AUCTIONID,CONTRACTID,direction,BIDPRICE,UNITS,cum_units
A202606,C2026Q3T12,QLDNSW,67458.35937,1,1
A202606,C2028Q1T06,VICTAS,66868,1,1
A202606,C2027Q2T09,QLDNSW,61152,1,1
A202606,C2026Q3T12,VICNSW,60003.75,1,1
A202606,C2028Q3T04,VICSA,60003.75,1,1
A202606,C2027Q3T08,VICSA,60003.75,1,1
A202606,C2026Q3T12,VICSA,60003.75,1,1
A202606,C2028Q3T04,VICNSW,60003.75,1,1
A202606,C2028Q3T04,QLDNSW,60003.75,1,1
A202606,C2027Q3T08,QLDNSW,60003.75,1,1
A202606,C2027Q3T08,VICNSW,60003.75,1,1
A202606,C2027Q3T08,QLDNSW,56304,2,3
A202606,C2028Q2T05,QLDNSW,56210.92188,1,1
A202606,C2027Q1T10,VICTAS,53974,2,2
A202606,C2026Q4T11,VICTAS,53135.2,15,15
A202606,C2026Q3T12,VICTAS,53135.2,30,30
A202606,C2028Q2T05,QLDNSW,50521,2,3
A202606,C2028Q1T06,VICTAS,50151,1,2
A202606,C2027Q3T08,QLDNSW,46920,3,6
A202606,C2027Q1T10,QLDNSW,44976.35938,1,1
A202606,C2028Q3T04,QLDNSW,44025,2,3
A202606,C2026Q4T11,QLDNSW,42751.80078,1,1
A202606,C2026Q3T12,QLDNSW,42673,5,6
A202606,C2029Q2T01,QLDNSW,42158,2,2
A202606,C2028Q2T05,QLDNSW,42101,4,7
A202606,C2027Q1T10,VICTAS,40480.5,2,4
A202606,C2027Q2T09,QLDNSW,40246,3,4
A202606,C2027Q4T07,NSWQLD,40002.5,1,1
A202606,C2026Q4T11,SAVIC,40002.5,1,1
A202606,C2026Q4T11,NSWQLD,40002.5,1,1
A202606,C2027Q4T07,SAVIC,40002.5,1,1
A202606,C2028Q4T03,SAVIC,40002.5,1,1
A202606,C2028Q4T03,NSWQLD,40002.5,1,1
A202606,C2027Q4T07,QLDNSW,38358,1,1
A202606,C2029Q1T02,TASVIC,38246.79,4,4
A202606,C2028Q1T06,QLDNSW,38200,1,1
A202606,C2028Q4T03,QLDNSW,38160.35938,1,1
A202606,C2029Q2T01,QLDNSW,37728.6,10,12
A202606,C2027Q3T08,QLDNSW,37536,2,8
A202606,C2028Q4T03,VICTAS,37032,1,1
A202606,C2026Q4T11,VICTAS,37024,3,18
A202606,C2028Q3T04,QLDNSW,36688,4,7
A202606,C2027Q4T07,VICTAS,36670,1,1
A202606,C2027Q3T08,VICTAS,36516,1,1
A202606,C2028Q3T04,VICTAS,36516,1,1
A202606,C2026Q3T12,VICTAS,36516,5,35
A202606,C2026Q3T12,QLDNSW,35560,9,15
A202606,C2027Q1T10,VICTAS,35418,1,5
A202606,C2029Q1T02,QLDNSW,35380.80078,1,1
A202606,C2029Q2T01,QLDNSW,35132,3,15
A202606,C2028Q2T05,TASVIC,34438,1,1
A202606,C2027Q2T09,TASVIC,34200,1,1
A202606,C2028Q2T05,QLDNSW,33681,2,9
A202606,C2027Q2T09,QLDNSW,33538,6,10
A202606,C2028Q1T06,VICTAS,33434,1,3
A202606,C2029Q2T01,QLDNSW,33201.17,10,25
A202606,C2027Q3T08,TASVIC,33020,1,1
A202606,C2028Q1T06,QLDNSW,32855,2,3
A202606,C2028Q3T04,TASVIC,32824,1,1
A202606,C2026Q3T12,TASVIC,32824,5,5
A202606,C2027Q1T10,VICTAS,32818.8,8,13
A202606,C2026Q4T11,VICTAS,32818.8,10,28
A202606,C2027Q1T10,VICSA,32754,1,1
A202606,C2029Q1T02,VICTAS,32640,4,4
A202606,C2028Q1T06,VICTAS,32502,4,7
A202606,C2027Q1T10,VICTAS,32502,4,17
A202606,C2026Q4T11,VICTAS,32017,4,32
A202606,C2027Q1T10,VICTAS,31876,1,18
A202606,C2028Q4T03,VICTAS,31739,4,5
A202606,C2027Q4T07,VICTAS,31324,4,5
A202606,C2028Q4T03,QLDNSW,31304,2,3
A202606,C2029Q2T01,QLDNSW,30182.88,10,35
A202606,C2027Q3T08,QLDNSW,30131,2,10
A202606,C2026Q3T12,VICNSW,30092,1,2
A202606,C2028Q1T06,VICTAS,30090.59961,1,8
A202606,C2027Q3T08,QLDNSW,30001.875,1,11
A202606,C2026Q3T12,QLDNSW,30001.875,1,16
A202606,C2027Q3T08,VICNSW,30001.875,1,2
A202606,C2028Q3T04,QLDNSW,30001.875,1,8
A202606,C2028Q3T04,VICSA,30001.875,1,2
A202606,C2028Q3T04,VICNSW,30001.875,1,2
A202606,C2026Q3T12,VICNSW,30001.875,1,3
A202606,C2026Q3T12,VICSA,30001.875,1,2
A202606,C2027Q3T08,VICSA,30001.875,1,2
A202606,C2028Q1T06,VICSA,29580,1,1
A202606,C2029Q1T02,QLDNSW,29484,2,3
A202606,C2028Q3T04,QLDNSW,29444,2,10
A202606,C2028Q2T05,VICTAS,29072,1,1
A202606,C2027Q2T09,VICTAS,29064,1,1
A202606,C2028Q3T04,QLDNSW,28938.6,10,20
A202606,C2027Q2T09,QLDNSW,28801.5,10,20
A202606,C2028Q3T04,QLDNSW,28704,15,35
A202606,C2029Q2T01,QLDNSW,28543.54313,10,45
A202606,C2026Q3T12,QLDNSW,28448,5,21
A202606,C2027Q1T10,QLDNSW,28350,6,7
A202606,C2027Q1T10,VICTAS,28334,1,19
A202606,C2029Q2T01,QLDNSW,28105,2,47
A202606,C2029Q2T01,QLDNSW,28000.5,1,48
A202606,C2029Q2T01,QLDNSW,27920.5,1,49
A202606,C2029Q2T01,QLDNSW,27840.5,1,50
A202606,C2028Q4T03,VICTAS,27774,1,6
A202606,C2026Q4T11,VICTAS,27768,3,35
A202606,C2029Q2T01,QLDNSW,27760.5,1,51
A202606,C2027Q3T08,QLDNSW,27738,10,21
A202606,C2029Q2T01,QLDNSW,27680.5,1,52
A202606,C2029Q2T01,QLDNSW,27600.5,1,53
A202606,C2029Q2T01,QLDNSW,27520.5,1,54
A202606,C2027Q4T07,VICTAS,27502.5,1,6
A202606,C2029Q2T01,QLDNSW,27440.5,1,55
A202606,C2026Q3T12,VICTAS,27387,5,40
A202606,C2028Q3T04,VICTAS,27387,1,2
A202606,C2027Q3T08,VICTAS,27387,1,2
A202606,C2028Q1T06,QLDNSW,27379,4,7
A202606,C2029Q2T01,QLDNSW,27360.5,1,56
A202606,C2027Q2T09,QLDNSW,27300,15,35
A202606,C2027Q1T10,VICSA,27295,2,3
A202606,C2029Q2T01,QLDNSW,27280.5,1,57
A202606,C2029Q2T01,QLDNSW,27200.5,1,58
A202606,C2029Q2T01,QLDNSW,27120.5,1,59
A202606,C2029Q2T01,QLDNSW,27040.5,1,60
A202606,C2029Q2T01,QLDNSW,27000,4,64
A202606,C2028Q3T04,QLDNSW,27000,4,39
A202606,C2027Q1T10,VICTAS,26987,2,21
A202606,C2029Q2T01,QLDNSW,26960.5,1,65
A202606,C2028Q2T05,QLDNSW,26944,2,11
A202606,C2029Q2T01,QLDNSW,26880.5,1,66
A202606,C2027Q2T09,QLDNSW,26850,4,39
A202606,C2027Q2T09,QLDNSW,26830,3,42
A202606,C2029Q2T01,QLDNSW,26800.5,1,67
A202606,C2028Q1T06,VICTAS,26747.19922,1,9
A202606,C2029Q2T01,QLDNSW,26720.5,1,68
A202606,C2028Q2T05,QLDNSW,26700,4,15
A202606,C2029Q2T01,QLDNSW,26640.5,1,69
A202606,C2029Q2T01,QLDNSW,26560.5,1,70
A202606,C2029Q2T01,QLDNSW,26480.5,1,71
A202606,C2029Q2T01,QLDNSW,26400.5,1,72
A202606,C2029Q2T01,QLDNSW,26320.5,1,73
A202606,C2027Q4T07,QLDNSW,26268,2,3
A202606,C2029Q2T01,QLDNSW,26240.5,1,74
A202606,C2029Q2T01,QLDNSW,26208,15,89
A202606,C2028Q2T05,QLDNSW,26208,15,30
A202606,C2029Q2T01,QLDNSW,26160.5,1,90
A202606,C2027Q1T10,QLDNSW,26121.42545,15,22
A202606,C2028Q4T03,QLDNSW,26086,4,7
A202606,C2029Q2T01,QLDNSW,26080.5,1,91
A202606,C2028Q1T06,NSWQLD,26078,1,1
A202606,C2028Q2T05,QLDNSW,26071.5,10,40
A202606,C2026Q3T12,VICSA,26032.32,15,17
A202606,C2029Q2T01,QLDNSW,25852.75,2,93
A202606,C2028Q2T05,TASVIC,25828.5,1,2
A202606,C2028Q2T05,QLDNSW,25816.87771,8,48
A202606,C2026Q3T12,QLDNSW,25689.19,11,32
A202606,C2027Q2T09,TASVIC,25650,1,2
A202606,C2028Q3T04,QLDNSW,25465.97,10,49
A202606,C2027Q2T09,QLDNSW,25345.32,10,52
A202606,C2027Q3T08,QLDNSW,25129,4,25
A202606,C2026Q3T12,VICNSW,25077,2,5
A202606,C2027Q2T09,QLDNSW,25039.44082,8,60
A202606,C2026Q3T12,TASVIC,25000,1,6
A202606,C2028Q1T06,VICTAS,25000,1,10
A202606,C2026Q3T12,VICTAS,25000,13,53
A202606,C2029Q2T01,VICTAS,25000,25,25
A202606,C2026Q4T11,VICTAS,25000,8,43
A202606,C2027Q1T10,VICTAS,25000,5,26
A202606,C2026Q3T12,VICTAS,24948,4,57
A202606,C2027Q3T08,VICNSW,24900,7,9
A202606,C2026Q3T12,TASVIC,24800,1,7
A202606,C2027Q1T10,VICTAS,24793,1,27
A202606,C2027Q3T08,TASVIC,24765,1,2
A202606,C2028Q3T04,VICNSW,24709,3,5
A202606,C2028Q1T06,VICSA,24650,1,2
A202606,C2028Q3T04,TASVIC,24618,1,2
A202606,C2026Q3T12,TASVIC,24618,5,12
A202606,C2026Q3T12,TASVIC,24600,1,13
A202606,C2029Q1T02,QLDNSW,24570,3,6
A202606,C2028Q1T06,VICTAS,24500,1,11
A202606,C2027Q3T08,QLDNSW,24409.44,10,35
A202606,C2026Q3T12,TASVIC,24400,1,14
A202606,C2028Q1T06,VICNSW,24323,3,3
A202606,C2027Q1T10,VICTAS,24288.30078,2,29
A202606,C2026Q3T12,QLDNSW,24288,15,47
A202606,C2026Q3T12,TASVIC,24200,1,15
A202606,C2029Q1T02,VICTAS,24154,8,12
A202606,C2028Q1T06,VICTAS,24051,8,19
A202606,C2027Q1T10,VICTAS,24051,8,37
A202606,C2026Q3T12,TASVIC,24000,1,16
A202606,C2028Q1T06,VICTAS,24000,1,20
A202606,C2029Q2T01,QLDNSW,23995.6,1,94
A202606,C2029Q2T01,QLDNSW,23862.6,1,95
A202606,C2026Q3T12,TASVIC,23800,1,17
A202606,C2027Q1T10,VICTAS,23750,5,42
A202606,C2029Q2T01,QLDNSW,23729.6,1,96
A202606,C2026Q4T11,VICTAS,23692,8,51
A202606,C2027Q1T10,QLDNSW,23625,13,35
A202606,C2028Q2T05,VICNSW,23607,4,4
A202606,C2028Q1T06,QLDNSW,23604.59508,10,17
A202606,C2026Q3T12,TASVIC,23600,1,18
A202606,C2029Q2T01,QLDNSW,23596.6,1,97
A202606,C2027Q2T09,QLDNSW,23509.28,17,77
A202606,C2028Q1T06,VICTAS,23500,1,21
A202606,C2028Q4T03,VICTAS,23487,8,14
A202606,C2028Q3T04,QLDNSW,23480,2,51
A202606,C2029Q2T01,QLDNSW,23463.6,1,98
A202606,C2028Q1T06,VICTAS,23403.80078,1,22
A202606,C2026Q3T12,TASVIC,23400,1,19
A202606,C2029Q2T01,QLDNSW,23330.6,1,99
A202606,C2028Q3T04,QLDNSW,23235.19,9,60
A202606,C2026Q4T11,VICNSW,23205.80078,1,1
A202606,C2026Q3T12,TASVIC,23200,1,20
A202606,C2029Q2T01,QLDNSW,23197.6,1,100
A202606,C2027Q3T08,QLDNSW,23184,15,50
A202606,C2027Q4T07,VICTAS,23179,8,14
A202606,C2028Q3T04,QLDNSW,23150.88,10,70
A202606,C2029Q2T01,QLDNSW,23064.6,1,101
A202606,C2027Q2T09,QLDNSW,23000.73,1,78
A202606,C2028Q1T06,VICTAS,23000,1,23
A202606,C2026Q3T12,TASVIC,23000,1,21
A202606,C2028Q3T04,QLDNSW,22990,1,71
A202606,C2028Q2T05,QLDNSW,22990,1,49
A202606,C2028Q2T05,QLDNSW,22942.92,10,59
A202606,C2029Q2T01,QLDNSW,22931.6,1,102
A202606,C2028Q2T05,QLDNSW,22924,1,60
A202606,C2028Q3T04,QLDNSW,22924,1,72
A202606,C2027Q2T09,QLDNSW,22920.73,1,79
A202606,C2028Q2T05,QLDNSW,22858,1,61
A202606,C2028Q3T04,QLDNSW,22858,1,73
A202606,C2027Q2T09,QLDNSW,22840.73,1,80
A202606,C2026Q3T12,QLDNSW,22834.84,12,59
A202606,C2027Q2T09,VICNSW,22803,6,6
A202606,C2026Q3T12,TASVIC,22800,1,22
A202606,C2029Q2T01,QLDNSW,22798.6,1,103
A202606,C2028Q3T04,QLDNSW,22792,1,74
A202606,C2028Q2T05,QLDNSW,22792,1,62
A202606,C2027Q2T09,QLDNSW,22760.73,1,81
A202606,C2026Q3T12,QLDNSW,22759,5,64
A202606,C2028Q2T05,QLDNSW,22726,1,63
A202606,C2028Q3T04,QLDNSW,22726,1,75
A202606,C2026Q4T11,QLDNSW,22688,9,10
A202606,C2027Q2T09,QLDNSW,22680.73,1,82
A202606,C2029Q2T01,QLDNSW,22665.6,1,104
A202606,C2028Q3T04,QLDNSW,22660,1,76
A202606,C2028Q2T05,QLDNSW,22660,1,64
A202606,C2027Q2T09,QLDNSW,22600.73,1,83
A202606,C2026Q3T12,TASVIC,22600,1,23
A202606,C2028Q2T05,QLDNSW,22594,1,65
A202606,C2028Q3T04,QLDNSW,22594,1,77
A202606,C2027Q1T10,VICSA,22550.43945,1,4
A202606,C2027Q3T08,QLDNSW,22535.5,9,59
A202606,C2029Q2T01,QLDNSW,22532.6,1,105
A202606,C2028Q3T04,QLDNSW,22528,1,78
A202606,C2028Q2T05,QLDNSW,22528,1,66
A202606,C2027Q2T09,QLDNSW,22520.73,1,84
A202606,C2027Q1T10,VICTAS,22500,5,47
A202606,C2028Q1T06,VICTAS,22500,1,24
A202606,C2027Q1T10,QLDNSW,22488.18,10,45
A202606,C2029Q2T01,QLDNSW,22484,2,107
A202606,C2028Q3T04,QLDNSW,22462,1,79
A202606,C2028Q2T05,QLDNSW,22462,1,67
A202606,C2028Q3T04,VICTAS,22453,4,6
A202606,C2027Q2T09,QLDNSW,22440.73,1,85
A202606,C2026Q3T12,TASVIC,22400,1,24
A202606,C2029Q2T01,QLDNSW,22399.6,1,108
A202606,C2028Q3T04,QLDNSW,22396,1,80
A202606,C2028Q2T05,QLDNSW,22396,1,68
A202606,C2027Q2T09,QLDNSW,22360.73,1,86
A202606,C2027Q2T09,QLDNSW,22345,3,89
A202606,C2027Q3T08,QLDNSW,22341,3,62
A202606,C2028Q2T05,QLDNSW,22330,1,69
A202606,C2028Q3T04,QLDNSW,22330,1,81
A202606,C2027Q2T09,QLDNSW,22280.73,1,90
A202606,C2029Q2T01,QLDNSW,22266.6,1,109
A202606,C2028Q3T04,QLDNSW,22264,1,82
A202606,C2028Q2T05,QLDNSW,22264,1,70
A202606,C2027Q2T09,QLDNSW,22200.73,1,91
A202606,C2026Q3T12,TASVIC,22200,1,25
A202606,C2028Q3T04,QLDNSW,22198,1,83
A202606,C2028Q2T05,QLDNSW,22198,1,71
A202606,C2028Q2T05,QLDNSW,22146,3,74
A202606,C2027Q2T09,QLDNSW,22146,3,94
A202606,C2029Q2T01,QLDNSW,22133.6,1,110
A202606,C2028Q2T05,QLDNSW,22132,1,75
A202606,C2028Q3T04,QLDNSW,22132,1,84
A202606,C2027Q2T09,QLDNSW,22120.73,1,95
A202606,C2028Q3T04,QLDNSW,22066,1,85
A202606,C2028Q2T05,QLDNSW,22066,1,76
A202606,C2027Q2T09,QLDNSW,22040.73,1,96
A202606,C2028Q3T04,QLDNSW,22035,1,86
A202606,C2028Q3T04,TASVIC,22000.98,5,7
A202606,C2027Q1T10,QLDNSW,22000,2,47
A202606,C2028Q1T06,VICTAS,22000,1,25
A202606,C2028Q2T05,QLDNSW,22000,3,79
A202606,C2026Q3T12,TASVIC,22000,1,26
A202606,C2028Q1T06,QLDNSW,21976.5,10,27
A202606,C2027Q2T09,QLDNSW,21960.73,1,97
A202606,C2026Q3T12,QLDNSW,21923.967,5,69
A202606,C2028Q1T06,QLDNSW,21903,2,29
A202606,C2027Q4T07,QLDNSW,21890,4,7
A202606,C2027Q2T09,QLDNSW,21880.73,1,98
A202606,C2027Q1T10,VICSA,21836,1,5
A202606,C2028Q2T05,VICTAS,21804,1,2
A202606,C2027Q2T09,QLDNSW,21800.73,1,99
A202606,C2026Q3T12,TASVIC,21800,1,27
A202606,C2027Q2T09,VICTAS,21798,1,2
A202606,C2028Q2T05,QLDNSW,21793,1,80
A202606,C2029Q2T01,QLDNSW,21793,1,111
A202606,C2027Q1T10,QLDNSW,21735,10,57
A202606,C2028Q1T06,NSWQLD,21732,2,3
A202606,C2029Q2T01,QLDNSW,21725,4,115
A202606,C2027Q2T09,QLDNSW,21720.73,1,100
A202606,C2027Q2T09,QLDNSW,21640.73,1,101
A202606,C2026Q3T12,TASVIC,21600,1,28
A202606,C2027Q1T10,VICTAS,21589.59961,2,49
A202606,C2027Q2T09,QLDNSW,21560.73,1,102
A202606,C2028Q3T04,QLDNSW,21500.37,6,92
A202606,C2028Q2T05,QLDNSW,21500.35,6,86
A202606,C2028Q1T06,VICTAS,21500,1,26
A202606,C2029Q2T01,QLDNSW,21496,10,125
A202606,C2027Q2T09,QLDNSW,21480.73,1,103
A202606,C2027Q2T09,QLDNSW,21476,10,113
A202606,C2027Q2T09,QLDNSW,21464,3,116
A202606,C2027Q2T09,QLDNSW,21403.2,3,119
A202606,C2027Q2T09,QLDNSW,21400.73,1,120
A202606,C2026Q3T12,TASVIC,21400,1,29
A202606,C2028Q3T04,QLDNSW,21344,10,102
A202606,C2026Q3T12,QLDNSW,21325,2,71
A202606,C2027Q2T09,QLDNSW,21320.73,1,121
A202606,C2028Q3T04,QLDNSW,21263.78,1,103
A202606,C2026Q3T12,VICTAS,21254.08,15,72
A202606,C2027Q1T10,VICTAS,21251,1,50
A202606,C2027Q1T10,VICTAS,21250,5,55
A202606,C2028Q2T05,QLDNSW,21244.14,11,97
A202606,C2027Q2T09,QLDNSW,21240.73,1,122
A202606,C2026Q3T12,TASVIC,21200,1,30
A202606,C2027Q2T09,QLDNSW,21160.73,1,123
A202606,C2027Q2T09,QLDNSW,21080.73,1,124
A202606,C2028Q2T05,QLDNSW,21079.09999,10,107
A202606,C2029Q2T01,QLDNSW,21030.24,1,126
A202606,C2028Q2T05,QLDNSW,21030.24,1,108
A202606,C2028Q3T04,TASVIC,21000.98,5,12
A202606,C2027Q2T09,QLDNSW,21000,5,129
A202606,C2027Q3T08,VICTAS,21000,4,6
A202606,C2026Q3T12,TASVIC,21000,1,31
A202606,C2028Q1T06,VICTAS,21000,1,27
A202606,C2028Q3T04,QLDNSW,21000,3,106
A202606,C2027Q3T08,VICTAS,20998,4,10
A202606,C2027Q1T10,QLDNSW,20988.97,10,67
A202606,C2027Q1T10,VICNSW,20988,4,4
A202606,C2027Q2T09,QLDNSW,20897.14,19,148
A202606,C2028Q4T03,QLDNSW,20869,2,9
A202606,C2029Q2T01,QLDNSW,20858,8,134
A202606,C2028Q3T04,QLDNSW,20858,8,114
A202606,C2028Q2T05,QLDNSW,20857.2,10,118
A202606,C2028Q3T04,QLDNSW,20850.37,6,120
A202606,C2028Q2T05,QLDNSW,20850.34999,6,124
A202606,C2026Q3T12,TASVIC,20800,1,32
A202606,C2026Q4T11,QLDNSW,20754.34365,15,25
A202606,C2027Q3T08,VICNSW,20750,13,22
A202606,C2027Q2T09,QLDNSW,20742,8,156
A202606,C2028Q3T04,QLDNSW,20741.81,10,130
A202606,C2027Q3T08,QLDNSW,20723.5,3,65
A202606,C2028Q3T04,QLDNSW,20653.5,10,140
A202606,C2028Q2T05,QLDNSW,20626,8,132
A202606,C2029Q1T02,QLDNSW,20605,10,16
A202606,C2026Q3T12,TASVIC,20600,1,33
A202606,C2028Q3T04,VICNSW,20591,7,12
A202606,C2026Q3T12,TASVIC,20557.2,25,58
A202606,C2028Q1T06,VICTAS,20500,1,28
A202606,C2028Q3T04,QLDNSW,20492.55,1,141
A202606,C2026Q3T12,TASVIC,20400,1,59
A202606,C2029Q2T01,QLDNSW,20384,10,144
A202606,C2028Q2T05,QLDNSW,20384,10,142
A202606,C2028Q4T03,QLDNSW,20358,2,11
A202606,C2028Q1T06,VICNSW,20269,6,9
A202606,C2028Q2T05,QLDNSW,20267.49,1,143
A202606,C2029Q2T01,QLDNSW,20267.49,1,145
A202606,C2029Q1T02,QLDNSW,20265,2,18
A202606,C2026Q3T12,VICTAS,20206,2,74
A202606,C2028Q3T04,QLDNSW,20200.37,6,147
A202606,C2028Q2T05,QLDNSW,20200.34999,6,149
A202606,C2026Q3T12,TASVIC,20200,1,60
A202606,C2027Q4T07,QLDNSW,20137.95,4,11
A202606,C2029Q2T01,QLDNSW,20080,10,155
A202606,C2026Q3T12,VICNSW,20061,1,6
A202606,C2028Q1T06,VICTAS,20060.40039,1,29
A202606,C2028Q4T03,QLDNSW,20034.18899,4,15
A202606,C2027Q3T08,QLDNSW,20031.56,10,75
A202606,C2028Q2T05,QLDNSW,20025.15,15,164
A202606,C2026Q3T12,QLDNSW,20010,17,88
A202606,C2028Q4T03,SAVIC,20001.25,1,2
A202606,C2028Q3T04,NSWVIC,20001.25,1,1
A202606,C2028Q3T04,QLDNSW,20001.25,1,148
A202606,C2027Q2T09,NSWQLD,20001.25,1,1
A202606,C2027Q2T09,SAVIC,20001.25,1,1
A202606,C2027Q1T10,SAVIC,20001.25,1,1
A202606,C2027Q3T08,NSWVIC,20001.25,1,1
A202606,C2027Q4T07,NSWQLD,20001.25,1,2
A202606,C2027Q4T07,SAVIC,20001.25,1,2
A202606,C2027Q3T08,VICNSW,20001.25,1,23
A202606,C2029Q1T02,VICSA,20001.25,1,1
A202606,C2029Q1T02,NSWVIC,20001.25,1,1
A202606,C2028Q4T03,VICNSW,20001.25,1,1
A202606,C2026Q3T12,VICSA,20001.25,1,18
A202606,C2026Q4T11,SAVIC,20001.25,1,2
A202606,C2026Q3T12,QLDNSW,20001.25,1,89
A202606,C2026Q3T12,NSWVIC,20001.25,1,1
A202606,C2026Q3T12,VICNSW,20001.25,1,7
A202606,C2028Q3T04,NSWQLD,20001.25,1,1
A202606,C2028Q2T05,NSWVIC,20001.25,1,1
A202606,C2028Q4T03,NSWQLD,20001.25,1,2
A202606,C2028Q3T04,VICNSW,20001.25,1,13
A202606,C2028Q3T04,SAVIC,20001.25,1,1
A202606,C2026Q4T11,NSWQLD,20001.25,1,2
A202606,C2028Q1T06,NSWVIC,20001.25,1,1
A202606,C2028Q3T04,VICSA,20001.25,1,3
A202606,C2028Q1T06,VICNSW,20001.25,1,10
A202606,C2028Q2T05,VICSA,20001.25,1,1
A202606,C2028Q2T05,SAVIC,20001.25,1,1
A202606,C2028Q2T05,VICNSW,20001.25,1,5
A202606,C2028Q2T05,NSWQLD,20001.25,1,1
A202606,C2028Q1T06,VICSA,20001.25,1,3
A202606,C2027Q2T09,VICSA,20001.25,1,1
A202606,C2027Q1T10,VICNSW,20001.25,1,5
A202606,C2027Q1T10,NSWVIC,20001.25,1,1
A202606,C2027Q2T09,VICNSW,20001.25,1,7
A202606,C2026Q3T12,NSWQLD,20001.25,1,1
A202606,C2027Q3T08,VICSA,20001.25,1,3
A202606,C2027Q3T08,NSWQLD,20001.25,1,1
A202606,C2027Q3T08,QLDNSW,20001.25,1,76
A202606,C2027Q3T08,SAVIC,20001.25,1,1
A202606,C2027Q2T09,NSWVIC,20001.25,1,1
A202606,C2028Q1T06,SAVIC,20001.25,1,1
A202606,C2027Q4T07,VICNSW,20001.25,1,1
A202606,C2029Q1T02,VICNSW,20001.25,1,1
A202606,C2029Q1T02,SAVIC,20001.25,1,1
A202606,C2026Q3T12,SAVIC,20001.25,1,1
A202606,C2028Q3T04,TASVIC,20000.98,5,17
A202606,C2026Q3T12,QLDNSW,20000.89,10,99
A202606,C2027Q2T09,QLDNSW,20000.75999,6,162
A202606,C2027Q1T10,VICTAS,20000,6,61
A202606,C2027Q2T09,VICTAS,20000,5,7
A202606,C2026Q4T11,VICTAS,20000,1,52
A202606,C2027Q4T07,VICTAS,20000,1,15
A202606,C2026Q3T12,QLDNSW,20000,10,109
A202606,C2027Q2T09,QLDNSW,20000,5,167
A202606,C2027Q1T10,VICTAS,20000,5,66
A202606,C2029Q1T02,VICTAS,20000,1,13
A202606,C2026Q3T12,QLDNSW,20000,2,111
A202606,C2027Q4T07,VICTAS,20000,4,19
A202606,C2027Q4T07,VICTAS,20000,1,20
A202606,C2028Q1T06,VICTAS,20000,1,30
A202606,C2026Q3T12,TASVIC,20000,7,67
A202606,C2027Q3T08,QLDNSW,20000,5,81
A202606,C2026Q3T12,QLDNSW,19980.49,13,124
A202606,C2029Q2T01,VICTAS,19889,4,29
A202606,C2027Q4T07,VICNSW,19875,7,8
A202606,C2027Q2T09,QLDNSW,19874.4,10,177
A202606,C2026Q3T12,QLDNSW,19872,2,126
A202606,C2026Q4T11,QLDNSW,19852,2,27
A202606,C2029Q1T02,VICTAS,19796,1,14
A202606,C2027Q3T08,VICSA,19731,1,4
A202606,C2028Q3T04,QLDNSW,19721.32,1,149
A202606,C2028Q1T06,VICSA,19720,1,4
A202606,C2028Q3T04,QLDNSW,19704.72,15,164
A202606,C2028Q2T05,QLDNSW,19673.822,3,167
A202606,C2028Q2T05,VICNSW,19672,7,12
A202606,C2029Q1T02,NSWQLD,19656,1,1
A202606,C2029Q1T02,QLDNSW,19656,2,20
A202606,C2026Q3T12,VICTAS,19606,2,76
A202606,C2027Q4T07,VICTAS,19600,1,21
A202606,C2026Q3T12,TASVIC,19600,7,74
A202606,C2029Q1T02,VICTAS,19584,12,26
A202606,C2026Q4T11,VICTAS,19565,1,53
A202606,C2028Q3T04,QLDNSW,19550.37,6,170
A202606,C2028Q2T05,QLDNSW,19550.34999,6,173
A202606,C2028Q2T05,QLDNSW,19504.74,1,174
A202606,C2029Q2T01,QLDNSW,19504.74,1,156
A202606,C2027Q3T08,QLDNSW,19504,10,91
A202606,C2028Q1T06,VICTAS,19501,12,42
A202606,C2027Q1T10,VICTAS,19501,12,78
A202606,C2028Q1T06,VICTAS,19500,3,45
A202606,C2029Q1T02,VICTAS,19500,1,27
A202606,C2027Q3T08,QLDNSW,19500,10,101
A202606,C2028Q1T06,VICTAS,19500,1,46
A202606,C2027Q1T10,QLDNSW,19489.75,10,77
A202606,C2028Q4T03,QLDNSW,19458,10,25
A202606,C2026Q4T11,QLDNSW,19458,8,35
A202606,C2026Q3T12,QLDNSW,19444.18999,3,129
A202606,C2027Q3T08,QLDNSW,19412,8,109
A202606,C2027Q2T09,VICTAS,19378.72,6,13
A202606,C2029Q1T02,VICTAS,19378.72,2,29
A202606,C2028Q3T04,VICTAS,19378.72,2,8
A202606,C2029Q2T01,VICTAS,19378.72,2,31
A202606,C2028Q2T05,VICTAS,19378.72,3,5
A202606,C2028Q4T03,VICTAS,19378.72,2,16
A202606,C2027Q3T08,VICTAS,19378.72,5,15
A202606,C2027Q4T07,VICTAS,19378.72,4,25
A202606,C2028Q1T06,VICTAS,19378.72,3,49
A202606,C2028Q1T06,QLDNSW,19339.32,10,39
A202606,C2027Q1T10,QLDNSW,19288,1,78
A202606,C2027Q3T08,QLDNSW,19243.25,10,119
A202606,C2026Q4T11,VICTAS,19210,12,65
A202606,C2026Q3T12,TASVIC,19200,7,81
A202606,C2027Q4T07,VICTAS,19200,1,26
A202606,C2026Q3T12,VICTAS,19158,1,77
A202606,C2027Q1T10,QLDNSW,19126.8,10,88
A202606,C2028Q1T06,QLDNSW,19100,10,49
A202606,C2028Q4T03,VICTAS,19044,12,28
A202606,C2027Q2T09,VICNSW,19003,11,18
A202606,C2028Q3T04,TASVIC,19000.98,5,22
A202606,C2026Q3T12,QLDNSW,19000.89,10,139
A202606,C2028Q1T06,VICTAS,19000,1,50
A202606,C2027Q4T07,VICTAS,19000,1,27
A202606,C2027Q3T08,QLDNSW,19000,5,124
A202606,C2026Q3T12,QLDNSW,19000,5,144
A202606,C2028Q2T05,VICTAS,19000,3,8
A202606,C2029Q1T02,VICTAS,19000,1,30
A202606,C2028Q2T05,QLDNSW,18971.18999,15,189
A202606,C2028Q3T04,QLDNSW,18950.09999,1,171
A202606,C2026Q4T11,VICTAS,18913,2,67
A202606,C2026Q4T11,QLDNSW,18907,18,53
A202606,C2028Q3T04,QLDNSW,18900.37,6,177
A202606,C2028Q2T05,QLDNSW,18900.34999,6,195
A202606,C2027Q1T10,QLDNSW,18900,6,94
A202606,C2027Q1T10,VICTAS,18890.90039,2,80
A202606,C2028Q2T05,QLDNSW,18883.68,12,207
A202606,C2027Q1T10,QLDNSW,18805.8,1,95
A202606,C2027Q2T09,QLDNSW,18800.75999,6,183
A202606,C2026Q3T12,TASVIC,18800,7,88
A202606,C2027Q4T07,VICTAS,18800,1,28
A202606,C2027Q4T07,VICTAS,18794,12,40
A202606,C2028Q1T06,QLDNSW,18775,2,51
A202606,C2028Q4T03,VICNSW,18755,3,4
A202606,C2027Q1T10,VICTAS,18750,5,85
A202606,C2029Q2T01,QLDNSW,18741.98,1,157
A202606,C2028Q2T05,QLDNSW,18741.98,1,208
A202606,C2027Q2T09,QLDNSW,18727.8,15,198
A202606,C2026Q3T12,VICTAS,18708,2,79
A202606,C2027Q1T10,QLDNSW,18678.91,17,112
A202606,C2028Q3T04,QLDNSW,18667.63,15,192
A202606,C2029Q2T01,QLDNSW,18664,10,167
A202606,C2027Q2T09,QLDNSW,18564,20,218
A202606,C2026Q3T12,QLDNSW,18551.05,10,154
A202606,C2027Q3T08,QLDNSW,18550,10,134
A202606,C2029Q2T01,QLDNSW,18544.5,11,178
A202606,C2028Q4T03,VICTAS,18516,1,29
A202606,C2026Q4T11,VICTAS,18512,3,70
A202606,C2028Q1T06,VICTAS,18500,1,51
A202606,C2028Q3T04,VICTAS,18500,3,11
A202606,C2029Q1T02,VICTAS,18500,1,31
A202606,C2026Q3T12,VICTAS,18462,8,87
A202606,C2027Q3T08,QLDNSW,18423,4,138
A202606,C2028Q2T05,QLDNSW,18412,4,212
A202606,C2026Q3T12,TASVIC,18400,7,95
A202606,C2027Q4T07,VICTAS,18400,1,41
A202606,C2028Q1T06,VICTAS,18388.69921,1,52
A202606,C2027Q4T07,VICTAS,18335,1,42
A202606,C2027Q1T10,QLDNSW,18323.59999,1,113
A202606,C2028Q2T05,VICTAS,18295,4,12
A202606,C2027Q2T09,QLDNSW,18285,21,239
A202606,C2029Q2T01,QLDNSW,18268.549,5,183
A202606,C2026Q4T11,VICTAS,18261,1,71
A202606,C2026Q3T12,VICTAS,18258,5,92
A202606,C2027Q3T08,VICTAS,18258,1,16
A202606,C2028Q3T04,VICTAS,18258,1,12
A202606,C2028Q3T04,QLDNSW,18250.37,6,198
A202606,C2028Q2T05,QLDNSW,18250.34999,6,218
A202606,C2027Q3T08,VICTAS,18248,1,17
A202606,C2027Q1T10,QLDNSW,18207,5,118
A202606,C2028Q1T06,QLDNSW,18199,1,52
A202606,C2028Q3T04,QLDNSW,18178.88,1,199
A202606,C2027Q3T08,QLDNSW,18133.06,15,153
A202606,C2026Q3T12,QLDNSW,18121,1,155
A202606,C2026Q3T12,VICTAS,18110,2,94
A202606,C2027Q2T09,VICTAS,18087,4,17
A202606,C2027Q4T07,QLDNSW,18078,10,21
A202606,C2028Q3T04,QLDNSW,18071.81,11,210
A202606,C2026Q3T12,QLDNSW,18044.5,4,159
A202606,C2028Q3T04,TASVIC,18000.98,5,27
A202606,C2026Q3T12,QLDNSW,18000.89,10,169
A202606,C2027Q3T08,TASVIC,18000.09,1,3
A202606,C2028Q1T06,VICTAS,18000,1,53
A202606,C2027Q4T07,VICTAS,18000,1,43
A202606,C2027Q4T07,VICTAS,18000,1,44
A202606,C2029Q1T02,VICTAS,18000,2,33
A202606,C2029Q1T02,VICTAS,18000,1,34
A202606,C2026Q3T12,TASVIC,18000,7,102
A202606,C2028Q4T03,VICTAS,18000,2,31
A202606,C2027Q1T10,QLDNSW,17990.544,5,123
A202606,C2027Q1T10,QLDNSW,17990.54,15,138
A202606,C2029Q2T01,QLDNSW,17979.22,1,184
A202606,C2028Q2T05,QLDNSW,17979.22,1,219
A202606,C2028Q3T04,QLDNSW,17976.231,5,215
A202606,C2027Q1T10,TASVIC,17962.02,16,16
A202606,C2028Q2T05,QLDNSW,17917.24,15,234
A202606,C2027Q2T09,TASVIC,17868.0124,5,7
A202606,C2026Q3T12,QLDNSW,17849.18999,1,170
A202606,C2027Q1T10,QLDNSW,17841.4,1,139
A202606,C2028Q1T06,QLDNSW,17826.66999,10,62
A202606,C2026Q4T11,VICTAS,17826,1,72
A202606,C2027Q3T08,TASVIC,17800.09,1,4
A202606,C2028Q2T05,VICTAS,17773,1,13
A202606,C2027Q3T08,VICTAS,17768,1,18
A202606,C2027Q1T10,VICTAS,17709,1,86
A202606,C2026Q3T12,QLDNSW,17707.82,10,180
A202606,C2027Q3T08,QLDNSW,17664,20,173
A202606,C2028Q4T03,QLDNSW,17664,15,40
A202606,C2028Q3T04,QLDNSW,17664,20,235
A202606,C2026Q3T12,QLDNSW,17664,5,185
A202606,C2026Q3T12,VICTAS,17661,1,95
A202606,C2028Q3T04,QLDNSW,17630.53,15,250
A202606,C2027Q2T09,VICSA,17625,1,2
A202606,C2027Q2T09,QLDNSW,17600.75999,6,245
A202606,C2028Q3T04,QLDNSW,17600.37,6,256
A202606,C2028Q2T05,QLDNSW,17600.34999,6,240
A202606,C2027Q3T08,TASVIC,17600.09,1,5
A202606,C2027Q4T07,VICTAS,17600,1,45
A202606,C2027Q3T08,QLDNSW,17600,10,183
A202606,C2026Q3T12,TASVIC,17600,7,109
A202606,C2028Q1T06,QLDNSW,17581.2,10,72
A202606,C2027Q2T09,QLDNSW,17581.2,15,260
A202606,C2026Q3T12,QLDNSW,17577.37,1,186
A202606,C2028Q1T06,QLDNSW,17562.04,1,73
A202606,C2029Q2T01,QLDNSW,17550,12,196
A202606,C2028Q3T04,QLDNSW,17550,12,268
A202606,C2027Q3T08,QLDNSW,17527.62,11,194
A202606,C2028Q1T06,QLDNSW,17522,2,75
A202606,C2027Q4T07,QLDNSW,17512,2,23
A202606,C2027Q4T07,QLDNSW,17510,2,25
A202606,C2026Q3T12,VICNSW,17500,10,17
A202606,C2027Q1T10,VICTAS,17500,5,91
A202606,C2029Q1T02,VICTAS,17500,1,35
A202606,C2028Q1T06,VICTAS,17500,1,54
A202606,C2026Q4T11,VICTAS,17500,3,75
A202606,C2027Q1T10,VICNSW,17490,8,13
A202606,C2029Q2T01,QLDNSW,17472,20,216
A202606,C2028Q2T05,QLDNSW,17472,20,260
A202606,C2027Q1T10,VICSA,17469,1,6
A202606,C2027Q2T09,QLDNSW,17452,12,272
A202606,C2028Q3T04,QLDNSW,17407.65,1,269
A202606,C2027Q3T08,TASVIC,17400.09,1,6
A202606,C2027Q4T07,VICSA,17400,1,1
A202606,C2026Q4T11,VICTAS,17391,1,76
A202606,C2028Q1T06,NSWQLD,17385,1,4
A202606,C2026Q3T12,QLDNSW,17373.46,5,191
A202606,C2027Q1T10,QLDNSW,17359.2,1,140
A202606,C2028Q2T05,QLDNSW,17355,12,272
A202606,C2026Q3T12,QLDNSW,17305.56,1,192
A202606,C2027Q2T09,QLDNSW,17300,1,273
A202606,C2027Q3T08,VICTAS,17288,1,19
A202606,C2026Q3T12,VICNSW,17276,2,19
A202606,C2028Q2T05,VICSA,17255,1,2
A202606,C2026Q3T12,VICNSW,17250.68999,10,29
A202606,C2029Q2T01,QLDNSW,17248,10,226
A202606,C2028Q2T05,TASVIC,17219,1,3
A202606,C2028Q2T05,QLDNSW,17216.47,1,273
A202606,C2029Q2T01,QLDNSW,17216.47,1,227
A202606,C2026Q3T12,VICTAS,17212,2,97
A202606,C2027Q3T08,TASVIC,17200.09,1,7
A202606,C2026Q3T12,TASVIC,17200,7,116
A202606,C2026Q4T11,VICTAS,17200,3,79
A202606,C2027Q4T07,VICTAS,17200,1,46
A202606,C2027Q4T07,QLDNSW,17156,3,28
A202606,C2028Q2T05,VICTAS,17138,1,14
A202606,C2026Q4T11,QLDNSW,17123.04,10,63
A202606,C2028Q4T03,QLDNSW,17123.04,10,50
A202606,C2026Q4T11,QLDNSW,17100.72,5,68
A202606,C2026Q4T11,QLDNSW,17100.72,5,73
A202606,C2027Q2T09,TASVIC,17100,1,8
A202606,C2028Q3T04,QLDNSW,17070.26249,8,277
A202606,C2026Q3T12,QLDNSW,17033.74,1,193
A202606,C2027Q3T08,QLDNSW,17022.88,15,209
A202606,C2028Q3T04,TASVIC,17000.98,5,32
A202606,C2026Q3T12,QLDNSW,17000.89,10,203
A202606,C2027Q3T08,TASVIC,17000.09,1,8
A202606,C2028Q1T06,VICTAS,17000,1,55
A202606,C2027Q4T07,VICTAS,17000,1,47
A202606,C2029Q1T02,VICTAS,17000,1,36
A202606,C2027Q1T10,QLDNSW,16995,4,144
A202606,C2027Q4T07,VICTAS,16973.50393,20,67
A202606,C2026Q4T11,VICTAS,16957,1,80
A202606,C2028Q3T04,QLDNSW,16950.37,6,283
A202606,C2028Q2T05,QLDNSW,16950.34999,6,279
A202606,C2028Q1T06,QLDNSW,16925.07,1,76
A202606,C2026Q4T11,VICTAS,16900,3,83
A202606,C2027Q1T10,QLDNSW,16877,1,145
A202606,C2027Q1T10,QLDNSW,16866.14,15,160
A202606,C2026Q3T12,QLDNSW,16864.59,10,213
A202606,C2028Q2T05,QLDNSW,16863.28,15,294
A202606,C2029Q2T01,QLDNSW,16863.28,5,232
A202606,C2027Q3T08,VICTAS,16807,1,20
A202606,C2026Q4T11,QLDNSW,16803,2,75
A202606,C2027Q3T08,TASVIC,16800.09,1,9
A202606,C2026Q3T12,TASVIC,16800,7,123
A202606,C2027Q4T07,VICTAS,16800,1,68
A202606,C2026Q3T12,QLDNSW,16761.91999,1,214
A202606,C2026Q3T12,VICTAS,16750,35,132
A202606,C2026Q4T11,VICTAS,16750,18,101
A202606,C2027Q1T10,VICTAS,16750,11,102
A202606,C2028Q4T03,QLDNSW,16695,2,52
A202606,C2027Q2T09,QLDNSW,16694.5,1,274
A202606,C2028Q4T03,VICTAS,16664.40039,1,32
A202606,C2026Q4T11,VICTAS,16660.80078,3,104
A202606,C2027Q3T08,QLDNSW,16650,10,219
A202606,C2028Q3T04,QLDNSW,16636.41999,1,284
A202606,C2026Q3T12,VICNSW,16623.07407,10,39
A202606,C2028Q3T04,VICTAS,16615,8,20
A202606,C2026Q3T12,VICTAS,16614,2,134
A202606,C2027Q1T10,QLDNSW,16603.48,19,179
A202606,C2027Q3T08,TASVIC,16600.09,1,10
A202606,C2026Q4T11,VICTAS,16600,3,107
A202606,C2027Q3T08,VICNSW,16600,7,30
A202606,C2028Q3T04,QLDNSW,16593.43999,15,299
A202606,C2026Q3T12,VICSA,16583.61756,10,28
A202606,C2027Q4T07,QLDNSW,16566.03957,10,38
A202606,C2027Q4T07,VICNSW,16563,14,22
A202606,C2028Q1T06,QLDNSW,16553.33,10,86
A202606,C2028Q2T05,QLDNSW,16523.22,13,307
A202606,C2027Q3T08,TASVIC,16510,1,11
A202606,C2028Q2T05,VICTAS,16504,1,15
A202606,C2027Q4T07,VICTAS,16501.5,1,69
A202606,C2026Q3T12,VICNSW,16500.25999,2,41
A202606,C2026Q3T12,VICSA,16500.07,1,29
A202606,C2029Q1T02,VICTAS,16500,1,37
A202606,C2028Q1T06,VICTAS,16500,1,56
A202606,C2026Q3T12,QLDNSW,16490.11,1,215
A202606,C2027Q2T09,QLDNSW,16484.52,5,279
A202606,C2029Q2T01,QLDNSW,16484,12,244
A202606,C2028Q3T04,VICNSW,16473,3,16
A202606,C2029Q2T01,QLDNSW,16453.72,1,245
A202606,C2028Q2T05,QLDNSW,16453.72,1,308
A202606,C2026Q3T12,VICSA,16449.59999,4,33
A202606,C2027Q3T08,VICSA,16443,1,5
A202606,C2026Q3T12,VICNSW,16440.25999,2,43
A202606,C2026Q3T12,VICSA,16440.07,1,34
A202606,C2027Q2T09,QLDNSW,16434.59999,15,294
A202606,C2026Q3T12,VICTAS,16432.19921,5,139
A202606,C2028Q3T04,VICTAS,16432.19921,1,21
A202606,C2027Q3T08,VICTAS,16432.19921,1,21
A202606,C2026Q3T12,TASVIC,16412,5,128
A202606,C2028Q3T04,TASVIC,16412,1,33
A202606,C2027Q2T09,QLDNSW,16400.75999,6,300
A202606,C2027Q3T08,TASVIC,16400.09,1,12
A202606,C2026Q3T12,TASVIC,16400,7,135
A202606,C2027Q4T07,VICTAS,16400,1,70
A202606,C2029Q2T01,QLDNSW,16394.84999,5,250
A202606,C2027Q1T10,QLDNSW,16394.8,1,180
A202606,C2026Q3T12,VICNSW,16380.26,2,45
A202606,C2026Q3T12,VICSA,16380.07,1,35
A202606,C2029Q1T02,NSWQLD,16380,2,3
A202606,C2027Q3T08,QLDNSW,16347,1,220
A202606,C2029Q1T02,QLDNSW,16335,10,30
A202606,C2027Q3T08,QLDNSW,16334,12,232
A202606,C2027Q3T08,VICTAS,16327,1,22
A202606,C2026Q3T12,VICNSW,16320.26,2,47
A202606,C2026Q3T12,VICSA,16320.07,1,36
A202606,C2026Q3T12,QLDNSW,16309.79625,10,225
A202606,C2026Q4T11,VICTAS,16304,2,109
A202606,C2027Q4T07,QLDNSW,16302.15,5,43
A202606,C2028Q3T04,QLDNSW,16300.37,6,305
A202606,C2028Q2T05,QLDNSW,16300.35,6,314
A202606,C2026Q4T11,VICTAS,16300,3,112
A202606,C2028Q1T06,QLDNSW,16288.1,1,87
A202606,C2026Q3T12,VICNSW,16260.26,2,49
A202606,C2026Q3T12,VICSA,16260.07,1,37
A202606,C2027Q1T10,VICTAS,16250,5,107
A202606,C2029Q2T01,TASVIC,16248.85,4,4
A202606,C2028Q1T06,QLDNSW,16235,5,92
A202606,C2026Q3T12,QLDNSW,16218.3,1,226
A202606,C2028Q4T03,QLDNSW,16218.153,5,57
A202606,C2028Q2T05,VICSA,16216.2,4,6
A202606,C2028Q1T06,VICNSW,16215,3,13
A202606,C2026Q3T12,VICNSW,16200.26,2,51
A202606,C2027Q3T08,TASVIC,16200.09,1,13
A202606,C2026Q3T12,VICSA,16200.07,1,38
A202606,C2027Q1T10,VICTAS,16192.2002,2,109
A202606,C2028Q4T03,QLDNSW,16192,10,67
A202606,C2028Q4T03,QLDNSW,16180.55064,10,77
A202606,C2026Q3T12,VICNSW,16140.26,2,53
A202606,C2026Q3T12,VICSA,16140.07,1,39
A202606,C2028Q3T04,VICSA,16130,1,4
A202606,C2027Q2T09,QLDNSW,16089,1,301
A202606,C2026Q3T12,VICNSW,16080.26,2,55
A202606,C2026Q3T12,VICSA,16080.07,1,40
A202606,C2026Q3T12,VICNSW,16049,1,56
A202606,C2026Q3T12,QLDNSW,16021.36,10,236
A202606,C2026Q3T12,VICNSW,16020.26,2,58
A202606,C2026Q3T12,VICSA,16020.07,1,41
A202606,C2026Q3T12,VICTAS,16014,2,141
A202606,C2028Q3T04,TASVIC,16000.98,5,38
A202606,C2026Q3T12,QLDNSW,16000.89,10,246
A202606,C2027Q3T08,TASVIC,16000.09,1,14
A202606,C2029Q1T02,VICTAS,16000,1,38
A202606,C2026Q3T12,TASVIC,16000,7,142
A202606,C2028Q1T06,VICTAS,16000,1,57
A202606,C2027Q4T07,VICTAS,16000,1,71
A202606,C2027Q4T07,VICTAS,16000,1,72
A202606,C2026Q4T11,VICTAS,16000,3,115
A202606,C2026Q3T12,VICNSW,15960.26,2,60
A202606,C2026Q3T12,VICSA,15960.07,1,42
A202606,C2026Q3T12,QLDNSW,15946.48,1,247
A202606,C2029Q2T01,QLDNSW,15926.43,5,255
A202606,C2027Q3T08,QLDNSW,15912.69,15,247
A202606,C2027Q1T10,QLDNSW,15912.6,1,181
A202606,C2027Q4T07,QLDNSW,15908.64,10,53
A202606,C2026Q3T12,VICNSW,15900.26,2,62
A202606,C2026Q3T12,VICSA,15900.07,1,43
A202606,C2028Q2T05,VICTAS,15869,1,16
A202606,C2028Q3T04,QLDNSW,15865.2,1,306
A202606,C2027Q3T08,VICTAS,15847,1,23
A202606,C2026Q3T12,VICNSW,15840.26,2,64
A202606,C2026Q3T12,VICSA,15840.07,1,44
A202606,C2029Q2T01,QLDNSW,15832,10,265
A202606,C2027Q3T08,TASVIC,15800.09,1,15
A202606,C2028Q2T05,QLDNSW,15796.23,5,319
A202606,C2026Q3T12,VICNSW,15780.26,2,66
A202606,C2026Q3T12,VICSA,15780.07,1,45
A202606,C2028Q1T06,VICSA,15776,1,5
A202606,C2027Q3T08,QLDNSW,15774.86,1,248
A202606,C2028Q2T05,VICNSW,15738,4,16
A202606,C2028Q4T03,QLDNSW,15727,4,81
A202606,C2029Q1T02,QLDNSW,15725,2,32
A202606,C2026Q3T12,VICNSW,15720.26,2,68
A202606,C2026Q3T12,VICSA,15720.07,1,46
A202606,C2026Q4T11,VICTAS,15700,3,118
A202606,C2027Q3T08,QLDNSW,15700,10,258
A202606,C2028Q2T05,QLDNSW,15690.96,1,320
A202606,C2029Q2T01,QLDNSW,15690.96,1,266
A202606,C2026Q4T11,QLDNSW,15675.66,5,80
A202606,C2026Q3T12,QLDNSW,15674.66,1,248
A202606,C2026Q3T12,VICNSW,15660.26,2,70
A202606,C2026Q3T12,VICSA,15660.07,1,47
A202606,C2029Q1T02,QLDNSW,15655,4,36
A202606,C2026Q4T11,VICTAS,15652,1,119
A202606,C2028Q1T06,QLDNSW,15651.14,1,93
A202606,C2028Q3T04,QLDNSW,15650.37,6,312
A202606,C2028Q2T05,QLDNSW,15650.35,6,326
A202606,C2028Q4T03,VICNSW,15629,7,11
A202606,C2028Q2T05,VICTAS,15628,3,19
A202606,C2029Q2T01,VICTAS,15628,2,33
A202606,C2028Q4T03,VICTAS,15628,2,34
A202606,C2027Q1T10,VICTAS,15628,8,117
A202606,C2027Q3T08,VICTAS,15628,5,28
A202606,C2026Q4T11,VICTAS,15628,12,131
A202606,C2026Q3T12,VICTAS,15628,25,166
A202606,C2027Q2T09,VICTAS,15628,6,23
A202606,C2029Q1T02,VICTAS,15628,2,40
A202606,C2028Q1T06,VICTAS,15628,3,60
A202606,C2027Q4T07,VICTAS,15628,4,76
A202606,C2028Q3T04,VICTAS,15628,2,23
A202606,C2026Q3T12,VICNSW,15600.26,2,72
A202606,C2027Q3T08,TASVIC,15600.09,1,16
A202606,C2026Q3T12,VICSA,15600.07,1,48
A202606,C2027Q4T07,VICTAS,15600,1,77
A202606,C2026Q3T12,TASVIC,15600,7,149
A202606,C2028Q4T03,QLDNSW,15566.4,10,91
A202606,C2026Q3T12,VICNSW,15551,1,73
A202606,C2026Q3T12,VICNSW,15540.26,2,75
A202606,C2026Q3T12,VICSA,15540.07,1,49
A202606,C2027Q3T08,VICTAS,15538,8,36
A202606,C2027Q3T08,TASVIC,15501.66909,24,40
A202606,C2028Q1T06,VICTAS,15500,1,61
A202606,C2029Q1T02,VICTAS,15500,1,41
A202606,C2028Q2T05,TASVIC,15497.09961,1,4
A202606,C2027Q2T09,QLDNSW,15483.5,1,302
A202606,C2026Q3T12,VICNSW,15480.26,2,77
A202606,C2026Q3T12,VICSA,15480.07,1,50
A202606,C2029Q2T01,QLDNSW,15458,5,271
A202606,C2028Q4T03,QLDNSW,15456,20,111
A202606,C2026Q3T12,QLDNSW,15450,4,252
A202606,C2027Q1T10,QLDNSW,15430.4,1,182
A202606,C2026Q3T12,VICNSW,15420.26,2,79
A202606,C2026Q3T12,VICSA,15420.07,1,51
A202606,C2027Q3T08,QLDNSW,15419.9766,8,266
A202606,C2026Q4T11,TASVIC,15417.9,7,7
A202606,C2026Q3T12,VICTAS,15416,2,168
A202606,C2026Q3T12,QLDNSW,15402.85,1,253
A202606,C2027Q3T08,TASVIC,15400.09,1,41
A202606,C2026Q4T11,VICTAS,15400,3,134
A202606,C2027Q2T09,TASVIC,15390,1,9
A202606,C2027Q3T08,VICTAS,15367,1,37
A202606,C2028Q4T03,QLDNSW,15363.24,9,120
A202606,C2026Q3T12,VICNSW,15360.26,2,81
A202606,C2026Q3T12,VICSA,15360.07,1,52
A202606,C2027Q4T07,QLDNSW,15343.2,5,58
A202606,C2028Q1T06,QLDNSW,15342.03,4,97
A202606,C2028Q4T03,QLDNSW,15330.06,4,124
A202606,C2026Q3T12,VICNSW,15300.26,2,83
A202606,C2026Q3T12,VICSA,15300.07,1,53
A202606,C2027Q2T09,QLDNSW,15288,15,317
A202606,C2028Q1T06,QLDNSW,15280,15,112
A202606,C2027Q1T10,QLDNSW,15264.72,5,187
A202606,C2026Q3T12,VICSA,15248.8,1,54
A202606,C2028Q1T06,QLDNSW,15241,3,115
A202606,C2026Q3T12,VICNSW,15240.26,2,85
A202606,C2026Q3T12,VICSA,15240.07,1,55
A202606,C2028Q2T05,VICTAS,15234,1,20
A202606,C2026Q4T11,VICTAS,15217,1,135
A202606,C2027Q3T08,QLDNSW,15202.71,1,267
A202606,C2027Q2T09,VICNSW,15202,6,24
A202606,C2027Q2T09,QLDNSW,15200.76,6,323
A202606,C2027Q3T08,TASVIC,15200.09,1,42
A202606,C2026Q3T12,TASVIC,15200,7,156
A202606,C2027Q4T07,VICTAS,15200,1,78
A202606,C2026Q3T12,VICNSW,15180.26,2,87
A202606,C2026Q3T12,VICSA,15180.07,1,56
A202606,C2027Q1T10,QLDNSW,15179.53,15,202
A202606,C2026Q3T12,QLDNSW,15178.131,5,258
A202606,C2026Q3T12,QLDNSW,15178.13,10,268
A202606,C2026Q3T12,VICNSW,15133,1,88
A202606,C2026Q3T12,QLDNSW,15131.04,1,269
A202606,C2026Q4T11,QLDNSW,15125,9,89
A202606,C2026Q3T12,VICNSW,15120.26,2,90
A202606,C2026Q3T12,VICSA,15120.07,1,57
A202606,C2027Q1T10,QLDNSW,15120,6,208
A202606,C2026Q4T11,VICTAS,15100,3,138
A202606,C2028Q3T04,QLDNSW,15093.97,1,313
A202606,C2026Q3T12,VICNSW,15084.47,1,91
A202606,C2026Q3T12,VICNSW,15075.27037,5,96
A202606,C2026Q3T12,VICNSW,15060.26,2,98
A202606,C2026Q3T12,VICSA,15060.07,1,58
A202606,C2028Q1T06,QLDNSW,15014.18,1,116
A202606,C2029Q1T02,VICSA,15005,1,2
A202606,C2026Q3T12,VICNSW,15003,8,106
A202606,C2027Q4T07,VICNSW,15003,8,30
A202606,C2028Q3T04,QLDNSW,15003,10,323
A202606,C2029Q2T01,QLDNSW,15003,10,281
A202606,C2026Q3T12,VICSA,15001,6,64
A202606,C2028Q3T04,TASVIC,15000.98,5,43
A202606,C2026Q3T12,VICNSW,15000.9375,1,107
A202606,C2028Q3T04,VICSA,15000.9375,1,5
A202606,C2028Q3T04,VICNSW,15000.9375,1,17
A202606,C2027Q3T08,VICSA,15000.9375,1,6
A202606,C2027Q3T08,QLDNSW,15000.9375,1,268
A202606,C2028Q3T04,QLDNSW,15000.9375,1,324
A202606,C2027Q3T08,VICNSW,15000.9375,1,31
A202606,C2026Q3T12,VICSA,15000.9375,1,65
A202606,C2026Q3T12,QLDNSW,15000.9375,1,270
A202606,C2026Q3T12,QLDNSW,15000.89,10,280
A202606,C2028Q4T03,VICTAS,15000.65,1,35
A202606,C2027Q3T08,TASVIC,15000.09,1,43
A202606,C2028Q1T06,VICTAS,15000,1,62
A202606,C2029Q1T02,QLDNSW,15000,4,40
A202606,C2026Q3T12,QLDNSW,15000,11,291
A202606,C2029Q1T02,QLDNSW,15000,1,41
A202606,C2029Q1T02,VICTAS,15000,1,42
A202606,C2027Q2T09,VICTAS,15000,1,24
A202606,C2027Q4T07,VICTAS,15000,1,79
A202606,C2028Q1T06,QLDNSW,15000,5,121
A202606,C2027Q1T10,QLDNSW,15000,4,212
A202606,C2027Q1T10,VICTAS,15000,5,122
A202606,C2028Q2T05,VICTAS,15000,1,21
A202606,C2028Q4T03,QLDNSW,14990.25,1,125
A202606,C2027Q1T10,QLDNSW,14990.07,1,213
A202606,C2026Q3T12,VICTAS,14969,12,180
A202606,C2026Q3T12,VICTAS,14967,1,181
A202606,C2026Q3T12,VICSA,14961.24,3,68
A202606,C2027Q1T10,NSWQLD,14956.431,2,2
A202606,C2026Q3T12,VICNSW,14954,1,108
A202606,C2027Q1T10,QLDNSW,14948.2,1,214
A202606,C2028Q2T05,QLDNSW,14928.2,1,327
A202606,C2029Q2T01,QLDNSW,14928.2,1,282
A202606,C2028Q4T03,QLDNSW,14924.25,1,126
A202606,C2027Q1T10,QLDNSW,14924.07,1,215
A202606,C2028Q1T06,QLDNSW,14909.44,11,132
A202606,C2027Q2T09,TASVIC,14890.01034,5,14
A202606,C2027Q3T08,VICTAS,14887,1,38
A202606,C2027Q2T09,QLDNSW,14878,1,324
A202606,C2026Q3T12,VICSA,14867.58,1,69
A202606,C2026Q3T12,QLDNSW,14859.22,1,292
A202606,C2027Q3T08,TASVIC,14859,1,44
A202606,C2028Q4T03,QLDNSW,14858.25,1,127
A202606,C2027Q1T10,QLDNSW,14858.07,1,216
A202606,C2029Q1T02,VICTAS,14847,1,43
A202606,C2027Q1T10,VICTAS,14842.84961,2,124
A202606,C2027Q1T10,QLDNSW,14842.1988,10,226
A202606,C2028Q4T03,VICTAS,14812.7998,1,36
A202606,C2026Q4T11,VICTAS,14809.59961,3,141
A202606,C2027Q3T08,QLDNSW,14802.5,15,283
A202606,C2028Q4T03,VICTAS,14800.65,1,37
A202606,C2027Q3T08,TASVIC,14800.09,1,45
A202606,C2027Q4T07,VICTAS,14800,1,80
A202606,C2026Q4T11,VICTAS,14800,3,144
A202606,C2028Q2T05,VICTAS,14800,1,22
A202606,C2026Q3T12,TASVIC,14800,7,163
A202606,C2027Q2T09,VICTAS,14800,1,25
A202606,C2028Q4T03,QLDNSW,14792.25,1,128
A202606,C2027Q1T10,QLDNSW,14792.07,1,227
A202606,C2026Q4T11,VICTAS,14783,1,145
A202606,C2026Q3T12,VICNSW,14779,1,109
A202606,C2028Q3T04,TASVIC,14770.7998,1,44
A202606,C2026Q3T12,TASVIC,14770.7998,5,168
A202606,C2026Q3T12,VICSA,14750,5,74
A202606,C2027Q3T08,QLDNSW,14750,10,293
A202606,C2028Q4T03,QLDNSW,14726.25,1,129
A202606,C2027Q1T10,QLDNSW,14726.07,1,228
A202606,C2029Q2T01,VICTAS,14718,8,41
A202606,C2028Q4T03,QLDNSW,14709,1,130
A202606,C2027Q2T09,VICSA,14688,2,4
A202606,C2029Q2T01,TASVIC,14682.04754,10,14
A202606,C2026Q4T11,QLDNSW,14678.82,11,100
A202606,C2027Q4T07,VICTAS,14668,1,81
A202606,C2028Q4T03,QLDNSW,14660.25,1,131
A202606,C2027Q1T10,QLDNSW,14660.07,1,229
A202606,C2027Q3T08,QLDNSW,14630.56,1,294
A202606,C2026Q3T12,VICNSW,14617.94,1,110
A202606,C2027Q3T08,VICTAS,14606.40039,1,39
A202606,C2026Q3T12,VICTAS,14606.40039,5,186
A202606,C2028Q3T04,VICTAS,14606.40039,1,24
A202606,C2028Q4T03,VICTAS,14600.65,1,38
A202606,C2027Q3T08,TASVIC,14600.09,1,46
A202606,C2026Q3T12,VICNSW,14600,2,112
A202606,C2027Q2T09,VICTAS,14600,1,26
A202606,C2028Q2T05,VICTAS,14600,1,23
A202606,C2028Q2T05,VICTAS,14599,1,24
A202606,C2028Q4T03,QLDNSW,14594.25,1,132
A202606,C2027Q1T10,QLDNSW,14594.07,1,230
A202606,C2028Q1T06,VICSA,14591.85,4,9
A202606,C2026Q3T12,QLDNSW,14587.4,1,293
A202606,C2028Q1T06,QLDNSW,14579,5,137
A202606,C2029Q1T02,QLDNSW,14579,4,45
A202606,C2027Q1T10,QLDNSW,14579,4,234
A202606,C2029Q1T02,QLDNSW,14562.5,11,56
A202606,C2028Q2T05,VICTAS,14536,1,25
A202606,C2027Q2T09,VICTAS,14532,1,27
A202606,C2028Q4T03,QLDNSW,14528.25,1,133
A202606,C2027Q1T10,QLDNSW,14528.07,1,235
A202606,C2027Q1T10,QLDNSW,14528.05,21,256
A202606,C2026Q3T12,VICTAS,14518,2,188
A202606,C2026Q3T12,VICNSW,14513,2,114
A202606,C2028Q1T06,QLDNSW,14504,4,141
A202606,C2027Q4T07,VICSA,14500,1,2
A202606,C2029Q1T02,VICTAS,14500,1,44
A202606,C2028Q1T06,VICTAS,14500,1,63
A202606,C2026Q4T11,VICTAS,14500,3,148
A202606,C2026Q3T12,VICNSW,14500,10,124
A202606,C2026Q3T12,VICSA,14486.36,1,75
A202606,C2026Q3T12,VICSA,14475.65,4,79
A202606,C2029Q1T02,QLDNSW,14475,1,57
A202606,C2027Q1T10,QLDNSW,14466,1,257
A202606,C2028Q4T03,QLDNSW,14462.25,1,134
A202606,C2027Q1T10,QLDNSW,14462.07,1,258
A202606,C2026Q3T12,VICNSW,14441,2,126
A202606,C2029Q2T01,QLDNSW,14423.5,13,295
A202606,C2029Q2T01,QLDNSW,14416,10,305
A202606,C2027Q3T08,VICTAS,14406,1,40
A202606,C2028Q4T03,VICTAS,14400.65,1,39
A202606,C2027Q3T08,TASVIC,14400.09,1,47
A202606,C2027Q4T07,VICTAS,14400,1,82
A202606,C2027Q2T09,VICTAS,14400,1,28
A202606,C2028Q2T05,VICTAS,14400,1,26
A202606,C2026Q3T12,TASVIC,14400,7,175
A202606,C2028Q4T03,QLDNSW,14396.25,1,135
A202606,C2027Q1T10,QLDNSW,14396.07,1,259
A202606,C2027Q4T07,QLDNSW,14384.25,10,68
A202606,C2028Q2T05,VICSA,14379,1,7
A202606,C2028Q1T06,QLDNSW,14377.21,1,142
A202606,C2029Q1T02,QLDNSW,14374.8,10,67
A202606,C2026Q4T11,QLDNSW,14352,15,115
A202606,C2027Q4T07,QLDNSW,14352,15,83
A202606,C2026Q4T11,VICTAS,14348,1,149
A202606,C2026Q4T11,VICNSW,14333.6,6,7
A202606,C2028Q4T03,QLDNSW,14330.25,1,136
A202606,C2027Q1T10,QLDNSW,14330.07,1,260
A202606,C2028Q1T06,QLDNSW,14325,5,147
A202606,C2028Q1T06,QLDNSW,14325,15,162
A202606,C2028Q3T04,QLDNSW,14322.75,1,325
A202606,C2026Q3T12,QLDNSW,14315.59,1,294
A202606,C2028Q4T03,QLDNSW,14310.14,5,141
A202606,C2028Q4T03,QLDNSW,14310.135,10,151
A202606,C2026Q3T12,QLDNSW,14302,2,296
A202606,C2027Q1T10,QLDNSW,14300,6,266
A202606,C2027Q2T09,QLDNSW,14272.5,1,325
A202606,C2028Q2T05,VICSA,14270.26,4,11
A202606,C2028Q4T03,QLDNSW,14264.25,1,152
A202606,C2027Q1T10,QLDNSW,14264.07,1,267
A202606,C2026Q4T11,QLDNSW,14250.6,5,120
A202606,C2027Q1T10,NSWQLD,14244,1,3
A202606,C2029Q2T01,VICNSW,14240.8749,10,10
A202606,C2027Q4T07,VICNSW,14237,6,36
A202606,C2026Q3T12,VICNSW,14201,1,127
A202606,C2028Q4T03,VICTAS,14200.65,1,40
A202606,C2027Q3T08,TASVIC,14200.09,1,48
A202606,C2027Q2T09,VICTAS,14200,1,29
A202606,C2026Q4T11,VICTAS,14200,3,152
A202606,C2028Q2T05,VICTAS,14200,1,27
A202606,C2028Q4T03,QLDNSW,14198.25,1,153
A202606,C2027Q1T10,QLDNSW,14198.07,1,268
A202606,C2028Q1T06,QLDNSW,14196,10,172
A202606,C2028Q4T03,QLDNSW,14194.18,1,154
A202606,C2026Q3T12,VICNSW,14182,1,128
A202606,C2029Q2T01,QLDNSW,14165.45,1,306
A202606,C2028Q2T05,QLDNSW,14165.45,1,328
A202606,C2029Q1T02,QLDNSW,14158,4,71
A202606,C2028Q1T06,QLDNSW,14158,5,177
A202606,C2027Q1T10,QLDNSW,14158,4,272
A202606,C2029Q1T02,QLDNSW,14152.32,5,76
A202606,C2026Q3T12,VICNSW,14151.41,1,129
A202606,C2027Q4T07,VICTAS,14144.5866,4,86
A202606,C2028Q4T03,QLDNSW,14132.25,1,155
A202606,C2027Q1T10,QLDNSW,14132.07,1,273
A202606,C2027Q1T10,QLDNSW,14121,3,276
A202606,C2026Q4T11,QLDNSW,14108.094,10,130
A202606,C2026Q3T12,VICSA,14105.14,1,80
A202606,C2026Q3T12,VICSA,14075,5,85
A202606,C2027Q4T07,VICTAS,14070,6,92
A202606,C2028Q4T03,QLDNSW,14066.25,1,156
A202606,C2027Q1T10,QLDNSW,14066.07,1,277
A202606,C2027Q4T07,QLDNSW,14064.6,5,88
A202606,C2027Q3T08,QLDNSW,14058.42,1,295
A202606,C2029Q2T01,QLDNSW,14052.73,15,321
A202606,C2028Q4T03,NSWQLD,14047,1,3
A202606,C2026Q3T12,VICNSW,14045,1,130
A202606,C2026Q3T12,QLDNSW,14043.78,1,297
A202606,C2027Q1T10,QLDNSW,14040,10,287
A202606,C2029Q1T02,QLDNSW,14040,10,86
A202606,C2027Q3T08,QLDNSW,14023.07,3,298
A202606,C2027Q4T07,QLDNSW,14010,2,90
A202606,C2028Q3T04,TASVIC,14000.98,5,49
A202606,C2026Q3T12,QLDNSW,14000.89,10,307
A202606,C2027Q2T09,QLDNSW,14000.76,6,331
A202606,C2028Q1T06,QLDNSW,14000.65,4,181
A202606,C2028Q4T03,VICTAS,14000.65,1,41
A202606,C2029Q1T02,QLDNSW,14000.25,4,90
A202606,C2029Q2T01,TASVIC,14000.11,1,15
A202606,C2027Q3T08,TASVIC,14000.09,1,49
A202606,C2026Q3T12,QLDNSW,14000,4,311
A202606,C2027Q4T07,VICTAS,14000,1,93
A202606,C2028Q1T06,VICTAS,14000,1,64
A202606,C2027Q2T09,VICTAS,14000,1,30
A202606,C2028Q2T05,VICTAS,14000,1,28
A202606,C2027Q4T07,VICTAS,14000,1,94
A202606,C2026Q3T12,TASVIC,14000,7,182
A202606,C2029Q1T02,VICTAS,14000,1,45
A202606,C2027Q1T10,VICNSW,13992,4,17
A202606,C2027Q1T10,QLDNSW,13983.8,1,288
A202606,C2028Q2T05,VICTAS,13964,1,29
A202606,C2029Q1T02,QLDNSW,13950,1,91
A202606,C2027Q3T08,VICTAS,13926,1,41
A202606,C2026Q3T12,VICTAS,13920,2,190
A202606,C2028Q1T06,NSWQLD,13908,1,5
A202606,C2026Q4T11,VICTAS,13900,3,155
A202606,C2027Q3T08,VICSA,13889.7,4,10
A202606,C2027Q4T07,QLDNSW,13877.98,9,99
A202606,C2026Q3T12,QLDNSW,13877,1,312
A202606,C2027Q1T10,QLDNSW,13823,1,289
A202606,C2028Q4T03,VICTAS,13800.65,1,42
A202606,C2027Q3T08,TASVIC,13800.09,1,50
A202606,C2027Q2T09,VICTAS,13800,1,31
A202606,C2027Q3T08,QLDNSW,13800,10,308
A202606,C2028Q2T05,VICTAS,13800,1,30
A202606,C2026Q3T12,VICNSW,13797,1,131
A202606,C2028Q2T05,TASVIC,13775.2002,1,5
A202606,C2028Q1T06,TASVIC,13773.46,7,7
A202606,C2026Q3T12,QLDNSW,13771.96,1,313
A202606,C2027Q2T09,QLDNSW,13759.2,5,336
A202606,C2027Q1T10,VICTAS,13750,5,129
A202606,C2027Q1T10,NSWQLD,13745.46,1,4
A202606,C2028Q1T06,QLDNSW,13740.24,1,182
A202606,C2027Q1T10,QLDNSW,13737,4,293
A202606,C2028Q1T06,QLDNSW,13737,5,187
A202606,C2029Q1T02,QLDNSW,13737,4,95
A202606,C2027Q1T10,QLDNSW,13729,1,294
A202606,C2026Q3T12,VICSA,13723.92,1,86
A202606,C2026Q3T12,VICNSW,13705,3,134
A202606,C2026Q4T11,VICTAS,13696,2,157
A202606,C2026Q3T12,VICNSW,13684.88,1,135
A202606,C2029Q1T02,QLDNSW,13680.25,4,99
A202606,C2027Q2T09,TASVIC,13680,1,15
A202606,C2028Q4T03,QLDNSW,13679.37,1,157
A202606,C2028Q4T03,QLDNSW,13674.13,5,162
A202606,C2027Q2T09,QLDNSW,13667,1,337
A202606,C2026Q3T12,VICSA,13662,2,88
A202606,C2028Q4T03,QLDNSW,13656.21,10,172
A202606,C2026Q3T12,VICSA,13653.92354,10,98
A202606,C2028Q1T06,QLDNSW,13640.65,4,191
A202606,C2026Q3T12,VICNSW,13609,3,138
A202606,C2028Q4T03,VICTAS,13600.65,1,43
A202606,C2029Q2T01,TASVIC,13600.11,1,16
A202606,C2027Q3T08,TASVIC,13600.09,1,51
A202606,C2027Q2T09,VICTAS,13600,1,32
A202606,C2026Q4T11,VICTAS,13600,3,160
A202606,C2027Q4T07,VICTAS,13600,1,95
A202606,C2026Q3T12,TASVIC,13600,7,189
A202606,C2028Q2T05,VICTAS,13600,1,31
A202606,C2027Q1T10,QLDNSW,13554,1,295
A202606,C2028Q3T04,QLDNSW,13551.52,1,326
A202606,C2028Q2T05,VICTAS,13538,8,39
A202606,C2027Q4T07,QLDNSW,13526,4,103
A202606,C2027Q1T10,QLDNSW,13501.6,1,296
A202606,C2026Q4T11,QLDNSW,13500.45,2,132
A202606,C2026Q3T12,QLDNSW,13500.14,1,314
A202606,C2028Q1T06,VICTAS,13500,1,65
A202606,C2027Q1T10,QLDNSW,13500,6,302
A202606,C2028Q4T03,QLDNSW,13500,6,178
A202606,C2029Q1T02,VICTAS,13500,1,46
A202606,C2027Q1T10,VICTAS,13493.5,2,131
A202606,C2027Q1T10,QLDNSW,13492.91,20,322
A202606,C2027Q3T08,QLDNSW,13486.28,1,309
A202606,C2028Q3T04,VICTAS,13472,12,36
A202606,C2026Q3T12,VICTAS,13470,1,191
A202606,C2027Q3T08,VICTAS,13446,1,42
A202606,C2028Q3T04,VICSA,13441,1,6
A202606,C2028Q3T04,TASVIC,13433.07385,14,63
A202606,C2029Q1T02,QLDNSW,13425,1,100
A202606,C2028Q4T03,QLDNSW,13413.8,2,180
A202606,C2028Q1T06,QLDNSW,13408.6,4,195
A202606,C2029Q2T01,VICSA,13403.93486,10,10
A202606,C2028Q2T05,QLDNSW,13402.7,1,329
A202606,C2029Q2T01,QLDNSW,13402.7,1,322
A202606,C2028Q4T03,VICTAS,13400.65,1,44
A202606,C2027Q3T08,TASVIC,13400.09,1,52
A202606,C2026Q3T12,VICSA,13400,5,103
A202606,C2028Q1T06,VICTAS,13400,6,71
A202606,C2027Q2T09,VICTAS,13400,8,40
A202606,C2027Q3T08,VICTAS,13400,7,49
A202606,C2028Q2T05,VICTAS,13400,1,40
A202606,C2027Q2T09,VICTAS,13400,1,41
A202606,C2027Q1T10,QLDNSW,13394,2,324
A202606,C2027Q2T09,VICTAS,13385,8,49
A202606,C2026Q3T12,TASVIC,13371.37171,20,209
A202606,C2029Q1T02,QLDNSW,13369,1,101
A202606,C2029Q1T02,QLDNSW,13360.25,4,105
A202606,C2026Q3T12,VICNSW,13360,2,140
A202606,C2029Q2T01,QLDNSW,13350.1,15,337
A202606,C2026Q3T12,VICSA,13342.7,1,104
A202606,C2028Q4T03,NSWQLD,13334.16699,1,4
A202606,C2028Q4T03,SAVIC,13334.16699,1,3
A202606,C2026Q4T11,SAVIC,13334.16699,1,3
A202606,C2027Q4T07,SAVIC,13334.16699,1,3
A202606,C2026Q4T11,NSWQLD,13334.16699,1,3
A202606,C2027Q4T07,NSWQLD,13334.16699,1,3
A202606,C2028Q2T05,VICTAS,13330,1,41
A202606,C2027Q3T08,QLDNSW,13322.25,5,314
A202606,C2028Q1T06,QLDNSW,13316,5,200
A202606,C2027Q1T10,QLDNSW,13316,4,328
A202606,C2029Q1T02,QLDNSW,13316,4,109
A202606,C2026Q3T12,VICNSW,13309,2,142
A202606,C2026Q4T11,QLDNSW,13300.45,2,134
A202606,C2026Q4T11,VICTAS,13300,3,163
A202606,C2026Q3T12,QLDNSW,13288,3,317
A202606,C2028Q1T06,QLDNSW,13280.65,4,204
A202606,C2027Q3T08,VICNSW,13280,7,38
A202606,C2029Q1T02,QLDNSW,13267.8,10,119
A202606,C2029Q1T02,QLDNSW,13261,1,120
A202606,C2028Q1T06,QLDNSW,13252.84,12,216
A202606,C2027Q4T07,VICNSW,13250,7,43
A202606,C2027Q1T10,NSWQLD,13246.92,1,5
A202606,C2028Q4T03,QLDNSW,13233,6,186
A202606,C2026Q3T12,QLDNSW,13228.33,1,318
A202606,C2026Q3T12,VICNSW,13218.35,1,143
A202606,C2027Q3T08,TASVIC,13208,1,53
A202606,C2028Q4T03,VICTAS,13200.65,1,45
A202606,C2029Q2T01,TASVIC,13200.11,1,17
A202606,C2027Q3T08,TASVIC,13200.09,1,54
A202606,C2027Q2T09,VICTAS,13200,1,50
A202606,C2027Q4T07,VICTAS,13200,1,96
A202606,C2026Q3T12,TASVIC,13200,7,216
A202606,C2028Q2T05,VICTAS,13200,1,42
A202606,C2028Q3T04,VICNSW,13178,3,20
A202606,C2026Q3T12,VICNSW,13174,4,147
A202606,C2029Q1T02,QLDNSW,13172,6,126
A202606,C2028Q4T03,QLDNSW,13164.56,1,187
A202606,C2027Q4T07,QLDNSW,13160.37,4,107
A202606,C2027Q3T08,VICSA,13154,1,11
A202606,C2027Q1T10,QLDNSW,13139,2,330
A202606,C2028Q3T04,TASVIC,13129.59961,1,64
A202606,C2026Q3T12,TASVIC,13129.59961,5,221
A202606,C2029Q1T02,QLDNSW,13104,2,128
A202606,C2029Q1T02,NSWQLD,13104,1,4
A202606,C2028Q1T06,QLDNSW,13103.28,1,217
A202606,C2026Q4T11,QLDNSW,13100.45,2,136
A202606,C2027Q1T10,QLDNSW,13098,2,332
A202606,C2028Q2T05,VICTAS,13082.40039,1,43
A202606,C2027Q2T09,VICTAS,13078.7998,1,51
A202606,C2029Q1T02,QLDNSW,13068,10,138
A202606,C2028Q2T05,VICTAS,13065,4,47
A202606,C2027Q2T09,QLDNSW,13061.5,1,338
A202606,C2026Q4T11,QLDNSW,13047.84,12,148
A202606,C2026Q3T12,VICNSW,13044,2,149
A202606,C2026Q4T11,VICTAS,13043,1,164
A202606,C2029Q1T02,QLDNSW,13040.25,4,142
A202606,C2028Q4T03,QLDNSW,13038.13,5,192
A202606,C2026Q3T12,VICTAS,13022,2,193
A202606,C2027Q1T10,QLDNSW,13019.4,1,333
A202606,C2026Q3T12,VICSA,13016.16,14,118
A202606,C2026Q4T11,QLDNSW,13012,3,151
A202606,C2029Q2T01,VICSA,13003,8,18
A202606,C2028Q2T05,QLDNSW,13003,10,339
A202606,C2027Q3T08,QLDNSW,13003,10,324
A202606,C2028Q2T05,QLDNSW,13003,8,347
A202606,C2026Q4T11,VICSA,13003,8,8
A202606,C2027Q2T09,QLDNSW,13003,10,348
A202606,C2028Q3T04,QLDNSW,13003,8,334
A202606,C2026Q3T12,QLDNSW,13003,10,328
A202606,C2028Q3T04,TASVIC,13000.98,5,69
A202606,C2026Q3T12,QLDNSW,13000.89,10,338
A202606,C2028Q4T03,VICTAS,13000.65,1,46
A202606,C2026Q4T11,VICTAS,13000,3,167
A202606,C2028Q2T05,VICTAS,13000,1,48
A202606,C2026Q3T12,QLDNSW,13000,6,344
A202606,C2027Q4T07,VICTAS,13000,1,97
A202606,C2027Q2T09,VICTAS,13000,1,52
A202606,C2029Q1T02,VICTAS,13000,1,47
A202606,C2028Q1T06,VICTAS,13000,1,72
A202606,C2026Q3T12,VICNSW,13000,10,159
A202606,C2029Q1T02,QLDNSW,12991,4,146
A202606,C2026Q4T11,QLDNSW,12980,4,155
A202606,C2028Q1T06,VICNSW,12972,3,16
A202606,C2027Q3T08,VICTAS,12966,1,50
A202606,C2026Q3T12,VICSA,12961.48,1,119
A202606,C2028Q4T03,VICTAS,12961.2002,1,47
A202606,C2027Q1T10,NSWQLD,12960,15,20
A202606,C2026Q4T11,VICTAS,12958.40039,3,170
A202606,C2026Q3T12,QLDNSW,12956.52,1,345
A202606,C2029Q1T02,QLDNSW,12949.28,4,150
A202606,C2029Q1T02,QLDNSW,12944.44,12,162
A202606,C2028Q1T06,QLDNSW,12920.65,4,221
A202606,C2027Q3T08,TASVIC,12918.05757,5,59
A202606,C2027Q3T08,QLDNSW,12914.13,1,325
A202606,C2029Q2T01,TASVIC,12910,4,21
A202606,C2027Q4T07,NSWQLD,12905,1,4
A202606,C2026Q3T12,VICNSW,12904,1,160
A202606,C2026Q4T11,QLDNSW,12900.45,2,157
A202606,C2029Q1T02,QLDNSW,12900,1,163
A202606,C2028Q1T06,QLDNSW,12895,5,226
A202606,C2027Q1T10,QLDNSW,12895,4,337
A202606,C2029Q1T02,QLDNSW,12895,4,167
A202606,C2028Q1T06,QLDNSW,12892.5,15,241
A202606,C2026Q3T12,QLDNSW,12888.93,4,349
A202606,C2029Q1T02,QLDNSW,12887,2,169
A202606,C2026Q4T11,QLDNSW,12880,10,167
A202606,C2028Q1T06,QLDNSW,12877,3,244
A202606,C2027Q1T10,QLDNSW,12850,6,343
A202606,C2027Q3T08,QLDNSW,12850,10,335
A202606,C2028Q1T06,NSWQLD,12841.92,3,8
A202606,C2028Q1T06,VICSA,12840.83,4,13
A202606,C2027Q1T10,QLDNSW,12838,1,344
A202606,C2027Q4T07,VICTAS,12834.5,1,98
A202606,C2026Q4T11,QLDNSW,12825.54,5,172
A202606,C2026Q3T12,VICNSW,12804,3,163
A202606,C2027Q2T09,QLDNSW,12800.76,6,354
A202606,C2028Q4T03,VICTAS,12800.65,1,48
A202606,C2029Q2T01,TASVIC,12800.11,1,22
A202606,C2027Q4T07,VICTAS,12800,1,99
A202606,C2026Q3T12,TASVIC,12800,7,228
A202606,C2027Q2T09,VICTAS,12800,1,53
A202606,C2028Q2T05,VICTAS,12800,1,49
A202606,C2027Q4T07,QLDNSW,12786,5,112
A202606,C2026Q3T12,VICNSW,12784,4,167
A202606,C2027Q3T08,VICTAS,12780.59961,1,51
A202606,C2026Q3T12,VICTAS,12780.59961,5,198
A202606,C2028Q3T04,VICTAS,12780.59961,1,37
A202606,C2028Q3T04,QLDNSW,12780.3,1,335
A202606,C2028Q2T05,TASVIC,12772.76227,15,20
A202606,C2027Q2T09,TASVIC,12762.866,8,23
A202606,C2026Q3T12,VICNSW,12752,5,172
A202606,C2026Q3T12,VICNSW,12751.82,1,173
A202606,C2028Q4T03,QLDNSW,12750,6,198
A202606,C2027Q1T10,NSWQLD,12748.38,1,21
A202606,C2026Q3T12,VICNSW,12730.586,6,179
A202606,C2028Q3T04,VICTAS,12730,4,41
A202606,C2026Q3T12,VICSA,12725,5,124
A202606,C2029Q1T02,QLDNSW,12720.25,4,173
A202606,C2028Q1T06,QLDNSW,12715,2,246
A202606,C2029Q1T02,QLDNSW,12713,3,176
A202606,C2026Q4T11,QLDNSW,12700.45,2,174
A202606,C2026Q4T11,VICTAS,12700,3,173
A202606,C2028Q2T05,VICTAS,12695,1,50
A202606,C2026Q3T12,QLDNSW,12684.7,1,350
A202606,C2029Q1T02,QLDNSW,12678.12,10,186
A202606,C2026Q4T11,VICSA,12669,1,9
A202606,C2028Q4T03,QLDNSW,12649.74,1,199
A202606,C2029Q2T01,QLDNSW,12647.46,20,357
A202606,C2028Q2T05,QLDNSW,12647.457,5,352
A202606,C2029Q2T01,QLDNSW,12647.457,5,362
A202606,C2029Q2T01,QLDNSW,12639.94,1,363
A202606,C2028Q2T05,QLDNSW,12639.94,1,353
A202606,C2027Q1T10,QLDNSW,12639,1,345
A202606,C2026Q3T12,VICNSW,12638,3,182
A202606,C2026Q4T11,VICNSW,12613.57,6,13
A202606,C2026Q4T11,VICTAS,12609,1,174
A202606,C2028Q4T03,VICTAS,12600.65,1,49
A202606,C2027Q2T09,VICTAS,12600,1,54
A202606,C2028Q2T05,VICTAS,12600,1,51
A202606,C2027Q3T08,VICTAS,12599,12,63
A202606,C2028Q2T05,VICNSW,12590,4,20
A202606,C2027Q1T10,QLDNSW,12584,2,347
A202606,C2026Q3T12,VICSA,12580.26,1,125
A202606,C2028Q1T06,QLDNSW,12568,1,247
A202606,C2028Q1T06,QLDNSW,12560.65,4,251
A202606,C2027Q1T10,QLDNSW,12537.2,1,348
A202606,C2029Q1T02,QLDNSW,12536,2,188
A202606,C2027Q4T07,VICNSW,12528.56,6,49
A202606,C2028Q1T06,NSWQLD,12521.24125,8,16
A202606,C2029Q1T02,VICSA,12504,1,3
A202606,C2027Q1T10,QLDNSW,12503,8,356
A202606,C2027Q1T10,QLDNSW,12503,10,366
A202606,C2028Q4T03,VICNSW,12503,3,14
A202606,C2026Q3T12,VICTAS,12502.4,25,223
A202606,C2028Q3T04,VICTAS,12502.4,2,43
A202606,C2028Q2T05,VICTAS,12502.4,3,54
A202606,C2027Q2T09,VICTAS,12502.4,6,60
A202606,C2029Q1T02,VICTAS,12502.4,2,49
A202606,C2027Q3T08,VICTAS,12502.4,5,68
A202606,C2027Q4T07,VICTAS,12502.4,4,103
A202606,C2028Q1T06,VICTAS,12502.4,3,75
A202606,C2026Q4T11,VICTAS,12502.4,12,186
A202606,C2029Q2T01,VICTAS,12502.4,2,43
A202606,C2028Q4T03,VICTAS,12502.4,2,51
A202606,C2026Q3T12,VICSA,12501,12,137
A202606,C2026Q4T11,QLDNSW,12500.45,2,176
A202606,C2027Q2T09,VICNSW,12500,10,34
A202606,C2029Q1T02,VICTAS,12500,1,50
A202606,C2026Q4T11,VICNSW,12500,2,15
A202606,C2027Q3T08,VICNSW,12500,10,48
A202606,C2027Q1T10,VICNSW,12500,10,27
A202606,C2027Q4T07,VICNSW,12500,10,59
A202606,C2026Q4T11,VICNSW,12500,10,25
A202606,C2027Q3T08,VICTAS,12485,1,69
A202606,C2026Q3T12,VICNSW,12475,4,186
A202606,C2027Q1T10,QLDNSW,12474,4,370
A202606,C2029Q1T02,QLDNSW,12474,4,192
A202606,C2028Q1T06,QLDNSW,12474,5,256
A202606,C2027Q3T08,QLDNSW,12469,1,336
A202606,C2028Q1T06,QLDNSW,12466.31,1,257
A202606,C2027Q2T09,QLDNSW,12456,1,355
A202606,C2028Q3T04,QLDNSW,12455,3,338
A202606,C2028Q3T04,QLDNSW,12445.083,5,343
A202606,C2028Q1T06,QLDNSW,12443,2,259
A202606,C2027Q1T10,QLDNSW,12433,3,373
A202606,C2026Q3T12,VICTAS,12422,2,225
A202606,C2026Q3T12,QLDNSW,12412.88,1,351
A202606,C2029Q2T01,QLDNSW,12412,4,367
A202606,C2028Q4T03,QLDNSW,12402.12,5,204
A202606,C2029Q1T02,QLDNSW,12402,3,195
A202606,C2028Q1T06,QLDNSW,12401,1,260
A202606,C2028Q4T03,VICTAS,12400.65,1,52
A202606,C2029Q1T02,QLDNSW,12400.25,4,199
A202606,C2029Q2T01,TASVIC,12400.11,1,23
A202606,C2026Q3T12,TASVIC,12400,7,235
A202606,C2027Q2T09,VICTAS,12400,1,61
A202606,C2026Q4T11,VICNSW,12400,2,27
A202606,C2027Q4T07,VICTAS,12400,1,104
A202606,C2026Q4T11,VICTAS,12400,3,189
A202606,C2028Q2T05,VICTAS,12400,1,55
A202606,C2028Q4T03,VICTAS,12395,4,56
A202606,C2028Q3T04,VICSA,12392.4,4,10
A202606,C2029Q1T02,QLDNSW,12375,1,200
A202606,C2029Q2T01,QLDNSW,12373,4,371
A202606,C2027Q3T08,QLDNSW,12341.98,1,337
A202606,C2027Q4T07,QLDNSW,12335.98,10,122
A202606,C2028Q3T04,QLDNSW,12313,2,345
A202606,C2027Q4T07,QLDNSW,12303.73,4,126
A202606,C2026Q4T11,QLDNSW,12300.45,2,178
A202606,C2026Q4T11,VICNSW,12300,2,29
A202606,C2029Q1T02,NSWQLD,12297.285,3,7
A202606,C2026Q3T12,VICNSW,12285.29,1,187
A202606,C2027Q1T10,VICSA,12275.22,1,7
A202606,C2028Q1T06,QLDNSW,12271,1,261
A202606,C2026Q3T12,QLDNSW,12257,2,353
A202606,C2027Q1T10,NSWQLD,12249.84,1,22
A202606,C2027Q3T08,QLDNSW,12240,3,340
A202606,C2028Q3T04,QLDNSW,12237,3,348
A202606,C2029Q2T01,TASVIC,12235.03961,2,25
A202606,C2027Q2T09,QLDNSW,12230.4,8,363
A202606,C2028Q1T06,NSWQLD,12230,1,17
A202606,C2027Q3T08,VICSA,12222.94,4,15
A202606,C2029Q2T01,QLDNSW,12214,3,374
A202606,C2028Q1T06,QLDNSW,12204,6,267
A202606,C2029Q1T02,QLDNSW,12201,3,203
A202606,C2028Q1T06,QLDNSW,12200.65,4,271
A202606,C2028Q4T03,VICTAS,12200.65,1,57
A202606,C2028Q2T05,VICTAS,12200,1,56
A202606,C2027Q2T09,VICTAS,12200,1,62
A202606,C2026Q4T11,VICNSW,12200,2,31
A202606,C2027Q1T10,QLDNSW,12200,6,379
A202606,C2026Q3T12,VICSA,12199.04,1,138
A202606,C2027Q3T08,QLDNSW,12197,3,343
A202606,C2028Q4T03,VICTAS,12195.97447,12,69
A202606,C2027Q1T10,QLDNSW,12188,3,382
A202606,C2026Q4T11,VICNSW,12183.045,5,36
A202606,C2026Q4T11,VICTAS,12174,1,190
A202606,C2027Q2T09,VICNSW,12162,6,40
A202606,C2026Q3T12,VICSA,12150,5,143
A202606,C2027Q4T07,QLDNSW,12144,10,136
A202606,C2028Q1T06,QLDNSW,12144,5,276
A202606,C2026Q4T11,QLDNSW,12144,20,198
A202606,C2026Q3T12,QLDNSW,12141.07,1,354
A202606,C2028Q4T03,QLDNSW,12134.92,1,205
A202606,C2027Q1T10,QLDNSW,12124,2,384
A202606,C2027Q4T07,VICTAS,12123.93138,4,108
A202606,C2026Q3T12,VICSA,12111.48,3,146
A202606,C2026Q3T12,VICSA,12111.48,2,148
A202606,C2027Q1T10,NSWQLD,12107.587,2,24
A202606,C2026Q4T11,QLDNSW,12100.45,2,200
A202606,C2026Q4T11,VICTAS,12100,3,193
A202606,C2026Q4T11,QLDNSW,12100,9,209
A202606,C2026Q4T11,VICNSW,12100,2,38
A202606,C2029Q1T02,QLDNSW,12088.44,10,213
A202606,C2029Q1T02,QLDNSW,12080.25,4,217
A202606,C2028Q3T04,QLDNSW,12075,4,352
A202606,C2028Q3T04,TASVIC,12065.77,5,74
A202606,C2029Q2T01,QLDNSW,12062,5,379
A202606,C2029Q2T01,VICTAS,12060,3,46
A202606,C2028Q2T05,VICTAS,12060,1,57
A202606,C2029Q1T02,VICTAS,12060,3,53
A202606,C2027Q3T08,QLDNSW,12056,4,347
A202606,C2027Q1T10,QLDNSW,12055,1,385
A202606,C2028Q2T05,TASVIC,12053.2998,1,21
A202606,C2029Q1T02,QLDNSW,12053,4,221
A202606,C2028Q1T06,QLDNSW,12053,5,281
A202606,C2027Q1T10,QLDNSW,12053,4,389
A202606,C2026Q3T12,VICSA,12050,5,153
A202606,C2029Q2T01,QLDNSW,12017,6,385
A202606,C2028Q3T04,QLDNSW,12009.08,1,353
A202606,C2028Q3T04,QLDNSW,12006,2,355
A202606,C2027Q3T08,VICTAS,12005,1,70
A202606,C2026Q3T12,QLDNSW,12000.89,10,364
A202606,C2026Q3T12,VICNSW,12000.75,1,188
A202606,C2028Q3T04,VICNSW,12000.75,1,21
A202606,C2026Q3T12,QLDNSW,12000.75,1,365
A202606,C2027Q3T08,VICNSW,12000.75,1,49
A202606,C2028Q3T04,QLDNSW,12000.75,1,356
A202606,C2027Q3T08,QLDNSW,12000.75,1,348
A202606,C2028Q4T03,VICTAS,12000.65,1,70
A202606,C2029Q2T01,VICTAS,12000.48,2,48
A202606,C2029Q2T01,TASVIC,12000.11,1,26
A202606,C2027Q3T08,TASVIC,12000.07,2,61
A202606,C2026Q3T12,TASVIC,12000,7,242
A202606,C2028Q2T05,VICTAS,12000,1,58
A202606,C2029Q1T02,VICTAS,12000,1,54
A202606,C2026Q3T12,QLDNSW,12000,6,371
A202606,C2027Q1T10,TASVIC,12000,2,18
A202606,C2027Q4T07,VICTAS,12000,1,109
A202606,C2027Q4T07,VICTAS,12000,1,110
A202606,C2027Q1T10,QLDNSW,12000,3,392
A202606,C2029Q1T02,TASVIC,12000,1,5
A202606,C2026Q4T11,VICNSW,12000,2,40
A202606,C2027Q3T08,VICTAS,12000,1,71
A202606,C2028Q4T03,QLDNSW,12000,6,211
A202606,C2027Q2T09,VICTAS,12000,1,63
A202606,C2029Q1T02,QLDNSW,11999,7,228
A202606,C2027Q1T10,QLDNSW,11995,4,396
A202606,C2028Q1T06,QLDNSW,11983,2,283
A202606,C2027Q2T09,TASVIC,11970,1,24
A202606,C2028Q4T03,QLDNSW,11949.18,11,222
A202606,C2027Q2T09,VICSA,11943.75,4,8
A202606,C2029Q2T01,VICTAS,11933,12,60
A202606,C2027Q3T08,VICTAS,11920,1,72
A202606,C2027Q3T08,QLDNSW,11911,3,351
A202606,C2026Q4T11,QLDNSW,11900.45,2,211
A202606,C2026Q4T11,VICNSW,11900,2,42
A202606,C2027Q3T08,QLDNSW,11900,10,361
A202606,C2028Q1T06,QLDNSW,11878,2,285
A202606,C2029Q2T01,QLDNSW,11877.18,1,386
A202606,C2028Q2T05,QLDNSW,11877.18,1,354
A202606,C2027Q2T09,QLDNSW,11871,2,365
A202606,C2026Q3T12,QLDNSW,11869.26,1,372
A202606,C2028Q3T04,QLDNSW,11865,4,360
A202606,C2027Q2T09,QLDNSW,11850.5,1,366
A202606,C2029Q1T02,QLDNSW,11850,1,229
A202606,C2027Q1T10,VICSA,11845.59,1,8
A202606,C2027Q3T08,QLDNSW,11842,8,369
A202606,C2028Q1T06,QLDNSW,11840.65,4,289
A202606,C2027Q3T08,VICTAS,11840,1,73
A202606,C2029Q1T02,QLDNSW,11840,3,232
A202606,C2029Q2T01,QLDNSW,11839,3,389
A202606,C2027Q1T10,VICNSW,11835,6,33
A202606,C2028Q1T06,QLDNSW,11829.35,1,290
A202606,C2026Q3T12,VICTAS,11824,2,227
A202606,C2026Q3T12,VICNSW,11818.76,1,189
A202606,C2026Q3T12,VICSA,11817.82,1,154
A202606,C2026Q3T12,QLDNSW,11805.213,10,382
A202606,C2026Q3T12,QLDNSW,11805.21,10,392
A202606,C2028Q1T06,NSWQLD,11801.95,1,18
A202606,C2028Q4T03,VICTAS,11800.65,1,71
A202606,C2027Q2T09,VICTAS,11800,1,64
A202606,C2028Q2T05,VICTAS,11800,1,59
A202606,C2026Q4T11,VICTAS,11800,3,196
A202606,C2026Q4T11,VICNSW,11800,2,44
A202606,C2027Q3T08,QLDNSW,11769.84,1,370
A202606,C2029Q1T02,QLDNSW,11764,5,237
A202606,C2029Q1T02,QLDNSW,11760.25,4,241
A202606,C2027Q3T08,VICTAS,11760,1,74
A202606,C2027Q1T10,TASVIC,11760,2,20
A202606,C2026Q4T11,QLDNSW,11756.75,15,226
A202606,C2027Q1T10,NSWQLD,11751.3,1,25
A202606,C2027Q2T09,VICSA,11750,1,9
A202606,C2027Q1T10,QLDNSW,11740,3,399
A202606,C2026Q4T11,VICTAS,11739,1,197
A202606,C2028Q1T06,QLDNSW,11729,1,291
A202606,C2028Q3T04,QLDNSW,11728,5,365
A202606,C2028Q3T04,TASVIC,11722,4,78
A202606,C2027Q2T09,QLDNSW,11722,5,371
A202606,C2027Q3T08,QLDNSW,11717,6,376
A202606,C2029Q1T02,NSWQLD,11712,1,8
A202606,C2028Q4T03,NSWQLD,11706,2,6
A202606,C2026Q4T11,QLDNSW,11700.45,2,228
A202606,C2026Q4T11,VICNSW,11700,2,46
A202606,C2029Q1T02,TASVIC,11700,1,6
A202606,C2028Q3T04,QLDNSW,11693,2,367
A202606,C2029Q2T01,QLDNSW,11693,4,393
A202606,C2027Q2T09,QLDNSW,11686,4,375
A202606,C2027Q3T08,VICTAS,11680,1,75
A202606,C2029Q1T02,QLDNSW,11675.664,10,251
A202606,C2028Q1T06,QLDNSW,11673,6,297
A202606,C2028Q2T05,QLDNSW,11668,3,357
A202606,C2027Q3T08,QLDNSW,11637,2,378
A202606,C2027Q1T10,QLDNSW,11632,4,403
A202606,C2029Q1T02,QLDNSW,11632,4,255
A202606,C2028Q1T06,QLDNSW,11632,5,302
A202606,C2028Q2T05,VICTAS,11628.7998,1,60
A202606,C2029Q1T02,QLDNSW,11627,5,260
A202606,C2028Q4T03,VICSA,11626,1,1
A202606,C2027Q2T09,VICTAS,11625.59961,1,65
A202606,C2028Q4T03,QLDNSW,11620.11,1,223
A202606,C2029Q2T01,QLDNSW,11605,3,396
A202606,C2029Q2T01,VICSA,11602.5,4,22
A202606,C2027Q2T09,QLDNSW,11600.76,6,381
A202606,C2028Q4T03,VICTAS,11600.65,1,72
A202606,C2029Q2T01,VICTAS,11600.48,2,62
A202606,C2029Q2T01,TASVIC,11600.11,1,27
A202606,C2027Q4T07,VICTAS,11600,1,111
A202606,C2028Q2T05,VICTAS,11600,1,61
A202606,C2027Q4T07,VICSA,11600,1,3
A202606,C2026Q3T12,TASVIC,11600,7,249
A202606,C2027Q3T08,VICTAS,11600,1,76
A202606,C2026Q4T11,VICNSW,11600,2,48
A202606,C2027Q2T09,VICTAS,11600,1,66
A202606,C2026Q3T12,QLDNSW,11597.44,1,393
A202606,C2028Q1T06,QLDNSW,11596.24,13,315
A202606,C2028Q2T05,QLDNSW,11577,3,360
A202606,C2027Q1T10,QLDNSW,11572.8,1,404
A202606,C2027Q3T08,TASVIC,11557,1,62
A202606,C2027Q1T10,QLDNSW,11550,6,410
A202606,C2027Q1T10,QLDNSW,11550,3,413
A202606,C2027Q1T10,QLDNSW,11545,3,416
A202606,C2028Q3T04,QLDNSW,11530,9,376
A202606,C2027Q3T08,VICTAS,11525,1,77
A202606,C2027Q1T10,TASVIC,11520,2,22
A202606,C2027Q3T08,VICTAS,11520,1,78
A202606,C2027Q4T07,QLDNSW,11515.32,2,138
A202606,C2028Q2T05,QLDNSW,11513,2,362
A202606,C2026Q3T12,VICNSW,11512,3,192
A202606,C2027Q4T07,QLDNSW,11507.4,16,154
A202606,C2027Q4T07,QLDNSW,11507.4,5,159
A202606,C2028Q1T06,VICSA,11503,8,21
A202606,C2028Q2T05,VICSA,11503,1,12
A202606,C2029Q1T02,VICNSW,11503,8,9
A202606,C2029Q1T02,QLDNSW,11503,10,270
A202606,C2028Q1T06,QLDNSW,11503,10,325
A202606,C2029Q2T01,QLDNSW,11502,2,398
A202606,C2027Q1T10,VICNSW,11500.12,1,34
A202606,C2029Q1T02,VICTAS,11500,1,55
A202606,C2028Q1T06,VICTAS,11500,6,81
A202606,C2028Q1T06,VICSA,11500,10,31
A202606,C2026Q3T12,VICNSW,11500,10,202
A202606,C2026Q4T11,VICTAS,11500,3,200
A202606,C2027Q2T09,QLDNSW,11500,4,385
A202606,C2027Q1T10,VICTAS,11500,10,141
A202606,C2028Q1T06,VICSA,11500,2,33
A202606,C2029Q1T02,QLDNSW,11498.76,15,285
A202606,C2027Q3T08,QLDNSW,11490,3,381
A202606,C2028Q3T04,TASVIC,11488.40039,1,79
A202606,C2026Q3T12,TASVIC,11488.40039,5,254
A202606,C2027Q2T09,QLDNSW,11488,5,390
A202606,C2028Q1T06,QLDNSW,11487,2,327
A202606,C2028Q1T06,QLDNSW,11480.65,4,331
A202606,C2028Q1T06,NSWQLD,11466,15,33
A202606,C2027Q1T10,QLDNSW,11464,1,417
A202606,C2028Q1T06,QLDNSW,11460,3,334
A202606,C2028Q1T06,QLDNSW,11460,20,354
A202606,C2028Q4T03,QLDNSW,11448.108,16,239
A202606,C2029Q1T02,QLDNSW,11440.25,4,289
A202606,C2027Q3T08,VICTAS,11440,1,79
A202606,C2028Q3T04,QLDNSW,11439,2,378
A202606,C2026Q3T12,VICSA,11436.6,1,155
A202606,C2028Q2T05,VICTAS,11426,1,62
A202606,C2029Q1T02,VICTAS,11421.15692,11,66
A202606,C2027Q3T08,QLDNSW,11421,3,384
A202606,C2026Q4T11,QLDNSW,11416.86,13,241
A202606,C2027Q1T10,VICSA,11415.95,1,9
A202606,C2028Q4T03,VICTAS,11400.65,1,73
A202606,C2027Q3T08,TASVIC,11400.07,2,64
A202606,C2029Q1T02,TASVIC,11400,1,7
A202606,C2027Q2T09,VICTAS,11400,1,67
A202606,C2028Q2T05,VICTAS,11400,1,63
A202606,C2026Q4T11,QLDNSW,11397.96,4,245
A202606,C2026Q3T12,VICNSW,11392.7,11,213
A202606,C2028Q2T05,QLDNSW,11385,3,365
A202606,C2029Q1T02,QLDNSW,11385,3,292
A202606,C2027Q4T07,QLDNSW,11382,6,165
A202606,C2027Q1T10,VICNSW,11380.12,1,35
A202606,C2026Q3T12,VICSA,11375,5,160
A202606,C2028Q1T06,NSWQLD,11373.9,1,34
A202606,C2027Q3T08,VICTAS,11360,1,80
A202606,C2028Q1T06,QLDNSW,11359,4,358
A202606,C2026Q3T12,VICNSW,11352.23,1,214
A202606,C2026Q3T12,VICNSW,11342,1,215
A202606,C2027Q4T07,QLDNSW,11337.27,3,168
A202606,C2029Q1T02,QLDNSW,11330.62,4,296
A202606,C2029Q2T01,QLDNSW,11329,7,405
A202606,C2029Q1T02,QLDNSW,11326.38,13,309
A202606,C2029Q1T02,QLDNSW,11325,1,310
A202606,C2026Q3T12,VICNSW,11325,5,220
A202606,C2028Q3T04,QLDNSW,11312,6,384
A202606,C2029Q1T02,NSWQLD,11302.08,1,9
A202606,C2027Q2T09,QLDNSW,11297,2,392
A202606,C2028Q2T05,QLDNSW,11294,5,370
A202606,C2026Q3T12,VICNSW,11290,2,222
A202606,C2027Q3T08,VICTAS,11280,1,81
A202606,C2027Q1T10,TASVIC,11280,2,24
A202606,C2028Q1T06,NSWQLD,11269.12,9,43
A202606,C2029Q1T02,QLDNSW,11265,5,315
A202606,C2027Q1T10,VICNSW,11260.12,1,36
A202606,C2026Q4T11,QLDNSW,11255.04,5,250
A202606,C2027Q1T10,NSWQLD,11252.76,1,26
A202606,C2028Q4T03,QLDNSW,11250,6,245
A202606,C2027Q2T09,QLDNSW,11245,1,393
A202606,C2027Q1T10,QLDNSW,11244.09,10,427
A202606,C2029Q2T01,QLDNSW,11242.18,8,413
A202606,C2028Q2T05,QLDNSW,11242.18,8,378
A202606,C2027Q2T09,QLDNSW,11239,4,397
A202606,C2028Q3T04,QLDNSW,11237.85,1,385
A202606,C2026Q3T12,VICNSW,11232.87,6,228
A202606,C2026Q3T12,VICTAS,11226,2,229
A202606,C2029Q2T01,QLDNSW,11223,7,420
A202606,C2026Q3T12,VICSA,11220.93,5,165
A202606,C2029Q1T02,QLDNSW,11211,4,319
A202606,C2027Q1T10,QLDNSW,11211,4,431
A202606,C2028Q1T06,QLDNSW,11211,5,363
A202606,C2028Q4T03,VICTAS,11200.65,1,74
A202606,C2029Q2T01,VICTAS,11200.48,2,64
A202606,C2029Q2T01,TASVIC,11200.11,1,28
A202606,C2027Q4T07,VICTAS,11200,1,112
A202606,C2026Q4T11,VICTAS,11200,3,203
A202606,C2027Q2T09,VICTAS,11200,1,68
A202606,C2027Q3T08,VICTAS,11200,1,82
A202606,C2026Q3T12,TASVIC,11200,7,261
A202606,C2028Q2T05,VICTAS,11200,1,64
A202606,C2027Q3T08,QLDNSW,11197.7,1,385
A202606,C2028Q3T04,TASVIC,11194.22821,3,82
A202606,C2027Q1T10,VICNSW,11194,4,40
A202606,C2028Q1T06,QLDNSW,11192.38,1,364
A202606,C2028Q1T06,QLDNSW,11191,3,367
A202606,C2028Q3T04,QLDNSW,11181,8,393
A202606,C2027Q2T09,TASVIC,11167.50775,8,32
A202606,C2027Q3T08,QLDNSW,11166,6,391
A202606,C2026Q3T12,VICNSW,11157,1,229
A202606,C2028Q1T06,VICSA,11150,2,35
A202606,C2026Q3T12,TASVIC,11142.80976,20,281
A202606,C2027Q1T10,VICNSW,11140.12,1,41
A202606,C2029Q1T02,QLDNSW,11122,5,324
A202606,C2028Q1T06,QLDNSW,11120.65,4,371
A202606,C2029Q1T02,QLDNSW,11120.25,4,328
A202606,C2027Q3T08,VICTAS,11120,1,83
A202606,C2029Q2T01,QLDNSW,11118,4,424
A202606,C2029Q2T01,QLDNSW,11114.43,1,425
A202606,C2028Q2T05,QLDNSW,11114.43,1,379
A202606,C2028Q2T05,QLDNSW,11111,4,383
A202606,C2026Q4T11,VICTAS,11107.2002,3,206
A202606,C2028Q4T03,QLDNSW,11105.3,1,246
A202606,C2029Q1T02,TASVIC,11100,1,8
A202606,C2027Q1T10,QLDNSW,11100,3,434
A202606,C2027Q1T10,QLDNSW,11090.6,1,435
A202606,C2027Q2T09,QLDNSW,11087,3,400
A202606,C2026Q4T11,VICTAS,11087,2,208
A202606,C2027Q3T08,QLDNSW,11083,5,396
A202606,C2028Q3T04,QLDNSW,11074,7,400
A202606,C2027Q3T08,TASVIC,11072.62078,5,69
A202606,C2028Q1T06,QLDNSW,11066,3,374
A202606,C2028Q3T04,QLDNSW,11062.3,8,408
A202606,C2026Q4T11,VICNSW,11057,4,52
A202606,C2026Q3T12,VICSA,11055.38,1,166
A202606,C2027Q3T08,VICTAS,11045,1,84
A202606,C2026Q4T11,VICNSW,11044,3,55
A202606,C2027Q4T07,QLDNSW,11040,20,188
A202606,C2027Q3T08,VICTAS,11040,1,85
A202606,C2027Q1T10,TASVIC,11040,2,26
A202606,C2026Q3T12,VICNSW,11021,3,232
A202606,C2027Q1T10,VICNSW,11020.12,1,42
A202606,C2027Q1T10,VICSA,11016,4,13
A202606,C2029Q2T01,QLDNSW,11010,7,432
A202606,C2028Q2T05,QLDNSW,11003,5,388
A202606,C2027Q4T07,VICTAS,11001,1,113
A202606,C2026Q4T11,VICNSW,11001,1,56
A202606,C2026Q3T12,QLDNSW,11000.89,10,403
A202606,C2028Q4T03,VICTAS,11000.65,1,75
A202606,C2028Q2T05,VICTAS,11000,1,65
A202606,C2027Q2T09,VICTAS,11000,1,69
A202606,C2027Q4T07,VICTAS,11000,1,114
A202606,C2026Q4T11,VICNSW,11000,30,86
A202606,C2029Q1T02,VICTAS,11000,1,67
A202606,C2026Q4T11,QLDNSW,10996.24,10,260
A202606,C2027Q1T10,VICSA,10994,10,23
A202606,C2027Q2T09,QLDNSW,10992,4,404
A202606,C2027Q1T10,VICSA,10986.32,1,24
A202606,C2028Q2T05,VICTAS,10977,12,77
A202606,C2027Q3T08,VICTAS,10960,1,86
A202606,C2028Q1T06,QLDNSW,10956,5,379
A202606,C2026Q3T12,VICTAS,10954.7998,5,234
A202606,C2027Q3T08,VICTAS,10954.7998,1,87
A202606,C2028Q3T04,QLDNSW,10952,10,418
A202606,C2027Q3T08,QLDNSW,10950,10,406
A202606,C2028Q1T06,NSWQLD,10945.85,1,44
A202606,C2027Q1T10,QLDNSW,10940.18,4,439
A202606,C2027Q1T10,VICTAS,10939.6,8,149
A202606,C2027Q3T08,QLDNSW,10923,7,413
A202606,C2028Q2T05,QLDNSW,10922,4,392
A202606,C2026Q4T11,QLDNSW,10922,6,266
A202606,C2026Q3T12,VICNSW,10912,2,234
A202606,C2027Q2T09,QLDNSW,10912,3,407
A202606,C2028Q3T04,VICSA,10905.31,4,14
A202606,C2026Q4T11,VICNSW,10902,2,88
A202606,C2027Q1T10,VICNSW,10900.12,1,43
A202606,C2027Q1T10,QLDNSW,10900,6,445
A202606,C2026Q4T11,VICTAS,10900,3,211
A202606,C2029Q1T02,NSWQLD,10892.16,1,10
A202606,C2026Q3T12,VICNSW,10885.7,1,235
A202606,C2027Q3T08,VICTAS,10880,1,88
A202606,C2029Q2T01,QLDNSW,10880,11,443
A202606,C2026Q3T12,VICNSW,10873,7,242
A202606,C2028Q4T03,NSWQLD,10872.57461,8,14
A202606,C2027Q1T10,VICTAS,10853.44253,7,156
A202606,C2027Q2T09,VICTAS,10852,12,81
A202606,C2026Q3T12,VICSA,10851,5,171
A202606,C2028Q2T05,QLDNSW,10848,4,396
A202606,C2027Q1T10,TASVIC,10842.74248,7,33
A202606,C2026Q4T11,VICNSW,10834,2,90
A202606,C2027Q1T10,NSWQLD,10816.91504,10,36
A202606,C2027Q3T08,QLDNSW,10816,8,421
A202606,C2028Q3T04,QLDNSW,10815,8,426
A202606,C2029Q2T01,QLDNSW,10813,7,450
A202606,C2028Q4T03,VICTAS,10800.65,1,76
A202606,C2029Q2T01,VICTAS,10800.48,2,66
A202606,C2029Q1T02,QLDNSW,10800.25,4,332
A202606,C2029Q2T01,TASVIC,10800.11,1,29
A202606,C2027Q3T08,TASVIC,10800.07,2,71
A202606,C2029Q1T02,NSWQLD,10800,15,25
A202606,C2028Q2T05,VICTAS,10800,1,78
A202606,C2029Q1T02,TASVIC,10800,1,9
A202606,C2028Q1T06,VICSA,10800,2,37
A202606,C2027Q1T10,TASVIC,10800,2,35
A202606,C2029Q1T02,QLDNSW,10800,1,333
A202606,C2026Q3T12,TASVIC,10800,7,288
A202606,C2027Q2T09,VICTAS,10800,1,82
A202606,C2027Q4T07,VICTAS,10800,1,115
A202606,C2028Q1T06,QLDNSW,10800,3,382
A202606,C2027Q3T08,VICTAS,10800,1,89
A202606,C2027Q2T09,QLDNSW,10794,5,412
A202606,C2027Q4T07,QLDNSW,10793.98,11,199
A202606,C2028Q3T04,TASVIC,10792.53,2,84
A202606,C2027Q2T09,TASVIC,10792.53,6,38
A202606,C2028Q1T06,TASVIC,10792.53,3,10
A202606,C2028Q2T05,TASVIC,10792.53,3,24
A202606,C2027Q1T10,TASVIC,10792.53,8,43
A202606,C2027Q4T07,TASVIC,10792.53,4,4
A202606,C2027Q3T08,TASVIC,10792.53,5,76
A202606,C2026Q3T12,TASVIC,10792.53,15,303
A202606,C2028Q4T03,TASVIC,10792.53,2,2
A202606,C2028Q2T05,VICTAS,10791,1,79
A202606,C2028Q1T06,QLDNSW,10789,5,387
A202606,C2027Q1T10,NSWQLD,10789,1,37
A202606,C2029Q1T02,QLDNSW,10789,4,337
A202606,C2027Q1T10,QLDNSW,10789,4,449
A202606,C2027Q1T10,VICNSW,10780.12,1,44
A202606,C2026Q3T12,VICTAS,10776,1,235
A202606,C2028Q3T04,QLDNSW,10762,9,435
A202606,C2028Q1T06,QLDNSW,10760.65,4,391
A202606,C2027Q1T10,NSWQLD,10754.22,1,38
A202606,C2027Q4T07,NSWQLD,10754,2,6
A202606,C2028Q3T04,VICSA,10753,1,15
A202606,C2026Q3T12,VICSA,10723.15,11,182
A202606,C2027Q3T08,VICTAS,10720,1,90
A202606,C2029Q1T02,VICNSW,10720,3,12
A202606,C2027Q1T10,VICSA,10711.459,3,27
A202606,C2028Q1T06,QLDNSW,10704,7,398
A202606,C2027Q2T09,QLDNSW,10701.6,5,417
A202606,C2026Q3T12,VICSA,10700,5,187
A202606,C2028Q2T05,QLDNSW,10698,3,399
A202606,C2026Q3T12,VICNSW,10692,4,246
A202606,C2026Q4T11,QLDNSW,10687.95999,15,281
A202606,C2026Q4T11,QLDNSW,10687.95,10,291
A202606,C2026Q3T12,VICSA,10686.6,7,194
A202606,C2027Q3T08,QLDNSW,10686,3,424
A202606,C2026Q3T12,VICSA,10674.16,1,195
A202606,C2028Q1T06,NSWQLD,10665,1,45
A202606,C2026Q4T11,VICNSW,10663,2,92
A202606,C2027Q1T10,VICNSW,10660.12,1,45
A202606,C2027Q1T10,QLDNSW,10650,3,452
A202606,C2029Q2T01,QLDNSW,10649,6,456
A202606,C2028Q2T05,TASVIC,10643.96855,3,27
A202606,C2028Q1T06,QLDNSW,10642,5,403
A202606,C2027Q2T09,QLDNSW,10640,6,423
A202606,C2027Q3T08,VICTAS,10640,1,91
A202606,C2027Q2T09,QLDNSW,10639.5,1,424
A202606,C2028Q3T04,QLDNSW,10635,8,443
A202606,C2027Q3T08,QLDNSW,10625.54999,1,425
A202606,C2027Q2T09,QLDNSW,10622,16,440
A202606,C2027Q4T07,VICTAS,10608.43995,4,119
A202606,C2027Q1T10,QLDNSW,10608.4,1,453
A202606,C2026Q3T12,VICNSW,10604,1,247
A202606,C2028Q4T03,VICTAS,10600.65,1,77
A202606,C2027Q2T09,VICTAS,10600,1,83
A202606,C2027Q4T07,VICNSW,10600,7,66
A202606,C2028Q2T05,VICTAS,10600,1,80
A202606,C2026Q4T11,VICTAS,10600,3,214
A202606,C2028Q4T03,QLDNSW,10590.48,1,247
A202606,C2026Q3T12,VICNSW,10584,2,249
A202606,C2027Q3T08,VICTAS,10565,1,92
A202606,C2026Q4T11,VICNSW,10560.95999,1,93
A202606,C2027Q1T10,TASVIC,10560,2,45
A202606,C2027Q3T08,VICTAS,10560,1,93
A202606,C2026Q4T11,VICSA,10558,3,12
A202606,C2028Q2T05,QLDNSW,10557,7,406
A202606,C2027Q1T10,VICSA,10556.69,1,28
A202606,C2028Q1T06,QLDNSW,10555.42,1,404
A202606,C2026Q4T11,VICNSW,10555,1,94
A202606,C2027Q4T07,QLDNSW,10548.45,10,209
A202606,C2026Q3T12,VICNSW,10547,4,253
A202606,C2029Q1T02,NSWQLD,10543,1,26
A202606,C2026Q3T12,QLDNSW,10540.37,10,413
A202606,C2027Q1T10,VICNSW,10540.12,1,46
A202606,C2027Q1T10,VICNSW,10533,2,48
A202606,C2028Q3T04,QLDNSW,10527,4,447
A202606,C2027Q3T08,VICSA,10523,1,16
A202606,C2029Q2T01,QLDNSW,10519,7,463
A202606,C2027Q3T08,QLDNSW,10518,7,432
A202606,C2028Q1T06,NSWQLD,10517.79999,1,46
A202606,C2028Q1T06,NSWQLD,10512,1,47
A202606,C2027Q2T09,VICSA,10510.5,4,13
A202606,C2028Q1T06,QLDNSW,10505,10,414
A202606,C2029Q1T02,VICTAS,10500,1,68
A202606,C2029Q1T02,TASVIC,10500,1,10
A202606,C2028Q4T03,QLDNSW,10500,6,253
A202606,C2027Q1T10,VICNSW,10500,2,50
A202606,C2028Q4T03,QLDNSW,10494.1,15,268
A202606,C2026Q4T11,VICNSW,10491,2,96
A202606,C2029Q2T01,TASVIC,10487.17681,2,31
A202606,C2027Q1T10,NSWQLD,10487,1,39
A202606,C2029Q1T02,NSWQLD,10483,1,27
A202606,C2029Q1T02,NSWQLD,10482.24,1,28
A202606,C2029Q1T02,QLDNSW,10480.25,4,341
A202606,C2027Q3T08,VICTAS,10480,1,94
A202606,C2028Q2T05,QLDNSW,10478,10,416
A202606,C2027Q2T09,QLDNSW,10469,5,445
A202606,C2028Q3T04,QLDNSW,10466.62,1,448
A202606,C2026Q3T12,VICNSW,10465,6,259
A202606,C2029Q2T01,QLDNSW,10464,7,470
A202606,C2029Q1T02,TASVIC,10453.45999,4,14
A202606,C2028Q1T06,VICSA,10450,2,39
A202606,C2027Q1T10,VICNSW,10447,2,52
A202606,C2029Q1T02,QLDNSW,10440,6,347
A202606,C2028Q1T06,VICTAS,10435.59999,17,98
A202606,C2026Q4T11,VICTAS,10435,1,215
A202606,C2027Q1T10,VICNSW,10420.12,1,53
A202606,C2026Q3T12,VICNSW,10419.17,1,260
A202606,C2027Q3T08,QLDNSW,10418,11,443
A202606,C2027Q1T10,VICNSW,10415,6,59
A202606,C2027Q1T10,VICNSW,10414.79999,6,65
A202606,C2028Q3T04,QLDNSW,10409,5,453
A202606,C2027Q2T09,QLDNSW,10400.76,6,451
A202606,C2028Q1T06,QLDNSW,10400.65,4,418
A202606,C2028Q4T03,VICTAS,10400.65,1,78
A202606,C2029Q2T01,VICTAS,10400.48,2,68
A202606,C2029Q2T01,TASVIC,10400.11,1,32
A202606,C2028Q2T05,VICTAS,10400,1,81
A202606,C2027Q4T07,VICTAS,10400,1,120
A202606,C2026Q3T12,TASVIC,10400,7,310
A202606,C2027Q2T09,VICTAS,10400,1,84
A202606,C2027Q3T08,VICTAS,10400,1,95
A202606,C2028Q1T06,NSWQLD,10395.84,3,50
A202606,C2027Q1T10,VICNSW,10395,2,67
A202606,C2027Q1T10,VICNSW,10384.20999,1,68
A202606,C2027Q1T10,VICNSW,10376,5,73
A202606,C2026Q4T11,VICNSW,10373,3,99
A202606,C2028Q1T06,QLDNSW,10368,4,422
A202606,C2027Q1T10,QLDNSW,10368,4,457
A202606,C2029Q1T02,QLDNSW,10368,4,351
A202606,C2026Q3T12,VICNSW,10366,6,266
A202606,C2027Q3T08,QLDNSW,10361.75,5,448
A202606,C2026Q3T12,VICNSW,10361,5,271
A202606,C2029Q1T02,NSWQLD,10357,1,29
A202606,C2028Q2T05,QLDNSW,10354,5,421
A202606,C2028Q2T05,QLDNSW,10351.67,1,422
A202606,C2029Q2T01,QLDNSW,10351.67,1,471
A202606,C2027Q2T09,QLDNSW,10343,6,457
A202606,C2027Q1T10,VICNSW,10342,2,75
A202606,C2026Q4T11,VICNSW,10336,2,101
A202606,C2028Q2T05,TASVIC,10331.40039,1,28
A202606,C2026Q3T12,VICSA,10330.37999,5,200
A202606,C2026Q3T12,VICTAS,10328,2,237
A202606,C2027Q1T10,TASVIC,10320,2,47
A202606,C2029Q2T01,QLDNSW,10320,5,476
A202606,C2027Q3T08,VICTAS,10320,1,96
A202606,C2027Q4T07,VICTAS,10318.43,8,128
A202606,C2028Q1T06,NSWQLD,10314,1,51
A202606,C2028Q3T04,QLDNSW,10302,7,460
A202606,C2027Q1T10,VICNSW,10300.12,1,76
A202606,C2026Q4T11,VICTAS,10300,3,218
A202606,C2027Q2T09,QLDNSW,10294,3,460
A202606,C2026Q3T12,VICSA,10292.94,1,201
A202606,C2027Q1T10,NSWQLD,10290,1,40
A202606,C2027Q1T10,VICNSW,10289,2,78
A202606,C2029Q1T02,QLDNSW,10275,1,352
A202606,C2028Q2T05,QLDNSW,10268,6,428
A202606,C2029Q1T02,NSWQLD,10265,1,30
A202606,C2027Q2T09,TASVIC,10260,1,39
A202606,C2027Q1T10,NSWQLD,10255.68,1,41
A202606,C2027Q1T10,VICNSW,10251,2,80
A202606,C2027Q1T10,QLDNSW,10250,6,463
A202606,C2027Q3T08,VICTAS,10242.15156,24,120
A202606,C2027Q3T08,VICTAS,10240,1,121
A202606,C2027Q1T10,VICNSW,10237,2,82
A202606,C2027Q4T07,QLDNSW,10236,1,210
A202606,C2027Q3T08,QLDNSW,10232,10,458
A202606,C2026Q4T11,VICNSW,10231,2,103
A202606,C2026Q3T12,VICTAS,10230,10,247
A202606,C2029Q2T01,VICSA,10210.2,4,26
A202606,C2026Q3T12,VICNSW,10206,7,278
A202606,C2028Q4T03,VICTAS,10200.65,1,79
A202606,C2027Q3T08,TASVIC,10200.07,2,78
A202606,C2028Q2T05,VICTAS,10200,1,82
A202606,C2028Q1T06,VICTAS,10200,6,104
A202606,C2029Q1T02,TASVIC,10200,1,15
A202606,C2027Q2T09,VICTAS,10200,1,85
A202606,C2027Q1T10,QLDNSW,10200,3,466
A202606,C2027Q1T10,VICTAS,10200,10,166
A202606,C2027Q2T09,QLDNSW,10192,10,470
A202606,C2027Q1T10,VICNSW,10186,4,86
A202606,C2027Q1T10,VICNSW,10184,2,88
A202606,C2026Q4T11,VICTAS,10181.5996,3,221
A202606,C2027Q1T10,VICNSW,10180.12,1,89
A202606,C2027Q1T10,NSWQLD,10178,1,42
A202606,C2028Q2T05,VICTAS,10175.20019,1,83
A202606,C2027Q2T09,VICTAS,10172.40039,1,86
A202606,C2027Q2T09,QLDNSW,10171,6,476
A202606,C2028Q1T06,NSWQLD,10166,1,52
A202606,C2028Q4T03,VICTAS,10163.31206,2,81
A202606,C2029Q1T02,QLDNSW,10160.25,4,356
A202606,C2027Q3T08,VICTAS,10160,1,122
A202606,C2028Q2T05,QLDNSW,10160,7,435
A202606,C2028Q2T05,VICTAS,10156,1,84
A202606,C2028Q1T06,NSWQLD,10147,1,53
A202606,C2027Q1T10,VICNSW,10132,2,91
A202606,C2027Q1T10,VICSA,10127.06,1,29
A202606,C2027Q1T10,QLDNSW,10126.2,1,467
A202606,C2026Q4T11,VICNSW,10123,5,108
A202606,C2026Q4T11,VICNSW,10120.92,1,109
A202606,C2026Q3T12,VICSA,10110,4,205
A202606,C2029Q1T02,TASVIC,10104.885,2,17
A202606,C2029Q2T01,TASVIC,10104.885,2,34
A202606,C2028Q2T05,QLDNSW,10103,6,441
A202606,C2026Q3T12,VICNSW,10101,9,287
A202606,C2028Q1T06,VICSA,10100,2,41
A202606,C2028Q1T06,NSWQLD,10098,2,55
A202606,C2028Q1T06,NSWQLD,10089.75,1,56
A202606,C2027Q4T07,VICTAS,10084.25,1,129
A202606,C2027Q3T08,VICTAS,10084,1,123
A202606,C2027Q1T10,TASVIC,10080,2,49
A202606,C2027Q3T08,VICTAS,10080,1,124
A202606,C2027Q1T10,VICNSW,10079,2,93
A202606,C2028Q4T03,QLDNSW,10075.66,1,269
A202606,C2029Q1T02,NSWQLD,10072.32,1,31
A202606,C2029Q1T02,NSWQLD,10064,1,32
A202606,C2028Q1T06,VICSA,10061,1,42
A202606,C2027Q1T10,VICNSW,10060.12,1,94
A202606,C2027Q3T08,QLDNSW,10053.41,1,459
A202606,C2026Q3T12,VICTAS,10041.90039,5,252
A202606,C2027Q3T08,VICTAS,10041.90039,1,125
A202606,C2028Q1T06,QLDNSW,10040.65,4,426
A202606,C2027Q2T09,QLDNSW,10034,1,477
A202606,C2027Q1T10,VICNSW,10026,2,96
A202606,C2026Q3T12,VICSA,10025,5,210
A202606,C2028Q1T06,NSWQLD,10017,10,66
A202606,C2026Q4T11,VICNSW,10015,2,111
A202606,C2028Q2T05,QLDNSW,10009,4,445
A202606,C2027Q1T10,QLDNSW,10008,6,473
A202606,C2027Q1T10,VICNSW,10008,1,97
A202606,C2027Q1T10,QLDNSW,10003,8,481
A202606,C2029Q1T02,VICSA,10003,1,4
A202606,C2026Q4T11,VICSA,10003,8,20
A202606,C2028Q2T05,QLDNSW,10003,8,453
A202606,C2028Q3T04,QLDNSW,10003,10,470
A202606,C2027Q3T08,QLDNSW,10003,10,469
A202606,C2029Q2T01,VICSA,10003,8,34
A202606,C2026Q3T12,QLDNSW,10003,10,423
A202606,C2026Q3T12,VICNSW,10003,8,295
A202606,C2027Q1T10,VICSA,10003,8,37
A202606,C2027Q1T10,QLDNSW,10003,10,491
A202606,C2027Q1T10,VICTAS,10003,10,176
A202606,C2027Q4T07,VICNSW,10003,8,74
A202606,C2029Q2T01,QLDNSW,10003,10,486
A202606,C2028Q3T04,QLDNSW,10003,8,478
A202606,C2027Q2T09,QLDNSW,10003,10,487
A202606,C2028Q2T05,QLDNSW,10003,10,463
A202606,C2028Q4T03,VICNSW,10002,3,17
A202606,C2026Q3T12,VICNSW,10001,5,300
A202606,C2026Q3T12,VICSA,10001,6,216
A202606,C2028Q3T04,VICTAS,10000.96999,2,45
A202606,C2027Q4T07,QLDNSW,10000.85,1,211
A202606,C2026Q4T11,QLDNSW,10000.625,1,292
A202606,C2027Q4T07,SAVIC,10000.625,1,4
A202606,C2026Q4T11,VICNSW,10000.625,1,112
A202606,C2026Q3T12,NSWVIC,10000.625,1,2
A202606,C2026Q3T12,VICNSW,10000.625,1,301
A202606,C2027Q1T10,SAVIC,10000.625,1,2
A202606,C2026Q4T11,SAVIC,10000.625,1,4
A202606,C2026Q3T12,NSWQLD,10000.625,1,2
A202606,C2027Q4T07,QLDNSW,10000.625,1,212
A202606,C2028Q1T06,VICSA,10000.625,1,43
A202606,C2028Q2T05,QLDNSW,10000.625,1,464
A202606,C2028Q1T06,QLDNSW,10000.625,1,427
A202606,C2028Q2T05,VICNSW,10000.625,1,21
A202606,C2028Q2T05,NSWVIC,10000.625,1,2
A202606,C2028Q3T04,VICNSW,10000.625,1,22
A202606,C2028Q2T05,NSWQLD,10000.625,1,2
A202606,C2028Q3T04,SAVIC,10000.625,1,2
A202606,C2028Q4T03,VICNSW,10000.625,1,18
A202606,C2028Q4T03,QLDNSW,10000.625,1,270
A202606,C2026Q3T12,SAVIC,10000.625,1,2
A202606,C2028Q3T04,NSWVIC,10000.625,1,2
A202606,C2028Q3T04,NSWQLD,10000.625,1,2
A202606,C2028Q4T03,SAVIC,10000.625,1,4
A202606,C2028Q2T05,SAVIC,10000.625,1,2
A202606,C2028Q1T06,SAVIC,10000.625,1,2
A202606,C2028Q1T06,VICNSW,10000.625,1,17
A202606,C2028Q2T05,VICSA,10000.625,1,13
A202606,C2028Q1T06,NSWVIC,10000.625,1,2
A202606,C2029Q1T02,VICSA,10000.625,1,5
A202606,C2029Q1T02,VICNSW,10000.625,1,13
A202606,C2029Q1T02,SAVIC,10000.625,1,2
A202606,C2029Q1T02,QLDNSW,10000.625,1,357
A202606,C2027Q2T09,NSWVIC,10000.625,1,2
A202606,C2027Q3T08,NSWQLD,10000.625,1,2
A202606,C2027Q2T09,SAVIC,10000.625,1,2
A202606,C2027Q1T10,NSWVIC,10000.625,1,2
A202606,C2027Q1T10,QLDNSW,10000.625,1,492
A202606,C2027Q2T09,QLDNSW,10000.625,1,488
A202606,C2027Q2T09,NSWQLD,10000.625,1,2
A202606,C2027Q1T10,VICNSW,10000.625,1,98
A202606,C2027Q3T08,VICNSW,10000.625,1,50
A202606,C2027Q2T09,VICSA,10000.625,1,14
A202606,C2029Q1T02,NSWVIC,10000.625,1,2
A202606,C2027Q3T08,NSWVIC,10000.625,1,2
A202606,C2027Q3T08,SAVIC,10000.625,1,2
A202606,C2027Q1T10,VICSA,10000.625,1,38
A202606,C2027Q2T09,VICNSW,10000.625,1,41
A202606,C2027Q4T07,VICNSW,10000.625,1,75
A202606,C2029Q2T01,VICTAS,10000.48,2,70
A202606,C2027Q3T08,VICNSW,10000.35,2,52
A202606,C2026Q3T12,VICTAS,10000.17,10,262
A202606,C2027Q2T09,QLDNSW,10000,8,496
A202606,C2028Q4T03,VICTAS,10000,1,82
A202606,C2026Q4T11,VICNSW,10000,30,142
A202606,C2027Q2T09,TASVIC,10000,2,41
A202606,C2026Q3T12,VICNSW,10000,10,311
A202606,C2027Q1T10,VICNSW,10000,30,128
A202606,C2027Q4T07,VICTAS,10000,1,130
A202606,C2026Q3T12,QLDNSW,10000,10,433
A202606,C2028Q2T05,TASVIC,10000,1,29
A202606,C2028Q1T06,TASVIC,10000,1,11
A202606,C2026Q4T11,VICTAS,10000,1,222
A202606,C2027Q1T10,VICNSW,9974,2,130
A202606,C2026Q4T11,QLDNSW,9973.20999,4,296
A202606,C2027Q1T10,VICNSW,9968.84,1,131
A202606,C2029Q1T02,NSWQLD,9954.945,3,35
A202606,C2026Q3T12,VICNSW,9952.64,1,312
A202606,C2029Q1T02,NSWQLD,9951,1,36
A202606,C2027Q1T10,QLDNSW,9947,4,496
A202606,C2029Q1T02,QLDNSW,9947,4,361
A202606,C2028Q1T06,QLDNSW,9947,4,431
A202606,C2027Q1T10,NSWQLD,9941,1,43
A202606,C2027Q1T10,VICNSW,9940.12,1,132
A202606,C2028Q1T06,NSWQLD,9923,1,67
A202606,C2027Q1T10,VICNSW,9921,1,133
A202606,C2027Q4T07,QLDNSW,9920.85,1,213
A202606,C2027Q1T10,VICNSW,9919,2,135
A202606,C2028Q1T06,QLDNSW,9918.45,1,432
A202606,C2026Q3T12,VICSA,9911.71999,1,217
A202606,C2027Q3T08,TASVIC,9906,1,79
A202606,C2027Q3T08,VICNSW,9900.35,2,54
A202606,C2029Q1T02,TASVIC,9900,1,18
A202606,C2027Q2T09,TASVIC,9900,2,43
A202606,C2028Q2T05,TASVIC,9900,1,30
A202606,C2028Q2T05,QLDNSW,9899,13,477
A202606,C2029Q1T02,VICTAS,9898,1,69
A202606,C2028Q1T06,VICNSW,9896.25,6,23
A202606,C2027Q1T10,VICNSW,9888,4,139
A202606,C2027Q4T07,QLDNSW,9877.74,1,214
A202606,C2027Q2T09,QLDNSW,9872,9,505
A202606,C2027Q3T08,QLDNSW,9868.33,10,479
A202606,C2027Q1T10,VICNSW,9868,1,140
A202606,C2026Q4T11,VICNSW,9862.465,6,148
A202606,C2027Q2T09,QLDNSW,9859,7,512
A202606,C2026Q3T12,VICNSW,9855,7,319
A202606,C2026Q3T12,VICNSW,9853.2,15,334
A202606,C2027Q1T10,VICSA,9852,10,48
A202606,C2026Q3T12,TASVIC,9847.20019,5,315
A202606,C2026Q3T12,VICTAS,9846.32283,20,282
A202606,C2026Q4T11,VICNSW,9845,3,151
A202606,C2027Q4T07,QLDNSW,9840.85,1,215
A202606,C2029Q1T02,QLDNSW,9840.25,4,365
A202606,C2027Q1T10,NSWQLD,9840,1,44
A202606,C2028Q1T06,TASVIC,9840,1,12
A202606,C2027Q1T10,TASVIC,9840,2,51
A202606,C2029Q2T01,QLDNSW,9836.911,10,496
A202606,C2028Q2T05,QLDNSW,9836.911,5,482
A202606,C2026Q4T11,QLDNSW,9830.24,10,306
A202606,C2028Q1T06,SAVIC,9828,5,7
A202606,C2029Q1T02,TASVIC,9821,4,22
A202606,C2027Q1T10,VICNSW,9820.12,1,141
A202606,C2027Q1T10,VICNSW,9816,1,142
A202606,C2028Q1T06,NSWQLD,9810,1,68
A202606,C2029Q1T02,NSWQLD,9803,1,37
A202606,C2027Q3T08,VICNSW,9800.35,2,56
A202606,C2026Q3T12,VICTAS,9800.17,10,292
A202606,C2028Q2T05,TASVIC,9800,1,31
A202606,C2027Q2T09,TASVIC,9800,2,45
A202606,C2027Q1T10,VICNSW,9797,2,144
A202606,C2026Q3T12,VICNSW,9793,4,338
A202606,C2029Q1T02,NSWQLD,9785.32,9,46
A202606,C2026Q4T11,VICNSW,9782,7,158
A202606,C2027Q1T10,VICNSW,9763,1,145
A202606,C2027Q4T07,QLDNSW,9760.85,1,216
A202606,C2027Q1T10,NSWQLD,9757.14,1,45
A202606,C2028Q1T06,NSWQLD,9753,1,69
A202606,C2029Q1T02,QLDNSW,9750,1,366
A202606,C2027Q1T10,QLDNSW,9750,3,499
A202606,C2028Q4T03,QLDNSW,9750,6,276
A202606,C2028Q1T06,VICSA,9750,2,45
A202606,C2026Q4T11,VICSA,9739.96488,10,30
A202606,C2027Q1T10,NSWQLD,9735.21999,11,56
A202606,C2026Q4T11,VICNSW,9734,5,163
A202606,C2029Q1T02,QLDNSW,9729.71999,15,381
A202606,C2026Q3T12,VICNSW,9726,5,343
A202606,C2029Q1T02,SAVIC,9720,5,7
A202606,C2028Q1T06,QLDNSW,9715.58,4,436
A202606,C2027Q1T10,VICNSW,9711,1,146
A202606,C2028Q2T05,QLDNSW,9704,10,492
A202606,C2027Q1T10,NSWQLD,9702,1,57
A202606,C2027Q3T08,VICNSW,9700.35,2,58
A202606,C2027Q1T10,VICNSW,9700.12,1,147
A202606,C2028Q2T05,TASVIC,9700,1,32
A202606,C2027Q2T09,TASVIC,9700,2,47
A202606,C2027Q1T10,VICSA,9697.42,1,49
A202606,C2028Q3T04,QLDNSW,9695.4,1,479
A202606,C2027Q1T10,VICSA,9694.08,4,53
A202606,C2026Q4T11,QLDNSW,9691,1,307
A202606,C2028Q4T03,VICSA,9689,1,2
A202606,C2027Q3T08,TASVIC,9688.54317,5,84
A202606,C2026Q4T11,VICNSW,9680.87999,1,164
A202606,C2027Q4T07,QLDNSW,9680.85,1,217
A202606,C2028Q1T06,QLDNSW,9680.65,4,440
A202606,C2028Q1T06,TASVIC,9680,1,13
A202606,C2028Q3T04,QLDNSW,9679.509,10,489
A202606,C2029Q1T02,NSWQLD,9662.4,1,47
A202606,C2028Q1T06,NSWQLD,9661.7,1,70
A202606,C2027Q1T10,VICNSW,9661,3,150
A202606,C2028Q2T05,QLDNSW,9659,4,496
A202606,C2027Q1T10,VICNSW,9658,1,151
A202606,C2027Q1T10,QLDNSW,9644,1,500
A202606,C2026Q4T11,VICNSW,9626,4,168
A202606,C2026Q4T11,QLDNSW,9619.16,20,327
A202606,C2027Q1T10,VICNSW,9611,5,156
A202606,C2027Q1T10,VICNSW,9605,1,157
A202606,C2027Q3T08,VICTAS,9604,1,126
A202606,C2028Q3T04,VICTAS,9600.96999,2,47
A202606,C2027Q4T07,QLDNSW,9600.85,1,218
A202606,C2029Q2T01,VICTAS,9600.48,2,72
A202606,C2027Q3T08,VICNSW,9600.35,2,60
A202606,C2026Q3T12,VICTAS,9600.17,10,302
A202606,C2027Q3T08,TASVIC,9600.07,2,86
A202606,C2028Q2T05,TASVIC,9600,1,33
A202606,C2027Q1T10,QLDNSW,9600,6,506
A202606,C2027Q1T10,TASVIC,9600,2,53
A202606,C2029Q1T02,TASVIC,9600,1,23
A202606,C2027Q2T09,TASVIC,9600,2,49
A202606,C2028Q1T06,NSWQLD,9599,1,71
A202606,C2028Q3T04,TASVIC,9595.05274,3,87
A202606,C2027Q4T07,QLDNSW,9589.5,15,233
A202606,C2029Q2T01,QLDNSW,9588.92,1,497
A202606,C2028Q2T05,QLDNSW,9588.92,1,497
A202606,C2029Q1T02,NSWQLD,9585,1,48
A202606,C2028Q4T03,QLDNSW,9581.29,2,278
A202606,C2027Q1T10,VICNSW,9580.12,1,158
A202606,C2026Q3T12,VICTAS,9578,2,304
A202606,C2028Q4T03,VICNSW,9577.2,6,24
A202606,C2027Q1T10,QLDNSW,9572.66,4,510
A202606,C2028Q4T03,QLDNSW,9560.85,1,279
A202606,C2027Q1T10,VICNSW,9553.48,1,159
A202606,C2027Q1T10,VICNSW,9553,1,160
A202606,C2026Q3T12,TASVIC,9550.97979,30,345
A202606,C2028Q4T03,VICTAS,9545,1,83
A202606,C2026Q3T12,VICNSW,9541,5,348
A202606,C2028Q4T03,QLDNSW,9540.09,15,294
A202606,C2026Q3T12,VICSA,9530.5,1,218
A202606,C2026Q4T11,VICTAS,9528.2,25,247
A202606,C2028Q1T06,QLDNSW,9526,4,444
A202606,C2029Q1T02,QLDNSW,9526,4,385
A202606,C2027Q1T10,QLDNSW,9526,4,514
A202606,C2028Q2T05,VICTAS,9521,1,85
A202606,C2026Q3T12,VICNSW,9521,4,352
A202606,C2027Q4T07,QLDNSW,9520.85,1,234
A202606,C2029Q1T02,QLDNSW,9520.25,4,389
A202606,C2028Q1T06,TASVIC,9520,1,14
A202606,C2027Q4T07,QLDNSW,9519.48,1,235
A202606,C2026Q3T12,VICNSW,9519.45036,10,362
A202606,C2029Q1T02,VICTAS,9517.63076,2,71
A202606,C2027Q3T08,VICNSW,9500.35,2,62
A202606,C2026Q4T11,VICNSW,9500,10,178
A202606,C2027Q2T09,TASVIC,9500,2,51
A202606,C2026Q3T12,VICNSW,9500,10,372
A202606,C2028Q2T05,TASVIC,9500,1,34
A202606,C2027Q1T10,VICNSW,9500,1,161
A202606,C2027Q1T10,VICNSW,9500,6,167
A202606,C2027Q2T09,VICTAS,9496,5,91
A202606,C2027Q4T07,VICTAS,9496,5,135
A202606,C2028Q1T06,NSWQLD,9496,1,72
A202606,C2027Q3T08,VICTAS,9496,5,131
A202606,C2026Q3T12,VICNSW,9486.11,1,373
A202606,C2027Q3T08,QLDNSW,9481.26,1,480
A202606,C2027Q1T10,VICNSW,9474,6,173
A202606,C2028Q2T05,TASVIC,9470.45019,1,35
A202606,C2027Q1T10,VICNSW,9460.12,1,174
A202606,C2027Q1T10,NSWQLD,9459,1,58
A202606,C2026Q4T11,QLDNSW,9448.71999,1,328
A202606,C2027Q4T07,QLDNSW,9440.85,1,236
A202606,C2026Q3T12,VICSA,9439.83,5,223
A202606,C2026Q4T11,VICNSW,9434,4,182
A202606,C2026Q4T11,VICNSW,9430,2,184
A202606,C2027Q2T09,QLDNSW,9428.5,1,513
A202606,C2026Q3T12,VICNSW,9418.5,15,388
A202606,C2027Q2T09,TASVIC,9405,1,52
A202606,C2027Q2T09,TASVIC,9404.21705,10,62
A202606,C2027Q3T08,VICNSW,9400.35,2,64
A202606,C2026Q3T12,VICTAS,9400.17,10,314
A202606,C2027Q2T09,VICSA,9400,1,15
A202606,C2028Q2T05,TASVIC,9400,1,36
A202606,C2028Q1T06,VICSA,9400,2,47
A202606,C2027Q2T09,TASVIC,9400,2,64
A202606,C2027Q1T10,VICNSW,9390,6,180
A202606,C2028Q1T06,VICTAS,9376.79999,3,107
A202606,C2027Q4T07,VICTAS,9376.79999,4,139
A202606,C2027Q2T09,VICTAS,9376.79999,6,97
A202606,C2029Q2T01,VICTAS,9376.79999,2,74
A202606,C2027Q3T08,VICTAS,9376.79999,5,136
A202606,C2028Q4T03,VICTAS,9376.79999,2,85
A202606,C2028Q3T04,VICTAS,9376.79999,2,49
A202606,C2029Q1T02,VICTAS,9376.79999,2,73
A202606,C2028Q2T05,VICTAS,9376.79999,3,88
A202606,C2028Q2T05,QLDNSW,9368.48,10,507
A202606,C2029Q1T02,NSWQLD,9368,1,49
A202606,C2028Q4T03,NSWQLD,9365,1,15
A202606,C2027Q3T08,VICNSW,9361,6,70
A202606,C2026Q3T12,VICNSW,9361,6,394
A202606,C2027Q4T07,QLDNSW,9360.85,1,237
A202606,C2028Q1T06,TASVIC,9360,1,15
A202606,C2027Q1T10,TASVIC,9360,2,55
A202606,C2028Q3T04,TASVIC,9359.58,5,92
A202606,C2026Q3T12,VICSA,9350,5,228
A202606,C2026Q4T11,VICNSW,9341,4,188
A202606,C2027Q1T10,VICNSW,9340.12,1,181
A202606,C2028Q1T06,QLDNSW,9320.65,4,448
A202606,C2026Q4T11,VICNSW,9310,8,196
A202606,C2029Q1T02,NSWQLD,9307,1,50
A202606,C2028Q1T06,SAVIC,9305,2,9
A202606,C2026Q4T11,VICNSW,9301.87999,2,198
A202606,C2026Q4T11,VICNSW,9301,5,203
A202606,C2027Q3T08,VICNSW,9300.35,2,72
A202606,C2029Q1T02,TASVIC,9300,1,24
A202606,C2027Q2T09,TASVIC,9300,2,66
A202606,C2027Q1T10,QLDNSW,9300,3,517
A202606,C2028Q2T05,TASVIC,9300,1,37
A202606,C2028Q1T06,QLDNSW,9281.49,1,449
A202606,C2028Q2T05,TASVIC,9281,4,41
A202606,C2027Q4T07,QLDNSW,9280.85,1,238
A202606,C2027Q4T07,VICSA,9280,1,4
A202606,C2026Q3T12,QLDNSW,9275.53,10,443
A202606,C2028Q1T06,NSWQLD,9274,1,73
A202606,C2027Q1T10,SAVIC,9271.79999,5,7
A202606,C2027Q1T10,VICSA,9267.79,1,54
A202606,C2027Q1T10,NSWQLD,9266,1,59
A202606,C2027Q1T10,NSWQLD,9258.6,1,60
A202606,C2026Q4T11,VICTAS,9256,2,249
A202606,C2029Q1T02,NSWQLD,9252.48,1,51
A202606,C2026Q4T11,VICNSW,9240.84,1,204
A202606,C2028Q1T06,NSWQLD,9233.65,1,74
A202606,C2027Q1T10,VICNSW,9230,8,189
A202606,C2028Q1T06,NSWQLD,9226,1,75
A202606,C2029Q1T02,QLDNSW,9225,1,390
A202606,C2027Q1T10,VICNSW,9220.12,1,190
A202606,C2028Q3T04,QLDNSW,9218.58,10,499
A202606,C2026Q4T11,QLDNSW,9206.45,1,329
A202606,C2028Q2T05,VICSA,9202,1,14
A202606,C2028Q3T04,VICTAS,9200.96999,2,51
A202606,C2027Q4T07,QLDNSW,9200.85,1,239
A202606,C2027Q2T09,QLDNSW,9200.76,6,519
A202606,C2029Q2T01,VICTAS,9200.48,2,76
A202606,C2027Q3T08,VICNSW,9200.35,2,74
A202606,C2029Q1T02,QLDNSW,9200.25,4,394
A202606,C2026Q3T12,VICTAS,9200.17,10,324
A202606,C2028Q1T06,TASVIC,9200,1,16
A202606,C2027Q2T09,TASVIC,9200,2,68
A202606,C2028Q2T05,TASVIC,9200,1,42
A202606,C2028Q1T06,VICSA,9198,1,48
A202606,C2026Q4T11,VICNSW,9191.03114,10,214
A202606,C2029Q2T01,TASVIC,9176.27971,2,36
A202606,C2027Q4T07,VICTAS,9167.5,1,140
A202606,C2027Q1T10,QLDNSW,9161.79999,1,518
A202606,C2027Q4T07,QLDNSW,9161.21999,1,240
A202606,C2029Q1T02,VICSA,9153,4,9
A202606,C2027Q1T10,VICNSW,9151,4,194
A202606,C2026Q3T12,VICSA,9149.28,1,229
A202606,C2026Q4T11,VICNSW,9148,5,219
A202606,C2029Q2T01,TASVIC,9147,4,40
A202606,C2027Q1T10,VICNSW,9138.11,1,195
A202606,C2027Q1T10,NSWQLD,9135,1,61
A202606,C2027Q1T10,VICNSW,9132,5,200
A202606,C2027Q1T10,NSWQLD,9129,1,62
A202606,C2026Q3T12,VICTAS,9129,5,329
A202606,C2028Q1T06,NSWQLD,9129,2,77
A202606,C2027Q3T08,VICTAS,9129,1,137
A202606,C2028Q3T04,VICTAS,9124,1,52
A202606,C2027Q3T08,VICTAS,9124,1,138
A202606,C2028Q2T05,TASVIC,9123.40162,3,45
A202606,C2027Q4T07,QLDNSW,9120.85,1,241
A202606,C2027Q1T10,TASVIC,9120,2,57
A202606,C2028Q1T06,QLDNSW,9105,4,453
A202606,C2029Q1T02,QLDNSW,9105,3,397
A202606,C2027Q1T10,QLDNSW,9105,3,521
A202606,C2027Q1T10,VICNSW,9102,1,201
A202606,C2027Q1T10,NSWQLD,9102,1,63
A202606,C2027Q3T08,VICNSW,9100.35,2,76
A202606,C2027Q1T10,VICNSW,9100.12,1,202
A202606,C2028Q1T06,QLDNSW,9100,6,459
A202606,C2028Q2T05,TASVIC,9100,1,46
A202606,C2027Q2T09,TASVIC,9100,2,70
A202606,C2028Q4T03,VICTAS,9091,1,86
A202606,C2029Q1T02,NSWQLD,9083,1,52
A202606,C2027Q4T07,VICTAS,9082.17,8,148
A202606,C2027Q3T08,TASVIC,9080.5,1,87
A202606,C2028Q1T06,VICSA,9050,2,50
A202606,C2028Q4T03,QLDNSW,9046.04,1,295
A202606,C2027Q1T10,VICTAS,9044.53544,7,183
A202606,C2027Q4T07,QLDNSW,9040.85,1,242
A202606,C2028Q1T06,TASVIC,9040,1,17
A202606,C2027Q1T10,TASVIC,9035.61873,7,64
A202606,C2028Q2T05,TASVIC,9030.77,6,52
A202606,C2026Q3T12,TASVIC,9026.5996,5,350
A202606,C2028Q1T06,NSWQLD,9020,1,78
A202606,C2026Q3T12,VICNSW,9019.58,1,395
A202606,C2026Q4T11,VICNSW,9005,5,224
A202606,C2029Q1T02,VICNSW,9003,8,21
A202606,C2028Q1T06,VICSA,9003,8,58
A202606,C2029Q1T02,QLDNSW,9003,10,407
A202606,C2028Q1T06,QLDNSW,9003,10,469
A202606,C2028Q1T06,VICSA,9002.4,1,59
A202606,C2029Q1T02,VICSA,9002.4,1,10
A202606,C2027Q3T08,VICNSW,9000.35,2,78
A202606,C2026Q3T12,VICTAS,9000.17,10,339
A202606,C2027Q3T08,TASVIC,9000.07,2,89
A202606,C2028Q4T03,QLDNSW,9000,6,301
A202606,C2029Q1T02,TASVIC,9000,1,25
A202606,C2026Q4T11,VICNSW,9000,65,289
A202606,C2029Q2T01,TASVIC,9000,25,65
A202606,C2027Q1T10,VICNSW,9000,30,232
A202606,C2027Q2T09,TASVIC,9000,2,72
A202606,C2028Q2T05,TASVIC,9000,1,53
A202606,C2026Q4T11,VICTAS,9000,30,279
A202606,C2027Q2T09,VICSA,8995.96999,1,16
A202606,C2027Q3T08,VICSA,8995.89,1,17
A202606,C2027Q1T10,QLDNSW,8995.27,1,522
A202606,C2026Q3T12,VICNSW,8983.79999,15,410
A202606,C2027Q1T10,VICNSW,8980.12,1,233
A202606,C2028Q1T06,NSWQLD,8978,1,79
A202606,C2028Q2T05,VICSA,8970,1,15
A202606,C2026Q4T11,QLDNSW,8964.18,1,330
A202606,C2027Q4T07,QLDNSW,8960.85,1,243
A202606,C2028Q1T06,QLDNSW,8960.65,4,473
A202606,C2027Q1T10,QLDNSW,8950,6,528
A202606,C2027Q1T10,NSWQLD,8950,1,64
A202606,C2026Q4T11,VICNSW,8950,10,299
A202606,C2028Q1T06,NSWQLD,8945,1,80
A202606,C2027Q2T09,VICSA,8938.96999,1,17
A202606,C2027Q3T08,VICSA,8938.89,1,18
A202606,C2027Q4T07,VICTAS,8933.42311,6,154
A202606,C2029Q1T02,VICNSW,8933,6,27
A202606,C2028Q3T04,QLDNSW,8924.17,1,500
A202606,C2027Q3T08,QLDNSW,8909.11,1,481
A202606,C2029Q1T02,VICTAS,8908.20019,1,74
A202606,C2028Q2T05,VICSA,8904,1,16
A202606,C2027Q3T08,VICNSW,8900.35,2,80
A202606,C2027Q1T10,VICTAS,8900,10,193
A202606,C2028Q1T06,VICTAS,8900,6,113
A202606,C2028Q2T05,TASVIC,8900,1,54
A202606,C2027Q2T09,TASVIC,8900,2,74
A202606,C2028Q2T05,VICTAS,8886,1,89
A202606,C2027Q2T09,VICSA,8881.96999,1,18
A202606,C2027Q3T08,VICSA,8881.89,1,19
A202606,C2027Q4T07,QLDNSW,8880.85,1,244
A202606,C2029Q1T02,QLDNSW,8880.25,4,411
A202606,C2027Q1T10,TASVIC,8880,2,66
A202606,C2028Q1T06,TASVIC,8880,1,18
A202606,C2029Q2T01,VICTAS,8868.82123,10,86
A202606,C2027Q1T10,VICNSW,8860.12,1,234
A202606,C2029Q1T02,NSWQLD,8851,1,53
A202606,C2026Q3T12,VICNSW,8850,10,420
A202606,C2029Q1T02,QLDNSW,8845.2,10,421
A202606,C2029Q1T02,QLDNSW,8845.2,15,436
A202606,C2029Q1T02,NSWQLD,8842.56,1,54
A202606,C2027Q1T10,VICSA,8838.16,1,55
A202606,C2028Q2T05,VICSA,8838,1,17
A202606,C2028Q1T06,NSWQLD,8836,1,81
A202606,C2026Q3T12,VICTAS,8828,2,341
A202606,C2028Q2T05,QLDNSW,8826.16,1,508
A202606,C2029Q2T01,QLDNSW,8826.16,1,498
A202606,C2027Q2T09,VICSA,8824.96999,1,19
A202606,C2027Q3T08,VICSA,8824.89,1,20
A202606,C2027Q2T09,QLDNSW,8823,1,520
A202606,C2028Q1T06,NSWQLD,8805.6,1,82
A202606,C2027Q4T07,QLDNSW,8802.95999,1,245
A202606,C2028Q3T04,VICTAS,8800.96999,2,54
A202606,C2027Q4T07,QLDNSW,8800.85,1,246
A202606,C2026Q4T11,VICNSW,8800.79999,1,300
A202606,C2029Q2T01,VICTAS,8800.48,2,88
A202606,C2027Q3T08,VICNSW,8800.35,2,82
A202606,C2026Q3T12,VICTAS,8800.17,10,351
A202606,C2028Q2T05,TASVIC,8800,1,55
A202606,C2027Q2T09,TASVIC,8800,2,76
A202606,C2029Q1T02,NSWQLD,8789,1,55
A202606,C2028Q2T05,VICSA,8772,1,18
A202606,C2026Q3T12,VICSA,8768.06,1,230
A202606,C2027Q2T09,VICSA,8767.96999,1,20
A202606,C2027Q3T08,VICSA,8767.89,1,21
A202606,C2028Q1T06,NSWQLD,8764.87999,11,93
A202606,C2028Q4T03,QLDNSW,8762,4,305
A202606,C2027Q1T10,NSWQLD,8760.06,1,65
A202606,C2028Q3T04,VICTAS,8744,1,55
A202606,C2027Q1T10,VICNSW,8740.12,1,235
A202606,C2027Q1T10,VICNSW,8722.74,1,236
A202606,C2026Q4T11,QLDNSW,8721.9,1,331
A202606,C2028Q2T05,VICTAS,8721.5996,1,90
A202606,C2027Q4T07,QLDNSW,8720.85,1,247
A202606,C2028Q1T06,TASVIC,8720,1,19
A202606,C2027Q2T09,VICTAS,8719.20019,1,98
A202606,C2029Q2T01,TASVIC,8714,8,73
A202606,C2028Q4T03,VICTAS,8711.41033,2,88
A202606,C2027Q2T09,VICSA,8710.96999,1,21
A202606,C2027Q3T08,VICSA,8710.89,1,22
A202606,C2027Q1T10,VICSA,8710,10,65
A202606,C2028Q1T06,VICNSW,8708.7,6,29
A202606,C2028Q2T05,VICSA,8706,1,19
A202606,C2026Q4T11,VICNSW,8702.17499,12,312
A202606,C2027Q3T08,VICNSW,8700.35,2,84
A202606,C2028Q1T06,VICSA,8700,2,61
A202606,C2027Q2T09,TASVIC,8700,2,78
A202606,C2029Q1T02,QLDNSW,8700,1,437
A202606,C2028Q2T05,TASVIC,8700,1,56
A202606,C2029Q1T02,TASVIC,8700,1,26
A202606,C2029Q1T02,NSWQLD,8698.06,10,65
A202606,C2028Q4T03,QLDNSW,8698,4,309
A202606,C2028Q1T06,VICTAS,8696.33332,3,116
A202606,C2029Q1T02,VICSA,8687.32,1,11
A202606,C2028Q1T06,VICSA,8687.32,1,62
A202606,C2027Q1T10,QLDNSW,8684,3,531
A202606,C2028Q1T06,QLDNSW,8684,4,477
A202606,C2029Q1T02,QLDNSW,8684,3,440
A202606,C2027Q1T10,NSWQLD,8683,3,68
A202606,C2027Q1T10,QLDNSW,8679.6,1,532
A202606,C2026Q3T12,VICSA,8675,5,235
A202606,C2026Q4T11,QLDNSW,8664.24,10,341
A202606,C2027Q2T09,TASVIC,8662,4,82
A202606,C2027Q2T09,VICSA,8653.96999,1,22
A202606,C2027Q3T08,VICSA,8653.89,1,23
A202606,C2027Q1T10,NSWQLD,8653.53,12,80
A202606,C2028Q1T06,SAVIC,8648.64,5,14
A202606,C2028Q1T06,QLDNSW,8644.52,1,478
A202606,C2027Q4T07,QLDNSW,8640.85,1,248
A202606,C2029Q1T02,QLDNSW,8640,14,454
A202606,C2028Q2T05,VICSA,8640,1,20
A202606,C2027Q1T10,TASVIC,8640,2,68
A202606,C2028Q4T03,VICTAS,8636,1,89
A202606,C2027Q4T07,QLDNSW,8630.54999,21,269
A202606,C2027Q4T07,QLDNSW,8630.54999,15,284
A202606,C2027Q1T10,VICNSW,8620.12,1,237
A202606,C2028Q4T03,QLDNSW,8616,5,314
A202606,C2027Q4T07,NSWQLD,8603,1,7
A202606,C2028Q3T04,VICSA,8602,1,16
A202606,C2028Q1T06,QLDNSW,8600.65,4,482
A202606,C2027Q3T08,VICNSW,8600.35,2,86
A202606,C2026Q3T12,VICTAS,8600.17,10,361
A202606,C2027Q2T09,TASVIC,8600,2,84
A202606,C2028Q2T05,TASVIC,8600,1,57
A202606,C2027Q2T09,VICSA,8596.96999,1,23
A202606,C2027Q3T08,VICSA,8596.89,1,24
A202606,C2028Q4T03,QLDNSW,8586.081,21,335
A202606,C2028Q4T03,QLDNSW,8586.08,20,355
A202606,C2027Q3T08,VICTAS,8580,5,143
A202606,C2027Q2T09,VICTAS,8580,5,103
A202606,C2027Q4T07,VICTAS,8580,5,159
A202606,C2028Q2T05,VICSA,8574,1,21
A202606,C2027Q3T08,VICNSW,8571.96386,1,87
A202606,C2028Q3T04,VICNSW,8571.96386,1,23
A202606,C2026Q3T12,VICNSW,8571.96386,1,421
A202606,C2028Q4T03,QLDNSW,8568,3,358
A202606,C2028Q1T06,NSWQLD,8561.28,5,98
A202606,C2027Q4T07,QLDNSW,8560.85,1,285
A202606,C2029Q1T02,QLDNSW,8560.25,4,458
A202606,C2028Q1T06,TASVIC,8560,1,20
A202606,C2029Q1T02,SAVIC,8553.6,5,12
A202606,C2026Q3T12,VICNSW,8553.04999,1,422
A202606,C2026Q4T11,QLDNSW,8550.36,10,351
A202606,C2027Q2T09,TASVIC,8550,1,85
A202606,C2026Q3T12,VICSA,8549.28,5,240
A202606,C2026Q3T12,VICSA,8549.28,11,251
A202606,C2026Q3T12,VICNSW,8549.1,15,437
A202606,C2027Q1T10,NSWQLD,8546.53199,4,84
A202606,C2026Q3T12,VICNSW,8544.53,12,449
A202606,C2027Q2T09,VICSA,8539.96999,1,24
A202606,C2027Q3T08,VICSA,8539.89,1,25
A202606,C2027Q3T08,VICTAS,8535.1263,5,148
A202606,C2028Q4T03,QLDNSW,8531.21999,1,359
A202606,C2028Q2T05,VICSA,8508,1,22
A202606,C2028Q1T06,QLDNSW,8501.12999,2,484
A202606,C2027Q3T08,VICNSW,8500.35,2,89
A202606,C2027Q1T10,VICNSW,8500.33,1,238
A202606,C2027Q2T09,TASVIC,8500,2,87
A202606,C2028Q2T05,TASVIC,8500,1,58
A202606,C2027Q1T10,VICTAS,8500,15,208
A202606,C2026Q3T12,VICTAS,8500,49,410
A202606,C2026Q4T11,VICTAS,8500,25,304
A202606,C2027Q2T09,VICNSW,8500,2,43
A202606,C2026Q3T12,VICNSW,8500,10,459
A202606,C2027Q1T10,VICNSW,8500,10,248
A202606,C2027Q1T10,NSWQLD,8498.48,5,89
A202606,C2026Q4T11,VICSA,8495,2,32
A202606,C2027Q2T09,VICSA,8482.96999,1,25
A202606,C2027Q3T08,VICSA,8482.89,1,26
A202606,C2027Q4T07,QLDNSW,8480.85,1,286
A202606,C2026Q4T11,QLDNSW,8479.62,1,352
A202606,C2027Q1T10,VICSA,8456.415,3,68
A202606,C2026Q4T11,VICSA,8446,1,33
A202606,C2027Q4T07,QLDNSW,8444.7,1,287
A202606,C2028Q2T05,VICSA,8442,1,23
A202606,C2027Q1T10,VICNSW,8440.33,1,249
A202606,C2026Q3T12,VICTAS,8436,10,420
A202606,C2028Q4T03,QLDNSW,8434,3,362
A202606,C2029Q1T02,NSWQLD,8432.64,1,66
A202606,C2026Q3T12,QLDNSW,8432.295,20,463
A202606,C2029Q2T01,QLDNSW,8431.64,15,513
A202606,C2027Q4T07,VICNSW,8428,1,76
A202606,C2028Q4T03,VICNSW,8427.94,6,30
A202606,C2027Q2T09,VICSA,8425.96999,1,26
A202606,C2027Q3T08,VICSA,8425.89,1,27
A202606,C2027Q2T09,VICNSW,8424,2,45
A202606,C2027Q1T10,VICSA,8408.53,1,69
A202606,C2028Q3T04,VICTAS,8400.96999,2,57
A202606,C2027Q4T07,QLDNSW,8400.85,1,288
A202606,C2029Q2T01,VICTAS,8400.48,2,90
A202606,C2026Q4T11,VICSA,8400.37,1,34
A202606,C2027Q3T08,VICNSW,8400.35,2,91
A202606,C2026Q3T12,VICTAS,8400.17,10,430
A202606,C2027Q3T08,TASVIC,8400.07,2,91
A202606,C2028Q1T06,TASVIC,8400,1,21
A202606,C2026Q4T11,VICNSW,8400,10,322
A202606,C2027Q2T09,TASVIC,8400,2,89
A202606,C2027Q1T10,TASVIC,8400,2,70
A202606,C2029Q1T02,TASVIC,8400,1,27
A202606,C2028Q2T05,TASVIC,8400,1,59
A202606,C2028Q3T04,TASVIC,8395.67115,3,95
A202606,C2026Q3T12,VICSA,8386.84,1,252
A202606,C2026Q4T11,VICSA,8382,2,36
A202606,C2027Q1T10,VICNSW,8380.33,1,250
A202606,C2028Q1T06,NSWQLD,8377.54999,1,99
A202606,C2028Q2T05,VICSA,8376,1,24
A202606,C2029Q1T02,VICSA,8372.23,1,12
A202606,C2028Q1T06,VICSA,8372.23,1,63
A202606,C2027Q2T09,VICSA,8368.96999,1,27
A202606,C2027Q3T08,VICSA,8368.89,1,28
A202606,C2027Q4T07,VICNSW,8368,1,77
A202606,C2028Q4T03,QLDNSW,8365,1,363
A202606,C2028Q3T04,VICTAS,8364,1,58
A202606,C2026Q4T11,VICNSW,8360.76,1,323
A202606,C2026Q3T12,TASVIC,8357.10731,30,380
A202606,C2028Q1T06,VICSA,8350,2,65
A202606,C2027Q2T09,VICNSW,8348,2,47
A202606,C2028Q3T04,VICTAS,8341.86382,14,72
A202606,C2027Q3T08,QLDNSW,8336.96999,1,482
A202606,C2026Q4T11,VICTAS,8330.40039,10,314
A202606,C2027Q4T07,QLDNSW,8320.85,1,289
A202606,C2027Q1T10,VICNSW,8320.33,1,251
A202606,C2028Q4T03,QLDNSW,8319,1,364
A202606,C2027Q2T09,VICSA,8311.96999,1,28
A202606,C2027Q3T08,VICSA,8311.89,1,29
A202606,C2028Q2T05,VICSA,8310,1,25
A202606,C2027Q1T10,VICNSW,8307.37,1,252
A202606,C2027Q3T08,VICNSW,8300.35,2,93
A202606,C2028Q2T05,TASVIC,8300,1,60
A202606,C2027Q1T10,QLDNSW,8300,6,538
A202606,C2027Q2T09,TASVIC,8300,2,91
A202606,C2028Q1T06,VICSA,8290,1,66
A202606,C2027Q2T09,VICNSW,8272,2,49
A202606,C2026Q4T11,VICSA,8269,2,38
A202606,C2027Q1T10,QLDNSW,8263,3,541
A202606,C2029Q1T02,QLDNSW,8263,3,461
A202606,C2028Q1T06,QLDNSW,8263,4,488
A202606,C2027Q1T10,NSWQLD,8261.52,1,90
A202606,C2027Q1T10,VICNSW,8260.33,1,253
A202606,C2027Q2T09,VICTAS,8259.76269,5,108
A202606,C2027Q3T08,TASVIC,8255,1,92
A202606,C2027Q2T09,VICSA,8254.96999,1,29
A202606,C2027Q3T08,VICSA,8254.89,1,30
A202606,C2027Q4T07,VICTAS,8250.75,1,160
A202606,C2028Q4T03,QLDNSW,8250,6,370
A202606,C2028Q2T05,VICSA,8244,1,26
A202606,C2026Q4T11,TASVIC,8242,3,10
A202606,C2027Q4T07,QLDNSW,8240.85,1,290
A202606,C2028Q1T06,QLDNSW,8240.65,4,492
A202606,C2029Q1T02,QLDNSW,8240.25,4,465
A202606,C2028Q1T06,TASVIC,8240,1,22
A202606,C2027Q3T08,VICNSW,8237.68,6,99
A202606,C2026Q3T12,VICNSW,8237.68,6,465
A202606,C2026Q3T12,VICNSW,8237.438,12,477
A202606,C2026Q4T11,QLDNSW,8237.35,1,353
A202606,C2026Q4T11,VICTAS,8231.89,25,339
A202606,C2027Q4T07,VICNSW,8227,2,79
A202606,C2027Q4T07,QLDNSW,8225.23,4,294
A202606,C2027Q2T09,QLDNSW,8217.5,1,521
A202606,C2026Q3T12,VICTAS,8216.0996,5,435
A202606,C2027Q3T08,VICTAS,8216.0996,1,149
A202606,C2026Q3T12,TASVIC,8206,5,385
A202606,C2026Q3T12,VICTAS,8205.26903,20,455
A202606,C2028Q4T03,QLDNSW,8204,6,376
A202606,C2027Q3T08,VICNSW,8200.35,2,101
A202606,C2027Q1T10,VICNSW,8200.33,1,254
A202606,C2026Q3T12,VICTAS,8200.17,10,465
A202606,C2028Q2T05,TASVIC,8200,1,61
A202606,C2026Q3T12,VICNSW,8200,10,487
A202606,C2027Q2T09,TASVIC,8200,2,93
A202606,C2029Q1T02,NSWQLD,8198.19,5,71
A202606,C2027Q2T09,VICSA,8197.96999,1,30
A202606,C2027Q3T08,VICSA,8197.89,1,31
A202606,C2027Q1T10,QLDNSW,8197.4,1,542
A202606,C2026Q3T12,VICSA,8197,6,258
A202606,C2027Q2T09,VICNSW,8196,2,51
A202606,C2027Q1T10,VICNSW,8190.41,4,258
A202606,C2028Q4T03,VICTAS,8182,1,90
A202606,C2027Q4T07,VICNSW,8182,1,80
A202606,C2028Q2T05,VICSA,8178,1,27
A202606,C2026Q4T11,NSWQLD,8175,1,4
A202606,C2029Q1T02,QLDNSW,8175,1,466
A202606,C2027Q4T07,QLDNSW,8160.85,1,295
A202606,C2027Q1T10,TASVIC,8160,2,72
A202606,C2027Q1T10,SAVIC,8159.18,5,12
A202606,C2027Q3T08,TASVIC,8158.7732,7,99
A202606,C2029Q1T02,VICTAS,8157.96922,2,76
A202606,C2026Q4T11,VICSA,8156,2,40
A202606,C2027Q2T09,QLDNSW,8153.6,10,531
A202606,C2028Q3T04,QLDNSW,8152.95,1,501
A202606,C2027Q3T08,VICNSW,8149.65,1,102
A202606,C2027Q1T10,NSWQLD,8148,2,92
A202606,C2027Q2T09,VICSA,8140.97,1,31
A202606,C2027Q3T08,VICSA,8140.89,1,32
A202606,C2026Q4T11,VICSA,8140.407,5,45
A202606,C2027Q1T10,VICNSW,8140.33,1,259
A202606,C2026Q4T11,VICNSW,8129,2,325
A202606,C2027Q4T07,VICNSW,8126,2,82
A202606,C2027Q2T09,VICNSW,8120,2,53
A202606,C2026Q3T12,VICNSW,8114.4,15,502
A202606,C2028Q2T05,VICSA,8112,1,28
A202606,C2028Q4T03,QLDNSW,8107,5,381
A202606,C2026Q4T11,VICSA,8106.36,1,46
A202606,C2027Q3T08,VICNSW,8100.35,2,104
A202606,C2027Q2T09,TASVIC,8100,2,95
A202606,C2028Q2T05,TASVIC,8100,1,62
A202606,C2029Q1T02,TASVIC,8100,1,28
A202606,C2029Q1T02,QLDNSW,8093.3,4,470
A202606,C2026Q3T12,VICNSW,8086.52,1,503
A202606,C2027Q4T07,QLDNSW,8086.44,1,296
A202606,C2027Q2T09,VICSA,8083.97,1,32
A202606,C2027Q3T08,VICSA,8083.89,1,33
A202606,C2027Q4T07,QLDNSW,8080.85,1,297
A202606,C2027Q1T10,VICNSW,8080.33,1,260
A202606,C2028Q1T06,TASVIC,8080,1,23
A202606,C2026Q3T12,VICTAS,8078,2,467
A202606,C2028Q1T06,VICSA,8064,2,68
A202606,C2028Q2T05,QLDNSW,8063.41,1,509
A202606,C2029Q2T01,QLDNSW,8063.41,1,514
A202606,C2029Q1T02,VICSA,8057.15,1,13
A202606,C2028Q1T06,VICSA,8057.15,1,69
A202606,C2027Q4T07,VICNSW,8056,2,84
A202606,C2029Q1T02,VICSA,8054.64,4,17
A202606,C2028Q4T03,QLDNSW,8051,4,385
A202606,C2028Q1T06,NSWQLD,8046.63,2,101
A202606,C2028Q2T05,VICSA,8046,1,29
A202606,C2027Q2T09,VICNSW,8044,2,55
A202606,C2026Q4T11,VICSA,8043,2,48
A202606,C2026Q3T12,VICSA,8042.36,12,270
A202606,C2027Q3T08,TASVIC,8039,4,103
A202606,C2028Q2T05,VICTAS,8036.30775,15,105
A202606,C2026Q3T12,TASVIC,8027.37,50,435
A202606,C2027Q2T09,VICSA,8026.97,1,33
A202606,C2027Q3T08,VICSA,8026.89,1,34
A202606,C2029Q1T02,NSWQLD,8022.72,1,72
A202606,C2027Q1T10,VICNSW,8020.33,1,261
A202606,C2028Q4T03,QLDNSW,8016.4,1,386
A202606,C2026Q3T12,QLDNSW,8010.68,10,473
A202606,C2028Q1T06,QLDNSW,8007.56,1,493
A202606,C2026Q3T12,VICSA,8005.62,1,271
A202606,C2028Q2T05,QLDNSW,8003,8,517
A202606,C2026Q3T12,QLDNSW,8003,10,483
A202606,C2026Q3T12,VICNSW,8003,8,511
A202606,C2028Q1T06,VICSA,8003,8,77
A202606,C2027Q1T10,QLDNSW,8003,8,550
A202606,C2027Q2T09,QLDNSW,8003,10,541
A202606,C2028Q1T06,QLDNSW,8003,10,503
A202606,C2028Q2T05,QLDNSW,8003,10,527
A202606,C2027Q4T07,QLDNSW,8003,10,307
A202606,C2029Q2T01,QLDNSW,8003,10,524
A202606,C2028Q3T04,QLDNSW,8003,8,509
A202606,C2026Q4T11,VICSA,8003,8,56
A202606,C2029Q1T02,QLDNSW,8003,10,480
A202606,C2029Q1T02,VICNSW,8003,8,35
A202606,C2027Q1T10,QLDNSW,8003,10,560
A202606,C2028Q3T04,QLDNSW,8003,10,519
A202606,C2028Q4T03,QLDNSW,8003,10,396
A202606,C2027Q3T08,QLDNSW,8003,10,492
A202606,C2027Q4T07,VICNSW,8003,8,92
A202606,C2029Q2T01,VICSA,8003,8,42
A202606,C2026Q4T11,QLDNSW,8003,10,363
A202606,C2029Q1T02,VICSA,8002,1,18
A202606,C2028Q3T04,VICTAS,8000.97,2,74
A202606,C2029Q1T02,VICSA,8000.65,1,19
A202606,C2027Q1T10,VICTAS,8000,10,218
A202606,C2027Q2T09,VICTAS,8000,20,128
A202606,C2026Q3T12,VICSA,8000,6,277
A202606,C2027Q2T09,TASVIC,8000,2,97
A202606,C2026Q3T12,VICTAS,8000,10,477
A202606,C2027Q1T10,VICNSW,8000,10,271
A202606,C2028Q2T05,TASVIC,8000,1,63
A202606,C2026Q3T12,QLDNSW,8000,10,493
A202606,C2026Q3T12,QLDNSW,8000,3,496
A202606,C2027Q1T10,VICNSW,8000,65,336
A202606,C2026Q4T11,TASVIC,8000,2,12
A202606,C2026Q3T12,VICTAS,8000,50,527
A202606,C2029Q1T02,NSWQLD,7998.05,5,77
A202606,C2026Q4T11,QLDNSW,7995.08,1,364
A202606,C2028Q2T05,VICTAS,7994.7998,1,106
A202606,C2027Q2T09,VICTAS,7992.60009,1,129
A202606,C2027Q1T10,QLDNSW,7992,14,574
A202606,C2028Q3T04,VICTAS,7984,1,75
A202606,C2028Q2T05,TASVIC,7982.97641,3,66
A202606,C2028Q2T05,VICSA,7980,1,30
A202606,C2027Q1T10,VICSA,7978.89,1,70
A202606,C2027Q2T09,VICSA,7969.97,1,34
A202606,C2027Q3T08,VICSA,7969.89,1,35
A202606,C2027Q2T09,VICNSW,7968,2,57
A202606,C2029Q1T02,QLDNSW,7960.68,20,500
A202606,C2027Q1T10,VICNSW,7960.33,1,337
A202606,C2026Q4T11,VICTAS,7960.16015,10,349
A202606,C2028Q1T06,NSWQLD,7949.76,5,106
A202606,C2028Q1T06,NSWQLD,7949.5,1,107
A202606,C2028Q4T03,QLDNSW,7947,7,403
A202606,C2027Q4T07,VICNSW,7939,5,97
A202606,C2026Q4T11,VICSA,7930,2,58
A202606,C2026Q4T11,VICNSW,7929.91,4,329
A202606,C2026Q4T11,NSWQLD,7929.75,1,5
A202606,C2026Q4T11,VICNSW,7920.72,1,330
A202606,C2029Q1T02,QLDNSW,7920.25,4,504
A202606,C2028Q1T06,TASVIC,7920,1,24
A202606,C2027Q1T10,TASVIC,7920,2,74
A202606,C2029Q1T02,VICTAS,7918.3999,1,77
A202606,C2028Q2T05,VICSA,7914,1,31
A202606,C2027Q2T09,VICSA,7912.97,1,35
A202606,C2027Q3T08,VICSA,7912.89,1,36
A202606,C2028Q3T04,TASVIC,7912,8,103
A202606,C2027Q1T10,VICSA,7910,5,75
A202606,C2027Q3T08,VICNSW,7905.16,1,105
A202606,C2027Q1T10,VICNSW,7900.33,1,338
A202606,C2027Q2T09,TASVIC,7900,2,99
A202606,C2028Q2T05,TASVIC,7900,1,67
A202606,C2027Q4T07,VICNSW,7899,7,104
A202606,C2027Q3T08,QLDNSW,7894.67,10,502
A202606,C2027Q2T09,VICNSW,7892,2,59
A202606,C2027Q1T10,VICNSW,7892,1,339
A202606,C2026Q4T11,VICNSW,7882.56,15,345
A202606,C2029Q1T02,VICSA,7880.65,1,20
A202606,C2028Q1T06,QLDNSW,7880.65,4,507
A202606,C2028Q4T03,QLDNSW,7876,9,412
A202606,C2029Q1T02,VICSA,7875.3885,2,22
A202606,C2026Q4T11,VICSA,7866,4,62
A202606,C2027Q4T07,VICSA,7866,4,8
A202606,C2027Q2T09,VICSA,7855.97,1,36
A202606,C2027Q3T08,VICSA,7855.89,1,37
A202606,C2026Q3T12,VICTAS,7850.93994,10,537
A202606,C2027Q1T10,VICNSW,7850,10,349
A202606,C2026Q4T11,VICNSW,7850,10,355
A202606,C2028Q2T05,VICSA,7848,1,32
A202606,C2028Q1T06,TASVIC,7845.00856,17,41
A202606,C2029Q1T02,QLDNSW,7842,3,507
A202606,C2027Q1T10,QLDNSW,7842,3,577
A202606,C2028Q1T06,QLDNSW,7842,4,511
A202606,C2027Q1T10,VICNSW,7840.33,1,350
A202606,C2026Q4T11,TASVIC,7840,2,14
A202606,C2027Q4T07,VICNSW,7836,1,105
A202606,C2026Q4T11,VICSA,7817,2,64
A202606,C2027Q2T09,VICNSW,7816,2,61
A202606,C2026Q3T12,VICTAS,7814,50,587
A202606,C2027Q1T10,VICTAS,7814,8,226
A202606,C2026Q4T11,VICSA,7812.34,1,65
A202606,C2028Q1T06,NSWQLD,7801,4,111
A202606,C2027Q3T08,TASVIC,7800.07,2,105
A202606,C2027Q1T10,TASVIC,7800,6,80
A202606,C2027Q2T09,TASVIC,7800,5,104
A202606,C2027Q2T09,TASVIC,7800,2,106
A202606,C2028Q2T05,TASVIC,7800,1,68
A202606,C2029Q2T01,VICNSW,7800,3,13
A202606,C2029Q1T02,TASVIC,7800,1,29
A202606,C2027Q2T09,VICSA,7798.97,1,37
A202606,C2027Q3T08,VICSA,7798.89,1,38
A202606,C2027Q1T10,VICSA,7791.97,11,86
A202606,C2028Q4T03,QLDNSW,7790,7,419
A202606,C2028Q2T05,VICSA,7782,1,33
A202606,C2029Q1T02,NSWQLD,7781,2,79
A202606,C2027Q1T10,VICNSW,7780.33,1,351
A202606,C2027Q1T10,NSWQLD,7776.48,5,97
A202606,C2027Q1T10,NSWQLD,7776,5,102
A202606,C2027Q2T09,TASVIC,7768.70104,10,116
A202606,C2027Q3T08,QLDNSW,7764.82,1,503
A202606,C2027Q1T10,NSWQLD,7762.98,1,103
A202606,C2029Q1T02,VICSA,7760.65,1,23
A202606,C2028Q1T06,TASVIC,7760,1,42
A202606,C2028Q1T06,SAVIC,7754,3,17
A202606,C2026Q4T11,QLDNSW,7752.8,1,365
A202606,C2027Q1T10,VICTAS,7752.45895,9,235
A202606,C2028Q4T03,VICSA,7751,1,3
A202606,C2026Q4T11,VICNSW,7745,3,358
A202606,C2027Q1T10,TASVIC,7744.81605,9,89
A202606,C2028Q4T03,QLDNSW,7744,5,424
A202606,C2029Q1T02,VICSA,7742.06,1,24
A202606,C2028Q1T06,VICSA,7742.06,1,78
A202606,C2027Q2T09,VICSA,7741.97,1,38
A202606,C2027Q3T08,VICSA,7741.89,1,39
A202606,C2027Q2T09,VICNSW,7740,2,63
A202606,C2027Q4T07,VICNSW,7736,2,107
A202606,C2027Q4T07,QLDNSW,7728.18,1,308
A202606,C2029Q2T01,TASVIC,7727.39344,3,76
A202606,C2028Q4T03,VICTAS,7727,1,91
A202606,C2027Q1T10,VICNSW,7720.33,1,352
A202606,C2028Q2T05,VICSA,7716,1,34
A202606,C2027Q1T10,QLDNSW,7715.2,1,578
A202606,C2027Q3T08,VICNSW,7714.1805,6,111
A202606,C2027Q1T10,VICNSW,7711.2,8,360
A202606,C2028Q1T06,VICNSW,7705,4,33
A202606,C2027Q2T09,VICNSW,7705,10,73
A202606,C2026Q4T11,VICSA,7704,2,67
A202606,C2026Q3T12,VICTAS,7700,10,597
A202606,C2027Q2T09,TASVIC,7700,2,118
A202606,C2028Q2T05,TASVIC,7700,1,69
A202606,C2028Q1T06,VICNSW,7700,5,38
A202606,C2027Q2T09,TASVIC,7695,1,119
A202606,C2026Q4T11,VICNSW,7688,2,360
A202606,C2027Q2T09,VICSA,7684.97,1,39
A202606,C2027Q3T08,VICSA,7684.89,1,40
A202606,C2026Q4T11,NSWQLD,7684.5,1,6
A202606,C2027Q1T10,TASVIC,7680,2,91
A202606,C2026Q4T11,TASVIC,7680,2,16
A202606,C2027Q4T07,QLDNSW,7671.6,15,323
A202606,C2027Q1T10,VICSA,7667.15,5,91
A202606,C2027Q3T08,VICTAS,7664,5,154
A202606,C2027Q4T07,VICTAS,7664,5,165
A202606,C2027Q2T09,VICNSW,7664,2,75
A202606,C2027Q2T09,VICTAS,7664,5,134
A202606,C2027Q3T08,VICNSW,7660.67,1,112
A202606,C2027Q1T10,VICNSW,7660.33,1,361
A202606,C2028Q2T05,SAVIC,7655,2,4
A202606,C2028Q2T05,VICSA,7650,1,35
A202606,C2029Q1T02,QLDNSW,7650,1,508
A202606,C2027Q1T10,QLDNSW,7650,6,584
A202606,C2028Q4T03,QLDNSW,7645,4,428
A202606,C2027Q2T09,QLDNSW,7644,21,562
A202606,C2029Q1T02,VICSA,7640.65,1,25
A202606,C2028Q1T06,QLDNSW,7640,3,514
A202606,C2028Q4T03,QLDNSW,7632.07,8,436
A202606,C2027Q2T09,VICSA,7627.97,1,40
A202606,C2027Q3T08,VICSA,7627.89,1,41
A202606,C2026Q3T12,VICSA,7624.4,1,278
A202606,C2028Q1T06,TASVIC,7623,4,46
A202606,C2026Q4T11,NSWQLD,7622.63328,10,16
A202606,C2028Q4T03,VICTAS,7622.48404,2,93
A202606,C2026Q3T12,VICNSW,7619.99,1,512
A202606,C2027Q4T07,VICNSW,7619,8,115
A202606,C2026Q4T11,VICNSW,7615.56,11,371
A202606,C2029Q1T02,NSWQLD,7612.8,1,80
A202606,C2029Q1T02,NSWQLD,7612.61,5,85
A202606,C2027Q2T09,QLDNSW,7612,1,563
A202606,C2029Q1T02,NSWQLD,7610.8,11,96
A202606,C2028Q3T04,VICTAS,7603,1,76
A202606,C2028Q3T04,VICTAS,7600.97,2,78
A202606,C2027Q1T10,VICNSW,7600.33,1,362
A202606,C2029Q1T02,QLDNSW,7600.25,4,512
A202606,C2027Q1T10,VICTAS,7600,10,245
A202606,C2028Q1T06,VICTAS,7600,6,122
A202606,C2028Q2T05,TASVIC,7600,1,70
A202606,C2027Q2T09,TASVIC,7600,2,121
A202606,C2028Q1T06,TASVIC,7600,1,47
A202606,C2026Q4T11,VICNSW,7594,2,373
A202606,C2028Q4T03,QLDNSW,7593,12,448
A202606,C2026Q4T11,VICSA,7591,2,69
A202606,C2028Q4T03,VICSA,7590,4,7
A202606,C2027Q2T09,VICNSW,7588,2,77
A202606,C2028Q2T05,VICSA,7584,1,36
A202606,C2027Q2T09,VICNSW,7580.84349,8,85
A202606,C2027Q3T08,VICSA,7579.62,1,42
A202606,C2028Q1T06,VICNSW,7577,2,40
A202606,C2029Q2T01,VICSA,7576,1,43
A202606,C2027Q1T10,NSWQLD,7571.84,13,116
A202606,C2027Q2T09,VICSA,7570.97,1,41
A202606,C2027Q3T08,VICSA,7570.89,1,43
A202606,C2027Q1T10,VICSA,7568,10,101
A202606,C2026Q3T12,QLDNSW,7550,3,499
A202606,C2026Q3T12,VICNSW,7550,10,522
A202606,C2027Q1T10,VICSA,7549.26,1,102
A202606,C2027Q4T07,VICNSW,7547,4,119
A202606,C2027Q1T10,VICNSW,7540.33,1,363
A202606,C2026Q4T11,VICNSW,7534.8,15,388
A202606,C2028Q1T06,VICNSW,7529,5,45
A202606,C2026Q4T11,VICNSW,7527,2,390
A202606,C2028Q1T06,NSWQLD,7521.45,1,112
A202606,C2028Q1T06,QLDNSW,7520.65,4,518
A202606,C2029Q1T02,VICSA,7520.65,1,26
A202606,C2026Q4T11,TASVIC,7520,2,18
A202606,C2026Q4T11,VICSA,7518.33,1,70
A202606,C2028Q2T05,VICSA,7518,1,37
A202606,C2027Q2T09,VICSA,7513.97,1,42
A202606,C2027Q3T08,VICSA,7513.89,1,44
A202606,C2027Q2T09,VICNSW,7512,2,87
A202606,C2026Q4T11,QLDNSW,7510.52,1,366
A202606,C2029Q2T01,SAVIC,7507.5,5,5
A202606,C2027Q1T10,VICNSW,7504,2,365
A202606,C2027Q1T10,NSWQLD,7503,10,126
A202606,C2027Q1T10,NSWQLD,7503,8,134
A202606,C2027Q4T07,VICNSW,7502,2,121
A202606,C2028Q4T03,QLDNSW,7501.59,1,449
A202606,C2028Q1T06,NSWQLD,7500.53,5,117
A202606,C2028Q1T06,VICSA,7500.48,4,82
A202606,C2028Q2T05,VICSA,7500.42,8,45
A202606,C2028Q4T03,TASVIC,7500.41,1,3
A202606,C2029Q1T02,TASVIC,7500,1,30
A202606,C2027Q1T10,VICNSW,7500,6,371
A202606,C2026Q4T11,VICNSW,7500,3,393
A202606,C2028Q4T03,QLDNSW,7500,6,455
A202606,C2026Q4T11,QLDNSW,7498.24,10,376
A202606,C2028Q2T05,QLDNSW,7494.79,10,537
A202606,C2028Q4T03,NSWQLD,7492,1,16
A202606,C2026Q4T11,VICNSW,7480.68,1,394
A202606,C2027Q1T10,VICNSW,7480.33,1,372
A202606,C2026Q4T11,VICSA,7478,2,72
A202606,C2027Q1T10,VICNSW,7476.63,1,373
A202606,C2028Q4T03,QLDNSW,7469,3,458
A202606,C2026Q4T11,VICNSW,7465,1,395
A202606,C2028Q1T06,VICTAS,7458.04,7,129
A202606,C2027Q2T09,VICSA,7456.97,1,43
A202606,C2027Q3T08,VICSA,7456.89,1,45
A202606,C2028Q1T06,VICTAS,7453.99999,3,132
A202606,C2028Q4T03,QLDNSW,7453,8,466
A202606,C2028Q2T05,VICSA,7452,1,46
A202606,C2027Q1T10,TASVIC,7440,2,93
A202606,C2028Q1T06,TASVIC,7440,1,48
A202606,C2026Q4T11,NSWQLD,7439.25,1,17
A202606,C2027Q2T09,VICNSW,7436,2,89
A202606,C2027Q3T08,TASVIC,7429.5,1,106
A202606,C2028Q1T06,VICSA,7426.98,1,83
A202606,C2029Q1T02,VICSA,7426.98,1,27
A202606,C2028Q1T06,VICNSW,7424,4,49
A202606,C2028Q1T06,QLDNSW,7421,4,522
A202606,C2027Q1T10,QLDNSW,7421,3,587
A202606,C2029Q1T02,QLDNSW,7421,3,515
A202606,C2027Q1T10,VICNSW,7420.33,1,374
A202606,C2027Q4T07,TASVIC,7420,1,5
A202606,C2027Q3T08,VICNSW,7416.18,1,113
A202606,C2027Q3T08,QLDNSW,7401.25,21,524
A202606,C2029Q1T02,VICSA,7400.65,1,28
A202606,C2026Q3T12,VICTAS,7400,10,607
A202606,C2027Q2T09,VICSA,7399.97,1,44
A202606,C2027Q3T08,VICSA,7399.89,1,46
A202606,C2028Q1T06,VICSA,7398,1,84
A202606,C2029Q2T01,VICTAS,7390.68436,2,92
A202606,C2028Q2T05,VICSA,7386,1,47
A202606,C2026Q3T12,TASVIC,7385.3999,5,440
A202606,C2028Q3T04,QLDNSW,7381.72,1,520
A202606,C2027Q4T07,VICTAS,7379.78431,8,173
A202606,C2027Q4T07,VICNSW,7376,3,124
A202606,C2028Q3T04,QLDNSW,7374.87,10,530
A202606,C2026Q4T11,VICNSW,7371,1,396
A202606,C2028Q1T06,QLDNSW,7370.59,1,523
A202606,C2027Q4T07,QLDNSW,7369.92,1,324
A202606,C2026Q4T11,VICSA,7365,2,74
A202606,C2028Q1T06,VICNSW,7363,1,50
A202606,C2028Q4T03,QLDNSW,7361,9,475
A202606,C2028Q4T03,TASVIC,7360.41,1,4
A202606,C2027Q1T10,VICNSW,7360.33,1,375
A202606,C2027Q2T09,VICNSW,7360,2,91
A202606,C2026Q4T11,TASVIC,7360,2,20
A202606,C2026Q4T11,NSWQLD,7357.5,1,18
A202606,C2027Q2T09,TASVIC,7353,3,124
A202606,C2027Q1T10,VICNSW,7352.82,11,386
A202606,C2027Q2T09,VICSA,7342.97,1,45
A202606,C2027Q3T08,VICSA,7342.89,1,47
A202606,C2028Q1T06,NSWQLD,7338.24,6,123
A202606,C2028Q1T06,NSWQLD,7338.24,5,128
A202606,C2027Q1T10,VICSA,7331,5,107
A202606,C2026Q3T12,VICTAS,7328,2,609
A202606,C2027Q4T07,VICNSW,7322,5,129
A202606,C2028Q2T05,VICSA,7320,1,48
A202606,C2027Q3T08,VICTAS,7315.82254,5,159
A202606,C2027Q2T09,VICSA,7315,1,46
A202606,C2027Q3T08,VICSA,7314.33,1,48
A202606,C2026Q4T11,VICNSW,7312,1,397
A202606,C2026Q3T12,VICTAS,7303.20019,10,619
A202606,C2028Q2T05,QLDNSW,7300.65,1,538
A202606,C2029Q2T01,QLDNSW,7300.65,1,525
A202606,C2027Q1T10,VICNSW,7300.33,1,387
A202606,C2026Q4T11,VICNSW,7300,10,407
A202606,C2028Q4T03,QLDNSW,7292,8,483
A202606,C2027Q2T09,VICSA,7285.97,1,47
A202606,C2027Q3T08,VICSA,7285.89,1,49
A202606,C2027Q2T09,VICNSW,7284,2,93
A202606,C2027Q4T07,VICNSW,7282,1,130
A202606,C2028Q1T06,VICNSW,7282,1,51
A202606,C2029Q1T02,VICSA,7280.65,1,29
A202606,C2029Q1T02,QLDNSW,7280.25,4,519
A202606,C2028Q1T06,TASVIC,7280,1,49
A202606,C2027Q4T07,NSWQLD,7277,1,8
A202606,C2029Q1T02,NSWQLD,7276.05,5,101
A202606,C2028Q4T03,VICTAS,7273,1,94
A202606,C2026Q4T11,QLDNSW,7268.25,1,377
A202606,C2027Q2T09,VICTAS,7266,1,135
A202606,C2027Q1T10,NSWQLD,7264.44,1,135
A202606,C2027Q1T10,VICNSW,7257.6,10,397
A202606,C2028Q2T05,VICSA,7254,1,49
A202606,C2028Q4T03,TASVIC,7254,1,5
A202606,C2026Q4T11,VICSA,7252,2,76
A202606,C2026Q3T12,VICSA,7243.18,1,279
A202606,C2027Q1T10,VICNSW,7240.33,1,398
A202606,C2026Q4T11,VICNSW,7240,2,409
A202606,C2027Q2T09,VICSA,7228.97,1,48
A202606,C2027Q3T08,VICSA,7228.89,1,50
A202606,C2026Q4T11,VICSA,7224.32,1,77
A202606,C2028Q3T04,VICTAS,7223,1,79
A202606,C2028Q4T03,TASVIC,7220.41,1,6
A202606,C2027Q2T09,VICNSW,7208,2,95
A202606,C2028Q1T06,VICNSW,7208,2,53
A202606,C2027Q1T10,TASVIC,7207,4,97
A202606,C2029Q1T02,NSWQLD,7202.88,1,102
A202606,C2028Q3T04,VICTAS,7200.97,2,81
A202606,C2027Q3T08,TASVIC,7200.07,2,108
A202606,C2027Q1T10,TASVIC,7200,2,99
A202606,C2026Q4T11,TASVIC,7200,2,22
A202606,C2029Q1T02,TASVIC,7200,1,31
A202606,C2027Q1T10,VICNSW,7200,5,403
A202606,C2026Q4T11,NSWQLD,7194,1,19
A202606,C2027Q3T08,QLDNSW,7192.68,1,525
A202606,C2027Q4T07,QLDNSW,7190,3,327
A202606,C2028Q2T05,VICSA,7188,1,50
A202606,C2026Q4T11,VICNSW,7187.04,15,424
A202606,C2027Q1T10,VICSA,7187,2,109
A202606,C2027Q1T10,VICNSW,7180.33,1,404
A202606,C2027Q4T07,VICNSW,7180,2,132
A202606,C2026Q4T11,NSWQLD,7176,15,34
A202606,C2028Q1T06,VICSA,7174,1,85
A202606,C2027Q2T09,VICSA,7171.97,1,49
A202606,C2027Q3T08,VICSA,7171.89,1,51
A202606,C2027Q3T08,VICNSW,7171.69,1,114
A202606,C2028Q1T06,QLDNSW,7160.65,4,527
A202606,C2029Q1T02,VICSA,7160.65,1,30
A202606,C2026Q4T11,VICNSW,7160,2,426
A202606,C2026Q3T12,VICNSW,7153.46,1,523
A202606,C2029Q1T02,VICNSW,7146,3,38
A202606,C2028Q4T03,TASVIC,7144,4,10
A202606,C2028Q1T06,VICNSW,7140,4,57
A202606,C2027Q4T07,VICTAS,7140,8,181
A202606,C2026Q4T11,VICSA,7139,2,79
A202606,C2029Q1T02,VICTAS,7138.22307,2,79
A202606,C2027Q2T09,VICNSW,7132,2,97
A202606,C2028Q3T04,SAVIC,7130,2,4
A202606,C2028Q1T06,VICNSW,7125,2,59
A202606,C2029Q1T02,QLDNSW,7125,1,520
A202606,C2026Q3T12,VICSA,7124.4,10,289
A202606,C2026Q4T11,VICNSW,7124,2,428
A202606,C2026Q4T11,QLDNSW,7123.72,4,381
A202606,C2027Q1T10,NSWQLD,7122.11,4,139
A202606,C2028Q2T05,VICSA,7122,1,51
A202606,C2027Q1T10,VICNSW,7120.33,1,405
A202606,C2028Q1T06,TASVIC,7120,1,50
A202606,C2027Q1T10,VICSA,7119.63,1,110
A202606,C2027Q2T09,VICSA,7114.97,1,50
A202606,C2027Q3T08,VICSA,7114.89,1,52
A202606,C2029Q1T02,VICSA,7111.9,1,31
A202606,C2028Q1T06,VICSA,7111.9,1,86
A202606,C2027Q4T07,QLDNSW,7111,4,331
A202606,C2027Q1T10,VICSA,7103.39,5,115
A202606,C2026Q3T12,QLDNSW,7100,3,502
A202606,C2026Q3T12,VICTAS,7100,10,629
A202606,C2028Q2T05,NSWQLD,7095,1,3
A202606,C2028Q1T06,NSWQLD,7093.4,1,129
A202606,C2028Q4T03,TASVIC,7080.41,1,11
A202606,C2028Q1T06,VICSA,7080,1,87
A202606,C2029Q1T02,QLDNSW,7076.16,3,523
A202606,C2027Q4T07,VICTAS,7075.09,8,189
A202606,C2028Q3T04,TASVIC,7070.03886,4,107
A202606,C2027Q1T10,VICNSW,7061.26,1,406
A202606,C2027Q1T10,VICNSW,7060.33,1,407
A202606,C2027Q2T09,VICSA,7058.98,1,51
A202606,C2027Q2T09,VICSA,7057.97,1,52
A202606,C2027Q3T08,VICSA,7057.89,1,53
A202606,C2026Q3T12,TASVIC,7057.16015,10,450
A202606,C2027Q3T08,VICNSW,7057,4,118
A202606,C2028Q2T05,VICSA,7056,1,52
A202606,C2027Q2T09,VICNSW,7056,2,99
A202606,C2027Q1T10,NSWQLD,7054.48,5,144
A202606,C2026Q4T11,VICNSW,7051,4,432
A202606,C2027Q3T08,VICSA,7049.05,1,54
A202606,C2029Q1T02,VICSA,7040.65,1,32
A202606,C2026Q4T11,VICNSW,7040.64,1,433
A202606,C2026Q4T11,TASVIC,7040,2,24
A202606,C2026Q3T12,TASVIC,7037.56405,40,490
A202606,C2026Q3T12,VICTAS,7033.08774,30,659
A202606,C2028Q4T03,NSWQLD,7032,1,17
A202606,C2029Q1T02,NSWQLD,7027.02,5,107
A202606,C2029Q1T02,NSWQLD,7027.02,6,113
A202606,C2029Q2T01,QLDNSW,7026.365,21,546
A202606,C2028Q2T05,QLDNSW,7026.365,21,559
A202606,C2026Q4T11,VICSA,7026,2,81
A202606,C2026Q4T11,QLDNSW,7025.98,1,382
A202606,C2027Q4T07,NSWQLD,7022.3,1,9
A202606,C2028Q1T06,NSWVIC,7020,7,9
A202606,C2027Q4T07,QLDNSW,7018,4,335
A202606,C2027Q4T07,QLDNSW,7011.66,1,336
A202606,C2027Q1T10,VICNSW,7011,5,412
A202606,C2027Q2T09,QLDNSW,7006.5,1,564
A202606,C2027Q4T07,SAVIC,7006,2,6
A202606,C2027Q4T07,NSWQLD,7004.45221,8,17
A202606,C2028Q1T06,NSWQLD,7003,10,139
A202606,C2028Q1T06,SAVIC,7003,8,25
A202606,C2028Q1T06,VICNSW,7002,7,66
A202606,C2028Q3T04,VICNSW,7001.07,10,33
A202606,C2027Q4T07,QLDNSW,7000.92,10,346
A202606,C2028Q3T04,VICNSW,7000.86,2,35
A202606,C2028Q1T06,NSWQLD,7000.53,5,144
A202606,C2027Q2T09,VICSA,7000,3,55
A202606,C2027Q3T08,VICNSW,7000,10,128
A202606,C2027Q1T10,QLDNSW,7000,3,590
A202606,C2027Q1T10,VICNSW,7000,10,422
A202606,C2027Q1T10,TASVIC,7000,5,104
A202606,C2028Q1T06,QLDNSW,7000,4,531
A202606,C2028Q3T04,VICSA,7000,2,18
A202606,C2027Q1T10,TASVIC,7000,2,106
A202606,C2026Q3T12,VICNSW,7000,10,533
A202606,C2027Q2T09,TASVIC,7000,5,129
A202606,C2029Q1T02,QLDNSW,7000,3,526
A202606,C2026Q4T11,VICNSW,6998,3,436
A202606,C2027Q4T07,QLDNSW,6994,4,350
A202606,C2028Q2T05,VICSA,6990,1,53
A202606,C2028Q4T03,QLDNSW,6986.78,1,484
A202606,C2029Q1T02,TASVIC,6983.18373,11,42
A202606,C2027Q2T09,VICNSW,6980,2,101
A202606,C2026Q4T11,VICNSW,6978,4,440
A202606,C2028Q1T06,VICNSW,6977,8,74
A202606,C2029Q1T02,VICTAS,6967.24,4,83
A202606,C2026Q4T11,VICNSW,6961.74,18,458
A202606,C2029Q1T02,QLDNSW,6960.25,4,530
A202606,C2027Q1T10,TASVIC,6960,2,108
A202606,C2028Q1T06,TASVIC,6960,1,51
A202606,C2028Q3T04,VICTAS,6951.55318,3,84
A202606,C2028Q1T06,VICSA,6950.48,4,91
A202606,C2026Q4T11,NSWQLD,6948.75,1,35
A202606,C2029Q1T02,NSWVIC,6942.86,7,9
A202606,C2028Q4T03,TASVIC,6940.41,1,12
A202606,C2028Q2T05,TASVIC,6935.77,6,76
A202606,C2026Q4T11,VICSA,6930.31,1,82
A202606,C2029Q1T02,VICTAS,6928.60009,1,84
A202606,C2027Q3T08,VICNSW,6927.2,1,129
A202606,C2028Q2T05,VICSA,6924,1,54
A202606,C2026Q4T11,VICSA,6922.08,4,86
A202606,C2027Q4T07,VICSA,6922.08,4,12
A202606,C2029Q1T02,VICSA,6920.65,1,33
A202606,C2028Q3T04,QLDNSW,6913.935,21,551
A202606,C2027Q4T07,NSWQLD,6913.34,3,20
A202606,C2026Q4T11,VICSA,6913,2,88
A202606,C2029Q1T02,TASVIC,6912,1,43
A202606,C2026Q4T11,VICNSW,6911,2,460
A202606,C2027Q4T07,QLDNSW,6910,5,355
A202606,C2027Q4T07,VICSA,6904.7051,7,19
A202606,C2027Q2T09,VICNSW,6904,2,103
A202606,C2027Q2T09,VICNSW,6902,10,113
A202606,C2026Q3T12,VICNSW,6900,10,543
A202606,C2029Q1T02,TASVIC,6900,1,44
A202606,C2028Q1T06,VICNSW,6886,6,80
A202606,C2027Q2T09,VICTAS,6883.13557,5,140
A202606,C2027Q4T07,NSWQLD,6882,1,21
A202606,C2028Q3T04,VICNSW,6880.86,2,37
A202606,C2026Q4T11,TASVIC,6880,2,26
A202606,C2028Q1T06,NSWQLD,6879.6,5,149
A202606,C2027Q1T10,VICNSW,6877,1,423
A202606,C2026Q3T12,VICSA,6861.96,1,290
A202606,C2026Q4T11,NSWQLD,6860.37,11,46
A202606,C2028Q2T05,VICSA,6858,1,55
A202606,C2026Q4T11,VICNSW,6850,3,463
A202606,C2028Q3T04,VICTAS,6843,1,85
A202606,C2027Q2T09,TASVIC,6840,1,130
A202606,C2026Q4T11,VICNSW,6839.28,15,478
A202606,C2028Q1T06,VICNSW,6838,5,85
A202606,C2027Q1T10,QLDNSW,6837.61,4,594
A202606,C2026Q4T11,VICNSW,6836,3,481
A202606,C2027Q2T09,VICNSW,6828,2,115
A202606,C2027Q2T09,VICNSW,6825.69,1,116
A202606,C2028Q1T06,VICNSW,6822.26,5,90
A202606,C2028Q4T03,VICTAS,6818,1,95
A202606,C2027Q4T07,QLDNSW,6814,4,359
A202606,C2027Q1T10,VICNSW,6804,10,433
A202606,C2027Q2T09,VICSA,6802.95,1,56
A202606,C2028Q3T04,VICTAS,6800.97,2,87
A202606,C2029Q1T02,VICSA,6800.65,1,34
A202606,C2028Q1T06,QLDNSW,6800.65,4,535
A202606,C2028Q4T03,TASVIC,6800.41,1,13
A202606,C2028Q1T06,TASVIC,6800,1,52
A202606,C2027Q3T08,VICTAS,6800,10,169
A202606,C2028Q1T06,VICTAS,6800,8,140
A202606,C2027Q2T09,VICTAS,6800,11,151
A202606,C2026Q3T12,VICTAS,6800,10,669
A202606,C2029Q1T02,VICSA,6796.81,1,35
A202606,C2028Q1T06,VICSA,6796.81,1,92
A202606,C2029Q1T02,NSWQLD,6792.96,1,114
A202606,C2028Q2T05,VICSA,6792,1,56
A202606,C2028Q4T03,NSWQLD,6785.88,1,18
A202606,C2027Q3T08,VICSA,6783.76,1,55
A202606,C2026Q4T11,QLDNSW,6783.7,1,383
A202606,C2027Q1T10,VICTAS,6783.40158,10,255
A202606,C2027Q1T10,VICNSW,6782,1,434
A202606,C2027Q1T10,VICNSW,6778,1,435
A202606,C2027Q1T10,TASVIC,6776.71404,10,118
A202606,C2026Q4T11,VICNSW,6771,6,487
A202606,C2027Q4T07,NSWQLD,6767.61,1,22
A202606,C2027Q1T10,NSWQLD,6765.9,1,145
A202606,C2027Q4T07,QLDNSW,6764,2,361
A202606,C2028Q3T04,VICNSW,6760.86,2,39
A202606,C2026Q4T11,VICSA,6757,1,89
A202606,C2027Q2T09,VICNSW,6752,2,118
A202606,C2026Q4T11,VICNSW,6750,10,497
A202606,C2026Q3T12,TASVIC,6750,4,494
A202606,C2028Q4T03,QLDNSW,6750,6,490
A202606,C2027Q4T07,VICTAS,6748,5,194
A202606,C2027Q2T09,VICTAS,6748,5,156
A202606,C2027Q3T08,VICTAS,6748,5,174
A202606,C2028Q1T06,VICSA,6747,4,96
A202606,C2027Q1T10,QLDNSW,6746.46,2,596
A202606,C2027Q1T10,QLDNSW,6746.454,20,616
A202606,C2026Q3T12,QLDNSW,6745.84,10,512
A202606,C2028Q3T04,NSWQLD,6744,1,3
A202606,C2027Q3T08,TASVIC,6739.85612,10,118
A202606,C2028Q1T06,VICNSW,6734,5,95
A202606,C2028Q1T06,QLDNSW,6733.63,1,536
A202606,C2028Q2T05,VICSA,6732,4,60
A202606,C2026Q3T12,VICTAS,6727,15,684
A202606,C2026Q4T11,VICNSW,6727,6,503
A202606,C2028Q1T06,NSWQLD,6726.72,10,159
A202606,C2027Q4T07,QLDNSW,6726,5,366
A202606,C2028Q2T05,VICSA,6726,1,61
A202606,C2028Q2T05,TASVIC,6722.50645,4,80
A202606,C2026Q4T11,QLDNSW,6721,2,385
A202606,C2027Q1T10,TASVIC,6720,2,120
A202606,C2026Q4T11,TASVIC,6720,2,28
A202606,C2027Q1T10,VICNSW,6712,1,436
A202606,C2026Q4T11,NSWQLD,6703.5,1,47
A202606,C2028Q3T04,VICSA,6700,2,20
A202606,C2028Q2T05,VICTAS,6696.92312,3,109
A202606,C2027Q2T09,VICNSW,6692,4,122
A202606,C2027Q1T10,VICSA,6689.99,1,116
A202606,C2026Q3T12,VICNSW,6686.93,1,544
A202606,C2028Q1T06,VICTAS,6686.7998,8,148
A202606,C2028Q1T06,QLDNSW,6685,21,557
A202606,C2027Q3T08,VICNSW,6682.71,1,130
A202606,C2026Q4T11,QLDNSW,6682,3,388
A202606,C2026Q4T11,VICSA,6682,2,91
A202606,C2028Q4T03,NSWQLD,6680.856,3,21
A202606,C2029Q1T02,VICSA,6680.65,1,36
A202606,C2028Q4T03,VICSA,6679.2,4,11
A202606,C2027Q2T09,VICNSW,6676,2,124
A202606,C2026Q3T12,VICNSW,6668.16,25,569
A202606,C2027Q1T10,NSWVIC,6667.08349,1,3
A202606,C2027Q1T10,SAVIC,6667.08349,1,13
A202606,C2027Q1T10,VICNSW,6667.08349,1,437
A202606,C2026Q3T12,SAVIC,6667.08349,1,3
A202606,C2026Q3T12,NSWVIC,6667.08349,1,3
A202606,C2026Q3T12,NSWQLD,6667.08349,1,3
A202606,C2026Q4T11,QLDNSW,6667.08349,1,389
A202606,C2027Q1T10,QLDNSW,6667.08349,1,617
A202606,C2029Q1T02,QLDNSW,6667.08349,1,531
A202606,C2027Q1T10,VICSA,6667.08349,1,117
A202606,C2027Q2T09,SAVIC,6667.08349,1,3
A202606,C2029Q1T02,NSWVIC,6667.08349,1,10
A202606,C2027Q2T09,VICNSW,6667.08349,1,125
A202606,C2028Q3T04,NSWVIC,6667.08349,1,3
A202606,C2028Q3T04,NSWQLD,6667.08349,1,4
A202606,C2028Q1T06,NSWVIC,6667.08349,1,10
A202606,C2028Q1T06,VICNSW,6667.08349,1,96
A202606,C2028Q1T06,VICSA,6667.08349,1,97
A202606,C2028Q2T05,VICNSW,6667.08349,1,22
A202606,C2028Q2T05,NSWVIC,6667.08349,1,3
A202606,C2028Q2T05,VICSA,6667.08349,1,62
A202606,C2028Q1T06,QLDNSW,6667.08349,1,558
A202606,C2028Q2T05,SAVIC,6667.08349,1,5
A202606,C2028Q3T04,SAVIC,6667.08349,1,5
A202606,C2028Q2T05,NSWQLD,6667.08349,1,4
A202606,C2028Q2T05,QLDNSW,6667.08349,1,560
A202606,C2027Q3T08,NSWQLD,6667.08349,1,3
A202606,C2028Q1T06,SAVIC,6667.08349,1,26
A202606,C2029Q1T02,SAVIC,6667.08349,1,13
A202606,C2027Q4T07,VICNSW,6667.08349,1,133
A202606,C2028Q4T03,VICNSW,6667.08349,1,31
A202606,C2026Q4T11,VICNSW,6667.08349,1,504
A202606,C2027Q2T09,NSWVIC,6667.08349,1,3
A202606,C2029Q1T02,VICNSW,6667.08349,1,39
A202606,C2027Q2T09,VICSA,6667.08349,1,57
A202606,C2027Q2T09,NSWQLD,6667.08349,1,3
A202606,C2027Q4T07,QLDNSW,6667.08349,1,367
A202606,C2027Q2T09,QLDNSW,6667.08349,1,565
A202606,C2027Q3T08,SAVIC,6667.08349,1,3
A202606,C2027Q3T08,NSWVIC,6667.08349,1,3
A202606,C2029Q1T02,VICSA,6667.08349,1,37
A202606,C2028Q4T03,QLDNSW,6667.08349,1,491
A202606,C2028Q1T06,NSWQLD,6665.35,1,160
A202606,C2028Q4T03,TASVIC,6660.41,1,14
A202606,C2028Q2T05,VICSA,6660,1,63
A202606,C2027Q4T07,QLDNSW,6653.4,1,368
A202606,C2026Q3T12,QLDNSW,6650,3,515
A202606,C2026Q4T11,VICTAS,6646.52,25,374
A202606,C2027Q1T10,VICNSW,6645.9,1,438
A202606,C2028Q3T04,VICNSW,6640.86,2,41
A202606,C2029Q1T02,QLDNSW,6640.25,4,535
A202606,C2028Q1T06,TASVIC,6640,1,53
A202606,C2027Q1T10,VICTAS,6639.33,16,271
A202606,C2027Q4T07,QLDNSW,6639,3,371
A202606,C2026Q4T11,VICSA,6636.29,1,92
A202606,C2028Q2T05,VICTAS,6630,6,115
A202606,C2027Q1T10,VICNSW,6630,1,439
A202606,C2029Q1T02,TASVIC,6629,8,52
A202606,C2026Q4T11,VICNSW,6628,2,506
A202606,C2027Q4T07,NSWQLD,6624,15,37
A202606,C2028Q4T03,NSWQLD,6624,15,36
A202606,C2029Q1T02,VICNSW,6624,6,45
A202606,C2027Q1T10,NSWVIC,6622.71,7,10
A202606,C2027Q2T09,VICNSW,6620.92,1,126
A202606,C2027Q3T08,QLDNSW,6620.53,1,526
A202606,C2027Q2T09,TASVIC,6617.78237,13,143
A202606,C2028Q3T04,QLDNSW,6610.5,1,552
A202606,C2029Q2T01,SAVIC,6606.6,5,10
A202606,C2026Q4T11,NSWQLD,6603,2,49
A202606,C2026Q4T11,VICNSW,6600.6,1,507
A202606,C2027Q3T08,TASVIC,6600.07,2,120
A202606,C2029Q1T02,TASVIC,6600,1,53
A202606,C2029Q1T02,QLDNSW,6600,1,536
A202606,C2028Q2T05,VICSA,6594,1,64
A202606,C2026Q4T11,QLDNSW,6582,2,391
A202606,C2026Q3T12,VICTAS,6578,2,686
A202606,C2027Q4T07,QLDNSW,6576,2,373
A202606,C2026Q3T12,TASVIC,6564.7998,10,504
A202606,C2028Q1T06,NSWQLD,6564,6,166
A202606,C2029Q1T02,VICSA,6560.65,1,38
A202606,C2026Q4T11,TASVIC,6560,2,30
A202606,C2026Q4T11,VICNSW,6559,3,510
A202606,C2029Q1T02,NSWQLD,6554.05,5,119
A202606,C2028Q1T06,QLDNSW,6552,14,572
A202606,C2027Q1T10,VICNSW,6550,5,444
A202606,C2027Q2T09,VICSA,6546.92,1,58
A202606,C2026Q4T11,QLDNSW,6541.42,1,392
A202606,C2027Q1T10,VICNSW,6540,2,446
A202606,C2028Q4T03,NSWQLD,6539.76,1,37
A202606,C2027Q1T10,VICSA,6539.63,5,122
A202606,C2027Q2T09,VICTAS,6539.3999,3,159
A202606,C2028Q2T05,QLDNSW,6537.9,1,561
A202606,C2029Q2T01,QLDNSW,6537.9,1,547
A202606,C2028Q1T06,TASVIC,6537.50713,3,56
A202606,C2027Q4T07,QLDNSW,6530,11,384
A202606,C2028Q2T05,VICSA,6528,1,65
A202606,C2028Q1T06,VICTAS,6522.24999,3,151
A202606,C2028Q3T04,VICNSW,6520.86,2,43
A202606,C2028Q4T03,TASVIC,6520.41,1,15
A202606,C2027Q3T08,VICSA,6518.47,1,56
A202606,C2027Q4T07,NSWQLD,6512.92,1,38
A202606,C2027Q1T10,VICNSW,6511,5,451
A202606,C2027Q4T07,VICNSW,6510,2,135
A202606,C2026Q3T12,VICSA,6508.08,35,325
A202606,C2027Q4T07,NSWQLD,6504,2,40
A202606,C2026Q3T12,VICTAS,6503,10,696
A202606,C2028Q2T05,VICSA,6503,8,73
A202606,C2029Q1T02,NSWVIC,6503,8,18
A202606,C2029Q1T02,NSWQLD,6503,10,129
A202606,C2028Q3T04,VICSA,6503,8,28
A202606,C2026Q4T11,VICTAS,6503,10,384
A202606,C2027Q2T09,VICTAS,6503,10,169
A202606,C2028Q2T05,VICNSW,6501.34,10,32
A202606,C2028Q2T05,VICNSW,6500.55,2,34
A202606,C2028Q1T06,NSWQLD,6500.53,5,171
A202606,C2027Q1T10,VICNSW,6500.32,4,455
A202606,C2027Q1T10,TASVIC,6500,5,125
A202606,C2027Q1T10,NSWQLD,6500,2,147
A202606,C2026Q3T12,VICTAS,6500,10,706
A202606,C2027Q1T10,VICSA,6500,1,123
A202606,C2027Q3T08,VICNSW,6500,10,140
A202606,C2026Q4T11,VICSA,6500,4,96
A202606,C2027Q3T08,VICSA,6500,2,58
A202606,C2027Q2T09,VICSA,6500,5,63
A202606,C2027Q2T09,TASVIC,6500,5,148
A202606,C2028Q2T05,TASVIC,6500,2,82
A202606,C2029Q2T01,VICNSW,6500,6,19
A202606,C2026Q4T11,QLDNSW,6492,5,397
A202606,C2026Q4T11,VICNSW,6491.52,15,525
A202606,C2028Q1T06,VICSA,6481.73,1,98
A202606,C2029Q1T02,VICSA,6481.73,1,39
A202606,C2026Q3T12,VICSA,6480.74,1,326
A202606,C2028Q1T06,TASVIC,6480,1,57
A202606,C2027Q1T10,TASVIC,6480,2,127
A202606,C2029Q1T02,NSWQLD,6480,5,134
A202606,C2026Q4T11,VICNSW,6479,3,528
A202606,C2027Q4T07,VICNSW,6478,2,137
A202606,C2028Q4T03,QLDNSW,6471.96,1,492
A202606,C2027Q1T10,VICNSW,6470,1,456
A202606,C2028Q1T06,VICTAS,6463.02,7,158
A202606,C2028Q3T04,VICTAS,6463,1,88
A202606,C2028Q2T05,VICSA,6462,1,74
A202606,C2028Q3T04,VICTAS,6460,6,94
A202606,C2027Q3T08,VICSA,6460,4,62
A202606,C2026Q4T11,NSWQLD,6458.25,1,50
A202606,C2029Q2T01,TASVIC,6455,12,88
A202606,C2027Q4T07,VICNSW,6445,2,139
A202606,C2029Q1T02,NSWQLD,6441.44,10,144
A202606,C2026Q4T11,VICNSW,6441,5,533
A202606,C2029Q1T02,VICSA,6440.65,1,40
A202606,C2028Q1T06,QLDNSW,6440.65,4,576
A202606,C2027Q3T08,VICNSW,6438.22,1,141
A202606,C2027Q1T10,VICNSW,6431,1,457
A202606,C2027Q1T10,VICSA,6426,10,133
A202606,C2027Q4T07,VICNSW,6423.11,1,140
A202606,C2026Q4T11,QLDNSW,6421,4,401
A202606,C2028Q4T03,VICTAS,6418.93393,4,99
A202606,C2027Q2T09,VICNSW,6416.15,1,127
A202606,C2027Q4T07,QLDNSW,6416,13,397
A202606,C2026Q4T11,QLDNSW,6412.77,10,411
A202606,C2026Q4T11,QLDNSW,6412.77,20,431
A202606,C2027Q4T07,VICNSW,6412,2,142
A202606,C2026Q3T12,VICSA,6411.96,15,341
A202606,C2027Q1T10,NSWQLD,6409.9,5,152
A202606,C2028Q4T03,VICTAS,6405.01,5,104
A202606,C2028Q1T06,VICSA,6401.92,3,101
A202606,C2027Q3T08,VICTAS,6401.34472,5,179
A202606,C2027Q2T09,QLDNSW,6401,1,566
A202606,C2028Q3T04,VICTAS,6400.97,2,96
A202606,C2028Q3T04,VICNSW,6400.86,2,45
A202606,C2028Q1T06,VICSA,6400.48,4,105
A202606,C2028Q2T05,VICSA,6400.42,8,82
A202606,C2026Q4T11,TASVIC,6400,2,32
A202606,C2028Q3T04,VICSA,6400,2,30
A202606,C2027Q4T07,QLDNSW,6399,8,405
A202606,C2028Q2T05,VICSA,6396,1,83
A202606,C2026Q3T12,VICTAS,6390.2998,10,716
A202606,C2029Q2T01,TASVIC,6383.49892,4,92
A202606,C2029Q1T02,NSWQLD,6383.04,1,145
A202606,C2028Q2T05,VICNSW,6380.55,2,36
A202606,C2028Q4T03,TASVIC,6380.41,1,16
A202606,C2027Q4T07,VICNSW,6380,1,143
A202606,C2028Q2T05,SAVIC,6379,3,8
A202606,C2029Q1T02,VICSA,6375.3145,3,43
A202606,C2028Q4T03,VICTAS,6364,1,105
A202606,C2026Q3T12,VICSA,6357.82814,15,356
A202606,C2027Q1T10,VICNSW,6350.4,10,467
A202606,C2027Q1T10,VICNSW,6348,1,468
A202606,C2027Q4T07,VICNSW,6347,1,144
A202606,C2026Q4T11,VICSA,6342.28,1,97
A202606,C2026Q4T11,QLDNSW,6341,2,433
A202606,C2027Q2T09,VICNSW,6340.3,6,133
A202606,C2028Q1T06,VICSA,6340,1,106
A202606,C2029Q2T01,VICTAS,6334.87231,2,94
A202606,C2027Q3T08,TASVIC,6334.7,10,130
A202606,C2027Q1T10,NSWQLD,6332.48,5,157
A202606,C2026Q4T11,QLDNSW,6332.24,10,443
A202606,C2027Q1T10,VICNSW,6332,1,469
A202606,C2028Q2T05,VICSA,6330,1,84
A202606,C2029Q1T02,VICSA,6320.65,1,44
A202606,C2029Q1T02,QLDNSW,6320.25,4,540
A202606,C2028Q1T06,TASVIC,6320,1,58
A202606,C2027Q4T07,VICNSW,6314,1,145
A202606,C2029Q2T01,VICSA,6313,1,44
A202606,C2027Q4T07,NSWQLD,6304.01,9,49
A202606,C2029Q1T02,TASVIC,6300,1,54
A202606,C2027Q1T10,VICTAS,6300,10,281
A202606,C2028Q1T06,VICTAS,6300,6,164
A202606,C2026Q3T12,TASVIC,6300,35,539
A202606,C2026Q4T11,QLDNSW,6299.15,1,444
A202606,C2027Q4T07,QLDNSW,6295.14,1,406
A202606,C2027Q1T10,NSWQLD,6294,4,161
A202606,C2027Q4T07,QLDNSW,6294,5,411
A202606,C2028Q4T03,NSWQLD,6293.64,1,38
A202606,C2027Q2T09,VICSA,6290.9,1,64
A202606,C2026Q4T11,VICSA,6290.3145,7,104
A202606,C2026Q4T11,VICSA,6290.31,5,109
A202606,C2028Q4T03,VICTAS,6290,6,111
A202606,C2027Q4T07,VICTAS,6286.48293,8,202
A202606,C2027Q2T09,VICSA,6282,4,68
A202606,C2027Q4T07,VICNSW,6282,1,146
A202606,C2028Q3T04,VICNSW,6280.86,2,47
A202606,C2028Q4T03,TASVIC,6279.25,5,21
A202606,C2027Q2T09,VICNSW,6279,6,139
A202606,C2027Q4T07,QLDNSW,6272,8,419
A202606,C2026Q4T11,QLDNSW,6270,2,446
A202606,C2027Q1T10,NSWQLD,6267.36,1,162
A202606,C2028Q2T05,TASVIC,6265,8,90
A202606,C2028Q2T05,VICSA,6264,1,85
A202606,C2028Q2T05,VICNSW,6260.55,2,38
A202606,C2027Q1T10,VICSA,6260.36,1,134
A202606,C2027Q4T07,NSWQLD,6258.22,1,50
A202606,C2028Q3T04,VICSA,6256.14,1,31
A202606,C2027Q3T08,VICSA,6253.19,1,63
A202606,C2028Q4T03,VICTAS,6251.2,5,116
A202606,C2029Q2T01,VICTAS,6251.2,4,98
A202606,C2027Q3T08,VICTAS,6251.2,10,189
A202606,C2028Q3T04,VICTAS,6251.2,5,101
A202606,C2027Q4T07,VICTAS,6251.2,8,210
A202606,C2028Q2T05,VICTAS,6251.2,6,121
A202606,C2028Q1T06,VICTAS,6251.2,7,171
A202606,C2026Q4T11,VICTAS,6251.2,25,409
A202606,C2027Q2T09,VICTAS,6251.2,12,181
A202606,C2029Q1T02,VICTAS,6251.2,4,88
A202606,C2027Q3T08,VICSA,6250.639,3,66
A202606,C2026Q3T12,VICNSW,6250,10,579
A202606,C2028Q4T03,TASVIC,6250,1,22
A202606,C2028Q3T04,TASVIC,6250,1,108
A202606,C2027Q4T07,VICNSW,6249,1,147
A202606,C2027Q2T09,VICTAS,6248.75976,2,183
A202606,C2027Q1T10,VICNSW,6244,1,470
A202606,C2028Q4T03,TASVIC,6240.41,1,23
A202606,C2027Q1T10,TASVIC,6240,2,129
A202606,C2026Q4T11,TASVIC,6240,2,34
A202606,C2026Q4T11,QLDNSW,6239,4,450
A202606,C2028Q1T06,NSWQLD,6237.3,1,172
A202606,C2027Q1T10,VICNSW,6230.53,1,471
A202606,C2027Q4T07,VICNSW,6230.41,1,148
A202606,C2027Q3T08,VICNSW,6226.83,4,145
A202606,C2026Q3T12,VICNSW,6220.4,1,580
A202606,C2027Q4T07,VICNSW,6217,1,149
A202606,C2026Q4T11,NSWQLD,6213,1,51
A202606,C2027Q2T09,VICNSW,6211.38,1,140
A202606,C2028Q1T06,SAVIC,6203,2,28
A202606,C2027Q1T10,VICSA,6201.371,3,137
A202606,C2028Q4T03,VICSA,6201,1,12
A202606,C2029Q1T02,VICSA,6200.65,1,45
A202606,C2026Q3T12,VICTAS,6200,10,726
A202606,C2026Q3T12,QLDNSW,6200,3,518
A202606,C2027Q1T10,NSWQLD,6200,2,164
A202606,C2026Q4T11,VICNSW,6200,3,536
A202606,C2026Q4T11,VICNSW,6200,10,546
A202606,C2028Q2T05,VICSA,6198,1,86
A202606,C2027Q4T07,QLDNSW,6194,7,426
A202606,C2027Q3T08,VICNSW,6193.73,1,146
A202606,C2027Q1T10,VICNSW,6186,4,475
A202606,C2028Q2T05,VICSA,6185,2,88
A202606,C2027Q4T07,VICNSW,6184,1,150
A202606,C2026Q4T11,TASVIC,6181.5,3,37
A202606,C2028Q1T06,NSWVIC,6177.6,7,17
A202606,C2026Q4T11,QLDNSW,6176,2,452
A202606,C2028Q1T06,VICSA,6166.64,1,107
A202606,C2029Q1T02,VICSA,6166.64,1,46
A202606,C2028Q3T04,VICNSW,6160.86,2,49
A202606,C2026Q4T11,VICNSW,6160.56,1,547
A202606,C2028Q1T06,TASVIC,6160,1,59
A202606,C2026Q3T12,VICTAS,6153.95177,30,756
A202606,C2027Q4T07,VICNSW,6153.9,4,154
A202606,C2027Q4T07,VICNSW,6151,1,155
A202606,C2027Q4T07,QLDNSW,6148,3,429
A202606,C2027Q1T10,VICNSW,6146,3,478
A202606,C2027Q1T10,VICSA,6143.04714,7,144
A202606,C2028Q2T05,VICNSW,6140.55,2,40
A202606,C2028Q2T05,VICSA,6132,1,89
A202606,C2026Q4T11,NSWQLD,6131.25,2,53
A202606,C2027Q3T08,VICNSW,6123,3,149
A202606,C2029Q2T01,VICTAS,6120,4,102
A202606,C2029Q1T02,VICTAS,6120,4,92
A202606,C2027Q4T07,VICNSW,6119,1,156
A202606,C2027Q2T09,QLDNSW,6115.2,10,576
A202606,C2028Q1T06,NSWQLD,6115.2,10,182
A202606,C2028Q1T06,NSWQLD,6115.2,6,188
A202606,C2027Q2T09,VICTAS,6113,20,203
A202606,C2029Q1T02,NSWVIC,6109.71,7,25
A202606,C2028Q4T03,TASVIC,6100.41,1,24
A202606,C2028Q3T04,VICSA,6100,2,33
A202606,C2028Q2T05,TASVIC,6100,2,92
A202606,C2026Q3T12,VICSA,6099.52,1,357
A202606,C2026Q4T11,NSWQLD,6098.11,12,65
A202606,C2028Q2T05,VICSA,6098,2,91
A202606,C2028Q1T06,QLDNSW,6096.66,1,577
A202606,C2026Q4T11,QLDNSW,6095,8,460
A202606,C2027Q3T08,VICNSW,6090.1425,6,155
A202606,C2027Q4T07,VICNSW,6086,1,157
A202606,C2028Q3T04,VICTAS,6083,1,102
A202606,C2029Q1T02,VICSA,6080.65,1,47
A202606,C2028Q1T06,QLDNSW,6080.65,4,581
A202606,C2026Q4T11,TASVIC,6080,2,39
A202606,C2029Q1T02,QLDNSW,6075,1,541
A202606,C2028Q1T06,QLDNSW,6072.24,2,583
A202606,C2028Q3T04,SAVIC,6072,5,10
A202606,C2028Q2T05,VICSA,6066,1,92
A202606,C2027Q3T08,VICNSW,6064.67,9,164
A202606,C2028Q3T04,NSWQLD,6061.23816,8,12
A202606,C2027Q1T10,VICNSW,6061,2,480
A202606,C2026Q4T11,QLDNSW,6056.88,1,461
A202606,C2026Q3T12,VICSA,6055.74,10,367
A202606,C2027Q1T10,NSWQLD,6053.8,5,169
A202606,C2027Q4T07,VICNSW,6053,1,158
A202606,C2029Q2T01,VICSA,6050.37,1,45
A202606,C2028Q2T05,VICSA,6050.37,1,93
A202606,C2027Q1T10,VICSA,6050,1,145
A202606,C2026Q4T11,VICSA,6050,4,113
A202606,C2027Q1T10,TASVIC,6049.04,16,145
A202606,C2027Q3T08,QLDNSW,6048.39,1,527
A202606,C2026Q4T11,VICSA,6048.27,1,114
A202606,C2028Q4T03,NSWQLD,6047.52,1,39
A202606,C2028Q3T04,VICNSW,6040.86,2,51
A202606,C2027Q4T07,VICNSW,6037.72,1,159
A202606,C2028Q3T04,VICSA,6037.18,1,34
A202606,C2027Q2T09,VICSA,6034.88,1,69
A202606,C2029Q1T02,TASVIC,6031,2,56
A202606,C2028Q1T06,TASVIC,6031,3,62
A202606,C2028Q2T05,VICSA,6030,3,96
A202606,C2027Q4T07,QLDNSW,6021,4,433
A202606,C2027Q4T07,VICNSW,6021,1,160
A202606,C2028Q2T05,VICNSW,6020.55,2,42
A202606,C2027Q1T10,VICNSW,6018,2,482
A202606,C2029Q1T02,VICTAS,6011.13521,3,95
A202606,C2029Q1T02,NSWQLD,6011,4,149
A202606,C2027Q2T09,VICNSW,6006.61,1,141
A202606,C2028Q2T05,SAVIC,6006,5,13
A202606,C2026Q4T11,QLDNSW,6004,7,468
A202606,C2027Q4T07,NSWQLD,6003.52,1,51
A202606,C2028Q1T06,QLDNSW,6003,10,593
A202606,C2028Q1T06,SAVIC,6003,8,36
A202606,C2026Q4T11,QLDNSW,6003,10,478
A202606,C2027Q4T07,QLDNSW,6003,10,443
A202606,C2028Q1T06,VICSA,6003,8,115
A202606,C2027Q1T10,NSWQLD,6003,8,177
A202606,C2028Q1T06,NSWQLD,6003,10,198
A202606,C2028Q4T03,QLDNSW,6003,10,502
A202606,C2027Q1T10,NSWQLD,6003,10,187
A202606,C2029Q1T02,VICNSW,6003,8,53
A202606,C2027Q1T10,QLDNSW,6003,8,625
A202606,C2027Q1T10,QLDNSW,6003,10,635
A202606,C2029Q1T02,QLDNSW,6003,10,551
A202606,C2026Q4T11,VICSA,6001,5,119
A202606,C2027Q4T07,QLDNSW,6000.92,10,453
A202606,C2028Q1T06,NSWQLD,6000.53,5,203
A202606,C2027Q4T07,TASVIC,6000.13,1,6
A202606,C2027Q1T10,TASVIC,6000,10,155
A202606,C2026Q4T11,VICTAS,6000,30,439
A202606,C2026Q4T11,TASVIC,6000,30,69
A202606,C2027Q1T10,VICNSW,6000,10,492
A202606,C2027Q3T08,VICNSW,6000,10,174
A202606,C2027Q2T09,TASVIC,6000,5,153
A202606,C2027Q4T07,VICNSW,6000,30,190
A202606,C2027Q2T09,VICSA,6000,5,74
A202606,C2026Q3T12,TASVIC,6000,50,589
A202606,C2027Q2T09,TASVIC,6000,20,173
A202606,C2027Q1T10,TASVIC,6000,5,160
A202606,C2026Q3T12,QLDNSW,6000,10,528
A202606,C2027Q3T08,VICSA,6000,2,68
A202606,C2027Q2T09,VICSA,5999.25,3,77
A202606,C2028Q3T04,TASVIC,5990,1,109
A202606,C2027Q4T07,VICNSW,5988,1,191
A202606,C2027Q3T08,NSWQLD,5988,1,4
A202606,C2027Q3T08,VICSA,5987.9,1,69
A202606,C2027Q2T09,VICSA,5982,1,78
A202606,C2027Q4T07,QLDNSW,5980,4,457
A202606,C2028Q3T04,VICNSW,5980,6,57
A202606,C2027Q1T10,VICSA,5975.87,10,155
A202606,C2029Q1T02,NSWQLD,5973.12,1,150
A202606,C2026Q4T11,NSWQLD,5967.75,1,66
A202606,C2028Q1T06,VICSA,5967,4,119
A202606,C2028Q4T03,TASVIC,5966,1,25
A202606,C2029Q1T02,VICSA,5960.65,1,48
A202606,C2028Q4T03,TASVIC,5960.41,1,26
A202606,C2028Q3T04,VICTAS,5958.47416,3,105
A202606,C2028Q4T03,QLDNSW,5957.14,1,503
A202606,C2027Q4T07,VICNSW,5955,1,192
A202606,C2027Q3T08,VICNSW,5949.24,1,175
A202606,C2027Q2T09,TASVIC,5947.83,12,185
A202606,C2028Q3T04,SAVIC,5941,3,13
A202606,C2027Q4T07,QLDNSW,5936.88,1,458
A202606,C2027Q1T10,VICNSW,5923,1,493
A202606,C2027Q4T07,VICNSW,5923,1,193
A202606,C2026Q4T11,QLDNSW,5923,6,484
A202606,C2027Q3T08,QLDNSW,5921,10,537
A202606,C2028Q3T04,VICNSW,5920.86,2,59
A202606,C2026Q4T11,TASVIC,5920,2,71
A202606,C2028Q2T05,VICNSW,5915,6,48
A202606,C2029Q2T01,VICNSW,5915,6,25
A202606,C2028Q2T05,VICSA,5913,1,97
A202606,C2028Q2T05,NSWQLD,5913,2,6
A202606,C2028Q4T03,VICTAS,5909,1,117
A202606,C2028Q2T05,VICNSW,5900.55,2,50
A202606,C2027Q1T10,NSWQLD,5900,2,189
A202606,C2026Q3T12,VICTAS,5900,10,766
A202606,C2027Q1T10,VICNSW,5900,10,503
A202606,C2027Q2T09,VICTAS,5899.83049,8,211
A202606,C2027Q2T09,VICNSW,5899,20,161
A202606,C2027Q4T07,QLDNSW,5891,9,467
A202606,C2027Q4T07,VICNSW,5890.1805,6,199
A202606,C2027Q4T07,VICNSW,5890,1,200
A202606,C2027Q4T07,TASVIC,5880.13,1,7
A202606,C2028Q2T05,VICSA,5873,1,98
A202606,C2027Q1T10,VICNSW,5873,1,504
A202606,C2028Q4T03,VICSA,5864.85701,5,17
A202606,C2028Q3T04,TASVIC,5861,12,121
A202606,C2029Q1T02,NSWQLD,5855.85,6,156
A202606,C2029Q1T02,NSWQLD,5855.85,10,166
A202606,C2027Q2T09,VICSA,5854,2,80
A202606,C2026Q4T11,QLDNSW,5853,11,495
A202606,C2028Q1T06,VICSA,5851.56,1,120
A202606,C2029Q1T02,VICSA,5851.56,1,49
A202606,C2028Q1T06,VICSA,5850.48,4,124
A202606,C2029Q1T02,VICNSW,5847,4,57
A202606,C2027Q2T09,TASVIC,5847,8,193
A202606,C2027Q4T07,VICNSW,5845.03,1,201
A202606,C2027Q1T10,VICSA,5843.98,12,167
A202606,C2029Q1T02,VICSA,5840.65,1,50
A202606,C2028Q3T04,TASVIC,5840.46689,5,126
A202606,C2028Q3T04,QLDNSW,5839.27,1,553
A202606,C2028Q2T05,VICSA,5838.61,1,99
A202606,C2029Q2T01,VICSA,5838.61,1,46
A202606,C2027Q4T07,SAVIC,5838,3,9
A202606,C2029Q1T02,NSWQLD,5832.05,5,171
A202606,C2027Q2T09,VICTAS,5832,5,216
A202606,C2027Q4T07,VICTAS,5832,5,215
A202606,C2027Q3T08,VICTAS,5832,5,194
A202606,C2027Q1T10,VICSA,5830.73,1,168
A202606,C2029Q1T02,VICNSW,5829.12,6,63
A202606,C2026Q3T12,VICTAS,5828,2,768
A202606,C2027Q1T10,VICNSW,5828,3,507
A202606,C2027Q1T10,NSWVIC,5827.99,7,17
A202606,C2026Q4T11,VICSA,5827.79,5,124
A202606,C2028Q4T03,TASVIC,5820.41,1,27
A202606,C2029Q1T02,TASVIC,5819.31978,2,58
A202606,C2027Q1T10,SAVIC,5819,2,15
A202606,C2028Q3T04,VICSA,5818.21,1,35
A202606,C2028Q3T04,VICNSW,5816.17,1,60
A202606,C2027Q1T10,VICNSW,5815.16,1,508
A202606,C2026Q4T11,QLDNSW,5814.6,1,496
A202606,C2026Q3T12,TASVIC,5813.63987,40,629
A202606,C2028Q1T06,NSWQLD,5809.25,1,204
A202606,C2027Q2T09,VICNSW,5801.83,1,162
A202606,C2028Q4T03,NSWQLD,5801.4,1,40
A202606,C2028Q3T04,VICNSW,5800.86,2,62
A202606,C2027Q2T09,VICSA,5800,1,81
A202606,C2028Q3T04,VICSA,5800,2,37
A202606,C2028Q4T03,SAVIC,5796,5,9
A202606,C2027Q2T09,QLDNSW,5795.5,1,577
A202606,C2028Q2T05,VICNSW,5780.55,2,52
A202606,C2027Q2T09,VICSA,5778.85,1,82
A202606,C2027Q2T09,VICSA,5778,1,83
A202606,C2029Q1T02,VICNSW,5776,4,67
A202606,C2029Q2T01,QLDNSW,5775.14,1,548
A202606,C2028Q2T05,QLDNSW,5775.14,1,562
A202606,C2028Q2T05,VICSA,5771,1,100
A202606,C2027Q1T10,NSWQLD,5768.82,1,190
A202606,C2026Q4T11,QLDNSW,5764,4,500
A202606,C2027Q2T09,TASVIC,5763.87496,13,206
A202606,C2027Q4T07,TASVIC,5760.13,1,8
A202606,C2026Q4T11,TASVIC,5760,2,73
A202606,C2026Q4T11,VICSA,5754.25,1,125
A202606,C2026Q3T12,VICNSW,5753.87,1,581
A202606,C2027Q4T07,QLDNSW,5753.7,15,482
A202606,C2029Q1T02,VICNSW,5752,3,70
A202606,C2026Q3T12,QLDNSW,5750,3,531
A202606,C2027Q4T07,NSWQLD,5748.83,1,52
A202606,C2026Q3T12,TASVIC,5744.20019,10,639
A202606,C2027Q3T08,TASVIC,5741.35892,10,140
A202606,C2026Q4T11,VICTAS,5740.98616,10,449
A202606,C2028Q2T05,VICTAS,5740.21982,3,124
A202606,C2027Q2T09,SAVIC,5733,5,8
A202606,C2028Q1T06,QLDNSW,5730,5,598
A202606,C2028Q3T04,TASVIC,5729,1,127
A202606,C2027Q1T10,VICNSW,5725,3,511
A202606,C2028Q4T03,QLDNSW,5724.06,15,518
A202606,C2027Q3T08,VICSA,5722.61,1,70
A202606,C2026Q4T11,NSWQLD,5722.5,1,67
A202606,C2026Q4T11,NSWQLD,5722.5,5,72
A202606,C2028Q1T06,QLDNSW,5720.65,4,602
A202606,C2029Q1T02,VICSA,5720.65,1,51
A202606,C2026Q4T11,VICNSW,5720.52,1,548
A202606,C2029Q1T02,VICNSW,5717,3,73
A202606,C2027Q3T08,VICNSW,5713,5,180
A202606,C2027Q1T10,VICTAS,5712.33817,13,294
A202606,C2026Q4T11,VICNSW,5711.67,12,560
A202606,C2027Q1T10,VICTAS,5710.71,16,310
A202606,C2027Q1T10,TASVIC,5706.70656,13,173
A202606,C2027Q3T08,VICNSW,5704.75,1,181
A202606,C2028Q3T04,VICSA,5702,4,41
A202606,C2028Q3T04,VICTAS,5702,1,106
A202606,C2029Q1T02,VICNSW,5701,5,78
A202606,C2028Q1T06,VICNSW,5700.82,2,98
A202606,C2028Q2T05,TASVIC,5700,2,94
A202606,C2027Q1T10,NSWQLD,5697.69,5,195
A202606,C2027Q1T10,NSWQLD,5697.688,9,204
A202606,C2026Q3T12,VICNSW,5696.36,13,594
A202606,C2026Q4T11,QLDNSW,5695,4,504
A202606,C2028Q2T05,VICSA,5694,1,101
A202606,C2027Q2T09,VICSA,5685,2,85
A202606,C2028Q4T03,TASVIC,5682,1,28
A202606,C2028Q3T04,VICNSW,5680.86,2,64
A202606,C2028Q4T03,TASVIC,5680.41,1,29
A202606,C2026Q4T11,QLDNSW,5672,7,511
A202606,C2028Q4T03,SAVIC,5662,2,11
A202606,C2028Q2T05,VICNSW,5660.55,2,54
A202606,C2028Q2T05,VICSA,5660,1,102
A202606,C2026Q4T11,VICNSW,5658,6,566
A202606,C2027Q1T10,VICNSW,5655,2,513
A202606,C2027Q4T07,VICNSW,5652.33,1,202
A202606,C2026Q4T11,VICNSW,5650,10,576
A202606,C2027Q2T09,VICSA,5643,1,86
A202606,C2027Q4T07,TASVIC,5640.13,1,9
A202606,C2028Q2T05,VICSA,5626.84,1,103
A202606,C2029Q2T01,VICSA,5626.84,1,47
A202606,C2029Q2T01,QLDNSW,5621.09,15,563
A202606,C2028Q2T05,QLDNSW,5621.09,10,572
A202606,C2028Q3T04,NSWQLD,5620,2,14
A202606,C2028Q1T06,VICNSW,5612.82,2,100
A202606,C2028Q3T04,VICNSW,5612.61,1,65
A202606,C2027Q1T10,VICNSW,5611.00218,10,523
A202606,C2027Q1T10,NSWQLD,5610.48,5,209
A202606,C2029Q1T02,VICNSW,5605,4,82
A202606,C2028Q1T06,TASVIC,5603.57754,3,65
A202606,C2027Q4T07,NSWQLD,5603.56,10,62
A202606,C2029Q1T02,VICSA,5600.65,1,52
A202606,C2027Q1T10,VICSA,5600,1,169
A202606,C2026Q3T12,VICTAS,5600,10,778
A202606,C2026Q4T11,TASVIC,5600,2,75
A202606,C2027Q1T10,NSWQLD,5600,2,211
A202606,C2026Q4T11,VICSA,5600,4,129
A202606,C2028Q3T04,VICSA,5599.25,1,42
A202606,C2027Q3T08,VICNSW,5597.28,10,191
A202606,C2027Q2T09,VICNSW,5597.06,1,163
A202606,C2027Q2T09,VICNSW,5590,1,164
A202606,C2027Q4T07,QLDNSW,5578.62,1,483
A202606,C2029Q1T02,VICNSW,5578,3,85
A202606,C2026Q4T11,QLDNSW,5572.32,1,512
A202606,C2027Q2T09,VICSA,5570,1,87
A202606,C2027Q4T07,TASVIC,5565,1,10
A202606,C2029Q1T02,NSWQLD,5563.2,1,172
A202606,C2028Q3T04,VICNSW,5560.86,2,67
A202606,C2027Q3T08,VICNSW,5555.55,5,196
A202606,C2027Q2T09,VICNSW,5555.55,5,169
A202606,C2028Q4T03,NSWQLD,5555.28,1,41
A202606,C2028Q2T05,TASVIC,5553.37489,6,100
A202606,C2027Q1T10,VICNSW,5553,4,527
A202606,C2026Q4T11,VICSA,5551,5,134
A202606,C2026Q4T11,VICNSW,5550,5,581
A202606,C2029Q1T02,QLDNSW,5550,1,552
A202606,C2027Q4T07,VICSA,5548,2,21
A202606,C2029Q2T01,VICTAS,5543.01327,2,104
A202606,C2026Q4T11,QLDNSW,5542,4,516
A202606,C2028Q2T05,VICNSW,5540.55,2,56
A202606,C2028Q4T03,TASVIC,5540.41,1,30
A202606,C2029Q1T02,VICNSW,5539,3,88
A202606,C2028Q1T06,VICSA,5536.48,1,125
A202606,C2029Q1T02,VICSA,5536.48,1,53
A202606,C2027Q2T09,VICNSW,5536.44,10,179
A202606,C2028Q2T05,VICSA,5533,1,104
A202606,C2028Q3T04,QLDNSW,5531.15,10,563
A202606,C2027Q3T08,VICNSW,5527,4,200
A202606,C2027Q2T09,VICNSW,5525.52,6,185
A202606,C2028Q1T06,VICNSW,5524.82,2,102
A202606,C2029Q2T01,VICNSW,5524.57,1,26
A202606,C2028Q2T05,VICNSW,5524.57,1,57
A202606,C2028Q1T06,VICSA,5523.76,8,133
A202606,C2027Q2T09,VICSA,5522.82,1,88
A202606,C2027Q4T07,TASVIC,5520.13,1,11
A202606,C2027Q4T07,SAVIC,5520,5,14
A202606,C2027Q3T08,SAVIC,5520,5,8
A202606,C2028Q3T04,VICSA,5518.947,2,44
A202606,C2029Q1T02,VICSA,5517,2,55
A202606,C2027Q1T10,VICNSW,5514.61,12,539
A202606,C2029Q1T02,NSWVIC,5503,8,33
A202606,C2029Q1T02,NSWQLD,5503,10,182
A202606,C2027Q4T07,VICSA,5500.98,2,23
A202606,C2028Q1T06,NSWQLD,5500.53,5,209
A202606,C2029Q2T01,VICNSW,5500.49,2,28
A202606,C2027Q3T08,VICSA,5500,3,73
A202606,C2027Q2T09,VICSA,5500,10,98
A202606,C2026Q3T12,VICNSW,5500,10,604
A202606,C2027Q2T09,TASVIC,5500,5,211
A202606,C2028Q3T04,VICSA,5500,2,46
A202606,C2027Q1T10,TASVIC,5500,5,178
A202606,C2027Q1T10,VICNSW,5500,6,545
A202606,C2027Q4T07,VICNSW,5500,4,206
A202606,C2027Q3T08,VICNSW,5500,10,210
A202606,C2027Q4T07,VICSA,5498,1,24
A202606,C2026Q4T11,NSWQLD,5495.77,5,77
A202606,C2027Q4T07,NSWQLD,5494.14,1,63
A202606,C2028Q1T06,VICTAS,5492.42104,5,176
A202606,C2027Q2T09,VICSA,5488,2,100
A202606,C2029Q1T02,VICSA,5480.65,1,56
A202606,C2026Q3T12,VICTAS,5477.3999,30,808
A202606,C2026Q4T11,NSWQLD,5477.25,1,78
A202606,C2027Q3T08,QLDNSW,5476.24,1,538
A202606,C2027Q4T07,VICTAS,5475.32384,8,223
A202606,C2028Q2T05,VICSA,5475,3,107
A202606,C2027Q3T08,VICNSW,5472,2,212
A202606,C2028Q3T04,TASVIC,5469,1,128
A202606,C2028Q4T03,NSWQLD,5466,1,42
A202606,C2026Q4T11,SAVIC,5464.8,5,9
A202606,C2027Q3T08,VICNSW,5460.26,1,213
A202606,C2026Q4T11,VICSA,5460.24,1,135
A202606,C2029Q2T01,VICNSW,5460.189,5,33
A202606,C2027Q2T09,TASVIC,5460,8,219
A202606,C2027Q3T08,TASVIC,5460,7,147
A202606,C2028Q1T06,QLDNSW,5459.7,1,603
A202606,C2027Q4T07,VICNSW,5459.64,1,207
A202606,C2027Q4T07,NSWQLD,5457.9,3,66
A202606,C2027Q3T08,VICSA,5457.33,1,74
A202606,C2029Q1T02,VICSA,5456,1,57
A202606,C2028Q4T03,NSWQLD,5455.11,9,51
A202606,C2028Q4T03,VICTAS,5455,1,118
A202606,C2029Q1T02,VICNSW,5454,3,91
A202606,C2027Q4T07,VICNSW,5450,2,209
A202606,C2028Q4T03,QLDNSW,5442.33,1,519
A202606,C2028Q1T06,VICSA,5441.63,5,138
A202606,C2028Q3T04,VICNSW,5440.86,2,69
A202606,C2028Q4T03,TASVIC,5440.5,1,31
A202606,C2026Q4T11,TASVIC,5440,2,77
A202606,C2029Q2T01,TASVIC,5437.79538,4,96
A202606,C2028Q1T06,VICNSW,5436.82,2,104
A202606,C2029Q1T02,VICNSW,5434,3,94
A202606,C2029Q1T02,VICSA,5430,3,60
A202606,C2027Q3T08,TASVIC,5426,8,155
A202606,C2029Q1T02,VICSA,5425,2,62
A202606,C2027Q4T07,NSWQLD,5423,1,67
A202606,C2028Q2T05,TASVIC,5421,3,103
A202606,C2027Q4T07,VICSA,5420.98,2,26
A202606,C2028Q2T05,VICNSW,5420.55,2,59
A202606,C2028Q2T05,VICSA,5419,2,109
A202606,C2028Q2T05,VICSA,5415.08,1,110
A202606,C2029Q2T01,VICSA,5415.08,1,48
A202606,C2027Q1T10,VICSA,5412.11,10,179
A202606,C2027Q4T07,VICSA,5412,1,27
A202606,C2028Q3T04,VICNSW,5409.04,1,70
A202606,C2027Q1T10,VICSA,5401.1,1,180
A202606,C2028Q4T03,TASVIC,5400.41,1,32
A202606,C2027Q4T07,TASVIC,5400.13,1,12
A202606,C2027Q1T10,SAVIC,5400,1,16
A202606,C2027Q1T10,VICNSW,5399.79,1,546
A202606,C2027Q4T07,VICSA,5399,1,28
A202606,C2028Q4T03,TASVIC,5398,1,33
A202606,C2027Q1T10,VICTAS,5397.3999,18,328
A202606,C2027Q2T09,VICNSW,5392.29,1,186
A202606,C2029Q1T02,VICSA,5392,3,65
A202606,C2028Q4T03,NSWQLD,5392,1,52
A202606,C2027Q2T09,VICSA,5391,2,102
A202606,C2027Q3T08,VICTAS,5390.60608,7,201
A202606,C2027Q3T08,VICNSW,5388,5,218
A202606,C2028Q2T05,VICSA,5386,1,111
A202606,C2028Q1T06,NSWQLD,5381.2,1,210
A202606,C2028Q3T04,VICSA,5380.28,1,47
A202606,C2029Q1T02,VICNSW,5377,1,95
A202606,C2027Q2T09,VICSA,5370,1,103
A202606,C2026Q4T11,VICSA,5365.27,5,140
A202606,C2029Q2T01,NSWVIC,5362.5,7,7
A202606,C2026Q3T12,VICSA,5361.57,13,380
A202606,C2026Q3T12,TASVIC,5360.93,50,689
A202606,C2028Q1T06,QLDNSW,5360.64999,4,607
A202606,C2029Q1T02,VICSA,5360.64999,1,66
A202606,C2029Q2T01,VICNSW,5360.49,2,35
A202606,C2028Q2T05,VICNSW,5358.83,1,60
A202606,C2028Q2T05,VICSA,5351,1,112
A202606,C2028Q4T03,NSWQLD,5350,1,53
A202606,C2028Q1T06,VICNSW,5348.82,2,106
A202606,C2027Q3T08,VICNSW,5346,4,222
A202606,C2028Q3T04,SAVIC,5343.35999,5,18
A202606,C2027Q1T10,NSWQLD,5341.59,10,221
A202606,C2027Q4T07,VICSA,5340.97999,2,30
A202606,C2026Q4T11,NSWQLD,5335.85,13,91
A202606,C2029Q2T01,VICNSW,5331.21,1,36
A202606,C2026Q4T11,QLDNSW,5330.05,1,517
A202606,C2027Q3T08,VICNSW,5328,2,224
A202606,C2026Q3T12,VICTAS,5327,20,828
A202606,C2028Q3T04,VICTAS,5322,1,107
A202606,C2028Q3T04,VICNSW,5320.85999,2,72
A202606,C2027Q4T07,VICNSW,5320,4,213
A202606,C2027Q1T10,VICSA,5319,4,184
A202606,C2027Q2T09,VICSA,5318,4,107
A202606,C2028Q2T05,VICSA,5317,1,113
A202606,C2027Q4T07,VICSA,5316,2,32
A202606,C2026Q4T11,NSWQLD,5313.75,5,96
A202606,C2027Q3T08,VICNSW,5312,5,229
A202606,C2029Q1T02,VICNSW,5311,5,100
A202606,C2028Q4T03,NSWQLD,5309.16,1,54
A202606,C2029Q1T02,QLDNSW,5307.12,5,557
A202606,C2029Q1T02,QLDNSW,5307.12,21,578
A202606,C2029Q1T02,VICSA,5306,1,67
A202606,C2027Q4T07,VICSA,5303,1,33
A202606,C2027Q2T09,VICSA,5303,1,108
A202606,C2029Q2T01,VICSA,5302.8885,2,50
A202606,C2028Q4T03,VICTAS,5302.59759,5,123
A202606,C2028Q2T05,VICNSW,5300.55,2,62
A202606,C2028Q1T06,VICSA,5300.47999,4,142
A202606,C2028Q2T05,VICSA,5300.42,8,121
A202606,C2028Q2T05,TASVIC,5300,2,105
A202606,C2027Q1T10,NSWQLD,5300,2,223
A202606,C2026Q3T12,VICTAS,5300,10,838
A202606,C2027Q1T10,NSWQLD,5296,6,229
A202606,C2028Q2T05,VICSA,5293,4,125
A202606,C2026Q3T12,VICNSW,5287.34,1,605
A202606,C2028Q2T05,SAVIC,5285.28,5,18
A202606,C2027Q1T10,VICSA,5284,10,194
A202606,C2028Q1T06,VICSA,5281.584,7,149
A202606,C2026Q4T11,VICNSW,5280.47999,1,582
A202606,C2027Q4T07,TASVIC,5280.13,1,13
A202606,C2026Q4T11,TASVIC,5280,2,79
A202606,C2029Q1T02,VICNSW,5279,6,106
A202606,C2027Q2T09,VICSA,5278,3,111
A202606,C2029Q1T02,VICSA,5275,1,68
A202606,C2028Q4T03,NSWQLD,5274.35999,3,57
A202606,C2027Q1T10,NSWQLD,5270.28,1,230
A202606,C2027Q4T07,VICNSW,5266.95,1,214
A202606,C2027Q2T09,VICSA,5266.8,1,112
A202606,C2028Q2T05,VICSA,5266,1,126
A202606,C2028Q3T04,TASVIC,5264.04,5,133
A202606,C2028Q3T04,VICNSW,5262.39999,6,78
A202606,C2027Q4T07,VICSA,5260.97999,2,35
A202606,C2028Q1T06,VICNSW,5260.82,2,108
A202606,C2028Q4T03,TASVIC,5260.41,1,34
A202606,C2028Q4T03,NSWQLD,5260,1,58
A202606,C2028Q1T06,VICNSW,5253,2,110
A202606,C2027Q1T10,VICNSW,5250,10,556
A202606,C2027Q1T10,TASVIC,5250,2,180
A202606,C2028Q3T04,VICNSW,5249.1205,6,84
A202606,C2026Q3T12,VICNSW,5242.006,25,630
A202606,C2029Q1T02,VICSA,5240.64999,1,69
A202606,C2027Q4T07,NSWQLD,5239.43999,1,68
A202606,C2027Q2T09,VICSA,5238,1,113
A202606,C2027Q3T08,VICTAS,5237,20,221
A202606,C2027Q3T08,VICNSW,5235,6,235
A202606,C2028Q4T03,NSWQLD,5233,1,59
A202606,C2026Q4T11,NSWQLD,5232,1,97
A202606,C2027Q2T09,VICSA,5230,2,115
A202606,C2028Q1T06,VICNSW,5226,2,112
A202606,C2027Q4T07,TASVIC,5225,4,17
A202606,C2028Q2T05,VICSA,5224,5,131
A202606,C2027Q3T08,VICNSW,5222,8,243
A202606,C2028Q1T06,VICSA,5221.39,1,150
A202606,C2029Q1T02,VICSA,5221.39,1,70
A202606,C2026Q4T11,VICNSW,5221.305,25,607
A202606,C2029Q2T01,VICNSW,5220.49,2,38
A202606,C2027Q4T07,QLDNSW,5220.35999,1,484
A202606,C2027Q3T08,VICNSW,5215.77,1,244
A202606,C2028Q3T04,VICTAS,5213.66489,3,110
A202606,C2027Q4T07,VICSA,5213,2,37
A202606,C2028Q4T03,VICNSW,5212,4,35
A202606,C2028Q2T05,VICSA,5211,1,132
A202606,C2027Q3T08,VICNSW,5211,20,264
A202606,C2027Q2T09,VICNSW,5211,3,189
A202606,C2028Q3T04,TASVIC,5208,1,134
A202606,C2028Q3T04,VICNSW,5205.47,1,85
A202606,C2028Q2T05,VICNSW,5205.2,6,68
A202606,C2029Q2T01,VICNSW,5205.2,6,44
A202606,C2029Q1T02,VICSA,5204,2,72
A202606,C2029Q2T01,VICSA,5203.32,1,51
A202606,C2028Q2T05,VICSA,5203.32,1,133
A202606,C2027Q2T09,VICNSW,5201,20,209
A202606,C2028Q3T04,VICNSW,5200.85999,2,87
A202606,C2028Q1T06,VICNSW,5200,2,114
A202606,C2029Q2T01,VICNSW,5200,3,47
A202606,C2028Q3T04,VICSA,5200,2,49
A202606,C2029Q1T02,VICNSW,5197,9,115
A202606,C2027Q4T07,VICSA,5195,2,39
A202606,C2029Q1T02,VICSA,5194,2,74
A202606,C2028Q2T05,VICNSW,5193.09,1,69
A202606,C2027Q3T08,VICSA,5192.04,1,75
A202606,C2027Q3T08,VICNSW,5191,4,268
A202606,C2027Q2T09,QLDNSW,5190,1,578
A202606,C2027Q2T09,VICNSW,5187.52,1,210
A202606,C2029Q1T02,TASVIC,5184,1,59
A202606,C2026Q3T12,VICTAS,5182.27517,40,878
A202606,C2027Q4T07,VICSA,5180.97999,2,41
A202606,C2028Q2T05,VICNSW,5180.55,2,71
A202606,C2026Q4T11,VICSA,5180.259,7,147
A202606,C2027Q2T09,VICSA,5179,2,117
A202606,C2028Q1T06,VICNSW,5174,2,116
A202606,C2028Q1T06,VICNSW,5172.82,2,118
A202606,C2027Q3T08,VICNSW,5166.72,10,278
A202606,C2026Q4T11,QLDNSW,5166.24,10,527
A202606,C2026Q4T11,VICSA,5166.22999,1,148
A202606,C2028Q4T03,VICNSW,5164,4,39
A202606,C2027Q2T09,VICTAS,5162.35168,8,224
A202606,C2027Q2T09,VICSA,5162,1,118
A202606,C2028Q3T04,VICSA,5161.32,1,50
A202606,C2027Q4T07,TASVIC,5160.13,1,18
A202606,C2028Q2T05,VICSA,5154,2,135
A202606,C2027Q3T08,VICNSW,5154,3,281
A202606,C2029Q1T02,NSWQLD,5153.28,1,183
A202606,C2027Q4T07,VICSA,5150,1,42
A202606,C2027Q1T10,VICSA,5150,1,195
A202606,C2026Q4T11,VICSA,5150,4,152
A202606,C2028Q1T06,VICNSW,5147,2,120
A202606,C2028Q1T06,TASVIC,5146,8,73
A202606,C2027Q4T07,VICNSW,5140,4,218
A202606,C2028Q2T05,TASVIC,5139.3,3,108
A202606,C2028Q3T04,TASVIC,5139.3,2,136
A202606,C2028Q1T06,TASVIC,5139.3,3,76
A202606,C2027Q1T10,TASVIC,5139.3,8,188
A202606,C2027Q2T09,TASVIC,5139.3,6,225
A202606,C2027Q4T07,TASVIC,5139.3,4,22
A202606,C2027Q3T08,TASVIC,5139.3,5,160
A202606,C2026Q4T11,TASVIC,5139.3,7,86
A202606,C2026Q3T12,TASVIC,5139.3,25,714
A202606,C2028Q4T03,TASVIC,5139.3,2,36
A202606,C2028Q2T05,VICSA,5139,1,136
A202606,C2029Q2T01,VICNSW,5137.85,1,48
A202606,C2029Q1T02,VICNSW,5133,7,122
A202606,C2029Q1T02,VICSA,5130,2,76
A202606,C2026Q4T11,NSWQLD,5123,1,98
A202606,C2028Q2T05,VICSA,5123,5,141
A202606,C2028Q1T06,VICNSW,5121,2,122
A202606,C2029Q1T02,VICSA,5120.64999,1,77
A202606,C2028Q4T03,TASVIC,5120.41,1,37
A202606,C2027Q4T07,VICSA,5120.37,1,43
A202606,C2026Q4T11,TASVIC,5120,2,88
A202606,C2028Q4T03,NSWQLD,5118,1,60
A202606,C2028Q4T03,VICNSW,5118,4,43
A202606,C2027Q2T09,VICTAS,5118,20,244
A202606,C2027Q4T07,VICNSW,5118,3,221
A202606,C2028Q4T03,TASVIC,5114,1,38
A202606,C2027Q2T09,VICNSW,5110.56,10,220
A202606,C2029Q1T02,NSWQLD,5110.05,5,188
A202606,C2028Q2T05,SAVIC,5103,2,20
A202606,C2028Q2T05,VICSA,5103,1,142
A202606,C2026Q4T11,NSWQLD,5101,4,102
A202606,C2027Q4T07,VICSA,5100.97999,2,45
A202606,C2028Q4T03,SAVIC,5100.47999,5,16
A202606,C2029Q1T02,VICSA,5100.25,5,82
A202606,C2027Q3T08,VICNSW,5100,2,283
A202606,C2026Q4T11,VICNSW,5100,10,617
A202606,C2027Q2T09,VICSA,5099,1,119
A202606,C2029Q1T02,VICSA,5098,3,85
A202606,C2028Q1T06,VICNSW,5095,2,124
A202606,C2027Q4T07,VICSA,5095,1,46
A202606,C2027Q4T07,NSWQLD,5094.04,5,73
A202606,C2028Q1T06,TASVIC,5090,1,77
A202606,C2027Q2T09,VICSA,5089,2,121
A202606,C2026Q4T11,QLDNSW,5087.78,1,528
A202606,C2026Q4T11,VICSA,5086.26,17,169
A202606,C2028Q1T06,VICNSW,5084.82,2,126
A202606,C2027Q2T09,VICSA,5082.80314,7,128
A202606,C2028Q3T04,VICNSW,5080.85999,2,89
A202606,C2029Q2T01,VICNSW,5080.49,2,50
A202606,C2026Q3T12,VICTAS,5078,2,880
A202606,C2027Q4T07,VICNSW,5074.26,1,222
A202606,C2029Q1T02,VICNSW,5072,6,128
A202606,C2028Q3T04,QLDNSW,5068.05,1,564
A202606,C2028Q1T06,VICNSW,5068,2,128
A202606,C2028Q1T06,VICNSW,5064.37,1,129
A202606,C2027Q2T09,VICSA,5064,1,129
A202606,C2028Q4T03,NSWQLD,5063.04,1,61
A202606,C2028Q2T05,VICNSW,5060.55,2,73
A202606,C2026Q3T12,QLDNSW,5059.377,20,551
A202606,C2027Q2T09,VICSA,5059,2,131
A202606,C2028Q3T04,VICSA,5059,1,51
A202606,C2029Q1T02,NSWQLD,5058,6,194
A202606,C2028Q4T03,NSWQLD,5057,1,62
A202606,C2028Q2T05,VICSA,5053,4,146
A202606,C2029Q2T01,VICSA,5050,1,52
A202606,C2028Q4T03,VICNSW,5050,3,46
A202606,C2027Q3T08,VICNSW,5048,3,286
A202606,C2028Q2T05,VICSA,5047,1,147
A202606,C2027Q2T09,SAVIC,5045.04,5,13
A202606,C2028Q1T06,VICNSW,5042,2,131
A202606,C2028Q1T06,VICSA,5041.51,5,155
A202606,C2027Q4T07,TASVIC,5040.13,1,23
A202606,C2028Q3T04,VICSA,5036,1,52
A202606,C2029Q2T01,VICSA,5035,2,54
A202606,C2029Q1T02,VICSA,5033,4,89
A202606,C2028Q2T05,VICNSW,5027.35999,1,74
A202606,C2029Q1T02,QLDNSW,5025,1,579
A202606,C2027Q4T07,NSWQLD,5025,4,77
A202606,C2028Q2T05,VICTAS,5022.69234,3,127
A202606,C2027Q4T07,VICSA,5022,1,47
A202606,C2027Q4T07,VICSA,5020.97999,2,49
A202606,C2028Q4T03,VICNSW,5017,5,51
A202606,C2028Q1T06,VICNSW,5016,2,133
A202606,C2029Q2T01,QLDNSW,5012.39,1,564
A202606,C2028Q2T05,QLDNSW,5012.39,1,573
A202606,C2027Q2T09,VICSA,5010.77,1,132
A202606,C2028Q2T05,VICSA,5010,1,148
A202606,C2027Q2T09,VICSA,5009,1,133
A202606,C2027Q2T09,VICNSW,5005.5,6,226
A202606,C2026Q4T11,VICTAS,5003,10,459
A202606,C2027Q1T10,VICTAS,5003,10,338
A202606,C2026Q3T12,VICTAS,5003,10,890
A202606,C2027Q1T10,VICTAS,5003,10,348
A202606,C2028Q2T05,VICSA,5003,8,156
A202606,C2029Q2T01,VICTAS,5003,10,114
A202606,C2029Q2T01,VICNSW,5003,8,58
A202606,C2028Q1T06,VICTAS,5003,10,186
A202606,C2026Q4T11,VICNSW,5003,8,625
A202606,C2028Q2T05,VICTAS,5003,10,137
A202606,C2027Q1T10,VICSA,5003,8,203
A202606,C2028Q1T06,VICNSW,5003,8,141
A202606,C2028Q3T04,VICSA,5003,8,60
A202606,C2027Q3T08,QLDNSW,5003,8,546
A202606,C2027Q4T07,VICTAS,5003,10,233
A202606,C2027Q3T08,VICTAS,5003,10,231
A202606,C2027Q2T09,QLDNSW,5003,8,586
A202606,C2027Q2T09,VICTAS,5003,10,254
A202606,C2028Q4T03,QLDNSW,5003,8,527
A202606,C2029Q1T02,VICTAS,5003,10,105
A202606,C2028Q3T04,VICNSW,5001.91,1,90
A202606,C2028Q4T03,NSWQLD,5001,1,63
A202606,C2027Q4T07,QLDNSW,5000.92,10,494
A202606,C2027Q3T08,TASVIC,5000.53841,10,170
A202606,C2028Q1T06,NSWQLD,5000.53,5,215
A202606,C2027Q3T08,NSWVIC,5000.3125,1,4
A202606,C2028Q2T05,VICSA,5000.3125,1,157
A202606,C2026Q4T11,VICNSW,5000.3125,1,626
A202606,C2027Q2T09,QLDNSW,5000.3125,1,587
A202606,C2027Q2T09,VICNSW,5000.3125,1,227
A202606,C2027Q2T09,NSWVIC,5000.3125,1,4
A202606,C2028Q1T06,QLDNSW,5000.3125,1,608
A202606,C2028Q2T05,SAVIC,5000.3125,1,21
A202606,C2028Q2T05,QLDNSW,5000.3125,1,574
A202606,C2027Q2T09,VICSA,5000.3125,1,134
A202606,C2029Q1T02,VICNSW,5000.3125,1,129
A202606,C2026Q3T12,SAVIC,5000.3125,1,4
A202606,C2026Q3T12,NSWVIC,5000.3125,1,4
A202606,C2028Q3T04,SAVIC,5000.3125,1,19
A202606,C2028Q1T06,NSWVIC,5000.3125,1,18
A202606,C2029Q1T02,VICSA,5000.3125,1,90
A202606,C2027Q4T07,VICNSW,5000.3125,1,223
A202606,C2027Q1T10,NSWVIC,5000.3125,1,18
A202606,C2029Q1T02,NSWVIC,5000.3125,1,34
A202606,C2028Q3T04,NSWVIC,5000.3125,1,4
A202606,C2028Q2T05,NSWVIC,5000.3125,1,4
A202606,C2027Q1T10,QLDNSW,5000.3125,1,636
A202606,C2027Q4T07,QLDNSW,5000.3125,1,495
A202606,C2029Q1T02,SAVIC,5000.3125,1,14
A202606,C2027Q1T10,SAVIC,5000.3125,1,17
A202606,C2026Q4T11,QLDNSW,5000.3125,1,529
A202606,C2027Q1T10,VICNSW,5000.3125,1,557
A202606,C2028Q4T03,VICNSW,5000.3125,1,52
A202606,C2028Q1T06,VICSA,5000.3125,1,156
A202606,C2028Q1T06,SAVIC,5000.3125,1,37
A202606,C2028Q4T03,QLDNSW,5000.3125,1,528
A202606,C2027Q3T08,SAVIC,5000.3125,1,9
A202606,C2027Q2T09,SAVIC,5000.3125,1,14
A202606,C2028Q2T05,VICNSW,5000.3125,1,75
A202606,C2029Q1T02,QLDNSW,5000.3125,1,580
A202606,C2027Q1T10,VICSA,5000.3125,1,204
A202606,C2028Q1T06,VICNSW,5000.3125,1,142
A202606,C2027Q3T08,VICNSW,5000,10,296
A202606,C2028Q4T03,VICTAS,5000,1,124
A202606,C2027Q4T07,VICTAS,5000,25,258
A202606,C2027Q2T09,VICSA,5000,10,144
A202606,C2027Q1T10,VICTAS,5000,10,358
A202606,C2026Q3T12,VICTAS,5000,50,940
A202606,C2026Q4T11,QLDNSW,5000,3,532
A202606,C2027Q1T10,TASVIC,5000,5,193
A202606,C2027Q1T10,TASVIC,5000,1,194
A202606,C2027Q1T10,VICNSW,5000,10,567
A202606,C2027Q4T07,QLDNSW,5000,3,498
A202606,C2027Q3T08,QLDNSW,5000,3,549
A202606,C2027Q2T09,TASVIC,5000,5,230
A202606,C2027Q1T10,NSWQLD,5000,2,232
A202606,C2028Q1T06,TASVIC,5000,1,78
A202606,C2028Q1T06,VICNSW,5000,30,172
A202606,C2027Q4T07,VICNSW,5000,30,253
A202606,C2027Q4T07,TASVIC,5000,1,24
A202606,C2028Q2T05,TASVIC,5000,1,109
A202606,C2028Q1T06,TASVIC,5000,5,83
A202606,C2027Q2T09,QLDNSW,5000,3,590
A202606,C2028Q4T03,VICNSW,5000,1,53
A202606,C2027Q3T08,VICSA,5000,5,80
A202606,C2028Q3T04,VICSA,5000,2,62
A202606,C2027Q4T07,NSWQLD,4999,1,78
A202606,C2028Q1T06,VICNSW,4996.82,2,174
A202606,C2027Q2T09,VICSA,4996,3,147
A202606,C2027Q3T08,VICNSW,4994,5,301
A202606,C2028Q2T05,VICSA,4991.56,1,158
A202606,C2029Q2T01,VICSA,4991.56,1,55
A202606,C2027Q3T08,VICNSW,4991.06419,8,309
A202606,C2027Q3T08,NSWQLD,4990,3,7
A202606,C2028Q1T06,VICNSW,4989,1,175
A202606,C2029Q1T02,TASVIC,4987.98838,2,61
A202606,C2026Q3T12,VICSA,4987.08,10,390
A202606,C2027Q2T09,VICSA,4987,1,148
A202606,C2026Q4T11,NSWQLD,4986.75,1,103
A202606,C2029Q2T01,TASVIC,4986.3,4,100
A202606,C2027Q1T10,NSWQLD,4985.47999,10,242
A202606,C2027Q4T07,NSWQLD,4984.74,1,79
A202606,C2027Q1T10,VICNSW,4984.42,1,568
A202606,C2027Q2T09,VICNSW,4982.75,1,228
A202606,C2028Q4T03,VICNSW,4982,3,56
A202606,C2028Q2T05,VICSA,4982,8,166
A202606,C2028Q4T03,TASVIC,4980.41,1,39
A202606,C2028Q2T05,VICSA,4978,1,167
A202606,C2027Q4T07,VICSA,4976,2,51
A202606,C2028Q3T04,TASVIC,4975.21253,5,141
A202606,C2027Q1T10,VICSA,4971.46,1,205
A202606,C2027Q3T08,VICNSW,4971.29,1,310
A202606,C2028Q2T05,VICSA,4968,2,169
A202606,C2029Q1T02,VICTAS,4965.72039,4,109
A202606,C2027Q2T09,TASVIC,4963.33677,13,243
A202606,C2028Q1T06,VICNSW,4963,1,176
A202606,C2028Q1T06,SAVIC,4962,2,39
A202606,C2026Q4T11,TASVIC,4962,2,90
A202606,C2029Q1T02,VICSA,4961,5,95
A202606,C2028Q3T04,VICNSW,4960.85999,2,92
A202606,C2028Q4T03,NSWQLD,4960,2,65
A202606,C2027Q4T07,VICNSW,4960,4,257
A202606,C2026Q4T11,TASVIC,4960,2,92
A202606,C2028Q4T03,VICNSW,4960,1,57
A202606,C2028Q1T06,NSWQLD,4953.14999,1,216
A202606,C2026Q3T12,TASVIC,4952.35989,50,764
A202606,C2027Q2T09,VICNSW,4952,8,236
A202606,C2028Q3T04,TASVIC,4948,1,142
A202606,C2026Q4T11,VICSA,4948,3,172
A202606,C2027Q4T07,NSWQLD,4947,1,80
A202606,C2027Q2T09,VICSA,4946,2,150
A202606,C2026Q4T11,VICSA,4945,4,176
A202606,C2029Q2T01,VICNSW,4944.49,1,59
A202606,C2027Q3T08,VICNSW,4944,7,317
A202606,C2028Q3T04,VICSA,4942.35,1,63
A202606,C2028Q3T04,VICTAS,4942,1,111
A202606,C2027Q4T07,VICSA,4941.16,1,52
A202606,C2028Q4T03,VICNSW,4941,4,61
A202606,C2027Q4T07,VICSA,4940.97999,2,54
A202606,C2026Q4T11,NSWQLD,4940.77,5,108
A202606,C2028Q2T05,VICNSW,4940.55,2,77
A202606,C2029Q2T01,VICNSW,4940.49,2,61
A202606,C2028Q2T05,VICNSW,4940.171,6,83
A202606,C2029Q2T01,VICSA,4940,5,60
A202606,C2028Q1T06,VICNSW,4937,1,177
A202606,C2027Q3T08,VICSA,4934.715,3,83
A202606,C2027Q4T07,VICSA,4931,2,56
A202606,C2028Q2T05,VICSA,4930,1,170
A202606,C2028Q4T03,QLDNSW,4927.51,1,529
A202606,C2029Q1T02,VICSA,4927,4,99
A202606,C2028Q4T03,NSWQLD,4927,1,66
A202606,C2027Q3T08,VICSA,4926.75,1,84
A202606,C2026Q3T12,TASVIC,4923.60009,30,794
A202606,C2028Q4T03,NSWQLD,4922.74,5,71
A202606,C2027Q4T07,TASVIC,4920.13,1,25
A202606,C2028Q4T03,VICNSW,4920,1,62
A202606,C2027Q3T08,VICNSW,4920,8,325
A202606,C2027Q4T07,VICTAS,4916,5,263
A202606,C2027Q2T09,VICTAS,4916,5,259
A202606,C2027Q3T08,VICTAS,4916,5,236
A202606,C2027Q2T09,VICSA,4914.43999,8,158
A202606,C2028Q1T06,VICNSW,4912.43999,1,178
A202606,C2026Q4T11,NSWQLD,4912,1,109
A202606,C2029Q1T02,TASVIC,4910,12,73
A202606,C2028Q1T06,VICNSW,4910,1,179
A202606,C2028Q1T06,VICNSW,4908.82,2,181
A202606,C2028Q1T06,VICSA,4906.31,1,157
A202606,C2029Q1T02,VICSA,4906.31,1,100
A202606,C2029Q2T01,VICSA,4906,2,62
A202606,C2026Q4T11,NSWQLD,4905,5,114
A202606,C2027Q3T08,VICSA,4905,4,88
A202606,C2027Q3T08,QLDNSW,4904.1,1,550
A202606,C2028Q1T06,TASVIC,4903.13035,3,86
A202606,C2027Q4T07,NSWQLD,4903.10999,11,91
A202606,C2026Q4T11,VICSA,4903,2,178
A202606,C2028Q4T03,NSWQLD,4903,1,72
A202606,C2026Q4T11,VICSA,4902.74,10,188
A202606,C2028Q2T05,TASVIC,4900,2,111
A202606,C2027Q3T08,TASVIC,4900,4,174
A202606,C2027Q4T07,TASVIC,4900,4,29
A202606,C2028Q3T04,VICSA,4900,2,65
A202606,C2026Q4T11,VICNSW,4900,5,631
A202606,C2026Q3T12,TASVIC,4900,13,807
A202606,C2026Q4T11,TASVIC,4900,8,100
A202606,C2028Q1T06,NSWQLD,4892.16,5,221
A202606,C2028Q1T06,NSWQLD,4892.16,12,233
A202606,C2028Q1T06,VICTAS,4890.83,7,193
A202606,C2027Q2T09,VICSA,4890,1,159
A202606,C2027Q1T10,NSWQLD,4888.47999,5,247
A202606,C2028Q4T03,VICNSW,4888,4,66
A202606,C2027Q4T07,VICSA,4886,7,63
A202606,C2028Q3T04,VICSA,4885,1,66
A202606,C2027Q2T09,VICSA,4885,2,161
A202606,C2028Q1T06,VICNSW,4884,1,182
A202606,C2027Q4T07,VICNSW,4881.56,1,258
A202606,C2027Q4T07,NSWQLD,4880,1,92
A202606,C2028Q4T03,VICNSW,4880,1,67
A202606,C2029Q1T02,VICSA,4875.2405,7,107
A202606,C2027Q2T09,SAVIC,4874,2,16
A202606,C2026Q4T11,VICSA,4872.21,1,189
A202606,C2028Q3T04,VICSA,4869,1,67
A202606,C2027Q4T07,TASVIC,4868,1,30
A202606,C2029Q2T01,VICSA,4865,2,64
A202606,C2027Q1T10,TASVIC,4865,8,202
A202606,C2027Q3T08,SAVIC,4865,2,11
A202606,C2027Q4T07,QLDNSW,4862.1,1,499
A202606,C2028Q2T05,VICSA,4862,3,173
A202606,C2028Q2T05,VICNSW,4861.62,1,84
A202606,C2027Q4T07,VICSA,4860.97999,2,65
A202606,C2029Q1T02,VICSA,4859,3,110
A202606,C2028Q1T06,VICNSW,4858,1,183
A202606,C2027Q3T08,SAVIC,4857.6,5,16
A202606,C2027Q4T07,SAVIC,4857.6,5,19
A202606,C2027Q3T08,VICSA,4854,3,91
A202606,C2028Q2T05,VICSA,4851,3,176
A202606,C2027Q1T10,SAVIC,4849,4,21
A202606,C2028Q4T03,NSWQLD,4848.99,10,82
A202606,C2026Q4T11,TASVIC,4848,1,101
A202606,C2026Q4T11,QLDNSW,4845.5,1,533
A202606,C2026Q4T11,VICSA,4842,1,190
A202606,C2028Q3T04,VICNSW,4840.85999,2,94
A202606,C2026Q4T11,VICNSW,4840.43999,1,632
A202606,C2028Q4T03,TASVIC,4840.41,1,40
A202606,C2028Q4T03,VICNSW,4840,1,68
A202606,C2028Q4T03,NSWQLD,4840,1,83
A202606,C2028Q1T06,VICSA,4838,6,163
A202606,C2027Q3T08,VICNSW,4837,9,334
A202606,C2027Q4T07,NSWQLD,4837,1,93
A202606,C2029Q1T02,VICSA,4835,2,112
A202606,C2028Q1T06,VICNSW,4831,1,184
A202606,C2028Q4T03,TASVIC,4830,1,41
A202606,C2027Q3T08,VICNSW,4829,5,339
A202606,C2027Q2T09,VICSA,4823,2,163
A202606,C2028Q1T06,QLDNSW,4822.72999,1,609
A202606,C2028Q4T03,TASVIC,4822,8,49
A202606,C2027Q4T07,VICSA,4822,3,68
A202606,C2029Q2T01,VICSA,4822,2,66
A202606,C2027Q2T09,VICSA,4821,1,164
A202606,C2028Q2T05,TASVIC,4821,1,112
A202606,C2028Q1T06,VICNSW,4820.82,2,186
A202606,C2026Q3T12,VICNSW,4820.81,1,631
A202606,C2028Q2T05,VICNSW,4820.55,2,86
A202606,C2028Q4T03,VICNSW,4819,3,71
A202606,C2028Q4T03,NSWQLD,4816.92,1,84
A202606,C2029Q1T02,VICTAS,4813.41,4,113
A202606,C2029Q2T01,TASVIC,4811.85,2,102
A202606,C2029Q1T02,TASVIC,4811.85,2,75
A202606,C2026Q4T11,SAVIC,4809.02,5,14
A202606,C2026Q4T11,VICSA,4809,2,192
A202606,C2027Q1T10,TASVIC,4808,1,203
A202606,C2028Q1T06,VICNSW,4805,1,187
A202606,C2027Q3T08,VICSA,4804,1,92
A202606,C2029Q2T01,VICNSW,4800.49,2,63
A202606,C2027Q4T07,TASVIC,4800.13,1,31
A202606,C2028Q4T03,VICNSW,4800,1,72
A202606,C2026Q4T11,TASVIC,4800,2,103
A202606,C2027Q4T07,VICSA,4799,3,71
A202606,C2028Q3T04,VICNSW,4798.34,1,95
A202606,C2028Q2T05,VICSA,4797.8515,3,179
A202606,C2028Q2T05,VICSA,4797,1,180
A202606,C2028Q4T03,VICNSW,4797,1,73
A202606,C2027Q2T09,VICSA,4788,3,167
A202606,C2026Q4T11,VICTAS,4784.15513,10,469
A202606,C2027Q4T07,VICSA,4780.97999,2,73
A202606,C2027Q4T07,VICNSW,4780,4,262
A202606,C2027Q3T08,VICSA,4780,8,100
A202606,C2028Q2T05,VICSA,4779.79,1,181
A202606,C2029Q2T01,VICSA,4779.79,1,67
A202606,C2028Q1T06,VICNSW,4779,1,188
A202606,C2026Q4T11,VICSA,4778,2,194
A202606,C2027Q4T07,NSWQLD,4778,1,94
A202606,C2027Q2T09,VICNSW,4777.97999,1,237
A202606,C2027Q2T09,VICSA,4775,5,172
A202606,C2028Q1T06,QLDNSW,4775,21,630
A202606,C2029Q1T02,VICSA,4774,4,116
A202606,C2027Q1T10,NSWQLD,4771.74,1,248
A202606,C2027Q3T08,VICSA,4770,3,103
A202606,C2028Q2T05,VICSA,4768,1,182
A202606,C2026Q3T12,VICNSW,4765.27,5,636
A202606,C2027Q4T07,VICSA,4761.93999,1,74
A202606,C2027Q4T07,VICTAS,4761.29,3,266
A202606,C2029Q2T01,VICSA,4761,4,71
A202606,C2028Q1T06,VICNSW,4760.51,1,189
A202606,C2028Q2T05,VICSA,4760,2,184
A202606,C2028Q4T03,VICNSW,4760,1,74
A202606,C2027Q2T09,VICSA,4754.75,1,173
A202606,C2028Q3T04,SAVIC,4753,2,21
A202606,C2028Q1T06,VICNSW,4752.3275,6,195
A202606,C2028Q1T06,VICNSW,4752,1,196
A202606,C2029Q2T01,VICNSW,4751.13,1,64
A202606,C2028Q1T06,VICSA,4750.47999,4,167
A202606,C2029Q1T02,NSWVIC,4750,10,44
A202606,C2029Q1T02,NSWQLD,4743.35999,1,195
A202606,C2027Q3T08,TASVIC,4741.92,10,184
A202606,C2026Q4T11,NSWQLD,4741.5,1,115
A202606,C2027Q4T07,TASVIC,4737,1,32
A202606,C2027Q2T09,VICSA,4736.25,3,176
A202606,C2027Q3T08,VICNSW,4736.16,10,349
A202606,C2028Q3T04,VICNSW,4736.16,10,105
A202606,C2029Q2T01,TASVIC,4736.14436,4,106
A202606,C2027Q4T07,VICNSW,4736,1,263
A202606,C2026Q4T11,TASVIC,4735,2,105
A202606,C2028Q4T03,NSWQLD,4733,1,85
A202606,C2027Q3T08,VICNSW,4733,9,358
A202606,C2028Q2T05,VICSA,4733,3,187
A202606,C2028Q1T06,VICNSW,4732.82,2,198
A202606,C2028Q2T05,TASVIC,4730.65269,6,118
A202606,C2027Q4T07,NSWQLD,4730.18,5,99
A202606,C2027Q4T07,NSWQLD,4730.05,1,100
A202606,C2027Q2T09,VICSA,4730,4,180
A202606,C2028Q2T05,NSWQLD,4730,1,7
A202606,C2027Q3T08,VICNSW,4726.8,1,359
A202606,C2029Q1T02,VICSA,4725.22999,5,121
A202606,C2027Q4T07,VICSA,4724,1,75
A202606,C2028Q3T04,VICSA,4723.39,1,68
A202606,C2027Q3T08,NSWQLD,4722,1,8
A202606,C2028Q4T03,VICNSW,4721,5,79
A202606,C2028Q3T04,VICNSW,4720.85999,2,107
A202606,C2028Q4T03,VICNSW,4720,1,80
A202606,C2028Q2T05,VICNSW,4719,4,90
A202606,C2026Q4T11,TASVIC,4719,4,109
A202606,C2026Q4T11,VICSA,4719,3,197
A202606,C2029Q2T01,NSWVIC,4719,7,14
A202606,C2027Q1T10,VICTAS,4718.88805,13,371
A202606,C2028Q4T03,SAVIC,4718,3,19
A202606,C2028Q3T04,VICSA,4715,1,69
A202606,C2027Q4T07,VICTAS,4714.8622,10,276
A202606,C2027Q1T10,TASVIC,4714.23585,13,216
A202606,C2029Q1T02,VICSA,4714,3,124
A202606,C2029Q2T01,VICSA,4712,1,72
A202606,C2027Q3T08,VICNSW,4711,9,368
A202606,C2027Q2T09,VICNSW,4706,5,242
A202606,C2027Q3T08,VICSA,4705,1,104
A202606,C2027Q4T07,VICNSW,4701,3,266
A202606,C2027Q4T07,VICSA,4700.97999,2,77
A202606,C2028Q2T05,VICNSW,4700.55,2,92
A202606,C2028Q4T03,TASVIC,4700.41,1,50
A202606,C2027Q1T10,VICSA,4700,1,206
A202606,C2026Q4T11,VICSA,4700,4,201
A202606,C2028Q1T06,TASVIC,4700,5,91
A202606,C2027Q1T10,NSWQLD,4700,2,250
A202606,C2027Q4T07,VICSA,4697,4,81
A202606,C2028Q2T05,VICNSW,4695.88,1,93
A202606,C2029Q1T02,VICSA,4691.89,6,130
A202606,C2027Q3T08,VICSA,4691,1,105
A202606,C2027Q4T07,VICNSW,4688.87,1,267
A202606,C2027Q1T10,VICTAS,4688.39999,16,387
A202606,C2028Q3T04,TASVIC,4688,1,143
A202606,C2029Q1T02,VICSA,4688,5,135
A202606,C2028Q2T05,VICSA,4685,2,189
A202606,C2027Q2T09,VICNSW,4684.68,10,252
A202606,C2028Q2T05,VICNSW,4684.68,10,103
A202606,C2029Q1T02,NSWQLD,4684.68,12,207
A202606,C2029Q1T02,NSWQLD,4684.68,5,212
A202606,C2028Q4T03,NSWQLD,4684,1,86
A202606,C2027Q4T07,NSWQLD,4684,1,101
A202606,C2027Q4T07,TASVIC,4680.13,1,33
A202606,C2028Q4T03,VICNSW,4680,1,81
A202606,C2026Q4T11,VICSA,4674,4,205
A202606,C2028Q4T03,VICNSW,4673,11,92
A202606,C2027Q4T07,SAVIC,4671,2,21
A202606,C2027Q3T08,VICNSW,4669,7,375
A202606,C2029Q2T01,VICTAS,4667.80065,3,117
A202606,C2028Q2T05,VICSA,4666,2,191
A202606,C2027Q2T09,VICSA,4665,2,182
A202606,C2028Q1T06,VICNSW,4662,2,200
A202606,C2027Q3T08,VICSA,4661.47,1,106
A202606,C2029Q2T01,VICNSW,4660.49,2,66
A202606,C2027Q4T07,VICNSW,4658,2,269
A202606,C2027Q3T08,VICSA,4657,3,109
A202606,C2026Q4T11,VICSA,4651,5,210
A202606,C2027Q4T07,VICNSW,4650.1425,6,275
A202606,C2027Q2T09,VICSA,4648,8,190
A202606,C2028Q1T06,VICNSW,4644.82,2,202
A202606,C2028Q2T05,TASVIC,4643,1,119
A202606,C2028Q1T06,VICSA,4641.39,5,172
A202606,C2029Q2T01,VICSA,4641,2,74
A202606,C2027Q2T09,QLDNSW,4641,45,635
A202606,C2028Q2T05,TASVIC,4641,12,131
A202606,C2026Q4T11,TASVIC,4640,2,111
A202606,C2028Q4T03,VICNSW,4640,1,93
A202606,C2029Q1T02,VICSA,4637,6,141
A202606,C2028Q4T03,VICNSW,4637,6,99
A202606,C2026Q3T12,VICNSW,4636.8,10,646
A202606,C2027Q4T07,VICSA,4636,3,84
A202606,C2026Q4T11,NSWQLD,4631,1,116
A202606,C2027Q4T07,NSWQLD,4631,1,102
A202606,C2026Q4T11,VICSA,4629.45,2,212
A202606,C2028Q2T05,VICSA,4629,2,193
A202606,C2029Q2T01,VICSA,4626,3,77
A202606,C2027Q3T08,VICNSW,4623,7,382
A202606,C2027Q4T07,VICSA,4620.97999,2,86
A202606,C2028Q4T03,NSWQLD,4618,1,87
A202606,C2027Q1T10,TASVIC,4615,1,217
A202606,C2028Q4T03,VICNSW,4612,9,108
A202606,C2028Q1T06,VICNSW,4608.58,1,203
A202606,C2027Q4T07,VICNSW,4607,2,277
A202606,C2026Q4T11,NSWQLD,4606,1,117
A202606,C2027Q3T08,VICSA,4606,5,114
A202606,C2027Q4T07,TASVIC,4605,1,34
A202606,C2026Q4T11,QLDNSW,4603.22,1,534
A202606,C2027Q2T09,VICSA,4602,1,191
A202606,C2028Q3T04,VICNSW,4600.85999,2,109
A202606,C2028Q3T04,VICSA,4600,2,71
A202606,C2028Q4T03,VICNSW,4600,1,109
A202606,C2027Q1T10,VICNSW,4600,10,578
A202606,C2028Q3T04,VICSA,4600,1,72
A202606,C2027Q4T07,VICNSW,4600,4,281
A202606,C2027Q2T09,VICNSW,4597,3,255
A202606,C2028Q3T04,VICNSW,4594.78,1,110
A202606,C2029Q1T02,VICSA,4591.22,1,142
A202606,C2028Q1T06,VICSA,4591.22,1,173
A202606,C2028Q3T04,VICSA,4591,1,73
A202606,C2027Q2T09,QLDNSW,4586.39999,32,667
A202606,C2027Q2T09,VICNSW,4586,5,260
A202606,C2027Q2T09,NSWQLD,4586,1,4
A202606,C2029Q1T02,VICSA,4585,4,146
A202606,C2026Q4T11,VICSA,4585,1,213
A202606,C2027Q2T09,QLDNSW,4584.5,1,668
A202606,C2026Q4T11,TASVIC,4583,2,113
A202606,C2027Q4T07,VICSA,4582.72999,1,87
A202606,C2027Q2T09,VICSA,4582,4,195
A202606,C2028Q2T05,VICSA,4582,1,194
A202606,C2028Q2T05,VICNSW,4580.55,2,105
A202606,C2026Q4T11,VICSA,4578.2,1,214
A202606,C2027Q4T07,VICSA,4575,2,89
A202606,C2027Q3T08,VICSA,4575,4,118
A202606,C2027Q2T09,VICNSW,4573.21,1,261
A202606,C2027Q4T07,VICNSW,4573,1,282
A202606,C2027Q3T08,VICNSW,4572,5,387
A202606,C2028Q4T03,NSWQLD,4571.12,5,92
A202606,C2028Q4T03,NSWQLD,4570.8,1,93
A202606,C2027Q1T10,VICNSW,4569.05,1,579
A202606,C2029Q2T01,VICSA,4568.03,1,78
A202606,C2028Q2T05,VICSA,4568.03,1,195
A202606,C2028Q4T03,VICNSW,4567,4,113
A202606,C2028Q3T04,VICTAS,4562,1,112
A202606,C2028Q4T03,TASVIC,4560.41,1,51
A202606,C2027Q4T07,TASVIC,4560.13,1,35
A202606,C2028Q4T03,VICNSW,4560,1,114
A202606,C2029Q2T01,VICNSW,4557.77,1,67
A202606,C2028Q1T06,VICNSW,4556.82,2,205
A202606,C2026Q3T12,TASVIC,4556,8,815
A202606,C2028Q3T04,VICSA,4555,2,75
A202606,C2027Q4T07,NSWQLD,4554,1,103
A202606,C2026Q3T12,SAVIC,4554,5,9
A202606,C2026Q4T11,VICSA,4551,1,215
A202606,C2027Q2T09,VICNSW,4550,2,263
A202606,C2026Q4T11,VICNSW,4550,10,642
A202606,C2027Q2T09,QLDNSW,4550,3,671
A202606,C2027Q4T07,QLDNSW,4550,3,502
A202606,C2027Q3T08,QLDNSW,4550,3,553
A202606,C2026Q4T11,QLDNSW,4550,3,537
A202606,C2027Q3T08,VICNSW,4548.5,10,397
A202606,C2026Q4T11,VICTAS,4547,8,477
A202606,C2028Q4T03,TASVIC,4545,1,52
A202606,C2027Q4T07,VICSA,4544,2,91
A202606,C2027Q1T10,VICSA,4541.83,1,207
A202606,C2027Q4T07,VICSA,4540.97999,2,93
A202606,C2028Q1T06,VICTAS,4537.21738,7,200
A202606,C2029Q2T01,VICSA,4537,7,85
A202606,C2028Q3T04,VICSA,4537,1,76
A202606,C2027Q4T07,VICNSW,4533,2,284
A202606,C2028Q2T05,VICNSW,4530.14999,1,106
A202606,C2028Q2T05,VICSA,4530,1,196
A202606,C2027Q3T08,VICSA,4530,3,121
A202606,C2027Q1T10,VICTAS,4528.97999,16,403
A202606,C2028Q4T03,NSWQLD,4528,1,94
A202606,C2029Q2T01,VICSA,4528,5,90
A202606,C2028Q1T06,NSWQLD,4525.1,1,234
A202606,C2027Q4T07,VICTAS,4523.22999,3,279
A202606,C2027Q2T09,VICSA,4521,1,196
A202606,C2027Q4T07,NSWQLD,4521,1,104
A202606,C2028Q3T04,VICNSW,4520.88,10,120
A202606,C2029Q2T01,VICNSW,4520.49,2,69
A202606,C2028Q4T03,VICNSW,4520,1,115
A202606,C2028Q4T03,VICTAS,4517.02758,5,129
A202606,C2028Q3T04,VICNSW,4514,4,124
A202606,C2026Q4T11,VICSA,4513,5,220
A202606,C2027Q3T08,VICSA,4513,1,122
A202606,C2027Q1T10,VICSA,4510.09,8,215
A202606,C2027Q1T10,VICSA,4510.088,10,225
A202606,C2027Q2T09,VICSA,4510,5,201
A202606,C2026Q4T11,SAVIC,4509,2,16
A202606,C2028Q3T04,VICSA,4504.42,1,77
A202606,C2027Q4T07,QLDNSW,4503.84,1,503
A202606,C2027Q3T08,NSWQLD,4503,8,16
A202606,C2027Q1T10,TASVIC,4503,10,227
A202606,C2028Q4T03,NSWQLD,4503,10,104
A202606,C2027Q4T07,NSWQLD,4503,10,114
A202606,C2026Q4T11,NSWQLD,4503,10,127
A202606,C2029Q2T01,TASVIC,4503,10,116
A202606,C2029Q1T02,TASVIC,4503,10,85
A202606,C2028Q4T03,NSWQLD,4503,8,112
A202606,C2027Q2T09,NSWQLD,4503,8,12
A202606,C2027Q1T10,VICNSW,4502,6,585
A202606,C2028Q3T04,VICSA,4501,1,78
A202606,C2028Q1T06,NSWQLD,4500.53,5,239
A202606,C2027Q3T08,VICSA,4500.31,10,132
A202606,C2027Q2T09,VICNSW,4500.07,10,273
A202606,C2028Q4T03,VICSA,4500,2,19
A202606,C2029Q1T02,QLDNSW,4500,1,581
A202606,C2027Q3T08,VICSA,4500,10,142
A202606,C2028Q2T05,VICSA,4500,2,198
A202606,C2027Q3T08,VICNSW,4500,10,407
A202606,C2028Q3T04,VICSA,4500,2,80
A202606,C2027Q2T09,TASVIC,4500,5,248
A202606,C2027Q2T09,VICSA,4500,4,205
A202606,C2028Q2T05,VICSA,4500,2,200
A202606,C2027Q1T10,TASVIC,4500,5,232
A202606,C2028Q2T05,TASVIC,4500,2,133
A202606,C2027Q2T09,VICNSW,4500,4,277
A202606,C2027Q2T09,VICSA,4498.72999,1,206
A202606,C2027Q1T10,QLDNSW,4497.64,2,638
A202606,C2027Q1T10,QLDNSW,4497.636,20,658
A202606,C2027Q4T07,NSWQLD,4496.47,5,119
A202606,C2026Q4T11,NSWQLD,4496.25,1,128
A202606,C2026Q4T11,NSWQLD,4496.25,2,130
A202606,C2026Q4T11,NSWQLD,4496.25,10,140
A202606,C2027Q4T07,VICNSW,4496.18,1,285
A202606,C2028Q3T04,NSWQLD,4496,1,15
A202606,C2026Q4T11,NSWQLD,4494,1,141
A202606,C2028Q3T04,VICSA,4490,4,84
A202606,C2027Q2T09,VICNSW,4488.8,11,288
A202606,C2027Q4T07,VICNSW,4486,3,288
A202606,C2027Q3T08,VICNSW,4482.31,1,408
A202606,C2028Q3T04,VICNSW,4480.85999,2,126
A202606,C2026Q4T11,TASVIC,4480,2,115
A202606,C2028Q4T03,VICNSW,4480,1,116
A202606,C2028Q2T05,VICSA,4478,1,201
A202606,C2027Q2T09,VICSA,4476,1,207
A202606,C2027Q4T07,NSWQLD,4475.35,1,120
A202606,C2027Q3T08,VICSA,4474.14,5,147
A202606,C2027Q4T07,TASVIC,4474,1,36
A202606,C2027Q2T09,TASVIC,4472.08,12,260
A202606,C2028Q2T05,VICNSW,4471.74,10,116
A202606,C2026Q4T11,TASVIC,4470,1,116
A202606,C2028Q1T06,VICNSW,4468.82,2,207
A202606,C2028Q3T04,VICSA,4467.719,3,87
A202606,C2027Q3T08,VICNSW,4466.1045,6,414
A202606,C2027Q3T08,VICSA,4464,8,155
A202606,C2028Q2T05,TASVIC,4464,1,134
A202606,C2027Q4T07,VICSA,4460.97999,2,95
A202606,C2028Q2T05,VICNSW,4460.55,2,118
A202606,C2027Q4T07,VICNSW,4458,1,289
A202606,C2028Q1T06,VICNSW,4456.64,1,208
A202606,C2027Q3T08,VICTAS,4453.10937,10,246
A202606,C2028Q2T05,VICNSW,4444.43999,3,121
A202606,C2028Q3T04,VICNSW,4444.43999,3,129
A202606,C2027Q2T09,VICNSW,4444.43999,5,293
A202606,C2027Q3T08,VICNSW,4444.43999,5,419
A202606,C2029Q2T01,VICSA,4442,7,97
A202606,C2027Q3T08,QLDNSW,4440.75,32,585
A202606,C2026Q4T11,VICSA,4440.22,10,230
A202606,C2027Q4T07,TASVIC,4440.13,1,37
A202606,C2028Q4T03,VICNSW,4440,1,117
A202606,C2028Q3T04,VICSA,4439,3,90
A202606,C2026Q4T11,VICSA,4439,7,237
A202606,C2027Q2T09,VICNSW,4434,3,296
A202606,C2026Q4T11,NSWQLD,4433,1,142
A202606,C2029Q2T01,VICSA,4429,6,103
A202606,C2028Q3T04,TASVIC,4427,1,144
A202606,C2027Q3T08,VICSA,4425,3,158
A202606,C2027Q1T10,TASVIC,4423,1,233
A202606,C2027Q4T07,NSWQLD,4422,1,121
A202606,C2028Q4T03,TASVIC,4420.41,1,53
A202606,C2029Q2T01,VICNSW,4420.153,6,75
A202606,C2027Q4T07,VICNSW,4420,4,293
A202606,C2027Q2T09,VICNSW,4417,3,299
A202606,C2026Q3T12,QLDNSW,4416,68,619
A202606,C2028Q3T04,QLDNSW,4416,45,609
A202606,C2027Q3T08,QLDNSW,4416,45,630
A202606,C2028Q3T04,VICSA,4415,3,93
A202606,C2027Q4T07,VICNSW,4413,1,294
A202606,C2028Q4T03,QLDNSW,4412.7,1,530
A202606,C2027Q2T09,VICNSW,4411,5,304
A202606,C2027Q2T09,VICSA,4404,2,209
A202606,C2027Q4T07,VICSA,4403.52,1,96
A202606,C2026Q3T12,SAVIC,4401,2,11
A202606,C2026Q4T11,VICNSW,4400.39999,1,643
A202606,C2028Q1T06,TASVIC,4400,5,96
A202606,C2028Q4T03,VICNSW,4400,1,118
A202606,C2027Q3T08,VICSA,4396.18,1,159
A202606,C2028Q3T04,VICNSW,4391.21,1,130
A202606,C2027Q2T09,VICTAS,4390.46,12,271
A202606,C2028Q3T04,VICTAS,4390.45464,4,116
A202606,C2029Q1T02,NSWQLD,4388.05,5,217
A202606,C2026Q4T11,VICSA,4388,3,240
A202606,C2027Q3T08,VICSA,4386,2,161
A202606,C2026Q4T11,NSWQLD,4385.77,5,147
A202606,C2027Q4T07,NSWQLD,4385.1,2,123
A202606,C2027Q4T07,VICSA,4380.97999,2,98
A202606,C2028Q1T06,VICNSW,4380.82,2,210
A202606,C2029Q2T01,VICNSW,4380.49,2,77
A202606,C2027Q4T07,NSWQLD,4379,1,124
A202606,C2027Q2T09,VICNSW,4377,20,324
A202606,C2028Q2T05,VICTAS,4376.96,6,143
A202606,C2026Q4T11,NSWQLD,4371,1,148
A202606,C2027Q2T09,VICNSW,4370,6,330
A202606,C2027Q2T09,VICNSW,4368.43999,1,331
A202606,C2029Q2T01,QLDNSW,4368,45,609
A202606,C2028Q2T05,QLDNSW,4368,45,619
A202606,C2028Q3T04,VICSA,4368,1,94
A202606,C2027Q4T07,NSWQLD,4366.32,5,129
A202606,C2029Q1T02,TASVIC,4364.48983,2,87
A202606,C2028Q2T05,VICNSW,4364.41,1,122
A202606,C2029Q2T01,VICNSW,4364.41,1,78
A202606,C2026Q4T11,QLDNSW,4360.95,1,538
A202606,C2028Q3T04,VICNSW,4360.85999,2,132
A202606,C2028Q4T03,VICNSW,4360,1,119
A202606,C2027Q2T09,TASVIC,4358.0518,15,275
A202606,C2028Q2T05,VICSA,4356.27,1,202
A202606,C2029Q2T01,VICSA,4356.27,1,104
A202606,C2026Q4T11,TASVIC,4356,2,118
A202606,C2027Q4T07,VICNSW,4355,1,295
A202606,C2027Q4T07,VICNSW,4355,5,300
A202606,C2026Q3T12,VICNSW,4354.28,1,647
A202606,C2029Q2T01,VICSA,4352,4,108
A202606,C2029Q1T02,VICSA,4350.22,5,151
A202606,C2028Q4T03,VICSA,4350,2,21
A202606,C2027Q2T09,VICTAS,4347.24352,10,281
A202606,C2028Q3T04,VICSA,4344,2,96
A202606,C2027Q4T07,TASVIC,4342,1,38
A202606,C2028Q2T05,VICNSW,4340.55,2,124
A202606,C2026Q4T11,VICSA,4340,3,243
A202606,C2028Q3T04,NSWVIC,4337.14,7,11
A202606,C2027Q3T08,VICSA,4334,5,166
A202606,C2029Q1T02,NSWQLD,4333.43999,1,218
A202606,C2028Q3T04,TASVIC,4333.24962,5,149
A202606,C2027Q3T08,QLDNSW,4331.95,1,631
A202606,C2026Q4T11,VICSA,4331,4,247
A202606,C2027Q2T09,TASVIC,4331,12,287
A202606,C2027Q2T09,VICNSW,4329,2,333
A202606,C2026Q3T12,VICTAS,4328,2,942
A202606,C2028Q4T03,NSWQLD,4324.68,1,113
A202606,C2027Q4T07,NSWQLD,4323,1,130
A202606,C2027Q4T07,TASVIC,4320.13,1,39
A202606,C2026Q4T11,TASVIC,4320,2,120
A202606,C2028Q4T03,VICNSW,4320,1,120
A202606,C2026Q4T11,VICTAS,4319.64999,8,485
A202606,C2028Q2T05,VICNSW,4314.13749,8,132
A202606,C2026Q3T12,TASVIC,4313.34571,50,865
A202606,C2029Q2T01,VICSA,4313,2,110
A202606,C2027Q1T10,VICSA,4312,6,231
A202606,C2027Q3T08,VICSA,4311,5,171
A202606,C2027Q4T07,VICNSW,4310,4,304
A202606,C2027Q3T08,TASVIC,4306.01919,12,196
A202606,C2027Q3T08,VICNSW,4305.6,10,429
A202606,C2028Q3T04,VICNSW,4305.6,10,142
A202606,C2026Q4T11,NSWQLD,4305.6,5,153
A202606,C2028Q1T06,VICNSW,4304.71,1,211
A202606,C2027Q4T07,VICNSW,4303.47999,1,305
A202606,C2028Q3T04,VICSA,4301,1,97
A202606,C2027Q4T07,VICSA,4300.97999,2,100
A202606,C2028Q4T03,VICSA,4300.37,1,22
A202606,C2027Q2T09,VICNSW,4300,3,336
A202606,C2028Q3T04,VICSA,4300,2,99
A202606,C2028Q3T04,VICSA,4298,1,100
A202606,C2028Q3T04,QLDNSW,4296.82,1,610
A202606,C2027Q2T09,VICSA,4294.2,5,214
A202606,C2028Q1T06,VICNSW,4292.82,2,213
A202606,C2029Q2T01,VICSA,4292.8145,3,113
A202606,C2026Q4T11,NSWQLD,4292,6,159
A202606,C2028Q2T05,NSWVIC,4290,7,11
A202606,C2027Q4T07,VICNSW,4287,3,308
A202606,C2028Q2T05,TASVIC,4286,1,135
A202606,C2027Q2T09,VICNSW,4285.54,4,340
A202606,C2028Q3T04,VICSA,4285.46,1,101
A202606,C2026Q4T11,VICSA,4284.18999,1,248
A202606,C2026Q3T12,VICTAS,4281.00992,40,982
A202606,C2028Q1T06,NSWQLD,4280.64,5,244
A202606,C2028Q4T03,TASVIC,4280.41,1,54
A202606,C2028Q3T04,VICSA,4280,2,103
A202606,C2028Q4T03,VICNSW,4280,1,121
A202606,C2029Q1T02,VICSA,4276.14,1,152
A202606,C2028Q1T06,VICSA,4276.14,1,174
A202606,C2026Q4T11,QLDNSW,4275.18,20,558
A202606,C2026Q4T11,QLDNSW,4275.18,10,568
A202606,C2027Q1T10,NSWQLD,4273.27,2,252
A202606,C2027Q1T10,NSWQLD,4273.2,1,253
A202606,C2027Q3T08,VICNSW,4271,30,459
A202606,C2027Q2T09,VICNSW,4266,4,344
A202606,C2029Q2T01,VICSA,4265,4,117
A202606,C2028Q4T03,TASVIC,4261,1,55
A202606,C2027Q2T09,VICNSW,4258.8,10,354
A202606,C2028Q2T05,VICNSW,4258.8,10,142
A202606,C2027Q3T08,VICSA,4257,4,175
A202606,C2026Q4T11,VICSA,4254,9,257
A202606,C2027Q4T07,NSWQLD,4253,1,131
A202606,C2028Q3T04,VICSA,4252,1,104
A202606,C2026Q4T11,NSWQLD,4251,1,160
A202606,C2026Q4T11,VICNSW,4250,5,648
A202606,C2027Q1T10,VICSA,4250,1,232
A202606,C2026Q4T11,VICSA,4250,4,261
A202606,C2028Q2T05,QLDNSW,4249.63,1,620
A202606,C2029Q2T01,QLDNSW,4249.63,1,610
A202606,C2029Q1T02,VICNSW,4248.153,5,134
A202606,C2029Q1T02,VICNSW,4248,2,136
A202606,C2026Q4T11,VICSA,4246,7,268
A202606,C2027Q4T07,VICNSW,4246,5,313
A202606,C2028Q4T03,NSWQLD,4242.87,11,124
A202606,C2027Q2T09,VICSA,4242.7,1,215
A202606,C2028Q1T06,VICSA,4241.27,5,179
A202606,C2028Q3T04,VICNSW,4240.85999,2,144
A202606,C2029Q2T01,VICNSW,4240.49,2,80
A202606,C2028Q4T03,VICNSW,4240,1,122
A202606,C2027Q4T07,VICNSW,4240,4,317
A202606,C2027Q3T08,VICSA,4239,1,176
A202606,C2027Q3T08,VICNSW,4237.82,1,460
A202606,C2026Q4T11,NSWQLD,4237,1,161
A202606,C2027Q3T08,VICTAS,4234.67,10,256
A202606,C2027Q3T08,VICNSW,4234,12,472
A202606,C2027Q1T10,TASVIC,4231,1,234
A202606,C2029Q1T02,VICTAS,4230.05811,4,117
A202606,C2028Q2T05,VICTAS,4229.63566,4,147
A202606,C2027Q4T07,NSWQLD,4228,6,137
A202606,C2029Q1T02,VICNSW,4227,2,138
A202606,C2028Q4T03,VICSA,4226,1,23
A202606,C2027Q2T09,VICNSW,4225,3,357
A202606,C2027Q4T07,VICSA,4224.31,1,101
A202606,C2029Q2T01,TASVIC,4221.7,3,119
A202606,C2028Q2T05,TASVIC,4221.7,4,139
A202606,C2027Q3T08,VICTAS,4221,20,276
A202606,C2027Q4T07,VICSA,4220.97999,2,103
A202606,C2027Q4T07,NSWQLD,4220.66,1,138
A202606,C2028Q2T05,VICNSW,4220.55,2,144
A202606,C2028Q3T04,VICSA,4220,8,112
A202606,C2028Q4T03,NSWQLD,4219.49,5,129
A202606,C2029Q2T01,QLDNSW,4215.819,21,631
A202606,C2028Q2T05,QLDNSW,4215.819,32,652
A202606,C2027Q4T07,VICNSW,4211.10327,8,325
A202606,C2027Q4T07,TASVIC,4211,1,40
A202606,C2028Q3T04,VICSA,4210,1,113
A202606,C2026Q4T11,NSWQLD,4209.99,3,164
A202606,C2029Q1T02,SAVIC,4209,2,16
A202606,C2029Q1T02,VICNSW,4206,2,140
A202606,C2028Q1T06,VICNSW,4204.82,2,215
A202606,C2026Q4T11,TASVIC,4204,2,122
A202606,C2028Q1T06,VICSA,4200.47999,4,183
A202606,C2028Q2T05,VICSA,4200.42,8,210
A202606,C2027Q4T07,TASVIC,4200.13,1,41
A202606,C2028Q4T03,VICSA,4200,2,25
A202606,C2028Q3T04,TASVIC,4200,3,152
A202606,C2028Q4T03,TASVIC,4200,2,57
A202606,C2028Q4T03,VICNSW,4200,1,123
A202606,C2028Q2T05,VICNSW,4198.67,1,145
A202606,C2028Q3T04,VICSA,4194,1,114
A202606,C2028Q4T03,VICSA,4191,1,26
A202606,C2026Q3T12,NSWVIC,4191,1,5
A202606,C2026Q4T11,VICSA,4189,4,272
A202606,C2026Q4T11,NSWQLD,4188,1,165
A202606,C2028Q3T04,VICNSW,4187.64,1,145
A202606,C2027Q4T07,VICNSW,4186,5,330
A202606,C2028Q1T06,QLDNSW,4185.77,1,631
A202606,C2029Q1T02,VICNSW,4184,2,142
A202606,C2029Q2T01,VICTAS,4182.46,4,121
A202606,C2027Q3T08,VICSA,4179,6,182
A202606,C2027Q2T09,VICNSW,4179,2,359
A202606,C2029Q2T01,VICSA,4175,7,124
A202606,C2028Q3T04,VICTAS,4173.64,5,121
A202606,C2027Q4T07,NSWQLD,4172,1,139
A202606,C2029Q2T01,VICNSW,4171.05,1,81
A202606,C2028Q3T04,TASVIC,4167,1,153
A202606,C2027Q1T10,NSWQLD,4166.47999,5,258
A202606,C2027Q2T09,VICNSW,4163.67,1,360
A202606,C2029Q1T02,VICNSW,4163,2,144
A202606,C2026Q4T11,TASVIC,4160,2,124
A202606,C2029Q2T01,VICNSW,4160,3,84
A202606,C2028Q4T03,VICNSW,4160,1,124
A202606,C2027Q4T07,VICNSW,4157,3,333
A202606,C2027Q1T10,VICNSW,4153.68999,1,586
A202606,C2027Q2T09,VICNSW,4153,10,370
A202606,C2028Q3T04,VICSA,4153,2,116
A202606,C2027Q3T08,VICSA,4153,6,188
A202606,C2028Q1T06,VICNSW,4152.78,1,216
A202606,C2027Q2T09,VICSA,4151,5,220
A202606,C2027Q2T09,VICSA,4150,4,224
A202606,C2028Q4T03,VICSA,4149.85999,1,27
A202606,C2028Q3T04,QLDNSW,4148.361,21,631
A202606,C2029Q2T01,VICSA,4147,5,129
A202606,C2027Q4T07,QLDNSW,4145.58,1,504
A202606,C2027Q3T08,VICSA,4145.16,5,193
A202606,C2028Q2T05,VICSA,4144.5,1,211
A202606,C2029Q2T01,VICSA,4144.5,1,130
A202606,C2028Q3T04,VICNSW,4144.04249,6,151
A202606,C2026Q4T11,VICSA,4144,4,276
A202606,C2028Q1T06,VICSA,4142.82,9,192
A202606,C2029Q1T02,VICNSW,4142,2,146
A202606,C2027Q1T10,VICSA,4142,10,242
A202606,C2028Q1T06,VICNSW,4141.27832,8,224
A202606,C2029Q1T02,VICNSW,4141,8,154
A202606,C2027Q4T07,VICSA,4140.97999,2,105
A202606,C2028Q4T03,TASVIC,4140.41,1,58
A202606,C2028Q4T03,NSWVIC,4140,7,7
A202606,C2027Q4T07,VICTAS,4139.879,10,289
A202606,C2027Q4T07,VICTAS,4137.97,3,292
A202606,C2027Q3T08,VICSA,4130.89,1,194
A202606,C2028Q1T06,TASVIC,4128.95187,5,101
A202606,C2028Q4T03,VICSA,4123,1,28
A202606,C2026Q4T11,TASVIC,4121,3,127
A202606,C2028Q3T04,VICNSW,4120.85999,2,153
A202606,C2028Q2T05,TASVIC,4120.24589,6,145
A202606,C2028Q4T03,VICNSW,4120,1,125
A202606,C2029Q1T02,VICNSW,4120,2,156
A202606,C2026Q4T11,QLDNSW,4118.68,1,569
A202606,C2028Q1T06,VICNSW,4116.82,2,226
A202606,C2028Q4T03,VICSA,4116,1,29
A202606,C2028Q3T04,VICSA,4116,1,117
A202606,C2027Q4T07,NSWQLD,4115,1,140
A202606,C2027Q1T10,VICSA,4112.2,1,243
A202606,C2026Q3T12,TASVIC,4111.43999,25,890
A202606,C2027Q4T07,VICNSW,4110.79,1,334
A202606,C2028Q2T05,TASVIC,4107,1,146
A202606,C2026Q4T11,VICTAS,4100.7044,15,500
A202606,C2028Q2T05,VICNSW,4100.55,2,147
A202606,C2029Q2T01,VICNSW,4100.49,2,86
A202606,C2028Q2T05,TASVIC,4100,2,148
A202606,C2028Q1T06,TASVIC,4100,5,106
A202606,C2027Q4T07,QLDNSW,4100,3,507
A202606,C2027Q2T09,QLDNSW,4100,3,674
A202606,C2027Q3T08,QLDNSW,4100,3,634
A202606,C2026Q4T11,QLDNSW,4100,3,572
A202606,C2029Q1T02,NSWQLD,4099.1,5,223
A202606,C2029Q1T02,VICNSW,4099,2,158
A202606,C2027Q2T09,VICNSW,4098,6,376
A202606,C2028Q1T06,NSWQLD,4097.05,1,245
A202606,C2027Q2T09,NSWVIC,4095,7,11
A202606,C2028Q3T04,VICNSW,4090.32,10,163
A202606,C2027Q4T07,VICNSW,4090.32,4,338
A202606,C2028Q4T03,VICTAS,4088.72,5,134
A202606,C2026Q4T11,NSWQLD,4087.5,10,175
A202606,C2028Q3T04,VICSA,4087,8,125
A202606,C2027Q4T07,VICNSW,4084,3,341
A202606,C2028Q2T05,SAVIC,4082,2,23
A202606,C2027Q4T07,TASVIC,4080.13,1,42
A202606,C2028Q4T03,VICNSW,4080,1,126
A202606,C2027Q3T08,VICSA,4079,9,203
A202606,C2027Q4T07,TASVIC,4079,1,43
A202606,C2028Q4T03,NSWQLD,4078.56,1,130
A202606,C2029Q2T01,TASVIC,4078.34653,5,124
A202606,C2026Q4T11,NSWQLD,4078,1,176
A202606,C2029Q1T02,VICNSW,4078,2,160
A202606,C2026Q4T11,VICSA,4078,3,279
A202606,C2028Q4T03,TASVIC,4075.54197,12,70
A202606,C2028Q3T04,VICSA,4066.49,1,126
A202606,C2027Q3T08,VICSA,4066.24,8,211
A202606,C2027Q4T07,VICNSW,4065,2,343
A202606,C2027Q2T09,VICNSW,4062,4,380
A202606,C2027Q3T08,VICSA,4061,3,214
A202606,C2027Q2T09,SAVIC,4061,3,19
A202606,C2027Q4T07,VICSA,4060.98,2,107
A202606,C2027Q4T07,VICNSW,4060,4,347
A202606,C2029Q1T02,VICNSW,4057.11,1,161
A202606,C2029Q1T02,VICNSW,4057,2,163
A202606,C2027Q3T08,SAVIC,4054,3,19
A202606,C2026Q4T11,TASVIC,4053,2,129
A202606,C2027Q4T07,NSWQLD,4052.47,5,145
A202606,C2029Q2T01,NSWQLD,4050,1,1
A202606,C2028Q4T03,VICSA,4050,2,31
A202606,C2028Q3T04,VICSA,4049,5,131
A202606,C2028Q4T03,VICSA,4046,1,32
A202606,C2028Q2T05,VICNSW,4045.86,10,157
A202606,C2028Q1T06,VICNSW,4045.86,8,234
A202606,C2027Q4T07,VICSA,4045.09,1,108
A202606,C2028Q4T03,VICNSW,4040,1,127
A202606,C2029Q2T01,VICSA,4040,1,131
A202606,C2028Q2T05,VICSA,4039,12,223
A202606,C2027Q1T10,TASVIC,4038,1,235
A202606,C2029Q1T02,VICNSW,4035,2,165
A202606,C2027Q4T07,VICNSW,4033,4,351
A202606,C2028Q2T05,VICNSW,4032.93,1,158
A202606,C2028Q4T03,VICSA,4032,1,33
A202606,C2027Q4T07,VICNSW,4031,5,356
A202606,C2028Q1T06,VICNSW,4028.82,2,236
A202606,C2028Q1T06,VICTAS,4021.84,2,202
A202606,C2027Q1T10,VICTAS,4019.79353,17,420
A202606,C2027Q3T08,TASVIC,4019,12,208
A202606,C2027Q4T07,VICNSW,4017,2,358
A202606,C2027Q1T10,TASVIC,4015.83054,17,252
A202606,C2027Q2T09,VICNSW,4015,12,392
A202606,C2029Q1T02,VICSA,4015,4,156
A202606,C2029Q1T02,VICNSW,4014,2,167
A202606,C2028Q3T04,VICSA,4013,3,134
A202606,C2028Q2T05,VICNSW,4012,3,161
A202606,C2026Q4T11,NSWQLD,4011,1,177
A202606,C2026Q4T11,VICSA,4010,6,285
A202606,C2026Q3T12,SAVIC,4007.52,5,16
A202606,C2026Q4T11,NSWQLD,4005.75,1,178
A202606,C2027Q2T09,VICNSW,4005,4,396
A202606,C2027Q1T10,NSWQLD,4003,10,268
A202606,C2026Q4T11,QLDNSW,4003,10,582
A202606,C2028Q4T03,VICTAS,4003,10,144
A202606,C2027Q1T10,NSWQLD,4003,8,276
A202606,C2028Q1T06,NSWQLD,4003,10,255
A202606,C2028Q4T03,QLDNSW,4003,10,540
A202606,C2028Q1T06,SAVIC,4003,8,47
A202606,C2027Q4T07,QLDNSW,4003,10,517
A202606,C2027Q4T07,NSWQLD,4002.46,5,150
A202606,C2028Q1T06,VICSA,4001.2,7,199
A202606,C2027Q4T07,QLDNSW,4000.92,10,527
A202606,C2028Q1T06,VICNSW,4000.85,1,237
A202606,C2028Q1T06,NSWQLD,4000.53,5,260
A202606,C2028Q1T06,NSWVIC,4000.25,1,19
A202606,C2027Q4T07,QLDNSW,4000.25,1,528
A202606,C2028Q1T06,VICNSW,4000.25,1,238
A202606,C2026Q3T12,NSWVIC,4000.25,1,6
A202606,C2028Q2T05,VICNSW,4000.25,1,162
A202606,C2028Q2T05,NSWVIC,4000.25,1,12
A202606,C2028Q2T05,QLDNSW,4000.25,1,653
A202606,C2028Q1T06,QLDNSW,4000.25,1,632
A202606,C2029Q1T02,QLDNSW,4000.25,1,582
A202606,C2029Q1T02,VICNSW,4000.25,1,168
A202606,C2027Q4T07,VICNSW,4000.25,1,359
A202606,C2027Q3T08,NSWVIC,4000.25,1,5
A202606,C2029Q1T02,NSWVIC,4000.25,1,45
A202606,C2028Q4T03,VICNSW,4000.25,1,128
A202606,C2028Q4T03,QLDNSW,4000.25,1,541
A202606,C2028Q3T04,NSWVIC,4000.25,1,12
A202606,C2027Q2T09,VICNSW,4000.25,1,397
A202606,C2027Q2T09,NSWVIC,4000.25,1,12
A202606,C2027Q2T09,QLDNSW,4000.25,1,675
A202606,C2027Q1T10,NSWVIC,4000.25,1,19
A202606,C2027Q1T10,QLDNSW,4000.25,1,659
A202606,C2026Q4T11,QLDNSW,4000.25,1,583
A202606,C2027Q1T10,VICNSW,4000.25,1,587
A202606,C2026Q4T11,VICNSW,4000.25,1,649
A202606,C2027Q2T09,TASVIC,4000,5,292
A202606,C2027Q3T08,VICSA,4000,10,224
A202606,C2028Q2T05,VICSA,4000,2,225
A202606,C2027Q3T08,VICNSW,4000,10,482
A202606,C2026Q3T12,TASVIC,4000,50,940
A202606,C2027Q2T09,VICSA,4000,10,234
A202606,C2026Q3T12,QLDNSW,4000,10,629
A202606,C2027Q1T10,VICNSW,4000,10,597
A202606,C2028Q1T06,VICNSW,4000,30,268
A202606,C2028Q3T04,VICSA,4000,5,139
A202606,C2027Q1T10,VICNSW,4000,18,615
A202606,C2029Q2T01,VICSA,4000,10,141
A202606,C2027Q1T10,TASVIC,4000,10,262
A202606,C2026Q4T11,TASVIC,4000,30,159
A202606,C2027Q1T10,TASVIC,4000,5,267
A202606,C2027Q4T07,VICNSW,4000,65,424
A202606,C2028Q4T03,TASVIC,3999.53,5,75
A202606,C2028Q4T03,VICSA,3999.34,1,34
A202606,C2027Q3T08,VICNSW,3993.33,1,483
A202606,C2029Q1T02,VICNSW,3993,2,170
A202606,C2027Q4T07,VICNSW,3992.85,9,433
A202606,C2027Q3T08,NSWQLD,3992,1,17
A202606,C2026Q4T11,VICSA,3990.18,1,286
A202606,C2027Q4T07,VICNSW,3990,4,437
A202606,C2027Q2T09,VICSA,3986.67,1,235
A202606,C2028Q3T04,VICNSW,3984.08,1,164
A202606,C2028Q3T04,VICSA,3983,6,145
A202606,C2027Q4T07,VICSA,3980.98,2,110
A202606,C2028Q2T05,VICNSW,3980.55,2,164
A202606,C2027Q2T09,QLDNSW,3979,1,676
A202606,C2027Q2T09,VICSA,3978.45,5,240
A202606,C2027Q2T09,VICNSW,3978,11,408
A202606,C2029Q2T01,VICNSW,3977.69,1,87
A202606,C2028Q4T03,TASVIC,3977,1,76
A202606,C2029Q1T02,VICSA,3975.2,5,161
A202606,C2029Q1T02,QLDNSW,3975,1,583
A202606,C2028Q4T03,NSWQLD,3974.4,5,135
A202606,C2027Q4T07,NSWQLD,3974.4,5,155
A202606,C2029Q1T02,VICNSW,3971,1,171
A202606,C2026Q4T11,NSWQLD,3970,1,179
A202606,C2028Q4T03,VICSA,3967,1,35
A202606,C2027Q4T07,NSWQLD,3965.96,1,156
A202606,C2029Q1T02,VICSA,3961.06,1,162
A202606,C2028Q1T06,VICSA,3961.06,1,200
A202606,C2029Q2T01,VICNSW,3960.49,2,89
A202606,C2026Q4T11,VICNSW,3960.36,1,650
A202606,C2027Q4T07,TASVIC,3960.13,1,44
A202606,C2027Q2T09,VICNSW,3958.9,1,409
A202606,C2026Q4T11,VICTAS,3954.76,8,508
A202606,C2028Q3T04,VICSA,3953,4,149
A202606,C2029Q1T02,VICNSW,3950,1,172
A202606,C2026Q3T12,TASVIC,3949,3,943
A202606,C2027Q4T07,TASVIC,3947,1,45
A202606,C2027Q2T09,VICNSW,3945,9,418
A202606,C2027Q4T07,NSWVIC,3942.86,7,7
A202606,C2028Q1T06,VICNSW,3940.82,2,270
A202606,C2026Q4T11,TASVIC,3939,1,160
A202606,C2028Q4T03,VICTAS,3934.18531,5,149
A202606,C2029Q2T01,VICSA,3932.74,1,142
A202606,C2028Q2T05,VICSA,3932.74,1,226
A202606,C2028Q2T05,VICNSW,3930,1,165
A202606,C2028Q2T05,TASVIC,3929,1,149
A202606,C2029Q1T02,VICNSW,3929,1,173
A202606,C2028Q4T03,VICSA,3927,1,36
A202606,C2029Q1T02,NSWQLD,3923.52,1,224
A202606,C2026Q3T12,VICSA,3918.42,10,400
A202606,C2027Q4T07,VICNSW,3918.1,1,438
A202606,C2027Q1T10,NSWQLD,3917.16,2,278
A202606,C2029Q1T02,VICNSW,3915.11,1,174
A202606,C2027Q4T07,VICSA,3914.3515,3,113
A202606,C2028Q3T04,TASVIC,3913.88,5,158
A202606,C2028Q4T03,VICSA,3913,1,37
A202606,C2029Q1T02,VICNSW,3907,1,175
A202606,C2028Q3T04,TASVIC,3906,1,159
A202606,C2027Q4T07,VICNSW,3906,4,442
A202606,C2026Q4T11,NSWVIC,3903.43,7,7
A202606,C2027Q4T07,VICSA,3900.98,2,115
A202606,C2028Q2T05,VICNSW,3900.135,6,171
A202606,C2028Q4T03,VICSA,3900,2,39
A202606,C2028Q4T03,QLDNSW,3897.88,1,542
A202606,C2027Q1T10,VICSA,3895.99,13,256
A202606,C2028Q2T05,VICNSW,3891,1,172
A202606,C2026Q4T11,NSWQLD,3891,1,180
A202606,C2027Q2T09,VICNSW,3890,8,426
A202606,C2027Q1T10,NSWQLD,3888,20,298
A202606,C2028Q4T03,VICNSW,3886,2,130
A202606,C2029Q1T02,VICNSW,3886,1,176
A202606,C2028Q3T04,VICSA,3886,4,153
A202606,C2028Q4T03,VICNSW,3885.9135,5,135
A202606,C2026Q3T12,VICNSW,3884.79,3,650
A202606,C2027Q3T08,VICNSW,3884.79,5,488
A202606,C2027Q4T07,VICNSW,3880,4,446
A202606,C2027Q1T10,SAVIC,3879,2,23
A202606,C2026Q4T11,QLDNSW,3876.4,1,584
A202606,C2027Q3T08,VICSA,3876,12,236
A202606,C2027Q3T08,VICNSW,3875.04,10,498
A202606,C2028Q3T04,VICNSW,3875.04,10,174
A202606,C2028Q4T03,VICSA,3872,1,40
A202606,C2028Q2T05,VICNSW,3869,1,173
A202606,C2028Q4T03,VICNSW,3869,2,137
A202606,C2028Q4T03,NSWQLD,3867.87,10,145
A202606,C2028Q2T05,VICNSW,3867.2,1,174
A202606,C2028Q4T03,VICNSW,3866,2,139
A202606,C2027Q4T07,VICSA,3865.88,1,116
A202606,C2027Q3T08,VICSA,3865.61,1,237
A202606,C2028Q1T06,VICTAS,3865.03703,7,209
A202606,C2028Q3T04,VICSA,3865,2,155
A202606,C2029Q1T02,VICNSW,3865,1,177
A202606,C2027Q4T07,VICSA,3865,1,117
A202606,C2028Q4T03,QLDNSW,3864,45,587
A202606,C2028Q2T05,VICNSW,3860.55,2,176
A202606,C2029Q2T01,VICTAS,3856.00923,4,125
A202606,C2028Q1T06,VICNSW,3852.82,2,272
A202606,C2028Q1T06,VICNSW,3852,1,273
A202606,C2027Q1T10,NSWVIC,3850,1,20
A202606,C2028Q1T06,VICNSW,3848.92,1,274
A202606,C2028Q4T03,VICSA,3848.83,1,41
A202606,C2028Q3T04,VICSA,3847.53,1,156
A202606,C2028Q4T03,VICNSW,3847,2,141
A202606,C2027Q1T10,TASVIC,3846,1,268
A202606,C2029Q1T02,VICNSW,3844,1,178
A202606,C2028Q1T06,VICSA,3841.15,10,210
A202606,C2028Q2T05,VICNSW,3841,5,181
A202606,C2027Q1T10,VICTAS,3840.91,5,425
A202606,C2027Q4T07,TASVIC,3840.13,1,46
A202606,C2027Q2T09,VICNSW,3837,12,438
A202606,C2027Q4T07,QLDNSW,3835.8,18,546
A202606,C2027Q4T07,QLDNSW,3835.8,49,595
A202606,C2028Q2T05,VICNSW,3832.92,10,191
A202606,C2027Q2T09,VICNSW,3832.92,10,448
A202606,C2028Q4T03,NSWQLD,3832.44,1,146
A202606,C2028Q4T03,NSWQLD,3832,4,150
A202606,C2028Q4T03,VICSA,3831,2,43
A202606,C2026Q4T11,NSWQLD,3830.77,5,185
A202606,C2027Q2T09,VICNSW,3829,5,453
A202606,C2028Q4T03,VICNSW,3827,2,143
A202606,C2026Q4T11,TASVIC,3826,2,162
A202606,C2028Q2T05,VICNSW,3823,1,192
A202606,C2028Q3T04,VICSA,3822,2,158
A202606,C2027Q4T07,VICSA,3820.98,2,119
A202606,C2028Q1T06,VICTAS,3820.75,2,211
A202606,C2029Q2T01,VICNSW,3820.49,2,91
A202606,C2028Q1T06,QLDNSW,3820,5,637
A202606,C2029Q2T01,TASVIC,3819.35,4,128
A202606,C2028Q1T06,TASVIC,3817.5,1,107
A202606,C2028Q3T04,NSWVIC,3816.69,7,19
A202606,C2027Q3T08,VICSA,3816.18,5,242
A202606,C2028Q4T03,QLDNSW,3816.04,15,602
A202606,C2028Q4T03,QLDNSW,3816.036,49,651
A202606,C2027Q4T07,TASVIC,3816,1,47
A202606,C2026Q4T11,VICSA,3814.69,19,305
A202606,C2028Q1T06,TASVIC,3811,12,119
A202606,C2028Q4T03,VICNSW,3808,2,145
A202606,C2026Q4T11,VICNSW,3807.78,13,663
A202606,C2027Q4T07,VICSA,3806,1,120
A202606,C2028Q4T03,VICNSW,3803.39,1,146
A202606,C2028Q1T06,VICNSW,3802,1,275
A202606,C2028Q3T04,SAVIC,3802,2,23
A202606,C2027Q3T08,VICSA,3800.31,10,252
A202606,C2027Q2T09,VICNSW,3800.07,10,463
A202606,C2026Q4T11,VICSA,3800,4,309
A202606,C2028Q1T06,TASVIC,3800,5,124
A202606,C2027Q1T10,VICSA,3800,1,257
A202606,C2027Q2T09,VICSA,3800,4,244
A202606,C2026Q3T12,TASVIC,3795,3,946
A202606,C2028Q3T04,TASVIC,3794.7,4,163
A202606,C2027Q3T08,VICTAS,3793.38946,10,286
A202606,C2028Q1T06,VICNSW,3791,1,276
A202606,C2028Q4T03,VICNSW,3789,2,148
A202606,C2028Q2T05,VICSA,3787.7775,3,229
A202606,C2027Q4T07,QLDNSW,3787.32,1,596
A202606,C2029Q2T01,VICNSW,3784.33,1,92
A202606,C2028Q2T05,NSWQLD,3784,1,8
A202606,C2027Q4T07,VICSA,3782,1,121
A202606,C2028Q4T03,VICSA,3782,2,45
A202606,C2027Q3T08,TASVIC,3780.89489,12,220
A202606,C2028Q3T04,VICNSW,3780.51,1,175
A202606,C2028Q3T04,VICSA,3780,5,163
A202606,C2028Q2T05,NSWVIC,3775.2,7,19
A202606,C2027Q1T10,NSWQLD,3774.66,1,299
A202606,C2028Q4T03,SAVIC,3774,2,21
A202606,C2029Q1T02,VICNSW,3773.11,1,179
A202606,C2027Q2T09,VICSA,3769,12,256
A202606,C2028Q4T03,VICNSW,3769,2,150
A202606,C2028Q4T03,VICSA,3769,1,46
A202606,C2028Q1T06,VICNSW,3764.82,2,278
A202606,C2028Q2T05,VICNSW,3763,1,193
A202606,C2026Q4T11,NSWQLD,3760.5,1,186
A202606,C2027Q3T08,QLDNSW,3759.81,1,635
A202606,C2026Q4T11,SAVIC,3758,4,20
A202606,C2027Q2T09,VICNSW,3754.13,1,464
A202606,C2028Q2T05,VICNSW,3754,1,194
A202606,C2027Q4T07,VICTAS,3752.72,3,295
A202606,C2028Q1T06,VICNSW,3751.8375,6,284
A202606,C2029Q1T02,VICSA,3750.185,10,172
A202606,C2028Q4T03,VICNSW,3750,2,152
A202606,C2026Q4T11,TASVIC,3750,5,167
A202606,C2028Q4T03,VICSA,3750,2,48
A202606,C2028Q2T05,TASVIC,3750,1,150
A202606,C2027Q3T08,VICNSW,3748.84,1,499
A202606,C2026Q3T12,VICNSW,3744.29,25,675
A202606,C2027Q4T07,VICSA,3740.98,2,123
A202606,C2028Q2T05,VICNSW,3740.55,2,196
A202606,C2027Q1T10,VICNSW,3738.32,1,616
A202606,C2027Q4T07,SAVIC,3737,2,23
A202606,C2026Q4T11,TASVIC,3736.15378,10,177
A202606,C2028Q1T06,VICNSW,3736,2,286
A202606,C2027Q1T10,NSWVIC,3734.5,1,21
A202606,C2027Q4T07,VICSA,3734,1,124
A202606,C2027Q4T07,VICNSW,3731.52,5,451
A202606,C2028Q3T04,TASVIC,3731.4094,6,169
A202606,C2027Q2T09,VICSA,3730.65,1,257
A202606,C2028Q4T03,VICNSW,3730,2,154
A202606,C2026Q3T12,VICNSW,3727.6,10,685
A202606,C2027Q4T07,VICNSW,3725.4,1,452
A202606,C2027Q4T07,VICSA,3724,1,125
A202606,C2027Q2T09,VICNSW,3722.6,2,466
A202606,C2028Q2T05,VICSA,3720.98,1,230
A202606,C2029Q2T01,VICSA,3720.98,1,143
A202606,C2027Q4T07,TASVIC,3720.13,1,48
A202606,C2026Q3T12,TASVIC,3714.26992,60,1006
A202606,C2027Q4T07,NSWQLD,3711.27,1,157
A202606,C2028Q4T03,VICNSW,3711,2,156
A202606,C2028Q4T03,VICSA,3710,1,49
A202606,C2027Q4T07,TASVIC,3710,1,49
A202606,C2026Q4T11,VICNSW,3709.44,10,673
A202606,C2026Q4T11,TASVIC,3708.8999,3,180
A202606,C2028Q4T03,VICTAS,3703.19995,6,155
A202606,C2026Q4T11,VICTAS,3702.3999,26,534
A202606,C2028Q2T05,VICNSW,3701.46,1,197
A202606,C2026Q4T11,VICSA,3700.19,8,317
A202606,C2026Q4T11,VICSA,3700.185,14,331
A202606,C2027Q4T07,VICNSW,3700,4,456
A202606,C2028Q2T05,TASVIC,3700,2,152
A202606,C2028Q4T03,VICSA,3698.32,1,50
A202606,C2028Q1T06,VICNSW,3696.99,1,287
A202606,C2026Q4T11,VICSA,3696.16,1,332
A202606,C2028Q1T06,VICNSW,3696,1,288
A202606,C2028Q2T05,VICNSW,3696,1,198
A202606,C2028Q4T03,TASVIC,3693,1,77
A202606,C2026Q3T12,TASVIC,3692,3,1009
A202606,C2028Q4T03,VICNSW,3691,2,158
A202606,C2028Q1T06,VICNSW,3690.96,10,298
A202606,C2027Q4T07,VICSA,3686.67,1,126
A202606,C2027Q2T09,VICSA,3685.83,9,266
A202606,C2028Q1T06,VICNSW,3685,1,299
A202606,C2029Q1T02,VICTAS,3684.24416,4,121
A202606,C2027Q4T07,TASVIC,3684,1,50
A202606,C2027Q1T10,VICSA,3682.57,1,258
A202606,C2029Q1T02,TASVIC,3681.78,4,91
A202606,C2029Q2T01,VICNSW,3680.49,2,94
A202606,C2028Q4T03,VICSA,3679,1,51
A202606,C2027Q4T07,VICSA,3677,1,127
A202606,C2028Q1T06,VICNSW,3676.82,2,301
A202606,C2027Q1T10,VICNSW,3676.4,13,629
A202606,C2029Q1T02,TASVIC,3675.35986,3,94
A202606,C2026Q4T11,TASVIC,3674,2,182
A202606,C2028Q4T03,VICNSW,3672,2,160
A202606,C2027Q2T09,VICNSW,3670.7,6,472
A202606,C2028Q4T03,VICNSW,3670.27,1,161
A202606,C2028Q1T06,NSWQLD,3669.12,5,265
A202606,C2028Q1T06,NSWQLD,3669,1,266
A202606,C2027Q4T07,VICTAS,3667,10,305
A202606,C2029Q1T02,NSWQLD,3666.05,5,229
A202606,C2027Q2T09,VICSA,3662.7,5,271
A202606,C2028Q2T05,VICNSW,3661,1,199
A202606,C2027Q4T07,VICSA,3660.98,2,129
A202606,C2028Q2T05,VICNSW,3655,1,200
A202606,C2027Q1T10,TASVIC,3654,1,269
A202606,C2028Q4T03,VICSA,3653,5,56
A202606,C2028Q4T03,VICNSW,3652,2,163
A202606,C2027Q3T08,VICTAS,3651.60009,10,296
A202606,C2026Q3T12,VICTAS,3651.60009,100,1082
A202606,C2028Q3T04,VICTAS,3651.60009,6,127
A202606,C2028Q1T06,VICSA,3650.48,4,214
A202606,C2027Q3T08,QLDNSW,3650,3,638
A202606,C2028Q1T06,VICNSW,3650,1,302
A202606,C2026Q4T11,QLDNSW,3650,3,587
A202606,C2027Q4T07,QLDNSW,3650,3,599
A202606,C2027Q2T09,QLDNSW,3650,3,679
A202606,C2027Q1T10,VICTAS,3648.87,5,430
A202606,C2026Q3T12,VICTAS,3646.78623,50,1132
A202606,C2028Q3T04,TASVIC,3646,1,170
A202606,C2028Q1T06,VICSA,3645.97,1,215
A202606,C2029Q1T02,VICSA,3645.97,1,173
A202606,C2028Q2T05,VICNSW,3645,20,220
A202606,C2028Q4T03,NSWVIC,3643.2,7,14
A202606,C2027Q4T07,NSWQLD,3638.6,6,163
A202606,C2027Q4T07,NSWQLD,3638.6,10,173
A202606,C2026Q4T11,VICNSW,3638.53,5,678
A202606,C2027Q4T07,VICSA,3634,1,130
A202606,C2028Q4T03,VICNSW,3633,2,165
A202606,C2029Q1T02,VICNSW,3631.12,1,180
A202606,C2027Q1T10,VICNSW,3628.8,15,644
A202606,C2028Q3T04,VICSA,3628.56,1,164
A202606,C2028Q4T03,TASVIC,3627,1,78
A202606,C2028Q3T04,VICTAS,3626.89731,5,132
A202606,C2026Q4T11,TASVIC,3625,5,187
A202606,C2028Q2T05,VICNSW,3620.55,2,222
A202606,C2027Q1T10,NSWVIC,3619,1,22
A202606,C2027Q3T08,VICSA,3618.791,3,255
A202606,C2028Q4T03,VICNSW,3613,2,167
A202606,C2027Q4T07,NSWQLD,3608.47,5,178
A202606,C2027Q1T10,VICSA,3608.07,10,268
A202606,C2026Q3T12,TASVIC,3607,3,1012
A202606,C2027Q4T07,VICSA,3607,2,132
A202606,C2028Q4T03,VICSA,3605,1,57
A202606,C2027Q1T10,TASVIC,3604,12,281
A202606,C2027Q2T09,NSWVIC,3603.6,7,19
A202606,C2027Q3T08,VICSA,3600.32,1,256
A202606,C2029Q1T02,VICSA,3600.18,10,183
A202606,C2027Q4T07,TASVIC,3600.13,1,51
A202606,C2028Q4T03,VICSA,3600,2,59
A202606,C2026Q3T12,TASVIC,3600,49,1061
A202606,C2027Q2T09,TASVIC,3597.51,6,298
A202606,C2028Q2T05,TASVIC,3597.51,3,155
A202606,C2028Q3T04,TASVIC,3597.51,2,172
A202606,C2027Q1T10,TASVIC,3597.51,8,289
A202606,C2028Q1T06,TASVIC,3597.51,3,127
A202606,C2028Q4T03,TASVIC,3597.51,2,80
A202606,C2026Q4T11,TASVIC,3597.51,12,199
A202606,C2027Q4T07,TASVIC,3597.51,4,55
A202606,C2027Q3T08,TASVIC,3597.51,5,225
A202606,C2028Q3T04,NSWQLD,3597,1,16
A202606,C2028Q4T03,VICNSW,3594,1,168
A202606,C2028Q2T05,VICNSW,3592,1,223
A202606,C2027Q2T09,VICTAS,3591.20117,10,291
A202606,C2029Q2T01,VICNSW,3590.97,1,95
A202606,C2026Q3T12,TASVIC,3590,3,1064
A202606,C2026Q4T11,VICTAS,3589.86,8,542
A202606,C2028Q1T06,VICNSW,3588.82,2,304
A202606,C2026Q4T11,VICTAS,3588.11635,15,557
A202606,C2028Q4T03,NSWQLD,3586.32,1,151
A202606,C2028Q1T06,VICNSW,3585,1,305
A202606,C2028Q2T05,TASVIC,3583.09,6,161
A202606,C2029Q2T01,TASVIC,3580.9872,5,133
A202606,C2027Q4T07,VICSA,3580.98,2,134
A202606,C2027Q4T07,VICSA,3579,1,135
A202606,C2026Q3T12,VICTAS,3578,2,1134
A202606,C2028Q3T04,VICNSW,3576.95,1,176
A202606,C2028Q3T04,VICSA,3574.18,5,169
A202606,C2028Q4T03,VICNSW,3574,1,169
A202606,C2026Q3T12,TASVIC,3573.82,50,1114
A202606,C2028Q4T03,TASVIC,3572,12,92
A202606,C2026Q3T12,SAVIC,3566,4,20
A202606,C2027Q1T10,NSWQLD,3561.06,2,301
A202606,C2027Q1T10,NSWQLD,3561.055,22,323
A202606,C2026Q4T11,TASVIC,3561,1,200
A202606,C2028Q2T05,VICNSW,3559,2,225
A202606,C2028Q1T06,VICNSW,3555,1,306
A202606,C2028Q4T03,VICNSW,3555,1,170
A202606,C2027Q4T07,TASVIC,3553,1,56
A202606,C2028Q4T03,VICSA,3551,3,62
A202606,C2027Q2T09,VICNSW,3549.36,1,473
A202606,C2028Q1T06,QLDNSW,3548.8,1,638
A202606,C2028Q2T05,TASVIC,3547.98951,8,169
A202606,C2028Q4T03,VICSA,3547.81,1,63
A202606,C2028Q1T06,VICNSW,3545.06,1,307
A202606,C2028Q1T06,VICNSW,3545,1,308
A202606,C2029Q2T01,VICNSW,3540.49,2,97
A202606,C2029Q1T02,QLDNSW,3538.08,5,588
A202606,C2029Q1T02,QLDNSW,3538.08,21,609
A202606,C2026Q3T12,TASVIC,3538,3,1117
A202606,C2028Q4T03,VICNSW,3537.15,1,171
A202606,C2027Q4T07,VICSA,3537,1,136
A202606,C2028Q2T05,VICNSW,3535.72,1,226
A202606,C2028Q4T03,VICNSW,3535,1,172
A202606,C2027Q4T07,VICNSW,3532.71,1,457
A202606,C2026Q4T11,TASVIC,3528.57,25,225
A202606,C2027Q4T07,TASVIC,3527,8,64
A202606,C2028Q2T05,VICNSW,3527,1,227
A202606,C2028Q3T04,QLDNSW,3525.6,1,632
A202606,C2028Q1T06,VICTAS,3524.66,2,213
A202606,C2026Q4T11,VICNSW,3520.32,1,679
A202606,C2027Q4T07,VICNSW,3520,4,461
A202606,C2029Q1T02,VICSA,3518.92,7,190
A202606,C2028Q4T03,NSWQLD,3516.24,6,157
A202606,C2028Q4T03,NSWQLD,3516.24,10,167
A202606,C2027Q2T09,VICNSW,3516.14,2,475
A202606,C2028Q4T03,VICNSW,3516,1,173
A202606,C2026Q4T11,NSWQLD,3515.25,1,187
A202606,C2029Q1T02,NSWQLD,3513.6,1,230
A202606,C2029Q1T02,NSWQLD,3513.51,5,235
A202606,C2026Q3T12,VICTAS,3512.02,50,1184
A202606,C2028Q2T05,VICSA,3509.21,1,231
A202606,C2029Q2T01,VICSA,3509.21,1,144
A202606,C2029Q1T02,SAVIC,3508,3,19
A202606,C2027Q4T07,VICSA,3507.45,1,137
A202606,C2028Q4T03,VICSA,3507,1,64
A202606,C2027Q3T08,VICNSW,3504.35,1,500
A202606,C2027Q1T10,NSWVIC,3503.5,1,23
A202606,C2026Q4T11,NSWVIC,3503,8,15
A202606,C2027Q4T07,NSWQLD,3503,10,188
A202606,C2026Q4T11,NSWQLD,3503,10,197
A202606,C2028Q2T05,SAVIC,3503,8,31
A202606,C2028Q1T06,NSWVIC,3503,8,27
A202606,C2028Q3T04,SAVIC,3503,8,31
A202606,C2027Q2T09,TASVIC,3503,10,308
A202606,C2027Q3T08,TASVIC,3503,10,235
A202606,C2028Q1T06,TASVIC,3503,10,137
A202606,C2029Q2T01,NSWVIC,3503,8,22
A202606,C2029Q1T02,NSWQLD,3503,10,245
A202606,C2026Q3T12,TASVIC,3503,10,1127
A202606,C2029Q1T02,NSWVIC,3503,8,53
A202606,C2027Q1T10,TASVIC,3503,10,299
A202606,C2028Q4T03,NSWQLD,3503,10,177
A202606,C2028Q2T05,TASVIC,3503,10,179
A202606,C2027Q1T10,SAVIC,3503,8,31
A202606,C2027Q1T10,VICTAS,3501.11049,17,447
A202606,C2028Q1T06,NSWQLD,3500.53,5,271
A202606,C2028Q3T04,VICSA,3500.39,8,177
A202606,C2029Q1T02,VICNSW,3500.07,4,184
A202606,C2028Q2T05,VICSA,3500,5,236
A202606,C2027Q3T08,VICNSW,3500,10,510
A202606,C2028Q3T04,VICSA,3500,5,182
A202606,C2028Q1T06,TASVIC,3500,5,142
A202606,C2028Q4T03,VICNSW,3500,10,183
A202606,C2026Q4T11,TASVIC,3500,5,230
A202606,C2027Q2T09,VICNSW,3500,5,480
A202606,C2026Q4T11,VICSA,3500,1,333
A202606,C2027Q3T08,VICNSW,3500,3,513
A202606,C2027Q4T07,VICNSW,3500,3,464
A202606,C2029Q2T01,VICSA,3500,10,154
A202606,C2027Q3T08,VICSA,3500,10,266
A202606,C2027Q2T09,TASVIC,3500,5,313
A202606,C2028Q4T03,VICSA,3500,2,66
A202606,C2026Q3T12,VICSA,3500,1,401
A202606,C2027Q2T09,VICSA,3500,4,275
A202606,C2026Q3T12,NSWQLD,3500,1,4
A202606,C2027Q1T10,TASVIC,3500,2,301
A202606,C2027Q1T10,TASVIC,3500,5,306
A202606,C2026Q4T11,NSWQLD,3500,2,199
A202606,C2027Q4T07,VICSA,3499,1,138
A202606,C2027Q1T10,TASVIC,3497.65886,17,323
A202606,C2028Q2T05,VICTAS,3494.04684,6,153
A202606,C2028Q2T05,VICNSW,3492,8,235
A202606,C2029Q1T02,VICNSW,3489.12,1,185
A202606,C2028Q1T06,VICNSW,3488,4,312
A202606,C2027Q3T08,VICSA,3487.2,5,271
A202606,C2028Q2T05,QLDNSW,3486.88,1,654
A202606,C2029Q2T01,QLDNSW,3486.88,1,632
A202606,C2028Q2T05,VICNSW,3484,1,236
A202606,C2027Q4T07,TASVIC,3480.13,1,65
A202606,C2027Q2T09,VICSA,3474.62,1,276
A202606,C2027Q2T09,VICSA,3473.25,3,279
A202606,C2027Q4T07,NSWVIC,3469.71,7,14
A202606,C2028Q1T06,VICNSW,3468,3,315
A202606,C2028Q4T03,VICSA,3465.3885,2,68
A202606,C2027Q1T10,TASVIC,3462,1,324
A202606,C2029Q1T02,VICNSW,3460,2,187
A202606,C2027Q4T07,NSWQLD,3456.58,1,189
A202606,C2029Q1T02,TASVIC,3456,1,95
A202606,C2028Q4T03,VICNSW,3454.4561,8,191
A202606,C2027Q4T07,VICSA,3454,3,141
A202606,C2028Q2T05,VICNSW,3453,1,237
A202606,C2028Q3T04,VICNSW,3451.31,9,185
A202606,C2027Q2T09,VICSA,3450,4,283
A202606,C2029Q1T02,QLDNSW,3450,1,610
A202606,C2028Q1T06,VICNSW,3450,4,319
A202606,C2028Q4T03,VICSA,3450,2,70
A202606,C2028Q2T05,VICNSW,3447.93,5,242
A202606,C2026Q3T12,NSWQLD,3447.5,1,5
A202606,C2026Q4T11,TASVIC,3447,2,232
A202606,C2027Q1T10,NSWQLD,3444.48,5,328
A202606,C2028Q2T05,TASVIC,3443.80004,8,187
A202606,C2029Q2T01,NSWVIC,3442,4,26
A202606,C2028Q1T06,NSWQLD,3439.8,20,291
A202606,C2029Q1T02,VICNSW,3438.981,6,193
A202606,C2026Q3T12,SAVIC,3435.13831,4,24
A202606,C2026Q4T11,NSWVIC,3435.02,7,22
A202606,C2029Q2T01,VICSA,3434.25,5,159
A202606,C2028Q2T05,VICSA,3434.25,5,241
A202606,C2028Q1T06,TASVIC,3430,6,148
A202606,C2027Q1T10,TASVIC,3430,11,335
A202606,C2027Q4T07,TASVIC,3430,6,71
A202606,C2026Q4T11,TASVIC,3430,18,250
A202606,C2027Q4T07,QLDNSW,3429.06,1,600
A202606,C2028Q2T05,VICNSW,3423,2,244
A202606,C2027Q4T07,VICSA,3423,3,144
A202606,C2028Q1T06,VICNSW,3422,2,321
A202606,C2028Q3T04,VICSA,3421,12,194
A202606,C2027Q4T07,TASVIC,3421,1,72
A202606,C2027Q2T09,TASVIC,3420,14,327
A202606,C2028Q3T04,VICSA,3416.491,7,201
A202606,C2027Q4T07,VICSA,3411,3,147
A202606,C2028Q1T06,TASVIC,3410.87328,7,155
A202606,C2027Q4T07,VICNSW,3410.1045,6,470
A202606,C2028Q3T04,VICSA,3409.6,1,202
A202606,C2028Q4T03,TASVIC,3409,1,93
A202606,C2028Q4T03,VICNSW,3404.03,1,192
A202606,C2028Q2T05,VICNSW,3403,1,245
A202606,C2026Q4T11,VICSA,3402.15,1,334
A202606,C2029Q2T01,VICNSW,3400.49,2,99
A202606,C2028Q3T04,VICNSW,3399,1,186
A202606,C2029Q2T01,VICNSW,3397.61,1,100
A202606,C2028Q4T03,VICSA,3397.29,1,71
A202606,C2028Q4T03,TASVIC,3396.28497,2,95
A202606,C2026Q3T12,NSWQLD,3395,1,6
A202606,C2028Q1T06,VICNSW,3393.13,1,322
A202606,C2027Q1T10,NSWVIC,3388,1,24
A202606,C2028Q4T03,VICTAS,3387.77068,6,161
A202606,C2028Q1T06,VICNSW,3385,1,323
A202606,C2026Q3T12,TASVIC,3385,3,1130
A202606,C2028Q3T04,TASVIC,3385,1,173
A202606,C2028Q4T03,QLDNSW,3383.07,1,652
A202606,C2029Q2T01,VICNSW,3382,2,102
A202606,C2029Q2T01,VICNSW,3380.117,12,114
A202606,C2026Q3T12,TASVIC,3375,12,1142
A202606,C2026Q4T11,TASVIC,3375,5,255
A202606,C2029Q2T01,NSWQLD,3375,2,3
A202606,C2029Q1T02,VICNSW,3374,1,194
A202606,C2027Q2T09,QLDNSW,3373.5,1,680
A202606,C2028Q3T04,VICNSW,3373.38,1,187
A202606,C2027Q4T07,VICNSW,3372.72,5,475
A202606,C2029Q1T02,VICNSW,3370.07,4,198
A202606,C2028Q2T05,VICNSW,3369.99,1,246
A202606,C2027Q1T10,VICTAS,3369.97,5,452
A202606,C2028Q1T06,VICNSW,3368.88,9,332
A202606,C2029Q1T02,TASVIC,3368.295,2,97
A202606,C2029Q2T01,TASVIC,3368.295,2,135
A202606,C2027Q4T07,VICTAS,3367.46,3,308
A202606,C2027Q2T09,VICNSW,3366.6,12,492
A202606,C2028Q1T06,VICTAS,3366.32257,7,220
A202606,C2027Q4T07,VICSA,3363,4,151
A202606,C2027Q4T07,TASVIC,3360.13,1,73
A202606,C2028Q3T04,VICNSW,3359,1,188
A202606,C2027Q4T07,VICSA,3359,1,152
A202606,C2029Q1T02,VICNSW,3351,1,199
A202606,C2026Q4T11,VICSA,3350,4,338
A202606,C2029Q1T02,VICNSW,3347.12,1,200
A202606,C2027Q2T09,VICSA,3346.95,10,293
A202606,C2029Q2T01,VICNSW,3345,5,119
A202606,C2027Q2T09,VICNSW,3344.59,1,493
A202606,C2026Q3T12,NSWQLD,3342.5,1,7
A202606,C2028Q1T06,VICNSW,3341,3,335
A202606,C2028Q4T03,NSWQLD,3340.2,1,178
A202606,C2027Q4T07,VICNSW,3340.02,1,476
A202606,C2028Q3T04,VICNSW,3340,8,196
A202606,C2027Q4T07,VICNSW,3340,4,480
A202606,C2027Q4T07,TASVIC,3339,1,74
A202606,C2028Q1T06,VICNSW,3336.06,10,345
A202606,C2028Q2T05,VICNSW,3336,1,247
A202606,C2027Q3T08,VICSA,3335.03,1,272
A202606,C2026Q3T12,VICNSW,3334.08,10,695
A202606,C2029Q1T02,VICNSW,3333.54174,1,201
A202606,C2028Q1T06,NSWVIC,3333.54174,1,28
A202606,C2028Q1T06,VICNSW,3333.54174,1,346
A202606,C2027Q3T08,NSWVIC,3333.54174,1,6
A202606,C2028Q2T05,VICNSW,3333.54174,1,248
A202606,C2027Q4T07,VICNSW,3333.54174,1,481
A202606,C2028Q2T05,NSWVIC,3333.54174,1,20
A202606,C2026Q3T12,NSWVIC,3333.54174,1,7
A202606,C2027Q2T09,VICNSW,3333.54174,1,494
A202606,C2026Q4T11,VICNSW,3333.54174,1,680
A202606,C2028Q4T03,VICNSW,3333.54174,1,193
A202606,C2027Q2T09,NSWVIC,3333.54174,1,20
A202606,C2029Q1T02,NSWVIC,3333.54174,1,54
A202606,C2027Q1T10,NSWVIC,3333.54174,1,25
A202606,C2028Q3T04,NSWVIC,3333.54174,1,20
A202606,C2027Q1T10,VICNSW,3333.54174,1,645
A202606,C2028Q2T05,VICNSW,3333.33,2,250
A202606,C2028Q3T04,VICNSW,3333.33,2,198
A202606,C2028Q1T06,VICSA,3330.89,1,216
A202606,C2029Q1T02,VICSA,3330.89,1,191
A202606,C2027Q4T07,VICSA,3328.24,1,153
A202606,C2027Q2T09,NSWVIC,3328,1,21
A202606,C2028Q1T06,VICNSW,3327,3,349
A202606,C2027Q1T10,VICNSW,3322.95,1,646
A202606,C2029Q2T01,VICNSW,3322,5,124
A202606,C2028Q3T04,VICNSW,3320,1,199
A202606,C2028Q2T05,VICNSW,3317,2,252
A202606,C2029Q1T02,VICNSW,3316,1,202
A202606,C2028Q2T05,VICNSW,3313.02,9,261
A202606,C2029Q2T01,VICNSW,3312.8,9,133
A202606,C2027Q3T08,VICNSW,3312,10,523
A202606,C2026Q3T12,NSWQLD,3312,15,22
A202606,C2028Q3T04,VICNSW,3312,10,209
A202606,C2027Q4T07,VICSA,3312,2,155
A202606,C2027Q4T07,VICNSW,3312,10,491
A202606,C2026Q4T11,VICNSW,3312,10,690
A202606,C2028Q4T03,VICNSW,3312,10,203
A202606,C2028Q3T04,VICSA,3311.37,5,207
A202606,C2028Q2T05,VICSA,3309.22346,7,248
A202606,C2027Q3T08,VICTAS,3303.91985,10,306
A202606,C2026Q3T12,SAVIC,3303.17,3,27
A202606,C2028Q3T04,VICNSW,3302,1,210
A202606,C2027Q3T08,TASVIC,3302,10,245
A202606,C2029Q2T01,VICNSW,3301,6,139
A202606,C2028Q2T05,TASVIC,3300,2,189
A202606,C2026Q4T11,NSWQLD,3300,2,201
A202606,C2028Q4T03,VICSA,3300,2,73
A202606,C2029Q2T01,VICSA,3297.45,1,160
A202606,C2028Q2T05,VICSA,3297.45,1,249
A202606,C2026Q4T11,TASVIC,3296.80004,3,258
A202606,C2026Q4T11,TASVIC,3296,2,260
A202606,C2029Q1T02,VICSA,3295,7,198
A202606,C2028Q1T06,VICSA,3294.84523,7,223
A202606,C2027Q4T07,VICSA,3294,2,157
A202606,C2026Q3T12,NSWQLD,3290,1,23
A202606,C2027Q4T07,TASVIC,3289,1,75
A202606,C2028Q2T05,VICNSW,3289,2,263
A202606,C2029Q1T02,VICNSW,3288,1,203
A202606,C2029Q2T01,VICTAS,3284.7486,4,129
A202606,C2029Q2T01,VICSA,3282.7405,7,167
A202606,C2026Q3T12,TASVIC,3282.3999,100,1242
A202606,C2028Q3T04,TASVIC,3282.3999,6,179
A202606,C2028Q3T04,TASVIC,3276.35947,7,186
A202606,C2027Q1T10,NSWQLD,3276.12,1,329
A202606,C2027Q2T09,VICNSW,3276,10,504
A202606,C2028Q1T06,VICNSW,3276,10,359
A202606,C2029Q2T01,VICNSW,3276,10,149
A202606,C2028Q2T05,VICNSW,3276,10,273
A202606,C2026Q4T11,NSWQLD,3275.77,5,206
A202606,C2028Q1T06,VICNSW,3275,2,361
A202606,C2027Q1T10,NSWVIC,3272.5,1,26
A202606,C2028Q4T03,VICNSW,3270.91,1,204
A202606,C2026Q4T11,NSWQLD,3270,1,207
A202606,C2026Q4T11,NSWQLD,3270,2,209
A202606,C2027Q4T07,VICNSW,3270,6,497
A202606,C2027Q1T10,TASVIC,3269,1,336
A202606,C2028Q1T06,VICNSW,3265,1,362
A202606,C2028Q4T03,TASVIC,3264.30004,1,96
A202606,C2027Q4T07,VICSA,3263,1,158
A202606,C2026Q3T12,TASVIC,3261.31017,60,1302
A202606,C2029Q2T01,VICNSW,3260.49,2,151
A202606,C2029Q1T02,VICNSW,3260,1,204
A202606,C2027Q3T08,VICNSW,3259.86,1,524
A202606,C2029Q2T01,VICNSW,3259,6,157
A202606,C2029Q1T02,VICSA,3255,6,204
A202606,C2028Q3T04,VICNSW,3254,1,211
A202606,C2027Q1T10,VICSA,3252.93,1,269
A202606,C2026Q3T12,NSWVIC,3252.86,7,14
A202606,C2027Q3T08,NSWVIC,3252.86,7,13
A202606,C2029Q1T02,VICTAS,3252.05,4,125
A202606,C2026Q4T11,TASVIC,3250,5,265
A202606,C2027Q1T10,NSWVIC,3250,10,36
A202606,C2027Q2T09,SAVIC,3249,2,21
A202606,C2027Q3T08,VICNSW,3248.076,18,542
A202606,C2028Q4T03,VICSA,3246.78,1,74
A202606,C2027Q3T08,SAVIC,3243,2,21
A202606,C2028Q2T05,VICNSW,3242,1,274
A202606,C2028Q1T06,VICNSW,3241.2,1,363
A202606,C2028Q1T06,NSWQLD,3240.95,1,292
A202606,C2027Q4T07,TASVIC,3240.13,1,76
A202606,C2029Q1T02,VICNSW,3240.07,4,208
A202606,C2029Q1T02,NSWQLD,3240,20,265
A202606,C2029Q1T02,VICNSW,3240,10,218
A202606,C2027Q1T10,VICNSW,3240,10,656
A202606,C2029Q2T01,VICNSW,3239,20,177
A202606,C2026Q3T12,NSWQLD,3237.5,1,24
A202606,C2026Q3T12,TASVIC,3231,3,1305
A202606,C2028Q4T03,VICNSW,3229.2,5,209
A202606,C2029Q2T01,VICNSW,3229.2,5,182
A202606,C2028Q1T06,VICTAS,3228.57,2,222
A202606,C2028Q3T04,VICNSW,3228,1,212
A202606,C2029Q2T01,VICNSW,3228,6,188
A202606,C2026Q4T11,VICTAS,3224.96,8,565
A202606,C2028Q4T03,NSWQLD,3224,6,184
A202606,C2028Q1T06,VICNSW,3222,3,366
A202606,C2027Q4T07,VICSA,3220,3,161
A202606,C2027Q2T09,VICSA,3218.6,1,294
A202606,C2027Q1T10,VICTAS,3216,15,467
A202606,C2029Q1T02,VICNSW,3213,1,219
A202606,C2029Q1T02,VICNSW,3205.12,1,220
A202606,C2027Q1T10,NSWQLD,3204.95,2,331
A202606,C2029Q2T01,VICNSW,3204.25,1,189
A202606,C2028Q2T05,VICNSW,3204.25,1,275
A202606,C2029Q1T02,VICNSW,3202,1,221
A202606,C2027Q4T07,NSWQLD,3201.88,1,190
A202606,C2028Q1T06,VICSA,3200.96,3,226
A202606,C2028Q1T06,TASVIC,3200,5,160
A202606,C2026Q4T11,QLDNSW,3200,3,590
A202606,C2028Q4T03,VICNSW,3200,10,219
A202606,C2027Q4T07,QLDNSW,3200,3,603
A202606,C2027Q3T08,QLDNSW,3200,3,641
A202606,C2027Q2T09,QLDNSW,3200,3,683
A202606,C2029Q2T01,VICNSW,3197,1,190
A202606,C2027Q3T08,NSWQLD,3194,1,18
A202606,C2028Q3T04,VICNSW,3193,1,213
A202606,C2028Q3T04,VICSA,3190.63,1,208
A202606,C2027Q3T08,NSWVIC,3189,1,14
A202606,C2027Q1T10,NSWVIC,3188,1,37
A202606,C2027Q3T08,QLDNSW,3187.66,1,642
A202606,C2026Q4T11,TASVIC,3186,8,273
A202606,C2026Q3T12,NSWQLD,3185,1,25
A202606,C2028Q2T05,VICSA,3181.73,5,254
A202606,C2029Q2T01,VICSA,3181.73,5,172
A202606,C2027Q4T07,VICSA,3181,2,163
A202606,C2027Q1T10,NSWVIC,3178,1,38
A202606,C2026Q3T12,VICTAS,3176.23317,50,1234
A202606,C2029Q1T02,VICTAS,3172.54358,6,131
A202606,C2029Q2T01,VICSA,3172,4,176
A202606,C2028Q3T04,VICNSW,3169.81,1,214
A202606,C2028Q1T06,VICNSW,3166,1,367
A202606,C2027Q4T07,NSWQLD,3164.47,5,195
A202606,C2028Q3T04,VICNSW,3164,1,215
A202606,C2029Q1T02,NSWVIC,3163,2,56
A202606,C2027Q4T07,VICNSW,3160,4,501
A202606,C2029Q1T02,VICNSW,3159,5,226
A202606,C2027Q3T08,VICSA,3158.22,10,282
A202606,C2029Q1T02,VICNSW,3158,1,227
A202606,C2027Q4T07,TASVIC,3158,1,77
A202606,C2027Q1T10,NSWVIC,3157,1,39
A202606,C2029Q2T01,VICNSW,3157,5,195
A202606,C2028Q1T06,VICTAS,3152.85,2,224
A202606,C2027Q1T10,VICTAS,3152.85,5,472
A202606,C2027Q1T10,NSWVIC,3150,1,40
A202606,C2027Q1T10,TASVIC,3150,2,338
A202606,C2028Q4T03,VICSA,3150,2,76
A202606,C2027Q4T07,VICSA,3149.03,1,164
A202606,C2027Q4T07,VICNSW,3147.32,1,502
A202606,C2028Q4T03,VICNSW,3145.7395,6,225
A202606,C2027Q1T10,VICNSW,3145,3,659
A202606,C2026Q4T11,TASVIC,3144,2,275
A202606,C2029Q1T02,VICNSW,3140,1,228
A202606,C2027Q2T09,VICNSW,3139.82,1,505
A202606,C2028Q4T03,VICNSW,3137.79,1,226
A202606,C2026Q3T12,NSWQLD,3132.5,1,26
A202606,C2027Q1T10,NSWVIC,3132,1,41
A202606,C2028Q3T04,NSWVIC,3131,4,24
A202606,C2028Q3T04,VICNSW,3130,1,216
A202606,C2029Q2T01,VICNSW,3126,4,199
A202606,C2028Q2T05,VICTAS,3125.6,11,164
A202606,C2028Q3T04,VICTAS,3125.6,10,142
A202606,C2029Q1T02,VICTAS,3125.6,8,139
A202606,C2026Q3T12,VICTAS,3125.6,100,1334
A202606,C2028Q4T03,VICTAS,3125.6,9,170
A202606,C2027Q2T09,VICTAS,3125.6,23,314
A202606,C2027Q3T08,VICTAS,3125.6,19,325
A202606,C2029Q2T01,VICTAS,3125.6,7,136
A202606,C2026Q4T11,VICTAS,3125.6,47,612
A202606,C2027Q4T07,VICTAS,3125.6,15,323
A202606,C2028Q1T06,VICTAS,3125.6,13,237
A202606,C2028Q3T04,TASVIC,3125,1,187
A202606,C2028Q4T03,TASVIC,3125,1,97
A202606,C2026Q4T11,TASVIC,3125,5,280
A202606,C2029Q2T01,VICNSW,3121.56,5,204
A202606,C2028Q4T03,VICNSW,3121.56,5,231
A202606,C2029Q2T01,VICNSW,3120.49,2,206
A202606,C2027Q4T07,TASVIC,3120.13,1,78
A202606,C2027Q3T08,TASVIC,3120,10,255
A202606,C2027Q2T09,TASVIC,3120,11,338
A202606,C2028Q2T05,TASVIC,3115.30787,8,197
A202606,C2026Q4T11,TASVIC,3113.46148,10,290
A202606,C2029Q1T02,TASVIC,3110.3999,1,98
A202606,C2029Q1T02,VICNSW,3110.07,4,232
A202606,C2028Q3T04,VICNSW,3109,1,217
A202606,C2026Q4T11,VICSA,3108.14,1,339
A202606,C2029Q1T02,NSWQLD,3103.68,1,266
A202606,C2027Q1T10,SAVIC,3103,2,33
A202606,C2028Q4T03,TASVIC,3103,10,107
A202606,C2028Q1T06,VICSA,3100.48,4,230
A202606,C2028Q2T05,VICSA,3100.42,8,262
A202606,C2027Q3T08,VICSA,3100.31,10,292
A202606,C2027Q2T09,VICNSW,3100.07,10,515
A202606,C2027Q2T09,VICSA,3100,4,298
A202606,C2026Q4T11,NSWQLD,3100,2,211
A202606,C2028Q4T03,VICSA,3096.27,1,77
A202606,C2028Q4T03,NSWQLD,3094.08,1,185
A202606,C2026Q3T12,TASVIC,3094,3,1308
A202606,C2027Q1T10,VICTAS,3091.07,5,477
A202606,C2027Q4T07,VICSA,3090.2775,3,167
A202606,C2029Q1T02,VICNSW,3090,1,233
A202606,C2028Q3T04,VICTAS,3089.57919,5,147
A202606,C2028Q1T06,VICNSW,3089.27,1,368
A202606,C2027Q1T10,NSWVIC,3087,1,42
A202606,C2029Q2T01,VICNSW,3086,8,214
A202606,C2028Q2T05,VICSA,3085.69,1,263
A202606,C2029Q2T01,VICSA,3085.69,1,177
A202606,C2026Q4T11,VICNSW,3080.28,1,691
A202606,C2026Q3T12,NSWQLD,3080,1,27
A202606,C2027Q1T10,TASVIC,3077,1,339
A202606,C2029Q1T02,VICNSW,3075,1,234
A202606,C2028Q3T04,VICNSW,3074,2,219
A202606,C2027Q4T07,QLDNSW,3070.8,1,604
A202606,C2027Q3T08,VICSA,3069.75,1,293
A202606,C2029Q1T02,VICNSW,3063.12,1,235
A202606,C2027Q2T09,VICTAS,3059.17136,13,327
A202606,C2029Q2T01,VICNSW,3058,9,223
A202606,C2028Q1T06,NSWQLD,3057.6,5,297
A202606,C2028Q1T06,NSWQLD,3057.6,31,328
A202606,C2029Q1T02,VICNSW,3056,2,237
A202606,C2028Q3T04,VICNSW,3054,2,221
A202606,C2029Q1T02,VICNSW,3053.7,5,242
A202606,C2027Q2T09,VICNSW,3050.03,5,520
A202606,C2026Q4T11,VICSA,3050,1,340
A202606,C2027Q2T09,VICSA,3050,1,299
A202606,C2026Q3T12,VICSA,3050,1,402
A202606,C2027Q3T08,VICSA,3049.68,9,302
A202606,C2028Q3T04,VICSA,3048.57,5,213
A202606,C2027Q1T10,NSWVIC,3041.5,1,43
A202606,C2028Q1T06,VICNSW,3039,3,371
A202606,C2027Q1T10,VICNSW,3039,5,664
A202606,C2028Q3T04,VICNSW,3038.9645,6,227
A202606,C2028Q2T05,VICNSW,3038.51,1,276
A202606,C2029Q1T02,TASVIC,3036.16684,4,102
A202606,C2026Q4T11,QLDNSW,3036,45,635
A202606,C2027Q3T08,VICNSW,3032.33,11,553
A202606,C2026Q4T11,VICNSW,3032.08,10,701
A202606,C2027Q2T09,VICSA,3031.2,10,309
A202606,C2026Q4T11,TASVIC,3030,1,291
A202606,C2026Q3T12,NSWQLD,3027.5,1,28
A202606,C2028Q2T05,VICTAS,3026.93,6,170
A202606,C2029Q2T01,VICNSW,3026,5,228
A202606,C2027Q4T07,TASVIC,3026,1,79
A202606,C2026Q4T11,NSWQLD,3024.75,1,212
A202606,C2026Q4T11,VICTAS,3021.57166,20,632
A202606,C2028Q4T03,SAVIC,3020,2,23
A202606,C2028Q2T05,VICTAS,3017,20,190
A202606,C2027Q3T08,NSWQLD,3016.0637,8,26
A202606,C2028Q1T06,VICSA,3015.8,1,231
A202606,C2029Q1T02,VICSA,3015.8,1,205
A202606,C2027Q3T08,VICNSW,3015.37,1,554
A202606,C2029Q1T02,VICNSW,3015,1,243
A202606,C2027Q1T10,VICTAS,3014.84514,20,497
A202606,C2027Q4T07,VICNSW,3013.92,5,507
A202606,C2028Q4T03,VICNSW,3013.92,5,236
A202606,C2029Q2T01,VICNSW,3013.92,5,233
A202606,C2029Q2T01,VICTAS,3013.2,5,141
A202606,C2029Q2T01,VICNSW,3012,10,243
A202606,C2027Q1T10,TASVIC,3011.87291,20,359
A202606,C2026Q3T12,SAVIC,3011.72,5,32
A202606,C2029Q2T01,VICNSW,3010.89,1,244
A202606,C2028Q3T04,VICNSW,3009,1,228
A202606,C2026Q4T11,SAVIC,3006,2,22
A202606,C2028Q4T03,VICNSW,3004.68,1,237
A202606,C2027Q4T07,VICNSW,3003,10,517
A202606,C2028Q4T03,VICNSW,3003,10,247
A202606,C2026Q4T11,VICNSW,3003,10,711
A202606,C2027Q4T07,QLDNSW,3000.92,10,614
A202606,C2028Q3T04,VICSA,3000.39,8,221
A202606,C2026Q4T11,VICNSW,3000.25,3,714
A202606,C2029Q1T02,VICSA,3000.15,3,208
A202606,C2026Q3T12,SAVIC,3000.13,6,38
A202606,C2028Q3T04,NSWVIC,3000.11,10,34
A202606,C2028Q3T04,VICSA,3000,10,231
A202606,C2028Q2T05,VICSA,3000,5,268
A202606,C2027Q3T08,VICNSW,3000,10,564
A202606,C2027Q2T09,VICSA,3000,10,319
A202606,C2027Q3T08,VICSA,3000,10,312
A202606,C2027Q1T10,TASVIC,3000,5,364
A202606,C2029Q2T01,VICSA,3000,10,187
A202606,C2026Q4T11,VICTAS,3000,50,682
A202606,C2026Q4T11,TASVIC,3000,5,296
A202606,C2028Q3T04,VICNSW,3000,1,229
A202606,C2028Q1T06,VICNSW,3000,65,436
A202606,C2026Q4T11,VICTAS,3000,50,732
A202606,C2027Q1T10,VICTAS,3000,50,547
A202606,C2026Q3T12,VICTAS,3000,50,1384
A202606,C2027Q2T09,TASVIC,3000,5,343
A202606,C2027Q4T07,VICNSW,2994.64,10,527
A202606,C2029Q1T02,VICNSW,2983,1,244
A202606,C2027Q4T07,VICTAS,2982.2,3,326
A202606,C2028Q1T06,VICNSW,2981.16,10,446
A202606,C2029Q2T01,VICNSW,2980.49,2,246
A202606,C2029Q1T02,VICNSW,2980.07,4,248
A202606,C2027Q4T07,VICNSW,2980,4,531
A202606,C2028Q2T05,VICTAS,2976.41027,6,196
A202606,C2027Q1T10,NSWVIC,2975,10,53
A202606,C2026Q3T12,NSWQLD,2975,1,29
A202606,C2028Q4T03,VICTAS,2974.62792,6,176
A202606,C2026Q3T12,TASVIC,2974,3,1311
A202606,C2028Q3T04,VICSA,2971.67,1,232
A202606,C2027Q1T10,VICNSW,2971.6,15,679
A202606,C2027Q4T07,VICSA,2969.81,1,168
A202606,C2028Q2T05,VICTAS,2969.15,5,201
A202606,C2029Q2T01,VICNSW,2968,12,258
A202606,C2027Q4T07,TASVIC,2968,1,80
A202606,C2028Q3T04,VICNSW,2966.25,1,230
A202606,C2027Q2T09,VICSA,2962.57,1,320
A202606,C2026Q4T11,VICSA,2960.15,10,350
A202606,C2027Q4T07,VICNSW,2954.63,1,532
A202606,C2029Q1T02,VICNSW,2953,3,251
A202606,C2028Q3T04,VICNSW,2950,1,231
A202606,C2029Q1T02,VICNSW,2948.4,5,256
A202606,C2027Q4T07,NSWQLD,2947.18,1,196
A202606,C2028Q4T03,VICSA,2945.75,1,78
A202606,C2029Q1T02,NSWQLD,2944.05,5,271
A202606,C2028Q4T03,TASVIC,2940,4,111
A202606,C2029Q1T02,TASVIC,2940,3,105
A202606,C2028Q1T06,VICNSW,2937.33,1,447
A202606,C2027Q2T09,VICNSW,2935.05,1,521
A202606,C2028Q3T04,VICNSW,2935,1,232
A202606,C2028Q1T06,VICTAS,2932.48,2,239
A202606,C2029Q1T02,VICNSW,2931,2,258
A202606,C2028Q2T05,VICSA,2929.22,5,273
A202606,C2029Q2T01,VICSA,2929.22,5,192
A202606,C2029Q1T02,NSWQLD,2927.93,5,276
A202606,C2029Q1T02,NSWQLD,2927.925,31,307
A202606,C2027Q1T10,NSWVIC,2926,1,54
A202606,C2029Q2T01,VICNSW,2926,6,264
A202606,C2029Q1T02,QLDNSW,2925,1,611
A202606,C2026Q3T12,NSWQLD,2922.5,1,30
A202606,C2029Q1T02,VICNSW,2921.12,1,259
A202606,C2027Q2T09,VICTAS,2921.1,5,332
A202606,C2026Q4T11,TASVIC,2917,2,298
A202606,C2027Q1T10,TASVIC,2913.15,8,372
A202606,C2028Q1T06,QLDNSW,2911.84,1,639
A202606,C2028Q4T03,TASVIC,2911.1014,2,113
A202606,C2027Q4T07,NSWQLD,2910.88,5,201
A202606,C2027Q1T10,VICNSW,2907.58,1,680
A202606,C2028Q2T05,VICTAS,2907.19995,8,209
A202606,C2027Q2T09,VICTAS,2906.3999,14,346
A202606,C2028Q4T03,VICNSW,2906.28,5,252
A202606,C2029Q2T01,VICNSW,2906.28,5,269
A202606,C2028Q1T06,TASVIC,2905.55872,7,167
A202606,C2027Q4T07,VICSA,2904,5,173
A202606,C2028Q4T03,TASVIC,2901.60009,1,114
A202606,C2026Q4T11,NSWQLD,2900,2,214
A202606,C2026Q4T11,VICSA,2900,4,354
A202606,C2028Q2T05,TASVIC,2900,2,199
A202606,C2028Q1T06,TASVIC,2900,5,172
A202606,C2028Q4T03,VICNSW,2900,10,262
A202606,C2028Q1T06,VICTAS,2898.77777,9,248
A202606,C2027Q4T07,TASVIC,2895,1,81
A202606,C2029Q2T01,VICNSW,2894,8,277
A202606,C2029Q1T02,VICNSW,2888,10,269
A202606,C2027Q1T10,NSWVIC,2887.5,5,59
A202606,C2027Q1T10,NSWVIC,2887.5,2,61
A202606,C2029Q1T02,VICNSW,2886,1,270
A202606,C2027Q1T10,TASVIC,2885,1,373
A202606,C2026Q4T11,TASVIC,2884.69995,3,301
A202606,C2028Q3T04,VICNSW,2884,1,233
A202606,C2028Q2T05,TASVIC,2883.88,6,205
A202606,C2027Q1T10,VICTAS,2876,20,567
A202606,C2028Q2T05,VICNSW,2876,20,296
A202606,C2029Q2T01,VICNSW,2876,10,287
A202606,C2026Q4T11,TASVIC,2875,5,306
A202606,C2028Q2T05,VICSA,2873.93,1,274
A202606,C2029Q2T01,VICSA,2873.93,1,193
A202606,C2028Q2T05,VICNSW,2872.78,1,297
A202606,C2028Q4T03,VICNSW,2871.56,1,263
A202606,C2028Q3T04,VICNSW,2871,2,235
A202606,C2026Q3T12,NSWQLD,2870,1,31
A202606,C2028Q4T03,QLDNSW,2868.25,1,653
A202606,C2028Q4T03,VICNSW,2863,4,267
A202606,C2026Q3T12,NSWVIC,2862.51,7,21
A202606,C2027Q3T08,NSWVIC,2862.51,7,21
A202606,C2026Q4T11,NSWQLD,2861.25,2,216
A202606,C2029Q2T01,VICTAS,2860.91007,4,145
A202606,C2028Q2T05,VICNSW,2860.099,6,303
A202606,C2026Q4T11,VICTAS,2860.06,8,740
A202606,C2028Q2T05,VICNSW,2857.32153,1,304
A202606,C2026Q4T11,VICNSW,2857.32153,1,715
A202606,C2027Q4T07,VICNSW,2857.32153,1,533
A202606,C2027Q1T10,VICNSW,2857.32153,1,681
A202606,C2028Q4T03,VICNSW,2857.32153,1,268
A202606,C2028Q1T06,VICNSW,2857.32153,1,448
A202606,C2027Q2T09,VICNSW,2857.32153,1,522
A202606,C2029Q1T02,VICNSW,2857.32153,1,271
A202606,C2026Q3T12,SAVIC,2853,2,40
A202606,C2029Q1T02,VICNSW,2850.07,4,275
A202606,C2027Q3T08,VICNSW,2850,3,567
A202606,C2027Q4T07,VICNSW,2850,3,536
A202606,C2027Q2T09,VICNSW,2850,5,527
A202606,C2026Q3T12,VICSA,2849.76,35,437
A202606,C2026Q3T12,VICSA,2849.76,11,448
A202606,C2029Q1T02,VICNSW,2849,2,277
A202606,C2027Q1T10,NSWQLD,2848.84,2,333
A202606,C2028Q4T03,NSWQLD,2847.96,1,186
A202606,C2029Q2T01,VICNSW,2846,5,292
A202606,C2027Q3T08,VICTAS,2845.0421,12,337
A202606,C2029Q1T02,VICNSW,2843.1,5,282
A202606,C2028Q1T06,VICNSW,2842,5,453
A202606,C2029Q2T01,VICNSW,2840.49,2,294
A202606,C2029Q1T02,VICNSW,2839,2,284
A202606,C2028Q3T04,VICNSW,2834,3,238
A202606,C2028Q2T05,VICNSW,2831,12,316
A202606,C2026Q3T12,VICTAS,2828.41,50,1434
A202606,C2026Q3T12,VICTAS,2828,2,1436
A202606,C2027Q1T10,VICSA,2823.3,1,270
A202606,C2027Q3T08,VICTAS,2821.85,10,347
A202606,C2027Q1T10,VICSA,2818.805,18,288
A202606,C2026Q3T12,VICNSW,2818.4,10,705
A202606,C2029Q2T01,VICNSW,2817.53,1,295
A202606,C2026Q3T12,NSWQLD,2817.5,1,32
A202606,C2026Q4T11,VICSA,2814.12,1,355
A202606,C2028Q4T03,NSWQLD,2812.99,5,191
A202606,C2028Q1T06,NSWQLD,2812.9,1,329
A202606,C2027Q1T10,VICTAS,2812.17,5,572
A202606,C2027Q1T10,NSWVIC,2810.5,1,62
A202606,C2026Q4T11,NSWVIC,2808.78238,10,32
A202606,C2029Q1T02,VICNSW,2808,1,285
A202606,C2029Q1T02,SAVIC,2806,2,21
A202606,C2028Q4T03,VICSA,2805.3145,3,81
A202606,C2027Q3T08,VICSA,2804.46,1,313
A202606,C2027Q4T07,VICSA,2801.85,5,178
A202606,C2029Q1T02,NSWVIC,2800.46,3,59
A202606,C2027Q4T07,VICNSW,2800,4,540
A202606,C2027Q1T10,TASVIC,2800,2,375
A202606,C2029Q1T02,NSWVIC,2800,1,60
A202606,C2028Q4T03,VICTAS,2798.96,5,181
A202606,C2028Q4T03,VICNSW,2798.64,5,273
A202606,C2029Q2T01,VICNSW,2798.64,5,300
A202606,C2028Q1T06,VICNSW,2797,6,459
A202606,C2028Q4T03,VICSA,2795.24,1,82
A202606,C2026Q3T12,TASVIC,2795,4,1315
A202606,C2029Q2T01,VICNSW,2794,7,307
A202606,C2027Q4T07,VICSA,2790.6,1,179
A202606,C2028Q3T04,VICNSW,2790,1,239
A202606,C2026Q3T12,TASVIC,2787.06,14,1329
A202606,C2028Q3T04,VICSA,2785.76,5,237
A202606,C2029Q1T02,VICTAS,2785.64802,6,145
A202606,C2028Q1T06,VICNSW,2785.4,1,460
A202606,C2026Q4T11,NSWQLD,2779.5,1,217
A202606,C2029Q1T02,VICNSW,2779.12,1,286
A202606,C2028Q2T05,VICSA,2777.7035,3,277
A202606,C2027Q1T10,NSWQLD,2777.58,1,334
A202606,C2027Q3T08,VICNSW,2770.88,1,568
A202606,C2027Q2T09,QLDNSW,2768,1,684
A202606,C2026Q3T12,NSWQLD,2765,1,33
A202606,C2026Q4T11,TASVIC,2765,2,308
A202606,C2029Q1T02,TASVIC,2764.80004,1,106
A202606,C2027Q3T08,TASVIC,2764.55,10,265
A202606,C2029Q1T02,VICNSW,2763.56,9,295
A202606,C2027Q4T07,TASVIC,2763,1,82
A202606,C2028Q3T04,VICNSW,2762.68,1,240
A202606,C2028Q2T05,VICNSW,2762,5,321
A202606,C2027Q4T07,VICNSW,2761.94,1,541
A202606,C2028Q1T06,VICSA,2761.88,10,241
A202606,C2026Q4T11,VICSA,2760,5,360
A202606,C2026Q3T12,SAVIC,2760,15,55
A202606,C2028Q4T03,VICSA,2760,5,87
A202606,C2028Q3T04,VICSA,2760,5,242
A202606,C2027Q4T07,VICSA,2760,5,184
A202606,C2027Q3T08,VICSA,2760,5,318
A202606,C2027Q4T07,QLDNSW,2760,45,659
A202606,C2028Q3T04,VICSA,2752.7,1,243
A202606,C2028Q1T06,VICNSW,2751.3475,6,466
A202606,C2029Q1T02,TASVIC,2750.81,2,108
A202606,C2026Q3T12,SAVIC,2750.13,6,61
A202606,C2028Q3T04,NSWVIC,2750.11,10,44
A202606,C2026Q4T11,TASVIC,2750,5,313
A202606,C2027Q3T08,VICSA,2750,1,319
A202606,C2027Q2T09,VICSA,2750,4,324
A202606,C2026Q4T11,QLDNSW,2750,3,638
A202606,C2027Q2T09,QLDNSW,2750,3,687
A202606,C2027Q4T07,QLDNSW,2750,3,662
A202606,C2027Q3T08,QLDNSW,2750,3,645
A202606,C2027Q4T07,VICSA,2750,1,185
A202606,C2028Q4T03,NSWVIC,2746,2,16
A202606,C2028Q2T05,VICNSW,2744,4,325
A202606,C2027Q1T10,NSWVIC,2743.13,10,72
A202606,C2028Q2T05,NSWQLD,2742,4,12
A202606,C2028Q4T03,VICNSW,2738.44,1,274
A202606,C2029Q1T02,VICNSW,2737.8,5,300
A202606,C2026Q3T12,VICTAS,2735.08967,60,1496
A202606,C2027Q2T09,VICNSW,2730.28,1,528
A202606,C2028Q2T05,VICSA,2730,5,282
A202606,C2029Q2T01,VICSA,2730,5,198
A202606,C2027Q2T09,VICSA,2730,5,329
A202606,C2028Q1T06,VICSA,2730,5,246
A202606,C2027Q4T07,VICSA,2726,6,191
A202606,C2028Q4T03,VICSA,2724,2,89
A202606,C2027Q1T10,NSWQLD,2722.48,5,339
A202606,C2028Q1T06,VICSA,2720.82,10,256
A202606,C2026Q4T11,NSWQLD,2720.77,5,222
A202606,C2027Q4T07,NSWQLD,2720.47,5,206
A202606,C2026Q3T12,SAVIC,2720.26,5,66
A202606,C2026Q3T12,SAVIC,2720.256,1,67
A202606,C2029Q1T02,VICNSW,2720.07,4,304
A202606,C2029Q1T02,NSWVIC,2716,1,61
A202606,C2027Q3T08,NSWQLD,2714.46,9,35
A202606,C2027Q4T07,QLDNSW,2712.54,1,663
A202606,C2026Q3T12,NSWQLD,2712.5,1,34
A202606,C2027Q1T10,TASVIC,2710.72,8,383
A202606,C2028Q3T04,VICNSW,2708,12,252
A202606,C2028Q2T05,VICNSW,2707.04,1,326
A202606,C2027Q2T09,VICSA,2706.55,1,330
A202606,C2027Q1T10,VICSA,2706.06,10,298
A202606,C2026Q4T11,TASVIC,2705.71,25,338
A202606,C2027Q4T07,VICSA,2705,5,196
A202606,C2028Q2T05,VICNSW,2703,6,332
A202606,C2028Q1T06,VICSA,2700.72,1,257
A202606,C2029Q1T02,VICSA,2700.72,1,209
A202606,C2029Q2T01,VICNSW,2700.49,2,309
A202606,C2026Q4T11,NSWQLD,2700,2,224
A202606,C2029Q2T01,NSWQLD,2700,1,4
A202606,C2027Q1T10,NSWVIC,2700,10,82
A202606,C2027Q1T10,VICSA,2700,5,303
A202606,C2029Q1T02,VICSA,2700,5,214
A202606,C2028Q2T05,NSWQLD,2700,1,13
A202606,C2028Q3T04,NSWQLD,2700,1,17
A202606,C2029Q2T01,NSWQLD,2700,1,5
A202606,C2027Q3T08,NSWQLD,2696,1,36
A202606,C2027Q1T10,NSWVIC,2695,1,83
A202606,C2029Q1T02,NSWQLD,2693.76,1,308
A202606,C2027Q4T07,NSWQLD,2692.49,1,207
A202606,C2027Q1T10,TASVIC,2692,1,384
A202606,C2028Q3T04,VICTAS,2690.92381,5,152
A202606,C2027Q2T09,VICTAS,2683.88,12,358
A202606,C2028Q2T05,VICNSW,2678,3,335
A202606,C2028Q2T05,VICSA,2676.69999,5,287
A202606,C2029Q2T01,VICSA,2676.69999,5,203
A202606,C2027Q2T09,VICNSW,2669.6,18,546
A202606,C2026Q4T11,TASVIC,2668.68127,15,353
A202606,C2027Q2T09,VICTAS,2664.43957,13,371
A202606,C2028Q2T05,VICSA,2662.16,1,288
A202606,C2029Q2T01,VICSA,2662.16,1,204
A202606,C2029Q1T02,VICTAS,2661.66,4,149
A202606,C2026Q3T12,NSWQLD,2660,1,35
A202606,C2029Q2T01,TASVIC,2652.39,4,139
A202606,C2026Q4T11,TASVIC,2652,1,354
A202606,C2028Q2T05,VICNSW,2650,2,337
A202606,C2026Q3T12,TASVIC,2647.71,14,1343
A202606,C2028Q3T04,VICSA,2647.38,8,251
A202606,C2027Q1T10,VICTAS,2647.1811,20,592
A202606,C2028Q4T03,VICSA,2644.73,1,90
A202606,C2027Q1T10,TASVIC,2644.57133,20,404
A202606,C2026Q4T11,VICNSW,2640.23999,1,716
A202606,C2028Q2T05,VICNSW,2639,2,339
A202606,C2029Q1T02,VICNSW,2637.12,1,305
A202606,C2028Q1T06,VICTAS,2636.4,2,250
A202606,C2029Q2T01,VICSA,2636,8,212
A202606,C2028Q2T05,VICSA,2635.88,8,296
A202606,C2028Q1T06,VICNSW,2633.46999,1,467
A202606,C2028Q2T05,NSWQLD,2632.5,1,14
A202606,C2028Q3T04,NSWQLD,2632.5,1,18
A202606,C2027Q4T07,TASVIC,2632,1,83
A202606,C2029Q1T02,NSWVIC,2632,1,62
A202606,C2027Q3T08,VICSA,2631.85,3,322
A202606,C2027Q3T08,VICSA,2631.848,10,332
A202606,C2029Q1T02,VICNSW,2629.809,12,317
A202606,C2027Q3T08,NSWQLD,2628.6,1,37
A202606,C2028Q3T04,VICSA,2628.07,10,261
A202606,C2029Q2T01,VICTAS,2626.89,5,150
A202606,C2027Q3T08,TASVIC,2626.32,3,268
A202606,C2029Q1T02,VICSA,2625.1295,10,224
A202606,C2026Q4T11,TASVIC,2625,5,359
A202606,C2029Q2T01,VICNSW,2624.17,1,310
A202606,C2028Q4T03,VICSA,2622,2,92
A202606,C2027Q4T07,VICNSW,2620,4,545
A202606,C2027Q4T07,VICTAS,2619.23999,5,331
A202606,C2027Q3T08,QLDNSW,2615.52,1,646
A202606,C2028Q2T05,VICNSW,2615,4,343
A202606,C2026Q3T12,TASVIC,2615,3,1346
A202606,C2029Q1T02,TASVIC,2613.27,2,110
A202606,C2027Q4T07,TASVIC,2613,12,95
A202606,C2027Q4T07,VICSA,2611.39,1,197
A202606,C2026Q3T12,NSWQLD,2607.5,1,36
A202606,C2029Q2T01,NSWQLD,2605.5,1,6
A202606,C2028Q4T03,VICNSW,2605.32,1,275
A202606,C2028Q4T03,NSWQLD,2601.84,1,192
A202606,C2029Q2T01,VICNSW,2600.09,18,328
A202606,C2028Q4T03,VICNSW,2600,10,285
A202606,C2028Q1T06,TASVIC,2600,5,177
A202606,C2026Q3T12,VICSA,2600,1,449
A202606,C2027Q2T09,VICSA,2600,1,331
A202606,C2026Q4T11,VICSA,2600,1,361
A202606,C2027Q2T09,SAVIC,2599,2,23
A202606,C2027Q1T10,NSWVIC,2598.75,10,93
A202606,C2028Q4T03,VICSA,2597,2,94
A202606,C2027Q4T07,TASVIC,2597,1,96
A202606,C2027Q4T07,VICTAS,2596.94999,3,334
A202606,C2027Q4T07,VICSA,2595.83,5,202
A202606,C2027Q3T08,SAVIC,2594,2,23
A202606,C2028Q2T05,VICTAS,2592.35734,6,215
A202606,C2029Q1T02,VICNSW,2590.07,4,321
A202606,C2028Q2T05,VICNSW,2590,5,348
A202606,C2029Q2T01,VICNSW,2589,4,332
A202606,C2028Q3T04,VICNSW,2588.48,10,262
A202606,C2029Q1T02,TASVIC,2586.36434,4,114
A202606,C2028Q4T03,VICSA,2583,2,96
A202606,C2027Q1T10,NSWVIC,2579.5,1,94
A202606,C2028Q2T05,VICTAS,2573.26,5,220
A202606,C2026Q3T12,TASVIC,2569.65,50,1396
A202606,C2026Q4T11,TASVIC,2569.65,12,371
A202606,C2028Q2T05,TASVIC,2569.65,3,208
A202606,C2028Q3T04,TASVIC,2569.65,2,189
A202606,C2027Q1T10,TASVIC,2569.65,8,412
A202606,C2028Q4T03,TASVIC,2569.65,2,116
A202606,C2028Q1T06,TASVIC,2569.65,3,180
A202606,C2027Q3T08,TASVIC,2569.65,5,273
A202606,C2027Q4T07,TASVIC,2569.65,4,100
A202606,C2027Q2T09,TASVIC,2569.65,6,349
A202606,C2027Q4T07,VICNSW,2569.23999,1,546
A202606,C2026Q4T11,VICTAS,2565.42,5,745
A202606,C2028Q3T04,NSWQLD,2565,1,19
A202606,C2028Q2T05,NSWQLD,2565,1,15
A202606,C2028Q3T04,TASVIC,2563.71999,5,194
A202606,C2027Q3T08,NSWQLD,2561.19999,1,38
A202606,C2029Q2T01,VICNSW,2560.48999,2,334
A202606,C2029Q1T02,VICNSW,2560,4,325
A202606,C2028Q3T04,VICNSW,2559.12,1,263
A202606,C2026Q3T12,NSWQLD,2555,1,37
A202606,C2028Q1T06,VICSA,2550.48,4,261
A202606,C2029Q1T02,VICSA,2550.13,10,234
A202606,C2028Q4T03,VICSA,2549,1,97
A202606,C2028Q2T05,VICNSW,2549,2,350
A202606,C2029Q1T02,NSWVIC,2548,1,63
A202606,C2026Q4T11,NSWVIC,2548,1,33
A202606,C2028Q4T03,TASVIC,2547.21373,2,118
A202606,C2027Q4T07,NSWQLD,2547.02,12,219
A202606,C2027Q4T07,NSWQLD,2547.02,5,224
A202606,C2029Q2T01,NSWVIC,2547,8,34
A202606,C2028Q1T06,VICTAS,2545.26829,9,259
A202606,C2028Q1T06,TASVIC,2545,1,181
A202606,C2027Q1T10,TASVIC,2544.15,16,428
A202606,C2027Q2T09,NSWQLD,2544,4,16
A202606,C2026Q4T11,VICSA,2543.12,21,382
A202606,C2029Q2T01,VICTAS,2542.02,4,154
A202606,C2028Q2T05,VICNSW,2541.3,1,351
A202606,C2027Q3T08,NSWQLD,2539.19999,15,53
A202606,C2026Q3T12,NSWVIC,2539.19999,30,51
A202606,C2027Q3T08,VICSA,2539.17,1,333
A202606,C2028Q4T03,TASVIC,2538.8999,1,119
A202606,C2026Q4T11,TASVIC,2538,2,373
A202606,C2028Q4T03,VICNSW,2537,1,286
A202606,C2026Q4T11,NSWQLD,2534.25,1,225
A202606,C2028Q3T04,VICSA,2533.73999,1,262
A202606,C2027Q1T10,VICTAS,2533.27,5,597
A202606,C2028Q4T03,VICSA,2532,1,98
A202606,C2027Q2T09,VICTAS,2531.62,5,376
A202606,C2028Q1T06,TASVIC,2530.64792,7,188
A202606,C2029Q1T02,NSWVIC,2527,1,64
A202606,C2028Q1T06,VICNSW,2526.66,10,477
A202606,C2027Q3T08,VICNSW,2526.39,1,569
A202606,C2027Q2T09,VICSA,2526,10,341
A202606,C2027Q2T09,NSWVIC,2526,1,22
A202606,C2027Q2T09,VICSA,2526,8,349
A202606,C2027Q2T09,VICNSW,2525.5,1,547
A202606,C2029Q2T01,VICSA,2525.185,10,222
A202606,C2028Q2T05,VICNSW,2525,1,352
A202606,C2028Q3T04,VICNSW,2524,3,266
A202606,C2028Q3T04,VICSA,2522.94999,10,272
A202606,C2026Q4T11,VICSA,2520.11,1,383
A202606,C2028Q2T05,NSWVIC,2516.13206,10,30
A202606,C2028Q3T04,VICNSW,2516,5,271
A202606,C2028Q4T03,NSWVIC,2513.94881,10,26
A202606,C2027Q2T09,NSWQLD,2512,1,17
A202606,C2027Q2T09,NSWQLD,2511.6,15,32
A202606,C2028Q4T03,VICSA,2511,1,99
A202606,C2029Q2T01,NSWQLD,2511,1,7
A202606,C2027Q1T10,TASVIC,2508.3,8,436
A202606,C2028Q2T05,VICNSW,2508,7,359
A202606,C2028Q4T03,VICNSW,2505,1,287
A202606,C2029Q1T02,VICTAS,2503,10,159
A202606,C2027Q4T07,VICTAS,2503,10,344
A202606,C2029Q2T01,VICNSW,2503,8,342
A202606,C2028Q3T04,VICSA,2503,8,280
A202606,C2027Q3T08,QLDNSW,2503,8,654
A202606,C2028Q2T05,VICTAS,2503,10,230
A202606,C2028Q4T03,VICTAS,2503,10,191
A202606,C2027Q1T10,VICTAS,2503,10,607
A202606,C2028Q4T03,NSWQLD,2503,10,202
A202606,C2029Q2T01,VICTAS,2503,10,164
A202606,C2028Q4T03,QLDNSW,2503,8,661
A202606,C2028Q2T05,VICSA,2503,8,304
A202606,C2026Q4T11,VICTAS,2503,10,755
A202606,C2027Q3T08,VICTAS,2503,10,357
A202606,C2027Q1T10,VICTAS,2503,10,617
A202606,C2027Q2T09,QLDNSW,2503,8,695
A202606,C2026Q3T12,VICTAS,2503,10,1506
A202606,C2027Q1T10,VICSA,2503,8,311
A202606,C2028Q1T06,VICNSW,2503,8,485
A202606,C2027Q4T07,NSWQLD,2503,10,234
A202606,C2026Q4T11,NSWQLD,2503,10,235
A202606,C2026Q4T11,VICNSW,2503,8,724
A202606,C2027Q2T09,VICTAS,2503,10,386
A202606,C2028Q1T06,VICTAS,2503,10,269
A202606,C2026Q3T12,NSWQLD,2502.5,1,38
A202606,C2028Q4T03,VICSA,2500.67,8,107
A202606,C2028Q3T04,SAVIC,2500.67,6,37
A202606,C2028Q3T04,VICSA,2500.39,8,288
A202606,C2026Q3T12,SAVIC,2500.13,6,73
A202606,C2028Q3T04,NSWVIC,2500.11,10,54
A202606,C2027Q4T07,VICSA,2500.09,5,207
A202606,C2027Q4T07,TASVIC,2500.04,2,102
A202606,C2028Q2T05,VICNSW,2500,10,369
A202606,C2028Q2T05,VICSA,2500,5,309
A202606,C2027Q3T08,VICSA,2500,10,343
A202606,C2026Q4T11,SAVIC,2500,6,28
A202606,C2027Q1T10,TASVIC,2500,1,437
A202606,C2027Q1T10,TASVIC,2500,5,442
A202606,C2027Q4T07,TASVIC,2500,1,103
A202606,C2028Q3T04,NSWVIC,2500,10,64
A202606,C2029Q2T01,VICSA,2500,10,232
A202606,C2028Q4T03,NSWVIC,2500,10,36
A202606,C2027Q2T09,TASVIC,2500,5,354
A202606,C2029Q1T02,NSWVIC,2500,10,74
A202606,C2029Q2T01,NSWVIC,2500,10,44
A202606,C2028Q3T04,VICNSW,2500,10,281
A202606,C2026Q4T11,NSWQLD,2500,2,237
A202606,C2027Q1T10,VICTAS,2500,25,642
A202606,C2027Q1T10,VICNSW,2500,31,712
A202606,C2028Q1T06,VICNSW,2500,10,495
A202606,C2026Q3T12,VICTAS,2500,25,1531
A202606,C2026Q4T11,VICTAS,2500,25,780
A202606,C2027Q3T08,VICNSW,2500,10,579
A202606,C2027Q3T08,VICTAS,2498.08574,12,369
A202606,C2028Q4T03,NSWQLD,2498,5,207
A202606,C2028Q2T05,NSWQLD,2497.5,1,16
A202606,C2028Q3T04,NSWQLD,2497.5,1,20
A202606,C2026Q4T11,VICTAS,2496.08094,20,800
A202606,C2026Q4T11,VICTAS,2495.16,8,808
A202606,C2029Q1T02,VICNSW,2495.12,1,326
A202606,C2028Q4T03,VICSA,2495,2,109
A202606,C2028Q4T03,VICSA,2494.21,1,110
A202606,C2027Q3T08,NSWQLD,2493.8,1,54
A202606,C2027Q1T10,VICNSW,2492.21,1,713
A202606,C2029Q2T01,SAVIC,2487,4,14
A202606,C2028Q2T05,VICNSW,2484.76,10,379
A202606,C2029Q2T01,VICNSW,2484.6,10,352
A202606,C2028Q1T06,VICNSW,2481.54,1,496
A202606,C2026Q3T12,TASVIC,2481.19999,14,1410
A202606,C2028Q3T04,VICNSW,2481,1,282
A202606,C2027Q4T07,VICNSW,2480.076,18,564
A202606,C2026Q3T12,TASVIC,2479,3,1413
A202606,C2028Q4T03,VICNSW,2478,1,288
A202606,C2026Q4T11,TASVIC,2472.60009,3,376
A202606,C2028Q4T03,VICNSW,2472.19999,1,289
A202606,C2028Q2T05,VICNSW,2469,10,389
A202606,C2028Q3T04,VICNSW,2469,5,287
A202606,C2028Q4T03,VICSA,2469,1,111
A202606,C2027Q1T10,NSWVIC,2464,1,95
A202606,C2029Q1T02,NSWVIC,2464,1,75
A202606,C2029Q2T01,VICTAS,2463.56145,5,169
A202606,C2026Q3T12,TASVIC,2462,3,1416
A202606,C2026Q3T12,TASVIC,2462,3,1419
A202606,C2027Q3T08,TASVIC,2461.94999,3,276
A202606,C2027Q3T08,VICSA,2461.72699,7,350
A202606,C2028Q4T03,NSWQLD,2461.37,5,212
A202606,C2028Q4T03,NSWQLD,2461.368,12,224
A202606,C2029Q1T02,VICNSW,2460.07,4,330
A202606,C2028Q4T03,VICNSW,2459,1,290
A202606,C2027Q2T09,VICSA,2457.21999,10,359
A202606,C2028Q4T03,VICNSW,2455,1,291
A202606,C2027Q1T10,NSWVIC,2454.38,10,105
A202606,C2026Q4T11,NSWQLD,2452.5,2,239
A202606,C2026Q4T11,NSWQLD,2452.5,9,248
A202606,C2027Q2T09,VICSA,2450.52,1,360
A202606,C2029Q2T01,VICSA,2450.4,1,233
A202606,C2028Q2T05,VICSA,2450.4,1,310
A202606,C2027Q2T09,NSWVIC,2450.21999,1,23
A202606,C2027Q1T10,TASVIC,2450,2,444
A202606,C2026Q3T12,NSWQLD,2450,1,39
A202606,C2026Q4T11,VICSA,2450,4,387
A202606,C2027Q2T09,NSWQLD,2449.19999,1,33
A202606,C2027Q4T07,VICTAS,2447.48999,3,347
A202606,C2026Q4T11,VICTAS,2447.48999,8,816
A202606,C2028Q1T06,NSWQLD,2446.08,7,336
A202606,C2026Q3T12,TASVIC,2445,3,1422
A202606,C2028Q2T05,VICNSW,2443,3,392
A202606,C2029Q1T02,TASVIC,2440.83,2,116
A202606,C2027Q4T07,VICNSW,2440,4,568
A202606,C2027Q4T07,NSWQLD,2437.79,1,235
A202606,C2027Q4T07,VICSA,2432.17999,1,208
A202606,C2028Q4T03,VICSA,2431,1,112
A202606,C2029Q2T01,VICNSW,2430.81,1,353
A202606,C2028Q3T04,NSWQLD,2430,1,21
A202606,C2028Q2T05,NSWQLD,2430,1,17
A202606,C2028Q3T04,VICNSW,2429,2,289
A202606,C2027Q3T08,NSWQLD,2426.4,1,55
A202606,C2027Q1T10,NSWVIC,2425,10,115
A202606,C2028Q2T05,VICSA,2424.17999,10,320
A202606,C2029Q2T01,VICSA,2424.17999,10,243
A202606,C2028Q2T05,VICNSW,2424,6,398
A202606,C2028Q4T03,VICSA,2422,2,114
A202606,C2028Q4T03,VICNSW,2421,1,292
A202606,C2029Q2T01,VICNSW,2420.48999,2,355
A202606,C2029Q1T02,TASVIC,2419.19995,1,117
A202606,C2029Q2T01,NSWQLD,2416.5,1,8
A202606,C2028Q3T04,VICNSW,2415.93995,8,297
A202606,C2028Q3T04,VICNSW,2415,3,300
A202606,C2028Q1T06,VICTAS,2413.32,5,274
A202606,C2027Q3T08,NSWQLD,2412.85,10,65
A202606,C2029Q2T01,TASVIC,2412.4,4,143
A202606,C2028Q2T05,TASVIC,2412.4,6,214
A202606,C2029Q2T01,SAVIC,2411,2,16
A202606,C2028Q2T05,VICNSW,2411,9,407
A202606,C2029Q1T02,TASVIC,2405.925,2,119
A202606,C2029Q2T01,TASVIC,2405.925,2,145
A202606,C2028Q4T03,VICNSW,2405.5655,12,304
A202606,C2026Q4T11,SAVIC,2405,2,30
A202606,C2028Q3T04,VICNSW,2404,4,304
A202606,C2028Q2T05,NSWVIC,2404,4,34
A202606,C2026Q3T12,VICTAS,2401.54215,60,1591
A202606,C2028Q3T04,NSWQLD,2400.98665,8,29
A202606,C2028Q1T06,VICSA,2400.71999,14,275
A202606,C2027Q3T08,VICSA,2400.31,10,360
A202606,C2027Q2T09,VICNSW,2400.07,10,557
A202606,C2029Q1T02,QLDNSW,2400,1,612
A202606,C2027Q2T09,VICSA,2400,4,364
A202606,C2028Q3T04,NSWVIC,2398,1,65
A202606,C2028Q3T04,NSWVIC,2398,3,68
A202606,C2026Q3T12,NSWQLD,2397.5,1,40
A202606,C2027Q1T10,VICSA,2393.67,1,312
A202606,C2028Q2T05,NSWQLD,2393.09045,8,25
A202606,C2026Q3T12,TASVIC,2393,3,1425
A202606,C2027Q4T07,VICSA,2389.82,5,213
A202606,C2028Q2T05,VICNSW,2388,8,415
A202606,C2028Q4T03,VICNSW,2388,1,305
A202606,C2028Q4T03,VICSA,2387,4,118
A202606,C2027Q4T07,VICNSW,2386.48,5,573
A202606,C2027Q2T09,NSWQLD,2386.4,1,34
A202606,C2028Q1T06,VICSA,2385.64,1,276
A202606,C2029Q1T02,VICSA,2385.64,1,235
A202606,C2028Q1T06,NSWQLD,2384.85,1,337
A202606,C2028Q4T03,VICNSW,2384,1,306
A202606,C2029Q1T02,NSWVIC,2380,1,76
A202606,C2027Q4T07,VICNSW,2376.55,1,574
A202606,C2028Q2T05,VICNSW,2375.56,1,416
A202606,C2028Q3T04,VICNSW,2375,4,308
A202606,C2027Q2T09,NSWVIC,2374.44,1,24
A202606,C2028Q4T03,VICSA,2369,4,122
A202606,C2028Q2T05,VICNSW,2364,4,420
A202606,C2028Q3T04,NSWQLD,2362.5,1,30
A202606,C2028Q2T05,NSWQLD,2362.5,1,26
A202606,C2026Q4T11,TASVIC,2360,12,388
A202606,C2027Q3T08,NSWQLD,2359,1,66
A202606,C2028Q4T03,NSWQLD,2355.71999,1,225
A202606,C2028Q3T04,VICNSW,2355.55,1,309
A202606,C2026Q4T11,VICNSW,2354.71999,10,734
A202606,C2027Q4T07,QLDNSW,2354.28,1,664
A202606,C2028Q4T03,QLDNSW,2353.44,1,662
A202606,C2029Q1T02,VICNSW,2353.12,1,331
A202606,C2028Q4T03,VICNSW,2352,1,307
A202606,C2028Q3T04,VICNSW,2352,3,312
A202606,C2027Q1T10,NSWVIC,2348.5,1,116
A202606,C2029Q2T01,VICSA,2347,8,251
A202606,C2029Q1T02,VICSA,2345.94999,8,243
A202606,C2026Q3T12,NSWQLD,2345,1,41
A202606,C2028Q4T03,VICSA,2343.69999,1,123
A202606,C2029Q1T02,NSWQLD,2342.34,7,315
A202606,C2029Q1T02,NSWVIC,2341,4,80
A202606,C2028Q1T06,VICTAS,2340.31,2,276
A202606,C2028Q4T03,VICSA,2340,2,125
A202606,C2028Q4T03,VICNSW,2339.08,1,308
A202606,C2026Q3T12,NSWQLD,2338.56,5,46
A202606,C2028Q2T05,VICNSW,2338,6,426
A202606,C2026Q4T11,TASVIC,2335.09611,15,403
A202606,C2028Q4T03,VICNSW,2334,1,309
A202606,C2027Q3T08,VICTAS,2332.19999,5,374
A202606,C2029Q1T02,VICNSW,2330.07,4,335
A202606,C2028Q1T06,VICNSW,2329.61,1,497
A202606,C2028Q3T04,NSWVIC,2326.06,1,69
A202606,C2027Q2T09,NSWQLD,2323.6,1,35
A202606,C2027Q1T10,NSWVIC,2322.96,3,119
A202606,C2029Q2T01,NSWQLD,2322,1,9
A202606,C2028Q4T03,VICNSW,2321,6,315
A202606,C2028Q3T04,VICNSW,2321,3,315
A202606,C2027Q2T09,VICNSW,2320.73,1,558
A202606,C2026Q4T11,VICNSW,2320.58,57,791
A202606,C2028Q3T04,VICTAS,2317.18439,6,158
A202606,C2027Q3T08,NSWQLD,2317,4,70
A202606,C2028Q4T03,VICSA,2317,3,128
A202606,C2028Q3T04,NSWVIC,2317,8,77
A202606,C2028Q3T04,VICSA,2314.77,1,289
A202606,C2026Q3T12,TASVIC,2314.67999,14,1439
A202606,C2027Q1T10,VICNSW,2314.4,15,728
A202606,C2028Q4T03,VICNSW,2311,1,316
A202606,C2027Q1T10,NSWVIC,2310,5,124
A202606,C2027Q1T10,NSWVIC,2310,10,134
A202606,C2028Q3T04,VICNSW,2307,10,325
A202606,C2027Q1T10,TASVIC,2305.87,8,452
A202606,C2028Q4T03,VICSA,2301,2,130
A202606,C2027Q4T07,VICSA,2300.09,5,218
A202606,C2027Q4T07,VICSA,2300,1,219
A202606,C2027Q3T08,VICSA,2300,1,361
A202606,C2028Q1T06,TASVIC,2300,5,193
A202606,C2028Q4T03,VICNSW,2300,10,326
A202606,C2028Q2T05,VICNSW,2300,7,433
A202606,C2027Q2T09,NSWVIC,2298.66,1,25
A202606,C2027Q3T08,TASVIC,2297.58,3,279
A202606,C2029Q1T02,NSWVIC,2296,1,81
A202606,C2028Q3T04,NSWQLD,2295,1,31
A202606,C2028Q2T05,NSWQLD,2295,1,27
A202606,C2027Q2T09,VICTAS,2294.37852,13,399
A202606,C2026Q3T12,NSWQLD,2292.5,1,47
A202606,C2027Q3T08,NSWQLD,2291.6,1,71
A202606,C2028Q1T06,TASVIC,2290.5,1,194
A202606,C2026Q4T11,NSWQLD,2289,1,249
A202606,C2028Q2T05,VICNSW,2285,7,440
A202606,C2028Q3T04,VICNSW,2284,3,328
A202606,C2029Q1T02,NSWQLD,2283.84,1,316
A202606,C2027Q4T07,VICTAS,2283.44,5,352
A202606,C2027Q2T09,TASVIC,2282.53,12,366
A202606,C2026Q3T12,SAVIC,2282,2,75
A202606,C2027Q3T08,VICNSW,2281.9,1,580
A202606,C2026Q3T12,SAVIC,2280.77549,4,79
A202606,C2029Q2T01,VICNSW,2280.48999,2,357
A202606,C2027Q1T10,NSWQLD,2279.04,1,340
A202606,C2028Q4T03,VICNSW,2278,1,327
A202606,C2027Q1T10,VICTAS,2277.98999,5,647
A202606,C2027Q4T07,NSWQLD,2276.46999,5,240
A202606,C2028Q4T03,NSWQLD,2276,5,230
A202606,C2029Q1T02,NSWVIC,2275,10,91
A202606,C2027Q3T08,VICSA,2273.89,1,362
A202606,C2028Q4T03,VICSA,2273,3,133
A202606,C2029Q1T02,TASVIC,2268.39,2,121
A202606,C2026Q4T11,TASVIC,2266.55004,3,406
A202606,C2027Q4T07,VICSA,2266.2035,3,222
A202606,C2026Q4T11,SAVIC,2265,6,36
A202606,C2026Q3T12,SAVIC,2263.43116,4,83
A202606,C2027Q2T09,NSWQLD,2260.8,1,36
A202606,C2028Q3T04,SAVIC,2260.67,6,43
A202606,C2027Q4T07,TASVIC,2260.04,2,105
A202606,C2027Q4T07,VICNSW,2260,4,578
A202606,C2026Q3T12,TASVIC,2256,3,1442
A202606,C2028Q4T03,VICNSW,2256,1,328
A202606,C2027Q1T10,VICTAS,2254.37,5,652
A202606,C2028Q3T04,NSWVIC,2254.12,1,78
A202606,C2027Q4T07,VICSA,2252.96,1,223
A202606,C2029Q1T02,TASVIC,2252.63991,4,125
A202606,C2028Q3T04,VICNSW,2251,7,335
A202606,C2026Q3T12,SAVIC,2250.13,6,89
A202606,C2028Q3T04,NSWVIC,2250.11,10,88
A202606,C2026Q3T12,NSWVIC,2250,5,56
A202606,C2026Q3T12,NSWVIC,2250,2,58
A202606,C2028Q4T03,VICTAS,2249.17,5,196
A202606,C2027Q1T10,QLDNSW,2248.818,35,694
A202606,C2028Q4T03,VICSA,2248,1,134
A202606,C2027Q3T08,TASVIC,2247.55,3,282
A202606,C2027Q1T10,NSWVIC,2247.03,11,145
A202606,C2029Q1T02,SAVIC,2245,2,23
A202606,C2027Q2T09,VICNSW,2244.4,13,571
A202606,C2028Q4T03,VICSA,2244.25,5,139
A202606,C2027Q4T07,TASVIC,2240.82,8,113
A202606,C2028Q1T06,VICSA,2240.67,10,286
A202606,C2029Q2T01,VICTAS,2240.59,5,174
A202606,C2026Q3T12,NSWQLD,2240,1,48
A202606,C2029Q2T01,VICSA,2238.64,1,252
A202606,C2028Q2T05,VICSA,2238.64,1,321
A202606,C2029Q2T01,VICNSW,2237.44999,1,358
A202606,C2027Q3T08,VICSA,2237.07,10,372
A202606,C2026Q4T11,VICTAS,2236.52,5,821
A202606,C2027Q1T10,NSWVIC,2233,1,146
A202606,C2028Q2T05,VICTAS,2232.3077,8,238
A202606,C2028Q3T04,VICNSW,2229,10,345
A202606,C2028Q4T03,VICNSW,2228,1,329
A202606,C2028Q2T05,NSWQLD,2227.5,1,28
A202606,C2029Q2T01,NSWQLD,2227.5,1,10
A202606,C2028Q3T04,NSWQLD,2227.5,1,32
A202606,C2026Q4T11,VICSA,2226.1,1,388
A202606,C2027Q4T07,TASVIC,2226,1,114
A202606,C2027Q3T08,NSWQLD,2224.19999,1,72
A202606,C2027Q2T09,NSWVIC,2222.88,1,26
A202606,C2029Q1T02,NSWQLD,2222.05,5,321
A202606,C2026Q4T11,VICSA,2220.111,14,402
A202606,C2026Q4T11,VICSA,2220.11,10,412
A202606,C2028Q1T06,NSWVIC,2217,2,30
A202606,C2029Q1T02,NSWVIC,2212,1,92
A202606,C2027Q4T07,VICTAS,2211.69,3,355
A202606,C2029Q1T02,VICNSW,2211.13,1,336
A202606,C2028Q3T04,VICNSW,2210.156,18,363
A202606,C2028Q2T05,VICNSW,2209.83,1,441
A202606,C2028Q4T03,VICSA,2209,3,142
A202606,C2026Q3T12,TASVIC,2208,100,1542
A202606,C2028Q3T04,NSWQLD,2208,15,47
A202606,C2028Q3T04,VICNSW,2206,6,369
A202606,C2028Q4T03,VICNSW,2205.96,1,330
A202606,C2026Q4T11,VICNSW,2203,10,801
A202606,C2027Q4T07,VICNSW,2203,10,588
A202606,C2028Q4T03,VICNSW,2203,10,340
A202606,C2026Q3T12,NSWQLD,2202,1,49
A202606,C2028Q4T03,VICNSW,2201,1,341
A202606,C2026Q4T11,VICNSW,2200.19999,1,802
A202606,C2029Q1T02,VICNSW,2200.07,4,340
A202606,C2027Q4T07,VICNSW,2200,3,591
A202606,C2026Q4T11,NSWVIC,2200,1,34
A202606,C2027Q2T09,VICNSW,2200,5,576
A202606,C2027Q3T08,VICNSW,2200,3,583
A202606,C2027Q2T09,NSWQLD,2198,1,37
A202606,C2027Q2T09,VICSA,2194.5,1,365
A202606,C2028Q4T03,VICSA,2193.19,1,143
A202606,C2028Q4T03,VICSA,2193,3,146
A202606,C2028Q3T04,VICNSW,2191,7,376
A202606,C2028Q2T05,TASVIC,2184.66,6,220
A202606,C2029Q2T01,NSWQLD,2184,15,25
A202606,C2028Q2T05,NSWQLD,2184,15,43
A202606,C2028Q1T06,VICTAS,2184,20,296
A202606,C2027Q4T07,VICNSW,2183.86,1,592
A202606,C2027Q4T07,VICSA,2183.8,5,228
A202606,C2027Q4T07,NSWQLD,2183.16,5,245
A202606,C2027Q4T07,NSWQLD,2183.1,1,246
A202606,C2028Q3T04,NSWVIC,2182.17999,1,89
A202606,C2028Q1T06,TASVIC,2179.16904,9,203
A202606,C2028Q4T03,VICNSW,2179,1,342
A202606,C2028Q1T06,VICNSW,2177.67999,1,498
A202606,C2028Q2T05,VICTAS,2177.38,5,243
A202606,C2027Q3T08,NSWVIC,2176,4,25
A202606,C2026Q3T12,NSWQLD,2171.52,5,54
A202606,C2028Q3T04,TASVIC,2168.4,6,200
A202606,C2027Q2T09,TASVIC,2168.4,3,369
A202606,C2026Q4T11,NSWVIC,2167,1,35
A202606,C2026Q4T11,NSWQLD,2165.77,5,254
A202606,C2029Q2T01,VICTAS,2163.12713,5,179
A202606,C2028Q4T03,VICSA,2163,4,150
A202606,C2026Q3T12,NSWVIC,2161,1,59
A202606,C2028Q4T03,VICNSW,2161,1,343
A202606,C2028Q3T04,VICNSW,2161,6,382
A202606,C2028Q3T04,NSWQLD,2160.89,9,56
A202606,C2029Q2T01,NSWQLD,2160,1,26
A202606,C2027Q1T10,VICTAS,2160,20,672
A202606,C2028Q3T04,NSWQLD,2160,1,57
A202606,C2029Q1T02,QLDNSW,2160,60,672
A202606,C2029Q1T02,VICTAS,2160,20,179
A202606,C2028Q2T05,NSWQLD,2160,1,44
A202606,C2027Q2T09,NSWVIC,2158,4,30
A202606,C2027Q3T08,NSWQLD,2156.8,1,73
A202606,C2028Q2T05,NSWQLD,2153.78,9,53
A202606,C2027Q1T10,NSWVIC,2153,5,151
A202606,C2028Q1T06,NSWVIC,2153,5,35
A202606,C2026Q4T11,NSWQLD,2152.8,20,274
A202606,C2028Q3T04,VICTAS,2152.63,5,163
A202606,C2028Q3T04,VICNSW,2151.98,1,383
A202606,C2026Q4T11,VICSA,2150,1,413
A202606,C2026Q3T12,VICSA,2150,1,450
A202606,C2027Q2T09,VICSA,2150,1,366
A202606,C2027Q1T10,NSWVIC,2150,10,161
A202606,C2028Q4T03,VICNSW,2149,1,344
A202606,C2026Q3T12,TASVIC,2148.17,14,1556
A202606,C2027Q2T09,NSWVIC,2147.1,1,31
A202606,C2026Q3T12,NSWVIC,2146,1,60
A202606,C2028Q4T03,VICSA,2145.2405,7,157
A202606,C2028Q4T03,TASVIC,2145.02208,4,123
A202606,C2027Q2T09,VICTAS,2142.14,5,404
A202606,C2029Q2T01,VICNSW,2140.48999,2,360
A202606,C2026Q3T12,NSWVIC,2140,1,61
A202606,C2026Q4T11,QLDNSW,2137.59,35,673
A202606,C2026Q3T12,NSWVIC,2137.5,10,71
A202606,C2026Q3T12,TASVIC,2137,3,1559
A202606,C2027Q2T09,NSWQLD,2135.19999,1,38
A202606,C2026Q4T11,NSWVIC,2134,1,36
A202606,C2027Q3T08,TASVIC,2133.19999,3,285
A202606,C2029Q2T01,NSWQLD,2133,1,27
A202606,C2027Q1T10,NSWVIC,2133,2,163
A202606,C2026Q4T11,VICTAS,2130.26,8,829
A202606,C2029Q1T02,NSWVIC,2128,1,93
A202606,C2028Q3T04,VICNSW,2128,5,388
A202606,C2026Q4T11,VICTAS,2126.29117,25,854
A202606,C2028Q3T04,VICNSW,2125,6,394
A202606,C2026Q3T12,NSWVIC,2122,1,72
A202606,C2028Q1T06,NSWVIC,2121,4,39
A202606,C2026Q3T12,NSWVIC,2118,1,73
A202606,C2028Q2T05,NSWQLD,2118,8,61
A202606,C2027Q1T10,NSWVIC,2117.5,1,164
A202606,C2027Q2T09,VICNSW,2115.96,1,577
A202606,C2028Q4T03,VICNSW,2114,1,345
A202606,C2028Q1T06,VICTAS,2113,20,316
A202606,C2027Q3T08,NSWQLD,2111.23999,11,84
A202606,C2028Q2T05,VICTAS,2111,20,263
A202606,C2028Q3T04,NSWVIC,2110.23999,1,90
A202606,C2028Q4T03,NSWQLD,2109.75,5,235
A202606,C2028Q4T03,NSWQLD,2109.6,1,236
A202606,C2026Q3T12,NSWVIC,2109,1,74
A202606,C2026Q4T11,VICTAS,2107,20,874
A202606,C2028Q1T06,VICTAS,2103.92,5,321
A202606,C2027Q1T10,TASVIC,2103.44,8,460
A202606,C2028Q1T06,TASVIC,2103,20,223
A202606,C2028Q4T03,NSWQLD,2103,16,252
A202606,C2027Q2T09,NSWQLD,2103,16,54
A202606,C2029Q1T02,TASVIC,2103,20,145
A202606,C2028Q1T06,NSWVIC,2103,16,55
A202606,C2029Q2T01,NSWVIC,2103,16,60
A202606,C2027Q2T09,TASVIC,2103,20,389
A202606,C2028Q2T05,SAVIC,2103,16,47
A202606,C2026Q3T12,TASVIC,2103,20,1579
A202606,C2027Q3T08,NSWQLD,2103,16,100
A202606,C2028Q3T04,SAVIC,2103,16,59
A202606,C2027Q1T10,TASVIC,2103,20,480
A202606,C2029Q2T01,TASVIC,2103,20,165
A202606,C2027Q1T10,SAVIC,2103,16,49
A202606,C2027Q4T07,TASVIC,2103,10,124
A202606,C2027Q3T08,TASVIC,2103,20,305
A202606,C2027Q1T10,TASVIC,2103,20,500
A202606,C2028Q2T05,TASVIC,2103,20,240
A202606,C2026Q4T11,NSWVIC,2103,16,52
A202606,C2026Q4T11,TASVIC,2103,10,416
A202606,C2028Q3T04,VICSA,2102.46,3,292
A202606,C2027Q2T09,NSWQLD,2101,1,55
A202606,C2026Q4T11,NSWVIC,2101,1,53
A202606,C2028Q4T03,VICSA,2100.67,8,165
A202606,C2029Q1T02,VICSA,2100.11,10,253
A202606,C2027Q4T07,VICSA,2100.09,5,233
A202606,C2028Q4T03,VICNSW,2100,1,346
A202606,C2027Q1T10,TASVIC,2100,2,502
A202606,C2029Q1T02,SAVIC,2099,2,25
A202606,C2029Q1T02,TASVIC,2095.94999,2,147
A202606,C2028Q3T04,VICSA,2095.81,1,293
A202606,C2026Q3T12,NSWVIC,2095,1,75
A202606,C2029Q1T02,NSWQLD,2093,8,329
A202606,C2028Q3T04,NSWQLD,2092.5,1,58
A202606,C2028Q2T05,NSWQLD,2092.5,1,62
A202606,C2028Q3T04,VICNSW,2092,7,401
A202606,C2027Q3T08,NSWQLD,2089.4,1,101
A202606,C2027Q2T09,NSWQLD,2086.79729,10,65
A202606,C2026Q3T12,VICTAS,2085.67999,50,1641
A202606,C2026Q3T12,NSWVIC,2085,1,76
A202606,C2028Q2T05,VICNSW,2080.072,18,459
A202606,C2027Q4T07,VICNSW,2080,4,596
A202606,C2028Q4T03,VICSA,2079.23,5,170
A202606,C2026Q3T12,VICTAS,2078,2,1643
A202606,C2027Q1T10,VICNSW,2076.84,1,729
A202606,C2029Q1T02,VICNSW,2076,6,346
A202606,C2027Q4T07,VICSA,2073.75,1,234
A202606,C2028Q4T03,VICNSW,2072.85,1,347
A202606,C2029Q1T02,VICNSW,2072.67,10,356
A202606,C2027Q2T09,NSWQLD,2072.4,1,66
A202606,C2027Q2T09,TASVIC,2071.83,3,392
A202606,C2027Q2T09,NSWVIC,2071.32,1,32
A202606,C2029Q1T02,VICTAS,2071.27,4,183
A202606,C2029Q1T02,VICSA,2070.55,1,254
A202606,C2028Q1T06,VICSA,2070.55,1,287
A202606,C2029Q1T02,VICNSW,2070.07,4,360
A202606,C2029Q1T02,VICNSW,2069.13,1,361
A202606,C2026Q4T11,NSWVIC,2068,1,54
A202606,C2026Q4T11,SAVIC,2067,2,38
A202606,C2027Q1T10,NSWVIC,2066.39989,10,174
A202606,C2029Q2T01,NSWVIC,2065,12,72
A202606,C2026Q4T11,TASVIC,2060.5,2,418
A202606,C2028Q4T03,VICTAS,2057.36,5,201
A202606,C2029Q1T02,VICTAS,2054.75,5,188
A202606,C2028Q4T03,NSWQLD,2054,5,257
A202606,C2028Q1T06,VICNSW,2050,10,508
A202606,C2029Q1T02,NSWVIC,2050,10,103
A202606,C2028Q3T04,VICNSW,2050,10,411
A202606,C2027Q2T09,VICSA,2050,4,370
A202606,C2028Q2T05,VICNSW,2050,10,469
A202606,C2028Q1T06,VICTAS,2044.22,2,323
A202606,C2028Q2T05,VICNSW,2044.09,1,470
A202606,C2029Q2T01,VICNSW,2044.09,1,361
A202606,C2029Q1T02,NSWVIC,2044,1,104
A202606,C2026Q4T11,NSWQLD,2043.75,2,276
A202606,C2028Q4T03,VICSA,2042.68,1,171
A202606,C2027Q4T07,TASVIC,2040.5,1,125
A202606,C2029Q2T01,NSWQLD,2038.5,1,28
A202606,C2028Q3T04,NSWVIC,2038.3,1,91
A202606,C2028Q3T04,NSWVIC,2038,1,92
A202606,C2028Q1T06,TASVIC,2036,1,224
A202606,C2026Q4T11,NSWVIC,2035,1,55
A202606,C2028Q3T04,VICTAS,2034.60093,7,170
A202606,C2028Q3T04,SAVIC,2034.15,1,60
A202606,C2027Q3T08,VICTAS,2033.2,5,379
A202606,C2027Q3T08,VICSA,2033.12,10,382
A202606,C2028Q4T03,NSWVIC,2032,4,40
A202606,C2027Q3T08,VICNSW,2030.0475,31,614
A202606,C2026Q4T11,SAVIC,2030,6,44
A202606,C2026Q3T12,SAVIC,2028.28064,4,93
A202606,C2028Q1T06,SAVIC,2028,2,49
A202606,C2029Q2T01,VICSA,2026.87,1,253
A202606,C2028Q2T05,VICSA,2026.87,1,322
A202606,C2028Q1T06,VICNSW,2025.75,1,509
A202606,C2028Q2T05,NSWQLD,2025,1,63
A202606,C2026Q3T12,NSWVIC,2025,10,86
A202606,C2028Q3T04,NSWQLD,2025,1,59
A202606,C2026Q4T11,SAVIC,2024.79,5,49
A202606,C2029Q1T02,VICNSW,2022.93,18,379
A202606,C2027Q3T08,NSWQLD,2022,1,102
A202606,C2027Q2T09,VICSA,2020.8,10,380
A202606,C2028Q3T04,SAVIC,2020.67,6,66
A202606,C2029Q2T01,VICSA,2020.15,3,256
A202606,C2028Q2T05,VICSA,2020.15,3,325
A202606,C2028Q2T05,VICSA,2020.148,10,335
A202606,C2027Q4T07,TASVIC,2020.04,2,127
A202606,C2027Q3T08,NSWVIC,2020,1,26
A202606,C2027Q4T07,TASVIC,2018.91709,20,147
A202606,C2026Q3T12,TASVIC,2017,3,1582
A202606,C2027Q2T09,TASVIC,2016.83,3,395
A202606,C2028Q3T04,NSWVIC,2016,1,93
A202606,C2028Q4T03,VICSA,2016,4,175
A202606,C2027Q2T09,VICTAS,2014.57626,15,419
A202606,C2028Q3T04,NSWVIC,2012.91,11,104
A202606,C2029Q1T02,NSWVIC,2011.16,11,115
A202606,C2027Q2T09,NSWQLD,2009.6,1,67
A202606,C2029Q2T01,SAVIC,2009,3,19
A202606,C2027Q3T08,VICSA,2008.6,1,383
A202606,C2026Q3T12,NSWQLD,2004.48,5,59
A202606,C2029Q1T02,VICSA,2003,8,262
A202606,C2029Q1T02,QLDNSW,2003,8,680
A202606,C2026Q3T12,VICSA,2003,10,460
A202606,C2028Q4T03,VICSA,2003,8,183
A202606,C2026Q3T12,VICNSW,2003,10,715
A202606,C2027Q3T08,VICSA,2003,8,391
A202606,C2028Q3T04,VICNSW,2003,8,419
A202606,C2026Q4T11,VICSA,2003,10,423
A202606,C2029Q2T01,VICSA,2003,10,266
A202606,C2027Q4T07,VICSA,2003,8,242
A202606,C2029Q2T01,VICNSW,2003,10,371
A202606,C2028Q1T06,NSWQLD,2003,10,347
A202606,C2028Q2T05,VICNSW,2003,10,480
A202606,C2028Q4T03,VICSA,2003,10,193
A202606,C2027Q1T10,VICSA,2003,10,322
A202606,C2027Q2T09,VICSA,2003,10,390
A202606,C2027Q1T10,VICNSW,2003,8,737
A202606,C2026Q3T12,VICSA,2003,8,468
A202606,C2028Q2T05,VICSA,2003,10,345
A202606,C2027Q1T10,NSWQLD,2003,8,348
A202606,C2027Q2T09,VICNSW,2003,8,585
A202606,C2029Q2T01,QLDNSW,2003,8,640
A202606,C2026Q3T12,QLDNSW,2003,8,637
A202606,C2028Q3T04,VICNSW,2003,10,429
A202606,C2027Q4T07,QLDNSW,2003,8,672
A202606,C2028Q1T06,VICNSW,2003,10,519
A202606,C2027Q3T08,VICSA,2003,10,401
A202606,C2028Q4T03,VICNSW,2003,8,355
A202606,C2027Q3T08,VICNSW,2003,10,624
A202606,C2026Q4T11,QLDNSW,2003,8,681
A202606,C2028Q3T04,VICSA,2003,10,303
A202606,C2029Q1T02,VICNSW,2003,10,389
A202606,C2029Q1T02,VICSA,2003,10,272
A202606,C2027Q1T10,VICNSW,2003,10,747
A202606,C2028Q1T06,QLDNSW,2003,8,647
A202606,C2027Q3T08,VICNSW,2003,8,632
A202606,C2027Q1T10,NSWQLD,2003,10,358
A202606,C2027Q2T09,VICSA,2003,8,398
A202606,C2028Q2T05,VICNSW,2003,8,488
A202606,C2028Q1T06,VICSA,2003,10,297
A202606,C2028Q1T06,SAVIC,2003,8,57
A202606,C2027Q4T07,VICSA,2003,10,252
A202606,C2027Q2T09,VICNSW,2003,10,595
A202606,C2028Q3T04,NSWVIC,2002,1,105
A202606,C2027Q1T10,NSWVIC,2002,1,175
A202606,C2026Q4T11,NSWVIC,2002,1,56
A202606,C2026Q3T12,NSWQLD,2001.23,1,60
A202606,C2028Q1T06,VICNSW,2000.98,18,537
A202606,C2027Q4T07,QLDNSW,2000.92,10,682
A202606,C2029Q2T01,NSWVIC,2000.92,10,82
A202606,C2028Q4T03,SAVIC,2000.78,1,24
A202606,C2026Q3T12,NSWVIC,2000.68,10,96
A202606,C2028Q4T03,SAVIC,2000.47,6,30
A202606,C2028Q3T04,VICSA,2000.39,8,311
A202606,C2026Q3T12,TASVIC,2000.31,14,1596
A202606,C2026Q3T12,SAVIC,2000.13,6,99
A202606,C2028Q1T06,NSWVIC,2000.12,1,56
A202606,C2028Q3T04,NSWVIC,2000.11,10,115
A202606,C2029Q2T01,VICNSW,2000.02,10,381
A202606,C2027Q4T07,NSWVIC,2000,2,16
A202606,C2028Q4T03,VICNSW,2000,10,365
A202606,C2029Q2T01,VICSA,2000,10,276
A202606,C2028Q2T05,NSWVIC,2000,2,36
A202606,C2028Q1T06,NSWVIC,2000,2,58
A202606,C2027Q2T09,NSWVIC,2000,2,34
A202606,C2027Q3T08,VICNSW,2000,2,634
A202606,C2026Q4T11,TASVIC,2000,50,468
A202606,C2027Q1T10,TASVIC,2000,25,527
A202606,C2027Q3T08,TASVIC,2000,25,330
A202606,C2027Q2T09,TASVIC,2000,25,420
A202606,C2027Q4T07,TASVIC,2000,25,172
A202606,C2026Q3T12,VICTAS,2000,100,1743
A202606,C2029Q1T02,VICNSW,2000,2,391
A202606,C2028Q2T05,VICNSW,2000,2,490
A202606,C2028Q3T04,VICNSW,2000,2,431
A202606,C2028Q4T03,VICNSW,2000,2,367
A202606,C2026Q3T12,NSWVIC,2000,2,98
A202606,C2029Q2T01,VICNSW,2000,2,383
A202606,C2027Q3T08,NSWVIC,2000,2,28
A202606,C2029Q1T02,TASVIC,2000,20,167
A202606,C2027Q2T09,TASVIC,2000,20,440
A202606,C2027Q2T09,VICNSW,2000,2,597
A202606,C2028Q4T03,SAVIC,2000,2,32
A202606,C2029Q2T01,TASVIC,2000,19,184
A202606,C2026Q3T12,VICNSW,2000,2,717
A202606,C2026Q4T11,VICNSW,2000,2,804
A202606,C2027Q1T10,VICNSW,2000,2,749
A202606,C2028Q3T04,VICSA,2000,10,321
A202606,C2026Q3T12,TASVIC,2000,100,1696
A202606,C2028Q2T05,VICSA,2000,10,355
A202606,C2027Q3T08,VICSA,2000,10,411
A202606,C2028Q3T04,NSWQLD,2000,4,63
A202606,C2027Q2T09,VICTAS,2000,25,444
A202606,C2027Q3T08,VICTAS,2000,25,404
A202606,C2027Q1T10,VICTAS,2000,25,697
A202606,C2028Q1T06,VICNSW,2000,2,539
A202606,C2028Q3T04,NSWVIC,2000,2,117
A202606,C2027Q2T09,NSWVIC,2000,5,39
A202606,C2028Q4T03,NSWVIC,2000,2,42
A202606,C2027Q2T09,VICTAS,2000,20,464
A202606,C2029Q1T02,VICTAS,2000,20,208
A202606,C2026Q4T11,NSWVIC,2000,2,58
A202606,C2029Q2T01,NSWVIC,2000,2,84
A202606,C2027Q4T07,VICNSW,2000,2,598
A202606,C2028Q1T06,VICTAS,2000,20,343
A202606,C2027Q1T10,NSWVIC,2000,2,177
A202606,C2026Q3T12,VICTAS,2000,70,1813
A202606,C2027Q3T08,TASVIC,2000,20,350
A202606,C2029Q2T01,VICTAS,2000,19,198
A202606,C2026Q3T12,QLDNSW,2000,10,647
A202606,C2026Q4T11,VICTAS,2000,70,944
A202606,C2027Q1T10,VICTAS,2000,70,767
A202606,C2029Q1T02,NSWVIC,2000,2,117
A202606,C2027Q1T10,QLDNSW,1998,60,754
A202606,C2027Q4T07,VICNSW,1996.43,11,609
A202606,C2027Q4T07,QLDNSW,1996.02,1,683
A202606,C2027Q2T09,NSWVIC,1995.54,1,40
A202606,C2027Q3T08,SAVIC,1995.28,6,29
A202606,C2027Q1T10,TASVIC,1992.39,6,533
A202606,C2028Q1T06,TASVIC,1991.41,7,231
A202606,C2027Q4T07,VICNSW,1991.16,1,610
A202606,C2028Q1T06,NSWVIC,1990.12,1,59
A202606,C2027Q4T07,NSWQLD,1987.2,20,266
A202606,C2028Q4T03,NSWQLD,1987.2,20,277
A202606,C2026Q3T12,NSWQLD,1987.2,15,75
A202606,C2028Q3T04,NSWVIC,1987,1,118
A202606,C2027Q1T10,VICTAS,1985.94,5,772
A202606,C2028Q3T04,VICSA,1985.54,9,330
A202606,C2026Q3T12,NSWVIC,1984,2,100
A202606,C2026Q3T12,TASVIC,1981.66,14,1710
A202606,C2028Q1T06,NSWVIC,1980.12,1,60
A202606,C2029Q1T02,VICTAS,1979.59997,6,214
A202606,C2028Q3T04,NSWVIC,1979,1,119
A202606,C2027Q2T09,NSWVIC,1978,1,41
A202606,C2027Q4T07,VICSA,1977.78,10,262
A202606,C2029Q2T01,VICSA,1977,9,285
A202606,C2028Q2T05,VICSA,1976.91,9,364
A202606,C2027Q1T10,SAVIC,1976,2,51
A202606,C2027Q1T10,VICTAS,1975.47,5,777
A202606,C2027Q2T09,TASVIC,1975.27,3,443
A202606,C2028Q1T06,NSWVIC,1970.12,1,61
A202606,C2027Q4T07,VICSA,1969.38,8,270
A202606,C2026Q4T11,NSWVIC,1969,1,59
A202606,C2027Q3T08,TASVIC,1968.83,3,353
A202606,C2027Q2T09,NSWVIC,1968,1,42
A202606,C2026Q4T11,TASVIC,1966.39672,20,488
A202606,C2028Q3T04,NSWVIC,1966.36,1,120
A202606,C2027Q2T09,TASVIC,1965.6,25,468
A202606,C2027Q2T09,NSWQLD,1965,8,75
A202606,C2027Q1T10,VICSA,1964.04,1,323
A202606,C2028Q3T04,NSWVIC,1962,1,121
A202606,C2027Q2T09,NSWVIC,1961,1,43
A202606,C2029Q1T02,NSWVIC,1960.322,5,122
A202606,C2028Q1T06,NSWVIC,1960.12,1,62
A202606,C2027Q3T08,NSWQLD,1960.1,2,104
A202606,C2028Q2T05,VICTAS,1960.07506,8,271
A202606,C2026Q4T11,TASVIC,1960,25,513
A202606,C2028Q1T06,TASVIC,1960,8,239
A202606,C2027Q4T07,TASVIC,1960,8,180
A202606,C2027Q1T10,TASVIC,1960,15,548
A202606,C2029Q1T02,NSWVIC,1960,1,123
A202606,C2027Q3T08,NSWVIC,1959.4,1,29
A202606,C2028Q3T04,NSWQLD,1957.5,1,64
A202606,C2028Q2T05,NSWQLD,1957.5,1,64
A202606,C2028Q1T06,NSWQLD,1956.8,1,348
A202606,C2027Q2T09,NSWVIC,1956,1,44
A202606,C2027Q3T08,NSWQLD,1954.6,1,105
A202606,C2028Q1T06,NSWVIC,1950.12,1,63
A202606,C2028Q3T04,VICNSW,1948.42,1,432
A202606,C2027Q4T07,VICTAS,1947.64,5,360
A202606,C2027Q2T09,NSWQLD,1946.8,1,76
A202606,C2029Q1T02,SAVIC,1945,1,26
A202606,C2027Q2T09,NSWVIC,1945,1,45
A202606,C2029Q2T01,NSWQLD,1944,1,29
A202606,C2027Q1T10,TASVIC,1944,33,581
A202606,C2027Q1T10,VICTAS,1944,33,810
A202606,C2026Q3T12,SAVIC,1943.04,10,109
A202606,C2028Q1T06,NSWVIC,1940.12,1,64
A202606,C2029Q1T02,VICNSW,1940.07,4,395
A202606,C2029Q1T02,TASVIC,1939.77326,6,173
A202606,C2028Q4T03,VICNSW,1939.73,1,368
A202606,C2027Q2T09,NSWVIC,1939,1,46
A202606,C2027Q2T09,VICSA,1938.47,1,399
A202606,C2026Q3T12,NSWQLD,1937.49089,10,85
A202606,C2026Q4T11,NSWVIC,1936,1,60
A202606,C2027Q2T09,NSWVIC,1933,1,47
A202606,C2028Q4T03,VICNSW,1932.75,9,377
A202606,C2026Q4T11,VICSA,1932.09,1,424
A202606,C2028Q1T06,NSWVIC,1930.12,1,65
A202606,C2027Q4T07,NSWQLD,1928.4,1,267
A202606,C2028Q3T04,VICTAS,1927.47,5,175
A202606,C2028Q2T05,VICTAS,1927.44,6,277
A202606,C2029Q1T02,VICNSW,1927.13,1,396
A202606,C2027Q1T10,TASVIC,1925,2,583
A202606,C2027Q1T10,NSWVIC,1925,11,188
A202606,C2027Q3T08,VICTAS,1923.65,10,414
A202606,C2029Q1T02,TASVIC,1923.51,2,175
A202606,C2027Q2T09,NSWVIC,1923,1,48
A202606,C2028Q4T03,TASVIC,1921.47,5,128
A202606,C2028Q3T04,NSWQLD,1920.79,10,74
A202606,C2028Q1T06,NSWVIC,1920.12,1,66
A202606,C2027Q2T09,NSWVIC,1919.76,1,49
A202606,C2029Q2T01,VICNSW,1916,8,391
A202606,C2028Q2T05,NSWQLD,1914.47,10,74
A202606,C2026Q3T12,NSWQLD,1914.39,3,88
A202606,C2028Q4T03,VICSA,1914.22,5,198
A202606,C2027Q2T09,NSWVIC,1914,1,50
A202606,C2028Q1T06,TASVIC,1913.41672,9,248
A202606,C2026Q3T12,NSWVIC,1912.5,10,110
A202606,C2027Q2T09,VICNSW,1911.19,1,598
A202606,C2028Q1T06,NSWVIC,1910.12,1,67
A202606,C2028Q1T06,QLDNSW,1910,43,690
A202606,C2028Q3T04,SAVIC,1909.98797,10,76
A202606,C2026Q3T12,VICNSW,1909.2,10,727
A202606,C2026Q4T11,VICTAS,1907.62,5,949
A202606,C2027Q2T09,NSWVIC,1905,1,51
A202606,C2029Q2T01,VICSA,1903,12,297
A202606,C2026Q4T11,NSWVIC,1903,1,61
A202606,C2027Q1T10,TASVIC,1901.02,8,591
A202606,C2029Q2T01,NSWQLD,1901,4,33
A202606,C2028Q3T04,SAVIC,1901,4,80
A202606,C2028Q1T06,NSWVIC,1900.12,1,68
A202606,C2027Q4T07,VICSA,1900.09,5,275
A202606,C2027Q4T07,VICNSW,1900,4,614
A202606,C2027Q3T08,NSWVIC,1898.8,1,30
A202606,C2029Q1T02,NSWVIC,1898,6,129
A202606,C2027Q2T09,SAVIC,1897,4,27
A202606,C2027Q4T07,VICSA,1894.54,1,276
A202606,C2027Q2T09,NSWVIC,1894.5,2,53
A202606,C2028Q3T04,NSWVIC,1894.42,1,122
A202606,C2026Q3T12,SAVIC,1892.47554,4,113
A202606,C2028Q4T03,VICSA,1892.16,1,199
A202606,C2028Q1T06,NSWVIC,1890.12,1,69
A202606,C2028Q3T04,NSWQLD,1890,1,75
A202606,C2028Q2T05,NSWQLD,1890,1,75
A202606,C2029Q2T01,NSWQLD,1890,5,38
A202606,C2028Q3T04,NSWQLD,1890,5,80
A202606,C2029Q1T02,NSWVIC,1888,10,139
A202606,C2027Q3T08,NSWQLD,1887.43,5,110
A202606,C2027Q3T08,NSWQLD,1887.2,1,111
A202606,C2027Q1T10,NSWVIC,1886.5,1,189
A202606,C2027Q2T09,NSWQLD,1884,1,77
A202606,C2029Q2T01,NSWQLD,1883.7,9,47
A202606,C2028Q1T06,TASVIC,1880.41,1,249
A202606,C2028Q1T06,NSWVIC,1880.12,1,70
A202606,C2028Q3T04,NSWVIC,1879,12,134
A202606,C2027Q2T09,TASVIC,1878.7,3,471
A202606,C2028Q2T05,VICNSW,1878.35,1,491
A202606,C2027Q2T09,NSWQLD,1878.12,11,88
A202606,C2028Q3T04,VICTAS,1877,30,205
A202606,C2028Q3T04,VICSA,1876.84,1,331
A202606,C2026Q3T12,VICTAS,1876.8,100,1913
A202606,C2028Q3T04,TASVIC,1876,20,220
A202606,C2029Q1T02,NSWVIC,1876,1,140
A202606,C2027Q1T10,NSWVIC,1875,10,199
A202606,C2029Q1T02,NSWQLD,1873.92,1,330
A202606,C2028Q1T06,VICNSW,1873.82,1,540
A202606,C2028Q1T06,NSWVIC,1870.12,1,71
A202606,C2026Q4T11,NSWVIC,1870,1,62
A202606,C2028Q4T03,NSWQLD,1863.48,1,278
A202606,C2028Q1T06,NSWVIC,1860.12,1,72
A202606,C2027Q4T07,TASVIC,1855,1,181
A202606,C2026Q4T11,TASVIC,1854.44995,1,514
A202606,C2029Q2T01,VICTAS,1854.28,5,203
A202606,C2026Q4T11,VICTAS,1851.93102,25,974
A202606,C2029Q2T01,VICNSW,1850.73,1,392
A202606,C2028Q4T03,VICNSW,1850.435,18,395
A202606,C2028Q1T06,NSWVIC,1850.12,1,73
A202606,C2027Q4T07,VICSA,1850,1,277
A202606,C2027Q3T08,VICSA,1850,1,412
A202606,C2029Q2T01,NSWQLD,1849.5,1,48
A202606,C2026Q4T11,SAVIC,1846.13,5,54
A202606,C2027Q2T09,NSWQLD,1846,3,91
A202606,C2028Q2T05,NSWQLD,1846,1,76
A202606,C2027Q2T09,NSWVIC,1843.98,1,54
A202606,C2028Q2T05,NSWQLD,1843,2,78
A202606,C2027Q3T08,VICSA,1842.3,10,422
A202606,C2028Q3T04,NSWVIC,1841.19118,10,144
A202606,C2028Q1T06,NSWVIC,1840.12,1,74
A202606,C2028Q3T04,VICSA,1839.649,10,341
A202606,C2027Q3T08,NSWVIC,1838.2,1,31
A202606,C2026Q3T12,NSWQLD,1837.44,8,96
A202606,C2026Q4T11,NSWVIC,1837,1,63
A202606,C2027Q4T07,SAVIC,1837,2,25
A202606,C2026Q3T12,NSWVIC,1833,2,112
A202606,C2027Q4T07,NSWQLD,1832.47,5,272
A202606,C2028Q4T03,NSWQLD,1832,5,283
A202606,C2028Q1T06,NSWVIC,1830.12,1,75
A202606,C2027Q4T07,VICTAS,1826.44,3,363
A202606,C2026Q3T12,NSWVIC,1825.68,10,122
A202606,C2029Q1T02,NSWVIC,1825,10,150
A202606,C2028Q2T05,NSWQLD,1822.5,1,79
A202606,C2028Q3T04,NSWQLD,1822.5,1,81
A202606,C2028Q3T04,NSWVIC,1822.48,1,145
A202606,C2027Q2T09,NSWQLD,1821.2,1,92
A202606,C2028Q1T06,NSWVIC,1820.12,1,76
A202606,C2029Q2T01,VICNSW,1820.063,18,410
A202606,C2029Q1T02,TASVIC,1819.85,2,177
A202606,C2027Q3T08,NSWQLD,1819.8,1,112
A202606,C2027Q4T07,NSWQLD,1819.3,7,279
A202606,C2027Q4T07,NSWQLD,1819.3,12,291
A202606,C2029Q2T01,NSWVIC,1815.92,10,94
A202606,C2026Q3T12,TASVIC,1815.15,14,1724
A202606,C2028Q2T05,VICSA,1815.11,1,365
A202606,C2029Q2T01,VICSA,1815.11,1,298
A202606,C2028Q2T05,NSWQLD,1812.72,3,82
A202606,C2028Q4T03,SAVIC,1810.47,6,38
A202606,C2028Q1T06,NSWVIC,1810.12,1,77
A202606,C2029Q1T02,VICNSW,1810.07,4,400
A202606,C2027Q3T08,SAVIC,1808.28,6,35
A202606,C2028Q4T03,VICNSW,1806.61,1,396
A202606,C2027Q3T08,TASVIC,1804.45,3,356
A202606,C2027Q1T10,VICSA,1804.04,10,333
A202606,C2026Q4T11,NSWVIC,1804,1,64
A202606,C2028Q1T06,NSWVIC,1800.12,1,78
A202606,C2026Q3T12,NSWVIC,1800,5,127
A202606,C2026Q3T12,NSWVIC,1800,10,137
A202606,C2027Q1T10,NSWVIC,1800,20,219
A202606,C2027Q4T07,VICNSW,1798.47,1,615
A202606,C2026Q4T11,SAVIC,1795,6,60
A202606,C2028Q1T06,VICTAS,1794.52,5,348
A202606,C2028Q4T03,VICTAS,1793.6,5,206
A202606,C2026Q3T12,VICTAS,1793.27,17,1930
A202606,C2029Q1T02,NSWVIC,1792,1,151
A202606,C2029Q1T02,VICTAS,1791.32,5,219
A202606,C2028Q1T06,NSWVIC,1790.12,1,79
A202606,C2027Q3T08,NSWQLD,1790,8,120
A202606,C2028Q3T04,VICSA,1787.09,10,351
A202606,C2029Q1T02,VICNSW,1785.13,1,401
A202606,C2027Q2T09,NSWQLD,1784,1,93
A202606,C2027Q2T09,TASVIC,1782.13,3,474
A202606,C2028Q2T05,NSWQLD,1782,12,94
A202606,C2028Q1T06,TASVIC,1781.5,1,250
A202606,C2028Q2T05,VICTAS,1781.49,5,282
A202606,C2028Q3T04,SAVIC,1780.67,6,86
A202606,C2028Q1T06,NSWVIC,1780.12,1,80
A202606,C2027Q4T07,TASVIC,1780.04,2,183
A202606,C2028Q2T05,NSWVIC,1779,8,44
A202606,C2027Q3T08,NSWVIC,1777.6,1,32
A202606,C2026Q4T11,TASVIC,1772.03002,1,515
A202606,C2028Q4T03,TASVIC,1771.97477,5,133
A202606,C2026Q4T11,NSWVIC,1771,1,65
A202606,C2027Q1T10,NSWVIC,1771,1,220
A202606,C2028Q1T06,NSWVIC,1770.12,1,81
A202606,C2028Q1T06,TASVIC,1769.41,1,251
A202606,C2029Q1T02,QLDNSW,1769.04,37,717
A202606,C2027Q2T09,NSWVIC,1768.2,1,55
A202606,C2028Q1T06,NSWVIC,1768,1,82
A202606,C2029Q2T01,VICSA,1767.6295,10,308
A202606,C2026Q4T11,VICTAS,1765.37,8,982
A202606,C2028Q1T06,VICSA,1760.53,10,307
A202606,C2026Q4T11,VICNSW,1760.16,1,805
A202606,C2028Q1T06,NSWVIC,1760.12,1,83
A202606,C2027Q4T07,NSWVIC,1760,2,18
A202606,C2027Q4T07,TASVIC,1759.43,8,191
A202606,C2029Q2T01,SAVIC,1759,8,27
A202606,C2027Q2T09,NSWQLD,1758.4,1,94
A202606,C2028Q4T03,NSWQLD,1758.12,5,288
A202606,C2028Q4T03,NSWQLD,1758.12,12,300
A202606,C2027Q4T07,TASVIC,1757.29,2,193
A202606,C2029Q1T02,VICSA,1755.47,1,273
A202606,C2028Q1T06,VICSA,1755.47,1,308
A202606,C2028Q2T05,NSWQLD,1755,1,95
A202606,C2029Q2T01,NSWQLD,1755,1,49
A202606,C2029Q2T01,NSWQLD,1755,5,54
A202606,C2028Q3T04,NSWQLD,1755,5,86
A202606,C2028Q2T05,NSWQLD,1755,5,100
A202606,C2028Q3T04,NSWQLD,1755,1,87
A202606,C2027Q3T08,NSWQLD,1754,1,121
A202606,C2028Q4T03,NSWVIC,1753,10,52
A202606,C2027Q2T09,VICTAS,1752.66,5,469
A202606,C2027Q3T08,NSWQLD,1752.62,5,126
A202606,C2027Q3T08,NSWQLD,1752.4,1,127
A202606,C2027Q2T09,TASVIC,1751.13,3,477
A202606,C2029Q1T02,TASVIC,1751.07,2,179
A202606,C2027Q3T08,NSWVIC,1750.75,10,42
A202606,C2028Q3T04,NSWVIC,1750.54,1,146
A202606,C2027Q2T09,NSWVIC,1750.42,10,65
A202606,C2029Q2T01,SAVIC,1750.16,6,33
A202606,C2026Q3T12,SAVIC,1750.13,6,119
A202606,C2028Q3T04,NSWVIC,1750.11,10,156
A202606,C2027Q1T10,TASVIC,1750,2,593
A202606,C2028Q4T03,VICSA,1749.2,5,204
A202606,C2026Q3T12,SAVIC,1748.736,3,122
A202606,C2028Q1T06,VICTAS,1748.13,2,350
A202606,C2027Q2T09,VICTAS,1747.2,25,494
A202606,C2028Q2T05,SAVIC,1746,4,51
A202606,C2028Q3T04,VICNSW,1744.85,1,433
A202606,C2026Q3T12,NSWQLD,1743.74,11,107
A202606,C2027Q3T08,VICSA,1743.31,1,423
A202606,C2028Q4T03,VICSA,1741.65,1,205
A202606,C2026Q4T11,NSWVIC,1738,1,66
A202606,C2026Q3T12,NSWVIC,1736.15,3,140
A202606,C2027Q3T08,VICTAS,1734.2,5,419
A202606,C2027Q1T10,NSWVIC,1732.5,5,225
A202606,C2027Q3T08,TASVIC,1730.55,3,359
A202606,C2029Q2T01,SAVIC,1727.95799,10,43
A202606,C2026Q4T11,VICTAS,1727,20,1002
A202606,C2028Q3T04,VICNSW,1725.65,11,444
A202606,C2028Q3T04,VICNSW,1722.24,15,459
A202606,C2028Q4T03,VICNSW,1722.24,20,416
A202606,C2027Q3T08,VICNSW,1722.24,15,649
A202606,C2027Q4T07,VICNSW,1722.24,20,635
A202606,C2029Q2T01,VICNSW,1722.24,20,430
A202606,C2028Q1T06,VICNSW,1721.89,1,541
A202606,C2027Q4T07,VICNSW,1720,4,639
A202606,C2029Q2T01,VICSA,1717.13,10,318
A202606,C2028Q2T05,VICSA,1717.13,10,375
A202606,C2027Q3T08,NSWVIC,1717,1,43
A202606,C2026Q4T11,NSWVIC,1716,2,68
A202606,C2027Q4T07,VICSA,1715.32,1,278
A202606,C2028Q1T06,NSWVIC,1714.96,1,84
A202606,C2028Q2T05,VICNSW,1712.62,1,492
A202606,C2029Q1T02,NSWVIC,1708,1,152
A202606,C2026Q4T11,NSWVIC,1705,1,69
A202606,C2026Q3T12,VICTAS,1703.6,17,1947
A202606,C2028Q2T05,VICNSW,1703.52,15,507
A202606,C2027Q2T09,VICNSW,1703.52,15,613
A202606,C2028Q1T06,VICNSW,1703.52,15,556
A202606,C2029Q1T02,TASVIC,1703.21554,6,185
A202606,C2027Q1T10,SAVIC,1702.5,5,56
A202606,C2028Q4T03,VICSA,1700.67,8,213
A202606,C2027Q3T08,VICSA,1700.31,10,433
A202606,C2027Q4T07,VICSA,1700.09,5,283
A202606,C2027Q2T09,VICNSW,1700.07,10,623
A202606,C2029Q2T01,VICNSW,1700.02,10,440
A202606,C2026Q4T11,VICSA,1700,1,425
A202606,C2027Q2T09,VICSA,1700,1,400
A202606,C2026Q3T12,VICSA,1700,1,469
A202606,C2027Q1T10,NSWVIC,1700,10,235
A202606,C2028Q4T03,VICNSW,1700,10,426
A202606,C2027Q2T09,VICSA,1700,4,404
A202606,C2028Q4T03,VICTAS,1699.37,5,211
A202606,C2027Q1T10,TASVIC,1698.59,8,601
A202606,C2027Q1T10,VICTAS,1696.57,5,815
A202606,C2027Q2T09,NSWQLD,1695.6,1,95
A202606,C2027Q1T10,VICTAS,1693.89,5,820
A202606,C2027Q2T09,NSWVIC,1692.42,1,66
A202606,C2027Q3T08,SAVIC,1691,4,39
A202606,C2028Q1T06,VICTAS,1688,20,370
A202606,C2028Q3T04,NSWQLD,1687.5,1,88
A202606,C2028Q2T05,NSWQLD,1687.5,1,101
A202606,C2026Q3T12,QLDNSW,1686.459,40,687
A202606,C2027Q2T09,TASVIC,1685.56,3,480
A202606,C2027Q1T10,NSWVIC,1685.27,12,247
A202606,C2027Q3T08,NSWQLD,1685,1,128
A202606,C2029Q1T02,VICNSW,1684.8,20,421
A202606,C2028Q1T06,VICNSW,1684.44,11,567
A202606,C2028Q4T03,NSWVIC,1683.27,3,55
A202606,C2028Q4T03,NSWVIC,1683,1,56
A202606,C2027Q2T09,VICSA,1682.45,1,405
A202606,C2027Q4T07,TASVIC,1682.43091,4,197
A202606,C2028Q3T04,NSWQLD,1680.69,11,99
A202606,C2028Q3T04,VICTAS,1680.36,5,210
A202606,C2029Q1T02,VICNSW,1680.07,4,425
A202606,C2029Q1T02,TASVIC,1680,4,189
A202606,C2028Q4T03,TASVIC,1680,6,139
A202606,C2028Q3T04,NSWVIC,1678.6,1,157
A202606,C2028Q3T04,NSWVIC,1678.6,5,162
A202606,C2026Q4T11,VICNSW,1677.36,10,815
A202606,C2028Q2T05,NSWQLD,1675.16,11,112
A202606,C2028Q3T04,NSWVIC,1675,10,172
A202606,C2029Q2T01,NSWQLD,1674.4,10,64
A202606,C2027Q4T07,NSWQLD,1673.71,1,292
A202606,C2028Q4T03,VICNSW,1673.49,1,427
A202606,C2026Q4T11,NSWVIC,1672,1,70
A202606,C2026Q3T12,NSWQLD,1670.4,10,117
A202606,C2026Q3T12,NSWQLD,1670.4,2,119
A202606,C2027Q4T07,TASVIC,1669.5,1,198
A202606,C2027Q2T09,NSWQLD,1669.44,12,107
A202606,C2027Q2T09,VICNSW,1668.5,31,654
A202606,C2026Q4T11,SAVIC,1667.47,5,65
A202606,C2026Q4T11,SAVIC,1667.47,2,67
A202606,C2026Q3T12,VICNSW,1667.04,40,767
A202606,C2028Q1T06,NSWVIC,1661.92,1,85
A202606,C2027Q1T10,VICNSW,1661.47,1,750
A202606,C2029Q2T01,NSWQLD,1660.5,1,65
A202606,C2028Q1T06,TASVIC,1658.41,1,252
A202606,C2028Q3T04,VICSA,1657.88,1,352
A202606,C2029Q2T01,VICNSW,1657.37,1,441
A202606,C2027Q1T10,VICNSW,1657.2,15,765
A202606,C2028Q2T05,VICNSW,1656.5,11,518
A202606,C2027Q3T08,NSWVIC,1656.4,1,44
A202606,C2029Q2T01,VICNSW,1656.4,11,452
A202606,C2026Q3T12,VICTAS,1656,20,1967
A202606,C2026Q4T11,VICNSW,1656,25,840
A202606,C2028Q3T04,VICTAS,1656,20,230
A202606,C2026Q4T11,VICTAS,1656,20,1022
A202606,C2028Q3T04,TASVIC,1656,20,240
A202606,C2026Q3T12,TASVIC,1656,20,1744
A202606,C2028Q4T03,VICNSW,1656,25,452
A202606,C2027Q4T07,VICTAS,1656,20,383
A202606,C2027Q4T07,VICNSW,1656,25,664
A202606,C2028Q4T03,VICTAS,1656,20,231
A202606,C2027Q3T08,VICTAS,1656,20,439
A202606,C2027Q3T08,VICNSW,1656,25,674
A202606,C2028Q3T04,VICNSW,1656,25,484
A202606,C2027Q3T08,TASVIC,1656,20,379
A202606,C2027Q1T10,NSWVIC,1655.5,1,248
A202606,C2027Q2T09,NSWQLD,1654,12,119
A202606,C2028Q2T05,NSWQLD,1653.75,5,117
A202606,C2027Q2T09,NSWVIC,1653.12,11,77
A202606,C2026Q3T12,SAVIC,1651.59,10,132
A202606,C2026Q3T12,NSWVIC,1650.68,10,150
A202606,C2028Q4T03,VICSA,1650.185,10,223
A202606,C2029Q1T02,VICSA,1650.08,10,283
A202606,C2027Q2T09,SAVIC,1650,5,32
A202606,C2026Q3T12,TASVIC,1648.63,14,1758
A202606,C2026Q4T11,TASVIC,1648.40002,1,516
A202606,C2027Q4T07,VICSA,1648.15,4,287
A202606,C2027Q4T07,VICSA,1648.148,11,298
A202606,C2028Q4T03,NSWVIC,1648,6,62
A202606,C2027Q3T08,VICSA,1644.905,18,451
A202606,C2029Q1T02,VICNSW,1643.13,1,426
A202606,C2027Q3T08,TASVIC,1640.08,3,382
A202606,C2028Q1T06,NSWVIC,1640,4,89
A202606,C2026Q4T11,NSWVIC,1639,1,71
A202606,C2026Q4T11,VICSA,1638.07,1,426
A202606,C2029Q2T01,VICNSW,1638,25,477
A202606,C2027Q2T09,VICTAS,1638,20,514
A202606,C2029Q2T01,VICTAS,1638,20,223
A202606,C2027Q2T09,TASVIC,1638,20,500
A202606,C2028Q2T05,VICTAS,1638,20,302
A202606,C2029Q2T01,TASVIC,1638,20,204
A202606,C2028Q2T05,TASVIC,1638,20,260
A202606,C2027Q2T09,VICNSW,1638,25,679
A202606,C2028Q1T06,QLDNSW,1638,60,750
A202606,C2028Q2T05,VICNSW,1638,25,543
A202606,C2028Q1T06,VICNSW,1638,25,592
A202606,C2027Q4T07,QLDNSW,1637.76,1,684
A202606,C2027Q1T10,NSWVIC,1636.25,15,263
A202606,C2028Q4T03,VICSA,1635,6,229
A202606,C2026Q4T11,NSWQLD,1635,9,285
A202606,C2026Q4T11,NSWQLD,1635,2,287
A202606,C2027Q2T09,NSWQLD,1632.8,1,120
A202606,C2027Q2T09,NSWQLD,1632.54,5,125
A202606,C2028Q4T03,NSWVIC,1632.51,1,63
A202606,C2029Q2T01,NSWVIC,1630.92,10,104
A202606,C2026Q3T12,VICSA,1627.02,12,481
A202606,C2028Q1T06,NSWVIC,1627,10,99
A202606,C2026Q4T11,TASVIC,1624.41468,20,536
A202606,C2029Q1T02,NSWVIC,1624,1,153
A202606,C2026Q3T12,NSWQLD,1624,2,121
A202606,C2028Q4T03,SAVIC,1623.49,11,49
A202606,C2027Q3T08,SAVIC,1621.28,6,45
A202606,C2028Q4T03,SAVIC,1620.47,6,55
A202606,C2028Q2T05,NSWQLD,1620,1,118
A202606,C2027Q1T10,VICNSW,1620,25,790
A202606,C2029Q2T01,NSWQLD,1620,5,70
A202606,C2028Q3T04,NSWQLD,1620,5,104
A202606,C2028Q3T04,NSWQLD,1620,1,105
A202606,C2029Q1T02,VICNSW,1620,25,451
A202606,C2027Q2T09,NSWVIC,1619.52911,10,87
A202606,C2027Q3T08,NSWQLD,1617.8,5,133
A202606,C2027Q3T08,NSWQLD,1617.6,1,134
A202606,C2028Q4T03,NSWQLD,1617.36,1,301
A202606,C2027Q2T09,NSWVIC,1616.64,1,88
A202606,C2026Q3T12,VICTAS,1614.6,5,1972
A202606,C2027Q4T07,VICTAS,1611.84,5,388
A202606,C2026Q4T11,NSWQLD,1610.77,5,292
A202606,C2028Q4T03,NSWQLD,1610,5,306
A202606,C2027Q3T08,NSWVIC,1610,8,52
A202606,C2028Q1T06,NSWVIC,1608.88,1,100
A202606,C2027Q4T07,TASVIC,1607.29,2,200
A202606,C2029Q2T01,SAVIC,1607,1,44
A202606,C2028Q2T05,SAVIC,1607,1,52
A202606,C2029Q2T01,SAVIC,1607,2,46
A202606,C2028Q3T04,NSWVIC,1606.66,1,173
A202606,C2026Q4T11,NSWVIC,1606,1,72
A202606,C2026Q3T12,NSWVIC,1604.60459,10,160
A202606,C2029Q2T01,VICSA,1603.35,1,319
A202606,C2028Q2T05,VICSA,1603.35,1,376
A202606,C2029Q2T01,NSWVIC,1603,16,120
A202606,C2026Q3T12,TASVIC,1603,20,1778
A202606,C2027Q1T10,SAVIC,1603,16,72
A202606,C2028Q4T03,TASVIC,1603,20,159
A202606,C2027Q2T09,NSWQLD,1603,16,141
A202606,C2029Q2T01,TASVIC,1603,20,224
A202606,C2027Q4T07,TASVIC,1603,10,210
A202606,C2028Q2T05,TASVIC,1603,20,280
A202606,C2027Q3T08,TASVIC,1603,20,402
A202606,C2028Q4T03,NSWQLD,1603,16,322
A202606,C2029Q1T02,TASVIC,1603,20,209
A202606,C2026Q4T11,TASVIC,1603,10,546
A202606,C2027Q3T08,NSWQLD,1603,16,150
A202606,C2027Q2T09,TASVIC,1603,20,520
A202606,C2028Q2T05,SAVIC,1603,16,68
A202606,C2026Q4T11,NSWVIC,1603,16,88
A202606,C2028Q1T06,NSWVIC,1603,16,116
A202606,C2027Q1T10,TASVIC,1603,20,621
A202606,C2027Q1T10,TASVIC,1603,20,641
A202606,C2028Q1T06,TASVIC,1603,20,272
A202606,C2028Q3T04,SAVIC,1603,16,102
A202606,C2028Q1T06,VICSA,1600.48,14,322
A202606,C2026Q3T12,VICTAS,1600.31,17,1989
A202606,C2028Q1T06,VICNSW,1600,10,602
A202606,C2028Q3T04,VICNSW,1600,10,494
A202606,C2027Q1T10,NSWVIC,1600,10,273
A202606,C2029Q1T02,NSWVIC,1600,10,163
A202606,C2027Q1T10,NSWVIC,1600,10,283
A202606,C2028Q1T06,NSWVIC,1600,1,117
A202606,C2028Q2T05,VICNSW,1600,10,553
A202606,C2027Q2T09,NSWVIC,1597,8,96
A202606,C2027Q3T08,NSWVIC,1595.8,1,53
A202606,C2026Q4T11,VICTAS,1594.71837,30,1052
A202606,C2028Q4T03,VICSA,1591.14,1,230
A202606,C2028Q1T06,NSWVIC,1591,1,118
A202606,C2026Q3T12,NSWVIC,1591,2,162
A202606,C2027Q1T10,SAVIC,1589,5,77
A202606,C2027Q2T09,TASVIC,1589,3,523
A202606,C2027Q1T10,SAVIC,1589,1,78
A202606,C2026Q3T12,NSWVIC,1586,1,163
A202606,C2027Q3T08,NSWVIC,1585.75,10,63
A202606,C2027Q2T09,NSWVIC,1585.42,10,106
A202606,C2029Q2T01,SAVIC,1585.16,6,52
A202606,C2028Q4T03,VICSA,1584.18,10,240
A202606,C2028Q4T03,NSWVIC,1582.02,1,64
A202606,C2028Q2T05,VICTAS,1581.26,6,308
A202606,C2028Q2T05,NSWVIC,1580.46,3,47
A202606,C2029Q2T01,NSWVIC,1580.46,3,123
A202606,C2029Q2T01,NSWVIC,1580,1,124
A202606,C2028Q2T05,NSWVIC,1580,1,48
A202606,C2027Q2T09,VICSA,1578.75,18,423
A202606,C2027Q3T08,VICTAS,1578.73,3,442
A202606,C2026Q4T11,VICTAS,1578.72,5,1057
A202606,C2029Q1T02,TASVIC,1578.64,2,211
A202606,C2027Q1T10,NSWVIC,1578,4,287
A202606,C2028Q4T03,TASVIC,1577.28,5,164
A202606,C2028Q1T06,NSWVIC,1577,1,119
A202606,C2027Q2T09,VICTAS,1576.59,12,526
A202606,C2026Q4T11,NSWVIC,1573,1,89
A202606,C2027Q2T09,NSWQLD,1570,1,142
A202606,C2028Q1T06,VICNSW,1569.95,1,603
A202606,C2028Q1T06,NSWVIC,1567,1,120
A202606,C2029Q2T01,NSWQLD,1566,1,71
A202606,C2027Q1T10,VICTAS,1562.8,31,851
A202606,C2026Q4T11,SAVIC,1560,6,73
A202606,C2026Q3T12,NSWVIC,1560,1,164
A202606,C2028Q4T03,NSWVIC,1557,1,65
A202606,C2028Q1T06,NSWVIC,1555.84,1,121
A202606,C2029Q2T01,VICNSW,1553,12,489
A202606,C2028Q2T05,NSWQLD,1552.5,5,123
A202606,C2028Q2T05,NSWQLD,1552.5,1,124
A202606,C2028Q3T04,NSWQLD,1552.5,1,106
A202606,C2028Q1T06,NSWVIC,1552,1,122
A202606,C2027Q3T08,NSWQLD,1550.2,1,151
A202606,C2029Q1T02,VICNSW,1550.07,4,455
A202606,C2027Q4T07,VICNSW,1550.0475,31,695
A202606,C2026Q3T12,NSWVIC,1550,1,165
A202606,C2027Q4T07,VICNSW,1550,5,700
A202606,C2027Q2T09,VICNSW,1550,5,684
A202606,C2027Q3T08,VICNSW,1550,5,679
A202606,C2028Q1T06,NSWVIC,1550,1,123
A202606,C2026Q3T12,NSWQLD,1549.99,12,133
A202606,C2028Q1T06,TASVIC,1547.41,1,273
A202606,C2028Q2T05,VICNSW,1546.88,1,554
A202606,C2027Q3T08,NSWVIC,1546,4,67
A202606,C2028Q3T04,NSWQLD,1545,8,114
A202606,C2027Q3T08,TASVIC,1541.79,10,412
A202606,C2028Q1T06,TASVIC,1541.79,7,280
A202606,C2028Q2T05,TASVIC,1541.79,6,286
A202606,C2027Q1T10,TASVIC,1541.79,16,657
A202606,C2027Q2T09,TASVIC,1541.79,12,535
A202606,C2027Q4T07,TASVIC,1541.79,8,218
A202606,C2028Q3T04,TASVIC,1541.79,5,245
A202606,C2028Q4T03,TASVIC,1541.79,5,169
A202606,C2026Q4T11,TASVIC,1541.79,25,571
A202606,C2027Q4T07,VICNSW,1541.68,20,720
A202606,C2029Q2T01,VICNSW,1541.68,20,509
A202606,C2028Q4T03,VICNSW,1541.68,20,472
A202606,C2028Q3T04,VICNSW,1541.68,15,509
A202606,C2027Q3T08,VICNSW,1541.68,15,694
A202606,C2028Q3T04,VICNSW,1541.29,1,510
A202606,C2027Q2T09,NSWVIC,1540.86,1,107
A202606,C2028Q3T04,SAVIC,1540.67,6,108
A202606,C2028Q4T03,VICNSW,1540.37,1,473
A202606,C2029Q1T02,NSWVIC,1540.253,10,173
A202606,C2027Q4T07,TASVIC,1540.04,2,220
A202606,C2026Q4T11,NSWVIC,1540,1,90
A202606,C2027Q2T09,SAVIC,1540,1,33
A202606,C2027Q3T08,SAVIC,1540,1,46
A202606,C2029Q1T02,NSWVIC,1540,1,174
A202606,C2027Q1T10,NSWVIC,1540,1,288
A202606,C2027Q4T07,VICNSW,1540,4,724
A202606,C2027Q2T09,SAVIC,1540,5,38
A202606,C2027Q2T09,NSWQLD,1538.36,5,147
A202606,C2026Q3T12,NSWVIC,1537,1,166
A202606,C2027Q4T07,VICSA,1536.11,1,299
A202606,C2027Q3T08,NSWVIC,1535.2,1,68
A202606,C2028Q3T04,NSWVIC,1534.72,1,174
A202606,C2028Q2T05,NSWVIC,1532.6,1,49
A202606,C2029Q2T01,NSWVIC,1532.6,1,125
A202606,C2028Q4T03,NSWVIC,1531.53,1,66
A202606,C2028Q4T03,VICTAS,1529.83,5,236
A202606,C2027Q2T09,QLDNSW,1528.8,39,734
A202606,C2029Q1T02,VICTAS,1527.89,5,224
A202606,C2028Q1T06,VICNSW,1527.64,15,618
A202606,C2028Q2T05,VICNSW,1527.64,15,569
A202606,C2027Q2T09,VICNSW,1527.64,15,699
A202606,C2028Q1T06,TASVIC,1527,1,281
A202606,C2027Q3T08,NSWQLD,1523.52,5,156
A202606,C2026Q4T11,TASVIC,1517.9,25,596
A202606,C2027Q2T09,NSWVIC,1515.6,5,112
A202606,C2027Q2T09,VICSA,1515.6,10,433
A202606,C2027Q3T08,NSWVIC,1515.345,2,70
A202606,C2026Q3T12,NSWVIC,1514,1,167
A202606,C2029Q1T02,VICNSW,1513.6,20,475
A202606,C2028Q3T04,NSWVIC,1509.68,12,186
A202606,C2028Q4T03,TASVIC,1509.45998,5,174
A202606,C2026Q3T12,SAVIC,1509,2,134
A202606,C2029Q1T02,NSWVIC,1508.37,12,186
A202606,C2027Q2T09,NSWQLD,1507.2,1,148
A202606,C2026Q4T11,NSWVIC,1507,1,91
A202606,C2027Q2T09,NSWQLD,1506.96,5,153
A202606,C2027Q3T08,NSWQLD,1506,12,168
A202606,C2026Q3T12,QLDNSW,1503,8,695
A202606,C2028Q3T04,VICNSW,1503,10,520
A202606,C2027Q4T07,QLDNSW,1503,8,692
A202606,C2027Q4T07,VICSA,1503,8,307
A202606,C2028Q2T05,VICNSW,1503,10,579
A202606,C2027Q1T10,VICNSW,1503,10,800
A202606,C2029Q2T01,VICNSW,1503,10,519
A202606,C2029Q1T02,VICSA,1503,10,293
A202606,C2027Q3T08,VICSA,1503,10,461
A202606,C2026Q4T11,QLDNSW,1503,8,689
A202606,C2028Q4T03,VICSA,1503,10,250
A202606,C2026Q3T12,VICSA,1503,10,491
A202606,C2027Q4T07,VICSA,1503,10,317
A202606,C2028Q3T04,VICNSW,1503,8,528
A202606,C2028Q3T04,VICSA,1503,10,362
A202606,C2029Q1T02,QLDNSW,1503,8,725
A202606,C2028Q1T06,QLDNSW,1503,8,758
A202606,C2026Q3T12,VICNSW,1503,10,777
A202606,C2026Q4T11,VICSA,1503,10,436
A202606,C2027Q3T08,VICNSW,1503,10,704
A202606,C2029Q2T01,VICSA,1503,10,329
A202606,C2027Q1T10,VICNSW,1503,8,808
A202606,C2027Q3T08,VICSA,1503,8,469
A202606,C2027Q3T08,VICNSW,1503,8,712
A202606,C2028Q1T06,VICNSW,1503,10,628
A202606,C2029Q1T02,NSWQLD,1503,10,340
A202606,C2029Q1T02,VICNSW,1503,10,485
A202606,C2029Q2T01,QLDNSW,1503,8,648
A202606,C2027Q2T09,VICSA,1503,10,443
A202606,C2027Q2T09,VICNSW,1503,10,709
A202606,C2028Q4T03,VICSA,1503,8,258
A202606,C2028Q2T05,VICNSW,1503,8,587
A202606,C2027Q2T09,VICNSW,1503,8,717
A202606,C2027Q1T10,VICSA,1503,10,343
A202606,C2029Q1T02,VICSA,1503,8,301
A202606,C2029Q1T02,NSWVIC,1503,8,194
A202606,C2028Q4T03,VICNSW,1503,8,481
A202606,C2027Q2T09,VICSA,1503,8,451
A202606,C2028Q2T05,VICSA,1503,10,386
A202606,C2026Q3T12,VICSA,1503,8,499
A202606,C2028Q1T06,VICSA,1503,10,332
A202606,C2028Q1T06,NSWVIC,1502.8,1,124
A202606,C2026Q3T12,NSWVIC,1502,1,168
A202606,C2029Q1T02,VICNSW,1501.13,1,486
A202606,C2026Q3T12,VICTAS,1500.85,17,2006
A202606,C2028Q3T04,VICSA,1500.39,8,370
A202606,C2026Q3T12,SAVIC,1500.13,6,140
A202606,C2028Q3T04,NSWVIC,1500.11,10,196
A202606,C2027Q4T07,VICSA,1500.09,5,322
A202606,C2029Q1T02,VICSA,1500.074,37,338
A202606,C2028Q1T06,NSWVIC,1500.02,6,130
A202606,C2029Q2T01,VICSA,1500,10,339
A202606,C2029Q1T02,SAVIC,1500,6,32
A202606,C2026Q3T12,NSWVIC,1500,7,175
A202606,C2027Q1T10,NSWVIC,1500,5,293
A202606,C2026Q3T12,NSWQLD,1500,2,135
A202606,C2027Q3T08,VICTAS,1499.79,3,445
A202606,C2026Q3T12,VICNSW,1497.716,50,827
A202606,C2026Q3T12,VICTAS,1497.02,17,2023
A202606,C2027Q4T07,NSWVIC,1496.80749,10,28
A202606,C2027Q1T10,TASVIC,1496.16,8,665
A202606,C2026Q3T12,NSWVIC,1493,1,176
A202606,C2027Q2T09,TASVIC,1492.43,3,538
A202606,C2026Q4T11,NSWVIC,1488.37,5,96
A202606,C2027Q2T09,TASVIC,1485.44,3,541
A202606,C2028Q2T05,TASVIC,1485.44,6,292
A202606,C2029Q2T01,TASVIC,1485.44,4,228
A202606,C2028Q2T05,NSWVIC,1485.2,1,50
A202606,C2029Q2T01,NSWVIC,1485.2,1,126
A202606,C2028Q1T06,VICTAS,1485.12,5,375
A202606,C2029Q1T02,SAVIC,1485,4,36
A202606,C2028Q3T04,NSWQLD,1485,10,124
A202606,C2028Q3T04,NSWQLD,1485,1,125
A202606,C2028Q2T05,NSWQLD,1485,1,125
A202606,C2029Q2T01,NSWQLD,1485,10,81
A202606,C2027Q3T08,NSWQLD,1482.99,5,173
A202606,C2027Q3T08,NSWQLD,1482.8,1,174
A202606,C2026Q3T12,TASVIC,1482.12,14,1792
A202606,C2028Q4T03,NSWVIC,1481.04,1,67
A202606,C2027Q1T10,VICTAS,1480.88,5,856
A202606,C2028Q1T06,VICTAS,1480.88,2,377
A202606,C2029Q1T02,VICTAS,1480.88,4,228
A202606,C2027Q3T08,QLDNSW,1480.25,39,693
A202606,C2026Q4T11,VICSA,1480.07,10,446
A202606,C2027Q2T09,NSWVIC,1480,4,116
A202606,C2028Q3T04,VICNSW,1480,4,532
A202606,C2028Q1T06,NSWVIC,1480,4,134
A202606,C2028Q1T06,VICNSW,1480,4,632
A202606,C2029Q2T01,NSWVIC,1480,4,130
A202606,C2029Q2T01,VICNSW,1480,4,523
A202606,C2028Q3T04,NSWVIC,1480,4,200
A202606,C2029Q1T02,NSWVIC,1480,4,198
A202606,C2028Q4T03,NSWVIC,1480,4,71
A202606,C2026Q4T11,NSWVIC,1480,4,100
A202606,C2029Q1T02,VICNSW,1480,4,490
A202606,C2028Q4T03,VICNSW,1480,4,485
A202606,C2027Q2T09,VICNSW,1480,4,721
A202606,C2026Q4T11,VICNSW,1480,4,844
A202606,C2027Q3T08,VICNSW,1480,4,716
A202606,C2027Q1T10,VICNSW,1480,4,812
A202606,C2027Q3T08,NSWVIC,1480,4,74
A202606,C2026Q3T12,VICNSW,1480,4,831
A202606,C2027Q4T07,VICNSW,1480,4,728
A202606,C2026Q3T12,NSWVIC,1480,4,180
A202606,C2028Q2T05,VICNSW,1480,4,591
A202606,C2027Q1T10,NSWVIC,1480,4,297
A202606,C2027Q4T07,NSWVIC,1480,4,32
A202606,C2028Q2T05,NSWVIC,1480,4,54
A202606,C2027Q3T08,VICSA,1478.03,1,470
A202606,C2027Q4T07,VICSA,1477.03,9,331
A202606,C2027Q3T08,TASVIC,1475.71,3,415
A202606,C2026Q3T12,NSWVIC,1475.68,10,190
A202606,C2027Q1T10,SAVIC,1475.5,5,83
A202606,C2027Q3T08,NSWVIC,1474.6,1,75
A202606,C2026Q4T11,NSWVIC,1474,1,101
A202606,C2028Q4T03,NSWVIC,1472.95,11,82
A202606,C2026Q3T12,NSWVIC,1472,1,191
A202606,C2028Q3T04,VICSA,1471.72,10,380
A202606,C2029Q2T01,NSWQLD,1471.5,1,82
A202606,C2026Q3T12,SAVIC,1468.76,11,151
A202606,C2029Q2T01,NSWQLD,1468,8,90
A202606,C2029Q2T01,NSWQLD,1465.1,11,101
A202606,C2027Q2T09,NSWVIC,1465.08,1,117
A202606,C2029Q2T01,VICNSW,1464.01,1,524
A202606,C2028Q3T04,NSWVIC,1462.78,1,201
A202606,C2026Q4T11,SAVIC,1462,4,77
A202606,C2027Q2T09,NSWQLD,1460.76,13,166
A202606,C2026Q4T11,NSWVIC,1459.4,3,104
A202606,C2027Q4T07,TASVIC,1457.29,2,222
A202606,C2029Q1T02,NSWVIC,1456,1,199
A202606,C2027Q4T07,NSWQLD,1455.44,10,302
A202606,C2026Q4T11,NSWVIC,1455,1,105
A202606,C2026Q3T12,NSWVIC,1455,2,193
A202606,C2028Q1T06,VICTAS,1452.04,2,379
A202606,C2028Q2T05,NSWQLD,1451.25,10,135
A202606,C2028Q1T06,NSWVIC,1449.76,1,135
A202606,C2028Q4T03,VICNSW,1449.56,10,495
A202606,C2027Q3T08,VICSA,1447.52,10,480
A202606,C2029Q2T01,NSWVIC,1445.92,10,140
A202606,C2027Q2T09,NSWQLD,1444.4,1,167
A202606,C2027Q2T09,NSWQLD,1444.17,5,172
A202606,C2029Q2T01,TASVIC,1443.555,4,232
A202606,C2029Q1T02,TASVIC,1443.555,4,215
A202606,C2026Q4T11,TASVIC,1442.34997,2,598
A202606,C2027Q4T07,TASVIC,1442.08364,4,226
A202606,C2026Q4T11,TASVIC,1442.01,7,605
A202606,C2028Q2T05,NSWVIC,1442,12,66
A202606,C2027Q4T07,VICTAS,1441.18,3,391
A202606,C2026Q4T11,NSWVIC,1441,1,106
A202606,C2027Q1T10,TASVIC,1440.64,6,671
A202606,C2028Q4T03,VICSA,1440.62,1,259
A202606,C2029Q1T02,VICSA,1440.38,1,339
A202606,C2028Q1T06,VICSA,1440.38,1,333
A202606,C2029Q2T01,NSWVIC,1439.81119,10,150
A202606,C2028Q3T04,VICSA,1438.91,1,381
A202606,C2028Q2T05,NSWVIC,1437.8,1,67
A202606,C2029Q2T01,NSWVIC,1437.8,1,151
A202606,C2026Q3T12,NSWVIC,1437,2,195
A202606,C2028Q1T06,TASVIC,1436.41,1,282
A202606,C2027Q3T08,VICTAS,1435.2,5,450
A202606,C2027Q3T08,SAVIC,1434.28,6,52
A202606,C2028Q1T06,SAVIC,1434,4,61
A202606,C2028Q3T04,VICTAS,1433.25,5,235
A202606,C2028Q4T03,NSWVIC,1430.55,1,83
A202606,C2028Q4T03,SAVIC,1430.47,6,61
A202606,C2027Q2T09,SAVIC,1430,5,43
A202606,C2026Q3T12,NSWVIC,1429,2,197
A202606,C2029Q2T01,NSWVIC,1427,2,153
A202606,C2027Q2T09,VICSA,1426.42,1,452
A202606,C2027Q1T10,NSWVIC,1424.5,1,298
A202606,C2028Q3T04,SAVIC,1423.905,3,111
A202606,C2027Q3T08,NSWVIC,1420.75,10,85
A202606,C2027Q2T09,NSWVIC,1420.42,10,127
A202606,C2029Q2T01,SAVIC,1420.16,6,58
A202606,C2029Q1T02,VICNSW,1420.07,4,494
A202606,C2027Q4T07,NSWQLD,1419.01,1,303
A202606,C2028Q1T06,VICNSW,1418.02,1,633
A202606,C2027Q1T10,VICTAS,1417.67,5,861
A202606,C2028Q3T04,NSWQLD,1417.5,1,126
A202606,C2028Q2T05,NSWQLD,1417.5,1,136
A202606,C2027Q3T08,VICTAS,1416.88,3,453
A202606,C2029Q1T02,VICNSW,1416.051,18,512
A202606,C2027Q3T08,NSWQLD,1415.4,1,175
A202606,C2028Q4T03,SAVIC,1415,4,65
A202606,C2028Q2T05,VICSA,1414.11,10,396
A202606,C2029Q2T01,VICSA,1414.11,10,349
A202606,C2027Q3T08,NSWVIC,1414,1,86
A202606,C2026Q4T11,NSWVIC,1408,1,107
A202606,C2026Q3T12,NSWVIC,1408,3,200
A202606,C2029Q2T01,NSWVIC,1408,3,156
A202606,C2026Q3T12,VICTAS,1407.6,5,2028
A202606,C2028Q4T03,VICNSW,1407.25,1,496
A202606,C2028Q4T03,NSWQLD,1406.5,7,329
A202606,C2029Q1T02,TASVIC,1406.2,2,217
A202606,C2028Q2T05,QLDNSW,1405.273,39,693
A202606,C2029Q2T01,QLDNSW,1405.273,43,691
A202606,C2027Q1T10,NSWVIC,1403,8,306
A202606,C2028Q4T03,NSWVIC,1403,10,93
A202606,C2027Q1T10,SAVIC,1403,10,93
A202606,C2027Q1T10,VICTAS,1401.84,5,866
A202606,C2027Q4T07,VICSA,1400.93,10,341
A202606,C2028Q4T03,SAVIC,1400.546,3,68
A202606,C2026Q4T11,VICTAS,1400.47,8,1065
A202606,C2026Q4T11,VICTAS,1400.24052,30,1095
A202606,C2029Q2T01,VICNSW,1400.02,10,534
A202606,C2027Q4T07,VICSA,1400,1,342
A202606,C2027Q1T10,NSWVIC,1400,5,311
A202606,C2028Q4T03,VICNSW,1400,10,506
A202606,C2027Q3T08,VICSA,1400,1,481
A202606,C2028Q1T06,TASVIC,1399.75,1,283
A202606,C2027Q1T10,SAVIC,1398,4,97
A202606,C2028Q1T06,NSWVIC,1396.72,1,136
A202606,C2027Q3T08,NSWVIC,1396.55,4,90
A202606,C2029Q2T01,NSWVIC,1396,4,160
A202606,C2027Q2T09,TASVIC,1395.86,3,544
A202606,C2026Q4T11,NSWVIC,1395.35,10,117
A202606,C2026Q4T11,NSWVIC,1395.345,2,119
A202606,C2026Q3T12,NSWVIC,1394,2,202
A202606,C2026Q3T12,VICTAS,1393.72,17,2045
A202606,C2028Q2T05,VICSA,1391.59,1,397
A202606,C2029Q2T01,VICSA,1391.59,1,350
A202606,C2028Q3T04,NSWVIC,1390.84,1,202
A202606,C2029Q2T01,NSWVIC,1390.4,1,161
A202606,C2028Q2T05,NSWVIC,1390.4,1,68
A202606,C2027Q2T09,NSWVIC,1389.3,1,128
A202606,C2027Q4T07,NSWQLD,1388.47,5,308
A202606,C2028Q4T03,NSWQLD,1388,5,334
A202606,C2026Q4T11,TASVIC,1383.76066,25,630
A202606,C2028Q3T04,QLDNSW,1382.787,43,675
A202606,C2028Q2T05,SAVIC,1382.15935,10,78
A202606,C2029Q1T02,VICNSW,1381.78,11,523
A202606,C2027Q2T09,NSWQLD,1381.6,1,173
A202606,C2028Q3T04,VICNSW,1381.3475,31,563
A202606,C2028Q4T03,NSWVIC,1380.06,1,94
A202606,C2026Q3T12,SAVIC,1380,32,183
A202606,C2027Q4T07,VICSA,1380,15,357
A202606,C2027Q3T08,VICSA,1380,15,496
A202606,C2029Q2T01,NSWVIC,1380,3,164
A202606,C2028Q3T04,VICSA,1380,15,396
A202606,C2026Q4T11,VICSA,1380,15,461
A202606,C2028Q4T03,VICSA,1380,15,274
A202606,C2029Q2T01,NSWQLD,1377,1,102
A202606,C2026Q4T11,TASVIC,1375.58,7,637
A202606,C2028Q1T06,NSWVIC,1375.02,6,142
A202606,C2029Q1T02,NSWVIC,1375,10,209
A202606,C2026Q3T12,NSWVIC,1374,1,203
A202606,C2029Q1T02,NSWVIC,1372,1,210
A202606,C2028Q4T03,NSWQLD,1371.24,1,335
A202606,C2029Q2T01,SAVIC,1368,12,70
A202606,C2029Q2T01,NSWVIC,1367,3,167
A202606,C2029Q2T01,VICSA,1365,15,365
A202606,C2028Q2T05,VICSA,1365,15,412
A202606,C2028Q1T06,VICSA,1365,15,348
A202606,C2027Q2T09,VICSA,1365,15,467
A202606,C2029Q1T02,SAVIC,1361.5,3,39
A202606,C2027Q4T07,VICNSW,1361.12,20,748
A202606,C2027Q3T08,VICNSW,1361.12,15,731
A202606,C2028Q3T04,VICNSW,1361.12,15,578
A202606,C2028Q4T03,VICNSW,1361.12,20,526
A202606,C2029Q2T01,VICNSW,1361.12,20,554
A202606,C2026Q3T12,NSWVIC,1361,2,205
A202606,C2026Q3T12,SAVIC,1360.13,10,193
A202606,C2026Q3T12,SAVIC,1360.128,3,196
A202606,C2029Q1T02,SAVIC,1360,6,45
A202606,C2027Q4T07,VICNSW,1360,4,752
A202606,C2027Q4T07,NSWVIC,1359.3,4,36
A202606,C2029Q1T02,VICNSW,1359.13,1,524
A202606,C2026Q3T12,NSWVIC,1357,4,209
A202606,C2027Q4T07,VICSA,1356.9,1,358
A202606,C2026Q3T12,NSWQLD,1356.24,13,148
A202606,C2027Q3T08,NSWVIC,1353.4,1,91
A202606,C2028Q2T05,VICNSW,1351.76,15,606
A202606,C2028Q1T06,VICNSW,1351.76,15,648
A202606,C2027Q2T09,VICNSW,1351.76,15,736
A202606,C2026Q3T12,NSWVIC,1351,4,213
A202606,C2029Q2T01,NSWVIC,1351,4,171
A202606,C2028Q3T04,NSWQLD,1350,3,129
A202606,C2027Q2T09,VICSA,1350,4,471
A202606,C2028Q4T03,NSWVIC,1350,10,104
A202606,C2029Q2T01,NSWQLD,1350,3,105
A202606,C2028Q2T05,NSWQLD,1350,3,139
A202606,C2028Q3T04,NSWQLD,1350,10,139
A202606,C2027Q1T10,VICSA,1350,15,358
A202606,C2026Q4T11,NSWVIC,1350,10,129
A202606,C2029Q2T01,NSWQLD,1350,10,115
A202606,C2028Q2T05,NSWVIC,1350,10,78
A202606,C2028Q2T05,NSWQLD,1350,10,149
A202606,C2029Q1T02,VICSA,1350,15,354
A202606,C2026Q3T12,NSWVIC,1350,5,218
A202606,C2028Q3T04,NSWQLD,1350,1,140
A202606,C2028Q2T05,NSWQLD,1350,1,150
A202606,C2027Q2T09,NSWQLD,1349.99,5,178
A202606,C2028Q1T06,NSWVIC,1348.44287,10,152
A202606,C2027Q3T08,NSWQLD,1348.17,10,185
A202606,C2027Q3T08,NSWQLD,1348.165,3,188
A202606,C2029Q1T02,NSWVIC,1348,10,220
A202606,C2027Q3T08,NSWQLD,1348,1,189
A202606,C2027Q1T10,NSWVIC,1347.5,15,326
A202606,C2027Q2T09,VICTAS,1347.36,4,530
A202606,C2028Q3T04,SAVIC,1345,8,119
A202606,C2026Q4T11,VICSA,1344.06,1,462
A202606,C2029Q2T01,NSWVIC,1344,5,176
A202606,C2028Q1T06,NSWVIC,1343.68,1,153
A202606,C2029Q2T01,NSWVIC,1343,1,177
A202606,C2028Q2T05,NSWVIC,1343,1,79
A202606,C2029Q1T02,VICNSW,1342.4,20,544
A202606,C2027Q2T09,SAVIC,1342,8,51
A202606,C2028Q1T06,NSWVIC,1341,3,156
A202606,C2027Q1T10,NSWVIC,1341,5,331
A202606,C2028Q3T04,VICNSW,1337.72,1,579
A202606,C2026Q3T12,NSWVIC,1337,1,219
A202606,C2028Q4T03,SAVIC,1336.99,12,80
A202606,C2026Q3T12,NSWQLD,1336.32,2,150
A202606,C2026Q3T12,NSWQLD,1336.32,2,152
A202606,C2029Q2T01,NSWVIC,1334,3,180
A202606,C2027Q3T08,VICTAS,1333.97,3,456
A202606,C2028Q1T06,NSWVIC,1330,6,162
A202606,C2028Q4T03,NSWVIC,1329.57,1,105
A202606,C2026Q3T12,VICTAS,1328,2,2047
A202606,C2028Q1T06,NSWVIC,1326,2,164
A202606,C2028Q1T06,TASVIC,1325.41,1,284
A202606,C2026Q4T11,SAVIC,1325,6,83
A202606,C2027Q1T10,NSWVIC,1325,10,341
A202606,C2028Q3T04,NSWQLD,1324.8,5,145
A202606,C2028Q3T04,VICSA,1323.7,10,406
A202606,C2028Q4T03,VICSA,1320.15,3,277
A202606,C2026Q4T11,VICNSW,1320.11999,1,845
A202606,C2028Q3T04,NSWVIC,1318.9,1,203
A202606,C2028Q3T04,NSWVIC,1318.9,10,213
A202606,C2027Q2T09,NSWQLD,1318.8,1,179
A202606,C2029Q2T01,VICSA,1318,10,375
A202606,C2028Q2T05,VICSA,1317.94,10,422
A202606,C2026Q3T12,TASVIC,1315.60999,14,1806
A202606,C2028Q4T03,TASVIC,1314.69095,5,179
A202606,C2027Q2T09,NSWVIC,1313.52,1,129
A202606,C2027Q2T09,SAVIC,1313.08283,10,61
A202606,C2027Q3T08,TASVIC,1311.33,3,418
A202606,C2029Q2T01,NSWQLD,1310.4,5,120
A202606,C2028Q2T05,NSWQLD,1310.4,5,155
A202606,C2026Q4T11,TASVIC,1309.16,7,644
A202606,C2027Q1T10,NSWVIC,1309,1,342
A202606,C2029Q2T01,NSWVIC,1309,4,184
A202606,C2026Q4T11,TASVIC,1308.23,7,651
A202606,C2027Q4T07,TASVIC,1307.29,2,228
A202606,C2029Q2T01,NSWVIC,1307,3,187
A202606,C2027Q3T08,NSWVIC,1305,12,103
A202606,C2029Q2T01,VICTAS,1304.98,4,227
A202606,C2026Q4T11,NSWVIC,1302.33,10,139
A202606,C2027Q4T07,NSWVIC,1302,4,40
A202606,C2026Q3T12,NSWVIC,1300.68,10,229
A202606,C2028Q4T03,VICSA,1300.67,8,285
A202606,C2028Q3T04,SAVIC,1300.67,6,125
A202606,C2028Q3T04,VICTAS,1300.33999,5,240
A202606,C2027Q4T07,VICSA,1300.08999,5,363
A202606,C2028Q2T05,VICNSW,1300.045,31,637
A202606,C2027Q4T07,TASVIC,1300.04,2,230
A202606,C2028Q3T04,NSWQLD,1300,12,157
A202606,C2027Q4T07,SAVIC,1300,4,29
A202606,C2027Q1T10,NSWVIC,1300,10,352
A202606,C2026Q3T12,NSWQLD,1300,2,154
A202606,C2027Q2T09,TASVIC,1299.29,3,547
A202606,C2027Q3T08,NSWVIC,1295.61999,11,114
A202606,C2029Q2T01,NSWVIC,1295.59999,1,188
A202606,C2028Q2T05,NSWVIC,1295.59999,1,80
A202606,C2028Q4T03,VICNSW,1295.3045,18,544
A202606,C2027Q2T09,NSWVIC,1295,12,141
A202606,C2027Q1T10,TASVIC,1293.73,8,679
A202606,C2027Q4T07,VICTAS,1293,20,411
A202606,C2027Q3T08,NSWVIC,1292.8,1,115
A202606,C2027Q4T07,NSWQLD,1290.76,2,310
A202606,C2027Q3T08,NSWQLD,1290.76,2,191
A202606,C2028Q1T06,NSWVIC,1290.64,1,165
A202606,C2026Q3T12,VICTAS,1290.43,17,2064
A202606,C2028Q4T03,VICSA,1290.10999,1,286
A202606,C2029Q1T02,VICNSW,1290.07,4,548
A202606,C2029Q2T01,NSWVIC,1290,8,196
A202606,C2029Q1T02,NSWVIC,1288,1,221
A202606,C2028Q4T03,SAVIC,1286.88464,10,90
A202606,C2029Q2T01,SAVIC,1286,2,72
A202606,C2026Q4T11,NSWVIC,1283.68,11,150
A202606,C2028Q3T04,NSWQLD,1282.5,1,158
A202606,C2029Q2T01,NSWQLD,1282.5,1,121
A202606,C2028Q2T05,NSWQLD,1282.5,1,156
A202606,C2027Q3T08,NSWQLD,1280.59999,1,192
A202606,C2028Q1T06,VICSA,1280.38,10,358
A202606,C2027Q1T10,NSWVIC,1280,6,358
A202606,C2027Q2T09,VICTAS,1279.99,4,534
A202606,C2028Q4T03,NSWVIC,1279.08,1,106
A202606,C2026Q3T12,NSWVIC,1275,15,244
A202606,C2028Q4T03,VICNSW,1274.13,1,545
A202606,C2026Q4T11,SAVIC,1273.08413,10,93
A202606,C2029Q2T01,VICNSW,1270.65,1,555
A202606,C2026Q4T11,NSWVIC,1270,4,154
A202606,C2026Q3T12,NSWVIC,1269.59999,24,268
A202606,C2029Q2T01,NSWVIC,1268,7,203
A202606,C2028Q3T04,NSWVIC,1267,4,217
A202606,C2028Q4T03,VICTAS,1266.07,5,241
A202606,C2029Q2T01,NSWVIC,1266,5,208
A202606,C2029Q1T02,VICTAS,1264.46,5,233
A202606,C2028Q2T05,VICSA,1262.5925,18,440
A202606,C2028Q2T05,NSWVIC,1262,1,81
A202606,C2027Q4T07,TASVIC,1261.82318,4,234
A202606,C2029Q2T01,NSWVIC,1260.92,10,218
A202606,C2027Q2T09,NSWQLD,1256,1,180
A202606,C2027Q2T09,NSWQLD,1255.8,10,190
A202606,C2027Q2T09,NSWQLD,1255.8,3,193
A202606,C2027Q3T08,NSWVIC,1255.75,10,125
A202606,C2027Q2T09,NSWVIC,1255.42,10,151
A202606,C2029Q2T01,SAVIC,1255.16,6,78
A202606,C2026Q3T12,NSWQLD,1254,4,158
A202606,C2026Q4T11,NSWVIC,1253,20,174
A202606,C2028Q2T05,NSWVIC,1253,1,82
A202606,C2027Q3T08,VICTAS,1251.06,3,459
A202606,C2029Q2T01,NSWVIC,1251,10,228
A202606,C2028Q1T06,VICNSW,1250.6125,31,679
A202606,C2027Q4T07,SAVIC,1250.23,6,35
A202606,C2026Q3T12,SAVIC,1250.13,6,202
A202606,C2028Q3T04,NSWVIC,1250.10999,10,227
A202606,C2028Q1T06,NSWVIC,1250.02,6,171
A202606,C2028Q3T04,NSWVIC,1250,3,230
A202606,C2026Q3T12,VICSA,1250,1,500
A202606,C2027Q2T09,VICSA,1250,1,472
A202606,C2026Q4T11,VICSA,1250,1,463
A202606,C2028Q2T05,SAVIC,1250,6,84
A202606,C2028Q2T05,NSWVIC,1248.2,1,83
A202606,C2029Q2T01,NSWVIC,1248.2,1,229
A202606,C2027Q3T08,SAVIC,1247.28,6,58
A202606,C2028Q3T04,NSWVIC,1247,7,237
A202606,C2028Q3T04,NSWVIC,1246.96,1,238
A202606,C2027Q1T10,VICNSW,1246.10999,1,813
A202606,C2027Q2T09,SAVIC,1246,10,71
A202606,C2027Q1T10,SAVIC,1246,10,107
A202606,C2026Q3T12,NSWQLD,1244.57,5,163
A202606,C2029Q2T01,NSWQLD,1243.64,5,126
A202606,C2027Q3T08,NSWQLD,1243.43,5,197
A202606,C2027Q2T09,NSWQLD,1243.25,5,198
A202606,C2028Q3T04,NSWQLD,1243.23,5,163
A202606,C2028Q2T05,NSWQLD,1243,5,161
A202606,C2028Q2T05,NSWVIC,1243,1,84
A202606,C2026Q4T11,TASVIC,1242.74,7,658
A202606,C2027Q3T08,NSWVIC,1241,3,128
A202606,C2028Q2T05,NSWVIC,1241,3,87
A202606,C2026Q3T12,NSWVIC,1241,5,273
A202606,C2027Q2T09,NSWVIC,1241,3,154
A202606,C2028Q4T03,SAVIC,1240.47,6,96
A202606,C2026Q4T11,NSWVIC,1240,10,184
A202606,C2028Q4T03,NSWVIC,1240,10,116
A202606,C2027Q2T09,NSWVIC,1239.83999,12,166
A202606,C2029Q2T01,NSWVIC,1239,5,234
A202606,C2028Q3T04,NSWVIC,1238,4,242
A202606,C2027Q2T09,NSWVIC,1237.74,1,167
A202606,C2028Q1T06,NSWVIC,1237.59999,1,172
A202606,C2026Q4T11,NSWVIC,1237,2,186
A202606,C2026Q4T11,TASVIC,1236.30004,10,668
A202606,C2028Q2T05,SAVIC,1236,8,92
A202606,C2029Q2T01,NSWQLD,1236,12,138
A202606,C2028Q2T05,VICTAS,1235.07,6,314
A202606,C2027Q3T08,VICTAS,1233.8,3,462
A202606,C2029Q1T02,TASVIC,1233.76,2,219
A202606,C2028Q4T03,TASVIC,1233.08,5,184
A202606,C2027Q3T08,NSWVIC,1232.2,1,129
A202606,C2028Q2T05,NSWVIC,1232,5,92
A202606,C2027Q2T09,NSWVIC,1232,3,170
A202606,C2028Q2T05,NSWVIC,1230,10,102
A202606,C2028Q2T05,NSWVIC,1230,1,103
A202606,C2028Q4T03,NSWVIC,1228.58999,1,117
A202606,C2029Q2T01,NSWVIC,1225,7,241
A202606,C2026Q3T12,NSWVIC,1224,2,275
A202606,C2028Q3T04,NSWVIC,1224,5,247
A202606,C2028Q2T05,NSWVIC,1222,1,104
A202606,C2029Q1T02,SAVIC,1220,6,51
A202606,C2028Q3T04,VICSA,1219.95,1,407
A202606,C2027Q2T09,VICTAS,1219.06,4,538
A202606,C2029Q1T02,VICNSW,1217.13,1,549
A202606,C2028Q3T04,NSWQLD,1215,1,164
A202606,C2028Q2T05,NSWQLD,1215,1,162
A202606,C2028Q1T06,TASVIC,1214.41,1,285
A202606,C2028Q3T04,SAVIC,1214.4,5,130
A202606,C2026Q4T11,SAVIC,1214.4,5,98
A202606,C2027Q4T07,SAVIC,1214.4,5,40
A202606,C2027Q3T08,SAVIC,1214.4,5,63
A202606,C2028Q4T03,SAVIC,1214.4,5,101
A202606,C2027Q3T08,TASVIC,1213.55,3,421
A202606,C2028Q3T04,TASVIC,1213.55,5,250
A202606,C2026Q3T12,TASVIC,1213.55,14,1820
A202606,C2027Q3T08,NSWQLD,1213.2,1,198
A202606,C2027Q3T08,VICSA,1212.74,1,497
A202606,C2027Q3T08,NSWVIC,1212.276,5,134
A202606,C2028Q2T05,NSWVIC,1212,1,105
A202606,C2027Q2T09,TASVIC,1211,20,567
A202606,C2026Q3T12,SAVIC,1209.57,12,214
A202606,C2026Q4T11,NSWVIC,1209.3,10,196
A202606,C2029Q2T01,NSWVIC,1207,9,250
A202606,C2029Q2T01,NSWVIC,1205.57,2,252
A202606,C2026Q4T11,TASVIC,1205.21089,25,693
A202606,C2029Q2T01,NSWQLD,1205,1,139
A202606,C2028Q3T04,NSWVIC,1204,5,252
A202606,C2029Q1T02,NSWVIC,1204,1,222
A202606,C2029Q2T01,NSWVIC,1204,20,272
A202606,C2026Q3T12,NSWVIC,1203,8,283
A202606,C2029Q2T01,SAVIC,1203,8,86
A202606,C2029Q2T01,NSWQLD,1203,10,149
A202606,C2028Q2T05,NSWQLD,1203,10,172
A202606,C2026Q4T11,SAVIC,1203,8,106
A202606,C2028Q2T05,NSWQLD,1203,8,180
A202606,C2027Q3T08,NSWQLD,1203,10,208
A202606,C2027Q2T09,NSWQLD,1203,10,208
A202606,C2027Q4T07,NSWVIC,1203,8,48
A202606,C2028Q3T04,NSWQLD,1203,10,174
A202606,C2026Q3T12,NSWQLD,1203,10,173
A202606,C2028Q3T04,NSWQLD,1203,8,182
A202606,C2029Q2T01,TASVIC,1202.73,4,236
A202606,C2027Q2T09,TASVIC,1202.73,3,570
A202606,C2028Q2T05,TASVIC,1202.73,6,298
A202606,C2029Q2T01,SAVIC,1201.2,5,91
A202606,C2028Q1T06,SAVIC,1201.2,5,66
A202606,C2027Q2T09,SAVIC,1201.2,5,76
A202606,C2028Q2T05,SAVIC,1201.2,5,97
A202606,C2028Q2T05,NSWVIC,1200.8,1,106
A202606,C2029Q2T01,NSWVIC,1200.8,1,273
A202606,C2026Q3T12,VICTAS,1200.59999,5,2069
A202606,C2029Q1T02,VICSA,1200.06,10,364
A202606,C2026Q3T12,NSWVIC,1200,1,284
A202606,C2029Q2T01,VICNSW,1200,6,561
A202606,C2029Q1T02,NSWVIC,1200,6,228
A202606,C2028Q4T03,NSWVIC,1200,6,123
A202606,C2028Q3T04,NSWVIC,1200,6,258
A202606,C2028Q1T06,NSWVIC,1200,6,178
A202606,C2028Q2T05,VICNSW,1200,6,643
A202606,C2026Q3T12,VICNSW,1200,6,837
A202606,C2026Q4T11,NSWVIC,1200,6,202
A202606,C2027Q1T10,VICNSW,1200,6,819
A202606,C2027Q2T09,VICNSW,1200,6,742
A202606,C2027Q3T08,NSWVIC,1200,6,140
A202606,C2027Q1T10,NSWVIC,1200,10,368
A202606,C2026Q4T11,NSWVIC,1200,20,222
A202606,C2026Q3T12,NSWVIC,1200,20,304
A202606,C2028Q1T06,SAVIC,1200,6,72
A202606,C2027Q3T08,VICNSW,1200,6,737
A202606,C2026Q4T11,VICNSW,1200,6,851
A202606,C2028Q4T03,VICNSW,1200,6,551
A202606,C2028Q3T04,VICNSW,1200,6,585
A202606,C2029Q2T01,NSWVIC,1200,6,279
A202606,C2028Q1T06,VICNSW,1200,6,685
A202606,C2027Q4T07,NSWVIC,1200,6,54
A202606,C2027Q1T10,NSWVIC,1200,6,374
A202606,C2029Q1T02,VICNSW,1200,6,555
A202606,C2026Q3T12,NSWVIC,1200,6,310
A202606,C2027Q4T07,VICNSW,1200,6,758
A202606,C2027Q2T09,NSWVIC,1200,6,176
A202606,C2028Q2T05,NSWVIC,1200,6,112
A202606,C2027Q1T10,VICTAS,1199.04,5,871
A202606,C2028Q1T06,VICTAS,1199.04,2,381
A202606,C2029Q1T02,VICTAS,1199.04,4,237
A202606,C2028Q2T05,NSWVIC,1199,1,113
A202606,C2028Q1T06,NSWVIC,1197.45,11,189
A202606,C2027Q3T08,SAVIC,1196,8,71
A202606,C2029Q2T01,NSWQLD,1196,2,151
A202606,C2028Q3T04,NSWVIC,1196,4,262
A202606,C2027Q1T10,NSWVIC,1193.5,1,375
A202606,C2027Q2T09,NSWQLD,1193.2,1,209
A202606,C2027Q2T09,NSWVIC,1192.46,2,178
A202606,C2028Q2T05,NSWVIC,1192.46,2,115
A202606,C2026Q4T11,SAVIC,1191.05,10,116
A202606,C2029Q2T01,NSWVIC,1191,11,290
A202606,C2028Q3T04,TASVIC,1190,20,270
A202606,C2029Q1T02,SAVIC,1188,5,56
A202606,C2029Q2T01,NSWQLD,1188,1,152
A202606,C2027Q1T10,SAVIC,1188,5,112
A202606,C2026Q3T12,VICTAS,1187.14,17,2086
A202606,C2028Q3T04,VICTAS,1186.14,5,245
A202606,C2028Q1T06,NSWVIC,1184.56,1,190
A202606,C2028Q3T04,NSWVIC,1184,1,263
A202606,C2029Q2T01,NSWVIC,1183,6,296
A202606,C2027Q3T08,VICNSW,1180.56,15,752
A202606,C2027Q4T07,VICNSW,1180.56,20,778
A202606,C2028Q4T03,VICNSW,1180.56,20,571
A202606,C2028Q3T04,VICNSW,1180.56,15,600
A202606,C2029Q2T01,VICNSW,1180.56,20,581
A202606,C2028Q2T05,NSWVIC,1180,1,116
A202606,C2027Q4T07,VICNSW,1180,4,782
A202606,C2028Q2T05,VICSA,1179.82,1,441
A202606,C2029Q2T01,VICSA,1179.82,1,376
A202606,C2028Q3T04,NSWVIC,1179,1,264
A202606,C2028Q4T03,NSWVIC,1178.289,5,128
A202606,C2028Q4T03,NSWVIC,1178.09999,1,129
A202606,C2027Q4T07,VICSA,1177.69,1,364
A202606,C2026Q4T11,TASVIC,1176.31,7,700
A202606,C2029Q2T01,NSWQLD,1176,3,155
A202606,C2027Q2T09,VICNSW,1175.88,15,757
A202606,C2028Q2T05,VICNSW,1175.88,15,658
A202606,C2028Q1T06,VICNSW,1175.88,15,700
A202606,C2028Q3T04,NSWVIC,1175.02,1,265
A202606,C2028Q3T04,SAVIC,1174.83999,11,141
A202606,C2027Q3T08,NSWVIC,1171.59999,1,141
A202606,C2029Q1T02,VICNSW,1171.2,20,575
A202606,C2028Q2T05,NSWVIC,1171,1,117
A202606,C2027Q2T09,VICSA,1170.4,1,473
A202606,C2026Q3T12,NSWVIC,1170,1,311
A202606,C2026Q3T12,NSWQLD,1169.28,2,175
A202606,C2026Q3T12,NSWQLD,1169.28,2,177
A202606,C2027Q3T08,VICTAS,1168.14,3,465
A202606,C2029Q2T01,NSWQLD,1168,3,158
A202606,C2028Q2T05,NSWVIC,1168,2,119
A202606,C2029Q2T01,VICTAS,1166.28,4,231
A202606,C2028Q4T03,NSWQLD,1166,5,340
A202606,C2027Q4T07,NSWQLD,1164.32,1,311
A202606,C2028Q3T04,VICTAS,1163.19,5,250
A202606,C2026Q3T12,NSWVIC,1162,2,313
A202606,C2028Q3T04,NSWQLD,1162,2,184
A202606,C2028Q3T04,NSWVIC,1162,2,267
A202606,C2027Q2T09,NSWVIC,1161.96,1,179
A202606,C2029Q2T01,NSWQLD,1161,5,163
A202606,C2027Q2T09,QLDNSW,1160.25,10,744
A202606,C2029Q1T02,VICNSW,1160.07,4,579
A202606,C2027Q2T09,VICTAS,1158.11999,4,542
A202606,C2028Q3T04,NSWQLD,1158,2,186
A202606,C2027Q4T07,TASVIC,1157.29,2,236
A202606,C2028Q3T04,VICSA,1156.34999,10,417
A202606,C2028Q1T06,VICTAS,1155.96,2,383
A202606,C2028Q4T03,VICSA,1155.1295,10,296
A202606,C2027Q1T10,NSWVIC,1155,23,398
A202606,C2029Q1T02,SAVIC,1154,6,62
A202606,C2027Q4T07,VICSA,1153.71,10,374
A202606,C2029Q2T01,NSWVIC,1153.4,1,297
A202606,C2028Q2T05,NSWVIC,1153.4,1,120
A202606,C2026Q3T12,NSWVIC,1151.84999,11,324
A202606,C2028Q3T04,NSWVIC,1150,10,277
A202606,C2028Q2T05,NSWVIC,1150,1,121
A202606,C2029Q1T02,NSWVIC,1150,10,238
A202606,C2028Q1T06,VICNSW,1150,10,710
A202606,C2028Q3T04,VICNSW,1150,10,610
A202606,C2028Q2T05,VICNSW,1150,10,668
A202606,C2028Q4T03,VICTAS,1149.58,5,246
A202606,C2026Q4T11,VICTAS,1149.58,8,1103
A202606,C2027Q4T07,VICTAS,1149.58,3,414
A202606,C2026Q3T12,TASVIC,1149.09999,14,1834
A202606,C2028Q2T05,NSWQLD,1147.5,1,181
A202606,C2028Q3T04,NSWQLD,1147.5,1,187
A202606,C2027Q3T08,TASVIC,1146.96,3,424
A202606,C2027Q3T08,NSWQLD,1145.8,1,209
A202606,C2029Q2T01,NSWQLD,1144,1,164
A202606,C2028Q2T05,NSWVIC,1144,2,123
A202606,C2028Q4T03,VICNSW,1141.02,1,572
A202606,C2028Q3T04,NSWQLD,1141,3,190
A202606,C2026Q3T12,NSWQLD,1140.57,5,182
A202606,C2026Q3T12,NSWVIC,1140,1,325
A202606,C2028Q4T03,VICSA,1139.59999,1,297
A202606,C2028Q3T04,NSWQLD,1139,2,192
A202606,C2027Q1T10,VICTAS,1138.77,5,876
A202606,C2028Q3T04,NSWVIC,1138,6,283
A202606,C2026Q4T11,SAVIC,1137,6,122
A202606,C2027Q2T09,NSWVIC,1136.7,5,184
A202606,C2027Q4T07,SAVIC,1135.23,6,46
A202606,C2028Q2T05,SAVIC,1135,6,103
A202606,C2027Q1T10,SAVIC,1135,9,121
A202606,C2028Q3T04,VICNSW,1134.15,1,611
A202606,C2028Q4T03,TASVIC,1132.09499,6,190
A202606,C2028Q1T06,NSWVIC,1131.52,1,191
A202606,C2028Q1T06,TASVIC,1130.99,7,292
A202606,C2027Q2T09,NSWQLD,1130.4,1,210
A202606,C2026Q4T11,NSWVIC,1130,10,232
A202606,C2028Q4T03,NSWVIC,1130,10,139
A202606,C2026Q3T12,NSWVIC,1129,2,327
A202606,C2028Q3T04,NSWVIC,1129,5,288
A202606,C2028Q4T03,NSWVIC,1127.60999,1,140
A202606,C2027Q1T10,VICSA,1127.522,32,390
A202606,C2029Q2T01,NSWQLD,1126,2,166
A202606,C2026Q3T12,NSWVIC,1125.68,10,337
A202606,C2028Q4T03,NSWQLD,1125.11999,1,341
A202606,C2028Q1T06,NSWVIC,1125.02,6,197
A202606,C2028Q2T05,NSWVIC,1125,1,124
A202606,C2028Q2T05,SAVIC,1124.9,3,106
A202606,C2029Q2T01,SAVIC,1124.9,3,94
A202606,C2027Q1T10,NSWVIC,1123.51,13,411
A202606,C2028Q3T04,NSWQLD,1123,2,194
A202606,C2027Q3T08,NSWQLD,1123,1,210
A202606,C2028Q4T03,VICSA,1122.13,10,307
A202606,C2028Q1T06,SAVIC,1120.546,1,73
A202606,C2029Q1T02,NSWVIC,1120.184,10,248
A202606,C2029Q1T02,NSWVIC,1120,1,249
A202606,C2028Q3T04,SAVIC,1118.7825,6,147
A202606,C2027Q2T09,VICTAS,1118.11999,4,546
A202606,C2028Q3T04,NSWVIC,1118,6,294
A202606,C2028Q3T04,NSWQLD,1118,4,198
A202606,C2029Q2T01,NSWQLD,1116.64,5,171
A202606,C2027Q3T08,NSWQLD,1116.43,5,215
A202606,C2026Q4T11,NSWVIC,1116.28,10,242
A202606,C2026Q4T11,NSWVIC,1116.276,5,247
A202606,C2027Q2T09,NSWQLD,1116.25,5,215
A202606,C2028Q3T04,NSWQLD,1116.23,5,203
A202606,C2027Q3T08,SAVIC,1116.11999,11,82
A202606,C2028Q2T05,NSWQLD,1116,5,186
A202606,C2028Q1T06,SAVIC,1115,6,79
A202606,C2028Q2T05,NSWVIC,1115,1,125
A202606,C2029Q2T01,NSWQLD,1114,1,172
A202606,C2028Q2T05,VICSA,1111.08,10,451
A202606,C2029Q2T01,VICSA,1111.08,10,386
A202606,C2027Q3T08,NSWVIC,1111,1,142
A202606,C2026Q3T12,NSWVIC,1110,1,338
A202606,C2029Q1T02,VICTAS,1110,20,257
A202606,C2028Q2T05,NSWVIC,1110,10,135
A202606,C2026Q4T11,TASVIC,1109.89,7,707
A202606,C2029Q2T01,NSWVIC,1106.32199,5,302
A202606,C2028Q2T05,NSWVIC,1106.32199,5,140
A202606,C2027Q2T09,NSWVIC,1106.32,5,189
A202606,C2028Q3T04,NSWVIC,1106,4,298
A202606,C2028Q2T05,NSWVIC,1106,1,141
A202606,C2029Q2T01,NSWVIC,1106,1,303
A202606,C2028Q4T03,NSWVIC,1104.71,12,152
A202606,C2027Q4T07,TASVIC,1104,20,256
A202606,C2026Q3T12,QLDNSW,1104,10,705
A202606,C2026Q4T11,TASVIC,1104,20,727
A202606,C2028Q4T03,TASVIC,1104,20,210
A202606,C2027Q3T08,QLDNSW,1104,10,703
A202606,C2028Q3T04,QLDNSW,1104,10,685
A202606,C2028Q1T06,TASVIC,1103.41,5,297
A202606,C2028Q3T04,NSWVIC,1103.08,1,299
A202606,C2028Q2T05,NSWVIC,1103,3,144
A202606,C2029Q2T01,NSWQLD,1103,2,174
A202606,C2027Q3T08,NSWQLD,1102,2,217
A202606,C2029Q2T01,NSWVIC,1101.24,2,305
A202606,C2028Q4T03,SAVIC,1100.429,6,107
A202606,C2027Q4T07,VICSA,1100.08999,5,379
A202606,C2029Q2T01,VICNSW,1100.02,10,591
A202606,C2029Q2T01,NSWQLD,1100,6,180
A202606,C2027Q2T09,SAVIC,1100,9,85
A202606,C2026Q4T11,NSWVIC,1100,10,257
A202606,C2026Q3T12,NSWVIC,1100,5,343
A202606,C2028Q4T03,VICNSW,1100,10,582
A202606,C2026Q3T12,NSWQLD,1100,2,184
A202606,C2028Q4T03,SAVIC,1100,6,113
A202606,C2027Q3T08,SAVIC,1100,5,87
A202606,C2026Q3T12,NSWVIC,1100,6,349
A202606,C2028Q3T04,NSWQLD,1099,3,206
A202606,C2026Q4T11,TASVIC,1098.55,7,734
A202606,C2027Q2T09,VICTAS,1097.19,4,550
A202606,C2026Q3T12,NSWVIC,1095,4,353
A202606,C2028Q3T04,NSWVIC,1094,9,308
A202606,C2029Q1T02,SAVIC,1093.84999,11,73
A202606,C2029Q2T01,NSWQLD,1093.5,1,181
A202606,C2028Q3T04,NSWQLD,1093,1,207
A202606,C2028Q1T06,VICTAS,1092,1,384
A202606,C2029Q2T01,QLDNSW,1092,10,701
A202606,C2028Q2T05,QLDNSW,1092,10,703
A202606,C2028Q1T06,TASVIC,1092,20,317
A202606,C2028Q2T05,NSWQLD,1092,5,191
A202606,C2027Q1T10,TASVIC,1091.31,8,687
A202606,C2027Q3T08,NSWVIC,1090.75,10,152
A202606,C2027Q2T09,NSWVIC,1090.42,10,199
A202606,C2029Q2T01,SAVIC,1090.16,6,100
A202606,C2028Q1T06,SAVIC,1090,6,85
A202606,C2026Q4T11,SAVIC,1090,6,128
A202606,C2028Q2T05,NSWVIC,1090,2,146
A202606,C2027Q2T09,NSWVIC,1089.27,2,201
A202606,C2028Q2T05,NSWVIC,1089.27,2,148
A202606,C2029Q2T01,NSWQLD,1089,6,187
A202606,C2028Q2T05,TASVIC,1089,20,318
A202606,C2027Q1T10,SAVIC,1087,6,127
A202606,C2027Q2T09,NSWVIC,1086.18,1,202
A202606,C2027Q4T07,NSWVIC,1085.27,4,58
A202606,C2027Q3T08,VICTAS,1085.23,3,468
A202606,C2028Q3T04,NSWVIC,1084,9,317
A202606,C2026Q3T12,VICTAS,1083.83999,17,2103
A202606,C2028Q2T05,NSWQLD,1083,2,193
A202606,C2027Q1T10,SAVIC,1082.11999,11,138
A202606,C2028Q2T05,NSWVIC,1081,3,151
A202606,C2028Q3T04,NSWQLD,1081,1,208
A202606,C2028Q3T04,NSWQLD,1080,1,209
A202606,C2029Q1T02,SAVIC,1080,6,79
A202606,C2029Q1T02,TASVIC,1080,20,239
A202606,C2026Q3T12,NSWVIC,1080,1,354
A202606,C2029Q2T01,NSWQLD,1080,5,192
A202606,C2028Q3T04,NSWQLD,1080,5,214
A202606,C2029Q1T02,VICTAS,1080,1,258
A202606,C2027Q1T10,VICTAS,1080,1,877
A202606,C2029Q2T01,NSWQLD,1080,3,195
A202606,C2028Q2T05,NSWQLD,1080,5,198
A202606,C2028Q2T05,NSWQLD,1080,1,199
A202606,C2028Q2T05,NSWQLD,1080,3,202
A202606,C2028Q3T04,NSWQLD,1080,3,217
A202606,C2027Q1T10,TASVIC,1080,20,707
A202606,C2028Q2T05,NSWVIC,1078.75,11,162
A202606,C2027Q3T08,NSWQLD,1078.53199,3,220
A202606,C2027Q3T08,NSWQLD,1078.53,5,225
A202606,C2028Q1T06,NSWVIC,1078.48,1,198
A202606,C2027Q3T08,NSWQLD,1078.4,1,226
A202606,C2029Q2T01,NSWVIC,1078.4,11,316
A202606,C2027Q1T10,NSWVIC,1078,1,412
A202606,C2029Q2T01,VICNSW,1077.29,1,592
A202606,C2028Q4T03,NSWVIC,1077.11999,1,153
A202606,C2029Q2T01,NSWVIC,1075.92,10,326
A202606,C2029Q1T02,VICNSW,1075.13,1,580
A202606,C2029Q2T01,NSWQLD,1075,8,203
A202606,C2028Q3T04,NSWQLD,1072,1,218
A202606,C2026Q4T11,SAVIC,1071.945,3,131
A202606,C2028Q3T04,NSWVIC,1071,9,326
A202606,C2029Q1T02,SAVIC,1069.75,6,85
A202606,C2028Q2T05,NSWVIC,1069,2,164
A202606,C2026Q3T12,SAVIC,1068.68,10,224
A202606,C2027Q2T09,NSWQLD,1067.59999,1,216
A202606,C2026Q3T12,SAVIC,1067,4,228
A202606,C2028Q2T05,NSWQLD,1066,1,203
A202606,C2028Q2T05,NSWQLD,1064,1,204
A202606,C2028Q3T04,NSWVIC,1063,7,333
A202606,C2027Q4T07,TASVIC,1062.58794,6,262
A202606,C2029Q1T02,TASVIC,1061.32,2,241
A202606,C2028Q1T06,NSWVIC,1060.8,5,203
A202606,C2028Q3T04,SAVIC,1060.67,6,153
A202606,C2027Q3T08,SAVIC,1060.28,6,93
A202606,C2027Q4T07,TASVIC,1060.04,2,264
A202606,C2029Q2T01,NSWQLD,1060,4,207
A202606,C2027Q1T10,NSWVIC,1058.75,15,427
A202606,C2029Q2T01,NSWVIC,1058.59999,1,327
A202606,C2028Q2T05,NSWVIC,1058.59999,1,165
A202606,C2028Q3T04,NSWQLD,1057,3,221
A202606,C2028Q2T05,NSWVIC,1057,2,167
A202606,C2027Q4T07,NSWVIC,1056,6,64
A202606,C2027Q4T07,VICTAS,1055.93,3,417
A202606,C2026Q4T11,NSWQLD,1055.77,5,297
A202606,C2027Q1T10,SAVIC,1055,10,148
A202606,C2026Q3T12,NSWQLD,1055,6,190
A202606,C2027Q2T09,SAVIC,1055,10,95
A202606,C2027Q4T07,NSWVIC,1053,20,84
A202606,C2028Q3T04,NSWQLD,1053,3,224
A202606,C2027Q3T08,VICSA,1052.74,10,507
A202606,C2029Q2T01,NSWQLD,1052,1,208
A202606,C2028Q3T04,VICSA,1051.228,37,454
A202606,C2028Q4T03,SAVIC,1050.49,13,126
A202606,C2028Q4T03,SAVIC,1050.47,6,132
A202606,C2027Q3T08,NSWVIC,1050.4,1,153
A202606,C2028Q1T06,TASVIC,1050.29,5,322
A202606,C2027Q1T10,NSWVIC,1050,10,437
A202606,C2026Q3T12,NSWVIC,1050,15,369
A202606,C2026Q3T12,NSWVIC,1050,1,370
A202606,C2028Q2T05,NSWVIC,1048,2,169
A202606,C2028Q2T05,NSWQLD,1047,2,206
A202606,C2028Q3T04,SAVIC,1045,12,165
A202606,C2028Q2T05,NSWQLD,1044,2,208
A202606,C2026Q4T11,TASVIC,1043.46,7,741
A202606,C2027Q2T09,SAVIC,1043,12,107
A202606,C2028Q2T05,NSWVIC,1042,4,173
A202606,C2028Q3T04,NSWVIC,1042,7,340
A202606,C2029Q2T01,VICNSW,1040.036,63,655
A202606,C2026Q3T12,NSWVIC,1040,2,372
A202606,C2026Q4T11,TASVIC,1037.82049,30,771
A202606,C2029Q2T01,NSWQLD,1037,4,212
A202606,C2026Q3T12,NSWQLD,1036.57,5,195
A202606,C2027Q2T09,VICTAS,1036.26,4,554
A202606,C2029Q1T02,NSWVIC,1036,1,250
A202606,C2028Q3T04,NSWQLD,1036,6,230
A202606,C2026Q4T11,VICTAS,1035.57,8,1111
A202606,C2028Q2T05,NSWVIC,1032,5,178
A202606,C2028Q3T04,NSWVIC,1031.14,1,341
A202606,C2027Q3T08,NSWQLD,1031,3,229
A202606,C2027Q4T07,VICSA,1030.0925,18,397
A202606,C2029Q1T02,VICNSW,1030.07,4,584
A202606,C2026Q4T11,NSWVIC,1029,6,263
A202606,C2028Q2T05,NSWQLD,1028,3,211
A202606,C2026Q3T12,TASVIC,1027.85999,105,1939
A202606,C2029Q2T01,VICTAS,1027.58,4,235
A202606,C2027Q3T08,SAVIC,1026.67,5,98
A202606,C2028Q4T03,NSWVIC,1026.63,1,154
A202606,C2028Q3T04,VICTAS,1026.03,5,255
A202606,C2028Q1T06,NSWVIC,1025.44,1,204
A202606,C2028Q3T04,NSWQLD,1025,3,233
A202606,C2027Q1T10,SAVIC,1021.5,3,151
A202606,C2027Q4T07,SAVIC,1020.23,6,52
A202606,C2026Q4T11,NSWVIC,1020,10,273
A202606,C2028Q4T03,NSWVIC,1020,10,164
A202606,C2027Q2T09,NSWVIC,1020,3,205
A202606,C2028Q2T05,SAVIC,1020,6,112
A202606,C2026Q3T12,NSWVIC,1020,1,373
A202606,C2028Q3T04,NSWQLD,1018,6,239
A202606,C2028Q3T04,SAVIC,1017.08,5,170
A202606,C2029Q2T01,NSWQLD,1017,1,213
A202606,C2028Q2T05,NSWQLD,1017,1,212
A202606,C2028Q2T05,NSWQLD,1014,2,214
A202606,C2029Q2T01,NSWQLD,1014,4,217
A202606,C2026Q4T11,SAVIC,1012.39,10,141
A202606,C2027Q2T09,NSWVIC,1012,5,210
A202606,C2029Q2T01,NSWVIC,1011.2,1,328
A202606,C2028Q2T05,NSWVIC,1011.2,1,179
A202606,C2027Q4T07,SAVIC,1011,6,58
A202606,C2027Q2T09,VICSA,1010.4,10,483
A202606,C2027Q2T09,NSWVIC,1010.4,1,211
A202606,C2029Q2T01,VICSA,1010.074,37,423
A202606,C2029Q1T02,TASVIC,1010,20,261
A202606,C2028Q3T04,NSWQLD,1009,5,244
A202606,C2028Q4T03,VICNSW,1007.9,1,583
A202606,C2027Q4T07,TASVIC,1007.29,2,266
A202606,C2028Q3T04,NSWVIC,1006.45,13,354
A202606,C2029Q1T02,NSWVIC,1005.58,13,263
A202606,C2027Q2T09,NSWVIC,1005,5,216
A202606,C2027Q2T09,NSWQLD,1004.8,1,217
A202606,C2027Q2T09,NSWQLD,1004.64,5,222
A202606,C2027Q2T09,NSWQLD,1004.64,3,225
A202606,C2028Q4T03,NSWVIC,1004.64,2,166
A202606,C2029Q1T02,VICSA,1003,10,374
A202606,C2029Q1T02,NSWVIC,1003,20,283
A202606,C2026Q3T12,NSWQLD,1003,10,205
A202606,C2029Q1T02,VICNSW,1003,10,594
A202606,C2028Q1T06,NSWVIC,1003,20,224
A202606,C2028Q1T06,VICSA,1003,10,368
A202606,C2028Q1T06,VICNSW,1003,10,720
A202606,C2028Q4T03,VICSA,1003,10,317
A202606,C2027Q2T09,VICSA,1003,8,491
A202606,C2028Q1T06,TASVIC,1003,20,342
A202606,C2027Q4T07,QLDNSW,1003,8,700
A202606,C2027Q2T09,NSWQLD,1003,16,241
A202606,C2027Q3T08,VICSA,1003,10,517
A202606,C2028Q1T06,SAVIC,1003,10,95
A202606,C2027Q2T09,SAVIC,1003,8,115
A202606,C2027Q3T08,VICNSW,1003,10,762
A202606,C2027Q3T08,NSWQLD,1003,16,245
A202606,C2026Q3T12,NSWVIC,1003,8,381
A202606,C2027Q2T09,QLDNSW,1003,16,760
A202606,C2026Q3T12,VICTAS,1003,20,2123
A202606,C2026Q3T12,QLDNSW,1003,8,713
A202606,C2026Q3T12,VICSA,1003,8,508
A202606,C2026Q3T12,SAVIC,1003,8,236
A202606,C2029Q2T01,VICNSW,1003,16,671
A202606,C2027Q2T09,NSWVIC,1003,8,224
A202606,C2027Q4T07,SAVIC,1003,8,66
A202606,C2029Q2T01,NSWVIC,1003,16,344
A202606,C2026Q3T12,NSWQLD,1003,8,213
A202606,C2029Q2T01,SAVIC,1003,8,108
A202606,C2029Q2T01,QLDNSW,1003,8,709
A202606,C2027Q1T10,TASVIC,1003,20,727
A202606,C2028Q3T04,SAVIC,1003,10,180
A202606,C2027Q1T10,VICNSW,1003,10,829
A202606,C2028Q2T05,NSWQLD,1003,10,224
A202606,C2026Q4T11,VICNSW,1003,16,867
A202606,C2028Q3T04,NSWQLD,1003,10,254
A202606,C2026Q4T11,QLDNSW,1003,8,697
A202606,C2027Q1T10,SAVIC,1003,16,167
A202606,C2026Q4T11,SAVIC,1003,8,149
A202606,C2027Q4T07,NSWQLD,1003,8,319
A202606,C2028Q4T03,VICSA,1003,8,325
A202606,C2029Q1T02,VICTAS,1003,20,278
A202606,C2029Q1T02,SAVIC,1003,10,95
A202606,C2029Q1T02,VICSA,1003,8,382
A202606,C2029Q1T02,TASVIC,1003,20,281
A202606,C2027Q2T09,NSWQLD,1003,10,251
A202606,C2026Q4T11,NSWVIC,1003,16,289
A202606,C2028Q4T03,NSWVIC,1003,8,174
A202606,C2027Q1T10,VICTAS,1003,20,897
A202606,C2028Q2T05,NSWVIC,1003,10,189
A202606,C2028Q1T06,NSWVIC,1003,16,240
A202606,C2026Q3T12,NSWVIC,1003,10,391
A202606,C2029Q2T01,VICSA,1003,10,433
A202606,C2029Q2T01,NSWVIC,1003,10,354
A202606,C2027Q3T08,TASVIC,1003,20,444
A202606,C2028Q4T03,TASVIC,1003,20,230
A202606,C2029Q2T01,VICNSW,1003,10,681
A202606,C2028Q3T04,VICNSW,1003,8,619
A202606,C2026Q4T11,NSWQLD,1003,8,305
A202606,C2028Q3T04,VICSA,1003,16,470
A202606,C2028Q3T04,NSWVIC,1003,8,362
A202606,C2029Q2T01,VICTAS,1003,20,255
A202606,C2029Q2T01,NSWQLD,1003,10,227
A202606,C2028Q2T05,VICNSW,1003,10,678
A202606,C2028Q2T05,VICTAS,1003,20,334
A202606,C2028Q4T03,NSWQLD,1003,16,357
A202606,C2028Q2T05,TASVIC,1003,20,338
A202606,C2028Q2T05,SAVIC,1003,10,122
A202606,C2028Q2T05,VICSA,1003,10,461
A202606,C2027Q4T07,VICSA,1003,8,405
A202606,C2029Q2T01,SAVIC,1003,10,118
A202606,C2029Q2T01,TASVIC,1003,20,256
A202606,C2027Q1T10,VICSA,1003,16,406
A202606,C2028Q1T06,VICTAS,1003,20,404
A202606,C2027Q3T08,VICNSW,1003,8,770
A202606,C2028Q4T03,VICNSW,1003,10,593
A202606,C2027Q3T08,VICSA,1003,8,525
A202606,C2027Q3T08,NSWVIC,1003,8,161
A202606,C2027Q3T08,QLDNSW,1003,16,719
A202606,C2027Q3T08,SAVIC,1003,8,106
A202606,C2027Q1T10,VICSA,1003,10,416
A202606,C2026Q3T12,VICSA,1003,10,518
A202606,C2026Q3T12,VICNSW,1003,10,847
A202606,C2027Q3T08,NSWQLD,1003,10,255
A202606,C2027Q3T08,NSWVIC,1003,10,171
A202606,C2027Q3T08,VICTAS,1003,20,488
A202606,C2027Q3T08,SAVIC,1003,10,116
A202606,C2028Q1T06,QLDNSW,1003,8,766
A202606,C2029Q1T02,QLDNSW,1003,8,733
A202606,C2028Q3T04,SAVIC,1003,16,196
A202606,C2028Q2T05,VICSA,1003,16,477
A202606,C2029Q2T01,NSWQLD,1003,8,235
A202606,C2028Q2T05,VICNSW,1003,8,686
A202606,C2028Q2T05,NSWVIC,1003,8,197
A202606,C2029Q1T02,SAVIC,1003,8,103
A202606,C2028Q1T06,VICNSW,1003,16,736
A202606,C2028Q2T05,SAVIC,1003,16,138
A202606,C2028Q2T05,NSWQLD,1003,8,232
A202606,C2028Q4T03,VICNSW,1003,8,601
A202606,C2028Q1T06,NSWQLD,1003,8,356
A202606,C2027Q2T09,VICNSW,1003,8,765
A202606,C2027Q1T10,VICTAS,1003,20,917
A202606,C2027Q1T10,SAVIC,1003,10,177
A202606,C2027Q1T10,TASVIC,1003,20,747
A202606,C2027Q2T09,VICSA,1003,10,501
A202606,C2027Q2T09,VICNSW,1003,10,775
A202606,C2028Q4T03,SAVIC,1003,8,140
A202606,C2028Q4T03,QLDNSW,1003,16,678
A202606,C2027Q4T07,NSWVIC,1003,8,92
A202606,C2027Q1T10,NSWVIC,1003,20,457
A202606,C2027Q1T10,NSWVIC,1003,8,465
A202606,C2027Q1T10,VICNSW,1003,8,837
A202606,C2028Q3T04,NSWQLD,1003,8,262
A202606,C2027Q2T09,TASVIC,1003,20,590
A202606,C2027Q2T09,SAVIC,1003,10,125
A202606,C2026Q4T11,VICSA,1003,10,473
A202606,C2027Q4T07,SAVIC,1003,10,76
A202606,C2027Q2T09,VICTAS,1003,20,574
A202606,C2027Q2T09,NSWVIC,1003,10,234
A202606,C2029Q1T02,NSWQLD,1003,8,348
A202606,C2028Q4T03,VICTAS,1003,20,266
A202606,C2028Q4T03,NSWVIC,1003,10,184
A202606,C2028Q3T04,NSWVIC,1003,10,372
A202606,C2028Q4T03,SAVIC,1003,10,150
A202606,C2027Q4T07,VICNSW,1003,10,792
A202606,C2027Q4T07,VICSA,1003,10,415
A202606,C2026Q3T12,TASVIC,1003,20,1959
A202606,C2026Q3T12,SAVIC,1003,10,246
A202606,C2028Q3T04,VICSA,1003,10,480
A202606,C2028Q3T04,VICNSW,1003,10,629
A202606,C2026Q4T11,VICNSW,1003,10,877
A202606,C2027Q4T07,TASVIC,1003,20,286
A202606,C2026Q4T11,TASVIC,1003,20,791
A202606,C2026Q4T11,SAVIC,1003,10,159
A202606,C2026Q4T11,VICTAS,1003,20,1131
A202606,C2027Q4T07,VICTAS,1003,20,437
A202606,C2027Q3T08,VICTAS,1002.32,3,491
A202606,C2026Q3T12,NSWQLD,1002.24,2,215
A202606,C2026Q3T12,NSWQLD,1002.24,5,220
A202606,C2027Q1T10,VICSA,1002.02,8,424
A202606,C2026Q4T11,VICSA,1001.02,8,481
A202606,C2028Q3T04,VICSA,1000.98,1,481
A202606,C2028Q4T03,SAVIC,1000.39,5,155
A202606,C2026Q3T12,SAVIC,1000.13,6,252
A202606,C2028Q3T04,NSWVIC,1000.11,10,382
A202606,C2028Q1T06,NSWVIC,1000.02,6,246
A202606,C2029Q1T02,VICNSW,1000,20,614
A202606,C2028Q4T03,VICNSW,1000,20,621
A202606,C2028Q2T05,VICNSW,1000,15,701
A202606,C2026Q3T12,VICTAS,1000,100,2223
A202606,C2026Q4T11,VICTAS,1000,100,1231
A202606,C2026Q3T12,SAVIC,1000,15,267
A202606,C2027Q1T10,VICNSW,1000,56,893
A202606,C2027Q2T09,VICNSW,1000,15,790
A202606,C2029Q2T01,VICNSW,1000,20,701
A202606,C2027Q2T09,NSWQLD,1000,5,256
A202606,C2028Q2T05,NSWQLD,1000,2,234
A202606,C2028Q3T04,VICNSW,1000,15,644
A202606,C2026Q4T11,NSWVIC,1000,10,299
A202606,C2027Q2T09,NSWVIC,1000,20,254
A202606,C2026Q3T12,NSWVIC,1000,5,396
A202606,C2027Q1T10,VICNSW,1000,27,920
A202606,C2027Q4T07,VICNSW,1000,26,818
A202606,C2028Q1T06,VICNSW,1000,27,763
A202606,C2027Q3T08,VICNSW,1000,15,785
A202606,C2026Q4T11,VICNSW,1000,10,887
A202606,C2026Q3T12,VICNSW,1000,10,857
A202606,C2027Q4T07,NSWQLD,1000,5,324
A202606,C2029Q2T01,VICSA,1000,10,443
A202606,C2027Q3T08,NSWQLD,1000,5,260
A202606,C2026Q4T11,SAVIC,1000,15,174
A202606,C2027Q1T10,VICTAS,1000,100,1017
A202606,C2027Q1T10,SAVIC,1000,15,192
A202606,C2027Q2T09,VICSA,999.98,8,509
A202606,C2029Q2T01,SAVIC,999,1,119
A202606,C2029Q2T01,NSWQLD,999,1,236
A202606,C2027Q2T09,NSWVIC,999,3,257
A202606,C2027Q4T07,VICSA,998.47,1,416
A202606,C2029Q2T01,NSWQLD,997,5,241
A202606,C2028Q3T04,SAVIC,997,1,197
A202606,C2029Q2T01,NSWVIC,996.92,2,356
A202606,C2028Q4T03,TASVIC,994.03462,6,236
A202606,C2026Q3T12,VICTAS,993.6,5,2228
A202606,C2026Q3T12,NSWQLD,993.6,20,240
A202606,C2028Q1T06,TASVIC,992.41,5,347
A202606,C2028Q3T04,NSWQLD,991,4,266
A202606,C2027Q3T08,NSWQLD,990,2,262
A202606,C2027Q2T09,SAVIC,990,3,128
A202606,C2027Q3T08,SAVIC,990,3,119
A202606,C2028Q2T05,NSWVIC,990,10,207
A202606,C2026Q3T12,NSWVIC,990,1,397
A202606,C2028Q3T04,SAVIC,990,2,199
A202606,C2027Q3T08,NSWVIC,989.8,1,172
A202606,C2029Q2T01,NSWQLD,989.64,5,246
A202606,C2027Q3T08,NSWQLD,989.43,5,267
A202606,C2027Q2T09,NSWQLD,989.25,5,261
A202606,C2028Q3T04,NSWQLD,989.23,5,271
A202606,C2028Q4T03,VICSA,989.09,1,326
A202606,C2028Q2T05,NSWQLD,989,5,239
A202606,C2028Q2T05,NSWQLD,988,1,240
A202606,C2028Q2T05,NSWVIC,986.08,2,209
A202606,C2027Q2T09,NSWVIC,986.08,2,259
A202606,C2027Q2T09,NSWVIC,986,2,261
A202606,C2028Q3T04,NSWQLD,986,4,275
A202606,C2027Q4T07,VICSA,984.68,10,426
A202606,C2029Q2T01,SAVIC,984,2,121
A202606,C2027Q3T08,NSWVIC,983,2,174
A202606,C2027Q3T08,TASVIC,982.59,3,447
A202606,C2026Q3T12,TASVIC,982.59,14,1973
A202606,C2028Q3T04,TASVIC,982.59,5,275
A202606,C2028Q2T05,NSWQLD,982,6,246
A202606,C2026Q3T12,VICTAS,980.55,17,2245
A202606,C2028Q1T06,SAVIC,980,6,101
A202606,C2027Q4T07,NSWVIC,980,1,93
A202606,C2028Q3T04,SAVIC,979,3,202
A202606,C2026Q4T11,TASVIC,977.04,7,798
A202606,C2028Q4T03,NSWVIC,976.14,1,185
A202606,C2027Q2T09,VICTAS,975.33,4,578
A202606,C2028Q3T04,NSWQLD,975,3,278
A202606,C2027Q3T08,NSWVIC,974,4,178
A202606,C2029Q1T02,NSWVIC,973,1,284
A202606,C2029Q1T02,SAVIC,972.5,5,108
A202606,C2028Q1T06,NSWVIC,972.4,1,247
A202606,C2027Q1T10,NSWQLD,972,4,362
A202606,C2027Q2T09,NSWVIC,972,3,264
A202606,C2029Q2T01,SAVIC,972,2,123
A202606,C2027Q3T08,NSWVIC,971.71,12,190
A202606,C2026Q3T12,SAVIC,971.52,13,280
A202606,C2028Q2T05,NSWQLD,971,5,251
A202606,C2028Q1T06,TASVIC,969.58,5,352
A202606,C2028Q2T05,VICSA,968.06,1,478
A202606,C2029Q2T01,VICSA,968.06,1,444
A202606,C2027Q2T09,NSWVIC,968,5,269
A202606,C2028Q3T04,SAVIC,967.52,12,214
A202606,C2029Q2T01,SAVIC,967,4,127
A202606,C2027Q4T07,SAVIC,966.546,1,77
A202606,C2028Q4T03,VICNSW,966.37,11,632
A202606,C2028Q4T03,QLDNSW,966,10,688
A202606,C2028Q3T04,NSWQLD,966,4,282
A202606,C2028Q3T04,SAVIC,965,1,215
A202606,C2027Q1T10,SAVIC,964.75,10,202
A202606,C2028Q2T05,NSWVIC,963.8,1,210
A202606,C2029Q2T01,NSWVIC,963.8,1,357
A202606,C2026Q4T11,NSWVIC,962.76,12,311
A202606,C2027Q3T08,NSWVIC,962,4,194
A202606,C2028Q2T05,SAVIC,960,12,150
A202606,C2026Q3T12,NSWVIC,960,1,398
A202606,C2028Q3T04,NSWVIC,959.2,10,392
A202606,C2028Q3T04,NSWVIC,959.2,1,393
A202606,C2028Q2T05,SAVIC,958,3,153
A202606,C2028Q2T05,NSWQLD,957,5,256
A202606,C2028Q3T04,SAVIC,957,2,217
A202606,C2027Q3T08,NSWVIC,957,5,199
A202606,C2028Q2T05,NSWQLD,956,4,260
A202606,C2027Q3T08,SAVIC,953.33,5,124
A202606,C2027Q2T09,NSWVIC,953,3,272
A202606,C2029Q1T02,NSWVIC,952,1,285
A202606,C2027Q4T07,NSWVIC,951.24,3,96
A202606,C2027Q2T09,NSWVIC,951,2,274
A202606,C2027Q3T08,NSWVIC,951,4,203
A202606,C2029Q2T01,SAVIC,951,2,129
A202606,C2026Q3T12,NSWVIC,950.68,10,408
A202606,C2027Q4T07,NSWVIC,950.6,1,97
A202606,C2026Q3T12,SAVIC,950.38,13,293
A202606,C2027Q3T08,VICSA,950,1,526
A202606,C2028Q2T05,SAVIC,950,1,154
A202606,C2027Q4T07,VICSA,950,1,427
A202606,C2028Q3T04,SAVIC,949.27,5,222
A202606,C2027Q2T09,NSWQLD,949,4,265
A202606,C2029Q2T01,SAVIC,947,2,131
A202606,C2028Q3T04,SAVIC,946,3,225
A202606,C2028Q2T05,NSWQLD,945,5,265
A202606,C2028Q2T05,NSWQLD,945,6,271
A202606,C2029Q2T01,NSWQLD,945,3,249
A202606,C2028Q3T04,NSWQLD,945,3,285
A202606,C2028Q2T05,NSWQLD,945,3,274
A202606,C2029Q2T01,NSWQLD,945,5,254
A202606,C2028Q3T04,NSWQLD,945,5,290
A202606,C2027Q4T07,NSWQLD,944.47,5,329
A202606,C2028Q4T03,NSWQLD,944,5,362
A202606,C2027Q3T08,NSWQLD,943.72,5,272
A202606,C2027Q3T08,NSWQLD,943.7155,3,275
A202606,C2026Q3T12,SAVIC,943.0051,10,303
A202606,C2027Q4T07,NSWVIC,943,2,99
A202606,C2028Q2T05,NSWVIC,940,1,211
A202606,C2029Q1T02,SAVIC,940,6,114
A202606,C2028Q1T06,NSWVIC,939,4,251
A202606,C2028Q3T04,SAVIC,938,3,228
A202606,C2027Q3T08,NSWVIC,938,2,205
A202606,C2028Q2T05,SAVIC,936,1,155
A202606,C2029Q2T01,SAVIC,936,3,134
A202606,C2027Q4T07,NSWVIC,935,1,100
A202606,C2027Q2T09,NSWVIC,935,5,279
A202606,C2027Q2T09,SAVIC,935,10,138
A202606,C2027Q2T09,NSWVIC,934.62,1,280
A202606,C2028Q4T03,SAVIC,933.7,5,160
A202606,C2029Q1T02,VICNSW,933.14,1,615
A202606,C2026Q3T12,TASVIC,933,20,1993
A202606,C2028Q2T05,NSWVIC,933,3,214
A202606,C2026Q3T12,NSWQLD,932.57,5,245
A202606,C2028Q2T05,SAVIC,931,1,156
A202606,C2026Q4T11,VICTAS,930.79,8,1239
A202606,C2027Q4T07,VICTAS,930.79,3,440
A202606,C2028Q4T03,VICTAS,930.79,5,271
A202606,C2028Q3T04,VICNSW,930.59,1,645
A202606,C2026Q4T11,NSWVIC,930.23,3,314
A202606,C2027Q3T08,SAVIC,930,12,136
A202606,C2026Q3T12,NSWVIC,930,1,409
A202606,C2027Q3T08,NSWVIC,929.2,1,206
A202606,C2028Q3T04,SAVIC,928,2,230
A202606,C2028Q2T05,NSWQLD,928,5,279
A202606,C2027Q4T07,NSWVIC,927.36,2,102
A202606,C2027Q3T08,TASVIC,927,20,467
A202606,C2027Q2T09,NSWVIC,927,9,289
A202606,C2027Q4T07,NSWVIC,927,1,103
A202606,C2028Q4T03,NSWVIC,925.7985,10,195
A202606,C2027Q3T08,NSWVIC,925.75,10,216
A202606,C2028Q4T03,NSWVIC,925.65,1,196
A202606,C2027Q2T09,NSWVIC,925.42,10,299
A202606,C2029Q2T01,SAVIC,925.16,6,140
A202606,C2028Q2T05,NSWVIC,925,3,217
A202606,C2028Q3T04,SAVIC,925,2,232
A202606,C2027Q3T08,NSWVIC,925,4,220
A202606,C2029Q1T02,NSWVIC,925,10,295
A202606,C2028Q4T03,VICSA,924.11,10,336
A202606,C2029Q2T01,SAVIC,924,2,142
A202606,C2027Q4T07,SAVIC,923.21026,10,87
A202606,C2027Q4T07,NSWVIC,921.2,1,104
A202606,C2027Q2T09,NSWVIC,920,7,306
A202606,C2027Q3T08,VICTAS,919.41,3,494
A202606,C2028Q1T06,NSWVIC,919.36,1,252
A202606,C2027Q3T08,SAVIC,919.16,12,148
A202606,C2028Q2T05,SAVIC,919,2,158
A202606,C2027Q4T07,NSWVIC,919,3,107
A202606,C2028Q2T05,NSWQLD,919,2,281
A202606,C2027Q3T08,NSWVIC,918,3,223
A202606,C2028Q4T03,NSWVIC,917.7,2,198
A202606,C2029Q2T01,NSWVIC,916.4,1,358
A202606,C2028Q2T05,NSWVIC,916.4,1,218
A202606,C2028Q2T05,NSWQLD,916,4,285
A202606,C2027Q3T08,NSWVIC,915,5,228
A202606,C2027Q2T09,VICTAS,914.4,4,582
A202606,C2028Q3T04,SAVIC,913,2,234
A202606,C2029Q2T01,SAVIC,912,2,144
A202606,C2028Q2T05,SAVIC,912,2,160
A202606,C2026Q4T11,TASVIC,911.25702,30,828
A202606,C2027Q2T09,NSWVIC,911,8,314
A202606,C2026Q4T11,TASVIC,910.62,7,835
A202606,C2026Q4T11,NSWVIC,910,10,324
A202606,C2028Q4T03,NSWVIC,910,10,208
A202606,C2027Q3T08,NSWVIC,909.207,5,233
A202606,C2028Q2T05,NSWVIC,909,2,220
A202606,C2029Q2T01,SAVIC,909,3,147
A202606,C2029Q1T02,SAVIC,907.67,5,119
A202606,C2027Q4T07,NSWVIC,907,2,109
A202606,C2027Q4T07,VICSA,906.48,10,437
A202606,C2027Q1T10,NSWVIC,906,2,467
A202606,C2027Q4T07,SAVIC,905.23,6,93
A202606,C2028Q2T05,SAVIC,905,6,166
A202606,C2029Q2T01,NSWQLD,904.5,1,255
A202606,C2028Q3T04,SAVIC,904,2,236
A202606,C2028Q2T05,NSWVIC,904,2,222
A202606,C2027Q3T08,NSWVIC,904,3,236
A202606,C2028Q2T05,SAVIC,902,2,168
A202606,C2028Q2T05,NSWQLD,902,3,288
A202606,C2029Q2T01,VICTAS,901,20,275
A202606,C2029Q1T02,SAVIC,900.82,12,131
A202606,C2028Q4T03,VICSA,900.67,8,344
A202606,C2027Q4T07,VICSA,900.09,5,442
A202606,C2029Q1T02,VICNSW,900.07,4,619
A202606,C2027Q2T09,NSWQLD,900,2,267
A202606,C2026Q3T12,SAVIC,900,3,306
A202606,C2026Q4T11,SAVIC,900,10,184
A202606,C2026Q3T12,NSWVIC,900,5,414
A202606,C2027Q3T08,NSWQLD,900,4,279
A202606,C2026Q3T12,NSWQLD,900,2,247
A202606,C2027Q2T09,VICNSW,900,5,795
A202606,C2027Q3T08,VICNSW,900,5,790
A202606,C2027Q4T07,VICNSW,900,5,823
A202606,C2027Q4T07,NSWVIC,900,1,110
A202606,C2026Q3T12,NSWVIC,900,22,436
A202606,C2026Q3T12,TASVIC,900,69,2062
A202606,C2027Q2T09,NSWVIC,900,5,319
A202606,C2026Q3T12,NSWVIC,900,1,437
A202606,C2027Q1T10,SAVIC,900,10,212
A202606,C2026Q4T11,NSWVIC,900,5,329
A202606,C2028Q3T04,SAVIC,899,6,242
A202606,C2028Q1T06,NSWVIC,898.09,12,264
A202606,C2029Q2T01,SAVIC,898,4,151
A202606,C2027Q2T09,NSWVIC,897,8,327
A202606,C2028Q2T05,NSWVIC,896,2,224
A202606,C2028Q2T05,SAVIC,896,3,171
A202606,C2027Q3T08,TASVIC,895.29,2,469
A202606,C2027Q2T09,NSWVIC,894,6,333
A202606,C2029Q2T01,NSWVIC,892.59,2,360
A202606,C2027Q4T07,NSWVIC,891.8,1,111
A202606,C2027Q1T10,SAVIC,891.16,12,224
A202606,C2029Q2T01,NSWVIC,890.92,10,370
A202606,C2027Q4T07,NSWVIC,890,2,113
A202606,C2027Q3T08,NSWVIC,889,9,245
A202606,C2029Q1T02,TASVIC,888.88,2,283
A202606,C2028Q3T04,VICTAS,888.88,5,260
A202606,C2027Q2T09,VICTAS,888.88,4,586
A202606,C2028Q1T06,TASVIC,888.88,5,357
A202606,C2028Q2T05,VICTAS,888.88,6,340
A202606,C2028Q4T03,TASVIC,888.88,5,241
A202606,C2029Q2T01,VICTAS,888.88,4,279
A202606,C2027Q3T08,VICTAS,888.88,3,497
A202606,C2027Q1T10,TASVIC,888.88,6,753
A202606,C2026Q4T11,TASVIC,888.88,7,842
A202606,C2026Q3T12,VICTAS,888.88,17,2262
A202606,C2028Q2T05,SAVIC,888,3,174
A202606,C2028Q2T05,NSWVIC,888,2,226
A202606,C2028Q1T06,TASVIC,888,10,367
A202606,C2027Q1T10,SAVIC,887.83568,10,234
A202606,C2028Q3T04,NSWVIC,887.26,1,394
A202606,C2027Q3T08,NSWVIC,887,9,254
A202606,C2028Q1T06,SAVIC,886.06462,10,111
A202606,C2029Q1T02,SAVIC,886,10,141
A202606,C2027Q2T09,SAVIC,885,2,140
A202606,C2029Q2T01,VICNSW,883.93,1,702
A202606,C2029Q2T01,SAVIC,883.85,6,157
A202606,C2028Q2T05,SAVIC,883.85,6,180
A202606,C2026Q4T11,VICTAS,883.2,50,1289
A202606,C2026Q4T11,NSWVIC,883.2,10,339
A202606,C2028Q3T04,NSWVIC,883.2,10,404
A202606,C2027Q3T08,NSWVIC,883.2,10,264
A202606,C2027Q4T07,NSWVIC,883.2,10,123
A202606,C2028Q4T03,NSWVIC,883.2,10,218
A202606,C2027Q2T09,NSWVIC,882.88,2,335
A202606,C2028Q2T05,NSWVIC,882.88,2,228
A202606,C2029Q2T01,SAVIC,882,4,161
A202606,C2028Q3T04,SAVIC,882,4,246
A202606,C2028Q3T04,SAVIC,881.47,5,251
A202606,C2028Q1T06,TASVIC,881.41,5,372
A202606,C2027Q4T07,NSWVIC,881,2,125
A202606,C2026Q4T11,VICNSW,880.08,1,888
A202606,C2028Q2T05,NSWVIC,880,4,232
A202606,C2027Q3T08,SAVIC,880,5,153
A202606,C2027Q2T09,NSWQLD,879.06,3,270
A202606,C2027Q2T09,NSWQLD,879.06,5,275
A202606,C2027Q2T09,NSWVIC,879,4,339
A202606,C2028Q2T05,SAVIC,879,1,181
A202606,C2027Q2T09,NSWVIC,878,9,348
A202606,C2027Q2T09,SAVIC,878,2,142
A202606,C2027Q4T07,TASVIC,877.79004,8,294
A202606,C2026Q3T12,VICTAS,877.26,17,2279
A202606,C2028Q4T03,VICTAS,876,20,291
A202606,C2028Q4T03,NSWVIC,875.16,1,219
A202606,C2028Q1T06,NSWVIC,875.02,6,270
A202606,C2028Q3T04,SAVIC,875,3,254
A202606,C2027Q3T08,NSWVIC,875,10,274
A202606,C2028Q4T03,VICNSW,874.78,1,633
A202606,C2027Q2T09,SAVIC,874,3,145
A202606,C2029Q2T01,SAVIC,874,5,166
A202606,C2029Q2T01,NSWVIC,873.6,10,380
A202606,C2028Q1T06,NSWVIC,873.6,10,280
A202606,C2027Q2T09,NSWVIC,873.6,10,358
A202606,C2028Q2T05,NSWVIC,873.6,10,242
A202606,C2027Q3T08,SAVIC,873.28,6,159
A202606,C2026Q4T11,NSWVIC,873,6,345
A202606,C2027Q4T07,NSWVIC,873,1,126
A202606,C2027Q1T10,TASVIC,872,20,773
A202606,C2026Q3T12,NSWVIC,870,1,438
A202606,C2028Q1T06,SAVIC,870,6,117
A202606,C2028Q2T05,NSWVIC,870,10,252
A202606,C2028Q2T05,NSWVIC,869.253,10,262
A202606,C2029Q2T01,NSWVIC,869.253,10,390
A202606,C2028Q2T05,NSWVIC,869,1,263
A202606,C2029Q2T01,NSWVIC,869,1,391
A202606,C2028Q2T05,SAVIC,869,5,186
A202606,C2027Q3T08,NSWVIC,868.6,1,275
A202606,C2028Q2T05,NSWVIC,868,5,268
A202606,C2029Q1T02,NSWVIC,868,1,296
A202606,C2028Q4T03,SAVIC,867.01,5,165
A202606,C2027Q2T09,SAVIC,867,2,147
A202606,C2028Q3T04,SAVIC,867,4,258
A202606,C2028Q1T06,NSWVIC,866.32,1,281
A202606,C2027Q2T09,TASVIC,866,30,620
A202606,C2029Q2T01,SAVIC,865,1,167
A202606,C2027Q3T08,NSWVIC,865,7,282
A202606,C2027Q1T10,NSWVIC,864,10,477
A202606,C2027Q2T09,SAVIC,864,10,157
A202606,C2029Q1T02,NSWVIC,864,10,306
A202606,C2027Q1T10,SAVIC,864,10,244
A202606,C2026Q4T11,NSWVIC,864,1,346
A202606,C2026Q3T12,NSWVIC,863.89,12,450
A202606,C2027Q4T07,NSWVIC,863,5,131
A202606,C2027Q2T09,NSWVIC,863,11,369
A202606,C2028Q2T05,SAVIC,863,3,189
A202606,C2029Q2T01,NSWQLD,862.64,5,260
A202606,C2029Q2T01,TASVIC,862.51,4,260
A202606,C2028Q2T05,TASVIC,862.51,6,344
A202606,C2027Q2T09,TASVIC,862.51,15,635
A202606,C2027Q3T08,NSWQLD,862.43,5,284
A202606,C2027Q4T07,NSWVIC,862.4,1,132
A202606,C2027Q2T09,NSWQLD,862.25,5,280
A202606,C2028Q3T04,NSWQLD,862.23,5,295
A202606,C2028Q2T05,NSWQLD,862,5,293
A202606,C2026Q3T12,TASVIC,861.62,2,2064
A202606,C2028Q4T03,SAVIC,860.47,6,171
A202606,C2028Q2T05,NSWVIC,860,1,269
A202606,C2028Q1T06,NSWQLD,859.95,4,360
A202606,C2028Q1T06,VICTAS,859.87,2,406
A202606,C2027Q1T10,VICTAS,859.87,5,1022
A202606,C2029Q1T02,VICTAS,859.87,4,282
A202606,C2027Q4T07,NSWVIC,859.74,2,134
A202606,C2027Q2T09,NSWVIC,858.84,1,370
A202606,C2027Q2T09,NSWVIC,858,3,373
A202606,C2027Q4T07,TASVIC,857.29,2,296
A202606,C2028Q3T04,SAVIC,856,4,262
A202606,C2027Q4T07,NSWVIC,856,6,140
A202606,C2027Q2T09,SAVIC,856,2,159
A202606,C2026Q4T11,SAVIC,855,6,190
A202606,C2026Q4T11,NSWVIC,854,2,348
A202606,C2027Q2T09,VICTAS,853.47,4,590
A202606,C2028Q2T05,NSWVIC,853,6,275
A202606,C2026Q4T11,NSWVIC,853,10,358
A202606,C2027Q4T07,NSWVIC,853,10,150
A202606,C2027Q3T08,NSWVIC,853,4,286
A202606,C2029Q2T01,SAVIC,852,5,172
A202606,C2028Q2T05,SAVIC,852,3,192
A202606,C2028Q3T04,SAVIC,851,4,266
A202606,C2027Q4T07,NSWQLD,850,2,331
A202606,C2026Q4T11,NSWVIC,849,4,362
A202606,C2027Q2T09,SAVIC,849,2,161
A202606,C2029Q2T01,SAVIC,846,4,176
A202606,C2027Q4T07,NSWVIC,845,2,152
A202606,C2026Q4T11,TASVIC,844.19,7,849
A202606,C2027Q3T08,NSWVIC,843,8,294
A202606,C2029Q1T02,SAVIC,842.83,5,146
A202606,C2027Q2T09,NSWVIC,842,7,380
A202606,C2028Q2T05,NSWVIC,841,4,279
A202606,C2028Q3T04,VICSA,840.98,10,491
A202606,C2026Q3T12,NSWVIC,840,1,451
A202606,C2027Q1T10,NSWVIC,840,2,479
A202606,C2027Q4T07,NSWVIC,839,4,156
A202606,C2027Q3T08,NSWVIC,839,6,300
A202606,C2028Q2T05,SAVIC,839,4,196
A202606,C2028Q3T04,SAVIC,839,6,272
A202606,C2028Q4T03,VICSA,838.57,1,345
A202606,C2026Q4T11,NSWVIC,837.207,5,367
A202606,C2027Q2T09,SAVIC,837,1,162
A202606,C2027Q3T08,VICTAS,836.49,3,500
A202606,C2028Q2T05,SAVIC,836,5,201
A202606,C2026Q3T12,NSWQLD,835.2,2,249
A202606,C2029Q2T01,SAVIC,835,6,182
A202606,C2026Q4T11,NSWVIC,835,6,373
A202606,C2028Q3T04,SAVIC,835,4,276
A202606,C2028Q1T06,NSWVIC,834.72,2,283
A202606,C2028Q1T06,TASVIC,834.07,2,374
A202606,C2026Q4T11,NSWVIC,834,4,377
A202606,C2026Q4T11,SAVIC,833.74,10,200
A202606,C2026Q4T11,SAVIC,833.735,3,203
A202606,C2028Q2T05,NSWVIC,833,5,284
A202606,C2027Q4T07,NSWVIC,833,7,163
A202606,C2027Q4T07,NSWVIC,833,1,164
A202606,C2027Q2T09,SAVIC,832,3,165
A202606,C2027Q4T07,NSWVIC,832,1,165
A202606,C2028Q4T03,NSWVIC,830.76,2,221
A202606,C2027Q1T10,VICNSW,830.74,1,921
A202606,C2028Q3T04,VICSA,830.65757,7,498
A202606,C2027Q3T08,NSWVIC,830,9,309
A202606,C2026Q3T12,SAVIC,830,6,312
A202606,C2027Q4T07,NSWVIC,829,1,166
A202606,C2026Q3T12,NSWQLD,828.57,5,254
A202606,C2027Q3T08,VICTAS,828,1,501
A202606,C2028Q4T03,VICTAS,828,1,292
A202606,C2026Q4T11,VICNSW,828,40,928
A202606,C2028Q4T03,VICNSW,828,40,673
A202606,C2026Q4T11,VICTAS,828,1,1290
A202606,C2026Q3T12,VICTAS,828,1,2280
A202606,C2027Q4T07,VICTAS,828,1,441
A202606,C2027Q3T08,TASVIC,828,1,470
A202606,C2027Q3T08,VICNSW,828,40,830
A202606,C2028Q3T04,VICTAS,828,1,261
A202606,C2027Q4T07,VICNSW,828,40,863
A202606,C2026Q3T12,TASVIC,828,1,2065
A202606,C2028Q3T04,VICNSW,828,40,685
A202606,C2028Q3T04,TASVIC,828,1,276
A202606,C2027Q2T09,NSWVIC,826.56,13,393
A202606,C2028Q3T04,SAVIC,826,6,282
A202606,C2028Q2T05,NSWVIC,826,7,291
A202606,C2027Q2T09,SAVIC,826,2,167
A202606,C2029Q1T02,NSWVIC,825.55,2,308
A202606,C2026Q3T12,NSWVIC,825,15,466
A202606,C2028Q4T03,NSWVIC,824.67,1,222
A202606,C2026Q4T11,TASVIC,824.20001,26,875
A202606,C2029Q2T01,SAVIC,824,8,190
A202606,C2027Q3T08,NSWVIC,824,5,314
A202606,C2028Q2T05,SAVIC,823,2,203
A202606,C2026Q4T11,NSWVIC,823,6,383
A202606,C2029Q2T01,NSWVIC,821.6,1,392
A202606,C2028Q2T05,NSWVIC,821.6,1,292
A202606,C2028Q3T04,SAVIC,820.67,6,288
A202606,C2027Q4T07,TASVIC,820.04,2,298
A202606,C2027Q4T07,VICSA,819.26,1,443
A202606,C2029Q2T01,TASVIC,819,1,261
A202606,C2027Q2T09,TASVIC,819,1,636
A202606,C2027Q2T09,VICTAS,819,1,591
A202606,C2027Q4T07,NSWVIC,819,3,169
A202606,C2029Q2T01,VICTAS,819,1,280
A202606,C2028Q2T05,TASVIC,819,1,345
A202606,C2028Q2T05,VICTAS,819,1,341
A202606,C2028Q2T05,NSWVIC,819,2,294
A202606,C2029Q2T01,VICNSW,819,40,742
A202606,C2028Q2T05,VICNSW,819,40,741
A202606,C2027Q2T09,VICNSW,819,40,835
A202606,C2028Q1T06,VICNSW,819,40,803
A202606,C2027Q4T07,NSWVIC,818,1,170
A202606,C2027Q1T10,TASVIC,817.99,2,775
A202606,C2026Q4T11,NSWQLD,817.5,22,327
A202606,C2027Q2T09,SAVIC,816,2,169
A202606,C2026Q4T11,NSWVIC,816,2,385
A202606,C2027Q3T08,TASVIC,815.71,2,472
A202606,C2028Q3T04,NSWVIC,815.32,1,405
A202606,C2027Q4T07,NSWVIC,814,1,171
A202606,C2027Q4T07,NSWVIC,814,4,175
A202606,C2028Q3T04,SAVIC,813.66,6,294
A202606,C2028Q3T04,SAVIC,813.66,5,299
A202606,C2028Q1T06,NSWVIC,813.28,1,284
A202606,C2027Q3T08,NSWVIC,813,5,319
A202606,C2027Q3T08,VICNSW,812.019,56,886
A202606,C2028Q2T05,SAVIC,812,5,208
A202606,C2029Q1T02,VICNSW,810,40,659
A202606,C2027Q1T10,VICNSW,810,40,961
A202606,C2029Q2T01,NSWQLD,810,1,261
A202606,C2029Q1T02,NSWQLD,810,4,352
A202606,C2029Q2T01,NSWQLD,810,6,267
A202606,C2028Q3T04,NSWQLD,810,6,301
A202606,C2028Q2T05,NSWQLD,810,6,299
A202606,C2026Q3T12,NSWVIC,810,1,467
A202606,C2028Q2T05,NSWQLD,810,5,304
A202606,C2028Q3T04,NSWQLD,810,5,306
A202606,C2029Q2T01,NSWQLD,810,5,272
A202606,C2029Q1T02,VICNSW,809.172,63,722
A202606,C2028Q2T05,NSWVIC,809.06,12,306
A202606,C2028Q2T05,SAVIC,809,3,211
A202606,C2026Q4T11,NSWVIC,809,3,388
A202606,C2027Q3T08,NSWQLD,808.9,5,289
A202606,C2027Q3T08,NSWQLD,808.899,6,295
A202606,C2029Q2T01,NSWVIC,808.8,12,404
A202606,C2028Q2T05,VICSA,808.06,10,488
A202606,C2029Q2T01,VICSA,808.06,10,454
A202606,C2028Q2T05,NSWVIC,808,10,316
A202606,C2027Q3T08,NSWVIC,808,1,320
A202606,C2027Q4T07,NSWVIC,807,3,178
A202606,C2027Q3T08,SAVIC,806.67,5,164
A202606,C2027Q2T09,SAVIC,806,2,171
A202606,C2027Q4T07,NSWVIC,805,1,179
A202606,C2028Q3T04,NSWVIC,803.71,2,407
A202606,C2027Q3T08,NSWVIC,803.71,2,322
A202606,C2027Q4T07,NSWVIC,803.6,1,180
A202606,C2028Q2T05,SAVIC,803.5,5,216
A202606,C2029Q2T01,SAVIC,803.5,5,195
A202606,C2028Q3T04,SAVIC,803,10,309
A202606,C2027Q1T10,VICTAS,803,20,1042
A202606,C2029Q1T02,VICTAS,803,20,302
A202606,C2029Q1T02,NSWVIC,803,10,318
A202606,C2028Q3T04,NSWVIC,803,8,415
A202606,C2027Q1T10,VICSA,803,16,440
A202606,C2026Q4T11,VICNSW,803,16,944
A202606,C2029Q2T01,SAVIC,803,10,205
A202606,C2027Q4T07,SAVIC,803,8,101
A202606,C2026Q3T12,VICTAS,803,20,2300
A202606,C2028Q4T03,VICTAS,803,20,312
A202606,C2027Q2T09,QLDNSW,803,16,776
A202606,C2029Q2T01,NSWVIC,803,10,414
A202606,C2028Q2T05,NSWVIC,803,8,324
A202606,C2028Q1T06,NSWQLD,803,8,368
A202606,C2026Q4T11,SAVIC,803,10,213
A202606,C2028Q2T05,VICSA,803,16,504
A202606,C2029Q2T01,NSWQLD,803,8,280
A202606,C2028Q4T03,SAVIC,803,8,179
A202606,C2027Q4T07,SAVIC,803,10,111
A202606,C2026Q4T11,NSWQLD,803,8,335
A202606,C2027Q3T08,NSWVIC,803,8,330
A202606,C2027Q3T08,NSWVIC,803,10,340
A202606,C2027Q3T08,QLDNSW,803,16,735
A202606,C2027Q3T08,SAVIC,803,10,174
A202606,C2028Q4T03,SAVIC,803,10,189
A202606,C2026Q3T12,NSWVIC,803,10,477
A202606,C2027Q3T08,VICTAS,803,20,521
A202606,C2027Q2T09,SAVIC,803,4,175
A202606,C2027Q4T07,VICTAS,803,20,461
A202606,C2028Q3T04,VICSA,803,16,514
A202606,C2026Q3T12,NSWQLD,803,8,262
A202606,C2028Q1T06,VICTAS,803,20,426
A202606,C2028Q1T06,NSWVIC,803,10,294
A202606,C2028Q4T03,QLDNSW,803,16,704
A202606,C2026Q4T11,VICTAS,803,20,1310
A202606,C2028Q1T06,VICNSW,803,16,819
A202606,C2028Q2T05,SAVIC,803,10,226
A202606,C2028Q3T04,NSWVIC,803,10,425
A202606,C2027Q1T10,NSWVIC,803,10,489
A202606,C2027Q1T10,VICTAS,803,20,1062
A202606,C2029Q1T02,SAVIC,803,8,154
A202606,C2027Q2T09,SAVIC,803,10,185
A202606,C2027Q2T09,VICTAS,803,20,611
A202606,C2029Q2T01,VICNSW,803,16,758
A202606,C2026Q3T12,SAVIC,803,8,320
A202606,C2029Q2T01,VICTAS,803,20,300
A202606,C2027Q2T09,NSWVIC,803,10,403
A202606,C2027Q2T09,NSWVIC,803,8,411
A202606,C2028Q2T05,NSWVIC,803,10,334
A202606,C2028Q4T03,NSWVIC,803,8,230
A202606,C2026Q3T12,SAVIC,803,10,330
A202606,C2028Q2T05,VICTAS,803,20,361
A202606,C2027Q4T07,NSWQLD,803,8,339
A202606,C2027Q3T08,SAVIC,803,8,182
A202606,C2026Q4T11,SAVIC,801.55,11,224
A202606,C2026Q4T11,NSWVIC,801,2,390
A202606,C2028Q1T06,SAVIC,800.39,5,122
A202606,C2028Q4T03,SAVIC,800.312,6,195
A202606,C2028Q4T03,SAVIC,800.31,5,200
A202606,C2028Q1T06,VICSA,800.24,25,393
A202606,C2029Q2T01,VICNSW,800.02,10,768
A202606,C2028Q4T03,VICNSW,800,10,683
A202606,C2026Q3T12,NSWVIC,800,10,487
A202606,C2026Q4T11,NSWVIC,800,10,400
A202606,C2027Q2T09,NSWVIC,800,5,416
A202606,C2029Q1T02,SAVIC,800,6,160
A202606,C2026Q4T11,NSWVIC,800,10,410
A202606,C2026Q3T12,SAVIC,800,3,333
A202606,C2027Q2T09,NSWQLD,800,2,282
A202606,C2028Q4T03,NSWVIC,800,10,240
A202606,C2027Q3T08,NSWQLD,800,4,299
A202606,C2028Q2T05,NSWVIC,800,3,337
A202606,C2027Q1T10,SAVIC,800,3,247
A202606,C2026Q4T11,SAVIC,800,3,227
A202606,C2028Q2T05,SAVIC,798,5,231
A202606,C2027Q4T07,NSWVIC,796,2,182
A202606,C2028Q4T03,SAVIC,796,3,203
A202606,C2027Q1T10,NSWVIC,796,8,497
A202606,C2028Q1T06,NSWVIC,795.6,5,299
A202606,C2027Q1T10,SAVIC,794.5,3,250
A202606,C2027Q1T10,SAVIC,794.5,10,260
A202606,C2026Q4T11,NSWVIC,793,12,422
A202606,C2028Q2T05,SAVIC,793,4,235
A202606,C2027Q2T09,VICTAS,792.53,4,615
A202606,C2027Q4T07,NSWVIC,792.12,2,184
A202606,C2027Q3T08,NSWVIC,791.72762,10,350
A202606,C2029Q1T02,VICNSW,791.14,1,723
A202606,C2026Q4T11,NSWVIC,790.7,15,437
A202606,C2027Q4T07,SAVIC,790.23,6,117
A202606,C2028Q2T05,SAVIC,790,6,241
A202606,C2028Q2T05,NSWVIC,789,2,339
A202606,C2029Q2T01,NSWVIC,788.26,2,416
A202606,C2027Q2T09,SAVIC,788,3,188
A202606,C2027Q4T07,NSWVIC,788,5,189
A202606,C2028Q4T03,SAVIC,788,3,206
A202606,C2029Q2T01,TASVIC,788,20,281
A202606,C2026Q3T12,TASVIC,785.03,2,2067
A202606,C2028Q1T06,SAVIC,784.73,11,133
A202606,C2026Q4T11,NSWVIC,784,5,442
A202606,C2029Q1T02,NSWVIC,784,1,319
A202606,C2027Q2T09,NSWVIC,783.06,1,417
A202606,C2028Q2T05,NSWVIC,783,2,341
A202606,C2027Q2T09,SAVIC,781,4,192
A202606,C2026Q3T12,NSWVIC,780,1,488
A202606,C2027Q2T09,TASVIC,780,15,651
A202606,C2027Q3T08,TASVIC,780,14,486
A202606,C2027Q2T09,NSWVIC,779.69,2,419
A202606,C2028Q2T05,NSWVIC,779.69,2,343
A202606,C2028Q4T03,SAVIC,779,2,208
A202606,C2028Q4T03,SAVIC,779,2,210
A202606,C2029Q1T02,SAVIC,778,5,165
A202606,C2029Q1T02,SAVIC,778,6,171
A202606,C2026Q3T12,TASVIC,778,20,2087
A202606,C2027Q1T10,TASVIC,777.77,6,781
A202606,C2027Q2T09,VICTAS,777.77,4,619
A202606,C2028Q1T06,TASVIC,777.77,4,378
A202606,C2029Q2T01,VICTAS,777.77,4,304
A202606,C2026Q3T12,VICTAS,777.77,17,2317
A202606,C2028Q3T04,VICTAS,777.77,5,266
A202606,C2028Q2T05,VICTAS,777.77,6,367
A202606,C2026Q4T11,TASVIC,777.77,7,882
A202606,C2029Q1T02,TASVIC,777.77,2,285
A202606,C2027Q3T08,VICTAS,777.77,3,524
A202606,C2028Q4T03,TASVIC,777.77,5,246
A202606,C2026Q3T12,SAVIC,777.22,11,344
A202606,C2027Q2T09,SAVIC,777,5,197
A202606,C2026Q3T12,NSWVIC,775.68,10,498
A202606,C2027Q1T10,NSWVIC,775,10,507
A202606,C2027Q4T07,NSWVIC,774.2,1,190
A202606,C2029Q2T01,NSWVIC,774.2,1,417
A202606,C2028Q2T05,NSWVIC,774.2,1,344
A202606,C2028Q4T03,NSWVIC,774.18,1,241
A202606,C2027Q4T07,NSWVIC,774,3,193
A202606,C2026Q4T11,NSWVIC,774,9,451
A202606,C2026Q3T12,VICTAS,773.96,17,2334
A202606,C2029Q1T02,VICNSW,770.07,4,727
A202606,C2027Q2T09,SAVIC,770,10,207
A202606,C2027Q1T10,NSWVIC,770,15,522
A202606,C2027Q2T09,SAVIC,770,3,210
A202606,C2027Q3T08,SAVIC,770,3,185
A202606,C2028Q4T03,SAVIC,769,1,211
A202606,C2027Q2T09,SAVIC,767,6,216
A202606,C2026Q4T11,NSWVIC,767,8,459
A202606,C2028Q1T06,NSWVIC,762.49,2,301
A202606,C2027Q3T08,NSWQLD,761.76,20,319
A202606,C2027Q3T08,NSWVIC,760.75,10,360
A202606,C2027Q2T09,NSWVIC,760.42,10,429
A202606,C2028Q1T06,NSWVIC,760.24,1,302
A202606,C2028Q3T04,SAVIC,760.2,13,322
A202606,C2029Q2T01,SAVIC,760.16,6,211
A202606,C2028Q4T03,SAVIC,760,2,213
A202606,C2028Q1T06,SAVIC,760,6,139
A202606,C2028Q1T06,TASVIC,759.93,2,380
A202606,C2026Q4T11,QLDNSW,759,10,707
A202606,C2027Q2T09,NSWVIC,757.8,21,450
A202606,C2027Q2T09,SAVIC,757,3,219
A202606,C2026Q4T11,NSWVIC,756,8,467
A202606,C2027Q2T09,SAVIC,754.66,11,230
A202606,C2029Q1T02,NSWVIC,754.11,2,321
A202606,C2027Q2T09,SAVIC,754,5,235
A202606,C2026Q4T11,NSWVIC,754,9,476
A202606,C2027Q3T08,VICTAS,753.58,3,527
A202606,C2027Q2T09,NSWQLD,753.48,20,302
A202606,C2027Q2T09,NSWQLD,753.48,5,307
A202606,C2027Q2T09,NSWQLD,753.48,6,313
A202606,C2028Q2T05,SAVIC,753.15,11,252
A202606,C2029Q2T01,SAVIC,753.1,11,222
A202606,C2029Q1T02,SAVIC,753,10,181
A202606,C2029Q1T02,NSWQLD,753,8,360
A202606,C2028Q1T06,SAVIC,753,10,149
A202606,C2027Q2T09,SAVIC,753,8,243
A202606,C2028Q4T03,SAVIC,751,3,216
A202606,C2026Q3T12,SAVIC,750.13,6,350
A202606,C2028Q3T04,NSWVIC,750.11,10,435
A202606,C2028Q1T06,NSWVIC,750.02,6,308
A202606,C2027Q3T08,NSWVIC,750,25,385
A202606,C2027Q4T07,SAVIC,750,15,132
A202606,C2028Q2T05,NSWVIC,750,10,354
A202606,C2026Q3T12,NSWVIC,750,1,499
A202606,C2027Q2T09,SAVIC,750,15,258
A202606,C2027Q3T08,SAVIC,750,15,200
A202606,C2027Q4T07,NSWVIC,750,10,203
A202606,C2029Q2T01,SAVIC,749.93,5,227
A202606,C2028Q2T05,SAVIC,749.93,5,257
A202606,C2027Q4T07,TASVIC,747.74707,8,306
A202606,C2027Q3T08,NSWVIC,747.4,1,386
A202606,C2028Q1T06,SAVIC,747.03,5,154
A202606,C2028Q3T04,SAVIC,745.86,5,327
A202606,C2027Q1T10,TASVIC,745.28,2,783
A202606,C2027Q4T07,NSWVIC,744.8,1,204
A202606,C2028Q4T03,SAVIC,744,1,217
A202606,C2028Q4T03,NSWVIC,743.82,2,243
A202606,C2028Q3T04,NSWVIC,743.38,1,436
A202606,C2027Q2T09,SAVIC,742,6,264
A202606,C2027Q4T07,TASVIC,742,10,316
A202606,C2028Q4T03,VICNSW,741.66,1,684
A202606,C2028Q4T03,SAVIC,741,2,219
A202606,C2026Q4T11,NSWVIC,741,4,480
A202606,C2028Q4T03,VICNSW,740.174,63,747
A202606,C2026Q4T11,VICSA,740.037,23,504
A202606,C2026Q4T11,NSWVIC,738,6,486
A202606,C2028Q4T03,NSWVIC,736.47,13,256
A202606,C2027Q3T08,TASVIC,736.13,2,488
A202606,C2029Q2T01,NSWQLD,735.64,5,285
A202606,C2027Q3T08,NSWQLD,735.43,5,324
A202606,C2027Q4T07,NSWVIC,735.345,2,206
A202606,C2027Q2T09,NSWQLD,735.25,5,318
A202606,C2028Q3T04,NSWQLD,735.23,5,311
A202606,C2028Q2T05,NSWQLD,735,5,309
A202606,C2028Q4T03,SAVIC,735,2,221
A202606,C2027Q3T08,NSWVIC,734.16,2,388
A202606,C2028Q3T04,NSWVIC,734.16,2,438
A202606,C2028Q4T03,SAVIC,733.62,5,226
A202606,C2027Q3T08,SAVIC,733.33,5,205
A202606,C2027Q2T09,VICTAS,731.6,4,623
A202606,C2027Q2T09,SAVIC,731,1,265
A202606,C2027Q4T07,NSWQLD,727.72,24,363
A202606,C2029Q2T01,NSWVIC,726.8,1,418
A202606,C2028Q2T05,NSWVIC,726.8,1,355
A202606,C2028Q4T03,VICSA,726.08,10,355
A202606,C2026Q4T11,NSWVIC,726,7,493
A202606,C2028Q4T03,TASVIC,725.40002,6,252
A202606,C2026Q3T12,NSWQLD,724.57,5,267
A202606,C2027Q4T07,NSWVIC,724.5,2,208
A202606,C2028Q4T03,NSWVIC,723.69,1,257
A202606,C2026Q4T11,NSWVIC,723,4,497
A202606,C2027Q3T08,SAVIC,722.2,13,218
A202606,C2028Q4T03,NSWQLD,722,5,367
A202606,C2028Q4T03,SAVIC,722,4,230
A202606,C2028Q1T06,SAVIC,720.351,3,157
A202606,C2026Q3T12,NSWVIC,720,1,500
A202606,C2028Q4T03,SAVIC,719,6,236
A202606,C2029Q2T01,NSWQLD,715.5,1,286
A202606,C2027Q4T07,NSWVIC,715.4,1,209
A202606,C2029Q1T02,SAVIC,713.17,5,186
A202606,C2026Q4T11,NSWVIC,711.21,5,502
A202606,C2026Q3T12,TASVIC,708.44,2,2089
A202606,C2029Q1T02,SAVIC,707.79,13,199
A202606,C2027Q4T07,TASVIC,707.29,2,318
A202606,C2027Q2T09,NSWVIC,707.28,1,451
A202606,C2028Q1T06,NSWVIC,707.2,1,309
A202606,C2028Q4T03,SAVIC,707,4,240
A202606,C2029Q2T01,NSWVIC,705.92,10,428
A202606,C2026Q3T12,TASVIC,704.64,60,2149
A202606,C2028Q3T04,TASVIC,704.64,5,281
A202606,C2027Q3T08,TASVIC,704.64,10,498
A202606,C2028Q4T03,SAVIC,704,2,242
A202606,C2028Q4T03,NSWQLD,703.248,24,391
A202606,C2029Q2T01,NSWVIC,703,24,452
A202606,C2029Q1T02,TASVIC,703,30,315
A202606,C2027Q3T08,TASVIC,703,30,528
A202606,C2026Q4T11,TASVIC,703,30,912
A202606,C2028Q1T06,NSWVIC,703,24,333
A202606,C2028Q2T05,TASVIC,703,30,375
A202606,C2027Q1T10,TASVIC,703,30,813
A202606,C2027Q2T09,TASVIC,703,30,681
A202606,C2028Q4T03,TASVIC,703,30,282
A202606,C2028Q4T03,NSWQLD,703,24,415
A202606,C2026Q4T11,NSWVIC,703,24,526
A202606,C2027Q2T09,NSWQLD,703,24,342
A202606,C2027Q3T08,NSWQLD,703,24,348
A202606,C2026Q3T12,TASVIC,703,30,2179
A202606,C2029Q2T01,TASVIC,703,30,311
A202606,C2028Q2T05,SAVIC,703,24,281
A202606,C2028Q3T04,SAVIC,703,24,351
A202606,C2027Q4T07,TASVIC,703,30,348
A202606,C2027Q1T10,TASVIC,703,30,843
A202606,C2028Q1T06,TASVIC,703,30,410
A202606,C2027Q1T10,SAVIC,703,24,284
A202606,C2027Q1T10,SAVIC,700.2,13,297
A202606,C2027Q4T07,VICSA,700.09,5,448
A202606,C2029Q1T02,NSWVIC,700,10,331
A202606,C2027Q2T09,NSWQLD,700,2,344
A202606,C2026Q3T12,NSWVIC,700,10,510
A202606,C2028Q3T04,VICNSW,700,10,695
A202606,C2027Q2T09,NSWVIC,700,5,456
A202606,C2027Q4T07,NSWQLD,700,2,365
A202606,C2027Q3T08,NSWQLD,700,4,352
A202606,C2026Q3T12,SAVIC,700,3,353
A202606,C2027Q1T10,TASVIC,700,18,861
A202606,C2028Q2T05,VICNSW,700,10,751
A202606,C2027Q1T10,SAVIC,700,3,300
A202606,C2026Q4T11,SAVIC,700,3,230
A202606,C2026Q4T11,NSWVIC,700,10,536
A202606,C2026Q3T12,NSWQLD,700,2,269
A202606,C2028Q1T06,VICNSW,700,10,829
A202606,C2028Q2T05,SAVIC,696.37,5,286
A202606,C2029Q2T01,SAVIC,696.37,5,232
A202606,C2028Q4T03,SAVIC,696,5,247
A202606,C2028Q1T06,SAVIC,693.67,5,162
A202606,C2029Q1T02,TASVIC,691.20001,6,321
A202606,C2028Q4T03,SAVIC,691,4,251
A202606,C2027Q4T07,SAVIC,690.39,5,137
A202606,C2028Q1T06,NSWVIC,690.25,2,335
A202606,C2026Q4T11,VICSA,690,40,544
A202606,C2027Q3T08,VICSA,690,40,566
A202606,C2026Q3T12,NSWVIC,690,1,511
A202606,C2027Q4T07,VICSA,690,40,488
A202606,C2027Q4T07,QLDNSW,690,10,710
A202606,C2026Q4T11,NSWVIC,690,10,546
A202606,C2028Q3T04,VICSA,690,40,554
A202606,C2026Q3T12,SAVIC,690,15,368
A202606,C2028Q4T03,NSWVIC,690,10,267
A202606,C2028Q4T03,VICSA,690,40,395
A202606,C2028Q4T03,VICSA,688.06,1,396
A202606,C2027Q3T08,TASVIC,688,30,558
A202606,C2028Q1T06,TASVIC,688,20,430
A202606,C2026Q4T11,TASVIC,688,2,914
A202606,C2027Q3T08,NSWVIC,686.8,1,389
A202606,C2027Q3T08,SAVIC,686.28,6,224
A202606,C2027Q4T07,NSWVIC,686,1,210
A202606,C2028Q1T06,TASVIC,685.79,2,432
A202606,C2029Q1T02,NSWVIC,682.67,2,333
A202606,C2028Q2T05,VICSA,682.5,40,544
A202606,C2028Q1T06,VICSA,682.5,40,433
A202606,C2027Q2T09,VICSA,682.5,40,549
A202606,C2029Q2T01,VICSA,682.5,40,494
A202606,C2027Q4T07,NSWVIC,680,10,220
A202606,C2029Q2T01,NSWVIC,679.4,1,453
A202606,C2028Q2T05,NSWVIC,679.4,1,356
A202606,C2028Q3T04,SAVIC,678.05,5,356
A202606,C2028Q4T03,SAVIC,678,5,256
A202606,C2027Q4T07,SAVIC,675.23,6,143
A202606,C2028Q2T05,NSWQLD,675,5,314
A202606,C2028Q3T04,NSWQLD,675,5,316
A202606,C2029Q2T01,NSWQLD,675,5,291
A202606,C2029Q1T02,VICSA,675,40,422
A202606,C2028Q2T05,SAVIC,675,6,292
A202606,C2027Q1T10,VICSA,675,40,480
A202606,C2027Q3T08,NSWQLD,674.09,7,359
A202606,C2028Q4T03,NSWVIC,673.308,10,277
A202606,C2028Q4T03,NSWVIC,673.2,1,278
A202606,C2027Q2T09,SAVIC,673,10,275
A202606,C2027Q1T10,SAVIC,673,10,310
A202606,C2027Q1T10,TASVIC,672.57,2,863
A202606,C2028Q4T03,SAVIC,672,4,260
A202606,C2028Q3T04,NSWVIC,671.44,1,439
A202606,C2028Q1T06,TASVIC,670.66999,4,436
A202606,C2027Q3T08,VICTAS,670.66999,3,530
A202606,C2026Q3T12,VICTAS,670.66999,17,2351
A202606,C2026Q4T11,VICTAS,670.66999,8,1318
A202606,C2027Q1T10,TASVIC,670.66999,6,869
A202606,C2027Q2T09,VICTAS,670.66999,4,627
A202606,C2026Q4T11,TASVIC,670.66999,30,944
A202606,C2027Q4T07,VICTAS,670.66999,3,464
A202606,C2028Q3T04,VICTAS,670.66999,5,271
A202606,C2029Q1T02,TASVIC,670.66999,2,323
A202606,C2028Q4T03,VICTAS,670.66999,5,317
A202606,C2029Q2T01,VICTAS,670.66999,4,308
A202606,C2028Q4T03,TASVIC,670.66999,5,287
A202606,C2028Q2T05,VICTAS,670.66999,6,373
A202606,C2028Q4T03,SAVIC,670.47,6,266
A202606,C2026Q3T12,NSWQLD,668.16,11,280
A202606,C2026Q3T12,NSWQLD,668.16,4,284
A202606,C2027Q2T09,VICNSW,667.4,56,891
A202606,C2028Q4T03,SAVIC,666.92999,5,271
A202606,C2027Q3T08,NSWVIC,664.61,2,391
A202606,C2028Q3T04,NSWVIC,664.61,2,441
A202606,C2028Q4T03,VICSA,664.53,8,404
A202606,C2028Q4T03,SAVIC,664,6,277
A202606,C2028Q3T04,NSWQLD,662.4,20,336
A202606,C2026Q4T11,TASVIC,662.4,50,994
A202606,C2026Q4T11,SAVIC,660.1,12,242
A202606,C2028Q4T03,VICSA,660.07399,37,441
A202606,C2029Q1T02,SAVIC,660,6,205
A202606,C2027Q3T08,SAVIC,660,5,229
A202606,C2026Q3T12,NSWVIC,660,1,512
A202606,C2027Q4T07,VICSA,659.26,10,498
A202606,C2027Q4T07,NSWVIC,659,1,221
A202606,C2027Q1T10,TASVIC,658,30,899
A202606,C2028Q4T03,SAVIC,658,3,280
A202606,C2027Q3T08,VICSA,657.962,32,598
A202606,C2027Q4T07,NSWVIC,656.88,2,223
A202606,C2028Q4T03,NSWVIC,656.88,2,280
A202606,C2027Q4T07,NSWVIC,656.6,1,224
A202606,C2027Q3T08,TASVIC,656.54999,2,560
A202606,C2029Q2T01,NSWQLD,655.2,20,311
A202606,C2028Q2T05,NSWQLD,655.2,20,334
A202606,C2026Q4T11,SAVIC,655.08,10,252
A202606,C2028Q1T06,NSWVIC,654.16,1,336
A202606,C2027Q4T07,TASVIC,651.26357,8,356
A202606,C2026Q4T11,NSWVIC,651.16,15,561
A202606,C2028Q1T06,SAVIC,650,6,168
A202606,C2027Q3T08,SAVIC,650,3,232
A202606,C2027Q2T09,SAVIC,650,3,278
A202606,C2027Q3T08,NSWVIC,650,5,396
A202606,C2027Q4T07,SAVIC,650,10,153
A202606,C2029Q2T01,NSWVIC,649.15,18,471
A202606,C2029Q1T02,VICNSW,649.14,1,728
A202606,C2029Q1T02,SAVIC,648.33,5,210
A202606,C2027Q4T07,NSWVIC,648,1,225
A202606,C2027Q3T08,NSWVIC,647.79999,13,409
A202606,C2027Q4T07,NSWVIC,647,1,226
A202606,C2028Q1T06,SAVIC,646.25,12,180
A202606,C2028Q2T05,TASVIC,645.59,2,377
A202606,C2027Q4T07,SAVIC,644.36,5,158
A202606,C2028Q2T05,SAVIC,642.79999,6,298
A202606,C2029Q2T01,SAVIC,642.79999,6,238
A202606,C2028Q2T05,SAVIC,642.79999,5,303
A202606,C2029Q2T01,SAVIC,642.79999,5,243
A202606,C2028Q2T05,NSWVIC,642.1,18,374
A202606,C2027Q2T09,NSWVIC,642.1,18,474
A202606,C2026Q4T11,NSWVIC,641.84,13,574
A202606,C2028Q1T06,SAVIC,640.30999,5,185
A202606,C2029Q1T02,VICNSW,640.07,4,732
A202606,C2027Q4T07,NSWVIC,639,1,227
A202606,C2027Q4T07,NSWVIC,635,3,230
A202606,C2026Q3T12,NSWVIC,634.79999,10,522
A202606,C2027Q4T07,NSWVIC,633.38,11,241
A202606,C2029Q2T01,NSWVIC,632.184,10,481
A202606,C2028Q2T05,NSWVIC,632.184,10,384
A202606,C2028Q2T05,NSWVIC,632,1,385
A202606,C2029Q2T01,NSWVIC,632,1,482
A202606,C2026Q3T12,TASVIC,631.85,2,2181
A202606,C2028Q3T04,TASVIC,631.82,2,283
A202606,C2027Q2T09,VICSA,631.5,32,581
A202606,C2027Q2T09,TASVIC,630.08,2,683
A202606,C2026Q3T12,NSWVIC,630,1,523
A202606,C2028Q2T05,NSWVIC,630,10,395
A202606,C2027Q2T09,NSWQLD,627.9,7,351
A202606,C2027Q4T07,NSWVIC,627.2,1,242
A202606,C2027Q3T08,NSWVIC,626.2,1,410
A202606,C2028Q1T06,NSWVIC,625.02,6,342
A202606,C2027Q1T10,SAVIC,624.25,10,320
A202606,C2027Q4T07,NSWVIC,624,2,244
A202606,C2028Q4T03,NSWVIC,622.71,1,281
A202606,C2027Q2T09,SAVIC,621.48,12,290
A202606,C2027Q4T07,SAVIC,621.351,3,161
A202606,C2027Q4T07,NSWVIC,621,1,245
A202606,C2029Q2T01,NSWQLD,621,1,312
A202606,C2026Q3T12,NSWQLD,620.57,5,289
A202606,C2028Q2T05,SAVIC,620.24,12,315
A202606,C2029Q2T01,SAVIC,620.2,12,255
A202606,C2027Q4T07,VICNSW,620.019,56,919
A202606,C2026Q4T11,SAVIC,620,6,258
A202606,C2028Q1T06,NSWVIC,618.02,2,344
A202606,C2027Q4T07,NSWVIC,615,2,247
A202606,C2028Q1T06,TASVIC,611.65,2,438
A202606,C2029Q1T02,NSWVIC,611.22,2,335
A202606,C2028Q3T04,SAVIC,610.25,5,361
A202606,C2027Q4T07,NSWVIC,610,2,249
A202606,C2027Q4T07,NSWVIC,610,10,259
A202606,C2029Q2T01,NSWQLD,608.64,5,317
A202606,C2028Q4T03,VICNSW,608.54,1,748
A202606,C2027Q3T08,NSWQLD,608.42999,5,364
A202606,C2027Q2T09,NSWQLD,608.25,5,356
A202606,C2028Q3T04,NSWQLD,608.23,5,341
A202606,C2028Q2T05,NSWQLD,608,5,339
A202606,C2027Q3T08,SAVIC,607.2,40,272
A202606,C2028Q4T03,SAVIC,607.2,40,320
A202606,C2026Q4T11,SAVIC,607.2,40,298
A202606,C2027Q4T07,SAVIC,607.2,40,201
A202606,C2028Q3T04,SAVIC,607.2,40,401
A202606,C2027Q3T08,NSWVIC,606.138,21,431
A202606,C2027Q2T09,SAVIC,605,10,300
A202606,C2028Q2T05,TASVIC,603.1,8,385
A202606,C2029Q2T01,TASVIC,603.1,6,317
A202606,C2027Q1T10,NSWVIC,603,10,532
A202606,C2027Q4T07,NSWVIC,603,10,269
A202606,C2026Q4T11,NSWQLD,603,8,343
A202606,C2027Q2T09,NSWVIC,603,8,482
A202606,C2028Q3T04,NSWVIC,603,8,449
A202606,C2027Q4T07,SAVIC,603,10,211
A202606,C2029Q2T01,NSWQLD,603,8,325
A202606,C2027Q3T08,NSWVIC,603,8,439
A202606,C2027Q3T08,SAVIC,603,8,280
A202606,C2028Q4T03,SAVIC,603,8,328
A202606,C2026Q4T11,SAVIC,603,10,308
A202606,C2027Q2T09,SAVIC,603,10,310
A202606,C2028Q3T04,NSWVIC,603,10,459
A202606,C2026Q3T12,SAVIC,603,8,376
A202606,C2028Q1T06,NSWVIC,603,10,354
A202606,C2029Q1T02,NSWVIC,603,10,345
A202606,C2026Q3T12,NSWVIC,603,10,533
A202606,C2027Q3T08,SAVIC,603,10,290
A202606,C2027Q3T08,NSWVIC,603,10,449
A202606,C2028Q4T03,SAVIC,603,10,338
A202606,C2028Q3T04,SAVIC,603,10,411
A202606,C2028Q4T03,NSWVIC,603,8,289
A202606,C2026Q3T12,NSWQLD,603,8,297
A202606,C2026Q4T11,NSWVIC,603,10,584
A202606,C2027Q2T09,NSWVIC,603,10,492
A202606,C2029Q2T01,SAVIC,603,10,265
A202606,C2028Q2T05,SAVIC,603,10,325
A202606,C2027Q4T07,NSWQLD,603,8,373
A202606,C2028Q1T06,NSWQLD,603,8,376
A202606,C2028Q2T05,NSWVIC,603,8,403
A202606,C2029Q2T01,NSWVIC,603,10,492
A202606,C2026Q3T12,SAVIC,603,10,386
A202606,C2029Q1T02,SAVIC,603,8,218
A202606,C2027Q4T07,SAVIC,603,8,219
A202606,C2028Q2T05,NSWVIC,603,10,413
A202606,C2027Q4T07,NSWVIC,602,2,271
A202606,C2028Q1T06,NSWVIC,601.12,1,355
A202606,C2026Q3T12,NSWVIC,600.67999,10,543
A202606,C2028Q1T06,SAVIC,600.6,40,225
A202606,C2029Q2T01,SAVIC,600.6,40,305
A202606,C2028Q2T05,SAVIC,600.6,40,365
A202606,C2027Q2T09,SAVIC,600.6,40,350
A202606,C2028Q4T03,SAVIC,600.24,5,343
A202606,C2027Q1T10,SAVIC,600,3,323
A202606,C2026Q4T11,SAVIC,600,3,311
A202606,C2026Q3T12,SAVIC,600,3,389
A202606,C2027Q3T08,NSWQLD,600,4,368
A202606,C2027Q2T09,NSWVIC,600,10,502
A202606,C2026Q3T12,NSWVIC,600,15,558
A202606,C2027Q2T09,NSWQLD,600,2,358
A202606,C2026Q3T12,NSWVIC,600,1,559
A202606,C2027Q1T10,TASVIC,599.86,2,901
A202606,C2027Q4T07,NSWVIC,599,7,278
A202606,C2028Q1T06,NSWVIC,598.73,13,368
A202606,C2027Q4T07,SAVIC,598.34,5,224
A202606,C2027Q4T07,NSWVIC,597.79999,1,279
A202606,C2027Q3T08,NSWVIC,595.75,10,459
A202606,C2026Q4T11,SAVIC,595.525,13,324
A202606,C2027Q2T09,NSWVIC,595.41999,10,512
A202606,C2029Q2T01,SAVIC,595.16,6,311
A202606,C2028Q3T04,NSWVIC,595.04999,2,461
A202606,C2027Q3T08,NSWVIC,595.04999,2,461
A202606,C2027Q1T10,SAVIC,594,40,363
A202606,C2029Q1T02,SAVIC,594,40,258
A202606,C2027Q4T07,NSWVIC,593,4,283
A202606,C2028Q2T05,SAVIC,589.23,5,370
A202606,C2029Q2T01,SAVIC,589.23,5,316
A202606,C2027Q4T07,NSWVIC,588.27599,5,288
A202606,C2028Q2T05,TASVIC,588.2,2,387
A202606,C2027Q4T07,NSWVIC,588,2,290
A202606,C2028Q1T06,SAVIC,586.95,5,230
A202606,C2027Q3T08,SAVIC,586.66999,9,299
A202606,C2029Q2T01,NSWVIC,584.6,1,493
A202606,C2028Q2T05,NSWVIC,584.6,1,414
A202606,C2029Q1T02,SAVIC,583.5,5,263
A202606,C2026Q3T12,SAVIC,582.912,19,408
A202606,C2029Q1T02,TASVIC,581.36,2,325
A202606,C2027Q4T07,NSWVIC,581,3,293
A202606,C2028Q3T04,SAVIC,580.66999,6,417
A202606,C2027Q4T07,TASVIC,580.04,2,358
A202606,C2026Q4T11,NSWVIC,580,10,594
A202606,C2028Q4T03,NSWVIC,580,10,299
A202606,C2027Q3T08,SAVIC,579.27168,10,309
A202606,C2026Q3T12,VICTAS,578,2,2353
A202606,C2027Q1T10,NSWVIC,577.5,23,555
A202606,C2027Q3T08,TASVIC,576.97,2,562
A202606,C2026Q3T12,NSWVIC,575.92999,13,572
A202606,C2028Q3T04,TASVIC,575.66,2,285
A202606,C2026Q3T12,TASVIC,575,30,2211
A202606,C2027Q2T09,TASVIC,574.07,2,685
A202606,C2028Q4T03,NSWVIC,572.22,1,300
A202606,C2027Q4T07,NSWVIC,571,4,297
A202606,C2027Q4T07,NSWVIC,570,2,299
A202606,C2026Q3T12,NSWVIC,570,1,573
A202606,C2027Q4T07,NSWVIC,568.4,1,300
A202606,C2027Q2T09,VICSA,567.89,8,589
A202606,C2027Q4T07,VICSA,567.89,8,506
A202606,C2027Q3T08,VICSA,567.89,8,606
A202606,C2026Q3T12,VICSA,567.89,8,526
A202606,C2028Q2T05,VICSA,567.89,8,552
A202606,C2028Q1T06,VICSA,567.89,8,441
A202606,C2026Q4T11,VICSA,567.89,8,552
A202606,C2027Q1T10,VICSA,567.89,8,488
A202606,C2027Q1T10,SAVIC,567.5,12,375
A202606,C2027Q3T08,NSWVIC,565.6,1,462
A202606,C2027Q4T07,TASVIC,563.16,8,366
A202606,C2027Q4T07,TASVIC,560.8103,10,376
A202606,C2028Q1T06,SAVIC,560.273,3,233
A202606,C2027Q4T07,SAVIC,560.23,6,230
A202606,C2029Q1T02,NSWVIC,560.092,16,361
A202606,C2028Q2T05,SAVIC,560,6,376
A202606,C2027Q4T07,NSWVIC,559,2,302
A202606,C2026Q4T11,NSWVIC,558.138,21,615
A202606,C2027Q4T07,TASVIC,557.29,5,381
A202606,C2026Q3T12,TASVIC,555.26,2,2213
A202606,C2027Q4T07,NSWVIC,555,4,306
A202606,C2028Q3T04,VICNSW,552.539,56,751
A202606,C2027Q4T07,SAVIC,552.30999,5,235
A202606,C2028Q4T03,TASVIC,552,1,288
A202606,C2026Q4T11,TASVIC,552,1,995
A202606,C2027Q4T07,TASVIC,552,1,382
A202606,C2027Q2T09,SAVIC,550,12,362
A202606,C2027Q3T08,SAVIC,550,12,321
A202606,C2027Q3T08,SAVIC,550,3,324
A202606,C2027Q3T08,NSWVIC,550,5,467
A202606,C2027Q4T07,NSWQLD,550,2,375
A202606,C2027Q2T09,SAVIC,550,3,365
A202606,C2029Q2T01,TASVIC,550,20,337
A202606,C2027Q4T07,SAVIC,550,3,238
A202606,C2027Q4T07,NSWVIC,549,2,308
A202606,C2028Q1T06,NSWVIC,548.08,1,369
A202606,C2028Q1T06,VICTAS,546,1,427
A202606,C2028Q1T06,TASVIC,546,1,439
A202606,C2028Q1T06,NSWVIC,545.78,2,371
A202606,C2027Q4T07,NSWVIC,545,3,311
A202606,C2029Q2T01,NSWVIC,544.82,20,513
A202606,C2026Q3T12,TASVIC,543.21,60,2273
A202606,C2027Q2T09,VICTAS,543.21,15,642
A202606,C2028Q4T03,TASVIC,543.21,5,293
A202606,C2027Q4T07,VICTAS,543.21,12,476
A202606,C2027Q2T09,TASVIC,543.21,15,700
A202606,C2026Q3T12,VICTAS,543.21,50,2403
A202606,C2027Q3T08,TASVIC,543.21,10,572
A202606,C2029Q1T02,VICTAS,543.21,4,306
A202606,C2028Q4T03,VICTAS,543.21,5,322
A202606,C2027Q3T08,VICTAS,543.21,15,545
A202606,C2026Q4T11,VICTAS,543.21,30,1348
A202606,C2029Q1T02,TASVIC,543.21,2,327
A202606,C2028Q3T04,TASVIC,543.21,5,290
A202606,C2027Q1T10,VICTAS,543.21,25,1087
A202606,C2029Q2T01,TASVIC,543.21,4,341
A202606,C2028Q2T05,VICTAS,543.21,8,381
A202606,C2028Q3T04,VICTAS,543.21,5,276
A202606,C2028Q2T05,TASVIC,543.21,6,393
A202606,C2028Q1T06,VICTAS,543.21,10,437
A202606,C2029Q2T01,VICTAS,543.21,4,312
A202606,C2028Q1T06,TASVIC,543.21,4,443
A202606,C2026Q4T11,TASVIC,543.21,30,1025
A202606,C2027Q1T10,TASVIC,543.21,6,907
A202606,C2028Q3T04,SAVIC,542.44,9,426
A202606,C2028Q3T04,TASVIC,542.1,8,298
A202606,C2027Q4T07,NSWVIC,540.96,18,329
A202606,C2028Q4T03,NSWVIC,540.96,18,318
A202606,C2029Q2T01,NSWQLD,540,7,332
A202606,C2029Q2T01,NSWQLD,540,12,344
A202606,C2028Q3T04,NSWQLD,540,12,353
A202606,C2029Q1T02,VICTAS,540,1,307
A202606,C2027Q1T10,TASVIC,540,1,908
A202606,C2029Q1T02,TASVIC,540,1,328
A202606,C2026Q3T12,NSWVIC,540,1,574
A202606,C2029Q1T02,QLDNSW,540,10,743
A202606,C2027Q4T07,NSWVIC,540,10,339
A202606,C2028Q1T06,SAVIC,540,6,239
A202606,C2027Q1T10,VICTAS,540,1,1088
A202606,C2028Q2T05,NSWQLD,540,7,346
A202606,C2028Q2T05,NSWQLD,540,12,358
A202606,C2028Q3T04,NSWQLD,540,7,360
A202606,C2029Q1T02,NSWVIC,539.78,2,363
A202606,C2028Q2T05,NSWVIC,539.37,13,427
A202606,C2027Q3T08,NSWQLD,539.27,10,378
A202606,C2027Q3T08,NSWQLD,539.26599,12,390
A202606,C2029Q2T01,NSWVIC,539.2,13,526
A202606,C2027Q4T07,NSWVIC,539,1,340
A202606,C2028Q2T05,NSWVIC,538.91,20,447
A202606,C2027Q2T09,NSWVIC,538.91,20,532
A202606,C2026Q4T11,NSWQLD,538.2,4,347
A202606,C2027Q3T08,VICTAS,538.2,1,546
A202606,C2028Q1T06,TASVIC,537.51,2,445
A202606,C2029Q2T01,NSWVIC,537.2,1,527
A202606,C2028Q2T05,NSWVIC,537.2,1,448
A202606,C2029Q2T01,SAVIC,535.66999,5,321
A202606,C2028Q2T05,SAVIC,535.66999,5,381
A202606,C2028Q1T06,SAVIC,533.6,5,244
A202606,C2028Q4T03,SAVIC,533.54,9,352
A202606,C2028Q2T05,TASVIC,530.82,2,395
A202606,C2028Q1T06,NSWVIC,530.4,21,392
A202606,C2029Q1T02,TASVIC,529.67999,2,330
A202606,C2028Q4T03,VICSA,528.05999,10,451
A202606,C2027Q1T10,TASVIC,527.15,2,910
A202606,C2028Q2T05,TASVIC,527.09,8,403
A202606,C2027Q2T09,TASVIC,527.09,47,747
A202606,C2029Q2T01,TASVIC,527.09,5,346
A202606,C2029Q2T01,NSWQLD,526.5,1,345
A202606,C2028Q3T04,NSWVIC,525.5,2,463
A202606,C2027Q3T08,NSWVIC,525.5,2,469
A202606,C2029Q1T02,VICTAS,525.47,9,316
A202606,C2027Q1T10,VICTAS,525.47,68,1156
A202606,C2028Q1T06,VICTAS,525.47,30,467
A202606,C2027Q4T07,TASVIC,523.79999,5,387
A202606,C2028Q4T03,NSWVIC,521.73,1,319
A202606,C2029Q2T01,NSWVIC,520.91999,10,537
A202606,C2028Q2T05,VICNSW,520.018,56,807
A202606,C2029Q1T02,SAVIC,520,6,269
A202606,C2028Q3T04,TASVIC,519.5,2,300
A202606,C2029Q1T02,SAVIC,518.66999,9,278
A202606,C2026Q4T11,SAVIC,518.65,13,337
A202606,C2027Q2T09,TASVIC,518.07,2,749
A202606,C2026Q3T12,NSWQLD,516.57,5,302
A202606,C2026Q4T11,TASVIC,513.92999,57,1082
A202606,C2028Q4T03,TASVIC,513.92999,9,302
A202606,C2028Q2T05,TASVIC,513.92999,11,414
A202606,C2028Q3T04,TASVIC,513.92999,10,310
A202606,C2028Q1T06,TASVIC,513.92999,13,458
A202606,C2027Q2T09,TASVIC,513.92999,23,772
A202606,C2027Q1T10,TASVIC,513.92999,31,941
A202606,C2027Q4T07,TASVIC,513.92999,15,402
A202606,C2027Q3T08,TASVIC,513.92999,19,591
A202606,C2027Q3T08,SAVIC,513.33,10,334
A202606,C2026Q4T11,NSWVIC,511.63,15,630
A202606,C2029Q1T02,VICNSW,510.07,4,736
A202606,C2026Q3T12,NSWVIC,510,1,575
A202606,C2028Q2T05,NSWVIC,510,10,458
A202606,C2027Q4T07,NSWVIC,509.6,1,341
A202606,C2028Q1T06,TASVIC,509,8,466
A202606,C2028Q1T06,SAVIC,507.77,13,257
A202606,C2027Q4T07,SAVIC,506.29,5,243
A202606,C2028Q2T05,VICSA,505.037,32,584
A202606,C2027Q1T10,SAVIC,503,10,385
A202606,C2028Q2T05,NSWQLD,503,8,366
A202606,C2026Q3T12,NSWVIC,503,8,583
A202606,C2027Q1T10,NSWVIC,503,8,563
A202606,C2028Q2T05,NSWQLD,503,10,376
A202606,C2027Q2T09,SAVIC,503,8,373
A202606,C2028Q1T06,SAVIC,503,10,267
A202606,C2026Q4T11,SAVIC,503,8,345
A202606,C2026Q3T12,NSWQLD,503,10,312
A202606,C2029Q2T01,NSWQLD,503,10,355
A202606,C2029Q1T02,SAVIC,503,10,288
A202606,C2027Q3T08,NSWQLD,503,10,400
A202606,C2028Q3T04,NSWQLD,503,10,370
A202606,C2027Q2T09,NSWQLD,503,10,368
A202606,C2029Q1T02,NSWQLD,503,8,368
A202606,C2029Q2T01,SAVIC,503,8,329
A202606,C2028Q3T04,NSWQLD,503,8,378
A202606,C2027Q4T07,NSWVIC,503,8,349
A202606,C2027Q2T09,NSWQLD,502.32,10,378
A202606,C2027Q2T09,NSWQLD,502.32,12,390
A202606,C2028Q1T06,VICNSW,500.245,56,885
A202606,C2028Q1T06,NSWVIC,500.02,6,398
A202606,C2027Q2T09,NSWVIC,500,10,542
A202606,C2026Q4T11,SAVIC,500,3,348
A202606,C2027Q1T10,SAVIC,500,3,388
A202606,C2026Q3T12,SAVIC,500,3,411
A202606,C2027Q3T08,NSWQLD,500,4,404
A202606,C2027Q2T09,NSWQLD,500,2,392
A202606,C2027Q4T07,NSWVIC,500,25,374
A202606,C2027Q3T08,VICSA,500,1,607
A202606,C2026Q3T12,NSWQLD,500,2,314
A202606,C2027Q4T07,VICSA,500,1,507
A202606,C2027Q1T10,QLDNSW,499.5,10,764
A202606,C2027Q3T08,SAVIC,499.28,6,340
A202606,C2028Q4T03,VICSA,498.4,9,460
A202606,C2027Q3T08,TASVIC,497.38,2,593
A202606,C2028Q4T03,NSWQLD,496.8,4,419
A202606,C2027Q4T07,NSWQLD,496.8,4,379
A202606,C2028Q1T06,NSWVIC,495.04,1,399
A202606,C2027Q4T07,TASVIC,492.4188,10,412
A202606,C2027Q4T07,SAVIC,492.38,11,254
A202606,C2028Q1T06,TASVIC,490,11,477
A202606,C2026Q4T11,TASVIC,490,2,1084
A202606,C2027Q1T10,TASVIC,490,21,962
A202606,C2027Q4T07,TASVIC,490,11,423
A202606,C2026Q4T11,TASVIC,490,35,1119
A202606,C2028Q2T05,NSWVIC,489.8,1,459
A202606,C2029Q2T01,NSWVIC,489.8,1,538
A202606,C2027Q2T09,SAVIC,488.3,13,386
A202606,C2028Q2T05,SAVIC,487.33,13,394
A202606,C2029Q2T01,SAVIC,487.3,13,342
A202606,C2027Q4T07,TASVIC,484.44,5,428
A202606,C2027Q4T07,SAVIC,483.273,3,257
A202606,C2028Q2T05,SAVIC,482.1,5,399
A202606,C2029Q2T01,SAVIC,482.1,5,347
A202606,C2027Q2T09,SAVIC,482,10,396
A202606,C2027Q1T10,SAVIC,482,10,398
A202606,C2029Q2T01,NSWQLD,481.64,5,360
A202606,C2027Q3T08,NSWQLD,481.43,5,409
A202606,C2027Q2T09,NSWQLD,481.25,5,397
A202606,C2028Q3T04,NSWQLD,481.23,5,383
A202606,C2029Q1T02,TASVIC,481.185,8,338
A202606,C2029Q2T01,TASVIC,481.185,7,353
A202606,C2028Q2T05,NSWQLD,481,5,381
A202606,C2028Q4T03,SAVIC,480.47,6,358
A202606,C2028Q1T06,SAVIC,480.24,5,272
A202606,C2027Q4T07,NSWVIC,480.2,1,375
A202606,C2026Q3T12,NSWVIC,480,1,584
A202606,C2028Q3T04,NSWVIC,479.6,16,479
A202606,C2026Q3T12,TASVIC,478.68,2,2275
A202606,C2029Q1T02,TASVIC,478.01,2,340
A202606,C2026Q4T11,SAVIC,476.42,12,360
A202606,C2027Q4T07,NSWVIC,475.03,12,387
A202606,C2029Q1T02,NSWVIC,475,10,373
A202606,C2028Q3T04,SAVIC,474.64,10,436
A202606,C2028Q2T05,TASVIC,473.43,2,416
A202606,C2027Q4T07,TASVIC,472,30,458
A202606,C2028Q4T03,NSWVIC,471.24,1,320
A202606,C2027Q4T07,NSWVIC,470,10,397
A202606,C2028Q4T03,NSWVIC,470,10,330
A202606,C2026Q4T11,NSWVIC,470,10,640
A202606,C2029Q2T01,TASVIC,466.99,2,355
A202606,C2028Q4T03,SAVIC,466.85,10,368
A202606,C2028Q1T06,TASVIC,463.37,2,479
A202606,C2028Q3T04,TASVIC,463.33,2,312
A202606,C2027Q2T09,TASVIC,462.06,2,774
A202606,C2027Q4T07,SAVIC,460.26,5,262
A202606,C2027Q1T10,TASVIC,454.44,2,964
A202606,C2028Q4T03,NSWVIC,454.02,20,350
A202606,C2027Q4T07,NSWVIC,454.02,20,417
A202606,C2027Q1T10,SAVIC,454,10,408
A202606,C2029Q1T02,SAVIC,453.83,10,298
A202606,C2027Q4T07,NSWVIC,450.8,1,418
A202606,C2026Q3T12,NSWVIC,450,22,606
A202606,C2027Q4T07,SAVIC,450,3,265
A202606,C2027Q3T08,NSWVIC,450,5,474
A202606,C2027Q3T08,SAVIC,450,3,343
A202606,C2027Q4T07,NSWVIC,450,10,428
A202606,C2027Q2T09,SAVIC,450,3,399
A202606,C2028Q1T06,NSWVIC,449.47,18,417
A202606,C2028Q2T05,VICTAS,448.48,1,382
A202606,C2027Q4T07,SAVIC,445.23,6,271
A202606,C2027Q4T07,TASVIC,445.08,5,463
A202606,C2028Q2T05,SAVIC,445,6,405
A202606,C2028Q3T04,VICTAS,444.8,1,277
A202606,C2029Q1T02,NSWVIC,444.53,18,391
A202606,C2026Q4T11,TASVIC,444,20,1139
A202606,C2029Q2T01,NSWVIC,442.4,1,539
A202606,C2028Q2T05,NSWVIC,442.4,1,460
A202606,C2028Q3T04,NSWVIC,441.6,25,504
A202606,C2026Q4T11,NSWVIC,441.6,25,665
A202606,C2028Q4T03,NSWVIC,441.6,25,375
A202606,C2027Q3T08,NSWVIC,441.6,25,499
A202606,C2027Q4T07,NSWVIC,441.6,25,453
A202606,C2027Q4T07,NSWVIC,441.207,5,458
A202606,C2029Q2T01,NSWVIC,440.5,20,559
A202606,C2026Q4T11,VICNSW,440.04,1,945
A202606,C2027Q3T08,SAVIC,440,10,353
A202606,C2027Q2T09,SAVIC,440,10,409
A202606,C2027Q2T09,NSWVIC,436.8,25,567
A202606,C2028Q1T06,NSWVIC,436.8,25,442
A202606,C2029Q2T01,NSWVIC,436.8,25,584
A202606,C2028Q2T05,NSWVIC,436.8,25,485
A202606,C2028Q2T05,NSWVIC,435.71,20,505
A202606,C2027Q2T09,NSWVIC,435.71,20,587
A202606,C2027Q2T09,VICTAS,434.07,1,643
A202606,C2028Q3T04,NSWVIC,432.77,18,522
A202606,C2027Q3T08,NSWVIC,432.77,18,517
A202606,C2027Q1T10,NSWVIC,432,25,588
A202606,C2029Q1T02,NSWVIC,432,25,416
A202606,C2029Q2T01,NSWQLD,432,1,361
A202606,C2027Q3T08,NSWVIC,430.75,10,527
A202606,C2027Q3T08,TASVIC,430.62,38,631
A202606,C2028Q3T04,TASVIC,430.62,10,322
A202606,C2026Q3T12,TASVIC,430.62,174,2449
A202606,C2027Q2T09,NSWVIC,430.42,10,597
A202606,C2029Q2T01,SAVIC,430.16,6,353
A202606,C2028Q1T06,SAVIC,430,6,278
A202606,C2028Q2T05,SAVIC,428.53,9,414
A202606,C2029Q2T01,SAVIC,428.53,9,362
A202606,C2028Q1T06,SAVIC,426.88,9,287
A202606,C2029Q1T02,TASVIC,426.33,2,342
A202606,C2026Q3T12,NSWVIC,425.68,10,616
A202606,C2029Q2T01,TASVIC,425.48,2,357
A202606,C2027Q4T07,NSWVIC,421.4,1,459
A202606,C2028Q4T03,TASVIC,420,8,310
A202606,C2029Q1T02,TASVIC,420,6,348
A202606,C2027Q3T08,TASVIC,417.8,2,633
A202606,C2026Q3T12,VICNSW,416.76,49,906
A202606,C2028Q2T05,TASVIC,416.05,2,418
A202606,C2027Q1T10,VICNSW,415.37,1,962
A202606,C2027Q4T07,SAVIC,414.24,5,276
A202606,C2027Q3T08,VICTAS,414,1,547
A202606,C2026Q3T12,VICTAS,414,1,2404
A202606,C2026Q4T11,VICTAS,414,1,1349
A202606,C2028Q3T04,TASVIC,414,1,323
A202606,C2028Q3T04,VICTAS,414,1,278
A202606,C2027Q3T08,TASVIC,414,1,634
A202606,C2027Q4T07,VICTAS,414,1,477
A202606,C2026Q3T12,TASVIC,414,1,2450
A202606,C2028Q4T03,VICTAS,414,1,323
A202606,C2026Q3T12,NSWQLD,412.57,5,319
A202606,C2027Q4T07,VICSA,412.037,33,540
A202606,C2028Q2T05,TASVIC,409.5,1,419
A202606,C2028Q1T06,QLDNSW,409.5,10,776
A202606,C2028Q2T05,VICTAS,409.5,1,383
A202606,C2027Q2T09,VICTAS,409.5,1,644
A202606,C2027Q2T09,TASVIC,409.5,1,775
A202606,C2029Q2T01,VICTAS,409.5,1,313
A202606,C2029Q2T01,TASVIC,409.5,1,358
A202606,C2027Q4T07,VICTAS,407.91,32,509
A202606,C2028Q4T03,VICTAS,407.91,5,328
A202606,C2026Q4T11,VICTAS,407.91,105,1454
A202606,C2027Q4T07,TASVIC,407.29,5,468
A202606,C2028Q3T04,TASVIC,407.17,2,325
A202606,C2028Q3T04,SAVIC,406.83,10,446
A202606,C2028Q3T04,SAVIC,406.83,9,455
A202606,C2026Q3T12,VICSA,406.76,1,527
A202606,C2027Q2T09,TASVIC,406.05,2,777
A202606,C2027Q4T07,TASVIC,405.73,5,473
A202606,C2027Q4T07,VICTAS,405.72,1,510
A202606,C2027Q4T07,SAVIC,405.49,12,288
A202606,C2026Q3T12,TASVIC,402.09,2,2452
A202606,C2028Q1T06,SAVIC,400.195,12,299
A202606,C2028Q4T03,SAVIC,400.16,10,378
A202606,C2028Q4T03,SAVIC,400.156,9,387
A202606,C2027Q4T07,NSWVIC,400,10,469
A202606,C2027Q1T10,SAVIC,400,3,411
A202606,C2027Q4T07,NSWVIC,400,5,474
A202606,C2027Q4T07,NSWQLD,400,2,381
A202606,C2029Q2T01,VICTAS,397.27,1,314
A202606,C2027Q4T07,TASVIC,395.23,2,475
A202606,C2026Q4T11,VICTAS,393.3,1,1455
A202606,C2027Q4T07,NSWVIC,392,1,475
A202606,C2028Q2T05,NSWVIC,390,10,515
A202606,C2028Q1T06,TASVIC,389.23,2,481
A202606,C2029Q1T02,SAVIC,389,10,308
A202606,C2029Q1T02,SAVIC,389,9,317
A202606,C2027Q1T10,TASVIC,388,2,966
A202606,C2027Q4T07,TASVIC,388,2,477
A202606,C2026Q4T11,SAVIC,385,6,366
A202606,C2027Q4T07,SAVIC,385,1,289
A202606,C2029Q2T01,TASVIC,383.97,2,360
A202606,C2026Q4T11,TASVIC,383.64,2,1141
A202606,C2027Q1T10,TASVIC,381.73,2,968
A202606,C2029Q1T02,VICNSW,380.07,4,740
A202606,C2029Q1T02,SAVIC,380,6,323
A202606,C2027Q4T07,SAVIC,379,2,291
A202606,C2027Q2T09,NSWVIC,378.9,21,618
A202606,C2028Q1T06,NSWVIC,377.23,20,462
A202606,C2027Q4T07,SAVIC,377,2,293
A202606,C2028Q1T06,NSWVIC,375.02,6,468
A202606,C2028Q2T05,SAVIC,374.97,10,424
A202606,C2029Q2T01,SAVIC,374.97,10,372
A202606,C2029Q1T02,TASVIC,374.65,2,350
A202606,C2027Q4T07,SAVIC,374,2,295
A202606,C2028Q1T06,SAVIC,373.52,10,309
A202606,C2029Q1T02,NSWVIC,373.09,20,436
A202606,C2026Q4T11,NSWVIC,372.09,15,680
A202606,C2027Q4T07,SAVIC,372,2,297
A202606,C2027Q4T07,SAVIC,368.21,9,306
A202606,C2028Q4T03,NSWVIC,367.08,20,395
A202606,C2027Q4T07,NSWVIC,367.08,20,495
A202606,C2027Q4T07,TASVIC,366.37,5,482
A202606,C2027Q4T07,SAVIC,366,3,309
A202606,C2027Q2T09,TASVIC,366,2,779
A202606,C2028Q1T06,VICTAS,365.27,1,468
A202606,C2027Q4T07,SAVIC,365,1,310
A202606,C2027Q3T08,NSWVIC,363.22,20,547
A202606,C2028Q3T04,NSWVIC,363.22,20,542
A202606,C2027Q4T07,NSWVIC,362.6,1,496
A202606,C2027Q4T07,TASVIC,360.1,2,484
A202606,C2026Q4T11,NSWVIC,360,10,690
A202606,C2028Q4T03,NSWVIC,360,10,405
A202606,C2027Q4T07,SAVIC,360,2,312
A202606,C2028Q2T05,TASVIC,358.66,2,421
A202606,C2027Q4T07,SAVIC,358,1,313
A202606,C2026Q4T11,SAVIC,357.315,20,386
A202606,C2026Q4T11,TASVIC,356,40,1181
A202606,C2029Q2T01,NSWQLD,354.64,5,366
A202606,C2027Q3T08,NSWQLD,354.43,5,414
A202606,C2027Q2T09,NSWQLD,354.25,5,402
A202606,C2028Q3T04,NSWQLD,354.23,5,388
A202606,C2027Q4T07,SAVIC,354,5,318
A202606,C2028Q2T05,NSWQLD,354,5,386
A202606,C2028Q3T04,TASVIC,351.01,2,327
A202606,C2027Q2T09,TASVIC,350.05,2,781
A202606,C2027Q2T09,SAVIC,350,3,412
A202606,C2027Q4T07,NSWVIC,350,5,501
A202606,C2027Q3T08,SAVIC,350,3,356
A202606,C2027Q4T07,SAVIC,350,3,321
A202606,C2027Q3T08,NSWVIC,350,10,557
A202606,C2026Q4T11,TASVIC,349.54,2,1183
A202606,C2027Q4T07,SAVIC,348,7,328
A202606,C2029Q1T02,VICTAS,347.81,1,317
A202606,C2027Q4T07,SAVIC,346,4,332
A202606,C2027Q4T07,SAVIC,345.195,12,344
A202606,C2027Q4T07,SAVIC,344,6,350
A202606,C2029Q2T01,TASVIC,342.46,2,362
A202606,C2028Q4T03,VICTAS,342.3,1,329
A202606,C2028Q3T04,SAVIC,340.67,6,461
A202606,C2027Q1T10,SAVIC,340.5,19,430
A202606,C2027Q4T07,TASVIC,340.04,2,486
A202606,C2026Q4T11,SAVIC,340,3,389
A202606,C2027Q4T07,SAVIC,339,5,355
A202606,C2027Q3T08,TASVIC,338.22,2,636
A202606,C2028Q4T03,NSWVIC,336.654,16,421
A202606,C2029Q2T01,NSWVIC,336.17,20,604
A202606,C2027Q1T10,VICTAS,336.15,1,1157
A202606,C2027Q4T07,SAVIC,336,5,360
A202606,C2029Q2T01,NSWVIC,335.92,10,614
A202606,C2026Q3T12,NSWQLD,334.08,30,349
A202606,C2027Q4T07,NSWVIC,333.2,1,502
A202606,C2028Q2T05,NSWVIC,332.52,20,535
A202606,C2027Q2T09,NSWVIC,332.52,20,638
A202606,C2028Q4T03,VICSA,332.27,10,470
A202606,C2027Q4T07,SAVIC,331,4,364
A202606,C2027Q4T07,SAVIC,330.23,6,370
A202606,C2027Q2T09,SAVIC,330,19,431
A202606,C2028Q2T05,SAVIC,330,6,430
A202606,C2027Q4T07,NSWVIC,330,10,512
A202606,C2027Q3T08,SAVIC,330,19,375
A202606,C2027Q4T07,SAVIC,328,3,373
A202606,C2027Q4T07,TASVIC,327.01,5,491
A202606,C2028Q4T03,TASVIC,327,20,330
A202606,C2027Q4T07,SAVIC,326,4,377
A202606,C2026Q3T12,TASVIC,325.5,2,2454
A202606,C2027Q4T07,TASVIC,324.97,2,493
A202606,C2026Q4T11,SAVIC,323,1,390
A202606,C2029Q1T02,TASVIC,322.98,2,352
A202606,C2027Q4T07,SAVIC,322.19,10,387
A202606,C2027Q3T08,TASVIC,322,2,638
A202606,C2029Q2T01,SAVIC,321.39999,10,382
A202606,C2028Q2T05,SAVIC,321.39999,9,439
A202606,C2029Q2T01,SAVIC,321.39999,9,391
A202606,C2028Q2T05,SAVIC,321.39999,10,449
A202606,C2028Q1T06,SAVIC,320.16,10,319
A202606,C2027Q4T07,SAVIC,320,3,390
A202606,C2028Q1T06,SAVIC,320,6,325
A202606,C2027Q4T07,SAVIC,318.6,13,403
A202606,C2027Q4T07,SAVIC,317,2,405
A202606,C2027Q4T07,NSWVIC,316.68,13,525
A202606,C2028Q2T05,NSWVIC,316.092,16,551
A202606,C2029Q2T01,NSWVIC,316.092,16,630
A202606,C2026Q4T11,TASVIC,315.44,2,1185
A202606,C2028Q1T06,TASVIC,315.08999,2,483
A202606,C2027Q3T08,SAVIC,312.27999,6,381
A202606,C2027Q1T10,TASVIC,309.02,2,970
A202606,C2026Q4T11,SAVIC,309,3,393
A202606,C2026Q3T12,NSWQLD,308.57,5,354
A202606,C2028Q1T06,NSWVIC,305,20,488
A202606,C2027Q4T07,NSWVIC,303.8,1,526
A202606,C2027Q3T08,SAVIC,303.6,15,396
A202606,C2028Q4T03,SAVIC,303.6,15,402
A202606,C2028Q3T04,SAVIC,303.6,15,476
A202606,C2026Q4T11,SAVIC,303.6,15,408
A202606,C2027Q4T07,SAVIC,303.6,15,420
A202606,C2027Q3T08,NSWVIC,303.069,21,578
A202606,C2029Q1T02,NSWVIC,301.64999,20,456
A202606,C2028Q2T05,TASVIC,301.27999,2,423
A202606,C2029Q2T01,TASVIC,300.95,2,364
A202606,C2028Q1T06,SAVIC,300.3,15,340
A202606,C2027Q2T09,SAVIC,300.3,15,446
A202606,C2028Q2T05,SAVIC,300.3,15,464
A202606,C2029Q2T01,SAVIC,300.3,15,406
A202606,C2027Q4T07,NSWVIC,300,10,536
A202606,C2029Q1T02,SAVIC,297,15,338
A202606,C2027Q1T10,SAVIC,297,15,445
A202606,C2028Q2T05,VICTAS,296.91,2,385
A202606,C2028Q3T04,TASVIC,294.85,2,329
A202606,C2027Q4T07,NSWVIC,294.13799,21,557
A202606,C2027Q2T09,TASVIC,294.04,2,783
A202606,C2026Q4T11,SAVIC,294,3,411
A202606,C2027Q3T08,NSWVIC,293.67,20,598
A202606,C2028Q3T04,NSWVIC,293.67,20,562
A202606,C2027Q2T09,VICTAS,292.11,20,664
A202606,C2027Q1T10,SAVIC,291,10,455
A202606,C2027Q2T09,SAVIC,291,10,456
A202606,C2028Q4T03,SAVIC,290.47,6,408
A202606,C2027Q4T07,TASVIC,289.83999,2,495
A202606,C2028Q4T03,TASVIC,289.25,2,332
A202606,C2029Q1T02,TASVIC,288,2,354
A202606,C2029Q2T01,TASVIC,288,2,366
A202606,C2028Q3T04,TASVIC,288,2,331
A202606,C2028Q2T05,TASVIC,288,2,425
A202606,C2028Q4T03,TASVIC,288,2,334
A202606,C2027Q1T10,TASVIC,287.64999,82,1052
A202606,C2027Q3T08,VICTAS,287.64999,40,587
A202606,C2026Q4T11,TASVIC,287.64999,87,1272
A202606,C2028Q2T05,VICTAS,287.64999,6,391
A202606,C2027Q4T07,TASVIC,287.64999,29,524
A202606,C2028Q1T06,TASVIC,287.64999,23,506
A202606,C2029Q1T02,TASVIC,287.64999,21,375
A202606,C2028Q4T03,TASVIC,287.64999,5,339
A202606,C2027Q2T09,VICTAS,287.64999,54,718
A202606,C2029Q2T01,VICTAS,287.64999,5,319
A202606,C2028Q3T04,VICTAS,287.64999,10,288
A202606,C2026Q3T12,VICTAS,287.64999,215,2619
A202606,C2026Q4T11,SAVIC,284,1,412
A202606,C2026Q4T11,TASVIC,281.33999,2,1274
A202606,C2028Q4T03,NSWVIC,280.14,20,441
A202606,C2027Q4T07,NSWVIC,280.14,20,577
A202606,C2026Q4T11,NSWVIC,279.069,21,711
A202606,C2027Q4T07,SAVIC,276.16,10,430
A202606,C2026Q4T11,TASVIC,276,1,1275
A202606,C2027Q4T07,TASVIC,276,1,525
A202606,C2028Q4T03,TASVIC,276,1,340
A202606,C2027Q4T07,NSWVIC,274.39999,1,578
A202606,C2028Q1T06,TASVIC,273,1,507
A202606,C2029Q1T02,TASVIC,271.3,2,377
A202606,C2028Q2T05,NSWVIC,270,10,561
A202606,C2029Q1T02,TASVIC,270,1,378
A202606,C2027Q1T10,TASVIC,270,1,1053
A202606,C2028Q3T04,NSWQLD,270,34,422
A202606,C2028Q2T05,NSWQLD,270,34,420
A202606,C2029Q2T01,NSWQLD,270,34,400
A202606,C2027Q3T08,NSWQLD,269.63299,34,448
A202606,C2028Q1T06,TASVIC,266,2,509
A202606,C2027Q3T08,NSWVIC,265.75,10,608
A202606,C2027Q2T09,NSWVIC,265.42,10,648
A202606,C2028Q1T06,NSWVIC,265.2,21,509
A202606,C2029Q2T01,SAVIC,265.16,6,412
A202606,C2028Q4T03,TASVIC,263.54,2,342
A202606,C2027Q4T07,NSWVIC,260,10,588
A202606,C2029Q2T01,TASVIC,259.44,2,368
A202606,C2027Q3T08,TASVIC,258.64,2,640
A202606,C2027Q4T07,TASVIC,254.71,2,527
A202606,C2027Q2T09,NSWQLD,251.16,34,436
A202606,C2027Q2T09,VICNSW,250,5,896
A202606,C2027Q4T07,VICNSW,250,5,924
A202606,C2027Q3T08,VICNSW,250,5,891
A202606,C2027Q4T07,NSWQLD,250,2,383
A202606,C2027Q2T09,SAVIC,250,3,459
A202606,C2027Q4T07,SAVIC,250,3,433
A202606,C2027Q3T08,SAVIC,250,3,399
A202606,C2027Q1T10,VICTAS,250,21,1178
A202606,C2027Q4T07,NSWVIC,250,10,598
A202606,C2026Q4T11,VICTAS,250,35,1490
A202606,C2026Q3T12,VICTAS,250,69,2688
A202606,C2027Q3T08,NSWVIC,250,10,618
A202606,C2026Q3T12,TASVIC,248.91,2,2456
A202606,C2026Q3T12,NSWQLD,248.4,4,358
A202606,C2026Q4T11,TASVIC,247.24,2,1277
A202606,C2028Q2T05,TASVIC,243.89,2,427
A202606,C2027Q1T10,NSWQLD,243,1,363
A202606,C2028Q1T06,TASVIC,240.95,2,511
A202606,C2028Q1T06,SAVIC,240.117,19,359
A202606,C2029Q1T02,SAVIC,240,6,344
A202606,C2028Q3T04,TASVIC,238.68,2,333
A202606,C2027Q2T09,TASVIC,238.03,2,785
A202606,C2028Q4T03,TASVIC,237.83,2,344
A202606,C2028Q2T05,VICTAS,237.53,10,401
A202606,C2027Q1T10,TASVIC,236.31,2,1055
A202606,C2027Q2T09,VICTAS,233.69,20,738
A202606,C2028Q1T06,NSWVIC,232.76,20,529
A202606,C2029Q2T01,NSWVIC,231.84,20,650
A202606,C2029Q2T01,VICTAS,231.78,1,320
A202606,C2029Q1T02,NSWVIC,230.2,20,476
A202606,C2028Q2T05,NSWVIC,229.32,20,581
A202606,C2027Q2T09,NSWVIC,229.32,20,668
A202606,C2029Q2T01,NSWQLD,227.64,5,405
A202606,C2027Q3T08,NSWQLD,227.43,5,453
A202606,C2027Q2T09,NSWQLD,227.25,5,441
A202606,C2028Q3T04,NSWQLD,227.23,5,427
A202606,C2028Q2T05,NSWQLD,227,5,425
A202606,C2028Q3T04,NSWVIC,224.11,20,582
A202606,C2027Q3T08,NSWVIC,224.11,20,638
A202606,C2027Q2T09,VICTAS,222,2,740
A202606,C2028Q2T05,VICTAS,222,2,403
A202606,C2026Q4T11,VICTAS,222,2,1492
A202606,C2028Q3T04,VICTAS,222,2,290
A202606,C2029Q1T02,VICTAS,222,2,319
A202606,C2027Q1T10,VICTAS,222,2,1180
A202606,C2028Q4T03,VICTAS,222,2,331
A202606,C2029Q2T01,VICTAS,222,2,322
A202606,C2027Q3T08,VICTAS,222,2,589
A202606,C2027Q4T07,VICTAS,222,2,512
A202606,C2028Q1T06,VICTAS,222,2,470
A202606,C2027Q3T08,NSWVIC,220.8,25,663
A202606,C2026Q4T11,NSWVIC,220.8,25,736
A202606,C2028Q4T03,NSWVIC,220.8,25,466
A202606,C2028Q3T04,NSWVIC,220.8,25,607
A202606,C2027Q4T07,NSWVIC,220.8,25,623
A202606,C2029Q1T02,TASVIC,219.62,2,380
A202606,C2027Q4T07,TASVIC,219.57,2,529
A202606,C2029Q2T01,NSWVIC,218.4,25,675
A202606,C2028Q2T05,NSWVIC,218.4,25,606
A202606,C2028Q1T06,NSWVIC,218.4,25,554
A202606,C2027Q2T09,NSWVIC,218.4,25,693
A202606,C2029Q2T01,TASVIC,217.93,2,370
A202606,C2029Q1T02,NSWVIC,216,25,501
A202606,C2027Q1T10,NSWVIC,216,25,613
A202606,C2027Q4T07,SAVIC,215.23,6,439
A202606,C2028Q2T05,SAVIC,215,6,470
A202606,C2028Q1T06,NSWQLD,214.99,1,377
A202606,C2026Q4T11,TASVIC,213.13,2,1279
A202606,C2028Q4T03,TASVIC,212.12,2,346
A202606,C2028Q1T06,SAVIC,210,6,365
A202606,C2027Q4T07,VICTAS,210,11,523
A202606,C2027Q4T07,SAVIC,207.117,19,458
A202606,C2028Q4T03,VICNSW,207,49,797
A202606,C2026Q4T11,VICNSW,207,49,994
A202606,C2027Q4T07,VICNSW,207,49,973
A202606,C2027Q3T08,VICNSW,207,49,940
A202606,C2028Q3T04,VICNSW,207,49,800
A202606,C2029Q2T01,VICNSW,204.75,49,817
A202606,C2027Q2T09,VICNSW,204.75,49,945
A202606,C2028Q1T06,VICNSW,204.75,49,934
A202606,C2028Q2T05,VICNSW,204.75,49,856
A202606,C2026Q3T12,NSWQLD,204.57,5,363
A202606,C2029Q1T02,VICNSW,202.5,49,789
A202606,C2027Q1T10,VICNSW,202.5,49,1011
A202606,C2029Q1T02,NSWQLD,202.5,1,369
A202606,C2027Q4T07,VICTAS,201.48,3,526
A202606,C2027Q2T09,VICTAS,200,15,755
A202606,C2028Q1T06,VICTAS,200,11,481
A202606,C2027Q3T08,VICTAS,200,14,603
A202606,C2026Q4T11,VICTAS,197.34,45,1537
A202606,C2028Q2T05,VICTAS,195,8,411
A202606,C2026Q3T12,SAVIC,194.304,24,435
A202606,C2028Q4T03,NSWVIC,193.2,20,486
A202606,C2027Q4T07,NSWVIC,193.2,20,643
A202606,C2027Q1T10,NSWVIC,192.5,55,668
A202606,C2027Q3T08,NSWQLD,190.44,4,457
A202606,C2028Q3T04,VICTAS,190,8,298
A202606,C2027Q4T07,NSWVIC,190,10,653
A202606,C2027Q2T09,NSWQLD,188.37,4,445
A202606,C2028Q2T05,TASVIC,186.51,2,429
A202606,C2028Q4T03,TASVIC,186.41,2,348
A202606,C2028Q1T06,VICTAS,185.64,10,491
A202606,C2029Q2T01,VICTAS,185.43,5,327
A202606,C2028Q4T03,VICTAS,185,8,339
A202606,C2027Q4T07,TASVIC,184.44,2,531
A202606,C2028Q3T04,TASVIC,182.52,2,335
A202606,C2027Q2T09,TASVIC,182.03,2,787
A202606,C2029Q2T01,VICTAS,180,6,333
A202606,C2029Q1T02,VICTAS,180,6,325
A202606,C2027Q3T08,VICTAS,179.4,15,618
A202606,C2027Q3T08,TASVIC,179.06,4,644
A202606,C2026Q4T11,TASVIC,179.03,2,1281
A202606,C2028Q2T05,VICTAS,178.15,10,421
A202606,C2029Q2T01,TASVIC,176.42,2,372
A202606,C2027Q2T09,VICTAS,175.27,20,775
A202606,C2027Q1T10,VICTAS,175.23,26,1206
A202606,C2026Q3T12,SAVIC,172.5,3,438
A202606,C2028Q4T03,VICSA,172.5,12,482
A202606,C2028Q3T04,VICSA,172.5,12,566
A202606,C2027Q3T08,VICSA,172.5,12,619
A202606,C2027Q4T07,VICSA,172.5,12,552
A202606,C2026Q4T11,VICSA,172.5,12,564
A202606,C2026Q3T12,TASVIC,172.32,4,2460
A202606,C2029Q2T01,VICSA,170.63,12,506
A202606,C2028Q2T05,VICSA,170.63,12,596
A202606,C2027Q2T09,VICSA,170.63,12,601
A202606,C2028Q1T06,VICSA,170.63,12,453
A202606,C2027Q1T10,VICSA,168.75,12,500
A202606,C2029Q1T02,VICSA,168.75,12,434
A202606,C2029Q1T02,TASVIC,167.95,2,382
A202606,C2028Q1T06,TASVIC,166.81,4,515
A202606,C2028Q3T04,NSWQLD,165.6,4,431
A202606,C2028Q2T05,NSWQLD,163.8,4,429
A202606,C2029Q2T01,NSWQLD,163.8,4,409
A202606,C2027Q1T10,TASVIC,163.6,4,1059
A202606,C2027Q4T07,VICTAS,161.19,15,541
A202606,C2028Q4T03,TASVIC,160.69,2,350
A202606,C2028Q1T06,NSWVIC,160.52,20,574
A202606,C2029Q1T02,NSWVIC,158.76,20,521
A202606,C2026Q3T12,NSWVIC,158.69999,40,656
A202606,C2028Q4T03,VICTAS,158.26,5,344
A202606,C2029Q1T02,VICTAS,158.06,5,330
A202606,C2026Q4T11,VICTAS,157.87,45,1582
A202606,C2027Q3T08,NSWVIC,154.56,20,683
A202606,C2028Q3T04,NSWVIC,154.56,20,627
A202606,C2026Q3T12,NSWVIC,150,53,709
A202606,C2027Q4T07,TASVIC,149.31,2,533
A202606,C2028Q1T06,VICTAS,148.51,10,501
A202606,C2028Q3T04,VICTAS,148.27,5,303
A202606,C2027Q4T07,NSWVIC,147.06899,21,674
A202606,C2026Q4T11,TASVIC,144.93,2,1283
A202606,C2027Q3T08,VICTAS,143.52,15,633
A202606,C2027Q1T10,VICTAS,140.19,30,1236
A202606,C2029Q1T02,NSWVIC,140.023,61,582
A202606,C2029Q2T01,VICTAS,139.07,5,338
A202606,C2028Q1T06,VICTAS,136.5,1,502
A202606,C2027Q1T10,VICTAS,135,1,1237
A202606,C2029Q1T02,VICTAS,135,1,331
A202606,C2028Q4T03,TASVIC,134.97999,2,352
A202606,C2029Q2T01,TASVIC,134.91,2,374
A202606,C2026Q4T11,NSWQLD,134.55,1,348
A202606,C2028Q2T05,TASVIC,129.12,4,433
A202606,C2028Q4T03,VICTAS,126.61,5,349
A202606,C2029Q1T02,VICTAS,126.45,5,336
A202606,C2028Q3T04,TASVIC,126.36,4,339
A202606,C2027Q2T09,NSWVIC,126.3,51,744
A202606,C2027Q2T09,TASVIC,126.02,4,791
A202606,C2026Q3T12,VICTAS,124.2,95,2783
A202606,C2028Q4T03,NSWQLD,124.2,1,420
A202606,C2027Q4T07,NSWQLD,124.2,1,384
A202606,C2027Q4T07,VICTAS,120.89,15,556
A202606,C2027Q4T07,NSWVIC,120,10,684
A202606,C2028Q3T04,NSWVIC,119.9,61,688
A202606,C2026Q4T11,SAVIC,119.105,24,436
A202606,C2028Q2T05,VICTAS,118.76,10,431
A202606,C2028Q3T04,VICTAS,118.62,5,308
A202606,C2026Q4T11,VICTAS,118.41,45,1627
A202606,C2027Q2T09,VICTAS,116.84,20,795
A202606,C2029Q1T02,TASVIC,116.27,4,386
A202606,C2027Q4T07,TASVIC,114.18,2,535
A202606,C2027Q1T10,SAVIC,113.5,23,478
A202606,C2028Q1T06,VICTAS,111.39,10,512
A202606,C2026Q4T11,TASVIC,110.83,2,1285
A202606,C2027Q2T09,SAVIC,110,23,482
A202606,C2027Q3T08,SAVIC,110,23,422
A202606,C2028Q4T03,TASVIC,109.27,2,354
A202606,C2027Q3T08,VICTAS,107.64,15,648
A202606,C2027Q1T10,VICTAS,105.14,30,1267
A202606,C2026Q3T12,VICNSW,104.19,1,907
A202606,C2027Q4T07,VICTAS,103.5,1,557
A202606,C2028Q3T04,VICTAS,103.5,1,309
A202606,C2028Q4T03,VICTAS,103.5,1,350
A202606,C2028Q3T04,TASVIC,103.5,1,340
A202606,C2026Q4T11,VICTAS,103.5,1,1628
A202606,C2027Q3T08,VICTAS,103.5,1,649
A202606,C2027Q3T08,TASVIC,103.5,1,645
A202606,C2026Q3T12,TASVIC,103.5,1,2461
A202606,C2026Q3T12,VICTAS,103.5,1,2784
A202606,C2029Q2T01,VICTAS,102.38,1,339
A202606,C2028Q2T05,VICTAS,102.38,1,432
A202606,C2029Q2T01,TASVIC,102.38,1,375
A202606,C2027Q2T09,VICTAS,102.38,1,796
A202606,C2027Q2T09,TASVIC,102.38,1,792
A202606,C2028Q2T05,TASVIC,102.38,1,434
A202606,C2028Q3T04,SAVIC,101.7075,36,512
A202606,C2027Q3T08,NSWVIC,101.023,51,734
A202606,C2028Q4T03,SAVIC,100.039,36,444
A202606,C2026Q3T12,VICTAS,99.36,95,2879
A202606,C2029Q1T02,SAVIC,97.25,36,380
A202606,C2028Q4T03,VICTAS,94.96,5,355
A202606,C2029Q1T02,VICTAS,94.84,5,341
A202606,C2029Q2T01,TASVIC,93.4,4,379
A202606,C2026Q4T11,NSWVIC,93.023,51,787
A202606,C2029Q2T01,VICTAS,92.72,5,344
A202606,C2028Q3T04,VICTAS,88.96,5,314
A202606,C2028Q1T06,NSWVIC,88.4,51,625
A202606,C2028Q4T03,NSWVIC,84.1635,61,547
A202606,C2028Q4T03,TASVIC,83.56,2,356
A202606,C2027Q4T07,VICTAS,80.59999,15,572
A202606,C2028Q2T05,SAVIC,80.34999,36,506
A202606,C2029Q2T01,SAVIC,80.34999,36,448
A202606,C2028Q1T06,SAVIC,80.039,23,388
A202606,C2027Q4T07,TASVIC,79.05,4,539
A202606,C2028Q2T05,NSWVIC,79.023,61,667
A202606,C2029Q2T01,NSWVIC,79.023,61,736
A202606,C2026Q4T11,VICTAS,78.94,45,1673
A202606,C2026Q4T11,TASVIC,76.73,4,1289
A202606,C2027Q3T08,SAVIC,75.9,3,425
A202606,C2026Q4T11,SAVIC,75.9,3,439
A202606,C2028Q4T03,SAVIC,75.9,3,447
A202606,C2027Q4T07,SAVIC,75.9,3,461
A202606,C2028Q3T04,SAVIC,75.9,3,515
A202606,C2028Q1T06,SAVIC,75.08,3,391
A202606,C2028Q2T05,SAVIC,75.08,3,509
A202606,C2027Q2T09,SAVIC,75.08,3,485
A202606,C2029Q2T01,SAVIC,75.08,3,451
A202606,C2026Q3T12,VICTAS,74.52,95,2974
A202606,C2028Q1T06,VICTAS,74.26,10,522
A202606,C2029Q1T02,SAVIC,74.25,3,383
A202606,C2027Q1T10,SAVIC,74.25,3,481
A202606,C2027Q3T08,VICTAS,71.76,15,664
A202606,C2027Q1T10,VICTAS,70.09999,30,1297
A202606,C2027Q4T07,SAVIC,69.039,23,484
A202606,C2026Q4T11,TASVIC,69,1,1290
A202606,C2027Q4T07,TASVIC,69,1,540
A202606,C2028Q4T03,TASVIC,69,1,357
A202606,C2028Q1T06,TASVIC,68.25,1,516
A202606,C2027Q1T10,TASVIC,67.5,1,1060
A202606,C2029Q1T02,TASVIC,67.5,1,387
A202606,C2028Q4T03,VICTAS,63.3,5,360
A202606,C2029Q1T02,VICTAS,63.22,5,346
A202606,C2026Q3T12,NSWQLD,62.1,1,364
A202606,C2028Q2T05,VICTAS,59.38,10,442
A202606,C2028Q3T04,VICTAS,59.31,10,324
A202606,C2027Q2T09,VICTAS,58.42,25,821
A202606,C2028Q4T03,TASVIC,57.85,4,361
A202606,C2026Q4T11,NSWVIC,55.2,40,827
A202606,C2028Q4T03,NSWVIC,55.2,40,587
A202606,C2027Q4T07,NSWVIC,55.2,40,724
A202606,C2028Q3T04,NSWVIC,55.2,40,728
A202606,C2027Q3T08,NSWVIC,55.2,40,774
A202606,C2029Q2T01,NSWVIC,54.6,40,776
A202606,C2028Q2T05,NSWVIC,54.6,40,707
A202606,C2028Q1T06,NSWVIC,54.6,40,665
A202606,C2027Q2T09,NSWVIC,54.6,40,784
A202606,C2027Q1T10,NSWVIC,54,40,708
A202606,C2029Q1T02,NSWVIC,54,40,622
A202606,C2028Q3T04,VICNSW,51.75,1,801
A202606,C2027Q3T08,VICNSW,51.75,1,941
A202606,C2026Q4T11,VICNSW,51.75,1,995
A202606,C2028Q4T03,VICNSW,51.75,1,798
A202606,C2027Q4T07,VICNSW,51.75,1,974
A202606,C2027Q2T09,VICNSW,51.19,1,946
A202606,C2029Q2T01,VICNSW,51.19,1,818
A202606,C2028Q1T06,VICNSW,51.19,1,935
A202606,C2028Q2T05,VICNSW,51.19,1,857
A202606,C2029Q1T02,VICNSW,50.63,1,790
A202606,C2027Q1T10,VICNSW,50.63,1,1012
A202606,C2026Q3T12,VICTAS,49.68,1,2975
A202606,C2026Q3T12,VICTAS,49.68,95,3070
A202606,C2027Q4T07,NSWVIC,49.023,51,775
A202606,C2027Q3T08,NSWQLD,47.61,1,458
A202606,C2027Q2T09,NSWQLD,47.09,1,446
A202606,C2029Q2T01,VICTAS,46.36,5,349
A202606,C2028Q4T03,VICSA,43.13,1,483
A202606,C2026Q4T11,VICSA,43.13,1,565
A202606,C2028Q3T04,VICSA,43.13,1,567
A202606,C2027Q4T07,VICSA,43.13,1,553
A202606,C2026Q3T12,SAVIC,43.13,1,439
A202606,C2027Q3T08,VICSA,43.13,1,620
A202606,C2028Q1T06,VICSA,42.66,1,454
A202606,C2029Q2T01,VICSA,42.66,1,507
A202606,C2028Q2T05,VICSA,42.66,1,597
A202606,C2027Q2T09,VICSA,42.66,1,602
A202606,C2027Q1T10,VICSA,42.19,1,501
A202606,C2029Q1T02,VICSA,42.19,1,435
A202606,C2028Q3T04,NSWQLD,41.4,1,432
A202606,C2029Q2T01,NSWQLD,40.95,1,410
A202606,C2028Q2T05,NSWQLD,40.95,1,430
A202606,C2027Q4T07,VICTAS,40.29999,15,587
A202606,C2026Q3T12,NSWVIC,39.68,8,717
A202606,C2026Q4T11,VICTAS,39.47,50,1723
A202606,C2028Q1T06,VICTAS,37.13,11,533
A202606,C2027Q3T08,VICTAS,35.88,20,684
A202606,C2027Q1T10,VICTAS,35.04999,30,1327
A202606,C2028Q1T06,VICTAS,34.13,1,534
A202606,C2027Q1T10,VICTAS,33.75,1,1328
A202606,C2029Q1T02,VICTAS,33.75,1,347
A202606,C2028Q4T03,VICTAS,31.65,10,370
A202606,C2029Q1T02,VICTAS,31.61,5,352
A202606,C2028Q3T04,VICTAS,29.65,10,334
A202606,C2027Q3T08,VICTAS,25.88,1,685
A202606,C2026Q3T12,VICTAS,25.88,1,3071
A202606,C2027Q3T08,TASVIC,25.88,1,646
A202606,C2028Q4T03,VICTAS,25.88,1,371
A202606,C2028Q3T04,TASVIC,25.88,1,341
A202606,C2027Q4T07,VICTAS,25.88,1,588
A202606,C2026Q4T11,VICTAS,25.88,1,1724
A202606,C2026Q3T12,TASVIC,25.88,1,2462
A202606,C2028Q3T04,VICTAS,25.88,1,335
A202606,C2027Q2T09,TASVIC,25.59,1,793
A202606,C2028Q2T05,VICTAS,25.59,1,443
A202606,C2029Q2T01,TASVIC,25.59,1,380
A202606,C2028Q2T05,TASVIC,25.59,1,435
A202606,C2029Q2T01,VICTAS,25.59,1,350
A202606,C2027Q2T09,VICTAS,25.59,1,822
A202606,C2026Q3T12,VICTAS,24.84,100,3171
A202606,C2027Q4T07,SAVIC,18.98,1,485
A202606,C2027Q3T08,SAVIC,18.98,1,426
A202606,C2028Q4T03,SAVIC,18.98,1,448
A202606,C2026Q4T11,SAVIC,18.98,1,440
A202606,C2028Q3T04,SAVIC,18.98,1,516
A202606,C2029Q2T01,SAVIC,18.77,1,452
A202606,C2027Q2T09,SAVIC,18.77,1,486
A202606,C2028Q2T05,SAVIC,18.77,1,510
A202606,C2028Q1T06,SAVIC,18.77,1,392
A202606,C2027Q1T10,SAVIC,18.55999,1,482
A202606,C2029Q1T02,SAVIC,18.55999,1,384
A202606,C2028Q4T03,TASVIC,17.25,1,362
A202606,C2026Q4T11,TASVIC,17.25,1,1291
A202606,C2027Q4T07,TASVIC,17.25,1,541
A202606,C2028Q1T06,TASVIC,17.05999,1,517
A202606,C2029Q1T02,TASVIC,16.88,1,388
A202606,C2027Q1T10,TASVIC,16.88,1,1061
A202606,C2028Q4T03,NSWVIC,13.8,8,595
A202606,C2027Q3T08,NSWVIC,13.8,8,782
A202606,C2026Q4T11,NSWVIC,13.8,8,835
A202606,C2027Q4T07,NSWVIC,13.8,8,783
A202606,C2028Q3T04,NSWVIC,13.8,8,736
A202606,C2027Q2T09,NSWVIC,13.65,8,792
A202606,C2028Q2T05,NSWVIC,13.65,8,715
A202606,C2028Q1T06,NSWVIC,13.65,8,673
A202606,C2029Q2T01,NSWVIC,13.65,8,784
A202606,C2027Q1T10,NSWVIC,13.5,8,716
A202606,C2029Q1T02,NSWVIC,13.5,8,630
A202606,C2026Q3T12,VICTAS,5.52,1,3172
A202606,C2026Q3T12,TASVIC,5.52,1,2463
A202606,C2027Q4T07,NSWQLD,5.52,1,385
A202606,C2028Q4T03,TASVIC,5.52,1,363
A202606,C2027Q3T08,VICTAS,5.52,1,686
A202606,C2028Q4T03,NSWQLD,5.52,1,421
A202606,C2026Q4T11,NSWQLD,5.52,1,349
A202606,C2026Q3T12,NSWQLD,5.52,1,365
A202606,C2027Q3T08,TASVIC,5.52,1,647
A202606,C2027Q3T08,NSWQLD,5.52,1,459
A202606,C2026Q4T11,TASVIC,5.52,1,1292
A202606,C2028Q3T04,TASVIC,5.52,1,342
A202606,C2028Q3T04,VICTAS,5.52,1,336
A202606,C2028Q3T04,NSWQLD,5.52,1,433
A202606,C2027Q4T07,TASVIC,5.52,1,542
A202606,C2028Q4T03,VICTAS,5.52,1,372
A202606,C2026Q4T11,VICTAS,5.52,1,1725
A202606,C2027Q4T07,VICTAS,5.52,1,589
A202606,C2029Q2T01,VICTAS,5.46,1,351
A202606,C2028Q1T06,NSWQLD,5.46,1,378
A202606,C2029Q2T01,TASVIC,5.46,1,381
A202606,C2028Q2T05,NSWQLD,5.46,1,431
A202606,C2029Q2T01,NSWQLD,5.46,1,411
A202606,C2027Q2T09,NSWQLD,5.46,1,447
A202606,C2027Q2T09,TASVIC,5.46,1,794
A202606,C2028Q1T06,TASVIC,5.46,1,518
A202606,C2027Q2T09,VICTAS,5.46,1,823
A202606,C2028Q2T05,TASVIC,5.46,1,436
A202606,C2028Q1T06,VICTAS,5.46,1,535
A202606,C2028Q2T05,VICTAS,5.46,1,444
A202606,C2027Q1T10,TASVIC,5.4,1,1062
A202606,C2029Q1T02,NSWQLD,5.4,1,370
A202606,C2027Q1T10,VICTAS,5.4,1,1329
A202606,C2029Q1T02,TASVIC,5.4,1,389
A202606,C2027Q1T10,NSWQLD,5.4,1,364
A202606,C2029Q1T02,VICTAS,5.4,1,353
A202606,C2026Q4T11,TASVIC,4.42,1,1293
A202606,C2027Q3T08,VICTAS,4.42,1,687
A202606,C2028Q4T03,NSWQLD,4.42,1,422
A202606,C2028Q4T03,VICTAS,4.42,1,373
A202606,C2026Q4T11,VICTAS,4.42,1,1726
A202606,C2027Q4T07,VICTAS,4.42,1,590
A202606,C2028Q3T04,TASVIC,4.42,1,343
A202606,C2028Q3T04,VICTAS,4.42,1,337
A202606,C2027Q4T07,TASVIC,4.42,1,543
A202606,C2028Q4T03,TASVIC,4.42,1,364
A202606,C2028Q3T04,NSWQLD,4.42,1,434
A202606,C2027Q3T08,TASVIC,4.42,1,648
A202606,C2026Q3T12,VICTAS,4.42,1,3173
A202606,C2026Q3T12,QLDNSW,4.42,1,714
A202606,C2027Q4T07,NSWQLD,4.42,1,386
A202606,C2026Q3T12,NSWQLD,4.42,1,366
A202606,C2026Q4T11,NSWQLD,4.42,1,350
A202606,C2027Q3T08,NSWQLD,4.42,1,460
A202606,C2026Q3T12,TASVIC,4.42,1,2464
A202606,C2028Q1T06,VICTAS,4.37,1,536
A202606,C2027Q2T09,TASVIC,4.37,1,795
A202606,C2029Q2T01,TASVIC,4.37,1,382
A202606,C2027Q2T09,VICTAS,4.37,1,824
A202606,C2028Q1T06,TASVIC,4.37,1,519
A202606,C2027Q2T09,NSWQLD,4.37,1,448
A202606,C2028Q2T05,VICTAS,4.37,1,445
A202606,C2028Q2T05,TASVIC,4.37,1,437
A202606,C2028Q2T05,NSWQLD,4.37,1,432
A202606,C2029Q2T01,VICTAS,4.37,1,352
A202606,C2028Q1T06,NSWQLD,4.37,1,379
A202606,C2029Q2T01,NSWQLD,4.37,1,412
A202606,C2029Q1T02,VICTAS,4.32,1,354
A202606,C2027Q1T10,NSWQLD,4.32,1,365
A202606,C2029Q1T02,TASVIC,4.32,1,390
A202606,C2027Q1T10,VICTAS,4.32,1,1330
A202606,C2027Q1T10,TASVIC,4.32,1,1063
A202606,C2029Q1T02,NSWQLD,4.32,1,371
A202606,C2027Q3T08,SAVIC,3.31,1,427
A202606,C2027Q4T07,NSWQLD,3.31,1,387
A202606,C2028Q3T04,VICSA,3.31,1,568
A202606,C2028Q3T04,NSWVIC,3.31,1,737
A202606,C2028Q3T04,SAVIC,3.31,1,517
A202606,C2026Q3T12,VICNSW,3.31,1,908
A202606,C2026Q4T11,VICSA,3.31,1,566
A202606,C2027Q3T08,QLDNSW,3.31,1,736
A202606,C2027Q3T08,NSWVIC,3.31,1,783
A202606,C2027Q3T08,NSWQLD,3.31,1,461
A202606,C2026Q3T12,NSWQLD,3.31,1,367
A202606,C2027Q3T08,VICSA,3.31,1,621
A202606,C2027Q3T08,VICTAS,3.31,1,688
A202606,C2026Q3T12,TASVIC,3.31,1,2465
A202606,C2026Q3T12,SAVIC,3.31,1,440
A202606,C2026Q3T12,VICSA,3.31,1,528
A202606,C2026Q3T12,QLDNSW,3.31,1,715
A202606,C2026Q4T11,VICTAS,3.31,1,1727
A202606,C2028Q4T03,VICNSW,3.31,1,799
A202606,C2028Q4T03,NSWVIC,3.31,1,596
A202606,C2028Q3T04,NSWQLD,3.31,1,435
A202606,C2028Q4T03,VICTAS,3.31,1,374
A202606,C2028Q4T03,SAVIC,3.31,1,449
A202606,C2028Q4T03,VICSA,3.31,1,484
A202606,C2028Q3T04,VICNSW,3.31,1,802
A202606,C2028Q3T04,TASVIC,3.31,1,344
A202606,C2028Q3T04,VICTAS,3.31,1,338
A202606,C2028Q4T03,TASVIC,3.31,1,365
A202606,C2027Q4T07,VICTAS,3.31,1,591
A202606,C2027Q4T07,TASVIC,3.31,1,544
A202606,C2026Q3T12,NSWVIC,3.31,1,718
A202606,C2026Q4T11,VICNSW,3.31,1,996
A202606,C2026Q4T11,NSWVIC,3.31,1,836
A202606,C2026Q3T12,VICTAS,3.31,1,3174
A202606,C2028Q4T03,NSWQLD,3.31,1,423
A202606,C2027Q4T07,NSWVIC,3.31,1,784
A202606,C2027Q3T08,TASVIC,3.31,1,649
A202606,C2027Q4T07,VICNSW,3.31,1,975
A202606,C2027Q3T08,VICNSW,3.31,1,942
A202606,C2027Q4T07,VICSA,3.31,1,554
A202606,C2027Q4T07,SAVIC,3.31,1,486
A202606,C2027Q4T07,QLDNSW,3.31,1,711
A202606,C2026Q4T11,QLDNSW,3.31,1,708
A202606,C2026Q4T11,SAVIC,3.31,1,441
A202606,C2026Q4T11,TASVIC,3.31,1,1294
A202606,C2026Q4T11,NSWQLD,3.31,1,351
A202606,C2028Q1T06,NSWQLD,3.28,1,380
A202606,C2027Q2T09,NSWVIC,3.28,1,793
A202606,C2027Q2T09,SAVIC,3.28,1,487
A202606,C2027Q2T09,VICTAS,3.28,1,825
A202606,C2028Q2T05,VICSA,3.28,1,598
A202606,C2029Q2T01,NSWQLD,3.28,1,413
A202606,C2028Q1T06,TASVIC,3.28,1,520
A202606,C2028Q2T05,SAVIC,3.28,1,511
A202606,C2028Q1T06,NSWVIC,3.28,1,674
A202606,C2028Q1T06,VICTAS,3.28,1,537
A202606,C2028Q1T06,VICSA,3.28,1,455
A202606,C2028Q2T05,TASVIC,3.28,1,438
A202606,C2028Q1T06,SAVIC,3.28,1,393
A202606,C2029Q2T01,SAVIC,3.28,1,453
A202606,C2029Q2T01,VICSA,3.28,1,508
A202606,C2027Q2T09,VICSA,3.28,1,603
A202606,C2028Q2T05,NSWQLD,3.28,1,433
A202606,C2029Q2T01,VICTAS,3.28,1,353
A202606,C2029Q2T01,NSWVIC,3.28,1,785
A202606,C2029Q2T01,VICNSW,3.28,1,819
A202606,C2029Q2T01,TASVIC,3.28,1,383
A202606,C2027Q2T09,NSWQLD,3.28,1,449
A202606,C2028Q2T05,VICNSW,3.28,1,858
A202606,C2028Q2T05,VICTAS,3.28,1,446
A202606,C2028Q2T05,NSWVIC,3.28,1,716
A202606,C2027Q2T09,VICNSW,3.28,1,947
A202606,C2028Q1T06,VICNSW,3.28,1,936
A202606,C2027Q2T09,TASVIC,3.28,1,796
A202606,C2027Q2T09,QLDNSW,3.28,1,777
A202606,C2029Q1T02,NSWVIC,3.24,1,631
A202606,C2029Q1T02,VICSA,3.24,1,436
A202606,C2029Q1T02,SAVIC,3.24,1,385
A202606,C2029Q1T02,NSWQLD,3.24,1,372
A202606,C2029Q1T02,VICTAS,3.24,1,355
A202606,C2027Q1T10,NSWQLD,3.24,1,366
A202606,C2027Q1T10,VICNSW,3.24,1,1013
A202606,C2027Q1T10,VICTAS,3.24,1,1331
A202606,C2027Q1T10,TASVIC,3.24,1,1064
A202606,C2027Q1T10,VICSA,3.24,1,502
A202606,C2027Q1T10,NSWVIC,3.24,1,717
A202606,C2027Q1T10,SAVIC,3.24,1,483
A202606,C2029Q1T02,TASVIC,3.24,1,391
A202606,C2027Q1T10,QLDNSW,3.24,1,765
A202606,C2029Q1T02,VICNSW,3.24,1,791
A202606,C2026Q3T12,VICNSW,2.21,1,909
A202606,C2028Q3T04,TASVIC,2.21,1,345
A202606,C2026Q3T12,TASVIC,2.21,1,2466
A202606,C2026Q4T11,NSWQLD,2.21,1,352
A202606,C2026Q4T11,NSWVIC,2.21,1,837
A202606,C2028Q3T04,VICNSW,2.21,1,803
A202606,C2026Q4T11,VICNSW,2.21,1,997
A202606,C2028Q3T04,NSWVIC,2.21,1,738
A202606,C2026Q4T11,TASVIC,2.21,1,1295
A202606,C2026Q4T11,QLDNSW,2.21,1,709
A202606,C2028Q3T04,VICSA,2.21,1,569
A202606,C2028Q3T04,SAVIC,2.21,1,518
A202606,C2028Q3T04,QLDNSW,2.21,1,686
A202606,C2026Q4T11,VICTAS,2.21,1,1728
A202606,C2027Q4T07,VICSA,2.21,1,555
A202606,C2026Q4T11,VICSA,2.21,1,567
A202606,C2027Q4T07,NSWVIC,2.21,1,785
A202606,C2027Q4T07,NSWQLD,2.21,1,388
A202606,C2027Q4T07,VICNSW,2.21,1,976
A202606,C2027Q4T07,VICTAS,2.21,1,592
A202606,C2026Q3T12,NSWQLD,2.21,1,368
A202606,C2027Q3T08,TASVIC,2.21,1,650
A202606,C2028Q4T03,NSWQLD,2.21,1,424
A202606,C2028Q4T03,VICSA,2.21,1,485
A202606,C2028Q3T04,NSWQLD,2.21,1,436
A202606,C2027Q4T07,TASVIC,2.21,1,545
A202606,C2028Q4T03,VICTAS,2.21,1,375
A202606,C2027Q3T08,QLDNSW,2.21,1,737
A202606,C2028Q4T03,SAVIC,2.21,1,450
A202606,C2027Q3T08,VICTAS,2.21,1,689
A202606,C2027Q3T08,SAVIC,2.21,1,428
A202606,C2027Q3T08,VICSA,2.21,1,622
A202606,C2026Q3T12,QLDNSW,2.21,1,716
A202606,C2027Q3T08,NSWVIC,2.21,1,784
A202606,C2028Q4T03,QLDNSW,2.21,1,705
A202606,C2027Q3T08,NSWQLD,2.21,1,462
A202606,C2027Q4T07,QLDNSW,2.21,1,712
A202606,C2026Q3T12,VICTAS,2.21,1,3175
A202606,C2027Q4T07,SAVIC,2.21,1,487
A202606,C2027Q3T08,VICNSW,2.21,1,943
A202606,C2028Q4T03,TASVIC,2.21,1,366
A202606,C2026Q3T12,SAVIC,2.21,1,441
A202606,C2028Q4T03,VICNSW,2.21,1,800
A202606,C2026Q3T12,VICSA,2.21,1,529
A202606,C2028Q4T03,NSWVIC,2.21,1,597
A202606,C2026Q3T12,NSWVIC,2.21,1,719
A202606,C2026Q4T11,SAVIC,2.21,1,442
A202606,C2028Q3T04,VICTAS,2.21,1,339
A202606,C2027Q2T09,VICSA,2.18,1,604
A202606,C2027Q2T09,VICTAS,2.18,1,826
A202606,C2028Q1T06,TASVIC,2.18,1,521
A202606,C2028Q2T05,QLDNSW,2.18,1,704
A202606,C2028Q2T05,VICNSW,2.18,1,859
A202606,C2028Q1T06,NSWVIC,2.18,1,675
A202606,C2028Q2T05,NSWQLD,2.18,1,434
A202606,C2028Q1T06,QLDNSW,2.18,1,777
A202606,C2029Q2T01,NSWQLD,2.18,1,414
A202606,C2028Q1T06,VICSA,2.18,1,456
A202606,C2029Q2T01,QLDNSW,2.18,1,710
A202606,C2027Q2T09,NSWVIC,2.18,1,794
A202606,C2028Q1T06,SAVIC,2.18,1,394
A202606,C2028Q1T06,VICNSW,2.18,1,937
A202606,C2028Q2T05,NSWVIC,2.18,1,717
A202606,C2027Q2T09,VICNSW,2.18,1,948
A202606,C2028Q1T06,VICTAS,2.18,1,538
A202606,C2028Q2T05,VICSA,2.18,1,599
A202606,C2027Q2T09,QLDNSW,2.18,1,778
A202606,C2029Q2T01,SAVIC,2.18,1,454
A202606,C2027Q2T09,TASVIC,2.18,1,797
A202606,C2027Q2T09,NSWQLD,2.18,1,450
A202606,C2028Q2T05,TASVIC,2.18,1,439
A202606,C2027Q2T09,SAVIC,2.18,1,488
A202606,C2029Q2T01,NSWVIC,2.18,1,786
A202606,C2028Q2T05,VICTAS,2.18,1,447
A202606,C2029Q2T01,VICNSW,2.18,1,820
A202606,C2028Q1T06,NSWQLD,2.18,1,381
A202606,C2029Q2T01,TASVIC,2.18,1,384
A202606,C2028Q2T05,SAVIC,2.18,1,512
A202606,C2029Q2T01,VICTAS,2.18,1,354
A202606,C2029Q2T01,VICSA,2.18,1,509
A202606,C2029Q1T02,NSWQLD,2.16,1,373
A202606,C2027Q1T10,VICNSW,2.16,1,1014
A202606,C2027Q1T10,QLDNSW,2.16,1,766
A202606,C2027Q1T10,VICTAS,2.16,1,1332
A202606,C2029Q1T02,VICNSW,2.16,1,792
A202606,C2027Q1T10,VICSA,2.16,1,503
A202606,C2029Q1T02,TASVIC,2.16,1,392
A202606,C2027Q1T10,NSWVIC,2.16,1,718
A202606,C2027Q1T10,TASVIC,2.16,1,1065
A202606,C2027Q1T10,SAVIC,2.16,1,484
A202606,C2027Q1T10,NSWQLD,2.16,1,367
A202606,C2029Q1T02,QLDNSW,2.16,1,744
A202606,C2029Q1T02,VICTAS,2.16,1,356
A202606,C2029Q1T02,SAVIC,2.16,1,386
A202606,C2029Q1T02,VICSA,2.16,1,437
A202606,C2029Q1T02,NSWVIC,2.16,1,632
A202606,C2026Q4T11,VICTAS,1.1,1,1729
A202606,C2027Q3T08,QLDNSW,1.1,1,738
A202606,C2028Q3T04,VICSA,1.1,1,570
A202606,C2026Q4T11,VICNSW,1.1,1,998
A202606,C2028Q3T04,NSWVIC,1.1,1,739
A202606,C2028Q4T03,SAVIC,1.1,1,451
A202606,C2026Q4T11,NSWVIC,1.1,1,838
A202606,C2027Q4T07,NSWQLD,1.1,1,389
A202606,C2027Q4T07,VICNSW,1.1,1,977
A202606,C2026Q3T12,TASVIC,1.1,1,2467
A202606,C2026Q3T12,VICNSW,1.1,1,910
A202606,C2028Q3T04,TASVIC,1.1,1,346
A202606,C2026Q3T12,SAVIC,1.1,1,442
A202606,C2026Q4T11,SAVIC,1.1,1,443
A202606,C2028Q4T03,VICTAS,1.1,1,376
A202606,C2028Q3T04,NSWQLD,1.1,1,437
A202606,C2026Q3T12,NSWVIC,1.1,1,720
A202606,C2027Q4T07,TASVIC,1.1,1,546
A202606,C2028Q4T03,TASVIC,1.1,1,367
A202606,C2028Q4T03,VICNSW,1.1,1,801
A202606,C2028Q4T03,QLDNSW,1.1,1,706
A202606,C2026Q4T11,VICSA,1.1,1,568
A202606,C2028Q4T03,VICSA,1.1,1,486
A202606,C2026Q3T12,QLDNSW,1.1,1,717
A202606,C2026Q3T12,VICTAS,1.1,1,3176
A202606,C2026Q3T12,VICSA,1.1,1,530
A202606,C2026Q4T11,TASVIC,1.1,1,1296
A202606,C2028Q3T04,QLDNSW,1.1,1,687
A202606,C2028Q3T04,VICTAS,1.1,1,340
A202606,C2028Q4T03,NSWVIC,1.1,1,598
A202606,C2028Q3T04,SAVIC,1.1,1,519
A202606,C2026Q4T11,QLDNSW,1.1,1,710
A202606,C2028Q4T03,NSWQLD,1.1,1,425
A202606,C2027Q4T07,VICTAS,1.1,1,593
A202606,C2027Q4T07,NSWVIC,1.1,1,786
A202606,C2026Q3T12,NSWQLD,1.1,1,369
A202606,C2027Q3T08,TASVIC,1.1,1,651
A202606,C2026Q4T11,NSWQLD,1.1,1,353
A202606,C2028Q3T04,VICNSW,1.1,1,804
A202606,C2027Q4T07,VICSA,1.1,1,556
A202606,C2027Q3T08,VICNSW,1.1,1,944
A202606,C2027Q4T07,SAVIC,1.1,1,488
A202606,C2027Q4T07,QLDNSW,1.1,1,713
A202606,C2027Q3T08,NSWQLD,1.1,1,463
A202606,C2027Q3T08,NSWVIC,1.1,1,785
A202606,C2027Q3T08,VICSA,1.1,1,623
A202606,C2027Q3T08,SAVIC,1.1,1,429
A202606,C2027Q3T08,VICTAS,1.1,1,690
A202606,C2028Q2T05,NSWQLD,1.09,1,435
A202606,C2028Q2T05,SAVIC,1.09,1,513
A202606,C2027Q2T09,VICTAS,1.09,1,827
A202606,C2029Q2T01,NSWQLD,1.09,1,415
A202606,C2027Q2T09,VICNSW,1.09,1,949
A202606,C2028Q1T06,QLDNSW,1.09,1,778
A202606,C2027Q2T09,NSWVIC,1.09,1,795
A202606,C2028Q1T06,VICNSW,1.09,1,938
A202606,C2027Q2T09,SAVIC,1.09,1,489
A202606,C2027Q2T09,QLDNSW,1.09,1,779
A202606,C2027Q2T09,NSWQLD,1.09,1,451
A202606,C2028Q1T06,TASVIC,1.09,1,522
A202606,C2029Q2T01,SAVIC,1.09,1,455
A202606,C2028Q2T05,VICSA,1.09,1,600
A202606,C2028Q2T05,NSWVIC,1.09,1,718
A202606,C2028Q1T06,VICTAS,1.09,1,539
A202606,C2029Q2T01,VICSA,1.09,1,510
A202606,C2028Q2T05,VICNSW,1.09,1,860
A202606,C2028Q1T06,SAVIC,1.09,1,395
A202606,C2029Q2T01,QLDNSW,1.09,1,711
A202606,C2029Q2T01,NSWVIC,1.09,1,787
A202606,C2028Q2T05,TASVIC,1.09,1,440
A202606,C2028Q1T06,VICSA,1.09,1,457
A202606,C2029Q2T01,VICNSW,1.09,1,821
A202606,C2028Q2T05,VICTAS,1.09,1,448
A202606,C2028Q1T06,NSWQLD,1.09,1,382
A202606,C2029Q2T01,TASVIC,1.09,1,385
A202606,C2028Q1T06,NSWVIC,1.09,1,676
A202606,C2027Q2T09,VICSA,1.09,1,605
A202606,C2029Q2T01,VICTAS,1.09,1,355
A202606,C2028Q2T05,QLDNSW,1.09,1,705
A202606,C2027Q2T09,TASVIC,1.09,1,798
A202606,C2029Q1T02,TASVIC,1.08,1,393
A202606,C2029Q1T02,VICSA,1.08,1,438
A202606,C2027Q1T10,VICTAS,1.08,1,1333
A202606,C2027Q1T10,SAVIC,1.08,1,485
A202606,C2027Q1T10,VICSA,1.08,1,504
A202606,C2029Q1T02,NSWVIC,1.08,1,633
A202606,C2027Q1T10,VICNSW,1.08,1,1015
A202606,C2029Q1T02,QLDNSW,1.08,1,745
A202606,C2027Q1T10,NSWVIC,1.08,1,719
A202606,C2029Q1T02,NSWQLD,1.08,1,374
A202606,C2027Q1T10,QLDNSW,1.08,1,767
A202606,C2029Q1T02,VICTAS,1.08,1,357
A202606,C2027Q1T10,TASVIC,1.08,1,1066
A202606,C2027Q1T10,NSWQLD,1.08,1,368
A202606,C2029Q1T02,VICNSW,1.08,1,793
A202606,C2029Q1T02,SAVIC,1.08,1,387
A202606,C2027Q3T08,NSWQLD,0.01,1,464
A202606,C2027Q3T08,QLDNSW,0.01,1,739
A202606,C2027Q3T08,QLDNSW,0.01,1,740
A202606,C2027Q3T08,QLDNSW,0.01,1,741
A202606,C2026Q3T12,NSWVIC,0.01,1,721
A202606,C2026Q3T12,NSWVIC,0.01,1,722
A202606,C2026Q3T12,NSWVIC,0.01,1,723
A202606,C2026Q3T12,NSWVIC,0.01,1,724
A202606,C2026Q3T12,NSWVIC,0.01,1,725
A202606,C2026Q3T12,NSWVIC,0.01,1,726
A202606,C2026Q3T12,VICNSW,0.01,1,911
A202606,C2026Q3T12,VICNSW,0.01,1,912
A202606,C2026Q3T12,VICNSW,0.01,1,913
A202606,C2026Q3T12,VICNSW,0.01,1,914
A202606,C2026Q3T12,VICNSW,0.01,1,915
A202606,C2026Q3T12,VICNSW,0.01,1,916
A202606,C2026Q3T12,VICNSW,0.01,1,917
A202606,C2026Q3T12,SAVIC,0.01,1,443
A202606,C2026Q3T12,SAVIC,0.01,1,444
A202606,C2026Q3T12,VICSA,0.01,1,531
A202606,C2026Q3T12,VICSA,0.01,1,532
A202606,C2026Q3T12,VICSA,0.01,1,533
A202606,C2026Q3T12,VICSA,0.01,1,534
A202606,C2026Q3T12,VICSA,0.01,1,535
A202606,C2026Q3T12,VICSA,0.01,1,536
A202606,C2026Q3T12,VICSA,0.01,1,537
A202606,C2026Q3T12,NSWVIC,0.01,1,727
A202606,C2026Q3T12,VICTAS,0.01,1,3177
A202606,C2026Q3T12,VICTAS,0.01,1,3178
A202606,C2026Q3T12,VICTAS,0.01,1,3179
A202606,C2026Q3T12,VICTAS,0.01,1,3180
A202606,C2026Q3T12,VICTAS,0.01,1,3181
A202606,C2028Q4T03,VICSA,0.01,1,487
A202606,C2028Q4T03,VICSA,0.01,1,488
A202606,C2028Q4T03,VICSA,0.01,1,489
A202606,C2028Q4T03,VICSA,0.01,1,490
A202606,C2028Q4T03,NSWVIC,0.01,1,599
A202606,C2028Q4T03,VICTAS,0.01,1,377
A202606,C2028Q4T03,VICTAS,0.01,1,378
A202606,C2028Q4T03,VICTAS,0.01,1,379
A202606,C2028Q4T03,VICTAS,0.01,1,380
A202606,C2028Q4T03,VICTAS,0.01,1,381
A202606,C2028Q4T03,VICTAS,0.01,1,382
A202606,C2026Q3T12,SAVIC,0.01,1,445
A202606,C2026Q3T12,SAVIC,0.01,1,446
A202606,C2026Q3T12,SAVIC,0.01,1,447
A202606,C2026Q3T12,SAVIC,0.01,1,448
A202606,C2026Q3T12,SAVIC,0.01,1,449
A202606,C2026Q3T12,QLDNSW,0.01,1,718
A202606,C2026Q3T12,QLDNSW,0.01,1,719
A202606,C2026Q3T12,QLDNSW,0.01,1,720
A202606,C2026Q3T12,QLDNSW,0.01,1,721
A202606,C2026Q3T12,TASVIC,0.01,1,2468
A202606,C2026Q3T12,TASVIC,0.01,1,2469
A202606,C2028Q4T03,SAVIC,0.01,1,452
A202606,C2028Q4T03,SAVIC,0.01,1,453
A202606,C2028Q4T03,VICSA,0.01,1,491
A202606,C2028Q4T03,VICSA,0.01,1,492
A202606,C2028Q4T03,VICSA,0.01,1,493
A202606,C2026Q3T12,TASVIC,0.01,1,2470
A202606,C2026Q3T12,TASVIC,0.01,1,2471
A202606,C2026Q3T12,TASVIC,0.01,1,2472
A202606,C2026Q3T12,NSWQLD,0.01,1,370
A202606,C2026Q3T12,NSWQLD,0.01,1,371
A202606,C2026Q3T12,NSWQLD,0.01,1,372
A202606,C2026Q3T12,NSWQLD,0.01,1,373
A202606,C2026Q3T12,NSWQLD,0.01,1,374
A202606,C2026Q3T12,NSWQLD,0.01,1,375
A202606,C2026Q3T12,NSWQLD,0.01,1,376
A202606,C2026Q3T12,QLDNSW,0.01,1,722
A202606,C2026Q3T12,QLDNSW,0.01,1,723
A202606,C2026Q3T12,QLDNSW,0.01,1,724
A202606,C2028Q4T03,VICNSW,0.01,1,802
A202606,C2028Q4T03,VICNSW,0.01,1,803
A202606,C2028Q4T03,VICNSW,0.01,1,804
A202606,C2028Q4T03,VICNSW,0.01,1,805
A202606,C2028Q4T03,VICNSW,0.01,1,806
A202606,C2028Q4T03,VICNSW,0.01,1,807
A202606,C2028Q4T03,NSWVIC,0.01,1,600
A202606,C2028Q4T03,NSWVIC,0.01,1,601
A202606,C2028Q4T03,NSWVIC,0.01,1,602
A202606,C2028Q4T03,NSWVIC,0.01,1,603
A202606,C2028Q4T03,NSWVIC,0.01,1,604
A202606,C2028Q4T03,NSWVIC,0.01,1,605
A202606,C2028Q4T03,VICNSW,0.01,1,808
A202606,C2027Q1T10,NSWQLD,0.01,1,369
A202606,C2027Q1T10,NSWQLD,0.01,1,370
A202606,C2027Q1T10,NSWQLD,0.01,1,371
A202606,C2027Q1T10,NSWQLD,0.01,1,372
A202606,C2027Q1T10,NSWQLD,0.01,1,373
A202606,C2027Q1T10,NSWQLD,0.01,1,374
A202606,C2027Q1T10,QLDNSW,0.01,1,768
A202606,C2027Q1T10,QLDNSW,0.01,1,769
A202606,C2027Q1T10,QLDNSW,0.01,1,770
A202606,C2027Q1T10,SAVIC,0.01,1,486
A202606,C2027Q1T10,SAVIC,0.01,1,487
A202606,C2027Q1T10,SAVIC,0.01,1,488
A202606,C2027Q1T10,SAVIC,0.01,1,489
A202606,C2027Q1T10,SAVIC,0.01,1,490
A202606,C2029Q2T01,NSWVIC,0.01,1,788
A202606,C2029Q2T01,NSWVIC,0.01,1,789
A202606,C2029Q2T01,NSWVIC,0.01,1,790
A202606,C2029Q2T01,NSWVIC,0.01,1,791
A202606,C2029Q2T01,NSWVIC,0.01,1,792
A202606,C2029Q2T01,NSWVIC,0.01,1,793
A202606,C2029Q2T01,VICNSW,0.01,1,822
A202606,C2029Q2T01,VICNSW,0.01,1,823
A202606,C2029Q2T01,VICNSW,0.01,1,824
A202606,C2029Q2T01,VICNSW,0.01,1,825
A202606,C2027Q1T10,VICSA,0.01,1,505
A202606,C2027Q1T10,VICSA,0.01,1,506
A202606,C2027Q1T10,VICSA,0.01,1,507
A202606,C2027Q1T10,VICSA,0.01,1,508
A202606,C2027Q1T10,VICSA,0.01,1,509
A202606,C2027Q1T10,NSWVIC,0.01,1,720
A202606,C2027Q1T10,NSWVIC,0.01,1,721
A202606,C2027Q1T10,NSWVIC,0.01,1,722
A202606,C2027Q1T10,NSWVIC,0.01,1,723
A202606,C2027Q1T10,NSWVIC,0.01,1,724
A202606,C2027Q1T10,QLDNSW,0.01,1,771
A202606,C2027Q1T10,QLDNSW,0.01,1,772
A202606,C2027Q1T10,QLDNSW,0.01,1,773
A202606,C2027Q1T10,NSWVIC,0.01,1,725
A202606,C2027Q1T10,NSWVIC,0.01,1,726
A202606,C2027Q1T10,VICNSW,0.01,1,1016
A202606,C2027Q1T10,VICNSW,0.01,1,1017
A202606,C2027Q1T10,VICNSW,0.01,1,1018
A202606,C2027Q1T10,VICNSW,0.01,1,1019
A202606,C2027Q1T10,VICNSW,0.01,1,1020
A202606,C2027Q1T10,VICNSW,0.01,1,1021
A202606,C2027Q1T10,VICNSW,0.01,1,1022
A202606,C2028Q1T06,NSWQLD,0.01,1,383
A202606,C2029Q2T01,VICNSW,0.01,1,826
A202606,C2029Q2T01,VICNSW,0.01,1,827
A202606,C2029Q2T01,VICNSW,0.01,1,828
A202606,C2029Q2T01,SAVIC,0.01,1,456
A202606,C2029Q2T01,SAVIC,0.01,1,457
A202606,C2029Q2T01,VICSA,0.01,1,511
A202606,C2029Q2T01,VICSA,0.01,1,512
A202606,C2029Q2T01,VICSA,0.01,1,513
A202606,C2029Q2T01,VICSA,0.01,1,514
A202606,C2029Q2T01,VICSA,0.01,1,515
A202606,C2029Q2T01,VICSA,0.01,1,516
A202606,C2029Q2T01,VICSA,0.01,1,517
A202606,C2029Q2T01,NSWVIC,0.01,1,794
A202606,C2028Q1T06,VICSA,0.01,1,458
A202606,C2028Q1T06,VICSA,0.01,1,459
A202606,C2028Q1T06,NSWQLD,0.01,1,384
A202606,C2028Q1T06,NSWQLD,0.01,1,385
A202606,C2028Q1T06,NSWQLD,0.01,1,386
A202606,C2028Q1T06,NSWQLD,0.01,1,387
A202606,C2028Q1T06,NSWQLD,0.01,1,388
A202606,C2028Q1T06,NSWQLD,0.01,1,389
A202606,C2028Q1T06,QLDNSW,0.01,1,779
A202606,C2028Q1T06,QLDNSW,0.01,1,780
A202606,C2028Q1T06,QLDNSW,0.01,1,781
A202606,C2028Q1T06,QLDNSW,0.01,1,782
A202606,C2028Q1T06,QLDNSW,0.01,1,783
A202606,C2028Q1T06,QLDNSW,0.01,1,784
A202606,C2028Q1T06,QLDNSW,0.01,1,785
A202606,C2029Q2T01,VICTAS,0.01,1,356
A202606,C2029Q2T01,VICTAS,0.01,1,357
A202606,C2029Q2T01,VICTAS,0.01,1,358
A202606,C2029Q2T01,VICTAS,0.01,1,359
A202606,C2029Q2T01,VICTAS,0.01,1,360
A202606,C2029Q2T01,VICTAS,0.01,1,361
A202606,C2029Q2T01,SAVIC,0.01,1,458
A202606,C2029Q2T01,SAVIC,0.01,1,459
A202606,C2029Q2T01,SAVIC,0.01,1,460
A202606,C2029Q2T01,SAVIC,0.01,1,461
A202606,C2029Q2T01,SAVIC,0.01,1,462
A202606,C2029Q2T01,QLDNSW,0.01,1,712
A202606,C2029Q2T01,QLDNSW,0.01,1,713
A202606,C2029Q2T01,QLDNSW,0.01,1,714
A202606,C2029Q2T01,QLDNSW,0.01,1,715
A202606,C2029Q2T01,TASVIC,0.01,1,386
A202606,C2029Q2T01,TASVIC,0.01,1,387
A202606,C2029Q2T01,TASVIC,0.01,1,388
A202606,C2029Q2T01,TASVIC,0.01,1,389
A202606,C2029Q2T01,TASVIC,0.01,1,390
A202606,C2029Q2T01,NSWQLD,0.01,1,416
A202606,C2029Q2T01,NSWQLD,0.01,1,417
A202606,C2029Q2T01,NSWQLD,0.01,1,418
A202606,C2029Q2T01,NSWQLD,0.01,1,419
A202606,C2029Q2T01,NSWQLD,0.01,1,420
A202606,C2029Q2T01,NSWQLD,0.01,1,421
A202606,C2029Q2T01,NSWQLD,0.01,1,422
A202606,C2029Q2T01,QLDNSW,0.01,1,716
A202606,C2029Q2T01,QLDNSW,0.01,1,717
A202606,C2029Q2T01,QLDNSW,0.01,1,718
A202606,C2028Q2T05,NSWVIC,0.01,1,719
A202606,C2028Q2T05,NSWVIC,0.01,1,720
A202606,C2028Q2T05,NSWVIC,0.01,1,721
A202606,C2028Q2T05,NSWVIC,0.01,1,722
A202606,C2028Q2T05,NSWVIC,0.01,1,723
A202606,C2028Q2T05,NSWVIC,0.01,1,724
A202606,C2028Q2T05,VICNSW,0.01,1,861
A202606,C2028Q2T05,VICNSW,0.01,1,862
A202606,C2028Q2T05,VICNSW,0.01,1,863
A202606,C2028Q2T05,VICNSW,0.01,1,864
A202606,C2028Q2T05,VICNSW,0.01,1,865
A202606,C2028Q2T05,VICNSW,0.01,1,866
A202606,C2028Q2T05,VICNSW,0.01,1,867
A202606,C2028Q2T05,SAVIC,0.01,1,514
A202606,C2028Q2T05,SAVIC,0.01,1,515
A202606,C2028Q2T05,VICSA,0.01,1,601
A202606,C2028Q2T05,VICSA,0.01,1,602
A202606,C2028Q2T05,VICSA,0.01,1,603
A202606,C2028Q2T05,VICSA,0.01,1,604
A202606,C2028Q1T06,VICSA,0.01,1,460
A202606,C2028Q1T06,VICSA,0.01,1,461
A202606,C2028Q1T06,VICSA,0.01,1,462
A202606,C2028Q1T06,NSWVIC,0.01,1,677
A202606,C2028Q1T06,NSWVIC,0.01,1,678
A202606,C2028Q1T06,NSWVIC,0.01,1,679
A202606,C2028Q1T06,NSWVIC,0.01,1,680
A202606,C2028Q1T06,NSWVIC,0.01,1,681
A202606,C2028Q1T06,SAVIC,0.01,1,396
A202606,C2028Q1T06,SAVIC,0.01,1,397
A202606,C2028Q1T06,SAVIC,0.01,1,398
A202606,C2028Q1T06,SAVIC,0.01,1,399
A202606,C2028Q1T06,SAVIC,0.01,1,400
A202606,C2028Q1T06,SAVIC,0.01,1,401
A202606,C2028Q2T05,VICSA,0.01,1,605
A202606,C2028Q2T05,VICSA,0.01,1,606
A202606,C2028Q2T05,VICSA,0.01,1,607
A202606,C2028Q2T05,NSWVIC,0.01,1,725
A202606,C2028Q2T05,VICTAS,0.01,1,449
A202606,C2028Q2T05,VICTAS,0.01,1,450
A202606,C2028Q2T05,VICTAS,0.01,1,451
A202606,C2028Q2T05,VICTAS,0.01,1,452
A202606,C2028Q2T05,VICTAS,0.01,1,453
A202606,C2028Q2T05,VICTAS,0.01,1,454
A202606,C2028Q2T05,SAVIC,0.01,1,516
A202606,C2028Q2T05,SAVIC,0.01,1,517
A202606,C2028Q2T05,SAVIC,0.01,1,518
A202606,C2028Q2T05,SAVIC,0.01,1,519
A202606,C2028Q2T05,SAVIC,0.01,1,520
A202606,C2028Q2T05,QLDNSW,0.01,1,706
A202606,C2028Q2T05,QLDNSW,0.01,1,707
A202606,C2028Q2T05,QLDNSW,0.01,1,708
A202606,C2028Q2T05,QLDNSW,0.01,1,709
A202606,C2028Q2T05,TASVIC,0.01,1,441
A202606,C2028Q2T05,TASVIC,0.01,1,442
A202606,C2028Q2T05,TASVIC,0.01,1,443
A202606,C2028Q2T05,TASVIC,0.01,1,444
A202606,C2028Q2T05,TASVIC,0.01,1,445
A202606,C2028Q2T05,NSWQLD,0.01,1,436
A202606,C2028Q2T05,NSWQLD,0.01,1,437
A202606,C2028Q2T05,NSWQLD,0.01,1,438
A202606,C2028Q2T05,NSWQLD,0.01,1,439
A202606,C2028Q2T05,NSWQLD,0.01,1,440
A202606,C2028Q2T05,NSWQLD,0.01,1,441
A202606,C2028Q2T05,NSWQLD,0.01,1,442
A202606,C2028Q2T05,QLDNSW,0.01,1,710
A202606,C2028Q2T05,QLDNSW,0.01,1,711
A202606,C2028Q2T05,QLDNSW,0.01,1,712
A202606,C2027Q2T09,NSWVIC,0.01,1,796
A202606,C2027Q2T09,NSWVIC,0.01,1,797
A202606,C2027Q2T09,NSWVIC,0.01,1,798
A202606,C2027Q2T09,NSWVIC,0.01,1,799
A202606,C2027Q2T09,NSWVIC,0.01,1,800
A202606,C2027Q2T09,NSWVIC,0.01,1,801
A202606,C2027Q2T09,VICNSW,0.01,1,950
A202606,C2027Q2T09,VICNSW,0.01,1,951
A202606,C2027Q2T09,VICNSW,0.01,1,952
A202606,C2027Q2T09,VICNSW,0.01,1,953
A202606,C2027Q2T09,VICNSW,0.01,1,954
A202606,C2027Q2T09,VICNSW,0.01,1,955
A202606,C2027Q2T09,VICNSW,0.01,1,956
A202606,C2027Q2T09,SAVIC,0.01,1,490
A202606,C2027Q2T09,SAVIC,0.01,1,491
A202606,C2028Q1T06,VICNSW,0.01,1,939
A202606,C2028Q1T06,VICNSW,0.01,1,940
A202606,C2028Q1T06,VICNSW,0.01,1,941
A202606,C2028Q1T06,VICNSW,0.01,1,942
A202606,C2028Q1T06,VICNSW,0.01,1,943
A202606,C2028Q1T06,VICNSW,0.01,1,944
A202606,C2029Q1T02,NSWQLD,0.01,1,375
A202606,C2029Q1T02,NSWQLD,0.01,1,376
A202606,C2029Q1T02,NSWQLD,0.01,1,377
A202606,C2029Q1T02,NSWQLD,0.01,1,378
A202606,C2029Q1T02,NSWQLD,0.01,1,379
A202606,C2028Q1T06,VICSA,0.01,1,463
A202606,C2027Q2T09,VICSA,0.01,1,606
A202606,C2027Q2T09,VICSA,0.01,1,607
A202606,C2027Q2T09,VICSA,0.01,1,608
A202606,C2027Q2T09,VICSA,0.01,1,609
A202606,C2027Q2T09,VICSA,0.01,1,610
A202606,C2027Q2T09,VICSA,0.01,1,611
A202606,C2027Q2T09,VICSA,0.01,1,612
A202606,C2027Q2T09,NSWVIC,0.01,1,802
A202606,C2027Q2T09,VICTAS,0.01,1,828
A202606,C2027Q2T09,VICTAS,0.01,1,829
A202606,C2027Q2T09,VICTAS,0.01,1,830
A202606,C2027Q2T09,VICTAS,0.01,1,831
A202606,C2027Q2T09,VICTAS,0.01,1,832
A202606,C2027Q2T09,SAVIC,0.01,1,492
A202606,C2027Q2T09,SAVIC,0.01,1,493
A202606,C2027Q2T09,SAVIC,0.01,1,494
A202606,C2027Q2T09,SAVIC,0.01,1,495
A202606,C2027Q2T09,SAVIC,0.01,1,496
A202606,C2027Q2T09,QLDNSW,0.01,1,780
A202606,C2027Q2T09,QLDNSW,0.01,1,781
A202606,C2027Q2T09,QLDNSW,0.01,1,782
A202606,C2027Q2T09,QLDNSW,0.01,1,783
A202606,C2029Q1T02,NSWQLD,0.01,1,380
A202606,C2029Q1T02,NSWQLD,0.01,1,381
A202606,C2029Q1T02,QLDNSW,0.01,1,746
A202606,C2029Q1T02,QLDNSW,0.01,1,747
A202606,C2029Q1T02,QLDNSW,0.01,1,748
A202606,C2029Q1T02,QLDNSW,0.01,1,749
A202606,C2029Q1T02,QLDNSW,0.01,1,750
A202606,C2029Q1T02,QLDNSW,0.01,1,751
A202606,C2029Q1T02,QLDNSW,0.01,1,752
A202606,C2029Q1T02,SAVIC,0.01,1,388
A202606,C2027Q2T09,TASVIC,0.01,1,799
A202606,C2027Q2T09,TASVIC,0.01,1,800
A202606,C2027Q2T09,TASVIC,0.01,1,801
A202606,C2027Q2T09,TASVIC,0.01,1,802
A202606,C2027Q2T09,TASVIC,0.01,1,803
A202606,C2027Q2T09,NSWQLD,0.01,1,452
A202606,C2027Q2T09,NSWQLD,0.01,1,453
A202606,C2027Q2T09,NSWQLD,0.01,1,454
A202606,C2027Q2T09,NSWQLD,0.01,1,455
A202606,C2027Q2T09,NSWQLD,0.01,1,456
A202606,C2027Q2T09,NSWQLD,0.01,1,457
A202606,C2027Q2T09,NSWQLD,0.01,1,458
A202606,C2027Q2T09,QLDNSW,0.01,1,784
A202606,C2027Q2T09,QLDNSW,0.01,1,785
A202606,C2027Q2T09,QLDNSW,0.01,1,786
A202606,C2029Q1T02,NSWVIC,0.01,1,634
A202606,C2029Q1T02,NSWVIC,0.01,1,635
A202606,C2029Q1T02,NSWVIC,0.01,1,636
A202606,C2029Q1T02,NSWVIC,0.01,1,637
A202606,C2029Q1T02,NSWVIC,0.01,1,638
A202606,C2029Q1T02,NSWVIC,0.01,1,639
A202606,C2029Q1T02,VICNSW,0.01,1,794
A202606,C2029Q1T02,VICNSW,0.01,1,795
A202606,C2029Q1T02,VICNSW,0.01,1,796
A202606,C2029Q1T02,VICNSW,0.01,1,797
A202606,C2029Q1T02,VICNSW,0.01,1,798
A202606,C2029Q1T02,VICNSW,0.01,1,799
A202606,C2029Q1T02,VICNSW,0.01,1,800
A202606,C2029Q1T02,SAVIC,0.01,1,389
A202606,C2029Q1T02,SAVIC,0.01,1,390
A202606,C2029Q1T02,VICSA,0.01,1,439
A202606,C2029Q1T02,VICSA,0.01,1,440
A202606,C2029Q1T02,VICSA,0.01,1,441
A202606,C2029Q1T02,VICSA,0.01,1,442
A202606,C2029Q1T02,VICSA,0.01,1,443
A202606,C2029Q1T02,VICSA,0.01,1,444
A202606,C2029Q1T02,VICSA,0.01,1,445
A202606,C2029Q1T02,NSWVIC,0.01,1,640
A202606,C2029Q1T02,VICTAS,0.01,1,358
A202606,C2029Q1T02,VICTAS,0.01,1,359
A202606,C2029Q1T02,VICTAS,0.01,1,360
A202606,C2029Q1T02,VICTAS,0.01,1,361
A202606,C2029Q1T02,VICTAS,0.01,1,362
A202606,C2029Q1T02,VICTAS,0.01,1,363
A202606,C2029Q1T02,SAVIC,0.01,1,391
A202606,C2029Q1T02,SAVIC,0.01,1,392
A202606,C2029Q1T02,SAVIC,0.01,1,393
A202606,C2029Q1T02,SAVIC,0.01,1,394
A202606,C2029Q1T02,SAVIC,0.01,1,395
A202606,C2029Q1T02,QLDNSW,0.01,1,753
A202606,C2029Q1T02,QLDNSW,0.01,1,754
A202606,C2029Q1T02,SAVIC,0.01,1,396
A202606,C2029Q1T02,SAVIC,0.01,1,397
A202606,C2029Q1T02,SAVIC,0.01,1,398
A202606,C2029Q1T02,SAVIC,0.01,1,399
A202606,C2029Q1T02,SAVIC,0.01,1,400
A202606,C2029Q1T02,VICSA,0.01,1,446
A202606,C2029Q1T02,VICSA,0.01,1,447
A202606,C2029Q1T02,VICSA,0.01,1,448
A202606,C2029Q1T02,VICSA,0.01,1,449
A202606,C2029Q1T02,VICSA,0.01,1,450
A202606,C2029Q1T02,VICSA,0.01,1,451
A202606,C2029Q1T02,VICSA,0.01,1,452
A202606,C2029Q1T02,QLDNSW,0.01,1,755
A202606,C2029Q1T02,QLDNSW,0.01,1,756
A202606,C2029Q1T02,TASVIC,0.01,1,394
A202606,C2029Q1T02,TASVIC,0.01,1,395
A202606,C2029Q1T02,TASVIC,0.01,1,396
A202606,C2029Q1T02,TASVIC,0.01,1,397
A202606,C2029Q1T02,TASVIC,0.01,1,398
A202606,C2029Q1T02,NSWQLD,0.01,1,382
A202606,C2029Q1T02,NSWQLD,0.01,1,383
A202606,C2029Q1T02,NSWQLD,0.01,1,384
A202606,C2029Q1T02,NSWQLD,0.01,1,385
A202606,C2029Q1T02,NSWQLD,0.01,1,386
A202606,C2029Q1T02,NSWQLD,0.01,1,387
A202606,C2029Q1T02,QLDNSW,0.01,1,757
A202606,C2029Q1T02,QLDNSW,0.01,1,758
A202606,C2028Q1T06,NSWVIC,0.01,1,682
A202606,C2028Q1T06,NSWVIC,0.01,1,683
A202606,C2028Q1T06,NSWVIC,0.01,1,684
A202606,C2028Q1T06,NSWVIC,0.01,1,685
A202606,C2028Q1T06,NSWVIC,0.01,1,686
A202606,C2028Q1T06,NSWVIC,0.01,1,687
A202606,C2028Q1T06,VICNSW,0.01,1,945
A202606,C2028Q1T06,VICNSW,0.01,1,946
A202606,C2028Q1T06,VICNSW,0.01,1,947
A202606,C2028Q1T06,VICNSW,0.01,1,948
A202606,C2028Q1T06,VICNSW,0.01,1,949
A202606,C2028Q1T06,VICNSW,0.01,1,950
A202606,C2028Q1T06,VICNSW,0.01,1,951
A202606,C2028Q1T06,SAVIC,0.01,1,402
A202606,C2028Q1T06,SAVIC,0.01,1,403
A202606,C2028Q1T06,VICSA,0.01,1,464
A202606,C2028Q1T06,VICSA,0.01,1,465
A202606,C2028Q1T06,VICSA,0.01,1,466
A202606,C2028Q1T06,VICSA,0.01,1,467
A202606,C2028Q1T06,VICSA,0.01,1,468
A202606,C2028Q1T06,VICSA,0.01,1,469
A202606,C2028Q1T06,VICSA,0.01,1,470
A202606,C2028Q1T06,NSWVIC,0.01,1,688
A202606,C2028Q1T06,VICTAS,0.01,1,540
A202606,C2029Q1T02,NSWVIC,0.01,1,641
A202606,C2029Q1T02,NSWVIC,0.01,1,642
A202606,C2029Q1T02,NSWVIC,0.01,1,643
A202606,C2029Q1T02,NSWVIC,0.01,1,644
A202606,C2029Q1T02,NSWVIC,0.01,1,645
A202606,C2029Q1T02,NSWVIC,0.01,1,646
A202606,C2029Q1T02,VICNSW,0.01,1,801
A202606,C2029Q1T02,VICNSW,0.01,1,802
A202606,C2029Q1T02,SAVIC,0.01,1,401
A202606,C2028Q1T06,VICTAS,0.01,1,541
A202606,C2028Q1T06,VICTAS,0.01,1,542
A202606,C2028Q1T06,VICTAS,0.01,1,543
A202606,C2028Q4T03,TASVIC,0.01,1,368
A202606,C2028Q1T06,VICTAS,0.01,1,544
A202606,C2028Q1T06,SAVIC,0.01,1,404
A202606,C2028Q1T06,SAVIC,0.01,1,405
A202606,C2028Q1T06,SAVIC,0.01,1,406
A202606,C2028Q1T06,SAVIC,0.01,1,407
A202606,C2028Q1T06,SAVIC,0.01,1,408
A202606,C2029Q1T02,VICNSW,0.01,1,803
A202606,C2029Q1T02,VICNSW,0.01,1,804
A202606,C2029Q1T02,VICNSW,0.01,1,805
A202606,C2029Q1T02,VICNSW,0.01,1,806
A202606,C2027Q2T09,NSWQLD,0.01,1,459
A202606,C2027Q2T09,NSWQLD,0.01,1,460
A202606,C2027Q2T09,NSWQLD,0.01,1,461
A202606,C2027Q2T09,NSWQLD,0.01,1,462
A202606,C2027Q2T09,NSWQLD,0.01,1,463
A202606,C2028Q1T06,QLDNSW,0.01,1,786
A202606,C2028Q1T06,QLDNSW,0.01,1,787
A202606,C2027Q2T09,QLDNSW,0.01,1,787
A202606,C2027Q2T09,QLDNSW,0.01,1,788
A202606,C2027Q2T09,QLDNSW,0.01,1,789
A202606,C2027Q2T09,QLDNSW,0.01,1,790
A202606,C2027Q2T09,QLDNSW,0.01,1,791
A202606,C2027Q2T09,QLDNSW,0.01,1,792
A202606,C2027Q2T09,SAVIC,0.01,1,497
A202606,C2027Q2T09,SAVIC,0.01,1,498
A202606,C2027Q2T09,SAVIC,0.01,1,499
A202606,C2027Q2T09,SAVIC,0.01,1,500
A202606,C2027Q2T09,SAVIC,0.01,1,501
A202606,C2028Q1T06,QLDNSW,0.01,1,788
A202606,C2028Q1T06,QLDNSW,0.01,1,789
A202606,C2028Q1T06,TASVIC,0.01,1,523
A202606,C2028Q1T06,TASVIC,0.01,1,524
A202606,C2028Q1T06,TASVIC,0.01,1,525
A202606,C2028Q1T06,TASVIC,0.01,1,526
A202606,C2028Q1T06,TASVIC,0.01,1,527
A202606,C2028Q1T06,NSWQLD,0.01,1,390
A202606,C2028Q1T06,NSWQLD,0.01,1,391
A202606,C2027Q2T09,VICNSW,0.01,1,957
A202606,C2027Q2T09,VICNSW,0.01,1,958
A202606,C2027Q2T09,SAVIC,0.01,1,502
A202606,C2027Q2T09,SAVIC,0.01,1,503
A202606,C2027Q2T09,VICSA,0.01,1,613
A202606,C2027Q2T09,VICSA,0.01,1,614
A202606,C2027Q2T09,VICSA,0.01,1,615
A202606,C2027Q2T09,VICSA,0.01,1,616
A202606,C2027Q2T09,VICSA,0.01,1,617
A202606,C2027Q2T09,VICSA,0.01,1,618
A202606,C2027Q2T09,VICSA,0.01,1,619
A202606,C2027Q2T09,NSWVIC,0.01,1,803
A202606,C2028Q1T06,NSWQLD,0.01,1,392
A202606,C2028Q1T06,NSWQLD,0.01,1,393
A202606,C2028Q1T06,NSWQLD,0.01,1,394
A202606,C2028Q1T06,NSWQLD,0.01,1,395
A202606,C2028Q1T06,QLDNSW,0.01,1,790
A202606,C2028Q1T06,QLDNSW,0.01,1,791
A202606,C2027Q1T10,NSWVIC,0.01,1,727
A202606,C2027Q1T10,NSWVIC,0.01,1,728
A202606,C2027Q1T10,NSWVIC,0.01,1,729
A202606,C2027Q1T10,NSWVIC,0.01,1,730
A202606,C2027Q1T10,NSWVIC,0.01,1,731
A202606,C2027Q1T10,NSWVIC,0.01,1,732
A202606,C2027Q1T10,VICNSW,0.01,1,1023
A202606,C2027Q1T10,VICNSW,0.01,1,1024
A202606,C2027Q1T10,VICNSW,0.01,1,1025
A202606,C2027Q1T10,VICNSW,0.01,1,1026
A202606,C2027Q1T10,VICNSW,0.01,1,1027
A202606,C2027Q1T10,VICNSW,0.01,1,1028
A202606,C2027Q1T10,VICNSW,0.01,1,1029
A202606,C2027Q1T10,SAVIC,0.01,1,491
A202606,C2027Q1T10,SAVIC,0.01,1,492
A202606,C2027Q1T10,VICSA,0.01,1,510
A202606,C2027Q1T10,VICSA,0.01,1,511
A202606,C2027Q1T10,VICSA,0.01,1,512
A202606,C2027Q1T10,VICSA,0.01,1,513
A202606,C2027Q1T10,VICSA,0.01,1,514
A202606,C2027Q1T10,VICSA,0.01,1,515
A202606,C2027Q1T10,VICSA,0.01,1,516
A202606,C2028Q2T05,NSWQLD,0.01,1,443
A202606,C2028Q2T05,QLDNSW,0.01,1,713
A202606,C2028Q2T05,QLDNSW,0.01,1,714
A202606,C2028Q2T05,QLDNSW,0.01,1,715
A202606,C2027Q2T09,NSWVIC,0.01,1,804
A202606,C2027Q2T09,NSWVIC,0.01,1,805
A202606,C2027Q2T09,NSWVIC,0.01,1,806
A202606,C2027Q2T09,NSWVIC,0.01,1,807
A202606,C2027Q2T09,NSWVIC,0.01,1,808
A202606,C2027Q2T09,NSWVIC,0.01,1,809
A202606,C2027Q2T09,VICNSW,0.01,1,959
A202606,C2027Q2T09,VICNSW,0.01,1,960
A202606,C2027Q2T09,VICNSW,0.01,1,961
A202606,C2027Q2T09,VICNSW,0.01,1,962
A202606,C2027Q2T09,VICNSW,0.01,1,963
A202606,C2027Q1T10,NSWVIC,0.01,1,733
A202606,C2027Q1T10,VICTAS,0.01,1,1334
A202606,C2027Q1T10,VICTAS,0.01,1,1335
A202606,C2027Q1T10,VICTAS,0.01,1,1336
A202606,C2027Q1T10,VICTAS,0.01,1,1337
A202606,C2027Q1T10,VICTAS,0.01,1,1338
A202606,C2027Q1T10,SAVIC,0.01,1,493
A202606,C2027Q1T10,SAVIC,0.01,1,494
A202606,C2027Q1T10,SAVIC,0.01,1,495
A202606,C2027Q1T10,SAVIC,0.01,1,496
A202606,C2027Q1T10,SAVIC,0.01,1,497
A202606,C2027Q1T10,QLDNSW,0.01,1,774
A202606,C2027Q1T10,QLDNSW,0.01,1,775
A202606,C2027Q1T10,QLDNSW,0.01,1,776
A202606,C2027Q1T10,QLDNSW,0.01,1,777
A202606,C2027Q1T10,TASVIC,0.01,1,1067
A202606,C2027Q1T10,TASVIC,0.01,1,1068
A202606,C2027Q1T10,TASVIC,0.01,1,1069
A202606,C2027Q1T10,TASVIC,0.01,1,1070
A202606,C2027Q1T10,TASVIC,0.01,1,1071
A202606,C2027Q1T10,NSWQLD,0.01,1,375
A202606,C2028Q2T05,SAVIC,0.01,1,521
A202606,C2028Q2T05,SAVIC,0.01,1,522
A202606,C2028Q2T05,SAVIC,0.01,1,523
A202606,C2028Q2T05,SAVIC,0.01,1,524
A202606,C2028Q2T05,SAVIC,0.01,1,525
A202606,C2028Q2T05,NSWQLD,0.01,1,444
A202606,C2028Q2T05,NSWQLD,0.01,1,445
A202606,C2028Q2T05,NSWQLD,0.01,1,446
A202606,C2028Q2T05,NSWQLD,0.01,1,447
A202606,C2028Q2T05,NSWQLD,0.01,1,448
A202606,C2028Q2T05,NSWQLD,0.01,1,449
A202606,C2027Q1T10,NSWQLD,0.01,1,376
A202606,C2027Q1T10,NSWQLD,0.01,1,377
A202606,C2027Q1T10,NSWQLD,0.01,1,378
A202606,C2027Q1T10,NSWQLD,0.01,1,379
A202606,C2027Q1T10,NSWQLD,0.01,1,380
A202606,C2027Q1T10,QLDNSW,0.01,1,778
A202606,C2027Q1T10,QLDNSW,0.01,1,779
A202606,C2028Q2T05,VICSA,0.01,1,608
A202606,C2028Q2T05,VICSA,0.01,1,609
A202606,C2028Q2T05,VICSA,0.01,1,610
A202606,C2028Q2T05,VICSA,0.01,1,611
A202606,C2028Q2T05,NSWVIC,0.01,1,726
A202606,C2028Q2T05,NSWVIC,0.01,1,727
A202606,C2028Q2T05,NSWVIC,0.01,1,728
A202606,C2028Q2T05,NSWVIC,0.01,1,729
A202606,C2028Q2T05,NSWVIC,0.01,1,730
A202606,C2028Q2T05,QLDNSW,0.01,1,716
A202606,C2028Q2T05,QLDNSW,0.01,1,717
A202606,C2028Q2T05,QLDNSW,0.01,1,718
A202606,C2028Q2T05,QLDNSW,0.01,1,719
A202606,C2028Q2T05,VICNSW,0.01,1,868
A202606,C2028Q2T05,VICNSW,0.01,1,869
A202606,C2028Q2T05,VICNSW,0.01,1,870
A202606,C2028Q2T05,VICNSW,0.01,1,871
A202606,C2028Q2T05,VICNSW,0.01,1,872
A202606,C2028Q2T05,VICNSW,0.01,1,873
A202606,C2028Q2T05,VICNSW,0.01,1,874
A202606,C2029Q2T01,NSWQLD,0.01,1,423
A202606,C2028Q2T05,VICSA,0.01,1,612
A202606,C2029Q2T01,NSWQLD,0.01,1,424
A202606,C2029Q2T01,NSWQLD,0.01,1,425
A202606,C2029Q2T01,NSWQLD,0.01,1,426
A202606,C2029Q2T01,NSWQLD,0.01,1,427
A202606,C2029Q2T01,NSWQLD,0.01,1,428
A202606,C2029Q2T01,NSWQLD,0.01,1,429
A202606,C2029Q2T01,QLDNSW,0.01,1,719
A202606,C2029Q2T01,QLDNSW,0.01,1,720
A202606,C2029Q2T01,QLDNSW,0.01,1,721
A202606,C2029Q2T01,QLDNSW,0.01,1,722
A202606,C2029Q2T01,QLDNSW,0.01,1,723
A202606,C2029Q2T01,QLDNSW,0.01,1,724
A202606,C2029Q2T01,QLDNSW,0.01,1,725
A202606,C2028Q2T05,NSWVIC,0.01,1,731
A202606,C2028Q2T05,NSWVIC,0.01,1,732
A202606,C2029Q2T01,NSWVIC,0.01,1,795
A202606,C2029Q2T01,NSWVIC,0.01,1,796
A202606,C2029Q2T01,NSWVIC,0.01,1,797
A202606,C2029Q2T01,SAVIC,0.01,1,463
A202606,C2029Q2T01,SAVIC,0.01,1,464
A202606,C2029Q2T01,SAVIC,0.01,1,465
A202606,C2029Q2T01,SAVIC,0.01,1,466
A202606,C2029Q2T01,SAVIC,0.01,1,467
A202606,C2029Q2T01,SAVIC,0.01,1,468
A202606,C2029Q2T01,SAVIC,0.01,1,469
A202606,C2029Q2T01,VICSA,0.01,1,518
A202606,C2029Q2T01,VICSA,0.01,1,519
A202606,C2029Q2T01,VICSA,0.01,1,520
A202606,C2026Q3T12,NSWQLD,0.01,1,377
A202606,C2026Q3T12,NSWQLD,0.01,1,378
A202606,C2026Q3T12,NSWQLD,0.01,1,379
A202606,C2026Q3T12,NSWQLD,0.01,1,380
A202606,C2026Q3T12,NSWQLD,0.01,1,381
A202606,C2029Q2T01,VICSA,0.01,1,521
A202606,C2029Q2T01,VICSA,0.01,1,522
A202606,C2029Q2T01,VICSA,0.01,1,523
A202606,C2029Q2T01,VICSA,0.01,1,524
A202606,C2029Q2T01,NSWVIC,0.01,1,798
A202606,C2029Q2T01,NSWVIC,0.01,1,799
A202606,C2026Q3T12,QLDNSW,0.01,1,725
A202606,C2026Q3T12,QLDNSW,0.01,1,726
A202606,C2026Q3T12,QLDNSW,0.01,1,727
A202606,C2026Q3T12,QLDNSW,0.01,1,728
A202606,C2026Q3T12,SAVIC,0.01,1,450
A202606,C2029Q2T01,VICNSW,0.01,1,829
A202606,C2029Q2T01,VICNSW,0.01,1,830
A202606,C2029Q2T01,VICNSW,0.01,1,831
A202606,C2029Q2T01,VICNSW,0.01,1,832
A202606,C2029Q2T01,VICNSW,0.01,1,833
A202606,C2029Q2T01,VICNSW,0.01,1,834
A202606,C2026Q3T12,SAVIC,0.01,1,451
A202606,C2026Q3T12,SAVIC,0.01,1,452
A202606,C2026Q3T12,VICSA,0.01,1,538
A202606,C2026Q3T12,VICSA,0.01,1,539
A202606,C2026Q3T12,VICSA,0.01,1,540
A202606,C2026Q3T12,VICSA,0.01,1,541
A202606,C2026Q3T12,VICSA,0.01,1,542
A202606,C2026Q3T12,VICSA,0.01,1,543
A202606,C2026Q3T12,VICSA,0.01,1,544
A202606,C2026Q3T12,NSWQLD,0.01,1,382
A202606,C2026Q3T12,NSWQLD,0.01,1,383
A202606,C2026Q3T12,QLDNSW,0.01,1,729
A202606,C2026Q3T12,QLDNSW,0.01,1,730
A202606,C2026Q3T12,QLDNSW,0.01,1,731
A202606,C2026Q3T12,NSWVIC,0.01,1,728
A202606,C2026Q3T12,NSWVIC,0.01,1,729
A202606,C2026Q3T12,NSWVIC,0.01,1,730
A202606,C2026Q3T12,NSWVIC,0.01,1,731
A202606,C2026Q3T12,NSWVIC,0.01,1,732
A202606,C2026Q3T12,NSWVIC,0.01,1,733
A202606,C2026Q3T12,NSWVIC,0.01,1,734
A202606,C2026Q3T12,VICNSW,0.01,1,918
A202606,C2026Q3T12,VICNSW,0.01,1,919
A202606,C2026Q3T12,VICNSW,0.01,1,920
A202606,C2026Q3T12,SAVIC,0.01,1,453
A202606,C2026Q3T12,SAVIC,0.01,1,454
A202606,C2026Q3T12,SAVIC,0.01,1,455
A202606,C2026Q3T12,SAVIC,0.01,1,456
A202606,C2027Q4T07,TASVIC,0.01,1,547
A202606,C2027Q4T07,TASVIC,0.01,1,548
A202606,C2027Q4T07,TASVIC,0.01,1,549
A202606,C2027Q3T08,SAVIC,0.01,1,430
A202606,C2027Q3T08,SAVIC,0.01,1,431
A202606,C2027Q3T08,SAVIC,0.01,1,432
A202606,C2027Q3T08,SAVIC,0.01,1,433
A202606,C2026Q3T12,VICNSW,0.01,1,921
A202606,C2026Q3T12,VICNSW,0.01,1,922
A202606,C2026Q3T12,VICNSW,0.01,1,923
A202606,C2026Q3T12,VICNSW,0.01,1,924
A202606,C2027Q3T08,NSWQLD,0.01,1,465
A202606,C2027Q3T08,NSWQLD,0.01,1,466
A202606,C2027Q3T08,NSWQLD,0.01,1,467
A202606,C2027Q3T08,NSWQLD,0.01,1,468
A202606,C2027Q3T08,NSWQLD,0.01,1,469
A202606,C2027Q3T08,NSWVIC,0.01,1,786
A202606,C2027Q3T08,QLDNSW,0.01,1,742
A202606,C2027Q3T08,QLDNSW,0.01,1,743
A202606,C2027Q3T08,QLDNSW,0.01,1,744
A202606,C2027Q3T08,QLDNSW,0.01,1,745
A202606,C2027Q3T08,QLDNSW,0.01,1,746
A202606,C2027Q3T08,QLDNSW,0.01,1,747
A202606,C2027Q3T08,SAVIC,0.01,1,434
A202606,C2027Q4T07,NSWQLD,0.01,1,390
A202606,C2027Q4T07,NSWQLD,0.01,1,391
A202606,C2027Q4T07,NSWQLD,0.01,1,392
A202606,C2027Q3T08,VICNSW,0.01,1,945
A202606,C2027Q3T08,VICNSW,0.01,1,946
A202606,C2027Q3T08,VICNSW,0.01,1,947
A202606,C2027Q3T08,VICNSW,0.01,1,948
A202606,C2027Q3T08,VICNSW,0.01,1,949
A202606,C2027Q3T08,VICNSW,0.01,1,950
A202606,C2027Q3T08,SAVIC,0.01,1,435
A202606,C2027Q3T08,SAVIC,0.01,1,436
A202606,C2027Q3T08,VICSA,0.01,1,624
A202606,C2027Q3T08,VICSA,0.01,1,625
A202606,C2027Q3T08,VICSA,0.01,1,626
A202606,C2027Q3T08,VICSA,0.01,1,627
A202606,C2027Q3T08,VICSA,0.01,1,628
A202606,C2027Q3T08,VICSA,0.01,1,629
A202606,C2027Q3T08,VICSA,0.01,1,630
A202606,C2027Q3T08,NSWVIC,0.01,1,787
A202606,C2027Q3T08,NSWVIC,0.01,1,788
A202606,C2027Q3T08,NSWVIC,0.01,1,789
A202606,C2027Q3T08,NSWVIC,0.01,1,790
A202606,C2027Q3T08,NSWVIC,0.01,1,791
A202606,C2027Q3T08,NSWVIC,0.01,1,792
A202606,C2027Q3T08,VICNSW,0.01,1,951
A202606,C2028Q3T04,QLDNSW,0.01,1,688
A202606,C2028Q3T04,NSWQLD,0.01,1,438
A202606,C2028Q3T04,NSWQLD,0.01,1,439
A202606,C2028Q3T04,NSWQLD,0.01,1,440
A202606,C2028Q3T04,NSWQLD,0.01,1,441
A202606,C2028Q3T04,NSWQLD,0.01,1,442
A202606,C2028Q3T04,NSWQLD,0.01,1,443
A202606,C2028Q3T04,NSWQLD,0.01,1,444
A202606,C2028Q3T04,QLDNSW,0.01,1,689
A202606,C2028Q3T04,QLDNSW,0.01,1,690
A202606,C2028Q3T04,QLDNSW,0.01,1,691
A202606,C2028Q3T04,QLDNSW,0.01,1,692
A202606,C2028Q3T04,QLDNSW,0.01,1,693
A202606,C2028Q3T04,SAVIC,0.01,1,520
A202606,C2028Q3T04,SAVIC,0.01,1,521
A202606,C2028Q3T04,SAVIC,0.01,1,522
A202606,C2028Q3T04,SAVIC,0.01,1,523
A202606,C2028Q3T04,SAVIC,0.01,1,524
A202606,C2028Q3T04,VICSA,0.01,1,571
A202606,C2028Q3T04,VICSA,0.01,1,572
A202606,C2028Q3T04,VICSA,0.01,1,573
A202606,C2028Q3T04,VICSA,0.01,1,574
A202606,C2028Q3T04,VICSA,0.01,1,575
A202606,C2028Q3T04,NSWVIC,0.01,1,740
A202606,C2028Q3T04,NSWVIC,0.01,1,741
A202606,C2028Q3T04,NSWVIC,0.01,1,742
A202606,C2028Q3T04,NSWVIC,0.01,1,743
A202606,C2028Q3T04,NSWVIC,0.01,1,744
A202606,C2028Q3T04,QLDNSW,0.01,1,694
A202606,C2026Q4T11,QLDNSW,0.01,1,711
A202606,C2026Q4T11,QLDNSW,0.01,1,712
A202606,C2028Q3T04,NSWVIC,0.01,1,745
A202606,C2028Q3T04,NSWVIC,0.01,1,746
A202606,C2028Q3T04,VICNSW,0.01,1,805
A202606,C2028Q3T04,VICNSW,0.01,1,806
A202606,C2028Q3T04,VICNSW,0.01,1,807
A202606,C2028Q3T04,VICNSW,0.01,1,808
A202606,C2028Q3T04,VICNSW,0.01,1,809
A202606,C2028Q3T04,VICNSW,0.01,1,810
A202606,C2028Q3T04,VICNSW,0.01,1,811
A202606,C2026Q4T11,NSWQLD,0.01,1,354
A202606,C2026Q4T11,SAVIC,0.01,1,444
A202606,C2026Q4T11,VICSA,0.01,1,569
A202606,C2026Q4T11,VICSA,0.01,1,570
A202606,C2026Q4T11,VICSA,0.01,1,571
A202606,C2026Q4T11,NSWQLD,0.01,1,355
A202606,C2026Q4T11,NSWQLD,0.01,1,356
A202606,C2026Q4T11,NSWQLD,0.01,1,357
A202606,C2026Q4T11,NSWQLD,0.01,1,358
A202606,C2026Q4T11,NSWQLD,0.01,1,359
A202606,C2026Q4T11,NSWQLD,0.01,1,360
A202606,C2026Q4T11,QLDNSW,0.01,1,713
A202606,C2026Q4T11,QLDNSW,0.01,1,714
A202606,C2027Q4T07,NSWQLD,0.01,1,393
A202606,C2026Q4T11,QLDNSW,0.01,1,715
A202606,C2026Q4T11,QLDNSW,0.01,1,716
A202606,C2026Q4T11,NSWVIC,0.01,1,839
A202606,C2026Q4T11,NSWVIC,0.01,1,840
A202606,C2026Q4T11,NSWVIC,0.01,1,841
A202606,C2026Q4T11,NSWVIC,0.01,1,842
A202606,C2026Q4T11,NSWVIC,0.01,1,843
A202606,C2026Q4T11,SAVIC,0.01,1,445
A202606,C2026Q4T11,SAVIC,0.01,1,446
A202606,C2026Q4T11,SAVIC,0.01,1,447
A202606,C2026Q4T11,SAVIC,0.01,1,448
A202606,C2026Q4T11,SAVIC,0.01,1,449
A202606,C2026Q4T11,SAVIC,0.01,1,450
A202606,C2026Q4T11,VICNSW,0.01,1,999
A202606,C2026Q4T11,VICNSW,0.01,1,1000
A202606,C2026Q4T11,VICNSW,0.01,1,1001
A202606,C2026Q4T11,VICNSW,0.01,1,1002
A202606,C2027Q4T07,NSWQLD,0.01,1,394
A202606,C2027Q4T07,NSWQLD,0.01,1,395
A202606,C2027Q4T07,NSWQLD,0.01,1,396
A202606,C2027Q4T07,NSWQLD,0.01,1,397
A202606,C2027Q4T07,NSWQLD,0.01,1,398
A202606,C2026Q4T11,VICSA,0.01,1,572
A202606,C2026Q4T11,VICSA,0.01,1,573
A202606,C2026Q4T11,VICSA,0.01,1,574
A202606,C2026Q4T11,VICSA,0.01,1,575
A202606,C2027Q4T07,NSWQLD,0.01,1,399
A202606,C2027Q4T07,NSWQLD,0.01,1,400
A202606,C2026Q4T11,VICNSW,0.01,1,1003
A202606,C2026Q4T11,VICNSW,0.01,1,1004
A202606,C2027Q4T07,SAVIC,0.01,1,489
A202606,C2027Q4T07,VICSA,0.01,1,557
A202606,C2027Q4T07,VICSA,0.01,1,558
A202606,C2027Q4T07,VICSA,0.01,1,559
A202606,C2027Q4T07,VICSA,0.01,1,560
A202606,C2027Q4T07,VICSA,0.01,1,561
A202606,C2027Q4T07,VICSA,0.01,1,562
A202606,C2027Q4T07,NSWQLD,0.01,1,401
A202606,C2027Q4T07,NSWQLD,0.01,1,402
A202606,C2027Q4T07,QLDNSW,0.01,1,714
A202606,C2027Q4T07,QLDNSW,0.01,1,715
A202606,C2027Q4T07,QLDNSW,0.01,1,716
A202606,C2027Q4T07,QLDNSW,0.01,1,717
A202606,C2027Q4T07,QLDNSW,0.01,1,718
A202606,C2027Q4T07,QLDNSW,0.01,1,719
A202606,C2027Q4T07,QLDNSW,0.01,1,720
A202606,C2027Q4T07,NSWQLD,0.01,1,403
A202606,C2027Q4T07,QLDNSW,0.01,1,721
A202606,C2027Q4T07,NSWVIC,0.01,1,787
A202606,C2027Q4T07,NSWVIC,0.01,1,788
A202606,C2027Q4T07,NSWVIC,0.01,1,789
A202606,C2027Q4T07,NSWVIC,0.01,1,790
A202606,C2027Q4T07,NSWVIC,0.01,1,791
A202606,C2027Q4T07,VICNSW,0.01,1,978
A202606,C2027Q4T07,VICNSW,0.01,1,979
A202606,C2027Q4T07,VICNSW,0.01,1,980
A202606,C2027Q4T07,SAVIC,0.01,1,490
A202606,C2027Q4T07,SAVIC,0.01,1,491
A202606,C2027Q4T07,SAVIC,0.01,1,492
A202606,C2027Q4T07,SAVIC,0.01,1,493
A202606,C2027Q4T07,SAVIC,0.01,1,494
A202606,C2027Q4T07,SAVIC,0.01,1,495
A202606,C2027Q4T07,VICSA,0.01,1,563
A202606,C2027Q4T07,VICNSW,0.01,1,981
A202606,C2027Q4T07,VICNSW,0.01,1,982
A202606,C2027Q4T07,VICNSW,0.01,1,983
A202606,C2027Q4T07,VICNSW,0.01,1,984
A202606,C2028Q4T03,NSWQLD,0.01,1,426
A202606,C2028Q4T03,NSWQLD,0.01,1,427
A202606,C2028Q4T03,NSWQLD,0.01,1,428
A202606,C2028Q4T03,NSWQLD,0.01,1,429
A202606,C2028Q4T03,NSWQLD,0.01,1,430
A202606,C2027Q4T07,NSWVIC,0.01,1,792
A202606,C2027Q4T07,NSWVIC,0.01,1,793
A202606,C2028Q4T03,QLDNSW,0.01,1,707
A202606,C2028Q4T03,QLDNSW,0.01,1,708
A202606,C2028Q4T03,QLDNSW,0.01,1,709
A202606,C2028Q4T03,QLDNSW,0.01,1,710
A202606,C2028Q4T03,SAVIC,0.01,1,454
A202606,C2028Q4T03,SAVIC,0.01,1,455
A202606,C2028Q4T03,SAVIC,0.01,1,456
A202606,C2028Q4T03,SAVIC,0.01,1,457
A202606,C2028Q4T03,SAVIC,0.01,1,458
A202606,C2028Q4T03,QLDNSW,0.01,1,711
A202606,C2028Q4T03,QLDNSW,0.01,1,712
A202606,C2028Q4T03,VICSA,0.01,1,494
A202606,C2028Q4T03,VICSA,0.01,1,495
A202606,C2028Q4T03,VICSA,0.01,1,496
A202606,C2028Q4T03,VICSA,0.01,1,497
A202606,C2028Q4T03,VICSA,0.01,1,498
A202606,C2028Q4T03,VICSA,0.01,1,499
A202606,C2028Q4T03,VICSA,0.01,1,500
A202606,C2028Q4T03,NSWVIC,0.01,1,606
A202606,C2028Q4T03,SAVIC,0.01,1,459
A202606,C2028Q4T03,SAVIC,0.01,1,460
A202606,C2028Q4T03,NSWVIC,0.01,1,607
A202606,C2028Q4T03,NSWVIC,0.01,1,608
A202606,C2028Q4T03,VICNSW,0.01,1,809
A202606,C2028Q4T03,VICNSW,0.01,1,810
A202606,C2028Q4T03,VICNSW,0.01,1,811
A202606,C2028Q4T03,VICNSW,0.01,1,812
A202606,C2028Q4T03,VICNSW,0.01,1,813
A202606,C2028Q4T03,VICNSW,0.01,1,814
A202606,C2028Q4T03,VICNSW,0.01,1,815
A202606,C2027Q4T07,QLDNSW,0.01,1,722
A202606,C2027Q4T07,QLDNSW,0.01,1,723
A202606,C2026Q4T11,NSWVIC,0.01,1,844
A202606,C2028Q4T03,NSWVIC,0.01,1,609
A202606,C2028Q4T03,NSWVIC,0.01,1,610
A202606,C2028Q4T03,NSWVIC,0.01,1,611
A202606,C2028Q4T03,NSWVIC,0.01,1,612
A202606,C2026Q4T11,NSWVIC,0.01,1,845
A202606,C2026Q4T11,NSWVIC,0.01,1,846
A202606,C2027Q4T07,TASVIC,0.01,1,550
A202606,C2026Q4T11,NSWVIC,0.01,1,847
A202606,C2026Q4T11,NSWVIC,0.01,1,848
A202606,C2026Q4T11,VICNSW,0.01,1,1005
A202606,C2026Q4T11,VICNSW,0.01,1,1006
A202606,C2026Q4T11,VICNSW,0.01,1,1007
A202606,C2026Q4T11,VICNSW,0.01,1,1008
A202606,C2026Q4T11,VICNSW,0.01,1,1009
A202606,C2026Q4T11,VICNSW,0.01,1,1010
A202606,C2026Q4T11,VICNSW,0.01,1,1011
A202606,C2027Q4T07,VICTAS,0.01,1,594
A202606,C2027Q4T07,SAVIC,0.01,1,496
A202606,C2027Q4T07,SAVIC,0.01,1,497
A202606,C2027Q4T07,SAVIC,0.01,1,498
A202606,C2027Q4T07,SAVIC,0.01,1,499
A202606,C2027Q4T07,SAVIC,0.01,1,500
A202606,C2027Q4T07,QLDNSW,0.01,1,724
A202606,C2027Q4T07,QLDNSW,0.01,1,725
A202606,C2027Q4T07,QLDNSW,0.01,1,726
A202606,C2027Q4T07,QLDNSW,0.01,1,727
A202606,C2027Q4T07,TASVIC,0.01,1,551
A202606,C2026Q4T11,SAVIC,0.01,1,451
A202606,C2026Q4T11,SAVIC,0.01,1,452
A202606,C2026Q4T11,VICSA,0.01,1,576
A202606,C2027Q4T07,VICSA,0.01,1,564
A202606,C2027Q4T07,VICSA,0.01,1,565
A202606,C2027Q4T07,VICSA,0.01,1,566
A202606,C2027Q4T07,VICSA,0.01,1,567
A202606,C2027Q4T07,VICSA,0.01,1,568
A202606,C2027Q4T07,NSWVIC,0.01,1,794
A202606,C2027Q4T07,VICTAS,0.01,1,595
A202606,C2027Q4T07,VICTAS,0.01,1,596
A202606,C2027Q4T07,VICTAS,0.01,1,597
A202606,C2027Q4T07,VICTAS,0.01,1,598
A202606,C2027Q4T07,VICTAS,0.01,1,599
A202606,C2026Q4T11,VICSA,0.01,1,577
A202606,C2026Q4T11,VICSA,0.01,1,578
A202606,C2026Q4T11,VICSA,0.01,1,579
A202606,C2026Q4T11,VICSA,0.01,1,580
A202606,C2026Q4T11,VICSA,0.01,1,581
A202606,C2026Q4T11,VICSA,0.01,1,582
A202606,C2026Q4T11,NSWVIC,0.01,1,849
A202606,C2026Q4T11,VICTAS,0.01,1,1730
A202606,C2026Q4T11,VICTAS,0.01,1,1731
A202606,C2026Q4T11,VICTAS,0.01,1,1732
A202606,C2026Q4T11,VICTAS,0.01,1,1733
A202606,C2026Q4T11,VICTAS,0.01,1,1734
A202606,C2026Q4T11,SAVIC,0.01,1,453
A202606,C2026Q4T11,SAVIC,0.01,1,454
A202606,C2026Q4T11,SAVIC,0.01,1,455
A202606,C2026Q4T11,SAVIC,0.01,1,456
A202606,C2026Q4T11,SAVIC,0.01,1,457
A202606,C2028Q1T06,VICTAS,0.01,1,545
A202606,C2026Q4T11,QLDNSW,0.01,1,717
A202606,C2026Q4T11,QLDNSW,0.01,1,718
A202606,C2026Q4T11,QLDNSW,0.01,1,719
A202606,C2026Q4T11,QLDNSW,0.01,1,720
A202606,C2026Q4T11,TASVIC,0.01,1,1297
A202606,C2026Q4T11,TASVIC,0.01,1,1298
A202606,C2026Q4T11,TASVIC,0.01,1,1299
A202606,C2026Q4T11,TASVIC,0.01,1,1300
A202606,C2026Q4T11,TASVIC,0.01,1,1301
A202606,C2026Q4T11,TASVIC,0.01,1,1302
A202606,C2026Q4T11,NSWQLD,0.01,1,361
A202606,C2026Q4T11,NSWQLD,0.01,1,362
A202606,C2026Q4T11,NSWQLD,0.01,1,363
A202606,C2026Q4T11,NSWQLD,0.01,1,364
A202606,C2026Q4T11,NSWQLD,0.01,1,365
A202606,C2026Q4T11,NSWQLD,0.01,1,366
A202606,C2027Q4T07,NSWVIC,0.01,1,795
A202606,C2027Q4T07,NSWVIC,0.01,1,796
A202606,C2027Q4T07,NSWVIC,0.01,1,797
A202606,C2027Q4T07,VICNSW,0.01,1,985
A202606,C2027Q4T07,VICNSW,0.01,1,986
A202606,C2027Q4T07,VICNSW,0.01,1,987
A202606,C2027Q4T07,VICNSW,0.01,1,988
A202606,C2027Q4T07,VICNSW,0.01,1,989
A202606,C2027Q4T07,VICNSW,0.01,1,990
A202606,C2027Q4T07,VICNSW,0.01,1,991
A202606,C2027Q4T07,SAVIC,0.01,1,501
A202606,C2027Q4T07,SAVIC,0.01,1,502
A202606,C2027Q4T07,VICSA,0.01,1,569
A202606,C2027Q4T07,VICSA,0.01,1,570
A202606,C2026Q4T11,NSWQLD,0.01,1,367
A202606,C2026Q4T11,QLDNSW,0.01,1,721
A202606,C2026Q4T11,QLDNSW,0.01,1,722
A202606,C2026Q4T11,QLDNSW,0.01,1,723
A202606,C2028Q3T04,NSWVIC,0.01,1,747
A202606,C2028Q3T04,NSWVIC,0.01,1,748
A202606,C2028Q3T04,NSWVIC,0.01,1,749
A202606,C2028Q3T04,NSWVIC,0.01,1,750
A202606,C2028Q3T04,NSWVIC,0.01,1,751
A202606,C2028Q3T04,NSWVIC,0.01,1,752
A202606,C2028Q3T04,VICNSW,0.01,1,812
A202606,C2028Q3T04,VICNSW,0.01,1,813
A202606,C2028Q3T04,VICNSW,0.01,1,814
A202606,C2028Q3T04,VICNSW,0.01,1,815
A202606,C2028Q3T04,VICNSW,0.01,1,816
A202606,C2028Q3T04,VICNSW,0.01,1,817
A202606,C2028Q3T04,VICNSW,0.01,1,818
A202606,C2028Q3T04,SAVIC,0.01,1,525
A202606,C2028Q3T04,SAVIC,0.01,1,526
A202606,C2028Q3T04,VICSA,0.01,1,576
A202606,C2028Q3T04,VICSA,0.01,1,577
A202606,C2028Q3T04,VICSA,0.01,1,578
A202606,C2028Q3T04,VICSA,0.01,1,579
A202606,C2028Q3T04,VICSA,0.01,1,580
A202606,C2028Q3T04,VICSA,0.01,1,581
A202606,C2028Q3T04,VICSA,0.01,1,582
A202606,C2028Q3T04,NSWVIC,0.01,1,753
A202606,C2027Q1T10,VICTAS,0.01,1,1339
A202606,C2027Q1T10,VICTAS,0.01,1,1340
A202606,C2027Q1T10,VICTAS,0.01,1,1341
A202606,C2027Q1T10,VICTAS,0.01,1,1342
A202606,C2027Q1T10,VICTAS,0.01,1,1343
A202606,C2027Q1T10,VICTAS,0.01,1,1344
A202606,C2028Q3T04,SAVIC,0.01,1,527
A202606,C2028Q3T04,SAVIC,0.01,1,528
A202606,C2028Q3T04,SAVIC,0.01,1,529
A202606,C2028Q3T04,SAVIC,0.01,1,530
A202606,C2028Q3T04,SAVIC,0.01,1,531
A202606,C2028Q3T04,QLDNSW,0.01,1,695
A202606,C2028Q3T04,QLDNSW,0.01,1,696
A202606,C2028Q3T04,QLDNSW,0.01,1,697
A202606,C2028Q3T04,QLDNSW,0.01,1,698
A202606,C2027Q1T10,TASVIC,0.01,1,1072
A202606,C2027Q1T10,TASVIC,0.01,1,1073
A202606,C2027Q1T10,TASVIC,0.01,1,1074
A202606,C2027Q1T10,TASVIC,0.01,1,1075
A202606,C2027Q1T10,TASVIC,0.01,1,1076
A202606,C2028Q3T04,NSWQLD,0.01,1,445
A202606,C2028Q3T04,NSWQLD,0.01,1,446
A202606,C2028Q3T04,NSWQLD,0.01,1,447
A202606,C2028Q3T04,NSWQLD,0.01,1,448
A202606,C2028Q3T04,NSWQLD,0.01,1,449
A202606,C2028Q3T04,NSWQLD,0.01,1,450
A202606,C2028Q3T04,NSWQLD,0.01,1,451
A202606,C2028Q3T04,QLDNSW,0.01,1,699
A202606,C2028Q3T04,QLDNSW,0.01,1,700
A202606,C2028Q3T04,QLDNSW,0.01,1,701
A202606,C2027Q3T08,NSWVIC,0.01,1,793
A202606,C2027Q3T08,NSWVIC,0.01,1,794
A202606,C2027Q3T08,NSWVIC,0.01,1,795
A202606,C2027Q3T08,NSWVIC,0.01,1,796
A202606,C2027Q3T08,NSWVIC,0.01,1,797
A202606,C2027Q3T08,NSWVIC,0.01,1,798
A202606,C2027Q3T08,VICNSW,0.01,1,952
A202606,C2028Q4T03,TASVIC,0.01,1,369
A202606,C2028Q4T03,TASVIC,0.01,1,370
A202606,C2028Q4T03,NSWQLD,0.01,1,431
A202606,C2028Q4T03,NSWQLD,0.01,1,432
A202606,C2028Q4T03,NSWQLD,0.01,1,433
A202606,C2028Q4T03,NSWQLD,0.01,1,434
A202606,C2028Q4T03,NSWQLD,0.01,1,435
A202606,C2028Q4T03,NSWQLD,0.01,1,436
A202606,C2028Q4T03,NSWQLD,0.01,1,437
A202606,C2028Q4T03,QLDNSW,0.01,1,713
A202606,C2028Q4T03,QLDNSW,0.01,1,714
A202606,C2028Q4T03,QLDNSW,0.01,1,715
A202606,C2027Q4T07,NSWVIC,0.01,1,798
A202606,C2027Q4T07,NSWVIC,0.01,1,799
A202606,C2027Q4T07,NSWVIC,0.01,1,800
A202606,C2027Q3T08,VICNSW,0.01,1,953
A202606,C2027Q3T08,VICNSW,0.01,1,954
A202606,C2027Q3T08,VICNSW,0.01,1,955
A202606,C2027Q3T08,VICNSW,0.01,1,956
A202606,C2027Q3T08,VICNSW,0.01,1,957
A202606,C2027Q3T08,VICNSW,0.01,1,958
A202606,C2027Q3T08,SAVIC,0.01,1,437
A202606,C2027Q3T08,SAVIC,0.01,1,438
A202606,C2027Q3T08,VICSA,0.01,1,631
A202606,C2027Q3T08,VICSA,0.01,1,632
A202606,C2027Q3T08,VICSA,0.01,1,633
A202606,C2027Q3T08,VICSA,0.01,1,634
A202606,C2027Q3T08,VICSA,0.01,1,635
A202606,C2027Q3T08,VICSA,0.01,1,636
A202606,C2027Q3T08,VICSA,0.01,1,637
A202606,C2027Q3T08,NSWVIC,0.01,1,799
A202606,C2027Q3T08,VICTAS,0.01,1,691
A202606,C2027Q3T08,VICTAS,0.01,1,692
A202606,C2027Q3T08,VICTAS,0.01,1,693
A202606,C2027Q3T08,VICTAS,0.01,1,694
A202606,C2027Q3T08,VICTAS,0.01,1,695
A202606,C2027Q3T08,VICTAS,0.01,1,696
A202606,C2027Q3T08,SAVIC,0.01,1,439
A202606,C2027Q3T08,SAVIC,0.01,1,440
A202606,C2027Q3T08,SAVIC,0.01,1,441
A202606,C2027Q4T07,TASVIC,0.01,1,552
A202606,C2027Q3T08,SAVIC,0.01,1,442
A202606,C2027Q3T08,SAVIC,0.01,1,443
A202606,C2027Q3T08,QLDNSW,0.01,1,748
A202606,C2027Q3T08,QLDNSW,0.01,1,749
A202606,C2027Q3T08,QLDNSW,0.01,1,750
A202606,C2027Q3T08,QLDNSW,0.01,1,751
A202606,C2027Q3T08,TASVIC,0.01,1,652
A202606,C2027Q3T08,TASVIC,0.01,1,653
A202606,C2027Q3T08,TASVIC,0.01,1,654
A202606,C2027Q3T08,TASVIC,0.01,1,655
A202606,C2027Q3T08,TASVIC,0.01,1,656
A202606,C2028Q4T03,SAVIC,0.01,1,461
A202606,C2028Q4T03,SAVIC,0.01,1,462
A202606,C2028Q4T03,SAVIC,0.01,1,463
A202606,C2026Q4T11,NSWVIC,0.01,1,850
A202606,C2028Q4T03,SAVIC,0.01,1,464
A202606,C2028Q4T03,SAVIC,0.01,1,465
A202606,C2028Q4T03,QLDNSW,0.01,1,716
A202606,C2028Q4T03,QLDNSW,0.01,1,717
A202606,C2028Q4T03,QLDNSW,0.01,1,718
A202606,C2028Q4T03,QLDNSW,0.01,1,719
A202606,C2028Q4T03,TASVIC,0.01,1,371
A202606,C2028Q4T03,TASVIC,0.01,1,372
A202606,C2028Q4T03,TASVIC,0.01,1,373
A202606,C2027Q3T08,NSWQLD,0.01,1,470
A202606,C2027Q3T08,NSWQLD,0.01,1,471
A202606,C2027Q3T08,NSWQLD,0.01,1,472
A202606,C2027Q3T08,NSWQLD,0.01,1,473
A202606,C2027Q3T08,NSWQLD,0.01,1,474
A202606,C2027Q3T08,NSWQLD,0.01,1,475
A202606,C2026Q4T11,QLDNSW,0.01,1,724
