CONTRACTID,AUCTIONID,auction_date,delivery_quarter,tranche,quarters_ahead,days_ahead,horizon,direction,INTERCONNECTORID,FROMREGIONID,UNITSOFFERED,UNITSSOLD,CLEARINGPRICE,RESERVEPRICE,payment_date,quarter,per_unit,per_unit_net_fee,residue_pos,residue_neg,proportion,max_units,premium,ratio
C2026Q1T12,A202512,2025-12-15,2026Q1,12,1,17,1-2 quarters,SAVIC,V-SA,SA1,100,70,4450,0,2026-01-21,2026Q1,781.6187197,771.6687197,601847.016,-374596.964,0.0012987,770,-3668.38128,0.1756446561
C2026Q2T11,A202512,2025-12-15,2026Q2,11,2,107,1-2 quarters,VICSA,V-SA,VIC1,133,73,11814.2,0,2026-04-22,2026Q2,22224.92141,22209.97141,19559026.14,-300138.189,0.0011363,880,10410.72141,1.881204094
C2026Q2T11,A202512,2025-12-15,2026Q2,11,2,107,1-2 quarters,SAVIC,V-SA,SA1,70,64,4538,0,2026-04-22,2026Q2,886.1430022,877.9230022,682330.794,-934458.6638,0.0012987,770,-3651.856998,0.1952717061
C2026Q2T11,A202512,2025-12-15,2026Q2,11,2,107,1-2 quarters,QLDNSW,NSW1-QLD1,QLD1,147,102,33000,0,2026-04-22,2026Q2,12666.97721,12633.42721,15200980.69,-419634.266,0.0008333,1200,-20333.02279,0.3838477942
C2026Q2T11,A202512,2025-12-15,2026Q2,11,2,107,1-2 quarters,NSWQLD,NSW1-QLD1,NSW1,50,45,3184.3,0,2026-04-22,2026Q2,1626.556989,1618.676989,894646.6031,-4674.33756,0.0018181,550,-1557.743011,0.5108051971
C2026Q1T12,A202512,2025-12-15,2026Q1,12,1,17,1-2 quarters,VICNSW,VIC1-NSW1,VIC1,228,125,12321,0,2026-01-21,2026Q1,14769.74213,14739.17213,22156828.88,-531428.8002,0.0006666,1500,2448.74213,1.198745405
C2026Q2T11,A202512,2025-12-15,2026Q2,11,2,107,1-2 quarters,NSWVIC,VIC1-NSW1,NSW1,130,108,3889,0,2026-04-22,2026Q2,1666.943884,1664.523884,2167113.734,-969142.0565,0.0007692,1300,-2222.056116,0.4286304664
C2026Q1T12,A202512,2025-12-15,2026Q1,12,1,17,1-2 quarters,NSWVIC,VIC1-NSW1,NSW1,258,112,5308.8,0,2026-01-21,2026Q1,1788.206745,1780.286745,2324761.759,-8705748.864,0.0007692,1300,-3520.593255,0.3368382205
C2026Q1T12,A202512,2025-12-15,2026Q1,12,1,17,1-2 quarters,VICSA,V-SA,VIC1,127,77,15807.73,0,2026-01-21,2026Q1,64478.72354,64458.37354,56744454.4,-6273624.3,0.0011363,880,48670.99354,4.078936289
C2026Q1T12,A202512,2025-12-15,2026Q1,12,1,17,1-2 quarters,NSWQLD,NSW1-QLD1,NSW1,70,55,15120,0,2026-01-21,2026Q1,10802.77683,10788.46683,5941794.639,-241856.379,0.0018181,550,-4317.22317,0.7144693671
C2026Q1T12,A202512,2025-12-15,2026Q1,12,1,17,1-2 quarters,QLDNSW,NSW1-QLD1,QLD1,157,130,21759.3,0,2026-01-21,2026Q1,25634.52275,25609.28275,30762657.8,-235637.7636,0.0008333,1200,3875.22275,1.17809501
C2026Q2T11,A202512,2025-12-15,2026Q2,11,2,107,1-2 quarters,VICNSW,VIC1-NSW1,VIC1,222,125,13964.4,0,2026-04-22,2026Q2,21024.95172,20989.90172,31540581.63,-479468.8901,0.0006666,1500,7060.55172,1.505610819
C2026Q2T12,A202603,2026-03-16,2026Q2,12,1,16,1-2 quarters,NSWQLD,NSW1-QLD1,NSW1,69,60,2706.9,0,2026-04-22,2026Q2,1626.556989,1618.676989,894646.6031,-4674.33756,0.0018181,550,-1080.343011,0.6008928993
C2026Q2T12,A202603,2026-03-16,2026Q2,12,1,16,1-2 quarters,NSWVIC,VIC1-NSW1,NSW1,176,112,3544.52,0,2026-04-22,2026Q2,1666.943884,1664.523884,2167113.734,-969142.0565,0.0007692,1300,-1877.576116,0.4702876226
C2026Q2T12,A202603,2026-03-16,2026Q2,12,1,16,1-2 quarters,VICSA,V-SA,VIC1,107,81,14450.37,0,2026-04-22,2026Q2,22224.92141,22209.97141,19559026.14,-300138.189,0.0011363,880,7774.55141,1.538017463
C2026Q2T12,A202603,2026-03-16,2026Q2,12,1,16,1-2 quarters,QLDNSW,NSW1-QLD1,QLD1,158,105,36050.18,0,2026-04-22,2026Q2,12666.97721,12633.42721,15200980.69,-419634.266,0.0008333,1200,-23383.20279,0.3513707063
C2026Q2T12,A202603,2026-03-16,2026Q2,12,1,16,1-2 quarters,SAVIC,V-SA,SA1,90,66,3902.68,0,2026-04-22,2026Q2,886.1430022,877.9230022,682330.794,-934458.6638,0.0012987,770,-3016.536998,0.2270601234
C2026Q2T12,A202603,2026-03-16,2026Q2,12,1,16,1-2 quarters,VICNSW,VIC1-NSW1,VIC1,282,127,13520.19,0,2026-04-22,2026Q2,21024.95172,20989.90172,31540581.63,-479468.8901,0.0006666,1500,7504.76172,1.555078125
C2025Q1T03,A202209,2022-09-15,2025Q1,3,10,839,9-12 quarters,VICNSW,VIC1-NSW1,VIC1,144,125,25000,0,2025-01-21,2025Q1,13527.71289,13489.37289,20293598.69,-746592.7397,0.0006666,1500,-11472.28711,0.5411085156
C2025Q2T02,A202209,2022-09-15,2025Q2,2,11,929,9-12 quarters,NSWQLD,NSW1-QLD1,NSW1,52,45,6597.87,0,2025-04-22,2025Q2,2144.062835,2134.622835,1179287.627,-9604.28531,0.0018181,550,-4453.807165,0.3249628797
C2025Q2T02,A202209,2022-09-15,2025Q2,2,11,929,9-12 quarters,NSWVIC,VIC1-NSW1,NSW1,108,108,1447,0,2025-04-22,2025Q2,5995.36704,5989.69704,7794288.924,-19121730.95,0.0007692,1300,4548.36704,4.143308252
C2025Q2T02,A202209,2022-09-15,2025Q2,2,11,929,9-12 quarters,VICNSW,VIC1-NSW1,VIC1,125,125,24120.09,0,2025-04-22,2025Q2,15520.37088,15472.20088,23282884.61,-553363.6459,0.0006666,1500,-8599.71912,0.643462395
C2025Q3T01,A202209,2022-09-15,2025Q3,1,12,1020,9-12 quarters,NSWQLD,NSW1-QLD1,NSW1,45,45,7320.53,0,,2025Q3,803.2169412,798.1569412,441789.1982,-7586.40288,0.0018181,550,-6517.313059,0.109721146
C2025Q3T01,A202209,2022-09-15,2025Q3,1,12,1020,9-12 quarters,QLDNSW,NSW1-QLD1,QLD1,100,100,30910.9,0,,2025Q3,27523.15899,27490.89899,33029111.95,-633446.9347,0.0008333,1200,-3387.74101,0.890403029
C2025Q3T01,A202209,2022-09-15,2025Q3,1,12,1020,9-12 quarters,SAVIC,V-SA,SA1,64,64,4384,0,,2025Q3,7009.423024,6993.033024,5397261.126,-664154.2685,0.0012987,770,2625.423024,1.598864741
C2025Q3T01,A202209,2022-09-15,2025Q3,1,12,1020,9-12 quarters,VICSA,V-SA,VIC1,73,73,18500,0,,2025Q3,18756.96128,18745.97128,16507050.32,-1410262.957,0.0011363,880,256.96128,1.013889799
C2025Q3T01,A202209,2022-09-15,2025Q3,1,12,1020,9-12 quarters,NSWVIC,VIC1-NSW1,NSW1,108,108,1292.28,0,,2025Q3,4224.008154,4221.148154,5491430.257,-522593.1659,0.0007692,1300,2931.728154,3.268647781
C2025Q3T01,A202209,2022-09-15,2025Q3,1,12,1020,9-12 quarters,VICNSW,VIC1-NSW1,VIC1,125,125,25920.09,0,,2025Q3,22344.42392,22308.10392,33519987.88,-960404.5204,0.0006666,1500,-3575.66608,0.8620503987
C2024Q3T05,A202209,2022-09-15,2024Q3,5,8,655,5-8 quarters,QLDNSW,NSW1-QLD1,QLD1,165,100,28337.47,0,,2024Q3,41732.77095,41668.60095,50081328.39,-573776.7767,0.0008333,1200,13395.30095,1.472706313
C2024Q3T05,A202209,2022-09-15,2024Q3,5,8,655,5-8 quarters,SAVIC,V-SA,SA1,105,64,5600,0,,2024Q3,15957.19984,15915.66984,12287056.16,-403006.2546,0.0012987,770,10357.19984,2.849499971
C2024Q4T04,A202209,2022-09-15,2024Q4,4,9,747,9-12 quarters,NSWQLD,NSW1-QLD1,NSW1,65,45,9003,0,,2024Q4,13566.77809,13558.99809,7462063.741,-121841.4963,0.0018181,550,4563.77809,1.506917482
C2024Q4T04,A202209,2022-09-15,2024Q4,4,9,747,9-12 quarters,QLDNSW,NSW1-QLD1,QLD1,157,117,16115.83,0,,2024Q4,42222.57004,42165.48004,50669110.81,-3267315.013,0.0008333,1200,26106.74004,2.619943871
C2024Q4T04,A202209,2022-09-15,2024Q4,4,9,747,9-12 quarters,SAVIC,V-SA,SA1,90,64,5468,0,,2024Q4,5944.67245,5907.54245,4577402.364,-416003.9593,0.0012987,770,476.67245,1.087174918
C2024Q4T04,A202209,2022-09-15,2024Q4,4,9,747,9-12 quarters,VICSA,V-SA,VIC1,73,73,18000,0,,2024Q4,13058.6835,13041.8535,11492285.05,-669584.6122,0.0011363,880,-4941.3165,0.7254824167
C2024Q4T04,A202209,2022-09-15,2024Q4,4,9,747,9-12 quarters,NSWVIC,VIC1-NSW1,NSW1,108,108,1200,0,,2024Q4,1621.216848,1612.286848,2107666.21,-33913225.06,0.0007692,1300,421.216848,1.35101404
C2024Q4T04,A202209,2022-09-15,2024Q4,4,9,747,9-12 quarters,VICNSW,VIC1-NSW1,VIC1,165,125,25000,0,,2024Q4,30365.22674,30320.47674,45552395.35,-310299.4475,0.0006666,1500,5365.22674,1.21460907
C2025Q1T03,A202209,2022-09-15,2025Q1,3,10,839,9-12 quarters,NSWQLD,NSW1-QLD1,NSW1,47,45,11805,0,2025-01-21,2025Q1,18935.69517,18919.90517,10415101.02,-340678.0137,0.0018181,550,7130.69517,1.604040252
C2025Q1T03,A202209,2022-09-15,2025Q1,3,10,839,9-12 quarters,QLDNSW,NSW1-QLD1,QLD1,134,100,20980.08,0,2025-01-21,2025Q1,24544.89407,24495.08407,29455051.09,-389693.0967,0.0008333,1200,3564.81407,1.169914227
C2025Q1T03,A202209,2022-09-15,2025Q1,3,10,839,9-12 quarters,SAVIC,V-SA,SA1,64,64,7206,0,2025-01-21,2025Q1,2452.505264,2431.065264,1888430.941,-118787.1816,0.0012987,770,-4753.494736,0.3403421127
C2025Q1T03,A202209,2022-09-15,2025Q1,3,10,839,9-12 quarters,VICSA,V-SA,VIC1,76,73,30000,0,2025-01-21,2025Q1,16658.30021,16633.54021,14660125.15,-5823486.815,0.0011363,880,-13341.69979,0.5552766737
C2025Q1T03,A202209,2022-09-15,2025Q1,3,10,839,9-12 quarters,NSWVIC,VIC1-NSW1,NSW1,108,108,3850.66,0,2025-01-21,2025Q1,7172.927042,7151.667042,9325178.162,-15652985.77,0.0007692,1300,3322.267042,1.8627786
C2023Q4T08,A202209,2022-09-15,2023Q4,8,5,381,5-8 quarters,VICSA,V-SA,VIC1,103,73,17928.96,0,2023-10-19,2023Q4,7851.926933,7835.156933,6910082.666,-92884.51894,0.0011363,880,-10077.03307,0.4379465922
C2023Q4T08,A202209,2022-09-15,2023Q4,8,5,381,5-8 quarters,NSWVIC,VIC1-NSW1,NSW1,152,108,1477,0,2023-10-19,2023Q4,1138.620464,1122.140464,1480265.814,-14285737.73,0.0007692,1300,-338.379536,0.7709007881
C2025Q2T02,A202209,2022-09-15,2025Q2,2,11,929,9-12 quarters,QLDNSW,NSW1-QLD1,QLD1,100,100,29267.78,0,2025-04-22,2025Q2,76575.72214,76521.31214,91894542.36,-71723.1949,0.0008333,1200,47307.94214,2.616383003
C2025Q2T02,A202209,2022-09-15,2025Q2,2,11,929,9-12 quarters,SAVIC,V-SA,SA1,64,64,3900.03,0,2025-04-22,2025Q2,3651.318918,3625.128918,2811518.378,-758651.3888,0.0012987,770,-248.711082,0.9362284182
C2025Q2T02,A202209,2022-09-15,2025Q2,2,11,929,9-12 quarters,VICSA,V-SA,VIC1,73,73,17963.4,0,2025-04-22,2025Q2,11553.78408,11534.59408,10167899.4,-1288770.665,0.0011363,880,-6409.61592,0.6431847022
C2024Q1T07,A202209,2022-09-15,2024Q1,7,6,473,5-8 quarters,SAVIC,V-SA,SA1,84,64,6909.01,0,2024-01-19,2024Q1,9577.488781,9546.928781,7374673.736,-2048632.594,0.0012987,770,2668.478781,1.386231715
C2024Q1T07,A202209,2022-09-15,2024Q1,7,6,473,5-8 quarters,VICSA,V-SA,VIC1,83,73,30000,0,2024-01-19,2024Q1,16380.74603,16353.28603,14415863.79,-2051072.022,0.0011363,880,-13619.25397,0.5460248677
C2024Q1T07,A202209,2022-09-15,2024Q1,7,6,473,5-8 quarters,NSWVIC,VIC1-NSW1,NSW1,137,108,4000,0,2024-01-19,2024Q1,15078.33402,15051.73402,19602618.33,-13860972.64,0.0007692,1300,11078.33402,3.769583505
C2024Q1T07,A202209,2022-09-15,2024Q1,7,6,473,5-8 quarters,VICNSW,VIC1-NSW1,VIC1,210,125,31875,0,2024-01-19,2024Q1,17140.54197,17112.66197,25713384.3,-4021161.847,0.0006666,1500,-14734.45803,0.5377424932
C2024Q2T06,A202209,2022-09-15,2024Q2,6,7,564,5-8 quarters,NSWQLD,NSW1-QLD1,NSW1,68,47,6621.11,0,2024-04-19,2024Q2,1482.892377,1480.752377,815627.5104,-3128.56385,0.0018181,550,-5138.217623,0.2239643167
C2024Q2T06,A202209,2022-09-15,2024Q2,6,7,564,5-8 quarters,QLDNSW,NSW1-QLD1,QLD1,162,100,29505.84,0,2024-04-19,2024Q2,85873.03277,85798.97277,103051761.4,-114311.6469,0.0008333,1200,56367.19277,2.910374108
C2024Q2T06,A202209,2022-09-15,2024Q2,6,7,564,5-8 quarters,SAVIC,V-SA,SA1,114,64,5008,0,2024-04-19,2024Q2,4694.427276,4653.297276,3614712.617,-106888.0074,0.0012987,770,-313.572724,0.9373856382
C2024Q2T06,A202209,2022-09-15,2024Q2,6,7,564,5-8 quarters,VICSA,V-SA,VIC1,83,73,22113,0,2024-04-19,2024Q2,9559.045067,9545.205067,8412430.755,-41533.71536,0.0011363,880,-12553.95493,0.4322816925
C2024Q2T06,A202209,2022-09-15,2024Q2,6,7,564,5-8 quarters,NSWVIC,VIC1-NSW1,NSW1,184,108,1908,0,2024-04-19,2024Q2,8955.377098,8944.877098,11642455.93,-5801493.53,0.0007692,1300,7047.377098,4.693593867
C2024Q2T06,A202209,2022-09-15,2024Q2,6,7,564,5-8 quarters,VICNSW,VIC1-NSW1,VIC1,215,125,25000,0,2024-04-19,2024Q2,10623.15983,10586.50983,15936333.38,-445973.9899,0.0006666,1500,-14376.84017,0.4249263932
C2024Q3T05,A202209,2022-09-15,2024Q3,5,8,655,5-8 quarters,NSWQLD,NSW1-QLD1,NSW1,68,50,6624,0,,2024Q3,4735.922202,4732.102202,2604874.431,-32275.55841,0.0018181,550,-1888.077798,0.7149641005
C2022Q4T12,A202209,2022-09-15,2022Q4,12,1,16,1-2 quarters,NSWQLD,NSW1-QLD1,NSW1,95,55,17437.5,0,,2022Q4,12711.39529,12697.60529,6991582.033,-86580.27895,0.0018181,550,-4726.10471,0.7289689055
C2022Q4T12,A202209,2022-09-15,2022Q4,12,1,16,1-2 quarters,QLDNSW,NSW1-QLD1,QLD1,335,115,12800.71,0,,2022Q4,9724.020811,9678.370811,11669291.74,-1211406.633,0.0008333,1200,-3076.689189,0.7596469892
C2024Q3T05,A202209,2022-09-15,2024Q3,5,8,655,5-8 quarters,VICSA,V-SA,VIC1,83,73,20000,0,,2024Q3,49657.91789,49644.96789,43701415.02,-79170.14281,0.0011363,880,29657.91789,2.482895894
C2024Q3T05,A202209,2022-09-15,2024Q3,5,8,655,5-8 quarters,NSWVIC,VIC1-NSW1,NSW1,131,108,1932,0,,2024Q3,6762.788538,6754.518538,8791976.778,-1592600.535,0.0007692,1300,4830.788538,3.500408146
C2024Q3T05,A202209,2022-09-15,2024Q3,5,8,655,5-8 quarters,VICNSW,VIC1-NSW1,VIC1,198,125,25000,0,,2024Q3,28584.17489,28543.93489,42880550.39,-1167344.578,0.0006666,1500,3584.17489,1.143366996
C2023Q2T10,A202209,2022-09-15,2023Q2,10,3,198,3-4 quarters,NSWVIC,VIC1-NSW1,NSW1,287,108,2257,0,,2023Q2,1726.972364,1713.392364,2245153.879,-6651024.676,0.0007692,1300,-530.027636,0.7651627665
C2023Q2T10,A202209,2022-09-15,2023Q2,10,3,198,3-4 quarters,VICNSW,VIC1-NSW1,VIC1,261,134,48000,0,,2023Q2,38487.74346,38465.65346,57737388.94,-189060.6748,0.0006666,1500,-9512.25654,0.8018279887
C2023Q3T09,A202209,2022-09-15,2023Q3,9,4,289,3-4 quarters,NSWQLD,NSW1-QLD1,NSW1,75,45,6869.86,0,,2023Q3,1295.339161,1292.259161,712468.5997,-32267.57561,0.0018181,550,-5574.520839,0.1885539387
C2023Q3T09,A202209,2022-09-15,2023Q3,9,4,289,3-4 quarters,QLDNSW,NSW1-QLD1,QLD1,210,105,30000,0,,2023Q3,23449.50542,23370.84542,28140532.13,-211685.871,0.0008333,1200,-6550.49458,0.7816501807
C2023Q3T09,A202209,2022-09-15,2023Q3,9,4,289,3-4 quarters,SAVIC,V-SA,SA1,114,64,6400.03,0,,2023Q3,3151.352892,3106.312892,2426544.153,-292606.2394,0.0012987,770,-3248.677108,0.4923965813
C2023Q3T09,A202209,2022-09-15,2023Q3,9,4,289,3-4 quarters,VICSA,V-SA,VIC1,103,73,20000,0,,2023Q3,31778.37814,31763.72814,27966538.89,-316818.7999,0.0011363,880,11778.37814,1.588918907
C2023Q3T09,A202209,2022-09-15,2023Q3,9,4,289,3-4 quarters,NSWVIC,VIC1-NSW1,NSW1,225,118,2840,0,,2023Q3,702.4189755,689.6389755,913181.1955,-2736018.065,0.0007692,1300,-2137.581025,0.2473306252
C2023Q3T09,A202209,2022-09-15,2023Q3,9,4,289,3-4 quarters,VICNSW,VIC1-NSW1,VIC1,264,145,41830.25,0,,2023Q3,32415.88534,32388.22534,48628690.88,-196728.5106,0.0006666,1500,-9414.36466,0.7749388383
C2023Q4T08,A202209,2022-09-15,2023Q4,8,5,381,5-8 quarters,NSWQLD,NSW1-QLD1,NSW1,65,45,11578,0,2023-10-19,2023Q4,20079.48513,20073.53513,11044213.81,-112892.4539,0.0018181,550,8501.48513,1.734279248
C2023Q4T08,A202209,2022-09-15,2023Q4,8,5,381,5-8 quarters,QLDNSW,NSW1-QLD1,QLD1,220,100,14100.98,0,2023-10-19,2023Q4,15846.75655,15781.09655,19016868.53,-306712.8168,0.0008333,1200,1745.77655,1.123805335
C2023Q4T08,A202209,2022-09-15,2023Q4,8,5,381,5-8 quarters,SAVIC,V-SA,SA1,109,64,6200.03,0,2023-10-19,2023Q4,5450.223568,5401.963568,4196676.344,-159856.5794,0.0012987,770,-749.806432,0.8790640639
C2022Q4T12,A202209,2022-09-15,2022Q4,12,1,16,1-2 quarters,VICNSW,VIC1-NSW1,VIC1,253,145,46417,0,,2022Q4,38473.51859,38450.30859,57716049.48,-38402.48838,0.0006666,1500,-7943.48141,0.8288669796
C2023Q1T11,A202209,2022-09-15,2023Q1,11,2,108,1-2 quarters,NSWQLD,NSW1-QLD1,NSW1,65,45,23000,0,,2023Q1,11892.6708,11873.2208,6541263.295,-371597.8452,0.0018181,550,-11107.3292,0.5170726435
C2023Q1T11,A202209,2022-09-15,2023Q1,11,2,108,1-2 quarters,QLDNSW,NSW1-QLD1,QLD1,295,110,16660.71,0,,2023Q1,12121.60799,12078.14799,14546511.45,-2423562.747,0.0008333,1200,-4539.10201,0.7275565081
C2023Q1T11,A202209,2022-09-15,2023Q1,11,2,108,1-2 quarters,SAVIC,V-SA,SA1,94,64,8288.5,0,,2023Q1,3934.881884,3913.261884,3029862.08,-164048.4484,0.0012987,770,-4353.618116,0.4747399269
C2023Q1T11,A202209,2022-09-15,2023Q1,11,2,108,1-2 quarters,VICSA,V-SA,VIC1,103,73,30000,0,,2023Q1,25070.70156,25032.74156,22063452.92,-107315.1492,0.0011363,880,-4929.29844,0.835690052
C2023Q1T11,A202209,2022-09-15,2023Q1,11,2,108,1-2 quarters,NSWVIC,VIC1-NSW1,NSW1,143,113,5000,0,,2023Q1,2218.662343,2195.152343,2884376.422,-8148785.915,0.0007692,1300,-2781.337657,0.4437324686
C2023Q1T11,A202209,2022-09-15,2023Q1,11,2,108,1-2 quarters,VICNSW,VIC1-NSW1,VIC1,240,130,43320,0,,2023Q1,21286.31693,21267.85693,31932668.67,-114688.3159,0.0006666,1500,-22033.68307,0.4913738904
C2023Q2T10,A202209,2022-09-15,2023Q2,10,3,198,3-4 quarters,NSWQLD,NSW1-QLD1,NSW1,94,45,7800,0,,2023Q2,6597.225591,6593.765591,3628637.364,-81704.02754,0.0018181,550,-1202.774409,0.8457981527
C2023Q2T10,A202209,2022-09-15,2023Q2,10,3,198,3-4 quarters,QLDNSW,NSW1-QLD1,QLD1,239,113,36800,0,,2023Q2,23914.6057,23848.3257,28698674.79,-763888.2445,0.0008333,1200,-12885.3943,0.6498534158
C2023Q2T10,A202209,2022-09-15,2023Q2,10,3,198,3-4 quarters,SAVIC,V-SA,SA1,136,64,5600.03,0,,2023Q2,5255.116713,5224.786713,4046443.916,-282993.0925,0.0012987,770,-344.913287,0.9384086716
C2023Q2T10,A202209,2022-09-15,2023Q2,10,3,198,3-4 quarters,VICSA,V-SA,VIC1,103,73,21000,0,,2023Q2,21253.57823,21235.88823,18704196.28,-82598.34569,0.0011363,880,253.57823,1.012075154
C2023Q4T08,A202209,2022-09-15,2023Q4,8,5,381,5-8 quarters,VICNSW,VIC1-NSW1,VIC1,262,159,43000,0,2023-10-19,2023Q4,17962.22426,17930.08426,26946030.99,-97108.69801,0.0006666,1500,-25037.77574,0.4177261456
C2024Q1T07,A202209,2022-09-15,2024Q1,7,6,473,5-8 quarters,NSWQLD,NSW1-QLD1,NSW1,65,45,16421.87,0,2024-01-19,2024Q1,30988.04292,30974.38292,17044190.6,-103500.3494,0.0018181,550,14566.17292,1.886998431
C2024Q1T07,A202209,2022-09-15,2024Q1,7,6,473,5-8 quarters,QLDNSW,NSW1-QLD1,QLD1,195,100,17000,0,2024-01-19,2024Q1,18691.53171,18631.84171,22430735.29,-4874460.55,0.0008333,1200,1691.53171,1.099501865
C2022Q4T12,A202209,2022-09-15,2022Q4,12,1,16,1-2 quarters,SAVIC,V-SA,SA1,106,66,6869.99,0,,2022Q4,10944.07892,10919.73892,8426949.194,-873337.1411,0.0012987,770,4074.08892,1.593026907
C2022Q4T12,A202209,2022-09-15,2022Q4,12,1,16,1-2 quarters,VICSA,V-SA,VIC1,117,77,25000,0,,2022Q4,11429.02034,11389.49034,10058101.16,-1008758.355,0.0011363,880,-13570.97966,0.4571608136
C2022Q4T12,A202209,2022-09-15,2022Q4,12,1,16,1-2 quarters,NSWVIC,VIC1-NSW1,NSW1,169,112,989.38,0,,2022Q4,1268.488005,1252.768005,1649100.37,-6513081.518,0.0007692,1300,279.108005,1.282103949
C2026Q2T03,A202312,2023-12-15,2026Q2,3,10,838,9-12 quarters,VICNSW,VIC1-NSW1,VIC1,176,125,13820.2,0,2026-04-22,2026Q2,21024.95172,20989.90172,31540581.63,-479468.8901,0.0006666,1500,7204.75172,1.521320366
C2026Q2T03,A202312,2023-12-15,2026Q2,3,10,838,9-12 quarters,VICSA,V-SA,VIC1,97,73,10000,0,2026-04-22,2026Q2,22224.92141,22209.97141,19559026.14,-300138.189,0.0011363,880,12224.92141,2.222492141
C2026Q2T03,A202312,2023-12-15,2026Q2,3,10,838,9-12 quarters,SAVIC,V-SA,SA1,73,64,2707.61,0,2026-04-22,2026Q2,886.1430022,877.9230022,682330.794,-934458.6638,0.0012987,770,-1821.466998,0.3272786709
C2026Q1T04,A202312,2023-12-15,2026Q1,4,9,748,9-12 quarters,VICNSW,VIC1-NSW1,VIC1,165,125,13992.2,0,2026-01-21,2026Q1,14769.74213,14739.17213,22156828.88,-531428.8002,0.0006666,1500,777.54213,1.055569684
C2025Q2T07,A202312,2023-12-15,2025Q2,7,6,473,5-8 quarters,VICNSW,VIC1-NSW1,VIC1,267,125,19064.68,0,2025-04-22,2025Q2,15520.37088,15472.20088,23282884.61,-553363.6459,0.0006666,1500,-3544.30912,0.8140902905
C2025Q2T07,A202312,2023-12-15,2025Q2,7,6,473,5-8 quarters,VICSA,V-SA,VIC1,93,73,14000,0,2025-04-22,2025Q2,11553.78408,11534.59408,10167899.4,-1288770.665,0.0011363,880,-2446.21592,0.8252702914
C2025Q2T07,A202312,2023-12-15,2025Q2,7,6,473,5-8 quarters,NSWVIC,VIC1-NSW1,NSW1,184,108,1410,0,2025-04-22,2025Q2,5995.36704,5989.69704,7794288.924,-19121730.95,0.0007692,1300,4585.36704,4.252033362
C2025Q3T06,A202312,2023-12-15,2025Q3,6,7,564,5-8 quarters,SAVIC,V-SA,SA1,144,64,3967.2,0,,2025Q3,7009.423024,6993.033024,5397261.126,-664154.2685,0.0012987,770,3042.223024,1.766843876
C2025Q3T06,A202312,2023-12-15,2025Q3,6,7,564,5-8 quarters,VICSA,V-SA,VIC1,93,73,12696,0,,2025Q3,18756.96128,18745.97128,16507050.32,-1410262.957,0.0011363,880,6060.96128,1.477391405
C2025Q3T06,A202312,2023-12-15,2025Q3,6,7,564,5-8 quarters,QLDNSW,NSW1-QLD1,QLD1,157,100,27480.77,0,,2025Q3,27523.15899,27490.89899,33029111.95,-633446.9347,0.0008333,1200,42.38899,1.001542496
C2024Q1T12,A202312,2023-12-15,2024Q1,12,1,17,1-2 quarters,NSWQLD,NSW1-QLD1,NSW1,100,58,19200,0,2024-01-19,2024Q1,30988.04292,30974.38292,17044190.6,-103500.3494,0.0018181,550,11788.04292,1.613960569
C2024Q2T11,A202312,2023-12-15,2024Q2,11,2,108,1-2 quarters,VICNSW,VIC1-NSW1,VIC1,243,125,18200.2,0,2024-04-19,2024Q2,10623.15983,10586.50983,15936333.38,-445973.9899,0.0006666,1500,-7577.04017,0.5836836864
C2024Q4T09,A202312,2023-12-15,2024Q4,9,4,291,3-4 quarters,VICNSW,VIC1-NSW1,VIC1,323,129,16000,0,,2024Q4,30365.22674,30320.47674,45552395.35,-310299.4475,0.0006666,1500,14365.22674,1.897826671
C2024Q4T09,A202312,2023-12-15,2024Q4,9,4,291,3-4 quarters,NSWVIC,VIC1-NSW1,NSW1,163,125,1200,0,,2024Q4,1621.216848,1612.286848,2107666.21,-33913225.06,0.0007692,1300,421.216848,1.35101404
C2024Q4T09,A202312,2023-12-15,2024Q4,9,4,291,3-4 quarters,NSWQLD,NSW1-QLD1,NSW1,87,45,8594.08,0,,2024Q4,13566.77809,13558.99809,7462063.741,-121841.4963,0.0018181,550,4972.69809,1.578619013
C2024Q4T09,A202312,2023-12-15,2024Q4,9,4,291,3-4 quarters,SAVIC,V-SA,SA1,161,64,4557,0,,2024Q4,5944.67245,5907.54245,4577402.364,-416003.9593,0.0012987,770,1387.67245,1.304514472
C2024Q3T10,A202312,2023-12-15,2024Q3,10,3,199,3-4 quarters,VICNSW,VIC1-NSW1,VIC1,323,125,20644.8,0,,2024Q3,28584.17489,28543.93489,42880550.39,-1167344.578,0.0006666,1500,7939.37489,1.384570201
C2025Q1T08,A202312,2023-12-15,2025Q1,8,5,383,5-8 quarters,VICSA,V-SA,VIC1,108,73,22862.63,0,2025-01-21,2025Q1,16658.30021,16633.54021,14660125.15,-5823486.815,0.0011363,880,-6204.32979,0.7286257185
C2025Q4T05,A202312,2023-12-15,2025Q4,5,8,656,5-8 quarters,SAVIC,V-SA,SA1,134,64,3763.52,0,,2025Q4,4616.855139,4603.285139,3554982.012,-467959.4055,0.0012987,770,853.335139,1.226738569
C2025Q4T05,A202312,2023-12-15,2025Q4,5,8,656,5-8 quarters,NSWQLD,NSW1-QLD1,NSW1,69,45,8280,0,,2025Q4,8798.282638,8787.432638,4839273.218,-310906.141,0.0018181,550,518.282638,1.062594521
C2025Q4T05,A202312,2023-12-15,2025Q4,5,8,656,5-8 quarters,VICSA,V-SA,VIC1,88,73,10000,0,,2025Q4,11264.61666,11249.59666,9913417.808,-2982204.908,0.0011363,880,1264.61666,1.126461666
C2025Q2T07,A202312,2023-12-15,2025Q2,7,6,473,5-8 quarters,QLDNSW,NSW1-QLD1,QLD1,172,100,25185.57,0,2025-04-22,2025Q2,76575.72214,76521.31214,91894542.36,-71723.1949,0.0008333,1200,51390.15214,3.040460158
C2025Q2T07,A202312,2023-12-15,2025Q2,7,6,473,5-8 quarters,NSWQLD,NSW1-QLD1,NSW1,59,48,4368,0,2025-04-22,2025Q2,2144.062835,2134.622835,1179287.627,-9604.28531,0.0018181,550,-2223.937165,0.4908568761
C2025Q1T08,A202312,2023-12-15,2025Q1,8,5,383,5-8 quarters,VICNSW,VIC1-NSW1,VIC1,309,125,19000,0,2025-01-21,2025Q1,13527.71289,13489.37289,20293598.69,-746592.7397,0.0006666,1500,-5472.28711,0.7119848889
C2025Q1T08,A202312,2023-12-15,2025Q1,8,5,383,5-8 quarters,NSWVIC,VIC1-NSW1,NSW1,149,108,3640.24,0,2025-01-21,2025Q1,7172.927042,7151.667042,9325178.162,-15652985.77,0.0007692,1300,3532.687042,1.970454432
C2025Q3T06,A202312,2023-12-15,2025Q3,6,7,564,5-8 quarters,NSWVIC,VIC1-NSW1,NSW1,203,108,1250.24,0,,2025Q3,4224.008154,4221.148154,5491430.257,-522593.1659,0.0007692,1300,2973.768154,3.37855784
C2025Q2T07,A202312,2023-12-15,2025Q2,7,6,473,5-8 quarters,SAVIC,V-SA,SA1,110,77,4303.1,0,2025-04-22,2025Q2,3651.318918,3625.128918,2811518.378,-758651.3888,0.0012987,770,-651.781082,0.8485322019
C2025Q1T08,A202312,2023-12-15,2025Q1,8,5,383,5-8 quarters,SAVIC,V-SA,SA1,84,66,6510,0,2025-01-21,2025Q1,2452.505264,2431.065264,1888430.941,-118787.1816,0.0012987,770,-4057.494736,0.3767289192
C2025Q4T05,A202312,2023-12-15,2025Q4,5,8,656,5-8 quarters,QLDNSW,NSW1-QLD1,QLD1,148,100,16165.87,0,,2025Q4,28968.33652,28943.99652,34763394.36,-517232.7462,0.0008333,1200,12802.46652,1.791944171
C2025Q3T06,A202312,2023-12-15,2025Q3,6,7,564,5-8 quarters,VICNSW,VIC1-NSW1,VIC1,213,125,19496,0,,2025Q3,22344.42392,22308.10392,33519987.88,-960404.5204,0.0006666,1500,2848.42392,1.146102991
C2024Q4T09,A202312,2023-12-15,2024Q4,9,4,291,3-4 quarters,VICSA,V-SA,VIC1,102,73,12500,0,,2024Q4,13058.6835,13041.8535,11492285.05,-669584.6122,0.0011363,880,558.6835,1.04469468
C2024Q2T11,A202312,2023-12-15,2024Q2,11,2,108,1-2 quarters,VICSA,V-SA,VIC1,149,73,12500.63,0,2024-04-19,2024Q2,9559.045067,9545.205067,8412430.755,-41533.71536,0.0011363,880,-2941.584933,0.7646850652
C2024Q2T11,A202312,2023-12-15,2024Q2,11,2,108,1-2 quarters,SAVIC,V-SA,SA1,142,65,4111.1,0,2024-04-19,2024Q2,4694.427276,4653.297276,3614712.617,-106888.0074,0.0012987,770,583.327276,1.141890802
C2024Q3T10,A202312,2023-12-15,2024Q3,10,3,199,3-4 quarters,VICSA,V-SA,VIC1,143,79,14000,0,,2024Q3,49657.91789,49644.96789,43701415.02,-79170.14281,0.0011363,880,35657.91789,3.546994135
C2024Q3T10,A202312,2023-12-15,2024Q3,10,3,199,3-4 quarters,SAVIC,V-SA,SA1,161,64,4395.21,0,,2024Q3,15957.19984,15915.66984,12287056.16,-403006.2546,0.0012987,770,11561.98984,3.630588718
C2024Q3T10,A202312,2023-12-15,2024Q3,10,3,199,3-4 quarters,NSWQLD,NSW1-QLD1,NSW1,67,54,6001,0,,2024Q3,4735.922202,4732.102202,2604874.431,-32275.55841,0.0018181,550,-1265.077798,0.7891888355
C2024Q1T12,A202312,2023-12-15,2024Q1,12,1,17,1-2 quarters,SAVIC,V-SA,SA1,89,73,7500,0,2024-01-19,2024Q1,9577.488781,9546.928781,7374673.736,-2048632.594,0.0012987,770,2077.488781,1.276998504
C2024Q1T12,A202312,2023-12-15,2024Q1,12,1,17,1-2 quarters,VICSA,V-SA,VIC1,157,77,23486.2,0,2024-01-19,2024Q1,16380.74603,16353.28603,14415863.79,-2051072.022,0.0011363,880,-7105.45397,0.6974625963
C2024Q3T10,A202312,2023-12-15,2024Q3,10,3,199,3-4 quarters,NSWVIC,VIC1-NSW1,NSW1,152,108,2100,0,,2024Q3,6762.788538,6754.518538,8791976.778,-1592600.535,0.0007692,1300,4662.788538,3.220375494
C2024Q4T09,A202312,2023-12-15,2024Q4,9,4,291,3-4 quarters,QLDNSW,NSW1-QLD1,QLD1,197,100,12850,0,,2024Q4,42222.57004,42165.48004,50669110.81,-3267315.013,0.0008333,1200,29372.57004,3.285803116
C2024Q2T11,A202312,2023-12-15,2024Q2,11,2,108,1-2 quarters,NSWVIC,VIC1-NSW1,NSW1,164,110,2508,0,2024-04-19,2024Q2,8955.377098,8944.877098,11642455.93,-5801493.53,0.0007692,1300,6447.377098,3.570724521
C2025Q1T08,A202312,2023-12-15,2025Q1,8,5,383,5-8 quarters,QLDNSW,NSW1-QLD1,QLD1,228,125,17125.45,0,2025-01-21,2025Q1,24544.89407,24495.08407,29455051.09,-389693.0967,0.0008333,1200,7419.44407,1.433240824
C2025Q3T06,A202312,2023-12-15,2025Q3,6,7,564,5-8 quarters,NSWQLD,NSW1-QLD1,NSW1,45,45,5053.84,0,,2025Q3,803.2169412,798.1569412,441789.1982,-7586.40288,0.0018181,550,-4250.623059,0.1589320084
C2025Q1T08,A202312,2023-12-15,2025Q1,8,5,383,5-8 quarters,NSWQLD,NSW1-QLD1,NSW1,87,45,16100,0,2025-01-21,2025Q1,18935.69517,18919.90517,10415101.02,-340678.0137,0.0018181,550,2835.69517,1.176130135
C2024Q3T10,A202312,2023-12-15,2024Q3,10,3,199,3-4 quarters,QLDNSW,NSW1-QLD1,QLD1,227,100,26640,0,,2024Q3,41732.77095,41668.60095,50081328.39,-573776.7767,0.0008333,1200,15092.77095,1.566545456
C2024Q1T12,A202312,2023-12-15,2024Q1,12,1,17,1-2 quarters,QLDNSW,NSW1-QLD1,QLD1,204,120,19001,0,2024-01-19,2024Q1,18691.53171,18631.84171,22430735.29,-4874460.55,0.0008333,1200,-309.46829,0.9837130525
C2026Q1T04,A202312,2023-12-15,2026Q1,4,9,748,9-12 quarters,NSWVIC,VIC1-NSW1,NSW1,128,108,3002,0,2026-01-21,2026Q1,1788.206745,1780.286745,2324761.759,-8705748.864,0.0007692,1300,-1213.793255,0.5956718005
C2026Q1T04,A202312,2023-12-15,2026Q1,4,9,748,9-12 quarters,QLDNSW,NSW1-QLD1,QLD1,140,100,18900,0,2026-01-21,2026Q1,25634.52275,25609.28275,30762657.8,-235637.7636,0.0008333,1200,6734.52275,1.356323955
C2025Q4T05,A202312,2023-12-15,2025Q4,5,8,656,5-8 quarters,NSWVIC,VIC1-NSW1,NSW1,108,108,1034.88,0,,2025Q4,3683.454487,3680.864487,4788682.38,-17546517.12,0.0007692,1300,2648.574487,3.559305897
C2026Q2T03,A202312,2023-12-15,2026Q2,3,10,838,9-12 quarters,QLDNSW,NSW1-QLD1,QLD1,109,100,29660.54,0,2026-04-22,2026Q2,12666.97721,12633.42721,15200980.69,-419634.266,0.0008333,1200,-16993.56279,0.427064956
C2026Q2T03,A202312,2023-12-15,2026Q2,3,10,838,9-12 quarters,NSWQLD,NSW1-QLD1,NSW1,45,45,4368,0,2026-04-22,2026Q2,1626.556989,1618.676989,894646.6031,-4674.33756,0.0018181,550,-2741.443011,0.372380263
C2026Q2T03,A202312,2023-12-15,2026Q2,3,10,838,9-12 quarters,NSWVIC,VIC1-NSW1,NSW1,131,108,873.6,0,2026-04-22,2026Q2,1666.943884,1664.523884,2167113.734,-969142.0565,0.0007692,1300,793.343884,1.908131735
C2025Q4T05,A202312,2023-12-15,2025Q4,5,8,656,5-8 quarters,VICNSW,VIC1-NSW1,VIC1,211,125,13600.2,0,,2025Q4,21897.32549,21855.95549,32849273.16,-108577.0807,0.0006666,1500,8297.12549,1.610073785
C2026Q1T04,A202312,2023-12-15,2026Q1,4,9,748,9-12 quarters,VICSA,V-SA,VIC1,98,73,15284.63,0,2026-01-21,2026Q1,64478.72354,64458.37354,56744454.4,-6273624.3,0.0011363,880,49194.09354,4.21853349
C2026Q1T04,A202312,2023-12-15,2026Q1,4,9,748,9-12 quarters,NSWQLD,NSW1-QLD1,NSW1,69,45,14007,0,2026-01-21,2026Q1,10802.77683,10788.46683,5941794.639,-241856.379,0.0018181,550,-3204.22317,0.7712412958
C2026Q1T04,A202312,2023-12-15,2026Q1,4,9,748,9-12 quarters,SAVIC,V-SA,SA1,91,64,3879,0,2026-01-21,2026Q1,781.6187197,771.6687197,601847.016,-374596.964,0.0012987,770,-3097.38128,0.2015000566
C2024Q2T11,A202312,2023-12-15,2024Q2,11,2,108,1-2 quarters,NSWQLD,NSW1-QLD1,NSW1,74,49,5600,0,2024-04-19,2024Q2,1482.892377,1480.752377,815627.5104,-3128.56385,0.0018181,550,-4117.107623,0.2648022102
C2024Q1T12,A202312,2023-12-15,2024Q1,12,1,17,1-2 quarters,NSWVIC,VIC1-NSW1,NSW1,180,114,4152.38,0,2024-01-19,2024Q1,15078.33402,15051.73402,19602618.33,-13860972.64,0.0007692,1300,10925.95402,3.631250998
C2024Q2T11,A202312,2023-12-15,2024Q2,11,2,108,1-2 quarters,QLDNSW,NSW1-QLD1,QLD1,232,115,23230,0,2024-04-19,2024Q2,85873.03277,85798.97277,103051761.4,-114311.6469,0.0008333,1200,62643.03277,3.696643684
C2024Q1T12,A202312,2023-12-15,2024Q1,12,1,17,1-2 quarters,VICNSW,VIC1-NSW1,VIC1,282,154,20121.91,0,2024-01-19,2024Q1,17140.54197,17112.66197,25713384.3,-4021161.847,0.0006666,1500,-2981.36803,0.8518347398
C2025Q4T01,A202212,2022-12-15,2025Q4,1,12,1021,9-12 quarters,VICNSW,VIC1-NSW1,VIC1,125,125,19850.41,0,,2025Q4,21897.32549,21855.95549,32849273.16,-108577.0807,0.0006666,1500,2046.91549,1.103117038
C2025Q4T01,A202212,2022-12-15,2025Q4,1,12,1021,9-12 quarters,NSWVIC,VIC1-NSW1,NSW1,108,108,1056,0,,2025Q4,3683.454487,3680.864487,4788682.38,-17546517.12,0.0007692,1300,2627.454487,3.488119779
C2024Q2T12,A202403,2024-03-15,2024Q2,12,1,17,1-2 quarters,QLDNSW,NSW1-QLD1,QLD1,245,110,21052.45,0,2024-04-19,2024Q2,85873.03277,85798.97277,103051761.4,-114311.6469,0.0008333,1200,64820.58277,4.079004238
C2025Q2T08,A202403,2024-03-15,2025Q2,8,5,382,5-8 quarters,NSWQLD,NSW1-QLD1,NSW1,53,45,4830.32,0,2025-04-22,2025Q2,2144.062835,2134.622835,1179287.627,-9604.28531,0.0018181,550,-2686.257165,0.4438759409
C2025Q1T09,A202403,2024-03-15,2025Q1,9,4,292,3-4 quarters,NSWVIC,VIC1-NSW1,NSW1,196,132,4350,0,2025-01-21,2025Q1,7172.927042,7151.667042,9325178.162,-15652985.77,0.0007692,1300,2822.927042,1.648948745
C2025Q1T09,A202403,2024-03-15,2025Q1,9,4,292,3-4 quarters,VICSA,V-SA,VIC1,114,73,21789,0,2025-01-21,2025Q1,16658.30021,16633.54021,14660125.15,-5823486.815,0.0011363,880,-5130.69979,0.7645279825
C2025Q1T09,A202403,2024-03-15,2025Q1,9,4,292,3-4 quarters,SAVIC,V-SA,SA1,113,64,6590,0,2025-01-21,2025Q1,2452.505264,2431.065264,1888430.941,-118787.1816,0.0012987,770,-4137.494736,0.3721555788
C2024Q2T12,A202403,2024-03-15,2024Q2,12,1,17,1-2 quarters,VICSA,V-SA,VIC1,155,77,12000,0,2024-04-19,2024Q2,9559.045067,9545.205067,8412430.755,-41533.71536,0.0011363,880,-2440.954933,0.7965870889
C2024Q2T12,A202403,2024-03-15,2024Q2,12,1,17,1-2 quarters,SAVIC,V-SA,SA1,175,74,3905.55,0,2024-04-19,2024Q2,4694.427276,4653.297276,3614712.617,-106888.0074,0.0012987,770,788.877276,1.201988779
C2024Q4T10,A202403,2024-03-15,2024Q4,10,3,200,3-4 quarters,NSWQLD,NSW1-QLD1,NSW1,67,45,7869.51,0,,2024Q4,13566.77809,13558.99809,7462063.741,-121841.4963,0.0018181,550,5697.26809,1.723967323
C2024Q3T11,A202403,2024-03-15,2024Q3,11,2,108,1-2 quarters,VICNSW,VIC1-NSW1,VIC1,340,150,18988.8,0,,2024Q3,28584.17489,28543.93489,42880550.39,-1167344.578,0.0006666,1500,9595.37489,1.505317602
C2026Q1T05,A202403,2024-03-15,2026Q1,5,8,657,5-8 quarters,NSWVIC,VIC1-NSW1,NSW1,128,108,3770.93,0,2026-01-21,2026Q1,1788.206745,1780.286745,2324761.759,-8705748.864,0.0007692,1300,-1982.723255,0.4742084168
C2025Q4T06,A202403,2024-03-15,2025Q4,6,7,565,5-8 quarters,VICNSW,VIC1-NSW1,VIC1,238,125,13409,0,,2025Q4,21897.32549,21855.95549,32849273.16,-108577.0807,0.0006666,1500,8488.32549,1.633031955
C2025Q4T06,A202403,2024-03-15,2025Q4,6,7,565,5-8 quarters,NSWVIC,VIC1-NSW1,NSW1,113,108,1100.93,0,,2025Q4,3683.454487,3680.864487,4788682.38,-17546517.12,0.0007692,1300,2582.524487,3.345766295
C2025Q4T06,A202403,2024-03-15,2025Q4,6,7,565,5-8 quarters,VICSA,V-SA,VIC1,93,73,11640.23,0,,2025Q4,11264.61666,11249.59666,9913417.808,-2982204.908,0.0011363,880,-375.61334,0.9677314503
C2026Q1T05,A202403,2024-03-15,2026Q1,5,8,657,5-8 quarters,QLDNSW,NSW1-QLD1,QLD1,136,100,19440,0,2026-01-21,2026Q1,25634.52275,25609.28275,30762657.8,-235637.7636,0.0008333,1200,6194.52275,1.31864829
C2025Q4T06,A202403,2024-03-15,2025Q4,6,7,565,5-8 quarters,NSWQLD,NSW1-QLD1,NSW1,45,45,8137.33,0,,2025Q4,8798.282638,8787.432638,4839273.218,-310906.141,0.0018181,550,660.952638,1.081224755
C2025Q4T06,A202403,2024-03-15,2025Q4,6,7,565,5-8 quarters,QLDNSW,NSW1-QLD1,QLD1,127,100,14549.28,0,,2025Q4,28968.33652,28943.99652,34763394.36,-517232.7462,0.0008333,1200,14419.05652,1.99104949
C2025Q3T07,A202403,2024-03-15,2025Q3,7,6,473,5-8 quarters,VICNSW,VIC1-NSW1,VIC1,225,125,18839,0,,2025Q3,22344.42392,22308.10392,33519987.88,-960404.5204,0.0006666,1500,3505.42392,1.186072717
C2025Q3T07,A202403,2024-03-15,2025Q3,7,6,473,5-8 quarters,NSWVIC,VIC1-NSW1,NSW1,172,111,2187.91,0,,2025Q3,4224.008154,4221.148154,5491430.257,-522593.1659,0.0007692,1300,2036.098154,1.930613304
C2025Q2T01,A202206,2022-06-15,2025Q2,1,12,1021,9-12 quarters,VICNSW,VIC1-NSW1,VIC1,125,125,18481,0,2025-04-22,2025Q2,15520.37088,15472.20088,23282884.61,-553363.6459,0.0006666,1500,-2960.62912,0.8398014653
C2025Q2T01,A202206,2022-06-15,2025Q2,1,12,1021,9-12 quarters,NSWVIC,VIC1-NSW1,NSW1,108,108,873.6,0,2025-04-22,2025Q2,5995.36704,5989.69704,7794288.924,-19121730.95,0.0007692,1300,5121.76704,6.862828571
C2025Q2T01,A202206,2022-06-15,2025Q2,1,12,1021,9-12 quarters,VICSA,V-SA,VIC1,73,73,12500,0,2025-04-22,2025Q2,11553.78408,11534.59408,10167899.4,-1288770.665,0.0011363,880,-946.21592,0.9243027264
C2025Q2T01,A202206,2022-06-15,2025Q2,1,12,1021,9-12 quarters,QLDNSW,NSW1-QLD1,QLD1,100,100,21606,0,2025-04-22,2025Q2,76575.72214,76521.31214,91894542.36,-71723.1949,0.0008333,1200,54969.72214,3.544187825
C2025Q2T01,A202206,2022-06-15,2025Q2,1,12,1021,9-12 quarters,NSWQLD,NSW1-QLD1,NSW1,45,45,4216.89,0,2025-04-22,2025Q2,2144.062835,2134.622835,1179287.627,-9604.28531,0.0018181,550,-2072.827165,0.50844647
C2025Q1T02,A202206,2022-06-15,2025Q1,2,11,931,9-12 quarters,VICNSW,VIC1-NSW1,VIC1,135,125,21600,0,2025-01-21,2025Q1,13527.71289,13489.37289,20293598.69,-746592.7397,0.0006666,1500,-8072.28711,0.6262830042
C2025Q1T02,A202206,2022-06-15,2025Q1,2,11,931,9-12 quarters,NSWVIC,VIC1-NSW1,NSW1,108,108,3500.6,0,2025-01-21,2025Q1,7172.927042,7151.667042,9325178.162,-15652985.77,0.0007692,1300,3672.327042,2.049056459
C2025Q1T02,A202206,2022-06-15,2025Q1,2,11,931,9-12 quarters,VICSA,V-SA,VIC1,73,73,18360,0,2025-01-21,2025Q1,16658.30021,16633.54021,14660125.15,-5823486.815,0.0011363,880,-1701.69979,0.9073148263
C2025Q1T02,A202206,2022-06-15,2025Q1,2,11,931,9-12 quarters,SAVIC,V-SA,SA1,64,64,5407.5,0,2025-01-21,2025Q1,2452.505264,2431.065264,1888430.941,-118787.1816,0.0012987,770,-2954.994736,0.453537728
C2025Q1T02,A202206,2022-06-15,2025Q1,2,11,931,9-12 quarters,QLDNSW,NSW1-QLD1,QLD1,110,100,19072.8,0,2025-01-21,2025Q1,24544.89407,24495.08407,29455051.09,-389693.0967,0.0008333,1200,5472.09407,1.286905649
C2025Q1T02,A202206,2022-06-15,2025Q1,2,11,931,9-12 quarters,NSWQLD,NSW1-QLD1,NSW1,45,45,9996.89,0,2025-01-21,2025Q1,18935.69517,18919.90517,10415101.02,-340678.0137,0.0018181,550,8938.80517,1.8941586
C2024Q4T03,A202206,2022-06-15,2024Q4,3,10,839,9-12 quarters,VICNSW,VIC1-NSW1,VIC1,150,125,21443,0,,2024Q4,30365.22674,30320.47674,45552395.35,-310299.4475,0.0006666,1500,8922.22674,1.416090414
C2024Q4T03,A202206,2022-06-15,2024Q4,3,10,839,9-12 quarters,NSWVIC,VIC1-NSW1,NSW1,108,108,824.69,0,,2024Q4,1621.216848,1612.286848,2107666.21,-33913225.06,0.0007692,1300,796.526848,1.965850014
C2024Q4T03,A202206,2022-06-15,2024Q4,3,10,839,9-12 quarters,VICSA,V-SA,VIC1,73,73,12208.27,0,,2024Q4,13058.6835,13041.8535,11492285.05,-669584.6122,0.0011363,880,850.4135,1.069658805
C2024Q4T03,A202206,2022-06-15,2024Q4,3,10,839,9-12 quarters,SAVIC,V-SA,SA1,64,64,4000,0,,2024Q4,5944.67245,5907.54245,4577402.364,-416003.9593,0.0012987,770,1944.67245,1.486168112
C2024Q4T03,A202206,2022-06-15,2024Q4,3,10,839,9-12 quarters,QLDNSW,NSW1-QLD1,QLD1,117,100,13314.24,0,,2024Q4,42222.57004,42165.48004,50669110.81,-3267315.013,0.0008333,1200,28908.33004,3.17123396
C2024Q4T03,A202206,2022-06-15,2024Q4,3,10,839,9-12 quarters,NSWQLD,NSW1-QLD1,NSW1,45,45,7653.6,0,,2024Q4,13566.77809,13558.99809,7462063.741,-121841.4963,0.0018181,550,5913.17809,1.772600879
C2024Q3T04,A202206,2022-06-15,2024Q3,4,9,747,9-12 quarters,VICNSW,VIC1-NSW1,VIC1,150,125,20793,0,,2024Q3,28584.17489,28543.93489,42880550.39,-1167344.578,0.0006666,1500,7791.17489,1.374701817
C2024Q3T04,A202206,2022-06-15,2024Q3,4,9,747,9-12 quarters,VICSA,V-SA,VIC1,83,73,15456,0,,2024Q3,49657.91789,49644.96789,43701415.02,-79170.14281,0.0011363,880,34201.91789,3.212857006
C2024Q3T04,A202206,2022-06-15,2024Q3,4,9,747,9-12 quarters,SAVIC,V-SA,SA1,67,64,3746.52,0,,2024Q3,15957.19984,15915.66984,12287056.16,-403006.2546,0.0012987,770,12210.67984,4.259205834
C2024Q3T04,A202206,2022-06-15,2024Q3,4,9,747,9-12 quarters,QLDNSW,NSW1-QLD1,QLD1,110,100,20444.61,0,,2024Q3,41732.77095,41668.60095,50081328.39,-573776.7767,0.0008333,1200,21288.16095,2.04126031
C2024Q3T04,A202206,2022-06-15,2024Q3,4,9,747,9-12 quarters,NSWQLD,NSW1-QLD1,NSW1,45,45,4496.89,0,,2024Q3,4735.922202,4732.102202,2604874.431,-32275.55841,0.0018181,550,239.032202,1.053155003
C2024Q2T05,A202206,2022-06-15,2024Q2,5,8,656,5-8 quarters,VICNSW,VIC1-NSW1,VIC1,170,125,21169,0,2024-04-19,2024Q2,10623.15983,10586.50983,15936333.38,-445973.9899,0.0006666,1500,-10545.84017,0.5018262473
C2024Q2T05,A202206,2022-06-15,2024Q2,5,8,656,5-8 quarters,NSWVIC,VIC1-NSW1,NSW1,164,108,873.6,0,2024-04-19,2024Q2,8955.377098,8944.877098,11642455.93,-5801493.53,0.0007692,1300,8081.777098,10.25111847
C2024Q2T05,A202206,2022-06-15,2024Q2,5,8,656,5-8 quarters,VICSA,V-SA,VIC1,83,73,16380,0,2024-04-19,2024Q2,9559.045067,9545.205067,8412430.755,-41533.71536,0.0011363,880,-6820.954933,0.5835802849
C2024Q2T05,A202206,2022-06-15,2024Q2,5,8,656,5-8 quarters,SAVIC,V-SA,SA1,109,64,3075.8,0,2024-04-19,2024Q2,4694.427276,4653.297276,3614712.617,-106888.0074,0.0012987,770,1618.627276,1.526245944
C2024Q2T05,A202206,2022-06-15,2024Q2,5,8,656,5-8 quarters,QLDNSW,NSW1-QLD1,QLD1,130,100,25538.71,0,2024-04-19,2024Q2,85873.03277,85798.97277,103051761.4,-114311.6469,0.0008333,1200,60334.32277,3.362465558
C2024Q2T05,A202206,2022-06-15,2024Q2,5,8,656,5-8 quarters,NSWQLD,NSW1-QLD1,NSW1,45,45,4496.89,0,2024-04-19,2024Q2,1482.892377,1480.752377,815627.5104,-3128.56385,0.0018181,550,-3013.997623,0.3297595398
C2024Q1T06,A202206,2022-06-15,2024Q1,6,7,565,5-8 quarters,VICNSW,VIC1-NSW1,VIC1,170,125,30000,0,2024-01-19,2024Q1,17140.54197,17112.66197,25713384.3,-4021161.847,0.0006666,1500,-12859.45803,0.571351399
C2024Q1T06,A202206,2022-06-15,2024Q1,6,7,565,5-8 quarters,NSWVIC,VIC1-NSW1,NSW1,137,108,3276,0,2024-01-19,2024Q1,15078.33402,15051.73402,19602618.33,-13860972.64,0.0007692,1300,11802.33402,4.602666062
C2024Q1T06,A202206,2022-06-15,2024Q1,6,7,565,5-8 quarters,VICSA,V-SA,VIC1,83,73,20716.66,0,2024-01-19,2024Q1,16380.74603,16353.28603,14415863.79,-2051072.022,0.0011363,880,-4335.91397,0.7907040049
C2024Q1T06,A202206,2022-06-15,2024Q1,6,7,565,5-8 quarters,SAVIC,V-SA,SA1,64,64,5505.75,0,2024-01-19,2024Q1,9577.488781,9546.928781,7374673.736,-2048632.594,0.0012987,770,4071.738781,1.739542983
C2024Q1T06,A202206,2022-06-15,2024Q1,6,7,565,5-8 quarters,QLDNSW,NSW1-QLD1,QLD1,165,100,17500,0,2024-01-19,2024Q1,18691.53171,18631.84171,22430735.29,-4874460.55,0.0008333,1200,1191.53171,1.068087526
C2025Q2T01,A202206,2022-06-15,2025Q2,1,12,1021,9-12 quarters,SAVIC,V-SA,SA1,64,64,3075.8,0,2025-04-22,2025Q2,3651.318918,3625.128918,2811518.378,-758651.3888,0.0012987,770,575.518918,1.187111944
C2023Q4T07,A202206,2022-06-15,2023Q4,7,6,473,5-8 quarters,VICNSW,VIC1-NSW1,VIC1,202,150,40000,0,2023-10-19,2023Q4,17962.22426,17930.08426,26946030.99,-97108.69801,0.0006666,1500,-22037.77574,0.4490556065
C2023Q4T07,A202206,2022-06-15,2023Q4,7,6,473,5-8 quarters,NSWVIC,VIC1-NSW1,NSW1,157,108,1000,0,2023-10-19,2023Q4,1138.620464,1122.140464,1480265.814,-14285737.73,0.0007692,1300,138.620464,1.138620464
C2023Q4T07,A202206,2022-06-15,2023Q4,7,6,473,5-8 quarters,VICSA,V-SA,VIC1,93,73,9936,0,2023-10-19,2023Q4,7851.926933,7835.156933,6910082.666,-92884.51894,0.0011363,880,-2084.073067,0.7902502952
C2023Q4T07,A202206,2022-06-15,2023Q4,7,6,473,5-8 quarters,SAVIC,V-SA,SA1,109,64,5142.5,0,2023-10-19,2023Q4,5450.223568,5401.963568,4196676.344,-159856.5794,0.0012987,770,307.723568,1.059839294
C2023Q4T07,A202206,2022-06-15,2023Q4,7,6,473,5-8 quarters,QLDNSW,NSW1-QLD1,QLD1,233,100,13907.2,0,2023-10-19,2023Q4,15846.75655,15781.09655,19016868.53,-306712.8168,0.0008333,1200,1939.55655,1.139464202
C2023Q4T07,A202206,2022-06-15,2023Q4,7,6,473,5-8 quarters,NSWQLD,NSW1-QLD1,NSW1,55,45,8663,0,2023-10-19,2023Q4,20079.48513,20073.53513,11044213.81,-112892.4539,0.0018181,550,11416.48513,2.317844295
C2023Q3T08,A202206,2022-06-15,2023Q3,8,5,381,5-8 quarters,VICNSW,VIC1-NSW1,VIC1,215,125,40752.46,0,,2023Q3,32415.88534,32388.22534,48628690.88,-196728.5106,0.0006666,1500,-8336.57466,0.79543383
C2023Q3T08,A202206,2022-06-15,2023Q3,8,5,381,5-8 quarters,NSWVIC,VIC1-NSW1,NSW1,225,108,937,0,,2023Q3,702.4189755,689.6389755,913181.1955,-2736018.065,0.0007692,1300,-234.5810245,0.7496467188
C2023Q3T08,A202206,2022-06-15,2023Q3,8,5,381,5-8 quarters,VICSA,V-SA,VIC1,98,73,15456,0,,2023Q3,31778.37814,31763.72814,27966538.89,-316818.7999,0.0011363,880,16322.37814,2.056054486
C2023Q3T08,A202206,2022-06-15,2023Q3,8,5,381,5-8 quarters,SAVIC,V-SA,SA1,109,64,4000,0,,2023Q3,3151.352892,3106.312892,2426544.153,-292606.2394,0.0012987,770,-848.647108,0.787838223
C2023Q3T08,A202206,2022-06-15,2023Q3,8,5,381,5-8 quarters,QLDNSW,NSW1-QLD1,QLD1,190,100,24636.83,0,,2023Q3,23449.50542,23370.84542,28140532.13,-211685.871,0.0008333,1200,-1187.32458,0.9518069256
C2023Q3T08,A202206,2022-06-15,2023Q3,8,5,381,5-8 quarters,NSWQLD,NSW1-QLD1,NSW1,63,45,5495.89,0,,2023Q3,1295.339161,1292.259161,712468.5997,-32267.57561,0.0018181,550,-4200.550839,0.2356923375
C2023Q2T09,A202206,2022-06-15,2023Q2,9,4,290,3-4 quarters,VICNSW,VIC1-NSW1,VIC1,215,127,42000,0,,2023Q2,38487.74346,38465.65346,57737388.94,-189060.6748,0.0006666,1500,-3512.25654,0.9163748443
C2023Q2T09,A202206,2022-06-15,2023Q2,9,4,290,3-4 quarters,NSWVIC,VIC1-NSW1,NSW1,320,108,900,0,,2023Q2,1726.972364,1713.392364,2245153.879,-6651024.676,0.0007692,1300,826.972364,1.918858182
C2023Q2T09,A202206,2022-06-15,2023Q2,9,4,290,3-4 quarters,VICSA,V-SA,VIC1,98,73,16380,0,,2023Q2,21253.57823,21235.88823,18704196.28,-82598.34569,0.0011363,880,4873.57823,1.297532248
C2024Q3T04,A202206,2022-06-15,2024Q3,4,9,747,9-12 quarters,NSWVIC,VIC1-NSW1,NSW1,108,108,750.6,0,,2024Q3,6762.788538,6754.518538,8791976.778,-1592600.535,0.0007692,1300,6012.188538,9.009843509
C2022Q4T11,A202206,2022-06-15,2022Q4,11,2,108,1-2 quarters,VICNSW,VIC1-NSW1,VIC1,208,145,44811.36,0,,2022Q4,38473.51859,38450.30859,57716049.48,-38402.48838,0.0006666,1500,-6337.84141,0.8585661892
C2022Q4T11,A202206,2022-06-15,2022Q4,11,2,108,1-2 quarters,NSWVIC,VIC1-NSW1,NSW1,150,108,666.6,0,,2022Q4,1268.488005,1252.768005,1649100.37,-6513081.518,0.0007692,1300,601.888005,1.9029223
C2022Q4T11,A202206,2022-06-15,2022Q4,11,2,108,1-2 quarters,VICSA,V-SA,VIC1,93,73,15687.91,0,,2022Q4,11429.02034,11389.49034,10058101.16,-1008758.355,0.0011363,880,-4258.88966,0.7285240889
C2022Q4T11,A202206,2022-06-15,2022Q4,11,2,108,1-2 quarters,SAVIC,V-SA,SA1,100,64,6182.4,0,,2022Q4,10944.07892,10919.73892,8426949.194,-873337.1411,0.0012987,770,4761.67892,1.770199101
C2022Q4T11,A202206,2022-06-15,2022Q4,11,2,108,1-2 quarters,QLDNSW,NSW1-QLD1,QLD1,260,100,11066,0,,2022Q4,9724.020811,9678.370811,11669291.74,-1211406.633,0.0008333,1200,-1341.979189,0.8787295148
C2022Q4T11,A202206,2022-06-15,2022Q4,11,2,108,1-2 quarters,NSWQLD,NSW1-QLD1,NSW1,80,45,11625,0,,2022Q4,12711.39529,12697.60529,6991582.033,-86580.27895,0.0018181,550,1086.39529,1.093453358
C2024Q1T06,A202206,2022-06-15,2024Q1,6,7,565,5-8 quarters,NSWQLD,NSW1-QLD1,NSW1,55,45,13104,0,2024-01-19,2024Q1,30988.04292,30974.38292,17044190.6,-103500.3494,0.0018181,550,17884.04292,2.36477739
C2023Q2T09,A202206,2022-06-15,2023Q2,9,4,290,3-4 quarters,SAVIC,V-SA,SA1,104,64,4500,0,,2023Q2,5255.116713,5224.786713,4046443.916,-282993.0925,0.0012987,770,755.116713,1.167803714
C2023Q2T09,A202206,2022-06-15,2023Q2,9,4,290,3-4 quarters,QLDNSW,NSW1-QLD1,QLD1,214,100,26000,0,,2023Q2,23914.6057,23848.3257,28698674.79,-763888.2445,0.0008333,1200,-2085.3943,0.9197925269
C2023Q2T09,A202206,2022-06-15,2023Q2,9,4,290,3-4 quarters,NSWQLD,NSW1-QLD1,NSW1,82,45,6499.89,0,,2023Q2,6597.225591,6593.765591,3628637.364,-81704.02754,0.0018181,550,97.335591,1.01497496
C2023Q1T10,A202206,2022-06-15,2023Q1,10,3,200,3-4 quarters,VICNSW,VIC1-NSW1,VIC1,190,125,45360.46,0,,2023Q1,21286.31693,21267.85693,31932668.67,-114688.3159,0.0006666,1500,-24074.14307,0.4692703057
C2023Q1T10,A202206,2022-06-15,2023Q1,10,3,200,3-4 quarters,NSWVIC,VIC1-NSW1,NSW1,143,108,4500,0,,2023Q1,2218.662343,2195.152343,2884376.422,-8148785.915,0.0007692,1300,-2281.337657,0.4930360762
C2023Q1T10,A202206,2022-06-15,2023Q1,10,3,200,3-4 quarters,VICSA,V-SA,VIC1,98,73,24624.61,0,,2023Q1,25070.70156,25032.74156,22063452.92,-107315.1492,0.0011363,880,446.09156,1.01811568
C2023Q1T10,A202206,2022-06-15,2023Q1,10,3,200,3-4 quarters,SAVIC,V-SA,SA1,84,64,7535,0,,2023Q1,3934.881884,3913.261884,3029862.08,-164048.4484,0.0012987,770,-3600.118116,0.5222139196
C2023Q1T10,A202206,2022-06-15,2023Q1,10,3,200,3-4 quarters,QLDNSW,NSW1-QLD1,QLD1,301,110,17418.36,0,,2023Q1,12121.60799,12078.14799,14546511.45,-2423562.747,0.0008333,1200,-5296.75201,0.6959098325
C2023Q1T10,A202206,2022-06-15,2023Q1,10,3,200,3-4 quarters,NSWQLD,NSW1-QLD1,NSW1,80,45,19762.59,0,,2023Q1,11892.6708,11873.2208,6541263.295,-371597.8452,0.0018181,550,-7869.9192,0.6017769331
C2026Q2T04,A202403,2024-03-15,2026Q2,4,9,747,9-12 quarters,NSWVIC,VIC1-NSW1,NSW1,131,108,1048.32,0,2026-04-22,2026Q2,1666.943884,1664.523884,2167113.734,-969142.0565,0.0007692,1300,618.623884,1.590109779
C2025Q2T08,A202403,2024-03-15,2025Q2,8,5,382,5-8 quarters,NSWVIC,VIC1-NSW1,NSW1,202,114,2321.06,0,2025-04-22,2025Q2,5995.36704,5989.69704,7794288.924,-19121730.95,0.0007692,1300,3674.30704,2.583029754
C2025Q2T08,A202403,2024-03-15,2025Q2,8,5,382,5-8 quarters,VICSA,V-SA,VIC1,101,77,15000,0,2025-04-22,2025Q2,11553.78408,11534.59408,10167899.4,-1288770.665,0.0011363,880,-3446.21592,0.770252272
C2025Q2T08,A202403,2024-03-15,2025Q2,8,5,382,5-8 quarters,QLDNSW,NSW1-QLD1,QLD1,168,110,23852.24,0,2025-04-22,2025Q2,76575.72214,76521.31214,91894542.36,-71723.1949,0.0008333,1200,52723.48214,3.210420579
C2025Q3T07,A202403,2024-03-15,2025Q3,7,6,473,5-8 quarters,VICSA,V-SA,VIC1,97,73,13965.6,0,,2025Q3,18756.96128,18745.97128,16507050.32,-1410262.957,0.0011363,880,4791.36128,1.343083096
C2025Q4T06,A202403,2024-03-15,2025Q4,6,7,565,5-8 quarters,SAVIC,V-SA,SA1,136,64,3803,0,,2025Q4,4616.855139,4603.285139,3554982.012,-467959.4055,0.0012987,770,813.855139,1.214003455
C2025Q3T07,A202403,2024-03-15,2025Q3,7,6,473,5-8 quarters,QLDNSW,NSW1-QLD1,QLD1,167,105,25927.44,0,,2025Q3,27523.15899,27490.89899,33029111.95,-633446.9347,0.0008333,1200,1595.71899,1.061545567
C2025Q3T07,A202403,2024-03-15,2025Q3,7,6,473,5-8 quarters,SAVIC,V-SA,SA1,136,64,4363.92,0,,2025Q3,7009.423024,6993.033024,5397261.126,-664154.2685,0.0012987,770,2645.503024,1.606221705
C2025Q2T08,A202403,2024-03-15,2025Q2,8,5,382,5-8 quarters,SAVIC,V-SA,SA1,121,65,4387.77,0,2025-04-22,2025Q2,3651.318918,3625.128918,2811518.378,-758651.3888,0.0012987,770,-736.451082,0.8321582303
C2025Q3T07,A202403,2024-03-15,2025Q3,7,6,473,5-8 quarters,NSWQLD,NSW1-QLD1,NSW1,45,45,4503,0,,2025Q3,803.2169412,798.1569412,441789.1982,-7586.40288,0.0018181,550,-3699.783059,0.1783737378
C2025Q2T08,A202403,2024-03-15,2025Q2,8,5,382,5-8 quarters,VICNSW,VIC1-NSW1,VIC1,249,130,18000,0,2025-04-22,2025Q2,15520.37088,15472.20088,23282884.61,-553363.6459,0.0006666,1500,-2479.62912,0.8622428267
C2025Q2T03,A202212,2022-12-15,2025Q2,3,10,838,9-12 quarters,NSWQLD,NSW1-QLD1,NSW1,52,52,7466.67,0,2025-04-22,2025Q2,2144.062835,2134.622835,1179287.627,-9604.28531,0.0018181,550,-5322.607165,0.2871511444
C2025Q4T01,A202212,2022-12-15,2025Q4,1,12,1021,9-12 quarters,VICSA,V-SA,VIC1,73,73,21233,0,,2025Q4,11264.61666,11249.59666,9913417.808,-2982204.908,0.0011363,880,-9968.38334,0.5305240268
C2025Q4T01,A202212,2022-12-15,2025Q4,1,12,1021,9-12 quarters,SAVIC,V-SA,SA1,64,64,5246.14,0,,2025Q4,4616.855139,4603.285139,3554982.012,-467959.4055,0.0012987,770,-629.284861,0.8800480237
C2025Q4T01,A202212,2022-12-15,2025Q4,1,12,1021,9-12 quarters,QLDNSW,NSW1-QLD1,QLD1,100,100,15000,0,,2025Q4,28968.33652,28943.99652,34763394.36,-517232.7462,0.0008333,1200,13968.33652,1.931222435
C2025Q4T01,A202212,2022-12-15,2025Q4,1,12,1021,9-12 quarters,NSWQLD,NSW1-QLD1,NSW1,45,45,9000,0,,2025Q4,8798.282638,8787.432638,4839273.218,-310906.141,0.0018181,550,-201.717362,0.9775869598
C2025Q3T02,A202212,2022-12-15,2025Q3,2,11,929,9-12 quarters,VICNSW,VIC1-NSW1,VIC1,135,125,21229,0,,2025Q3,22344.42392,22308.10392,33519987.88,-960404.5204,0.0006666,1500,1115.42392,1.052542462
C2025Q3T02,A202212,2022-12-15,2025Q3,2,11,929,9-12 quarters,NSWVIC,VIC1-NSW1,NSW1,126,108,1421.5,0,,2025Q3,4224.008154,4221.148154,5491430.257,-522593.1659,0.0007692,1300,2802.508154,2.971514706
C2025Q3T02,A202212,2022-12-15,2025Q3,2,11,929,9-12 quarters,VICSA,V-SA,VIC1,85,73,21232,0,,2025Q3,18756.96128,18745.97128,16507050.32,-1410262.957,0.0011363,880,-2475.03872,0.883428847
C2025Q3T02,A202212,2022-12-15,2025Q3,2,11,929,9-12 quarters,SAVIC,V-SA,SA1,79,64,5700.94,0,,2025Q3,7009.423024,6993.033024,5397261.126,-664154.2685,0.0012987,770,1308.483024,1.229520575
C2025Q3T02,A202212,2022-12-15,2025Q3,2,11,929,9-12 quarters,QLDNSW,NSW1-QLD1,QLD1,105,100,27819.81,0,,2025Q3,27523.15899,27490.89899,33029111.95,-633446.9347,0.0008333,1200,-296.65101,0.9893366989
C2025Q3T02,A202212,2022-12-15,2025Q3,2,11,929,9-12 quarters,NSWQLD,NSW1-QLD1,NSW1,45,45,8233,0,,2025Q3,803.2169412,798.1569412,441789.1982,-7586.40288,0.0018181,550,-7429.783059,0.09756066333
C2024Q4T10,A202403,2024-03-15,2024Q4,10,3,200,3-4 quarters,NSWVIC,VIC1-NSW1,NSW1,199,108,1343,0,,2024Q4,1621.216848,1612.286848,2107666.21,-33913225.06,0.0007692,1300,278.216848,1.207160721
C2024Q4T10,A202403,2024-03-15,2024Q4,10,3,200,3-4 quarters,QLDNSW,NSW1-QLD1,QLD1,272,125,11500.6,0,,2024Q4,42222.57004,42165.48004,50669110.81,-3267315.013,0.0008333,1200,30721.97004,3.671336282
C2026Q1T05,A202403,2024-03-15,2026Q1,5,8,657,5-8 quarters,SAVIC,V-SA,SA1,71,64,5184,0,2026-01-21,2026Q1,781.6187197,771.6687197,601847.016,-374596.964,0.0012987,770,-4402.38128,0.150775216
C2025Q2T03,A202212,2022-12-15,2025Q2,3,10,838,9-12 quarters,VICNSW,VIC1-NSW1,VIC1,135,125,21708.08,0,2025-04-22,2025Q2,15520.37088,15472.20088,23282884.61,-553363.6459,0.0006666,1500,-6187.70912,0.7149582496
C2024Q4T10,A202403,2024-03-15,2024Q4,10,3,200,3-4 quarters,VICSA,V-SA,VIC1,94,79,11555.36,0,,2024Q4,13058.6835,13041.8535,11492285.05,-669584.6122,0.0011363,880,1503.3235,1.130097505
C2024Q4T10,A202403,2024-03-15,2024Q4,10,3,200,3-4 quarters,VICNSW,VIC1-NSW1,VIC1,447,125,12720.02,0,,2024Q4,30365.22674,30320.47674,45552395.35,-310299.4475,0.0006666,1500,17645.20674,2.387199607
C2026Q2T04,A202403,2024-03-15,2026Q2,4,9,747,9-12 quarters,VICNSW,VIC1-NSW1,VIC1,146,125,15202.22,0,2026-04-22,2026Q2,21024.95172,20989.90172,31540581.63,-479468.8901,0.0006666,1500,5822.73172,1.383018514
C2026Q2T04,A202403,2024-03-15,2026Q2,4,9,747,9-12 quarters,SAVIC,V-SA,SA1,73,64,3249.13,0,2026-04-22,2026Q2,886.1430022,877.9230022,682330.794,-934458.6638,0.0012987,770,-2362.986998,0.2727323937
C2026Q2T04,A202403,2024-03-15,2026Q2,4,9,747,9-12 quarters,QLDNSW,NSW1-QLD1,QLD1,115,100,26830.44,0,2026-04-22,2026Q2,12666.97721,12633.42721,15200980.69,-419634.266,0.0008333,1200,-14163.46279,0.4721121685
C2026Q1T05,A202403,2024-03-15,2026Q1,5,8,657,5-8 quarters,NSWQLD,NSW1-QLD1,NSW1,45,45,17017.11,0,2026-01-21,2026Q1,10802.77683,10788.46683,5941794.639,-241856.379,0.0018181,550,-6214.33317,0.6348185344
C2026Q2T04,A202403,2024-03-15,2026Q2,4,9,747,9-12 quarters,NSWQLD,NSW1-QLD1,NSW1,45,45,4503,0,2026-04-22,2026Q2,1626.556989,1618.676989,894646.6031,-4674.33756,0.0018181,550,-2876.443011,0.3612162978
C2026Q1T05,A202403,2024-03-15,2026Q1,5,8,657,5-8 quarters,VICNSW,VIC1-NSW1,VIC1,159,125,15391.42,0,2026-01-21,2026Q1,14769.74213,14739.17213,22156828.88,-531428.8002,0.0006666,1500,-621.67787,0.9596088035
C2026Q1T05,A202403,2024-03-15,2026Q1,5,8,657,5-8 quarters,VICSA,V-SA,VIC1,83,73,16100.23,0,2026-01-21,2026Q1,64478.72354,64458.37354,56744454.4,-6273624.3,0.0011363,880,48378.49354,4.004832449
C2024Q4T10,A202403,2024-03-15,2024Q4,10,3,200,3-4 quarters,SAVIC,V-SA,SA1,193,64,4101.3,0,,2024Q4,5944.67245,5907.54245,4577402.364,-416003.9593,0.0012987,770,1843.37245,1.449460525
C2025Q2T03,A202212,2022-12-15,2025Q2,3,10,838,9-12 quarters,NSWVIC,VIC1-NSW1,NSW1,114,108,1483,0,2025-04-22,2025Q2,5995.36704,5989.69704,7794288.924,-19121730.95,0.0007692,1300,4512.36704,4.042728955
C2025Q2T03,A202212,2022-12-15,2025Q2,3,10,838,9-12 quarters,VICSA,V-SA,VIC1,99,73,21450,0,2025-04-22,2025Q2,11553.78408,11534.59408,10167899.4,-1288770.665,0.0011363,880,-9896.21592,0.5386379524
C2025Q2T03,A202212,2022-12-15,2025Q2,3,10,838,9-12 quarters,SAVIC,V-SA,SA1,75,64,5238,0,2025-04-22,2025Q2,3651.318918,3625.128918,2811518.378,-758651.3888,0.0012987,770,-1586.681082,0.6970826495
C2025Q2T03,A202212,2022-12-15,2025Q2,3,10,838,9-12 quarters,QLDNSW,NSW1-QLD1,QLD1,104,104,28392,0,2025-04-22,2025Q2,76575.72214,76521.31214,91894542.36,-71723.1949,0.0008333,1200,48183.72214,2.697087987
C2024Q2T12,A202403,2024-03-15,2024Q2,12,1,17,1-2 quarters,NSWVIC,VIC1-NSW1,NSW1,204,118,3135,0,2024-04-19,2024Q2,8955.377098,8944.877098,11642455.93,-5801493.53,0.0007692,1300,5820.377098,2.856579617
C2024Q2T12,A202403,2024-03-15,2024Q2,12,1,17,1-2 quarters,NSWQLD,NSW1-QLD1,NSW1,68,55,5869.88,0,2024-04-19,2024Q2,1482.892377,1480.752377,815627.5104,-3128.56385,0.0018181,550,-4386.987623,0.2526273752
C2024Q3T11,A202403,2024-03-15,2024Q3,11,2,108,1-2 quarters,QLDNSW,NSW1-QLD1,QLD1,256,100,23443.2,0,,2024Q3,41732.77095,41668.60095,50081328.39,-573776.7767,0.0008333,1200,18289.57095,1.780165291
C2025Q1T09,A202403,2024-03-15,2025Q1,9,4,292,3-4 quarters,VICNSW,VIC1-NSW1,VIC1,295,150,17999.23,0,2025-01-21,2025Q1,13527.71289,13489.37289,20293598.69,-746592.7397,0.0006666,1500,-4471.51711,0.7515717556
C2025Q1T09,A202403,2024-03-15,2025Q1,9,4,292,3-4 quarters,QLDNSW,NSW1-QLD1,QLD1,214,110,18419.33,0,2025-01-21,2025Q1,24544.89407,24495.08407,29455051.09,-389693.0967,0.0008333,1200,6125.56407,1.33256172
C2025Q1T09,A202403,2024-03-15,2025Q1,9,4,292,3-4 quarters,NSWQLD,NSW1-QLD1,NSW1,72,51,19989,0,2025-01-21,2025Q1,18935.69517,18919.90517,10415101.02,-340678.0137,0.0018181,550,-1053.30483,0.9473057767
C2024Q3T11,A202403,2024-03-15,2024Q3,11,2,108,1-2 quarters,NSWQLD,NSW1-QLD1,NSW1,50,45,5941.44,0,,2024Q3,4735.922202,4732.102202,2604874.431,-32275.55841,0.0018181,550,-1205.517798,0.7971000636
C2024Q3T11,A202403,2024-03-15,2024Q3,11,2,108,1-2 quarters,SAVIC,V-SA,SA1,193,64,4203,0,,2024Q3,15957.19984,15915.66984,12287056.16,-403006.2546,0.0012987,770,11754.19984,3.796621423
C2024Q3T11,A202403,2024-03-15,2024Q3,11,2,108,1-2 quarters,VICSA,V-SA,VIC1,189,79,12791,0,,2024Q3,49657.91789,49644.96789,43701415.02,-79170.14281,0.0011363,880,36866.91789,3.882254545
C2024Q3T11,A202403,2024-03-15,2024Q3,11,2,108,1-2 quarters,NSWVIC,VIC1-NSW1,NSW1,225,113,2850,0,,2024Q3,6762.788538,6754.518538,8791976.778,-1592600.535,0.0007692,1300,3912.788538,2.372908259
C2024Q2T12,A202403,2024-03-15,2024Q2,12,1,17,1-2 quarters,VICNSW,VIC1-NSW1,VIC1,285,140,15834,0,2024-04-19,2024Q2,10623.15983,10586.50983,15936333.38,-445973.9899,0.0006666,1500,-5210.84017,0.6709081616
C2025Q1T04,A202212,2022-12-15,2025Q1,4,9,748,9-12 quarters,QLDNSW,NSW1-QLD1,QLD1,125,100,14000,0,2025-01-21,2025Q1,24544.89407,24495.08407,29455051.09,-389693.0967,0.0008333,1200,10544.89407,1.753206719
C2025Q1T04,A202212,2022-12-15,2025Q1,4,9,748,9-12 quarters,NSWQLD,NSW1-QLD1,NSW1,47,45,13333.33,0,2025-01-21,2025Q1,18935.69517,18919.90517,10415101.02,-340678.0137,0.0018181,550,5602.36517,1.420177493
C2024Q4T05,A202212,2022-12-15,2024Q4,5,8,656,5-8 quarters,VICNSW,VIC1-NSW1,VIC1,153,125,20000,0,,2024Q4,30365.22674,30320.47674,45552395.35,-310299.4475,0.0006666,1500,10365.22674,1.518261337
C2024Q4T05,A202212,2022-12-15,2024Q4,5,8,656,5-8 quarters,NSWVIC,VIC1-NSW1,NSW1,126,108,1104,0,,2024Q4,1621.216848,1612.286848,2107666.21,-33913225.06,0.0007692,1300,517.216848,1.468493522
C2024Q4T05,A202212,2022-12-15,2024Q4,5,8,656,5-8 quarters,VICSA,V-SA,VIC1,99,73,17100,0,,2024Q4,13058.6835,13041.8535,11492285.05,-669584.6122,0.0011363,880,-4041.3165,0.7636657018
C2024Q4T05,A202212,2022-12-15,2024Q4,5,8,656,5-8 quarters,SAVIC,V-SA,SA1,109,68,6692.83,0,,2024Q4,5944.67245,5907.54245,4577402.364,-416003.9593,0.0012987,770,-748.15755,0.8882150675
C2024Q4T05,A202212,2022-12-15,2024Q4,5,8,656,5-8 quarters,QLDNSW,NSW1-QLD1,QLD1,143,103,14352,0,,2024Q4,42222.57004,42165.48004,50669110.81,-3267315.013,0.0008333,1200,27870.57004,2.941929351
C2024Q4T05,A202212,2022-12-15,2024Q4,5,8,656,5-8 quarters,NSWQLD,NSW1-QLD1,NSW1,57,45,10669.33,0,,2024Q4,13566.77809,13558.99809,7462063.741,-121841.4963,0.0018181,550,2897.44809,1.271567951
C2024Q3T06,A202212,2022-12-15,2024Q3,6,7,564,5-8 quarters,VICNSW,VIC1-NSW1,VIC1,178,125,23760.68,0,,2024Q3,28584.17489,28543.93489,42880550.39,-1167344.578,0.0006666,1500,4823.49489,1.203003234
C2024Q3T06,A202212,2022-12-15,2024Q3,6,7,564,5-8 quarters,NSWVIC,VIC1-NSW1,NSW1,139,108,2415,0,,2024Q3,6762.788538,6754.518538,8791976.778,-1592600.535,0.0007692,1300,4347.788538,2.800326517
C2024Q3T06,A202212,2022-12-15,2024Q3,6,7,564,5-8 quarters,VICSA,V-SA,VIC1,108,73,21000,0,,2024Q3,49657.91789,49644.96789,43701415.02,-79170.14281,0.0011363,880,28657.91789,2.364662757
C2024Q3T06,A202212,2022-12-15,2024Q3,6,7,564,5-8 quarters,SAVIC,V-SA,SA1,103,64,6805,0,,2024Q3,15957.19984,15915.66984,12287056.16,-403006.2546,0.0012987,770,9152.19984,2.344922827
C2024Q2T07,A202212,2022-12-15,2024Q2,7,6,473,5-8 quarters,VICSA,V-SA,VIC1,131,73,20124,0,2024-04-19,2024Q2,9559.045067,9545.205067,8412430.755,-41533.71536,0.0011363,880,-10564.95493,0.4750072087
C2024Q2T07,A202212,2022-12-15,2024Q2,7,6,473,5-8 quarters,SAVIC,V-SA,SA1,111,64,6260,0,2024-04-19,2024Q2,4694.427276,4653.297276,3614712.617,-106888.0074,0.0012987,770,-1565.572724,0.7499085105
C2024Q2T07,A202212,2022-12-15,2024Q2,7,6,473,5-8 quarters,QLDNSW,NSW1-QLD1,QLD1,158,100,27846,0,2024-04-19,2024Q2,85873.03277,85798.97277,103051761.4,-114311.6469,0.0008333,1200,58027.03277,3.083855231
C2024Q2T07,A202212,2022-12-15,2024Q2,7,6,473,5-8 quarters,NSWQLD,NSW1-QLD1,NSW1,60,54,7368,0,2024-04-19,2024Q2,1482.892377,1480.752377,815627.5104,-3128.56385,0.0018181,550,-5885.107623,0.2012611804
C2024Q1T08,A202212,2022-12-15,2024Q1,8,5,382,5-8 quarters,VICNSW,VIC1-NSW1,VIC1,264,125,25500.42,0,2024-01-19,2024Q1,17140.54197,17112.66197,25713384.3,-4021161.847,0.0006666,1500,-8359.87803,0.6721670455
C2024Q1T08,A202212,2022-12-15,2024Q1,8,5,382,5-8 quarters,NSWVIC,VIC1-NSW1,NSW1,141,108,4001,0,2024-01-19,2024Q1,15078.33402,15051.73402,19602618.33,-13860972.64,0.0007692,1300,11077.33402,3.768641345
C2024Q1T08,A202212,2022-12-15,2024Q1,8,5,382,5-8 quarters,VICSA,V-SA,VIC1,174,88,47000.99,0,2024-01-19,2024Q1,16380.74603,16353.28603,14415863.79,-2051072.022,0.0011363,880,-30620.24397,0.3485191701
C2024Q1T08,A202212,2022-12-15,2024Q1,8,5,382,5-8 quarters,SAVIC,V-SA,SA1,76,64,7644,0,2024-01-19,2024Q1,9577.488781,9546.928781,7374673.736,-2048632.594,0.0012987,770,1933.488781,1.252942017
C2024Q1T08,A202212,2022-12-15,2024Q1,8,5,382,5-8 quarters,QLDNSW,NSW1-QLD1,QLD1,173,100,16991.52,0,2024-01-19,2024Q1,18691.53171,18631.84171,22430735.29,-4874460.55,0.0008333,1200,1700.01171,1.100050596
C2024Q1T08,A202212,2022-12-15,2024Q1,8,5,382,5-8 quarters,NSWQLD,NSW1-QLD1,NSW1,82,45,18000.96,0,2024-01-19,2024Q1,30988.04292,30974.38292,17044190.6,-103500.3494,0.0018181,550,12987.08292,1.721466128
C2023Q4T09,A202212,2022-12-15,2023Q4,9,4,290,3-4 quarters,VICNSW,VIC1-NSW1,VIC1,259,125,25000,0,2023-10-19,2023Q4,17962.22426,17930.08426,26946030.99,-97108.69801,0.0006666,1500,-7037.77574,0.7184889704
C2023Q4T09,A202212,2022-12-15,2023Q4,9,4,290,3-4 quarters,NSWVIC,VIC1-NSW1,NSW1,160,108,1435.2,0,2023-10-19,2023Q4,1138.620464,1122.140464,1480265.814,-14285737.73,0.0007692,1300,-296.579536,0.7933531661
C2025Q1T04,A202212,2022-12-15,2025Q1,4,9,748,9-12 quarters,VICNSW,VIC1-NSW1,VIC1,160,125,20475,0,2025-01-21,2025Q1,13527.71289,13489.37289,20293598.69,-746592.7397,0.0006666,1500,-6947.28711,0.6606941582
C2025Q1T04,A202212,2022-12-15,2025Q1,4,9,748,9-12 quarters,NSWVIC,VIC1-NSW1,NSW1,109,108,4006,0,2025-01-21,2025Q1,7172.927042,7151.667042,9325178.162,-15652985.77,0.0007692,1300,3166.927042,1.790545942
C2025Q1T04,A202212,2022-12-15,2025Q1,4,9,748,9-12 quarters,VICSA,V-SA,VIC1,120,73,40009,0,2025-01-21,2025Q1,16658.30021,16633.54021,14660125.15,-5823486.815,0.0011363,880,-23350.69979,0.4163638234
C2025Q1T04,A202212,2022-12-15,2025Q1,4,9,748,9-12 quarters,SAVIC,V-SA,SA1,64,64,7371,0,2025-01-21,2025Q1,2452.505264,2431.065264,1888430.941,-118787.1816,0.0012987,770,-4918.494736,0.3327235469
C2023Q3T10,A202212,2022-12-15,2023Q3,10,3,198,3-4 quarters,VICNSW,VIC1-NSW1,VIC1,273,125,25000,0,,2023Q3,32415.88534,32388.22534,48628690.88,-196728.5106,0.0006666,1500,7415.88534,1.296635414
C2023Q3T10,A202212,2022-12-15,2023Q3,10,3,198,3-4 quarters,NSWVIC,VIC1-NSW1,NSW1,213,131,3244.04,0,,2023Q3,702.4189755,689.6389755,913181.1955,-2736018.065,0.0007692,1300,-2541.621025,0.2165259909
C2023Q3T10,A202212,2022-12-15,2023Q3,10,3,198,3-4 quarters,VICSA,V-SA,VIC1,193,73,19954,0,,2023Q3,31778.37814,31763.72814,27966538.89,-316818.7999,0.0011363,880,11824.37814,1.592581845
C2023Q3T10,A202212,2022-12-15,2023Q3,10,3,198,3-4 quarters,SAVIC,V-SA,SA1,136,64,7380,0,,2023Q3,3151.352892,3106.312892,2426544.153,-292606.2394,0.0012987,770,-4228.647108,0.427012587
C2023Q3T10,A202212,2022-12-15,2023Q3,10,3,198,3-4 quarters,QLDNSW,NSW1-QLD1,QLD1,255,100,18600,0,,2023Q3,23449.50542,23370.84542,28140532.13,-211685.871,0.0008333,1200,4849.50542,1.260726098
C2023Q3T10,A202212,2022-12-15,2023Q3,10,3,198,3-4 quarters,NSWQLD,NSW1-QLD1,NSW1,67,58,8080.33,0,,2023Q3,1295.339161,1292.259161,712468.5997,-32267.57561,0.0018181,550,-6784.990839,0.1603077054
C2023Q2T11,A202212,2022-12-15,2023Q2,11,2,107,1-2 quarters,VICNSW,VIC1-NSW1,VIC1,293,132,25000,0,,2023Q2,38487.74346,38465.65346,57737388.94,-189060.6748,0.0006666,1500,13487.74346,1.539509738
C2023Q2T11,A202212,2022-12-15,2023Q2,11,2,107,1-2 quarters,NSWVIC,VIC1-NSW1,NSW1,291,125,2931,0,,2023Q2,1726.972364,1713.392364,2245153.879,-6651024.676,0.0007692,1300,-1204.027636,0.5892092678
C2023Q2T11,A202212,2022-12-15,2023Q2,11,2,107,1-2 quarters,VICSA,V-SA,VIC1,142,73,21000,0,,2023Q2,21253.57823,21235.88823,18704196.28,-82598.34569,0.0011363,880,253.57823,1.012075154
C2023Q2T11,A202212,2022-12-15,2023Q2,11,2,107,1-2 quarters,SAVIC,V-SA,SA1,138,76,6300.94,0,,2023Q2,5255.116713,5224.786713,4046443.916,-282993.0925,0.0012987,770,-1045.823287,0.8340210688
C2023Q2T11,A202212,2022-12-15,2023Q2,11,2,107,1-2 quarters,QLDNSW,NSW1-QLD1,QLD1,298,105,24000,0,,2023Q2,23914.6057,23848.3257,28698674.79,-763888.2445,0.0008333,1200,-85.3943,0.9964419042
C2023Q2T11,A202212,2022-12-15,2023Q2,11,2,107,1-2 quarters,NSWQLD,NSW1-QLD1,NSW1,86,74,7562,0,,2023Q2,6597.225591,6593.765591,3628637.364,-81704.02754,0.0018181,550,-964.774409,0.8724180893
C2024Q3T06,A202212,2022-12-15,2024Q3,6,7,564,5-8 quarters,QLDNSW,NSW1-QLD1,QLD1,158,100,25833.6,0,,2024Q3,41732.77095,41668.60095,50081328.39,-573776.7767,0.0008333,1200,15899.17095,1.615445426
C2024Q3T06,A202212,2022-12-15,2024Q3,6,7,564,5-8 quarters,NSWQLD,NSW1-QLD1,NSW1,60,54,7416,0,,2024Q3,4735.922202,4732.102202,2604874.431,-32275.55841,0.0018181,550,-2680.077798,0.6386087112
C2024Q2T07,A202212,2022-12-15,2024Q2,7,6,473,5-8 quarters,VICNSW,VIC1-NSW1,VIC1,178,125,24200.42,0,2024-04-19,2024Q2,10623.15983,10586.50983,15936333.38,-445973.9899,0.0006666,1500,-13577.26017,0.4389659283
C2024Q2T07,A202212,2022-12-15,2024Q2,7,6,473,5-8 quarters,NSWVIC,VIC1-NSW1,NSW1,202,110,2385,0,2024-04-19,2024Q2,8955.377098,8944.877098,11642455.93,-5801493.53,0.0007692,1300,6570.377098,3.754875094
C2026Q2T04,A202403,2024-03-15,2026Q2,4,9,747,9-12 quarters,VICSA,V-SA,VIC1,94,73,11750.23,0,2026-04-22,2026Q2,22224.92141,22209.97141,19559026.14,-300138.189,0.0011363,880,10474.69141,1.891445649
C2023Q1T12,A202212,2022-12-15,2023Q1,12,1,17,1-2 quarters,QLDNSW,NSW1-QLD1,QLD1,316,148,15000,0,,2023Q1,12121.60799,12078.14799,14546511.45,-2423562.747,0.0008333,1200,-2878.39201,0.8081071993
C2023Q1T12,A202212,2022-12-15,2023Q1,12,1,17,1-2 quarters,NSWQLD,NSW1-QLD1,NSW1,95,58,23500,0,,2023Q1,11892.6708,11873.2208,6541263.295,-371597.8452,0.0018181,550,-11607.3292,0.5060710979
C2023Q4T09,A202212,2022-12-15,2023Q4,9,4,290,3-4 quarters,VICSA,V-SA,VIC1,170,73,17997.83,0,2023-10-19,2023Q4,7851.926933,7835.156933,6910082.666,-92884.51894,0.0011363,880,-10145.90307,0.4362707578
C2023Q4T09,A202212,2022-12-15,2023Q4,9,4,290,3-4 quarters,SAVIC,V-SA,SA1,131,64,6667.13,0,2023-10-19,2023Q4,5450.223568,5401.963568,4196676.344,-159856.5794,0.0012987,770,-1216.906432,0.8174767206
C2023Q4T09,A202212,2022-12-15,2023Q4,9,4,290,3-4 quarters,QLDNSW,NSW1-QLD1,QLD1,198,111,14000,0,2023-10-19,2023Q4,15846.75655,15781.09655,19016868.53,-306712.8168,0.0008333,1200,1846.75655,1.131911182
C2023Q4T09,A202212,2022-12-15,2023Q4,9,4,290,3-4 quarters,NSWQLD,NSW1-QLD1,NSW1,57,45,12156,0,2023-10-19,2023Q4,20079.48513,20073.53513,11044213.81,-112892.4539,0.0018181,550,7923.48513,1.651816809
C2023Q1T12,A202212,2022-12-15,2023Q1,12,1,17,1-2 quarters,VICNSW,VIC1-NSW1,VIC1,285,125,29361.81,0,,2023Q1,21286.31693,21267.85693,31932668.67,-114688.3159,0.0006666,1500,-8075.49307,0.7249661015
C2023Q1T12,A202212,2022-12-15,2023Q1,12,1,17,1-2 quarters,NSWVIC,VIC1-NSW1,NSW1,147,122,5050,0,,2023Q1,2218.662343,2195.152343,2884376.422,-8148785.915,0.0007692,1300,-2831.337657,0.4393390778
C2023Q1T12,A202212,2022-12-15,2023Q1,12,1,17,1-2 quarters,VICSA,V-SA,VIC1,129,88,31200,0,,2023Q1,25070.70156,25032.74156,22063452.92,-107315.1492,0.0011363,880,-6129.29844,0.8035481269
C2023Q1T12,A202212,2022-12-15,2023Q1,12,1,17,1-2 quarters,SAVIC,V-SA,SA1,99,81,8372,0,,2023Q1,3934.881884,3913.261884,3029862.08,-164048.4484,0.0012987,770,-4437.118116,0.4700050029
C2022Q3T12,A202206,2022-06-15,2022Q3,12,1,16,1-2 quarters,VICNSW,VIC1-NSW1,VIC1,232,172,38737,0,,2022Q3,40085.17021,40066.20021,60133768.69,-222429.4908,0.0006666,1500,1348.17021,1.034803165
C2022Q3T12,A202206,2022-06-15,2022Q3,12,1,16,1-2 quarters,NSWVIC,VIC1-NSW1,NSW1,246,112,610.6,0,,2022Q3,5318.137797,5305.647797,6913855.691,-1605949.241,0.0007692,1300,4707.537797,8.709691774
C2022Q3T12,A202206,2022-06-15,2022Q3,12,1,16,1-2 quarters,VICSA,V-SA,VIC1,125,77,10278,0,,2022Q3,34342.68,34289.55,30223250.9,-759920.8238,0.0011363,880,24064.68,3.3413777
C2022Q3T12,A202206,2022-06-15,2022Q3,12,1,16,1-2 quarters,SAVIC,V-SA,SA1,115,66,5750.3,0,,2022Q3,12640.70844,12619.53844,9733355.235,-1249245.028,0.0012987,770,6890.40844,2.198269384
C2022Q3T12,A202206,2022-06-15,2022Q3,12,1,16,1-2 quarters,QLDNSW,NSW1-QLD1,QLD1,233,100,10000,0,,2022Q3,40204.14393,40153.86393,48246902.59,-2836506.844,0.0008333,1200,30204.14393,4.020414393
C2022Q3T12,A202206,2022-06-15,2022Q3,12,1,16,1-2 quarters,NSWQLD,NSW1-QLD1,NSW1,106,55,5040,0,,2022Q3,13021.69818,13016.11818,7162256.301,-250036.4044,0.0018181,550,7981.69818,2.583670274
C2026Q2T02,A202309,2023-09-15,2026Q2,2,11,929,9-12 quarters,VICNSW,VIC1-NSW1,VIC1,145,125,16960.98,0,2026-04-22,2026Q2,21024.95172,20989.90172,31540581.63,-479468.8901,0.0006666,1500,4063.97172,1.239607129
C2026Q2T02,A202309,2023-09-15,2026Q2,2,11,929,9-12 quarters,NSWVIC,VIC1-NSW1,NSW1,131,108,1004,0,2026-04-22,2026Q2,1666.943884,1664.523884,2167113.734,-969142.0565,0.0007692,1300,662.943884,1.660302673
C2026Q1T03,A202309,2023-09-15,2026Q1,3,10,839,9-12 quarters,VICSA,V-SA,VIC1,85,73,18358.08,0,2026-01-21,2026Q1,64478.72354,64458.37354,56744454.4,-6273624.3,0.0011363,880,46120.64354,3.512280344
C2026Q1T03,A202309,2023-09-15,2026Q1,3,10,839,9-12 quarters,SAVIC,V-SA,SA1,82,64,4500.89,0,2026-01-21,2026Q1,781.6187197,771.6687197,601847.016,-374596.964,0.0012987,770,-3719.27128,0.173658703
C2026Q1T03,A202309,2023-09-15,2026Q1,3,10,839,9-12 quarters,QLDNSW,NSW1-QLD1,QLD1,125,100,20190,0,2026-01-21,2026Q1,25634.52275,25609.28275,30762657.8,-235637.7636,0.0008333,1200,5444.52275,1.269664326
C2026Q1T03,A202309,2023-09-15,2026Q1,3,10,839,9-12 quarters,NSWQLD,NSW1-QLD1,NSW1,45,45,16953.3,0,2026-01-21,2026Q1,10802.77683,10788.46683,5941794.639,-241856.379,0.0018181,550,-6150.52317,0.6372079082
C2025Q4T04,A202309,2023-09-15,2025Q4,4,9,747,9-12 quarters,VICNSW,VIC1-NSW1,VIC1,218,127,17150,0,,2025Q4,21897.32549,21855.95549,32849273.16,-108577.0807,0.0006666,1500,4747.32549,1.276811982
C2025Q4T04,A202309,2023-09-15,2025Q4,4,9,747,9-12 quarters,NSWVIC,VIC1-NSW1,NSW1,108,108,882,0,,2025Q4,3683.454487,3680.864487,4788682.38,-17546517.12,0.0007692,1300,2801.454487,4.176252253
C2025Q4T04,A202309,2023-09-15,2025Q4,4,9,747,9-12 quarters,VICSA,V-SA,VIC1,88,73,12994.08,0,,2025Q4,11264.61666,11249.59666,9913417.808,-2982204.908,0.0011363,880,-1729.46334,0.8669037485
C2025Q4T04,A202309,2023-09-15,2025Q4,4,9,747,9-12 quarters,SAVIC,V-SA,SA1,116,64,4325.89,0,,2025Q4,4616.855139,4603.285139,3554982.012,-467959.4055,0.0012987,770,290.965139,1.067261336
C2025Q4T04,A202309,2023-09-15,2025Q4,4,9,747,9-12 quarters,QLDNSW,NSW1-QLD1,QLD1,130,105,15125.21,0,,2025Q4,28968.33652,28943.99652,34763394.36,-517232.7462,0.0008333,1200,13843.12652,1.915235327
C2025Q4T04,A202309,2023-09-15,2025Q4,4,9,747,9-12 quarters,NSWQLD,NSW1-QLD1,NSW1,45,45,8923,0,,2025Q4,8798.282638,8787.432638,4839273.218,-310906.141,0.0018181,550,-124.717362,0.9860229338
C2025Q2T06,A202309,2023-09-15,2025Q2,6,7,564,5-8 quarters,QLDNSW,NSW1-QLD1,QLD1,142,100,29123,0,2025-04-22,2025Q2,76575.72214,76521.31214,91894542.36,-71723.1949,0.0008333,1200,47452.72214,2.629389903
C2025Q2T06,A202309,2023-09-15,2025Q2,6,7,564,5-8 quarters,NSWQLD,NSW1-QLD1,NSW1,45,45,5460,0,2025-04-22,2025Q2,2144.062835,2134.622835,1179287.627,-9604.28531,0.0018181,550,-3315.937165,0.3926855009
C2025Q1T07,A202309,2023-09-15,2025Q1,7,6,474,5-8 quarters,VICNSW,VIC1-NSW1,VIC1,271,127,23237.28,0,2025-01-21,2025Q1,13527.71289,13489.37289,20293598.69,-746592.7397,0.0006666,1500,-9709.56711,0.582155609
C2025Q1T07,A202309,2023-09-15,2025Q1,7,6,474,5-8 quarters,NSWVIC,VIC1-NSW1,NSW1,140,108,3969,0,2025-01-21,2025Q1,7172.927042,7151.667042,9325178.162,-15652985.77,0.0007692,1300,3203.927042,1.807237854
C2025Q1T07,A202309,2023-09-15,2025Q1,7,6,474,5-8 quarters,VICSA,V-SA,VIC1,103,73,26506,0,2025-01-21,2025Q1,16658.30021,16633.54021,14660125.15,-5823486.815,0.0011363,880,-9847.69979,0.6284728065
C2025Q1T07,A202309,2023-09-15,2025Q1,7,6,474,5-8 quarters,SAVIC,V-SA,SA1,76,64,6308,0,2025-01-21,2025Q1,2452.505264,2431.065264,1888430.941,-118787.1816,0.0012987,770,-3855.494736,0.3887928446
C2026Q2T02,A202309,2023-09-15,2026Q2,2,11,929,9-12 quarters,VICSA,V-SA,VIC1,81,73,12500,0,2026-04-22,2026Q2,22224.92141,22209.97141,19559026.14,-300138.189,0.0011363,880,9724.92141,1.777993713
C2026Q2T02,A202309,2023-09-15,2026Q2,2,11,929,9-12 quarters,SAVIC,V-SA,SA1,73,64,3276,0,2026-04-22,2026Q2,886.1430022,877.9230022,682330.794,-934458.6638,0.0012987,770,-2389.856998,0.2704954219
C2026Q2T02,A202309,2023-09-15,2026Q2,2,11,929,9-12 quarters,QLDNSW,NSW1-QLD1,QLD1,105,100,29484,0,2026-04-22,2026Q2,12666.97721,12633.42721,15200980.69,-419634.266,0.0008333,1200,-16817.02279,0.4296220733
C2026Q2T02,A202309,2023-09-15,2026Q2,2,11,929,9-12 quarters,NSWQLD,NSW1-QLD1,NSW1,45,45,5460,0,2026-04-22,2026Q2,1626.556989,1618.676989,894646.6031,-4674.33756,0.0018181,550,-3833.443011,0.2979042104
C2026Q1T03,A202309,2023-09-15,2026Q1,3,10,839,9-12 quarters,VICNSW,VIC1-NSW1,VIC1,163,125,16489,0,2026-01-21,2026Q1,14769.74213,14739.17213,22156828.88,-531428.8002,0.0006666,1500,-1719.25787,0.895733042
C2026Q1T03,A202309,2023-09-15,2026Q1,3,10,839,9-12 quarters,NSWVIC,VIC1-NSW1,NSW1,128,108,3402,0,2026-01-21,2026Q1,1788.206745,1780.286745,2324761.759,-8705748.864,0.0007692,1300,-1613.793255,0.5256339638
C2025Q2T06,A202309,2023-09-15,2025Q2,6,7,564,5-8 quarters,VICSA,V-SA,VIC1,98,73,16537,0,2025-04-22,2025Q2,11553.78408,11534.59408,10167899.4,-1288770.665,0.0011363,880,-4983.21592,0.6986626401
C2025Q2T06,A202309,2023-09-15,2025Q2,6,7,564,5-8 quarters,SAVIC,V-SA,SA1,87,66,4333,0,2025-04-22,2025Q2,3651.318918,3625.128918,2811518.378,-758651.3888,0.0012987,770,-681.681082,0.8426768793
C2024Q2T10,A202309,2023-09-15,2024Q2,10,3,199,3-4 quarters,VICNSW,VIC1-NSW1,VIC1,279,125,24002,0,2024-04-19,2024Q2,10623.15983,10586.50983,15936333.38,-445973.9899,0.0006666,1500,-13378.84017,0.4425947767
C2024Q2T10,A202309,2023-09-15,2024Q2,10,3,199,3-4 quarters,NSWVIC,VIC1-NSW1,NSW1,183,108,2305,0,2024-04-19,2024Q2,8955.377098,8944.877098,11642455.93,-5801493.53,0.0007692,1300,6650.377098,3.885196138
C2025Q3T05,A202309,2023-09-15,2025Q3,5,8,655,5-8 quarters,VICNSW,VIC1-NSW1,VIC1,220,125,22660.54,0,,2025Q3,22344.42392,22308.10392,33519987.88,-960404.5204,0.0006666,1500,-316.11608,0.9860499317
C2025Q3T05,A202309,2023-09-15,2025Q3,5,8,655,5-8 quarters,NSWVIC,VIC1-NSW1,NSW1,191,109,1349.99,0,,2025Q3,4224.008154,4221.148154,5491430.257,-522593.1659,0.0007692,1300,2874.018154,3.128918106
C2025Q3T05,A202309,2023-09-15,2025Q3,5,8,655,5-8 quarters,VICSA,V-SA,VIC1,98,73,15047.13,0,,2025Q3,18756.96128,18745.97128,16507050.32,-1410262.957,0.0011363,880,3709.83128,1.246547433
C2025Q3T05,A202309,2023-09-15,2025Q3,5,8,655,5-8 quarters,SAVIC,V-SA,SA1,116,64,4408,0,,2025Q3,7009.423024,6993.033024,5397261.126,-664154.2685,0.0012987,770,2601.423024,1.590159488
C2025Q3T05,A202309,2023-09-15,2025Q3,5,8,655,5-8 quarters,QLDNSW,NSW1-QLD1,QLD1,145,100,30794.24,0,,2025Q3,27523.15899,27490.89899,33029111.95,-633446.9347,0.0008333,1200,-3271.08101,0.8937762059
C2025Q3T05,A202309,2023-09-15,2025Q3,5,8,655,5-8 quarters,NSWQLD,NSW1-QLD1,NSW1,45,45,6005.76,0,,2025Q3,803.2169412,798.1569412,441789.1982,-7586.40288,0.0018181,550,-5202.543059,0.1337410987
C2025Q2T06,A202309,2023-09-15,2025Q2,6,7,564,5-8 quarters,VICNSW,VIC1-NSW1,VIC1,249,125,23003,0,2025-04-22,2025Q2,15520.37088,15472.20088,23282884.61,-553363.6459,0.0006666,1500,-7482.62912,0.6747107282
C2025Q2T06,A202309,2023-09-15,2025Q2,6,7,564,5-8 quarters,NSWVIC,VIC1-NSW1,NSW1,177,111,1350.55,0,2025-04-22,2025Q2,5995.36704,5989.69704,7794288.924,-19121730.95,0.0007692,1300,4644.81704,4.439204058
C2025Q1T07,A202309,2023-09-15,2025Q1,7,6,474,5-8 quarters,QLDNSW,NSW1-QLD1,QLD1,207,102,18500.55,0,2025-01-21,2025Q1,24544.89407,24495.08407,29455051.09,-389693.0967,0.0008333,1200,6044.34407,1.326711588
C2025Q1T07,A202309,2023-09-15,2025Q1,7,6,474,5-8 quarters,NSWQLD,NSW1-QLD1,NSW1,47,47,17350,0,2025-01-21,2025Q1,18935.69517,18919.90517,10415101.02,-340678.0137,0.0018181,550,1585.69517,1.091394534
C2024Q4T08,A202309,2023-09-15,2024Q4,8,5,382,5-8 quarters,VICNSW,VIC1-NSW1,VIC1,349,165,20350.75,0,,2024Q4,30365.22674,30320.47674,45552395.35,-310299.4475,0.0006666,1500,10014.47674,1.492093743
C2024Q4T08,A202309,2023-09-15,2024Q4,8,5,382,5-8 quarters,NSWVIC,VIC1-NSW1,NSW1,120,108,1216,0,,2024Q4,1621.216848,1612.286848,2107666.21,-33913225.06,0.0007692,1300,405.216848,1.333237539
C2024Q4T08,A202309,2023-09-15,2024Q4,8,5,382,5-8 quarters,VICSA,V-SA,VIC1,92,73,16050.08,0,,2024Q4,13058.6835,13041.8535,11492285.05,-669584.6122,0.0011363,880,-2991.3965,0.8136210848
C2024Q4T08,A202309,2023-09-15,2024Q4,8,5,382,5-8 quarters,SAVIC,V-SA,SA1,141,64,5225,0,,2024Q4,5944.67245,5907.54245,4577402.364,-416003.9593,0.0012987,770,719.67245,1.137736354
C2024Q4T08,A202309,2023-09-15,2024Q4,8,5,382,5-8 quarters,QLDNSW,NSW1-QLD1,QLD1,246,100,14250,0,,2024Q4,42222.57004,42165.48004,50669110.81,-3267315.013,0.0008333,1200,27972.57004,2.962987371
C2024Q4T08,A202309,2023-09-15,2024Q4,8,5,382,5-8 quarters,NSWQLD,NSW1-QLD1,NSW1,57,45,10294.08,0,,2024Q4,13566.77809,13558.99809,7462063.741,-121841.4963,0.0018181,550,3272.69809,1.317920406
C2024Q3T09,A202309,2023-09-15,2024Q3,9,4,290,3-4 quarters,VICNSW,VIC1-NSW1,VIC1,322,125,26400,0,,2024Q3,28584.17489,28543.93489,42880550.39,-1167344.578,0.0006666,1500,2184.17489,1.082733897
C2024Q3T09,A202309,2023-09-15,2024Q3,9,4,290,3-4 quarters,NSWVIC,VIC1-NSW1,NSW1,153,108,2000.23,0,,2024Q3,6762.788538,6754.518538,8791976.778,-1592600.535,0.0007692,1300,4762.558538,3.381005453
C2024Q3T09,A202309,2023-09-15,2024Q3,9,4,290,3-4 quarters,VICSA,V-SA,VIC1,140,73,17280.04,0,,2024Q3,49657.91789,49644.96789,43701415.02,-79170.14281,0.0011363,880,32377.87789,2.873715448
C2024Q3T09,A202309,2023-09-15,2024Q3,9,4,290,3-4 quarters,SAVIC,V-SA,SA1,131,64,5103,0,,2024Q3,15957.19984,15915.66984,12287056.16,-403006.2546,0.0012987,770,10854.19984,3.127023288
C2024Q3T09,A202309,2023-09-15,2024Q3,9,4,290,3-4 quarters,QLDNSW,NSW1-QLD1,QLD1,228,100,28650.2,0,,2024Q3,41732.77095,41668.60095,50081328.39,-573776.7767,0.0008333,1200,13082.57095,1.456631051
C2024Q3T09,A202309,2023-09-15,2024Q3,9,4,290,3-4 quarters,NSWQLD,NSW1-QLD1,NSW1,57,49,5520,0,,2024Q3,4735.922202,4732.102202,2604874.431,-32275.55841,0.0018181,550,-784.077798,0.8579569207
C2024Q2T10,A202309,2023-09-15,2024Q2,10,3,199,3-4 quarters,VICSA,V-SA,VIC1,140,73,15936.04,0,2024-04-19,2024Q2,9559.045067,9545.205067,8412430.755,-41533.71536,0.0011363,880,-6376.994933,0.5998381698
C2024Q2T10,A202309,2023-09-15,2024Q2,10,3,199,3-4 quarters,SAVIC,V-SA,SA1,123,64,4567.89,0,2024-04-19,2024Q2,4694.427276,4653.297276,3614712.617,-106888.0074,0.0012987,770,126.537276,1.027701472
C2024Q2T10,A202309,2023-09-15,2024Q2,10,3,199,3-4 quarters,QLDNSW,NSW1-QLD1,QLD1,213,100,25250,0,2024-04-19,2024Q2,85873.03277,85798.97277,103051761.4,-114311.6469,0.0008333,1200,60623.03277,3.400912189
C2024Q2T10,A202309,2023-09-15,2024Q2,10,3,199,3-4 quarters,NSWQLD,NSW1-QLD1,NSW1,60,51,6676,0,2024-04-19,2024Q2,1482.892377,1480.752377,815627.5104,-3128.56385,0.0018181,550,-5193.107623,0.2221228845
C2024Q1T11,A202309,2023-09-15,2024Q1,11,2,108,1-2 quarters,VICNSW,VIC1-NSW1,VIC1,283,141,27000,0,2024-01-19,2024Q1,17140.54197,17112.66197,25713384.3,-4021161.847,0.0006666,1500,-9859.45803,0.6348348878
C2024Q1T11,A202309,2023-09-15,2024Q1,11,2,108,1-2 quarters,NSWVIC,VIC1-NSW1,NSW1,171,108,4806,0,2024-01-19,2024Q1,15078.33402,15051.73402,19602618.33,-13860972.64,0.0007692,1300,10272.33402,3.13739784
C2024Q1T11,A202309,2023-09-15,2024Q1,11,2,108,1-2 quarters,VICSA,V-SA,VIC1,142,73,32100,0,2024-01-19,2024Q1,16380.74603,16353.28603,14415863.79,-2051072.022,0.0011363,880,-15719.25397,0.5103036146
C2024Q1T11,A202309,2023-09-15,2024Q1,11,2,108,1-2 quarters,SAVIC,V-SA,SA1,78,66,6500,0,2024-01-19,2024Q1,9577.488781,9546.928781,7374673.736,-2048632.594,0.0012987,770,3077.488781,1.473459812
C2024Q1T11,A202309,2023-09-15,2024Q1,11,2,108,1-2 quarters,QLDNSW,NSW1-QLD1,QLD1,206,100,18880,0,2024-01-19,2024Q1,18691.53171,18631.84171,22430735.29,-4874460.55,0.0008333,1200,-188.46829,0.9900175694
C2024Q1T11,A202309,2023-09-15,2024Q1,11,2,108,1-2 quarters,NSWQLD,NSW1-QLD1,NSW1,74,60,24005,0,2024-01-19,2024Q1,30988.04292,30974.38292,17044190.6,-103500.3494,0.0018181,550,6983.04292,1.290899518
C2023Q4T12,A202309,2023-09-15,2023Q4,12,1,16,1-2 quarters,VICNSW,VIC1-NSW1,VIC1,379,129,22040.98,0,2023-10-19,2023Q4,17962.22426,17930.08426,26946030.99,-97108.69801,0.0006666,1500,-4078.75574,0.8149467156
C2023Q4T12,A202309,2023-09-15,2023Q4,12,1,16,1-2 quarters,NSWVIC,VIC1-NSW1,NSW1,158,125,1278.08,0,2023-10-19,2023Q4,1138.620464,1122.140464,1480265.814,-14285737.73,0.0007692,1300,-139.459536,0.8908835628
C2023Q4T12,A202309,2023-09-15,2023Q4,12,1,16,1-2 quarters,VICSA,V-SA,VIC1,149,77,14400.08,0,2023-10-19,2023Q4,7851.926933,7835.156933,6910082.666,-92884.51894,0.0011363,880,-6548.153067,0.5452696744
C2023Q4T12,A202309,2023-09-15,2023Q4,12,1,16,1-2 quarters,SAVIC,V-SA,SA1,201,66,5175,0,2023-10-19,2023Q4,5450.223568,5401.963568,4196676.344,-159856.5794,0.0012987,770,275.223568,1.053183298
C2023Q4T12,A202309,2023-09-15,2023Q4,12,1,16,1-2 quarters,QLDNSW,NSW1-QLD1,QLD1,238,100,12123,0,2023-10-19,2023Q4,15846.75655,15781.09655,19016868.53,-306712.8168,0.0008333,1200,3723.75655,1.307164609
C2023Q4T12,A202309,2023-09-15,2023Q4,12,1,16,1-2 quarters,NSWQLD,NSW1-QLD1,NSW1,76,58,13359.15,0,2023-10-19,2023Q4,20079.48513,20073.53513,11044213.81,-112892.4539,0.0018181,550,6720.33513,1.503051102
C2026Q1T02,A202306,2023-06-15,2026Q1,2,11,931,9-12 quarters,VICNSW,VIC1-NSW1,VIC1,149,125,21664.8,0,2026-01-21,2026Q1,14769.74213,14739.17213,22156828.88,-531428.8002,0.0006666,1500,-6895.05787,0.6817391404
C2026Q1T02,A202306,2023-06-15,2026Q1,2,11,931,9-12 quarters,NSWVIC,VIC1-NSW1,NSW1,108,108,3240,0,2026-01-21,2026Q1,1788.206745,1780.286745,2324761.759,-8705748.864,0.0007692,1300,-1451.793255,0.551915662
C2026Q1T02,A202306,2023-06-15,2026Q1,2,11,931,9-12 quarters,VICSA,V-SA,VIC1,73,73,21000,0,2026-01-21,2026Q1,64478.72354,64458.37354,56744454.4,-6273624.3,0.0011363,880,43478.72354,3.070415407
C2026Q1T02,A202306,2023-06-15,2026Q1,2,11,931,9-12 quarters,SAVIC,V-SA,SA1,64,64,4758.55,0,2026-01-21,2026Q1,781.6187197,771.6687197,601847.016,-374596.964,0.0012987,770,-3976.93128,0.1642556492
C2026Q1T02,A202306,2023-06-15,2026Q1,2,11,931,9-12 quarters,QLDNSW,NSW1-QLD1,QLD1,125,100,19780,0,2026-01-21,2026Q1,25634.52275,25609.28275,30762657.8,-235637.7636,0.0008333,1200,5854.52275,1.295981939
C2026Q1T02,A202306,2023-06-15,2026Q1,2,11,931,9-12 quarters,NSWQLD,NSW1-QLD1,NSW1,45,45,16146,0,2026-01-21,2026Q1,10802.77683,10788.46683,5941794.639,-241856.379,0.0018181,550,-5343.22317,0.6690683036
C2025Q4T03,A202306,2023-06-15,2025Q4,3,10,839,9-12 quarters,VICNSW,VIC1-NSW1,VIC1,180,125,16760.77,0,,2025Q4,21897.32549,21855.95549,32849273.16,-108577.0807,0.0006666,1500,5136.55549,1.306462978
C2025Q4T03,A202306,2023-06-15,2025Q4,3,10,839,9-12 quarters,NSWVIC,VIC1-NSW1,NSW1,108,108,883.2,0,,2025Q4,3683.454487,3680.864487,4788682.38,-17546517.12,0.0007692,1300,2800.254487,4.170577997
C2025Q4T03,A202306,2023-06-15,2025Q4,3,10,839,9-12 quarters,VICSA,V-SA,VIC1,88,73,12144,0,,2025Q4,11264.61666,11249.59666,9913417.808,-2982204.908,0.0011363,880,-879.38334,0.9275870109
C2025Q4T03,A202306,2023-06-15,2025Q4,3,10,839,9-12 quarters,SAVIC,V-SA,SA1,94,64,4416,0,,2025Q4,4616.855139,4603.285139,3554982.012,-467959.4055,0.0012987,770,200.855139,1.045483501
C2025Q1T06,A202306,2023-06-15,2025Q1,6,7,566,5-8 quarters,VICNSW,VIC1-NSW1,VIC1,250,125,21124.8,0,2025-01-21,2025Q1,13527.71289,13489.37289,20293598.69,-746592.7397,0.0006666,1500,-7597.08711,0.6403711699
C2025Q1T06,A202306,2023-06-15,2025Q1,6,7,566,5-8 quarters,NSWVIC,VIC1-NSW1,NSW1,127,108,3256,0,2025-01-21,2025Q1,7172.927042,7151.667042,9325178.162,-15652985.77,0.0007692,1300,3916.927042,2.202987421
C2026Q2T01,A202306,2023-06-15,2026Q2,1,12,1021,9-12 quarters,VICNSW,VIC1-NSW1,VIC1,125,125,19695.59,0,2026-04-22,2026Q2,21024.95172,20989.90172,31540581.63,-479468.8901,0.0006666,1500,1329.36172,1.0674954
C2026Q2T01,A202306,2023-06-15,2026Q2,1,12,1021,9-12 quarters,NSWVIC,VIC1-NSW1,NSW1,108,108,1280.1,0,2026-04-22,2026Q2,1666.943884,1664.523884,2167113.734,-969142.0565,0.0007692,1300,386.843884,1.302198175
C2026Q2T01,A202306,2023-06-15,2026Q2,1,12,1021,9-12 quarters,VICSA,V-SA,VIC1,73,73,12500.04,0,2026-04-22,2026Q2,22224.92141,22209.97141,19559026.14,-300138.189,0.0011363,880,9724.88141,1.777988023
C2026Q2T01,A202306,2023-06-15,2026Q2,1,12,1021,9-12 quarters,SAVIC,V-SA,SA1,64,64,4333.33,0,2026-04-22,2026Q2,886.1430022,877.9230022,682330.794,-934458.6638,0.0012987,770,-3447.186998,0.2044946963
C2026Q2T01,A202306,2023-06-15,2026Q2,1,12,1021,9-12 quarters,QLDNSW,NSW1-QLD1,QLD1,100,100,28392,0,2026-04-22,2026Q2,12666.97721,12633.42721,15200980.69,-419634.266,0.0008333,1200,-15725.02279,0.4461459992
C2026Q2T01,A202306,2023-06-15,2026Q2,1,12,1021,9-12 quarters,NSWQLD,NSW1-QLD1,NSW1,45,45,7012,0,2026-04-22,2026Q2,1626.556989,1618.676989,894646.6031,-4674.33756,0.0018181,550,-5385.443011,0.2319676254
C2025Q3T04,A202306,2023-06-15,2025Q3,4,9,747,9-12 quarters,NSWQLD,NSW1-QLD1,NSW1,45,45,7728,0,,2025Q3,803.2169412,798.1569412,441789.1982,-7586.40288,0.0018181,550,-6924.783059,0.1039359396
C2025Q2T05,A202306,2023-06-15,2025Q2,5,8,656,5-8 quarters,VICNSW,VIC1-NSW1,VIC1,225,125,20000.77,0,2025-04-22,2025Q2,15520.37088,15472.20088,23282884.61,-553363.6459,0.0006666,1500,-4480.39912,0.7759886684
C2025Q2T05,A202306,2023-06-15,2025Q2,5,8,656,5-8 quarters,NSWVIC,VIC1-NSW1,NSW1,148,108,1340.1,0,2025-04-22,2025Q2,5995.36704,5989.69704,7794288.924,-19121730.95,0.0007692,1300,4655.26704,4.47382064
C2025Q2T05,A202306,2023-06-15,2025Q2,5,8,656,5-8 quarters,VICSA,V-SA,VIC1,138,73,12012,0,2025-04-22,2025Q2,11553.78408,11534.59408,10167899.4,-1288770.665,0.0011363,880,-458.21592,0.9618534865
C2025Q2T05,A202306,2023-06-15,2025Q2,5,8,656,5-8 quarters,SAVIC,V-SA,SA1,75,64,4333.33,0,2025-04-22,2025Q2,3651.318918,3625.128918,2811518.378,-758651.3888,0.0012987,770,-682.011082,0.8426127062
C2025Q2T05,A202306,2023-06-15,2025Q2,5,8,656,5-8 quarters,QLDNSW,NSW1-QLD1,QLD1,120,100,28392,0,2025-04-22,2025Q2,76575.72214,76521.31214,91894542.36,-71723.1949,0.0008333,1200,48183.72214,2.697087987
C2025Q2T05,A202306,2023-06-15,2025Q2,5,8,656,5-8 quarters,NSWQLD,NSW1-QLD1,NSW1,45,45,6569.73,0,2025-04-22,2025Q2,2144.062835,2134.622835,1179287.627,-9604.28531,0.0018181,550,-4425.667165,0.326354787
C2024Q4T07,A202306,2023-06-15,2024Q4,7,6,474,5-8 quarters,NSWQLD,NSW1-QLD1,NSW1,57,45,9936,0,,2024Q4,13566.77809,13558.99809,7462063.741,-121841.4963,0.0018181,550,3630.77809,1.365416474
C2024Q3T08,A202306,2023-06-15,2024Q3,8,5,382,5-8 quarters,VICNSW,VIC1-NSW1,VIC1,308,125,23978.88,0,,2024Q3,28584.17489,28543.93489,42880550.39,-1167344.578,0.0006666,1500,4605.29489,1.192056297
C2024Q3T08,A202306,2023-06-15,2024Q3,8,5,382,5-8 quarters,NSWVIC,VIC1-NSW1,NSW1,133,108,2100,0,,2024Q3,6762.788538,6754.518538,8791976.778,-1592600.535,0.0007692,1300,4662.788538,3.220375494
C2024Q3T08,A202306,2023-06-15,2024Q3,8,5,382,5-8 quarters,VICSA,V-SA,VIC1,185,73,14400.04,0,,2024Q3,49657.91789,49644.96789,43701415.02,-79170.14281,0.0011363,880,35257.87789,3.448456941
C2024Q3T08,A202306,2023-06-15,2024Q3,8,5,382,5-8 quarters,SAVIC,V-SA,SA1,137,64,5400.51,0,,2024Q3,15957.19984,15915.66984,12287056.16,-403006.2546,0.0012987,770,10556.68984,2.954757947
C2024Q3T08,A202306,2023-06-15,2024Q3,8,5,382,5-8 quarters,QLDNSW,NSW1-QLD1,QLD1,187,100,26150.2,0,,2024Q3,41732.77095,41668.60095,50081328.39,-573776.7767,0.0008333,1200,15582.57095,1.595887257
C2024Q3T08,A202306,2023-06-15,2024Q3,8,5,382,5-8 quarters,NSWQLD,NSW1-QLD1,NSW1,63,54,5828.66,0,,2024Q3,4735.922202,4732.102202,2604874.431,-32275.55841,0.0018181,550,-1092.737798,0.8125233247
C2025Q4T03,A202306,2023-06-15,2025Q4,3,10,839,9-12 quarters,QLDNSW,NSW1-QLD1,QLD1,100,100,14942.08,0,,2025Q4,28968.33652,28943.99652,34763394.36,-517232.7462,0.0008333,1200,14026.25652,1.938708434
C2025Q4T03,A202306,2023-06-15,2025Q4,3,10,839,9-12 quarters,NSWQLD,NSW1-QLD1,NSW1,45,45,8832,0,,2025Q4,8798.282638,8787.432638,4839273.218,-310906.141,0.0018181,550,-33.717362,0.9961823639
C2025Q3T04,A202306,2023-06-15,2025Q3,4,9,747,9-12 quarters,VICNSW,VIC1-NSW1,VIC1,225,125,20061.39,0,,2025Q3,22344.42392,22308.10392,33519987.88,-960404.5204,0.0006666,1500,2283.03392,1.11380238
C2025Q3T04,A202306,2023-06-15,2025Q3,4,9,747,9-12 quarters,NSWVIC,VIC1-NSW1,NSW1,164,108,1300,0,,2025Q3,4224.008154,4221.148154,5491430.257,-522593.1659,0.0007692,1300,2924.008154,3.249237042
C2025Q3T04,A202306,2023-06-15,2025Q3,4,9,747,9-12 quarters,VICSA,V-SA,VIC1,117,73,12337,0,,2025Q3,18756.96128,18745.97128,16507050.32,-1410262.957,0.0011363,880,6419.96128,1.520382693
C2025Q3T04,A202306,2023-06-15,2025Q3,4,9,747,9-12 quarters,SAVIC,V-SA,SA1,94,64,4416,0,,2025Q3,7009.423024,6993.033024,5397261.126,-664154.2685,0.0012987,770,2593.423024,1.587278764
C2025Q3T04,A202306,2023-06-15,2025Q3,4,9,747,9-12 quarters,QLDNSW,NSW1-QLD1,QLD1,125,100,28448.34,0,,2025Q3,27523.15899,27490.89899,33029111.95,-633446.9347,0.0008333,1200,-925.18101,0.967478559
C2025Q1T06,A202306,2023-06-15,2025Q1,6,7,566,5-8 quarters,VICSA,V-SA,VIC1,137,73,23760,0,2025-01-21,2025Q1,16658.30021,16633.54021,14660125.15,-5823486.815,0.0011363,880,-7101.69979,0.7011069112
C2025Q1T06,A202306,2023-06-15,2025Q1,6,7,566,5-8 quarters,SAVIC,V-SA,SA1,82,64,5400,0,2025-01-21,2025Q1,2452.505264,2431.065264,1888430.941,-118787.1816,0.0012987,770,-2947.494736,0.4541676415
C2025Q1T06,A202306,2023-06-15,2025Q1,6,7,566,5-8 quarters,QLDNSW,NSW1-QLD1,QLD1,199,102,18240.39,0,2025-01-21,2025Q1,24544.89407,24495.08407,29455051.09,-389693.0967,0.0008333,1200,6304.50407,1.34563428
C2025Q1T06,A202306,2023-06-15,2025Q1,6,7,566,5-8 quarters,NSWQLD,NSW1-QLD1,NSW1,47,45,14850,0,2025-01-21,2025Q1,18935.69517,18919.90517,10415101.02,-340678.0137,0.0018181,550,4085.69517,1.275130988
C2024Q4T07,A202306,2023-06-15,2024Q4,7,6,474,5-8 quarters,VICNSW,VIC1-NSW1,VIC1,356,125,16433.33,0,,2024Q4,30365.22674,30320.47674,45552395.35,-310299.4475,0.0006666,1500,13931.89674,1.847782935
C2024Q4T07,A202306,2023-06-15,2024Q4,7,6,474,5-8 quarters,NSWVIC,VIC1-NSW1,NSW1,126,108,1074,0,,2024Q4,1621.216848,1612.286848,2107666.21,-33913225.06,0.0007692,1300,547.216848,1.509512894
C2024Q4T07,A202306,2023-06-15,2024Q4,7,6,474,5-8 quarters,VICSA,V-SA,VIC1,152,73,14111.11,0,,2024Q4,13058.6835,13041.8535,11492285.05,-669584.6122,0.0011363,880,-1052.4265,0.9254185886
C2024Q4T07,A202306,2023-06-15,2024Q4,7,6,474,5-8 quarters,SAVIC,V-SA,SA1,137,64,5225.22,0,,2024Q4,5944.67245,5907.54245,4577402.364,-416003.9593,0.0012987,770,719.45245,1.137688451
C2024Q4T07,A202306,2023-06-15,2024Q4,7,6,474,5-8 quarters,QLDNSW,NSW1-QLD1,QLD1,189,100,12600.2,0,,2024Q4,42222.57004,42165.48004,50669110.81,-3267315.013,0.0008333,1200,29622.37004,3.350944433
C2024Q1T10,A202306,2023-06-15,2024Q1,10,3,200,3-4 quarters,VICNSW,VIC1-NSW1,VIC1,253,125,25019.17,0,2024-01-19,2024Q1,17140.54197,17112.66197,25713384.3,-4021161.847,0.0006666,1500,-7878.62803,0.6850963469
C2024Q1T10,A202306,2023-06-15,2024Q1,10,3,200,3-4 quarters,NSWVIC,VIC1-NSW1,NSW1,148,108,3932.49,0,2024-01-19,2024Q1,15078.33402,15051.73402,19602618.33,-13860972.64,0.0007692,1300,11145.84402,3.83429685
C2024Q1T10,A202306,2023-06-15,2024Q1,10,3,200,3-4 quarters,VICSA,V-SA,VIC1,172,73,26846.04,0,2024-01-19,2024Q1,16380.74603,16353.28603,14415863.79,-2051072.022,0.0011363,880,-10465.29397,0.6101736431
C2024Q1T10,A202306,2023-06-15,2024Q1,10,3,200,3-4 quarters,SAVIC,V-SA,SA1,82,64,6396.79,0,2024-01-19,2024Q1,9577.488781,9546.928781,7374673.736,-2048632.594,0.0012987,770,3180.698781,1.497233578
C2024Q1T10,A202306,2023-06-15,2024Q1,10,3,200,3-4 quarters,QLDNSW,NSW1-QLD1,QLD1,202,103,16380,0,2024-01-19,2024Q1,18691.53171,18631.84171,22430735.29,-4874460.55,0.0008333,1200,2311.53171,1.141119152
C2024Q1T10,A202306,2023-06-15,2024Q1,10,3,200,3-4 quarters,NSWQLD,NSW1-QLD1,NSW1,72,45,20654,0,2024-01-19,2024Q1,30988.04292,30974.38292,17044190.6,-103500.3494,0.0018181,550,10334.04292,1.500340995
C2023Q4T11,A202306,2023-06-15,2023Q4,11,2,108,1-2 quarters,VICNSW,VIC1-NSW1,VIC1,342,125,25009,0,2023-10-19,2023Q4,17962.22426,17930.08426,26946030.99,-97108.69801,0.0006666,1500,-7046.77574,0.7182304075
C2023Q4T11,A202306,2023-06-15,2023Q4,11,2,108,1-2 quarters,NSWVIC,VIC1-NSW1,NSW1,160,108,1104,0,2023-10-19,2023Q4,1138.620464,1122.140464,1480265.814,-14285737.73,0.0007692,1300,34.620464,1.031359116
C2023Q4T11,A202306,2023-06-15,2023Q4,11,2,108,1-2 quarters,VICSA,V-SA,VIC1,227,78,11596.04,0,2023-10-19,2023Q4,7851.926933,7835.156933,6910082.666,-92884.51894,0.0011363,880,-3744.113067,0.6771214081
C2023Q4T11,A202306,2023-06-15,2023Q4,11,2,108,1-2 quarters,SAVIC,V-SA,SA1,172,64,5739.64,0,2023-10-19,2023Q4,5450.223568,5401.963568,4196676.344,-159856.5794,0.0012987,770,-289.416432,0.9495758563
C2023Q3T12,A202306,2023-06-15,2023Q3,12,1,16,1-2 quarters,VICNSW,VIC1-NSW1,VIC1,268,125,25000,0,,2023Q3,32415.88534,32388.22534,48628690.88,-196728.5106,0.0006666,1500,7415.88534,1.296635414
C2023Q3T12,A202306,2023-06-15,2023Q3,12,1,16,1-2 quarters,NSWVIC,VIC1-NSW1,NSW1,194,112,2760,0,,2023Q3,702.4189755,689.6389755,913181.1955,-2736018.065,0.0007692,1300,-2057.581025,0.2544996288
C2023Q3T12,A202306,2023-06-15,2023Q3,12,1,16,1-2 quarters,VICSA,V-SA,VIC1,233,82,13050.04,0,,2023Q3,31778.37814,31763.72814,27966538.89,-316818.7999,0.0011363,880,18728.33814,2.435117298
C2023Q3T12,A202306,2023-06-15,2023Q3,12,1,16,1-2 quarters,SAVIC,V-SA,SA1,154,66,7201,0,,2023Q3,3151.352892,3106.312892,2426544.153,-292606.2394,0.0012987,770,-4049.647108,0.4376271201
C2023Q3T12,A202306,2023-06-15,2023Q3,12,1,16,1-2 quarters,QLDNSW,NSW1-QLD1,QLD1,237,100,16417.77,0,,2023Q3,23449.50542,23370.84542,28140532.13,-211685.871,0.0008333,1200,7031.73542,1.428300276
C2023Q3T12,A202306,2023-06-15,2023Q3,12,1,16,1-2 quarters,NSWQLD,NSW1-QLD1,NSW1,73,61,5000.66,0,,2023Q3,1295.339161,1292.259161,712468.5997,-32267.57561,0.0018181,550,-3705.320839,0.2590336398
C2024Q2T09,A202306,2023-06-15,2024Q2,9,4,291,3-4 quarters,VICNSW,VIC1-NSW1,VIC1,263,125,22050.08,0,2024-04-19,2024Q2,10623.15983,10586.50983,15936333.38,-445973.9899,0.0006666,1500,-11426.92017,0.4817742081
C2024Q2T09,A202306,2023-06-15,2024Q2,9,4,291,3-4 quarters,NSWVIC,VIC1-NSW1,NSW1,194,110,2508.08,0,2024-04-19,2024Q2,8955.377098,8944.877098,11642455.93,-5801493.53,0.0007692,1300,6447.297098,3.570610626
C2024Q2T09,A202306,2023-06-15,2024Q2,9,4,291,3-4 quarters,VICSA,V-SA,VIC1,180,73,13280.04,0,2024-04-19,2024Q2,9559.045067,9545.205067,8412430.755,-41533.71536,0.0011363,880,-3720.994933,0.7198054424
C2024Q2T09,A202306,2023-06-15,2024Q2,9,4,291,3-4 quarters,SAVIC,V-SA,SA1,129,64,4888.88,0,2024-04-19,2024Q2,4694.427276,4653.297276,3614712.617,-106888.0074,0.0012987,770,-194.452724,0.9602255069
C2024Q2T09,A202306,2023-06-15,2024Q2,9,4,291,3-4 quarters,QLDNSW,NSW1-QLD1,QLD1,187,100,22654,0,2024-04-19,2024Q2,85873.03277,85798.97277,103051761.4,-114311.6469,0.0008333,1200,63219.03277,3.790634447
C2024Q2T09,A202306,2023-06-15,2024Q2,9,4,291,3-4 quarters,NSWQLD,NSW1-QLD1,NSW1,63,54,7216.66,0,2024-04-19,2024Q2,1482.892377,1480.752377,815627.5104,-3128.56385,0.0018181,550,-5733.767623,0.2054818125
C2023Q4T11,A202306,2023-06-15,2023Q4,11,2,108,1-2 quarters,QLDNSW,NSW1-QLD1,QLD1,196,100,10000.2,0,2023-10-19,2023Q4,15846.75655,15781.09655,19016868.53,-306712.8168,0.0008333,1200,5846.55655,1.584643962
C2023Q4T11,A202306,2023-06-15,2023Q4,11,2,108,1-2 quarters,NSWQLD,NSW1-QLD1,NSW1,67,55,12723,0,2023-10-19,2023Q4,20079.48513,20073.53513,11044213.81,-112892.4539,0.0018181,550,7356.48513,1.578203657
C2023Q2T12,A202303,2023-03-15,2023Q2,12,1,17,1-2 quarters,VICNSW,VIC1-NSW1,VIC1,327,145,22004,0,,2023Q2,38487.74346,38465.65346,57737388.94,-189060.6748,0.0006666,1500,16483.74346,1.749124862
C2023Q2T12,A202303,2023-03-15,2023Q2,12,1,17,1-2 quarters,NSWVIC,VIC1-NSW1,NSW1,234,123,2926.13,0,,2023Q2,1726.972364,1713.392364,2245153.879,-6651024.676,0.0007692,1300,-1199.157636,0.5901898972
C2023Q2T12,A202303,2023-03-15,2023Q2,12,1,17,1-2 quarters,VICSA,V-SA,VIC1,186,77,13650,0,,2023Q2,21253.57823,21235.88823,18704196.28,-82598.34569,0.0011363,880,7603.57823,1.557038698
C2023Q2T12,A202303,2023-03-15,2023Q2,12,1,17,1-2 quarters,SAVIC,V-SA,SA1,143,66,4770.85,0,,2023Q2,5255.116713,5224.786713,4046443.916,-282993.0925,0.0012987,770,484.266713,1.101505332
C2023Q2T12,A202303,2023-03-15,2023Q2,12,1,17,1-2 quarters,QLDNSW,NSW1-QLD1,QLD1,256,100,15000.34,0,,2023Q2,23914.6057,23848.3257,28698674.79,-763888.2445,0.0008333,1200,8914.2657,1.59427091
C2023Q2T12,A202303,2023-03-15,2023Q2,12,1,17,1-2 quarters,NSWQLD,NSW1-QLD1,NSW1,89,88,7000.4,0,,2023Q2,6597.225591,6593.765591,3628637.364,-81704.02754,0.0018181,550,-403.174409,0.9424069469
C2024Q1T09,A202303,2023-03-15,2024Q1,9,4,292,3-4 quarters,VICSA,V-SA,VIC1,119,73,30550.64,0,2024-01-19,2024Q1,16380.74603,16353.28603,14415863.79,-2051072.022,0.0011363,880,-14169.89397,0.5361834001
C2024Q1T09,A202303,2023-03-15,2024Q1,9,4,292,3-4 quarters,SAVIC,V-SA,SA1,76,64,5647.4,0,2024-01-19,2024Q1,9577.488781,9546.928781,7374673.736,-2048632.594,0.0012987,770,3930.088781,1.695911177
C2024Q1T09,A202303,2023-03-15,2024Q1,9,4,292,3-4 quarters,QLDNSW,NSW1-QLD1,QLD1,191,100,15500,0,2024-01-19,2024Q1,18691.53171,18631.84171,22430735.29,-4874460.55,0.0008333,1200,3191.53171,1.205905272
C2024Q1T09,A202303,2023-03-15,2024Q1,9,4,292,3-4 quarters,NSWQLD,NSW1-QLD1,NSW1,103,76,13620,0,2024-01-19,2024Q1,30988.04292,30974.38292,17044190.6,-103500.3494,0.0018181,550,17368.04292,2.275186705
C2023Q4T10,A202303,2023-03-15,2023Q4,10,3,200,3-4 quarters,VICNSW,VIC1-NSW1,VIC1,270,135,22011,0,2023-10-19,2023Q4,17962.22426,17930.08426,26946030.99,-97108.69801,0.0006666,1500,-4048.77574,0.8160567107
C2023Q4T10,A202303,2023-03-15,2023Q4,10,3,200,3-4 quarters,NSWVIC,VIC1-NSW1,NSW1,172,108,1262.98,0,2023-10-19,2023Q4,1138.620464,1122.140464,1480265.814,-14285737.73,0.0007692,1300,-124.359536,0.9015348335
C2023Q4T10,A202303,2023-03-15,2023Q4,10,3,200,3-4 quarters,VICSA,V-SA,VIC1,170,73,12868.45,0,2023-10-19,2023Q4,7851.926933,7835.156933,6910082.666,-92884.51894,0.0011363,880,-5016.523067,0.6101688185
C2023Q4T10,A202303,2023-03-15,2023Q4,10,3,200,3-4 quarters,SAVIC,V-SA,SA1,156,64,5982.4,0,2023-10-19,2023Q4,5450.223568,5401.963568,4196676.344,-159856.5794,0.0012987,770,-532.176432,0.9110429874
C2023Q4T10,A202303,2023-03-15,2023Q4,10,3,200,3-4 quarters,QLDNSW,NSW1-QLD1,QLD1,205,107,13328.55,0,2023-10-19,2023Q4,15846.75655,15781.09655,19016868.53,-306712.8168,0.0008333,1200,2518.20655,1.188933271
C2023Q4T10,A202303,2023-03-15,2023Q4,10,3,200,3-4 quarters,NSWQLD,NSW1-QLD1,NSW1,73,54,11223,0,2023-10-19,2023Q4,20079.48513,20073.53513,11044213.81,-112892.4539,0.0018181,550,8856.48513,1.789137052
C2023Q3T11,A202303,2023-03-15,2023Q3,11,2,108,1-2 quarters,VICNSW,VIC1-NSW1,VIC1,277,135,22010,0,,2023Q3,32415.88534,32388.22534,48628690.88,-196728.5106,0.0006666,1500,10405.88534,1.472779888
C2023Q3T11,A202303,2023-03-15,2023Q3,11,2,108,1-2 quarters,NSWVIC,VIC1-NSW1,NSW1,202,117,3409.09,0,,2023Q3,702.4189755,689.6389755,913181.1955,-2736018.065,0.0007692,1300,-2706.671025,0.2060429544
C2023Q3T11,A202303,2023-03-15,2023Q3,11,2,108,1-2 quarters,VICSA,V-SA,VIC1,185,73,12970.1,0,,2023Q3,31778.37814,31763.72814,27966538.89,-316818.7999,0.0011363,880,18808.27814,2.450125916
C2023Q3T11,A202303,2023-03-15,2023Q3,11,2,108,1-2 quarters,SAVIC,V-SA,SA1,151,64,6514,0,,2023Q3,3151.352892,3106.312892,2426544.153,-292606.2394,0.0012987,770,-3362.647108,0.4837815309
C2023Q3T11,A202303,2023-03-15,2023Q3,11,2,108,1-2 quarters,QLDNSW,NSW1-QLD1,QLD1,233,106,20840.34,0,,2023Q3,23449.50542,23370.84542,28140532.13,-211685.871,0.0008333,1200,2609.16542,1.125197834
C2023Q3T11,A202303,2023-03-15,2023Q3,11,2,108,1-2 quarters,NSWQLD,NSW1-QLD1,NSW1,78,78,7152.37,0,,2023Q3,1295.339161,1292.259161,712468.5997,-32267.57561,0.0018181,550,-5857.030839,0.1811062852
C2024Q4T06,A202303,2023-03-15,2024Q4,6,7,566,5-8 quarters,QLDNSW,NSW1-QLD1,QLD1,176,103,14278,0,,2024Q4,42222.57004,42165.48004,50669110.81,-3267315.013,0.0008333,1200,27944.57004,2.957176778
C2024Q4T06,A202303,2023-03-15,2024Q4,6,7,566,5-8 quarters,NSWQLD,NSW1-QLD1,NSW1,63,45,9936,0,,2024Q4,13566.77809,13558.99809,7462063.741,-121841.4963,0.0018181,550,3630.77809,1.365416474
C2024Q3T07,A202303,2023-03-15,2024Q3,7,6,474,5-8 quarters,VICNSW,VIC1-NSW1,VIC1,212,125,22000.08,0,,2024Q3,28584.17489,28543.93489,42880550.39,-1167344.578,0.0006666,1500,6584.09489,1.299275952
C2024Q3T07,A202303,2023-03-15,2024Q3,7,6,474,5-8 quarters,NSWVIC,VIC1-NSW1,NSW1,141,108,2208,0,,2024Q3,6762.788538,6754.518538,8791976.778,-1592600.535,0.0007692,1300,4554.788538,3.062857128
C2024Q3T07,A202303,2023-03-15,2024Q3,7,6,474,5-8 quarters,VICSA,V-SA,VIC1,150,73,13650,0,,2024Q3,49657.91789,49644.96789,43701415.02,-79170.14281,0.0011363,880,36007.91789,3.637942703
C2024Q3T07,A202303,2023-03-15,2024Q3,7,6,474,5-8 quarters,SAVIC,V-SA,SA1,110,64,5500.24,0,,2024Q3,15957.19984,15915.66984,12287056.16,-403006.2546,0.0012987,770,10456.95984,2.901182465
C2024Q3T07,A202303,2023-03-15,2024Q3,7,6,474,5-8 quarters,QLDNSW,NSW1-QLD1,QLD1,173,100,23990.34,0,,2024Q3,41732.77095,41668.60095,50081328.39,-573776.7767,0.0008333,1200,17742.43095,1.739565631
C2024Q3T07,A202303,2023-03-15,2024Q3,7,6,474,5-8 quarters,NSWQLD,NSW1-QLD1,NSW1,63,63,7592,0,,2024Q3,4735.922202,4732.102202,2604874.431,-32275.55841,0.0018181,550,-2856.077798,0.6238042943
C2024Q2T08,A202303,2023-03-15,2024Q2,8,5,383,5-8 quarters,VICNSW,VIC1-NSW1,VIC1,212,125,21000.08,0,2024-04-19,2024Q2,10623.15983,10586.50983,15936333.38,-445973.9899,0.0006666,1500,-10376.92017,0.5058628267
C2024Q2T08,A202303,2023-03-15,2024Q2,8,5,383,5-8 quarters,NSWVIC,VIC1-NSW1,NSW1,166,108,2184,0,2024-04-19,2024Q2,8955.377098,8944.877098,11642455.93,-5801493.53,0.0007692,1300,6771.377098,4.100447389
C2024Q2T08,A202303,2023-03-15,2024Q2,8,5,383,5-8 quarters,VICSA,V-SA,VIC1,140,73,13080.6,0,2024-04-19,2024Q2,9559.045067,9545.205067,8412430.755,-41533.71536,0.0011363,880,-3521.554933,0.730780321
C2024Q2T08,A202303,2023-03-15,2024Q2,8,5,383,5-8 quarters,SAVIC,V-SA,SA1,121,64,5008,0,2024-04-19,2024Q2,4694.427276,4653.297276,3614712.617,-106888.0074,0.0012987,770,-313.572724,0.9373856382
C2024Q2T08,A202303,2023-03-15,2024Q2,8,5,383,5-8 quarters,QLDNSW,NSW1-QLD1,QLD1,184,100,26208,0,2024-04-19,2024Q2,85873.03277,85798.97277,103051761.4,-114311.6469,0.0008333,1200,59665.03277,3.276596183
C2024Q2T08,A202303,2023-03-15,2024Q2,8,5,383,5-8 quarters,NSWQLD,NSW1-QLD1,NSW1,69,69,7536,0,2024-04-19,2024Q2,1482.892377,1480.752377,815627.5104,-3128.56385,0.0018181,550,-6053.107623,0.1967744662
C2024Q1T09,A202303,2023-03-15,2024Q1,9,4,292,3-4 quarters,VICNSW,VIC1-NSW1,VIC1,254,130,22011,0,2024-01-19,2024Q1,17140.54197,17112.66197,25713384.3,-4021161.847,0.0006666,1500,-4870.45803,0.778726181
C2024Q1T09,A202303,2023-03-15,2024Q1,9,4,292,3-4 quarters,NSWVIC,VIC1-NSW1,NSW1,153,108,3931.2,0,2024-01-19,2024Q1,15078.33402,15051.73402,19602618.33,-13860972.64,0.0007692,1300,11147.13402,3.835555052
C2025Q2T04,A202303,2023-03-15,2025Q2,4,9,748,9-12 quarters,VICNSW,VIC1-NSW1,VIC1,180,125,20374.75,0,2025-04-22,2025Q2,15520.37088,15472.20088,23282884.61,-553363.6459,0.0006666,1500,-4854.37912,0.7617453407
C2025Q2T04,A202303,2023-03-15,2025Q2,4,9,748,9-12 quarters,NSWVIC,VIC1-NSW1,NSW1,146,108,1310.4,0,2025-04-22,2025Q2,5995.36704,5989.69704,7794288.924,-19121730.95,0.0007692,1300,4684.96704,4.575219048
C2025Q2T04,A202303,2023-03-15,2025Q2,4,9,748,9-12 quarters,VICSA,V-SA,VIC1,132,73,13942.5,0,2025-04-22,2025Q2,11553.78408,11534.59408,10167899.4,-1288770.665,0.0011363,880,-2388.71592,0.828673773
C2025Q2T04,A202303,2023-03-15,2025Q2,4,9,748,9-12 quarters,SAVIC,V-SA,SA1,75,64,4368,0,2025-04-22,2025Q2,3651.318918,3625.128918,2811518.378,-758651.3888,0.0012987,770,-716.681082,0.8359246607
C2025Q2T04,A202303,2023-03-15,2025Q2,4,9,748,9-12 quarters,QLDNSW,NSW1-QLD1,QLD1,100,100,26208,0,2025-04-22,2025Q2,76575.72214,76521.31214,91894542.36,-71723.1949,0.0008333,1200,50367.72214,2.92184532
C2025Q2T04,A202303,2023-03-15,2025Q2,4,9,748,9-12 quarters,NSWQLD,NSW1-QLD1,NSW1,45,45,7807.8,0,2025-04-22,2025Q2,2144.062835,2134.622835,1179287.627,-9604.28531,0.0018181,550,-5663.737165,0.2746052454
C2025Q1T05,A202303,2023-03-15,2025Q1,5,8,658,5-8 quarters,VICNSW,VIC1-NSW1,VIC1,200,125,20010,0,2025-01-21,2025Q1,13527.71289,13489.37289,20293598.69,-746592.7397,0.0006666,1500,-6482.28711,0.6760476207
C2025Q1T05,A202303,2023-03-15,2025Q1,5,8,658,5-8 quarters,NSWVIC,VIC1-NSW1,NSW1,133,108,3506,0,2025-01-21,2025Q1,7172.927042,7151.667042,9325178.162,-15652985.77,0.0007692,1300,3666.927042,2.045900468
C2025Q1T05,A202303,2023-03-15,2025Q1,5,8,658,5-8 quarters,VICSA,V-SA,VIC1,76,73,26005.85,0,2025-01-21,2025Q1,16658.30021,16633.54021,14660125.15,-5823486.815,0.0011363,880,-9347.54979,0.6405597283
C2025Q1T05,A202303,2023-03-15,2025Q1,5,8,658,5-8 quarters,SAVIC,V-SA,SA1,64,64,5400,0,2025-01-21,2025Q1,2452.505264,2431.065264,1888430.941,-118787.1816,0.0012987,770,-2947.494736,0.4541676415
C2025Q1T05,A202303,2023-03-15,2025Q1,5,8,658,5-8 quarters,QLDNSW,NSW1-QLD1,QLD1,175,100,16300.34,0,2025-01-21,2025Q1,24544.89407,24495.08407,29455051.09,-389693.0967,0.0008333,1200,8244.55407,1.505790313
C2025Q1T05,A202303,2023-03-15,2025Q1,5,8,658,5-8 quarters,NSWQLD,NSW1-QLD1,NSW1,65,45,13395.11,0,2025-01-21,2025Q1,18935.69517,18919.90517,10415101.02,-340678.0137,0.0018181,550,5540.58517,1.413627448
C2024Q4T06,A202303,2023-03-15,2024Q4,6,7,566,5-8 quarters,VICNSW,VIC1-NSW1,VIC1,290,125,17000,0,,2024Q4,30365.22674,30320.47674,45552395.35,-310299.4475,0.0006666,1500,13365.22674,1.786189808
C2024Q4T06,A202303,2023-03-15,2024Q4,6,7,566,5-8 quarters,NSWVIC,VIC1-NSW1,NSW1,148,108,993.6,0,,2024Q4,1621.216848,1612.286848,2107666.21,-33913225.06,0.0007692,1300,627.616848,1.631659469
C2024Q4T06,A202303,2023-03-15,2024Q4,6,7,566,5-8 quarters,VICSA,V-SA,VIC1,108,73,13000.17,0,,2024Q4,13058.6835,13041.8535,11492285.05,-669584.6122,0.0011363,880,58.5135,1.00450098
C2024Q4T06,A202303,2023-03-15,2024Q4,6,7,566,5-8 quarters,SAVIC,V-SA,SA1,111,64,5500.24,0,,2024Q4,5944.67245,5907.54245,4577402.364,-416003.9593,0.0012987,770,444.43245,1.080802374
C2026Q1T01,A202303,2023-03-15,2026Q1,1,12,1023,9-12 quarters,VICSA,V-SA,VIC1,73,73,25920,0,2026-01-21,2026Q1,64478.72354,64458.37354,56744454.4,-6273624.3,0.0011363,880,38558.72354,2.487605075
C2026Q1T01,A202303,2023-03-15,2026Q1,1,12,1023,9-12 quarters,SAVIC,V-SA,SA1,64,64,5009,0,2026-01-21,2026Q1,781.6187197,771.6687197,601847.016,-374596.964,0.0012987,770,-4227.38128,0.1560428668
C2026Q1T01,A202303,2023-03-15,2026Q1,1,12,1023,9-12 quarters,QLDNSW,NSW1-QLD1,QLD1,100,100,17000.34,0,2026-01-21,2026Q1,25634.52275,25609.28275,30762657.8,-235637.7636,0.0008333,1200,8634.18275,1.507882945
C2026Q1T01,A202303,2023-03-15,2026Q1,1,12,1023,9-12 quarters,NSWQLD,NSW1-QLD1,NSW1,45,45,14040,0,2026-01-21,2026Q1,10802.77683,10788.46683,5941794.639,-241856.379,0.0018181,550,-3237.22317,0.7694285491
C2025Q4T02,A202303,2023-03-15,2025Q4,2,11,931,9-12 quarters,VICNSW,VIC1-NSW1,VIC1,160,125,17001.59,0,,2025Q4,21897.32549,21855.95549,32849273.16,-108577.0807,0.0006666,1500,4895.73549,1.287957508
C2025Q4T02,A202303,2023-03-15,2025Q4,2,11,931,9-12 quarters,NSWVIC,VIC1-NSW1,NSW1,108,108,993.6,0,,2025Q4,3683.454487,3680.864487,4788682.38,-17546517.12,0.0007692,1300,2689.854487,3.707180442
C2025Q4T02,A202303,2023-03-15,2025Q4,2,11,931,9-12 quarters,VICSA,V-SA,VIC1,89,73,13248,0,,2025Q4,11264.61666,11249.59666,9913417.808,-2982204.908,0.0011363,880,-1983.38334,0.8502880933
C2025Q4T02,A202303,2023-03-15,2025Q4,2,11,931,9-12 quarters,SAVIC,V-SA,SA1,77,64,4246.14,0,,2025Q4,4616.855139,4603.285139,3554982.012,-467959.4055,0.0012987,770,370.715139,1.087306386
C2025Q4T02,A202303,2023-03-15,2025Q4,2,11,931,9-12 quarters,QLDNSW,NSW1-QLD1,QLD1,114,100,14230.56,0,,2025Q4,28968.33652,28943.99652,34763394.36,-517232.7462,0.0008333,1200,14737.77652,2.035642766
C2025Q4T02,A202303,2023-03-15,2025Q4,2,11,931,9-12 quarters,NSWQLD,NSW1-QLD1,NSW1,45,45,8832,0,,2025Q4,8798.282638,8787.432638,4839273.218,-310906.141,0.0018181,550,-33.717362,0.9961823639
C2025Q3T03,A202303,2023-03-15,2025Q3,3,10,839,9-12 quarters,VICNSW,VIC1-NSW1,VIC1,190,125,19106.09,0,,2025Q3,22344.42392,22308.10392,33519987.88,-960404.5204,0.0006666,1500,3238.33392,1.169492236
C2025Q3T03,A202303,2023-03-15,2025Q3,3,10,839,9-12 quarters,NSWVIC,VIC1-NSW1,NSW1,164,108,1324.8,0,,2025Q3,4224.008154,4221.148154,5491430.257,-522593.1659,0.0007692,1300,2899.208154,3.188411952
C2025Q3T03,A202303,2023-03-15,2025Q3,3,10,839,9-12 quarters,VICSA,V-SA,VIC1,111,73,13800.8,0,,2025Q3,18756.96128,18745.97128,16507050.32,-1410262.957,0.0011363,880,4956.16128,1.359121303
C2025Q3T03,A202303,2023-03-15,2025Q3,3,10,839,9-12 quarters,SAVIC,V-SA,SA1,88,64,4505,0,,2025Q3,7009.423024,6993.033024,5397261.126,-664154.2685,0.0012987,770,2504.423024,1.55592076
C2025Q3T03,A202303,2023-03-15,2025Q3,3,10,839,9-12 quarters,QLDNSW,NSW1-QLD1,QLD1,105,100,24448.34,0,,2025Q3,27523.15899,27490.89899,33029111.95,-633446.9347,0.0008333,1200,3074.81899,1.125768007
C2025Q3T03,A202303,2023-03-15,2025Q3,3,10,839,9-12 quarters,NSWQLD,NSW1-QLD1,NSW1,45,45,8030,0,,2025Q3,803.2169412,798.1569412,441789.1982,-7586.40288,0.0018181,550,-7226.783059,0.1000270163
C2026Q1T01,A202303,2023-03-15,2026Q1,1,12,1023,9-12 quarters,VICNSW,VIC1-NSW1,VIC1,125,125,22226.4,0,2026-01-21,2026Q1,14769.74213,14739.17213,22156828.88,-531428.8002,0.0006666,1500,-7456.65787,0.6645134673
C2026Q1T01,A202303,2023-03-15,2026Q1,1,12,1023,9-12 quarters,NSWVIC,VIC1-NSW1,NSW1,108,108,3510,0,2026-01-21,2026Q1,1788.206745,1780.286745,2324761.759,-8705748.864,0.0007692,1300,-1721.793255,0.5094606111
C2022Q1T03,,,2022Q1,3,10,,9-12 quarters,NSWVIC,VIC1-NSW1,NSW1,108,108,5464.8,0,,2022Q1,958.2170969,958.2170969,1245682.226,-5996200.974,0.0007692307692,1300,-4506.582903,0.1753434887
C2022Q1T03,,,2022Q1,3,10,,9-12 quarters,QLDNSW,NSW1-QLD1,QLD1,100,100,10250,0,,2022Q1,1948.653251,1948.653251,2338383.901,-1250147.438,0.0008333333333,1200,-8301.346749,0.1901125123
C2022Q1T03,,,2022Q1,3,10,,9-12 quarters,NSWQLD,NSW1-QLD1,NSW1,45,45,3175,0,,2022Q1,43129.47813,43129.47813,23721212.97,-401500.1266,0.001818181818,550,39954.47813,13.5840876
C2021Q4T04,,,2021Q4,4,9,,9-12 quarters,VICNSW,VIC1-NSW1,VIC1,125,125,6200,0,,2021Q4,24177.51433,24177.51433,36266271.49,-62334.79612,0.0006666666667,1500,17977.51433,3.899599085
C2021Q4T04,,,2021Q4,4,9,,9-12 quarters,NSWVIC,VIC1-NSW1,NSW1,108,108,2208,0,,2021Q4,227.619495,227.619495,295905.3435,-3952393.238,0.0007692307692,1300,-1980.380505,0.1030885394
C2021Q4T04,,,2021Q4,4,9,,9-12 quarters,VICSA,V-SA,VIC1,73,73,1729,0,,2021Q4,20367.8606,20367.8606,17923717.33,-108114.5271,0.001136363636,880,18638.8606,11.78013916
C2021Q4T04,,,2021Q4,4,9,,9-12 quarters,SAVIC,V-SA,SA1,64,64,6911,0,,2021Q4,6991.416142,6991.416142,5383390.429,-138640.858,0.001298701299,770,80.416142,1.011635963
C2021Q4T04,,,2021Q4,4,9,,9-12 quarters,QLDNSW,NSW1-QLD1,QLD1,100,100,10666,0,,2021Q4,3269.388248,3269.388248,3923265.898,-5591737.346,0.0008333333333,1200,-7396.611752,0.306524306
C2021Q4T04,,,2021Q4,4,9,,9-12 quarters,NSWQLD,NSW1-QLD1,NSW1,45,45,800,0,,2021Q4,18285.54244,18285.54244,10057048.34,-42611.49115,0.001818181818,550,17485.54244,22.85692805
C2022Q1T03,,,2022Q1,3,10,,9-12 quarters,VICSA,V-SA,VIC1,73,73,5336,0,,2022Q1,15132.67012,15132.67012,13316749.7,-109035.5434,0.001136363636,880,9796.67012,2.835957669
C2022Q1T03,,,2022Q1,3,10,,9-12 quarters,SAVIC,V-SA,SA1,64,64,5533,0,,2022Q1,3748.196496,3748.196496,2886111.302,-445724.687,0.001298701299,770,-1784.803504,0.6774257177
C2022Q2T02,,,2022Q2,2,11,,9-12 quarters,QLDNSW,NSW1-QLD1,QLD1,100,100,10750,0,,2022Q2,21306.78607,21306.78607,25568143.28,-4550871.266,0.0008333333333,1200,10556.78607,1.982026611
C2022Q3T01,,,2022Q3,1,12,,9-12 quarters,VICNSW,VIC1-NSW1,VIC1,125,125,6200,0,,2022Q3,40085.17021,40066.20021,60133768.69,-222429.4908,0.0006666,1500,33885.17021,6.465350034
C2022Q3T01,,,2022Q3,1,12,,9-12 quarters,NSWVIC,VIC1-NSW1,NSW1,108,108,1656,0,,2022Q3,5318.137797,5305.647797,6913855.691,-1605949.241,0.0007692,1300,3662.137797,3.211435868
C2022Q3T01,,,2022Q3,1,12,,9-12 quarters,VICSA,V-SA,VIC1,73,73,1662.5,0,,2022Q3,34342.68,34289.55,30223250.9,-759920.8238,0.0011363,880,32680.18,20.65725113
C2022Q3T01,,,2022Q3,1,12,,9-12 quarters,SAVIC,V-SA,SA1,64,64,9967,0,,2022Q3,12640.70844,12619.53844,9733355.235,-1249245.028,0.0012987,770,2673.70844,1.268256089
C2022Q3T01,,,2022Q3,1,12,,9-12 quarters,QLDNSW,NSW1-QLD1,QLD1,100,100,10465.92,0,,2022Q3,40204.14393,40153.86393,48246902.59,-2836506.844,0.0008333,1200,29738.22393,3.841434287
C2022Q3T01,,,2022Q3,1,12,,9-12 quarters,NSWQLD,NSW1-QLD1,NSW1,45,45,800,0,,2022Q3,13021.69818,13016.11818,7162256.301,-250036.4044,0.0018181,550,12221.69818,16.27712272
C2022Q2T02,,,2022Q2,2,11,,9-12 quarters,VICNSW,VIC1-NSW1,VIC1,125,125,6200,0,,2022Q2,60576.67997,60576.67997,90865019.95,-115547.2401,0.0006666666667,1500,54376.67997,9.770432253
C2022Q2T02,,,2022Q2,2,11,,9-12 quarters,NSWVIC,VIC1-NSW1,NSW1,108,108,1638,0,,2022Q2,1448.795264,1448.795264,1883433.844,-2260667.751,0.0007692307692,1300,-189.204736,0.8844903932
C2022Q2T02,,,2022Q2,2,11,,9-12 quarters,VICSA,V-SA,VIC1,73,73,1400,0,,2022Q2,25123.093,25123.093,22108321.84,-443010.2811,0.001136363636,880,23723.093,17.94506643
C2022Q2T02,,,2022Q2,2,11,,9-12 quarters,SAVIC,V-SA,SA1,64,64,6592.8,0,,2022Q2,11307.71334,11307.71334,8706939.275,-1997662.339,0.001298701299,770,4714.91334,1.715160985
C2022Q2T02,,,2022Q2,2,11,,9-12 quarters,NSWQLD,NSW1-QLD1,NSW1,45,45,305.05,0,,2022Q2,10915.44025,10915.44025,6003492.136,-1052269.965,0.001818181818,550,10610.39025,35.78246271
C2022Q1T03,,,2022Q1,3,10,,9-12 quarters,VICNSW,VIC1-NSW1,VIC1,125,125,6200,0,,2022Q1,17938.82078,17938.82078,26908231.17,-1575501.993,0.0006666666667,1500,11738.82078,2.89335819
C2022Q1T09,,,2022Q1,9,4,,3-4 quarters,NSWVIC,VIC1-NSW1,NSW1,250,117,4356,0,,2022Q1,958.2170969,958.2170969,1245682.226,-5996200.974,0.0007692307692,1300,-3397.782903,0.2199763767
C2022Q1T09,,,2022Q1,9,4,,3-4 quarters,VICSA,V-SA,VIC1,103,73,7019.42,0,,2022Q1,15132.67012,15132.67012,13316749.7,-109035.5434,0.001136363636,880,8113.25012,2.155829131
C2022Q1T09,,,2022Q1,9,4,,3-4 quarters,SAVIC,V-SA,SA1,124,68,5650.47,0,,2022Q1,3748.196496,3748.196496,2886111.302,-445724.687,0.001298701299,770,-1902.273504,0.6633424292
C2022Q1T09,,,2022Q1,9,4,,3-4 quarters,QLDNSW,NSW1-QLD1,QLD1,185,103,14524.2,0,,2022Q1,1948.653251,1948.653251,2338383.901,-1250147.438,0.0008333333333,1200,-12575.54675,0.134165961
C2022Q1T09,,,2022Q1,9,4,,3-4 quarters,NSWQLD,NSW1-QLD1,NSW1,69,49,3278,0,,2022Q1,43129.47813,43129.47813,23721212.97,-401500.1266,0.001818181818,550,39851.47813,13.15725385
C2021Q4T10,,,2021Q4,10,3,,3-4 quarters,VICNSW,VIC1-NSW1,VIC1,248,125,9377,0,,2021Q4,24177.51433,24177.51433,36266271.49,-62334.79612,0.0006666666667,1500,14800.51433,2.578384806
C2021Q4T10,,,2021Q4,10,3,,3-4 quarters,NSWVIC,VIC1-NSW1,NSW1,269,114,465.88,0,,2021Q4,227.619495,227.619495,295905.3435,-3952393.238,0.0007692307692,1300,-238.260505,0.4885796664
C2021Q4T10,,,2021Q4,10,3,,3-4 quarters,VICSA,V-SA,VIC1,170,73,2780.85,0,,2021Q4,20367.8606,20367.8606,17923717.33,-108114.5271,0.001136363636,880,17587.0106,7.324329108
C2021Q4T10,,,2021Q4,10,3,,3-4 quarters,SAVIC,V-SA,SA1,111,64,5372,0,,2021Q4,6991.416142,6991.416142,5383390.429,-138640.858,0.001298701299,770,1619.416142,1.301454978
C2021Q4T10,,,2021Q4,10,3,,3-4 quarters,QLDNSW,NSW1-QLD1,QLD1,255,104,9200.79,0,,2021Q4,3269.388248,3269.388248,3923265.898,-5591737.346,0.0008333333333,1200,-5931.401752,0.3553377751
C2021Q4T10,,,2021Q4,10,3,,3-4 quarters,NSWQLD,NSW1-QLD1,NSW1,85,45,1249,0,,2021Q4,18285.54244,18285.54244,10057048.34,-42611.49115,0.001818181818,550,17036.54244,14.64014607
C2022Q4T06,,,2022Q4,6,7,,5-8 quarters,SAVIC,V-SA,SA1,107,64,5123.85,0,,2022Q4,10944.07892,10919.73892,8426949.194,-873337.1411,0.0012987,770,5820.22892,2.13590931
C2022Q4T06,,,2022Q4,6,7,,5-8 quarters,NSWQLD,NSW1-QLD1,NSW1,55,55,1878.78,0,,2022Q4,12711.39529,12697.60529,6991582.033,-86580.27895,0.0018181,550,10832.61529,6.765771027
C2022Q3T07,,,2022Q3,7,6,,5-8 quarters,VICNSW,VIC1-NSW1,VIC1,223,125,9300.43,0,,2022Q3,40085.17021,40066.20021,60133768.69,-222429.4908,0.0006666,1500,30784.74021,4.310034075
C2022Q3T07,,,2022Q3,7,6,,5-8 quarters,NSWVIC,VIC1-NSW1,NSW1,267,117,490.44,0,,2022Q3,5318.137797,5305.647797,6913855.691,-1605949.241,0.0007692,1300,4827.697797,10.84360533
C2022Q3T07,,,2022Q3,7,6,,5-8 quarters,VICSA,V-SA,VIC1,150,73,2387,0,,2022Q3,34342.68,34289.55,30223250.9,-759920.8238,0.0011363,880,31955.68,14.38738165
C2022Q3T07,,,2022Q3,7,6,,5-8 quarters,SAVIC,V-SA,SA1,118,64,5150.72,0,,2022Q3,12640.70844,12619.53844,9733355.235,-1249245.028,0.0012987,770,7489.98844,2.454163387
C2022Q3T07,,,2022Q3,7,6,,5-8 quarters,QLDNSW,NSW1-QLD1,QLD1,174,102,13500,0,,2022Q3,40204.14393,40153.86393,48246902.59,-2836506.844,0.0008333,1200,26704.14393,2.978084736
C2022Q3T07,,,2022Q3,7,6,,5-8 quarters,NSWQLD,NSW1-QLD1,NSW1,45,45,757.75,0,,2022Q3,13021.69818,13016.11818,7162256.301,-250036.4044,0.0018181,550,12263.94818,17.18468912
C2022Q2T08,,,2022Q2,8,5,,5-8 quarters,VICNSW,VIC1-NSW1,VIC1,188,125,8529.23,0,,2022Q2,60576.67997,60576.67997,90865019.95,-115547.2401,0.0006666666667,1500,52047.44997,7.102244865
C2022Q2T08,,,2022Q2,8,5,,5-8 quarters,NSWVIC,VIC1-NSW1,NSW1,319,115,420.44,0,,2022Q2,1448.795264,1448.795264,1883433.844,-2260667.751,0.0007692307692,1300,1028.355264,3.44590254
C2022Q2T08,,,2022Q2,8,5,,5-8 quarters,VICSA,V-SA,VIC1,171,73,2502.52,0,,2022Q2,25123.093,25123.093,22108321.84,-443010.2811,0.001136363636,880,22620.573,10.03911777
C2022Q2T08,,,2022Q2,8,5,,5-8 quarters,SAVIC,V-SA,SA1,111,64,4066.67,0,,2022Q2,11307.71334,11307.71334,8706939.275,-1997662.339,0.001298701299,770,7241.04334,2.780582968
C2022Q2T08,,,2022Q2,8,5,,5-8 quarters,QLDNSW,NSW1-QLD1,QLD1,200,103,10800,0,,2022Q2,21306.78607,21306.78607,25568143.28,-4550871.266,0.0008333333333,1200,10506.78607,1.972850562
C2022Q2T08,,,2022Q2,8,5,,5-8 quarters,NSWQLD,NSW1-QLD1,NSW1,45,45,612,0,,2022Q2,10915.44025,10915.44025,6003492.136,-1052269.965,0.001818181818,550,10303.44025,17.83568668
C2022Q1T09,,,2022Q1,9,4,,3-4 quarters,VICNSW,VIC1-NSW1,VIC1,305,125,12347,0,,2022Q1,17938.82078,17938.82078,26908231.17,-1575501.993,0.0006666666667,1500,5591.82078,1.452889024
C2023Q3T03,,,2023Q3,3,10,,9-12 quarters,NSWQLD,NSW1-QLD1,NSW1,45,45,501,0,,2023Q3,1295.339161,1292.259161,712468.5997,-32267.57561,0.0018181,550,794.339161,2.585507307
C2022Q4T06,,,2022Q4,6,7,,5-8 quarters,NSWVIC,VIC1-NSW1,NSW1,217,117,560.44,0,,2022Q4,1268.488005,1252.768005,1649100.37,-6513081.518,0.0007692,1300,708.048005,2.263378783
C2022Q4T06,,,2022Q4,6,7,,5-8 quarters,VICSA,V-SA,VIC1,146,73,2962.68,0,,2022Q4,11429.02034,11389.49034,10058101.16,-1008758.355,0.0011363,880,8466.34034,3.857662772
C2026Q1T06,A202406,2024-06-17,2026Q1,6,7,563,5-8 quarters,VICNSW,VIC1-NSW1,VIC1,199,125,16969.05,0,2026-01-21,2026Q1,14769.74213,14739.17213,22156828.88,-531428.8002,0.0006666,1500,-2199.30787,0.8703929878
C2022Q4T06,,,2022Q4,6,7,,5-8 quarters,QLDNSW,NSW1-QLD1,QLD1,225,105,10800.52,0,,2022Q4,9724.020811,9678.370811,11669291.74,-1211406.633,0.0008333,1200,-1076.499189,0.9003289481
C2023Q1T05,,,2023Q1,5,8,,5-8 quarters,NSWQLD,NSW1-QLD1,NSW1,55,45,3771,0,,2023Q1,11892.6708,11873.2208,6541263.295,-371597.8452,0.0018181,550,8121.6708,3.153718059
C2022Q4T06,,,2022Q4,6,7,,5-8 quarters,VICNSW,VIC1-NSW1,VIC1,208,125,10374,0,,2022Q4,38473.51859,38450.30859,57716049.48,-38402.48838,0.0006666,1500,28099.51859,3.708648409
C2025Q4T07,A202406,2024-06-17,2025Q4,7,6,471,5-8 quarters,QLDNSW,NSW1-QLD1,QLD1,199,102,18252.8,0,,2025Q4,28968.33652,28943.99652,34763394.36,-517232.7462,0.0008333,1200,10715.53652,1.587062616
C2023Q2T04,,,2023Q2,4,9,,9-12 quarters,VICNSW,VIC1-NSW1,VIC1,160,125,9259,0,,2023Q2,38487.74346,38465.65346,57737388.94,-189060.6748,0.0006666,1500,29228.74346,4.156792684
C2023Q2T04,,,2023Q2,4,9,,9-12 quarters,NSWVIC,VIC1-NSW1,NSW1,198,118,490.44,0,,2023Q2,1726.972364,1713.392364,2245153.879,-6651024.676,0.0007692,1300,1236.532364,3.521271438
C2023Q2T04,,,2023Q2,4,9,,9-12 quarters,VICSA,V-SA,VIC1,130,73,1801,0,,2023Q2,21253.57823,21235.88823,18704196.28,-82598.34569,0.0011363,880,19452.57823,11.80098736
C2023Q2T04,,,2023Q2,4,9,,9-12 quarters,SAVIC,V-SA,SA1,85,64,3050.72,0,,2023Q2,5255.116713,5224.786713,4046443.916,-282993.0925,0.0012987,770,2204.396713,1.722582444
C2023Q2T04,,,2023Q2,4,9,,9-12 quarters,QLDNSW,NSW1-QLD1,QLD1,140,102,15928,0,,2023Q2,23914.6057,23848.3257,28698674.79,-763888.2445,0.0008333,1200,7986.6057,1.501419243
C2023Q2T04,,,2023Q2,4,9,,9-12 quarters,NSWQLD,NSW1-QLD1,NSW1,45,45,520,0,,2023Q2,6597.225591,6593.765591,3628637.364,-81704.02754,0.0018181,550,6077.225591,12.68697229
C2023Q1T05,,,2023Q1,5,8,,5-8 quarters,VICNSW,VIC1-NSW1,VIC1,155,125,12513.58,0,,2023Q1,21286.31693,21267.85693,31932668.67,-114688.3159,0.0006666,1500,8772.73693,1.701057326
C2023Q1T05,,,2023Q1,5,8,,5-8 quarters,NSWVIC,VIC1-NSW1,NSW1,177,117,4320,0,,2023Q1,2218.662343,2195.152343,2884376.422,-8148785.915,0.0007692,1300,-2101.337657,0.5135792461
C2023Q1T05,,,2023Q1,5,8,,5-8 quarters,VICSA,V-SA,VIC1,96,73,7628,0,,2023Q1,25070.70156,25032.74156,22063452.92,-107315.1492,0.0011363,880,17442.70156,3.286667745
C2023Q1T05,,,2023Q1,5,8,,5-8 quarters,SAVIC,V-SA,SA1,92,73,5923.47,0,,2023Q1,3934.881884,3913.261884,3029862.08,-164048.4484,0.0012987,770,-1988.588116,0.6642866232
C2023Q1T05,,,2023Q1,5,8,,5-8 quarters,QLDNSW,NSW1-QLD1,QLD1,130,103,13200.2,0,,2023Q1,12121.60799,12078.14799,14546511.45,-2423562.747,0.0008333,1200,-1078.59201,0.9182897221
C2026Q2T05,A202406,2024-06-17,2026Q2,5,8,653,5-8 quarters,NSWVIC,VIC1-NSW1,NSW1,131,108,1493.64,0,2026-04-22,2026Q2,1666.943884,1664.523884,2167113.734,-969142.0565,0.0007692,1300,173.303884,1.116027881
C2026Q2T05,A202406,2024-06-17,2026Q2,5,8,653,5-8 quarters,VICSA,V-SA,VIC1,100,73,13104,0,2026-04-22,2026Q2,22224.92141,22209.97141,19559026.14,-300138.189,0.0011363,880,9120.92141,1.696041011
C2026Q2T05,A202406,2024-06-17,2026Q2,5,8,653,5-8 quarters,SAVIC,V-SA,SA1,79,64,3086.67,0,2026-04-22,2026Q2,886.1430022,877.9230022,682330.794,-934458.6638,0.0012987,770,-2200.526998,0.2870870557
C2025Q4T07,A202406,2024-06-17,2025Q4,7,6,471,5-8 quarters,VICNSW,VIC1-NSW1,VIC1,266,125,12700.05,0,,2025Q4,21897.32549,21855.95549,32849273.16,-108577.0807,0.0006666,1500,9197.27549,1.724192069
C2026Q2T05,A202406,2024-06-17,2026Q2,5,8,653,5-8 quarters,NSWQLD,NSW1-QLD1,NSW1,45,45,4275,0,2026-04-22,2026Q2,1626.556989,1618.676989,894646.6031,-4674.33756,0.0018181,550,-2648.443011,0.380481167
C2026Q1T06,A202406,2024-06-17,2026Q1,6,7,563,5-8 quarters,NSWVIC,VIC1-NSW1,NSW1,148,108,4351.54,0,2026-01-21,2026Q1,1788.206745,1780.286745,2324761.759,-8705748.864,0.0007692,1300,-2563.333255,0.4109365294
C2026Q1T06,A202406,2024-06-17,2026Q1,6,7,563,5-8 quarters,VICSA,V-SA,VIC1,93,73,19200.57,0,2026-01-21,2026Q1,64478.72354,64458.37354,56744454.4,-6273624.3,0.0011363,880,45278.15354,3.358167155
C2026Q1T06,A202406,2024-06-17,2026Q1,6,7,563,5-8 quarters,QLDNSW,NSW1-QLD1,QLD1,151,100,25272,0,2026-01-21,2026Q1,25634.52275,25609.28275,30762657.8,-235637.7636,0.0008333,1200,362.52275,1.014344838
C2025Q1T10,A202406,2024-06-17,2025Q1,10,3,198,3-4 quarters,NSWQLD,NSW1-QLD1,NSW1,77,45,22989,0,2025-01-21,2025Q1,18935.69517,18919.90517,10415101.02,-340678.0137,0.0018181,550,-4053.30483,0.8236850307
C2024Q4T11,A202406,2024-06-17,2024Q4,11,2,106,1-2 quarters,VICSA,V-SA,VIC1,94,73,13288.66,0,,2024Q4,13058.6835,13041.8535,11492285.05,-669584.6122,0.0011363,880,-229.9765,0.982693778
C2024Q4T11,A202406,2024-06-17,2024Q4,11,2,106,1-2 quarters,QLDNSW,NSW1-QLD1,QLD1,317,127,19500.59,0,,2024Q4,42222.57004,42165.48004,50669110.81,-3267315.013,0.0008333,1200,22721.98004,2.165194491
C2025Q1T10,A202406,2024-06-17,2025Q1,10,3,198,3-4 quarters,QLDNSW,NSW1-QLD1,QLD1,197,122,23419.33,0,2025-01-21,2025Q1,24544.89407,24495.08407,29455051.09,-389693.0967,0.0008333,1200,1125.56407,1.048061327
C2025Q1T10,A202406,2024-06-17,2025Q1,10,3,198,3-4 quarters,VICSA,V-SA,VIC1,113,73,25000,0,2025-01-21,2025Q1,16658.30021,16633.54021,14660125.15,-5823486.815,0.0011363,880,-8341.69979,0.6663320084
C2025Q2T09,A202406,2024-06-17,2025Q2,9,4,288,3-4 quarters,QLDNSW,NSW1-QLD1,QLD1,175,100,34585.74,0,2025-04-22,2025Q2,76575.72214,76521.31214,91894542.36,-71723.1949,0.0008333,1200,41989.98214,2.21408367
C2025Q1T10,A202406,2024-06-17,2025Q1,10,3,198,3-4 quarters,SAVIC,V-SA,SA1,118,78,6803,0,2025-01-21,2025Q1,2452.505264,2431.065264,1888430.941,-118787.1816,0.0012987,770,-4350.494736,0.3605034932
C2025Q1T10,A202406,2024-06-17,2025Q1,10,3,198,3-4 quarters,VICNSW,VIC1-NSW1,VIC1,265,133,19005,0,2025-01-21,2025Q1,13527.71289,13489.37289,20293598.69,-746592.7397,0.0006666,1500,-5477.28711,0.7117975738
C2025Q1T10,A202406,2024-06-17,2025Q1,10,3,198,3-4 quarters,NSWVIC,VIC1-NSW1,NSW1,200,112,5072.76,0,2025-01-21,2025Q1,7172.927042,7151.667042,9325178.162,-15652985.77,0.0007692,1300,2100.167042,1.414008753
C2025Q4T07,A202406,2024-06-17,2025Q4,7,6,471,5-8 quarters,VICSA,V-SA,VIC1,112,73,12291,0,,2025Q4,11264.61666,11249.59666,9913417.808,-2982204.908,0.0011363,880,-1026.38334,0.9164930974
C2025Q4T07,A202406,2024-06-17,2025Q4,7,6,471,5-8 quarters,NSWVIC,VIC1-NSW1,NSW1,123,108,1477.44,0,,2025Q4,3683.454487,3680.864487,4788682.38,-17546517.12,0.0007692,1300,2206.014487,2.493133046
C2025Q4T07,A202406,2024-06-17,2025Q4,7,6,471,5-8 quarters,SAVIC,V-SA,SA1,136,64,4403,0,,2025Q4,4616.855139,4603.285139,3554982.012,-467959.4055,0.0012987,770,213.855139,1.048570325
C2025Q4T07,A202406,2024-06-17,2025Q4,7,6,471,5-8 quarters,NSWQLD,NSW1-QLD1,NSW1,57,45,8544.19,0,,2025Q4,8798.282638,8787.432638,4839273.218,-310906.141,0.0018181,550,254.092638,1.029738646
C2026Q1T06,A202406,2024-06-17,2026Q1,6,7,563,5-8 quarters,NSWQLD,NSW1-QLD1,NSW1,57,45,17867.96,0,2026-01-21,2026Q1,10802.77683,10788.46683,5941794.639,-241856.379,0.0018181,550,-7065.18317,0.6045892665
C2024Q3T12,A202406,2024-06-17,2024Q3,12,1,14,1-2 quarters,NSWVIC,VIC1-NSW1,NSW1,281,112,3157,0,,2024Q3,6762.788538,6754.518538,8791976.778,-1592600.535,0.0007692,1300,3605.788538,2.142156648
C2024Q3T12,A202406,2024-06-17,2024Q3,12,1,14,1-2 quarters,VICSA,V-SA,VIC1,152,78,15349.2,0,,2024Q3,49657.91789,49644.96789,43701415.02,-79170.14281,0.0011363,880,34308.71789,3.235212121
C2025Q3T08,A202406,2024-06-17,2025Q3,8,5,379,5-8 quarters,VICNSW,VIC1-NSW1,VIC1,264,125,19500.05,0,,2025Q3,22344.42392,22308.10392,33519987.88,-960404.5204,0.0006666,1500,2844.37392,1.145864955
C2026Q2T05,A202406,2024-06-17,2026Q2,5,8,653,5-8 quarters,VICNSW,VIC1-NSW1,VIC1,197,125,16120.05,0,2026-04-22,2026Q2,21024.95172,20989.90172,31540581.63,-479468.8901,0.0006666,1500,4904.90172,1.304273356
C2024Q4T11,A202406,2024-06-17,2024Q4,11,2,106,1-2 quarters,SAVIC,V-SA,SA1,190,76,4403,0,,2024Q4,5944.67245,5907.54245,4577402.364,-416003.9593,0.0012987,770,1541.67245,1.35014137
C2026Q1T06,A202406,2024-06-17,2026Q1,6,7,563,5-8 quarters,SAVIC,V-SA,SA1,83,64,5003,0,2026-01-21,2026Q1,781.6187197,771.6687197,601847.016,-374596.964,0.0012987,770,-4221.38128,0.1562300059
C2024Q4T11,A202406,2024-06-17,2024Q4,11,2,106,1-2 quarters,NSWVIC,VIC1-NSW1,NSW1,212,124,1544.45,0,,2024Q4,1621.216848,1612.286848,2107666.21,-33913225.06,0.0007692,1300,76.766848,1.049704975
C2024Q4T11,A202406,2024-06-17,2024Q4,11,2,106,1-2 quarters,NSWQLD,NSW1-QLD1,NSW1,60,48,9019.68,0,,2024Q4,13566.77809,13558.99809,7462063.741,-121841.4963,0.0018181,550,4547.09809,1.504130755
C2025Q2T09,A202406,2024-06-17,2025Q2,9,4,288,3-4 quarters,NSWQLD,NSW1-QLD1,NSW1,55,45,4500,0,2025-04-22,2025Q2,2144.062835,2134.622835,1179287.627,-9604.28531,0.0018181,550,-2355.937165,0.4764584078
C2025Q2T09,A202406,2024-06-17,2025Q2,9,4,288,3-4 quarters,NSWVIC,VIC1-NSW1,NSW1,204,115,2785.27,0,2025-04-22,2025Q2,5995.36704,5989.69704,7794288.924,-19121730.95,0.0007692,1300,3210.09704,2.15252634
C2024Q3T12,A202406,2024-06-17,2024Q3,12,1,14,1-2 quarters,QLDNSW,NSW1-QLD1,QLD1,250,110,35000,0,,2024Q3,41732.77095,41668.60095,50081328.39,-573776.7767,0.0008333,1200,6732.77095,1.192364884
C2025Q2T09,A202406,2024-06-17,2025Q2,9,4,288,3-4 quarters,VICSA,V-SA,VIC1,96,77,17215.05,0,2025-04-22,2025Q2,11553.78408,11534.59408,10167899.4,-1288770.665,0.0011363,880,-5661.26592,0.6711443812
C2025Q2T09,A202406,2024-06-17,2025Q2,9,4,288,3-4 quarters,VICNSW,VIC1-NSW1,VIC1,243,125,19050.05,0,2025-04-22,2025Q2,15520.37088,15472.20088,23282884.61,-553363.6459,0.0006666,1500,-3529.67912,0.8147154931
C2025Q3T08,A202406,2024-06-17,2025Q3,8,5,379,5-8 quarters,NSWVIC,VIC1-NSW1,NSW1,227,114,2756,0,,2025Q3,4224.008154,4221.148154,5491430.257,-522593.1659,0.0007692,1300,1468.008154,1.532658982
C2024Q3T12,A202406,2024-06-17,2024Q3,12,1,14,1-2 quarters,VICNSW,VIC1-NSW1,VIC1,317,125,17089.91,0,,2024Q3,28584.17489,28543.93489,42880550.39,-1167344.578,0.0006666,1500,11494.26489,1.672576093
C2024Q3T12,A202406,2024-06-17,2024Q3,12,1,14,1-2 quarters,SAVIC,V-SA,SA1,192,78,4503,0,,2024Q3,15957.19984,15915.66984,12287056.16,-403006.2546,0.0012987,770,11454.19984,3.543681954
C2026Q2T05,A202406,2024-06-17,2026Q2,5,8,653,5-8 quarters,QLDNSW,NSW1-QLD1,QLD1,125,111,37001,0,2026-04-22,2026Q2,12666.97721,12633.42721,15200980.69,-419634.266,0.0008333,1200,-24334.02279,0.3423414829
C2025Q2T09,A202406,2024-06-17,2025Q2,9,4,288,3-4 quarters,SAVIC,V-SA,SA1,116,66,4603,0,2025-04-22,2025Q2,3651.318918,3625.128918,2811518.378,-758651.3888,0.0012987,770,-951.681082,0.7932476468
C2025Q3T08,A202406,2024-06-17,2025Q3,8,5,379,5-8 quarters,SAVIC,V-SA,SA1,148,64,4503,0,,2025Q3,7009.423024,6993.033024,5397261.126,-664154.2685,0.0012987,770,2506.423024,1.55661182
C2025Q3T08,A202406,2024-06-17,2025Q3,8,5,379,5-8 quarters,VICSA,V-SA,VIC1,97,73,15362.16,0,,2025Q3,18756.96128,18745.97128,16507050.32,-1410262.957,0.0011363,880,3394.80128,1.220984632
C2024Q4T11,A202406,2024-06-17,2024Q4,11,2,106,1-2 quarters,VICNSW,VIC1-NSW1,VIC1,338,127,15740.05,0,,2024Q4,30365.22674,30320.47674,45552395.35,-310299.4475,0.0006666,1500,14625.17674,1.929169649
C2025Q3T08,A202406,2024-06-17,2025Q3,8,5,379,5-8 quarters,NSWQLD,NSW1-QLD1,NSW1,45,45,4496.25,0,,2025Q3,803.2169412,798.1569412,441789.1982,-7586.40288,0.0018181,550,-3693.033059,0.1786415215
C2024Q3T12,A202406,2024-06-17,2024Q3,12,1,14,1-2 quarters,NSWQLD,NSW1-QLD1,NSW1,73,55,4500,0,,2024Q3,4735.922202,4732.102202,2604874.431,-32275.55841,0.0018181,550,235.922202,1.052427156
C2025Q3T08,A202406,2024-06-17,2025Q3,8,5,379,5-8 quarters,QLDNSW,NSW1-QLD1,QLD1,150,113,37536,0,,2025Q3,27523.15899,27490.89899,33029111.95,-633446.9347,0.0008333,1200,-10012.84101,0.7332469893
C2024Q4T12,A202409,2024-09-16,2024Q4,12,1,15,1-2 quarters,VICNSW,VIC1-NSW1,VIC1,410,130,18001,0,,2024Q4,30365.22674,30320.47674,45552395.35,-310299.4475,0.0006666,1500,12364.22674,1.686863326
C2024Q1T01,,,2024Q1,1,12,,9-12 quarters,NSWQLD,NSW1-QLD1,NSW1,45,45,3591,0,2024-01-19,2024Q1,30988.04292,30974.38292,17044190.6,-103500.3494,0.0018181,550,27397.04292,8.629363108
C2023Q4T02,,,2023Q4,2,11,,9-12 quarters,VICNSW,VIC1-NSW1,VIC1,154,125,9570.43,0,2023-10-19,2023Q4,17962.22426,17930.08426,26946030.99,-97108.69801,0.0006666,1500,8391.79426,1.876846104
C2023Q4T02,,,2023Q4,2,11,,9-12 quarters,NSWVIC,VIC1-NSW1,NSW1,141,111,587.25,0,2023-10-19,2023Q4,1138.620464,1122.140464,1480265.814,-14285737.73,0.0007692,1300,551.370464,1.93890245
C2023Q4T02,,,2023Q4,2,11,,9-12 quarters,VICSA,V-SA,VIC1,77,73,2762.2,0,2023-10-19,2023Q4,7851.926933,7835.156933,6910082.666,-92884.51894,0.0011363,880,5089.726933,2.842635194
C2023Q4T02,,,2023Q4,2,11,,9-12 quarters,SAVIC,V-SA,SA1,68,64,4204,0,2023-10-19,2023Q4,5450.223568,5401.963568,4196676.344,-159856.5794,0.0012987,770,1246.223568,1.296437576
C2023Q4T02,,,2023Q4,2,11,,9-12 quarters,QLDNSW,NSW1-QLD1,QLD1,119,104,15459.87,0,2023-10-19,2023Q4,15846.75655,15781.09655,19016868.53,-306712.8168,0.0008333,1200,386.88655,1.025025214
C2023Q4T02,,,2023Q4,2,11,,9-12 quarters,NSWQLD,NSW1-QLD1,NSW1,45,45,1501,0,2023-10-19,2023Q4,20079.48513,20073.53513,11044213.81,-112892.4539,0.0018181,550,18578.48513,13.37740515
C2023Q3T03,,,2023Q3,3,10,,9-12 quarters,VICNSW,VIC1-NSW1,VIC1,172,125,9680,0,,2023Q3,32415.88534,32388.22534,48628690.88,-196728.5106,0.0006666,1500,22735.88534,3.348748486
C2023Q3T03,,,2023Q3,3,10,,9-12 quarters,NSWVIC,VIC1-NSW1,NSW1,173,118,501.23,0,,2023Q3,702.4189755,689.6389755,913181.1955,-2736018.065,0.0007692,1300,201.1889755,1.40139053
C2023Q3T03,,,2023Q3,3,10,,9-12 quarters,VICSA,V-SA,VIC1,90,73,1900.68,0,,2023Q3,31778.37814,31763.72814,27966538.89,-316818.7999,0.0011363,880,29877.69814,16.71947837
C2024Q1T01,,,2024Q1,1,12,,9-12 quarters,NSWVIC,VIC1-NSW1,NSW1,108,108,4368,0,2024-01-19,2024Q1,15078.33402,15051.73402,19602618.33,-13860972.64,0.0007692,1300,10710.33402,3.451999547
C2024Q1T01,,,2024Q1,1,12,,9-12 quarters,VICSA,V-SA,VIC1,73,73,6115.2,0,2024-01-19,2024Q1,16380.74603,16353.28603,14415863.79,-2051072.022,0.0011363,880,10265.54603,2.678693425
C2024Q1T01,,,2024Q1,1,12,,9-12 quarters,SAVIC,V-SA,SA1,64,64,5154,0,2024-01-19,2024Q1,9577.488781,9546.928781,7374673.736,-2048632.594,0.0012987,770,4423.488781,1.858263248
C2024Q1T01,,,2024Q1,1,12,,9-12 quarters,QLDNSW,NSW1-QLD1,QLD1,100,100,15267,0,2024-01-19,2024Q1,18691.53171,18631.84171,22430735.29,-4874460.55,0.0008333,1200,3424.53171,1.224309407
C2023Q3T03,,,2023Q3,3,10,,9-12 quarters,SAVIC,V-SA,SA1,71,64,4300.72,0,,2023Q3,3151.352892,3106.312892,2426544.153,-292606.2394,0.0012987,770,-1149.367108,0.7327500725
C2023Q3T03,,,2023Q3,3,10,,9-12 quarters,QLDNSW,NSW1-QLD1,QLD1,125,100,16230,0,,2023Q3,23449.50542,23370.84542,28140532.13,-211685.871,0.0008333,1200,7219.50542,1.444824733
C2025Q3T09,A202409,2024-09-16,2025Q3,9,4,288,3-4 quarters,QLDNSW,NSW1-QLD1,QLD1,193,100,30200.23,0,,2025Q3,27523.15899,27490.89899,33029111.95,-633446.9347,0.0008333,1200,-2677.07101,0.9113559397
C2025Q3T09,A202409,2024-09-16,2025Q3,9,4,288,3-4 quarters,SAVIC,V-SA,SA1,170,73,5754.7,0,,2025Q3,7009.423024,6993.033024,5397261.126,-664154.2685,0.0012987,770,1254.723024,1.21803448
C2025Q1T11,A202409,2024-09-16,2025Q1,11,2,107,1-2 quarters,NSWVIC,VIC1-NSW1,NSW1,235,110,5392.78,0,2025-01-21,2025Q1,7172.927042,7151.667042,9325178.162,-15652985.77,0.0007692,1300,1780.147042,1.330098213
C2025Q3T09,A202409,2024-09-16,2025Q3,9,4,288,3-4 quarters,VICSA,V-SA,VIC1,117,73,16898.38,0,,2025Q3,18756.96128,18745.97128,16507050.32,-1410262.957,0.0011363,880,1858.58128,1.109985767
C2024Q1T01,,,2024Q1,1,12,,9-12 quarters,VICNSW,VIC1-NSW1,VIC1,125,125,12513.58,0,2024-01-19,2024Q1,17140.54197,17112.66197,25713384.3,-4021161.847,0.0006666,1500,4626.96197,1.369755255
C2025Q3T09,A202409,2024-09-16,2025Q3,9,4,288,3-4 quarters,NSWVIC,VIC1-NSW1,NSW1,237,112,3198.44,0,,2025Q3,4224.008154,4221.148154,5491430.257,-522593.1659,0.0007692,1300,1025.568154,1.320646363
C2025Q4T08,A202409,2024-09-16,2025Q4,8,5,380,5-8 quarters,NSWQLD,NSW1-QLD1,NSW1,46,45,8603,0,,2025Q4,8798.282638,8787.432638,4839273.218,-310906.141,0.0018181,550,195.282638,1.022699365
C2025Q2T10,A202409,2024-09-16,2025Q2,10,3,197,3-4 quarters,VICNSW,VIC1-NSW1,VIC1,315,136,19400.9,0,2025-04-22,2025Q2,15520.37088,15472.20088,23282884.61,-553363.6459,0.0006666,1500,-3880.52912,0.799982005
C2025Q3T09,A202409,2024-09-16,2025Q3,9,4,288,3-4 quarters,NSWQLD,NSW1-QLD1,NSW1,49,45,4432.56,0,,2025Q3,803.2169412,798.1569412,441789.1982,-7586.40288,0.0018181,550,-3629.343059,0.1812083629
C2025Q2T10,A202409,2024-09-16,2025Q2,10,3,197,3-4 quarters,NSWQLD,NSW1-QLD1,NSW1,55,45,4404.97,0,2025-04-22,2025Q2,2144.062835,2134.622835,1179287.627,-9604.28531,0.0018181,550,-2260.907165,0.4867372161
C2025Q2T10,A202409,2024-09-16,2025Q2,10,3,197,3-4 quarters,SAVIC,V-SA,SA1,110,66,5606,0,2025-04-22,2025Q2,3651.318918,3625.128918,2811518.378,-758651.3888,0.0012987,770,-1954.681082,0.6513233889
C2025Q1T11,A202409,2024-09-16,2025Q1,11,2,107,1-2 quarters,VICSA,V-SA,VIC1,135,82,27247,0,2025-01-21,2025Q1,16658.30021,16633.54021,14660125.15,-5823486.815,0.0011363,880,-10588.69979,0.6113810772
C2025Q1T11,A202409,2024-09-16,2025Q1,11,2,107,1-2 quarters,QLDNSW,NSW1-QLD1,QLD1,191,105,21432.59,0,2025-01-21,2025Q1,24544.89407,24495.08407,29455051.09,-389693.0967,0.0008333,1200,3112.30407,1.145213624
C2025Q1T11,A202409,2024-09-16,2025Q1,11,2,107,1-2 quarters,SAVIC,V-SA,SA1,114,72,7365,0,2025-01-21,2025Q1,2452.505264,2431.065264,1888430.941,-118787.1816,0.0012987,770,-4912.494736,0.3329946048
C2025Q2T10,A202409,2024-09-16,2025Q2,10,3,197,3-4 quarters,QLDNSW,NSW1-QLD1,QLD1,225,100,29200.23,0,2025-04-22,2025Q2,76575.72214,76521.31214,91894542.36,-71723.1949,0.0008333,1200,47375.49214,2.622435582
C2025Q1T11,A202409,2024-09-16,2025Q1,11,2,107,1-2 quarters,VICNSW,VIC1-NSW1,VIC1,282,135,18054.75,0,2025-01-21,2025Q1,13527.71289,13489.37289,20293598.69,-746592.7397,0.0006666,1500,-4527.03711,0.749260604
C2025Q1T11,A202409,2024-09-16,2025Q1,11,2,107,1-2 quarters,NSWQLD,NSW1-QLD1,NSW1,83,45,23755,0,2025-01-21,2025Q1,18935.69517,18919.90517,10415101.02,-340678.0137,0.0018181,550,-4819.30483,0.7971246125
C2024Q4T12,A202409,2024-09-16,2024Q4,12,1,15,1-2 quarters,VICSA,V-SA,VIC1,130,80,15082.85,0,,2024Q4,13058.6835,13041.8535,11492285.05,-669584.6122,0.0011363,880,-2024.1665,0.8657968156
C2025Q2T10,A202409,2024-09-16,2025Q2,10,3,197,3-4 quarters,NSWVIC,VIC1-NSW1,NSW1,275,113,3226,0,2025-04-22,2025Q2,5995.36704,5989.69704,7794288.924,-19121730.95,0.0007692,1300,2769.36704,1.858452275
C2025Q2T10,A202409,2024-09-16,2025Q2,10,3,197,3-4 quarters,VICSA,V-SA,VIC1,113,73,16908,0,2025-04-22,2025Q2,11553.78408,11534.59408,10167899.4,-1288770.665,0.0011363,880,-5354.21592,0.6833323918
C2024Q4T12,A202409,2024-09-16,2024Q4,12,1,15,1-2 quarters,NSWVIC,VIC1-NSW1,NSW1,183,114,2231.25,0,,2024Q4,1621.216848,1612.286848,2107666.21,-33913225.06,0.0007692,1300,-610.033152,0.7265957862
C2025Q4T08,A202409,2024-09-16,2025Q4,8,5,380,5-8 quarters,NSWVIC,VIC1-NSW1,NSW1,150,120,2216.16,0,,2025Q4,3683.454487,3680.864487,4788682.38,-17546517.12,0.0007692,1300,1467.294487,1.662088697
C2026Q1T07,A202409,2024-09-16,2026Q1,7,6,472,5-8 quarters,NSWQLD,NSW1-QLD1,NSW1,45,45,18005,0,2026-01-21,2026Q1,10802.77683,10788.46683,5941794.639,-241856.379,0.0018181,550,-7202.22317,0.5999876051
C2024Q4T12,A202409,2024-09-16,2024Q4,12,1,15,1-2 quarters,NSWQLD,NSW1-QLD1,NSW1,77,55,10000,0,,2024Q4,13566.77809,13558.99809,7462063.741,-121841.4963,0.0018181,550,3566.77809,1.356677809
C2025Q4T08,A202409,2024-09-16,2025Q4,8,5,380,5-8 quarters,VICSA,V-SA,VIC1,114,73,13520.1,0,,2025Q4,11264.61666,11249.59666,9913417.808,-2982204.908,0.0011363,880,-2255.48334,0.8331755431
C2024Q4T12,A202409,2024-09-16,2024Q4,12,1,15,1-2 quarters,SAVIC,V-SA,SA1,162,76,5474.7,0,,2024Q4,5944.67245,5907.54245,4577402.364,-416003.9593,0.0012987,770,469.97245,1.085844421
C2024Q4T12,A202409,2024-09-16,2024Q4,12,1,15,1-2 quarters,QLDNSW,NSW1-QLD1,QLD1,320,105,18755,0,,2024Q4,42222.57004,42165.48004,50669110.81,-3267315.013,0.0008333,1200,23467.57004,2.251270063
C2026Q1T07,A202409,2024-09-16,2026Q1,7,6,472,5-8 quarters,QLDNSW,NSW1-QLD1,QLD1,167,113,22680,0,2026-01-21,2026Q1,25634.52275,25609.28275,30762657.8,-235637.7636,0.0008333,1200,2954.52275,1.130269963
C2026Q1T07,A202409,2024-09-16,2026Q1,7,6,472,5-8 quarters,SAVIC,V-SA,SA1,71,71,6503.9,0,2026-01-21,2026Q1,781.6187197,771.6687197,601847.016,-374596.964,0.0012987,770,-5722.28128,0.1201769276
C2025Q3T09,A202409,2024-09-16,2025Q3,9,4,288,3-4 quarters,VICNSW,VIC1-NSW1,VIC1,303,125,20500,0,,2025Q3,22344.42392,22308.10392,33519987.88,-960404.5204,0.0006666,1500,1844.42392,1.089971899
C2025Q4T08,A202409,2024-09-16,2025Q4,8,5,380,5-8 quarters,VICNSW,VIC1-NSW1,VIC1,233,125,13970.05,0,,2025Q4,21897.32549,21855.95549,32849273.16,-108577.0807,0.0006666,1500,7927.27549,1.567447897
C2025Q4T08,A202409,2024-09-16,2025Q4,8,5,380,5-8 quarters,SAVIC,V-SA,SA1,158,74,4851.77,0,,2025Q4,4616.855139,4603.285139,3554982.012,-467959.4055,0.0012987,770,-234.914861,0.9515816164
C2026Q2T06,A202409,2024-09-16,2026Q2,6,7,562,5-8 quarters,QLDNSW,NSW1-QLD1,QLD1,159,103,30576,0,2026-04-22,2026Q2,12666.97721,12633.42721,15200980.69,-419634.266,0.0008333,1200,-17909.02279,0.4142784279
C2026Q1T07,A202409,2024-09-16,2026Q1,7,6,472,5-8 quarters,VICNSW,VIC1-NSW1,VIC1,207,125,16696.25,0,2026-01-21,2026Q1,14769.74213,14739.17213,22156828.88,-531428.8002,0.0006666,1500,-1926.50787,0.8846143374
C2026Q2T06,A202409,2024-09-16,2026Q2,6,7,562,5-8 quarters,SAVIC,V-SA,SA1,73,64,4436,0,2026-04-22,2026Q2,886.1430022,877.9230022,682330.794,-934458.6638,0.0012987,770,-3549.856998,0.1997617228
C2026Q1T07,A202409,2024-09-16,2026Q1,7,6,472,5-8 quarters,NSWVIC,VIC1-NSW1,NSW1,168,108,4600.35,0,2026-01-21,2026Q1,1788.206745,1780.286745,2324761.759,-8705748.864,0.0007692,1300,-2812.143255,0.3887110209
C2026Q2T06,A202409,2024-09-16,2026Q2,6,7,562,5-8 quarters,NSWQLD,NSW1-QLD1,NSW1,45,45,4353.3,0,2026-04-22,2026Q2,1626.556989,1618.676989,894646.6031,-4674.33756,0.0018181,550,-2726.743011,0.3736376976
C2026Q2T06,A202409,2024-09-16,2026Q2,6,7,562,5-8 quarters,VICSA,V-SA,VIC1,100,73,15288,0,2026-04-22,2026Q2,22224.92141,22209.97141,19559026.14,-300138.189,0.0011363,880,6936.92141,1.453749438
C2026Q1T07,A202409,2024-09-16,2026Q1,7,6,472,5-8 quarters,VICSA,V-SA,VIC1,93,73,21120.63,0,2026-01-21,2026Q1,64478.72354,64458.37354,56744454.4,-6273624.3,0.0011363,880,43358.09354,3.052878799
C2025Q4T08,A202409,2024-09-16,2025Q4,8,5,380,5-8 quarters,QLDNSW,NSW1-QLD1,QLD1,197,105,17767,0,,2025Q4,28968.33652,28943.99652,34763394.36,-517232.7462,0.0008333,1200,11201.33652,1.630457394
C2026Q2T06,A202409,2024-09-16,2026Q2,6,7,562,5-8 quarters,VICNSW,VIC1-NSW1,VIC1,187,125,16926.05,0,2026-04-22,2026Q2,21024.95172,20989.90172,31540581.63,-479468.8901,0.0006666,1500,4098.90172,1.242165285
C2026Q2T06,A202409,2024-09-16,2026Q2,6,7,562,5-8 quarters,NSWVIC,VIC1-NSW1,NSW1,131,109,2579.56,0,2026-04-22,2026Q2,1666.943884,1664.523884,2167113.734,-969142.0565,0.0007692,1300,-912.616116,0.6462124874
C2026Q1T08,A202412,2024-12-16,2026Q1,8,5,381,5-8 quarters,SAVIC,V-SA,SA1,80,66,7000,0,2026-01-21,2026Q1,781.6187197,771.6687197,601847.016,-374596.964,0.0012987,770,-6218.38128,0.1116598171
C2026Q1T08,A202412,2024-12-16,2026Q1,8,5,381,5-8 quarters,NSWQLD,NSW1-QLD1,NSW1,51,45,20079.36,0,2026-01-21,2026Q1,10802.77683,10788.46683,5941794.639,-241856.379,0.0018181,550,-9276.58317,0.5380040415
C2025Q4T09,A202412,2024-12-16,2025Q4,9,4,289,3-4 quarters,VICNSW,VIC1-NSW1,VIC1,296,141,18161.06,0,,2025Q4,21897.32549,21855.95549,32849273.16,-108577.0807,0.0006666,1500,3736.26549,1.205729483
C2026Q1T08,A202412,2024-12-16,2026Q1,8,5,381,5-8 quarters,VICSA,V-SA,VIC1,93,73,21103,0,2026-01-21,2026Q1,64478.72354,64458.37354,56744454.4,-6273624.3,0.0011363,880,43375.72354,3.055429254
C2026Q1T08,A202412,2024-12-16,2026Q1,8,5,381,5-8 quarters,QLDNSW,NSW1-QLD1,QLD1,147,110,24637,0,2026-01-21,2026Q1,25634.52275,25609.28275,30762657.8,-235637.7636,0.0008333,1200,997.52275,1.040488807
C2026Q2T07,A202412,2024-12-16,2026Q2,7,6,471,5-8 quarters,NSWQLD,NSW1-QLD1,NSW1,45,45,5147,0,2026-04-22,2026Q2,1626.556989,1618.676989,894646.6031,-4674.33756,0.0018181,550,-3520.443011,0.3160203981
C2026Q2T07,A202412,2024-12-16,2026Q2,7,6,471,5-8 quarters,QLDNSW,NSW1-QLD1,QLD1,157,100,33920.76,0,2026-04-22,2026Q2,12666.97721,12633.42721,15200980.69,-419634.266,0.0008333,1200,-21253.78279,0.3734284612
C2025Q1T12,A202412,2024-12-16,2025Q1,12,1,16,1-2 quarters,QLDNSW,NSW1-QLD1,QLD1,166,104,25600,0,2025-01-21,2025Q1,24544.89407,24495.08407,29455051.09,-389693.0967,0.0008333,1200,-1055.10593,0.9587849246
C2026Q1T08,A202412,2024-12-16,2026Q1,8,5,381,5-8 quarters,VICNSW,VIC1-NSW1,VIC1,204,125,18365.88,0,2026-01-21,2026Q1,14769.74213,14739.17213,22156828.88,-531428.8002,0.0006666,1500,-3596.13787,0.8041946332
C2025Q4T09,A202412,2024-12-16,2025Q4,9,4,289,3-4 quarters,NSWQLD,NSW1-QLD1,NSW1,56,45,9903,0,,2025Q4,8798.282638,8787.432638,4839273.218,-310906.141,0.0018181,550,-1104.717362,0.8884461919
C2025Q3T10,A202412,2024-12-16,2025Q3,10,3,197,3-4 quarters,NSWVIC,VIC1-NSW1,NSW1,234,114,4091,0,,2025Q3,4224.008154,4221.148154,5491430.257,-522593.1659,0.0007692,1300,133.008154,1.032512382
C2025Q4T09,A202412,2024-12-16,2025Q4,9,4,289,3-4 quarters,QLDNSW,NSW1-QLD1,QLD1,203,100,20000,0,,2025Q4,28968.33652,28943.99652,34763394.36,-517232.7462,0.0008333,1200,8968.33652,1.448416826
C2025Q4T09,A202412,2024-12-16,2025Q4,9,4,289,3-4 quarters,SAVIC,V-SA,SA1,140,65,5610.59,0,,2025Q4,4616.855139,4603.285139,3554982.012,-467959.4055,0.0012987,770,-993.734861,0.8228822885
C2025Q4T09,A202412,2024-12-16,2025Q4,9,4,289,3-4 quarters,NSWVIC,VIC1-NSW1,NSW1,166,126,2986,0,,2025Q4,3683.454487,3680.864487,4788682.38,-17546517.12,0.0007692,1300,697.454487,1.233574845
C2026Q2T09,A202506,2025-06-16,2026Q2,9,4,289,3-4 quarters,NSWVIC,VIC1-NSW1,NSW1,155,113,3578,0,2026-04-22,2026Q2,1666.943884,1664.523884,2167113.734,-969142.0565,0.0007692,1300,-1911.056116,0.4658870553
C2026Q2T09,A202506,2025-06-16,2026Q2,9,4,289,3-4 quarters,SAVIC,V-SA,SA1,70,69,4703,0,2026-04-22,2026Q2,886.1430022,877.9230022,682330.794,-934458.6638,0.0012987,770,-3816.856998,0.1884207957
C2025Q2T11,A202412,2024-12-16,2025Q2,11,2,106,1-2 quarters,SAVIC,V-SA,SA1,129,64,6360,0,2025-04-22,2025Q2,3651.318918,3625.128918,2811518.378,-758651.3888,0.0012987,770,-2708.681082,0.5741067481
C2026Q2T09,A202506,2025-06-16,2026Q2,9,4,289,3-4 quarters,NSWQLD,NSW1-QLD1,NSW1,50,45,4368,0,2026-04-22,2026Q2,1626.556989,1618.676989,894646.6031,-4674.33756,0.0018181,550,-2741.443011,0.372380263
C2026Q1T10,A202506,2025-06-16,2026Q1,10,3,199,3-4 quarters,NSWVIC,VIC1-NSW1,NSW1,176,108,6000,0,2026-01-21,2026Q1,1788.206745,1780.286745,2324761.759,-8705748.864,0.0007692,1300,-4211.793255,0.2980344575
C2025Q4T11,A202506,2025-06-16,2025Q4,11,2,107,1-2 quarters,NSWVIC,VIC1-NSW1,NSW1,108,108,2430.11,0,,2025Q4,3683.454487,3680.864487,4788682.38,-17546517.12,0.0007692,1300,1253.344487,1.515756277
C2026Q1T10,A202506,2025-06-16,2026Q1,10,3,199,3-4 quarters,SAVIC,V-SA,SA1,80,68,5466.22,0,2026-01-21,2026Q1,781.6187197,771.6687197,601847.016,-374596.964,0.0012987,770,-4684.60128,0.1429907175
C2026Q1T10,A202506,2025-06-16,2026Q1,10,3,199,3-4 quarters,QLDNSW,NSW1-QLD1,QLD1,130,100,23639.2,0,2026-01-21,2026Q1,25634.52275,25609.28275,30762657.8,-235637.7636,0.0008333,1200,1995.32275,1.084407372
C2026Q1T10,A202506,2025-06-16,2026Q1,10,3,199,3-4 quarters,NSWQLD,NSW1-QLD1,NSW1,62,45,19245.59,0,2026-01-21,2026Q1,10802.77683,10788.46683,5941794.639,-241856.379,0.0018181,550,-8442.81317,0.5613118034
C2025Q4T11,A202506,2025-06-16,2025Q4,11,2,107,1-2 quarters,VICSA,V-SA,VIC1,116,79,10643.83,0,,2025Q4,11264.61666,11249.59666,9913417.808,-2982204.908,0.0011363,880,620.78666,1.058323617
C2025Q2T11,A202412,2024-12-16,2025Q2,11,2,106,1-2 quarters,VICNSW,VIC1-NSW1,VIC1,285,136,21480.94,0,2025-04-22,2025Q2,15520.37088,15472.20088,23282884.61,-553363.6459,0.0006666,1500,-5960.56912,0.7225182362
C2025Q4T11,A202506,2025-06-16,2025Q4,11,2,107,1-2 quarters,VICNSW,VIC1-NSW1,VIC1,245,125,18154,0,,2025Q4,21897.32549,21855.95549,32849273.16,-108577.0807,0.0006666,1500,3743.32549,1.206198385
C2025Q3T12,A202506,2025-06-16,2025Q3,12,1,15,1-2 quarters,NSWQLD,NSW1-QLD1,NSW1,69,55,4250,0,,2025Q3,803.2169412,798.1569412,441789.1982,-7586.40288,0.0018181,550,-3446.783059,0.1889922215
C2025Q3T12,A202506,2025-06-16,2025Q3,12,1,15,1-2 quarters,VICSA,V-SA,VIC1,117,79,16830,0,,2025Q3,18756.96128,18745.97128,16507050.32,-1410262.957,0.0011363,880,1926.96128,1.11449562
C2025Q3T12,A202506,2025-06-16,2025Q3,12,1,15,1-2 quarters,VICNSW,VIC1-NSW1,VIC1,263,125,18292.01,0,,2025Q3,22344.42392,22308.10392,33519987.88,-960404.5204,0.0006666,1500,4052.41392,1.221540111
C2025Q4T11,A202506,2025-06-16,2025Q4,11,2,107,1-2 quarters,SAVIC,V-SA,SA1,137,79,4603,0,,2025Q4,4616.855139,4603.285139,3554982.012,-467959.4055,0.0012987,770,13.855139,1.003010024
C2025Q3T12,A202506,2025-06-16,2025Q3,12,1,15,1-2 quarters,NSWVIC,VIC1-NSW1,NSW1,201,117,3903,0,,2025Q3,4224.008154,4221.148154,5491430.257,-522593.1659,0.0007692,1300,321.008154,1.082246517
C2026Q2T07,A202412,2024-12-16,2026Q2,7,6,471,5-8 quarters,SAVIC,V-SA,SA1,83,74,5903,0,2026-04-22,2026Q2,886.1430022,877.9230022,682330.794,-934458.6638,0.0012987,770,-5016.856998,0.1501173983
C2025Q3T10,A202412,2024-12-16,2025Q3,10,3,197,3-4 quarters,NSWQLD,NSW1-QLD1,NSW1,54,45,4903,0,,2025Q3,803.2169412,798.1569412,441789.1982,-7586.40288,0.0018181,550,-4099.783059,0.1638215258
C2025Q3T10,A202412,2024-12-16,2025Q3,10,3,197,3-4 quarters,SAVIC,V-SA,SA1,148,64,6370,0,,2025Q3,7009.423024,6993.033024,5397261.126,-664154.2685,0.0012987,770,639.423024,1.100380381
C2025Q2T11,A202412,2024-12-16,2025Q2,11,2,106,1-2 quarters,VICSA,V-SA,VIC1,121,73,18598.8,0,2025-04-22,2025Q2,11553.78408,11534.59408,10167899.4,-1288770.665,0.0011363,880,-7045.01592,0.6212112652
C2025Q2T11,A202412,2024-12-16,2025Q2,11,2,106,1-2 quarters,NSWVIC,VIC1-NSW1,NSW1,222,114,4019,0,2025-04-22,2025Q2,5995.36704,5989.69704,7794288.924,-19121730.95,0.0007692,1300,1976.36704,1.491755919
C2025Q2T11,A202412,2024-12-16,2025Q2,11,2,106,1-2 quarters,QLDNSW,NSW1-QLD1,QLD1,193,100,34750.76,0,2025-04-22,2025Q2,76575.72214,76521.31214,91894542.36,-71723.1949,0.0008333,1200,41824.96214,2.20356971
C2025Q1T12,A202412,2024-12-16,2025Q1,12,1,16,1-2 quarters,NSWQLD,NSW1-QLD1,NSW1,104,55,25000.23,0,2025-01-21,2025Q1,18935.69517,18919.90517,10415101.02,-340678.0137,0.0018181,550,-6064.53483,0.7574208385
C2025Q3T10,A202412,2024-12-16,2025Q3,10,3,197,3-4 quarters,VICNSW,VIC1-NSW1,VIC1,300,127,22652.66,0,,2025Q3,22344.42392,22308.10392,33519987.88,-960404.5204,0.0006666,1500,-308.23608,0.986392941
C2025Q3T10,A202412,2024-12-16,2025Q3,10,3,197,3-4 quarters,QLDNSW,NSW1-QLD1,QLD1,193,100,33250.76,0,,2025Q3,27523.15899,27490.89899,33029111.95,-633446.9347,0.0008333,1200,-5727.60101,0.8277452603
C2025Q3T10,A202412,2024-12-16,2025Q3,10,3,197,3-4 quarters,VICSA,V-SA,VIC1,114,73,17190,0,,2025Q3,18756.96128,18745.97128,16507050.32,-1410262.957,0.0011363,880,1566.96128,1.091155397
C2025Q4T11,A202506,2025-06-16,2025Q4,11,2,107,1-2 quarters,QLDNSW,NSW1-QLD1,QLD1,160,100,23000.84,0,,2025Q4,28968.33652,28943.99652,34763394.36,-517232.7462,0.0008333,1200,5967.49652,1.259446895
C2026Q1T10,A202506,2025-06-16,2026Q1,10,3,199,3-4 quarters,VICSA,V-SA,VIC1,113,73,17532.03,0,2026-01-21,2026Q1,64478.72354,64458.37354,56744454.4,-6273624.3,0.0011363,880,46946.69354,3.677767123
C2026Q1T10,A202506,2025-06-16,2026Q1,10,3,199,3-4 quarters,VICNSW,VIC1-NSW1,VIC1,205,125,16403.16,0,2026-01-21,2026Q1,14769.74213,14739.17213,22156828.88,-531428.8002,0.0006666,1500,-1633.41787,0.9004205367
C2026Q2T09,A202506,2025-06-16,2026Q2,9,4,289,3-4 quarters,QLDNSW,NSW1-QLD1,QLD1,147,100,32148.48,0,2026-04-22,2026Q2,12666.97721,12633.42721,15200980.69,-419634.266,0.0008333,1200,-19481.50279,0.3940148091
C2025Q1T12,A202412,2024-12-16,2025Q1,12,1,16,1-2 quarters,VICSA,V-SA,VIC1,122,77,21103,0,2025-01-21,2025Q1,16658.30021,16633.54021,14660125.15,-5823486.815,0.0011363,880,-4444.69979,0.7893806667
C2025Q1T12,A202412,2024-12-16,2025Q1,12,1,16,1-2 quarters,SAVIC,V-SA,SA1,133,70,7850,0,2025-01-21,2025Q1,2452.505264,2431.065264,1888430.941,-118787.1816,0.0012987,770,-5397.494736,0.3124210527
C2025Q1T12,A202412,2024-12-16,2025Q1,12,1,16,1-2 quarters,NSWVIC,VIC1-NSW1,NSW1,301,116,6651.1,0,2025-01-21,2025Q1,7172.927042,7151.667042,9325178.162,-15652985.77,0.0007692,1300,521.827042,1.078457254
C2026Q2T09,A202506,2025-06-16,2026Q2,9,4,289,3-4 quarters,VICSA,V-SA,VIC1,115,73,12370,0,2026-04-22,2026Q2,22224.92141,22209.97141,19559026.14,-300138.189,0.0011363,880,9854.92141,1.796679176
C2025Q1T12,A202412,2024-12-16,2025Q1,12,1,16,1-2 quarters,VICNSW,VIC1-NSW1,VIC1,219,125,21600,0,2025-01-21,2025Q1,13527.71289,13489.37289,20293598.69,-746592.7397,0.0006666,1500,-8072.28711,0.6262830042
C2025Q2T11,A202412,2024-12-16,2025Q2,11,2,106,1-2 quarters,NSWQLD,NSW1-QLD1,NSW1,66,45,5824,0,2025-04-22,2025Q2,2144.062835,2134.622835,1179287.627,-9604.28531,0.0018181,550,-3679.937165,0.3681426571
C2026Q2T07,A202412,2024-12-16,2026Q2,7,6,471,5-8 quarters,VICSA,V-SA,VIC1,98,73,15840,0,2026-04-22,2026Q2,22224.92141,22209.97141,19559026.14,-300138.189,0.0011363,880,6384.92141,1.403088473
C2026Q2T07,A202412,2024-12-16,2026Q2,7,6,471,5-8 quarters,NSWVIC,VIC1-NSW1,NSW1,135,113,3200,0,2026-04-22,2026Q2,1666.943884,1664.523884,2167113.734,-969142.0565,0.0007692,1300,-1533.056116,0.5209199638
C2026Q2T07,A202412,2024-12-16,2026Q2,7,6,471,5-8 quarters,VICNSW,VIC1-NSW1,VIC1,254,125,19219.2,0,2026-04-22,2026Q2,21024.95172,20989.90172,31540581.63,-479468.8901,0.0006666,1500,1805.75172,1.093955613
C2026Q2T09,A202506,2025-06-16,2026Q2,9,4,289,3-4 quarters,VICNSW,VIC1-NSW1,VIC1,197,125,16951.32,0,2026-04-22,2026Q2,21024.95172,20989.90172,31540581.63,-479468.8901,0.0006666,1500,4073.63172,1.24031354
C2025Q4T11,A202506,2025-06-16,2025Q4,11,2,107,1-2 quarters,NSWQLD,NSW1-QLD1,NSW1,57,45,9478.79,0,,2025Q4,8798.282638,8787.432638,4839273.218,-310906.141,0.0018181,550,-680.507362,0.9282073596
C2025Q3T12,A202506,2025-06-16,2025Q3,12,1,15,1-2 quarters,SAVIC,V-SA,SA1,118,66,5550,0,,2025Q3,7009.423024,6993.033024,5397261.126,-664154.2685,0.0012987,770,1459.423024,1.262959103
C2025Q3T12,A202506,2025-06-16,2025Q3,12,1,15,1-2 quarters,QLDNSW,NSW1-QLD1,QLD1,192,100,31051.93,0,,2025Q3,27523.15899,27490.89899,33029111.95,-633446.9347,0.0008333,1200,-3528.77101,0.886359044
C2025Q4T09,A202412,2024-12-16,2025Q4,9,4,289,3-4 quarters,VICSA,V-SA,VIC1,114,73,13862.8,0,,2025Q4,11264.61666,11249.59666,9913417.808,-2982204.908,0.0011363,880,-2598.18334,0.8125787474
C2026Q1T08,A202412,2024-12-16,2026Q1,8,5,381,5-8 quarters,NSWVIC,VIC1-NSW1,NSW1,141,117,5280,0,2026-01-21,2026Q1,1788.206745,1780.286745,2324761.759,-8705748.864,0.0007692,1300,-3491.793255,0.3386755199
C2026Q1T11,A202509,2025-09-15,2026Q1,11,2,108,1-2 quarters,QLDNSW,NSW1-QLD1,QLD1,155,100,24425.66,0,2026-01-21,2026Q1,25634.52275,25609.28275,30762657.8,-235637.7636,0.0008333,1200,1208.86275,1.049491508
C2025Q4T12,A202509,2025-09-15,2025Q4,12,1,16,1-2 quarters,NSWVIC,VIC1-NSW1,NSW1,157,124,2412,0,,2025Q4,3683.454487,3680.864487,4788682.38,-17546517.12,0.0007692,1300,1271.454487,1.527137018
C2025Q4T12,A202509,2025-09-15,2025Q4,12,1,16,1-2 quarters,SAVIC,V-SA,SA1,152,74,4822,0,,2025Q4,4616.855139,4603.285139,3554982.012,-467959.4055,0.0012987,770,-205.144861,0.9574564784
C2025Q4T12,A202509,2025-09-15,2025Q4,12,1,16,1-2 quarters,VICSA,V-SA,VIC1,114,77,9000.87,0,,2025Q4,11264.61666,11249.59666,9913417.808,-2982204.908,0.0011363,880,2263.74666,1.251503095
C2025Q4T12,A202509,2025-09-15,2025Q4,12,1,16,1-2 quarters,VICNSW,VIC1-NSW1,VIC1,293,131,19261.39,0,,2025Q4,21897.32549,21855.95549,32849273.16,-108577.0807,0.0006666,1500,2635.93549,1.136850741
C2026Q1T11,A202509,2025-09-15,2026Q1,11,2,108,1-2 quarters,NSWQLD,NSW1-QLD1,NSW1,82,55,21800.9,0,2026-01-21,2026Q1,10802.77683,10788.46683,5941794.639,-241856.379,0.0018181,550,-10998.12317,0.4955197643
C2025Q4T12,A202509,2025-09-15,2025Q4,12,1,16,1-2 quarters,QLDNSW,NSW1-QLD1,QLD1,170,100,24118,0,,2025Q4,28968.33652,28943.99652,34763394.36,-517232.7462,0.0008333,1200,4850.33652,1.201108571
C2025Q4T12,A202509,2025-09-15,2025Q4,12,1,16,1-2 quarters,NSWQLD,NSW1-QLD1,NSW1,73,56,10548,0,,2025Q4,8798.282638,8787.432638,4839273.218,-310906.141,0.0018181,550,-1749.717362,0.8341185664
C2026Q2T10,A202509,2025-09-15,2026Q2,10,3,198,3-4 quarters,NSWVIC,VIC1-NSW1,NSW1,130,108,4133,0,2026-04-22,2026Q2,1666.943884,1664.523884,2167113.734,-969142.0565,0.0007692,1300,-2466.056116,0.4033254014
C2026Q2T10,A202509,2025-09-15,2026Q2,10,3,198,3-4 quarters,VICSA,V-SA,VIC1,115,77,13360.88,0,2026-04-22,2026Q2,22224.92141,22209.97141,19559026.14,-300138.189,0.0011363,880,8864.04141,1.663432454
C2026Q2T10,A202509,2025-09-15,2026Q2,10,3,198,3-4 quarters,NSWQLD,NSW1-QLD1,NSW1,60,50,4368,0,2026-04-22,2026Q2,1626.556989,1618.676989,894646.6031,-4674.33756,0.0018181,550,-2741.443011,0.372380263
C2026Q2T10,A202509,2025-09-15,2026Q2,10,3,198,3-4 quarters,QLDNSW,NSW1-QLD1,QLD1,162,100,34345.4,0,2026-04-22,2026Q2,12666.97721,12633.42721,15200980.69,-419634.266,0.0008333,1200,-21678.42279,0.3688114627
C2026Q2T10,A202509,2025-09-15,2026Q2,10,3,198,3-4 quarters,SAVIC,V-SA,SA1,87,69,4705,0,2026-04-22,2026Q2,886.1430022,877.9230022,682330.794,-934458.6638,0.0012987,770,-3818.856998,0.1883407018
C2026Q1T11,A202509,2025-09-15,2026Q1,11,2,108,1-2 quarters,VICSA,V-SA,VIC1,113,73,19160.88,0,2026-01-21,2026Q1,64478.72354,64458.37354,56744454.4,-6273624.3,0.0011363,880,45317.84354,3.36512329
C2026Q1T11,A202509,2025-09-15,2026Q1,11,2,108,1-2 quarters,NSWVIC,VIC1-NSW1,NSW1,181,108,6502,0,2026-01-21,2026Q1,1788.206745,1780.286745,2324761.759,-8705748.864,0.0007692,1300,-4713.793255,0.2750241072
C2026Q1T11,A202509,2025-09-15,2026Q1,11,2,108,1-2 quarters,SAVIC,V-SA,SA1,89,64,5560,0,2026-01-21,2026Q1,781.6187197,771.6687197,601847.016,-374596.964,0.0012987,770,-4778.38128,0.1405789064
C2026Q1T11,A202509,2025-09-15,2026Q1,11,2,108,1-2 quarters,VICNSW,VIC1-NSW1,VIC1,223,125,16337,0,2026-01-21,2026Q1,14769.74213,14739.17213,22156828.88,-531428.8002,0.0006666,1500,-1567.25787,0.9040669725
C2026Q2T10,A202509,2025-09-15,2026Q2,10,3,198,3-4 quarters,VICNSW,VIC1-NSW1,VIC1,201,129,17240,0,2026-04-22,2026Q2,21024.95172,20989.90172,31540581.63,-479468.8901,0.0006666,1500,3784.95172,1.219544763
C2026Q1T09,A202503,2025-03-17,2026Q1,9,4,290,3-4 quarters,SAVIC,V-SA,SA1,81,64,6250,0,2026-01-21,2026Q1,781.6187197,771.6687197,601847.016,-374596.964,0.0012987,770,-5468.38128,0.1250589952
C2025Q4T10,A202503,2025-03-17,2025Q4,10,3,198,3-4 quarters,VICSA,V-SA,VIC1,113,93,12476.52,0,,2025Q4,11264.61666,11249.59666,9913417.808,-2982204.908,0.0011363,880,-1211.90334,0.9028652749
C2025Q4T10,A202503,2025-03-17,2025Q4,10,3,198,3-4 quarters,VICNSW,VIC1-NSW1,VIC1,287,125,17797.83,0,,2025Q4,21897.32549,21855.95549,32849273.16,-108577.0807,0.0006666,1500,4099.49549,1.230336816
C2026Q2T08,A202503,2025-03-17,2026Q2,8,5,380,5-8 quarters,VICNSW,VIC1-NSW1,VIC1,251,125,18834.81,0,2026-04-22,2026Q2,21024.95172,20989.90172,31540581.63,-479468.8901,0.0006666,1500,2190.14172,1.116281593
C2026Q1T09,A202503,2025-03-17,2026Q1,9,4,290,3-4 quarters,NSWVIC,VIC1-NSW1,NSW1,172,108,6000,0,2026-01-21,2026Q1,1788.206745,1780.286745,2324761.759,-8705748.864,0.0007692,1300,-4211.793255,0.2980344575
C2025Q4T10,A202503,2025-03-17,2025Q4,10,3,198,3-4 quarters,NSWVIC,VIC1-NSW1,NSW1,155,108,2865.54,0,,2025Q4,3683.454487,3680.864487,4788682.38,-17546517.12,0.0007692,1300,817.914487,1.285431188
C2026Q2T08,A202503,2025-03-17,2026Q2,8,5,380,5-8 quarters,NSWQLD,NSW1-QLD1,NSW1,45,45,5079.64,0,2026-04-22,2026Q2,1626.556989,1618.676989,894646.6031,-4674.33756,0.0018181,550,-3453.083011,0.3202110758
C2026Q2T08,A202503,2025-03-17,2026Q2,8,5,380,5-8 quarters,NSWVIC,VIC1-NSW1,NSW1,134,108,3306,0,2026-04-22,2026Q2,1666.943884,1664.523884,2167113.734,-969142.0565,0.0007692,1300,-1639.056116,0.5042177508
C2025Q4T10,A202503,2025-03-17,2025Q4,10,3,198,3-4 quarters,QLDNSW,NSW1-QLD1,QLD1,203,104,22000.16,0,,2025Q4,28968.33652,28943.99652,34763394.36,-517232.7462,0.0008333,1200,6968.17652,1.316732993
C2026Q1T09,A202503,2025-03-17,2026Q1,9,4,290,3-4 quarters,NSWQLD,NSW1-QLD1,NSW1,45,45,19744,0,2026-01-21,2026Q1,10802.77683,10788.46683,5941794.639,-241856.379,0.0018181,550,-8941.22317,0.5471422625
C2025Q3T11,A202503,2025-03-17,2025Q3,11,2,106,1-2 quarters,NSWVIC,VIC1-NSW1,NSW1,235,113,4449.12,0,,2025Q3,4224.008154,4221.148154,5491430.257,-522593.1659,0.0007692,1300,-225.111846,0.9494030626
C2026Q2T08,A202503,2025-03-17,2026Q2,8,5,380,5-8 quarters,QLDNSW,NSW1-QLD1,QLD1,151,106,34944,0,2026-04-22,2026Q2,12666.97721,12633.42721,15200980.69,-419634.266,0.0008333,1200,-22277.02279,0.3624936244
C2026Q2T08,A202503,2025-03-17,2026Q2,8,5,380,5-8 quarters,SAVIC,V-SA,SA1,78,73,5118,0,2026-04-22,2026Q2,886.1430022,877.9230022,682330.794,-934458.6638,0.0012987,770,-4231.856998,0.1731424389
C2026Q2T08,A202503,2025-03-17,2026Q2,8,5,380,5-8 quarters,VICSA,V-SA,VIC1,125,75,14256,0,2026-04-22,2026Q2,22224.92141,22209.97141,19559026.14,-300138.189,0.0011363,880,7968.92141,1.558987192
C2026Q1T09,A202503,2025-03-17,2026Q1,9,4,290,3-4 quarters,QLDNSW,NSW1-QLD1,QLD1,127,105,24883.37,0,2026-01-21,2026Q1,25634.52275,25609.28275,30762657.8,-235637.7636,0.0008333,1200,751.15275,1.030186938
C2026Q1T09,A202503,2025-03-17,2026Q1,9,4,290,3-4 quarters,VICNSW,VIC1-NSW1,VIC1,194,125,17998.56,0,2026-01-21,2026Q1,14769.74213,14739.17213,22156828.88,-531428.8002,0.0006666,1500,-3228.81787,0.820606878
C2025Q2T12,A202503,2025-03-17,2025Q2,12,1,15,1-2 quarters,VICSA,V-SA,VIC1,139,84,15912.92,0,2025-04-22,2025Q2,11553.78408,11534.59408,10167899.4,-1288770.665,0.0011363,880,-4359.13592,0.7260631034
C2026Q1T09,A202503,2025-03-17,2026Q1,9,4,290,3-4 quarters,VICSA,V-SA,VIC1,131,77,22680,0,2026-01-21,2026Q1,64478.72354,64458.37354,56744454.4,-6273624.3,0.0011363,880,41798.72354,2.842977228
C2025Q3T11,A202503,2025-03-17,2025Q3,11,2,106,1-2 quarters,VICSA,V-SA,VIC1,144,111,17000.91,0,,2025Q3,18756.96128,18745.97128,16507050.32,-1410262.957,0.0011363,880,1756.05128,1.103291605
C2025Q3T11,A202503,2025-03-17,2025Q3,11,2,106,1-2 quarters,VICNSW,VIC1-NSW1,VIC1,286,129,21520.02,0,,2025Q3,22344.42392,22308.10392,33519987.88,-960404.5204,0.0006666,1500,824.40392,1.038308697
C2025Q4T10,A202503,2025-03-17,2025Q4,10,3,198,3-4 quarters,NSWQLD,NSW1-QLD1,NSW1,46,45,10532,0,,2025Q4,8798.282638,8787.432638,4839273.218,-310906.141,0.0018181,550,-1733.717362,0.8353857423
C2025Q3T11,A202503,2025-03-17,2025Q3,11,2,106,1-2 quarters,QLDNSW,NSW1-QLD1,QLD1,205,124,34502.14,0,,2025Q3,27523.15899,27490.89899,33029111.95,-633446.9347,0.0008333,1200,-6978.98101,0.7977232424
C2025Q2T12,A202503,2025-03-17,2025Q2,12,1,15,1-2 quarters,QLDNSW,NSW1-QLD1,QLD1,206,122,37529.51,0,2025-04-22,2025Q2,76575.72214,76521.31214,91894542.36,-71723.1949,0.0008333,1200,39046.21214,2.040413588
C2025Q2T12,A202503,2025-03-17,2025Q2,12,1,15,1-2 quarters,NSWQLD,NSW1-QLD1,NSW1,65,55,5500,0,2025-04-22,2025Q2,2144.062835,2134.622835,1179287.627,-9604.28531,0.0018181,550,-3355.937165,0.3898296064
C2025Q3T11,A202503,2025-03-17,2025Q3,11,2,106,1-2 quarters,SAVIC,V-SA,SA1,178,90,6220.06,0,,2025Q3,7009.423024,6993.033024,5397261.126,-664154.2685,0.0012987,770,789.363024,1.126906014
C2025Q2T12,A202503,2025-03-17,2025Q2,12,1,15,1-2 quarters,SAVIC,V-SA,SA1,118,75,6371.56,0,2025-04-22,2025Q2,3651.318918,3625.128918,2811518.378,-758651.3888,0.0012987,770,-2720.241082,0.5730651391
C2025Q2T12,A202503,2025-03-17,2025Q2,12,1,15,1-2 quarters,VICNSW,VIC1-NSW1,VIC1,294,133,17618,0,2025-04-22,2025Q2,15520.37088,15472.20088,23282884.61,-553363.6459,0.0006666,1500,-2097.62912,0.8809382949
C2025Q2T12,A202503,2025-03-17,2025Q2,12,1,15,1-2 quarters,NSWVIC,VIC1-NSW1,NSW1,211,122,4500,0,2025-04-22,2025Q2,5995.36704,5989.69704,7794288.924,-19121730.95,0.0007692,1300,1495.36704,1.332303787
C2025Q3T11,A202503,2025-03-17,2025Q3,11,2,106,1-2 quarters,NSWQLD,NSW1-QLD1,NSW1,59,45,5000,0,,2025Q3,803.2169412,798.1569412,441789.1982,-7586.40288,0.0018181,550,-4196.783059,0.1606433882
C2025Q4T10,A202503,2025-03-17,2025Q4,10,3,198,3-4 quarters,SAVIC,V-SA,SA1,131,91,5103,0,,2025Q4,4616.855139,4603.285139,3554982.012,-467959.4055,0.0012987,770,-486.144861,0.9047335173
C2021Q4T09,,,2021Q4,9,4,,3-4 quarters,QLDNSW,NSW1-QLD1,QLD1,155,100,12250,0,,2021Q4,3269.388248,3269.388248,3923265.898,-5591737.346,0.0008333333333,1200,-8980.611752,0.2668888366
C2021Q4T09,,,2021Q4,9,4,,3-4 quarters,NSWQLD,NSW1-QLD1,NSW1,120,51,804,0,,2021Q4,18285.54244,18285.54244,10057048.34,-42611.49115,0.001818181818,550,17481.54244,22.74321199
C2022Q2T07,,,2022Q2,7,6,,5-8 quarters,VICNSW,VIC1-NSW1,VIC1,175,125,7772.16,0,,2022Q2,60576.67997,60576.67997,90865019.95,-115547.2401,0.0006666666667,1500,52804.51997,7.79405982
C2022Q2T07,,,2022Q2,7,6,,5-8 quarters,NSWVIC,VIC1-NSW1,NSW1,183,108,740.88,0,,2022Q2,1448.795264,1448.795264,1883433.844,-2260667.751,0.0007692307692,1300,707.915264,1.955505971
C2022Q2T07,,,2022Q2,7,6,,5-8 quarters,VICSA,V-SA,VIC1,93,73,1668.35,0,,2022Q2,25123.093,25123.093,22108321.84,-443010.2811,0.001136363636,880,23454.743,15.05864657
C2022Q2T07,,,2022Q2,7,6,,5-8 quarters,SAVIC,V-SA,SA1,128,78,4000,0,,2022Q2,11307.71334,11307.71334,8706939.275,-1997662.339,0.001298701299,770,7307.71334,2.826928335
C2022Q2T07,,,2022Q2,7,6,,5-8 quarters,QLDNSW,NSW1-QLD1,QLD1,155,100,11067.5,0,,2022Q2,21306.78607,21306.78607,25568143.28,-4550871.266,0.0008333333333,1200,10239.28607,1.925167027
C2022Q2T07,,,2022Q2,7,6,,5-8 quarters,NSWQLD,NSW1-QLD1,NSW1,45,45,401,0,,2022Q2,10915.44025,10915.44025,6003492.136,-1052269.965,0.001818181818,550,10514.44025,27.22054925
C2022Q1T08,,,2022Q1,8,5,,5-8 quarters,VICNSW,VIC1-NSW1,VIC1,170,125,11224,0,,2022Q1,17938.82078,17938.82078,26908231.17,-1575501.993,0.0006666666667,1500,6714.82078,1.598255593
C2022Q1T08,,,2022Q1,8,5,,5-8 quarters,NSWVIC,VIC1-NSW1,NSW1,203,108,6600,0,,2022Q1,958.2170969,958.2170969,1245682.226,-5996200.974,0.0007692307692,1300,-5641.782903,0.1451844086
C2022Q1T08,,,2022Q1,8,5,,5-8 quarters,VICSA,V-SA,VIC1,93,73,6004,0,,2022Q1,15132.67012,15132.67012,13316749.7,-109035.5434,0.001136363636,880,9128.67012,2.520431399
C2022Q1T08,,,2022Q1,8,5,,5-8 quarters,SAVIC,V-SA,SA1,94,64,5878.01,0,,2022Q1,3748.196496,3748.196496,2886111.302,-445724.687,0.001298701299,770,-2129.813504,0.6376641918
C2022Q1T08,,,2022Q1,8,5,,5-8 quarters,QLDNSW,NSW1-QLD1,QLD1,173,100,17800.96,0,,2022Q1,1948.653251,1948.653251,2338383.901,-1250147.438,0.0008333333333,1200,-15852.30675,0.1094689978
C2022Q1T08,,,2022Q1,8,5,,5-8 quarters,NSWQLD,NSW1-QLD1,NSW1,66,45,2585,0,,2022Q1,43129.47813,43129.47813,23721212.97,-401500.1266,0.001818181818,550,40544.47813,16.68451765
C2021Q4T09,,,2021Q4,9,4,,3-4 quarters,VICNSW,VIC1-NSW1,VIC1,170,125,7501,0,,2021Q4,24177.51433,24177.51433,36266271.49,-62334.79612,0.0006666666667,1500,16676.51433,3.223238812
C2021Q4T09,,,2021Q4,9,4,,3-4 quarters,NSWVIC,VIC1-NSW1,NSW1,158,108,1323.52,0,,2021Q4,227.619495,227.619495,295905.3435,-3952393.238,0.0007692307692,1300,-1095.900505,0.171980397
C2021Q4T09,,,2021Q4,9,4,,3-4 quarters,VICSA,V-SA,VIC1,167,73,2127.76,0,,2021Q4,20367.8606,20367.8606,17923717.33,-108114.5271,0.001136363636,880,18240.1006,9.572442663
C2021Q4T09,,,2021Q4,9,4,,3-4 quarters,SAVIC,V-SA,SA1,114,64,5318,0,,2021Q4,6991.416142,6991.416142,5383390.429,-138640.858,0.001298701299,770,1673.416142,1.314670203
C2023Q1T04,,,2023Q1,4,9,,9-12 quarters,VICSA,V-SA,VIC1,93,73,6004,0,,2023Q1,25070.70156,25032.74156,22063452.92,-107315.1492,0.0011363,880,19066.70156,4.175666482
C2023Q1T04,,,2023Q1,4,9,,9-12 quarters,SAVIC,V-SA,SA1,74,64,5668,0,,2023Q1,3934.881884,3913.261884,3029862.08,-164048.4484,0.0012987,770,-1733.118116,0.694227573
C2023Q1T04,,,2023Q1,4,9,,9-12 quarters,QLDNSW,NSW1-QLD1,QLD1,100,100,15996.96,0,,2023Q1,12121.60799,12078.14799,14546511.45,-2423562.747,0.0008333,1200,-3875.35201,0.7577444708
C2023Q1T04,,,2023Q1,4,9,,9-12 quarters,NSWQLD,NSW1-QLD1,NSW1,57,45,3001,0,,2023Q1,11892.6708,11873.2208,6541263.295,-371597.8452,0.0018181,550,8891.6708,3.962902632
C2022Q4T05,,,2022Q4,5,8,,5-8 quarters,VICNSW,VIC1-NSW1,VIC1,168,125,8950.99,0,,2022Q4,38473.51859,38450.30859,57716049.48,-38402.48838,0.0006666,1500,29522.52859,4.298241713
C2022Q4T05,,,2022Q4,5,8,,5-8 quarters,NSWVIC,VIC1-NSW1,NSW1,158,108,1197.25,0,,2022Q4,1268.488005,1252.768005,1649100.37,-6513081.518,0.0007692,1300,71.238005,1.059501361
C2022Q4T05,,,2022Q4,5,8,,5-8 quarters,VICSA,V-SA,VIC1,93,73,2450,0,,2022Q4,11429.02034,11389.49034,10058101.16,-1008758.355,0.0011363,880,8979.02034,4.664906261
C2022Q4T05,,,2022Q4,5,8,,5-8 quarters,SAVIC,V-SA,SA1,90,64,5039.85,0,,2022Q4,10944.07892,10919.73892,8426949.194,-873337.1411,0.0012987,770,5904.22892,2.171508858
C2022Q4T05,,,2022Q4,5,8,,5-8 quarters,QLDNSW,NSW1-QLD1,QLD1,130,100,11956.92,0,,2022Q4,9724.020811,9678.370811,11669291.74,-1211406.633,0.0008333,1200,-2232.899189,0.8132546518
C2022Q4T05,,,2022Q4,5,8,,5-8 quarters,NSWQLD,NSW1-QLD1,NSW1,55,45,1503.03,0,,2022Q4,12711.39529,12697.60529,6991582.033,-86580.27895,0.0018181,550,11208.36529,8.457180023
C2022Q3T06,,,2022Q3,6,7,,5-8 quarters,VICNSW,VIC1-NSW1,VIC1,150,125,8501,0,,2022Q3,40085.17021,40066.20021,60133768.69,-222429.4908,0.0006666,1500,31584.17021,4.715347631
C2022Q3T06,,,2022Q3,6,7,,5-8 quarters,NSWVIC,VIC1-NSW1,NSW1,183,108,875,0,,2022Q3,5318.137797,5305.647797,6913855.691,-1605949.241,0.0007692,1300,4443.137797,6.077871768
C2022Q3T06,,,2022Q3,6,7,,5-8 quarters,VICSA,V-SA,VIC1,93,73,1750,0,,2022Q3,34342.68,34289.55,30223250.9,-759920.8238,0.0011363,880,32592.68,19.62438857
C2022Q3T06,,,2022Q3,6,7,,5-8 quarters,SAVIC,V-SA,SA1,94,64,5204,0,,2022Q3,12640.70844,12619.53844,9733355.235,-1249245.028,0.0012987,770,7436.70844,2.429036979
C2022Q3T06,,,2022Q3,6,7,,5-8 quarters,QLDNSW,NSW1-QLD1,QLD1,130,100,11901.12,0,,2022Q3,40204.14393,40153.86393,48246902.59,-2836506.844,0.0008333,1200,28303.02393,3.378181543
C2022Q3T06,,,2022Q3,6,7,,5-8 quarters,NSWQLD,NSW1-QLD1,NSW1,45,45,501,0,,2022Q3,13021.69818,13016.11818,7162256.301,-250036.4044,0.0018181,550,12520.69818,25.99141353
C2023Q4T01,,,2023Q4,1,12,,9-12 quarters,QLDNSW,NSW1-QLD1,QLD1,100,100,12400.96,0,2023-10-19,2023Q4,15846.75655,15781.09655,19016868.53,-306712.8168,0.0008333,1200,3445.79655,1.277865306
C2023Q4T01,,,2023Q4,1,12,,9-12 quarters,NSWQLD,NSW1-QLD1,NSW1,45,45,1301,0,2023-10-19,2023Q4,20079.48513,20073.53513,11044213.81,-112892.4539,0.0018181,550,18778.48513,15.43388557
C2023Q3T02,,,2023Q3,2,11,,9-12 quarters,VICNSW,VIC1-NSW1,VIC1,150,125,7744,0,,2023Q3,32415.88534,32388.22534,48628690.88,-196728.5106,0.0006666,1500,24671.88534,4.185935607
C2023Q3T02,,,2023Q3,2,11,,9-12 quarters,NSWVIC,VIC1-NSW1,NSW1,138,108,660.66,0,,2023Q3,702.4189755,689.6389755,913181.1955,-2736018.065,0.0007692,1300,41.7589755,1.063207967
C2023Q3T02,,,2023Q3,2,11,,9-12 quarters,VICSA,V-SA,VIC1,93,73,1435.2,0,,2023Q3,31778.37814,31763.72814,27966538.89,-316818.7999,0.0011363,880,30343.17814,22.14212524
C2023Q3T02,,,2023Q3,2,11,,9-12 quarters,SAVIC,V-SA,SA1,74,64,3920,0,,2023Q3,3151.352892,3106.312892,2426544.153,-292606.2394,0.0012987,770,-768.647108,0.8039165541
C2023Q3T02,,,2023Q3,2,11,,9-12 quarters,QLDNSW,NSW1-QLD1,QLD1,100,100,12984,0,,2023Q3,23449.50542,23370.84542,28140532.13,-211685.871,0.0008333,1200,10465.50542,1.806030917
C2023Q3T02,,,2023Q3,2,11,,9-12 quarters,NSWQLD,NSW1-QLD1,NSW1,45,45,401,0,,2023Q3,1295.339161,1292.259161,712468.5997,-32267.57561,0.0018181,550,894.339161,3.230272222
C2023Q2T03,,,2023Q2,3,10,,9-12 quarters,VICNSW,VIC1-NSW1,VIC1,150,125,7407,0,,2023Q2,38487.74346,38465.65346,57737388.94,-189060.6748,0.0006666,1500,31080.74346,5.196131154
C2023Q2T03,,,2023Q2,3,10,,9-12 quarters,NSWVIC,VIC1-NSW1,NSW1,188,108,562.5,0,,2023Q2,1726.972364,1713.392364,2245153.879,-6651024.676,0.0007692,1300,1164.472364,3.070173092
C2023Q2T03,,,2023Q2,3,10,,9-12 quarters,VICSA,V-SA,VIC1,93,73,1454,0,,2023Q2,21253.57823,21235.88823,18704196.28,-82598.34569,0.0011363,880,19799.57823,14.61731653
C2023Q2T03,,,2023Q2,3,10,,9-12 quarters,SAVIC,V-SA,SA1,91,81,3124,0,,2023Q2,5255.116713,5224.786713,4046443.916,-282993.0925,0.0012987,770,2131.116713,1.682175644
C2023Q2T03,,,2023Q2,3,10,,9-12 quarters,QLDNSW,NSW1-QLD1,QLD1,100,100,12839,0,,2023Q2,23914.6057,23848.3257,28698674.79,-763888.2445,0.0008333,1200,11075.6057,1.862653299
C2023Q2T03,,,2023Q2,3,10,,9-12 quarters,NSWQLD,NSW1-QLD1,NSW1,45,45,404,0,,2023Q2,6597.225591,6593.765591,3628637.364,-81704.02754,0.0018181,550,6193.225591,16.32976631
C2023Q1T04,,,2023Q1,4,9,,9-12 quarters,VICNSW,VIC1-NSW1,VIC1,145,125,11375.99,0,,2023Q1,21286.31693,21267.85693,31932668.67,-114688.3159,0.0006666,1500,9910.32693,1.871161713
C2023Q1T04,,,2023Q1,4,9,,9-12 quarters,NSWVIC,VIC1-NSW1,NSW1,158,108,5625,0,,2023Q1,2218.662343,2195.152343,2884376.422,-8148785.915,0.0007692,1300,-3406.337657,0.394428861
C2023Q4T01,,,2023Q4,1,12,,9-12 quarters,VICNSW,VIC1-NSW1,VIC1,125,125,7473,0,2023-10-19,2023Q4,17962.22426,17930.08426,26946030.99,-97108.69801,0.0006666,1500,10489.22426,2.403616253
C2023Q4T01,,,2023Q4,1,12,,9-12 quarters,NSWVIC,VIC1-NSW1,NSW1,108,108,1001,0,2023-10-19,2023Q4,1138.620464,1122.140464,1480265.814,-14285737.73,0.0007692,1300,137.620464,1.137482981
C2023Q4T01,,,2023Q4,1,12,,9-12 quarters,VICSA,V-SA,VIC1,73,73,1840.35,0,2023-10-19,2023Q4,7851.926933,7835.156933,6910082.666,-92884.51894,0.0011363,880,6011.576933,4.266540024
C2023Q4T01,,,2023Q4,1,12,,9-12 quarters,SAVIC,V-SA,SA1,64,64,4000,0,2023-10-19,2023Q4,5450.223568,5401.963568,4196676.344,-159856.5794,0.0012987,770,1450.223568,1.362555892
C2024Q2T02,,,2024Q2,2,11,,9-12 quarters,NSWQLD,NSW1-QLD1,NSW1,45,45,2000,0,2024-04-19,2024Q2,1482.892377,1480.752377,815627.5104,-3128.56385,0.0018181,550,-517.107623,0.7414461885
C2024Q2T02,,,2024Q2,2,11,,9-12 quarters,QLDNSW,NSW1-QLD1,QLD1,100,100,20407.93,0,2024-04-19,2024Q2,85873.03277,85798.97277,103051761.4,-114311.6469,0.0008333,1200,65465.10277,4.207826701
C2024Q2T02,,,2024Q2,2,11,,9-12 quarters,SAVIC,V-SA,SA1,82,64,3186.17,0,2024-04-19,2024Q2,4694.427276,4653.297276,3614712.617,-106888.0074,0.0012987,770,1508.257276,1.473376272
C2024Q2T02,,,2024Q2,2,11,,9-12 quarters,VICSA,V-SA,VIC1,73,73,5460,0,2024-04-19,2024Q2,9559.045067,9545.205067,8412430.755,-41533.71536,0.0011363,880,4099.045067,1.750740855
C2024Q2T02,,,2024Q2,2,11,,9-12 quarters,NSWVIC,VIC1-NSW1,NSW1,164,108,1004,0,2024-04-19,2024Q2,8955.377098,8944.877098,11642455.93,-5801493.53,0.0007692,1300,7951.377098,8.919698305
C2024Q3T01,,,2024Q3,1,12,,9-12 quarters,NSWQLD,NSW1-QLD1,NSW1,45,45,2000,0,,2024Q3,4735.922202,4732.102202,2604874.431,-32275.55841,0.0018181,550,2735.922202,2.367961101
C2024Q3T01,,,2024Q3,1,12,,9-12 quarters,QLDNSW,NSW1-QLD1,QLD1,100,100,19125.36,0,,2024Q3,41732.77095,41668.60095,50081328.39,-573776.7767,0.0008333,1200,22607.41095,2.182064596
C2024Q3T01,,,2024Q3,1,12,,9-12 quarters,SAVIC,V-SA,SA1,64,64,3746.4,0,,2024Q3,15957.19984,15915.66984,12287056.16,-403006.2546,0.0012987,770,12210.79984,4.259342259
C2024Q3T01,,,2024Q3,1,12,,9-12 quarters,VICSA,V-SA,VIC1,73,73,6000,0,,2024Q3,49657.91789,49644.96789,43701415.02,-79170.14281,0.0011363,880,43657.91789,8.276319648
C2024Q3T01,,,2024Q3,1,12,,9-12 quarters,NSWVIC,VIC1-NSW1,NSW1,108,108,1046.85,0,,2024Q3,6762.788538,6754.518538,8791976.778,-1592600.535,0.0007692,1300,5715.938538,6.460131383
C2024Q1T03,,,2024Q1,3,10,,9-12 quarters,SAVIC,V-SA,SA1,68,64,4754,0,2024-01-19,2024Q1,9577.488781,9546.928781,7374673.736,-2048632.594,0.0012987,770,4823.488781,2.014616908
C2024Q1T03,,,2024Q1,3,10,,9-12 quarters,VICSA,V-SA,VIC1,85,73,9761,0,2024-01-19,2024Q1,16380.74603,16353.28603,14415863.79,-2051072.022,0.0011363,880,6619.74603,1.678183181
C2024Q1T03,,,2024Q1,3,10,,9-12 quarters,NSWVIC,VIC1-NSW1,NSW1,114,108,4620.43,0,2024-01-19,2024Q1,15078.33402,15051.73402,19602618.33,-13860972.64,0.0007692,1300,10457.90402,3.263404926
C2024Q1T03,,,2024Q1,3,10,,9-12 quarters,VICNSW,VIC1-NSW1,VIC1,133,133,20334.59,0,2024-01-19,2024Q1,17140.54197,17112.66197,25713384.3,-4021161.847,0.0006666,1500,-3194.04803,0.8429253784
C2023Q4T04,,,2023Q4,4,9,,9-12 quarters,SAVIC,V-SA,SA1,90,64,4452,0,2023-10-19,2023Q4,5450.223568,5401.963568,4196676.344,-159856.5794,0.0012987,770,998.223568,1.22421913
C2023Q4T04,,,2023Q4,4,9,,9-12 quarters,VICSA,V-SA,VIC1,87,73,7728,0,2023-10-19,2023Q4,7851.926933,7835.156933,6910082.666,-92884.51894,0.0011363,880,123.926933,1.016036094
C2023Q3T05,,,2023Q3,5,8,,5-8 quarters,NSWQLD,NSW1-QLD1,NSW1,51,45,2000,0,,2023Q3,1295.339161,1292.259161,712468.5997,-32267.57561,0.0018181,550,-704.660839,0.6476695805
C2023Q3T05,,,2023Q3,5,8,,5-8 quarters,QLDNSW,NSW1-QLD1,QLD1,126,100,19125.36,0,,2023Q3,23449.50542,23370.84542,28140532.13,-211685.871,0.0008333,1200,4324.14542,1.226094851
C2023Q3T05,,,2023Q3,5,8,,5-8 quarters,SAVIC,V-SA,SA1,114,64,4080.9,0,,2023Q3,3151.352892,3106.312892,2426544.153,-292606.2394,0.0012987,770,-929.547108,0.772220072
C2023Q3T05,,,2023Q3,5,8,,5-8 quarters,VICSA,V-SA,VIC1,96,73,5931,0,,2023Q3,31778.37814,31763.72814,27966538.89,-316818.7999,0.0011363,880,25847.37814,5.358013512
C2023Q3T05,,,2023Q3,5,8,,5-8 quarters,NSWVIC,VIC1-NSW1,NSW1,154,108,1104,0,,2023Q3,702.4189755,689.6389755,913181.1955,-2736018.065,0.0007692,1300,-401.5810245,0.636249072
C2023Q3T05,,,2023Q3,5,8,,5-8 quarters,VICNSW,VIC1-NSW1,VIC1,191,125,15226.64,0,,2023Q3,32415.88534,32388.22534,48628690.88,-196728.5106,0.0006666,1500,17189.24534,2.128892871
C2023Q4T04,,,2023Q4,4,9,,9-12 quarters,NSWQLD,NSW1-QLD1,NSW1,45,45,3343.47,0,2023-10-19,2023Q4,20079.48513,20073.53513,11044213.81,-112892.4539,0.0018181,550,16736.01513,6.005582562
C2022Q3T09,,,2022Q3,9,4,,3-4 quarters,NSWVIC,VIC1-NSW1,NSW1,272,108,1204,0,,2022Q3,5318.137797,5305.647797,6913855.691,-1605949.241,0.0007692,1300,4114.137797,4.417057971
C2022Q3T09,,,2022Q3,9,4,,3-4 quarters,VICNSW,VIC1-NSW1,VIC1,201,125,13616.76,0,,2022Q3,40085.17021,40066.20021,60133768.69,-222429.4908,0.0006666,1500,26468.41021,2.943811172
C2022Q4T08,,,2022Q4,8,5,,5-8 quarters,NSWQLD,NSW1-QLD1,NSW1,45,45,4007.9,0,,2022Q4,12711.39529,12697.60529,6991582.033,-86580.27895,0.0018181,550,8703.49529,3.171584942
C2022Q4T08,,,2022Q4,8,5,,5-8 quarters,QLDNSW,NSW1-QLD1,QLD1,201,100,12474.59,0,,2022Q4,9724.020811,9678.370811,11669291.74,-1211406.633,0.0008333,1200,-2750.569189,0.7795062452
C2022Q4T08,,,2022Q4,8,5,,5-8 quarters,SAVIC,V-SA,SA1,85,64,5036,0,,2022Q4,10944.07892,10919.73892,8426949.194,-873337.1411,0.0012987,770,5908.07892,2.173168967
C2022Q4T08,,,2022Q4,8,5,,5-8 quarters,VICSA,V-SA,VIC1,147,73,6731,0,,2022Q4,11429.02034,11389.49034,10058101.16,-1008758.355,0.0011363,880,4698.02034,1.697967663
C2022Q4T08,,,2022Q4,8,5,,5-8 quarters,NSWVIC,VIC1-NSW1,NSW1,174,108,1078,0,,2022Q4,1268.488005,1252.768005,1649100.37,-6513081.518,0.0007692,1300,190.488005,1.176705014
C2022Q4T08,,,2022Q4,8,5,,5-8 quarters,VICNSW,VIC1-NSW1,VIC1,258,125,16782.7,0,,2022Q4,38473.51859,38450.30859,57716049.48,-38402.48838,0.0006666,1500,21690.81859,2.292451071
C2023Q1T07,,,2023Q1,7,6,,5-8 quarters,NSWQLD,NSW1-QLD1,NSW1,45,45,6133.29,0,,2023Q1,11892.6708,11873.2208,6541263.295,-371597.8452,0.0018181,550,5759.3808,1.939036113
C2023Q1T07,,,2023Q1,7,6,,5-8 quarters,QLDNSW,NSW1-QLD1,QLD1,242,110,18000,0,,2023Q1,12121.60799,12078.14799,14546511.45,-2423562.747,0.0008333,1200,-5878.39201,0.6734226661
C2023Q1T07,,,2023Q1,7,6,,5-8 quarters,SAVIC,V-SA,SA1,81,64,6000,0,,2023Q1,3934.881884,3913.261884,3029862.08,-164048.4484,0.0012987,770,-2065.118116,0.6558136473
C2023Q2T06,,,2023Q2,6,7,,5-8 quarters,QLDNSW,NSW1-QLD1,QLD1,157,100,17909.89,0,,2023Q2,23914.6057,23848.3257,28698674.79,-763888.2445,0.0008333,1200,6004.7157,1.335273734
C2023Q2T06,,,2023Q2,6,7,,5-8 quarters,SAVIC,V-SA,SA1,133,64,3548.44,0,,2023Q2,5255.116713,5224.786713,4046443.916,-282993.0925,0.0012987,770,1706.676713,1.480965357
C2023Q2T06,,,2023Q2,6,7,,5-8 quarters,VICSA,V-SA,VIC1,106,73,5460,0,,2023Q2,21253.57823,21235.88823,18704196.28,-82598.34569,0.0011363,880,15793.57823,3.892596745
C2023Q2T06,,,2023Q2,6,7,,5-8 quarters,NSWVIC,VIC1-NSW1,NSW1,301,108,1004,0,,2023Q2,1726.972364,1713.392364,2245153.879,-6651024.676,0.0007692,1300,722.972364,1.720091996
C2023Q2T06,,,2023Q2,6,7,,5-8 quarters,VICNSW,VIC1-NSW1,VIC1,192,125,15441.4,0,,2023Q2,38487.74346,38465.65346,57737388.94,-189060.6748,0.0006666,1500,23046.34346,2.492503495
C2023Q1T07,,,2023Q1,7,6,,5-8 quarters,NSWVIC,VIC1-NSW1,NSW1,118,108,4989.6,0,,2023Q1,2218.662343,2195.152343,2884376.422,-8148785.915,0.0007692,1300,-2770.937657,0.4446573559
C2023Q1T07,,,2023Q1,7,6,,5-8 quarters,VICNSW,VIC1-NSW1,VIC1,202,130,19250.87,0,,2023Q1,21286.31693,21267.85693,31932668.67,-114688.3159,0.0006666,1500,2035.44693,1.105732724
C2023Q2T06,,,2023Q2,6,7,,5-8 quarters,NSWQLD,NSW1-QLD1,NSW1,47,45,2000,0,,2023Q2,6597.225591,6593.765591,3628637.364,-81704.02754,0.0018181,550,4597.225591,3.298612795
C2021Q4T12,,,2021Q4,12,1,,1-2 quarters,VICNSW,VIC1-NSW1,VIC1,281,125,15500,0,,2021Q4,24177.51433,24177.51433,36266271.49,-62334.79612,0.0006666666667,1500,8677.51433,1.559839634
C2022Q1T11,,,2022Q1,11,2,,1-2 quarters,NSWQLD,NSW1-QLD1,NSW1,48,45,6584,0,,2022Q1,43129.47813,43129.47813,23721212.97,-401500.1266,0.001818181818,550,36545.47813,6.550649777
C2022Q1T11,,,2022Q1,11,2,,1-2 quarters,QLDNSW,NSW1-QLD1,QLD1,224,103,14560.59,0,,2022Q1,1948.653251,1948.653251,2338383.901,-1250147.438,0.0008333333333,1200,-12611.93675,0.1338306518
C2022Q1T11,,,2022Q1,11,2,,1-2 quarters,SAVIC,V-SA,SA1,97,65,6277.7,0,,2022Q1,3748.196496,3748.196496,2886111.302,-445724.687,0.001298701299,770,-2529.503504,0.5970652462
C2022Q1T11,,,2022Q1,11,2,,1-2 quarters,VICSA,V-SA,VIC1,96,74,10296,0,,2022Q1,15132.67012,15132.67012,13316749.7,-109035.5434,0.001136363636,880,4836.67012,1.469762055
C2022Q1T11,,,2022Q1,11,2,,1-2 quarters,NSWVIC,VIC1-NSW1,NSW1,226,128,4860,0,,2022Q1,958.2170969,958.2170969,1245682.226,-5996200.974,0.0007692307692,1300,-3901.782903,0.1971640117
C2022Q1T11,,,2022Q1,11,2,,1-2 quarters,VICNSW,VIC1-NSW1,VIC1,267,144,17380.87,0,,2022Q1,17938.82078,17938.82078,26908231.17,-1575501.993,0.0006666666667,1500,557.95078,1.03210143
C2022Q2T10,,,2022Q2,10,3,,3-4 quarters,NSWQLD,NSW1-QLD1,NSW1,45,45,2750,0,,2022Q2,10915.44025,10915.44025,6003492.136,-1052269.965,0.001818181818,550,8165.44025,3.969251
C2022Q2T10,,,2022Q2,10,3,,3-4 quarters,QLDNSW,NSW1-QLD1,QLD1,187,100,13750,0,,2022Q2,21306.78607,21306.78607,25568143.28,-4550871.266,0.0008333333333,1200,7556.78607,1.549584441
C2022Q2T10,,,2022Q2,10,3,,3-4 quarters,SAVIC,V-SA,SA1,90,64,3841,0,,2022Q2,11307.71334,11307.71334,8706939.275,-1997662.339,0.001298701299,770,7466.71334,2.943950362
C2022Q2T10,,,2022Q2,10,3,,3-4 quarters,VICSA,V-SA,VIC1,167,82,5171.02,0,,2022Q2,25123.093,25123.093,22108321.84,-443010.2811,0.001136363636,880,19952.073,4.858440501
C2022Q2T10,,,2022Q2,10,3,,3-4 quarters,NSWVIC,VIC1-NSW1,NSW1,306,108,1204,0,,2022Q2,1448.795264,1448.795264,1883433.844,-2260667.751,0.0007692307692,1300,244.795264,1.203318326
C2022Q3T09,,,2022Q3,9,4,,3-4 quarters,VICSA,V-SA,VIC1,125,73,6000,0,,2022Q3,34342.68,34289.55,30223250.9,-759920.8238,0.0011363,880,28342.68,5.72378
C2024Q2T02,,,2024Q2,2,11,,9-12 quarters,VICNSW,VIC1-NSW1,VIC1,126,125,14879.43,0,2024-04-19,2024Q2,10623.15983,10586.50983,15936333.38,-445973.9899,0.0006666,1500,-4256.27017,0.7139493805
C2023Q4T04,,,2023Q4,4,9,,9-12 quarters,QLDNSW,NSW1-QLD1,QLD1,120,100,16440,0,2023-10-19,2023Q4,15846.75655,15781.09655,19016868.53,-306712.8168,0.0008333,1200,-593.24345,0.963914632
C2022Q3T09,,,2022Q3,9,4,,3-4 quarters,NSWQLD,NSW1-QLD1,NSW1,45,45,2439.06,0,,2022Q3,13021.69818,13016.11818,7162256.301,-250036.4044,0.0018181,550,10582.63818,5.338818307
C2022Q3T09,,,2022Q3,9,4,,3-4 quarters,QLDNSW,NSW1-QLD1,QLD1,192,100,15250,0,,2022Q3,40204.14393,40153.86393,48246902.59,-2836506.844,0.0008333,1200,24954.14393,2.636337307
C2022Q3T09,,,2022Q3,9,4,,3-4 quarters,SAVIC,V-SA,SA1,112,64,4763,0,,2022Q3,12640.70844,12619.53844,9733355.235,-1249245.028,0.0012987,770,7877.70844,2.653938367
C2021Q4T12,,,2021Q4,12,1,,1-2 quarters,NSWQLD,NSW1-QLD1,NSW1,87,55,5000,0,,2021Q4,18285.54244,18285.54244,10057048.34,-42611.49115,0.001818181818,550,13285.54244,3.657108488
C2023Q1T07,,,2023Q1,7,6,,5-8 quarters,VICSA,V-SA,VIC1,98,74,10165.16,0,,2023Q1,25070.70156,25032.74156,22063452.92,-107315.1492,0.0011363,880,14905.54156,2.466336148
C2021Q4T12,,,2021Q4,12,1,,1-2 quarters,SAVIC,V-SA,SA1,90,66,5204,0,,2021Q4,6991.416142,6991.416142,5383390.429,-138640.858,0.001298701299,770,1787.416142,1.343469666
C2021Q4T12,,,2021Q4,12,1,,1-2 quarters,VICSA,V-SA,VIC1,120,77,7001,0,,2021Q4,20367.8606,20367.8606,17923717.33,-108114.5271,0.001136363636,880,13366.8606,2.90927876
C2021Q4T12,,,2021Q4,12,1,,1-2 quarters,NSWVIC,VIC1-NSW1,NSW1,192,112,1004,0,,2021Q4,227.619495,227.619495,295905.3435,-3952393.238,0.0007692307692,1300,-776.380505,0.2267126444
C2021Q4T12,,,2021Q4,12,1,,1-2 quarters,QLDNSW,NSW1-QLD1,QLD1,275,100,8675,0,,2021Q4,3269.388248,3269.388248,3923265.898,-5591737.346,0.0008333333333,1200,-5405.611752,0.376874726
C2022Q2T10,,,2022Q2,10,3,,3-4 quarters,VICNSW,VIC1-NSW1,VIC1,161,125,13750,0,,2022Q2,60576.67997,60576.67997,90865019.95,-115547.2401,0.0006666666667,1500,46826.67997,4.405576725
C2023Q4T04,,,2023Q4,4,9,,9-12 quarters,NSWVIC,VIC1-NSW1,NSW1,138,108,1170,0,2023-10-19,2023Q4,1138.620464,1122.140464,1480265.814,-14285737.73,0.0007692,1300,-31.379536,0.9731798838
C2023Q4T04,,,2023Q4,4,9,,9-12 quarters,VICNSW,VIC1-NSW1,VIC1,186,125,16575,0,2023-10-19,2023Q4,17962.22426,17930.08426,26946030.99,-97108.69801,0.0006666,1500,1387.22426,1.083693771
C2024Q1T03,,,2024Q1,3,10,,9-12 quarters,NSWQLD,NSW1-QLD1,NSW1,45,45,5458.84,0,2024-01-19,2024Q1,30988.04292,30974.38292,17044190.6,-103500.3494,0.0018181,550,25529.20292,5.676671769
C2024Q1T03,,,2024Q1,3,10,,9-12 quarters,QLDNSW,NSW1-QLD1,QLD1,113,100,19807.7,0,2024-01-19,2024Q1,18691.53171,18631.84171,22430735.29,-4874460.55,0.0008333,1200,-1116.16829,0.9436497781
C2024Q3T01,,,2024Q3,1,12,,9-12 quarters,VICNSW,VIC1-NSW1,VIC1,125,125,15226.64,0,,2024Q3,28584.17489,28543.93489,42880550.39,-1167344.578,0.0006666,1500,13357.53489,1.877247698
C2022Q4T07,,,2022Q4,7,6,,5-8 quarters,QLDNSW,NSW1-QLD1,QLD1,236,101,11340.54,0,,2022Q4,9724.020811,9678.370811,11669291.74,-1211406.633,0.0008333,1200,-1616.519189,0.8574565947
C2024Q1T02,,,2024Q1,2,11,,9-12 quarters,NSWVIC,VIC1-NSW1,NSW1,108,108,4200.39,0,2024-01-19,2024Q1,15078.33402,15051.73402,19602618.33,-13860972.64,0.0007692,1300,10877.94402,3.589746195
C2024Q1T02,,,2024Q1,2,11,,9-12 quarters,VICNSW,VIC1-NSW1,VIC1,133,125,15642,0,2024-01-19,2024Q1,17140.54197,17112.66197,25713384.3,-4021161.847,0.0006666,1500,1498.54197,1.095802453
C2024Q2T01,,,2024Q2,1,12,,9-12 quarters,NSWQLD,NSW1-QLD1,NSW1,45,45,1455,0,2024-04-19,2024Q2,1482.892377,1480.752377,815627.5104,-3128.56385,0.0018181,550,27.892377,1.019170019
C2024Q2T01,,,2024Q2,1,12,,9-12 quarters,QLDNSW,NSW1-QLD1,QLD1,100,100,15267,0,2024-04-19,2024Q2,85873.03277,85798.97277,103051761.4,-114311.6469,0.0008333,1200,70606.03277,5.624748331
C2024Q2T01,,,2024Q2,1,12,,9-12 quarters,SAVIC,V-SA,SA1,64,64,3300.85,0,2024-04-19,2024Q2,4694.427276,4653.297276,3614712.617,-106888.0074,0.0012987,770,1393.577276,1.422187399
C2024Q2T01,,,2024Q2,1,12,,9-12 quarters,VICSA,V-SA,VIC1,73,73,4086.47,0,2024-04-19,2024Q2,9559.045067,9545.205067,8412430.755,-41533.71536,0.0011363,880,5472.575067,2.339193746
C2023Q2T05,,,2023Q2,5,8,,5-8 quarters,NSWQLD,NSW1-QLD1,NSW1,52,45,1205,0,,2023Q2,6597.225591,6593.765591,3628637.364,-81704.02754,0.0018181,550,5392.225591,5.474876009
C2023Q2T05,,,2023Q2,5,8,,5-8 quarters,QLDNSW,NSW1-QLD1,QLD1,165,100,14906.89,0,,2023Q2,23914.6057,23848.3257,28698674.79,-763888.2445,0.0008333,1200,9007.7157,1.604265256
C2023Q2T05,,,2023Q2,5,8,,5-8 quarters,SAVIC,V-SA,SA1,118,64,3225.85,0,,2023Q2,5255.116713,5224.786713,4046443.916,-282993.0925,0.0012987,770,2029.266713,1.629064189
C2023Q2T05,,,2023Q2,5,8,,5-8 quarters,VICSA,V-SA,VIC1,117,79,3675.94,0,,2023Q2,21253.57823,21235.88823,18704196.28,-82598.34569,0.0011363,880,17577.63823,5.781807709
C2023Q2T05,,,2023Q2,5,8,,5-8 quarters,NSWVIC,VIC1-NSW1,NSW1,281,108,652,0,,2023Q2,1726.972364,1713.392364,2245153.879,-6651024.676,0.0007692,1300,1074.972364,2.64873062
C2023Q2T05,,,2023Q2,5,8,,5-8 quarters,VICNSW,VIC1-NSW1,VIC1,201,125,11878,0,,2023Q2,38487.74346,38465.65346,57737388.94,-189060.6748,0.0006666,1500,26609.74346,3.240254543
C2023Q4T03,,,2023Q4,3,10,,9-12 quarters,NSWVIC,VIC1-NSW1,NSW1,128,108,744.75,0,2023-10-19,2023Q4,1138.620464,1122.140464,1480265.814,-14285737.73,0.0007692,1300,393.870464,1.528862657
C2023Q4T03,,,2023Q4,3,10,,9-12 quarters,VICNSW,VIC1-NSW1,VIC1,166,125,12750,0,2023-10-19,2023Q4,17962.22426,17930.08426,26946030.99,-97108.69801,0.0006666,1500,5212.22426,1.408801903
C2024Q1T02,,,2024Q1,2,11,,9-12 quarters,NSWQLD,NSW1-QLD1,NSW1,45,45,4962.58,0,2024-01-19,2024Q1,30988.04292,30974.38292,17044190.6,-103500.3494,0.0018181,550,26025.46292,6.244341234
C2022Q1T10,,,2022Q1,10,3,,3-4 quarters,QLDNSW,NSW1-QLD1,QLD1,234,101,16460.75,0,,2022Q1,1948.653251,1948.653251,2338383.901,-1250147.438,0.0008333333333,1200,-14512.09675,0.1183818022
C2022Q1T10,,,2022Q1,10,3,,3-4 quarters,SAVIC,V-SA,SA1,114,64,5707,0,,2022Q1,3748.196496,3748.196496,2886111.302,-445724.687,0.001298701299,770,-1958.803504,0.6567717708
C2022Q1T10,,,2022Q1,10,3,,3-4 quarters,VICSA,V-SA,VIC1,103,73,8775,0,,2022Q1,15132.67012,15132.67012,13316749.7,-109035.5434,0.001136363636,880,6357.67012,1.724520811
C2023Q3T04,,,2023Q3,4,9,,9-12 quarters,NSWQLD,NSW1-QLD1,NSW1,52,45,1226,0,,2023Q3,1295.339161,1292.259161,712468.5997,-32267.57561,0.0018181,550,69.339161,1.056557228
C2023Q3T04,,,2023Q3,4,9,,9-12 quarters,QLDNSW,NSW1-QLD1,QLD1,136,111,15300.29,0,,2023Q3,23449.50542,23370.84542,28140532.13,-211685.871,0.0008333,1200,8149.21542,1.532618363
C2023Q3T04,,,2023Q3,4,9,,9-12 quarters,SAVIC,V-SA,SA1,104,64,4014,0,,2023Q3,3151.352892,3106.312892,2426544.153,-292606.2394,0.0012987,770,-862.647108,0.7850904066
C2023Q3T04,,,2023Q3,4,9,,9-12 quarters,VICSA,V-SA,VIC1,83,73,4050,0,,2023Q3,31778.37814,31763.72814,27966538.89,-316818.7999,0.0011363,880,27728.37814,7.846513121
C2023Q3T04,,,2023Q3,4,9,,9-12 quarters,NSWVIC,VIC1-NSW1,NSW1,188,108,675.39,0,,2023Q3,702.4189755,689.6389755,913181.1955,-2736018.065,0.0007692,1300,27.0289755,1.040019804
C2023Q3T04,,,2023Q3,4,9,,9-12 quarters,VICNSW,VIC1-NSW1,VIC1,205,125,11712.8,0,,2023Q3,32415.88534,32388.22534,48628690.88,-196728.5106,0.0006666,1500,20703.08534,2.767560732
C2023Q4T03,,,2023Q4,3,10,,9-12 quarters,SAVIC,V-SA,SA1,84,64,4247,0,2023-10-19,2023Q4,5450.223568,5401.963568,4196676.344,-159856.5794,0.0012987,770,1203.223568,1.283311412
C2023Q4T03,,,2023Q4,3,10,,9-12 quarters,VICSA,V-SA,VIC1,76,73,4200.97,0,2023-10-19,2023Q4,7851.926933,7835.156933,6910082.666,-92884.51894,0.0011363,880,3650.956933,1.869074745
C2022Q3T08,,,2022Q3,8,5,,5-8 quarters,SAVIC,V-SA,SA1,130,64,4404,0,,2022Q3,12640.70844,12619.53844,9733355.235,-1249245.028,0.0012987,770,8236.70844,2.870278937
C2022Q3T08,,,2022Q3,8,5,,5-8 quarters,VICSA,V-SA,VIC1,147,83,4774,0,,2022Q3,34342.68,34289.55,30223250.9,-759920.8238,0.0011363,880,29568.68,7.193690825
C2022Q3T08,,,2022Q3,8,5,,5-8 quarters,NSWVIC,VIC1-NSW1,NSW1,271,108,675.39,0,,2022Q3,5318.137797,5305.647797,6913855.691,-1605949.241,0.0007692,1300,4642.747797,7.87417314
C2022Q3T08,,,2022Q3,8,5,,5-8 quarters,VICNSW,VIC1-NSW1,VIC1,219,125,11253.52,0,,2022Q3,40085.17021,40066.20021,60133768.69,-222429.4908,0.0006666,1500,28831.65021,3.562011727
C2022Q4T07,,,2022Q4,7,6,,5-8 quarters,NSWQLD,NSW1-QLD1,NSW1,55,45,2818.17,0,,2022Q4,12711.39529,12697.60529,6991582.033,-86580.27895,0.0018181,550,9893.22529,4.510514018
C2021Q4T11,,,2021Q4,11,2,,1-2 quarters,NSWQLD,NSW1-QLD1,NSW1,148,45,2218,0,,2021Q4,18285.54244,18285.54244,10057048.34,-42611.49115,0.001818181818,550,16067.54244,8.244157998
C2021Q4T11,,,2021Q4,11,2,,1-2 quarters,QLDNSW,NSW1-QLD1,QLD1,292,103,9780.23,0,,2021Q4,3269.388248,3269.388248,3923265.898,-5591737.346,0.0008333333333,1200,-6510.841752,0.3342854154
C2022Q4T07,,,2022Q4,7,6,,5-8 quarters,SAVIC,V-SA,SA1,105,64,4558,0,,2022Q4,10944.07892,10919.73892,8426949.194,-873337.1411,0.0012987,770,6386.07892,2.401070408
C2022Q4T07,,,2022Q4,7,6,,5-8 quarters,VICSA,V-SA,VIC1,145,78,5961.6,0,,2022Q4,11429.02034,11389.49034,10058101.16,-1008758.355,0.0011363,880,5467.42034,1.917106203
C2022Q4T07,,,2022Q4,7,6,,5-8 quarters,NSWVIC,VIC1-NSW1,NSW1,181,108,750.39,0,,2022Q4,1268.488005,1252.768005,1649100.37,-6513081.518,0.0007692,1300,518.098005,1.690438312
C2022Q4T07,,,2022Q4,7,6,,5-8 quarters,VICNSW,VIC1-NSW1,VIC1,217,125,13870,0,,2022Q4,38473.51859,38450.30859,57716049.48,-38402.48838,0.0006666,1500,24603.51859,2.773865796
C2023Q1T06,,,2023Q1,6,7,,5-8 quarters,NSWQLD,NSW1-QLD1,NSW1,55,45,5111.08,0,,2023Q1,11892.6708,11873.2208,6541263.295,-371597.8452,0.0018181,550,6781.5908,2.326841059
C2023Q1T06,,,2023Q1,6,7,,5-8 quarters,QLDNSW,NSW1-QLD1,QLD1,248,100,16688,0,,2023Q1,12121.60799,12078.14799,14546511.45,-2423562.747,0.0008333,1200,-4566.39201,0.72636673
C2024Q2T01,,,2024Q2,1,12,,9-12 quarters,NSWVIC,VIC1-NSW1,NSW1,108,108,600,0,2024-04-19,2024Q2,8955.377098,8944.877098,11642455.93,-5801493.53,0.0007692,1300,8355.377098,14.9256285
C2024Q2T01,,,2024Q2,1,12,,9-12 quarters,VICNSW,VIC1-NSW1,VIC1,125,125,11445.72,0,2024-04-19,2024Q2,10623.15983,10586.50983,15936333.38,-445973.9899,0.0006666,1500,-822.56017,0.9281338203
C2023Q1T06,,,2023Q1,6,7,,5-8 quarters,NSWVIC,VIC1-NSW1,NSW1,113,108,4752,0,,2023Q1,2218.662343,2195.152343,2884376.422,-8148785.915,0.0007692,1300,-2533.337657,0.4668902237
C2023Q1T06,,,2023Q1,6,7,,5-8 quarters,VICNSW,VIC1-NSW1,VIC1,160,125,15641.97,0,,2023Q1,21286.31693,21267.85693,31932668.67,-114688.3159,0.0006666,1500,5644.34693,1.360846296
C2021Q4T11,,,2021Q4,11,2,,1-2 quarters,NSWVIC,VIC1-NSW1,NSW1,168,108,754,0,,2021Q4,227.619495,227.619495,295905.3435,-3952393.238,0.0007692307692,1300,-526.380505,0.3018826194
C2021Q4T11,,,2021Q4,11,2,,1-2 quarters,VICNSW,VIC1-NSW1,VIC1,227,145,11721.25,0,,2021Q4,24177.51433,24177.51433,36266271.49,-62334.79612,0.0006666666667,1500,12456.26433,2.062707845
C2022Q1T10,,,2022Q1,10,3,,3-4 quarters,NSWQLD,NSW1-QLD1,NSW1,55,45,5267,0,,2022Q1,43129.47813,43129.47813,23721212.97,-401500.1266,0.001818181818,550,37862.47813,8.18862315
C2024Q1T02,,,2024Q1,2,11,,9-12 quarters,QLDNSW,NSW1-QLD1,QLD1,113,100,18007,0,2024-01-19,2024Q1,18691.53171,18631.84171,22430735.29,-4874460.55,0.0008333,1200,684.53171,1.038014756
C2024Q1T02,,,2024Q1,2,11,,9-12 quarters,SAVIC,V-SA,SA1,64,64,4504,0,2024-01-19,2024Q1,9577.488781,9546.928781,7374673.736,-2048632.594,0.0012987,770,5073.488781,2.126440671
C2024Q1T02,,,2024Q1,2,11,,9-12 quarters,VICSA,V-SA,VIC1,73,73,7213,0,2024-01-19,2024Q1,16380.74603,16353.28603,14415863.79,-2051072.022,0.0011363,880,9167.74603,2.271003193
C2023Q1T06,,,2023Q1,6,7,,5-8 quarters,VICSA,V-SA,VIC1,87,73,8400.96,0,,2023Q1,25070.70156,25032.74156,22063452.92,-107315.1492,0.0011363,880,16669.74156,2.98426627
C2021Q4T11,,,2021Q4,11,2,,1-2 quarters,SAVIC,V-SA,SA1,123,64,4816.92,0,,2021Q4,6991.416142,6991.416142,5383390.429,-138640.858,0.001298701299,770,2174.496142,1.451428743
C2021Q4T11,,,2021Q4,11,2,,1-2 quarters,VICSA,V-SA,VIC1,134,86,5996.06,0,,2021Q4,20367.8606,20367.8606,17923717.33,-108114.5271,0.001136363636,880,14371.8006,3.396874047
C2022Q1T10,,,2022Q1,10,3,,3-4 quarters,NSWVIC,VIC1-NSW1,NSW1,176,108,5028,0,,2022Q1,958.2170969,958.2170969,1245682.226,-5996200.974,0.0007692307692,1300,-4069.782903,0.1905761927
C2022Q1T10,,,2022Q1,10,3,,3-4 quarters,VICNSW,VIC1-NSW1,VIC1,301,125,15434,0,,2022Q1,17938.82078,17938.82078,26908231.17,-1575501.993,0.0006666666667,1500,2504.82078,1.162292392
C2022Q2T09,,,2022Q2,9,4,,3-4 quarters,NSWQLD,NSW1-QLD1,NSW1,110,45,1814,0,,2022Q2,10915.44025,10915.44025,6003492.136,-1052269.965,0.001818181818,550,9101.44025,6.017332001
C2022Q2T09,,,2022Q2,9,4,,3-4 quarters,QLDNSW,NSW1-QLD1,QLD1,192,120,11340,0,,2022Q2,21306.78607,21306.78607,25568143.28,-4550871.266,0.0008333333333,1200,9966.78607,1.878905297
C2022Q2T09,,,2022Q2,9,4,,3-4 quarters,SAVIC,V-SA,SA1,108,64,3456.67,0,,2022Q2,11307.71334,11307.71334,8706939.275,-1997662.339,0.001298701299,770,7851.04334,3.271273607
C2022Q2T09,,,2022Q2,9,4,,3-4 quarters,VICSA,V-SA,VIC1,177,91,4700.93,0,,2022Q2,25123.093,25123.093,22108321.84,-443010.2811,0.001136363636,880,20422.163,5.344281451
C2023Q4T03,,,2023Q4,3,10,,9-12 quarters,NSWQLD,NSW1-QLD1,NSW1,45,45,2476.65,0,2023-10-19,2023Q4,20079.48513,20073.53513,11044213.81,-112892.4539,0.0018181,550,17602.83513,8.107518273
C2023Q4T03,,,2023Q4,3,10,,9-12 quarters,QLDNSW,NSW1-QLD1,QLD1,120,100,14572.8,0,2023-10-19,2023Q4,15846.75655,15781.09655,19016868.53,-306712.8168,0.0008333,1200,1273.95655,1.087420163
C2022Q3T08,,,2022Q3,8,5,,5-8 quarters,NSWQLD,NSW1-QLD1,NSW1,80,45,1626.04,0,,2022Q3,13021.69818,13016.11818,7162256.301,-250036.4044,0.0018181,550,11395.65818,8.008227461
C2022Q3T08,,,2022Q3,8,5,,5-8 quarters,QLDNSW,NSW1-QLD1,QLD1,195,101,13635,0,,2022Q3,40204.14393,40153.86393,48246902.59,-2836506.844,0.0008333,1200,26569.14393,2.948598748
C2022Q2T09,,,2022Q2,9,4,,3-4 quarters,NSWVIC,VIC1-NSW1,NSW1,308,108,750.39,0,,2022Q2,1448.795264,1448.795264,1883433.844,-2260667.751,0.0007692307692,1300,698.405264,1.930723043
C2022Q2T09,,,2022Q2,9,4,,3-4 quarters,VICNSW,VIC1-NSW1,VIC1,175,138,11258.58,0,,2022Q2,60576.67997,60576.67997,90865019.95,-115547.2401,0.0006666666667,1500,49318.09997,5.380490255
C2023Q1T06,,,2023Q1,6,7,,5-8 quarters,SAVIC,V-SA,SA1,87,64,5404,0,,2023Q1,3934.881884,3913.261884,3029862.08,-164048.4484,0.0012987,770,-1469.118116,0.7281424656
C2024Q3T02,A202112,2021-12-15,2024Q3,2,11,929,9-12 quarters,NSWVIC,VIC1-NSW1,NSW1,108,108,1058,0,,2024Q3,6762.788538,6754.518538,8791976.778,-1592600.535,0.0007692,1300,5704.788538,6.392049658
C2024Q3T02,A202112,2021-12-15,2024Q3,2,11,929,9-12 quarters,VICNSW,VIC1-NSW1,VIC1,125,125,15002,0,,2024Q3,28584.17489,28543.93489,42880550.39,-1167344.578,0.0006666,1500,13582.17489,1.905357612
C2024Q4T01,A202112,2021-12-15,2024Q4,1,12,1021,9-12 quarters,NSWQLD,NSW1-QLD1,NSW1,45,45,5006.08,0,,2024Q4,13566.77809,13558.99809,7462063.741,-121841.4963,0.0018181,550,8560.69809,2.710060185
C2024Q4T01,A202112,2021-12-15,2024Q4,1,12,1021,9-12 quarters,QLDNSW,NSW1-QLD1,QLD1,100,100,12909.44,0,,2024Q4,42222.57004,42165.48004,50669110.81,-3267315.013,0.0008333,1200,29313.13004,3.270674021
C2024Q2T03,A202112,2021-12-15,2024Q2,3,10,838,9-12 quarters,VICSA,V-SA,VIC1,73,73,7500,0,2024-04-19,2024Q2,9559.045067,9545.205067,8412430.755,-41533.71536,0.0011363,880,2059.045067,1.274539342
C2024Q2T03,A202112,2021-12-15,2024Q2,3,10,838,9-12 quarters,NSWVIC,VIC1-NSW1,NSW1,138,108,1048,0,2024-04-19,2024Q2,8955.377098,8944.877098,11642455.93,-5801493.53,0.0007692,1300,7907.377098,8.545207155
C2024Q2T03,A202112,2021-12-15,2024Q2,3,10,838,9-12 quarters,VICNSW,VIC1-NSW1,VIC1,125,125,14742,0,2024-04-19,2024Q2,10623.15983,10586.50983,15936333.38,-445973.9899,0.0006666,1500,-4118.84017,0.7206050624
C2024Q3T02,A202112,2021-12-15,2024Q3,2,11,929,9-12 quarters,NSWQLD,NSW1-QLD1,NSW1,45,45,2400,0,,2024Q3,4735.922202,4732.102202,2604874.431,-32275.55841,0.0018181,550,2335.922202,1.973300917
C2024Q3T02,A202112,2021-12-15,2024Q3,2,11,929,9-12 quarters,QLDNSW,NSW1-QLD1,QLD1,100,100,19126,0,,2024Q3,41732.77095,41668.60095,50081328.39,-573776.7767,0.0008333,1200,22606.77095,2.18199158
C2024Q3T02,A202112,2021-12-15,2024Q3,2,11,929,9-12 quarters,SAVIC,V-SA,SA1,78,75,5352.18,0,,2024Q3,15957.19984,15915.66984,12287056.16,-403006.2546,0.0012987,770,10605.01984,2.981439309
C2024Q3T02,A202112,2021-12-15,2024Q3,2,11,929,9-12 quarters,VICSA,V-SA,VIC1,73,73,7500,0,,2024Q3,49657.91789,49644.96789,43701415.02,-79170.14281,0.0011363,880,42157.91789,6.621055719
C2024Q4T01,A202112,2021-12-15,2024Q4,1,12,1021,9-12 quarters,NSWVIC,VIC1-NSW1,NSW1,108,108,1287,0,,2024Q4,1621.216848,1612.286848,2107666.21,-33913225.06,0.0007692,1300,334.216848,1.259686751
C2024Q4T01,A202112,2021-12-15,2024Q4,1,12,1021,9-12 quarters,VICNSW,VIC1-NSW1,VIC1,125,125,17050,0,,2024Q4,30365.22674,30320.47674,45552395.35,-310299.4475,0.0006666,1500,13315.22674,1.780951715
C2023Q3T06,A202112,2021-12-15,2023Q3,6,7,563,5-8 quarters,VICNSW,VIC1-NSW1,VIC1,203,125,15590.49,0,,2023Q3,32415.88534,32388.22534,48628690.88,-196728.5106,0.0006666,1500,16825.39534,2.079208886
C2023Q4T05,A202112,2021-12-15,2023Q4,5,8,655,5-8 quarters,NSWQLD,NSW1-QLD1,NSW1,65,45,5349.55,0,2023-10-19,2023Q4,20079.48513,20073.53513,11044213.81,-112892.4539,0.0018181,550,14729.93513,3.753490505
C2023Q4T05,A202112,2021-12-15,2023Q4,5,8,655,5-8 quarters,QLDNSW,NSW1-QLD1,QLD1,194,100,12500,0,2023-10-19,2023Q4,15846.75655,15781.09655,19016868.53,-306712.8168,0.0008333,1200,3346.75655,1.267740524
C2023Q4T05,A202112,2021-12-15,2023Q4,5,8,655,5-8 quarters,SAVIC,V-SA,SA1,111,64,5500,0,2023-10-19,2023Q4,5450.223568,5401.963568,4196676.344,-159856.5794,0.0012987,770,-49.776432,0.9909497396
C2023Q4T05,A202112,2021-12-15,2023Q4,5,8,655,5-8 quarters,VICSA,V-SA,VIC1,88,73,8500.79,0,2023-10-19,2023Q4,7851.926933,7835.156933,6910082.666,-92884.51894,0.0011363,880,-648.863067,0.9236702628
C2023Q4T05,A202112,2021-12-15,2023Q4,5,8,655,5-8 quarters,NSWVIC,VIC1-NSW1,NSW1,158,108,1277,0,2023-10-19,2023Q4,1138.620464,1122.140464,1480265.814,-14285737.73,0.0007692,1300,-138.379536,0.8916370117
C2023Q4T05,A202112,2021-12-15,2023Q4,5,8,655,5-8 quarters,VICNSW,VIC1-NSW1,VIC1,195,125,18232.5,0,2023-10-19,2023Q4,17962.22426,17930.08426,26946030.99,-97108.69801,0.0006666,1500,-270.27574,0.9851761558
C2024Q1T04,A202112,2021-12-15,2024Q1,4,9,747,9-12 quarters,NSWQLD,NSW1-QLD1,NSW1,45,45,7162.96,0,2024-01-19,2024Q1,30988.04292,30974.38292,17044190.6,-103500.3494,0.0018181,550,23825.08292,4.326150491
C2024Q1T04,A202112,2021-12-15,2024Q1,4,9,747,9-12 quarters,QLDNSW,NSW1-QLD1,QLD1,134,101,20748,0,2024-01-19,2024Q1,18691.53171,18631.84171,22430735.29,-4874460.55,0.0008333,1200,-2056.46829,0.9008835411
C2024Q1T04,A202112,2021-12-15,2024Q1,4,9,747,9-12 quarters,SAVIC,V-SA,SA1,64,64,6893.3,0,2024-01-19,2024Q1,9577.488781,9546.928781,7374673.736,-2048632.594,0.0012987,770,2684.188781,1.389390971
C2024Q1T04,A202112,2021-12-15,2024Q1,4,9,747,9-12 quarters,VICSA,V-SA,VIC1,90,73,15000,0,2024-01-19,2024Q1,16380.74603,16353.28603,14415863.79,-2051072.022,0.0011363,880,1380.74603,1.092049735
C2024Q4T01,A202112,2021-12-15,2024Q4,1,12,1021,9-12 quarters,SAVIC,V-SA,SA1,64,64,5561,0,,2024Q4,5944.67245,5907.54245,4577402.364,-416003.9593,0.0012987,770,383.67245,1.068993427
C2024Q4T01,A202112,2021-12-15,2024Q4,1,12,1021,9-12 quarters,VICSA,V-SA,VIC1,73,73,8675.28,0,,2024Q4,13058.6835,13041.8535,11492285.05,-669584.6122,0.0011363,880,4383.4035,1.505275161
C2024Q2T03,A202112,2021-12-15,2024Q2,3,10,838,9-12 quarters,SAVIC,V-SA,SA1,79,70,4462.18,0,2024-04-19,2024Q2,4694.427276,4653.297276,3614712.617,-106888.0074,0.0012987,770,232.247276,1.05204794
C2023Q1T08,A202112,2021-12-15,2023Q1,8,5,382,5-8 quarters,QLDNSW,NSW1-QLD1,QLD1,271,105,15164.59,0,,2023Q1,12121.60799,12078.14799,14546511.45,-2423562.747,0.0008333,1200,-3042.98201,0.799336348
C2023Q1T08,A202112,2021-12-15,2023Q1,8,5,382,5-8 quarters,SAVIC,V-SA,SA1,87,77,6603,0,,2023Q1,3934.881884,3913.261884,3029862.08,-164048.4484,0.0012987,770,-2668.118116,0.5959233506
C2023Q1T08,A202112,2021-12-15,2023Q1,8,5,382,5-8 quarters,VICSA,V-SA,VIC1,104,73,13365,0,,2023Q1,25070.70156,25032.74156,22063452.92,-107315.1492,0.0011363,880,11705.70156,1.875847479
C2023Q1T08,A202112,2021-12-15,2023Q1,8,5,382,5-8 quarters,NSWVIC,VIC1-NSW1,NSW1,153,110,4551,0,,2023Q1,2218.662343,2195.152343,2884376.422,-8148785.915,0.0007692,1300,-2332.337657,0.4875109521
C2023Q1T08,A202112,2021-12-15,2023Q1,8,5,382,5-8 quarters,VICNSW,VIC1-NSW1,VIC1,165,125,21175.95,0,,2023Q1,21286.31693,21267.85693,31932668.67,-114688.3159,0.0006666,1500,110.36693,1.0052119
C2023Q2T07,A202112,2021-12-15,2023Q2,7,6,472,5-8 quarters,NSWQLD,NSW1-QLD1,NSW1,71,45,2410,0,,2023Q2,6597.225591,6593.765591,3628637.364,-81704.02754,0.0018181,550,4187.225591,2.737438005
C2023Q2T07,A202112,2021-12-15,2023Q2,7,6,472,5-8 quarters,QLDNSW,NSW1-QLD1,QLD1,220,100,17015,0,,2023Q2,23914.6057,23848.3257,28698674.79,-763888.2445,0.0008333,1200,6899.6057,1.405501364
C2023Q2T07,A202112,2021-12-15,2023Q2,7,6,472,5-8 quarters,SAVIC,V-SA,SA1,129,86,4403,0,,2023Q2,5255.116713,5224.786713,4046443.916,-282993.0925,0.0012987,770,852.116713,1.193530936
C2023Q2T07,A202112,2021-12-15,2023Q2,7,6,472,5-8 quarters,VICSA,V-SA,VIC1,113,73,6606.6,0,,2023Q2,21253.57823,21235.88823,18704196.28,-82598.34569,0.0011363,880,14646.97823,3.217022104
C2023Q2T07,A202112,2021-12-15,2023Q2,7,6,472,5-8 quarters,NSWVIC,VIC1-NSW1,NSW1,188,108,1104.4,0,,2023Q2,1726.972364,1713.392364,2245153.879,-6651024.676,0.0007692,1300,622.572364,1.563719996
C2023Q2T07,A202112,2021-12-15,2023Q2,7,6,472,5-8 quarters,VICNSW,VIC1-NSW1,VIC1,223,125,15820.49,0,,2023Q2,38487.74346,38465.65346,57737388.94,-189060.6748,0.0006666,1500,22667.25346,2.432778217
C2023Q3T06,A202112,2021-12-15,2023Q3,6,7,563,5-8 quarters,NSWVIC,VIC1-NSW1,NSW1,175,108,1106,0,,2023Q3,702.4189755,689.6389755,913181.1955,-2736018.065,0.0007692,1300,-403.5810245,0.6350985312
C2022Q2T11,A202112,2021-12-15,2022Q2,11,2,107,1-2 quarters,VICSA,V-SA,VIC1,133,73,7050,0,,2022Q2,25123.093,25123.093,22108321.84,-443010.2811,0.001136363636,880,18073.093,3.563559291
C2022Q2T11,A202112,2021-12-15,2022Q2,11,2,107,1-2 quarters,NSWVIC,VIC1-NSW1,NSW1,317,151,1240,0,,2022Q2,1448.795264,1448.795264,1883433.844,-2260667.751,0.0007692307692,1300,208.795264,1.168383277
C2022Q2T11,A202112,2021-12-15,2022Q2,11,2,107,1-2 quarters,VICNSW,VIC1-NSW1,VIC1,223,145,15000,0,,2022Q2,60576.67997,60576.67997,90865019.95,-115547.2401,0.0006666666667,1500,45576.67997,4.038445331
C2022Q3T10,A202112,2021-12-15,2022Q3,10,3,198,3-4 quarters,NSWQLD,NSW1-QLD1,NSW1,83,55,2993.94,0,,2022Q3,13021.69818,13016.11818,7162256.301,-250036.4044,0.0018181,550,10027.75818,4.349351751
C2022Q3T10,A202112,2021-12-15,2022Q3,10,3,198,3-4 quarters,QLDNSW,NSW1-QLD1,QLD1,278,114,12750,0,,2022Q3,40204.14393,40153.86393,48246902.59,-2836506.844,0.0008333,1200,27454.14393,3.153266191
C2022Q3T10,A202112,2021-12-15,2022Q3,10,3,198,3-4 quarters,SAVIC,V-SA,SA1,136,79,5655.55,0,,2022Q3,12640.70844,12619.53844,9733355.235,-1249245.028,0.0012987,770,6985.15844,2.23509799
C2022Q3T10,A202112,2021-12-15,2022Q3,10,3,198,3-4 quarters,VICSA,V-SA,VIC1,133,73,7533.33,0,,2022Q3,34342.68,34289.55,30223250.9,-759920.8238,0.0011363,880,26809.35,4.558764849
C2022Q3T10,A202112,2021-12-15,2022Q3,10,3,198,3-4 quarters,NSWVIC,VIC1-NSW1,NSW1,265,126,1385.2,0,,2022Q3,5318.137797,5305.647797,6913855.691,-1605949.241,0.0007692,1300,3932.937797,3.839256279
C2022Q3T10,A202112,2021-12-15,2022Q3,10,3,198,3-4 quarters,VICNSW,VIC1-NSW1,VIC1,263,131,13000,0,,2022Q3,40085.17021,40066.20021,60133768.69,-222429.4908,0.0006666,1500,27085.17021,3.083474632
C2022Q4T09,A202112,2021-12-15,2022Q4,9,4,290,3-4 quarters,NSWQLD,NSW1-QLD1,NSW1,73,45,6000,0,,2022Q4,12711.39529,12697.60529,6991582.033,-86580.27895,0.0018181,550,6711.39529,2.118565882
C2022Q4T09,A202112,2021-12-15,2022Q4,9,4,290,3-4 quarters,QLDNSW,NSW1-QLD1,QLD1,285,100,9445,0,,2022Q4,9724.020811,9678.370811,11669291.74,-1211406.633,0.0008333,1200,279.020811,1.029541642
C2024Q1T04,A202112,2021-12-15,2024Q1,4,9,747,9-12 quarters,NSWVIC,VIC1-NSW1,NSW1,124,115,4370.2,0,2024-01-19,2024Q1,15078.33402,15051.73402,19602618.33,-13860972.64,0.0007692,1300,10708.13402,3.450261777
C2024Q1T04,A202112,2021-12-15,2024Q1,4,9,747,9-12 quarters,VICNSW,VIC1-NSW1,VIC1,145,125,22368.05,0,2024-01-19,2024Q1,17140.54197,17112.66197,25713384.3,-4021161.847,0.0006666,1500,-5227.50803,0.7662957643
C2024Q2T03,A202112,2021-12-15,2024Q2,3,10,838,9-12 quarters,NSWQLD,NSW1-QLD1,NSW1,45,45,2579,0,2024-04-19,2024Q2,1482.892377,1480.752377,815627.5104,-3128.56385,0.0018181,550,-1096.107623,0.5749873505
C2024Q2T03,A202112,2021-12-15,2024Q2,3,10,838,9-12 quarters,QLDNSW,NSW1-QLD1,QLD1,100,100,20748,0,2024-04-19,2024Q2,85873.03277,85798.97277,103051761.4,-114311.6469,0.0008333,1200,65125.03277,4.138858337
C2023Q1T08,A202112,2021-12-15,2023Q1,8,5,382,5-8 quarters,NSWQLD,NSW1-QLD1,NSW1,73,45,7800.94,0,,2023Q1,11892.6708,11873.2208,6541263.295,-371597.8452,0.0018181,550,4091.7308,1.524517661
C2022Q1T12,A202112,2021-12-15,2022Q1,12,1,17,1-2 quarters,NSWQLD,NSW1-QLD1,NSW1,94,60,12123,0,,2022Q1,43129.47813,43129.47813,23721212.97,-401500.1266,0.001818181818,550,31006.47813,3.557657191
C2022Q1T12,A202112,2021-12-15,2022Q1,12,1,17,1-2 quarters,QLDNSW,NSW1-QLD1,QLD1,329,106,10987.65,0,,2022Q1,1948.653251,1948.653251,2338383.901,-1250147.438,0.0008333333333,1200,-9038.996749,0.1773494106
C2022Q1T12,A202112,2021-12-15,2022Q1,12,1,17,1-2 quarters,SAVIC,V-SA,SA1,111,84,6593,0,,2022Q1,3748.196496,3748.196496,2886111.302,-445724.687,0.001298701299,770,-2844.803504,0.5685115268
C2022Q1T12,A202112,2021-12-15,2022Q1,12,1,17,1-2 quarters,VICSA,V-SA,VIC1,112,77,12500,0,,2022Q1,15132.67012,15132.67012,13316749.7,-109035.5434,0.001136363636,880,2632.67012,1.21061361
C2023Q3T06,A202112,2021-12-15,2023Q3,6,7,563,5-8 quarters,NSWQLD,NSW1-QLD1,NSW1,75,45,2400,0,,2023Q3,1295.339161,1292.259161,712468.5997,-32267.57561,0.0018181,550,-1104.660839,0.5397246504
C2023Q3T06,A202112,2021-12-15,2023Q3,6,7,563,5-8 quarters,QLDNSW,NSW1-QLD1,QLD1,170,100,18260,0,,2023Q3,23449.50542,23370.84542,28140532.13,-211685.871,0.0008333,1200,5189.50542,1.284200735
C2023Q3T06,A202112,2021-12-15,2023Q3,6,7,563,5-8 quarters,SAVIC,V-SA,SA1,118,72,5000,0,,2023Q3,3151.352892,3106.312892,2426544.153,-292606.2394,0.0012987,770,-1848.647108,0.6302705784
C2023Q3T06,A202112,2021-12-15,2023Q3,6,7,563,5-8 quarters,VICSA,V-SA,VIC1,103,73,7500,0,,2023Q3,31778.37814,31763.72814,27966538.89,-316818.7999,0.0011363,880,24278.37814,4.237117085
C2022Q2T11,A202112,2021-12-15,2022Q2,11,2,107,1-2 quarters,SAVIC,V-SA,SA1,114,66,5192,0,,2022Q2,11307.71334,11307.71334,8706939.275,-1997662.339,0.001298701299,770,6115.71334,2.17791089
C2022Q4T09,A202112,2021-12-15,2022Q4,9,4,290,3-4 quarters,SAVIC,V-SA,SA1,108,64,6132.43,0,,2022Q4,10944.07892,10919.73892,8426949.194,-873337.1411,0.0012987,770,4811.64892,1.784623537
C2022Q4T09,A202112,2021-12-15,2022Q4,9,4,290,3-4 quarters,VICSA,V-SA,VIC1,153,73,7940.85,0,,2022Q4,11429.02034,11389.49034,10058101.16,-1008758.355,0.0011363,880,3488.17034,1.439269139
C2022Q4T09,A202112,2021-12-15,2022Q4,9,4,290,3-4 quarters,NSWVIC,VIC1-NSW1,NSW1,174,108,1200,0,,2022Q4,1268.488005,1252.768005,1649100.37,-6513081.518,0.0007692,1300,68.488005,1.057073337
C2022Q4T09,A202112,2021-12-15,2022Q4,9,4,290,3-4 quarters,VICNSW,VIC1-NSW1,VIC1,261,128,19024.49,0,,2022Q4,38473.51859,38450.30859,57716049.48,-38402.48838,0.0006666,1500,19449.02859,2.022315373
C2022Q1T12,A202112,2021-12-15,2022Q1,12,1,17,1-2 quarters,NSWVIC,VIC1-NSW1,NSW1,186,137,4320,0,,2022Q1,958.2170969,958.2170969,1245682.226,-5996200.974,0.0007692307692,1300,-3361.782903,0.2218095132
C2022Q1T12,A202112,2021-12-15,2022Q1,12,1,17,1-2 quarters,VICNSW,VIC1-NSW1,VIC1,349,125,19422.49,0,,2022Q1,17938.82078,17938.82078,26908231.17,-1575501.993,0.0006666666667,1500,-1483.66922,0.9236107615
C2022Q2T11,A202112,2021-12-15,2022Q2,11,2,107,1-2 quarters,NSWQLD,NSW1-QLD1,NSW1,83,55,3906,0,,2022Q2,10915.44025,10915.44025,6003492.136,-1052269.965,0.001818181818,550,7009.44025,2.794531554
C2022Q2T11,A202112,2021-12-15,2022Q2,11,2,107,1-2 quarters,QLDNSW,NSW1-QLD1,QLD1,251,100,9350,0,,2022Q2,21306.78607,21306.78607,25568143.28,-4550871.266,0.0008333333333,1200,11956.78607,2.278800649
C2024Q4T02,A202203,2022-03-15,2024Q4,2,11,931,9-12 quarters,NSWVIC,VIC1-NSW1,NSW1,108,108,1457,0,,2024Q4,1621.216848,1612.286848,2107666.21,-33913225.06,0.0007692,1300,164.216848,1.112708887
C2024Q3T03,A202203,2022-03-15,2024Q3,3,10,839,9-12 quarters,VICNSW,VIC1-NSW1,VIC1,135,125,16502.2,0,,2024Q3,28584.17489,28543.93489,42880550.39,-1167344.578,0.0006666,1500,12081.97489,1.732143283
C2024Q4T02,A202203,2022-03-15,2024Q4,2,11,931,9-12 quarters,NSWQLD,NSW1-QLD1,NSW1,48,45,8504,0,,2024Q4,13566.77809,13558.99809,7462063.741,-121841.4963,0.0018181,550,5062.77809,1.595340791
C2024Q4T02,A202203,2022-03-15,2024Q4,2,11,931,9-12 quarters,QLDNSW,NSW1-QLD1,QLD1,100,100,16000,0,,2024Q4,42222.57004,42165.48004,50669110.81,-3267315.013,0.0008333,1200,26222.57004,2.638910628
C2024Q4T02,A202203,2022-03-15,2024Q4,2,11,931,9-12 quarters,SAVIC,V-SA,SA1,64,64,5521,0,,2024Q4,5944.67245,5907.54245,4577402.364,-416003.9593,0.0012987,770,423.67245,1.076738354
C2024Q4T02,A202203,2022-03-15,2024Q4,2,11,931,9-12 quarters,VICSA,V-SA,VIC1,73,73,10284,0,,2024Q4,13058.6835,13041.8535,11492285.05,-669584.6122,0.0011363,880,2774.6835,1.269805863
C2025Q1T01,A202203,2022-03-15,2025Q1,1,12,1023,9-12 quarters,NSWVIC,VIC1-NSW1,NSW1,108,108,4320,0,2025-01-21,2025Q1,7172.927042,7151.667042,9325178.162,-15652985.77,0.0007692,1300,2852.927042,1.660399778
C2024Q1T05,A202203,2022-03-15,2024Q1,5,8,657,5-8 quarters,VICNSW,VIC1-NSW1,VIC1,167,125,23800.26,0,2024-01-19,2024Q1,17140.54197,17112.66197,25713384.3,-4021161.847,0.0006666,1500,-6659.71803,0.7201829715
C2024Q2T04,A202203,2022-03-15,2024Q2,4,9,748,9-12 quarters,NSWQLD,NSW1-QLD1,NSW1,48,45,3307,0,2024-04-19,2024Q2,1482.892377,1480.752377,815627.5104,-3128.56385,0.0018181,550,-1824.107623,0.4484101533
C2022Q4T10,A202203,2022-03-15,2022Q4,10,3,200,3-4 quarters,VICNSW,VIC1-NSW1,VIC1,268,135,24731.84,0,,2022Q4,38473.51859,38450.30859,57716049.48,-38402.48838,0.0006666,1500,13741.67859,1.555627021
C2023Q1T09,A202203,2022-03-15,2023Q1,9,4,292,3-4 quarters,NSWQLD,NSW1-QLD1,NSW1,64,48,15202,0,,2023Q1,11892.6708,11873.2208,6541263.295,-371597.8452,0.0018181,550,-3309.3292,0.7823096172
C2023Q1T09,A202203,2022-03-15,2023Q1,9,4,292,3-4 quarters,QLDNSW,NSW1-QLD1,QLD1,281,104,17189.17,0,,2023Q1,12121.60799,12078.14799,14546511.45,-2423562.747,0.0008333,1200,-5067.56201,0.7051886734
C2023Q1T09,A202203,2022-03-15,2023Q1,9,4,292,3-4 quarters,SAVIC,V-SA,SA1,94,70,6850,0,,2023Q1,3934.881884,3913.261884,3029862.08,-164048.4484,0.0012987,770,-2915.118116,0.5744353115
C2023Q1T09,A202203,2022-03-15,2023Q1,9,4,292,3-4 quarters,VICSA,V-SA,VIC1,99,73,16760.83,0,,2023Q1,25070.70156,25032.74156,22063452.92,-107315.1492,0.0011363,880,8309.87156,1.495791173
C2023Q1T09,A202203,2022-03-15,2023Q1,9,4,292,3-4 quarters,NSWVIC,VIC1-NSW1,NSW1,171,116,4500,0,,2023Q1,2218.662343,2195.152343,2884376.422,-8148785.915,0.0007692,1300,-2281.337657,0.4930360762
C2023Q1T09,A202203,2022-03-15,2023Q1,9,4,292,3-4 quarters,VICNSW,VIC1-NSW1,VIC1,200,135,25200.26,0,,2023Q1,21286.31693,21267.85693,31932668.67,-114688.3159,0.0006666,1500,-3913.94307,0.8446864013
C2023Q2T08,A202203,2022-03-15,2023Q2,8,5,382,5-8 quarters,NSWVIC,VIC1-NSW1,NSW1,301,109,1270.06,0,,2023Q2,1726.972364,1713.392364,2245153.879,-6651024.676,0.0007692,1300,456.912364,1.359756519
C2025Q1T01,A202203,2022-03-15,2025Q1,1,12,1023,9-12 quarters,VICSA,V-SA,VIC1,73,73,16000,0,2025-01-21,2025Q1,16658.30021,16633.54021,14660125.15,-5823486.815,0.0011363,880,658.30021,1.041143763
C2023Q3T07,A202203,2022-03-15,2023Q3,7,6,473,5-8 quarters,NSWQLD,NSW1-QLD1,NSW1,70,45,3336,0,,2023Q3,1295.339161,1292.259161,712468.5997,-32267.57561,0.0018181,550,-2040.660839,0.3882911154
C2023Q3T07,A202203,2022-03-15,2023Q3,7,6,473,5-8 quarters,QLDNSW,NSW1-QLD1,QLD1,150,100,24416,0,,2023Q3,23449.50542,23370.84542,28140532.13,-211685.871,0.0008333,1200,-966.49458,0.9604155234
C2023Q3T07,A202203,2022-03-15,2023Q3,7,6,473,5-8 quarters,SAVIC,V-SA,SA1,109,64,5297,0,,2023Q3,3151.352892,3106.312892,2426544.153,-292606.2394,0.0012987,770,-2145.647108,0.594931639
C2022Q2T12,A202203,2022-03-15,2022Q2,12,1,17,1-2 quarters,QLDNSW,NSW1-QLD1,QLD1,207,100,7637,0,,2022Q2,21306.78607,21306.78607,25568143.28,-4550871.266,0.0008333333333,1200,13669.78607,2.789941871
C2022Q2T12,A202203,2022-03-15,2022Q2,12,1,17,1-2 quarters,SAVIC,V-SA,SA1,106,66,4487,0,,2022Q2,11307.71334,11307.71334,8706939.275,-1997662.339,0.001298701299,770,6820.71334,2.520105491
C2023Q2T08,A202203,2022-03-15,2023Q2,8,5,382,5-8 quarters,SAVIC,V-SA,SA1,114,70,4843,0,,2023Q2,5255.116713,5224.786713,4046443.916,-282993.0925,0.0012987,770,412.116713,1.085095336
C2023Q2T08,A202203,2022-03-15,2023Q2,8,5,382,5-8 quarters,VICSA,V-SA,VIC1,108,73,11000.83,0,,2023Q2,21253.57823,21235.88823,18704196.28,-82598.34569,0.0011363,880,10252.74823,1.931997697
C2023Q3T07,A202203,2022-03-15,2023Q3,7,6,473,5-8 quarters,VICSA,V-SA,VIC1,108,73,10920.83,0,,2023Q3,31778.37814,31763.72814,27966538.89,-316818.7999,0.0011363,880,20857.54814,2.909886716
C2023Q3T07,A202203,2022-03-15,2023Q3,7,6,473,5-8 quarters,NSWVIC,VIC1-NSW1,NSW1,205,108,1250,0,,2023Q3,702.4189755,689.6389755,913181.1955,-2736018.065,0.0007692,1300,-547.5810245,0.5619351804
C2023Q3T07,A202203,2022-03-15,2023Q3,7,6,473,5-8 quarters,VICNSW,VIC1-NSW1,VIC1,220,125,22640.26,0,,2023Q3,32415.88534,32388.22534,48628690.88,-196728.5106,0.0006666,1500,9775.62534,1.431780613
C2023Q4T06,A202203,2022-03-15,2023Q4,6,7,565,5-8 quarters,NSWQLD,NSW1-QLD1,NSW1,58,45,8510,0,2023-10-19,2023Q4,20079.48513,20073.53513,11044213.81,-112892.4539,0.0018181,550,11569.48513,2.359516467
C2023Q4T06,A202203,2022-03-15,2023Q4,6,7,565,5-8 quarters,QLDNSW,NSW1-QLD1,QLD1,164,100,17384,0,2023-10-19,2023Q4,15846.75655,15781.09655,19016868.53,-306712.8168,0.0008333,1200,-1537.24345,0.9115713616
C2023Q4T06,A202203,2022-03-15,2023Q4,6,7,565,5-8 quarters,SAVIC,V-SA,SA1,109,64,6050,0,2023-10-19,2023Q4,5450.223568,5401.963568,4196676.344,-159856.5794,0.0012987,770,-599.776432,0.9008633997
C2023Q4T06,A202203,2022-03-15,2023Q4,6,7,565,5-8 quarters,VICSA,V-SA,VIC1,88,73,9520.83,0,2023-10-19,2023Q4,7851.926933,7835.156933,6910082.666,-92884.51894,0.0011363,880,-1668.903067,0.8247103386
C2022Q3T11,A202203,2022-03-15,2022Q3,11,2,108,1-2 quarters,SAVIC,V-SA,SA1,113,64,5500,0,,2022Q3,12640.70844,12619.53844,9733355.235,-1249245.028,0.0012987,770,7140.70844,2.298310625
C2022Q3T11,A202203,2022-03-15,2022Q3,11,2,108,1-2 quarters,VICSA,V-SA,VIC1,128,73,10000,0,,2022Q3,34342.68,34289.55,30223250.9,-759920.8238,0.0011363,880,24342.68,3.434268
C2022Q3T11,A202203,2022-03-15,2022Q3,11,2,108,1-2 quarters,NSWVIC,VIC1-NSW1,NSW1,265,108,1198,0,,2022Q3,5318.137797,5305.647797,6913855.691,-1605949.241,0.0007692,1300,4120.137797,4.439180131
C2022Q3T11,A202203,2022-03-15,2022Q3,11,2,108,1-2 quarters,VICNSW,VIC1-NSW1,VIC1,250,135,19272,0,,2022Q3,40085.17021,40066.20021,60133768.69,-222429.4908,0.0006666,1500,20813.17021,2.079969397
C2024Q1T05,A202203,2022-03-15,2024Q1,5,8,657,5-8 quarters,SAVIC,V-SA,SA1,64,64,7341,0,2024-01-19,2024Q1,9577.488781,9546.928781,7374673.736,-2048632.594,0.0012987,770,2236.488781,1.304657238
C2024Q1T05,A202203,2022-03-15,2024Q1,5,8,657,5-8 quarters,VICSA,V-SA,VIC1,90,73,16500,0,2024-01-19,2024Q1,16380.74603,16353.28603,14415863.79,-2051072.022,0.0011363,880,-119.25397,0.9927724867
C2024Q1T05,A202203,2022-03-15,2024Q1,5,8,657,5-8 quarters,NSWVIC,VIC1-NSW1,NSW1,117,108,4368,0,2024-01-19,2024Q1,15078.33402,15051.73402,19602618.33,-13860972.64,0.0007692,1300,10710.33402,3.451999547
C2024Q2T04,A202203,2022-03-15,2024Q2,4,9,748,9-12 quarters,NSWVIC,VIC1-NSW1,NSW1,164,108,1028,0,2024-04-19,2024Q2,8955.377098,8944.877098,11642455.93,-5801493.53,0.0007692,1300,7927.377098,8.711456321
C2024Q2T04,A202203,2022-03-15,2024Q2,4,9,748,9-12 quarters,VICNSW,VIC1-NSW1,VIC1,152,125,16800.25,0,2024-04-19,2024Q2,10623.15983,10586.50983,15936333.38,-445973.9899,0.0006666,1500,-6177.09017,0.6323215327
C2024Q3T03,A202203,2022-03-15,2024Q3,3,10,839,9-12 quarters,NSWQLD,NSW1-QLD1,NSW1,48,45,3040,0,,2024Q3,4735.922202,4732.102202,2604874.431,-32275.55841,0.0018181,550,1695.922202,1.557869145
C2024Q3T03,A202203,2022-03-15,2024Q3,3,10,839,9-12 quarters,QLDNSW,NSW1-QLD1,QLD1,108,100,21520.64,0,,2024Q3,41732.77095,41668.60095,50081328.39,-573776.7767,0.0008333,1200,20212.13095,1.939197484
C2024Q3T03,A202203,2022-03-15,2024Q3,3,10,839,9-12 quarters,SAVIC,V-SA,SA1,67,64,4995.37,0,,2024Q3,15957.19984,15915.66984,12287056.16,-403006.2546,0.0012987,770,10961.82984,3.194397981
C2024Q3T03,A202203,2022-03-15,2024Q3,3,10,839,9-12 quarters,VICSA,V-SA,VIC1,74,73,8996.83,0,,2024Q3,49657.91789,49644.96789,43701415.02,-79170.14281,0.0011363,880,40661.08789,5.519490519
C2024Q2T04,A202203,2022-03-15,2024Q2,4,9,748,9-12 quarters,QLDNSW,NSW1-QLD1,QLD1,120,100,24438.96,0,2024-04-19,2024Q2,85873.03277,85798.97277,103051761.4,-114311.6469,0.0008333,1200,61434.07277,3.513776068
C2024Q2T04,A202203,2022-03-15,2024Q2,4,9,748,9-12 quarters,SAVIC,V-SA,SA1,89,64,4732,0,2024-04-19,2024Q2,4694.427276,4653.297276,3614712.617,-106888.0074,0.0012987,770,-37.572724,0.9920598639
C2024Q2T04,A202203,2022-03-15,2024Q2,4,9,748,9-12 quarters,VICSA,V-SA,VIC1,73,73,9093,0,2024-04-19,2024Q2,9559.045067,9545.205067,8412430.755,-41533.71536,0.0011363,880,466.045067,1.051253169
C2023Q4T06,A202203,2022-03-15,2023Q4,6,7,565,5-8 quarters,NSWVIC,VIC1-NSW1,NSW1,143,114,1404.7,0,2023-10-19,2023Q4,1138.620464,1122.140464,1480265.814,-14285737.73,0.0007692,1300,-266.079536,0.8105791016
C2023Q4T06,A202203,2022-03-15,2023Q4,6,7,565,5-8 quarters,VICNSW,VIC1-NSW1,VIC1,217,125,24066.9,0,2023-10-19,2023Q4,17962.22426,17930.08426,26946030.99,-97108.69801,0.0006666,1500,-6104.67574,0.7463455725
C2024Q1T05,A202203,2022-03-15,2024Q1,5,8,657,5-8 quarters,NSWQLD,NSW1-QLD1,NSW1,48,45,9907,0,2024-01-19,2024Q1,30988.04292,30974.38292,17044190.6,-103500.3494,0.0018181,550,21081.04292,3.127893703
C2024Q1T05,A202203,2022-03-15,2024Q1,5,8,657,5-8 quarters,QLDNSW,NSW1-QLD1,QLD1,130,100,22822.8,0,2024-01-19,2024Q1,18691.53171,18631.84171,22430735.29,-4874460.55,0.0008333,1200,-4131.26829,0.8189850373
C2023Q2T08,A202203,2022-03-15,2023Q2,8,5,382,5-8 quarters,NSWQLD,NSW1-QLD1,NSW1,61,45,4000,0,,2023Q2,6597.225591,6593.765591,3628637.364,-81704.02754,0.0018181,550,2597.225591,1.649306398
C2023Q2T08,A202203,2022-03-15,2023Q2,8,5,382,5-8 quarters,QLDNSW,NSW1-QLD1,QLD1,194,100,24489.09,0,,2023Q2,23914.6057,23848.3257,28698674.79,-763888.2445,0.0008333,1200,-574.4843,0.9765412149
C2025Q1T01,A202203,2022-03-15,2025Q1,1,12,1023,9-12 quarters,QLDNSW,NSW1-QLD1,QLD1,100,100,23392.8,0,2025-01-21,2025Q1,24544.89407,24495.08407,29455051.09,-389693.0967,0.0008333,1200,1152.09407,1.049249943
C2023Q2T08,A202203,2022-03-15,2023Q2,8,5,382,5-8 quarters,VICNSW,VIC1-NSW1,VIC1,205,125,22960.26,0,,2023Q2,38487.74346,38465.65346,57737388.94,-189060.6748,0.0006666,1500,15527.48346,1.676276465
C2025Q1T01,A202203,2022-03-15,2025Q1,1,12,1023,9-12 quarters,SAVIC,V-SA,SA1,64,64,7210,0,2025-01-21,2025Q1,2452.505264,2431.065264,1888430.941,-118787.1816,0.0012987,770,-4757.494736,0.340153296
C2025Q1T01,A202203,2022-03-15,2025Q1,1,12,1023,9-12 quarters,NSWQLD,NSW1-QLD1,NSW1,45,45,9506,0,2025-01-21,2025Q1,18935.69517,18919.90517,10415101.02,-340678.0137,0.0018181,550,9429.69517,1.991972982
C2022Q2T12,A202203,2022-03-15,2022Q2,12,1,17,1-2 quarters,VICSA,V-SA,VIC1,133,83,13539,0,,2022Q2,25123.093,25123.093,22108321.84,-443010.2811,0.001136363636,880,11584.093,1.855609203
C2022Q2T12,A202203,2022-03-15,2022Q2,12,1,17,1-2 quarters,NSWVIC,VIC1-NSW1,NSW1,278,112,910,0,,2022Q2,1448.795264,1448.795264,1883433.844,-2260667.751,0.0007692307692,1300,538.795264,1.592082708
C2022Q2T12,A202203,2022-03-15,2022Q2,12,1,17,1-2 quarters,VICNSW,VIC1-NSW1,VIC1,225,125,19978,0,,2022Q2,60576.67997,60576.67997,90865019.95,-115547.2401,0.0006666666667,1500,40598.67997,3.032169385
C2022Q3T11,A202203,2022-03-15,2022Q3,11,2,108,1-2 quarters,NSWQLD,NSW1-QLD1,NSW1,84,60,4061.82,0,,2022Q3,13021.69818,13016.11818,7162256.301,-250036.4044,0.0018181,550,8959.87818,3.205877705
C2022Q3T11,A202203,2022-03-15,2022Q3,11,2,108,1-2 quarters,QLDNSW,NSW1-QLD1,QLD1,244,100,13330.09,0,,2022Q3,40204.14393,40153.86393,48246902.59,-2836506.844,0.0008333,1200,26874.05393,3.016044448
C2022Q4T10,A202203,2022-03-15,2022Q4,10,3,200,3-4 quarters,NSWQLD,NSW1-QLD1,NSW1,64,45,9300,0,,2022Q4,12711.39529,12697.60529,6991582.033,-86580.27895,0.0018181,550,3411.39529,1.366816698
C2022Q4T10,A202203,2022-03-15,2022Q4,10,3,200,3-4 quarters,QLDNSW,NSW1-QLD1,QLD1,275,100,10925,0,,2022Q4,9724.020811,9678.370811,11669291.74,-1211406.633,0.0008333,1200,-1200.979189,0.8900705548
C2022Q4T10,A202203,2022-03-15,2022Q4,10,3,200,3-4 quarters,SAVIC,V-SA,SA1,100,64,6046,0,,2022Q4,10944.07892,10919.73892,8426949.194,-873337.1411,0.0012987,770,4898.07892,1.810135448
C2022Q4T10,A202203,2022-03-15,2022Q4,10,3,200,3-4 quarters,VICSA,V-SA,VIC1,158,73,10170.83,0,,2022Q4,11429.02034,11389.49034,10058101.16,-1008758.355,0.0011363,880,1258.19034,1.123705768
C2024Q4T02,A202203,2022-03-15,2024Q4,2,11,931,9-12 quarters,VICNSW,VIC1-NSW1,VIC1,150,125,20800.25,0,,2024Q4,30365.22674,30320.47674,45552395.35,-310299.4475,0.0006666,1500,9564.97674,1.459849124
C2025Q1T01,A202203,2022-03-15,2025Q1,1,12,1023,9-12 quarters,VICNSW,VIC1-NSW1,VIC1,125,125,20971,0,2025-01-21,2025Q1,13527.71289,13489.37289,20293598.69,-746592.7397,0.0006666,1500,-7443.28711,0.6450676119
C2022Q2T12,A202203,2022-03-15,2022Q2,12,1,17,1-2 quarters,NSWQLD,NSW1-QLD1,NSW1,127,100,4537.55,0,,2022Q2,10915.44025,10915.44025,6003492.136,-1052269.965,0.001818181818,550,6377.89025,2.405580159
C2024Q3T03,A202203,2022-03-15,2024Q3,3,10,839,9-12 quarters,NSWVIC,VIC1-NSW1,NSW1,108,108,1000,0,,2024Q3,6762.788538,6754.518538,8791976.778,-1592600.535,0.0007692,1300,5762.788538,6.762788538
C2022Q4T10,A202203,2022-03-15,2022Q4,10,3,200,3-4 quarters,NSWVIC,VIC1-NSW1,NSW1,174,112,1380,0,,2022Q4,1268.488005,1252.768005,1649100.37,-6513081.518,0.0007692,1300,-111.511995,0.9191942065
C2023Q3T01,,,2023Q3,1,12,,9-12 quarters,NSWVIC,VIC1-NSW1,NSW1,108,108,750.75,0,,2023Q3,702.4189755,689.6389755,913181.1955,-2736018.065,0.0007692,1300,-48.3310245,0.935623011
C2023Q3T01,,,2023Q3,1,12,,9-12 quarters,VICSA,V-SA,VIC1,73,73,1500,0,,2023Q3,31778.37814,31763.72814,27966538.89,-316818.7999,0.0011363,880,30278.37814,21.18558543
C2023Q3T01,,,2023Q3,1,12,,9-12 quarters,SAVIC,V-SA,SA1,64,64,4000,0,,2023Q3,3151.352892,3106.312892,2426544.153,-292606.2394,0.0012987,770,-848.647108,0.787838223
C2023Q1T03,,,2023Q1,3,10,,9-12 quarters,NSWQLD,NSW1-QLD1,NSW1,45,45,2646,0,,2023Q1,11892.6708,11873.2208,6541263.295,-371597.8452,0.0018181,550,9246.6708,4.49458458
C2022Q4T04,,,2022Q4,4,9,,9-12 quarters,VICNSW,VIC1-NSW1,VIC1,185,125,6793.1,0,,2022Q4,38473.51859,38450.30859,57716049.48,-38402.48838,0.0006666,1500,31680.41859,5.663617287
C2022Q4T04,,,2022Q4,4,9,,9-12 quarters,NSWVIC,VIC1-NSW1,NSW1,148,108,1710.37,0,,2022Q4,1268.488005,1252.768005,1649100.37,-6513081.518,0.0007692,1300,-441.881995,0.7416453779
C2023Q3T01,,,2023Q3,1,12,,9-12 quarters,QLDNSW,NSW1-QLD1,QLD1,100,100,12150,0,,2023Q3,23449.50542,23370.84542,28140532.13,-211685.871,0.0008333,1200,11299.50542,1.930000446
C2023Q3T01,,,2023Q3,1,12,,9-12 quarters,NSWQLD,NSW1-QLD1,NSW1,45,45,257,0,,2023Q3,1295.339161,1292.259161,712468.5997,-32267.57561,0.0018181,550,1038.339161,5.040230198
C2023Q2T02,,,2023Q2,2,11,,9-12 quarters,VICNSW,VIC1-NSW1,VIC1,125,125,7333,0,,2023Q2,38487.74346,38465.65346,57737388.94,-189060.6748,0.0006666,1500,31154.74346,5.248567225
C2023Q2T02,,,2023Q2,2,11,,9-12 quarters,NSWVIC,VIC1-NSW1,NSW1,158,108,750,0,,2023Q2,1726.972364,1713.392364,2245153.879,-6651024.676,0.0007692,1300,976.972364,2.302629819
C2023Q2T02,,,2023Q2,2,11,,9-12 quarters,VICSA,V-SA,VIC1,73,73,1450,0,,2023Q2,21253.57823,21235.88823,18704196.28,-82598.34569,0.0011363,880,19803.57823,14.65764016
C2023Q2T02,,,2023Q2,2,11,,9-12 quarters,SAVIC,V-SA,SA1,84,64,4000,0,,2023Q2,5255.116713,5224.786713,4046443.916,-282993.0925,0.0012987,770,1255.116713,1.313779178
C2023Q2T02,,,2023Q2,2,11,,9-12 quarters,QLDNSW,NSW1-QLD1,QLD1,100,100,11750,0,,2023Q2,23914.6057,23848.3257,28698674.79,-763888.2445,0.0008333,1200,12164.6057,2.035285591
C2023Q2T02,,,2023Q2,2,11,,9-12 quarters,NSWQLD,NSW1-QLD1,NSW1,45,45,347.6,0,,2023Q2,6597.225591,6593.765591,3628637.364,-81704.02754,0.0018181,550,6249.625591,18.97936016
C2023Q1T03,,,2023Q1,3,10,,9-12 quarters,VICNSW,VIC1-NSW1,VIC1,125,125,10123,0,,2023Q1,21286.31693,21267.85693,31932668.67,-114688.3159,0.0006666,1500,11163.31693,2.102767651
C2023Q1T03,,,2023Q1,3,10,,9-12 quarters,NSWVIC,VIC1-NSW1,NSW1,133,120,7500,0,,2023Q1,2218.662343,2195.152343,2884376.422,-8148785.915,0.0007692,1300,-5281.337657,0.2958216457
C2023Q1T03,,,2023Q1,3,10,,9-12 quarters,VICSA,V-SA,VIC1,73,73,6004,0,,2023Q1,25070.70156,25032.74156,22063452.92,-107315.1492,0.0011363,880,19066.70156,4.175666482
C2023Q1T03,,,2023Q1,3,10,,9-12 quarters,SAVIC,V-SA,SA1,74,64,5143.26,0,,2023Q1,3934.881884,3913.261884,3029862.08,-164048.4484,0.0012987,770,-1208.378116,0.7650559925
C2023Q1T03,,,2023Q1,3,10,,9-12 quarters,QLDNSW,NSW1-QLD1,QLD1,100,100,14750,0,,2023Q1,12121.60799,12078.14799,14546511.45,-2423562.747,0.0008333,1200,-2628.39201,0.8218039315
C2022Q1T07,,,2022Q1,7,6,,5-8 quarters,NSWQLD,NSW1-QLD1,NSW1,54,45,2350,0,,2022Q1,43129.47813,43129.47813,23721212.97,-401500.1266,0.001818181818,550,40779.47813,18.35296942
C2021Q4T08,,,2021Q4,8,5,,5-8 quarters,VICNSW,VIC1-NSW1,VIC1,205,125,5250,0,,2021Q4,24177.51433,24177.51433,36266271.49,-62334.79612,0.0006666666667,1500,18927.51433,4.605240825
C2021Q4T08,,,2021Q4,8,5,,5-8 quarters,NSWVIC,VIC1-NSW1,NSW1,148,108,1504,0,,2021Q4,227.619495,227.619495,295905.3435,-3952393.238,0.0007692307692,1300,-1276.380505,0.1513427493
C2021Q4T08,,,2021Q4,8,5,,5-8 quarters,VICSA,V-SA,VIC1,137,73,2127.76,0,,2021Q4,20367.8606,20367.8606,17923717.33,-108114.5271,0.001136363636,880,18240.1006,9.572442663
C2021Q4T08,,,2021Q4,8,5,,5-8 quarters,SAVIC,V-SA,SA1,109,64,4833.66,0,,2021Q4,6991.416142,6991.416142,5383390.429,-138640.858,0.001298701299,770,2157.756142,1.446402135
C2021Q4T08,,,2021Q4,8,5,,5-8 quarters,QLDNSW,NSW1-QLD1,QLD1,160,100,11150,0,,2021Q4,3269.388248,3269.388248,3923265.898,-5591737.346,0.0008333333333,1200,-7880.611752,0.293218677
C2021Q4T08,,,2021Q4,8,5,,5-8 quarters,NSWQLD,NSW1-QLD1,NSW1,108,45,604,0,,2021Q4,18285.54244,18285.54244,10057048.34,-42611.49115,0.001818181818,550,17681.54244,30.27407689
C2022Q1T07,,,2022Q1,7,6,,5-8 quarters,VICNSW,VIC1-NSW1,VIC1,175,125,9142.76,0,,2022Q1,17938.82078,17938.82078,26908231.17,-1575501.993,0.0006666666667,1500,8796.06078,1.96207937
C2022Q1T07,,,2022Q1,7,6,,5-8 quarters,NSWVIC,VIC1-NSW1,NSW1,162,117,8800,0,,2022Q1,958.2170969,958.2170969,1245682.226,-5996200.974,0.0007692307692,1300,-7841.782903,0.1088883065
C2022Q1T07,,,2022Q1,7,6,,5-8 quarters,VICSA,V-SA,VIC1,73,73,7019.42,0,,2022Q1,15132.67012,15132.67012,13316749.7,-109035.5434,0.001136363636,880,8113.25012,2.155829131
C2022Q1T07,,,2022Q1,7,6,,5-8 quarters,SAVIC,V-SA,SA1,64,64,5143.26,0,,2022Q1,3748.196496,3748.196496,2886111.302,-445724.687,0.001298701299,770,-1395.063504,0.7287588992
C2022Q1T07,,,2022Q1,7,6,,5-8 quarters,QLDNSW,NSW1-QLD1,QLD1,136,100,16000,0,,2022Q1,1948.653251,1948.653251,2338383.901,-1250147.438,0.0008333333333,1200,-14051.34675,0.1217908282
C2022Q4T04,,,2022Q4,4,9,,9-12 quarters,SAVIC,V-SA,SA1,80,64,4666.98,0,,2022Q4,10944.07892,10919.73892,8426949.194,-873337.1411,0.0012987,770,6277.09892,2.345002318
C2022Q4T04,,,2022Q4,4,9,,9-12 quarters,QLDNSW,NSW1-QLD1,QLD1,100,100,10900,0,,2022Q4,9724.020811,9678.370811,11669291.74,-1211406.633,0.0008333,1200,-1175.979189,0.892112001
C2022Q4T04,,,2022Q4,4,9,,9-12 quarters,NSWQLD,NSW1-QLD1,NSW1,55,45,1254,0,,2022Q4,12711.39529,12697.60529,6991582.033,-86580.27895,0.0018181,550,11457.39529,10.13667886
C2022Q3T05,,,2022Q3,5,8,,5-8 quarters,VICNSW,VIC1-NSW1,VIC1,195,125,6501,0,,2022Q3,40085.17021,40066.20021,60133768.69,-222429.4908,0.0006666,1500,33584.17021,6.166000648
C2022Q3T05,,,2022Q3,5,8,,5-8 quarters,NSWVIC,VIC1-NSW1,NSW1,198,108,1104.01,0,,2022Q3,5318.137797,5305.647797,6913855.691,-1605949.241,0.0007692,1300,4214.127797,4.817110168
C2022Q3T05,,,2022Q3,5,8,,5-8 quarters,VICSA,V-SA,VIC1,73,73,1750,0,,2022Q3,34342.68,34289.55,30223250.9,-759920.8238,0.0011363,880,32592.68,19.62438857
C2022Q3T05,,,2022Q3,5,8,,5-8 quarters,SAVIC,V-SA,SA1,84,64,4000,0,,2022Q3,12640.70844,12619.53844,9733355.235,-1249245.028,0.0012987,770,8640.70844,3.16017711
C2022Q3T05,,,2022Q3,5,8,,5-8 quarters,QLDNSW,NSW1-QLD1,QLD1,100,100,12150,0,,2022Q3,40204.14393,40153.86393,48246902.59,-2836506.844,0.0008333,1200,28054.14393,3.30898304
C2022Q3T05,,,2022Q3,5,8,,5-8 quarters,NSWQLD,NSW1-QLD1,NSW1,45,45,561,0,,2022Q3,13021.69818,13016.11818,7162256.301,-250036.4044,0.0018181,550,12460.69818,23.21158321
C2022Q2T06,,,2022Q2,6,7,,5-8 quarters,VICNSW,VIC1-NSW1,VIC1,205,125,6619.68,0,,2022Q2,60576.67997,60576.67997,90865019.95,-115547.2401,0.0006666666667,1500,53956.99997,9.150998231
C2022Q2T06,,,2022Q2,6,7,,5-8 quarters,NSWVIC,VIC1-NSW1,NSW1,198,108,841.91,0,,2022Q2,1448.795264,1448.795264,1883433.844,-2260667.751,0.0007692307692,1300,606.885264,1.720843397
C2022Q2T06,,,2022Q2,6,7,,5-8 quarters,VICSA,V-SA,VIC1,73,73,1600,0,,2022Q2,25123.093,25123.093,22108321.84,-443010.2811,0.001136363636,880,23523.093,15.70193313
C2022Q2T06,,,2022Q2,6,7,,5-8 quarters,SAVIC,V-SA,SA1,98,64,4000,0,,2022Q2,11307.71334,11307.71334,8706939.275,-1997662.339,0.001298701299,770,7307.71334,2.826928335
C2022Q2T06,,,2022Q2,6,7,,5-8 quarters,QLDNSW,NSW1-QLD1,QLD1,120,100,11650,0,,2022Q2,21306.78607,21306.78607,25568143.28,-4550871.266,0.0008333333333,1200,9656.78607,1.828908676
C2022Q2T06,,,2022Q2,6,7,,5-8 quarters,NSWQLD,NSW1-QLD1,NSW1,45,45,351,0,,2022Q2,10915.44025,10915.44025,6003492.136,-1052269.965,0.001818181818,550,10564.44025,31.09812037
C2022Q4T04,,,2022Q4,4,9,,9-12 quarters,VICSA,V-SA,VIC1,73,73,2450,0,,2022Q4,11429.02034,11389.49034,10058101.16,-1008758.355,0.0011363,880,8979.02034,4.664906261
C2023Q3T01,,,2023Q3,1,12,,9-12 quarters,VICNSW,VIC1-NSW1,VIC1,125,125,7040,0,,2023Q3,32415.88534,32388.22534,48628690.88,-196728.5106,0.0006666,1500,25375.88534,4.604529168
C2022Q4T01,,,2022Q4,1,12,,9-12 quarters,NSWQLD,NSW1-QLD1,NSW1,45,45,625,0,,2022Q4,12711.39529,12697.60529,6991582.033,-86580.27895,0.0018181,550,12086.39529,20.33823246
C2022Q4T01,,,2022Q4,1,12,,9-12 quarters,QLDNSW,NSW1-QLD1,QLD1,100,100,10666,0,,2022Q4,9724.020811,9678.370811,11669291.74,-1211406.633,0.0008333,1200,-941.979189,0.9116839313
C2022Q4T01,,,2022Q4,1,12,,9-12 quarters,SAVIC,V-SA,SA1,64,64,12501,0,,2022Q4,10944.07892,10919.73892,8426949.194,-873337.1411,0.0012987,770,-1556.92108,0.8754562771
C2022Q4T01,,,2022Q4,1,12,,9-12 quarters,VICSA,V-SA,VIC1,73,73,1346,0,,2022Q4,11429.02034,11389.49034,10058101.16,-1008758.355,0.0011363,880,10083.02034,8.491099807
C2022Q4T01,,,2022Q4,1,12,,9-12 quarters,NSWVIC,VIC1-NSW1,NSW1,108,108,2208,0,,2022Q4,1268.488005,1252.768005,1649100.37,-6513081.518,0.0007692,1300,-939.511995,0.5744963791
C2022Q4T01,,,2022Q4,1,12,,9-12 quarters,VICNSW,VIC1-NSW1,VIC1,125,125,5979,0,,2022Q4,38473.51859,38450.30859,57716049.48,-38402.48838,0.0006666,1500,32494.51859,6.43477481
C2022Q1T04,,,2022Q1,4,9,,9-12 quarters,SAVIC,V-SA,SA1,64,64,5540,0,,2022Q1,3748.196496,3748.196496,2886111.302,-445724.687,0.001298701299,770,-1791.803504,0.6765697646
C2022Q1T04,,,2022Q1,4,9,,9-12 quarters,VICSA,V-SA,VIC1,88,73,2800,0,,2022Q1,15132.67012,15132.67012,13316749.7,-109035.5434,0.001136363636,880,12332.67012,5.404525043
C2022Q1T04,,,2022Q1,4,9,,9-12 quarters,NSWVIC,VIC1-NSW1,NSW1,113,108,6010,0,,2022Q1,958.2170969,958.2170969,1245682.226,-5996200.974,0.0007692307692,1300,-5051.782903,0.1594371209
C2022Q1T04,,,2022Q1,4,9,,9-12 quarters,VICNSW,VIC1-NSW1,VIC1,217,125,5890,0,,2022Q1,17938.82078,17938.82078,26908231.17,-1575501.993,0.0006666666667,1500,12048.82078,3.0456402
C2022Q2T03,,,2022Q2,3,10,,9-12 quarters,NSWQLD,NSW1-QLD1,NSW1,50,45,200,0,,2022Q2,10915.44025,10915.44025,6003492.136,-1052269.965,0.001818181818,550,10715.44025,54.57720125
C2022Q2T03,,,2022Q2,3,10,,9-12 quarters,QLDNSW,NSW1-QLD1,QLD1,100,100,10750,0,,2022Q2,21306.78607,21306.78607,25568143.28,-4550871.266,0.0008333333333,1200,10556.78607,1.982026611
C2022Q2T03,,,2022Q2,3,10,,9-12 quarters,SAVIC,V-SA,SA1,64,64,9889.2,0,,2022Q2,11307.71334,11307.71334,8706939.275,-1997662.339,0.001298701299,770,1418.51334,1.143440656
C2022Q2T03,,,2022Q2,3,10,,9-12 quarters,VICSA,V-SA,VIC1,88,73,1000,0,,2022Q2,25123.093,25123.093,22108321.84,-443010.2811,0.001136363636,880,24123.093,25.123093
C2022Q2T03,,,2022Q2,3,10,,9-12 quarters,NSWVIC,VIC1-NSW1,NSW1,134,108,1747,0,,2022Q2,1448.795264,1448.795264,1883433.844,-2260667.751,0.0007692307692,1300,-298.204736,0.8293046732
C2022Q2T03,,,2022Q2,3,10,,9-12 quarters,VICNSW,VIC1-NSW1,VIC1,125,125,5822,0,,2022Q2,60576.67997,60576.67997,90865019.95,-115547.2401,0.0006666666667,1500,54754.67997,10.40478873
C2022Q3T02,,,2022Q3,2,11,,9-12 quarters,NSWQLD,NSW1-QLD1,NSW1,45,45,220,0,,2022Q3,13021.69818,13016.11818,7162256.301,-250036.4044,0.0018181,550,12801.69818,59.18953718
C2022Q3T02,,,2022Q3,2,11,,9-12 quarters,QLDNSW,NSW1-QLD1,QLD1,100,100,10465.92,0,,2022Q3,40204.14393,40153.86393,48246902.59,-2836506.844,0.0008333,1200,29738.22393,3.841434287
C2022Q3T02,,,2022Q3,2,11,,9-12 quarters,SAVIC,V-SA,SA1,64,64,10006,0,,2022Q3,12640.70844,12619.53844,9733355.235,-1249245.028,0.0012987,770,2634.70844,1.263312856
C2022Q3T02,,,2022Q3,2,11,,9-12 quarters,VICSA,V-SA,VIC1,74,73,1000,0,,2022Q3,34342.68,34289.55,30223250.9,-759920.8238,0.0011363,880,33342.68,34.34268
C2022Q3T02,,,2022Q3,2,11,,9-12 quarters,NSWVIC,VIC1-NSW1,NSW1,113,108,1656,0,,2022Q3,5318.137797,5305.647797,6913855.691,-1605949.241,0.0007692,1300,3662.137797,3.211435868
C2022Q3T02,,,2022Q3,2,11,,9-12 quarters,VICNSW,VIC1-NSW1,VIC1,125,125,5822,0,,2022Q3,40085.17021,40066.20021,60133768.69,-222429.4908,0.0006666,1500,34263.17021,6.88512027
C2021Q4T05,,,2021Q4,5,8,,5-8 quarters,SAVIC,V-SA,SA1,74,64,12501,0,,2021Q4,6991.416142,6991.416142,5383390.429,-138640.858,0.001298701299,770,-5509.583858,0.5592685499
C2021Q4T05,,,2021Q4,5,8,,5-8 quarters,QLDNSW,NSW1-QLD1,QLD1,135,100,10666,0,,2021Q4,3269.388248,3269.388248,3923265.898,-5591737.346,0.0008333333333,1200,-7396.611752,0.306524306
C2021Q4T05,,,2021Q4,5,8,,5-8 quarters,NSWQLD,NSW1-QLD1,NSW1,74,45,700,0,,2021Q4,18285.54244,18285.54244,10057048.34,-42611.49115,0.001818181818,550,17585.54244,26.12220349
C2021Q4T05,,,2021Q4,5,8,,5-8 quarters,NSWVIC,VIC1-NSW1,NSW1,144,108,2002,0,,2021Q4,227.619495,227.619495,295905.3435,-3952393.238,0.0007692307692,1300,-1774.380505,0.1136960514
C2021Q4T05,,,2021Q4,5,8,,5-8 quarters,VICSA,V-SA,VIC1,119,73,1642.55,0,,2021Q4,20367.8606,20367.8606,17923717.33,-108114.5271,0.001136363636,880,18725.3106,12.40014648
C2022Q1T04,,,2022Q1,4,9,,9-12 quarters,QLDNSW,NSW1-QLD1,QLD1,135,100,8512,0,,2022Q1,1948.653251,1948.653251,2338383.901,-1250147.438,0.0008333333333,1200,-6563.346749,0.2289301282
C2022Q1T04,,,2022Q1,4,9,,9-12 quarters,NSWQLD,NSW1-QLD1,NSW1,56,45,2222.5,0,,2022Q1,43129.47813,43129.47813,23721212.97,-401500.1266,0.001818181818,550,40906.97813,19.40583943
C2021Q4T05,,,2021Q4,5,8,,5-8 quarters,VICNSW,VIC1-NSW1,VIC1,162,125,5270,0,,2021Q4,24177.51433,24177.51433,36266271.49,-62334.79612,0.0006666666667,1500,18907.51433,4.58776363
C2023Q1T01,,,2023Q1,1,12,,9-12 quarters,SAVIC,V-SA,SA1,64,64,4709,0,,2023Q1,3934.881884,3913.261884,3029862.08,-164048.4484,0.0012987,770,-774.118116,0.8356088095
C2023Q1T01,,,2023Q1,1,12,,9-12 quarters,VICSA,V-SA,VIC1,73,73,4901.18,0,,2023Q1,25070.70156,25032.74156,22063452.92,-107315.1492,0.0011363,880,20169.52156,5.115237873
C2023Q1T01,,,2023Q1,1,12,,9-12 quarters,NSWVIC,VIC1-NSW1,NSW1,108,108,6310.5,0,,2023Q1,2218.662343,2195.152343,2884376.422,-8148785.915,0.0007692,1300,-4091.837657,0.3515826548
C2023Q1T01,,,2023Q1,1,12,,9-12 quarters,VICNSW,VIC1-NSW1,VIC1,125,125,8058,0,,2023Q1,21286.31693,21267.85693,31932668.67,-114688.3159,0.0006666,1500,13228.31693,2.641637743
C2022Q4T02,,,2022Q4,2,11,,9-12 quarters,NSWVIC,VIC1-NSW1,NSW1,108,108,1766.4,0,,2022Q4,1268.488005,1252.768005,1649100.37,-6513081.518,0.0007692,1300,-497.911995,0.7181204738
C2022Q4T02,,,2022Q4,2,11,,9-12 quarters,VICNSW,VIC1-NSW1,VIC1,125,125,8000,0,,2022Q4,38473.51859,38450.30859,57716049.48,-38402.48838,0.0006666,1500,30473.51859,4.809189824
C2023Q1T01,,,2023Q1,1,12,,9-12 quarters,NSWQLD,NSW1-QLD1,NSW1,45,45,1955.8,0,,2023Q1,11892.6708,11873.2208,6541263.295,-371597.8452,0.0018181,550,9936.8708,6.080719296
C2023Q1T01,,,2023Q1,1,12,,9-12 quarters,QLDNSW,NSW1-QLD1,QLD1,100,100,11065.6,0,,2023Q1,12121.60799,12078.14799,14546511.45,-2423562.747,0.0008333,1200,1056.00799,1.095431607
C2022Q2T04,,,2022Q2,4,9,,9-12 quarters,NSWQLD,NSW1-QLD1,NSW1,45,45,200,0,,2022Q2,10915.44025,10915.44025,6003492.136,-1052269.965,0.001818181818,550,10715.44025,54.57720125
C2022Q2T04,,,2022Q2,4,9,,9-12 quarters,QLDNSW,NSW1-QLD1,QLD1,140,100,11972,0,,2022Q2,21306.78607,21306.78607,25568143.28,-4550871.266,0.0008333333333,1200,9334.78607,1.779718182
C2022Q2T04,,,2022Q2,4,9,,9-12 quarters,SAVIC,V-SA,SA1,64,64,7916.9,0,,2022Q2,11307.71334,11307.71334,8706939.275,-1997662.339,0.001298701299,770,3390.81334,1.42830064
C2022Q2T04,,,2022Q2,4,9,,9-12 quarters,VICSA,V-SA,VIC1,73,73,1054,0,,2022Q2,25123.093,25123.093,22108321.84,-443010.2811,0.001136363636,880,24069.093,23.83595161
C2022Q2T04,,,2022Q2,4,9,,9-12 quarters,NSWVIC,VIC1-NSW1,NSW1,108,108,1092,0,,2022Q2,1448.795264,1448.795264,1883433.844,-2260667.751,0.0007692307692,1300,356.795264,1.32673559
C2022Q2T04,,,2022Q2,4,9,,9-12 quarters,VICNSW,VIC1-NSW1,VIC1,125,125,8000,0,,2022Q2,60576.67997,60576.67997,90865019.95,-115547.2401,0.0006666666667,1500,52576.67997,7.572084996
C2022Q3T03,,,2022Q3,3,10,,9-12 quarters,NSWQLD,NSW1-QLD1,NSW1,45,45,154.88,0,,2022Q3,13021.69818,13016.11818,7162256.301,-250036.4044,0.0018181,550,12866.81818,84.07604713
C2022Q3T03,,,2022Q3,3,10,,9-12 quarters,QLDNSW,NSW1-QLD1,QLD1,100,100,11512.51,0,,2022Q3,40204.14393,40153.86393,48246902.59,-2836506.844,0.0008333,1200,28691.63393,3.492213595
C2022Q3T03,,,2022Q3,3,10,,9-12 quarters,SAVIC,V-SA,SA1,64,64,10006,0,,2022Q3,12640.70844,12619.53844,9733355.235,-1249245.028,0.0012987,770,2634.70844,1.263312856
C2022Q3T03,,,2022Q3,3,10,,9-12 quarters,VICSA,V-SA,VIC1,73,73,1007,0,,2022Q3,34342.68,34289.55,30223250.9,-759920.8238,0.0011363,880,33335.68,34.10395233
C2022Q3T03,,,2022Q3,3,10,,9-12 quarters,NSWVIC,VIC1-NSW1,NSW1,108,108,1101,0,,2022Q3,5318.137797,5305.647797,6913855.691,-1605949.241,0.0007692,1300,4217.137797,4.830279561
C2022Q3T03,,,2022Q3,3,10,,9-12 quarters,VICNSW,VIC1-NSW1,VIC1,125,125,8000,0,,2022Q3,40085.17021,40066.20021,60133768.69,-222429.4908,0.0006666,1500,32085.17021,5.010646276
C2022Q4T02,,,2022Q4,2,11,,9-12 quarters,NSWQLD,NSW1-QLD1,NSW1,45,45,552,0,,2022Q4,12711.39529,12697.60529,6991582.033,-86580.27895,0.0018181,550,12159.39529,23.02789002
C2022Q4T02,,,2022Q4,2,11,,9-12 quarters,QLDNSW,NSW1-QLD1,QLD1,100,100,10879.32,0,,2022Q4,9724.020811,9678.370811,11669291.74,-1211406.633,0.0008333,1200,-1155.299189,0.8938077758
C2022Q4T02,,,2022Q4,2,11,,9-12 quarters,SAVIC,V-SA,SA1,64,64,11500.92,0,,2022Q4,10944.07892,10919.73892,8426949.194,-873337.1411,0.0012987,770,-556.84108,0.9515829099
C2022Q4T02,,,2022Q4,2,11,,9-12 quarters,VICSA,V-SA,VIC1,73,73,1480.6,0,,2022Q4,11429.02034,11389.49034,10058101.16,-1008758.355,0.0011363,880,9948.42034,7.719181643
C2021Q4T06,,,2021Q4,6,7,,5-8 quarters,NSWQLD,NSW1-QLD1,NSW1,45,45,685,0,,2021Q4,18285.54244,18285.54244,10057048.34,-42611.49115,0.001818181818,550,17600.54244,26.69422254
C2021Q4T06,,,2021Q4,6,7,,5-8 quarters,QLDNSW,NSW1-QLD1,QLD1,185,110,11477,0,,2021Q4,3269.388248,3269.388248,3923265.898,-5591737.346,0.0008333333333,1200,-8207.611752,0.284864359
C2021Q4T06,,,2021Q4,6,7,,5-8 quarters,SAVIC,V-SA,SA1,64,64,12501,0,,2021Q4,6991.416142,6991.416142,5383390.429,-138640.858,0.001298701299,770,-5509.583858,0.5592685499
C2021Q4T06,,,2021Q4,6,7,,5-8 quarters,VICSA,V-SA,VIC1,103,73,1754,0,,2021Q4,20367.8606,20367.8606,17923717.33,-108114.5271,0.001136363636,880,18613.8606,11.61223523
C2021Q4T06,,,2021Q4,6,7,,5-8 quarters,NSWVIC,VIC1-NSW1,NSW1,213,113,1601.6,0,,2021Q4,227.619495,227.619495,295905.3435,-3952393.238,0.0007692307692,1300,-1373.980505,0.1421200643
C2021Q4T06,,,2021Q4,6,7,,5-8 quarters,VICNSW,VIC1-NSW1,VIC1,230,125,7441.5,0,,2021Q4,24177.51433,24177.51433,36266271.49,-62334.79612,0.0006666666667,1500,16736.01433,3.249010862
C2022Q1T05,,,2022Q1,5,8,,5-8 quarters,NSWQLD,NSW1-QLD1,NSW1,45,45,2160,0,,2022Q1,43129.47813,43129.47813,23721212.97,-401500.1266,0.001818181818,550,40969.47813,19.96735099
C2022Q1T05,,,2022Q1,5,8,,5-8 quarters,QLDNSW,NSW1-QLD1,QLD1,156,100,13083,0,,2022Q1,1948.653251,1948.653251,2338383.901,-1250147.438,0.0008333333333,1200,-11134.34675,0.1489454445
C2022Q1T05,,,2022Q1,5,8,,5-8 quarters,SAVIC,V-SA,SA1,89,64,5810.4,0,,2022Q1,3748.196496,3748.196496,2886111.302,-445724.687,0.001298701299,770,-2062.203504,0.6450840727
C2022Q1T05,,,2022Q1,5,8,,5-8 quarters,VICSA,V-SA,VIC1,73,73,5762.88,0,,2022Q1,15132.67012,15132.67012,13316749.7,-109035.5434,0.001136363636,880,9369.79012,2.62588673
C2022Q1T05,,,2022Q1,5,8,,5-8 quarters,NSWVIC,VIC1-NSW1,NSW1,108,108,6310.5,0,,2022Q1,958.2170969,958.2170969,1245682.226,-5996200.974,0.0007692307692,1300,-5352.282903,0.1518448771
C2022Q1T05,,,2022Q1,5,8,,5-8 quarters,VICNSW,VIC1-NSW1,VIC1,125,125,7556,0,,2022Q1,17938.82078,17938.82078,26908231.17,-1575501.993,0.0006666666667,1500,10382.82078,2.374116038
C2022Q1T06,,,2022Q1,6,7,,5-8 quarters,NSWVIC,VIC1-NSW1,NSW1,134,108,5750,0,,2022Q1,958.2170969,958.2170969,1245682.226,-5996200.974,0.0007692307692,1300,-4791.782903,0.1666464516
C2022Q1T06,,,2022Q1,6,7,,5-8 quarters,VICNSW,VIC1-NSW1,VIC1,245,125,8311.6,0,,2022Q1,17938.82078,17938.82078,26908231.17,-1575501.993,0.0006666666667,1500,9627.22078,2.158287307
C2022Q3T04,,,2022Q3,4,9,,9-12 quarters,SAVIC,V-SA,SA1,84,64,3502.1,0,,2022Q3,12640.70844,12619.53844,9733355.235,-1249245.028,0.0012987,770,9138.60844,3.609465304
C2022Q3T04,,,2022Q3,4,9,,9-12 quarters,VICSA,V-SA,VIC1,93,73,1695.75,0,,2022Q3,34342.68,34289.55,30223250.9,-759920.8238,0.0011363,880,32646.93,20.25220699
C2022Q4T03,,,2022Q4,3,10,,9-12 quarters,VICSA,V-SA,VIC1,88,73,1978,0,,2022Q4,11429.02034,11389.49034,10058101.16,-1008758.355,0.0011363,880,9451.02034,5.778068928
C2022Q4T03,,,2022Q4,3,10,,9-12 quarters,SAVIC,V-SA,SA1,80,64,4000,0,,2022Q4,10944.07892,10919.73892,8426949.194,-873337.1411,0.0012987,770,6944.07892,2.73601973
C2022Q3T04,,,2022Q3,4,9,,9-12 quarters,VICNSW,VIC1-NSW1,VIC1,155,125,6400,0,,2022Q3,40085.17021,40066.20021,60133768.69,-222429.4908,0.0006666,1500,33685.17021,6.263307845
C2022Q3T04,,,2022Q3,4,9,,9-12 quarters,NSWVIC,VIC1-NSW1,NSW1,138,108,880.8,0,,2022Q3,5318.137797,5305.647797,6913855.691,-1605949.241,0.0007692,1300,4437.337797,6.037849452
C2022Q4T03,,,2022Q4,3,10,,9-12 quarters,QLDNSW,NSW1-QLD1,QLD1,125,100,11250,0,,2022Q4,9724.020811,9678.370811,11669291.74,-1211406.633,0.0008333,1200,-1525.979189,0.8643574054
C2022Q4T03,,,2022Q4,3,10,,9-12 quarters,NSWQLD,NSW1-QLD1,NSW1,55,45,889,0,,2022Q4,12711.39529,12697.60529,6991582.033,-86580.27895,0.0018181,550,11822.39529,14.29853238
C2021Q4T07,,,2021Q4,7,6,,5-8 quarters,NSWQLD,NSW1-QLD1,NSW1,112,45,685,0,,2021Q4,18285.54244,18285.54244,10057048.34,-42611.49115,0.001818181818,550,17600.54244,26.69422254
C2021Q4T07,,,2021Q4,7,6,,5-8 quarters,QLDNSW,NSW1-QLD1,QLD1,180,100,11103,0,,2021Q4,3269.388248,3269.388248,3923265.898,-5591737.346,0.0008333333333,1200,-7833.611752,0.294459898
C2021Q4T07,,,2021Q4,7,6,,5-8 quarters,SAVIC,V-SA,SA1,114,64,4000,0,,2021Q4,6991.416142,6991.416142,5383390.429,-138640.858,0.001298701299,770,2991.416142,1.747854036
C2021Q4T07,,,2021Q4,7,6,,5-8 quarters,VICSA,V-SA,VIC1,192,73,1789.08,0,,2021Q4,20367.8606,20367.8606,17923717.33,-108114.5271,0.001136363636,880,18578.7806,11.38454435
C2021Q4T07,,,2021Q4,7,6,,5-8 quarters,NSWVIC,VIC1-NSW1,NSW1,148,108,1104,0,,2021Q4,227.619495,227.619495,295905.3435,-3952393.238,0.0007692307692,1300,-876.380505,0.2061770788
C2021Q4T07,,,2021Q4,7,6,,5-8 quarters,VICNSW,VIC1-NSW1,VIC1,235,135,6250,0,,2021Q4,24177.51433,24177.51433,36266271.49,-62334.79612,0.0006666666667,1500,17927.51433,3.868402293
C2022Q1T06,,,2022Q1,6,7,,5-8 quarters,NSWQLD,NSW1-QLD1,NSW1,50,45,2358,0,,2022Q1,43129.47813,43129.47813,23721212.97,-401500.1266,0.001818181818,550,40771.47813,18.29070319
C2022Q1T06,,,2022Q1,6,7,,5-8 quarters,QLDNSW,NSW1-QLD1,QLD1,236,100,16474,0,,2022Q1,1948.653251,1948.653251,2338383.901,-1250147.438,0.0008333333333,1200,-14525.34675,0.118286588
C2022Q1T06,,,2022Q1,6,7,,5-8 quarters,SAVIC,V-SA,SA1,111,64,4358,0,,2022Q1,3748.196496,3748.196496,2886111.302,-445724.687,0.001298701299,770,-609.803504,0.8600726241
C2022Q1T06,,,2022Q1,6,7,,5-8 quarters,VICSA,V-SA,VIC1,103,73,5878.13,0,,2022Q1,15132.67012,15132.67012,13316749.7,-109035.5434,0.001136363636,880,9254.54012,2.574402084
C2022Q4T03,,,2022Q4,3,10,,9-12 quarters,NSWVIC,VIC1-NSW1,NSW1,108,108,1104,0,,2022Q4,1268.488005,1252.768005,1649100.37,-6513081.518,0.0007692,1300,164.488005,1.148992758
C2023Q1T02,,,2023Q1,2,11,,9-12 quarters,SAVIC,V-SA,SA1,64,64,4800,0,,2023Q1,3934.881884,3913.261884,3029862.08,-164048.4484,0.0012987,770,-865.118116,0.8197670592
C2022Q4T03,,,2022Q4,3,10,,9-12 quarters,VICNSW,VIC1-NSW1,VIC1,140,125,6416,0,,2022Q4,38473.51859,38450.30859,57716049.48,-38402.48838,0.0006666,1500,32057.51859,5.99649604
C2023Q1T02,,,2023Q1,2,11,,9-12 quarters,NSWQLD,NSW1-QLD1,NSW1,45,45,2520,0,,2023Q1,11892.6708,11873.2208,6541263.295,-371597.8452,0.0018181,550,9372.6708,4.71931381
C2023Q1T02,,,2023Q1,2,11,,9-12 quarters,QLDNSW,NSW1-QLD1,QLD1,125,100,14606.59,0,,2023Q1,12121.60799,12078.14799,14546511.45,-2423562.747,0.0008333,1200,-2484.98201,0.8298725431
C2023Q1T02,,,2023Q1,2,11,,9-12 quarters,NSWVIC,VIC1-NSW1,NSW1,108,108,5553.24,0,,2023Q1,2218.662343,2195.152343,2884376.422,-8148785.915,0.0007692,1300,-3334.577657,0.3995257441
C2023Q1T02,,,2023Q1,2,11,,9-12 quarters,VICNSW,VIC1-NSW1,VIC1,150,128,9203,0,,2023Q1,21286.31693,21267.85693,31932668.67,-114688.3159,0.0006666,1500,12083.31693,2.31297587
C2023Q2T01,,,2023Q2,1,12,,9-12 quarters,NSWQLD,NSW1-QLD1,NSW1,45,45,395,0,,2023Q2,6597.225591,6593.765591,3628637.364,-81704.02754,0.0018181,550,6202.225591,16.70183694
C2023Q2T01,,,2023Q2,1,12,,9-12 quarters,QLDNSW,NSW1-QLD1,QLD1,100,100,11373.4,0,,2023Q2,23914.6057,23848.3257,28698674.79,-763888.2445,0.0008333,1200,12541.2057,2.10267868
C2023Q1T02,,,2023Q1,2,11,,9-12 quarters,VICSA,V-SA,VIC1,82,73,5442.72,0,,2023Q1,25070.70156,25032.74156,22063452.92,-107315.1492,0.0011363,880,19627.98156,4.606281705
C2023Q2T01,,,2023Q2,1,12,,9-12 quarters,VICNSW,VIC1-NSW1,VIC1,125,125,6666,0,,2023Q2,38487.74346,38465.65346,57737388.94,-189060.6748,0.0006666,1500,31821.74346,5.773738893
C2023Q2T01,,,2023Q2,1,12,,9-12 quarters,NSWVIC,VIC1-NSW1,NSW1,108,108,960.96,0,,2023Q2,1726.972364,1713.392364,2245153.879,-6651024.676,0.0007692,1300,766.012364,1.797132413
C2023Q2T01,,,2023Q2,1,12,,9-12 quarters,VICSA,V-SA,VIC1,73,73,1360,0,,2023Q2,21253.57823,21235.88823,18704196.28,-82598.34569,0.0011363,880,19893.57823,15.62763105
C2023Q2T01,,,2023Q2,1,12,,9-12 quarters,SAVIC,V-SA,SA1,64,64,3250,0,,2023Q2,5255.116713,5224.786713,4046443.916,-282993.0925,0.0012987,770,2005.116713,1.616958989
C2022Q2T05,,,2022Q2,5,8,,5-8 quarters,NSWQLD,NSW1-QLD1,NSW1,45,45,359,0,,2022Q2,10915.44025,10915.44025,6003492.136,-1052269.965,0.001818181818,550,10556.44025,30.40512604
C2022Q2T05,,,2022Q2,5,8,,5-8 quarters,QLDNSW,NSW1-QLD1,QLD1,175,100,11373.4,0,,2022Q2,21306.78607,21306.78607,25568143.28,-4550871.266,0.0008333333333,1200,9933.38607,1.87338756
C2022Q2T05,,,2022Q2,5,8,,5-8 quarters,SAVIC,V-SA,SA1,114,64,3250,0,,2022Q2,11307.71334,11307.71334,8706939.275,-1997662.339,0.001298701299,770,8057.71334,3.479296412
C2022Q2T05,,,2022Q2,5,8,,5-8 quarters,VICSA,V-SA,VIC1,118,73,1401,0,,2022Q2,25123.093,25123.093,22108321.84,-443010.2811,0.001136363636,880,23722.093,17.93225767
C2022Q2T05,,,2022Q2,5,8,,5-8 quarters,NSWVIC,VIC1-NSW1,NSW1,138,108,842,0,,2022Q2,1448.795264,1448.795264,1883433.844,-2260667.751,0.0007692307692,1300,606.795264,1.720659458
C2022Q2T05,,,2022Q2,5,8,,5-8 quarters,VICNSW,VIC1-NSW1,VIC1,160,125,6400,0,,2022Q2,60576.67997,60576.67997,90865019.95,-115547.2401,0.0006666666667,1500,54176.67997,9.465106245
C2022Q3T04,,,2022Q3,4,9,,9-12 quarters,NSWQLD,NSW1-QLD1,NSW1,51,51,510,0,,2022Q3,13021.69818,13016.11818,7162256.301,-250036.4044,0.0018181,550,12511.69818,25.53274153
C2022Q3T04,,,2022Q3,4,9,,9-12 quarters,QLDNSW,NSW1-QLD1,QLD1,147,100,11702.4,0,,2022Q3,40204.14393,40153.86393,48246902.59,-2836506.844,0.0008333,1200,28501.74393,3.43554689
