name,direction,season,half_hour,units_n,treated_capacity,control_capacity,capacity_effect,flow_effect,at_limit_effect,clock
Basslink,forward,Autumn,0,3,125.0,125.0,0.0,0.0,0.0,00:00
Basslink,forward,Autumn,1,3,125.0,125.0,0.0,0.0,0.0,00:30
Basslink,forward,Autumn,2,3,125.0,125.0,0.0,0.0,0.0,01:00
Basslink,forward,Autumn,3,3,125.0,125.0,0.0,0.0,0.0,01:30
Basslink,forward,Autumn,4,3,125.0,125.0,0.0,0.0,0.0,02:00
Basslink,forward,Autumn,5,3,125.0,125.0,0.0,0.0,0.0,02:30
Basslink,forward,Autumn,6,3,125.0,125.0,0.0,0.0,0.0,03:00
Basslink,forward,Autumn,7,3,125.0,125.0,0.0,-2.689648333333333,0.0,03:30
Basslink,forward,Autumn,8,3,125.0,125.0,0.0,0.0,0.0,04:00
Basslink,forward,Autumn,9,4,10.472806666666663,125.0,0.0,0.0,0.0,04:30
Basslink,forward,Autumn,10,4,28.763506666666665,125.0,-3.7351783333333337,-12.359435833333329,0.0,05:00
Basslink,forward,Autumn,11,5,125.0,125.0,0.0,0.0,0.0,05:30
Basslink,forward,Autumn,12,5,125.0,125.0,0.0,0.0,0.0,06:00
Basslink,forward,Autumn,13,10,125.0,125.0,7.733383333333336,-1.6114175000000008,0.0,06:30
Basslink,forward,Autumn,14,12,125.0,125.0,0.0,-1.0550999999999997,0.0,07:00
Basslink,forward,Autumn,15,15,104.16666666666667,104.14658666666666,0.0,5.804850833333376,0.0,07:30
Basslink,forward,Autumn,16,15,-61.46742333333333,12.721770000000001,-26.32096833333334,-3.3539249999999896,0.0,08:00
Basslink,forward,Autumn,17,16,-69.38560916666667,-100.60203833333333,0.0,14.701585,0.0,08:30
Basslink,forward,Autumn,18,16,-99.37059666666667,-105.80309,16.498712500000018,16.45961833333333,0.0,09:00
Basslink,forward,Autumn,19,17,-115.17291166666666,-108.0326775,1.1647583333333387,-3.4765625,0.0,09:30
Basslink,forward,Autumn,20,16,-125.51266083333334,-101.28148666666667,-28.86017333333335,-22.974533333333312,0.0,10:00
Basslink,forward,Autumn,21,16,-114.28038500000001,-105.04032,-4.57967583333334,-8.839977499999982,-0.0625,10:30
Basslink,forward,Autumn,22,16,-118.37715583333332,-108.730505,-18.204565000000013,-20.021904166666666,0.0,11:00
Basslink,forward,Autumn,23,16,-136.74042250000002,-97.29854499999999,-27.674993333333347,-28.05848000000001,0.0,11:30
Basslink,forward,Autumn,24,16,-138.41407916666668,-75.00397833333334,-23.187733333333327,-23.189444999999992,0.0,12:00
Basslink,forward,Autumn,25,16,-123.36034166666667,-101.256305,-13.030729166666667,-7.26697249999998,0.0,12:30
Basslink,forward,Autumn,26,16,-127.9418925,-77.8310975,-40.47229750000001,-43.31660249999999,0.0,13:00
Basslink,forward,Autumn,27,17,-145.3665,-95.65929999999999,-25.733338333333336,-10.548068333333276,0.0,13:30
Basslink,forward,Autumn,28,16,-120.38331416666668,-81.31235666666666,-38.40589583333332,-28.81258333333333,0.0,14:00
Basslink,forward,Autumn,29,16,-122.54217750000001,-100.00193999999999,-27.286097500000007,-11.143888333333365,0.0,14:30
Basslink,forward,Autumn,30,16,-130.23899583333332,-100.00219999999999,-27.633706666666683,-25.966070000000002,0.0,15:00
Basslink,forward,Autumn,31,16,-120.13528666666667,-100.00212916666666,-19.057775833333338,-21.181272500000006,0.0,15:30
Basslink,forward,Autumn,32,16,-117.75662333333334,-80.97291166666668,-6.066669166666657,-1.828800833333304,0.0,16:00
Basslink,forward,Autumn,33,11,125.0,-58.18007166666666,-11.86158833333333,13.7457316666667,0.0,16:30
Basslink,forward,Autumn,34,10,19.637635833333327,-67.79743166666667,-0.901282083333335,-0.3260233333333318,0.0,17:00
Basslink,forward,Autumn,35,8,125.0,36.89866166666667,16.16620916666667,16.169015833333333,0.0,17:30
Basslink,forward,Autumn,36,8,125.0,35.19624833333333,37.95851833333333,17.851385833333335,0.0,18:00
Basslink,forward,Autumn,37,5,125.0,125.0,0.0,0.0,0.0,18:30
Basslink,forward,Autumn,38,4,125.0,125.0,0.0,0.0,0.0,19:00
Basslink,forward,Autumn,39,3,125.0,125.0,0.0,0.0,0.0,19:30
Basslink,forward,Autumn,40,3,125.0,-35.253245,60.276174999999995,19.14560999999999,0.0,20:00
Basslink,forward,Autumn,41,3,125.0,-32.262746666666665,157.26274666666666,64.98100333333333,0.0,20:30
Basslink,forward,Autumn,42,3,125.0,-5.964370000000002,93.387395,33.97317499999999,0.0,21:00
Basslink,forward,Autumn,43,3,125.0,125.0,0.0,0.0,0.0,21:30
Basslink,forward,Autumn,44,3,125.0,125.0,0.0,0.0,0.0,22:00
Basslink,forward,Autumn,45,3,125.0,125.0,0.0,0.0,0.0,22:30
Basslink,forward,Autumn,46,3,125.0,125.0,0.0,0.0,0.0,23:00
Basslink,forward,Autumn,47,3,125.0,28.674071666666666,0.0,0.0,0.0,23:30
Basslink,forward,Spring,0,48,0.0001,308.6059725,11.06472791666664,4.604279999999989,-0.0625,00:00
Basslink,forward,Spring,1,48,0.0,158.03213291666668,-10.443655000000007,-32.37971,-0.03125,00:30
Basslink,forward,Spring,2,40,0.0,294.775,-14.22769416666668,-95.70604583333336,-0.025,01:00
Basslink,forward,Spring,3,40,-84.26790083333334,-82.653785,-10.900643333333335,-21.14712666666668,0.05,01:30
Basslink,forward,Spring,4,41,-138.55982166666666,-140.069075,-32.25484999999992,-26.700131666666607,0.024390243902439025,02:00
Basslink,forward,Spring,5,41,-142.73081666666667,-142.73081666666667,-29.852848333333327,-32.39854000000008,0.0,02:30
Basslink,forward,Spring,6,41,-147.43771166666667,-130.01695833333335,-46.66301666666669,-43.669458333333296,0.0,03:00
Basslink,forward,Spring,7,41,-142.38543,-130.01695833333335,-29.220333333333315,-46.923473333333334,0.024390243902439025,03:30
Basslink,forward,Spring,8,42,-137.80853333333334,-138.50150333333335,-18.19968999999999,-18.25999916666663,0.023809523809523808,04:00
Basslink,forward,Spring,9,46,0.0,-141.36637333333334,4.952531666666658,0.8336750000000279,0.06521739130434782,04:30
Basslink,forward,Spring,10,46,0.0,-151.37686083333335,20.427449583333328,35.31126625000002,0.06521739130434782,05:00
Basslink,forward,Spring,11,49,0.0,-5.958836666666666,21.11060999999998,-3.1703350000000228,0.08163265306122448,05:30
Basslink,forward,Spring,12,54,5e-05,345.722395,-27.486603333333335,-54.61143,0.009259259259259259,06:00
Basslink,forward,Spring,13,57,0.0,311.70707,-52.32818000000003,-111.29582333333335,-0.14035087719298245,06:30
Basslink,forward,Spring,14,58,0.0,277.4277041666667,-28.07835500000003,-82.18669249999999,-0.10344827586206896,07:00
Basslink,forward,Spring,15,63,-35.58363333333333,-77.847225,-29.603549999999984,-56.224410833333366,-0.047619047619047616,07:30
Basslink,forward,Spring,16,65,-132.32911166666668,0.0,-48.22789499999999,-68.1374075,-0.015384615384615385,08:00
Basslink,forward,Spring,17,66,-128.83980083333333,-123.74994083333333,-3.2867041666666807,-4.03869041666664,0.045454545454545456,08:30
Basslink,forward,Spring,18,67,-148.79009499999998,-129.269485,0.0,9.948490833333324,0.029850746268656716,09:00
Basslink,forward,Spring,19,69,-152.95592666666667,-155.36237500000001,6.91666833333332,16.43662500000005,0.028985507246376812,09:30
Basslink,forward,Spring,20,69,-145.61247833333334,-158.79968,12.67920833333335,32.09773666666666,0.028985507246376812,10:00
Basslink,forward,Spring,21,64,-134.5741708333333,-156.7388691666667,27.96575458333333,48.82430333333332,0.03125,10:30
Basslink,forward,Spring,22,67,-130.89211833333334,-147.69356833333333,7.8018116666666515,27.958081666666658,0.029850746268656716,11:00
Basslink,forward,Spring,23,59,-154.93941166666664,-154.94640166666667,1.4249966666666296,0.0,0.01694915254237288,11:30
Basslink,forward,Spring,24,60,-151.639705,-153.99657833333333,4.9285383333333215,0.02277749999998946,0.016666666666666666,12:00
Basslink,forward,Spring,25,58,-150.67476916666666,-145.85966249999998,0.0,2.5231666666666683,0.0,12:30
Basslink,forward,Spring,26,63,-148.13334166666667,-153.99657833333333,15.84721833333333,6.1407016666667005,0.0,13:00
Basslink,forward,Spring,27,63,-148.60726333333335,-150.759775,7.31199749999999,7.623906666666699,0.0,13:30
Basslink,forward,Spring,28,64,-140.694595,-148.8724075,0.31234833333333256,0.0,0.0,14:00
Basslink,forward,Spring,29,64,-144.59168083333333,-150.758445,3.3617083333333255,-7.897789999999979,0.0,14:30
Basslink,forward,Spring,30,62,-142.94534166666665,-149.96432416666667,3.7991691666666725,-10.563580833333333,0.0,15:00
Basslink,forward,Spring,31,63,-141.76979666666668,-147.431705,0.0,-14.067471666666677,0.015873015873015872,15:30
Basslink,forward,Spring,32,61,-148.747555,-157.19024333333334,0.0,-10.00033499999995,-0.03278688524590164,16:00
Basslink,forward,Spring,33,60,-143.22024333333334,-155.54976833333333,-3.1767233333333422,-3.1143766666666863,0.025,16:30
Basslink,forward,Spring,34,63,-125.12795333333334,-117.45987000000001,-2.4026216666666755,0.0,0.10317460317460317,17:00
Basslink,forward,Spring,35,55,0.0,-23.092814999999998,23.092914999999998,87.52313249999999,0.13636363636363635,17:30
Basslink,forward,Spring,36,54,80.2352725,-23.092814999999998,23.092914999999998,30.269028750000004,0.06481481481481481,18:00
Basslink,forward,Spring,37,55,281.44174833333335,307.81981333333334,17.4652058333333,29.90517833333331,0.01818181818181818,18:30
Basslink,forward,Spring,38,51,106.42763333333333,390.03718000000003,-3.0614283333332537,-8.167586666666637,0.09803921568627451,19:00
Basslink,forward,Spring,39,50,299.03929916666664,356.2547666666667,3.883878333333314,41.562195,0.03,19:30
Basslink,forward,Spring,40,47,314.23717500000004,356.6880533333333,-4.205873333333329,-20.082660000000033,-0.07446808510638298,20:00
Basslink,forward,Spring,41,51,329.59560166666665,349.18189333333333,19.374809999999997,-37.071686666666665,0.0392156862745098,20:30
Basslink,forward,Spring,42,45,303.5333316666667,349.9231766666667,-37.11750916666671,-81.57127666666668,-0.022222222222222223,21:00
Basslink,forward,Spring,43,47,319.2099816666667,346.30856666666665,2.9829849999999283,-10.140209999999911,-0.06382978723404255,21:30
Basslink,forward,Spring,44,47,273.09999999999997,350.0,0.0,-13.447888333333367,0.02127659574468085,22:00
Basslink,forward,Spring,45,48,211.19166583333333,344.4206825,0.05863333333331866,-0.6882775000000194,-0.020833333333333332,22:30
Basslink,forward,Spring,46,47,214.95000000000002,339.95,-5.699681666666606,-13.29841833333333,-0.11702127659574468,23:00
Basslink,forward,Spring,47,47,181.88382166666668,307.4661233333333,0.0006000000000199179,-28.22105666666667,-0.10638297872340426,23:30
Basslink,forward,Summer,0,4,9.065477500000007,125.0,-53.61492333333334,-78.5793475,0.0,00:00
Basslink,forward,Summer,1,4,-4.2806225,35.47072958333333,-6.833387500000001,-0.6954325000000026,0.0,00:30
Basslink,forward,Summer,2,5,-92.94309500000001,-68.85248333333332,0.0,-1.3675133333333633,0.0,01:00
Basslink,forward,Summer,3,4,31.027854166666668,24.857451250000004,28.528479166666674,28.5288675,0.0,01:30
Basslink,forward,Summer,4,4,15.370403333333336,28.073758333333338,12.870176666666673,11.458385833333333,0.0,02:00
Basslink,forward,Summer,5,4,26.85890833333334,20.248525833333332,24.359430000000003,24.360144166666664,0.0,02:30
Basslink,forward,Summer,6,3,-60.00297833333334,-62.09726,59.99532999999999,60.0,0.0,03:00
Basslink,forward,Summer,7,3,-60.00176833333333,-70.48748333333333,59.99835333333333,60.0,0.0,03:30
Basslink,forward,Summer,8,3,-60.144081666666665,-63.00317833333333,42.47381666666668,42.472449999999995,0.0,04:00
Basslink,forward,Summer,9,5,-84.61173166666667,-60.003391666666666,-18.67623333333333,-18.233188333333345,0.0,04:30
Basslink,forward,Summer,10,6,-142.03438833333334,-60.169245833333335,-19.902770833333324,-10.344207499999975,0.0,05:00
Basslink,forward,Summer,11,6,-136.44304083333333,-85.08107333333334,-7.123115000000013,11.010500833333335,0.0,05:30
Basslink,forward,Summer,12,7,-44.59161,35.05341666666667,-123.999675,-54.834545,0.0,06:00
Basslink,forward,Summer,13,11,-87.59510666666667,42.499608333333335,-21.25,-7.69606,0.0,06:30
Basslink,forward,Summer,14,8,-37.17630166666667,1.0896012499999976,-93.45882250000001,-41.19565333333333,0.0,07:00
Basslink,forward,Summer,15,8,-114.77267416666666,-80.26817375,-45.53239791666667,-12.189218333333336,0.0,07:30
Basslink,forward,Summer,16,8,-112.16996,-96.75607500000001,-31.97684833333335,3.6255899999999954,0.0,08:00
Basslink,forward,Summer,17,9,-175.00551666666664,-150.030335,-12.590363333333329,-11.06048166666666,0.0,08:30
Basslink,forward,Summer,18,8,-165.00233416666666,-131.50794083333335,-28.790309999999984,-14.55439833333336,0.0,09:00
Basslink,forward,Summer,19,8,-167.54655166666663,-110.00149416666666,9.684519166666668,4.785450000000001,0.0,09:30
Basslink,forward,Summer,20,8,-164.67216083333335,-119.79984333333334,-6.190768333333338,-54.465430833333336,0.0,10:00
Basslink,forward,Summer,21,8,-155.49242833333335,-157.2880575,-7.743562499999992,-40.86991958333334,0.0,10:30
Basslink,forward,Summer,22,8,-156.10471166666667,-161.58695916666667,3.8554508333333395,14.481905,0.0,11:00
Basslink,forward,Summer,23,8,-162.16231249999998,-163.53299916666666,5.237221666666663,29.725769999999976,0.0,11:30
Basslink,forward,Summer,24,8,-160.11086749999998,-162.96053166666667,29.853743333333334,45.891835833333346,0.0,12:00
Basslink,forward,Summer,25,8,-161.59754583333333,-169.731885,31.228705833333343,34.71767500000001,0.0,12:30
Basslink,forward,Summer,26,8,-161.09231333333332,-181.33640833333334,30.496938333333343,28.668431666666663,0.0,13:00
Basslink,forward,Summer,27,8,-159.96640333333332,-186.41899,43.354465833333336,58.71709916666666,0.0,13:30
Basslink,forward,Summer,28,8,-157.38289333333333,-166.18065666666666,33.434484999999995,52.38845083333332,0.0,14:00
Basslink,forward,Summer,29,8,-168.52850999999998,-164.25077083333332,24.458334166666653,6.693004166666681,0.0,14:30
Basslink,forward,Summer,30,8,-166.15921583333332,-160.64067,10.757082499999996,23.375453333333326,0.0,15:00
Basslink,forward,Summer,31,8,-164.4519725,-122.89696333333333,24.414094999999982,6.7236025000000055,0.0,15:30
Basslink,forward,Summer,32,7,-161.14907666666667,-172.76588999999998,20.492438333333332,33.82892333333332,0.0,16:00
Basslink,forward,Summer,33,5,-160.98948833333336,-172.76588999999998,-3.33352,-3.0655283333333045,0.0,16:30
Basslink,forward,Summer,34,6,-92.67714583333334,-116.298475,-20.22738666666666,-24.853128333333334,0.0,17:00
Basslink,forward,Summer,35,6,-90.1544125,-109.87501333333334,-50.16258666666666,-56.73463166666667,0.0,17:30
Basslink,forward,Summer,36,8,-82.51887916666666,-51.261385833333335,6.846618333333332,-1.2572808333333683,0.0,18:00
Basslink,forward,Summer,37,3,125.0,311.48032666666666,-221.66569166666665,-134.56082166666667,0.0,18:30
Basslink,forward,Summer,38,5,125.0,124.18326833333333,-137.82776833333332,-134.56082166666667,0.2,19:00
Basslink,forward,Summer,39,5,125.0,125.0,-99.39140666666665,-100.51316666666665,-0.2,19:30
Basslink,forward,Summer,40,4,-18.357482500000003,125.0,-99.79102,-89.96717,0.0,20:00
Basslink,forward,Summer,41,5,-150.02751,125.0,-80.36621166666669,-22.99685666666667,0.0,20:30
Basslink,forward,Summer,42,5,-110.24852333333332,125.0,-86.99054833333334,-39.304095,0.0,21:00
Basslink,forward,Summer,43,5,-7.656666666666666,125.0,-30.098630833333345,-32.581205000000004,0.0,21:30
Basslink,forward,Summer,44,4,93.75,125.0,-10.274930833333332,-10.894338333333337,0.0,22:00
Basslink,forward,Summer,45,4,104.16666666666666,125.0,-27.000186666666668,-8.46301,0.0,22:30
Basslink,forward,Summer,46,4,72.91666666666667,125.0,-19.57752750000001,-6.735671666666663,0.0,23:00
Basslink,forward,Summer,47,4,83.33333333333333,125.0,-41.66666666666667,-12.14962,0.0,23:30
Basslink,forward,Winter,0,36,292.3831783333334,163.6248375,-1.5,-2.56515541666667,0.041666666666666664,00:00
Basslink,forward,Winter,1,36,293.0495608333333,125.0,0.0,40.71305666666667,0.0,00:30
Basslink,forward,Winter,2,36,287.7076025,125.0,0.0,26.54427499999997,0.0,01:00
Basslink,forward,Winter,3,36,282.42431750000003,23.395024166666666,0.0,32.73249750000002,0.08333333333333333,01:30
Basslink,forward,Winter,4,36,131.76652083333335,125.0,1.690758333333335,15.13488958333329,-0.05555555555555555,02:00
Basslink,forward,Winter,5,36,72.06357583333333,-78.20995166666667,0.0,45.89304333333328,0.08333333333333333,02:30
Basslink,forward,Winter,6,36,41.666666666666664,125.0,0.0,23.400510000000025,0.05555555555555555,03:00
Basslink,forward,Winter,7,36,0.0,42.49897583333333,0.0,26.369970416666675,0.05555555555555555,03:30
Basslink,forward,Winter,8,36,0.0,125.0,0.0,35.844963333333325,0.08333333333333333,04:00
Basslink,forward,Winter,9,35,0.0,-30.78131833333333,1.8339833333333786,43.772130000000004,0.05714285714285714,04:30
Basslink,forward,Winter,10,34,0.0,64.38952916666666,0.0,17.64897083333335,0.058823529411764705,05:00
Basslink,forward,Winter,11,34,0.0,53.92234875,0.0,0.0,0.058823529411764705,05:30
Basslink,forward,Winter,12,34,62.5,114.58333333333334,-3.406342499999994,-4.616484999999983,0.029411764705882353,06:00
Basslink,forward,Winter,13,46,114.58333333333334,125.0,2.6866275000000144,0.45188333333333336,0.0,06:30
Basslink,forward,Winter,14,51,262.4591716666667,125.0,41.883988333333335,73.74765500000001,0.06862745098039216,07:00
Basslink,forward,Winter,15,52,273.016315,140.16247625,57.54767833333335,99.1744875,0.0673076923076923,07:30
Basslink,forward,Winter,16,56,319.82652083333335,125.0,48.616865,79.35971374999998,0.03571428571428571,08:00
Basslink,forward,Winter,17,64,305.41791,125.0,42.92973333333332,83.27039666666667,0.0,08:30
Basslink,forward,Winter,18,67,288.88281333333333,125.0,2.9921866666666688,32.192875,0.014925373134328358,09:00
Basslink,forward,Winter,19,66,125.0,125.0,18.91321333333333,55.90221666666667,-0.015151515151515152,09:30
Basslink,forward,Winter,20,62,81.24997666666667,125.0,19.05078000000003,49.829464166666696,0.0,10:00
Basslink,forward,Winter,21,64,6.145883333333333,27.5993625,6.032287500000024,43.92702666666666,0.015625,10:30
Basslink,forward,Winter,22,65,-29.788095,-85.67901499999999,2.2339050000000213,49.17121499999996,0.046153846153846156,11:00
Basslink,forward,Winter,23,64,-119.32387083333333,-73.77870291666666,11.655209166666666,2.44785333333337,0.015625,11:30
Basslink,forward,Winter,24,63,-119.86844,-29.11654,-3.072382499999975,0.0,0.015873015873015872,12:00
Basslink,forward,Winter,25,65,-137.96846000000002,19.646375000000006,0.9618999999999858,31.534188333333304,0.015384615384615385,12:30
Basslink,forward,Winter,26,66,-123.08525583333332,-100.00204916666667,0.0,22.181594999999987,0.030303030303030304,13:00
Basslink,forward,Winter,27,66,-100.02267833333333,-60.78110833333333,0.0,42.276836666666696,0.045454545454545456,13:30
Basslink,forward,Winter,28,66,-122.24069666666665,-110.15723833333332,0.0,4.929284166666719,0.030303030303030304,14:00
Basslink,forward,Winter,29,66,-103.86751833333334,-137.80559583333334,0.0,7.320062500000008,0.015151515151515152,14:30
Basslink,forward,Winter,30,67,-111.62824333333333,-127.59172416666665,16.03305666666668,42.253151666666724,0.029850746268656716,15:00
Basslink,forward,Winter,31,65,-76.8583,-94.89477833333332,30.41602499999999,29.888431666666676,0.015384615384615385,15:30
Basslink,forward,Winter,32,65,-11.166961666666666,-48.137656666666665,62.17125999999999,56.24031500000001,0.007692307692307693,16:00
Basslink,forward,Winter,33,65,125.0,125.0,10.848711666666674,48.454645833333245,0.015384615384615385,16:30
Basslink,forward,Winter,34,60,302.0448025,132.76338791666666,50.0715625,71.65506208333335,0.1,17:00
Basslink,forward,Winter,35,49,315.10371000000004,286.2352783333333,-3.0,0.0,0.04081632653061224,17:30
Basslink,forward,Winter,36,40,311.27370833333333,339.11043666666666,-3.2148633333333407,-13.260248333333323,-0.0125,18:00
Basslink,forward,Winter,37,39,289.10998166666667,378.69064249999997,-63.60332500000004,-33.95034166666667,0.07692307692307693,18:30
Basslink,forward,Winter,38,42,353.9105466666667,307.60029833333334,-12.302650833333331,-14.305809166666677,0.09523809523809523,19:00
Basslink,forward,Winter,39,43,356.12076333333334,363.7,-36.74683666666664,-23.36800333333332,0.09302325581395349,19:30
Basslink,forward,Winter,40,43,354.48529833333333,358.58294333333333,-43.93770166666667,-9.367295000000013,-0.023255813953488372,20:00
Basslink,forward,Winter,41,36,363.48313833333333,456.0,-3.0,-10.939698333333354,0.0,20:30
Basslink,forward,Winter,42,36,352.14108166666665,456.0,-4.391926666666677,-4.14863916666668,-0.027777777777777776,21:00
Basslink,forward,Winter,43,36,345.8154608333333,422.9557566666667,-6.295029166666694,-19.752281666666676,-0.027777777777777776,21:30
Basslink,forward,Winter,44,36,337.7612233333333,400.80782666666664,-3.0,-1.2399633333333782,0.027777777777777776,22:00
Basslink,forward,Winter,45,36,360.76458083333335,438.570925,0.0,9.01701749999998,0.05555555555555555,22:30
Basslink,forward,Winter,46,36,293.24580833333334,300.33688083333334,0.0,30.282585000000005,0.06944444444444445,23:00
Basslink,forward,Winter,47,36,283.96148500000004,205.60219916666668,0.0,12.261359166666693,-0.027777777777777776,23:30
Basslink,reverse,Autumn,0,3,125.0,125.0,0.0,0.0,0.0,00:00
Basslink,reverse,Autumn,1,3,125.0,125.0,0.0,0.0,0.0,00:30
Basslink,reverse,Autumn,2,3,125.0,125.0,0.0,0.0,0.0,01:00
Basslink,reverse,Autumn,3,3,125.0,125.0,0.0,0.0,0.0,01:30
Basslink,reverse,Autumn,4,3,125.0,125.0,0.0,0.0,0.0,02:00
Basslink,reverse,Autumn,5,3,125.0,125.0,0.0,0.0,0.0,02:30
Basslink,reverse,Autumn,6,3,125.0,125.0,0.0,0.0,0.0,03:00
Basslink,reverse,Autumn,7,3,125.0,125.0,0.0,2.689648333333333,0.0,03:30
Basslink,reverse,Autumn,8,3,125.0,125.0,0.0,0.0,0.0,04:00
Basslink,reverse,Autumn,9,4,217.88297583333335,125.0,1.0167641666666896,0.0,0.0,04:30
Basslink,reverse,Autumn,10,4,173.55224583333336,125.0,12.408446666666663,12.359435833333329,0.0,05:00
Basslink,reverse,Autumn,11,5,125.0,125.0,0.0,0.0,0.2,05:30
Basslink,reverse,Autumn,12,5,125.0,125.0,0.0,0.0,0.2,06:00
Basslink,reverse,Autumn,13,10,125.0,76.16003666666667,27.535748333333327,1.6114175000000008,0.1,06:30
Basslink,reverse,Autumn,14,12,125.0,89.46385500000001,5.149308333333333,1.0550999999999997,0.16666666666666666,07:00
Basslink,reverse,Autumn,15,15,125.0,125.0,0.0,-5.804850833333376,0.2,07:30
Basslink,reverse,Autumn,16,15,178.51500333333334,156.11653666666666,21.949870000000004,3.3539249999999896,0.26666666666666666,08:00
Basslink,reverse,Autumn,17,16,286.661925,286.13281333333333,-12.993955,-14.701585,0.0,08:30
Basslink,reverse,Autumn,18,16,298.19059416666664,310.46582166666667,-20.991780833333323,-16.45961833333333,0.0,09:00
Basslink,reverse,Autumn,19,17,311.4830733333333,312.28255333333334,-0.7994800000000168,3.4765625,0.0,09:30
Basslink,reverse,Autumn,20,16,319.1990575,296.1910816666667,21.731098333333335,22.974533333333312,0.0,10:00
Basslink,reverse,Autumn,21,16,322.8655616666667,299.24935,10.581914166666678,8.839977499999982,0.0,10:30
Basslink,reverse,Autumn,22,16,313.95703333333336,308.3157566666667,39.45545999999999,20.021904166666666,0.0,11:00
Basslink,reverse,Autumn,23,16,341.498295,302.96582166666667,31.008760833333298,28.05848000000001,0.0,11:30
Basslink,reverse,Autumn,24,16,351.69857,270.5657566666667,36.550867083333344,23.189444999999992,0.0,12:00
Basslink,reverse,Autumn,25,16,326.1244325,264.3259683333333,16.03880166666667,7.26697249999998,0.0,12:30
Basslink,reverse,Autumn,26,16,321.47180083333336,270.06583750000004,47.54125833333332,43.31660249999999,0.0,13:00
Basslink,reverse,Autumn,27,17,339.82042333333334,278.5991216666667,4.99994833333335,10.548068333333276,-0.058823529411764705,13:30
Basslink,reverse,Autumn,28,16,314.43611250000004,281.76587,20.15499749999998,28.81258333333333,0.0,14:00
Basslink,reverse,Autumn,29,16,315.1346125,314.87402499999996,11.266750000000002,11.143888333333365,0.0,14:30
Basslink,reverse,Autumn,30,16,330.8180625,304.90755333333334,16.83133166666667,25.966070000000002,0.0,15:00
Basslink,reverse,Autumn,31,16,315.3320333333333,301.54915500000004,35.53208666666666,21.181272500000006,-0.0625,15:30
Basslink,reverse,Autumn,32,16,295.9410008333333,272.9769166666666,1.8281874999999843,1.828800833333304,-0.0625,16:00
Basslink,reverse,Autumn,33,11,125.0,254.41601666666668,8.323138333333361,-13.7457316666667,0.0,16:30
Basslink,reverse,Autumn,34,10,195.03304083333333,270.4410816666667,0.9751379166666823,0.3260233333333318,0.0,17:00
Basslink,reverse,Autumn,35,8,125.0,193.566325,-12.458740833333309,-16.169015833333333,0.0,17:30
Basslink,reverse,Autumn,36,8,125.0,196.65820416666668,-79.84993583333335,-17.851385833333335,0.125,18:00
Basslink,reverse,Autumn,37,5,125.0,125.0,0.0,0.0,0.2,18:30
Basslink,reverse,Autumn,38,4,125.0,125.0,0.0,0.0,0.25,19:00
Basslink,reverse,Autumn,39,3,125.0,125.0,0.0,0.0,0.3333333333333333,19:30
Basslink,reverse,Autumn,40,3,125.0,255.99951333333334,-130.99951333333334,-19.14560999999999,0.3333333333333333,20:00
Basslink,reverse,Autumn,41,3,125.0,267.73258500000003,-142.73258500000003,-64.98100333333333,0.0,20:30
Basslink,reverse,Autumn,42,3,125.0,234.19954500000003,-80.17695999999998,-33.97317499999999,0.0,21:00
Basslink,reverse,Autumn,43,3,125.0,125.0,0.0,0.0,0.0,21:30
Basslink,reverse,Autumn,44,3,125.0,125.0,0.0,0.0,0.0,22:00
Basslink,reverse,Autumn,45,3,125.0,125.0,0.0,0.0,0.3333333333333333,22:30
Basslink,reverse,Autumn,46,3,125.0,125.0,0.0,0.0,0.0,23:00
Basslink,reverse,Autumn,47,3,125.0,162.51595333333333,0.0,0.0,0.0,23:30
Basslink,reverse,Spring,0,48,0.0,-115.9078475,-3.044584583333318,-1.3664520833333142,-0.010416666666666666,00:00
Basslink,reverse,Spring,1,48,0.0,55.38915125000001,10.698523333333334,32.37971,0.0625,00:30
Basslink,reverse,Spring,2,40,14.968733333333333,-80.51863166666666,33.12974833333331,95.70604583333336,0.175,01:00
Basslink,reverse,Spring,3,40,264.77275833333334,187.30017125,12.225685833333301,21.14712666666668,0.025,01:30
Basslink,reverse,Spring,4,41,319.02542166666666,317.21872,16.498504999999966,26.700131666666607,0.07317073170731707,02:00
Basslink,reverse,Spring,5,41,318.0551766666667,323.815905,12.736886666666749,32.39854000000008,-0.024390243902439025,02:30
Basslink,reverse,Spring,6,41,332.33849000000004,315.82137166666666,16.835283333333393,43.669458333333296,0.024390243902439025,03:00
Basslink,reverse,Spring,7,41,322.6296283333333,315.82137166666666,20.196965000000006,46.923473333333334,0.024390243902439025,03:30
Basslink,reverse,Spring,8,42,325.2957525,320.67877166666665,9.584171666666705,18.25999916666663,-0.023809523809523808,04:00
Basslink,reverse,Spring,9,46,83.62410666666668,316.58465666666666,-19.569390833333316,-0.8336750000000279,-0.06521739130434782,04:30
Basslink,reverse,Spring,10,46,5e-05,309.04420500000003,-43.90882500000001,-35.31126625000002,-0.14130434782608695,05:00
Basslink,reverse,Spring,11,49,0.0,237.07025666666664,-55.36258166666664,-6.825003333333342,0.05102040816326531,05:30
Basslink,reverse,Spring,12,54,0.0,-129.65862,23.30382000000001,69.86079916666664,0.018518518518518517,06:00
Basslink,reverse,Spring,13,57,0.0,-133.6765,52.40155666666669,111.29582333333335,0.15789473684210525,06:30
Basslink,reverse,Spring,14,58,53.431891666666665,0.0,33.395315416666676,75.0188025,0.09482758620689655,07:00
Basslink,reverse,Spring,15,63,246.68333500000003,272.7,40.64260166666668,50.30945666666666,-0.047619047619047616,07:30
Basslink,reverse,Spring,16,65,293.201485,278.5000025,68.13433333333336,68.1374075,0.015384615384615385,08:00
Basslink,reverse,Spring,17,66,305.67276416666664,300.16467833333337,-2.199867500000039,-1.6050824999999946,0.05303030303030303,08:30
Basslink,reverse,Spring,18,67,304.9770883333333,301.01326166666666,-8.140716666666606,-11.326133333333303,0.022388059701492536,09:00
Basslink,reverse,Spring,19,69,313.17822666666666,357.59344333333337,-24.356193333333295,-21.869953333333342,-0.10144927536231885,09:30
Basslink,reverse,Spring,20,69,308.712935,360.13381499999997,-34.02188000000001,-32.09773666666666,-0.11594202898550725,10:00
Basslink,reverse,Spring,21,64,304.8447758333333,361.08485125,-48.44158500000003,-48.74223166666667,-0.171875,10:30
Basslink,reverse,Spring,22,67,323.75816833333334,344.605885,-27.955676666666704,-28.7498916666666,-0.2462686567164179,11:00
Basslink,reverse,Spring,23,59,341.61258666666663,344.605885,0.0,0.0,-0.13559322033898305,11:30
Basslink,reverse,Spring,24,60,345.69815,337.38034833333336,-2.4104879166666535,0.0,-0.025,12:00
Basslink,reverse,Spring,25,58,349.4506216666666,338.22739333333334,-0.518464999999992,-1.5049575000000175,0.04310344827586207,12:30
Basslink,reverse,Spring,26,63,339.85216833333334,342.4554616666667,-16.194498333333286,-6.1407016666667005,0.007936507936507936,13:00
Basslink,reverse,Spring,27,63,340.5112066666667,337.87505,-5.162309999999934,-7.623906666666699,-0.0873015873015873,13:30
Basslink,reverse,Spring,28,64,343.8020775,337.1740741666666,0.3027850000000285,1.8539058333333287,-0.015625,14:00
Basslink,reverse,Spring,29,64,350.0,346.5170608333333,1.889223333333348,12.632041666666652,-0.078125,14:30
Basslink,reverse,Spring,30,62,335.0468616666667,325.2330641666667,-1.072299166666653,12.425879166666675,0.04838709677419355,15:00
Basslink,reverse,Spring,31,63,340.48307666666665,327.9801116666667,12.50296499999996,14.067471666666677,0.03968253968253968,15:30
Basslink,reverse,Spring,32,61,338.3537083333334,325.2330641666667,0.0,7.560366666666667,-0.02459016393442623,16:00
Basslink,reverse,Spring,33,60,338.53487666666666,329.967395,11.780745000000024,3.1143766666666863,-0.10833333333333334,16:30
Basslink,reverse,Spring,34,63,287.26998166666664,285.7558466666667,5.760984999999948,0.0,-0.015873015873015872,17:00
Basslink,reverse,Spring,35,55,62.5,203.32941749999998,-104.9774716666667,-87.52313249999999,0.03636363636363636,17:30
Basslink,reverse,Spring,36,54,0.0,203.32941749999998,-72.41797166666667,-30.269028750000004,0.09259259259259259,18:00
Basslink,reverse,Spring,37,55,-108.237935,-125.15451333333333,-41.499966666666666,-29.90517833333331,0.14545454545454545,18:30
Basslink,reverse,Spring,38,51,0.0,-168.97899833333335,-11.899749166666709,8.167586666666637,0.09803921568627451,19:00
Basslink,reverse,Spring,39,50,-113.36351833333333,-180.29324416666668,-23.287052500000016,-41.562195,0.02,19:30
Basslink,reverse,Spring,40,47,-121.2471,-214.51351666666665,-0.03520500000001903,20.082660000000033,-0.0425531914893617,20:00
Basslink,reverse,Spring,41,51,-130.52866,-179.30311333333336,8.733330000000024,37.071686666666665,-0.06862745098039216,20:30
Basslink,reverse,Spring,42,45,-89.29324166666667,-195.235465,39.09936166666665,81.57127666666668,-0.08888888888888889,21:00
Basslink,reverse,Spring,43,47,-117.90302833333334,-171.18163666666666,-1.2719133333333161,10.140209999999911,-0.1276595744680851,21:30
Basslink,reverse,Spring,44,47,-82.77160666666667,-172.43498333333332,4.110176666666689,13.447888333333367,-0.02127659574468085,22:00
Basslink,reverse,Spring,45,48,-35.63817916666667,-164.67740916666668,0.5146408333333312,0.6882775000000194,-0.041666666666666664,22:30
Basslink,reverse,Spring,46,47,0.0,-162.85675833333335,37.83714999999998,13.29841833333333,-0.010638297872340425,23:00
Basslink,reverse,Spring,47,47,0.0,-129.695715,46.69398499999997,28.22105666666667,0.06382978723404255,23:30
Basslink,reverse,Summer,0,4,182.4999975,111.16973583333333,119.96428416666667,78.5793475,0.25,00:00
Basslink,reverse,Summer,1,4,143.2005908333333,109.76814458333334,61.36221541666666,0.6954325000000026,-0.375,00:30
Basslink,reverse,Summer,2,5,125.0,125.0,54.104175,1.3675133333333633,-0.2,01:00
Basslink,reverse,Summer,3,4,125.0,101.2017275,84.92047833333334,-28.5288675,0.0,01:30
Basslink,reverse,Summer,4,4,125.0,121.05454833333334,29.899681666666666,-11.458385833333333,0.0,02:00
Basslink,reverse,Summer,5,4,125.0,108.9621875,36.288621666666664,-24.360144166666664,0.0,02:30
Basslink,reverse,Summer,6,3,125.0,125.0,35.06083166666667,-60.0,0.0,03:00
Basslink,reverse,Summer,7,3,125.0,151.91504,-26.915040000000005,-60.0,0.3333333333333333,03:30
Basslink,reverse,Summer,8,3,125.0,210.18310499999998,-15.714111666666668,-42.472449999999995,0.3333333333333333,04:00
Basslink,reverse,Summer,9,5,125.0,238.68400333333332,-3.5358916666666573,18.233188333333345,0.2,04:30
Basslink,reverse,Summer,10,6,216.40004416666665,236.58225916666666,-36.588427499999995,10.344207499999975,-0.16666666666666666,05:00
Basslink,reverse,Summer,11,6,235.28710166666667,198.78622666666666,-39.83236749999999,-11.010500833333335,-0.3333333333333333,05:30
Basslink,reverse,Summer,12,7,260.08562166666667,209.26749499999997,71.25412666666674,54.834545,0.14285714285714285,06:00
Basslink,reverse,Summer,13,11,243.748605,196.44987,20.83333333333333,7.69606,-0.09090909090909091,06:30
Basslink,reverse,Summer,14,8,255.4212216666667,215.962225,57.705358333333365,41.19565333333333,0.125,07:00
Basslink,reverse,Summer,15,8,274.31406416666664,280.7790820833334,12.828084166666656,12.189218333333336,0.0,07:30
Basslink,reverse,Summer,16,8,285.37362916666666,290.38231916666666,-22.7638575,-3.6255899999999954,0.0,08:00
Basslink,reverse,Summer,17,9,294.861235,321.19007,1.199543333333338,11.06048166666666,-0.1111111111111111,08:30
Basslink,reverse,Summer,18,8,329.2173466666667,322.14947333333333,-4.080991666666648,14.55439833333336,0.0,09:00
Basslink,reverse,Summer,19,8,347.33258083333334,308.1530725,-29.646549999999976,-4.785450000000001,0.125,09:30
Basslink,reverse,Summer,20,8,337.86797416666667,304.9656591666667,-6.505812500000019,54.465430833333336,0.375,10:00
Basslink,reverse,Summer,21,8,324.83819416666665,345.4624670833334,-27.748527083333357,40.86991958333334,0.375,10:30
Basslink,reverse,Summer,22,8,325.76247083333334,360.5929454166667,-13.192739166666641,-14.481905,0.125,11:00
Basslink,reverse,Summer,23,8,317.37163,361.20786250000003,-25.230810833333322,-29.725769999999976,0.125,11:30
Basslink,reverse,Summer,24,8,307.9391816666667,369.6143158333333,-42.26548624999998,-45.891835833333346,0.125,12:00
Basslink,reverse,Summer,25,8,298.35196,375.6056883333333,-41.79026374999998,-34.71767500000001,0.0,12:30
Basslink,reverse,Summer,26,8,308.24439583333333,393.94775125,-27.151522916666636,-28.668431666666663,0.0,13:00
Basslink,reverse,Summer,27,8,338.7831708333333,390.1631491666667,-51.86223083333337,-58.71709916666666,-0.25,13:30
Basslink,reverse,Summer,28,8,342.7501033333333,360.61571000000004,-40.74833833333338,-52.38845083333332,-0.125,14:00
Basslink,reverse,Summer,29,8,344.3193225,377.59667666666667,-31.14546166666669,-6.693004166666681,-0.125,14:30
Basslink,reverse,Summer,30,8,351.5181216666667,372.5284925,-32.30812,-23.375453333333326,0.0,15:00
Basslink,reverse,Summer,31,8,349.163595,339.32469375000005,-23.764166250000017,-6.7236025000000055,0.125,15:30
Basslink,reverse,Summer,32,7,343.114865,397.92556833333333,-68.4231933333333,-33.82892333333332,-0.14285714285714285,16:00
Basslink,reverse,Summer,33,5,306.02942333333334,398.391905,-1.1296050000000264,3.0655283333333045,-0.2,16:30
Basslink,reverse,Summer,34,6,309.1632583333333,324.90342333333336,27.793802499999998,24.853128333333334,-0.16666666666666666,17:00
Basslink,reverse,Summer,35,6,296.9890375,318.13223916666664,53.072240833333325,56.73463166666667,-0.16666666666666666,17:30
Basslink,reverse,Summer,36,8,288.62394416666666,278.7503766666667,34.20045166666665,1.2572808333333683,0.0,18:00
Basslink,reverse,Summer,37,3,125.0,-46.70663,175.54071749999997,134.56082166666667,0.0,18:30
Basslink,reverse,Summer,38,5,125.0,102.49999916666667,51.77008000000001,134.56082166666667,0.1,19:00
Basslink,reverse,Summer,39,5,125.0,116.80681166666666,54.25100166666664,100.51316666666665,-0.2,19:30
Basslink,reverse,Summer,40,4,157.33993249999997,125.0,83.84228083333333,89.96717,0.25,20:00
Basslink,reverse,Summer,41,5,150.0259,125.0,0.0,22.99685666666667,0.2,20:30
Basslink,reverse,Summer,42,5,168.44968333333335,125.0,0.0,39.304095,0.2,21:00
Basslink,reverse,Summer,43,5,145.53320333333332,125.0,20.53320333333332,32.581205000000004,0.1,21:30
Basslink,reverse,Summer,44,4,125.0,125.0,10.275164999999994,10.894338333333337,0.0,22:00
Basslink,reverse,Summer,45,4,125.0,125.0,10.416666666666664,8.46301,0.0,22:30
Basslink,reverse,Summer,46,4,125.0,125.0,10.416666666666664,6.735671666666663,0.0,23:00
Basslink,reverse,Summer,47,4,168.19986999999998,125.0,13.625536666666648,12.14962,0.0,23:30
Basslink,reverse,Winter,0,36,-78.88526250000001,31.249998333333334,-6.535014583333336,2.56515541666667,0.08333333333333333,00:00
Basslink,reverse,Winter,1,36,-93.97991916666666,125.0,-47.42387749999999,-40.71305666666667,0.013888888888888888,00:30
Basslink,reverse,Winter,2,36,-82.30627916666667,93.75,-51.92090916666666,-26.54427499999997,0.041666666666666664,01:00
Basslink,reverse,Winter,3,36,-67.81363083333333,203.0363675,-53.854834166666706,-32.73249750000002,0.027777777777777776,01:30
Basslink,reverse,Winter,4,36,0.0,125.0,-21.885955833333355,-15.13488958333329,0.08333333333333333,02:00
Basslink,reverse,Winter,5,36,23.379491666666667,314.100005,-13.517283333333339,-45.89304333333328,0.05555555555555555,02:30
Basslink,reverse,Winter,6,36,27.4612975,125.0,-13.897466666666698,-23.400510000000025,0.20833333333333334,03:00
Basslink,reverse,Winter,7,36,43.5450825,197.27500166666667,-12.115159999999998,-26.369970416666675,0.2222222222222222,03:30
Basslink,reverse,Winter,8,36,52.867379166666666,125.0,-14.042229999999986,-35.844963333333325,0.1111111111111111,04:00
Basslink,reverse,Winter,9,35,104.16666666666667,233.83219,-41.98822500000003,-43.772130000000004,0.17142857142857143,04:30
Basslink,reverse,Winter,10,34,125.0,181.29394333333335,-21.64121750000001,-17.64897083333335,0.19117647058823528,05:00
Basslink,reverse,Winter,11,34,125.0,125.0,-9.724450000000004,0.0,0.2647058823529412,05:30
Basslink,reverse,Winter,12,34,52.083333333333336,125.0,3.60400791666666,4.616484999999983,0.17647058823529413,06:00
Basslink,reverse,Winter,13,46,36.246565833333335,124.45357166666668,-17.33625333333333,-0.45188333333333336,0.043478260869565216,06:30
Basslink,reverse,Winter,14,51,-97.14178500000001,80.24595000000001,-56.02412666666666,-73.74765500000001,0.0392156862745098,07:00
Basslink,reverse,Winter,15,52,-139.85730583333333,49.51823083333333,-65.17073666666666,-99.1744875,-0.057692307692307696,07:30
Basslink,reverse,Winter,16,56,-141.84587166666668,114.58333333333334,-75.21667,-79.35971374999998,-0.044642857142857144,08:00
Basslink,reverse,Winter,17,64,-136.12282333333332,65.556015,-60.00923833333337,-72.31759666666666,-0.09375,08:30
Basslink,reverse,Winter,18,67,-76.14005333333334,125.0,-16.338064999999972,-27.542292499999974,-0.029850746268656716,09:00
Basslink,reverse,Winter,19,66,5e-05,125.0,-58.41994,-55.90221666666667,0.015151515151515152,09:30
Basslink,reverse,Winter,20,62,103.71015333333334,125.0,-15.87338583333333,-49.829464166666696,-0.03225806451612903,10:00
Basslink,reverse,Winter,21,64,125.0,145.59166666666667,-12.955066666666653,-43.92702666666666,-0.015625,10:30
Basslink,reverse,Winter,22,65,218.41473499999998,275.2440416666667,-8.816153333333318,-47.17275666666665,-0.023076923076923078,11:00
Basslink,reverse,Winter,23,64,269.6773391666667,235.99046916666666,-3.8351929166666423,-2.44785333333337,0.0390625,11:30
Basslink,reverse,Winter,24,63,235.90262500000003,218.81640666666667,-22.81512166666667,0.0,0.07142857142857142,12:00
Basslink,reverse,Winter,25,65,251.19472,269.34944666666667,-36.937815,-47.18265833333339,0.06153846153846154,12:30
Basslink,reverse,Winter,26,66,294.2347258333333,292.6540979166667,-30.744098333333284,-22.181594999999987,0.045454545454545456,13:00
Basslink,reverse,Winter,27,66,273.657555,213.42108833333333,-36.7398808333333,-42.276836666666696,0.022727272727272728,13:30
Basslink,reverse,Winter,28,66,291.20919416666663,232.84798833333332,-3.969028333333327,-7.611728333333382,0.03787878787878788,14:00
Basslink,reverse,Winter,29,66,286.45000166666665,297.52444,-4.143280833333364,-12.266602500000019,0.015151515151515152,14:30
Basslink,reverse,Winter,30,67,274.7446,277.08180833333336,-28.665893333333315,-56.17663666666667,-0.007462686567164179,15:00
Basslink,reverse,Winter,31,65,210.126755,281.781975,-53.85573166666671,-49.08266333333332,0.046153846153846156,15:30
Basslink,reverse,Winter,32,65,200.01666833333334,217.06972499999998,-54.31957999999997,-56.24031500000001,0.0,16:00
Basslink,reverse,Winter,33,65,100.06075333333332,125.0,-44.51181166666666,-48.454645833333245,0.007692307692307693,16:30
Basslink,reverse,Winter,34,60,-121.97664833333332,112.9227975,-41.67783833333334,-72.255405,-0.008333333333333333,17:00
Basslink,reverse,Winter,35,49,-126.39006666666667,-155.07891833333335,6.435771666666671,0.0,0.01020408163265306,17:30
Basslink,reverse,Winter,36,40,-127.64993,-189.60180541666665,11.611560833333314,13.260248333333323,-0.025,18:00
Basslink,reverse,Winter,37,39,-124.58102500000001,-189.75374666666667,-4.88281333333336,33.95034166666667,0.0,18:30
Basslink,reverse,Winter,38,42,-156.42990083333333,-131.67107958333332,6.906249166666683,14.305809166666677,-0.047619047619047616,19:00
Basslink,reverse,Winter,39,43,-178.80198166666665,-165.91180083333333,16.127698333333342,23.36800333333332,-0.046511627906976744,19:30
Basslink,reverse,Winter,40,43,-157.80787999999998,-164.00142583333331,5.283853333333354,9.367295000000013,0.023255813953488372,20:00
Basslink,reverse,Winter,41,36,-180.24213916666668,-192.9272575,5.44715416666665,10.939698333333354,0.027777777777777776,20:30
Basslink,reverse,Winter,42,36,-183.22116999999997,-209.00540916666668,4.716975416666642,4.14863916666668,0.0,21:00
Basslink,reverse,Winter,43,36,-185.32030833333332,-193.99779333333333,16.11840000000001,19.752281666666676,0.027777777777777776,21:30
Basslink,reverse,Winter,44,36,-169.07610666666665,-184.90545291666666,6.941182500000018,1.2399633333333782,0.05555555555555555,22:00
Basslink,reverse,Winter,45,36,-146.74012,-181.55340083333334,-14.790027083333328,-9.01701749999998,0.027777777777777776,22:30
Basslink,reverse,Winter,46,36,-79.98426583333334,-34.24365958333333,-32.8404666666667,-30.282585000000005,0.0,23:00
Basslink,reverse,Winter,47,36,-77.97226166666667,-8.937111666666667,-22.781080833333334,-12.261359166666693,0.0,23:30
Directlink,forward,Autumn,0,53,49.22768,46.53813,2.0441649999999996,8.000000000000002,-0.07547169811320754,00:00
Directlink,forward,Autumn,1,53,50.081269999999996,44.483725,5.16670666666667,14.333333333333334,0.05660377358490566,00:30
Directlink,forward,Autumn,2,53,48.560873333333326,37.70027833333333,5.049968333333332,8.438708333333333,0.03773584905660377,01:00
Directlink,forward,Autumn,3,53,50.298206666666665,45.86702666666667,-1.3550116666666696,6.0,0.03773584905660377,01:30
Directlink,forward,Autumn,4,53,50.99004166666666,51.10022166666667,-3.4195383333333282,2.666666666666668,0.05660377358490566,02:00
Directlink,forward,Autumn,5,53,52.975838333333336,51.10022166666667,-2.5617016666666714,5.333333333333332,0.018867924528301886,02:30
Directlink,forward,Autumn,6,53,51.86572833333333,51.10022166666667,-4.050131666666669,2.1081666666666656,0.05660377358490566,03:00
Directlink,forward,Autumn,7,53,52.83819166666667,54.76666666666667,-3.9111416666666656,4.0,0.03773584905660377,03:30
Directlink,forward,Autumn,8,53,53.63827166666667,54.800000000000004,-3.25,7.166666666666667,0.05660377358490566,04:00
Directlink,forward,Autumn,9,53,54.93351333333333,52.85026,3.481548333333336,8.0,0.03773584905660377,04:30
Directlink,forward,Autumn,10,53,53.08882,53.51692666666667,1.1131366666666622,4.155256666666666,0.03773584905660377,05:00
Directlink,forward,Autumn,11,55,48.06828333333333,55.783449999999995,-0.6561616666666623,7.0,0.07272727272727272,05:30
Directlink,forward,Autumn,12,56,49.94329833333333,52.0686025,-0.4353795833333294,8.5,0.07142857142857142,06:00
Directlink,forward,Autumn,13,59,42.408785,48.821200833333336,-3.1568758333333378,11.666666666666666,0.05084745762711865,06:30
Directlink,forward,Autumn,14,63,34.18720666666666,43.530405,-0.5555549999999982,7.36066,0.07936507936507936,07:00
Directlink,forward,Autumn,15,69,32.41932,44.51000333333334,-11.13324166666667,-3.6083783333333344,0.036231884057971016,07:30
Directlink,forward,Autumn,16,79,24.28974,42.58425,-21.13824833333333,-10.658381666666664,-0.012658227848101266,08:00
Directlink,forward,Autumn,17,80,22.729394166666665,34.4836725,-23.722614583333332,-19.69354083333333,0.0,08:30
Directlink,forward,Autumn,18,80,6.408794166666667,34.72939125,-18.149781666666666,-16.616357499999992,-0.025,09:00
Directlink,forward,Autumn,19,79,7.067383333333335,24.916913333333337,-30.33316333333333,-14.916666666666666,-0.012658227848101266,09:30
Directlink,forward,Autumn,20,78,0.11704166666666775,31.9852725,-15.166889166666667,-18.250162500000005,-0.07692307692307693,10:00
Directlink,forward,Autumn,21,80,9.066813333333332,29.062591250000004,-19.347964166666664,-15.721501666666663,0.0,10:30
Directlink,forward,Autumn,22,78,7.748263333333334,21.096548333333335,-13.808379166666665,-19.337261666666663,-0.01282051282051282,11:00
Directlink,forward,Autumn,23,80,14.435454166666666,22.090256250000003,1.324911666666667,0.3341191666666641,0.01875,11:30
Directlink,forward,Autumn,24,77,23.62967666666667,30.233806666666666,0.44463000000000363,-1.6166666666666671,0.0,12:00
Directlink,forward,Autumn,25,79,19.842626666666664,46.28333333333333,-6.899899999999997,-21.09032166666666,-0.03164556962025317,12:30
Directlink,forward,Autumn,26,78,20.775512499999998,50.632375833333334,-27.12184208333333,-29.387689166666664,-0.1346153846153846,13:00
Directlink,forward,Autumn,27,77,20.41719833333333,53.48238333333333,-26.857543333333332,-34.249305,-0.09740259740259741,13:30
Directlink,forward,Autumn,28,77,17.0,54.235054999999996,-34.66841166666667,-33.2667,-0.045454545454545456,14:00
Directlink,forward,Autumn,29,75,24.34978166666667,54.235054999999996,-9.869059999999998,-16.02869333333333,0.02666666666666667,14:30
Directlink,forward,Autumn,30,76,33.042609166666665,45.341611666666665,-10.083279999999997,-8.0,0.05263157894736842,15:00
Directlink,forward,Autumn,31,79,44.52904,45.341611666666665,-1.0166666666666586,0.5182383333333331,0.05063291139240506,15:30
Directlink,forward,Autumn,32,77,43.160055,48.745395,-6.184128333333327,0.0,0.05194805194805195,16:00
Directlink,forward,Autumn,33,72,41.55349666666667,42.21109833333333,-3.419325833333332,12.857551666666664,0.09722222222222222,16:30
Directlink,forward,Autumn,34,68,32.342985,33.007963333333336,0.5657541666666663,12.603317500000003,0.10294117647058823,17:00
Directlink,forward,Autumn,35,56,24.685989166666666,26.827167499999998,2.0513208333333335,17.808333333333334,0.21428571428571427,17:30
Directlink,forward,Autumn,36,53,20.271658333333335,32.97866333333334,-3.944800833333332,11.166666666666666,0.18867924528301888,18:00
Directlink,forward,Autumn,37,51,21.988416666666666,34.17957166666667,-4.830855833333333,5.069800000000001,0.22549019607843138,18:30
Directlink,forward,Autumn,38,51,29.340999999999998,35.47616333333333,-5.339709999999997,7.5,0.11764705882352941,19:00
Directlink,forward,Autumn,39,51,35.26027666666666,38.92899333333333,-1.612985000000002,4.0,0.0784313725490196,19:30
Directlink,forward,Autumn,40,50,35.40087,39.89012083333333,-2.4746849999999974,1.1912349999999996,0.12,20:00
Directlink,forward,Autumn,41,52,36.040395000000004,44.992574166666664,-3.479247499999998,10.660132500000001,0.07692307692307693,20:30
Directlink,forward,Autumn,42,52,40.578221666666664,49.45214333333334,-5.787263333333335,5.646614166666667,0.11538461538461539,21:00
Directlink,forward,Autumn,43,52,43.608004166666674,50.8118,-1.5551999999999957,5.785197500000001,0.038461538461538464,21:30
Directlink,forward,Autumn,44,51,47.208205,49.16063499999999,-2.389318333333321,9.0,0.0196078431372549,22:00
Directlink,forward,Autumn,45,51,45.66286333333333,52.13811666666667,-2.6291300000000035,11.99920833333333,0.0392156862745098,22:30
Directlink,forward,Autumn,46,53,42.44805833333333,49.682851666666664,-4.62493666666667,8.75813333333334,0.0,23:00
Directlink,forward,Autumn,47,53,43.58532666666667,45.648554999999995,-0.753322500000003,5.333333333333334,-0.05660377358490566,23:30
Directlink,forward,Spring,0,68,5.0168800000000005,35.036743333333334,-8.791712500000003,-8.0,0.07352941176470588,00:00
Directlink,forward,Spring,1,69,17.483333333333334,27.3,-4.548236666666668,-4.548236666666668,0.021739130434782608,00:30
Directlink,forward,Spring,2,67,18.652438333333333,42.970551666666665,-8.474075,-6.42219333333334,-0.014925373134328358,01:00
Directlink,forward,Spring,3,67,9.058393333333335,43.054740833333334,-6.528026666666669,0.0,-0.014925373134328358,01:30
Directlink,forward,Spring,4,67,6.089331666666666,39.666668333333334,-10.896553333333337,-1.333333333333334,-0.014925373134328358,02:00
Directlink,forward,Spring,5,67,17.264876666666666,49.595130833333336,-9.64349833333334,0.7634416666666688,0.029850746268656716,02:30
Directlink,forward,Spring,6,63,19.95,39.31666666666666,-3.48235166666667,-0.8035766666666664,-0.047619047619047616,03:00
Directlink,forward,Spring,7,62,16.72823916666667,41.933335,-5.079523333333334,-1.2166666666666668,-0.0967741935483871,03:30
Directlink,forward,Spring,8,59,18.866666666666667,42.6,-13.01666666666667,-0.8901550000000071,-0.0847457627118644,04:00
Directlink,forward,Spring,9,58,25.862935000000004,43.66667,-14.205469999999998,-3.6083333333333334,-0.10344827586206896,04:30
Directlink,forward,Spring,10,57,-8.999756666666666,43.23333333333333,-6.666666666666666,-2.666666666666668,-0.10526315789473684,05:00
Directlink,forward,Spring,11,68,5.790514166666668,38.58333416666667,-1.8602625000000002,-3.6079125000000003,-0.10294117647058823,05:30
Directlink,forward,Spring,12,71,17.633333333333333,37.618,-9.299551666666673,-2.666666666666666,0.0,06:00
Directlink,forward,Spring,13,80,29.853725833333336,38.846396666666664,-10.3214425,-0.8817341666666673,0.04375,06:30
Directlink,forward,Spring,14,86,19.18333416666667,37.14867916666667,-2.6648149999999973,0.0,0.03488372093023256,07:00
Directlink,forward,Spring,15,87,27.341746666666666,17.366118333333333,2.0666666666666664,10.853854166666663,0.10344827586206896,07:30
Directlink,forward,Spring,16,83,53.29694666666666,38.11666666666667,6.058333333333337,18.483333333333334,0.13253012048192772,08:00
Directlink,forward,Spring,17,86,56.535995,35.03333333333333,4.599999999999991,5.696339166666666,0.0755813953488372,08:30
Directlink,forward,Spring,18,81,57.52804166666667,26.321735,-2.9666666666666544,3.267835,0.10493827160493827,09:00
Directlink,forward,Spring,19,82,53.86666666666667,38.402155,0.49421666666667363,21.4,0.14634146341463414,09:30
Directlink,forward,Spring,20,82,56.05430833333333,39.18256083333333,-0.007399166666663959,11.090405000000004,0.17073170731707318,10:00
Directlink,forward,Spring,21,86,49.571974166666664,35.8,0.16768999999999323,18.952840833333333,0.11627906976744186,10:30
Directlink,forward,Spring,22,89,52.56315833333334,44.30735166666667,-0.12089666666668109,5.188358333333326,-0.016853932584269662,11:00
Directlink,forward,Spring,23,88,57.54821916666667,31.82974,1.711793333333338,19.512640833333336,0.022727272727272728,11:30
Directlink,forward,Spring,24,89,44.805119999999995,44.77277166666667,-9.061991666666657,-12.01978333333333,-0.10112359550561797,12:00
Directlink,forward,Spring,25,90,57.70118666666667,61.9,-1.829762083333332,0.7458341666666684,-0.06111111111111111,12:30
Directlink,forward,Spring,26,91,63.81666666666666,56.6,-1.8805883333333355,-8.0,0.08791208791208792,13:00
Directlink,forward,Spring,27,90,56.233333333333334,54.278481666666664,-0.7208600000000018,0.06660166666666534,-0.011111111111111112,13:30
Directlink,forward,Spring,28,88,59.68333333333334,60.32532416666666,-5.424567500000002,-6.976931666666665,-0.028409090909090908,14:00
Directlink,forward,Spring,29,85,51.51074,52.75,-0.16744333333332406,13.356013333333333,0.19411764705882353,14:30
Directlink,forward,Spring,30,87,59.199999999999996,48.25,5.907231666666675,0.730118333333337,0.05172413793103448,15:00
Directlink,forward,Spring,31,83,30.066666666666666,26.724723333333333,5.114020833333328,4.35513499999999,0.08433734939759036,15:30
Directlink,forward,Spring,32,79,26.031895000000002,32.28279416666666,-0.7136324999999992,-4.828384999999997,0.03164556962025317,16:00
Directlink,forward,Spring,33,72,6.2458116666666665,29.514894166666668,-19.646612916666662,-6.695480416666674,-0.034722222222222224,16:30
Directlink,forward,Spring,34,72,9.4507525,31.900000000000002,-11.55398000000001,-4.166666666666666,0.0,17:00
Directlink,forward,Spring,35,62,7.309856666666666,21.752391666666668,-3.6310750000000005,-4.047188333333333,-0.06451612903225806,17:30
Directlink,forward,Spring,36,58,3.8527033333333334,19.170233333333332,-8.921294166666666,0.0,-0.017241379310344827,18:00
Directlink,forward,Spring,37,59,7.565711666666666,12.989023333333334,-2.6016333333333392,4.920681666666667,0.059322033898305086,18:30
Directlink,forward,Spring,38,62,0.0,16.885765,-3.566364166666663,8.734214166666668,0.08064516129032258,19:00
Directlink,forward,Spring,39,65,1.7035083333333334,24.087071666666663,-6.362605000000002,4.5,0.0,19:30
Directlink,forward,Spring,40,70,1.2179841666666662,19.702771666666667,-7.202318333333336,3.583333333333332,0.07857142857142857,20:00
Directlink,forward,Spring,41,71,2.1519399999999997,25.34550333333333,-7.6625466666666675,0.0,0.014084507042253521,20:30
Directlink,forward,Spring,42,71,0.356945,33.28478666666667,-6.4615883333333315,1.5,0.11267605633802817,21:00
Directlink,forward,Spring,43,71,7.5830416666666665,41.039165000000004,-9.035983333333327,2.833333333333333,0.11267605633802817,21:30
Directlink,forward,Spring,44,68,10.080733333333333,48.26353333333333,-21.92942,-0.6666666666666661,0.058823529411764705,22:00
Directlink,forward,Spring,45,68,0.0018683333333333336,15.804594166666668,-7.152761666666667,-0.75,0.029411764705882353,22:30
Directlink,forward,Spring,46,70,11.733761666666666,14.516361666666668,-5.935055000000003,-6.0930333333333335,-0.04285714285714286,23:00
Directlink,forward,Spring,47,69,0.00117,22.766666666666666,-10.930534999999999,-6.0,0.057971014492753624,23:30
Directlink,forward,Summer,0,20,55.887860833333335,32.14949333333333,19.75973583333333,-1.19166666666667,0.0,00:00
Directlink,forward,Summer,1,20,56.09635,44.40803833333333,5.885524166666668,-8.103381666666667,-0.15,00:30
Directlink,forward,Summer,2,20,57.8839025,41.739108333333334,8.154506666666672,0.2664375000000003,0.0,01:00
Directlink,forward,Summer,3,20,59.13654083333333,38.066215,18.583624999999998,1.5541941666666674,0.05,01:30
Directlink,forward,Summer,4,20,59.0960025,52.075543333333336,11.840791666666668,5.351949166666668,0.1,02:00
Directlink,forward,Summer,5,20,63.393050833333334,61.21040708333334,5.13316833333333,4.972977500000001,0.125,02:30
Directlink,forward,Summer,6,20,63.91445333333334,60.26691666666666,4.738728333333327,0.5173466666666667,0.05,03:00
Directlink,forward,Summer,7,20,63.96667166666667,60.09963041666666,5.275102499999992,3.259369166666665,0.075,03:30
Directlink,forward,Summer,8,20,62.688445,61.84049333333333,2.5316291666666757,0.23454666666666668,0.15,04:00
Directlink,forward,Summer,9,21,62.76666666666667,57.97593166666667,4.517830000000004,-1.333333333333334,-0.023809523809523808,04:30
Directlink,forward,Summer,10,21,52.46147833333333,49.609140000000004,11.706409999999998,0.0,-0.047619047619047616,05:00
Directlink,forward,Summer,11,24,46.64892916666666,46.98119166666667,-1.3528966666666626,-1.2748108333333334,-0.10416666666666667,05:30
Directlink,forward,Summer,12,23,43.629015,45.78377166666667,-4.087518333333328,-0.18762833333333337,0.0,06:00
Directlink,forward,Summer,13,26,28.008333333333333,43.06144666666667,-4.7104670833333415,-3.668356666666667,0.057692307692307696,06:30
Directlink,forward,Summer,14,34,18.9711825,45.10384208333333,-2.5294866666666636,-9.316379583333337,0.014705882352941176,07:00
Directlink,forward,Summer,15,33,24.020193333333335,26.98411333333333,3.808982500000006,-3.5885999999999996,0.0,07:30
Directlink,forward,Summer,16,35,51.594035,34.75,13.100000000000001,12.0,0.08571428571428572,08:00
Directlink,forward,Summer,17,39,45.6,41.35,3.551156666666671,1.9666666666666668,-0.01282051282051282,08:30
Directlink,forward,Summer,18,38,50.73357166666667,47.1085325,5.330685000000001,1.3148366666666655,0.0,09:00
Directlink,forward,Summer,19,36,62.505341666666666,38.93333333333333,-0.39671000000000056,3.9347441666666656,-0.1388888888888889,09:30
Directlink,forward,Summer,20,34,65.98340083333333,64.46113833333334,-8.03389083333332,-7.458333333333334,-0.11764705882352941,10:00
Directlink,forward,Summer,21,39,69.39499833333333,69.45,0.3499999999999943,-0.5238400000000001,-0.0641025641025641,10:30
Directlink,forward,Summer,22,36,71.35,62.675000000000004,7.034904166666671,-0.47403624999999616,-0.09722222222222222,11:00
Directlink,forward,Summer,23,33,75.75056333333333,67.75,8.349999999999994,4.373370000000001,-0.06060606060606061,11:30
Directlink,forward,Summer,24,33,72.94068,70.91666666666667,14.76730666666667,16.883333333333333,0.07575757575757576,12:00
Directlink,forward,Summer,25,32,78.61666666666667,71.98746458333332,11.947654166666666,21.733335833333335,0.0625,12:30
Directlink,forward,Summer,26,33,64.61666666666666,59.2,0.4658149999999921,1.893613333333331,0.045454545454545456,13:00
Directlink,forward,Summer,27,32,73.20833333333334,60.391666666666666,12.410559166666669,6.369666666666667,0.09375,13:30
Directlink,forward,Summer,28,33,69.08333333333333,57.7,8.388784999999999,2.1161866666666675,0.0,14:00
Directlink,forward,Summer,29,30,68.59111666666666,52.825,19.26302583333333,11.918196250000001,0.16666666666666666,14:30
Directlink,forward,Summer,30,33,63.09890000000001,52.50134833333333,5.50833333333334,4.440808333333333,0.12121212121212122,15:00
Directlink,forward,Summer,31,30,48.80300749999999,53.0934675,3.689429999999998,1.4684087500000018,0.16666666666666666,15:30
Directlink,forward,Summer,32,28,46.44961500000001,49.18182125,-1.6849166666666662,3.716666666666667,0.03571428571428571,16:00
Directlink,forward,Summer,33,27,31.84642,29.566666666666666,-4.949999999999999,-0.16666666666666785,0.0,16:30
Directlink,forward,Summer,34,27,31.89323,9.633333333333333,13.134935000000006,8.7,0.07407407407407407,17:00
Directlink,forward,Summer,35,23,25.843001666666666,22.11527666666667,6.38333166666667,1.3333333333333321,0.08695652173913043,17:30
Directlink,forward,Summer,36,20,22.748124166666667,21.3554775,-2.652307500000001,-2.0101650000000006,-0.1,18:00
Directlink,forward,Summer,37,19,24.78589666666667,25.18644833333333,-0.9625216666666674,-4.000000000000002,-0.15789473684210525,18:30
Directlink,forward,Summer,38,19,24.524726666666666,20.684811666666665,3.68042333333333,-2.0,-0.10526315789473684,19:00
Directlink,forward,Summer,39,19,31.016108333333335,21.52537666666667,6.587709999999998,0.0,-0.05263157894736842,19:30
Directlink,forward,Summer,40,18,31.077939166666667,28.41064666666667,-1.5177274999999995,-3.333333333333332,-0.1111111111111111,20:00
Directlink,forward,Summer,41,18,33.188555,32.52850458333333,2.035943333333332,-1.2803516666666663,-0.1111111111111111,20:30
Directlink,forward,Summer,42,19,39.70032333333333,36.432465,4.069719999999997,-4.0,-0.10526315789473684,21:00
Directlink,forward,Summer,43,20,41.70824666666667,37.79741666666666,4.3314812499999995,-2.775402500000001,0.0,21:30
Directlink,forward,Summer,44,20,46.455371666666665,41.881616666666666,5.565673333333333,-5.960453333333334,-0.1,22:00
Directlink,forward,Summer,45,19,46.727689999999996,46.06028166666667,1.797971666666669,-6.666666666666666,-0.15789473684210525,22:30
Directlink,forward,Summer,46,18,47.79978083333333,47.717457499999995,-3.520757500000002,-4.655142499999999,-0.05555555555555555,23:00
Directlink,forward,Summer,47,18,50.3080425,39.047153333333334,6.255985833333334,0.7841575000000002,0.1111111111111111,23:30
Directlink,forward,Winter,0,119,55.23269,52.916666666666664,4.449999999999999,-1.2438383333333363,0.0,00:00
Directlink,forward,Winter,1,114,52.50850666666666,55.016886666666664,-0.8167516666666721,-2.407700833333336,0.0,00:30
Directlink,forward,Winter,2,110,49.83353916666667,53.25010666666667,0.11149000000000342,-4.36356625,0.0,01:00
Directlink,forward,Winter,3,108,48.00017166666667,51.333580000000005,-3.188399999999998,-3.2852099999999993,0.0,01:30
Directlink,forward,Winter,4,114,49.23364166666667,50.06666666666666,-3.2165450000000018,-2.464942500000002,-0.017543859649122806,02:00
Directlink,forward,Winter,5,118,53.0585325,52.20026166666666,1.8764066666666679,-1.408333333333334,-0.00847457627118644,02:30
Directlink,forward,Winter,6,112,54.575,51.900000000000006,2.9083783333333333,0.9431549999999991,-0.008928571428571428,03:00
Directlink,forward,Winter,7,111,51.916666666666664,48.291952499999994,4.749999999999993,-1.0,-0.009009009009009009,03:30
Directlink,forward,Winter,8,112,51.53333333333333,48.816935,2.374979166666673,-1.5984400000000019,-0.008928571428571428,04:00
Directlink,forward,Winter,9,114,51.35017833333333,48.62534583333333,1.5520024999999933,-1.4631875000000027,-0.017543859649122806,04:30
Directlink,forward,Winter,10,115,55.20019666666667,52.766888333333334,1.916626666666673,-1.5,-0.004347826086956522,05:00
Directlink,forward,Winter,11,116,59.600121666666666,50.43347333333334,9.504093333333328,2.575000000000001,-0.09482758620689655,05:30
Directlink,forward,Winter,12,118,61.03760666666667,56.48353083333333,7.424895833333341,1.6166666666666671,-0.06779661016949153,06:00
Directlink,forward,Winter,13,119,58.551253333333335,54.20023833333334,6.100070000000002,2.900780000000001,-0.06302521008403361,06:30
Directlink,forward,Winter,14,124,47.65031,42.561895,4.3012029166666705,1.9999999999999991,-0.056451612903225805,07:00
Directlink,forward,Winter,15,139,38.81919666666666,36.215806666666666,0.8608975000000001,1.3333333333333321,-0.02158273381294964,07:30
Directlink,forward,Winter,16,170,17.154421666666668,15.026883333333334,-0.775152499999999,-1.8747033333333336,0.0058823529411764705,08:00
Directlink,forward,Winter,17,168,25.5,20.999209999999998,5.1132237499999995,9.25708666666667,0.03571428571428571,08:30
Directlink,forward,Winter,18,171,32.9,24.46666666666667,11.658274166666665,7.910048333333329,0.04093567251461988,09:00
Directlink,forward,Winter,19,173,40.90022833333333,42.450358333333334,1.5501474999999942,-1.5918333333333337,0.011560693641618497,09:30
Directlink,forward,Winter,20,170,37.75046833333334,43.89618958333334,-0.2663337499999976,-2.720833333333333,-0.047058823529411764,10:00
Directlink,forward,Winter,21,168,42.1,39.03368,-3.578017083333336,-3.0158049999999994,-0.08630952380952381,10:30
Directlink,forward,Winter,22,165,36.31714,42.39166416666667,-0.1441766666666524,-4.144863333333333,-0.02727272727272727,11:00
Directlink,forward,Winter,23,170,36.500150833333336,36.90108666666667,-4.292720833333336,-0.7166666666666668,0.03235294117647059,11:30
Directlink,forward,Winter,24,167,38.05037333333333,33.14197666666667,-4.384066666666667,1.4750766666666806,-0.041916167664670656,12:00
Directlink,forward,Winter,25,165,46.75693666666667,35.57861666666667,0.14882000000000062,1.257268333333343,0.02727272727272727,12:30
Directlink,forward,Winter,26,166,52.24731916666666,51.24166666666666,0.047107500000002744,-2.72772958333333,0.024096385542168676,13:00
Directlink,forward,Winter,27,165,57.083454999999994,54.46666666666667,0.13205999999999563,0.015318333333325995,-0.08787878787878788,13:30
Directlink,forward,Winter,28,166,56.000165,54.1700725,-0.8674516666666605,-0.11411166666665906,-0.06626506024096386,14:00
Directlink,forward,Winter,29,164,48.616985,50.0088,-4.501295,-0.06687666666667269,-0.006097560975609756,14:30
Directlink,forward,Winter,30,163,42.1,50.700295000000004,-0.5666666666666664,-0.14583000000000368,0.02147239263803681,15:00
Directlink,forward,Winter,31,165,41.616945,45.333333333333336,-0.11291666666666345,-0.6666666666666679,-0.00909090909090909,15:30
Directlink,forward,Winter,32,162,38.77279166666667,43.4375,-3.094760833333332,-1.732951666666665,-0.033950617283950615,16:00
Directlink,forward,Winter,33,131,42.86666666666667,37.29920166666667,3.1316208333333364,1.9973433333333332,-0.011450381679389313,16:30
Directlink,forward,Winter,34,129,41.06666666666667,33.427565,7.054399999999994,3.628705,0.031007751937984496,17:00
Directlink,forward,Winter,35,130,39.34410666666667,34.114869166666665,3.8325783333333376,-0.03806999999999938,-0.03076923076923077,17:30
Directlink,forward,Winter,36,129,36.38333333333333,32.654405,1.755041666666667,-0.16666666666666607,-0.03488372093023256,18:00
Directlink,forward,Winter,37,128,34.853858333333335,32.272394999999996,-1.231668333333328,-2.2424208333333313,0.015625,18:30
Directlink,forward,Winter,38,128,37.90259,39.96664,-1.7636045833333363,1.2050275,0.0,19:00
Directlink,forward,Winter,39,126,40.016666666666666,39.03112333333333,1.5951045833333275,1.845618333333336,0.007936507936507936,19:30
Directlink,forward,Winter,40,128,43.70584666666667,43.40742,1.4672266666666633,0.7741458333333338,0.03125,20:00
Directlink,forward,Winter,41,126,45.33948666666667,46.667500833333335,0.20157749999999908,-0.7492458333333326,0.01984126984126984,20:30
Directlink,forward,Winter,42,126,47.31979833333333,48.650734166666666,0.7052974999999968,-1.9166666666666679,-0.031746031746031744,21:00
Directlink,forward,Winter,43,125,49.822251666666666,46.09794,1.688418333333324,-1.0500000000000043,0.024,21:30
Directlink,forward,Winter,44,119,50.70478333333333,54.01666666666667,-2.2833333333333314,-3.1666666666666665,-0.008403361344537815,22:00
Directlink,forward,Winter,45,118,53.72712583333333,54.816813333333336,-3.194607499999993,-1.611044999999999,-0.00847457627118644,22:30
Directlink,forward,Winter,46,114,53.71823833333333,52.701637500000004,0.741416666666666,-0.9241516666666669,0.008771929824561403,23:00
Directlink,forward,Winter,47,118,51.53333333333333,53.16607,0.1749216666666662,-3.405267500000001,0.00847457627118644,23:30
Directlink,reverse,Autumn,0,30,88.925,90.16666666666667,1.1208333333333371,-2.930910000000001,-0.03333333333333333,00:00
Directlink,reverse,Autumn,1,30,88.76666666666668,88.61666666666667,3.7333591666666592,-5.427439166666666,-0.2,00:30
Directlink,reverse,Autumn,2,30,88.49166666666666,88.875,6.99166666666666,-3.952779166666667,-0.2,01:00
Directlink,reverse,Autumn,3,30,90.4666225,88.925,7.50833333333334,-0.21085833333333337,-0.16666666666666666,01:30
Directlink,reverse,Autumn,4,30,88.93333333333334,88.8,6.208304999999996,0.06726916666666671,-0.1,02:00
Directlink,reverse,Autumn,5,30,88.83333333333334,90.20833333333334,5.841666666666669,-0.666666666666667,-0.13333333333333333,02:30
Directlink,reverse,Autumn,6,30,89.05833333333334,92.66666666666667,0.6584508333333332,-0.666666666666667,-0.08333333333333333,03:00
Directlink,reverse,Autumn,7,31,88.81666666666666,86.59166666666667,2.0833333333333286,-1.3333333333333321,-0.03225806451612903,03:30
Directlink,reverse,Autumn,8,31,89.16666666666667,88.86666666666667,-0.5333333333333314,-2.4202283333333336,0.0,04:00
Directlink,reverse,Autumn,9,31,89.39999999999999,88.8,2.6999833333333356,0.0,-0.12903225806451613,04:30
Directlink,reverse,Autumn,10,31,86.88326833333333,88.75999999999999,3.0171550000000025,-3.829666666666668,-0.12903225806451613,05:00
Directlink,reverse,Autumn,11,33,86.68333333333334,88.96666666666665,1.49166666666666,-3.0,-0.15151515151515152,05:30
Directlink,reverse,Autumn,12,34,87.33329333333333,88.93333333333334,0.6625433333333319,-3.2179175000000004,-0.11764705882352941,06:00
Directlink,reverse,Autumn,13,38,89.28331083333333,85.16659166666666,8.699942499999999,-2.0,-0.05263157894736842,06:30
Directlink,reverse,Autumn,14,43,92.33333333333333,96.61651666666667,8.68326833333333,1.6191441666666666,-0.046511627906976744,07:00
Directlink,reverse,Autumn,15,47,90.21648,89.03333333333335,9.5,3.6083783333333344,-0.0425531914893617,07:30
Directlink,reverse,Autumn,16,54,94.53333333333335,84.19208333333334,20.842184999999994,9.92062916666666,-0.06481481481481481,08:00
Directlink,reverse,Autumn,17,53,105.41659166666666,86.89548833333333,23.06985333333334,23.591250000000002,-0.0660377358490566,08:30
Directlink,reverse,Autumn,18,53,90.58333333333333,74.68333333333334,9.052419999999984,11.166666666666666,0.09433962264150944,09:00
Directlink,reverse,Autumn,19,52,96.70908916666666,80.5231875,11.025579999999994,11.88690916666668,0.038461538461538464,09:30
Directlink,reverse,Autumn,20,52,95.25247916666666,75.61896166666668,17.853847500000008,13.824774166666664,0.057692307692307696,10:00
Directlink,reverse,Autumn,21,54,90.74162666666666,69.2551175,21.276539999999997,17.098610833333332,-0.018518518518518517,10:30
Directlink,reverse,Autumn,22,53,92.91666666666667,76.07330583333334,28.294815000000007,13.033005000000003,0.0,11:00
Directlink,reverse,Autumn,23,55,93.01666666666667,79.21666666666667,-0.28490499999999486,-3.6833333333333336,0.05454545454545454,11:30
Directlink,reverse,Autumn,24,55,83.98333333333333,76.01666833333333,5.815538333333336,0.21666666666666856,0.03636363636363636,12:00
Directlink,reverse,Autumn,25,54,85.40831416666667,88.91329583333334,3.9333333333333336,5.072578333333333,0.08333333333333333,12:30
Directlink,reverse,Autumn,26,50,86.57497166666666,78.70900750000001,19.51885083333333,12.7612175,0.2,13:00
Directlink,reverse,Autumn,27,49,90.96666666666665,76.06671166666666,29.766144999999995,26.012198333333334,0.11224489795918367,13:30
Directlink,reverse,Autumn,28,48,86.67496249999999,69.78333333333333,30.60094958333335,35.173901666666666,0.15625,14:00
Directlink,reverse,Autumn,29,48,84.225,68.50846166666666,33.702028333333345,29.0,0.14583333333333334,14:30
Directlink,reverse,Autumn,30,51,88.149905,75.96666666666667,16.08328666666668,9.023546666666666,0.0784313725490196,15:00
Directlink,reverse,Autumn,31,53,82.95,79.45,9.266666666666659,-2.018238333333333,-0.09433962264150944,15:30
Directlink,reverse,Autumn,32,52,79.78333333333333,80.81666666666666,0.7837499999999977,-1.1620616666666663,-0.07692307692307693,16:00
Directlink,reverse,Autumn,33,44,81.18333333333334,80.14166583333333,4.4908333333333275,-20.43158,-0.13636363636363635,16:30
Directlink,reverse,Autumn,34,39,78.23333333333333,85.346535,-13.549999999999997,-16.333333333333332,0.01282051282051282,17:00
Directlink,reverse,Autumn,35,32,84.41666666666667,84.949945,-2.2833333333333314,-15.665045,-0.21875,17:30
Directlink,reverse,Autumn,36,30,77.50835083333334,86.97083333333333,-2.3416666666666686,-13.083333333333332,-0.06666666666666667,18:00
Directlink,reverse,Autumn,37,28,79.01666666666668,86.01666666666667,-4.608333333333341,-4.143259166666667,0.0,18:30
Directlink,reverse,Autumn,38,28,76.20000583333334,79.95,-1.1499999999999986,-5.262265833333333,0.0,19:00
Directlink,reverse,Autumn,39,28,83.21444500000001,78.73334416666665,4.433333333333337,-3.2916666666666665,-0.10714285714285714,19:30
Directlink,reverse,Autumn,40,27,88.48333333333333,80.13336333333332,3.1333333333333258,1.5,-0.07407407407407407,20:00
Directlink,reverse,Autumn,41,30,88.75,86.86666666666667,3.0166666666666657,-2.4995458333333334,-0.06666666666666667,20:30
Directlink,reverse,Autumn,42,30,88.65833333333333,85.65828833333333,4.041594166666663,-0.456279166666667,-0.06666666666666667,21:00
Directlink,reverse,Autumn,43,30,84.4,84.07083333333333,8.050000000000008,-6.666666666666667,-0.1,21:30
Directlink,reverse,Autumn,44,30,82.60831,86.8,-0.7125000000000057,-9.25,-0.06666666666666667,22:00
Directlink,reverse,Autumn,45,30,80.21666666666667,86.9,3.2249999999999943,-4.240950833333334,-0.03333333333333333,22:30
Directlink,reverse,Autumn,46,30,80.19166666666666,91.19985333333334,2.6165425000000013,0.8985533333333349,0.0,23:00
Directlink,reverse,Autumn,47,30,82.38333333333333,88.26666666666667,-2.0166666666666586,-2.352755833333335,0.0,23:30
Directlink,reverse,Spring,0,71,85.93333333333334,82.83333333333333,2.3559616666666727,5.333333333333334,0.056338028169014086,00:00
Directlink,reverse,Spring,1,71,88.41666666666667,82.98333333333333,4.000000000000014,4.548236666666668,0.007042253521126761,00:30
Directlink,reverse,Spring,2,69,87.54593833333332,79.61666666666666,2.7533333333333445,2.666666666666666,-0.014492753623188406,01:00
Directlink,reverse,Spring,3,69,88.64999999999999,79.53333333333333,5.349999999999994,0.0,-0.014492753623188406,01:30
Directlink,reverse,Spring,4,69,87.27837333333333,79.98333333333333,2.549999999999997,1.1554399999999996,0.057971014492753624,02:00
Directlink,reverse,Spring,5,69,85.71666666666665,79.8,1.8874866666666463,-0.956151666666667,0.057971014492753624,02:30
Directlink,reverse,Spring,6,65,83.05745666666667,85.98333333333333,0.38333333333332575,0.8035766666666664,0.03076923076923077,03:00
Directlink,reverse,Spring,7,64,88.30000000000001,81.48333333333333,4.616666666666667,1.7583408333333335,0.0390625,03:30
Directlink,reverse,Spring,8,61,88.98333333333333,81.23333333333333,0.8333333333333428,0.8901550000000071,0.08196721311475409,04:00
Directlink,reverse,Spring,9,61,89.03333333333335,78.38333333333334,5.083333333333343,3.383333333333333,0.08196721311475409,04:30
Directlink,reverse,Spring,10,60,84.85,77.40166666666667,3.241666666666667,2.666666666666668,0.05,05:00
Directlink,reverse,Spring,11,71,80.41666666666667,74.91666666666667,-1.5416666666666572,3.473613333333333,-0.007042253521126761,05:30
Directlink,reverse,Spring,12,74,79.18333333333334,80.82083333333333,-7.6499999999999915,2.4316024999999994,-0.006756756756756757,06:00
Directlink,reverse,Spring,13,84,81.04264416666666,75.86666666666666,-0.40768749999999976,3.876529166666667,-0.05357142857142857,06:30
Directlink,reverse,Spring,14,89,72.01666666666667,79.64999999999999,-7.483333333333334,0.0,0.1404494382022472,07:00
Directlink,reverse,Spring,15,87,26.43113166666667,68.03333333333333,-14.650000000000006,-3.3281550000000024,0.06896551724137931,07:30
Directlink,reverse,Spring,16,82,16.997851666666666,57.849999999999994,-22.995919166666667,-14.156594166666668,-0.06097560975609756,08:00
Directlink,reverse,Spring,17,85,11.883333333333333,44.913378333333334,-7.066666666666663,-5.600001666666666,-0.0058823529411764705,08:30
Directlink,reverse,Spring,18,80,11.666666666666666,16.999263333333335,-8.589319166666662,0.7098741666666628,-0.05625,09:00
Directlink,reverse,Spring,19,83,11.666253333333335,36.98919166666666,-26.124665,-21.4,-0.10843373493975904,09:30
Directlink,reverse,Spring,20,82,15.66827,31.226597500000004,-15.8186725,-8.280333750000002,-0.024390243902439025,10:00
Directlink,reverse,Spring,21,86,7.833218333333333,22.594011666666667,-22.22934458333333,-15.845607083333332,0.005813953488372093,10:30
Directlink,reverse,Spring,22,90,11.453226666666666,3.741668333333333,-12.908333333333339,-0.4982883333333348,0.16666666666666666,11:00
Directlink,reverse,Spring,23,90,-9.7166675,21.766666666666666,-21.008663333333335,-12.99948666666667,-0.03888888888888889,11:30
Directlink,reverse,Spring,24,90,7.54866,10.331401666666666,-1.2409558333333366,12.117932499999991,0.06666666666666667,12:00
Directlink,reverse,Spring,25,92,-4.252315,9.866668333333333,-4.577175,-0.0076049999999980855,0.03260869565217391,12:30
Directlink,reverse,Spring,26,92,-1.382292500000001,9.683331666666666,-1.2623099999999958,1.457290833333337,0.05434782608695652,13:00
Directlink,reverse,Spring,27,90,12.066665,14.33193666666667,-4.213000833333332,-0.2104691666666696,0.07222222222222222,13:30
Directlink,reverse,Spring,28,88,11.664463333333332,19.612131666666663,-19.59874,0.14500583333333594,0.06818181818181818,14:00
Directlink,reverse,Spring,29,83,7.337961666666668,34.399998333333336,-17.403045000000002,-16.46483166666667,0.03614457831325301,14:30
Directlink,reverse,Spring,30,85,14.80447,53.15,-12.1,-0.7344433333333313,0.08823529411764706,15:00
Directlink,reverse,Spring,31,81,45.049973333333334,67.18333333333334,-8.665958333333332,-3.6957716666666673,0.12962962962962962,15:30
Directlink,reverse,Spring,32,77,51.23267833333333,53.76077333333333,6.917785000000009,4.828384999999997,0.07142857142857142,16:00
Directlink,reverse,Spring,33,75,74.68845333333333,66.35415166666667,13.716666666666654,6.5409600000000125,0.02666666666666667,16:30
Directlink,reverse,Spring,34,75,84.33333333333333,76.18333333333334,16.459846666666664,6.0,0.08666666666666667,17:00
Directlink,reverse,Spring,35,66,79.88333333333334,79.93333333333334,2.825000000000003,5.3585625,0.05303030303030303,17:30
Directlink,reverse,Spring,36,62,82.88333333333333,80.3,3.450000000000003,0.0,0.11290322580645161,18:00
Directlink,reverse,Spring,37,62,80.3,81.18333333333334,-2.1583333333333314,-4.2960674999999995,0.0,18:30
Directlink,reverse,Spring,38,66,79.98333333333332,82.925,-0.5333333333333314,-7.2546825,0.022727272727272728,19:00
Directlink,reverse,Spring,39,69,82.45,81.26666666666667,-1.6419466666666693,-2.0585583333333335,-0.043478260869565216,19:30
Directlink,reverse,Spring,40,74,84.15,86.07499999999999,2.0916666666666686,-2.2444075,0.060810810810810814,20:00
Directlink,reverse,Spring,41,74,88.32044166666665,86.52083333333333,4.35833333333332,0.666666666666667,-0.013513513513513514,20:30
Directlink,reverse,Spring,42,74,82.4386275,84.0,-1.1750000000000043,-0.6666666666666661,0.013513513513513514,21:00
Directlink,reverse,Spring,43,74,82.33333333333333,87.81666666666666,-1.6000000000000085,-2.4563058333333303,0.02702702702702703,21:30
Directlink,reverse,Spring,44,71,82.3,80.39999999999999,6.085076666666659,1.3333333333333321,0.014084507042253521,22:00
Directlink,reverse,Spring,45,71,89.14999999999999,80.23333333333333,9.216666666666654,2.666666666666666,-0.028169014084507043,22:30
Directlink,reverse,Spring,46,73,88.60000000000001,80.68333333333334,5.383333333333326,6.186066666666667,-0.0410958904109589,23:00
Directlink,reverse,Spring,47,72,85.92500000000001,82.32499999999999,3.06666666666667,6.20609,0.0,23:30
Directlink,reverse,Summer,0,20,81.33333333333334,70.37916666666666,8.075000000000003,1.19166666666667,0.0,00:00
Directlink,reverse,Summer,1,20,77.75833333333333,69.23333333333333,9.454166666666662,8.103381666666667,0.0,00:30
Directlink,reverse,Summer,2,20,78.6,67.53333333333333,5.774999999999995,-0.2664375000000003,-0.05,01:00
Directlink,reverse,Summer,3,20,78.11666666666666,69.60000000000001,10.287130833333329,-1.5541941666666674,-0.15,01:30
Directlink,reverse,Summer,4,20,74.5,66.78342833333333,11.591666666666669,-5.351949166666668,-0.2,02:00
Directlink,reverse,Summer,5,20,76.68333333333334,71.24583333333334,15.645833333333332,-4.972977500000001,-0.2,02:30
Directlink,reverse,Summer,6,20,78.3,79.91666666666666,11.958333333333329,-0.5173466666666667,-0.15,03:00
Directlink,reverse,Summer,7,20,78.58333333333333,80.03333333333333,9.204166666666659,-3.259369166666665,-0.15,03:30
Directlink,reverse,Summer,8,20,80.23333333333333,80.21666666666665,2.8167141666666637,-0.23454666666666668,-0.15,04:00
Directlink,reverse,Summer,9,21,80.26666666666667,80.21666666666665,15.516666666666666,1.333333333333334,-0.14285714285714285,04:30
Directlink,reverse,Summer,10,21,80.25,79.96666666666667,5.666585000000026,0.0,-0.09523809523809523,05:00
Directlink,reverse,Summer,11,24,80.16666666666666,70.98333333333333,9.383333333333333,1.2748108333333334,-0.08333333333333333,05:30
Directlink,reverse,Summer,12,23,79.16667166666667,86.76666666666667,7.575000000000003,0.18762833333333337,-0.043478260869565216,06:00
Directlink,reverse,Summer,13,25,85.91666666666667,76.81666666666666,7.0166666666666515,2.0,-0.06,06:30
Directlink,reverse,Summer,14,32,82.19166666666666,69.47313083333333,14.624999999999993,10.959144166666668,-0.03125,07:00
Directlink,reverse,Summer,15,31,78.67384166666666,60.766666666666666,16.02156833333334,5.045319999999999,-0.12903225806451613,07:30
Directlink,reverse,Summer,16,32,58.43297166666667,51.90921666666667,21.13142666666666,3.5651308333333365,-0.15625,08:00
Directlink,reverse,Summer,17,34,57.55941333333334,41.791080833333325,8.140164166666658,1.7551216666666676,0.014705882352941176,08:30
Directlink,reverse,Summer,18,34,35.658863333333336,17.58614083333333,20.525549166666664,-0.4070633333333342,-0.1323529411764706,09:00
Directlink,reverse,Summer,19,32,38.35130916666667,17.7391325,21.259978750000002,0.9916666666666676,-0.078125,09:30
Directlink,reverse,Summer,20,30,32.75808166666667,14.268530000000002,19.432634166666666,7.458333333333334,-0.1,10:00
Directlink,reverse,Summer,21,34,27.320385,6.866666666666667,16.0424825,1.7369199999999996,-0.1323529411764706,10:30
Directlink,reverse,Summer,22,34,36.80245583333333,3.3791741666666666,17.823677916666664,8.4582675,-0.04411764705882353,11:00
Directlink,reverse,Summer,23,31,26.599118333333333,9.283328333333333,12.265783333333333,-4.018324999999997,-0.03225806451612903,11:30
Directlink,reverse,Summer,24,30,25.98831,32.626041666666666,3.4657970833333316,-15.506634583333334,-0.13333333333333333,12:00
Directlink,reverse,Summer,25,29,11.666670000000002,10.036528333333331,-1.6499999999999915,-2.9989549999999996,-0.06896551724137931,12:30
Directlink,reverse,Summer,26,28,31.190044999999998,16.16666916666667,-1.7348441666666687,-0.4633766666666652,-0.125,13:00
Directlink,reverse,Summer,27,26,15.249293333333332,45.70052999999999,-2.2105224999999975,-3.979094166666666,-0.15384615384615385,13:30
Directlink,reverse,Summer,28,26,31.52156666666667,45.502384166666666,-5.605884999999999,-2.7902100000000014,-0.07692307692307693,14:00
Directlink,reverse,Summer,29,25,41.100343333333335,54.692251666666664,-2.7333983333333336,-9.219725833333335,-0.16,14:30
Directlink,reverse,Summer,30,28,48.412598333333335,44.32548,5.0472874999999995,-4.2204041666666665,-0.125,15:00
Directlink,reverse,Summer,31,27,68.75,40.99607333333333,17.752812500000005,4.733333333333333,-0.07407407407407407,15:30
Directlink,reverse,Summer,32,25,75.61671,44.32548,13.416666666666657,-4.057506666666669,-0.12,16:00
Directlink,reverse,Summer,33,25,79.46667833333333,56.98333333333333,14.266666666666673,-3.529663333333332,-0.42,16:30
Directlink,reverse,Summer,34,25,75.91666666666667,71.76666666666667,4.441666666666677,-6.733914999999996,-0.12,17:00
Directlink,reverse,Summer,35,21,78.13333333333334,77.316655,-0.16661999999999466,7.015205,0.0,17:30
Directlink,reverse,Summer,36,19,92.10000000000001,73.73333333333333,4.716666666666669,1.5016350000000003,0.0,18:00
Directlink,reverse,Summer,37,19,92.074235,75.68333333333334,14.149999999999991,7.166666666666666,0.02631578947368421,18:30
Directlink,reverse,Summer,38,19,90.35000000000001,79.8,4.2500016666666625,2.823478333333334,-0.05263157894736842,19:00
Directlink,reverse,Summer,39,19,92.86666666666667,79.64999999999999,2.3500000000000085,0.0,-0.02631578947368421,19:30
Directlink,reverse,Summer,40,18,93.29166666666667,80.18333333333334,8.958333333333321,3.333333333333332,0.0,20:00
Directlink,reverse,Summer,41,18,90.36666666666667,79.71666666666667,8.566666666666663,1.2803516666666663,0.0,20:30
Directlink,reverse,Summer,42,19,89.06666666666666,66.16666666666667,9.38333333333334,4.0,-0.02631578947368421,21:00
Directlink,reverse,Summer,43,19,88.08333333333333,73.55,6.666666666666671,3.1069433333333336,-0.05263157894736842,21:30
Directlink,reverse,Summer,44,19,85.51666666666667,68.03333333333333,6.783333333333331,6.0,-0.02631578947368421,22:00
Directlink,reverse,Summer,45,19,84.53333333333333,71.16666666666667,12.266666666666652,6.666666666666666,0.0,22:30
Directlink,reverse,Summer,46,18,83.84164166666667,70.06666666666666,13.80833333333334,4.655142499999999,0.0,23:00
Directlink,reverse,Summer,47,18,79.8250075,70.37916666666666,12.12916666666667,-0.7841575000000002,0.0,23:30
Directlink,reverse,Winter,0,63,93.18318666666666,89.06666666666666,2.350138333333348,-1.333333333333334,-0.06349206349206349,00:00
Directlink,reverse,Winter,1,59,96.43322833333333,95.84983333333334,-0.25,1.3333333333333321,0.01694915254237288,00:30
Directlink,reverse,Winter,2,56,101.13325166666667,104.07489083333333,0.04170416666666199,1.0538633333333323,0.03571428571428571,01:00
Directlink,reverse,Winter,3,55,102.60000000000001,101.93316833333334,0.9334316666666638,2.783333333333335,0.03636363636363636,01:30
Directlink,reverse,Winter,4,57,101.7,103.13333333333333,-2.783283333333358,-0.2063800000000029,0.05263157894736842,02:00
Directlink,reverse,Winter,5,59,101.95,106.01666666666667,-4.166666666666671,-4.0,0.01694915254237288,02:30
Directlink,reverse,Winter,6,58,99.4832375,105.23315499999998,-8.0665275,-8.377870833333333,0.034482758620689655,03:00
Directlink,reverse,Winter,7,57,96.91666666666667,104.98333333333333,-7.116666666666674,-5.333333333333332,0.03508771929824561,03:30
Directlink,reverse,Winter,8,58,96.26645166666667,105.53312333333334,-7.206531666666663,0.15420333333333325,0.034482758620689655,04:00
Directlink,reverse,Winter,9,59,96.49975833333333,104.14146083333333,-1.08324833333333,-1.3333333333333321,0.03389830508474576,04:30
Directlink,reverse,Winter,10,59,96.79980666666665,99.71647333333333,-2.7833633333333268,-2.666666666666668,0.01694915254237288,05:00
Directlink,reverse,Winter,11,59,92.34991666666667,98.66650333333332,-5.200033333333337,-6.666666666666666,0.0,05:30
Directlink,reverse,Winter,12,61,87.96666666666665,95.666545,-0.41660833333332903,-6.183333333333332,0.0,06:00
Directlink,reverse,Winter,13,62,85.15746666666666,93.5165575,-5.46659416666666,-5.57302,0.016129032258064516,06:30
Directlink,reverse,Winter,14,65,85.0,92.48321666666668,-4.295000000000002,1.3333333333333321,0.007692307692307693,07:00
Directlink,reverse,Winter,15,73,85.245,96.93314666666667,-8.355000000000004,-1.3333333333333321,0.04794520547945205,07:30
Directlink,reverse,Winter,16,101,89.85000000000001,85.47500000000001,-5.133333333333326,-2.233333333333327,-0.009900990099009901,08:00
Directlink,reverse,Winter,17,100,82.815225,95.86965791666665,-23.46666666666667,-8.0,0.07,08:30
Directlink,reverse,Winter,18,102,41.907511666666664,89.16662333333332,-12.644537499999998,-4.438115833333342,0.10294117647058823,09:00
Directlink,reverse,Winter,19,103,30.725203333333337,70.56318166666667,-4.874129166666648,2.2223516666666683,0.16019417475728157,09:30
Directlink,reverse,Winter,20,101,20.190566666666665,38.40539166666667,-6.781720000000007,1.6333333333333364,0.13861386138613863,10:00
Directlink,reverse,Winter,21,100,12.199124166666667,24.359784583333333,0.5067275000000011,0.5434641666666522,-0.025,10:30
Directlink,reverse,Winter,22,93,24.670278333333332,22.81812,24.49765833333334,6.616666666666667,0.005376344086021506,11:00
Directlink,reverse,Winter,23,100,27.689051666666664,30.725553333333337,0.4894158333333394,1.8206883333333312,0.04,11:30
Directlink,reverse,Winter,24,99,6.1499999999999995,46.17525333333333,-2.916666666666667,-1.6882183333333245,0.015151515151515152,12:00
Directlink,reverse,Winter,25,98,10.4419225,58.93333333333334,-17.989923333333337,-1.5043350000000046,0.05612244897959184,12:30
Directlink,reverse,Winter,26,99,6.3999999999999995,58.93333333333334,-16.947445000000002,-1.7911299999999812,0.09595959595959595,13:00
Directlink,reverse,Winter,27,99,11.166666666666666,59.56666666666666,1.5330650000000077,-0.23786833333333846,0.15151515151515152,13:30
Directlink,reverse,Winter,28,98,17.17188,72.34168833333334,-10.622906666666672,-6.5183975,0.17857142857142858,14:00
Directlink,reverse,Winter,29,98,40.03801416666667,73.65004333333333,-9.716666666666661,-1.5074383333333312,0.14795918367346939,14:30
Directlink,reverse,Winter,30,99,72.39999999999999,47.127921666666666,12.393968333333333,4.0,0.10606060606060606,15:00
Directlink,reverse,Winter,31,98,81.83793166666668,77.55833999999999,-1.3833333333333284,6.904095833333333,0.00510204081632653,15:30
Directlink,reverse,Winter,32,98,91.60795,84.31518666666668,-2.416696250000008,5.333333333333332,0.0,16:00
Directlink,reverse,Winter,33,76,103.59156166666668,96.99148666666667,3.1666666666666714,2.5693270833333335,-0.1118421052631579,16:30
Directlink,reverse,Winter,34,72,100.05710249999998,103.52903916666666,-1.520787916666663,-0.9053149999999999,0.006944444444444444,17:00
Directlink,reverse,Winter,35,74,94.92493,101.01666666666667,-2.208323333333336,-1.2583333333333364,-0.02027027027027027,17:30
Directlink,reverse,Winter,36,72,93.33322083333333,98.39982166666665,-3.400078333333333,0.4708266666666665,0.05555555555555555,18:00
Directlink,reverse,Winter,37,71,91.33326833333335,97.116475,-2.9999400000000094,1.3333333333333321,0.02112676056338028,18:30
Directlink,reverse,Winter,38,69,88.74988,96.18316666666668,3.4333099999999916,-1.3421683333333334,-0.028985507246376812,19:00
Directlink,reverse,Winter,39,67,89.08166666666666,93.83319166666666,7.116606666666669,2.666666666666666,-0.07462686567164178,19:30
Directlink,reverse,Winter,40,69,93.733135,95.71651000000001,-0.30000000000001137,-0.06666666666666288,-0.014492753623188406,20:00
Directlink,reverse,Winter,41,68,96.86650583333332,94.58320749999999,6.541667500000003,0.6333333333333364,-0.07352941176470588,20:30
Directlink,reverse,Winter,42,68,97.25824499999999,93.6790325,3.8165699999999987,-1.281785000000001,-0.08088235294117647,21:00
Directlink,reverse,Winter,43,67,91.64991166666668,94.11655,0.7166666666666686,0.7382033333333311,-0.04477611940298507,21:30
Directlink,reverse,Winter,44,62,90.9925,92.28321833333334,2.73333333333332,-1.1750000000000007,-0.04838709677419355,22:00
Directlink,reverse,Winter,45,60,91.58999999999999,89.46663083333333,-1.950819166666676,-1.9602541666666662,-0.05,22:30
Directlink,reverse,Winter,46,58,93.4666125,93.56654416666667,1.6083533333333389,-1.4333333333333336,-0.05172413793103448,23:00
Directlink,reverse,Winter,47,62,91.69833333333334,90.07499999999999,1.216690000000007,-0.47671499999999867,-0.04838709677419355,23:30
Heywood,forward,Autumn,0,59,529.0693233333333,564.0371716666667,-51.03985666666665,46.30127000000002,0.15254237288135594,00:00
Heywood,forward,Autumn,1,55,540.4122133333334,593.069785,-39.135653333333266,17.933521666666593,0.07272727272727272,00:30
Heywood,forward,Autumn,2,55,558.6725666666666,593.069785,-43.85040083333331,12.978836666666666,0.14545454545454545,01:00
Heywood,forward,Autumn,3,55,562.5704466666667,587.2618416666667,-28.229950000000144,-27.697038333333353,0.05454545454545454,01:30
Heywood,forward,Autumn,4,55,544.69105,589.6484266666666,-52.78399999999999,-41.30848666666657,0.045454545454545456,02:00
Heywood,forward,Autumn,5,54,538.7381875000001,601.4100666666666,-49.34685166666662,-97.21065666666664,0.018518518518518517,02:30
Heywood,forward,Autumn,6,53,550.8940716666667,569.1043716666667,-45.007803333333186,-42.51021500000002,0.10377358490566038,03:00
Heywood,forward,Autumn,7,53,526.1211183333334,562.89355,-21.72103833333324,12.753969999999981,0.09433962264150944,03:30
Heywood,forward,Autumn,8,53,540.22514,567.4026858333334,-19.67814166666676,14.0553533333333,0.11320754716981132,04:00
Heywood,forward,Autumn,9,53,540.3121566666667,551.9619783333334,0.0,4.576306666666682,0.11320754716981132,04:30
Heywood,forward,Autumn,10,52,503.81312249999996,558.3420608333333,-70.20127166666663,-63.81435583333335,0.1346153846153846,05:00
Heywood,forward,Autumn,11,52,480.2140541666667,564.9858925,-39.88973583333336,-52.72218083333334,0.11538461538461539,05:30
Heywood,forward,Autumn,12,59,489.34538833333335,558.43867,-17.79764666666665,45.58095499999996,0.15254237288135594,06:00
Heywood,forward,Autumn,13,78,525.2735833333332,557.8334641666667,-38.58352416666662,-3.3782583333333065,0.16666666666666666,06:30
Heywood,forward,Autumn,14,85,533.743805,539.9570933333333,-11.587391666666576,68.54390999999998,0.12352941176470589,07:00
Heywood,forward,Autumn,15,105,541.34028,555.9799150000001,-25.521079999999984,27.130543333333435,0.10476190476190476,07:30
Heywood,forward,Autumn,16,107,525.60211,528.942445,12.789223333333325,17.480144999999993,-0.04205607476635514,08:00
Heywood,forward,Autumn,17,128,462.9404291666666,498.77257999999995,-14.86053375000003,-5.396085833333345,0.01953125,08:30
Heywood,forward,Autumn,18,130,445.66488333333336,458.60733,-6.421599166666681,8.439621666666596,-0.026923076923076925,09:00
Heywood,forward,Autumn,19,129,455.466895,439.07418333333334,-15.512859166666601,-51.70164583333333,-0.07364341085271318,09:30
Heywood,forward,Autumn,20,133,413.132875,427.393095,26.227198333333376,7.368570000000005,-0.018796992481203006,10:00
Heywood,forward,Autumn,21,127,403.72027166666663,397.33910833333334,7.340219999999988,1.127038333333335,0.05511811023622047,10:30
Heywood,forward,Autumn,22,124,381.7869575,383.53763,-19.957829999999944,21.42982333333336,-0.012096774193548387,11:00
Heywood,forward,Autumn,23,131,341.66657333333336,331.24136,11.548895833333347,-9.809188333333395,0.05343511450381679,11:30
Heywood,forward,Autumn,24,139,315.53766333333334,297.6187733333333,-2.497841666666659,-26.9251891666666,0.02877697841726619,12:00
Heywood,forward,Autumn,25,135,286.96644,294.70282833333334,-36.239435000000014,-57.190506666666685,0.022222222222222223,12:30
Heywood,forward,Autumn,26,133,289.6184533333333,285.81940333333336,9.747980000000041,22.39279833333336,0.015037593984962405,13:00
Heywood,forward,Autumn,27,131,299.42323333333337,288.15002666666663,5.83590833333335,49.31261500000002,0.022900763358778626,13:30
Heywood,forward,Autumn,28,130,313.21181333333334,296.4790883333333,2.250884166666623,62.94529583333333,0.06923076923076923,14:00
Heywood,forward,Autumn,29,126,312.9190566666667,298.5142879166667,1.4598916666666497,71.51313375,0.1111111111111111,14:30
Heywood,forward,Autumn,30,127,334.1571383333333,313.13996333333336,-2.1601850000000127,108.99337833333334,0.08661417322834646,15:00
Heywood,forward,Autumn,31,128,359.89905,342.1487541666667,21.929828749999984,116.89931333333334,0.08203125,15:30
Heywood,forward,Autumn,32,124,409.91026666666664,400.182025,-15.339447500000034,131.08498166666666,0.05241935483870968,16:00
Heywood,forward,Autumn,33,115,442.9583866666667,430.71956833333337,7.327554999999961,29.864495000000005,0.04782608695652174,16:30
Heywood,forward,Autumn,34,95,519.225105,519.225105,-7.585482499999898,54.933385000000044,-0.06315789473684211,17:00
Heywood,forward,Autumn,35,84,521.1242683333332,548.5026949999999,-20.239361666666582,-27.662856666666684,-0.041666666666666664,17:30
Heywood,forward,Autumn,36,66,541.5723708333334,558.5339275,-6.962022499999989,0.21546333333335,-0.007575757575757576,18:00
Heywood,forward,Autumn,37,56,547.3503183333333,577.5749266666667,-34.820010000000025,21.69921749999999,-0.044642857142857144,18:30
Heywood,forward,Autumn,38,56,562.655315,587.3348033333333,-15.77979750000003,45.07815333333334,0.017857142857142856,19:00
Heywood,forward,Autumn,39,57,560.0823283333333,588.7949166666666,0.0,75.03912666666662,0.043859649122807015,19:30
Heywood,forward,Autumn,40,50,554.9190116666667,579.241365,-20.046212499999967,38.005640000000014,0.08,20:00
Heywood,forward,Autumn,41,54,544.4095066666666,615.3215725,-46.73492916666669,84.13370583333334,0.18518518518518517,20:30
Heywood,forward,Autumn,42,54,554.9448691666666,624.2695091666667,-30.771611666666615,141.43927416666665,0.14814814814814814,21:00
Heywood,forward,Autumn,43,54,554.2298583333334,612.9412366666667,-60.94410083333332,164.7713354166667,0.10185185185185185,21:30
Heywood,forward,Autumn,44,58,549.5375433333334,588.9734333333333,-38.61351000000002,107.1702775,0.15517241379310345,22:00
Heywood,forward,Autumn,45,57,543.0292450000001,585.0058349999999,-24.500261666666688,-22.577615000000037,0.03508771929824561,22:30
Heywood,forward,Autumn,46,59,518.4065966666667,570.72851,-52.56700999999998,-66.8910433333333,0.09322033898305085,23:00
Heywood,forward,Autumn,47,60,521.1581416666667,585.7468833333334,-48.3908725,-20.71397166666667,0.13333333333333333,23:30
Heywood,forward,Spring,0,57,340.1671866666667,534.7691991666667,-192.97169333333335,-47.810196666666656,0.12280701754385964,00:00
Heywood,forward,Spring,1,57,368.00241,562.4419166666667,-102.52776666666665,-14.76996166666666,0.08771929824561403,00:30
Heywood,forward,Spring,2,56,416.53364,560.1411720833333,-119.00136458333327,-36.56285833333335,0.05357142857142857,01:00
Heywood,forward,Spring,3,56,379.2712041666666,554.5373866666666,-115.39786333333336,-84.07360750000001,0.23214285714285715,01:30
Heywood,forward,Spring,4,55,390.32035666666667,542.4458516666667,-110.50727500000005,-73.60752666666667,0.16363636363636364,02:00
Heywood,forward,Spring,5,55,310.9969233333333,542.4458516666667,-181.26791666666662,-132.0155083333333,0.18181818181818182,02:30
Heywood,forward,Spring,6,54,330.18784,521.8054366666667,-167.91313333333335,-70.21256833333331,0.09259259259259259,03:00
Heywood,forward,Spring,7,53,340.9405566666667,522.56,-179.34274166666665,-170.02893666666665,0.018867924528301886,03:30
Heywood,forward,Spring,8,52,377.36677833333334,521.0782274999999,-156.7438108333333,-163.47209333333336,0.0,04:00
Heywood,forward,Spring,9,54,386.8713866666667,514.56,-129.06595000000004,-116.68964666666668,0.018518518518518517,04:30
Heywood,forward,Spring,10,52,401.9111558333333,503.14646374999995,-62.85170750000003,-144.9326345833333,-0.057692307692307696,05:00
Heywood,forward,Spring,11,55,389.3595966666667,502.56,-79.10181166666683,-217.33101416666668,-0.07272727272727272,05:30
Heywood,forward,Spring,12,59,370.88998666666663,498.56,-89.81817333333339,-161.42404833333333,0.03389830508474576,06:00
Heywood,forward,Spring,13,75,304.21262333333334,456.66891499999997,-143.35956,-41.32874749999996,0.09333333333333334,06:30
Heywood,forward,Spring,14,81,274.2828,461.3564983333333,-156.108405,-39.56120999999999,0.08024691358024691,07:00
Heywood,forward,Spring,15,106,295.46604,410.4869233333333,-94.20275999999998,-22.254922499999992,0.13679245283018868,07:30
Heywood,forward,Spring,16,104,366.54812583333336,406.02359333333334,-66.9822216666667,-4.9531629166666775,0.0673076923076923,08:00
Heywood,forward,Spring,17,110,364.6561433333333,380.5180095833333,-22.887497500000052,30.56512624999999,-0.02727272727272727,08:30
Heywood,forward,Spring,18,111,325.39956333333333,368.0037483333333,-55.258571666666626,-28.302608333333296,-0.05405405405405406,09:00
Heywood,forward,Spring,19,110,292.89899333333335,331.82162375,-40.918188749999985,-24.434334166666645,-0.022727272727272728,09:30
Heywood,forward,Spring,20,109,256.46278,302.41699,-40.171865000000025,-25.539215000000013,-0.01834862385321101,10:00
Heywood,forward,Spring,21,108,250.941055,290.2427083333333,-29.25571958333336,-40.653690833333336,-0.037037037037037035,10:30
Heywood,forward,Spring,22,109,241.45686166666667,247.41346166666665,3.5196483333333504,-31.47917833333338,-0.009174311926605505,11:00
Heywood,forward,Spring,23,108,220.62134083333333,220.3364095833333,-0.5665241666666674,10.017964999999975,0.009259259259259259,11:30
Heywood,forward,Spring,24,111,210.18089833333332,194.93995333333336,11.412266666666653,27.218534166666643,-0.02702702702702703,12:00
Heywood,forward,Spring,25,110,189.980515,177.08333333333334,-3.25583083333332,5.58600583333336,-0.04090909090909091,12:30
Heywood,forward,Spring,26,113,184.15,198.9333333333333,-23.42026666666669,-37.014805000000024,-0.084070796460177,13:00
Heywood,forward,Spring,27,111,190.78333333333333,200.49992333333336,-32.12170499999996,-80.1126283333333,-0.06756756756756757,13:30
Heywood,forward,Spring,28,109,190.37672833333332,202.99998333333335,-7.800921666666653,-56.901548333333324,0.0045871559633027525,14:00
Heywood,forward,Spring,29,110,195.1263316666667,185.20635166666668,0.41671083333334025,-0.1498283333333319,0.03636363636363636,14:30
Heywood,forward,Spring,30,110,195.505485,189.55975166666664,9.660727500000021,7.886989166666609,0.0,15:00
Heywood,forward,Spring,31,106,194.01784500000002,194.63164500000002,-4.510247499999991,3.0264916666666863,0.014150943396226415,15:30
Heywood,forward,Spring,32,110,214.2529516666667,213.66953083333334,-1.9422924999999935,2.243766666666602,-0.02727272727272727,16:00
Heywood,forward,Spring,33,105,276.5656616666667,285.89485666666667,-30.729738333333387,4.767741666666666,0.009523809523809525,16:30
Heywood,forward,Spring,34,77,313.80531833333333,341.17562833333335,-11.675223333333378,-74.35980999999998,0.05194805194805195,17:00
Heywood,forward,Spring,35,68,323.67782500000004,413.1380104166667,-87.03309458333331,-121.25337374999998,0.014705882352941176,17:30
Heywood,forward,Spring,36,61,340.909885,491.91898416666663,-78.04320166666668,-76.13820333333334,0.01639344262295082,18:00
Heywood,forward,Spring,37,66,398.8669858333333,469.57777666666664,-20.653886666666608,-43.823908749999994,-0.045454545454545456,18:30
Heywood,forward,Spring,38,59,402.247195,481.6264433333333,-27.776808333333292,-12.871890000000008,0.03389830508474576,19:00
Heywood,forward,Spring,39,59,410.11580499999997,505.6799899999999,-67.23448666666661,9.136619999999994,0.059322033898305086,19:30
Heywood,forward,Spring,40,58,423.4898866666667,530.6171400000001,-104.67876916666663,3.165224999999978,0.10344827586206896,20:00
Heywood,forward,Spring,41,58,427.14539249999996,533.4686141666666,-92.94379083333334,3.619858333333312,0.07758620689655173,20:30
Heywood,forward,Spring,42,58,425.9562583333333,540.5827233333333,-103.34416166666662,33.85613916666668,0.15517241379310345,21:00
Heywood,forward,Spring,43,58,413.71555083333334,516.320695,-129.37047666666658,29.73103333333334,0.1206896551724138,21:30
Heywood,forward,Spring,44,58,387.9672333333333,496.11999499999996,-105.61932249999998,86.71390833333331,0.05172413793103448,22:00
Heywood,forward,Spring,45,57,397.57755,506.7735666666666,-102.89225666666664,87.12601666666664,0.09649122807017543,22:30
Heywood,forward,Spring,46,58,363.991925,516.119995,-134.18849833333337,15.501396666666665,0.0,23:00
Heywood,forward,Spring,47,56,374.51106833333336,539.7467033333334,-122.65357833333337,6.081651249999991,0.08928571428571429,23:30
Heywood,forward,Summer,0,23,501.7498933333333,426.56,38.37417333333333,102.53085583333335,0.08695652173913043,00:00
Heywood,forward,Summer,1,25,496.882155,354.4265233333333,5.084070000000111,-6.695696666666671,-0.1,00:30
Heywood,forward,Summer,2,25,479.11376333333334,345.03400000000005,75.346785,-46.02278166666667,-0.18,01:00
Heywood,forward,Summer,3,27,500.89757499999996,426.56,78.4460249999999,-30.214448333333337,-0.14814814814814814,01:30
Heywood,forward,Summer,4,27,501.63373833333327,450.56,44.62998666666664,-43.271778333333316,0.2222222222222222,02:00
Heywood,forward,Summer,5,27,458.84886,394.67024,64.47348833333331,-11.065706666666642,0.1111111111111111,02:30
Heywood,forward,Summer,6,25,496.767505,430.56,37.337469999999996,-111.777525,-0.16,03:00
Heywood,forward,Summer,7,25,513.67999,426.56,20.42638500000004,-51.088969999999996,-0.24,03:30
Heywood,forward,Summer,8,23,493.01469333333335,497.9462833333333,0.0,2.167066666666667,-0.21739130434782608,04:00
Heywood,forward,Summer,9,24,512.8261833333333,428.56,77.12176083333335,-83.93224666666667,-0.125,04:30
Heywood,forward,Summer,10,25,513.67999,493.3296941666666,27.499689999999987,-34.89181333333333,0.06,05:00
Heywood,forward,Summer,11,24,515.971595,445.63704416666667,80.21489416666662,-51.73402583333331,-0.0625,05:30
Heywood,forward,Summer,12,26,528.944255,527.8797266666667,-4.249497499999961,-80.15917666666667,-0.038461538461538464,06:00
Heywood,forward,Summer,13,28,508.31543,529.7197783333334,-16.489824999999968,-13.170708333333309,-0.10714285714285714,06:30
Heywood,forward,Summer,14,28,499.412515,482.7118616666666,-43.26438125000004,-82.18462166666666,-0.16071428571428573,07:00
Heywood,forward,Summer,15,41,457.810085,494.53944833333327,-20.070015000000012,-12.647218333333342,-0.07317073170731707,07:30
Heywood,forward,Summer,16,38,442.79111166666667,426.62602541666666,33.31673208333339,-22.78685041666671,-0.15789473684210525,08:00
Heywood,forward,Summer,17,40,409.478865,420.35463666666664,30.395431666666695,-40.188272499999954,-0.1375,08:30
Heywood,forward,Summer,18,40,355.7321383333333,369.06283041666666,43.63269666666672,-100.50979750000002,0.0125,09:00
Heywood,forward,Summer,19,43,326.6662616666667,349.3841141666667,-15.115859999999998,-112.29924666666659,0.023255813953488372,09:30
Heywood,forward,Summer,20,43,309.82512333333335,328.9096075,-36.52798333333334,-68.64552833333333,0.0,10:00
Heywood,forward,Summer,21,43,297.24932333333334,350.19770666666665,-54.34911499999998,-115.10296000000002,-0.11627906976744186,10:30
Heywood,forward,Summer,22,44,290.1088883333333,316.32889,-55.041319166666696,-130.47645291666666,-0.20454545454545456,11:00
Heywood,forward,Summer,23,44,247.06856749999997,277.52334083333335,-51.06615541666669,-128.26383041666668,-0.3068181818181818,11:30
Heywood,forward,Summer,24,43,233.519405,231.19219166666667,-13.718005000000005,-165.907515,-0.23255813953488372,12:00
Heywood,forward,Summer,25,42,237.79843333333332,223.3827875,10.609759166666677,-95.55362750000002,-0.13095238095238096,12:30
Heywood,forward,Summer,26,40,231.68543250000002,222.60876583333334,6.614931666666649,-104.85064666666663,-0.1,13:00
Heywood,forward,Summer,27,37,202.76521666666667,240.39804166666667,-28.08266499999999,-88.78911333333332,-0.0945945945945946,13:30
Heywood,forward,Summer,28,38,226.35175416666664,237.53333291666667,-10.71620999999999,-118.58647166666664,0.039473684210526314,14:00
Heywood,forward,Summer,29,40,266.63427583333333,257.3788666666667,14.73287333333333,-93.29991583333333,0.025,14:30
Heywood,forward,Summer,30,37,244.74166666666667,264.97129,-1.5950950000000148,-70.49931833333335,0.08108108108108109,15:00
Heywood,forward,Summer,31,38,220.61001,268.77024375,-15.28035333333331,-55.10700916666667,0.07894736842105263,15:30
Heywood,forward,Summer,32,34,247.61569833333334,274.946915,-14.411611249999993,-19.90725833333334,0.029411764705882353,16:00
Heywood,forward,Summer,33,27,260.23574,302.39187166666665,-15.788366666666661,-18.453541666666666,0.037037037037037035,16:30
Heywood,forward,Summer,34,27,315.05586166666666,341.8777866666667,54.96071083333334,-56.71105000000001,0.018518518518518517,17:00
Heywood,forward,Summer,35,28,371.22569166666665,371.21719083333335,60.71856250000003,-63.93446958333334,0.16071428571428573,17:30
Heywood,forward,Summer,36,29,434.38564333333335,422.60057333333333,27.959426666666673,95.72178083333333,0.034482758620689655,18:00
Heywood,forward,Summer,37,23,466.20734,437.14249333333333,-5.844640000000027,133.76492500000012,0.13043478260869565,18:30
Heywood,forward,Summer,38,24,448.0370591666667,427.0474775,11.70026416666667,111.1419025,0.0625,19:00
Heywood,forward,Summer,39,24,477.7461675,444.01671999999996,-3.7990966666666566,50.940919166666674,-0.041666666666666664,19:30
Heywood,forward,Summer,40,20,468.7061766666667,416.83579416666663,45.73239333333339,9.656684583333316,-0.05,20:00
Heywood,forward,Summer,41,23,513.2476266666666,421.0137683333333,49.16213166666671,24.63546166666663,-0.08695652173913043,20:30
Heywood,forward,Summer,42,20,505.20984999999996,471.94201166666664,26.546050833333318,-17.914423333333314,-0.15,21:00
Heywood,forward,Summer,43,20,490.93027250000006,454.8798641666666,4.263297083333351,57.63141916666671,0.15,21:30
Heywood,forward,Summer,44,21,463.8414,461.8083583333333,34.37196166666669,49.213446666666655,0.19047619047619047,22:00
Heywood,forward,Summer,45,21,528.2640466666667,445.04392666666666,16.737781666666706,32.67016833333333,0.16666666666666666,22:30
Heywood,forward,Summer,46,23,502.7980033333333,492.46205166666664,12.645551666666663,13.85620666666668,0.1956521739130435,23:00
Heywood,forward,Summer,47,22,485.85143666666664,436.56,24.028083333333356,42.716867916666665,0.045454545454545456,23:30
Heywood,forward,Winter,0,137,362.6405633333333,196.83035499999997,55.87790166666667,93.54567999999998,0.15693430656934307,00:00
Heywood,forward,Winter,1,139,425.10274166666665,277.48082666666664,72.69796000000002,105.17784999999998,0.13309352517985612,00:30
Heywood,forward,Winter,2,137,381.0194166666667,329.7052366666667,42.737844166666605,74.49275499999999,0.051094890510948905,01:00
Heywood,forward,Winter,3,134,401.2973,334.5601183333333,16.90801749999997,38.61531000000003,0.06343283582089553,01:30
Heywood,forward,Winter,4,132,373.25223,343.9181125,13.964047499999936,59.7566516666667,0.10227272727272728,02:00
Heywood,forward,Winter,5,130,363.9637991666667,327.16002499999996,18.869345416666647,119.58994583333339,0.11923076923076924,02:30
Heywood,forward,Winter,6,127,352.63782833333335,321.2348983333333,26.61520333333334,150.80834,0.12992125984251968,03:00
Heywood,forward,Winter,7,128,409.3537391666666,314.7923158333333,59.133573333333345,138.05348833333335,0.12890625,03:30
Heywood,forward,Winter,8,129,426.56,325.881815,45.93662583333332,129.08729000000005,0.14728682170542637,04:00
Heywood,forward,Winter,9,125,426.56,323.9766416666667,51.48320833333332,149.94256499999995,0.188,04:30
Heywood,forward,Winter,10,127,435.60575666666665,388.68989166666665,31.66890250000001,108.18395666666663,0.1220472440944882,05:00
Heywood,forward,Winter,11,127,426.2219166666667,385.1714958333333,47.068659166666635,85.54612166666668,0.1220472440944882,05:30
Heywood,forward,Winter,12,128,302.36351,279.6751208333334,23.815038333333373,135.50644333333332,0.15625,06:00
Heywood,forward,Winter,13,141,240.56488833333333,240.994815,-4.7506016666666255,57.19706333333335,0.0851063829787234,06:30
Heywood,forward,Winter,14,149,187.1563766666667,195.11852833333333,-32.53146666666667,37.81867333333331,0.087248322147651,07:00
Heywood,forward,Winter,15,152,195.73918166666667,171.56716708333335,-2.9231204166666913,93.09757500000003,0.08223684210526316,07:30
Heywood,forward,Winter,16,174,194.7905391666667,162.15878666666666,15.101720833333289,66.39944666666668,0.02586206896551724,08:00
Heywood,forward,Winter,17,193,156.44429833333334,151.16207,-43.20007500000003,47.123478333333324,0.04404145077720207,08:30
Heywood,forward,Winter,18,180,146.42976750000003,116.97579,20.65946833333328,69.65012750000001,0.10277777777777777,09:00
Heywood,forward,Winter,19,199,118.193515,121.23761666666667,5.371081666666669,0.30948833333332004,0.10301507537688442,09:30
Heywood,forward,Winter,20,199,118.22879166666667,145.69504166666667,-9.185708333333338,-11.731246666666664,0.08793969849246232,10:00
Heywood,forward,Winter,21,198,141.14077333333336,167.62883000000002,-5.381355000000013,-17.53151916666667,0.04292929292929293,10:30
Heywood,forward,Winter,22,188,150.10400666666666,158.9017975,35.98679,27.453145000000028,0.08244680851063829,11:00
Heywood,forward,Winter,23,186,165.80212916666667,171.74713666666665,20.36734666666667,18.204251666666664,0.053763440860215055,11:30
Heywood,forward,Winter,24,193,179.3323816666667,163.72137,4.3499283333333665,37.52990666666667,0.11139896373056994,12:00
Heywood,forward,Winter,25,186,150.65151666666668,153.13579541666667,0.4151566666666664,21.724316666666667,0.10752688172043011,12:30
Heywood,forward,Winter,26,176,158.4304875,131.40800416666667,-34.99482833333334,22.686689166666664,0.022727272727272728,13:00
Heywood,forward,Winter,27,170,154.9638675,152.17711166666666,-13.783125833333337,3.7463929166666645,0.05,13:30
Heywood,forward,Winter,28,164,142.71200083333332,141.43608166666667,-14.186970833333326,-22.50785666666664,-0.042682926829268296,14:00
Heywood,forward,Winter,29,163,151.30058833333334,135.12446666666668,15.815942500000006,5.432374999999993,0.03374233128834356,14:30
Heywood,forward,Winter,30,169,150.53670833333334,125.85265,31.5742116666666,8.25556833333333,0.01775147928994083,15:00
Heywood,forward,Winter,31,162,154.84881583333333,122.39488833333333,51.746395833333324,57.525949999999995,0.09876543209876543,15:30
Heywood,forward,Winter,32,173,170.03528666666668,155.16339833333333,30.264451666666673,5.418048333333331,0.08959537572254335,16:00
Heywood,forward,Winter,33,179,201.56672666666668,199.63708,13.669318333333335,-4.70296666666664,0.10893854748603352,16:30
Heywood,forward,Winter,34,196,204.62116333333333,207.99362666666667,5.386843749999997,31.628860416666697,0.025510204081632654,17:00
Heywood,forward,Winter,35,189,204.25910833333333,230.65937499999998,-23.518873333333318,25.118891666666627,-0.03439153439153439,17:30
Heywood,forward,Winter,36,164,251.66293916666666,300.2531408333333,-40.59628666666666,-7.241954999999997,0.027439024390243903,18:00
Heywood,forward,Winter,37,166,227.7041075,240.57412083333332,-10.104886666666644,-4.330944583333334,0.060240963855421686,18:30
Heywood,forward,Winter,38,164,225.92793833333332,287.34745,5.224864166666663,-6.622352916666659,0.12195121951219512,19:00
Heywood,forward,Winter,39,161,308.27700666666664,329.95579000000004,1.4833883333333375,21.42919999999998,0.09006211180124224,19:30
Heywood,forward,Winter,40,160,345.63576250000006,349.13192833333335,2.9012016666666796,30.6496475,0.084375,20:00
Heywood,forward,Winter,41,149,342.14016,383.586045,-8.60191999999995,-2.0379666666666694,0.07046979865771812,20:30
Heywood,forward,Winter,42,148,377.7541766666667,424.4146783333333,-4.1029016666665825,35.567817500000004,0.08783783783783784,21:00
Heywood,forward,Winter,43,144,372.16033666666664,408.0302933333333,-4.013726666666692,23.210379166666662,0.125,21:30
Heywood,forward,Winter,44,141,395.09792500000003,324.86509,-27.227911666666728,39.75898666666666,0.1524822695035461,22:00
Heywood,forward,Winter,45,141,357.72600000000006,317.8853516666667,-32.325973333333366,-13.45988166666666,0.0851063829787234,22:30
Heywood,forward,Winter,46,137,388.18663,293.74232166666667,-19.13034833333336,-2.225488333333331,0.15693430656934307,23:00
Heywood,forward,Winter,47,134,382.36335166666663,289.4582916666667,2.183779999999988,-14.288910000000001,0.15298507462686567,23:30
Heywood,reverse,Autumn,0,58,254.38025166666665,259.964985,32.30742666666666,-31.89608583333336,0.017241379310344827,00:00
Heywood,reverse,Autumn,1,54,272.520045,260.09261666666663,37.49869416666667,-23.067969999999967,-0.018518518518518517,00:30
Heywood,reverse,Autumn,2,54,264.0190841666667,265.20382916666665,2.383878333333371,-28.204893333333246,0.037037037037037035,01:00
Heywood,reverse,Autumn,3,54,270.89431833333333,275.6081633333334,10.707848333333345,25.866540833333346,-0.009259259259259259,01:30
Heywood,reverse,Autumn,4,54,296.78126833333334,275.6081633333334,34.51959166666671,38.070167499999954,-0.018518518518518517,02:00
Heywood,reverse,Autumn,5,54,250.26734166666665,282.3244516666667,0.713444166666676,39.13509333333337,-0.018518518518518517,02:30
Heywood,reverse,Autumn,6,53,277.63823833333333,262.32331,21.59929166666666,42.51021500000002,-0.009433962264150943,03:00
Heywood,reverse,Autumn,7,53,275.11942833333336,262.32331,24.794243333333355,-19.10286500000001,0.0,03:30
Heywood,reverse,Autumn,8,53,259.7495533333333,230.51707166666665,24.866314999999986,8.96365333333334,0.0,04:00
Heywood,reverse,Autumn,9,53,236.39368166666668,258.1995583333333,45.119055,82.706495,0.018867924528301886,04:30
Heywood,reverse,Autumn,10,52,219.86552333333336,255.59603166666668,-44.60214083333338,102.385875,0.0,05:00
Heywood,reverse,Autumn,11,51,206.11346833333334,210.76953833333334,28.569710000000015,45.881948333333355,-0.00980392156862745,05:30
Heywood,reverse,Autumn,12,59,237.22608666666667,234.72386500000002,-21.60877416666662,-38.50712500000009,0.01694915254237288,06:00
Heywood,reverse,Autumn,13,79,277.69076333333334,256.67044833333335,-66.462625,56.008498333333335,-0.012658227848101266,06:30
Heywood,reverse,Autumn,14,78,269.99975333333333,261.6332925,-54.09408041666667,-75.43137166666666,0.00641025641025641,07:00
Heywood,reverse,Autumn,15,98,342.35444333333334,381.72307666666666,-57.82092333333328,-24.507884166666656,0.0,07:30
Heywood,reverse,Autumn,16,100,405.28980666666666,440.4047325,-24.924929166666686,-6.089500416666681,0.01,08:00
Heywood,reverse,Autumn,17,113,444.17057666666665,452.8579308333333,-9.203534999999988,6.736221666666665,0.008849557522123894,08:30
Heywood,reverse,Autumn,18,114,388.70397333333335,448.84326333333337,-21.60089833333339,19.513407500000014,0.04824561403508772,09:00
Heywood,reverse,Autumn,19,113,391.60795833333333,330.32108666666664,8.004233333333332,56.26523999999995,0.08849557522123894,09:30
Heywood,reverse,Autumn,20,119,396.98226,328.16284333333334,0.0,-7.368570000000005,0.04201680672268908,10:00
Heywood,reverse,Autumn,21,112,378.52842166666665,326.8400483333333,9.515286666666668,-38.41136833333336,0.004464285714285714,10:30
Heywood,reverse,Autumn,22,108,349.2808133333333,402.85253750000004,2.616938333333337,-74.67336166666666,0.037037037037037035,11:00
Heywood,reverse,Autumn,23,115,374.07234833333337,349.64541833333334,5.321801666666715,-43.01082500000001,-0.008695652173913044,11:30
Heywood,reverse,Autumn,24,123,392.0576833333333,411.2705633333333,8.6796916666666,9.139189999999928,0.1016260162601626,12:00
Heywood,reverse,Autumn,25,119,370.58549833333336,438.6465483333333,-21.365564999999947,-27.38686666666669,0.0546218487394958,12:30
Heywood,reverse,Autumn,26,117,375.20463333333333,388.73153,-43.06195500000001,-17.224083333333333,0.06837606837606838,13:00
Heywood,reverse,Autumn,27,115,361.909895,371.11011833333333,-19.155296666666686,-90.39608833333335,0.05217391304347826,13:30
Heywood,reverse,Autumn,28,114,350.7908958333333,396.33510666666666,-37.20857083333334,-70.17226083333333,0.07456140350877193,14:00
Heywood,reverse,Autumn,29,110,390.23385833333333,399.54395166666666,-67.17026166666676,-66.79481125,0.04090909090909091,14:30
Heywood,reverse,Autumn,30,112,380.64555083333335,418.9091083333333,-29.102944999999977,-109.56981666666667,0.05357142857142857,15:00
Heywood,reverse,Autumn,31,113,375.5676733333333,402.61773,-21.053897499999948,-126.63572333333332,0.05752212389380531,15:30
Heywood,reverse,Autumn,32,111,360.83833000000004,405.6116016666667,-26.888284999999996,-132.985055,0.05405405405405406,16:00
Heywood,reverse,Autumn,33,102,395.6264391666666,352.8980954166667,23.435969166666666,-5.532916666666665,0.06862745098039216,16:30
Heywood,reverse,Autumn,34,94,331.76394166666665,341.42903583333333,-16.514775000000043,-20.34238499999998,0.02127659574468085,17:00
Heywood,reverse,Autumn,35,83,195.36636333333334,212.65414166666665,-5.740084999999993,30.379932500000052,0.024096385542168676,17:30
Heywood,reverse,Autumn,36,66,201.3636416666667,185.939845,45.339598750000015,20.846470833333342,0.0,18:00
Heywood,reverse,Autumn,37,57,197.07097166666668,149.85003749999998,53.540269999999964,31.794392499999987,0.05263157894736842,18:30
Heywood,reverse,Autumn,38,56,226.19097333333332,232.69342833333332,15.557978333333352,-38.62597583333335,0.017857142857142856,19:00
Heywood,reverse,Autumn,39,56,235.72947833333333,264.2315308333333,-26.143965416666646,-79.92374583333333,0.05357142857142857,19:30
Heywood,reverse,Autumn,40,49,295.49410166666667,258.07471333333336,-2.839551666666651,-32.670240000000035,0.02040816326530612,20:00
Heywood,reverse,Autumn,41,53,265.85773666666665,316.78526166666666,-82.87883,-58.91349833333334,0.018867924528301886,20:30
Heywood,reverse,Autumn,42,53,281.19536666666664,328.24483499999997,-52.298713333333296,-111.76248666666669,0.03773584905660377,21:00
Heywood,reverse,Autumn,43,53,294.52801,322.018265,-45.85773166666661,-161.37539999999996,0.03773584905660377,21:30
Heywood,reverse,Autumn,44,57,294.961685,298.76596666666666,-33.549265000000005,-73.4070916666667,0.03508771929824561,22:00
Heywood,reverse,Autumn,45,56,271.99198333333334,303.89567166666666,-10.478053749999958,7.021967500000017,0.0,22:30
Heywood,reverse,Autumn,46,58,254.52262416666667,268.97549833333335,10.144202499999968,65.16512666666665,-0.008620689655172414,23:00
Heywood,reverse,Autumn,47,59,254.20395666666664,265.06985333333336,-34.608979999999974,20.71397166666667,0.05084745762711865,23:30
Heywood,reverse,Spring,0,64,518.7865108333333,534.7701366666668,0.0,37.87513583333332,-0.0390625,00:00
Heywood,reverse,Spring,1,64,518.6763266666667,539.6849541666667,0.0,32.2849375,-0.046875,00:30
Heywood,reverse,Spring,2,63,505.1872716666667,548.4683616666666,0.0,54.92946666666671,-0.047619047619047616,01:00
Heywood,reverse,Spring,3,63,515.28346,549.419605,-22.69302666666664,73.02576499999998,-0.031746031746031744,01:30
Heywood,reverse,Spring,4,62,514.4394991666667,533.6115233333334,-34.11532166666666,95.2068733333333,-0.0967741935483871,02:00
Heywood,reverse,Spring,5,62,522.1043191666666,544.4388416666667,-19.695659166666616,124.50520833333331,-0.07258064516129033,02:30
Heywood,reverse,Spring,6,60,535.5893483333333,549.5155791666666,-7.9860391666666715,70.21256833333331,-0.08333333333333333,03:00
Heywood,reverse,Spring,7,59,538.50707,550.0,-23.625503333333313,129.5245983333333,-0.03389830508474576,03:30
Heywood,reverse,Spring,8,58,538.4347925,546.2045166666667,-18.502467500000023,144.78115166666666,0.0,04:00
Heywood,reverse,Spring,9,59,543.4951616666666,550.0,-10.405936666666662,149.6297816666667,0.0,04:30
Heywood,reverse,Spring,10,57,536.7111633333334,546.0172166666666,-8.473325000000045,182.48976,0.017543859649122806,05:00
Heywood,reverse,Spring,11,60,543.8647108333333,548.2124358333333,-2.517186666666646,208.78080416666666,0.05,05:30
Heywood,reverse,Spring,12,69,541.6666666666666,478.77810833333336,0.0,125.7349283333333,0.028985507246376812,06:00
Heywood,reverse,Spring,13,82,484.1767858333334,460.0,0.0,62.943015833333334,0.012195121951219513,06:30
Heywood,reverse,Spring,14,88,432.46840499999996,421.93075666666664,-40.638981666666666,22.69357416666667,0.07954545454545454,07:00
Heywood,reverse,Spring,15,106,345.39055833333333,420.18765625,-54.53945583333329,42.80800791666668,0.06132075471698113,07:30
Heywood,reverse,Spring,16,103,367.90853500000003,398.38044999999994,-23.974028333333308,5.69437666666667,0.019417475728155338,08:00
Heywood,reverse,Spring,17,105,409.27342833333336,488.0783958333334,0.0,-16.97871666666667,0.04285714285714286,08:30
Heywood,reverse,Spring,18,105,422.833735,498.72363666666666,-52.650481666666565,7.963228333333348,-0.009523809523809525,09:00
Heywood,reverse,Spring,19,103,443.370255,480.47642666666667,-45.0,-20.392473333333335,0.009708737864077669,09:30
Heywood,reverse,Spring,20,102,435.82704749999994,501.1405283333333,-56.286024999999995,11.146677499999981,0.23039215686274508,10:00
Heywood,reverse,Spring,21,102,421.1713408333334,476.59342333333336,-5.87655083333334,34.859372500000006,0.11764705882352941,10:30
Heywood,reverse,Spring,22,105,429.0870883333334,490.10537666666664,-29.668626666666682,9.587968333333265,0.047619047619047616,11:00
Heywood,reverse,Spring,23,101,430.04008,504.10382,-16.718212499999936,-6.791861666666648,0.01485148514851485,11:30
Heywood,reverse,Spring,24,103,460.0,497.37386666666663,-31.028513333333365,-23.187725000000057,0.10679611650485436,12:00
Heywood,reverse,Spring,25,102,449.99180583333333,469.46439833333335,-5.357782499999985,-0.4647449999999935,0.0196078431372549,12:30
Heywood,reverse,Spring,26,106,460.0,460.1000000000001,-3.8020374999999547,72.98186416666665,0.09433962264150944,13:00
Heywood,reverse,Spring,27,103,448.036855,460.0,13.377565000000004,96.67836499999993,0.1796116504854369,13:30
Heywood,reverse,Spring,28,101,432.667895,441.75327166666665,-0.7996816666666291,57.57318166666664,0.039603960396039604,14:00
Heywood,reverse,Spring,29,101,428.48932999999994,457.6042566666667,-7.881798333333222,0.1498283333333319,0.039603960396039604,14:30
Heywood,reverse,Spring,30,100,449.6628075,463.88269416666674,-14.26847250000003,-6.563169166666626,-0.01,15:00
Heywood,reverse,Spring,31,99,435.93797333333333,460.0,-16.692196666666632,-3.3424250000000484,0.06565656565656566,15:30
Heywood,reverse,Spring,32,102,443.57039583333335,461.3037879166667,-26.827944583333334,2.4065858333333097,-0.0196078431372549,16:00
Heywood,reverse,Spring,33,99,428.21206166666667,447.1780983333333,-21.97559000000001,-0.8640016666666384,0.015151515151515152,16:30
Heywood,reverse,Spring,34,79,446.6945183333333,464.509695,-59.56238999999994,80.05288916666669,0.13291139240506328,17:00
Heywood,reverse,Spring,35,70,446.82432916666664,516.1560958333333,-34.62039250000001,121.25337374999998,0.1357142857142857,17:30
Heywood,reverse,Spring,36,66,461.00906166666664,516.7906041666666,-7.016053333333332,79.75981833333333,0.030303030303030304,18:00
Heywood,reverse,Spring,37,71,522.3384133333333,491.83106833333335,0.0,31.520350000000008,0.014084507042253521,18:30
Heywood,reverse,Spring,38,64,548.8755091666667,517.257905,0.0,0.16511666666667102,-0.046875,19:00
Heywood,reverse,Spring,39,63,550.0,539.6132150000001,0.0,-1.749511666666649,0.0,19:30
Heywood,reverse,Spring,40,63,550.0,536.57728,0.0,15.629588333333345,0.015873015873015872,20:00
Heywood,reverse,Spring,41,63,550.0,548.422815,0.0,7.126981666666666,0.015873015873015872,20:30
Heywood,reverse,Spring,42,63,544.8622966666667,543.0151566666667,0.0,-30.930390000000017,0.0,21:00
Heywood,reverse,Spring,43,65,542.727505,531.1861916666667,0.0,-20.8127,-0.015384615384615385,21:30
Heywood,reverse,Spring,44,65,539.8454783333333,538.1698316666667,0.0,-50.497855,-0.03076923076923077,22:00
Heywood,reverse,Spring,45,64,539.4630566666666,539.3520733333334,0.0,-60.16812999999996,0.015625,22:30
Heywood,reverse,Spring,46,65,542.8306266666667,525.734795,0.0,-17.869076666666672,0.0,23:00
Heywood,reverse,Spring,47,63,541.4975466666666,523.4156025,0.0,-12.98845666666665,-0.007936507936507936,23:30
Heywood,reverse,Summer,0,12,342.29640083333334,221.00519333333335,4.099091666666668,-47.77973083333333,0.0,00:00
Heywood,reverse,Summer,1,13,272.6534033333333,464.46950833333335,-39.360604999999964,125.40330833333337,0.0,00:30
Heywood,reverse,Summer,2,14,176.24352,414.9735516666667,-39.635002499999985,59.479218333333314,0.0,01:00
Heywood,reverse,Summer,3,14,198.5702333333333,312.98684333333335,-63.11950583333339,61.522043333333336,0.0,01:30
Heywood,reverse,Summer,4,14,310.8851775,439.30259,-82.22636749999998,-32.03645416666667,0.0,02:00
Heywood,reverse,Summer,5,15,348.5113183333333,553.3463616666667,-60.183340000000044,-0.575064999999995,0.0,02:30
Heywood,reverse,Summer,6,13,172.43100166666667,298.7744583333333,-14.502825000000001,-42.91659166666666,0.0,03:00
Heywood,reverse,Summer,7,13,132.83589166666667,351.8887333333334,-49.57091833333334,28.55812166666665,0.0,03:30
Heywood,reverse,Summer,8,12,236.4830775,259.8336466666667,-31.97717916666668,-72.49956666666667,0.0,04:00
Heywood,reverse,Summer,9,13,119.88727833333333,198.605265,25.81993833333331,-22.402576666666675,-0.07692307692307693,04:30
Heywood,reverse,Summer,10,14,263.82276833333333,234.92644666666666,48.2893633333334,-16.802570000000017,-0.07142857142857142,05:00
Heywood,reverse,Summer,11,14,283.3577133333333,519.3198441666666,-41.98675166666669,-16.995334999999997,-0.07142857142857142,05:30
Heywood,reverse,Summer,12,15,452.01534999999996,495.18131,-31.350218333333373,-135.62164166666665,0.0,06:00
Heywood,reverse,Summer,13,19,435.67075500000004,483.17526666666663,0.0,-114.98663333333334,0.0,06:30
Heywood,reverse,Summer,14,18,406.9309833333333,308.33096291666664,-24.084775000000008,39.27512499999999,0.0,07:00
Heywood,reverse,Summer,15,30,428.32082833333334,352.35026958333333,21.228318750000028,-0.043504166666667565,-0.06666666666666667,07:30
Heywood,reverse,Summer,16,28,402.3908241666667,39.47342,177.39711125000002,15.371046249999992,-0.017857142857142856,08:00
Heywood,reverse,Summer,17,30,270.97532916666665,8.459543333333329,110.65297249999995,79.78002916666667,-0.03333333333333333,08:30
Heywood,reverse,Summer,18,29,347.93079166666666,-24.354498333333332,92.01673499999998,105.0669666666667,0.06896551724137931,09:00
Heywood,reverse,Summer,19,31,283.61579166666667,135.60249,54.81809000000004,94.042515,0.14516129032258066,09:30
Heywood,reverse,Summer,20,31,219.29121833333332,143.78943833333335,43.991222499999935,10.661357500000008,0.12903225806451613,10:00
Heywood,reverse,Summer,21,31,204.81965833333334,75.29237750000003,29.182398333333367,43.65330499999999,0.14516129032258066,10:30
Heywood,reverse,Summer,22,32,242.71597249999996,180.64666666666668,53.698842500000005,105.27627499999997,0.046875,11:00
Heywood,reverse,Summer,23,32,296.25132583333334,293.242255,61.36702833333332,116.75502750000001,0.1875,11:30
Heywood,reverse,Summer,24,31,351.12413666666663,188.60487666666666,68.55650333333335,165.907515,0.12903225806451613,12:00
Heywood,reverse,Summer,25,30,330.57862666666665,177.50879250000003,17.156918333333323,95.55362750000002,0.06666666666666667,12:30
Heywood,reverse,Summer,26,28,315.68617,215.91803750000003,53.68309833333328,137.65312499999996,0.10714285714285714,13:00
Heywood,reverse,Summer,27,26,312.94764083333337,182.05669791666668,66.87992333333332,88.29940666666666,0.11538461538461539,13:30
Heywood,reverse,Summer,28,27,390.60956000000004,286.785235,74.85609666666664,140.6417166666666,0.2222222222222222,14:00
Heywood,reverse,Summer,29,29,325.3242116666667,202.72299833333332,88.32310833333332,112.67880666666667,0.1896551724137931,14:30
Heywood,reverse,Summer,30,27,196.65909666666667,121.14023499999999,47.39902166666666,93.70343666666668,0.09259259259259259,15:00
Heywood,reverse,Summer,31,27,290.47405000000003,5.699160000000001,57.718551666666656,94.03560999999999,0.2962962962962963,15:30
Heywood,reverse,Summer,32,23,126.30748999999999,59.40570833333334,22.842298333333247,49.72047833333335,0.15217391304347827,16:00
Heywood,reverse,Summer,33,16,238.01375083333332,10.003604166666664,28.307700833333364,78.8375116666667,0.09375,16:30
Heywood,reverse,Summer,34,16,375.59638416666667,14.004682083333334,6.285934166666607,234.36050916666665,0.1875,17:00
Heywood,reverse,Summer,35,16,309.35999833333335,302.93713833333334,85.9355716666667,85.290605,0.25,17:30
Heywood,reverse,Summer,36,16,214.1841591666667,174.51583000000002,36.7658325,11.828694166666693,0.25,18:00
Heywood,reverse,Summer,37,10,276.98169083333335,10.292578333333335,146.1341508333333,26.544540833333365,0.1,18:30
Heywood,reverse,Summer,38,14,373.8559091666667,333.46205875,28.8231079166667,-59.722348333333365,0.03571428571428571,19:00
Heywood,reverse,Summer,39,14,322.2403033333333,324.7955783333333,8.163940416666634,-4.441152499999987,0.0,19:30
Heywood,reverse,Summer,40,13,292.3401383333333,306.7371675,5.257450833333337,58.559181666666646,-0.038461538461538464,20:00
Heywood,reverse,Summer,41,14,363.8623325,161.00401666666667,86.34550499999997,191.82636166666666,0.07142857142857142,20:30
Heywood,reverse,Summer,42,13,349.7341816666667,184.66507000000001,192.18508000000003,191.83121333333332,0.07692307692307693,21:00
Heywood,reverse,Summer,43,14,411.7840933333334,184.66507000000001,125.10598416666667,63.28987083333333,0.0,21:30
Heywood,reverse,Summer,44,13,243.79815833333336,363.15648749999997,-1.3071716666665907,119.77882666666665,0.07692307692307693,22:00
Heywood,reverse,Summer,45,13,276.03337166666665,347.78456,-56.781471666666675,89.63373833333331,0.0,22:30
Heywood,reverse,Summer,46,14,246.00079416666665,322.6458591666667,-35.20812166666666,-0.2375358333333395,0.07142857142857142,23:00
Heywood,reverse,Summer,47,12,385.3629458333333,175.27690083333334,105.87294916666664,-6.440148333333324,0.0,23:30
Heywood,reverse,Winter,0,151,145.12216666666666,220.461915,-98.48213999999999,-36.339383333333345,-0.016556291390728478,00:00
Heywood,reverse,Winter,1,154,129.31369666666666,238.02817625,-60.968215416666695,-61.65749249999995,-0.016233766233766232,00:30
Heywood,reverse,Winter,2,152,125.41552083333332,242.61629749999997,-95.88668833333332,-9.274631666666664,-0.04276315789473684,01:00
Heywood,reverse,Winter,3,149,122.82828166666667,227.90615666666667,-87.63214499999998,-16.665191666666658,-0.030201342281879196,01:30
Heywood,reverse,Winter,4,146,122.83015750000001,238.81388333333334,-98.5201925,-59.7566516666667,-0.05136986301369863,02:00
Heywood,reverse,Winter,5,145,112.155875,239.28589166666666,-89.67749166666667,-94.16253249999998,-0.034482758620689655,02:30
Heywood,reverse,Winter,6,141,110.92184833333333,240.96519166666667,-120.5765533333333,-82.43521000000004,-0.04964539007092199,03:00
Heywood,reverse,Winter,7,141,119.33654000000001,251.01987666666665,-75.44672166666666,-89.87754333333336,-0.05673758865248227,03:30
Heywood,reverse,Winter,8,142,130.6865075,251.01987666666665,-58.133756666666656,-57.6726033333332,-0.07042253521126761,04:00
Heywood,reverse,Winter,9,134,134.87884916666667,228.09599833333334,-78.20437166666667,-65.12240583333329,-0.12686567164179105,04:30
Heywood,reverse,Winter,10,137,130.69251,228.09599833333334,-86.94571666666661,-33.82352416666666,-0.1386861313868613,05:00
Heywood,reverse,Winter,11,138,134.89517583333333,230.4448541666667,-53.765834999999996,-12.070374999999984,-0.07246376811594203,05:30
Heywood,reverse,Winter,12,139,162.95709,185.58852666666667,-55.59977666666667,-69.90432916666667,-0.04316546762589928,06:00
Heywood,reverse,Winter,13,149,176.50958500000002,218.7245783333333,-56.122718333333324,-13.142368333333337,0.010067114093959731,06:30
Heywood,reverse,Winter,14,159,186.55904999999998,271.33576,-75.02373833333334,-50.494580000000006,0.05660377358490566,07:00
Heywood,reverse,Winter,15,163,180.68496833333333,304.03319833333336,-93.09639333333334,-87.60369499999999,-0.009202453987730062,07:30
Heywood,reverse,Winter,16,190,176.777225,235.14607750000002,-28.63088749999997,-47.68345249999997,0.002631578947368421,08:00
Heywood,reverse,Winter,17,215,159.1755466666667,209.334485,-50.871288333333325,-33.20545,0.04186046511627907,08:30
Heywood,reverse,Winter,18,207,184.70718333333335,239.67259833333333,-37.36536166666656,-18.849188333333334,0.04106280193236715,09:00
Heywood,reverse,Winter,19,227,199.62082666666666,305.43590333333333,-11.164985000000001,1.8561516666666762,0.03303964757709251,09:30
Heywood,reverse,Winter,20,226,234.001935,311.6331783333333,-26.205426666666654,23.47967708333333,0.12168141592920353,10:00
Heywood,reverse,Winter,21,225,240.949295,303.26865,-32.53887666666665,35.910568333333345,0.14444444444444443,10:30
Heywood,reverse,Winter,22,215,214.7000383333333,267.7357816666667,-14.94380333333333,21.297532499999996,0.09069767441860466,11:00
Heywood,reverse,Winter,23,212,199.0538275,224.16693333333333,-22.60437083333332,-13.827811666666676,0.08962264150943396,11:30
Heywood,reverse,Winter,24,218,197.2875733333333,240.30750583333332,-28.243669583333343,-31.08922791666666,0.0481651376146789,12:00
Heywood,reverse,Winter,25,212,207.30949166666664,261.28001166666667,-54.95925000000001,-30.22126916666666,0.10141509433962265,12:30
Heywood,reverse,Winter,26,202,194.78328499999998,234.97189916666667,-10.166408333333333,-56.732122499999996,0.08168316831683169,13:00
Heywood,reverse,Winter,27,195,211.57839166666668,248.321385,0.6125283333332732,-22.49055333333331,0.09743589743589744,13:30
Heywood,reverse,Winter,28,190,202.195215,250.81269333333333,-27.963231666666665,15.207520000000002,0.06842105263157895,14:00
Heywood,reverse,Winter,29,191,220.13295166666668,249.81966166666666,-2.6480083333333346,-8.595351666666666,0.02356020942408377,14:30
Heywood,reverse,Winter,30,198,222.99273916666667,255.84088666666665,-3.8063541666666687,-15.727114999999984,0.030303030303030304,15:00
Heywood,reverse,Winter,31,191,211.01466666666667,260.8800308333333,-45.40596500000004,-63.977154999999996,-0.031413612565445025,15:30
Heywood,reverse,Winter,32,197,180.7743,266.2428016666667,-77.09325333333328,-4.732613333333333,-0.012690355329949238,16:00
Heywood,reverse,Winter,33,204,162.70467083333332,271.5746379166667,-36.12861083333334,24.25983583333333,-0.029411764705882353,16:30
Heywood,reverse,Winter,34,220,159.20471333333333,271.18498208333335,-57.82288916666667,-30.33043416666669,0.011363636363636364,17:00
Heywood,reverse,Winter,35,216,133.61086333333333,189.717785,-47.91013250000002,-18.202832499999985,0.046296296296296294,17:30
Heywood,reverse,Winter,36,180,108.0164025,133.579635,-60.98421416666666,13.670506666666661,0.058333333333333334,18:00
Heywood,reverse,Winter,37,176,132.78968333333333,189.0143383333333,-117.13921666666666,4.631849166666664,0.07102272727272728,18:30
Heywood,reverse,Winter,38,176,149.58034166666667,174.83042791666668,-70.11492333333331,11.246117500000025,0.05113636363636364,19:00
Heywood,reverse,Winter,39,172,148.43817666666666,169.74817666666667,-45.379089166666674,-13.235895000000006,-0.014534883720930232,19:30
Heywood,reverse,Winter,40,170,151.65291833333333,169.723935,-19.888445,31.894997916666682,-0.06764705882352941,20:00
Heywood,reverse,Winter,41,158,131.550315,159.164675,-46.290355833333315,50.581846666666664,-0.06645569620253164,20:30
Heywood,reverse,Winter,42,158,125.21381416666667,181.16092333333333,-104.05352666666667,32.04849250000001,-0.03164556962025317,21:00
Heywood,reverse,Winter,43,157,135.90294333333333,181.16092333333333,-79.99878333333328,-19.717679999999994,-0.028662420382165606,21:30
Heywood,reverse,Winter,44,155,137.54909166666667,208.22414166666667,-50.149760000000015,-9.906709166666644,0.01935483870967742,22:00
Heywood,reverse,Winter,45,153,149.70922666666667,201.91764,-67.48262499999998,19.160503333333324,0.0,22:30
Heywood,reverse,Winter,46,148,141.1788275,205.7197625,-58.38568000000002,11.092934166666666,-0.037162162162162164,23:00
Heywood,reverse,Winter,47,146,149.07228750000002,225.9521033333333,-80.54284166666669,12.912593333333334,0.06164383561643835,23:30
Murraylink,forward,Autumn,0,105,119.05000833333334,113.04942999999999,13.666666666666657,9.132061666666667,0.0761904761904762,00:00
Murraylink,forward,Autumn,1,103,120.53447166666668,105.33333333333333,15.213340000000002,8.923734999999994,0.1262135922330097,00:30
Murraylink,forward,Autumn,2,102,128.0,113.62500083333333,8.135533333333328,14.754570000000001,-0.00980392156862745,01:00
Murraylink,forward,Autumn,3,101,135.66666666666666,118.86373833333334,13.5,19.5,-0.039603960396039604,01:30
Murraylink,forward,Autumn,4,99,129.5,109.66666666666667,10.166666666666657,20.279411666666668,-0.045454545454545456,02:00
Murraylink,forward,Autumn,5,98,132.66666666666669,109.25,10.70176166666667,10.767956666666663,-0.16326530612244897,02:30
Murraylink,forward,Autumn,6,96,126.69685666666668,102.5,16.416666666666664,1.3727937499999996,-0.11458333333333333,03:00
Murraylink,forward,Autumn,7,95,125.0,107.0,8.5,8.450988333333328,-0.14736842105263157,03:30
Murraylink,forward,Autumn,8,94,123.5,108.83333333333333,12.333333333333343,6.875296666666685,-0.10638297872340426,04:00
Murraylink,forward,Autumn,9,96,124.98427666666666,110.16666666666666,5.6160441666666685,8.072663333333338,-0.11979166666666667,04:30
Murraylink,forward,Autumn,10,98,119.0,118.58333333333333,3.801795833333344,3.1489316666666696,-0.07142857142857142,05:00
Murraylink,forward,Autumn,11,101,114.59312999999999,113.64621333333334,-3.6666666666666714,-4.457484999999991,-0.06930693069306931,05:30
Murraylink,forward,Autumn,12,105,71.05788333333334,105.0,7.672873333333314,8.323259999999998,0.05714285714285714,06:00
Murraylink,forward,Autumn,13,116,70.5,103.16666666666667,-20.02187750000001,-6.926379583333336,0.008620689655172414,06:30
Murraylink,forward,Autumn,14,123,67.94315,104.89095583333334,-23.0,-9.192980000000006,0.14227642276422764,07:00
Murraylink,forward,Autumn,15,140,80.04956,88.33333333333333,4.668882499999995,3.560805833333337,0.1392857142857143,07:30
Murraylink,forward,Autumn,16,148,79.66666666666666,102.66666666666666,-6.838393333333343,-7.758906666666666,0.11824324324324324,08:00
Murraylink,forward,Autumn,17,150,98.16666666666666,122.0,-7.5414041666666805,-10.711428333333345,-0.043333333333333335,08:30
Murraylink,forward,Autumn,18,135,111.5,140.84913,-11.616978333333321,-10.258456666666667,-0.011111111111111112,09:00
Murraylink,forward,Autumn,19,134,121.66666666666666,154.03651624999998,-8.358442499999995,-5.844068333333325,-0.0708955223880597,09:30
Murraylink,forward,Autumn,20,152,112.6346825,117.602825,-2.691603333333333,-5.053156666666643,-0.11513157894736842,10:00
Murraylink,forward,Autumn,21,147,125.0,127.0,-2.427538333333331,-2.4513416666666785,-0.05442176870748299,10:30
Murraylink,forward,Autumn,22,141,130.0,138.61063,-2.6163283333333283,-7.496664999999997,-0.0070921985815602835,11:00
Murraylink,forward,Autumn,23,145,133.88066333333333,127.65296166666667,-3.9845899999999688,-4.297516666666667,-0.05517241379310345,11:30
Murraylink,forward,Autumn,24,149,118.5,127.44104499999999,-3.428938333333349,-4.9636299999999665,0.020134228187919462,12:00
Murraylink,forward,Autumn,25,148,122.5,125.07903791666668,0.5302879166666656,0.0,0.05405405405405406,12:30
Murraylink,forward,Autumn,26,144,128.33333333333334,128.51,3.2272549999999995,0.0,-0.020833333333333332,13:00
Murraylink,forward,Autumn,27,140,118.0,128.10345999999998,4.814261666666681,-3.541356666666668,-0.10714285714285714,13:30
Murraylink,forward,Autumn,28,138,113.10466666666667,110.21274083333334,3.547067499999983,-0.5962041666666664,-0.08695652173913043,14:00
Murraylink,forward,Autumn,29,138,92.41666666666667,101.375,0.8616133333333522,-0.4169300000000007,-0.09420289855072464,14:30
Murraylink,forward,Autumn,30,141,108.64764166666667,98.0,6.7601566666666315,2.5732150000000047,0.03546099290780142,15:00
Murraylink,forward,Autumn,31,148,110.51965000000001,107.54511583333333,4.327830000000006,-0.23162124999998923,-0.0777027027027027,15:30
Murraylink,forward,Autumn,32,144,110.0,114.72913458333333,0.3333333333333286,-2.4063983333333283,-0.020833333333333332,16:00
Murraylink,forward,Autumn,33,140,114.96121583333334,109.39938458333333,2.6434783333333343,8.078343333333322,0.06785714285714285,16:30
Murraylink,forward,Autumn,34,140,111.5,103.75,3.4195449999999994,5.159289583333322,0.02142857142857143,17:00
Murraylink,forward,Autumn,35,117,101.01738,99.25,-0.6666666666666714,-1.2958983333333336,-0.08547008547008547,17:30
Murraylink,forward,Autumn,36,114,98.0,103.375,-1.6666679166666665,6.575670833333335,0.05263157894736842,18:00
Murraylink,forward,Autumn,37,114,109.92084,109.70693583333332,-11.10346791666666,0.6756450000000029,0.07894736842105263,18:30
Murraylink,forward,Autumn,38,107,110.0,113.0,-4.5,-2.3828716666666665,0.1308411214953271,19:00
Murraylink,forward,Autumn,39,98,113.74851166666667,114.25,-1.5,0.0,0.12244897959183673,19:30
Murraylink,forward,Autumn,40,94,117.0,113.801695,8.03033666666667,6.436587499999998,0.05319148936170213,20:00
Murraylink,forward,Autumn,41,98,113.49306333333334,115.25,5.250000000000007,0.21952500000000086,0.00510204081632653,20:30
Murraylink,forward,Autumn,42,103,122.83333333333333,119.77956166666667,-0.7022450000000049,-2.160526666666666,0.0,21:00
Murraylink,forward,Autumn,43,100,125.0,117.16666666666666,4.683068333333338,-1.6441258333333302,-0.01,21:30
Murraylink,forward,Autumn,44,105,125.5,119.33333333333333,2.161383333333333,2.25,-0.04285714285714286,22:00
Murraylink,forward,Autumn,45,99,121.0,119.33333333333333,6.154134999999997,9.866635000000002,0.010101010101010102,22:30
Murraylink,forward,Autumn,46,98,122.33333333333333,118.20833333333333,3.2562058333333326,5.705803333333336,-0.01020408163265306,23:00
Murraylink,forward,Autumn,47,102,120.08333333333334,114.5,1.411842500000013,8.148218333333334,0.029411764705882353,23:30
Murraylink,forward,Spring,0,72,101.40340416666666,87.25,-2.9166666666666643,1.013563333333316,-0.04861111111111111,00:00
Murraylink,forward,Spring,1,79,104.32255166666666,91.5,-3.333333333333343,-1.5835199999999645,0.02531645569620253,00:30
Murraylink,forward,Spring,2,67,121.28979,101.02037333333332,-5.161529999999999,-5.953254999999999,-0.1044776119402985,01:00
Murraylink,forward,Spring,3,65,104.363625,104.0,-5.567936666666668,-16.611723333333373,-0.06153846153846154,01:30
Murraylink,forward,Spring,4,63,98.33333333333333,92.58333333333334,5e-06,0.0,-0.023809523809523808,02:00
Murraylink,forward,Spring,5,62,77.75,92.30258333333333,-1.2408108333333274,-5.478832499999982,0.016129032258064516,02:30
Murraylink,forward,Spring,6,60,87.09621916666666,59.607974999999996,2.9608666666666608,2.696520833333338,0.0,03:00
Murraylink,forward,Spring,7,60,99.16666666666666,73.75,2.322888749999997,6.0,-0.016666666666666666,03:30
Murraylink,forward,Spring,8,59,99.5,77.0,0.0,3.0,-0.01694915254237288,04:00
Murraylink,forward,Spring,9,61,88.5,78.5,0.15599750000001222,-4.5,-0.04918032786885246,04:30
Murraylink,forward,Spring,10,61,86.652555,52.05968166666667,0.8978383333333397,-0.04899000000000342,-0.10655737704918032,05:00
Murraylink,forward,Spring,11,62,85.83365,68.16777416666666,-1.6907850000000018,-5.995903333333335,-0.10483870967741936,05:30
Murraylink,forward,Spring,12,76,94.41666666666666,81.34340333333333,4.654678333333337,0.0,-0.02631578947368421,06:00
Murraylink,forward,Spring,13,103,67.5,95.53073666666667,-1.816675,-11.884966666666667,0.12135922330097088,06:30
Murraylink,forward,Spring,14,105,111.5,119.0,0.0,-2.4160366666666664,-0.0380952380952381,07:00
Murraylink,forward,Spring,15,122,135.19846833333335,109.52967083333334,6.294454166666654,4.5799366666666685,0.1557377049180328,07:30
Murraylink,forward,Spring,16,116,155.49014166666666,132.83333333333334,2.831314166666658,3.6680324999999954,0.1810344827586207,08:00
Murraylink,forward,Spring,17,115,156.17543833333335,97.81344666666666,2.039230000000032,4.401209999999992,0.10434782608695652,08:30
Murraylink,forward,Spring,18,115,149.56919000000002,141.340375,0.0,0.0,-0.004347826086956522,09:00
Murraylink,forward,Spring,19,112,152.46605,116.16666666666667,0.0,0.0,0.07142857142857142,09:30
Murraylink,forward,Spring,20,112,149.98797166666668,122.81408333333334,0.0,0.0,0.049107142857142856,10:00
Murraylink,forward,Spring,21,113,148.88012666666665,136.58943333333335,1.5869849999999985,1.2985866666666652,0.030973451327433628,10:30
Murraylink,forward,Spring,22,111,145.16339333333335,132.49040666666667,2.2469999999999857,0.0,0.08558558558558559,11:00
Murraylink,forward,Spring,23,108,144.49636916666668,138.47416166666665,5.086960833333322,7.2726325000000145,0.046296296296296294,11:30
Murraylink,forward,Spring,24,109,144.57722666666666,141.63410666666667,3.7996433333333357,5.890607500000016,0.07339449541284404,12:00
Murraylink,forward,Spring,25,111,145.37851166666667,142.26110666666668,0.3105466666666814,2.1727033333333168,0.12612612612612611,12:30
Murraylink,forward,Spring,26,115,144.74305333333334,119.32082333333334,8.35843916666667,9.78068833333333,0.16521739130434782,13:00
Murraylink,forward,Spring,27,114,143.483385,127.2603675,7.8695583333333445,7.869556666666682,0.15350877192982457,13:30
Murraylink,forward,Spring,28,111,143.243245,139.64358833333333,3.7252583333333007,6.331159999999983,0.11261261261261261,14:00
Murraylink,forward,Spring,29,109,144.387215,102.8285,5.8817016666666575,6.423065000000008,0.12385321100917432,14:30
Murraylink,forward,Spring,30,120,145.81205916666667,139.70328083333334,6.837299999999999,7.086347083333337,0.15,15:00
Murraylink,forward,Spring,31,115,145.25307,139.76297333333335,7.217585833333317,5.9154524999999865,0.12173913043478261,15:30
Murraylink,forward,Spring,32,115,146.30328999999998,137.38728333333333,4.316145000000006,8.733596666666642,0.13043478260869565,16:00
Murraylink,forward,Spring,33,104,146.86602416666668,111.73051333333333,9.47013333333333,18.032125000000008,0.13942307692307693,16:30
Murraylink,forward,Spring,34,94,136.22181333333333,87.91666666666666,5.833333333333333,14.772413333333347,0.1595744680851064,17:00
Murraylink,forward,Spring,35,78,87.86949916666666,93.75,2.6413687500000016,11.153656666666667,0.10256410256410256,17:30
Murraylink,forward,Spring,36,72,35.072215,83.0,-27.880075833333336,-18.697813333333336,0.0763888888888889,18:00
Murraylink,forward,Spring,37,71,81.5,110.0,-13.002421666666667,-15.0,-0.07042253521126761,18:30
Murraylink,forward,Spring,38,71,97.5,89.0,-0.8333333333333428,-4.2825500000000005,-0.09859154929577464,19:00
Murraylink,forward,Spring,39,67,100.056495,98.0,-27.17062999999999,-28.399515,-0.11940298507462686,19:30
Murraylink,forward,Spring,40,70,105.83333333333334,105.5,-6.357500000000002,-14.423098333333343,-0.12857142857142856,20:00
Murraylink,forward,Spring,41,75,105.5,101.16666666666667,-2.833333333333343,-3.1172949999999986,0.05333333333333334,20:30
Murraylink,forward,Spring,42,73,107.33333333333333,103.33333333333334,-7.5,-1.432025,0.04794520547945205,21:00
Murraylink,forward,Spring,43,71,107.0,101.16666666666667,-4.419223333333335,-6.429236666666668,0.0,21:30
Murraylink,forward,Spring,44,67,105.5,96.5,-10.666666666666671,-9.0,-0.029850746268656716,22:00
Murraylink,forward,Spring,45,66,108.99999666666668,95.0,-2.1231399999999923,-4.387146666666666,-0.015151515151515152,22:30
Murraylink,forward,Spring,46,71,104.0,89.16666666666667,-10.645469999999989,2.441008333333343,0.014084507042253521,23:00
Murraylink,forward,Spring,47,67,104.0,87.5,-2.8333333333333286,1.5,0.04477611940298507,23:30
Murraylink,forward,Summer,0,56,116.33333333333333,125.16666666666666,-17.583493750000002,-17.829360833333336,0.03571428571428571,00:00
Murraylink,forward,Summer,1,60,113.56230583333334,123.16666666666666,-24.533268333333325,-33.40365416666667,0.025,00:30
Murraylink,forward,Summer,2,53,122.16666666666667,134.16666666666666,-23.72874999999999,-27.0,0.09433962264150944,01:00
Murraylink,forward,Summer,3,53,123.16666666666667,124.79454500000001,-10.5,-10.586990000000007,0.07547169811320754,01:30
Murraylink,forward,Summer,4,51,116.0,126.33333333333333,-26.83333333333333,-24.461143333333332,0.049019607843137254,02:00
Murraylink,forward,Summer,5,51,116.0,125.0,-19.178945,-11.071565,0.0196078431372549,02:30
Murraylink,forward,Summer,6,51,116.0,126.5,-28.623623333333313,-29.06523333333333,0.0196078431372549,03:00
Murraylink,forward,Summer,7,52,114.0,126.0,-28.96219666666667,-18.28010833333333,0.038461538461538464,03:30
Murraylink,forward,Summer,8,53,107.5,125.0,-12.0,-18.272311666666667,0.009433962264150943,04:00
Murraylink,forward,Summer,9,55,106.0,122.16361333333333,-21.75,-17.508446666666664,0.0,04:30
Murraylink,forward,Summer,10,56,104.42879250000001,120.5,-19.645565833333336,-9.375,0.0625,05:00
Murraylink,forward,Summer,11,53,105.66822,122.91666666666667,-25.31431333333333,-15.75,0.05660377358490566,05:30
Murraylink,forward,Summer,12,55,111.33333333333333,132.5,-25.892216666666656,-19.5,0.01818181818181818,06:00
Murraylink,forward,Summer,13,62,114.5,132.5,-18.918084999999998,-16.437274166666665,0.024193548387096774,06:30
Murraylink,forward,Summer,14,66,141.43180666666666,146.43927416666668,-8.815685000000002,-9.872209999999999,0.06818181818181818,07:00
Murraylink,forward,Summer,15,69,146.0,171.85573833333333,-0.5598033333333206,-5.608483333333339,0.007246376811594203,07:30
Murraylink,forward,Summer,16,66,167.60017083333332,174.66553,-12.62386416666665,-4.674827499999992,0.015151515151515152,08:00
Murraylink,forward,Summer,17,65,168.62258333333332,171.76899333333333,-9.23223166666665,-6.132073333333324,-0.06153846153846154,08:30
Murraylink,forward,Summer,18,61,169.64546166666668,166.9324816666667,-0.17389499999995905,1.3051949999999977,-0.00819672131147541,09:00
Murraylink,forward,Summer,19,64,162.41614916666668,163.73528333333334,-1.9236491666666637,-2.4671458333333476,-0.0625,09:30
Murraylink,forward,Summer,20,65,158.66255833333332,162.99426333333332,-4.732375000000019,-7.438514999999995,-0.14615384615384616,10:00
Murraylink,forward,Summer,21,65,157.07002333333332,157.47770666666668,0.0,0.0,-0.16153846153846155,10:30
Murraylink,forward,Summer,22,67,153.79104833333335,157.30379166666668,-3.2933083333333286,-5.009866666666682,-0.1791044776119403,11:00
Murraylink,forward,Summer,23,65,152.52388666666667,153.39536833333332,0.6080650000000105,0.0,-0.1,11:30
Murraylink,forward,Summer,24,65,151.70666833333334,154.57624833333333,0.0,0.0,-0.06153846153846154,12:00
Murraylink,forward,Summer,25,65,150.02470333333335,153.536685,-0.5699166666666713,-3.1034283333333406,-0.046153846153846156,12:30
Murraylink,forward,Summer,26,71,144.55785166666666,149.62639,-1.7216966666666735,-4.244069999999994,-0.056338028169014086,13:00
Murraylink,forward,Summer,27,78,142.53757916666666,148.52543791666668,-1.7575366666666667,-6.702647499999983,-0.11538461538461539,13:30
Murraylink,forward,Summer,28,76,142.99274833333334,149.62775166666665,-5.247162500000002,-4.692165000000003,-0.17763157894736842,14:00
Murraylink,forward,Summer,29,76,145.58778333333333,153.54298749999998,-10.168611249999998,-8.724717500000018,-0.17763157894736842,14:30
Murraylink,forward,Summer,30,77,142.25070833333334,153.23658666666668,-5.863923333333361,-6.548976666666675,-0.12987012987012986,15:00
Murraylink,forward,Summer,31,68,134.51358666666667,154.70301833333335,-8.780360833333347,-13.24360999999999,-0.23529411764705882,15:30
Murraylink,forward,Summer,32,68,132.0,156.70234,-12.367275416666686,-19.688464166666662,-0.2426470588235294,16:00
Murraylink,forward,Summer,33,66,132.0,158.7211558333333,-21.196754999999996,-24.558885000000004,-0.23484848484848486,16:30
Murraylink,forward,Summer,34,69,132.0,162.440405,-20.56962166666665,-35.51082333333332,-0.34057971014492755,17:00
Murraylink,forward,Summer,35,65,129.66666666666666,164.11490833333332,-14.022761666666668,-21.298367500000012,-0.3076923076923077,17:30
Murraylink,forward,Summer,36,66,116.93820666666667,164.60824041666666,-13.970312916666657,-43.76251166666667,-0.29545454545454547,18:00
Murraylink,forward,Summer,37,62,107.75,148.66666666666666,-13.196144583333343,-26.783067916666663,-0.20161290322580644,18:30
Murraylink,forward,Summer,38,64,70.814765,110.39112166666666,-30.24005333333333,-31.281475,-0.203125,19:00
Murraylink,forward,Summer,39,65,57.5,90.83545,-17.930825,-16.824273333333334,-0.16153846153846155,19:30
Murraylink,forward,Summer,40,60,72.65304916666668,96.21785416666667,3.842436666666668,-9.086790833333334,0.06666666666666667,20:00
Murraylink,forward,Summer,41,63,78.5,92.0,11.952963333333335,-3.0,0.047619047619047616,20:30
Murraylink,forward,Summer,42,55,102.5,119.0,1.6666666666666669e-06,4.344126666666668,0.06363636363636363,21:00
Murraylink,forward,Summer,43,60,105.5,117.5,7.506946666666657,4.411481249999998,0.03333333333333333,21:30
Murraylink,forward,Summer,44,62,101.75,115.75,-1.9084816666666597,0.75,0.04032258064516129,22:00
Murraylink,forward,Summer,45,53,114.5,125.83333333333333,-14.166666666666657,-17.464081666666665,0.018867924528301886,22:30
Murraylink,forward,Summer,46,52,108.91666666666666,121.38662416666668,-22.34137916666667,-19.5,0.057692307692307696,23:00
Murraylink,forward,Summer,47,54,110.75,126.25,-34.6747125,-33.04579166666667,0.05555555555555555,23:30
Murraylink,forward,Winter,0,68,13.964534166666667,55.83333333333333,-1.6666666666666667e-06,4.207501666666687,0.0661764705882353,00:00
Murraylink,forward,Winter,1,63,22.389043333333333,78.16666666666667,0.0,0.850565,0.1111111111111111,00:30
Murraylink,forward,Winter,2,58,18.239009166666666,94.05716333333334,1.7306300000000092,8.231804166666667,0.13793103448275862,01:00
Murraylink,forward,Winter,3,59,18.924145000000003,96.17272666666668,0.0,0.0,0.15254237288135594,01:30
Murraylink,forward,Winter,4,60,14.656398333333332,95.63685916666668,0.0,0.0,0.13333333333333333,02:00
Murraylink,forward,Winter,5,59,20.82244833333333,99.5,6.666666666666667e-06,0.03858500000001186,0.13559322033898305,02:30
Murraylink,forward,Winter,6,57,13.11321,82.857035,4.9999999999999996e-06,11.267185000000005,0.14035087719298245,03:00
Murraylink,forward,Winter,7,56,0.75,21.666666666666668,5.625987500000008,12.375987499999994,0.125,03:30
Murraylink,forward,Winter,8,55,1.0,95.83333333333333,12.5,14.480819999999998,0.10909090909090909,04:00
Murraylink,forward,Winter,9,55,2.1435416666666662,86.0,8.280704166666652,13.191555000000001,0.16363636363636364,04:30
Murraylink,forward,Winter,10,57,2.5,84.5,1.9442749999999762,8.642941666666644,0.19298245614035087,05:00
Murraylink,forward,Winter,11,56,0.0,92.0,-4.166666666666667e-06,0.0,0.125,05:30
Murraylink,forward,Winter,12,58,0.8582316666666667,46.97856291666667,-0.4482908333333355,18.613698333333332,0.06896551724137931,06:00
Murraylink,forward,Winter,13,72,12.476218333333334,35.448613333333334,-1.5354766666666606,-3.6150433333333325,0.034722222222222224,06:30
Murraylink,forward,Winter,14,73,0.0,45.16666833333333,-18.16666666666667,0.0,0.03424657534246575,07:00
Murraylink,forward,Winter,15,89,9.479841666666667,0.0,0.5189483333333271,0.0,0.033707865168539325,07:30
Murraylink,forward,Winter,16,91,3.404598333333333,26.80853833333333,-7.4815716666666665,-7.519389999999999,0.0989010989010989,08:00
Murraylink,forward,Winter,17,105,16.5,16.0,0.0,0.0,0.01904761904761905,08:30
Murraylink,forward,Winter,18,115,38.939278333333334,16.493075833333336,5.439494999999994,13.771311666666662,0.11304347826086956,09:00
Murraylink,forward,Winter,19,115,58.333333333333336,37.50000333333333,24.871226666666672,8.949861666666665,0.12608695652173912,09:30
Murraylink,forward,Winter,20,114,61.193355,56.813066666666664,20.990276249999994,2.658995,0.11403508771929824,10:00
Murraylink,forward,Winter,21,107,68.5,33.624249999999996,13.503156666666655,0.0,0.11214953271028037,10:30
Murraylink,forward,Winter,22,100,78.35336833333334,57.83333333333333,14.273833749999994,0.0,0.055,11:00
Murraylink,forward,Winter,23,101,67.5,58.66666666666667,0.5,-2.4987183333333327,-0.0049504950495049506,11:30
Murraylink,forward,Winter,24,107,72.66666666666667,0.0,10.609001666666671,10.609000000000009,0.07009345794392523,12:00
Murraylink,forward,Winter,25,104,56.91938833333334,85.08149333333334,-5.7840016666666685,-11.616175833333337,0.004807692307692308,12:30
Murraylink,forward,Winter,26,99,53.0,112.66666666666667,-37.38999833333334,-31.178463333333326,-0.06565656565656566,13:00
Murraylink,forward,Winter,27,97,54.226146666666665,94.98962666666667,-12.628286666666668,-19.992738333333335,-0.13917525773195877,13:30
Murraylink,forward,Winter,28,97,71.62145833333334,114.09823833333333,-20.900604999999985,-29.390525,-0.16494845360824742,14:00
Murraylink,forward,Winter,29,99,62.38075333333333,114.09823833333333,-15.60587833333335,-33.61732333333332,-0.2828282828282828,14:30
Murraylink,forward,Winter,30,101,76.12932833333333,117.5,-29.720474999999993,-35.455153333333335,-0.21782178217821782,15:00
Murraylink,forward,Winter,31,100,64.09952,118.25,-28.887078333333335,-39.80583,-0.185,15:30
Murraylink,forward,Winter,32,105,72.567155,87.5,-16.835685,-21.68460833333333,-0.06190476190476191,16:00
Murraylink,forward,Winter,33,110,53.7324175,83.62580333333334,0.0,0.28634083333333393,0.08636363636363636,16:30
Murraylink,forward,Winter,34,111,46.85653333333334,46.97803,1.6666666666666669e-06,0.0,0.04054054054054054,17:00
Murraylink,forward,Winter,35,102,37.6395975,62.75,-6.850825000000006,-0.17115166666666667,0.0784313725490196,17:30
Murraylink,forward,Winter,36,83,41.0,84.5,-10.5,-6.044198333333334,0.12048192771084337,18:00
Murraylink,forward,Winter,37,81,80.99440166666666,89.29279833333334,-4.557871666666671,-12.0,0.08641975308641975,18:30
Murraylink,forward,Winter,38,80,81.66666666666667,95.0,-18.510309999999997,-17.900788333333338,-0.04375,19:00
Murraylink,forward,Winter,39,79,72.33333333333333,91.0,-10.5,-18.96920833333333,0.012658227848101266,19:30
Murraylink,forward,Winter,40,75,60.17706666666667,93.75,-11.277878333333334,-19.5,0.013333333333333334,20:00
Murraylink,forward,Winter,41,66,45.989909999999995,96.83333333333333,-25.5,-15.678085833333334,0.015151515151515152,20:30
Murraylink,forward,Winter,42,66,45.30714333333333,90.5,-26.618868333333324,-22.662953333333334,0.03787878787878788,21:00
Murraylink,forward,Winter,43,63,32.687785,89.52447833333333,-5.161651666666671,-13.450739166666667,0.11904761904761904,21:30
Murraylink,forward,Winter,44,61,34.666666666666664,89.52447833333333,-8.88970333333333,-13.450739166666667,0.07377049180327869,22:00
Murraylink,forward,Winter,45,61,32.81075666666667,95.0,-1.0660741666667093,-1.5406450000000005,0.09016393442622951,22:30
Murraylink,forward,Winter,46,65,13.5,4.333333333333333,5e-06,9.377962499999995,0.15384615384615385,23:00
Murraylink,forward,Winter,47,66,16.844735,61.83333333333333,-14.675414166666656,0.0,0.06060606060606061,23:30
Murraylink,reverse,Autumn,0,108,25.0,27.583333333333336,-9.0,-10.594965833333333,-0.10185185185185185,00:00
Murraylink,reverse,Autumn,1,106,10.166666666666668,26.0,-7.794730000000001,-9.583425833333333,-0.02830188679245283,00:30
Murraylink,reverse,Autumn,2,105,9.5,14.509678333333332,-6.0,-9.603876666666665,-0.01904761904761905,01:00
Murraylink,reverse,Autumn,3,104,12.75,18.37445,-13.440495833333333,-18.968458333333334,-0.04807692307692308,01:30
Murraylink,reverse,Autumn,4,102,16.5,35.00550666666667,-23.16666666666667,-12.240544166666666,-0.0784313725490196,02:00
Murraylink,reverse,Autumn,5,101,17.0,8.0,-3.5548333333333346,-9.403525000000002,-0.06930693069306931,02:30
Murraylink,reverse,Autumn,6,99,17.0,17.0,-1.207195000000013,-1.3044199999999933,-0.06060606060606061,03:00
Murraylink,reverse,Autumn,7,98,26.75,7.8246641666666665,2.80498750000001,-5.824872083333336,-0.11224489795918367,03:30
Murraylink,reverse,Autumn,8,97,30.5,11.333333333333334,-0.9430466666666746,-7.402221666666691,-0.08247422680412371,04:00
Murraylink,reverse,Autumn,9,100,26.0,15.5,-2.3149858333333384,-5.594235833333343,-0.1,04:30
Murraylink,reverse,Autumn,10,102,30.416666666666664,17.0,0.5419012499999907,-3.0546645833333343,-0.06372549019607843,05:00
Murraylink,reverse,Autumn,11,105,17.0,12.333333333333334,2.083333333333334,1.3054583333333483,-0.06666666666666667,05:30
Murraylink,reverse,Autumn,12,110,36.25,36.5,-11.416666666666668,-9.444762499999996,-0.09545454545454546,06:00
Murraylink,reverse,Autumn,13,130,39.166666666666664,35.0,4.833333333333332,6.407525000000003,-0.038461538461538464,06:30
Murraylink,reverse,Autumn,14,137,45.666666666666664,42.5,5.166666666666664,3.018671666666666,-0.058394160583941604,07:00
Murraylink,reverse,Autumn,15,154,27.333333333333332,28.916666666666668,-8.937290833333329,-2.7898983333333334,-0.01948051948051948,07:30
Murraylink,reverse,Autumn,16,165,6.811373333333336,18.165368333333333,0.0,2.4963966666666693,-0.04242424242424243,08:00
Murraylink,reverse,Autumn,17,168,-4.482933333333333,-2.58484,19.658704999999998,11.868518333333355,-0.03273809523809524,08:30
Murraylink,reverse,Autumn,18,152,-22.60494,-54.020867499999994,12.870859999999993,9.957643333333326,-0.05263157894736842,09:00
Murraylink,reverse,Autumn,19,152,-15.960581666666666,-29.150222499999998,4.57968666666666,4.816222500000009,0.003289473684210526,09:30
Murraylink,reverse,Autumn,20,172,-1.0,-5e-06,6.526252500000005,6.069457500000004,0.01744186046511628,10:00
Murraylink,reverse,Autumn,21,167,-9.333333333333334,-5.333336666666668,8.110383333333317,3.9966899999999987,0.03592814371257485,10:30
Murraylink,reverse,Autumn,22,161,-13.0,-14.800311666666666,8.683928333333313,7.496664999999997,0.043478260869565216,11:00
Murraylink,reverse,Autumn,23,165,-28.161848333333335,-23.965078333333334,3.6460199999999645,6.671189999999996,0.012121212121212121,11:30
Murraylink,reverse,Autumn,24,165,-1.6666666666666669e-06,-29.847585,7.820491666666669,6.024633333333327,0.024242424242424242,12:00
Murraylink,reverse,Autumn,25,163,-5.5,0.0,3.9641750000000116,1.0146183333333454,-0.0950920245398773,12:30
Murraylink,reverse,Autumn,26,159,-16.644628333333333,-5.5,9.41553833333333,3.0,-0.07861635220125786,13:00
Murraylink,reverse,Autumn,27,155,4.500005000000001,0.0,9.5,6.494328333333328,-0.054838709677419356,13:30
Murraylink,reverse,Autumn,28,154,19.333333333333332,7.42057125,1.0,7.246256666666669,-0.01948051948051948,14:00
Murraylink,reverse,Autumn,29,153,23.5,4.271458333333333,-0.2654666666666401,8.241576666666674,-0.049019607843137254,14:30
Murraylink,reverse,Autumn,30,156,15.333333333333332,43.416666666666664,-0.07320500000000363,0.75,-0.10256410256410256,15:00
Murraylink,reverse,Autumn,31,163,-0.8333333333333334,1.6666666666666667,4.85237833333332,-7.245730000000009,-0.049079754601226995,15:30
Murraylink,reverse,Autumn,32,159,-4.5,-3.3333333333333337e-06,14.666666666666664,5.25,-0.040880503144654086,16:00
Murraylink,reverse,Autumn,33,155,21.833333333333332,16.54450333333333,3.0,-2.285721666666646,-0.03225806451612903,16:30
Murraylink,reverse,Autumn,34,154,35.75,35.166666666666664,-3.9808375,-4.2854208333333315,-0.025974025974025976,17:00
Murraylink,reverse,Autumn,35,127,42.314365,41.704951666666666,3.0,-0.2205683333333326,-0.047244094488188976,17:30
Murraylink,reverse,Autumn,36,124,38.404314166666666,53.0,-9.882057083333333,-4.794497500000004,-0.020161290322580645,18:00
Murraylink,reverse,Autumn,37,120,34.25,39.0,-3.4270937500000045,-0.3885141666666687,-0.10833333333333334,18:30
Murraylink,reverse,Autumn,38,113,27.5,37.833333333333336,-18.021985,-2.284091666666665,-0.13716814159292035,19:00
Murraylink,reverse,Autumn,39,104,34.75,35.66666666666667,-4.5,-2.8510616666666664,-0.0673076923076923,19:30
Murraylink,reverse,Autumn,40,98,34.500005,28.25,-7.666666666666668,-7.848553333333333,-0.05102040816326531,20:00
Murraylink,reverse,Autumn,41,101,32.666666666666664,27.5,1.6666666666666643,-0.964023333333337,0.0,20:30
Murraylink,reverse,Autumn,42,106,27.5,20.0,0.0,1.6495300000000004,-0.05660377358490566,21:00
Murraylink,reverse,Autumn,43,103,27.5,14.333333333333334,6.166666666666664,1.9617599999999982,-0.05825242718446602,21:30
Murraylink,reverse,Autumn,44,108,16.583333333333332,26.0,-2.580697499999985,0.14309333333333285,-0.0787037037037037,22:00
Murraylink,reverse,Autumn,45,102,32.166666666666664,33.5,-9.000000000000004,-9.119380416666669,-0.03431372549019608,22:30
Murraylink,reverse,Autumn,46,101,30.833333333333332,29.166666666666668,-5.333333333333329,-6.707755000000001,-0.06930693069306931,23:00
Murraylink,reverse,Autumn,47,105,30.170576666666665,28.833333333333332,-12.333333333333334,-8.192658333333334,-0.02857142857142857,23:30
Murraylink,reverse,Spring,0,77,47.0,56.833333333333336,-3.8333333333333357,0.29988666666666575,0.06493506493506493,00:00
Murraylink,reverse,Spring,1,84,44.831893333333326,50.70833333333333,0.24999999999999467,5.310427500000003,0.09523809523809523,00:30
Murraylink,reverse,Spring,2,71,32.833333333333336,39.166666666666664,4.5,6.0,0.09859154929577464,01:00
Murraylink,reverse,Spring,3,68,27.833333333333336,36.83333333333333,9.333333333333336,17.153160000000028,0.11764705882352941,01:30
Murraylink,reverse,Spring,4,66,31.5,44.6117625,-2.25,-3.8811199999999992,0.022727272727272728,02:00
Murraylink,reverse,Spring,5,65,40.0,40.0,0.9549883333333185,0.9549883333333469,0.015384615384615385,02:30
Murraylink,reverse,Spring,6,63,35.0,47.0,-3.293025,-3.2930233333333376,0.023809523809523808,03:00
Murraylink,reverse,Spring,7,63,42.5,60.5,-4.411855000000003,-6.0,-0.031746031746031744,03:30
Murraylink,reverse,Spring,8,62,46.91666666666667,53.75,-5.75,-5.70295333333333,0.0,04:00
Murraylink,reverse,Spring,9,64,49.5,48.5,0.0,-0.08368000000001174,-0.0625,04:30
Murraylink,reverse,Spring,10,64,53.0,51.5,0.16666666666666785,0.0,-0.0625,05:00
Murraylink,reverse,Spring,11,68,55.25,47.41666666666667,5.416666666666664,1.7933783333333366,-0.022058823529411766,05:30
Murraylink,reverse,Spring,12,83,43.166666666666664,44.166666666666664,-2.2751683333333403,-0.06714833333333559,0.04216867469879518,06:00
Murraylink,reverse,Spring,13,113,41.666666666666664,22.666666666666668,3.0321333333333342,4.5,0.008849557522123894,06:30
Murraylink,reverse,Spring,14,119,5.083331666666667,0.0,0.0,2.239935,0.07142857142857142,07:00
Murraylink,reverse,Spring,15,137,-76.75274,-44.583555000000004,-9.350435000000004,-5.570721666666685,-0.0036496350364963502,07:30
Murraylink,reverse,Spring,16,131,-125.46139666666666,-64.22889583333333,-4.791387500000013,-3.398173333333318,0.0,08:00
Murraylink,reverse,Spring,17,131,-117.77847166666668,-37.666671666666666,-0.6083833333333359,-4.077521666666666,-0.015267175572519083,08:30
Murraylink,reverse,Spring,18,132,-85.25,-67.1993075,-4.436880416666654,0.0,-0.007575757575757576,09:00
Murraylink,reverse,Spring,19,128,-119.74407833333333,-75.16666666666667,-2.8426458333333358,0.0,0.00390625,09:30
Murraylink,reverse,Spring,20,128,-110.90745,-79.36807166666667,-12.638198333333335,-3.4338941666666614,0.015625,10:00
Murraylink,reverse,Spring,21,130,-95.80316250000001,-94.71031833333332,-9.43341749999999,-3.3614629166666585,-0.05,10:30
Murraylink,reverse,Spring,22,127,-114.52820666666666,-90.83333333333333,-10.622756666666646,-6.037994999999995,-0.06692913385826772,11:00
Murraylink,reverse,Spring,23,122,-106.74988166666667,-86.90445374999999,-11.423439166666668,-7.2726325000000145,-0.07377049180327869,11:30
Murraylink,reverse,Spring,24,124,-95.078305,-86.16666666666666,-5.2290233333333305,-7.404384166666674,-0.08064516129032258,12:00
Murraylink,reverse,Spring,25,127,-101.25715166666667,-89.5,-1.6666666666666669e-06,-2.1727033333333168,0.003937007874015748,12:30
Murraylink,reverse,Spring,26,130,-100.16978999999999,-72.0949875,-12.591575000000006,-9.254155416666677,-0.08846153846153847,13:00
Murraylink,reverse,Spring,27,129,-96.18604666666666,-77.83333333333333,-3.594111666666663,-4.935729999999978,-0.023255813953488372,13:30
Murraylink,reverse,Spring,28,127,-103.28824166666668,-93.679985,-2.557530833333317,-5.676313333333354,-0.007874015748031496,14:00
Murraylink,reverse,Spring,29,124,-114.33127166666668,-87.0,-1.4333158333333351,-5.854190833333334,-0.04435483870967742,14:30
Murraylink,reverse,Spring,30,136,-119.603945,-90.89133749999999,-10.807472499999996,-6.837299166666668,0.0,15:00
Murraylink,reverse,Spring,31,130,-108.93440083333334,-100.675315,-5.3690983333333335,-4.664233333333357,-0.011538461538461539,15:30
Murraylink,reverse,Spring,32,128,-122.23746833333334,-88.21436833333333,-4.860383333333342,-3.3150058333333305,0.00390625,16:00
Murraylink,reverse,Spring,33,117,-103.27351833333334,-53.936369166666665,-11.437794999999994,-15.40747166666668,-0.008547008547008548,16:30
Murraylink,reverse,Spring,34,107,-94.13285333333333,-3.152391666666668,-6.587636666666668,-11.648835000000002,0.028037383177570093,17:00
Murraylink,reverse,Spring,35,86,-1.2319691666666668,38.0,-8.411313333333332,-11.153656666666667,0.11627906976744186,17:30
Murraylink,reverse,Spring,36,79,58.84429166666666,44.0,11.330685000000003,18.7869,0.12658227848101267,18:00
Murraylink,reverse,Spring,37,77,56.0,48.5,11.833249999999992,15.0,0.09740259740259741,18:30
Murraylink,reverse,Spring,38,76,50.66666666666667,54.666665,0.16666666666666785,1.637136666666667,0.039473684210526314,19:00
Murraylink,reverse,Spring,39,72,52.166666666666664,40.208333333333336,8.749999999999998,10.062769583333335,0.05555555555555555,19:30
Murraylink,reverse,Spring,40,75,50.0,47.0,4.5,2.5772333333333335,0.02,20:00
Murraylink,reverse,Spring,41,80,46.75,44.0,5.416666666666668,4.272824166666664,0.04375,20:30
Murraylink,reverse,Spring,42,78,41.25,38.666666666666664,5.25,3.0,0.00641025641025641,21:00
Murraylink,reverse,Spring,43,76,42.916666666666664,45.66666666666667,4.041666666666664,5.365455000000001,0.013157894736842105,21:30
Murraylink,reverse,Spring,44,72,45.16666666666667,45.16666666666667,7.333333333333334,7.193230833333333,0.0,22:00
Murraylink,reverse,Spring,45,71,44.0,44.0,-2.6322833333333335,12.815681666666677,0.02112676056338028,22:30
Murraylink,reverse,Spring,46,76,45.08333333333333,55.16666666666667,-4.999999999999999,0.630251249999997,0.039473684210526314,23:00
Murraylink,reverse,Spring,47,72,47.83333333333333,62.75,-5.916666666666664,-1.3458475000000005,0.04861111111111111,23:30
Murraylink,reverse,Summer,0,59,36.666666666666664,27.5,14.25,15.0,0.0423728813559322,00:00
Murraylink,reverse,Summer,1,63,44.0,23.0,22.833333333333336,32.746026666666666,0.03968253968253968,00:30
Murraylink,reverse,Summer,2,56,33.666666666666664,9.5,19.166666666666668,23.8587525,0.0,01:00
Murraylink,reverse,Summer,3,56,35.5,28.25,10.576535833333335,9.111557500000004,-0.03571428571428571,01:30
Murraylink,reverse,Summer,4,54,40.33333333333333,17.0,14.329388333333341,16.574259166666657,0.0,02:00
Murraylink,reverse,Summer,5,51,42.833333333333336,30.5,14.000000000000007,11.071565,0.0392156862745098,02:30
Murraylink,reverse,Summer,6,51,41.166666666666664,26.0,22.267854999999997,29.06523333333333,0.0196078431372549,03:00
Murraylink,reverse,Summer,7,52,42.833333333333336,27.166666666666664,18.583333333333336,18.28010833333333,0.0,03:30
Murraylink,reverse,Summer,8,53,44.666666666666664,16.833333333333332,15.0,18.272311666666667,0.018867924528301886,04:00
Murraylink,reverse,Summer,9,55,44.0,33.5,17.333333333333332,17.508446666666664,-0.01818181818181818,04:30
Murraylink,reverse,Summer,10,56,48.666666666666664,32.0,9.0,9.375,-0.03571428571428571,05:00
Murraylink,reverse,Summer,11,53,51.5,28.5,20.179676666666666,15.75,-0.018867924528301886,05:30
Murraylink,reverse,Summer,12,55,47.666666666666664,23.0,31.5,19.5,0.03636363636363636,06:00
Murraylink,reverse,Summer,13,62,22.19967916666667,6.5,21.583332500000004,13.66293,0.0,06:30
Murraylink,reverse,Summer,14,67,-22.022023333333333,-45.52838,10.833333333333332,10.744419999999998,0.014925373134328358,07:00
Murraylink,reverse,Summer,15,68,-48.166673333333335,-147.627675,19.930316666666663,8.809570416666674,0.029411764705882353,07:30
Murraylink,reverse,Summer,16,65,-105.83333333333333,-172.46084166666665,11.448546666666658,9.957193333333322,0.0,08:00
Murraylink,reverse,Summer,17,64,-161.53562166666666,-170.65223708333332,10.756026250000005,9.304123333333337,0.078125,08:30
Murraylink,reverse,Summer,18,60,-167.55903083333334,-165.51712583333335,2.0365441666666726,-0.40172083333334285,0.016666666666666666,09:00
Murraylink,reverse,Summer,19,63,-161.67773166666666,-163.27711333333335,1.614908333333318,2.4323550000000296,0.07142857142857142,09:30
Murraylink,reverse,Summer,20,64,-154.28511666666665,-159.53374666666664,6.470915000000005,7.094812499999989,0.03125,10:00
Murraylink,reverse,Summer,21,66,-143.26141916666666,-154.0899925,-0.19836166666667054,-0.08599416666667992,0.045454545454545456,10:30
Murraylink,reverse,Summer,22,68,-136.082945,-155.06973333333335,6.381453333333312,5.424342500000009,0.04411764705882353,11:00
Murraylink,reverse,Summer,23,66,-149.82392583333333,-151.34934916666668,6.6666666711512335e-06,0.0,0.030303030303030304,11:30
Murraylink,reverse,Summer,24,66,-147.6207775,-148.99777166666667,0.16138750000000712,0.1614016666666629,0.015151515151515152,12:00
Murraylink,reverse,Summer,25,66,-143.16643000000002,-147.58747666666665,1.9680383333333253,3.2458766666666747,0.0,12:30
Murraylink,reverse,Summer,26,72,-130.564,-142.80864,-0.525003333333331,2.9828825000000023,0.05555555555555555,13:00
Murraylink,reverse,Summer,27,75,-118.20172500000001,-143.93232833333334,18.774652499999974,12.382958333333335,0.05333333333333334,13:30
Murraylink,reverse,Summer,28,75,-122.04191833333334,-147.87405833333332,12.666666666666666,5.712986666666666,0.05333333333333334,14:00
Murraylink,reverse,Summer,29,75,-114.63897166666668,-149.37879833333332,20.483951666666655,9.732229999999987,0.013333333333333334,14:30
Murraylink,reverse,Summer,30,76,-132.80404416666664,-143.61965333333333,6.152646666666669,6.548976666666675,0.05263157894736842,15:00
Murraylink,reverse,Summer,31,69,-118.75292666666667,-154.27098833333335,16.247081666666674,15.567391666666666,0.07246376811594203,15:30
Murraylink,reverse,Summer,32,69,-92.69024666666667,-152.79793166666667,42.26494166666666,39.06704500000001,0.007246376811594203,16:00
Murraylink,reverse,Summer,33,67,-110.0,-156.90816833333335,37.19674500000001,27.417231666666666,0.014925373134328358,16:30
Murraylink,reverse,Summer,34,70,-106.02890333333335,-158.31980416666667,45.83737416666665,33.495079583333336,0.05714285714285714,17:00
Murraylink,reverse,Summer,35,66,-86.50357916666667,-153.33473916666668,20.42422958333333,12.355888333333318,0.030303030303030304,17:30
Murraylink,reverse,Summer,36,67,-36.437311666666666,-130.91244749999998,65.00494,41.511518333333335,0.05970149253731343,18:00
Murraylink,reverse,Summer,37,63,0.0,-102.13169833333332,54.97373416666667,27.81256833333333,0.015873015873015872,18:30
Murraylink,reverse,Summer,38,63,21.5,0.0,34.83404000000001,31.128456666666658,0.031746031746031744,19:00
Murraylink,reverse,Summer,39,62,56.75,10.916666666666668,25.894470416666667,14.796822083333335,0.08064516129032258,19:30
Murraylink,reverse,Summer,40,55,47.0,38.0,24.5,14.39461166666667,0.05454545454545454,20:00
Murraylink,reverse,Summer,41,58,44.0,33.33333333333333,10.5,7.3525575,0.06896551724137931,20:30
Murraylink,reverse,Summer,42,52,32.25,23.416666666666664,-3.3333333333333357,2.574469166666667,0.038461538461538464,21:00
Murraylink,reverse,Summer,43,57,39.0,21.5,8.833333333333332,-1.2315400000000007,0.017543859649122806,21:30
Murraylink,reverse,Summer,44,59,40.833333333333336,21.333333333333332,6.0,4.259531666666668,0.01694915254237288,22:00
Murraylink,reverse,Summer,45,56,37.16666666666667,26.0,12.301600833333334,12.27642125000002,0.017857142857142856,22:30
Murraylink,reverse,Summer,46,55,42.5,25.833333333333332,22.83333333333333,21.0,-0.02727272727272727,23:00
Murraylink,reverse,Summer,47,57,45.5,31.25,31.082265000000007,31.082265000000007,-0.03508771929824561,23:30
Murraylink,reverse,Winter,0,68,0.0,0.0,-2.667945833333339,-3.9864508333333344,0.0661764705882353,00:00
Murraylink,reverse,Winter,1,63,0.0,0.0,0.0,-0.850565,0.09523809523809523,00:30
Murraylink,reverse,Winter,2,58,4.0,22.0,-12.301381249999999,-6.908129166666666,-0.034482758620689655,01:00
Murraylink,reverse,Winter,3,59,5.0,20.0,0.0,0.0,0.01694915254237288,01:30
Murraylink,reverse,Winter,4,60,10.416666666666666,9.916671666666666,0.0,0.0,-0.05,02:00
Murraylink,reverse,Winter,5,59,13.833333333333334,0.0,0.0,-0.03858500000001186,-0.05084745762711865,02:30
Murraylink,reverse,Winter,6,57,17.166666666666668,0.0,-1.0,-11.267185000000005,0.0,03:00
Murraylink,reverse,Winter,7,56,7.25,0.0,0.0,-12.375987499999994,-0.017857142857142856,03:30
Murraylink,reverse,Winter,8,55,27.833333333333332,0.0,0.0,-14.480819999999998,0.03636363636363636,04:00
Murraylink,reverse,Winter,9,55,21.0,0.0,0.0,-13.191555000000001,-0.01818181818181818,04:30
Murraylink,reverse,Winter,10,57,17.666666666666668,32.0,-20.166666666666668,-8.642941666666644,0.0,05:00
Murraylink,reverse,Winter,11,56,16.416666666666668,32.0,-0.6161833333333391,0.0,-0.026785714285714284,05:30
Murraylink,reverse,Winter,12,58,24.916666666666664,33.91666666666667,-20.232407500000008,-30.447807083333334,-0.034482758620689655,06:00
Murraylink,reverse,Winter,13,74,46.08333333333333,24.583331666666666,0.0,4.893314166666666,-0.04054054054054054,06:30
Murraylink,reverse,Winter,14,74,66.83333333333333,56.12337,0.010416666666666519,0.7702149999999932,-0.02702702702702703,07:00
Murraylink,reverse,Winter,15,93,69.33333333333333,62.0,5.833333333333336,0.0,-0.07526881720430108,07:30
Murraylink,reverse,Winter,16,95,66.83333333333333,44.333333333333336,9.068336666666681,2.167596666666668,0.08421052631578947,08:00
Murraylink,reverse,Winter,17,109,36.671935,11.508006666666667,0.0,0.0,0.045871559633027525,08:30
Murraylink,reverse,Winter,18,119,0.0,0.0,-11.333333333333329,-22.726991666666663,-0.046218487394957986,09:00
Murraylink,reverse,Winter,19,119,0.0,0.0,1.0000133333333328,-4.2804133333333425,-0.04201680672268908,09:30
Murraylink,reverse,Winter,20,118,0.0,0.0,6.580611666666664,-2.658995,-0.012711864406779662,10:00
Murraylink,reverse,Winter,21,111,0.0,0.0,0.0,0.0,0.009009009009009009,10:30
Murraylink,reverse,Winter,22,104,-1.6666666666666669e-06,0.0,0.0,2.535938333333334,-0.009615384615384616,11:00
Murraylink,reverse,Winter,23,105,6.116263333333333,0.0,8.740446666666665,2.4987183333333327,-0.009523809523809525,11:30
Murraylink,reverse,Winter,24,111,0.0,0.0,-19.0,-10.609000000000009,0.0045045045045045045,12:00
Murraylink,reverse,Winter,25,107,0.0,0.0,3.3333333333333337e-06,21.660621666666668,0.0,12:30
Murraylink,reverse,Winter,26,101,0.0,-26.2144,0.0,31.178463333333326,0.11386138613861387,13:00
Murraylink,reverse,Winter,27,100,0.0,-3.3333333333333337e-06,0.0,9.586206666666667,0.05,13:30
Murraylink,reverse,Winter,28,100,0.0,-8.333333333333334e-07,4.9999999965856055e-06,12.628278333333334,0.03,14:00
Murraylink,reverse,Winter,29,102,0.0,-14.6940825,0.0,18.37880124999998,0.0392156862745098,14:30
Murraylink,reverse,Winter,30,104,0.0,-28.052805,21.33353,17.13214916666668,0.057692307692307696,15:00
Murraylink,reverse,Winter,31,103,0.0,-30.5,32.626485,29.11918000000003,0.10194174757281553,15:30
Murraylink,reverse,Winter,32,108,0.16666666666666666,0.0,4.007638333333334,10.275936666666666,0.07407407407407407,16:00
Murraylink,reverse,Winter,33,114,21.896711666666665,26.125,-1.324883333333334,-1.0994591666666667,0.017543859649122806,16:30
Murraylink,reverse,Winter,34,114,50.833333333333336,53.041666666666664,0.3813249999999918,0.38132583333333514,0.05263157894736842,17:00
Murraylink,reverse,Winter,35,105,59.537371666666665,66.5,0.0,0.0,-0.009523809523809525,17:30
Murraylink,reverse,Winter,36,85,50.833333333333336,62.499008333333336,-11.904141666666668,0.32369500000001494,-0.0058823529411764705,18:00
Murraylink,reverse,Winter,37,83,37.0,63.5,-11.690715000000004,0.2879700000000014,0.03614457831325301,18:30
Murraylink,reverse,Winter,38,82,36.0,38.0,-6.040483333333331,16.400788333333338,0.012195121951219513,19:00
Murraylink,reverse,Winter,39,79,42.5,35.0,0.0,12.760116666666665,0.05063291139240506,19:30
Murraylink,reverse,Winter,40,75,35.0,33.5,0.0,19.49970833333333,0.05333333333333334,20:00
Murraylink,reverse,Winter,41,66,37.41666666666667,35.0,2.8672558333333384,19.591071666666668,0.045454545454545456,20:30
Murraylink,reverse,Winter,42,66,39.5,26.416666666666664,0.75,14.054515,0.030303030303030304,21:00
Murraylink,reverse,Winter,43,63,20.0,20.333338333333334,0.0,13.450739166666667,0.07142857142857142,21:30
Murraylink,reverse,Winter,44,61,3.6666666666666665,21.833333333333332,0.0,3.611265,0.040983606557377046,22:00
Murraylink,reverse,Winter,45,61,11.0,35.0,-0.08940083333331472,-2.7744983333333333,0.08196721311475409,22:30
Murraylink,reverse,Winter,46,65,10.666666666666666,41.0,-13.315901666666676,0.0,0.023076923076923078,23:00
Murraylink,reverse,Winter,47,66,12.916666666666666,0.0,-6.171213333333334,-12.271367500000002,0.045454545454545456,23:30
QNI,forward,Autumn,0,73,71.016205,610.4309933333333,-452.3214916666667,45.31442333333328,-0.0547945205479452,00:00
QNI,forward,Autumn,1,73,65.61205333333334,577.9303466666667,-405.07334333333336,-59.047274999999985,0.04794520547945205,00:30
QNI,forward,Autumn,2,73,79.59313333333334,576.5844566666666,-345.3031666666667,-45.58069499999999,0.06164383561643835,01:00
QNI,forward,Autumn,3,73,90.56013333333334,577.9303466666667,-413.13823833333333,-27.821304999999995,0.04794520547945205,01:30
QNI,forward,Autumn,4,73,68.7114,570.1362166666667,-411.322705,-11.89293166666667,0.0684931506849315,02:00
QNI,forward,Autumn,5,73,79.98082666666666,587.4437558333333,-402.05850166666664,16.7415666666667,0.06164383561643835,02:30
QNI,forward,Autumn,6,73,78.43784666666666,585.5860333333334,-391.4989933333334,44.67815333333334,0.0410958904109589,03:00
QNI,forward,Autumn,7,74,70.46588750000001,579.57633,-403.07302416666664,-73.58452416666665,0.06756756756756757,03:30
QNI,forward,Autumn,8,75,76.59223,597.4356516666667,-387.202055,-35.76373166666667,0.05333333333333334,04:00
QNI,forward,Autumn,9,70,79.70997916666666,617.1372966666667,-459.1513775,69.3088275,0.02857142857142857,04:30
QNI,forward,Autumn,10,70,65.96643583333334,626.48586125,-398.1894858333334,22.791127500000016,0.02857142857142857,05:00
QNI,forward,Autumn,11,73,67.34665666666666,614.6500649999999,-349.8528616666667,45.07242666666667,0.0547945205479452,05:30
QNI,forward,Autumn,12,79,63.851078333333334,553.9401633333333,-336.56573166666664,30.348636666666668,0.0189873417721519,06:00
QNI,forward,Autumn,13,91,91.78590166666667,522.3903991666666,-202.02831833333335,69.49837666666667,0.03296703296703297,06:30
QNI,forward,Autumn,14,96,57.99873583333333,472.9996716666667,-285.08927916666664,-13.164244166666684,0.005208333333333333,07:00
QNI,forward,Autumn,15,100,70.43299333333334,592.7550083333333,-298.24227916666666,103.60023916666671,0.01,07:30
QNI,forward,Autumn,16,102,106.54804416666667,683.4435416666666,-451.7578666666667,146.43202833333334,0.0,08:00
QNI,forward,Autumn,17,96,123.9235975,677.6032254166666,-390.4576341666667,119.13006833333336,0.005208333333333333,08:30
QNI,forward,Autumn,18,99,129.40690833333335,622.3283766666667,-322.6280766666667,93.72250166666669,-0.005050505050505051,09:00
QNI,forward,Autumn,19,103,133.71202,532.0815666666666,-176.108155,29.38864833333332,-0.019417475728155338,09:30
QNI,forward,Autumn,20,103,123.36503666666665,687.91478,-298.91767333333325,40.47719083333345,-0.0048543689320388345,10:00
QNI,forward,Autumn,21,102,144.4645283333333,705.1065570833334,-358.02634208333336,57.651849166666636,-0.00980392156862745,10:30
QNI,forward,Autumn,22,107,127.16019166666666,705.4767483333334,-179.42181499999998,80.87814666666662,0.009345794392523364,11:00
QNI,forward,Autumn,23,109,137.48122,695.9364099999999,-153.06845499999997,53.10254166666675,-0.009174311926605505,11:30
QNI,forward,Autumn,24,109,159.534245,695.9364099999999,-174.88619999999997,3.575088333333383,0.05504587155963303,12:00
QNI,forward,Autumn,25,108,149.43365666666665,791.5182333333335,-251.48410958333332,-42.535135000000054,0.046296296296296294,12:30
QNI,forward,Autumn,26,105,157.66997666666666,804.2858883333333,-500.0336166666667,-24.550106666666693,0.009523809523809525,13:00
QNI,forward,Autumn,27,103,152.47523166666667,767.5584783333334,-318.54243999999994,50.00087166666674,0.0,13:30
QNI,forward,Autumn,28,103,151.935,709.7076933333333,-275.5269366666667,26.91813833333333,0.02912621359223301,14:00
QNI,forward,Autumn,29,106,151.12268,748.6739299999999,-291.1354716666666,24.371182916666672,0.03773584905660377,14:30
QNI,forward,Autumn,30,105,148.77039,753.6737633333335,-324.08815666666663,78.78033000000005,0.02857142857142857,15:00
QNI,forward,Autumn,31,102,152.23554916666666,718.0820820833333,-423.27016499999996,68.24667833333335,0.0196078431372549,15:30
QNI,forward,Autumn,32,100,129.80947583333332,661.5995483333334,-353.1487625,38.96911249999998,0.06,16:00
QNI,forward,Autumn,33,94,89.8790975,577.8685866666667,-395.69473416666665,-63.76914750000002,0.005319148936170213,16:30
QNI,forward,Autumn,34,87,96.71345166666667,562.1850058333333,-360.5250358333333,-84.70112999999998,0.022988505747126436,17:00
QNI,forward,Autumn,35,79,46.409596666666665,532.4598566666667,-435.7450850000001,-103.06722333333337,0.0379746835443038,17:30
QNI,forward,Autumn,36,76,58.59245416666667,496.2441962500001,-431.28224833333337,-79.88383916666662,0.039473684210526314,18:00
QNI,forward,Autumn,37,72,28.83006166666667,513.7687125,-458.75294875,-8.237054166666653,0.020833333333333332,18:30
QNI,forward,Autumn,38,73,41.645445,538.9831583333333,-457.53135833333334,63.04529333333335,0.0410958904109589,19:00
QNI,forward,Autumn,39,73,61.92104333333333,564.3765033333333,-431.84303666666665,58.391005,0.0273972602739726,19:30
QNI,forward,Autumn,40,74,75.44632833333333,535.3760516666666,-412.197455,56.69260416666663,0.033783783783783786,20:00
QNI,forward,Autumn,41,75,74.98651666666666,495.63699833333334,-389.77850166666667,41.78055833333326,0.05333333333333334,20:30
QNI,forward,Autumn,42,75,73.21216,495.63699833333334,-390.8130933333333,6.415361666666669,0.02666666666666667,21:00
QNI,forward,Autumn,43,75,71.68987333333332,581.2603416666667,-392.85490666666664,-13.454369999999983,0.0,21:30
QNI,forward,Autumn,44,75,68.16631333333333,587.2907,-421.5830916666667,-29.888075000000015,0.0,22:00
QNI,forward,Autumn,45,73,68.77525333333334,588.1013366666667,-427.58899833333334,41.49338666666665,0.0136986301369863,22:30
QNI,forward,Autumn,46,73,65.83132666666667,582.669955,-429.48471000000006,22.529336666666723,0.0,23:00
QNI,forward,Autumn,47,73,70.51121333333333,585.702635,-388.56832,22.224153333333334,-0.0410958904109589,23:30
QNI,forward,Spring,0,113,76.554105,284.121445,-149.25459666666666,24.254063333333306,0.04424778761061947,00:00
QNI,forward,Spring,1,116,72.227805,307.7567466666667,-124.66439916666667,21.264845000000008,-0.004310344827586207,00:30
QNI,forward,Spring,2,112,44.091453333333334,324.18486333333334,-175.86547666666667,21.0,0.017857142857142856,01:00
QNI,forward,Spring,3,114,53.97908583333333,324.3489879166666,-195.10891916666668,6.636563333333356,0.05263157894736842,01:30
QNI,forward,Spring,4,115,59.985375,321.14009166666665,-177.12281666666667,-8.473880000000008,0.09565217391304348,02:00
QNI,forward,Spring,5,116,59.36846916666667,329.75640500000003,-198.25619416666666,-6.037102500000003,0.08189655172413793,02:30
QNI,forward,Spring,6,114,81.11017833333334,351.47008833333336,-244.07276916666666,5.151204166666666,0.07017543859649122,03:00
QNI,forward,Spring,7,111,83.44336166666666,362.203505,-243.70932833333336,-25.90397333333331,0.02702702702702703,03:30
QNI,forward,Spring,8,112,76.75120416666667,353.7646158333333,-247.4603808333333,4.089054166666699,0.044642857142857144,04:00
QNI,forward,Spring,9,111,68.10748833333334,328.85563333333334,-227.72312999999997,10.590138333333334,0.009009009009009009,04:30
QNI,forward,Spring,10,116,60.205776666666665,307.5632604166667,-176.64998166666672,17.096342500000006,0.0,05:00
QNI,forward,Spring,11,128,56.96351083333334,288.77279541666667,-142.95163000000002,28.564004166666663,0.01953125,05:30
QNI,forward,Spring,12,128,46.023073333333336,291.6091520833333,-181.3189058333333,7.021545833333349,0.01953125,06:00
QNI,forward,Spring,13,139,80.75893666666667,341.15034333333335,-188.10876583333334,63.172551666666635,-0.02877697841726619,06:30
QNI,forward,Spring,14,146,136.01504500000001,341.15034333333335,-171.78999833333336,36.81549083333334,0.02054794520547945,07:00
QNI,forward,Spring,15,147,151.96443166666668,341.15034333333335,-94.99836083333332,28.258781666666664,0.061224489795918366,07:30
QNI,forward,Spring,16,149,161.64885166666667,399.55796833333335,-125.69926999999996,29.027958333333345,0.016778523489932886,08:00
QNI,forward,Spring,17,155,172.51301666666666,460.8920133333333,-106.28563333333332,7.467606666666711,0.012903225806451613,08:30
QNI,forward,Spring,18,147,179.532165,472.69251,-109.21999166666671,88.10902916666666,0.027210884353741496,09:00
QNI,forward,Spring,19,150,170.32332250000002,402.9339483333333,-185.38824833333337,30.521884166666666,-0.0033333333333333335,09:30
QNI,forward,Spring,20,148,179.84574000000003,361.43274125000005,-147.99052666666665,-20.045059583333348,0.0,10:00
QNI,forward,Spring,21,151,189.71851,439.84752499999996,-146.7066716666667,22.730744999999985,0.023178807947019868,10:30
QNI,forward,Spring,22,152,185.383275,475.9239466666666,-115.34608999999998,21.36197666666672,0.01644736842105263,11:00
QNI,forward,Spring,23,149,183.96221,479.3466625,-184.89710666666664,-5.811771666666658,0.013422818791946308,11:30
QNI,forward,Spring,24,151,180.96236666666667,482.76937833333335,-175.83306833333336,42.41088750000006,-0.019867549668874173,12:00
QNI,forward,Spring,25,152,181.62441166666667,503.3305241666667,-116.63363166666669,51.13253833333336,-0.02631578947368421,12:30
QNI,forward,Spring,26,149,177.97104333333334,503.3305241666667,-103.2272200000001,41.90337166666666,-0.003355704697986577,13:00
QNI,forward,Spring,27,147,183.65491666666665,412.79661500000003,-50.03604999999999,-54.494075833333284,-0.013605442176870748,13:30
QNI,forward,Spring,28,148,180.21336333333335,267.89769416666667,-44.36534666666666,-14.884170416666677,-0.013513513513513514,14:00
QNI,forward,Spring,29,142,191.00074666666669,307.7620416666667,-47.28044333333331,-16.486150833333333,0.028169014084507043,14:30
QNI,forward,Spring,30,142,173.44133083333332,332.75098583333335,-92.38987916666667,-14.032727083333356,0.04225352112676056,15:00
QNI,forward,Spring,31,139,186.12470333333331,546.3916833333334,-163.13200833333335,-2.318425000000005,0.10071942446043165,15:30
QNI,forward,Spring,32,138,172.1713433333333,519.53317,-201.29076458333333,48.80596,0.09057971014492754,16:00
QNI,forward,Spring,33,128,141.51790000000003,393.2434533333334,-123.31473666666668,-23.37352041666668,0.1015625,16:30
QNI,forward,Spring,34,132,74.19845916666667,305.7699733333333,-78.80825166666665,-5.136414166666697,0.06060606060606061,17:00
QNI,forward,Spring,35,120,-5.973816666666666,144.58742666666666,-102.20500750000001,5.740879583333353,0.05,17:30
QNI,forward,Spring,36,116,15.335046666666665,140.77057,-72.4447066666667,44.085139583333316,0.02586206896551724,18:00
QNI,forward,Spring,37,117,1.2001150000000014,258.6804416666667,-163.91760666666667,70.53335500000003,0.0,18:30
QNI,forward,Spring,38,120,34.94797333333334,275.33189583333336,-139.45565333333334,56.76560124999998,0.008333333333333333,19:00
QNI,forward,Spring,39,117,45.49847,295.28709333333336,-167.7775466666667,43.95222833333333,0.008547008547008548,19:30
QNI,forward,Spring,40,122,51.91061916666667,250.893585,-133.71353416666665,-54.27372583333334,0.02459016393442623,20:00
QNI,forward,Spring,41,122,67.48558166666666,263.58166,-144.9559,-30.761544999999984,0.01639344262295082,20:30
QNI,forward,Spring,42,122,46.19200166666667,316.3073733333333,-190.4958466666667,20.86046458333333,0.02459016393442623,21:00
QNI,forward,Spring,43,122,55.2403925,326.03966,-167.09231666666665,51.88121000000001,0.01639344262295082,21:30
QNI,forward,Spring,44,120,66.12888333333333,358.7249866666667,-216.11168166666664,49.196106666666644,0.020833333333333332,22:00
QNI,forward,Spring,45,119,43.857798333333335,330.71122166666663,-197.861205,16.877938333333333,0.029411764705882353,22:30
QNI,forward,Spring,46,119,53.821958333333335,279.9532125,-207.39318166666664,-17.918313333333337,-0.004201680672268907,23:00
QNI,forward,Spring,47,116,76.12412166666667,284.87737708333333,-158.734715,-15.500438333333337,0.034482758620689655,23:30
QNI,forward,Summer,0,22,657.4893850000001,603.6705383333333,28.95906000000005,-198.38644083333332,-0.13636363636363635,00:00
QNI,forward,Summer,1,22,655.39914,624.690595,29.556959166666672,-245.02523916666667,-0.13636363636363635,00:30
QNI,forward,Summer,2,22,652.9949866666667,619.8675625000001,40.115954166666654,-164.47650083333332,0.045454545454545456,01:00
QNI,forward,Summer,3,22,668.2748908333333,597.9995758333334,58.963990833333355,-41.45579833333333,0.045454545454545456,01:30
QNI,forward,Summer,4,22,661.1995416666666,627.4739266666667,41.830377500000054,-36.561884166666715,0.09090909090909091,02:00
QNI,forward,Summer,5,22,663.0440841666666,634.2543483333334,58.7783541666667,-29.507111666666674,0.022727272727272728,02:30
QNI,forward,Summer,6,22,668.4985841666667,631.1982674999999,16.517979166666635,-3.9049399999999963,-0.045454545454545456,03:00
QNI,forward,Summer,7,21,639.16194,634.2641683333333,-24.155485000000112,-92.00733166666667,-0.047619047619047616,03:30
QNI,forward,Summer,8,21,626.002215,621.7273216666666,27.22501833333331,-93.19299000000001,0.0,04:00
QNI,forward,Summer,9,22,631.1956175,603.0175283333333,34.1618758333334,-130.6992183333333,-0.022727272727272728,04:30
QNI,forward,Summer,10,22,616.5071216666668,619.7126049999999,-15.67759000000001,-39.25841416666668,0.0,05:00
QNI,forward,Summer,11,28,602.046,631.6824220833333,50.97374166666665,-49.11061000000001,-0.08928571428571429,05:30
QNI,forward,Summer,12,27,594.9200549999999,593.9958466666666,54.40049833333333,-77.35105166666668,-0.07407407407407407,06:00
QNI,forward,Summer,13,33,582.7039416666667,550.6749783333333,65.92682416666666,-12.961806666666632,-0.030303030303030304,06:30
QNI,forward,Summer,14,39,588.372475,655.7532333333334,-3.4457816666667895,-47.17932833333333,-0.02564102564102564,07:00
QNI,forward,Summer,15,41,604.5731366666666,654.7383366666667,11.175941666666745,-113.18335666666667,0.036585365853658534,07:30
QNI,forward,Summer,16,42,637.8978925,706.1387383333334,-17.556513333333328,39.58845333333333,0.03571428571428571,08:00
QNI,forward,Summer,17,43,620.4860333333334,716.5410416666667,-0.8288283333333197,-57.76398666666665,0.06976744186046512,08:30
QNI,forward,Summer,18,42,667.3689858333332,776.0543704166666,-41.429187083333375,83.26368666666667,0.047619047619047616,09:00
QNI,forward,Summer,19,41,664.6975966666668,770.15307,-57.215225000000146,121.98142166666668,0.036585365853658534,09:30
QNI,forward,Summer,20,39,697.6999599999999,819.5903366666666,-85.47116333333327,162.57346833333338,0.01282051282051282,10:00
QNI,forward,Summer,21,40,692.9060241666666,805.4196795833334,-29.91488291666667,217.31842875,0.075,10:30
QNI,forward,Summer,22,39,685.0311766666667,783.26799,-5.5064583333333985,206.03958833333326,0.05128205128205128,11:00
QNI,forward,Summer,23,38,719.174065,795.6283383333333,-30.732921250000004,97.32095166666667,0.09210526315789473,11:30
QNI,forward,Summer,24,37,690.176885,767.3367750000001,-17.565791666666655,249.27408333333335,0.08108108108108109,12:00
QNI,forward,Summer,25,38,656.5097908333333,777.6104145833333,-80.61535249999997,150.78094333333337,0.02631578947368421,12:30
QNI,forward,Summer,26,36,718.5039166666667,775.8508625000001,-32.19573250000002,-23.37386833333333,0.027777777777777776,13:00
QNI,forward,Summer,27,34,710.3625991666668,780.7111966666666,-28.310814166666546,-190.1777033333333,0.08823529411764706,13:30
QNI,forward,Summer,28,36,720.4281575,781.5241816666667,-39.41961916666668,-1.7050074999999794,0.08333333333333333,14:00
QNI,forward,Summer,29,34,694.9431649999999,783.7664870833335,-11.389595833333374,68.92121666666668,0.029411764705882353,14:30
QNI,forward,Summer,30,36,733.4745783333333,768.9274883333333,-16.33543666666651,64.74539916666667,0.027777777777777776,15:00
QNI,forward,Summer,31,32,700.7025866666667,738.2847875000001,-5.675209999999993,-31.97115791666664,0.15625,15:30
QNI,forward,Summer,32,26,683.4693941666667,679.0269383333333,21.860053333333383,170.7032458333333,0.07692307692307693,16:00
QNI,forward,Summer,33,24,652.5381825,687.5349575,26.08580291666671,30.19984041666666,0.0,16:30
QNI,forward,Summer,34,24,566.4674933333333,643.7907416666667,-31.384307499999977,-192.42674083333333,-0.041666666666666664,17:00
QNI,forward,Summer,35,21,507.56951166666664,621.8952166666667,-73.95416999999998,-281.09177999999997,0.0,17:30
QNI,forward,Summer,36,22,400.65708166666667,335.31072083333333,58.320616666666666,-246.5661441666666,-0.13636363636363635,18:00
QNI,forward,Summer,37,21,367.30784,449.95203666666663,-25.334671666666708,-228.47489,-0.14285714285714285,18:30
QNI,forward,Summer,38,21,453.5480466666666,449.95203666666663,0.7118983333333517,-112.28956333333335,0.0,19:00
QNI,forward,Summer,39,21,462.53844,337.67043,29.251269999999977,-53.57831333333334,-0.23809523809523808,19:30
QNI,forward,Summer,40,20,445.65424833333327,428.51912916666663,18.814275833333284,-133.37521833333335,-0.1,20:00
QNI,forward,Summer,41,20,574.9919791666666,459.7885958333333,19.487879166666715,-93.20954499999999,-0.1,20:30
QNI,forward,Summer,42,21,615.079055,570.5943733333334,46.48450333333335,-57.992036666666664,-0.047619047619047616,21:00
QNI,forward,Summer,43,21,611.0387166666667,594.0704866666666,29.95503333333329,-74.39203,-0.14285714285714285,21:30
QNI,forward,Summer,44,21,625.7010833333334,602.01955,29.507504999999924,-101.32780999999997,-0.14285714285714285,22:00
QNI,forward,Summer,45,21,635.2819916666666,587.91255,26.805746666666664,6.705563333333345,-0.19047619047619047,22:30
QNI,forward,Summer,46,20,650.2098866666668,617.7713541666667,18.74387250000001,-139.71279249999998,-0.05,23:00
QNI,forward,Summer,47,20,661.881565,623.819225,26.394164999999987,-160.27679166666667,-0.1,23:30
QNI,forward,Winter,0,93,378.5995233333333,425.2434766666667,-49.16588000000007,-23.81167499999998,-0.021505376344086023,00:00
QNI,forward,Winter,1,92,375.8622933333333,486.35164416666663,-45.72904416666667,-32.201119166666786,0.021739130434782608,00:30
QNI,forward,Winter,2,92,396.5311183333333,430.93172416666664,-23.509948333333327,-100.3245554166667,0.021739130434782608,01:00
QNI,forward,Winter,3,90,420.39096666666666,513.81983,-21.511392916666715,-82.65966333333336,0.011111111111111112,01:30
QNI,forward,Winter,4,89,423.35611166666666,624.2175550000001,-51.64159666666667,-15.677676666666656,0.011235955056179775,02:00
QNI,forward,Winter,5,89,426.5018083333334,617.1226966666667,-38.11523999999997,5.016439999999989,0.033707865168539325,02:30
QNI,forward,Winter,6,90,442.118095,603.4926083333334,-32.877722500000004,-24.693266666666716,0.044444444444444446,03:00
QNI,forward,Winter,7,90,438.8522283333333,610.1274883333333,-72.297325,-34.97166791666663,0.044444444444444446,03:30
QNI,forward,Winter,8,90,435.81649749999997,554.2539466666667,-62.38842833333342,-19.525373333333334,0.06666666666666667,04:00
QNI,forward,Winter,9,91,443.8273633333333,560.925765,-62.350205000000074,-12.552045000000021,0.02197802197802198,04:30
QNI,forward,Winter,10,91,431.12012333333337,628.05008,-71.25002166666667,6.704638333333321,0.04395604395604396,05:00
QNI,forward,Winter,11,91,446.04387333333335,560.925765,-56.94200666666668,38.81129499999997,0.04395604395604396,05:30
QNI,forward,Winter,12,91,424.70421333333337,496.1203533333333,-53.77001333333334,7.25529499999999,0.03296703296703297,06:00
QNI,forward,Winter,13,93,398.32376,484.03540999999996,-92.71856666666662,111.94783833333338,0.043010752688172046,06:30
QNI,forward,Winter,14,99,369.9542783333333,423.3779366666667,-88.57369,149.3405983333334,0.05555555555555555,07:00
QNI,forward,Winter,15,117,270.09938166666666,403.1404266666667,-115.78374416666668,93.95190833333345,0.02564102564102564,07:30
QNI,forward,Winter,16,125,236.08349333333334,442.4531191666666,-66.26524500000001,59.18805166666664,0.0,08:00
QNI,forward,Winter,17,130,321.9232083333333,466.9472425,-53.15422499999994,14.4003491666667,0.0,08:30
QNI,forward,Winter,18,127,405.07969333333335,508.27570999999995,-31.70309499999999,28.049478333333354,0.007874015748031496,09:00
QNI,forward,Winter,19,125,464.1076166666667,532.6485683333334,-9.191971666666632,-21.912176666666596,0.008,09:30
QNI,forward,Winter,20,122,562.5653041666667,588.2835166666666,-21.911948333333385,12.280608333333305,0.01639344262295082,10:00
QNI,forward,Winter,21,121,611.58911,632.8695283333333,20.41625250000004,58.94212333333326,0.008264462809917356,10:30
QNI,forward,Winter,22,119,606.12053,644.2355341666666,-36.824784999999906,-28.471161666666603,0.0,11:00
QNI,forward,Winter,23,125,589.0889383333333,635.7297383333333,-14.92055666666667,54.92854166666666,-0.016,11:30
QNI,forward,Winter,24,119,551.37712,664.5345233333334,-122.87989333333336,-12.015124999999898,0.01680672268907563,12:00
QNI,forward,Winter,25,121,571.2268466666667,642.59317,-85.58523500000001,-14.53158083333335,0.0,12:30
QNI,forward,Winter,26,121,529.387455,651.9163025,-93.2565525,17.295523333333335,-0.008264462809917356,13:00
QNI,forward,Winter,27,121,558.1280266666666,668.4262033333333,-82.05261166666662,14.236563333333379,0.008264462809917356,13:30
QNI,forward,Winter,28,122,544.1790266666667,676.1674033333334,-107.9821541666667,21.613387500000016,0.0,14:00
QNI,forward,Winter,29,121,516.15626,654.76788,-68.45240166666667,-14.328037500000164,0.008264462809917356,14:30
QNI,forward,Winter,30,123,516.0720983333334,600.7777299999999,-84.16304500000012,22.071493333333365,0.008130081300813009,15:00
QNI,forward,Winter,31,127,537.70837,600.193905,-52.872045,-79.78593166666656,0.007874015748031496,15:30
QNI,forward,Winter,32,127,435.21234166666665,535.1513533333333,-49.7333716666667,-9.568375000000003,0.0,16:00
QNI,forward,Winter,33,108,355.08813083333337,392.09777125000005,-26.647553750000043,46.98451083333339,0.009259259259259259,16:30
QNI,forward,Winter,34,100,277.34808999999996,370.9320933333333,-1.7317408333332764,22.65319583333337,0.02,17:00
QNI,forward,Winter,35,94,244.03418666666664,277.59281375,-34.41915875000002,16.00700500000005,0.010638297872340425,17:30
QNI,forward,Winter,36,95,192.58227166666666,270.19580833333333,8.28379833333333,15.285731666666607,0.015789473684210527,18:00
QNI,forward,Winter,37,98,177.3647016666667,259.173485,10.683676666666692,-4.658272500000066,0.01020408163265306,18:30
QNI,forward,Winter,38,97,167.80956,256.67871833333334,-7.742711666666594,10.164261666666675,0.020618556701030927,19:00
QNI,forward,Winter,39,96,183.74845750000003,212.76225166666666,-2.7072829166666637,3.3367733333333263,0.020833333333333332,19:30
QNI,forward,Winter,40,96,170.2648075,207.51635666666667,-28.455784583333333,14.318520000000014,0.041666666666666664,20:00
QNI,forward,Winter,41,94,244.928445,199.66085833333332,-35.03981666666667,11.54804291666666,0.02127659574468085,20:30
QNI,forward,Winter,42,94,247.43491416666666,229.31917250000004,-34.44246916666667,11.61133083333334,0.02127659574468085,21:00
QNI,forward,Winter,43,93,207.16902166666668,237.21908999999997,-46.97518333333334,-36.67994833333333,0.021505376344086023,21:30
QNI,forward,Winter,44,91,266.4074533333333,249.97020833333332,-41.62856833333342,-8.67902499999991,0.02197802197802198,22:00
QNI,forward,Winter,45,91,334.6490416666667,308.02659166666666,-58.64604666666668,-2.7928666666666686,-0.02197802197802198,22:30
QNI,forward,Winter,46,89,349.0295283333333,361.593825,-65.03951999999998,23.736223333333328,0.0,23:00
QNI,forward,Winter,47,93,371.406535,354.8696133333333,-65.24268166666667,-2.6392616666666413,-0.005376344086021506,23:30
QNI,reverse,Autumn,0,78,561.3291675,1075.3329208333334,-455.7097404166666,20.19299166666667,0.47435897435897434,00:00
QNI,reverse,Autumn,1,78,562.7268908333333,1077.2730558333333,-463.3251525,89.06222541666668,0.47435897435897434,00:30
QNI,reverse,Autumn,2,78,578.2520325,1078.0,-429.3192491666667,92.97537666666668,0.5,01:00
QNI,reverse,Autumn,3,78,607.7103441666667,1084.7059170833336,-448.8923308333333,25.28091583333333,0.48717948717948717,01:30
QNI,reverse,Autumn,4,78,592.9788291666666,1079.6873358333332,-424.8177775,30.170745833333292,0.47435897435897434,02:00
QNI,reverse,Autumn,5,78,625.7570316666666,1072.1654366666667,-427.64827749999995,8.581581666666608,0.47435897435897434,02:30
QNI,reverse,Autumn,6,78,601.8654441666666,1082.2568283333335,-459.36536499999994,-13.544245833333335,0.4358974358974359,03:00
QNI,reverse,Autumn,7,79,593.34421,1096.3940666666667,-457.0110050000002,87.66445499999998,0.4177215189873418,03:30
QNI,reverse,Autumn,8,80,596.4045825000001,1086.13355,-441.655525,18.00303500000001,0.4,04:00
QNI,reverse,Autumn,9,75,603.1279883333333,1083.2635633333332,-414.4613183333332,-50.84546166666672,0.44,04:30
QNI,reverse,Autumn,10,75,622.8751366666667,1085.88518,-417.85101166666675,-14.211393333333376,0.44,05:00
QNI,reverse,Autumn,11,78,682.3070066666667,1078.0,-309.71875750000004,-44.247031666666686,0.38461538461538464,05:30
QNI,reverse,Autumn,12,85,576.7853216666666,1068.4259033333333,-429.2821916666668,-9.22775333333334,0.4176470588235294,06:00
QNI,reverse,Autumn,13,97,626.7071583333334,1061.2671333333335,-232.42548166666666,-69.49837666666667,0.23711340206185566,06:30
QNI,reverse,Autumn,14,102,645.3476841666667,1059.004715,-266.4232958333333,13.164244166666684,0.2696078431372549,07:00
QNI,reverse,Autumn,15,107,610.4499,1044.877005,-322.99689833333343,-104.95966499999997,0.37850467289719625,07:30
QNI,reverse,Autumn,16,110,611.3759216666667,950.8011241666667,-214.43869583333338,-141.63281166666667,0.4,08:00
QNI,reverse,Autumn,17,105,592.7577066666666,891.4791749999999,-208.3922849999999,-88.22726833333337,0.3333333333333333,08:30
QNI,reverse,Autumn,18,106,570.3044,793.738175,-141.0057741666666,-92.87012499999997,0.25471698113207547,09:00
QNI,reverse,Autumn,19,112,590.1071175,721.1603033333334,-87.30299833333339,-28.54012,0.17857142857142858,09:30
QNI,reverse,Autumn,20,113,611.0639983333333,718.6073416666667,-106.9641733333334,-40.47719083333345,0.17256637168141592,10:00
QNI,reverse,Autumn,21,112,614.9996016666666,718.3933916666666,-109.32382583333325,-68.19287000000003,0.12053571428571429,10:30
QNI,reverse,Autumn,22,116,553.3077725,792.8517133333334,-158.52673708333333,-68.1658841666667,0.1896551724137931,11:00
QNI,reverse,Autumn,23,118,546.6743183333333,746.9769233333333,-112.53001916666659,-44.66357333333326,0.22033898305084745,11:30
QNI,reverse,Autumn,24,117,522.2742383333333,752.8881716666666,-142.85124166666668,-8.168414999999925,0.23076923076923078,12:00
QNI,reverse,Autumn,25,117,539.9986483333333,750.38901,-135.97302166666668,27.59173666666669,0.23931623931623933,12:30
QNI,reverse,Autumn,26,114,530.1924775,756.8317900000001,-188.86360875,-41.43827333333331,0.14035087719298245,13:00
QNI,reverse,Autumn,27,112,543.1814541666666,774.8542725,-171.5241691666667,-42.916381666666695,0.16964285714285715,13:30
QNI,reverse,Autumn,28,112,553.7559575,794.4789366666668,-175.52338250000014,-1.0353724999999656,0.19196428571428573,14:00
QNI,reverse,Autumn,29,113,525.4951866666667,821.6737316666668,-218.75951333333342,-25.51526249999995,0.17256637168141592,14:30
QNI,reverse,Autumn,30,113,528.713615,892.72367,-212.55606916666673,-53.36201333333344,0.26991150442477874,15:00
QNI,reverse,Autumn,31,109,548.95476,942.5092358333334,-292.6796066666668,-78.00117500000002,0.1651376146788991,15:30
QNI,reverse,Autumn,32,108,547.1638925,956.5747449999999,-226.4501858333333,-9.665153333333322,0.2638888888888889,16:00
QNI,reverse,Autumn,33,101,568.6341216666666,1078.0,-397.7671733333333,62.59990500000001,0.3217821782178218,16:30
QNI,reverse,Autumn,34,93,576.3697916666666,1114.0293533333333,-448.9222983333334,69.7638933333335,0.3602150537634409,17:00
QNI,reverse,Autumn,35,84,525.3205,1103.4307516666665,-497.9847666666666,92.48111708333339,0.375,17:30
QNI,reverse,Autumn,36,80,540.5296316666668,1109.8202183333333,-486.15871666666663,79.88383916666662,0.3625,18:00
QNI,reverse,Autumn,37,76,500.6321825,1081.1936866666665,-548.8686949999999,-2.454364166666693,0.4342105263157895,18:30
QNI,reverse,Autumn,38,77,496.7672116666667,1097.6611116666668,-461.23610500000007,-63.04529333333335,0.44155844155844154,19:00
QNI,reverse,Autumn,39,77,497.7044133333334,1078.0,-524.5571133333334,-58.391005,0.4025974025974026,19:30
QNI,reverse,Autumn,40,79,549.8620500000001,1078.0,-440.6046550000001,-54.80686333333324,0.3670886075949367,20:00
QNI,reverse,Autumn,41,80,548.0855916666667,1101.6092325,-462.93969374999983,-54.47859666666659,0.4125,20:30
QNI,reverse,Autumn,42,80,532.3481841666667,1084.056735,-421.2170129166667,3.4279033333333544,0.4375,21:00
QNI,reverse,Autumn,43,80,513.6464466666666,1054.5776966666665,-378.25378833333343,16.369251666666656,0.4375,21:30
QNI,reverse,Autumn,44,80,544.5913266666666,1072.3966333333333,-469.5428933333333,35.51408916666668,0.4625,22:00
QNI,reverse,Autumn,45,78,466.94090000000006,1087.1411129166668,-569.4964166666666,-21.930731666666674,0.4358974358974359,22:30
QNI,reverse,Autumn,46,78,534.3803991666666,1092.6424758333333,-496.2796766666667,-19.690662499999995,0.46153846153846156,23:00
QNI,reverse,Autumn,47,78,575.8176125,1078.0,-418.9456341666667,6.594390833333325,0.47435897435897434,23:30
QNI,reverse,Spring,0,125,308.44559333333336,922.9525466666668,-207.05736166666668,-18.305319999999995,0.26,00:00
QNI,reverse,Spring,1,128,289.82588166666665,956.1701275,-179.36732166666664,3.742785833333329,0.26171875,00:30
QNI,reverse,Spring,2,124,267.72015000000005,978.3514583333334,-186.84013499999998,-15.280623333333367,0.28225806451612906,01:00
QNI,reverse,Spring,3,129,285.2717,992.3073483333333,-167.96687499999996,1.5169008333333238,0.25193798449612403,01:30
QNI,reverse,Spring,4,130,260.9321008333334,976.3660741666666,-172.21065999999993,24.398915833333337,0.2076923076923077,02:00
QNI,reverse,Spring,5,131,255.31663666666668,976.5085033333334,-181.52040999999997,14.561513333333323,0.2099236641221374,02:30
QNI,reverse,Spring,6,129,263.10605333333336,1007.6304516666665,-204.85357000000002,3.7625299999999697,0.24031007751937986,03:00
QNI,reverse,Spring,7,126,247.22669416666668,1014.9784716666667,-224.95245,27.45830833333332,0.29365079365079366,03:30
QNI,reverse,Spring,8,127,257.83696833333335,1010.769345,-196.86241000000007,13.458774999999946,0.28346456692913385,04:00
QNI,reverse,Spring,9,126,255.8691716666667,1016.2452666666667,-182.48691374999999,1.2686241666666547,0.25396825396825395,04:30
QNI,reverse,Spring,10,131,267.98303,997.1821275,-143.04546833333325,-6.799999999999997,0.24427480916030533,05:00
QNI,reverse,Spring,11,143,278.6518116666667,935.4444591666667,-125.79992500000006,-9.612226666666686,0.22377622377622378,05:30
QNI,reverse,Spring,12,143,278.15787666666665,811.75014,-126.50216666666665,16.861009999999993,0.22377622377622378,06:00
QNI,reverse,Spring,13,155,297.77473333333336,931.7592733333335,-155.81196833333337,-43.30753916666663,0.1870967741935484,06:30
QNI,reverse,Spring,14,162,297.169295,802.6362416666667,-232.78393916666664,-42.37345500000001,0.2777777777777778,07:00
QNI,reverse,Spring,15,164,285.40211833333336,641.78167375,-141.8346766666667,-20.756975833333343,0.1798780487804878,07:30
QNI,reverse,Spring,16,165,308.458405,594.6209241666667,-79.40794999999997,-5.134136666666677,0.22121212121212122,08:00
QNI,reverse,Spring,17,172,292.1166166666667,569.6289633333333,-40.39652833333338,12.637025833333311,0.15406976744186046,08:30
QNI,reverse,Spring,18,164,292.9447858333333,591.5412291666667,-93.96584666666668,-53.30627791666673,0.10670731707317073,09:00
QNI,reverse,Spring,19,168,273.64751,628.097945,-154.32588249999998,-18.550945833333344,0.1130952380952381,09:30
QNI,reverse,Spring,20,166,282.7881066666667,600.0964633333334,-149.46082250000006,24.14006416666666,0.1144578313253012,10:00
QNI,reverse,Spring,21,170,286.18883666666665,596.7322433333334,-108.08409416666666,-20.981014999999985,0.047058823529411764,10:30
QNI,reverse,Spring,22,171,289.75682333333333,593.8452066666667,-137.54055833333337,-20.649876666666657,0.1286549707602339,11:00
QNI,reverse,Spring,23,168,277.1500633333333,577.1299133333334,-85.16901166666656,-23.828595000000007,0.17857142857142858,11:30
QNI,reverse,Spring,24,170,265.083755,566.2833475,-137.8581441666667,-52.4795625,0.1588235294117647,12:00
QNI,reverse,Spring,25,170,283.22709083333336,552.8611216666667,-124.10363333333333,-32.77161000000001,0.17058823529411765,12:30
QNI,reverse,Spring,26,167,264.95571,538.3904058333333,-103.73334833333334,-0.9678000000000111,0.1467065868263473,13:00
QNI,reverse,Spring,27,165,272.79479499999997,532.9910266666667,-70.51281750000001,43.57774666666663,0.24848484848484848,13:30
QNI,reverse,Spring,28,164,267.05231833333335,573.5415583333333,-93.54035333333331,49.6133425,0.20426829268292682,14:00
QNI,reverse,Spring,29,158,267.82590833333336,586.1130441666667,-78.98020499999996,16.486150833333333,0.1550632911392405,14:30
QNI,reverse,Spring,30,158,280.4405366666667,662.8585366666667,-136.6775225,20.674185,0.20569620253164558,15:00
QNI,reverse,Spring,31,155,253.22915166666667,689.787005,-112.16319333333334,2.318425000000005,0.15483870967741936,15:30
QNI,reverse,Spring,32,153,254.29053166666668,698.1531141666667,-166.40305833333332,-48.80596,0.1568627450980392,16:00
QNI,reverse,Spring,33,141,267.40953666666667,788.5963641666667,-141.3204366666667,11.60098499999998,0.1276595744680851,16:30
QNI,reverse,Spring,34,148,276.9942183333334,848.5258333333334,-118.88856666666675,-18.010769583333342,0.10135135135135136,17:00
QNI,reverse,Spring,35,135,355.7524633333333,864.4058583333333,-166.32376833333336,-1.1512074999999982,0.1814814814814815,17:30
QNI,reverse,Spring,36,131,380.66086666666666,935.8053266666666,-171.2252433333332,-36.78496416666664,0.25572519083969464,18:00
QNI,reverse,Spring,37,132,395.23679500000003,999.2757058333333,-169.3730758333333,-67.5224025,0.2765151515151515,18:30
QNI,reverse,Spring,38,135,386.87978,972.4146166666667,-199.11913499999997,-61.52315083333333,0.25555555555555554,19:00
QNI,reverse,Spring,39,132,390.3596216666667,968.6983483333333,-176.60180500000007,-8.039750416666664,0.26136363636363635,19:30
QNI,reverse,Spring,40,137,391.021295,919.5696708333332,-116.65515999999991,54.26301166666667,0.24087591240875914,20:00
QNI,reverse,Spring,41,137,379.03146,905.6480316666666,-174.56113333333334,29.711604999999963,0.24817518248175183,20:30
QNI,reverse,Spring,42,137,351.41856666666666,962.7383916666668,-180.37685333333334,-20.15419666666665,0.2116788321167883,21:00
QNI,reverse,Spring,43,137,342.33429499999994,882.3015566666667,-160.72832666666667,-42.63659833333334,0.22992700729927007,21:30
QNI,reverse,Spring,44,134,321.3196475,905.2771583333333,-168.9205675,-27.154626666666672,0.30597014925373134,22:00
QNI,reverse,Spring,45,133,333.3365283333333,905.3276183333334,-173.28149833333333,-16.877938333333333,0.2781954887218045,22:30
QNI,reverse,Spring,46,133,312.663485,912.0023716666666,-187.34862833333352,17.918313333333337,0.22180451127819548,23:00
QNI,reverse,Spring,47,129,295.05348166666664,924.8888333333333,-200.9283716666667,15.500438333333337,0.26744186046511625,23:30
QNI,reverse,Summer,0,22,1021.2164441666666,979.0867925,23.26444958333343,198.38644083333332,0.045454545454545456,00:00
QNI,reverse,Summer,1,23,1017.568175,938.1429116666667,40.54235833333337,233.83534333333336,0.043478260869565216,00:30
QNI,reverse,Summer,2,23,1018.970815,997.6524016666667,35.190154166666616,162.09604166666662,0.043478260869565216,01:00
QNI,reverse,Summer,3,23,1006.0819066666667,911.0511383333333,63.1026466666666,-16.631408333333354,0.043478260869565216,01:30
QNI,reverse,Summer,4,23,1034.5027533333334,948.1764033333334,60.0671050000002,-13.649823333333245,0.043478260869565216,02:00
QNI,reverse,Summer,5,23,1052.9995016666667,978.6945833333333,64.32769166666662,-32.99513666666667,0.043478260869565216,02:30
QNI,reverse,Summer,6,23,1056.3587483333333,1006.3365716666667,62.734488333333275,-25.209419999999994,0.043478260869565216,03:00
QNI,reverse,Summer,7,21,1102.8406066666666,1008.2291016666667,64.46085333333326,92.00733166666667,0.047619047619047616,03:30
QNI,reverse,Summer,8,21,1122.4836883333335,1032.92906,61.002340000000004,93.19299000000001,0.047619047619047616,04:00
QNI,reverse,Summer,9,22,1126.0853766666667,1074.1238108333332,63.891288333333364,130.6992183333333,0.045454545454545456,04:30
QNI,reverse,Summer,10,22,1131.4122258333334,1095.720435,21.278848333333315,39.25841416666668,0.045454545454545456,05:00
QNI,reverse,Summer,11,28,1058.9407166666667,1048.3318783333334,-8.828027916666741,49.11061000000001,0.07142857142857142,05:30
QNI,reverse,Summer,12,27,1019.94587,1048.3318783333334,-6.638234166666621,61.35235,0.14814814814814814,06:00
QNI,reverse,Summer,13,33,965.0068433333332,988.3442100000001,-23.337366666666867,4.045852500000024,0.13636363636363635,06:30
QNI,reverse,Summer,14,38,837.2672216666667,965.2921041666666,-73.00038749999996,89.63234583333332,0.05263157894736842,07:00
QNI,reverse,Summer,15,40,741.2581266666666,761.6445191666667,-106.52874916666664,118.91857166666668,0.075,07:30
QNI,reverse,Summer,16,40,750.349885,727.9023212500001,-114.30556333333334,24.419607916666656,0.1375,08:00
QNI,reverse,Summer,17,42,654.2993525,684.0341149999999,-150.0956641666666,45.90044833333332,0.2261904761904762,08:30
QNI,reverse,Summer,18,42,656.8839616666667,662.7537133333333,-158.00479416666667,-70.09661333333335,0.047619047619047616,09:00
QNI,reverse,Summer,19,41,642.52742,674.2058516666667,-183.28702166666665,-121.98142166666668,0.036585365853658534,09:30
QNI,reverse,Summer,20,39,635.3991366666667,739.9569916666666,-183.6650649999999,-161.63201333333336,0.0641025641025641,10:00
QNI,reverse,Summer,21,41,647.1130516666667,739.28892,-169.9064516666666,-214.02551666666668,-0.036585365853658534,10:30
QNI,reverse,Summer,22,41,609.2588266666667,685.7921766666666,-138.01645166666663,-206.03958833333326,0.12195121951219512,11:00
QNI,reverse,Summer,23,39,621.9469133333333,693.3193850000001,-101.23560166666664,-126.87569083333332,0.05128205128205128,11:30
QNI,reverse,Summer,24,39,607.012195,683.193015,-114.12462499999992,-249.27408333333335,-0.038461538461538464,12:00
QNI,reverse,Summer,25,40,612.5660358333333,670.0784675,-96.30420833333329,-116.72560916666669,0.025,12:30
QNI,reverse,Summer,26,37,628.8887133333334,646.646915,-91.75280916666657,-11.674343333333354,0.013513513513513514,13:00
QNI,reverse,Summer,27,35,644.952005,669.3195266666667,-98.36598749999996,133.10527333333332,0.014285714285714285,13:30
QNI,reverse,Summer,28,37,678.89127,741.4720116666667,-120.69411249999996,-12.995043333333342,0.0945945945945946,14:00
QNI,reverse,Summer,29,35,727.81664,751.8509208333334,-88.44303333333323,-72.10356999999999,-0.04285714285714286,14:30
QNI,reverse,Summer,30,37,755.4455466666667,815.40461,-85.27730166666674,-72.51220166666667,0.08108108108108109,15:00
QNI,reverse,Summer,31,34,794.2170625,853.1613912500001,-74.71227708333339,-36.53179958333334,0.014705882352941176,15:30
QNI,reverse,Summer,32,30,804.5062925,924.4348341666666,-33.11959291666665,-170.7032458333333,-0.05,16:00
QNI,reverse,Summer,33,28,814.9720491666666,996.1424133333333,-84.59485458333324,-30.19984041666666,0.07142857142857142,16:30
QNI,reverse,Summer,34,28,868.6459566666666,972.8690666666666,-81.93480333333332,192.42674083333333,0.07142857142857142,17:00
QNI,reverse,Summer,35,21,930.166515,972.8690666666666,-69.7023466666667,281.09177999999997,0.21428571428571427,17:30
QNI,reverse,Summer,36,22,1006.7985708333333,1022.9215616666667,-48.231290833333276,246.5661441666666,0.09090909090909091,18:00
QNI,reverse,Summer,37,21,1026.4058433333332,1042.2949716666667,-18.326939999999922,228.47489,0.14285714285714285,18:30
QNI,reverse,Summer,38,21,981.40953,1059.605655,-53.270156666666594,112.28956333333335,0.047619047619047616,19:00
QNI,reverse,Summer,39,21,1014.1121983333333,989.5971566666667,-3.0207283333331816,53.57831333333334,-0.14285714285714285,19:30
QNI,reverse,Summer,40,20,1020.6767158333334,988.0817075,11.280750833333343,133.37521833333335,0.05,20:00
QNI,reverse,Summer,41,20,1005.19161,952.9105058333334,21.249185833333286,93.20954499999999,0.05,20:30
QNI,reverse,Summer,42,21,973.8716516666667,997.32147,-7.901810000000069,57.992036666666664,0.047619047619047616,21:00
QNI,reverse,Summer,43,21,978.0722483333334,968.4576649999999,6.16714833333333,74.39203,0.09523809523809523,21:30
QNI,reverse,Summer,44,21,980.33894,953.07278,3.558719999999994,101.32780999999997,0.047619047619047616,22:00
QNI,reverse,Summer,45,21,997.1644,997.2382958333334,-28.451756666666824,-15.789915000000008,-0.023809523809523808,22:30
QNI,reverse,Summer,46,20,1009.8083683333334,975.3653433333333,3.971131666666736,139.71279249999998,0.0,23:00
QNI,reverse,Summer,47,20,1005.8576058333333,978.669875,31.919753749999984,160.27679166666667,0.0,23:30
QNI,reverse,Winter,0,94,1042.8411958333334,1078.0,-5.915204999999958,42.2177283333333,0.11170212765957446,00:00
QNI,reverse,Winter,1,93,1057.2597083333333,1078.0,0.0,77.44834999999998,0.04838709677419355,00:30
QNI,reverse,Winter,2,93,1078.0,1049.84189,0.0,87.67704333333336,0.03225806451612903,01:00
QNI,reverse,Winter,3,91,1072.5913616666667,1064.0984833333334,-6.307293333333405,50.62382000000002,0.02197802197802198,01:30
QNI,reverse,Winter,4,90,1065.4283483333334,1063.864555,-3.3344816666667043,33.797915,-0.022222222222222223,02:00
QNI,reverse,Winter,5,90,1068.4419658333334,1078.0,-12.44077500000003,-8.171382499999993,0.03888888888888889,02:30
QNI,reverse,Winter,6,91,1078.0,1078.0,-15.05198833333327,34.27707833333329,0.08241758241758242,03:00
QNI,reverse,Winter,7,91,1078.0,1065.956545,-13.72569999999996,9.950519999999983,0.10989010989010989,03:30
QNI,reverse,Winter,8,91,1057.668805,1062.398275,-16.37086166666677,23.27110166666671,0.1043956043956044,04:00
QNI,reverse,Winter,9,92,1072.11767,1057.4857608333334,-17.454764166666564,12.503320000000002,0.05434782608695652,04:30
QNI,reverse,Winter,10,92,1073.5289808333332,1056.699425,-14.853037499999914,-6.70612749999998,0.14673913043478262,05:00
QNI,reverse,Winter,11,92,1072.9716116666668,1056.699425,-24.789435000000026,-31.6252025,0.13043478260869565,05:30
QNI,reverse,Winter,12,92,1053.2622483333334,1080.9913041666669,-34.75462749999991,-5.175950000000029,0.10869565217391304,06:00
QNI,reverse,Winter,13,94,1045.7579408333334,1074.911255,-39.4150033333334,-78.6424529166667,0.10638297872340426,06:30
QNI,reverse,Winter,14,100,1064.0590575,1068.8123366666669,-21.957038333333344,-125.67837833333336,0.04,07:00
QNI,reverse,Winter,15,112,1049.7381616666667,1071.8849666666667,-51.14280541666665,-86.438345,0.11160714285714286,07:30
QNI,reverse,Winter,16,122,1000.9522616666667,1059.6687454166668,-62.08938583333324,-50.47405999999995,0.06557377049180328,08:00
QNI,reverse,Winter,17,128,965.9399866666668,1020.1642104166667,-43.14261333333337,-18.441202500000003,0.09375,08:30
QNI,reverse,Winter,18,126,893.9002875000001,957.5990424999999,-78.74215041666656,-11.172350833333155,0.09126984126984126,09:00
QNI,reverse,Winter,19,125,902.5470083333333,956.9109408333334,-17.918461666666644,43.95171333333337,0.028,09:30
QNI,reverse,Winter,20,121,907.4070849999999,930.8944558333333,-18.224770000000035,28.182291666666742,-0.01652892561983471,10:00
QNI,reverse,Winter,21,121,857.6074466666668,912.0327233333334,-50.004890000000046,-58.94212333333326,-0.03305785123966942,10:30
QNI,reverse,Winter,22,118,875.2719166666667,895.944295,-53.53714499999995,20.563640833333295,0.0423728813559322,11:00
QNI,reverse,Winter,23,123,859.003165,881.8715699999999,-97.18832666666674,-21.54954083333348,0.08536585365853659,11:30
QNI,reverse,Winter,24,118,897.9631133333332,877.9672874999999,8.744829583333228,21.82774583333338,0.0211864406779661,12:00
QNI,reverse,Winter,25,119,907.3705316666666,930.9717066666667,21.329254166666715,25.215586666666695,0.15966386554621848,12:30
QNI,reverse,Winter,26,119,875.3297466666667,889.4269266666666,4.855598333333205,-29.40084999999999,0.08403361344537816,13:00
QNI,reverse,Winter,27,119,919.2806066666667,907.21142,17.443951666666635,-15.562034166666535,0.09243697478991597,13:30
QNI,reverse,Winter,28,120,944.3501766666667,956.0932233333333,-11.541234999999972,-27.64763416666662,0.0625,14:00
QNI,reverse,Winter,29,119,938.8782483333334,977.0180783333334,8.862066666666692,4.348831666666676,0.08823529411764706,14:30
QNI,reverse,Winter,30,121,969.32814,998.0772924999999,0.0,-22.071493333333365,0.11570247933884298,15:00
QNI,reverse,Winter,31,126,985.8904866666667,1031.01325,-15.343786666666801,54.78843500000001,0.1388888888888889,15:30
QNI,reverse,Winter,32,125,1037.003495,1066.4074733333332,-8.155543333333526,-7.604398333333279,0.08,16:00
QNI,reverse,Winter,33,110,1075.0623416666667,1126.6275,-52.04090916666655,-38.22712333333334,0.15,16:30
QNI,reverse,Winter,34,101,1078.0,1137.3016666666665,-5.263571666666621,-39.08293166666658,0.10891089108910891,17:00
QNI,reverse,Winter,35,95,1094.0,1123.125,-14.170198333333246,-23.664331666666612,0.12105263157894737,17:30
QNI,reverse,Winter,36,96,1078.0,1113.9219629166664,-39.380675,-5.8732699999999625,0.14583333333333334,18:00
QNI,reverse,Winter,37,99,1078.0,1110.6645183333333,-30.94236500000011,-12.67717666666664,0.1414141414141414,18:30
QNI,reverse,Winter,38,98,1078.0,1099.8667820833334,-38.44917750000002,-42.85850250000004,0.12755102040816327,19:00
QNI,reverse,Winter,39,97,1078.0,1099.0365816666665,-27.33404666666661,-15.162283333333335,0.16494845360824742,19:30
QNI,reverse,Winter,40,97,1078.0,1078.0,-35.18865500000015,-43.85166666666646,0.17525773195876287,20:00
QNI,reverse,Winter,41,95,1081.46323,1078.0,-37.200643333333346,-15.139437499999985,0.16842105263157894,20:30
QNI,reverse,Winter,42,95,1068.6248716666666,1078.0,-20.05431333333354,-12.673253333333378,0.11578947368421053,21:00
QNI,reverse,Winter,43,94,1066.6928883333333,1077.9583333333333,-18.150328333333277,12.015749166666637,0.13829787234042554,21:30
QNI,reverse,Winter,44,92,1075.1680266666665,1022.6121816666666,5.566489166666656,20.060844166666584,0.10869565217391304,22:00
QNI,reverse,Winter,45,93,1058.180685,1043.0277749999998,8.448145000000068,17.341924999999993,0.10752688172043011,22:30
QNI,reverse,Winter,46,90,1033.5144016666668,1067.7905716666667,1.5357750000000578,-18.547955833333326,0.12222222222222222,23:00
QNI,reverse,Winter,47,94,1053.4689091666667,1076.179805,-4.3662866666666105,-0.25196166666660247,0.1276595744680851,23:30
VNI,forward,Autumn,0,34,920.4290691666667,1011.7949816666666,-34.60429499999992,-315.30405416666656,-0.22058823529411764,00:00
VNI,forward,Autumn,1,33,839.3320266666666,981.955515,-61.25582666666662,-155.79100499999998,-0.15151515151515152,00:30
VNI,forward,Autumn,2,33,797.7002483333332,909.0522066666667,-108.61526333333336,-144.17294499999997,-0.18181818181818182,01:00
VNI,forward,Autumn,3,33,737.12657,835.3095366666666,-75.56502499999999,-183.48085333333336,-0.15151515151515152,01:30
VNI,forward,Autumn,4,33,734.21893,724.8201233333333,-41.199415000000045,-256.78634666666665,-0.09090909090909091,02:00
VNI,forward,Autumn,5,34,692.4495975,714.7339466666667,-5.72410333333346,-278.42006333333336,-0.11764705882352941,02:30
VNI,forward,Autumn,6,34,702.5349266666667,724.8201233333333,-4.503253333333191,-257.2780875,-0.14705882352941177,03:00
VNI,forward,Autumn,7,34,719.9598541666667,690.8198158333332,39.50175125000004,-143.66752666666667,-0.10294117647058823,03:30
VNI,forward,Autumn,8,34,707.6554583333334,738.2801183333333,-22.19518083333338,-141.7432233333333,-0.029411764705882353,04:00
VNI,forward,Autumn,9,32,730.0230516666668,750.8519558333332,-11.209241666666628,-74.58332666666661,-0.0625,04:30
VNI,forward,Autumn,10,32,773.3135925,776.6124,-13.929157500000088,-77.72036000000003,-0.0625,05:00
VNI,forward,Autumn,11,34,780.9359708333334,831.4740241666666,-49.277576666666846,-241.96149083333336,-0.04411764705882353,05:30
VNI,forward,Autumn,12,38,820.8113958333333,873.3764783333332,-91.37334000000016,-140.22574583333332,-0.05263157894736842,06:00
VNI,forward,Autumn,13,62,953.9469016666667,912.47431,19.980312499999968,-15.745286666666544,0.04838709677419355,06:30
VNI,forward,Autumn,14,63,879.7819633333334,872.7697033333334,8.034989999999993,-31.588989166666693,0.007936507936507936,07:00
VNI,forward,Autumn,15,73,782.1129183333334,763.46657,69.66861500000005,99.56414166666669,0.0821917808219178,07:30
VNI,forward,Autumn,16,73,667.561835,643.9931849999999,75.17191666666679,37.88612416666666,0.03424657534246575,08:00
VNI,forward,Autumn,17,74,459.0229291666667,488.03800249999995,78.40022916666668,47.36359083333335,0.10810810810810811,08:30
VNI,forward,Autumn,18,75,341.4182216666666,293.92502666666667,33.01900833333332,-28.79866833333334,0.02,09:00
VNI,forward,Autumn,19,75,308.30726666666664,214.11782166666663,102.52624333333333,14.15882083333333,0.04666666666666667,09:30
VNI,forward,Autumn,20,77,361.98267000000004,198.00672999999998,178.1627,35.05241666666666,-0.012987012987012988,10:00
VNI,forward,Autumn,21,74,381.1256616666667,193.033245,126.83080916666664,76.6878325,0.02027027027027027,10:30
VNI,forward,Autumn,22,74,424.6309358333333,231.18539333333334,86.42947166666667,96.86920791666667,-0.006756756756756757,11:00
VNI,forward,Autumn,23,74,433.0035225,191.82268833333333,74.2515725,109.23079374999998,0.033783783783783786,11:30
VNI,forward,Autumn,24,70,454.0413125,220.1949983333333,114.63216666666665,128.48327958333334,0.09285714285714286,12:00
VNI,forward,Autumn,25,68,473.4474641666667,235.23077916666665,80.90431666666667,54.866115833333325,0.10294117647058823,12:30
VNI,forward,Autumn,26,69,416.42026500000003,287.1104066666667,108.9354616666667,7.156508333333306,0.021739130434782608,13:00
VNI,forward,Autumn,27,69,416.7055433333333,294.853255,113.77233833333332,81.15644666666671,0.036231884057971016,13:30
VNI,forward,Autumn,28,69,375.55962666666665,253.451565,85.89505666666668,1.5214966666666498,0.050724637681159424,14:00
VNI,forward,Autumn,29,67,361.34142333333335,272.51529166666666,103.65330500000005,21.321081666666686,-0.04477611940298507,14:30
VNI,forward,Autumn,30,67,322.316655,267.16768666666667,47.91825333333327,6.3670441666666875,-0.04477611940298507,15:00
VNI,forward,Autumn,31,66,318.14758333333333,335.61901166666667,58.6158375,43.09426541666679,0.09090909090909091,15:30
VNI,forward,Autumn,32,70,402.10089916666664,328.8141204166667,104.55084916666661,-40.433123333333356,0.0,16:00
VNI,forward,Autumn,33,61,504.8292033333334,336.62678833333337,179.8829883333333,-87.42375583333333,-0.09016393442622951,16:30
VNI,forward,Autumn,34,68,539.7125258333333,548.2681733333334,-47.042010833333364,-77.88263000000003,0.0,17:00
VNI,forward,Autumn,35,49,624.7053383333333,927.3563,-84.31893833333334,-227.3155916666666,0.01020408163265306,17:30
VNI,forward,Autumn,36,46,544.6797116666667,875.2823516666666,-172.2736708333333,-114.31920333333335,0.021739130434782608,18:00
VNI,forward,Autumn,37,37,747.2904216666667,1001.3231033333334,-339.8808366666666,-197.23667166666667,0.08108108108108109,18:30
VNI,forward,Autumn,38,36,809.4566083333334,1126.59186,-264.7708883333334,-143.26095666666666,0.08333333333333333,19:00
VNI,forward,Autumn,39,34,815.6341733333334,1133.6590516666665,-194.22432249999997,-367.16094,0.08823529411764706,19:30
VNI,forward,Autumn,40,33,908.3478133333333,1120.0984583333334,-114.87403666666683,-177.12145166666667,0.06060606060606061,20:00
VNI,forward,Autumn,41,33,991.2793466666667,1097.7281966666667,-81.8755483333332,-129.35167333333334,0.030303030303030304,20:30
VNI,forward,Autumn,42,35,966.3370633333334,1100.6677441666666,-116.99647500000003,-67.52792666666676,-0.02857142857142857,21:00
VNI,forward,Autumn,43,33,1035.0962149999998,1100.6677441666666,-62.62320666666676,53.09982500000001,-0.09090909090909091,21:30
VNI,forward,Autumn,44,33,1005.4741133333333,1053.229,-102.82359166666674,-67.04539583333332,-0.15151515151515152,22:00
VNI,forward,Autumn,45,35,966.3090149999999,1053.229,-104.412105,17.871013333333167,-0.2,22:30
VNI,forward,Autumn,46,33,951.5247766666666,1086.6035066666666,-152.63502833333325,-97.15612333333333,-0.12121212121212122,23:00
VNI,forward,Autumn,47,33,939.1914966666667,1011.7949816666666,-83.99548499999992,-165.78245666666663,-0.09090909090909091,23:30
VNI,forward,Spring,0,88,852.4673891666666,1027.364405,-83.52884375000019,20.803785833333393,-0.022727272727272728,00:00
VNI,forward,Spring,1,91,814.4031633333334,983.010765,-57.98749333333319,14.812491666666688,0.08241758241758242,00:30
VNI,forward,Spring,2,84,782.3157008333333,894.9378166666665,-77.09474166666655,115.23551291666661,0.13095238095238096,01:00
VNI,forward,Spring,3,84,769.7731883333335,874.62403,-95.8783616666667,133.77798916666666,0.047619047619047616,01:30
VNI,forward,Spring,4,81,748.4308083333334,908.4105533333333,-103.85219833333338,26.31466499999999,0.10493827160493827,02:00
VNI,forward,Spring,5,79,753.5397483333333,912.166025,-62.88269750000006,74.4643533333334,0.0949367088607595,02:30
VNI,forward,Spring,6,78,757.8835091666667,882.919895,-60.829018333333295,66.0685125,0.11538461538461539,03:00
VNI,forward,Spring,7,75,783.3913816666667,882.919895,-41.34108500000002,31.170366666666723,0.05333333333333334,03:30
VNI,forward,Spring,8,75,787.9986316666667,882.919895,-42.93819166666674,56.254249999999956,0.08,04:00
VNI,forward,Spring,9,76,832.8430625,875.2276366666666,-25.313446666666607,60.74704666666662,0.039473684210526314,04:30
VNI,forward,Spring,10,76,845.7457083333334,909.2710466666667,-13.162938333333386,20.97307499999988,0.16447368421052633,05:00
VNI,forward,Spring,11,85,882.4471516666666,942.5545066666667,-6.243223333333162,43.57500166666671,0.17058823529411765,05:30
VNI,forward,Spring,12,98,868.5620974999999,909.4701008333334,-37.77704416666671,-5.499204999999989,0.12755102040816327,06:00
VNI,forward,Spring,13,112,786.14219,840.2339645833333,-47.26462833333329,-82.08680333333331,-0.017857142857142856,06:30
VNI,forward,Spring,14,122,605.91221,760.9213645833333,-33.72305833333337,-48.3236358333333,0.06557377049180328,07:00
VNI,forward,Spring,15,125,410.615405,491.59500333333335,0.7647933333333299,-21.14880500000001,0.016,07:30
VNI,forward,Spring,16,124,215.09194666666667,308.1525325,-20.755757499999987,-60.519258750000006,-0.10080645161290322,08:00
VNI,forward,Spring,17,122,238.05703666666668,338.8392104166667,-94.03078333333326,-109.88932583333332,-0.11475409836065574,08:30
VNI,forward,Spring,18,125,224.14490833333335,378.91178833333333,-125.42936666666667,-167.36140333333327,-0.024,09:00
VNI,forward,Spring,19,119,152.79914666666667,378.91178833333333,-25.86064666666664,-140.82703666666666,-0.06722689075630252,09:30
VNI,forward,Spring,20,123,149.64275666666666,424.52569666666665,-22.567106666666632,-91.74557499999997,-0.12195121951219512,10:00
VNI,forward,Spring,21,127,137.48388333333335,454.8479916666667,-74.17880000000002,-225.59699,-0.14960629921259844,10:30
VNI,forward,Spring,22,130,326.09781,351.045,-44.659976666666665,-68.53612249999998,0.05,11:00
VNI,forward,Spring,23,132,189.5013025,241.41362708333335,-13.467745833333364,-30.06405000000001,0.015151515151515152,11:30
VNI,forward,Spring,24,134,143.76660833333335,122.80445125000001,-93.42433333333344,9.050986250000022,0.0037313432835820895,12:00
VNI,forward,Spring,25,132,239.787455,149.39505833333334,-41.90331624999997,-5.722445000000022,0.06060606060606061,12:30
VNI,forward,Spring,26,136,127.59297833333332,30.591995416666666,-13.124535833333375,-9.137445,0.07720588235294118,13:00
VNI,forward,Spring,27,138,61.74312416666666,80.21738166666667,1.8194758333333692,-0.2677266666666611,0.03985507246376811,13:30
VNI,forward,Spring,28,137,121.79854833333333,142.08987333333334,8.63259500000001,2.8097433333333015,0.09854014598540146,14:00
VNI,forward,Spring,29,136,-3.2216416666666667,73.61334166666666,-27.797163750000124,-0.06936666666666724,-0.007352941176470588,14:30
VNI,forward,Spring,30,137,21.24130333333333,-8.56836333333333,33.08027999999996,28.24892,0.040145985401459854,15:00
VNI,forward,Spring,31,131,-3.333333333333333e-06,76.9091,-97.49922333333332,-32.686545000000024,0.022900763358778626,15:30
VNI,forward,Spring,32,120,-1e-05,125.75948333333334,-32.44588666666665,-2.8336616666666714,0.020833333333333332,16:00
VNI,forward,Spring,33,112,15.707104999999995,132.363665,18.139445833333316,26.322715833333326,0.03125,16:30
VNI,forward,Spring,34,101,248.30651166666667,311.1728,-165.14615833333332,-81.85564166666667,0.12376237623762376,17:00
VNI,forward,Spring,35,95,400.28276166666666,691.9387083333332,-78.97326583333336,-127.22322749999998,0.04736842105263158,17:30
VNI,forward,Spring,36,88,694.2043116666666,802.8693141666666,-76.3353574999999,-110.21382375,0.09659090909090909,18:00
VNI,forward,Spring,37,92,802.4824908333333,915.2945041666667,-161.13636583333334,-176.7161733333333,0.059782608695652176,18:30
VNI,forward,Spring,38,90,861.0600433333334,974.986715,-128.4786208333333,-49.10115749999994,0.011111111111111112,19:00
VNI,forward,Spring,39,87,867.5090066666667,998.547,-246.37555666666663,-159.48527333333334,0.040229885057471264,19:30
VNI,forward,Spring,40,89,857.91914,1042.3166233333334,-199.51212166666664,-162.96453999999994,-0.016853932584269662,20:00
VNI,forward,Spring,41,89,861.9490516666666,998.1775366666667,-189.00990333333345,-67.08686,0.10674157303370786,20:30
VNI,forward,Spring,42,88,791.892285,969.9350633333333,-148.98476083333335,-77.42139916666665,0.07954545454545454,21:00
VNI,forward,Spring,43,88,872.3539099999999,967.50676,-102.64514249999996,-38.410660833333395,0.022727272727272728,21:30
VNI,forward,Spring,44,86,881.2328591666667,1012.2630200000001,-73.5355725,-72.8829291666666,0.046511627906976744,22:00
VNI,forward,Spring,45,81,883.8978183333334,933.5774733333333,-49.26932499999998,-8.805535833333238,0.1419753086419753,22:30
VNI,forward,Spring,46,81,888.433955,1033.7292191666666,-82.410435,-0.746521666666581,0.006172839506172839,23:00
VNI,forward,Spring,47,81,898.6489499999999,963.5594383333333,-31.44136833333323,15.767364999999927,-0.1111111111111111,23:30
VNI,forward,Summer,0,28,803.0769325000001,838.6958533333333,-44.30582833333335,-26.59929833333328,0.017857142857142856,00:00
VNI,forward,Summer,1,26,808.4218341666667,808.8104004166667,-59.98403999999999,76.0053225,0.07692307692307693,00:30
VNI,forward,Summer,2,23,730.9213233333334,784.1704191666666,-80.32374333333325,-16.228515000000016,0.13043478260869565,01:00
VNI,forward,Summer,3,23,658.6511383333333,823.8565083333333,-147.12524500000006,-148.55423166666668,0.13043478260869565,01:30
VNI,forward,Summer,4,23,650.638225,830.3305116666666,-129.48455333333334,-107.16610500000002,0.17391304347826086,02:00
VNI,forward,Summer,5,23,657.8399833333333,799.95366,-122.82865000000004,-170.43590166666667,0.17391304347826086,02:30
VNI,forward,Summer,6,21,635.616175,822.9227099999999,-129.82971166666675,-393.90245833333336,0.14285714285714285,03:00
VNI,forward,Summer,7,21,655.6016316666667,778.4050350000001,-158.22378000000015,-299.9226308333333,0.14285714285714285,03:30
VNI,forward,Summer,8,21,683.5116266666668,793.2917116666667,-183.76136916666667,-173.112585,0.14285714285714285,04:00
VNI,forward,Summer,9,23,752.6035350000001,831.2031666666667,-207.66594833333352,-253.52038,-0.043478260869565216,04:30
VNI,forward,Summer,10,24,810.0328575,859.2684575,-171.93120333333331,-206.4124583333333,0.0,05:00
VNI,forward,Summer,11,24,862.7137283333334,866.8705466666667,-46.47220749999997,-241.9912316666667,-0.10416666666666667,05:30
VNI,forward,Summer,12,27,842.7857583333333,742.8414383333334,2.2457158333332927,79.24943249999998,-0.018518518518518517,06:00
VNI,forward,Summer,13,31,726.40144,741.1681891666666,19.0027566666667,-143.15129416666667,-0.016129032258064516,06:30
VNI,forward,Summer,14,36,555.8824475,599.2313366666666,-62.790272083333434,-109.8693566666667,0.027777777777777776,07:00
VNI,forward,Summer,15,44,438.92311916666665,444.70886291666665,16.67026500000003,-30.924716666666672,-0.09090909090909091,07:30
VNI,forward,Summer,16,43,166.603965,80.75840750000002,139.26950499999995,-53.44987166666668,0.0,08:00
VNI,forward,Summer,17,45,-41.048795000000005,-103.52526999999999,168.42481999999995,28.968357500000025,-0.011111111111111112,08:30
VNI,forward,Summer,18,44,13.541032499999998,-181.94647916666668,140.27507916666667,-1.3808787499999795,0.07954545454545454,09:00
VNI,forward,Summer,19,42,1.9133658333333337,-156.44022416666667,99.0379375,-83.08582583333333,0.16666666666666666,09:30
VNI,forward,Summer,20,37,32.66788666666667,-155.14880333333335,131.29058500000008,-39.80786500000002,0.05405405405405406,10:00
VNI,forward,Summer,21,39,-121.58301,-41.09410999999999,-76.37913500000002,-14.88641333333328,0.0,10:30
VNI,forward,Summer,22,36,-112.879925,-44.60359916666666,13.941972499999995,0.008988749999986112,0.0,11:00
VNI,forward,Summer,23,36,-92.49272500000001,-121.8391675,40.27930333333335,0.10714249999996639,0.05555555555555555,11:30
VNI,forward,Summer,24,38,-33.72720666666667,-122.04289333333332,193.85448750000003,140.70139166666664,0.039473684210526314,12:00
VNI,forward,Summer,25,37,-30.817843333333332,-94.2327925,132.77461833333348,122.02934166666665,0.10810810810810811,12:30
VNI,forward,Summer,26,35,-26.99728,-65.47264833333334,116.58685166666666,64.25397666666669,0.11428571428571428,13:00
VNI,forward,Summer,27,35,-66.49976333333332,-80.438495,199.56993999999997,119.95858333333331,0.11428571428571428,13:30
VNI,forward,Summer,28,37,-26.606126666666665,-46.68544,70.85517000000002,144.6539666666667,0.013513513513513514,14:00
VNI,forward,Summer,29,37,4.248274999999997,-22.9639275,190.13541833333332,204.18652666666665,0.06756756756756757,14:30
VNI,forward,Summer,30,38,36.37121833333333,-26.047632083333333,75.03338916666667,52.84619416666672,0.13157894736842105,15:00
VNI,forward,Summer,31,34,26.485710833333332,-26.546068333333338,29.715999166666666,31.641358333333336,0.11764705882352941,15:30
VNI,forward,Summer,32,31,-1.1666666666666666e-05,-20.064301666666665,81.43850166666664,11.393528333333336,0.11290322580645161,16:00
VNI,forward,Summer,33,27,18.945764999999998,-48.392086666666664,154.4842483333333,-7.57806000000005,0.05555555555555555,16:30
VNI,forward,Summer,34,29,294.83977166666665,-47.22253166666667,79.68484333333322,-34.08232833333335,0.1896551724137931,17:00
VNI,forward,Summer,35,30,372.85282916666665,-3.9348450000000015,181.10047333333333,73.69761666666668,0.016666666666666666,17:30
VNI,forward,Summer,36,29,544.2804116666666,207.12184249999999,281.36063500000006,15.161643333333327,0.0,18:00
VNI,forward,Summer,37,23,527.5468083333334,581.1343466666667,72.92589499999997,-48.25153166666672,-0.043478260869565216,18:30
VNI,forward,Summer,38,23,783.4123533333333,778.318795,44.08438833333332,46.16314833333331,-0.043478260869565216,19:00
VNI,forward,Summer,39,23,919.9882266666667,872.496865,-24.722976666666682,-110.04251166666671,-0.08695652173913043,19:30
VNI,forward,Summer,40,24,917.7654483333333,1005.2670324999999,-144.86410083333328,-158.32986916666664,0.041666666666666664,20:00
VNI,forward,Summer,41,24,907.1679258333334,1066.7587558333335,-120.0355970833333,-176.34314458333333,0.041666666666666664,20:30
VNI,forward,Summer,42,23,948.5990166666667,1078.972655,-132.367565,-278.31529333333344,-0.17391304347826086,21:00
VNI,forward,Summer,43,23,915.885945,1149.9228583333334,-174.47109166666667,-224.2872166666667,-0.17391304347826086,21:30
VNI,forward,Summer,44,25,869.70861,1091.0747833333332,-179.69423999999992,-163.15806999999995,0.0,22:00
VNI,forward,Summer,45,26,862.1155066666666,1010.4471725000001,-67.78513333333336,-20.495439166666714,0.038461538461538464,22:30
VNI,forward,Summer,46,26,826.7426449999999,949.1873358333332,-59.15177416666654,-24.518010833333342,0.07692307692307693,23:00
VNI,forward,Summer,47,27,838.1972616666667,897.1527633333334,-84.75172166666653,-65.02284499999996,0.1111111111111111,23:30
VNI,forward,Winter,0,46,1021.7080191666666,958.3588675000001,58.60936583333324,-281.7184683333335,-0.20652173913043478,00:00
VNI,forward,Winter,1,44,987.0767158333334,941.24871875,36.18685083333338,-250.11602958333333,-0.18181818181818182,00:30
VNI,forward,Winter,2,42,930.9234666666666,948.3962716666667,-11.441473333333363,-196.24243916666666,-0.11904761904761904,01:00
VNI,forward,Winter,3,42,832.3938766666666,893.5397558333334,-22.757169166666756,-258.6152208333333,-0.21428571428571427,01:30
VNI,forward,Winter,4,43,819.6771033333333,900.6358616666666,15.208221666666645,-297.47289166666667,-0.23255813953488372,02:00
VNI,forward,Winter,5,44,861.2557575000001,910.6055074999999,32.71397999999988,-169.54840166666665,-0.20454545454545456,02:30
VNI,forward,Winter,6,45,877.05951,874.00121,26.095694999999978,-107.19834166666668,-0.13333333333333333,03:00
VNI,forward,Winter,7,46,886.9144758333333,883.2515916666666,8.575630833333435,-23.322475416666677,-0.17391304347826086,03:30
VNI,forward,Winter,8,46,903.194345,889.289055,35.07759666666669,-99.34004583333335,-0.17391304347826086,04:00
VNI,forward,Winter,9,48,953.3579175000001,892.6048266666667,-0.8919908333332387,-193.51460916666656,-0.22916666666666666,04:30
VNI,forward,Winter,10,46,981.103385,974.3641358333332,4.099914166666622,-162.32487166666667,-0.22826086956521738,05:00
VNI,forward,Winter,11,46,958.5339341666668,1042.9827841666668,9.432057083333348,-207.06031249999995,-0.15217391304347827,05:30
VNI,forward,Winter,12,47,938.6110583333334,1022.0296666666667,-15.015781666666726,-321.0710433333333,-0.19148936170212766,06:00
VNI,forward,Winter,13,47,1049.3286566666666,1013.81459,-11.54772250000019,-78.82666166666667,-0.10638297872340426,06:30
VNI,forward,Winter,14,49,897.757015,994.63022,-38.0012333333334,-125.24146999999994,0.02040816326530612,07:00
VNI,forward,Winter,15,66,884.9366058333333,903.8059125,30.538803333333306,-50.39908666666673,-0.17424242424242425,07:30
VNI,forward,Winter,16,61,826.4118766666667,801.5927716666667,-101.03949,-26.326373333333322,-0.02459016393442623,08:00
VNI,forward,Winter,17,56,760.3554941666666,707.7453008333333,20.27959333333331,26.50597291666668,-0.044642857142857144,08:30
VNI,forward,Winter,18,64,645.6870349999999,770.9190283333334,-62.01101249999999,18.9085441666667,0.046875,09:00
VNI,forward,Winter,19,64,616.2363416666667,647.1180408333332,-61.30318749999995,31.495260833333333,0.03125,09:30
VNI,forward,Winter,20,67,540.78314,616.7787183333334,-21.61827999999997,21.20445666666663,0.1044776119402985,10:00
VNI,forward,Winter,21,65,542.2167966666667,618.75637,5.591492500000015,-31.932943333333355,0.046153846153846156,10:30
VNI,forward,Winter,22,65,528.2410666666666,620.8345716666666,-27.486618333333354,-139.80439166666667,0.03076923076923077,11:00
VNI,forward,Winter,23,65,540.3044916666666,597.0034283333333,-2.858249999999998,-62.37718333333339,-0.007692307692307693,11:30
VNI,forward,Winter,24,67,592.7635,632.4199358333333,-13.895836666666696,-13.3586283333334,-0.05223880597014925,12:00
VNI,forward,Winter,25,65,568.61207,661.1636058333333,-5.151589999999942,9.692861666666658,-0.1076923076923077,12:30
VNI,forward,Winter,26,58,658.7474933333333,667.1299333333334,12.541685833333304,-63.27705416666666,-0.27586206896551724,13:00
VNI,forward,Winter,27,58,690.9814283333334,690.3184008333334,17.172658333333402,-85.80295999999998,-0.21551724137931033,13:30
VNI,forward,Winter,28,59,705.6593750000001,706.8280316666668,40.527289999999994,-22.16077333333328,-0.1694915254237288,14:00
VNI,forward,Winter,29,58,651.5418425,686.5907341666666,63.1339675,-14.51620416666671,-0.2413793103448276,14:30
VNI,forward,Winter,30,58,719.6318249999999,666.7554587499999,58.97327875000008,-48.75601499999999,-0.13793103448275862,15:00
VNI,forward,Winter,31,56,733.8341541666666,633.0257266666666,76.77489624999998,37.47369541666666,-0.08035714285714286,15:30
VNI,forward,Winter,32,62,760.9022233333334,658.3448575,108.74927916666672,54.76072874999994,-0.13709677419354838,16:00
VNI,forward,Winter,33,63,878.4686633333334,828.044145,44.78699999999998,-17.252359999999996,0.0,16:30
VNI,forward,Winter,34,64,901.28799,909.8790266666666,-65.39725000000004,-90.63656583333332,0.015625,17:00
VNI,forward,Winter,35,54,940.2021599999999,1011.3419104166667,-11.869882500000017,-97.54227583333335,-0.018518518518518517,17:30
VNI,forward,Winter,36,54,896.9455149999999,1111.0161220833334,-44.226898333333395,-99.10754833333334,-0.05555555555555555,18:00
VNI,forward,Winter,37,51,972.3555516666667,1074.4520583333333,-45.53549333333331,-167.84294,-0.12745098039215685,18:30
VNI,forward,Winter,38,49,1001.3641533333333,1062.2768116666666,33.953816666666626,-196.26156666666665,-0.16326530612244897,19:00
VNI,forward,Winter,39,45,1008.3489116666666,1032.315325,15.254046666666682,-269.9094233333334,-0.15555555555555556,19:30
VNI,forward,Winter,40,46,971.5922516666667,1043.4962608333335,11.462515833333555,-278.5333325,-0.06521739130434782,20:00
VNI,forward,Winter,41,44,1019.233185,998.873975,24.05002583333328,-214.7938441666667,-0.18181818181818182,20:30
VNI,forward,Winter,42,47,1033.7334666666668,998.2200191666667,9.711903333333339,-149.00729333333334,-0.1702127659574468,21:00
VNI,forward,Winter,43,46,1057.8470491666667,1072.4262533333333,24.159708333333413,-195.33260833333333,-0.1956521739130435,21:30
VNI,forward,Winter,44,46,1036.291915,1072.4262533333333,70.19440916666667,-154.46070750000007,-0.1956521739130435,22:00
VNI,forward,Winter,45,46,1033.3742391666667,976.6274679166667,105.00526541666682,-177.40435916666664,-0.17391304347826086,22:30
VNI,forward,Winter,46,43,1061.1636183333333,1038.2271250000001,51.1111783333331,-220.31156666666664,-0.23255813953488372,23:00
VNI,forward,Winter,47,43,1045.9971766666667,1010.0088216666667,93.32226666666668,-181.2003433333333,-0.20930232558139536,23:30
VNI,reverse,Autumn,0,81,289.985915,344.29111166666667,-119.04639166666664,117.40142166666669,0.07407407407407407,00:00
VNI,reverse,Autumn,1,78,311.54678416666667,382.0817891666667,-90.951895,99.46856416666665,0.08974358974358974,00:30
VNI,reverse,Autumn,2,75,305.20116666666667,380.41859583333337,-105.3647033333333,141.24611499999992,0.05333333333333334,01:00
VNI,reverse,Autumn,3,75,301.80852,370.5105116666667,-79.36273333333332,82.79721083333332,0.02666666666666667,01:30
VNI,reverse,Autumn,4,76,308.0695883333333,371.2397075,-45.17703708333326,17.81200000000004,0.02631578947368421,02:00
VNI,reverse,Autumn,5,75,318.9790066666667,368.62416666666667,-53.291163333333316,10.60769166666671,0.05333333333333334,02:30
VNI,reverse,Autumn,6,73,321.84743333333336,373.25349,-87.69961666666663,-31.848621666666702,0.0410958904109589,03:00
VNI,reverse,Autumn,7,73,323.10397,386.59335000000004,-78.01582666666667,50.53218666666669,0.0410958904109589,03:30
VNI,reverse,Autumn,8,74,323.58644000000004,448.18431333333336,-99.35835666666665,87.87845250000001,0.08108108108108109,04:00
VNI,reverse,Autumn,9,74,320.3696575,393.2836766666667,-62.9026566666667,2.941556666666642,0.0472972972972973,04:30
VNI,reverse,Autumn,10,73,322.67735999999996,431.420325,-152.9758050000001,27.642501666666703,0.0410958904109589,05:00
VNI,reverse,Autumn,11,78,332.44928166666665,431.420325,-116.43064416666667,48.60388499999992,0.00641025641025641,05:30
VNI,reverse,Autumn,12,85,322.60048,410.35657,-128.69488166666667,37.17398666666668,0.07058823529411765,06:00
VNI,reverse,Autumn,13,111,292.41020499999996,385.8717016666667,-74.44312166666667,-76.15960333333335,0.0045045045045045045,06:30
VNI,reverse,Autumn,14,108,277.6901858333333,383.90401833333334,-56.017013333333324,-34.01325583333332,0.018518518518518517,07:00
VNI,reverse,Autumn,15,106,312.23723666666666,400.71711999999997,-54.0565891666667,-4.300432499999975,0.09905660377358491,07:30
VNI,reverse,Autumn,16,110,369.65426499999995,409.726695,-54.6937283333333,-40.369355833333316,0.07727272727272727,08:00
VNI,reverse,Autumn,17,106,351.84872666666666,375.49165916666664,-28.541594999999987,-18.75314666666668,0.0047169811320754715,08:30
VNI,reverse,Autumn,18,109,510.068155,460.8176416666667,0.8943749999999966,-16.832409166666665,-0.05963302752293578,09:00
VNI,reverse,Autumn,19,111,531.58357,457.39457999999996,-6.3790983333333315,-88.73369666666667,-0.0945945945945946,09:30
VNI,reverse,Autumn,20,111,574.354735,586.0287791666667,-40.68394999999998,-61.743263333333346,-0.04054054054054054,10:00
VNI,reverse,Autumn,21,110,582.0641533333334,596.2035033333334,-54.0172808333333,-93.12838666666663,0.00909090909090909,10:30
VNI,reverse,Autumn,22,113,597.7490383333333,603.0847366666667,-63.1327316666667,-88.41859666666664,0.017699115044247787,11:00
VNI,reverse,Autumn,23,113,597.2545833333334,629.5877275,-74.14166333333338,-78.857525,0.061946902654867256,11:30
VNI,reverse,Autumn,24,112,608.5381225,682.623785,-74.79247750000002,-99.05427375,0.08928571428571429,12:00
VNI,reverse,Autumn,25,112,610.928595,710.7657266666668,-79.39822166666664,-71.172355,0.05357142857142857,12:30
VNI,reverse,Autumn,26,116,610.2274766666667,693.3628666666666,-57.03673374999997,18.22817916666665,0.03879310344827586,13:00
VNI,reverse,Autumn,27,117,601.9813533333333,694.3005516666667,-103.71310833333325,-65.80215666666666,0.02564102564102564,13:30
VNI,reverse,Autumn,28,117,572.18712,703.6715066666667,-87.8268108333333,-73.128985,-0.008547008547008548,14:00
VNI,reverse,Autumn,29,115,609.36058,703.6715066666667,-109.44955999999996,-50.52730333333335,-0.017391304347826087,14:30
VNI,reverse,Autumn,30,115,632.23625,641.2060816666667,-61.30216833333327,-8.707594166666695,-0.021739130434782608,15:00
VNI,reverse,Autumn,31,111,591.9818116666667,652.17044,-86.05421833333332,-6.630378333333333,0.06756756756756757,15:30
VNI,reverse,Autumn,32,109,559.1039916666667,662.00967,-24.778511666666645,44.02995000000004,0.05504587155963303,16:00
VNI,reverse,Autumn,33,99,483.82984166666665,708.5124433333334,-154.97254166666664,3.008496666666673,0.050505050505050504,16:30
VNI,reverse,Autumn,34,102,479.46911666666665,599.0388866666666,-6.065942500000006,68.25460666666667,0.024509803921568627,17:00
VNI,reverse,Autumn,35,97,509.20137500000004,514.96515,-23.587384999999983,111.12530833333335,0.04639175257731959,17:30
VNI,reverse,Autumn,36,89,525.9304633333333,478.51024333333334,29.55885833333332,175.75875666666667,0.06741573033707865,18:00
VNI,reverse,Autumn,37,86,334.91642666666667,508.4776025,-79.40155833333334,185.59273833333333,0.005813953488372093,18:30
VNI,reverse,Autumn,38,85,363.07351666666665,517.970785,-104.43684583333334,182.82139,0.07647058823529412,19:00
VNI,reverse,Autumn,39,84,373.62079083333333,534.9943816666666,-130.17093,275.42540333333335,-0.023809523809523808,19:30
VNI,reverse,Autumn,40,77,281.99124333333333,435.63079833333336,-141.61925833333333,152.16057333333333,0.012987012987012988,20:00
VNI,reverse,Autumn,41,79,309.16953333333333,411.427375,-152.59482833333334,120.32093500000002,0.08860759493670886,20:30
VNI,reverse,Autumn,42,79,288.122315,420.4669225,-106.05313166666666,71.06084166666666,0.0759493670886076,21:00
VNI,reverse,Autumn,43,78,271.43102416666665,406.44094500000006,-125.18106166666665,-21.829473333333265,0.05128205128205128,21:30
VNI,reverse,Autumn,44,77,260.02181666666667,344.37641833333333,-90.89009499999999,68.89784,0.1038961038961039,22:00
VNI,reverse,Autumn,45,77,264.41945333333337,348.671865,-118.81128166666662,-13.137121666666758,0.03896103896103896,22:30
VNI,reverse,Autumn,46,75,256.89938166666667,366.78212666666667,-125.80171500000006,84.91466999999989,0.04,23:00
VNI,reverse,Autumn,47,77,264.42756833333334,358.33739833333334,-109.05487833333333,106.16704500000003,0.06493506493506493,23:30
VNI,reverse,Spring,0,63,299.62072166666667,328.2351991666667,-99.30838333333332,48.69036166666672,0.015873015873015872,00:00
VNI,reverse,Spring,1,64,292.1032333333334,314.63415333333336,-62.78206416666666,54.715655833333244,0.015625,00:30
VNI,reverse,Spring,2,60,302.0189291666667,314.63415333333336,-83.43285166666666,-12.148703333333401,0.08333333333333333,01:00
VNI,reverse,Spring,3,62,297.80574916666666,356.1513891666667,-68.50612583333334,-15.176015833333395,0.04838709677419355,01:30
VNI,reverse,Spring,4,62,311.43786166666666,369.72018166666663,-75.88571125000001,18.717123333333348,0.03225806451612903,02:00
VNI,reverse,Spring,5,60,314.52114666666665,345.16407749999996,-18.495949166666634,-70.03286583333335,0.03333333333333333,02:30
VNI,reverse,Spring,6,61,334.3877966666667,334.97393166666666,3.577124999999967,-65.4722466666667,0.01639344262295082,03:00
VNI,reverse,Spring,7,62,351.96925999999996,355.7729841666667,-9.104743333333289,-16.13772583333332,0.03225806451612903,03:30
VNI,reverse,Spring,8,62,354.962105,368.25314791666665,-29.67158624999999,-6.005926666666653,0.0,04:00
VNI,reverse,Spring,9,62,371.6179783333333,335.14081833333336,1.4231975000000432,-90.70073916666666,-0.03225806451612903,04:30
VNI,reverse,Spring,10,67,373.636365,300.26063166666665,9.230918333333364,-38.85019,-0.029850746268656716,05:00
VNI,reverse,Spring,11,72,348.72121500000003,353.25346125000004,-35.64884000000002,-42.17459000000002,0.027777777777777776,05:30
VNI,reverse,Spring,12,78,363.35495833333334,326.9150116666667,-13.634528749999959,8.326826666666648,0.038461538461538464,06:00
VNI,reverse,Spring,13,90,411.6618533333334,382.13228499999997,10.409561666666718,85.20819666666671,0.1111111111111111,06:30
VNI,reverse,Spring,14,90,496.87448416666666,521.1894916666666,39.23763416666657,90.74872000000005,0.044444444444444446,07:00
VNI,reverse,Spring,15,89,589.64571,587.7769199999999,16.801545000000147,111.35235166666666,0.07303370786516854,07:30
VNI,reverse,Spring,16,91,587.74869,617.0475416666667,46.456553333333375,180.67628666666667,0.10989010989010989,08:00
VNI,reverse,Spring,17,93,603.8038533333333,659.1482133333333,30.190589999999986,167.85694166666664,0.05913978494623656,08:30
VNI,reverse,Spring,18,95,565.8787033333333,638.7780966666667,0.3338300000000345,169.1517216666667,0.06315789473684211,09:00
VNI,reverse,Spring,19,87,549.9859716666666,639.4815766666667,-46.222913333333395,141.09596666666664,0.08620689655172414,09:30
VNI,reverse,Spring,20,95,625.40408,626.59561,28.071049999999957,195.81927833333333,0.07368421052631578,10:00
VNI,reverse,Spring,21,98,614.21252,672.7512566666666,-15.257489583333324,227.62399249999999,0.08163265306122448,10:30
VNI,reverse,Spring,22,103,614.9279733333334,633.066315,-46.507414999999924,69.93022500000001,0.06310679611650485,11:00
VNI,reverse,Spring,23,100,638.8750575,600.0293275,-7.211903333333339,32.19639833333333,0.075,11:30
VNI,reverse,Spring,24,101,656.185285,533.65385,-2.02389833333325,-35.08615666666668,0.054455445544554455,12:00
VNI,reverse,Spring,25,99,686.6256766666667,500.557115,-13.437863333333325,-95.00097500000004,-0.015151515151515152,12:30
VNI,reverse,Spring,26,100,698.04436,480.9005958333333,139.21285583333338,-35.81657333333334,-0.135,13:00
VNI,reverse,Spring,27,102,603.8636225,485.3559116666667,56.64046000000005,14.69341166666666,-0.024509803921568627,13:30
VNI,reverse,Spring,28,101,676.2991949999999,566.2421375,48.3533216666666,19.54453833333332,0.08415841584158416,14:00
VNI,reverse,Spring,29,103,659.01947,715.36945,-36.15705333333335,7.001518333333365,0.11165048543689321,14:30
VNI,reverse,Spring,30,100,708.9582375000001,689.7833733333333,-4.697341666666603,-14.886245833333337,0.105,15:00
VNI,reverse,Spring,31,97,759.2832533333334,674.2679016666667,-47.85667833333321,87.73852833333319,0.015463917525773196,15:30
VNI,reverse,Spring,32,86,684.5502716666666,685.3361816666667,-68.58231333333327,95.94865333333334,0.01744186046511628,16:00
VNI,reverse,Spring,33,85,681.8321533333333,719.3974866666667,-60.52957166666667,-12.082033333333342,-0.058823529411764705,16:30
VNI,reverse,Spring,34,81,669.1359833333333,719.3974866666667,-17.392999999999972,57.32437333333337,-0.030864197530864196,17:00
VNI,reverse,Spring,35,80,583.22982,705.8525516666666,52.08868000000007,15.607791666666675,-0.05625,17:30
VNI,reverse,Spring,36,73,669.3381833333334,524.7055916666667,144.6325916666667,-49.8664133333333,-0.03424657534246575,18:00
VNI,reverse,Spring,37,75,659.4886033333333,469.7033983333333,122.11639166666669,-12.52107,-0.04666666666666667,18:30
VNI,reverse,Spring,38,75,542.52229,470.0240575,90.39252083333326,-23.687291666666667,0.02,19:00
VNI,reverse,Spring,39,66,539.0102141666666,540.7240745833333,-80.68192583333331,64.10154374999996,0.13636363636363635,19:30
VNI,reverse,Spring,40,67,437.68338,452.5012033333333,12.25150833333339,75.33666833333325,0.07462686567164178,20:00
VNI,reverse,Spring,41,69,516.9287066666667,476.8272816666667,6.223649999999992,67.08686,0.057971014492753624,20:30
VNI,reverse,Spring,42,67,418.05904000000004,444.53358166666663,-77.22239666666665,14.721556666666743,0.08955223880597014,21:00
VNI,reverse,Spring,43,70,373.7755491666667,444.53358166666663,-25.486587499999928,12.643972500000018,0.02142857142857143,21:30
VNI,reverse,Spring,44,66,388.34105,459.20744375,-66.13076583333336,35.57798833333331,0.0,22:00
VNI,reverse,Spring,45,63,343.73690166666665,402.52185499999996,-91.61702833333331,-42.030010000000004,0.0,22:30
VNI,reverse,Spring,46,64,279.5938966666667,398.35615583333333,-92.7050766666666,-13.956323333333216,0.0,23:00
VNI,reverse,Spring,47,65,308.20716166666665,344.56436833333333,-119.36277666666666,-15.767364999999927,0.015384615384615385,23:30
VNI,reverse,Summer,0,47,259.30241333333333,267.68987999999996,-18.65685000000002,1.7504966666666633,0.0,00:00
VNI,reverse,Summer,1,46,255.496825,289.44895916666667,15.33812416666666,-82.54133083333333,0.010869565217391304,00:30
VNI,reverse,Summer,2,44,258.90875416666665,309.4884875,-24.77345999999997,-31.48969833333328,0.056818181818181816,01:00
VNI,reverse,Summer,3,43,260.7091833333333,342.22527333333335,-76.73067666666668,49.37639166666668,0.0,01:30
VNI,reverse,Summer,4,42,272.6522358333333,355.53369,-56.72524166666666,14.458756250000022,0.023809523809523808,02:00
VNI,reverse,Summer,5,42,293.05159749999996,353.28726333333327,-39.58671250000003,39.60457666666662,0.023809523809523808,02:30
VNI,reverse,Summer,6,38,281.7581925,373.6836766666667,-29.761687500000022,98.89873041666662,0.0,03:00
VNI,reverse,Summer,7,38,266.03866,357.33573416666667,-35.844735000000014,33.74602500000002,-0.02631578947368421,03:30
VNI,reverse,Summer,8,38,297.66322083333336,357.6678033333333,-11.864019166666651,23.87163874999999,0.0,04:00
VNI,reverse,Summer,9,41,246.95209166666666,337.838505,-77.68048666666667,13.080598333333327,0.0,04:30
VNI,reverse,Summer,10,41,256.483855,336.75606,-79.57072166666667,2.398493333333363,-0.04878048780487805,05:00
VNI,reverse,Summer,11,44,225.17012916666664,326.8625783333333,-89.98147333333333,-210.0789916666667,-0.045454545454545456,05:30
VNI,reverse,Summer,12,50,248.73267916666668,265.2883766666667,-58.44413791666666,-72.85172541666664,-0.06,06:00
VNI,reverse,Summer,13,58,272.408495,425.90974374999996,-100.91894249999996,-23.53277541666666,-0.017241379310344827,06:30
VNI,reverse,Summer,14,59,404.93848333333335,451.5992183333333,-46.395884999999964,46.0318975,0.13559322033898305,07:00
VNI,reverse,Summer,15,66,549.8077583333334,544.1429049999999,7.329571666666652,11.530921249999977,0.05303030303030303,07:30
VNI,reverse,Summer,16,61,621.1493416666667,712.1826591666666,-133.02186500000005,-65.967455,0.09836065573770492,08:00
VNI,reverse,Summer,17,61,662.7011383333333,665.7822233333333,0.7766816666667182,-100.86455666666666,-0.07377049180327869,08:30
VNI,reverse,Summer,18,59,677.0335,736.9611883333332,-31.92080499999986,-60.53892666666666,-0.06779661016949153,09:00
VNI,reverse,Summer,19,56,711.4823891666667,673.5482516666667,66.42826916666661,-5.482214166666665,-0.026785714285714284,09:30
VNI,reverse,Summer,20,50,642.1361633333333,803.2103566666667,-62.844093333333376,43.38365583333335,0.06,10:00
VNI,reverse,Summer,21,52,687.41691,764.7358975,-34.45528750000005,33.656013333333334,0.019230769230769232,10:30
VNI,reverse,Summer,22,50,670.7538658333333,661.4337583333333,15.349713333333325,-1.5639591666667059,-0.08,11:00
VNI,reverse,Summer,23,48,655.6159033333333,744.1658716666666,-88.8508066666667,6.824921250000022,0.052083333333333336,11:30
VNI,reverse,Summer,24,55,656.5495583333333,699.7585599999999,-88.18498166666666,-142.28685333333334,0.00909090909090909,12:00
VNI,reverse,Summer,25,55,603.7510583333333,603.7510583333333,-56.720706666666786,-122.02934166666665,-0.11818181818181818,12:30
VNI,reverse,Summer,26,55,641.3190166666667,667.7969766666666,-90.1539949999999,-161.0500133333333,-0.11818181818181818,13:00
VNI,reverse,Summer,27,55,673.4456783333334,727.6716683333334,-53.164966666666714,-222.06533500000003,-0.10909090909090909,13:30
VNI,reverse,Summer,28,57,686.5612083333334,774.1501750000001,-109.80723749999993,-154.025945,-0.09649122807017543,14:00
VNI,reverse,Summer,29,58,599.8625958333333,676.8468266666666,-136.52830249999994,-276.41569250000003,-0.15517241379310345,14:30
VNI,reverse,Summer,30,60,587.4068333333333,606.2736383333333,-33.06954291666659,-110.81000083333333,-0.25,15:00
VNI,reverse,Summer,31,57,583.54071,603.91381,-3.247591666666608,-160.26728500000002,0.07894736842105263,15:30
VNI,reverse,Summer,32,54,587.2023941666666,728.9886945833332,-89.5912183333334,-122.59097249999998,-0.027777777777777776,16:00
VNI,reverse,Summer,33,44,699.2060199999999,635.3841320833333,79.54617999999996,-11.686660833333335,-0.022727272727272728,16:30
VNI,reverse,Summer,34,50,619.6862241666668,580.8309570833333,52.52370041666671,-33.06336708333333,-0.11,17:00
VNI,reverse,Summer,35,52,430.822955,643.2550433333333,-67.81791333333334,-18.297763333333336,0.09615384615384616,17:30
VNI,reverse,Summer,36,51,575.80512,584.3089408333333,-17.279921666666667,40.902405,0.12745098039215685,18:00
VNI,reverse,Summer,37,42,503.4565416666667,679.7934583333333,-110.97490499999998,193.88275125000007,0.16666666666666666,18:30
VNI,reverse,Summer,38,43,521.2236766666666,531.6579083333332,-90.42073500000004,96.01166833333332,0.06976744186046512,19:00
VNI,reverse,Summer,39,44,489.1692316666667,476.56257000000005,-42.54165333333327,59.233125833333304,0.11363636363636363,19:30
VNI,reverse,Summer,40,46,474.0570733333333,382.20371500000005,-36.72323833333337,6.114595833333304,0.08695652173913043,20:00
VNI,reverse,Summer,41,46,398.8807016666667,340.09696833333334,33.41949916666666,-5.498445416666698,0.10869565217391304,20:30
VNI,reverse,Summer,42,47,322.31065333333333,253.88485500000002,-2.716651666666735,82.34046000000001,0.0851063829787234,21:00
VNI,reverse,Summer,43,47,252.287325,212.19271916666668,-47.173519999999996,39.655205000000024,0.06382978723404255,21:30
VNI,reverse,Summer,44,49,289.4310933333333,153.20804,43.18431999999999,118.73893333333334,0.0,22:00
VNI,reverse,Summer,45,49,330.74356,148.79703166666667,65.22448333333334,-24.9853599999999,0.0,22:30
VNI,reverse,Summer,46,49,308.23594499999996,179.29480666666666,26.1327716666666,-36.93733833333329,-0.02040816326530612,23:00
VNI,reverse,Summer,47,47,266.8163133333333,286.24006333333335,3.3899883333333207,-33.182823333333324,0.0425531914893617,23:30
VNI,reverse,Winter,0,59,313.68597500000004,351.4788566666667,-24.200593333333245,-32.48605500000008,0.05084745762711865,00:00
VNI,reverse,Winter,1,56,329.00505583333336,344.124675,42.02153416666664,88.78208624999996,0.10714285714285714,00:30
VNI,reverse,Winter,2,55,343.50894,332.49621333333334,44.58414666666664,127.02987333333328,0.09090909090909091,01:00
VNI,reverse,Winter,3,52,358.0567175,319.9312258333333,15.987883333333315,87.06341750000001,0.057692307692307696,01:30
VNI,reverse,Winter,4,51,361.92670666666663,325.0515325,47.535078333333274,27.27634666666667,0.0784313725490196,02:00
VNI,reverse,Winter,5,51,320.92588666666666,330.8541583333333,2.55772166666668,20.41064333333327,0.0784313725490196,02:30
VNI,reverse,Winter,6,51,331.5287216666667,333.37457333333333,23.449908333333326,2.6342533333332767,0.0196078431372549,03:00
VNI,reverse,Winter,7,51,315.9026083333333,324.35313,26.666514999999947,-25.951319999999896,0.049019607843137254,03:30
VNI,reverse,Winter,8,50,306.1930916666667,311.16836249999994,-17.35077874999999,-15.67829916666659,0.0,04:00
VNI,reverse,Winter,9,50,317.63198,334.92677333333336,-26.929884999999956,-9.530886666666675,-0.04,04:30
VNI,reverse,Winter,10,47,323.44881333333336,363.7845716666667,6.780269999999973,-1.625876666666727,-0.0425531914893617,05:00
VNI,reverse,Winter,11,47,324.87142666666665,361.3320033333334,-62.71518833333333,-1.8791350000000193,0.0425531914893617,05:30
VNI,reverse,Winter,12,56,309.6809541666667,394.22004,-86.12368416666665,102.89421083333337,0.03571428571428571,06:00
VNI,reverse,Winter,13,55,368.2928733333333,382.4699616666667,-17.182260000000042,17.164642500000127,0.0,06:30
VNI,reverse,Winter,14,65,359.3391733333333,322.142655,68.11663333333343,82.10697833333336,0.03076923076923077,07:00
VNI,reverse,Winter,15,77,358.37146,300.35043666666667,3.6043333333333294,80.99981333333335,0.03896103896103896,07:30
VNI,reverse,Winter,16,80,340.6832191666666,265.9872408333333,19.931366666666648,98.85273458333324,0.05625,08:00
VNI,reverse,Winter,17,81,321.26153833333336,258.21441666666664,-25.82591666666667,-40.82294749999997,0.10493827160493827,08:30
VNI,reverse,Winter,18,93,313.2803083333333,374.71308,-24.760485000000017,-1.358718333333286,0.08064516129032258,09:00
VNI,reverse,Winter,19,93,372.2537766666667,442.49465499999997,-60.60283000000004,-42.30901833333334,0.03225806451612903,09:30
VNI,reverse,Winter,20,94,434.09351666666663,460.54637333333335,-38.08617166666667,-22.726743333333317,0.02127659574468085,10:00
VNI,reverse,Winter,21,91,442.4397516666666,483.72021,-25.425545000000056,-22.104780000000005,-0.005494505494505495,10:30
VNI,reverse,Winter,22,92,465.1649841666666,466.7077191666666,-13.372773749999965,52.74202500000003,0.02717391304347826,11:00
VNI,reverse,Winter,23,90,465.77881666666667,467.47718166666664,-42.59735666666671,56.68941333333336,-0.016666666666666666,11:30
VNI,reverse,Winter,24,91,465.0099566666667,471.60793083333334,-16.22275833333339,26.477784999999926,-0.038461538461538464,12:00
VNI,reverse,Winter,25,90,467.00792333333334,499.12777083333333,-17.609347499999984,-8.21268166666664,-0.05,12:30
VNI,reverse,Winter,26,83,483.1084766666667,523.4297016666666,-55.71358500000002,83.49464499999999,0.012048192771084338,13:00
VNI,reverse,Winter,27,82,499.46955,508.8476708333333,-31.529442916666596,50.07859000000001,-0.036585365853658534,13:30
VNI,reverse,Winter,28,82,481.74145666666664,515.3908858333333,-81.64970750000006,14.229579166666639,-0.04878048780487805,14:00
VNI,reverse,Winter,29,83,507.1322866666667,494.3330383333334,-74.59474666666665,-36.33843666666667,-0.04819277108433735,14:30
VNI,reverse,Winter,30,83,517.7970833333333,515.9154083333333,-48.81124,13.879688333333348,-0.030120481927710843,15:00
VNI,reverse,Winter,31,81,479.55485999999996,489.41128333333336,-0.35030333333338604,-2.1443841666667254,0.024691358024691357,15:30
VNI,reverse,Winter,32,89,415.03575500000005,458.00864500000006,-84.27573499999994,-55.54582333333326,0.056179775280898875,16:00
VNI,reverse,Winter,33,88,339.4102266666667,479.14590791666666,-58.956763333333356,-39.105765833333336,0.06818181818181818,16:30
VNI,reverse,Winter,34,84,379.3377366666667,441.6771375000001,-117.15130458333334,-5.2516808333333245,0.0,17:00
VNI,reverse,Winter,35,74,433.97286249999996,446.01249,-41.85857749999997,27.790641666666655,0.08108108108108109,17:30
VNI,reverse,Winter,36,63,430.17299333333335,462.315095,-92.5529866666667,51.34755666666666,0.07936507936507936,18:00
VNI,reverse,Winter,37,57,462.315095,508.76450499999993,2.40457333333336,45.53549333333331,0.05263157894736842,18:30
VNI,reverse,Winter,38,60,509.90395666666666,517.4432858333333,-36.91840166666668,-16.120696249999924,0.03333333333333333,19:00
VNI,reverse,Winter,39,56,418.94069666666667,405.6588925,-108.14807666666673,26.14232666666664,0.03571428571428571,19:30
VNI,reverse,Winter,40,56,417.16123416666665,346.841425,27.826842499999998,56.21171666666666,0.03571428571428571,20:00
VNI,reverse,Winter,41,55,398.27217833333333,345.033635,60.90148000000005,42.75112500000003,0.05454545454545454,20:30
VNI,reverse,Winter,42,55,345.033635,312.5145616666667,97.044325,12.501298333333324,0.01818181818181818,21:00
VNI,reverse,Winter,43,56,302.59048583333333,312.7896516666667,87.28951375,17.994447083333398,0.08928571428571429,21:30
VNI,reverse,Winter,44,56,282.12617666666665,213.47307750000002,47.91579541666668,-57.98918916666668,0.026785714285714284,22:00
VNI,reverse,Winter,45,56,302.02634166666667,308.8477883333333,20.166401666666687,-72.01554833333341,-0.044642857142857144,22:30
VNI,reverse,Winter,46,55,319.80280666666664,321.725175,-113.74479833333328,-6.2491966666666485,0.0,23:00
VNI,reverse,Winter,47,53,307.98249833333335,313.372415,-37.17196999999999,8.075034999999957,0.05660377358490566,23:30
Basslink,forward,All,0,91,125.0,125.0,0.0,0.0,-0.016483516483516484,00:00
Basslink,forward,All,1,91,32.850453333333334,125.0,0.0,1.6438383333332922,-0.016483516483516484,00:30
Basslink,forward,All,2,84,0.0,125.0,0.0,-0.3411350000000084,-0.011904761904761904,01:00
Basslink,forward,All,3,83,0.0,125.0,0.0,0.4760166666666805,0.060240963855421686,01:30
Basslink,forward,All,4,84,-35.298255,28.216114166666664,0.0,-2.2543566666666868,-0.011904761904761904,02:00
Basslink,forward,All,5,84,-50.436923333333326,-88.01445333333334,0.0,-1.3483266666666793,0.03571428571428571,02:30
Basslink,forward,All,6,83,-85.10342666666666,-76.38583166666668,0.0,0.0,0.024096385542168676,03:00
Basslink,forward,All,7,83,-83.38932166666666,-70.48748333333333,0.0,0.0,0.03614457831325301,03:30
Basslink,forward,All,8,84,-77.20244416666667,-112.77657250000001,0.0,0.0,0.047619047619047616,04:00
Basslink,forward,All,9,90,0.0,-99.23791833333334,0.0,8.96747666666667,0.05555555555555555,04:30
Basslink,forward,All,10,90,0.0,-60.169245833333335,2.8711595833333377,12.174057500000032,0.05555555555555555,05:00
Basslink,forward,All,11,94,0.0,8.150129999999999,0.0,0.0,0.06382978723404255,05:30
Basslink,forward,All,12,100,5e-05,125.0,-23.889463333333296,-37.745513750000015,0.015,06:00
Basslink,forward,All,13,124,18.786373333333334,130.054145,-5.617035833333333,-28.601156666666682,-0.06451612903225806,06:30
Basslink,forward,All,14,129,103.37275,125.0,0.0,-0.4520550000000001,-0.01937984496124031,07:00
Basslink,forward,All,15,138,93.75,114.58333333333334,0.0,8.877035000000001,0.0036231884057971015,07:30
Basslink,forward,All,16,144,0.0,63.33195166666667,-1.5,-0.10399083333335568,0.006944444444444444,08:00
Basslink,forward,All,17,155,0.0,0.0,1.1910216666666429,13.059664999999995,0.01935483870967742,08:30
Basslink,forward,All,18,158,0.0,-46.29033833333333,0.0,12.075477499999991,0.0189873417721519,09:00
Basslink,forward,All,19,160,-59.047894166666666,-108.0326775,7.006791666666643,17.083049166666683,0.00625,09:30
Basslink,forward,All,20,155,-117.187515,-141.44855333333334,9.501919166666653,15.869809999999973,0.012903225806451613,10:00
Basslink,forward,All,21,152,-114.04858666666667,-132.610215,12.027473333333319,25.383440416666687,0.013157894736842105,10:30
Basslink,forward,All,22,156,-127.70002333333333,-122.83901374999999,2.4663779166666586,16.021271666666678,0.03205128205128205,11:00
Basslink,forward,All,23,147,-145.84636166666667,-146.119985,0.0,0.0,0.013605442176870748,11:30
Basslink,forward,All,24,147,-145.39861166666665,-144.74364333333332,0.6380075000000147,0.04555499999997892,0.013605442176870748,12:00
Basslink,forward,All,25,147,-149.05000333333334,-126.57754666666666,0.0,5.123760833333392,0.006802721088435374,12:30
Basslink,forward,All,26,153,-145.39398,-129.5640175,0.7751799999999918,2.903138333333345,0.013071895424836602,13:00
Basslink,forward,All,27,154,-145.2147,-128.88740166666668,0.0,12.62388333333331,0.01948051948051948,13:30
Basslink,forward,All,28,154,-139.81914833333332,-142.03235583333333,0.0,0.0,0.012987012987012988,14:00
Basslink,forward,All,29,154,-135.3387275,-146.60190833333334,0.0,0.10548583333331862,0.006493506493506494,14:30
Basslink,forward,All,30,153,-135.47775833333333,-142.92714166666667,2.2254549999999824,1.3577241666666282,0.013071895424836602,15:00
Basslink,forward,All,31,152,-136.302035,-126.83253333333334,0.0,-2.3697124999999915,0.013157894736842105,15:30
Basslink,forward,All,32,149,-119.41144333333334,-122.74936000000001,6.289188333333357,0.7627883333333898,-0.010067114093959731,16:00
Basslink,forward,All,33,141,-15.932291666666666,-95.49686833333334,0.0,12.757491666666738,0.01773049645390071,16:30
Basslink,forward,All,34,139,0.0001,36.961285,0.0,18.940243333333335,0.08992805755395683,17:00
Basslink,forward,All,35,118,73.40055333333333,110.11043166666667,0.0,9.580015000000031,0.08050847457627118,17:30
Basslink,forward,All,36,110,144.5228666666667,254.66630916666668,0.0,3.228395833333309,0.02727272727272727,18:00
Basslink,forward,All,37,102,237.33023833333334,309.65007,0.0,0.0,0.0392156862745098,18:30
Basslink,forward,All,38,102,269.64662166666665,320.0726716666667,-7.650811666666613,-12.709744166666695,0.09803921568627451,19:00
Basslink,forward,All,39,101,292.759665,345.190675,-3.0,-5.475488333333317,0.04455445544554455,19:30
Basslink,forward,All,40,97,300.52596,356.2547666666667,-8.756731666666667,-9.679578333333268,-0.04639175257731959,20:00
Basslink,forward,All,41,95,296.994175,346.30856666666665,0.0,-12.090948333333301,0.021052631578947368,20:30
Basslink,forward,All,42,89,182.03667,350.0,-5.783853333333354,-9.116943333333268,-0.02247191011235955,21:00
Basslink,forward,All,43,91,280.05,346.30856666666665,-3.0,-18.26789833333333,-0.04395604395604396,21:30
Basslink,forward,All,44,90,267.10297916666667,350.0,0.0,-1.8591350000000448,0.022222222222222223,22:00
Basslink,forward,All,45,91,210.16666666666666,333.949545,0.0,0.0,0.01098901098901099,22:30
Basslink,forward,All,46,90,167.02739416666668,303.04523,-0.75,-3.5212899999999996,-0.03333333333333333,23:00
Basslink,forward,All,47,90,153.44191083333334,222.72816,0.0,-2.869175000000009,-0.06666666666666667,23:30
Basslink,reverse,All,0,91,0.0,36.14665833333335,0.0,0.0,0.038461538461538464,00:00
Basslink,reverse,All,1,91,0.0,119.89295666666668,0.0,-1.6438383333332922,0.02197802197802198,00:30
Basslink,reverse,All,2,84,16.007595833333333,35.65165916666667,0.683255000000031,0.3411350000000084,0.08928571428571429,01:00
Basslink,reverse,All,3,83,125.0,125.0,-1.2174483333333228,-0.4760166666666805,0.024096385542168676,01:30
Basslink,reverse,All,4,84,139.44074833333332,125.0,2.2192258333333257,2.2543566666666868,0.07142857142857142,02:00
Basslink,reverse,All,5,84,139.5574375,311.6164091666667,5.090905833333352,1.3483266666666793,0.011904761904761904,02:30
Basslink,reverse,All,6,83,267.52593,286.9666683333333,0.0,0.0,0.10240963855421686,03:00
Basslink,reverse,All,7,83,200.533335,247.82475416666665,0.0,0.0,0.12048192771084337,03:30
Basslink,reverse,All,8,84,170.641485,274.32067416666666,-7.6929466666666855,0.0,0.047619047619047616,04:00
Basslink,reverse,All,9,90,125.0,302.2449166666667,-12.94095,-8.96747666666667,0.044444444444444446,04:30
Basslink,reverse,All,10,90,125.0,254.9914725,-24.054602499999987,-12.174057500000032,-0.011111111111111112,05:00
Basslink,reverse,All,11,94,125.0,190.15350916666665,-19.508119166666674,0.0,0.11170212765957446,05:30
Basslink,reverse,All,12,100,26.353144166666667,125.0,16.895031666666668,37.745513750000015,0.09,06:00
Basslink,reverse,All,13,124,83.33333333333333,41.666666666666664,7.426408333333335,24.21293833333334,0.08870967741935484,06:30
Basslink,reverse,All,14,129,10.638795,89.46385500000001,3.3114091666666923,0.0,0.08139534883720931,07:00
Basslink,reverse,All,15,138,93.96999249999999,125.0,-3.9168179166666732,-17.716281666666667,-0.021739130434782608,07:30
Basslink,reverse,All,16,144,126.24183166666666,135.51666666666665,-4.389575416666688,0.019841666666678748,0.017361111111111112,08:00
Basslink,reverse,All,17,155,125.0,170.83582333333334,-18.14825166666668,-14.93651833333331,-0.02258064516129032,08:30
Basslink,reverse,All,18,158,207.5533616666667,263.097315,-12.46780125000005,-13.044538333333335,-0.0031645569620253164,09:00
Basslink,reverse,All,19,160,269.6745791666667,304.7942683333333,-25.01040083333332,-19.745372499999974,-0.03125,09:30
Basslink,reverse,All,20,155,291.71242166666667,305.40692666666666,-19.761300000000006,-15.869809999999973,-0.04516129032258064,10:00
Basslink,reverse,All,21,152,293.883105,311.1420675,-24.554146666666675,-25.383440416666687,-0.05921052631578947,10:30
Basslink,reverse,All,22,156,308.0570558333334,309.9087429166667,-10.95020166666663,-16.021271666666678,-0.10897435897435898,11:00
Basslink,reverse,All,23,147,324.5971816666667,312.1930066666667,-1.3022833333333779,-0.299775000000011,-0.030612244897959183,11:30
Basslink,reverse,All,24,147,323.11843500000003,322.9975508333333,-4.820975833333307,0.0,0.027210884353741496,12:00
Basslink,reverse,All,25,147,332.4956633333333,319.599285,-6.433593333333363,-7.085083333333333,0.04421768707482993,12:30
Basslink,reverse,All,26,153,315.9834,308.67935,-7.402308333333394,-2.903138333333345,0.02287581699346405,13:00
Basslink,reverse,All,27,154,321.8347566666667,307.3619575,-13.716479999999976,-11.131397499999991,-0.045454545454545456,13:30
Basslink,reverse,All,28,154,328.78435333333334,321.185475,-2.8208549999999946,0.0,0.003246753246753247,14:00
Basslink,reverse,All,29,154,332.9894466666667,325.09896,0.0,0.0,-0.032467532467532464,14:30
Basslink,reverse,All,30,153,318.64874333333336,310.8186733333333,-5.735101666666651,-1.3577241666666282,0.016339869281045753,15:00
Basslink,reverse,All,31,152,305.5844475,305.34896000000003,-1.4041574999999966,0.5968008333332762,0.03618421052631579,15:30
Basslink,reverse,All,32,149,297.99694,294.53327,-19.628628333333268,-2.4681900000000496,-0.02348993288590604,16:00
Basslink,reverse,All,33,141,189.85715833333333,261.6160483333333,-12.760501666666642,-13.7457316666667,-0.04964539007092199,16:30
Basslink,reverse,All,34,139,125.0,170.67539833333333,-22.72924333333333,-18.940243333333335,-0.017985611510791366,17:00
Basslink,reverse,All,35,118,56.241907499999996,125.0,-4.017651666666666,-9.580015000000031,0.012711864406779662,17:30
Basslink,reverse,All,36,110,0.0,-56.525555,-12.002510833333325,-3.228395833333309,0.045454545454545456,18:00
Basslink,reverse,All,37,102,-48.75888333333334,-123.16107916666667,-15.97106208333335,0.0,0.08823529411764706,18:30
Basslink,reverse,All,38,102,-70.80524249999999,-129.68925583333333,0.0,12.709744166666695,0.04411764705882353,19:00
Basslink,reverse,All,39,101,-98.27257833333333,-162.66449,1.6002599999999916,5.475488333333317,-0.009900990099009901,19:30
Basslink,reverse,All,40,97,-119.60279333333334,-172.93975166666667,3.5102749999999787,9.679578333333268,0.010309278350515464,20:00
Basslink,reverse,All,41,95,-129.23982833333335,-149.94578166666668,0.6835933333333344,12.090948333333301,-0.015789473684210527,20:30
Basslink,reverse,All,42,89,-89.29324166666667,-193.88552833333333,4.437419166666615,9.116943333333268,-0.033707865168539325,21:00
Basslink,reverse,All,43,91,-79.31033833333333,-171.18163666666666,6.8346366666666825,18.26789833333333,-0.04945054945054945,21:30
Basslink,reverse,All,44,90,-68.33600416666667,-165.5910475,2.1546966666666805,1.8591350000000448,0.011111111111111112,22:00
Basslink,reverse,All,45,91,0.0,-130.08046666666667,-2.6604350000000068,0.0,0.0,22:30
Basslink,reverse,All,46,90,0.0,-113.68182416666667,0.0,3.5212899999999996,-0.005555555555555556,23:00
Basslink,reverse,All,47,90,0.0,-34.84934833333334,1.3151050000000026,2.869175000000009,0.03333333333333333,23:30
Directlink,forward,All,0,260,46.250326666666666,49.040490000000005,1.9137241666666682,-0.947300833333335,0.0038461538461538464,00:00
Directlink,forward,All,1,256,45.384814166666665,51.85391583333333,0.5924204166666698,-1.3333333333333321,0.005859375,00:30
Directlink,forward,All,2,250,45.7061825,48.117065,0.44824333333333755,-1.416666666666667,0.004,01:00
Directlink,forward,All,3,248,45.81693666666666,47.25,-2.8362108333333396,-0.2970699999999997,0.008064516129032258,01:30
Directlink,forward,All,4,254,46.930854999999994,50.583444166666666,-3.3931566666666626,0.0,0.007874015748031496,02:00
Directlink,forward,All,5,258,49.62112583333334,51.316853333333334,-0.4767983333333314,0.9510533333333342,0.01744186046511628,02:30
Directlink,forward,All,6,248,51.199999999999996,51.12511083333334,1.0789016666666669,0.0,0.0,03:00
Directlink,forward,All,7,246,49.7003375,51.316895833333334,0.09394833333333708,0.24130166666666497,-0.014227642276422764,03:30
Directlink,forward,All,8,244,50.42731833333333,49.65039166666667,-2.6822312499999956,0.0,0.0,04:00
Directlink,forward,All,9,246,50.666666666666664,52.00086333333333,0.5416266666666658,-0.11411833333333377,-0.026422764227642278,04:30
Directlink,forward,All,10,246,49.56884,49.609140000000004,0.6459533333333312,-1.1252691666666674,-0.022357723577235773,05:00
Directlink,forward,All,11,263,46.260236666666664,49.699999999999996,2.0213516666666678,1.5,-0.06273764258555133,05:30
Directlink,forward,All,12,268,48.12445083333333,50.91269749999999,0.18780583333333567,1.6500000000000004,-0.014925373134328358,06:00
Directlink,forward,All,13,284,47.90241999999999,50.996438749999996,-1.9506366666666644,1.0454958333333337,0.0017605633802816902,06:30
Directlink,forward,All,14,307,41.44440166666667,42.561895,0.3832400000000078,1.0040800000000019,0.004885993485342019,07:00
Directlink,forward,All,15,328,37.528785,35.800455,-0.37419750000000107,-0.052139999999999964,0.025914634146341462,07:30
Directlink,forward,All,16,367,27.127765,27.474999166666667,-1.233336666666668,-0.9617400000000025,0.03814713896457766,08:00
Directlink,forward,All,17,373,34.06666666666667,24.46666666666667,1.1999966666666637,5.099424999999999,0.032171581769437,08:30
Directlink,forward,All,18,370,36.11592,32.56699166666667,-0.6161308333333295,0.7891133333333347,0.03648648648648649,09:00
Directlink,forward,All,19,370,38.667744166666665,40.291780833333334,-2.949368333333333,-0.807194999999993,0.021621621621621623,09:30
Directlink,forward,All,20,364,37.536077500000005,41.07933416666667,-4.8742308333333355,-3.095833333333333,-0.01098901098901099,10:00
Directlink,forward,All,21,373,36.66975333333333,38.700358333333334,-3.933333333333337,-0.2666666666666667,-0.01876675603217158,10:30
Directlink,forward,All,22,368,37.35041,38.54184583333333,-0.08322750000000667,-4.581895833333334,-0.028532608695652172,11:00
Directlink,forward,All,23,371,41.233641666666664,36.86666666666667,-0.1111450000000076,1.6294350000000044,0.018867924528301886,11:30
Directlink,forward,All,24,366,43.658500833333335,37.416919166666666,-1.910797499999994,0.16327833333333075,-0.036885245901639344,12:00
Directlink,forward,All,25,366,46.61196916666667,48.53355,-0.03715499999999672,0.07440916666666908,-0.004098360655737705,12:30
Directlink,forward,All,26,368,51.451636666666666,53.399351249999995,-3.5265316666666706,-7.551169166666655,0.008152173913043478,13:00
Directlink,forward,All,27,364,51.2933625,54.700195,-1.4846458333333352,-2.3897758333333314,-0.054945054945054944,13:30
Directlink,forward,All,28,364,47.5053125,56.300000000000004,-4.755783333333329,-6.976931666666665,-0.046703296703296704,14:00
Directlink,forward,All,29,354,44.616330833333336,52.717587083333335,-3.1714558333333294,-0.7372183333333329,0.0635593220338983,14:30
Directlink,forward,All,30,359,46.483331666666665,48.758365,0.3750000000000071,-0.20923000000000513,0.04456824512534819,15:00
Directlink,forward,All,31,357,41.616945,42.220215,0.9499999999999886,0.5182383333333331,0.04061624649859944,15:30
Directlink,forward,All,32,346,38.441986666666665,42.78333333333333,-3.2076074999999946,-1.6395995833333323,0.005780346820809248,16:00
Directlink,forward,All,33,302,38.450359999999996,35.8166675,-0.808307499999998,1.892831666666666,0.009933774834437087,16:30
Directlink,forward,All,34,296,30.920791666666666,33.04022833333334,2.823686666666667,2.363237499999999,0.04391891891891892,17:00
Directlink,forward,All,35,271,32.529536666666665,30.34172,1.780098333333335,2.555231666666664,0.02214022140221402,17:30
Directlink,forward,All,36,260,28.566421666666667,30.221582500000004,-1.2657950000000016,1.4166666666666643,0.009615384615384616,18:00
Directlink,forward,All,37,257,27.93080833333333,28.30135,-2.15226,1.2239450000000005,0.054474708171206226,18:30
Directlink,forward,All,38,260,29.375346666666665,32.90149583333333,-2.2182466666666647,2.9158633333333306,0.03461538461538462,19:00
Directlink,forward,All,39,261,31.241668333333333,33.059155,0.5385499999999936,2.688536666666666,0.01532567049808429,19:30
Directlink,forward,All,40,266,33.371406666666665,37.32753166666667,-0.564292499999997,1.416666666666666,0.05075187969924812,20:00
Directlink,forward,All,41,267,35.330645,43.43698833333334,-2.354574999999997,0.2232549999999982,0.020599250936329586,20:30
Directlink,forward,All,42,268,39.8581025,45.50756916666667,-1.4934949999999976,-0.5041666666666664,0.029850746268656716,21:00
Directlink,forward,All,43,268,42.02394833333334,44.8913,-0.24263583333333472,0.11667916666666633,0.048507462686567165,21:30
Directlink,forward,All,44,258,44.741629999999994,49.07344916666666,-3.889507500000004,-1.7694325000000002,0.007751937984496124,22:00
Directlink,forward,All,45,256,45.57183166666667,51.12123458333333,-3.1237475000000003,-0.1878358333333332,0.0,22:30
Directlink,forward,All,46,255,46.51322833333333,50.39779166666667,-1.8496066666666664,-1.3333333333333357,-0.011764705882352941,23:00
Directlink,forward,All,47,258,45.291164166666675,49.80174375,-1.5210679166666647,-1.304352499999999,0.015503875968992248,23:30
Directlink,reverse,All,0,184,88.99166666666666,84.0625,3.2333333333333343,1.4166666666666679,-0.005434782608695652,00:00
Directlink,reverse,All,1,180,88.70833333333333,87.41666666666667,2.4083591666666635,1.5132575,-0.025,00:30
Directlink,reverse,All,2,175,88.3,87.7,2.8000000000000114,0.8393066666666655,-0.03428571428571429,01:00
Directlink,reverse,All,3,174,88.98581666666666,87.43685833333335,3.9082858333333377,0.04706999999999972,-0.040229885057471264,01:30
Directlink,reverse,All,4,176,88.73333333333333,87.02257208333334,3.8500000000000014,0.0,0.0,02:00
Directlink,reverse,All,5,178,88.76666666666667,87.38333333333334,1.943735833333328,-1.333333333333333,-0.016853932584269662,02:30
Directlink,reverse,All,6,173,88.89999999999999,88.86666666666667,-0.008333333333325754,-1.0346933333333335,-0.008670520231213872,03:00
Directlink,reverse,All,7,172,89.1,87.45,0.4833333333333343,0.0,0.0029069767441860465,03:30
Directlink,reverse,All,8,170,89.33327249999999,87.63333333333333,0.4791666666666714,0.0,0.023529411764705882,04:00
Directlink,reverse,All,9,172,89.35000000000001,82.51666666666668,2.1916666666666664,0.05705916666666688,0.0,04:30
Directlink,reverse,All,10,171,88.95,84.89999999999999,1.1833116666666683,0.0,-0.011695906432748537,05:00
Directlink,reverse,All,11,187,86.73327666666667,81.84166666666667,-0.34999500000000694,-1.333333333333334,-0.040106951871657755,05:30
Directlink,reverse,All,12,192,84.566655,86.91666666666667,-0.1458166666666756,0.0,-0.028645833333333332,06:00
Directlink,reverse,All,13,209,84.815,85.16659166666666,0.61666666666666,0.0,-0.03349282296650718,06:30
Directlink,reverse,All,14,229,84.91666666666667,84.32499999999999,0.6916666666666487,1.3333333333333321,0.043668122270742356,07:00
Directlink,reverse,All,15,238,78.32210833333333,84.074285,-0.27026583333333676,1.4560250000000008,0.014705882352941176,07:30
Directlink,reverse,All,16,269,68.24420333333333,73.02666666666667,-0.7637833333333219,0.0,-0.05390334572490706,08:00
Directlink,reverse,All,17,272,58.233333333333334,71.15319625,-5.696507916666667,-5.062121666666668,0.012867647058823529,08:30
Directlink,reverse,All,18,269,43.0,57.355421666666665,-0.4000000000000057,-0.21654333333333398,0.024163568773234202,09:00
Directlink,reverse,All,19,270,38.35130916666667,43.93022916666666,-3.017889999999994,1.0405283333333273,0.025925925925925925,09:30
Directlink,reverse,All,20,265,33.26716666666667,43.83085333333333,-0.24030499999999222,1.6333333333333364,0.045283018867924525,10:00
Directlink,reverse,All,21,274,27.320385,36.733333333333334,1.0597366666666659,-0.5798266666666692,-0.02737226277372263,10:30
Directlink,reverse,All,22,270,33.526958333333326,34.51326,16.82725916666667,4.815229166666667,0.05185185185185185,11:00
Directlink,reverse,All,23,276,36.74780916666667,32.99999833333333,-1.549649166666665,-1.7267525000000017,0.009057971014492754,11:30
Directlink,reverse,All,24,274,26.99878916666667,33.1128125,-0.46623583333333585,-0.08409583333333082,0.020072992700729927,12:00
Directlink,reverse,All,25,273,23.665871666666664,32.1,-3.406776666666673,-0.3289566666666701,0.040293040293040296,12:30
Directlink,reverse,All,26,269,20.483333333333334,37.89861166666667,0.4789650000000023,1.9159258333333362,0.07806691449814127,13:00
Directlink,reverse,All,27,264,28.288196666666664,38.87916833333334,1.3984041666666727,0.2281116666666776,0.08712121212121213,13:30
Directlink,reverse,All,28,260,28.529226666666666,41.4676625,-3.9291674999999993,3.5530033333333333,0.11153846153846154,14:00
Directlink,reverse,All,29,254,43.57981,54.692251666666664,-1.1157716666666602,0.00175083333333248,0.08070866141732283,14:30
Directlink,reverse,All,30,263,63.169000000000004,61.78352833333333,4.333333333333336,1.166666666666666,0.07034220532319392,15:00
Directlink,reverse,All,31,259,71.88333333333334,67.91746166666667,5.572948333333329,0.0540283333333349,0.015444015444015444,15:30
Directlink,reverse,All,32,252,80.59166666666667,73.50006333333333,4.412179999999992,2.819277500000001,-0.005952380952380952,16:00
Directlink,reverse,All,33,220,84.06663666666667,78.08335166666667,10.150391666666678,0.8637491666666666,-0.10454545454545454,16:30
Directlink,reverse,All,34,211,87.78298833333334,86.3999025,1.3000000000000114,-0.7378399999999985,0.02132701421800948,17:00
Directlink,reverse,All,35,193,84.86666666666667,87.88333333333333,-0.38333333333333997,-1.7987666666666655,-0.025906735751295335,17:30
Directlink,reverse,All,36,183,85.38333333333333,88.10822833333333,-1.1666666666666572,0.0,0.04918032786885246,18:00
Directlink,reverse,All,37,180,84.78333083333334,87.62496666666667,-0.6166666666666636,-0.8921866666666665,0.011111111111111112,18:30
Directlink,reverse,All,38,182,83.64997583333334,88.49158333333332,0.9333391666666699,-2.679244166666666,-0.008241758241758242,19:00
Directlink,reverse,All,39,183,85.14999999999999,86.78327,2.3500000000000085,-1.5,-0.06284153005464481,19:30
Directlink,reverse,All,40,188,88.6,88.36666666666667,3.508333333333333,0.0,0.007978723404255319,20:00
Directlink,reverse,All,41,190,89.28833333333333,88.79995583333334,4.987499999999983,0.0,-0.042105263157894736,20:30
Directlink,reverse,All,42,191,89.06666666666666,88.11666666666666,2.9500316666666606,0.0,-0.03664921465968586,21:00
Directlink,reverse,All,43,190,86.92159583333334,87.89999999999999,2.1833149999999932,-0.7145399999999995,-0.02631578947368421,21:30
Directlink,reverse,All,44,182,88.32499999999999,84.28333333333333,4.533281666666667,0.0,-0.024725274725274724,22:00
Directlink,reverse,All,45,180,89.08330583333334,83.14998166666666,5.808333333333323,0.9999999999999991,-0.03333333333333333,22:30
Directlink,reverse,All,46,179,88.83333333333333,83.66665166666667,3.81666666666667,3.1416133333333356,-0.0335195530726257,23:00
Directlink,reverse,All,47,182,87.98333333333335,86.89166666666667,2.3583333333333307,1.3935675,-0.016483516483516484,23:30
Heywood,forward,All,0,276,445.1033533333333,451.05739416666665,-13.500810000000001,47.34570666666667,0.1431159420289855,00:00
Heywood,forward,All,1,276,445.15275,467.66033500000003,-4.0,34.63237166666668,0.09057971014492754,00:30
Heywood,forward,All,2,273,433.1197383333333,500.89512666666667,-11.032861666666633,9.274631666666664,0.04945054945054945,01:00
Heywood,forward,All,3,272,431.2549458333333,496.0193958333333,-27.90498500000001,-20.588007499999947,0.07536764705882353,01:30
Heywood,forward,All,4,269,431.8680366666667,499.8530833333333,-36.724123333333296,-34.68127333333335,0.11524163568773234,02:00
Heywood,forward,All,5,266,432.0963366666667,498.56,-39.44891249999998,-8.948484166666645,0.11090225563909774,02:30
Heywood,forward,All,6,259,434.56,483.671755,-27.248204999999928,20.538351666666642,0.0888030888030888,03:00
Heywood,forward,All,7,259,431.776965,486.27833833333335,0.0,3.9525116666666804,0.0637065637065637,03:30
Heywood,forward,All,8,257,429.9536316666667,493.577015,-2.3984516666666877,23.58814499999994,0.07782101167315175,04:00
Heywood,forward,All,9,256,449.15757083333335,487.21831,1.2430666666667207,-5.6796912499999905,0.107421875,04:30
Heywood,forward,All,10,256,441.31712,493.3548345833333,-10.529248333333271,-8.467698333333317,0.08203125,05:00
Heywood,forward,All,11,258,438.5721925,484.61803000000003,-10.576245,-46.24379583333334,0.06201550387596899,05:30
Heywood,forward,All,12,272,422.6335016666667,461.57423958333334,-12.742764999999977,26.700407083333324,0.11029411764705882,06:00
Heywood,forward,All,13,322,362.0848491666667,456.66891499999997,-42.889446666666615,3.2595525000000265,0.09006211180124224,06:30
Heywood,forward,All,14,343,326.52776,435.01104166666664,-62.91031833333341,10.858076666666705,0.07434402332361516,07:00
Heywood,forward,All,15,404,363.734555,434.56,-31.433537083333334,19.142889999999937,0.08663366336633663,07:30
Heywood,forward,All,16,423,382.20888833333333,390.8959483333333,-13.233593333333374,17.491986666666662,0.002364066193853428,08:00
Heywood,forward,All,17,471,333.45650666666666,353.61927833333334,-21.57328,12.994473333333318,0.005307855626326964,08:30
Heywood,forward,All,18,461,295.89244833333333,310.977985,-9.8187700000002,17.81318666666664,0.020607375271149676,09:00
Heywood,forward,All,19,481,270.7551583333333,297.4121508333333,-11.992144999999994,-20.495838333333324,0.01975051975051975,09:30
Heywood,forward,All,20,484,238.55316833333336,259.232665,-17.905993749999965,-21.566584583333295,0.026859504132231406,10:00
Heywood,forward,All,21,476,250.4538275,263.127825,-15.997496666666663,-28.887314999999994,0.01365546218487395,10:30
Heywood,forward,All,22,465,244.99720833333333,247.80957166666667,1.2415783333333366,-1.42179333333333,0.008602150537634409,11:00
Heywood,forward,All,23,469,234.0749483333333,224.615445,2.5812966666667023,-3.099969999999985,0.009594882729211088,11:30
Heywood,forward,All,24,486,216.79290500000002,205.26329916666668,6.533935833333324,-3.2912100000000066,0.0257201646090535,12:00
Heywood,forward,All,25,473,211.565325,209.74400500000002,-7.716666666666697,-3.5586099999999874,0.02748414376321353,12:30
Heywood,forward,All,26,462,214.17205333333334,205.04023333333333,-18.715846666666664,-4.038506666666706,-0.016233766233766232,13:00
Heywood,forward,All,27,449,212.224195,214.35374000000002,-12.342744999999994,-17.416063333333312,0.0011135857461024498,13:30
Heywood,forward,All,28,441,209.66245833333332,219.31919333333335,-5.283333333333331,-19.50194916666667,0.009070294784580499,14:00
Heywood,forward,All,29,439,228.47105166666665,215.45000000000002,3.3596066666666786,5.432374999999993,0.05580865603644647,14:30
Heywood,forward,All,30,443,219.635865,215.26904166666668,13.368660000000013,15.880143333333308,0.03837471783295711,15:00
Heywood,forward,All,31,434,237.2442,216.70833333333334,16.58462750000001,45.47086,0.07142857142857142,15:30
Heywood,forward,All,32,441,244.46761999999998,242.2898416666667,6.44146166666664,39.59454666666667,0.045351473922902494,16:00
Heywood,forward,All,33,426,287.67598833333335,313.5888625,-7.544016666666636,4.419859999999993,0.06338028169014084,16:30
Heywood,forward,All,34,395,327.694925,341.8777866666667,1.8829116666665868,15.738288333333344,0.008860759493670886,17:00
Heywood,forward,All,35,369,367.9364683333333,430.56,-21.677710000000047,-25.490015000000085,-0.012195121951219513,17:30
Heywood,forward,All,36,320,417.4200158333333,460.1180341666667,-34.805470833333345,-7.241954999999997,0.01875,18:00
Heywood,forward,All,37,311,431.88472333333334,449.861385,-24.623098333333317,5.46377166666673,0.024115755627009645,18:30
Heywood,forward,All,38,303,437.6278333333334,450.944135,-2.3832499999999754,1.518343333333405,0.08085808580858085,19:00
Heywood,forward,All,39,301,457.0023383333334,475.40594166666665,-10.182833333333406,32.23482000000001,0.06478405315614617,19:30
Heywood,forward,All,40,288,462.9898558333333,502.958265,-10.45978500000004,30.59570666666665,0.078125,20:00
Heywood,forward,All,41,284,461.44512666666674,520.1089783333333,-28.33250666666668,18.27939083333336,0.08098591549295775,20:30
Heywood,forward,All,42,280,457.9707000000001,522.1480650000001,-24.665045833333295,41.113042500000006,0.09642857142857143,21:00
Heywood,forward,All,43,276,447.759315,493.6799899999999,-44.99946791666666,51.79585916666668,0.1213768115942029,21:30
Heywood,forward,All,44,278,449.20792916666664,488.31291333333337,-36.189402500000014,61.94822999999998,0.13489208633093525,22:00
Heywood,forward,All,45,276,442.4453066666667,486.16619833333334,-35.181495,-5.40071416666666,0.08333333333333333,22:30
Heywood,forward,All,46,277,442.69499666666667,498.56,-31.585337499999994,-8.680958333333365,0.11371841155234658,23:00
Heywood,forward,All,47,272,443.87156166666665,489.6983916666666,-39.706444999999974,-2.108225416666672,0.12683823529411764,23:30
Heywood,reverse,All,0,285,229.34611833333335,292.17890166666666,-27.3972683333333,-20.347485000000063,-0.014035087719298246,00:00
Heywood,reverse,All,1,285,217.47558166666667,316.3340166666666,-13.667878333333334,-24.882159999999995,-0.02280701754385965,00:30
Heywood,reverse,All,2,283,227.94624,308.02858166666664,-9.843521666666668,-1.7333050000000156,-0.026501766784452298,01:00
Heywood,reverse,All,3,280,239.34860250000003,310.89520333333337,-42.03173666666668,21.13539083333335,-0.025,01:30
Heywood,reverse,All,4,276,241.8988725,314.29472833333335,-54.01819499999998,13.749770833333333,-0.05253623188405797,02:00
Heywood,reverse,All,5,276,227.26676166666664,328.89605166666666,-34.52142000000002,-3.2599091666667164,-0.03804347826086957,02:30
Heywood,reverse,All,6,267,238.34797,307.00231333333335,-30.50200999999999,-15.286725000000047,-0.04681647940074907,03:00
Heywood,reverse,All,7,266,249.4236775,336.454585,-50.4997575,-3.9419391666666286,-0.03759398496240601,03:30
Heywood,reverse,All,8,265,226.17015833333335,314.9377566666667,-34.39716166666665,-0.34929333333332124,-0.03773584905660377,04:00
Heywood,reverse,All,9,259,231.97610999999998,271.12423583333333,-41.79905000000002,40.36894166666667,-0.06563706563706563,04:30
Heywood,reverse,All,10,260,215.94182333333333,308.88790166666666,-38.56627083333334,19.235747499999945,-0.07307692307692308,05:00
Heywood,reverse,All,11,263,225.52926166666666,309.8149741666667,-22.966748333333356,35.85347916666666,-0.03231939163498099,05:30
Heywood,reverse,All,12,282,254.95333833333336,355.7277725,-22.093077916666644,-26.700407083333324,-0.010638297872340425,06:00
Heywood,reverse,All,13,329,269.5178516666667,357.6991533333333,-28.108184999999935,5.962243333333333,0.004559270516717325,06:30
Heywood,reverse,All,14,343,253.99896166666667,318.91708083333333,-59.27083333333334,-30.68747666666667,0.048104956268221574,07:00
Heywood,reverse,All,15,397,272.58584833333333,356.495175,-59.82190666666666,-25.79949416666667,0.007556675062972292,07:30
Heywood,reverse,All,16,421,283.7508,313.964695,-20.310898333333313,-9.902048333333369,0.007125890736342043,08:00
Heywood,reverse,All,17,463,291.6842483333333,324.6844566666667,-9.203534999999988,-12.994473333333318,0.029157667386609073,08:30
Heywood,reverse,All,18,455,259.45077,354.26502500000004,-33.596825000000024,7.963228333333348,0.03296703296703297,09:00
Heywood,reverse,All,19,474,274.5555983333333,340.03147666666666,0.0,7.044715416666719,0.04852320675105485,09:30
Heywood,reverse,All,20,478,309.6934541666667,370.0680675,-14.747186666666693,19.69849958333331,0.12552301255230125,10:00
Heywood,reverse,All,21,470,302.9963616666667,363.6700308333334,-13.99325916666669,12.754229166666665,0.10531914893617021,10:30
Heywood,reverse,All,22,460,296.7707266666667,361.60427749999997,-3.822503333333335,8.324665833333299,0.06521739130434782,11:00
Heywood,reverse,All,23,460,309.84995499999997,349.64541833333334,-2.591948333333349,-6.916694999999976,0.05543478260869565,11:30
Heywood,reverse,All,24,475,329.10832666666664,369.9334533333333,-15.618293333333341,2.2213133333333417,0.08,12:00
Heywood,reverse,All,25,463,346.11978833333336,398.00223,-31.751420000000024,-2.4175933333333326,0.06911447084233262,12:30
Heywood,reverse,All,26,453,332.0193,372.5086491666667,-16.09122666666667,-1.2663866666666763,0.08278145695364239,13:00
Heywood,reverse,All,27,439,328.38452666666666,363.62605666666667,0.6125283333332732,7.170843333333323,0.10592255125284739,13:30
Heywood,reverse,All,28,432,325.47503916666665,365.7570883333334,-9.361905833333338,19.655787916666664,0.07291666666666667,14:00
Heywood,reverse,All,29,431,357.6550183333334,382.36167500000005,-9.813544999999976,-9.567894166666662,0.042923433874709975,14:30
Heywood,reverse,All,30,437,351.2135216666666,391.04526000000004,-13.247906666666722,-17.49640333333332,0.030892448512585814,15:00
Heywood,reverse,All,31,430,350.5558158333333,381.9072908333334,-17.900722499999972,-51.84269083333335,0.03488372093023256,15:30
Heywood,reverse,All,32,433,303.6347333333333,358.60817333333335,-34.71246666666667,-23.491255833333327,0.011547344110854504,16:00
Heywood,reverse,All,33,421,323.50142999999997,332.74426,-7.729383333333317,5.84288833333332,0.009501187648456057,16:30
Heywood,reverse,All,34,409,253.77897833333336,322.13742333333334,-33.779288333333355,-6.54205083333332,0.044009779951100246,17:00
Heywood,reverse,All,35,385,195.36636333333334,257.42402666666663,-35.75781500000005,29.602280000000007,0.06623376623376623,17:30
Heywood,reverse,All,36,328,179.247515,225.40074666666666,-26.063250833333328,21.000648333333345,0.05030487804878049,18:00
Heywood,reverse,All,37,314,191.58088333333333,269.1475591666666,-44.69987583333335,9.568818749999977,0.05573248407643312,18:30
Heywood,reverse,All,38,310,193.92915916666666,252.712075,-20.579236666666674,4.084675416666666,0.024193548387096774,19:00
Heywood,reverse,All,39,305,223.95811000000003,267.01988166666666,-6.44700000000006,-15.06969833333335,0.001639344262295082,19:30
Heywood,reverse,All,40,295,216.78308,248.01521,0.0,22.23134166666665,-0.03389830508474576,20:00
Heywood,reverse,All,41,288,214.31694916666666,267.4457816666667,0.0,14.512006666666665,-0.026041666666666668,20:30
Heywood,reverse,All,42,287,207.845285,265.39919000000003,-24.951293333333336,-6.931756666666672,-0.006968641114982578,21:00
Heywood,reverse,All,43,289,200.45587833333335,274.64052166666664,-20.30909500000007,-24.723425833333337,-0.012110726643598616,21:30
Heywood,reverse,All,44,290,235.0764325,288.073315,-14.700905000000034,-12.342681249999991,0.013793103448275862,22:00
Heywood,reverse,All,45,286,238.18496,295.18258249999997,-21.290556666666703,12.334909166666655,0.0034965034965034965,22:30
Heywood,reverse,All,46,285,232.10677833333332,314.74330833333335,-7.169373333333283,24.962703333333366,-0.017543859649122806,23:00
Heywood,reverse,All,47,280,227.35172333333333,285.20619250000004,-20.835797499999998,8.650456666666667,0.04107142857142857,23:30
Murraylink,forward,All,0,301,108.83333333333333,101.02037333333332,0.0,0.5959450000000004,0.036544850498338874,00:00
Murraylink,forward,All,1,305,111.5,102.5,0.22704583333333517,0.22704583333333517,0.07704918032786885,00:30
Murraylink,forward,All,2,280,118.52962583333334,108.80205375,1.4166666666666643,2.605133333333331,0.017857142857142856,01:00
Murraylink,forward,All,3,278,110.65081416666666,111.91666666666666,-0.08837250000000552,0.0,0.017985611510791366,01:30
Murraylink,forward,All,4,273,108.943695,108.33333333333333,3.3333333333333333e-06,5.358679999999993,0.016483516483516484,02:00
Murraylink,forward,All,5,270,108.5,107.0,3.3333333333333333e-06,0.38129333333334614,-0.022222222222222223,02:30
Murraylink,forward,All,6,264,110.8566125,106.25,1.1084949999999765,0.5729024999999837,-0.007575757575757576,03:00
Murraylink,forward,All,7,263,110.0,107.0,3.0476791666666685,0.8425950000000171,-0.022813688212927757,03:30
Murraylink,forward,All,8,261,106.33333333333333,107.34806666666668,3.21910166666666,2.0618366666666645,-0.017241379310344827,04:00
Murraylink,forward,All,9,267,94.15608833333333,105.33333333333333,0.0,0.0,-0.020599250936329586,04:30
Murraylink,forward,All,10,272,91.58654333333334,102.5,0.0,0.5458866666666644,0.003676470588235294,05:00
Murraylink,forward,All,11,272,99.5,105.25,-4.0058124999999905,-4.5,-0.012867647058823529,05:30
Murraylink,forward,All,12,294,84.08333333333333,101.04482833333333,2.5e-06,0.8071583333333301,0.030612244897959183,06:00
Murraylink,forward,All,13,353,70.5,103.16666666666667,-10.0,-8.176770833333325,0.049575070821529746,06:30
Murraylink,forward,All,14,367,76.38025833333334,108.5,-7.344754999999964,-5.68797333333336,0.055858310626702996,07:00
Murraylink,forward,All,15,420,93.0,97.08333333333334,3.483834166666682,1.2678149999999917,0.1,07:30
Murraylink,forward,All,16,421,88.0,108.5,-5e-06,-0.12775666666664165,0.11520190023752969,08:00
Murraylink,forward,All,17,435,98.5,108.5,0.0,0.0,0.008045977011494253,08:30
Murraylink,forward,All,18,426,117.5,124.33333333333333,-0.9668325000000095,0.0,0.02464788732394366,09:00
Murraylink,forward,All,19,425,109.193155,124.33333333333333,-0.0021866666666880974,-0.6395600000000172,0.021176470588235293,09:30
Murraylink,forward,All,20,443,121.96919333333334,117.5,0.0,-1.0585666666666498,-0.019187358916478554,10:00
Murraylink,forward,All,21,432,125.56612833333332,119.0,0.0,0.0,-0.006944444444444444,10:30
Murraylink,forward,All,22,419,131.44262166666667,123.5,0.0,-1.254603333333307,0.00477326968973747,11:00
Murraylink,forward,All,23,419,134.42100833333333,134.25817083333334,0.0,0.0,-0.02386634844868735,11:30
Murraylink,forward,All,24,430,132.0,127.44104499999999,1.5376795833333432,0.7438866666666684,0.03372093023255814,12:00
Murraylink,forward,All,25,428,129.73761166666665,134.86178416666667,0.0,-0.029519166666659657,0.0455607476635514,12:30
Murraylink,forward,All,26,429,129.33333333333334,132.0,0.0,0.0,0.01282051282051282,13:00
Murraylink,forward,All,27,429,131.64799166666668,132.0,0.8701116666666451,-1.325883333333337,-0.046620046620046623,13:30
Murraylink,forward,All,28,422,122.91679083333334,132.36727583333334,0.0,-1.1726983333333294,-0.06872037914691943,14:00
Murraylink,forward,All,29,422,113.27936666666668,131.68153999999998,0.0,-2.7833783333333173,-0.0971563981042654,14:30
Murraylink,forward,All,30,439,128.23204333333334,131.90411583333332,0.2949916666666752,0.0,-0.02050113895216401,15:00
Murraylink,forward,All,31,431,118.3624,132.5,-0.059218333333319606,-4.852368333333317,-0.07424593967517401,15:30
Murraylink,forward,All,32,432,117.42210833333334,127.34087083333333,-0.5378370833333577,-3.231141666666659,-0.02546296296296296,16:00
Murraylink,forward,All,33,420,110.75,109.5,0.0,1.894474166666667,0.04285714285714286,16:30
Murraylink,forward,All,34,414,100.75,95.30719875,8.333333333333334e-07,0.0,-0.0024154589371980675,17:00
Murraylink,forward,All,35,362,88.11949916666666,96.08333333333333,-1.2468566666666732,-0.7480700000000127,-0.03867403314917127,17:30
Murraylink,forward,All,36,335,87.76155999999999,101.83333333333334,-10.850378333333339,-10.610783333333334,0.005970149253731343,18:00
Murraylink,forward,All,37,328,96.58333333333334,108.25,-9.255655833333332,-11.851069166666665,-0.004573170731707317,18:30
Murraylink,forward,All,38,322,98.86285000000001,104.0,-9.255047499999996,-11.83154,-0.029503105590062112,19:00
Murraylink,forward,All,39,309,96.65819833333335,104.0,-7.833333333333314,-8.651102499999993,-0.01779935275080906,19:30
Murraylink,forward,All,40,299,104.0,105.5,-1.2499999999999999e-05,-4.851336666666668,0.0033444816053511705,20:00
Murraylink,forward,All,41,302,100.73264833333334,105.5,3.3333333333333333e-06,-3.575267499999999,0.028145695364238412,20:30
Murraylink,forward,All,42,297,104.0,110.0,-4.778168333333326,-3.624255000000005,0.03198653198653199,21:00
Murraylink,forward,All,43,294,110.25,110.0,0.0,0.0,0.02891156462585034,21:30
Murraylink,forward,All,44,295,107.16666666666667,111.60228000000001,-3.7152133333333666,-3.0,0.001694915254237288,22:00
Murraylink,forward,All,45,279,110.0,110.21861333333334,-1.2154733333333354,-1.5,0.023297491039426525,22:30
Murraylink,forward,All,46,286,107.0,104.0,-2.000000000000007,0.0,0.045454545454545456,23:00
Murraylink,forward,All,47,289,107.0,102.33333333333333,-7.5,-2.25,0.04498269896193772,23:30
Murraylink,reverse,All,0,312,36.5,38.125,-1.4882808333333344,-0.2819216666666664,0.003205128205128205,00:00
Murraylink,reverse,All,1,316,31.416666666666668,30.166666666666668,0.0,-0.04755666666666869,0.04272151898734177,00:30
Murraylink,reverse,All,2,290,24.416666666666664,19.75,-0.7093624999999939,-1.2612083333333324,0.010344827586206896,01:00
Murraylink,reverse,All,3,287,22.0,24.416666666666664,0.0,0.0,0.006968641114982578,01:30
Murraylink,reverse,All,4,282,25.666666666666664,30.875,-0.7613458333333369,-6.482697500000004,-0.03368794326241135,02:00
Murraylink,reverse,All,5,276,26.0,21.625,0.0,-1.276570833333352,-0.025362318840579712,02:30
Murraylink,reverse,All,6,270,26.0,24.291666666666668,0.0,-1.1084941666666523,-0.012962962962962963,03:00
Murraylink,reverse,All,7,269,33.5,24.0,0.0,-0.8425950000000171,-0.05204460966542751,03:30
Murraylink,reverse,All,8,267,38.0,23.166666666666668,-0.3066849999999981,-3.0,-0.018726591760299626,04:00
Murraylink,reverse,All,9,274,35.0,30.416666666666664,0.0,0.0,-0.058394160583941604,04:30
Murraylink,reverse,All,10,279,41.0,31.833333333333332,0.16666666666666785,-1.0917733333333288,-0.044802867383512544,05:00
Murraylink,reverse,All,11,282,36.751302499999994,35.79166666666667,3.7092199999999877,2.4427474999999887,-0.03900709219858156,05:30
Murraylink,reverse,All,12,306,38.75,36.625,-3.208333333333334,-2.7068816666666677,-0.02287581699346405,06:00
Murraylink,reverse,All,13,379,37.666666666666664,29.5,5.333333333333336,7.181829999999998,-0.018469656992084433,06:30
Murraylink,reverse,All,14,397,37.166666666666664,24.5,0.020833333333333037,3.739503333333346,-0.0012594458438287153,07:00
Murraylink,reverse,All,15,452,6.570920000000001,16.083333333333332,-2.5340366666666796,-0.8417883333333296,-0.018805309734513276,07:30
Murraylink,reverse,All,16,456,0.0,0.0,0.0,0.0,0.0021929824561403508,08:00
Murraylink,reverse,All,17,472,-22.058369166666665,-13.272400000000001,2.675411666666669,1.2127033333333088,0.005296610169491525,08:30
Murraylink,reverse,All,18,463,-32.91868,-19.499996666666664,0.0,0.0,-0.029157667386609073,09:00
Murraylink,reverse,All,19,462,-40.8155,-35.58084083333333,0.9085533333333231,0.8094566666666765,0.0010822510822510823,09:30
Murraylink,reverse,All,20,482,-42.49335833333333,-37.56435833333333,2.5933908333333484,0.01944875000000934,0.011410788381742738,10:00
Murraylink,reverse,All,21,474,-40.302369999999996,-54.198935000000006,2.37768916666667,0.06364916666666431,0.007383966244725738,10:30
Murraylink,reverse,All,22,460,-63.91666666666667,-63.9369,3.1648350000000107,1.8000966666666613,0.0010869565217391304,11:00
Murraylink,reverse,All,23,458,-64.25,-60.822732916666666,-1.6666666666666669e-06,0.0,-0.013100436681222707,11:30
Murraylink,reverse,All,24,466,-54.39135166666667,-54.588834999999996,0.0,-0.6974129166666785,-0.009656652360515022,12:00
Murraylink,reverse,All,25,463,-57.833333333333336,-68.35203833333333,0.6110999999999933,0.22961666666668634,-0.032397408207343416,12:30
Murraylink,reverse,All,26,462,-61.33333333333333,-68.66666666666667,0.0,0.0,-0.0183982683982684,13:00
Murraylink,reverse,All,27,459,-66.33333333333333,-71.21719166666666,2.0,4.872403333333334,-0.0054466230936819175,13:30
Murraylink,reverse,All,28,456,-41.19485,-73.16666666666667,0.4931191666666592,2.425159166666674,0.006578947368421052,14:00
Murraylink,reverse,All,29,454,-34.74538,-77.38876833333333,0.0,3.52074208333336,-0.01762114537444934,14:30
Murraylink,reverse,All,30,472,-44.29483999999999,-57.52443333333333,0.0,0.0,-0.012711864406779662,15:00
Murraylink,reverse,All,31,465,-26.550749999999997,-52.508615,8.507229999999993,3.3565849999999955,0.012903225806451613,15:30
Murraylink,reverse,All,32,464,-19.166666666666668,-60.0007075,6.511239166666666,3.4806816666666407,0.005387931034482759,16:00
Murraylink,reverse,All,33,453,-3.3333333333333337e-06,-5e-06,0.0,-0.868818333333337,-0.006622516556291391,16:30
Murraylink,reverse,All,34,445,2.0,8.916666666666666,0.0,0.0,0.020224719101123594,17:00
Murraylink,reverse,All,35,384,26.770846666666667,35.166666666666664,0.33453583333333725,0.0,0.013020833333333334,17:30
Murraylink,reverse,All,36,355,32.71741333333333,41.36675416666667,0.0,8.045956666666667,0.030985915492957747,18:00
Murraylink,reverse,All,37,343,36.0,38.0,0.5,5.97694666666667,-0.004373177842565598,18:30
Murraylink,reverse,All,38,334,37.66666666666667,37.0,0.5833333333333339,9.08719666666667,-0.02844311377245509,19:00
Murraylink,reverse,All,39,317,44.0,36.66666666666667,1.5,3.8417983333333297,0.01892744479495268,19:30
Murraylink,reverse,All,40,303,38.0,34.58333333333333,0.0,3.581760833333334,0.01155115511551155,20:00
Murraylink,reverse,All,41,305,39.5,33.5,2.833333333333332,4.427810000000008,0.03442622950819672,20:30
Murraylink,reverse,All,42,302,32.0,25.833333333333336,0.0,4.792861666666667,-0.004966887417218543,21:00
Murraylink,reverse,All,43,299,30.5,22.666666666666668,3.833333333333332,3.433579999999999,0.0016722408026755853,21:30
Murraylink,reverse,All,44,300,31.666666666666664,32.0,1.9239091666666681,3.9353983333333336,-0.016666666666666666,22:00
Murraylink,reverse,All,45,290,35.0,36.416666666666664,-0.5,-0.04470041666665736,0.013793103448275862,22:30
Murraylink,reverse,All,46,297,38.0,35.416666666666664,-1.1666666666666643,0.0,-0.013468013468013467,23:00
Murraylink,reverse,All,47,300,39.58333333333333,37.08333333333333,0.0,0.5704733333333252,0.005,23:30
QNI,forward,All,0,301,146.41673,506.5070216666666,-91.49527749999999,13.853733333333324,-0.013289036544850499,00:00
QNI,forward,All,1,303,138.54402333333334,521.7818466666666,-108.57493999999997,-37.80490500000019,0.006600660066006601,00:30
QNI,forward,All,2,299,143.75594833333332,525.5212083333333,-131.11774166666666,-42.48033666666669,0.03177257525083612,01:00
QNI,forward,All,3,299,129.099435,525.509415,-127.33249000000012,-24.845077500000006,0.038461538461538464,01:30
QNI,forward,All,4,299,125.00955333333333,557.5299566666666,-138.6163316666666,-10.82510666666667,0.06354515050167224,02:00
QNI,forward,All,5,300,132.78481833333333,538.6710495833333,-142.42302583333333,5.016439999999989,0.058333333333333334,02:30
QNI,forward,All,6,299,140.070165,541.738455,-150.28470333333325,3.4803766666666434,0.046822742474916385,03:00
QNI,forward,All,7,296,132.12430999999998,546.6497616666667,-181.61795750000005,-34.97166791666663,0.037162162162162164,03:30
QNI,forward,All,8,298,146.95132583333333,550.9082375,-175.9000591666667,-15.620856666666647,0.050335570469798654,04:00
QNI,forward,All,9,294,162.14617,555.1665525000001,-164.59762333333333,11.490134166666724,0.015306122448979591,04:30
QNI,forward,All,10,299,162.05560166666666,555.1608433333333,-145.45660833333335,8.80364499999996,0.020066889632107024,05:00
QNI,forward,All,11,320,187.18547166666667,541.7192908333334,-115.43927916666665,22.73584624999998,0.025,05:30
QNI,forward,All,12,325,156.60327333333333,509.41922666666665,-132.00409500000006,4.855926666666676,0.015384615384615385,06:00
QNI,forward,All,13,356,163.04865833333332,482.61474,-145.65435833333333,64.19983666666666,0.0056179775280898875,06:30
QNI,forward,All,14,380,147.98146,441.234585,-135.17339749999994,20.7843504166667,0.021052631578947368,07:00
QNI,forward,All,15,405,164.36015166666667,442.4531191666666,-121.06413666666666,45.41791749999999,0.03580246913580247,07:30
QNI,forward,All,16,418,172.79009083333332,494.75018416666666,-113.83951458333334,68.77732208333335,0.009569377990430622,08:00
QNI,forward,All,17,424,189.13262,547.2050133333335,-96.84774166666668,24.359922083333316,0.012971698113207548,08:30
QNI,forward,All,18,415,190.28115666666667,556.2921116666666,-96.45612666666663,52.37683833333324,0.01566265060240964,09:00
QNI,forward,All,19,419,194.91958666666665,532.6485683333334,-101.08794166666665,17.786416666666696,0.0,09:30
QNI,forward,All,20,412,197.50537166666666,585.7898416666667,-123.20841500000006,28.119855416666663,0.0048543689320388345,10:00
QNI,forward,All,21,414,204.17453333333333,613.8680758333333,-85.64517708333332,50.51495083333331,0.01570048309178744,10:30
QNI,forward,All,22,417,200.70604666666668,632.8695283333333,-94.21816333333322,43.64123333333316,0.013189448441247002,11:00
QNI,forward,All,23,421,204.20958,622.0937883333334,-119.12587666666668,48.16860833333328,0.0059382422802850355,11:30
QNI,forward,All,24,416,201.62285666666665,611.65611,-139.37029583333327,10.393662500000062,0.019230769230769232,12:00
QNI,forward,All,25,419,200.31311833333334,642.59317,-113.2214100000001,18.69073666666668,0.00477326968973747,12:30
QNI,forward,All,26,411,200.569605,651.9163025,-110.15981000000001,17.295523333333335,0.0012165450121654502,13:00
QNI,forward,All,27,405,206.02193,655.1841599999999,-102.032095,-4.814331666666703,0.0049382716049382715,13:30
QNI,forward,All,28,409,216.75740333333331,646.81923,-112.41499999999996,-3.312436666666713,0.009779951100244499,14:00
QNI,forward,All,29,403,230.96653,647.5751449999999,-89.26227333333338,-3.9844050000000095,0.02481389578163772,14:30
QNI,forward,All,30,406,221.60869833333334,610.749805,-104.56767249999993,23.065438333333333,0.027093596059113302,15:00
QNI,forward,All,31,400,250.24242250000003,625.8098050000001,-119.79666250000001,6.054429166666651,0.055,15:30
QNI,forward,All,32,391,232.70035,586.2988083333333,-116.36101000000008,24.25228416666664,0.052429667519181586,16:00
QNI,forward,All,33,354,173.71677583333332,508.89572666666663,-127.85905375000004,-14.170595833333351,0.04096045197740113,16:30
QNI,forward,All,34,343,151.92457000000002,417.1638483333333,-83.7357433333334,-40.383333333333326,0.03206997084548105,17:00
QNI,forward,All,35,314,89.320225,364.03415,-132.84781624999994,-24.51996250000002,0.03184713375796178,17:30
QNI,forward,All,36,309,65.08266833333333,353.370665,-93.760065,6.006979999999942,0.014563106796116505,18:00
QNI,forward,All,37,308,73.85866,356.93205666666665,-119.83488666666666,11.621592499999991,-0.0016233766233766235,18:30
QNI,forward,All,38,311,78.70927,385.3265933333333,-122.34797666666663,31.667436666666674,0.01929260450160772,19:00
QNI,forward,All,39,307,77.48628166666667,355.4415016666667,-125.21627333333345,23.75613999999996,0.0,19:30
QNI,forward,All,40,312,82.05881416666666,351.80888000000004,-112.59458666666667,-13.372111666666598,0.02403846153846154,20:00
QNI,forward,All,41,311,99.253865,365.64106833333335,-107.32907666666667,-5.105333333333419,0.01929260450160772,20:30
QNI,forward,All,42,312,99.52903750000002,405.3158125,-118.97646250000003,11.276248750000008,0.019230769230769232,21:00
QNI,forward,All,43,311,94.54989333333333,421.9350616666666,-112.92327833333331,10.182926666666617,0.003215434083601286,21:30
QNI,forward,All,44,307,109.94042166666667,450.34925833333335,-131.31275166666668,-2.887031666666644,0.004885993485342019,22:00
QNI,forward,All,45,304,104.50885833333334,431.36450833333333,-124.31579333333332,16.649942499999995,-0.004934210526315789,22:30
QNI,forward,All,46,301,103.12588,421.07649833333335,-106.33725500000003,9.003515833333324,-0.0049833887043189366,23:00
QNI,forward,All,47,302,133.99598583333335,455.6164708333333,-93.69797,-8.727379166666651,-0.004966887417218543,23:30
QNI,reverse,All,0,319,623.4312333333334,1035.4983933333333,-93.74217166666665,-10.854911666666652,0.25391849529780564,00:00
QNI,reverse,All,1,322,566.6036875,1031.0625891666666,-101.49015333333331,46.321704999999966,0.2360248447204969,00:30
QNI,reverse,All,2,318,588.2143349999999,1035.1841483333333,-106.85134500000004,50.01404666666669,0.24528301886792453,01:00
QNI,reverse,All,3,321,607.7401100000001,1041.0749783333333,-95.84483499999988,25.297180000000026,0.22897196261682243,01:30
QNI,reverse,All,4,321,577.4339966666666,1041.27155,-83.08851833333324,26.60046833333334,0.19626168224299065,02:00
QNI,reverse,All,5,322,593.7710441666667,1034.8454954166668,-90.14678249999992,6.149473333333333,0.21428571428571427,02:30
QNI,reverse,All,6,321,588.417525,1034.9048566666668,-101.67947500000002,9.701823333333323,0.22897196261682243,03:00
QNI,reverse,All,7,317,567.3024449999999,1048.7205275,-107.5087749999999,37.70385666666665,0.2555205047318612,03:30
QNI,reverse,All,8,319,568.7327683333333,1053.8254333333334,-103.75004999999999,23.27110166666671,0.24608150470219436,04:00
QNI,reverse,All,9,315,580.11849,1052.8693158333335,-99.19523333333336,1.4655233333332944,0.2253968253968254,04:30
QNI,reverse,All,10,320,633.9375683333333,1048.6555283333332,-77.92693333333332,-6.70612749999998,0.2484375,05:00
QNI,reverse,All,11,341,565.5528083333334,1038.4484016666668,-81.56014166666665,-17.66030833333332,0.22287390029325513,05:30
QNI,reverse,All,12,347,554.93586,1040.549335,-88.30706833333329,4.462288333333333,0.23487031700288186,06:00
QNI,reverse,All,13,379,551.6665866666666,1021.4544683333334,-107.88402166666668,-43.30753916666663,0.17546174142480211,06:30
QNI,reverse,All,14,402,562.0413358333333,986.4321841666667,-140.69986500000005,-26.03740208333328,0.19527363184079602,07:00
QNI,reverse,All,15,423,547.7741833333333,903.290065,-139.19808499999976,-38.69629999999995,0.20212765957446807,07:30
QNI,reverse,All,16,437,549.0962683333333,817.5654216666667,-118.49177166666664,-37.5129091666667,0.2151029748283753,08:00
QNI,reverse,All,17,447,553.5629516666667,745.0,-65.28541333333328,-22.774664166666582,0.18568232662192394,08:30
QNI,reverse,All,18,438,539.3785258333332,711.890195,-95.75557749999997,-39.58304750000008,0.1324200913242009,09:00
QNI,reverse,All,19,446,548.86785,704.5627683333333,-92.80487500000004,-13.228517499999981,0.09865470852017937,09:30
QNI,reverse,All,20,439,547.5017733333333,718.6073416666667,-103.42348333333337,-12.85671666666667,0.0888382687927107,10:00
QNI,reverse,All,21,444,554.7098591666667,718.3933916666666,-100.2973966666666,-53.82959416666663,0.036036036036036036,10:30
QNI,reverse,All,22,446,546.6628516666667,722.4622666666668,-108.34027416666669,-48.38075666666674,0.1210762331838565,11:00
QNI,reverse,All,23,448,546.7472533333333,745.0,-97.61484166666668,-38.497754999999984,0.15290178571428573,11:30
QNI,reverse,All,24,444,511.7099741666667,702.6172916666666,-92.60989083333345,-23.121514999999988,0.12387387387387387,12:00
QNI,reverse,All,25,446,535.51343,716.68144,-87.02322333333343,-9.864441250000084,0.1726457399103139,12:30
QNI,reverse,All,26,437,522.43756,745.0,-94.45268833333336,-20.790693333333365,0.11670480549199085,13:00
QNI,reverse,All,27,431,534.1015633333333,748.0867183333334,-82.16989,-4.417969166666694,0.16589327146171692,13:30
QNI,reverse,All,28,433,549.15036,746.7650266666666,-90.22241666666667,12.381071666666685,0.15242494226327943,14:00
QNI,reverse,All,29,425,548.85026,788.0598666666666,-79.70276916666671,-3.3642366666666135,0.12470588235294118,14:30
QNI,reverse,All,30,429,561.222125,831.7615483333334,-99.09852500000011,-20.848883333333333,0.1864801864801865,15:00
QNI,reverse,All,31,424,556.8758825,854.0635066666667,-88.71943583333326,-8.944104166666705,0.14150943396226415,15:30
QNI,reverse,All,32,416,582.6334183333333,912.4838579166667,-86.10520416666668,-19.982811249999948,0.1466346153846154,16:00
QNI,reverse,All,33,380,593.9148075,1005.5512279166667,-102.85678250000002,6.821736250000001,0.18157894736842106,16:30
QNI,reverse,All,34,370,647.5145608333333,1076.3308891666666,-88.74789749999991,26.547789166666647,0.1662162162162162,17:00
QNI,reverse,All,35,335,551.4177433333333,1064.2783333333334,-94.49380500000007,23.02562666666671,0.21492537313432836,17:30
QNI,reverse,All,36,329,545.3260466666667,1078.0,-119.17098500000009,-2.499559166666671,0.23860182370820668,18:00
QNI,reverse,All,37,328,519.4705108333333,1078.0,-133.44978499999996,-29.407919166666673,0.26371951219512196,18:30
QNI,reverse,All,38,331,529.363985,1078.0,-149.17051500000025,-43.86701333333329,0.24773413897280966,19:00
QNI,reverse,All,39,327,516.7558166666666,1059.8343583333333,-135.64465666666672,-15.162283333333335,0.2400611620795107,19:30
QNI,reverse,All,40,333,549.0719183333334,1037.6558833333333,-98.37226166666665,11.719234999999983,0.24024024024024024,20:00
QNI,reverse,All,41,332,553.77848,1024.8534841666665,-105.04875833333335,7.119580833333387,0.25301204819277107,20:30
QNI,reverse,All,42,333,550.8727283333333,1018.6002033333334,-80.25355333333312,-10.941166666666675,0.22822822822822822,21:00
QNI,reverse,All,43,332,537.7622808333333,1020.4501166666666,-90.76483500000009,-10.987481666666667,0.24548192771084337,21:30
QNI,reverse,All,44,327,552.0689316666667,1006.5447949999999,-69.94731666666667,8.258626666666668,0.27217125382262997,22:00
QNI,reverse,All,45,325,529.3035083333333,1022.592455,-87.39555083333335,-11.111518333333322,0.24769230769230768,22:30
QNI,reverse,All,46,321,551.7450183333334,1034.3341066666667,-114.33339500000011,-2.2615299999999934,0.2383177570093458,23:00
QNI,reverse,All,47,321,608.8523933333333,1037.734625,-101.86173333333335,12.881413333333331,0.2601246105919003,23:30
VNI,forward,All,0,196,877.9840125000001,987.7188375000001,-34.5021175,-77.60982583333329,-0.09438775510204081,00:00
VNI,forward,All,1,194,839.3320266666666,939.3803533333332,-51.55862416666673,-45.80480083333336,-0.01804123711340206,00:30
VNI,forward,All,2,182,797.7002483333332,912.1519049999999,-65.30592416666667,-15.855577499999992,0.016483516483516484,01:00
VNI,forward,All,3,182,773.0207491666667,864.7857537499999,-72.36797583333339,-84.38143416666665,-0.038461538461538464,01:30
VNI,forward,All,4,180,748.7893233333334,865.3627483333332,-72.45368666666667,-101.76578500000002,-0.002777777777777778,02:00
VNI,forward,All,5,180,751.26707,845.2015783333334,-47.59769666666665,-69.85532833333335,-0.008333333333333333,02:30
VNI,forward,All,6,178,758.2881158333334,822.9227099999999,-34.13254000000006,-71.27279916666663,0.0056179775280898875,03:00
VNI,forward,All,7,176,793.6625833333334,816.5395100000001,-24.363351666666688,-37.15637666666663,-0.02556818181818182,03:30
VNI,forward,All,8,176,789.1780925,837.1474000000001,-35.49543500000004,-62.548844999999986,0.0,04:00
VNI,forward,All,9,179,820.7532616666667,851.441545,-25.036223333333396,-59.136874999999975,-0.061452513966480445,04:30
VNI,forward,All,10,178,840.5328008333333,891.71214875,-25.29209125,-51.82672416666671,0.0,05:00
VNI,forward,All,11,189,860.6560716666667,933.2510849999999,-23.057453333333342,-48.73366999999985,0.018518518518518517,05:30
VNI,forward,All,12,210,853.07813,903.4932758333334,-37.77704416666671,-40.59103041666661,0.004761904761904762,06:00
VNI,forward,All,13,252,831.9900566666666,868.0229266666668,-20.91752833333328,-72.16628791666665,-0.017857142857142856,06:30
VNI,forward,All,14,270,739.11623,811.5746883333333,-27.665744166666656,-52.76707499999998,0.03888888888888889,07:00
VNI,forward,All,15,308,625.9036283333334,696.6038491666666,27.16061583333328,-23.702403749999988,-0.024350649350649352,07:30
VNI,forward,All,16,301,452.47166666666664,548.5441433333334,11.39131999999995,-25.808011666666744,-0.03820598006644518,08:00
VNI,forward,All,17,297,389.6693233333333,424.83344000000005,16.798209999999983,-41.30798749999998,-0.030303030303030304,08:30
VNI,forward,All,18,308,341.25710000000004,378.91178833333333,-21.430409166666664,-67.74297083333333,0.016233766233766232,09:00
VNI,forward,All,19,300,302.9365425,292.75652375,31.101369166666558,-28.662503333333355,0.015,09:30
VNI,forward,All,20,304,342.05594333333335,330.0387725,27.79401999999996,-42.9506608333333,-0.023026315789473683,10:00
VNI,forward,All,21,305,364.7571566666666,320.9375733333333,4.604971666666756,-65.34068833333339,-0.047540983606557376,10:30
VNI,forward,All,22,305,380.6239166666667,305.6709183333333,-0.8625600000000304,-26.26236499999999,0.02622950819672131,11:00
VNI,forward,All,23,307,339.44072166666666,278.6489266666667,15.525943333333373,-15.950201666666658,0.019543973941368076,11:30
VNI,forward,All,24,309,324.59703666666667,226.34529833333332,1.1456833333333307,27.142749999999978,0.016181229773462782,12:00
VNI,forward,All,25,302,384.9117083333333,296.14664999999997,12.000237500000011,17.099967500000005,0.039735099337748346,12:30
VNI,forward,All,26,298,283.13824666666665,228.3599975,38.065345000000036,-13.48300416666665,0.0,13:00
VNI,forward,All,27,300,329.40487666666667,222.06270500000002,30.51739333333331,-9.002241666666663,-0.0016666666666666668,13:30
VNI,forward,All,28,302,269.49752,202.29371833333335,58.677807499999986,2.1656199999999757,0.024834437086092714,14:00
VNI,forward,All,29,298,305.42598833333335,187.9051841666667,61.74170666666667,11.664148333333344,-0.05201342281879195,14:30
VNI,forward,All,30,300,304.85230666666666,185.99523499999998,47.91825333333327,18.88706125,-0.0016666666666666668,15:00
VNI,forward,All,31,287,241.07677333333334,222.57869833333334,5.0772566666666705,12.246775,0.029616724738675958,15:30
VNI,forward,All,32,283,330.0601383333333,250.73952666666665,29.70786333333334,11.393528333333336,-0.0088339222614841,16:00
VNI,forward,All,33,263,363.1446016666667,281.30006499999996,41.066138333333356,-7.57806000000005,-0.0019011406844106464,16:30
VNI,forward,All,34,262,567.1370416666667,561.6802954166667,-64.1930491666667,-77.88263000000003,0.07251908396946564,17:00
VNI,forward,All,35,228,653.046185,750.6175,-35.785544166666654,-102.63683583333334,0.019736842105263157,17:30
VNI,forward,All,36,217,727.3583466666668,831.2050166666668,-68.76819166666667,-98.94592666666667,0.029953917050691243,18:00
VNI,forward,All,37,203,818.2387616666666,929.5176616666668,-124.64547833333336,-159.96699666666672,0.0049261083743842365,18:30
VNI,forward,All,38,198,894.7004366666667,981.912965,-82.7839458333333,-96.58083041666669,-0.025252525252525252,19:00
VNI,forward,All,39,189,899.5367916666668,1022.7647133333332,-120.94912000000011,-217.81947666666673,-0.013227513227513227,19:30
VNI,forward,All,40,192,908.8083116666667,1047.8720358333335,-112.04160500000006,-181.3634141666666,-0.0078125,20:00
VNI,forward,All,41,190,933.2049291666667,1015.7877454166667,-91.66500916666666,-125.41153916666666,0.018421052631578946,20:30
VNI,forward,All,42,193,930.57705,1038.7331583333332,-104.8287916666668,-144.13759333333334,-0.031088082901554404,21:00
VNI,forward,All,43,190,943.5001666666667,1040.2412016666667,-61.94402916666667,-104.53897916666668,-0.07368421052631578,21:30
VNI,forward,All,44,190,943.636555,1053.6647033333334,-54.81410250000005,-72.8829291666666,-0.05263157894736842,22:00
VNI,forward,All,45,188,924.269965,1015.28811,-35.44760000000002,-20.057458333333386,-0.013297872340425532,22:30
VNI,forward,All,46,183,930.1206783333333,1010.35043,-48.72679833333325,-41.875333333333344,-0.06284153005464481,23:00
VNI,forward,All,47,184,928.2331641666667,965.9845633333333,-27.722240416666693,-79.32062666666673,-0.09782608695652174,23:30
VNI,reverse,All,0,250,291.97996666666666,322.3347395833333,-66.5407708333333,45.05593708333322,0.04,00:00
VNI,reverse,All,1,244,307.49886250000003,334.03551916666663,-35.82800916666669,47.38419666666664,0.05942622950819672,00:30
VNI,reverse,All,2,234,305.5993825,333.28817749999996,-77.33735291666667,36.13588333333328,0.07051282051282051,01:00
VNI,reverse,All,3,232,304.338085,356.1513891666667,-61.35856083333337,49.42455750000005,0.034482758620689655,01:30
VNI,reverse,All,4,231,316.1696533333333,369.72018166666663,-44.47292166666659,18.55711000000008,0.03896103896103896,02:00
VNI,reverse,All,5,228,315.92836083333333,350.2986183333333,-39.58671250000003,3.1409466666666788,0.04824561403508772,02:30
VNI,reverse,All,6,223,321.84743333333336,349.5625283333334,-37.10033500000003,-17.502186666666603,0.02242152466367713,03:00
VNI,reverse,All,7,224,329.1858208333333,364.0190733333334,-47.04663999999997,-11.099646666666644,0.029017857142857144,03:30
VNI,reverse,All,8,224,326.99666583333334,374.2151945833333,-53.994791666666686,4.683453333333318,0.026785714285714284,04:00
VNI,reverse,All,9,227,323.80682333333334,373.36122666666665,-37.93801500000001,-18.8831316666666,-0.0022026431718061676,04:30
VNI,reverse,All,10,228,314.0867875,354.5247483333334,-56.707372500000005,8.099356666666608,-0.013157894736842105,05:00
VNI,reverse,All,11,241,312.25923666666665,377.92094333333335,-75.26114916666671,-13.431280000000015,0.01037344398340249,05:30
VNI,reverse,All,12,269,322.60048,370.87222333333335,-60.81467166666664,15.743943333333164,0.02973977695167286,06:00
VNI,reverse,All,13,314,323.88016,385.8717016666667,-52.31355499999999,-3.664212500000005,0.030254777070063694,06:30
VNI,reverse,All,14,322,382.35375166666665,414.6360775,-19.463580000000007,56.56019916666668,0.049689440993788817,07:00
VNI,reverse,All,15,338,418.31741250000005,443.63374,-15.997840833333328,41.859010833333315,0.0695266272189349,07:30
VNI,reverse,All,16,342,442.5571308333333,479.76711166666666,-19.311488333333322,38.879306666666665,0.0847953216374269,08:00
VNI,reverse,All,17,341,443.2911316666667,464.98477499999996,-8.957334999999944,4.986726666666698,0.02932551319648094,08:30
VNI,reverse,All,18,356,510.22218416666664,509.4011966666667,-9.56827583333336,-0.4289183333333071,0.008426966292134831,09:00
VNI,reverse,All,19,347,518.4040066666666,516.4337516666667,-20.73074500000007,-46.525525000000016,-0.004322766570605188,09:30
VNI,reverse,All,20,350,559.8497225,577.1841604166666,-19.968733333333432,6.675687499999995,0.02142857142857143,10:00
VNI,reverse,All,21,351,575.8599516666667,586.0287791666667,-32.61479499999996,5.622058333333371,0.027065527065527065,10:30
VNI,reverse,All,22,358,582.3418358333333,570.9104,-34.22782833333332,3.6901274999999316,0.019553072625698324,11:00
VNI,reverse,All,23,351,579.7704150000001,582.6414249999999,-42.59735666666671,12.627608333333399,0.04415954415954416,11:30
VNI,reverse,All,24,359,584.1383083333334,585.2134383333333,-31.14298000000008,-38.146613333333335,0.034818941504178275,12:00
VNI,reverse,All,25,356,579.6002866666666,589.7849804166667,-32.20347333333331,-52.27814000000001,-0.018258426966292134,12:30
VNI,reverse,All,26,354,605.1062083333334,610.2274766666667,-17.36652083333331,-21.936079999999976,-0.04096045197740113,13:00
VNI,reverse,All,27,356,583.2254325,622.0744808333334,-49.04982458333336,-52.34290333333334,-0.023876404494382022,13:30
VNI,reverse,All,28,357,584.2429016666666,658.3547749999999,-71.95996333333335,-39.656118333333325,-0.0056022408963585435,14:00
VNI,reverse,All,29,359,589.563535,647.5281033333333,-87.14519833333327,-63.19284833333336,-0.009749303621169917,14:30
VNI,reverse,All,30,358,612.5780033333333,626.4236083333334,-40.01795333333334,-22.444398749999984,-0.02653631284916201,15:00
VNI,reverse,All,31,346,590.371155,622.8386291666667,-40.145562083333346,-5.328649166666651,0.044797687861271675,15:30
VNI,reverse,All,32,338,530.4749058333333,597.2870641666666,-65.92098999999996,-25.446952083333347,0.03254437869822485,16:00
VNI,reverse,All,33,316,504.4152875,600.330955,-71.31598500000001,-9.402474999999999,0.015822784810126583,16:30
VNI,reverse,All,34,317,479.71995,563.5369716666667,-35.925003333333336,38.99207666666668,-0.017350157728706624,17:00
VNI,reverse,All,35,303,478.8102033333333,542.8544333333333,-42.898231666666675,20.315179999999827,0.036303630363036306,17:30
VNI,reverse,All,36,276,537.9694824999999,505.0325516666667,20.63749999999999,63.10121416666669,0.05434782608695652,18:00
VNI,reverse,All,37,260,470.90084833333333,545.467185,-28.65829416666668,97.15891916666666,0.026923076923076925,18:30
VNI,reverse,All,38,263,471.7481383333334,517.970785,-37.66758666666669,25.193531666666665,0.049429657794676805,19:00
VNI,reverse,All,39,250,418.94069666666667,498.6144483333333,-93.75523500000003,101.47855374999995,0.056,19:30
VNI,reverse,All,40,246,392.24730666666665,416.41687083333335,-45.84078583333337,65.796295,0.04878048780487805,20:00
VNI,reverse,All,41,249,376.59355166666666,381.781325,-21.570646666666676,59.34217666666666,0.07630522088353414,20:30
VNI,reverse,All,42,248,341.1024175,387.74898,-52.704286249999996,58.97615624999992,0.06854838709677419,21:00
VNI,reverse,All,43,251,302.9696533333333,377.79584666666665,-58.155399999999986,9.265446666666662,0.053784860557768925,21:30
VNI,reverse,All,44,248,286.45704,310.70864,-36.64623916666663,43.737761666666586,0.038306451612903226,22:00
VNI,reverse,All,45,245,295.99466666666666,309.6656316666667,-42.65630999999996,-20.503535000000056,0.0020408163265306124,22:30
VNI,reverse,All,46,243,279.5938966666667,320.16832833333336,-76.46743333333333,8.622874999999993,0.00823045267489712,23:00
VNI,reverse,All,47,242,286.71696333333335,316.15565833333335,-84.74204416666664,24.85051249999998,0.045454545454545456,23:30
