ic,direction,asset,asset_description,voltage_kv,substation,region,area_label,families,episodes_listed,electrically_near,plants_within_50km,published_level,published_key,tier,effect_capacity,effect_capacity_pct,ci_lo_capacity,ci_hi_capacity,effect_at_limit,effect_directional_flow,effect_headroom,treated_capacity,control_capacity,treated_hours,episodes,match_rate,name
N-Q-MNSP1,forward,4/LINE/4,CollctorWF-Marulan 4 330kV LINE,330.0,,,,N-AVMA_17|N-X_4+17_WG_CLOSE,2,ER03 (+6.71); ER04 (+6.71); TARALGA1 (+4.15); TALWA1 (+4.15); TALWB1 (+4.15); CROOKWF3 (+4.14),,K2,N-AVMA_17,supported,2.247710833333336,4.3528157620061565,-2.7206994583333337,7.469225500000001,0.019200626959247652,7.4833333333333325,0.811083333333336,48.16598833333333,45.29814833333333,722.0,10.0,0.8836565096952909,Directlink
N-Q-MNSP1,reverse,4/LINE/4,CollctorWF-Marulan 4 330kV LINE,330.0,,,,N-AVMA_17|N-X_4+17_WG_CLOSE,2,ER03 (+6.71); ER04 (+6.71); TARALGA1 (+4.15); TALWA1 (+4.15); TALWB1 (+4.15); CROOKWF3 (+4.14),,K2,N-AVMA_17,supported,0.16025250000000568,0.19497628840504153,-4.799999999999997,6.402884749999997,-0.07523510971786834,-7.333333333333334,0.21666666666666856,78.38333333333333,79.14166666666667,722.0,10.0,0.8836565096952909,Directlink
N-Q-MNSP1,forward,ALSTONVL/CB/5B1,Alstonvill AVE5B1 66kV CB,66.0,Alstonville 66/11kV,NSW1,east of Lismore (16 km),N-X_9U6_9G2,1,,,K2,N-X_9U6_9G2,supported,18.208765833333334,33.971548470044866,-5.520648333333327,104.76578416666666,0.032894736842105254,10.006506666666667,1.0125787499999888,65.10189416666665,46.803822499999995,39.5,5.0,0.9620253164556962,Directlink
N-Q-MNSP1,reverse,ALSTONVL/CB/5B1,Alstonvill AVE5B1 66kV CB,66.0,Alstonville 66/11kV,NSW1,east of Lismore (16 km),N-X_9U6_9G2,1,,,K2,N-X_9U6_9G2,supported,-14.416509166666664,-15.383088618620185,-154.45227,1.4446866666666693,0.04605263157894736,-8.0,-0.6820633333333319,80.05394416666667,89.12496333333334,39.5,5.0,0.9620253164556962,Directlink
N-Q-MNSP1,forward,ARMIDALE/BUS/4B1,Armidale 1 132kV BUS,132.0,Armidale 330kV,NSW1,central Armidale,N-X_ARKK_CH_CB892A,1,METZSF1 (-0.36); SAPHWF1 (-0.24); NEWENSF1 (-0.23); NEWENSF2 (-0.23); NESBESS1 (-0.23); NESBESS2 (-0.23),Petersons Solar Farm (4 km); UNE Solar Farm (9 km); New England Solar Farm (14 km); Metz Solar Farm (14 km); Oaky Power Station (34 km),K3,ARMIDALE,supported,-21.192715,-39.777524447428966,-41.372998583333334,-5.865829999999995,0.0,-9.642605833333333,-5.000000015797923e-06,1.1333333333333353,48.758365,408.0,24.0,0.9056372549019608,Directlink
N-Q-MNSP1,reverse,ARMIDALE/BUS/4B1,Armidale 1 132kV BUS,132.0,Armidale 330kV,NSW1,central Armidale,N-X_ARKK_CH_CB892A,1,METZSF1 (-0.36); SAPHWF1 (-0.24); NEWENSF1 (-0.23); NEWENSF2 (-0.23); NESBESS1 (-0.23); NESBESS2 (-0.23),Petersons Solar Farm (4 km); UNE Solar Farm (9 km); New England Solar Farm (14 km); Metz Solar Farm (14 km); Oaky Power Station (34 km),K2,N-X_ARKK_CH_CB892A,supported,14.216666666666669,15.914179104477617,4.234753333333334,17.791028333333344,0.017777777777777767,8.166666666666666,0.4333333333333371,90.35000000000001,79.9,114.5,14.0,0.982532751091703,Directlink
N-Q-MNSP1,forward,ARMIDALE/BUS/512,Armidale 1 330kV BUS,330.0,Armidale 330kV,NSW1,central Armidale,N-ARTW_86,2,SAPHWF1 (+1.00); NESBESS1 (+1.00); NESBESS2 (+1.00); NEWENSF1 (+1.00); NEWENSF2 (+1.00),Petersons Solar Farm (4 km); UNE Solar Farm (9 km); New England Solar Farm (14 km); Metz Solar Farm (14 km); Oaky Power Station (34 km),K2,N-ARTW_86,supported,-21.191974166666665,-39.84321856056909,-45.005995,-3.7121417500000113,-0.10224274406332455,-7.5,-0.2306841666666699,6.641666666666666,47.46695833333333,384.0,12.0,0.9869791666666666,Directlink
N-Q-MNSP1,reverse,ARMIDALE/BUS/512,Armidale 1 330kV BUS,330.0,Armidale 330kV,NSW1,central Armidale,N-ARTW_86,2,SAPHWF1 (+1.00); NESBESS1 (+1.00); NESBESS2 (+1.00); NEWENSF1 (+1.00); NEWENSF2 (+1.00),Petersons Solar Farm (4 km); UNE Solar Farm (9 km); New England Solar Farm (14 km); Metz Solar Farm (14 km); Oaky Power Station (34 km),K2,N-ARTW_86,supported,11.589299166666656,12.925658094851716,0.6684508333333312,37.28716333333333,0.1616094986807388,6.922791666666667,-0.6489791666666633,70.40004666666667,67.83057833333334,384.0,12.0,0.9869791666666666,Directlink
N-Q-MNSP1,forward,ARMIDALE/LINE/86,Tamworth Armidale 86 330kV LINE,330.0,Armidale 330kV,NSW1,central Armidale,N-ARTW_86,7,SAPHWF1 (+1.00); NESBESS1 (+1.00); NESBESS2 (+1.00); NEWENSF1 (+1.00); NEWENSF2 (+1.00),Petersons Solar Farm (4 km); UNE Solar Farm (9 km); New England Solar Farm (14 km); Metz Solar Farm (14 km); Oaky Power Station (34 km),K1xK2,ARMIDALE/LINE/86 × N-ARTW_86,supported,-34.853970000000004,-63.76930837300851,-68.67861079166667,-19.333425,0.0,-14.516666666666666,-0.6674050000000005,-9.0,52.60126333333333,278.0,6.0,0.987410071942446,Directlink
N-Q-MNSP1,reverse,ARMIDALE/LINE/86,Tamworth Armidale 86 330kV LINE,330.0,Armidale 330kV,NSW1,central Armidale,N-ARTW_86,7,SAPHWF1 (+1.00); NESBESS1 (+1.00); NESBESS2 (+1.00); NEWENSF1 (+1.00); NEWENSF2 (+1.00),Petersons Solar Farm (4 km); UNE Solar Farm (9 km); New England Solar Farm (14 km); Metz Solar Farm (14 km); Oaky Power Station (34 km),K1xK2,ARMIDALE/LINE/86 × N-ARTW_86,supported,20.20204416666668,22.61422854477614,0.8000000000000114,53.96666666666668,0.0,14.516666666666666,-9.010775833333334,61.22351666666666,59.224250000000005,278.0,6.0,0.987410071942446,Directlink
N-Q-MNSP1,forward,ARMIDALE/LINE/965,Armidale Kempsey 965 132kV LINE,132.0,Armidale 330kV,NSW1,central Armidale,CA_BRIS_59712B29,1,METZSF1 (+0.70); WRSF1 (+0.70); WRWF1 (+0.70); SAPHWF1 (+0.59); NEWENSF2 (+0.57); NEWENSF1 (+0.57),Petersons Solar Farm (4 km); UNE Solar Farm (9 km); New England Solar Farm (14 km); Metz Solar Farm (14 km); Oaky Power Station (34 km),K3,ARMIDALE,supported,-21.192715,-39.777524447428966,-41.372998583333334,-5.865829999999995,0.0,-9.642605833333333,-5.000000015797923e-06,1.1333333333333353,48.758365,408.0,24.0,0.9056372549019608,Directlink
N-Q-MNSP1,reverse,ARMIDALE/LINE/965,Armidale Kempsey 965 132kV LINE,132.0,Armidale 330kV,NSW1,central Armidale,CA_BRIS_59712B29,1,METZSF1 (+0.70); WRSF1 (+0.70); WRWF1 (+0.70); SAPHWF1 (+0.59); NEWENSF2 (+0.57); NEWENSF1 (+0.57),Petersons Solar Farm (4 km); UNE Solar Farm (9 km); New England Solar Farm (14 km); Metz Solar Farm (14 km); Oaky Power Station (34 km),K3,ARMIDALE,supported,19.049999999999997,21.244674939803676,4.074516666666664,40.08333333333334,0.0,10.5,-0.11653833333335228,82.5,73.61136166666667,408.0,24.0,0.9056372549019608,Directlink
N-Q-MNSP1,forward,ARMIDALE/LINE/966,Armidale Koolkhan 966 132kV LINE,132.0,Armidale 330kV,NSW1,central Armidale,N-X_ARKK_CH_CB892A,12,METZSF1 (-0.36); SAPHWF1 (-0.24); NEWENSF1 (-0.23); NEWENSF2 (-0.23); NESBESS1 (-0.23); NESBESS2 (-0.23),Petersons Solar Farm (4 km); UNE Solar Farm (9 km); New England Solar Farm (14 km); Metz Solar Farm (14 km); Oaky Power Station (34 km),K1xK2,ARMIDALE/LINE/966 × N-X_ARKK_CH_CB892A,supported,11.469580833333335,20.984904648451277,-11.708641791666667,32.56605166666667,0.0,-9.0,5.682147499999999,62.48712499999999,39.237590000000004,85.0,11.0,0.9764705882352941,Directlink
N-Q-MNSP1,reverse,ARMIDALE/LINE/966,Armidale Koolkhan 966 132kV LINE,132.0,Armidale 330kV,NSW1,central Armidale,N-X_ARKK_CH_CB892A,12,METZSF1 (-0.36); SAPHWF1 (-0.24); NEWENSF1 (-0.23); NEWENSF2 (-0.23); NESBESS1 (-0.23); NESBESS2 (-0.23),Petersons Solar Farm (4 km); UNE Solar Farm (9 km); New England Solar Farm (14 km); Metz Solar Farm (14 km); Oaky Power Station (34 km),K1xK2,ARMIDALE/LINE/966 × N-X_ARKK_CH_CB892A,supported,15.750790000000002,17.567561274475928,3.8333316666666803,19.01916666666662,0.0,9.0,0.6499999999999986,94.89166666666668,84.22512833333333,85.0,11.0,0.9764705882352941,Directlink
N-Q-MNSP1,forward,ARMIDALE/LINE/96T,Armidale Glen_Innes 96T 132kV LINE,132.0,Armidale 330kV,NSW1,central Armidale,N-X_96T+9UG+9U2,3,,Petersons Solar Farm (4 km); UNE Solar Farm (9 km); New England Solar Farm (14 km); Metz Solar Farm (14 km); Oaky Power Station (34 km),K3,ARMIDALE,supported,-21.192715,-39.777524447428966,-41.372998583333334,-5.865829999999995,0.0,-9.642605833333333,-5.000000015797923e-06,1.1333333333333353,48.758365,408.0,24.0,0.9056372549019608,Directlink
N-Q-MNSP1,reverse,ARMIDALE/LINE/96T,Armidale Glen_Innes 96T 132kV LINE,132.0,Armidale 330kV,NSW1,central Armidale,N-X_96T+9UG+9U2,3,,Petersons Solar Farm (4 km); UNE Solar Farm (9 km); New England Solar Farm (14 km); Metz Solar Farm (14 km); Oaky Power Station (34 km),K3,ARMIDALE,supported,19.049999999999997,21.244674939803676,4.074516666666664,40.08333333333334,0.0,10.5,-0.11653833333335228,82.5,73.61136166666667,408.0,24.0,0.9056372549019608,Directlink
N-Q-MNSP1,forward,AVON/LINE/10,Avon 330kV Dapto 10 330kV LINE,330.0,Avon 330kV,NSW1,central Wollongong,N-X_10+76,1,TALWB1 (+6.02); TALWA1 (+6.02); SHGEN (+5.69); SHGEN2 (+5.69); SHPUMP (-5.69); WOODLWN1 (+4.66),Tallawarra Power Station (10 km); Kangaroo Valley Pumping and Power Station (39 km); Bendeela Pumping and Power Station (41 km),K3,AVON,supported,1.1773174999999991,2.5233334453622414,-3.1581700000000055,8.052306666666663,0.0,8.0,0.4187466666666708,43.969698333333326,42.29902333333333,625.0,11.0,0.9632,Directlink
N-Q-MNSP1,reverse,AVON/LINE/10,Avon 330kV Dapto 10 330kV LINE,330.0,Avon 330kV,NSW1,central Wollongong,N-X_10+76,1,TALWB1 (+6.02); TALWA1 (+6.02); SHGEN (+5.69); SHGEN2 (+5.69); SHPUMP (-5.69); WOODLWN1 (+4.66),Tallawarra Power Station (10 km); Kangaroo Valley Pumping and Power Station (39 km); Bendeela Pumping and Power Station (41 km),K3,AVON,supported,2.875000000000007,3.1950361177996003,-3.0500016666666667,9.551249999999996,0.0,-8.0,0.2499999999999858,78.54166666666667,73.80833333333334,625.0,11.0,0.9632,Directlink
N-Q-MNSP1,forward,AVON/LINE/17,Avon-Macarthur 17 330kV LINE,330.0,Avon 330kV,NSW1,central Wollongong,N-AVMA_17|N-X_4+17_WG_CLOSE|N-X_AVMA_KCTX|N-X_AVMA_SSWW,12,ER04 (+6.71); ER03 (+6.71); TARALGA1 (+4.15); TALWB1 (+4.15); TALWA1 (+4.15); CROOKWF3 (+4.14),Tallawarra Power Station (10 km); Kangaroo Valley Pumping and Power Station (39 km); Bendeela Pumping and Power Station (41 km),K1xK2,AVON/LINE/17 × N-AVMA_17,supported,1.7607116666666727,3.513624330282265,-2.5617016666666714,9.333333333333336,0.0,10.325534999999999,0.0,46.279865,45.230351666666664,576.0,10.0,0.8880208333333334,Directlink
N-Q-MNSP1,reverse,AVON/LINE/17,Avon-Macarthur 17 330kV LINE,330.0,Avon 330kV,NSW1,central Wollongong,N-AVMA_17|N-X_4+17_WG_CLOSE|N-X_AVMA_KCTX|N-X_AVMA_SSWW,12,ER04 (+6.71); ER03 (+6.71); TARALGA1 (+4.15); TALWB1 (+4.15); TALWA1 (+4.15); CROOKWF3 (+4.14),Tallawarra Power Station (10 km); Kangaroo Valley Pumping and Power Station (39 km); Bendeela Pumping and Power Station (41 km),K1xK2,AVON/LINE/17 × N-AVMA_17,supported,-1.3833333333333542,-1.5485074626865907,-7.955416666666669,4.26666666666668,0.0,-10.205538333333333,0.2333333333333485,78.11666666666666,79.93333333333334,576.0,10.0,0.8880208333333334,Directlink
N-Q-MNSP1,forward,COFFS/LINE/9W8,CoffsH330-BoambeeS 9W8 132kV LINE,132.0,Coffs Harbour 330kV,NSW1,,N-CHKS_ONE,1,METZSF1 (+1.27); WRSF1 (+1.15); WRWF1 (+1.15); MOREESF1 (+0.91); SAPHWF1 (+0.88); NEWENSF1 (+0.84),,K2,N-CHKS_ONE,supported,13.261638333333337,24.93724197006295,5.655286666666676,30.87420670833331,0.08354114713216958,9.333333333333336,0.3826483333333215,58.43349333333333,44.217121666666664,202.5,10.0,0.9901234567901235,Directlink
N-Q-MNSP1,reverse,COFFS/LINE/9W8,CoffsH330-BoambeeS 9W8 132kV LINE,132.0,Coffs Harbour 330kV,NSW1,,N-CHKS_ONE,1,METZSF1 (+1.27); WRSF1 (+1.15); WRWF1 (+1.15); MOREESF1 (+0.91); SAPHWF1 (+0.88); NEWENSF1 (+0.84),,none,,unsupported,,,,,,,,,,,,,Directlink
N-Q-MNSP1,forward,DAPTO/BUS/5B1,Dapto B1 330kV BUS,330.0,Dapto 330kV,NSW1,central Wollongong,N-DTMN_8_15M,2,TARALGA1 (+5.95); COLWF01 (+5.18); CROOKWF2 (+5.17); CROOKWF3 (+5.17); GULLRSF1 (+5.08); GULLRWF1 (+5.08),Tallawarra Power Station (3 km); Kangaroo Valley Pumping and Power Station (37 km); Bendeela Pumping and Power Station (39 km),K2,N-DTMN_8_15M,supported,-0.7832833333333298,-1.4613482301694447,-10.292590375000003,7.948057833333332,0.15752461322081576,2.1499999999999995,-0.31653666666665004,40.50049,42.62765666666667,383.0,9.0,0.9281984334203656,Directlink
N-Q-MNSP1,reverse,DAPTO/BUS/5B1,Dapto B1 330kV BUS,330.0,Dapto 330kV,NSW1,central Wollongong,N-DTMN_8_15M,2,TARALGA1 (+5.95); COLWF01 (+5.18); CROOKWF2 (+5.17); CROOKWF3 (+5.17); GULLRSF1 (+5.08); GULLRWF1 (+5.08),Tallawarra Power Station (3 km); Kangaroo Valley Pumping and Power Station (37 km); Bendeela Pumping and Power Station (39 km),K2,N-DTMN_8_15M,supported,-4.553865000000001,-5.158807070319473,-20.4641225,3.2887499999999794,0.02250351617440227,-2.0792783333333276,-0.0006233333333405255,67.78225333333334,77.26666999999999,383.0,9.0,0.9281984334203656,Directlink
N-Q-MNSP1,forward,DAPTO/LINE/8,Dapto Marulan 8 330kV LINE,330.0,Dapto 330kV,NSW1,central Wollongong,N-DTMN_8_15M,11,TARALGA1 (+5.95); COLWF01 (+5.18); CROOKWF2 (+5.17); CROOKWF3 (+5.17); GULLRSF1 (+5.08); GULLRWF1 (+5.08),Tallawarra Power Station (3 km); Kangaroo Valley Pumping and Power Station (37 km); Bendeela Pumping and Power Station (39 km),K1xK2,DAPTO/LINE/8 × N-DTMN_8_15M,supported,-6.283423750000001,-12.404512621784608,-22.920536666666674,0.9499999999999957,0.0,-3.485966666666666,0.2858637500000043,34.583780833333336,42.95661333333334,230.0,8.0,0.9217391304347826,Directlink
N-Q-MNSP1,reverse,DAPTO/LINE/8,Dapto Marulan 8 330kV LINE,330.0,Dapto 330kV,NSW1,central Wollongong,N-DTMN_8_15M,11,TARALGA1 (+5.95); COLWF01 (+5.18); CROOKWF2 (+5.17); CROOKWF3 (+5.17); GULLRSF1 (+5.08); GULLRWF1 (+5.08),Tallawarra Power Station (3 km); Kangaroo Valley Pumping and Power Station (37 km); Bendeela Pumping and Power Station (39 km),K2,N-DTMN_8_15M,supported,-4.553865000000001,-5.158807070319473,-20.4641225,3.2887499999999794,0.02250351617440227,-2.0792783333333276,-0.0006233333333405255,67.78225333333334,77.26666999999999,383.0,9.0,0.9281984334203656,Directlink
N-Q-MNSP1,forward,DUMARESQ/LINE/8C,Armidale Dumarsq330 8C 330kV LINE,330.0,Dumaresq 330kV,NSW1,north of Armidale (149 km),N-ARTW_86,1,SAPHWF1 (+1.00); NESBESS1 (+1.00); NESBESS2 (+1.00); NEWENSF1 (+1.00); NEWENSF2 (+1.00),Pindari Power Station (22 km),K2,N-ARTW_86,supported,-21.191974166666665,-39.84321856056909,-45.005995,-3.7121417500000113,-0.10224274406332455,-7.5,-0.2306841666666699,6.641666666666666,47.46695833333333,384.0,12.0,0.9869791666666666,Directlink
N-Q-MNSP1,reverse,DUMARESQ/LINE/8C,Armidale Dumarsq330 8C 330kV LINE,330.0,Dumaresq 330kV,NSW1,north of Armidale (149 km),N-ARTW_86,1,SAPHWF1 (+1.00); NESBESS1 (+1.00); NESBESS2 (+1.00); NEWENSF1 (+1.00); NEWENSF2 (+1.00),Pindari Power Station (22 km),K2,N-ARTW_86,supported,11.589299166666656,12.925658094851716,0.6684508333333312,37.28716333333333,0.1616094986807388,6.922791666666667,-0.6489791666666633,70.40004666666667,67.83057833333334,384.0,12.0,0.9869791666666666,Directlink
N-Q-MNSP1,forward,DUNOON/LINE/9U7/L,Lismor132 Dunnoon 9U7/L 132kV LINE,132.0,Dunoon 132kV,NSW1,central Lismore,N-X_9U6_9G2,2,,,K2,N-X_9U6_9G2,supported,18.208765833333334,33.971548470044866,-5.520648333333327,104.76578416666666,0.032894736842105254,10.006506666666667,1.0125787499999888,65.10189416666665,46.803822499999995,39.5,5.0,0.9620253164556962,Directlink
N-Q-MNSP1,reverse,DUNOON/LINE/9U7/L,Lismor132 Dunnoon 9U7/L 132kV LINE,132.0,Dunoon 132kV,NSW1,central Lismore,N-X_9U6_9G2,2,,,K2,N-X_9U6_9G2,supported,-14.416509166666664,-15.383088618620185,-154.45227,1.4446866666666693,0.04605263157894736,-8.0,-0.6820633333333319,80.05394416666667,89.12496333333334,39.5,5.0,0.9620253164556962,Directlink
N-Q-MNSP1,forward,EL23499,Ewingsdle. EWE7H1 132kV CB,132.0,,,,N-X_9U6_9G2,1,,,K2,N-X_9U6_9G2,supported,18.208765833333334,33.971548470044866,-5.520648333333327,104.76578416666666,0.032894736842105254,10.006506666666667,1.0125787499999888,65.10189416666665,46.803822499999995,39.5,5.0,0.9620253164556962,Directlink
N-Q-MNSP1,reverse,EL23499,Ewingsdle. EWE7H1 132kV CB,132.0,,,,N-X_9U6_9G2,1,,,K2,N-X_9U6_9G2,supported,-14.416509166666664,-15.383088618620185,-154.45227,1.4446866666666693,0.04605263157894736,-8.0,-0.6820633333333319,80.05394416666667,89.12496333333334,39.5,5.0,0.9620253164556962,Directlink
N-Q-MNSP1,forward,EL26463,Nambucca 4102 132kV CB,132.0,Nambucca 132kV,NSW1,,N-CHKS_ONE,1,METZSF1 (+1.27); WRSF1 (+1.15); WRWF1 (+1.15); MOREESF1 (+0.91); SAPHWF1 (+0.88); NEWENSF1 (+0.84),,K2,N-CHKS_ONE,supported,13.261638333333337,24.93724197006295,5.655286666666676,30.87420670833331,0.08354114713216958,9.333333333333336,0.3826483333333215,58.43349333333333,44.217121666666664,202.5,10.0,0.9901234567901235,Directlink
N-Q-MNSP1,reverse,EL26463,Nambucca 4102 132kV CB,132.0,Nambucca 132kV,NSW1,,N-CHKS_ONE,1,METZSF1 (+1.27); WRSF1 (+1.15); WRWF1 (+1.15); MOREESF1 (+0.91); SAPHWF1 (+0.88); NEWENSF1 (+0.84),,none,,unsupported,,,,,,,,,,,,,Directlink
N-Q-MNSP1,forward,EL26470,BoambeeS 1 132kV BUS,132.0,,,,CA_SYDS_59839EB2|N-CHKS_ONE,1,METZSF1 (+1.27); WRSF1 (+1.15); WRWF1 (+1.15); MOREESF1 (+0.91); SAPHWF1 (+0.88); NEWENSF1 (+0.84),,K2,N-CHKS_ONE,supported,13.261638333333337,24.93724197006295,5.655286666666676,30.87420670833331,0.08354114713216958,9.333333333333336,0.3826483333333215,58.43349333333333,44.217121666666664,202.5,10.0,0.9901234567901235,Directlink
N-Q-MNSP1,reverse,EL26470,BoambeeS 1 132kV BUS,132.0,,,,CA_SYDS_59839EB2|N-CHKS_ONE,1,METZSF1 (+1.27); WRSF1 (+1.15); WRWF1 (+1.15); MOREESF1 (+0.91); SAPHWF1 (+0.88); NEWENSF1 (+0.84),,K2,CA_SYDS_59839EB2,indicative,-8.54161666666667,-9.114303928264874,-13.29980333333333,-8.266599999999997,-0.08035714285714286,-8.0,-0.4524583333333396,90.54991166666667,89.51639750000001,28.0,3.0,1.0,Directlink
N-Q-MNSP1,forward,GLEN_INN/BUS/41,Glen_Innes BS1 132kV BUS,132.0,Glen Innes 132kV,NSW1,north of Armidale (86 km),N-96L_96R_CB4102,1,WRWF1 (-0.11); WRSF1 (-0.11); MOREESF1 (-0.08); SAPHWF1 (-0.08); NEWENSF2 (-0.07); NEWENSF1 (-0.07),White Rock Solar Farm (16 km); White Rock Wind Farm (18 km); Sapphire Wind Farm (26 km),K2,N-96L_96R_CB4102,supported,-36.652375,-71.356781063838,-50.532931666666656,-19.19695785416667,-0.0025046963055729565,-13.144375,-18.061046666666655,-1.9831866666666684,45.20039833333333,846.0,35.0,0.943853427895981,Directlink
N-Q-MNSP1,reverse,GLEN_INN/BUS/41,Glen_Innes BS1 132kV BUS,132.0,Glen Innes 132kV,NSW1,north of Armidale (86 km),N-96L_96R_CB4102,1,WRWF1 (-0.11); WRSF1 (-0.11); MOREESF1 (-0.08); SAPHWF1 (-0.08); NEWENSF2 (-0.07); NEWENSF1 (-0.07),White Rock Solar Farm (16 km); White Rock Wind Farm (18 km); Sapphire Wind Farm (26 km),K2,N-96L_96R_CB4102,supported,11.678231666666676,13.031716417910463,1.116739999999993,23.300812500000013,-0.010958046336881633,13.144375,0.2703166666666732,95.28258,84.14999999999999,846.0,35.0,0.943853427895981,Directlink
N-Q-MNSP1,forward,GLEN_INN/BUS/42,Glen_Innes BS2 132kV BUS,132.0,Glen Innes 132kV,NSW1,north of Armidale (86 km),N-X_96T+9UG+9U2,1,,White Rock Solar Farm (16 km); White Rock Wind Farm (18 km); Sapphire Wind Farm (26 km),K2,N-X_96T+9UG+9U2,indicative,0.6272108333333435,1.1475536659303267,-26.13333333333334,19.834006666666667,0.125,-9.578551666666666,15.565820833333326,62.05833333333334,59.65416666666667,18.0,4.0,1.0,Directlink
N-Q-MNSP1,reverse,GLEN_INN/BUS/42,Glen_Innes BS2 132kV BUS,132.0,Glen Innes 132kV,NSW1,north of Armidale (86 km),N-X_96T+9UG+9U2,1,,White Rock Solar Farm (16 km); White Rock Wind Farm (18 km); Sapphire Wind Farm (26 km),K2,N-X_96T+9UG+9U2,indicative,20.836667500000004,25.459233325932516,-59.60000166666666,56.968065,0.04166666666666666,9.578551666666666,4.607381666666672,28.4333325,12.097032500000001,18.0,4.0,1.0,Directlink
N-Q-MNSP1,forward,H38_GDNA/LINE/275KV_8819N,Blackwall-Goodna 8819 275kV LINE,275.0,Goodna (H38),QLD1,south-west of Brisbane (23 km),Q-BKBM,2,GREENB1 (-0.96); SWAN_E (-0.89); SWANBBF1 (-0.88); YARANSF1 (-0.60); WARWSF1 (-0.60); MARYRSF1 (-0.60),Swanbank E Power Station (7 km); Swanbank Power Plant (7 km); Swanbank BESS (8 km); Bunya Biogas Generator (28 km); Wivenhoe Power Station (37 km); Dakabin Waste Biogas Generator (45 km),K2,Q-BKBM,supported,-0.10744000000001108,-0.1965737186207695,-9.35412783333334,5.295692666666655,-0.0743321718931475,-14.566350000000007,3.836595000000006,23.416666666666668,21.7,480.5,14.0,0.8959417273673257,Directlink
N-Q-MNSP1,reverse,H38_GDNA/LINE/275KV_8819N,Blackwall-Goodna 8819 275kV LINE,275.0,Goodna (H38),QLD1,south-west of Brisbane (23 km),Q-BKBM,2,GREENB1 (-0.96); SWAN_E (-0.89); SWANBBF1 (-0.88); YARANSF1 (-0.60); WARWSF1 (-0.60); MARYRSF1 (-0.60),Swanbank E Power Station (7 km); Swanbank Power Plant (7 km); Swanbank BESS (8 km); Bunya Biogas Generator (28 km); Wivenhoe Power Station (37 km); Dakabin Waste Biogas Generator (45 km),K2,Q-BKBM,supported,28.30000000000001,32.379382462686564,14.030000000000012,39.241666666666674,-0.04994192799070846,14.476459999999998,0.743274999999997,88.259905,63.38333333333333,480.5,14.0,0.8959417273673257,Directlink
N-Q-MNSP1,forward,H3_BELMT/LINE/275KV_817,Blackwall Belmont 817 275kV LINE,275.0,Belmont 275kV,QLD1,central Brisbane,Q-BKBM,16,GREENB1 (-0.96); SWAN_E (-0.89); SWANBBF1 (-0.88); YARANSF1 (-0.60); WARWSF1 (-0.60); MARYRSF1 (-0.60),Bunya Biogas Generator (25 km); Swanbank E Power Station (32 km); Swanbank Power Plant (32 km); Swanbank BESS (33 km); Dakabin Waste Biogas Generator (37 km),K1xK2,H3_BELMT/LINE/275KV_817 × Q-BKBM,supported,2.0666666666666664,3.839275264312575,-8.161810000000003,10.103333416666665,0.0,-13.249999999999996,4.3611416666666685,26.945986666666666,17.366118333333333,391.5,13.0,0.8722860791826309,Directlink
N-Q-MNSP1,reverse,H3_BELMT/LINE/275KV_817,Blackwall Belmont 817 275kV LINE,275.0,Belmont 275kV,QLD1,central Brisbane,Q-BKBM,16,GREENB1 (-0.96); SWAN_E (-0.89); SWANBBF1 (-0.88); YARANSF1 (-0.60); WARWSF1 (-0.60); MARYRSF1 (-0.60),Bunya Biogas Generator (25 km); Swanbank E Power Station (32 km); Swanbank Power Plant (32 km); Swanbank BESS (33 km); Dakabin Waste Biogas Generator (37 km),K1xK2,H3_BELMT/LINE/275KV_817 × Q-BKBM,supported,26.804054999999977,30.055970149253742,12.174833604166665,37.71666666666668,0.0,12.866666666666665,1.4000000000000057,85.21666666666665,60.76666666666667,391.5,13.0,0.8722860791826309,Directlink
N-Q-MNSP1,forward,H4_MUGBA/LINE/275KV_835,Greenbank Mudgeeraba 835 275kV LINE,275.0,Mudgeeraba 275kV,QLD1,central Gold Coast,CA_BRIS_593C7214|Q-GBMU_835_836,12,,,K2,Q-GBMU_835_836,supported,1.1176733333333146,2.241277041236207,-4.240435124999991,6.964089999999999,-0.0027858848500928735,-1.1772016666666651,1.0136908333333352,41.667155,40.54166333333333,2297.0,17.0,0.8204179364388332,Directlink
N-Q-MNSP1,reverse,H4_MUGBA/LINE/275KV_835,Greenbank Mudgeeraba 835 275kV LINE,275.0,Mudgeeraba 275kV,QLD1,central Gold Coast,CA_BRIS_593C7214|Q-GBMU_835_836,12,,,none,,unsupported,,,,,,,,,,,,,Directlink
N-Q-MNSP1,forward,H4_MUGBA/LINE/275KV_836,Greenbank Mudgeeraba 836 275kV LINE,275.0,Mudgeeraba 275kV,QLD1,central Gold Coast,CA_SYDS_57B55E34|Q-GBMU_835_836,12,,,K1xK2,H4_MUGBA/LINE/275KV_836 × Q-GBMU_835_836,supported,5.187660000000001,10.415090686208261,-2.8942125416666533,15.325695291666662,0.0,-0.1750000000000025,1.9740199999999888,40.2002275,30.554324166666667,1171.0,10.0,0.7250213492741246,Directlink
N-Q-MNSP1,reverse,H4_MUGBA/LINE/275KV_836,Greenbank Mudgeeraba 836 275kV LINE,275.0,Mudgeeraba 275kV,QLD1,central Gold Coast,CA_SYDS_57B55E34|Q-GBMU_835_836,12,,,K1xK2,H4_MUGBA/LINE/275KV_836 × Q-GBMU_835_836,supported,6.589761666666668,7.031583479883308,-4.201935041666663,20.789374999999993,0.0,0.1750000000000025,0.5166666666666728,97.09978416666667,88.95828666666665,1171.0,10.0,0.7250213492741246,Directlink
N-Q-MNSP1,forward,H58_LARC/LINE/275KV_8859,CalliopeRv-LarcomCk 8859 275kV LINE,275.0,Larcom Creek (H58),QLD1,west of Gladstone (19 km),Q-LCCP_8859,15,BBATTERY1 (-13.70); BARCALDN (-13.70); BARRON-1 (-13.70); LILYSF1 (-13.70); DAYDSF1 (-13.70); CLARESF1 (-13.70),Aldoga Solar Farm (2 km); Yarwun Power Station (8 km); Santos GLNG (15 km); Gladstone Power Station (15 km),K1xK2,H58_LARC/LINE/275KV_8859 × Q-LCCP_8859,supported,63.54908625,118.56162485306291,0.0018537083333388454,109.87333749999999,0.0,82.01426000000001,-2.351992916666667,60.20016666666667,9.887055,65.0,9.0,0.8307692307692308,Directlink
N-Q-MNSP1,reverse,H58_LARC/LINE/275KV_8859,CalliopeRv-LarcomCk 8859 275kV LINE,275.0,Larcom Creek (H58),QLD1,west of Gladstone (19 km),Q-LCCP_8859,15,BBATTERY1 (-13.70); BARCALDN (-13.70); BARRON-1 (-13.70); LILYSF1 (-13.70); DAYDSF1 (-13.70); CLARESF1 (-13.70),Aldoga Solar Farm (2 km); Yarwun Power Station (8 km); Santos GLNG (15 km); Gladstone Power Station (15 km),K1xK2,H58_LARC/LINE/275KV_8859 × Q-LCCP_8859,supported,-71.02330458333333,-76.6140917638115,-87.28277,-1.3906083333333328,0.0,-82.01426000000001,0.2898083333333261,61.614038333333326,130.48306583333334,65.0,9.0,0.8307692307692308,Directlink
N-Q-MNSP1,forward,H73_RAGL/LINE/275KV_8875,LarcomCk-Raglan 8875 275kV LINE,275.0,Raglan (H73),QLD1,west of Gladstone (44 km),Q-RGLC_8875,23,BBATTERY1 (-13.70); BARCALDN (-13.70); BARRON-1 (-13.70); LILYSF1 (-13.70); HAYMSF1 (-13.70); CLARESF1 (-13.70),Aldoga Solar Farm (23 km); Yarwun Power Station (33 km); Santos GLNG (38 km); Gladstone Power Station (40 km); Bouldercombe Battery (43 km),K1xK2,H73_RAGL/LINE/275KV_8875 × Q-RGLC_8875,supported,-4.695865833333338,-8.760936091224803,-35.98408166666667,34.28757333333332,0.0,27.881874166666666,-2.157878333333308,16.93396,27.492014583333333,96.0,12.0,0.9791666666666666,Directlink
N-Q-MNSP1,reverse,H73_RAGL/LINE/275KV_8875,LarcomCk-Raglan 8875 275kV LINE,275.0,Raglan (H73),QLD1,west of Gladstone (44 km),Q-RGLC_8875,23,BBATTERY1 (-13.70); BARCALDN (-13.70); BARRON-1 (-13.70); LILYSF1 (-13.70); HAYMSF1 (-13.70); CLARESF1 (-13.70),Aldoga Solar Farm (23 km); Yarwun Power Station (33 km); Santos GLNG (38 km); Gladstone Power Station (40 km); Bouldercombe Battery (43 km),K1xK2,H73_RAGL/LINE/275KV_8875 × Q-RGLC_8875,supported,-43.983344166666654,-49.697835940785616,-82.99001333333334,-12.358863333333336,0.0,-34.956215,0.0,35.43333333333333,111.18319083333333,96.0,12.0,0.9791666666666666,Directlink
N-Q-MNSP1,forward,INGLBURN/LINE/77,Ingleburn Wllrwng PS 77 330kV LINE,330.0,Ingleburn 330kV,NSW1,south-west of Sydney (37 km),N-X_AVMA_SSWW,1,ER04 (+6.13); ER03 (+6.13); TARALGA1 (+3.89); TALWA1 (+3.89); TALWB1 (+3.89); SHGEN (+3.88),USCAWRC Solar Farm (19 km); DHL HP8 Solar (20 km); Smithfield Open Cycle Gas Turbine (20 km); Wallgrove Battery (22 km); Jenema Gas Networks - Flemington (27 km); Warragamba Power Station (28 km),K2,N-X_AVMA_SSWW,supported,-0.1825716666666608,-0.334035661126707,-9.966666666666669,5.828445791666667,-0.04093567251461988,-9.756256666666665,0.5833333333333144,50.95047666666667,52.57656333333334,102.5,10.0,0.8341463414634146,Directlink
N-Q-MNSP1,reverse,INGLBURN/LINE/77,Ingleburn Wllrwng PS 77 330kV LINE,330.0,Ingleburn 330kV,NSW1,south-west of Sydney (37 km),N-X_AVMA_SSWW,1,ER04 (+6.13); ER03 (+6.13); TARALGA1 (+3.89); TALWA1 (+3.89); TALWB1 (+3.89); SHGEN (+3.88),USCAWRC Solar Farm (19 km); DHL HP8 Solar (20 km); Smithfield Open Cycle Gas Turbine (20 km); Wallgrove Battery (22 km); Jenema Gas Networks - Flemington (27 km); Warragamba Power Station (28 km),K2,N-X_AVMA_SSWW,supported,9.216666666666654,11.23955863675964,-0.010982999999999018,17.50833333333331,-0.05847953216374269,9.756256666666665,0.35713500000001375,79.88333333333333,66.60833333333333,102.5,10.0,0.8341463414634146,Directlink
N-Q-MNSP1,forward,INVERELL/LINE/96N,Armidale-Inverell 96N 132kV LINE,132.0,Inverell 132kV,NSW1,,N-96L_96R_CB4102,6,WRWF1 (-0.11); WRSF1 (-0.11); MOREESF1 (-0.08); SAPHWF1 (-0.08); NEWENSF2 (-0.07); NEWENSF1 (-0.07),,K1xK2,INVERELL/LINE/96N × N-96L_96R_CB4102,supported,-21.050228333333333,-44.198926119385824,-50.53172666666666,-0.02375000000001394,0.0,-17.61027833333333,-1.996381666666693,-0.9677233333333328,24.580088333333332,39.5,5.0,1.0,Directlink
N-Q-MNSP1,reverse,INVERELL/LINE/96N,Armidale-Inverell 96N 132kV LINE,132.0,Inverell 132kV,NSW1,,N-96L_96R_CB4102,6,WRWF1 (-0.11); WRSF1 (-0.11); MOREESF1 (-0.08); SAPHWF1 (-0.08); NEWENSF2 (-0.07); NEWENSF1 (-0.07),,K1xK2,INVERELL/LINE/96N × N-96L_96R_CB4102,supported,16.083174999999997,17.873504352657896,-15.816028625000026,48.98160239583328,0.0,17.61027833333333,0.718756666666664,99.816435,73.39999999999999,39.5,5.0,1.0,Directlink
N-Q-MNSP1,forward,KEMPSEY/LINE/9W5,Kempsey-Macksville 9W5 132kV LINE,132.0,Kempsey 132kV Sub,NSW1,,N-CHKS_ONE,4,METZSF1 (+1.27); WRSF1 (+1.15); WRWF1 (+1.15); MOREESF1 (+0.91); SAPHWF1 (+0.88); NEWENSF1 (+0.84),,K2,N-CHKS_ONE,supported,13.261638333333337,24.93724197006295,5.655286666666676,30.87420670833331,0.08354114713216958,9.333333333333336,0.3826483333333215,58.43349333333333,44.217121666666664,202.5,10.0,0.9901234567901235,Directlink
N-Q-MNSP1,reverse,KEMPSEY/LINE/9W5,Kempsey-Macksville 9W5 132kV LINE,132.0,Kempsey 132kV Sub,NSW1,,N-CHKS_ONE,4,METZSF1 (+1.27); WRSF1 (+1.15); WRWF1 (+1.15); MOREESF1 (+0.91); SAPHWF1 (+0.88); NEWENSF1 (+0.84),,K1xK2,KEMPSEY/LINE/9W5 × N-CHKS_ONE,indicative,2.243126666666665,2.3472705246831076,-77.85330333333333,20.913888333333333,-1.0,-44.322073333333336,9.000251666666664,53.75833333333334,64.86917291666667,16.0,3.0,1.0,Directlink
N-Q-MNSP1,forward,KEMPS_CK/LINE/37,Kemps Ck-Macarthur 37 330kV LINE,330.0,Kemps Creek 500kV,NSW1,west of Sydney (39 km),N-X_AVMA_SSWW,4,ER04 (+6.13); ER03 (+6.13); TARALGA1 (+3.89); TALWA1 (+3.89); TALWB1 (+3.89); SHGEN (+3.88),USCAWRC Solar Farm (4 km); DHL HP8 Solar (5 km); Wallgrove Battery (9 km); Smithfield Open Cycle Gas Turbine (15 km); Warragamba Power Station (18 km); Jenema Gas Networks - Flemington (26 km),K2,N-X_AVMA_SSWW,supported,-0.1825716666666608,-0.334035661126707,-9.966666666666669,5.828445791666667,-0.04093567251461988,-9.756256666666665,0.5833333333333144,50.95047666666667,52.57656333333334,102.5,10.0,0.8341463414634146,Directlink
N-Q-MNSP1,reverse,KEMPS_CK/LINE/37,Kemps Ck-Macarthur 37 330kV LINE,330.0,Kemps Creek 500kV,NSW1,west of Sydney (39 km),N-X_AVMA_SSWW,4,ER04 (+6.13); ER03 (+6.13); TARALGA1 (+3.89); TALWA1 (+3.89); TALWB1 (+3.89); SHGEN (+3.88),USCAWRC Solar Farm (4 km); DHL HP8 Solar (5 km); Wallgrove Battery (9 km); Smithfield Open Cycle Gas Turbine (15 km); Warragamba Power Station (18 km); Jenema Gas Networks - Flemington (26 km),K2,N-X_AVMA_SSWW,supported,9.216666666666654,11.23955863675964,-0.010982999999999018,17.50833333333331,-0.05847953216374269,9.756256666666665,0.35713500000001375,79.88333333333333,66.60833333333333,102.5,10.0,0.8341463414634146,Directlink
N-Q-MNSP1,forward,KEMPS_CK/TRANS/3L,Kemps Ck 3 525/345/34kV XFMR,,Kemps Creek 500kV,NSW1,west of Sydney (39 km),N-X_AVMA_KCTX|N-X_KCTX_LDTM,2,ER03 (+6.41); ER04 (+6.41); TARALGA1 (+4.15); TALWB1 (+4.15); TALWA1 (+4.15); CROOKWF3 (+4.14),USCAWRC Solar Farm (4 km); DHL HP8 Solar (5 km); Wallgrove Battery (9 km); Smithfield Open Cycle Gas Turbine (15 km); Warragamba Power Station (18 km); Jenema Gas Networks - Flemington (26 km),K4,NSW1:west Sydney,supported,-1.4525349999999975,-2.7099509987988766,-8.20197254166667,5.947598687499979,0.0,0.39260666666666744,0.0,51.342193333333334,49.53333333333333,606.0,8.0,0.8259075907590759,Directlink
N-Q-MNSP1,reverse,KEMPS_CK/TRANS/3L,Kemps Ck 3 525/345/34kV XFMR,,Kemps Creek 500kV,NSW1,west of Sydney (39 km),N-X_AVMA_KCTX|N-X_KCTX_LDTM,2,ER03 (+6.41); ER04 (+6.41); TARALGA1 (+4.15); TALWB1 (+4.15); TALWA1 (+4.15); CROOKWF3 (+4.14),USCAWRC Solar Farm (4 km); DHL HP8 Solar (5 km); Wallgrove Battery (9 km); Smithfield Open Cycle Gas Turbine (15 km); Warragamba Power Station (18 km); Jenema Gas Networks - Flemington (26 km),K4,NSW1:west Sydney,supported,5.916666666666664,6.313359677293774,-8.219375000000015,24.22509408333333,0.0,0.0,1.66666666689963e-06,87.68333333333334,77.42160083333333,606.0,8.0,0.8259075907590759,Directlink
N-Q-MNSP1,forward,KOOLKHAN/BUS/3,Koolkhan 3 132kV BUS,132.0,Koolkhan 132kV,NSW1,north of Coffs Harbour (78 km),N-X_ARKK_CH_CB892A,1,METZSF1 (-0.36); SAPHWF1 (-0.24); NEWENSF1 (-0.23); NEWENSF2 (-0.23); NESBESS1 (-0.23); NESBESS2 (-0.23),Nymboida Power Station (39 km),none,,unsupported,,,,,,,,,,,,,Directlink
N-Q-MNSP1,reverse,KOOLKHAN/BUS/3,Koolkhan 3 132kV BUS,132.0,Koolkhan 132kV,NSW1,north of Coffs Harbour (78 km),N-X_ARKK_CH_CB892A,1,METZSF1 (-0.36); SAPHWF1 (-0.24); NEWENSF1 (-0.23); NEWENSF2 (-0.23); NESBESS1 (-0.23); NESBESS2 (-0.23),Nymboida Power Station (39 km),K2,N-X_ARKK_CH_CB892A,supported,14.216666666666669,15.914179104477617,4.234753333333334,17.791028333333344,0.017777777777777767,8.166666666666666,0.4333333333333371,90.35000000000001,79.9,114.5,14.0,0.982532751091703,Directlink
N-Q-MNSP1,forward,LIDDELL/LINE/82,Liddell PS Tomago 82 330kV LINE,330.0,Liddell Ps 330kV,NSW1,,N-LDTM_82|N-X_KCTX_LDTM,15,ER03 (+5.88); ER04 (+5.88); MP1 (+3.41); MP2 (+3.41); CG2 (-3.38); CG3 (-3.38),,K2,N-LDTM_82,supported,1.7166149999999973,3.228134627245951,-2.0345668125000014,6.504186708333336,0.013420089467263113,1.0767216666666677,0.23705916666665416,49.52134833333333,47.03629333333333,1450.5,13.0,0.8476387452602551,Directlink
N-Q-MNSP1,reverse,LIDDELL/LINE/82,Liddell PS Tomago 82 330kV LINE,330.0,Liddell Ps 330kV,NSW1,,N-LDTM_82|N-X_KCTX_LDTM,15,ER03 (+5.88); ER04 (+5.88); MP1 (+3.41); MP2 (+3.41); CG2 (-3.38); CG3 (-3.38),,K2,N-LDTM_82,supported,0.4166666666666714,0.5371365067605123,-3.98319620833333,3.884165833333339,0.01667344448962993,-0.6666666666666679,0.0,81.13333333333334,86.85833333333333,1450.5,13.0,0.8476387452602551,Directlink
N-Q-MNSP1,forward,LIDDELL/LINE/84,Tamworth Liddell PS 84 330kV LINE,330.0,Liddell Ps 330kV,NSW1,,N-LDTW_84,5,GNNDHSF1 (+1.07); NESBESS2 (+1.05); NESBESS1 (+1.05); NEWENSF2 (+1.05); MOREESF1 (+1.05); NEWENSF1 (+1.05),,K2,N-LDTW_84,supported,21.925416666666663,40.74914273440189,6.651593041666668,39.506466999999994,0.027459954233409613,24.35135333333333,-3.3333333391283304e-06,18.434591666666666,9.316668333333334,226.5,7.0,0.9646799116997793,Directlink
N-Q-MNSP1,reverse,LIDDELL/LINE/84,Tamworth Liddell PS 84 330kV LINE,330.0,Liddell Ps 330kV,NSW1,,N-LDTW_84,5,GNNDHSF1 (+1.07); NESBESS2 (+1.05); NESBESS1 (+1.05); NEWENSF2 (+1.05); MOREESF1 (+1.05); NEWENSF1 (+1.05),,K2,N-LDTW_84,supported,-44.11819,-49.38603358208955,-62.95777845833335,-28.555608333333353,-0.0022883295194507935,-24.35135333333333,-0.3215466666666611,27.093499999999995,82.93333333333334,226.5,7.0,0.9646799116997793,Directlink
N-Q-MNSP1,forward,LISMORE/LINE/96L/2,Tenterfild Lismore 96L 132kV LINE,132.0,Lismore 330kV,NSW1,central Lismore,N-96L_96R_CB4102,15,WRWF1 (-0.11); WRSF1 (-0.11); MOREESF1 (-0.08); SAPHWF1 (-0.08); NEWENSF2 (-0.07); NEWENSF1 (-0.07),,K1xK2,LISMORE/LINE/96L/2 × N-96L_96R_CB4102,supported,-16.333333333333336,-32.37506847330063,-43.424892416666665,2.6166666666666636,0.0,9.936058333333346,-33.49336083333334,6.267006666666667,30.22603,258.0,10.0,0.9496124031007752,Directlink
N-Q-MNSP1,reverse,LISMORE/LINE/96L/2,Tenterfild Lismore 96L 132kV LINE,132.0,Lismore 330kV,NSW1,central Lismore,N-96L_96R_CB4102,15,WRWF1 (-0.11); WRSF1 (-0.11); MOREESF1 (-0.08); SAPHWF1 (-0.08); NEWENSF2 (-0.07); NEWENSF1 (-0.07),,K1xK2,LISMORE/LINE/96L/2 × N-96L_96R_CB4102,supported,-8.465833333333329,-9.598880597014922,-17.05024195833333,2.2166666666666544,0.0,-9.936058333333346,0.7629525000000044,84.3639825,90.66743166666666,258.0,10.0,0.9496124031007752,Directlink
N-Q-MNSP1,forward,LIVERPL/LINE/12,Liverpool Sydney S 12 330kV LINE,330.0,Liverpool 330kV,NSW1,west of Sydney (33 km),N-X_LPSS_MPWW,4,MP1 (+4.44); MP2 (+4.44); CRURWF1 (+3.05); CROOKWF2 (+2.82); CROOKWF3 (+2.82); GULLRSF1 (+2.81),DHL HP8 Solar (11 km); Smithfield Open Cycle Gas Turbine (12 km); USCAWRC Solar Farm (12 km); Wallgrove Battery (14 km); Jenema Gas Networks - Flemington (20 km); Warragamba Power Station (25 km),K2,N-X_LPSS_MPWW,supported,-0.2709549999999936,-0.5055126195785531,-7.4996810416666735,8.356733333333338,0.023143164693218518,3.066666666666668,-0.14999999999999147,51.15,49.29258166666667,535.0,5.0,0.8682242990654205,Directlink
N-Q-MNSP1,reverse,LIVERPL/LINE/12,Liverpool Sydney S 12 330kV LINE,330.0,Liverpool 330kV,NSW1,west of Sydney (33 km),N-X_LPSS_MPWW,4,MP1 (+4.44); MP2 (+4.44); CRURWF1 (+3.05); CROOKWF2 (+2.82); CROOKWF3 (+2.82); GULLRSF1 (+2.81),DHL HP8 Solar (11 km); Smithfield Open Cycle Gas Turbine (12 km); USCAWRC Solar Farm (12 km); Wallgrove Battery (14 km); Jenema Gas Networks - Flemington (20 km); Warragamba Power Station (25 km),K2,N-X_LPSS_MPWW,supported,3.316666666666677,3.539038241637931,-10.152083333333325,25.183333333333337,-0.06942949407965554,-2.6797183333333336,4.9999999873762135e-06,86.61666666666667,79.60000000000001,535.0,5.0,0.8682242990654205,Directlink
N-Q-MNSP1,forward,MT_PIPER/LINE/70,Mt Pipr-Wllrwng 70 330kV LINE,330.0,Mount Piper 500kV,NSW1,east of Orange (86 km),N-X_LPSS_MPWW,3,MP1 (+4.44); MP2 (+4.44); CRURWF1 (+3.05); CROOKWF2 (+2.82); CROOKWF3 (+2.82); GULLRSF1 (+2.81),Mount Piper Power Station (1 km); Hampton Wind Park (32 km),K2,N-X_LPSS_MPWW,supported,-0.2709549999999936,-0.5055126195785531,-7.4996810416666735,8.356733333333338,0.023143164693218518,3.066666666666668,-0.14999999999999147,51.15,49.29258166666667,535.0,5.0,0.8682242990654205,Directlink
N-Q-MNSP1,reverse,MT_PIPER/LINE/70,Mt Pipr-Wllrwng 70 330kV LINE,330.0,Mount Piper 500kV,NSW1,east of Orange (86 km),N-X_LPSS_MPWW,3,MP1 (+4.44); MP2 (+4.44); CRURWF1 (+3.05); CROOKWF2 (+2.82); CROOKWF3 (+2.82); GULLRSF1 (+2.81),Mount Piper Power Station (1 km); Hampton Wind Park (32 km),K2,N-X_LPSS_MPWW,supported,3.316666666666677,3.539038241637931,-10.152083333333325,25.183333333333337,-0.06942949407965554,-2.6797183333333336,4.9999999873762135e-06,86.61666666666667,79.60000000000001,535.0,5.0,0.8682242990654205,Directlink
N-Q-MNSP1,forward,MT_PIPER/LINE/71,Wllrwng PS Mt Pipr 71 330kV LINE,330.0,Mount Piper 500kV,NSW1,east of Orange (86 km),N-X_LPSS_MPWW,1,MP1 (+4.44); MP2 (+4.44); CRURWF1 (+3.05); CROOKWF2 (+2.82); CROOKWF3 (+2.82); GULLRSF1 (+2.81),Mount Piper Power Station (1 km); Hampton Wind Park (32 km),K2,N-X_LPSS_MPWW,supported,-0.2709549999999936,-0.5055126195785531,-7.4996810416666735,8.356733333333338,0.023143164693218518,3.066666666666668,-0.14999999999999147,51.15,49.29258166666667,535.0,5.0,0.8682242990654205,Directlink
N-Q-MNSP1,reverse,MT_PIPER/LINE/71,Wllrwng PS Mt Pipr 71 330kV LINE,330.0,Mount Piper 500kV,NSW1,east of Orange (86 km),N-X_LPSS_MPWW,1,MP1 (+4.44); MP2 (+4.44); CRURWF1 (+3.05); CROOKWF2 (+2.82); CROOKWF3 (+2.82); GULLRSF1 (+2.81),Mount Piper Power Station (1 km); Hampton Wind Park (32 km),K2,N-X_LPSS_MPWW,supported,3.316666666666677,3.539038241637931,-10.152083333333325,25.183333333333337,-0.06942949407965554,-2.6797183333333336,4.9999999873762135e-06,86.61666666666667,79.60000000000001,535.0,5.0,0.8682242990654205,Directlink
N-Q-MNSP1,forward,MULLUMB/LINE/9G5,Ewingsdale-Directlk_N 9G5 132kV LINE,132.0,Mullumbimby 132kV (northpower),NSW1,,N-X_9U6_9G2,1,,,K2,N-X_9U6_9G2,supported,18.208765833333334,33.971548470044866,-5.520648333333327,104.76578416666666,0.032894736842105254,10.006506666666667,1.0125787499999888,65.10189416666665,46.803822499999995,39.5,5.0,0.9620253164556962,Directlink
N-Q-MNSP1,reverse,MULLUMB/LINE/9G5,Ewingsdale-Directlk_N 9G5 132kV LINE,132.0,Mullumbimby 132kV (northpower),NSW1,,N-X_9U6_9G2,1,,,K2,N-X_9U6_9G2,supported,-14.416509166666664,-15.383088618620185,-154.45227,1.4446866666666693,0.04605263157894736,-8.0,-0.6820633333333319,80.05394416666667,89.12496333333334,39.5,5.0,0.9620253164556962,Directlink
N-Q-MNSP1,forward,NAMBUCCA/BUS/41,Nambucca 1 132kV BUS,132.0,Nambucca 132kV,NSW1,,CA_SYDS_59839EB2|N-CHKS_ONE,1,METZSF1 (+1.27); WRSF1 (+1.15); WRWF1 (+1.15); MOREESF1 (+0.91); SAPHWF1 (+0.88); NEWENSF1 (+0.84),,K2,N-CHKS_ONE,supported,13.261638333333337,24.93724197006295,5.655286666666676,30.87420670833331,0.08354114713216958,9.333333333333336,0.3826483333333215,58.43349333333333,44.217121666666664,202.5,10.0,0.9901234567901235,Directlink
N-Q-MNSP1,reverse,NAMBUCCA/BUS/41,Nambucca 1 132kV BUS,132.0,Nambucca 132kV,NSW1,,CA_SYDS_59839EB2|N-CHKS_ONE,1,METZSF1 (+1.27); WRSF1 (+1.15); WRWF1 (+1.15); MOREESF1 (+0.91); SAPHWF1 (+0.88); NEWENSF1 (+0.84),,K2,CA_SYDS_59839EB2,indicative,-8.54161666666667,-9.114303928264874,-13.29980333333333,-8.266599999999997,-0.08035714285714286,-8.0,-0.4524583333333396,90.54991166666667,89.51639750000001,28.0,3.0,1.0,Directlink
N-Q-MNSP1,forward,NAMBUCCA/LINE/9W7,BoambeeS-Nambucca 9W7 132kV LINE,132.0,Nambucca 132kV,NSW1,,CA_SYDS_59839EB2|N-CHKS_ONE,3,METZSF1 (+1.27); WRSF1 (+1.15); WRWF1 (+1.15); MOREESF1 (+0.91); SAPHWF1 (+0.88); NEWENSF1 (+0.84),,K2,N-CHKS_ONE,supported,13.261638333333337,24.93724197006295,5.655286666666676,30.87420670833331,0.08354114713216958,9.333333333333336,0.3826483333333215,58.43349333333333,44.217121666666664,202.5,10.0,0.9901234567901235,Directlink
N-Q-MNSP1,reverse,NAMBUCCA/LINE/9W7,BoambeeS-Nambucca 9W7 132kV LINE,132.0,Nambucca 132kV,NSW1,,CA_SYDS_59839EB2|N-CHKS_ONE,3,METZSF1 (+1.27); WRSF1 (+1.15); WRWF1 (+1.15); MOREESF1 (+0.91); SAPHWF1 (+0.88); NEWENSF1 (+0.84),,K1xK2,NAMBUCCA/LINE/9W7 × N-CHKS_ONE,indicative,0.024999166666674455,0.025802673794071373,-9.033325000000005,25.29218412499998,0.0,-8.341666666666667,1.4098666666666588,90.1962925,76.07583333333334,89.0,3.0,0.9775280898876404,Directlink
N-Q-MNSP1,forward,SYD_STH/LINE/76,Wllrwng PS Sydney S 76 330kV LINE,330.0,Sydney South 330kV,NSW1,south-west of Sydney (22 km),N-X_10+76|N-X_AVMA_SSWW,5,ER03 (+6.13); ER04 (+6.13); TALWB1 (+6.02); TALWA1 (+6.02); SHGEN2 (+5.69); SHGEN (+5.69),Jenema Gas Networks - Flemington (14 km); Smithfield Open Cycle Gas Turbine (15 km); DHL HP8 Solar (24 km); Wallgrove Battery (25 km); USCAWRC Solar Farm (26 km); Warragamba Power Station (40 km),K1,SYD_STH/LINE/76,supported,5.698975833333336,10.779847092230005,-3.8401316666666716,10.216666666666661,0.0,-8.206763333333337,3.183288333333337,50.98333333333333,49.96666666666667,101.5,5.0,0.8423645320197044,Directlink
N-Q-MNSP1,reverse,SYD_STH/LINE/76,Wllrwng PS Sydney S 76 330kV LINE,330.0,Sydney South 330kV,NSW1,south-west of Sydney (22 km),N-X_10+76|N-X_AVMA_SSWW,5,ER03 (+6.13); ER04 (+6.13); TALWB1 (+6.02); TALWA1 (+6.02); SHGEN2 (+5.69); SHGEN (+5.69),Jenema Gas Networks - Flemington (14 km); Smithfield Open Cycle Gas Turbine (15 km); DHL HP8 Solar (24 km); Wallgrove Battery (25 km); USCAWRC Solar Farm (26 km); Warragamba Power Station (40 km),K1,SYD_STH/LINE/76,supported,11.349999999999994,13.502304104477606,0.47207666666666626,18.308333333333337,0.0,8.206763333333337,1.7250000000000085,80.14999999999999,64.21666666666665,101.5,5.0,0.8423645320197044,Directlink
N-Q-MNSP1,forward,TAMWORTH/BUS/512,Tamworth 1 330kV BUS,330.0,Tamworth 330kV,NSW1,central Tamworth,N-ARTW_86|N-LDTW_84,3,GNNDHSF1 (+1.07); NESBESS2 (+1.05); NESBESS1 (+1.05); NEWENSF1 (+1.05); MOREESF1 (+1.05); NEWENSF2 (+1.05),Keepit Power Station (50 km),K2,N-LDTW_84,supported,21.925416666666663,40.74914273440189,6.651593041666668,39.506466999999994,0.027459954233409613,24.35135333333333,-3.3333333391283304e-06,18.434591666666666,9.316668333333334,226.5,7.0,0.9646799116997793,Directlink
N-Q-MNSP1,reverse,TAMWORTH/BUS/512,Tamworth 1 330kV BUS,330.0,Tamworth 330kV,NSW1,central Tamworth,N-ARTW_86|N-LDTW_84,3,GNNDHSF1 (+1.07); NESBESS2 (+1.05); NESBESS1 (+1.05); NEWENSF1 (+1.05); MOREESF1 (+1.05); NEWENSF2 (+1.05),Keepit Power Station (50 km),K2,N-LDTW_84,supported,-44.11819,-49.38603358208955,-62.95777845833335,-28.555608333333353,-0.0022883295194507935,-24.35135333333333,-0.3215466666666611,27.093499999999995,82.93333333333334,226.5,7.0,0.9646799116997793,Directlink
N-Q-MNSP1,forward,TAMWORTH/BUS/523,Tamworth 3 330kV BUS,330.0,Tamworth 330kV,NSW1,central Tamworth,N-TWUL_85,3,NEWENSF1 (+1.00); SAPHWF1 (+1.00); NESBESS1 (+1.00); NESBESS2 (+1.00); NEWENSF2 (+1.00); MOREESF1 (+1.00),Keepit Power Station (50 km),K2,N-TWUL_85,supported,-12.798216666666647,-23.502970256210595,-35.198454999999996,3.4755998749999963,0.045454545454545456,-1.5347633333333448,-2.7524200000000008,23.283778333333334,53.74316833333334,343.0,5.0,0.8819241982507289,Directlink
N-Q-MNSP1,reverse,TAMWORTH/BUS/523,Tamworth 3 330kV BUS,330.0,Tamworth 330kV,NSW1,central Tamworth,N-TWUL_85,3,NEWENSF1 (+1.00); SAPHWF1 (+1.00); NESBESS1 (+1.00); NESBESS2 (+1.00); NEWENSF2 (+1.00); MOREESF1 (+1.00),Keepit Power Station (50 km),K2,N-TWUL_85,supported,-26.124665,-29.244027985074627,-51.27432695833334,-10.866518333333332,0.21983471074380168,1.16526,-6.906465000000008,41.329065,80.06666666666666,343.0,5.0,0.8819241982507289,Directlink
N-Q-MNSP1,forward,TAMWORTH/LINE/85,Tamworth-URALLA 85 330kV LINE,330.0,Tamworth 330kV,NSW1,central Tamworth,N-TWUL_85,2,NEWENSF1 (+1.00); SAPHWF1 (+1.00); NESBESS1 (+1.00); NESBESS2 (+1.00); NEWENSF2 (+1.00); MOREESF1 (+1.00),Keepit Power Station (50 km),K2,N-TWUL_85,supported,-12.798216666666647,-23.502970256210595,-35.198454999999996,3.4755998749999963,0.045454545454545456,-1.5347633333333448,-2.7524200000000008,23.283778333333334,53.74316833333334,343.0,5.0,0.8819241982507289,Directlink
N-Q-MNSP1,reverse,TAMWORTH/LINE/85,Tamworth-URALLA 85 330kV LINE,330.0,Tamworth 330kV,NSW1,central Tamworth,N-TWUL_85,2,NEWENSF1 (+1.00); SAPHWF1 (+1.00); NESBESS1 (+1.00); NESBESS2 (+1.00); NEWENSF2 (+1.00); MOREESF1 (+1.00),Keepit Power Station (50 km),K2,N-TWUL_85,supported,-26.124665,-29.244027985074627,-51.27432695833334,-10.866518333333332,0.21983471074380168,1.16526,-6.906465000000008,41.329065,80.06666666666666,343.0,5.0,0.8819241982507289,Directlink
N-Q-MNSP1,forward,TENTFLD/CB/4102,Tenterfild 4102 132kV CB,132.0,Tenterfield 132kV,NSW1,,N-96L_96R_CB4102,4,WRWF1 (-0.11); WRSF1 (-0.11); MOREESF1 (-0.08); SAPHWF1 (-0.08); NEWENSF2 (-0.07); NEWENSF1 (-0.07),,K2,N-96L_96R_CB4102,supported,-36.652375,-71.356781063838,-50.532931666666656,-19.19695785416667,-0.0025046963055729565,-13.144375,-18.061046666666655,-1.9831866666666684,45.20039833333333,846.0,35.0,0.943853427895981,Directlink
N-Q-MNSP1,reverse,TENTFLD/CB/4102,Tenterfild 4102 132kV CB,132.0,Tenterfield 132kV,NSW1,,N-96L_96R_CB4102,4,WRWF1 (-0.11); WRSF1 (-0.11); MOREESF1 (-0.08); SAPHWF1 (-0.08); NEWENSF2 (-0.07); NEWENSF1 (-0.07),,K2,N-96L_96R_CB4102,supported,11.678231666666676,13.031716417910463,1.116739999999993,23.300812500000013,-0.010958046336881633,13.144375,0.2703166666666732,95.28258,84.14999999999999,846.0,35.0,0.943853427895981,Directlink
N-Q-MNSP1,forward,TENTFLD/LINE/96R,Glen_Innes Tenterfild 96R 132kV LINE,132.0,Tenterfield 132kV,NSW1,,CA_BRIS_5667C22F|N-96L_96R_CB4102,27,WRWF1 (-0.11); WRSF1 (-0.11); MOREESF1 (-0.08); SAPHWF1 (-0.08); NEWENSF2 (-0.07); NEWENSF1 (-0.07),,K1xK2,TENTFLD/LINE/96R × N-96L_96R_CB4102,supported,-63.75392708333334,-125.28919590581927,-79.46990666666666,-41.089891916666666,0.0,-29.216635,-25.450803333333344,-14.422269166666666,54.477376666666665,376.0,19.0,0.9441489361702128,Directlink
N-Q-MNSP1,reverse,TENTFLD/LINE/96R,Glen_Innes Tenterfild 96R 132kV LINE,132.0,Tenterfield 132kV,NSW1,,CA_BRIS_5667C22F|N-96L_96R_CB4102,27,WRWF1 (-0.11); WRSF1 (-0.11); MOREESF1 (-0.08); SAPHWF1 (-0.08); NEWENSF2 (-0.07); NEWENSF1 (-0.07),,K2,N-96L_96R_CB4102,supported,11.678231666666676,13.031716417910463,1.116739999999993,23.300812500000013,-0.010958046336881633,13.144375,0.2703166666666732,95.28258,84.14999999999999,846.0,35.0,0.943853427895981,Directlink
N-Q-MNSP1,forward,WAGGA330/TRANS/3H,Wagga 3 330/138kV XFMR,,Wagga 330kV,NSW1,,N-X_ARKK_CH_CB892A,1,METZSF1 (-0.36); SAPHWF1 (-0.24); NEWENSF1 (-0.23); NEWENSF2 (-0.23); NESBESS1 (-0.23); NESBESS2 (-0.23),,none,,unsupported,,,,,,,,,,,,,Directlink
N-Q-MNSP1,reverse,WAGGA330/TRANS/3H,Wagga 3 330/138kV XFMR,,Wagga 330kV,NSW1,,N-X_ARKK_CH_CB892A,1,METZSF1 (-0.36); SAPHWF1 (-0.24); NEWENSF1 (-0.23); NEWENSF2 (-0.23); NESBESS1 (-0.23); NESBESS2 (-0.23),,K2,N-X_ARKK_CH_CB892A,supported,14.216666666666669,15.914179104477617,4.234753333333334,17.791028333333344,0.017777777777777767,8.166666666666666,0.4333333333333371,90.35000000000001,79.9,114.5,14.0,0.982532751091703,Directlink
NSW1-QLD1,forward,275KV_813/1/LINE/275KV_813/1,CalliopeRv-Gin Gin 813/1 275kV LINE,275.0,,,,Q-CPWO_813/1,7,CHILDSF1 (+11.33); GSTONE5 (-9.23); GSTONE2 (-9.23); GSTONE6 (-9.23); GSTONE1 (-9.23); GSTONE3 (-9.12),,K1xK2,275KV_813/1/LINE/275KV_813/1 × Q-CPWO_813/1,supported,-16.334614999999992,-3.1138005008709735,-41.6415335,6.854103624999982,0.0,135.05827333333337,-126.50446333333332,93.4269,81.55915833333334,704.5,7.0,0.829666430092264,QNI
NSW1-QLD1,reverse,275KV_813/1/LINE/275KV_813/1,CalliopeRv-Gin Gin 813/1 275kV LINE,275.0,,,,Q-CPWO_813/1,7,CHILDSF1 (+11.33); GSTONE5 (-9.23); GSTONE2 (-9.23); GSTONE6 (-9.23); GSTONE1 (-9.23); GSTONE3 (-9.12),,K1xK2,275KV_813/1/LINE/275KV_813/1 × Q-CPWO_813/1,supported,-30.996276666666745,-3.183832151768696,-82.37607735416668,15.598667916666619,0.0,-120.66145666666665,0.0007350000000769796,394.443145,508.6570266666667,704.5,7.0,0.829666430092264,QNI
NSW1-QLD1,forward,275KV_813/2/LINE/275KV_813/2,CalliopeRv-Woolooga 813/2 275kV LINE,275.0,,,,Q-X_WIDEBAY|Q-X_WIDEBAY_TWO,2,MOUSF1 (-3.92); EMERASF1 (-3.92); CLERMSF1 (-3.91); BARCALDN (-3.91); MIDDLSF1 (-3.91); LILYSF1 (-3.89),,K2,Q-X_WIDEBAY,indicative,-157.19487500000002,-26.051320077953445,-157.19487500000002,-157.19487500000002,-0.14705882352941177,-746.8055033333333,494.8308533333334,594.1104166666667,679.3952266666666,10.5,4.0,0.8095238095238095,QNI
NSW1-QLD1,reverse,275KV_813/2/LINE/275KV_813/2,CalliopeRv-Woolooga 813/2 275kV LINE,275.0,,,,Q-X_WIDEBAY|Q-X_WIDEBAY_TWO,2,MOUSF1 (-3.92); EMERASF1 (-3.92); CLERMSF1 (-3.91); BARCALDN (-3.91); MIDDLSF1 (-3.91); LILYSF1 (-3.89),,K2,Q-X_WIDEBAY_TWO,indicative,-242.58963000000006,-25.375894168360404,-501.66094666666675,6.306479999999993,-0.23076923076923078,-198.542635,18.172771666666506,637.7062616666666,1003.5954708333334,14.0,4.0,0.9285714285714286,QNI
NSW1-QLD1,forward,275KV_8996/LINE/275KV_8996,Halys Diamondy 8996 275 kV LINE,275.0,,,,Q-X_BRHA_TWO,1,COOPGWF1 (-2.90); DULAWF1 (-1.75); COLUMSF1 (-1.75); ROMA_8 (-1.75); ROMA_7 (-1.75); CPSA (-1.75),,K2,Q-X_BRHA_TWO,supported,-14.927091666666698,-3.0026501332832707,-88.20282666666662,9.660901666666632,0.0625,67.89047166666671,-43.654818333333395,402.36941749999994,576.7375133333334,72.0,20.0,1.0,QNI
NSW1-QLD1,reverse,275KV_8996/LINE/275KV_8996,Halys Diamondy 8996 275 kV LINE,275.0,,,,Q-X_BRHA_TWO,1,COOPGWF1 (-2.90); DULAWF1 (-1.75); COLUMSF1 (-1.75); ROMA_8 (-1.75); ROMA_7 (-1.75); CPSA (-1.75),,K2,Q-X_BRHA_TWO,supported,-20.120649166666567,-1.870103024186646,-90.78501000000006,28.073161666666664,-0.125,-86.6576733333334,0.00012166666667745574,1011.0986266666666,1017.70623,72.0,20.0,1.0,QNI
NSW1-QLD1,forward,3L/LINE/3L,CollctorWF-Yass 3L 330kV LINE,330.0,,,,N-X_3L+11_WG_CLOSE,1,TARALGA1 (+4.07); TALWA1 (+4.06); TALWB1 (+4.06); CROOKWF3 (+4.06); CROOKWF2 (+4.06); SHGEN (+4.05),,none,,unsupported,,,,,,,,,,,,,QNI
NSW1-QLD1,reverse,3L/LINE/3L,CollctorWF-Yass 3L 330kV LINE,330.0,,,,N-X_3L+11_WG_CLOSE,1,TARALGA1 (+4.07); TALWA1 (+4.06); TALWB1 (+4.06); CROOKWF3 (+4.06); CROOKWF2 (+4.06); SHGEN (+4.05),,none,,unsupported,,,,,,,,,,,,,QNI
NSW1-QLD1,forward,4/LINE/4,CollctorWF-Marulan 4 330kV LINE,330.0,,,,N-AVMA_17|N-X_4+17_WG_CLOSE,2,ER04 (+7.19); ER03 (+7.19); TARALGA1 (+4.07); TALWB1 (+4.06); TALWA1 (+4.06); CROOKWF3 (+4.06),,K2,N-AVMA_17,supported,36.36061666666666,6.515361551009121,13.60353166666664,76.32124833333332,0.012424698795180718,101.3063575,-23.794360000000083,653.4109033333333,607.5829408333333,722.0,10.0,0.9196675900277008,QNI
NSW1-QLD1,reverse,4/LINE/4,CollctorWF-Marulan 4 330kV LINE,330.0,,,,N-AVMA_17|N-X_4+17_WG_CLOSE,2,ER04 (+7.19); ER03 (+7.19); TARALGA1 (+4.07); TALWB1 (+4.06); TALWA1 (+4.06); CROOKWF3 (+4.06),,K2,N-AVMA_17,supported,2.4886808333333192,0.27533873690856353,-25.915166791666735,35.41150320833336,-0.012424698795180739,-101.3063575,74.91874375000003,959.7057374999999,946.1660583333334,722.0,10.0,0.9196675900277008,QNI
NSW1-QLD1,forward,ARMIDALE/BUS/512,Armidale 1 330kV BUS,330.0,Armidale 330kV,NSW1,central Armidale,N-ARDM_8C|N-ARTW_86,2,CPP_3 (-1.07); CALLNL2 (-1.07); CALLNL3 (-1.07); CPP_4 (-1.07); TNPS1 (-1.07); MPP_2 (-1.07),Petersons Solar Farm (4 km); UNE Solar Farm (9 km); New England Solar Farm (14 km); Metz Solar Farm (14 km); Oaky Power Station (34 km),K2,N-ARDM_8C,supported,-446.92650666666674,-85.38438850029107,-495.6668460833333,-384.5129087083332,0.03336653386454183,65.6755458333333,-470.76741749999997,93.94019500000002,563.6756920833334,1640.0,21.0,0.9182926829268293,QNI
NSW1-QLD1,reverse,ARMIDALE/BUS/512,Armidale 1 330kV BUS,330.0,Armidale 330kV,NSW1,central Armidale,N-ARDM_8C|N-ARTW_86,2,CPP_3 (-1.07); CALLNL2 (-1.07); CALLNL3 (-1.07); CPP_4 (-1.07); TNPS1 (-1.07); MPP_2 (-1.07),Petersons Solar Farm (4 km); UNE Solar Farm (9 km); New England Solar Farm (14 km); Metz Solar Farm (14 km); Oaky Power Station (34 km),K2,N-ARDM_8C,supported,-534.0141550000001,-56.56143861016372,-582.8669662500001,-472.64288,0.5175962815405046,-65.20597666666666,-349.4529141666667,313.63983916666666,942.3614666666667,1640.0,21.0,0.9182926829268293,QNI
NSW1-QLD1,forward,ARMIDALE/LINE/86,Tamworth Armidale 86 330kV LINE,330.0,Armidale 330kV,NSW1,central Armidale,N-ARTW_86,7,SAPHWF1 (+1.00); NESBESS1 (+1.00); NESBESS2 (+1.00); NEWENSF1 (+1.00); NEWENSF2 (+1.00),Petersons Solar Farm (4 km); UNE Solar Farm (9 km); New England Solar Farm (14 km); Metz Solar Farm (14 km); Oaky Power Station (34 km),K1xK2,ARMIDALE/LINE/86 × N-ARTW_86,supported,-54.166725,-11.241034728933466,-111.720035,-20.622784999999965,0.0,11.4929925,-25.986790000000042,-56.745689999999996,4.856543333333334,278.0,6.0,0.935251798561151,QNI
NSW1-QLD1,reverse,ARMIDALE/LINE/86,Tamworth Armidale 86 330kV LINE,330.0,Armidale 330kV,NSW1,central Armidale,N-ARTW_86,7,SAPHWF1 (+1.00); NESBESS1 (+1.00); NESBESS2 (+1.00); NEWENSF1 (+1.00); NEWENSF2 (+1.00),Petersons Solar Farm (4 km); UNE Solar Farm (9 km); New England Solar Farm (14 km); Metz Solar Farm (14 km); Oaky Power Station (34 km),K1xK2,ARMIDALE/LINE/86 × N-ARTW_86,supported,-86.05768666666667,-9.687649650291679,-128.31507166666665,-47.13590333333332,0.0,-11.4929925,-6.964507500000039,189.92731250000003,265.2796208333333,278.0,6.0,0.935251798561151,QNI
NSW1-QLD1,forward,ARMIDALE/LINE/8C,Armidale Dumarsq330 8C 330kV LINE,330.0,Armidale 330kV,NSW1,central Armidale,N-ARDM_8C,3,CPP_3 (-1.07); CALLNL2 (-1.07); CALLNL3 (-1.07); CPP_4 (-1.07); TNPS1 (-1.07); MPP_2 (-1.07),Petersons Solar Farm (4 km); UNE Solar Farm (9 km); New England Solar Farm (14 km); Metz Solar Farm (14 km); Oaky Power Station (34 km),K2,N-ARDM_8C,supported,-446.92650666666674,-85.38438850029107,-495.6668460833333,-384.5129087083332,0.03336653386454183,65.6755458333333,-470.76741749999997,93.94019500000002,563.6756920833334,1640.0,21.0,0.9182926829268293,QNI
NSW1-QLD1,reverse,ARMIDALE/LINE/8C,Armidale Dumarsq330 8C 330kV LINE,330.0,Armidale 330kV,NSW1,central Armidale,N-ARDM_8C,3,CPP_3 (-1.07); CALLNL2 (-1.07); CALLNL3 (-1.07); CPP_4 (-1.07); TNPS1 (-1.07); MPP_2 (-1.07),Petersons Solar Farm (4 km); UNE Solar Farm (9 km); New England Solar Farm (14 km); Metz Solar Farm (14 km); Oaky Power Station (34 km),K2,N-ARDM_8C,supported,-534.0141550000001,-56.56143861016372,-582.8669662500001,-472.64288,0.5175962815405046,-65.20597666666666,-349.4529141666667,313.63983916666666,942.3614666666667,1640.0,21.0,0.9182926829268293,QNI
NSW1-QLD1,forward,ARMIDALE/LINE/8U,Armidale-URALLA 8U 330kV LINE,330.0,Armidale 330kV,NSW1,central Armidale,N-X_8U+DM+TW+LS_SVC,3,SAPHWF1 (+1.04),Petersons Solar Farm (4 km); UNE Solar Farm (9 km); New England Solar Farm (14 km); Metz Solar Farm (14 km); Oaky Power Station (34 km),K3,ARMIDALE,supported,-482.60592999999994,-86.17018184284534,-525.0290880833334,-422.4844350833334,0.0,30.178574999999995,-447.3596083333333,64.05835,554.50309,1330.0,27.0,0.956766917293233,QNI
NSW1-QLD1,reverse,ARMIDALE/LINE/8U,Armidale-URALLA 8U 330kV LINE,330.0,Armidale 330kV,NSW1,central Armidale,N-X_8U+DM+TW+LS_SVC,3,SAPHWF1 (+1.04),Petersons Solar Farm (4 km); UNE Solar Farm (9 km); New England Solar Farm (14 km); Metz Solar Farm (14 km); Oaky Power Station (34 km),K1xK2,ARMIDALE/LINE/8U × N-X_8U+DM+TW+LS_SVC,indicative,-470.5293208333334,-49.77536409829216,-520.3697716666668,-319.9222816666666,1.0,75.04406833333334,-551.7671608333334,345.10856333333334,849.5110041666667,25.5,3.0,0.9411764705882353,QNI
NSW1-QLD1,forward,ARMIDALE/LINE/965,Armidale Kempsey 965 132kV LINE,132.0,Armidale 330kV,NSW1,central Armidale,CA_BRIS_59712B29|N-ARKS_965,5,WRWF1 (+1.18); WRSF1 (+1.18); METZSF1 (+1.17); SAPHWF1 (+1.00); NEWENSF1 (+0.95); NEWENSF2 (+0.95),Petersons Solar Farm (4 km); UNE Solar Farm (9 km); New England Solar Farm (14 km); Metz Solar Farm (14 km); Oaky Power Station (34 km),K3,ARMIDALE,supported,-482.60592999999994,-86.17018184284534,-525.0290880833334,-422.4844350833334,0.0,30.178574999999995,-447.3596083333333,64.05835,554.50309,1330.0,27.0,0.956766917293233,QNI
NSW1-QLD1,reverse,ARMIDALE/LINE/965,Armidale Kempsey 965 132kV LINE,132.0,Armidale 330kV,NSW1,central Armidale,CA_BRIS_59712B29|N-ARKS_965,5,WRWF1 (+1.18); WRSF1 (+1.18); METZSF1 (+1.17); SAPHWF1 (+1.00); NEWENSF1 (+0.95); NEWENSF2 (+0.95),Petersons Solar Farm (4 km); UNE Solar Farm (9 km); New England Solar Farm (14 km); Metz Solar Farm (14 km); Oaky Power Station (34 km),K1xK2,ARMIDALE/LINE/965 × N-ARKS_965,indicative,-51.18698416666666,-4.757546990465032,-146.8605849999999,8.240585000000237,0.0,-240.13998500000002,149.24252083333334,1036.7520466666667,1084.9394225,67.0,3.0,1.0,QNI
NSW1-QLD1,forward,AVON/LINE/10,Avon 330kV Dapto 10 330kV LINE,330.0,Avon 330kV,NSW1,central Wollongong,N-X_10+76,1,TARALGA1 (+6.54); TALWA1 (+5.88); TALWB1 (+5.88); SHGEN2 (+5.55); SHGEN (+5.55); SHPUMP (-5.55),Tallawarra Power Station (10 km); Kangaroo Valley Pumping and Power Station (39 km); Bendeela Pumping and Power Station (41 km),K3,AVON,supported,7.44742500000001,1.288664872256663,-16.674758333333216,32.55359381249995,0.0,116.52941916666666,-64.73101666666668,634.7467158333334,636.2393954166666,625.0,11.0,0.9616,QNI
NSW1-QLD1,reverse,AVON/LINE/10,Avon 330kV Dapto 10 330kV LINE,330.0,Avon 330kV,NSW1,central Wollongong,N-X_10+76,1,TARALGA1 (+6.54); TALWA1 (+5.88); TALWB1 (+5.88); SHGEN2 (+5.55); SHGEN (+5.55); SHPUMP (-5.55),Tallawarra Power Station (10 km); Kangaroo Valley Pumping and Power Station (39 km); Bendeela Pumping and Power Station (41 km),K3,AVON,supported,-21.971124166666527,-2.3869020063357804,-57.79535499999986,3.1853119166667785,0.0,-126.04071958333333,45.309869166666715,955.4290733333332,968.7337600000001,625.0,11.0,0.9616,QNI
NSW1-QLD1,forward,AVON/LINE/17,Avon-Macarthur 17 330kV LINE,330.0,Avon 330kV,NSW1,central Wollongong,N-AVMA_17|N-X_4+17_WG_CLOSE|N-X_AVMA_KCTX|N-X_AVMA_SSWW,12,ER03 (+7.19); ER04 (+7.19); TALWA1 (+6.54); TALWB1 (+6.54); SHPUMP (-6.27); SHGEN2 (+6.27),Tallawarra Power Station (10 km); Kangaroo Valley Pumping and Power Station (39 km); Bendeela Pumping and Power Station (41 km),K1xK2,AVON/LINE/17 × N-AVMA_17,supported,26.296661666666694,4.604578113065111,4.089453333333353,56.508654500000056,0.0,172.31298999999996,-100.26119333333321,653.9486183333333,627.70979,576.0,10.0,0.9027777777777778,QNI
NSW1-QLD1,reverse,AVON/LINE/17,Avon-Macarthur 17 330kV LINE,330.0,Avon 330kV,NSW1,central Wollongong,N-AVMA_17|N-X_4+17_WG_CLOSE|N-X_AVMA_KCTX|N-X_AVMA_SSWW,12,ER03 (+7.19); ER04 (+7.19); TALWA1 (+6.54); TALWB1 (+6.54); SHPUMP (-6.27); SHGEN2 (+6.27),Tallawarra Power Station (10 km); Kangaroo Valley Pumping and Power Station (39 km); Bendeela Pumping and Power Station (41 km),K1xK2,AVON/LINE/17 × N-AVMA_17,supported,-9.677740000000028,-1.0654869616526463,-40.99429416666669,14.490189291666516,0.0,-173.08549125,126.61629000000005,954.1226991666667,961.8372533333334,576.0,10.0,0.9027777777777778,QNI
NSW1-QLD1,forward,BAYSWATR/LINE/33,Liddell PS Bayswtr330 33 330kV LINE,330.0,Bayswater 330kV,NSW1,south of Muswellbrook (15 km),N-X_BWWO_BWLD,1,TNPS1 (-1.57); KPP_1 (-1.37); GNNDHSF1 (+1.02); NESBESS1 (+1.00); NEWENSF1 (+1.00); NESBESS2 (+1.00),Bayswater Power Station (1 km); Glennies Creek Power Station (18 km); Redbank Power Station (23 km); Glenbawn Power Station (33 km),none,,unsupported,,,,,,,,,,,,,QNI
NSW1-QLD1,reverse,BAYSWATR/LINE/33,Liddell PS Bayswtr330 33 330kV LINE,330.0,Bayswater 330kV,NSW1,south of Muswellbrook (15 km),N-X_BWWO_BWLD,1,TNPS1 (-1.57); KPP_1 (-1.37); GNNDHSF1 (+1.02); NESBESS1 (+1.00); NEWENSF1 (+1.00); NESBESS2 (+1.00),Bayswater Power Station (1 km); Glennies Creek Power Station (18 km); Redbank Power Station (23 km); Glenbawn Power Station (33 km),none,,unsupported,,,,,,,,,,,,,QNI
NSW1-QLD1,forward,BAYSWATR/LINE/5A4,Bayswtr330-Wollar 5A4 500kV LINE,500.0,Bayswater 330kV,NSW1,south of Muswellbrook (15 km),N-X_BWWO_BWLD,1,TNPS1 (-1.57); KPP_1 (-1.37); GNNDHSF1 (+1.02); NESBESS1 (+1.00); NEWENSF1 (+1.00); NESBESS2 (+1.00),Bayswater Power Station (1 km); Glennies Creek Power Station (18 km); Redbank Power Station (23 km); Glenbawn Power Station (33 km),none,,unsupported,,,,,,,,,,,,,QNI
NSW1-QLD1,reverse,BAYSWATR/LINE/5A4,Bayswtr330-Wollar 5A4 500kV LINE,500.0,Bayswater 330kV,NSW1,south of Muswellbrook (15 km),N-X_BWWO_BWLD,1,TNPS1 (-1.57); KPP_1 (-1.37); GNNDHSF1 (+1.02); NESBESS1 (+1.00); NEWENSF1 (+1.00); NESBESS2 (+1.00),Bayswater Power Station (1 km); Glennies Creek Power Station (18 km); Redbank Power Station (23 km); Glenbawn Power Station (33 km),none,,unsupported,,,,,,,,,,,,,QNI
NSW1-QLD1,forward,COFFS/LINE/9W8,CoffsH330-BoambeeS 9W8 132kV LINE,132.0,Coffs Harbour 330kV,NSW1,,N-CHKS_ONE,1,METZSF1 (+1.44); WRSF1 (+1.31); WRWF1 (+1.31); MOREESF1 (+1.03); SAPHWF1 (+1.00); NEWENSF1 (+0.95),,K2,N-CHKS_ONE,supported,-48.654988333333336,-8.620096723455362,-96.02665329166676,4.4429366666666965,0.0037688442211055275,29.734442500000043,-54.87521333333325,654.0370608333333,672.1943533333333,202.5,10.0,0.9827160493827161,QNI
NSW1-QLD1,reverse,COFFS/LINE/9W8,CoffsH330-BoambeeS 9W8 132kV LINE,132.0,Coffs Harbour 330kV,NSW1,,N-CHKS_ONE,1,METZSF1 (+1.44); WRSF1 (+1.31); WRWF1 (+1.31); MOREESF1 (+1.03); SAPHWF1 (+1.00); NEWENSF1 (+0.95),,K2,N-CHKS_ONE,supported,13.72745249999997,1.3487083393483177,-30.9747280000001,64.92392333333339,0.06281407035175882,-25.439894583333285,27.39150416666655,1055.9110466666666,1062.1712874999998,202.5,10.0,0.9827160493827161,QNI
NSW1-QLD1,forward,DAPTO/BUS/5A1,Dapto A1 330kV BUS,330.0,Dapto 330kV,NSW1,central Wollongong,N-DTSS_11,2,TARALGA1 (+4.07); TALWA1 (+4.06); TALWB1 (+4.06); CROOKWF3 (+4.06); CROOKWF2 (+4.06); SHGEN (+4.05),Tallawarra Power Station (3 km); Kangaroo Valley Pumping and Power Station (37 km); Bendeela Pumping and Power Station (39 km),K2,N-DTSS_11,supported,14.438940833333334,2.7729886907935093,-39.29105916666663,73.11553179166658,-0.038223140495867766,-291.4912420833334,353.8522983333333,559.767945,518.3756341666667,536.5,9.0,0.902143522833178,QNI
NSW1-QLD1,reverse,DAPTO/BUS/5A1,Dapto A1 330kV BUS,330.0,Dapto 330kV,NSW1,central Wollongong,N-DTSS_11,2,TARALGA1 (+4.07); TALWA1 (+4.06); TALWB1 (+4.06); CROOKWF3 (+4.06); CROOKWF2 (+4.06); SHGEN (+4.05),Tallawarra Power Station (3 km); Kangaroo Valley Pumping and Power Station (37 km); Bendeela Pumping and Power Station (39 km),K2,N-DTSS_11,supported,57.919491249999965,6.295351242874785,7.129691666666645,105.56993666666676,0.10175619834710742,297.18638999999996,-156.70126916666663,945.0068508333334,885.2524816666668,536.5,9.0,0.902143522833178,QNI
NSW1-QLD1,forward,DAPTO/BUS/5B1,Dapto B1 330kV BUS,330.0,Dapto 330kV,NSW1,central Wollongong,N-DTMN_8_15M,2,TARALGA1 (+5.75); COLWF01 (+5.01); CROOKWF2 (+4.99); CROOKWF3 (+4.99); GULLRSF1 (+4.90); GULLRWF1 (+4.90),Tallawarra Power Station (3 km); Kangaroo Valley Pumping and Power Station (37 km); Bendeela Pumping and Power Station (39 km),K2,N-DTMN_8_15M,supported,-0.7826316666666546,-0.14743732396345563,-49.55289520833331,34.873618249999865,0.033333333333333326,-117.71178750000001,69.39494250000003,229.35,265.14983291666664,383.0,9.0,0.8616187989556136,QNI
NSW1-QLD1,reverse,DAPTO/BUS/5B1,Dapto B1 330kV BUS,330.0,Dapto 330kV,NSW1,central Wollongong,N-DTMN_8_15M,2,TARALGA1 (+5.75); COLWF01 (+5.01); CROOKWF2 (+4.99); CROOKWF3 (+4.99); GULLRSF1 (+4.90); GULLRWF1 (+4.90),Tallawarra Power Station (3 km); Kangaroo Valley Pumping and Power Station (37 km); Bendeela Pumping and Power Station (39 km),K2,N-DTMN_8_15M,supported,1.7818158333333827,0.1908995268282196,-49.567655,55.931960000000004,0.14015151515151514,117.98048583333335,-6.39236708333334,594.1793741666668,635.3084125,383.0,9.0,0.8616187989556136,QNI
NSW1-QLD1,forward,DAPTO/LINE/11,Sydney S Dapto 11 330kV LINE,330.0,Dapto 330kV,NSW1,central Wollongong,N-DTSS_11|N-X_3L+11_WG_CLOSE,11,TARALGA1 (+4.07); TALWB1 (+4.06); TALWA1 (+4.06); CROOKWF3 (+4.06); CROOKWF2 (+4.06); SHGEN2 (+4.05),Tallawarra Power Station (3 km); Kangaroo Valley Pumping and Power Station (37 km); Bendeela Pumping and Power Station (39 km),K1,DAPTO/LINE/11,supported,8.475803333333317,1.5788451963730492,-46.635355000000004,46.31821787500008,0.0,-210.97526,266.3834866666667,623.4972283333333,629.0538466666667,425.0,5.0,0.9235294117647059,QNI
NSW1-QLD1,reverse,DAPTO/LINE/11,Sydney S Dapto 11 330kV LINE,330.0,Dapto 330kV,NSW1,central Wollongong,N-DTSS_11|N-X_3L+11_WG_CLOSE,11,TARALGA1 (+4.07); TALWB1 (+4.06); TALWA1 (+4.06); CROOKWF3 (+4.06); CROOKWF2 (+4.06); SHGEN2 (+4.05),Tallawarra Power Station (3 km); Kangaroo Valley Pumping and Power Station (37 km); Bendeela Pumping and Power Station (39 km),K1,DAPTO/LINE/11,supported,18.790460000000053,2.140952663622035,-24.411136333333367,74.7658816666667,0.0,212.97135166666664,-100.10273333333335,909.8490783333333,930.4360183333333,425.0,5.0,0.9235294117647059,QNI
NSW1-QLD1,forward,DAPTO/LINE/8,Dapto Marulan 8 330kV LINE,330.0,Dapto 330kV,NSW1,central Wollongong,N-DTMN_8_15M|N-X_76_8,11,TARALGA1 (+5.75); COLWF01 (+5.01); CROOKWF3 (+4.99); CROOKWF2 (+4.99); GULLRWF2 (+4.90); GULLRWF1 (+4.90),Tallawarra Power Station (3 km); Kangaroo Valley Pumping and Power Station (37 km); Bendeela Pumping and Power Station (39 km),K1xK2,DAPTO/LINE/8 × N-DTMN_8_15M,supported,4.339683333333326,0.7509169234177386,-34.828938333333326,53.28080833333333,0.0,-184.39480333333336,169.56161666666662,560.7861783333333,244.40287999999998,230.0,8.0,0.8934782608695652,QNI
NSW1-QLD1,reverse,DAPTO/LINE/8,Dapto Marulan 8 330kV LINE,330.0,Dapto 330kV,NSW1,central Wollongong,N-DTMN_8_15M|N-X_76_8,11,TARALGA1 (+5.75); COLWF01 (+5.01); CROOKWF3 (+4.99); CROOKWF2 (+4.99); GULLRWF2 (+4.90); GULLRWF1 (+4.90),Tallawarra Power Station (3 km); Kangaroo Valley Pumping and Power Station (37 km); Bendeela Pumping and Power Station (39 km),K2,N-DTMN_8_15M,supported,1.7818158333333827,0.1908995268282196,-49.567655,55.931960000000004,0.14015151515151514,117.98048583333335,-6.39236708333334,594.1793741666668,635.3084125,383.0,9.0,0.8616187989556136,QNI
NSW1-QLD1,forward,DUMARESQ/CB/5012,Dumarsq330 5012 330kV CB,330.0,Dumaresq 330kV,NSW1,north of Armidale (149 km),I-BCDM_ONE|N-ARDM_8C,1,MPP_1 (-1.07); MPP_2 (-1.07); KPP_1 (-1.07); CALLNL2 (-1.07); CPP_3 (-1.07); CALLNL3 (-1.07),Pindari Power Station (22 km),K2,N-ARDM_8C,supported,-446.92650666666674,-85.38438850029107,-495.6668460833333,-384.5129087083332,0.03336653386454183,65.6755458333333,-470.76741749999997,93.94019500000002,563.6756920833334,1640.0,21.0,0.9182926829268293,QNI
NSW1-QLD1,reverse,DUMARESQ/CB/5012,Dumarsq330 5012 330kV CB,330.0,Dumaresq 330kV,NSW1,north of Armidale (149 km),I-BCDM_ONE|N-ARDM_8C,1,MPP_1 (-1.07); MPP_2 (-1.07); KPP_1 (-1.07); CALLNL2 (-1.07); CPP_3 (-1.07); CALLNL3 (-1.07),Pindari Power Station (22 km),K2,N-ARDM_8C,supported,-534.0141550000001,-56.56143861016372,-582.8669662500001,-472.64288,0.5175962815405046,-65.20597666666666,-349.4529141666667,313.63983916666666,942.3614666666667,1640.0,21.0,0.9182926829268293,QNI
NSW1-QLD1,forward,DUMARESQ/LINE/8C,Armidale Dumarsq330 8C 330kV LINE,330.0,Dumaresq 330kV,NSW1,north of Armidale (149 km),N-ARDM_8C|N-ARTW_86|N-X_8E+DM+TW+LS_SVC,20,CPP_3 (-1.07); CALLNL2 (-1.07); CALLNL3 (-1.07); CPP_4 (-1.07); TNPS1 (-1.07); MPP_2 (-1.07),Pindari Power Station (22 km),K1xK2,DUMARESQ/LINE/8C × N-ARDM_8C,supported,-497.94854083333337,-93.62706378537618,-531.6528350416667,-449.23305506249994,0.0,89.8485808333333,-550.2698600000001,90.98778333333333,579.8054983333333,1403.0,15.0,0.9116179615110478,QNI
NSW1-QLD1,reverse,DUMARESQ/LINE/8C,Armidale Dumarsq330 8C 330kV LINE,330.0,Dumaresq 330kV,NSW1,north of Armidale (149 km),N-ARDM_8C|N-ARTW_86|N-X_8E+DM+TW+LS_SVC,20,CPP_3 (-1.07); CALLNL2 (-1.07); CALLNL3 (-1.07); CPP_4 (-1.07); TNPS1 (-1.07); MPP_2 (-1.07),Pindari Power Station (22 km),K1xK2,DUMARESQ/LINE/8C × N-ARDM_8C,supported,-586.0372891666666,-62.11577823679824,-624.6430033333334,-544.6286091666666,1.0,-87.50680083333333,-422.4194225,333.8586058333333,975.6826599999999,1403.0,15.0,0.9116179615110478,QNI
NSW1-QLD1,forward,DUMARESQ/LINE/8J,Dumarsq330-Sapphire 8J 330kV LINE,330.0,Dumaresq 330kV,NSW1,north of Armidale (149 km),N-DMSR_8J,1,CPP_3 (-1.07); CALLNL2 (-1.07); CPP_4 (-1.07); CALLNL3 (-1.07); TNPS1 (-1.07); MPP_1 (-1.07),Pindari Power Station (22 km),K2,N-DMSR_8J,supported,-246.18731666666665,-49.41565220488916,-305.6433157083334,-165.3702333333333,0.007885304659498209,157.26108499999998,-336.9905000000001,88.08143833333334,332.256415,728.0,9.0,0.9581043956043956,QNI
NSW1-QLD1,reverse,DUMARESQ/LINE/8J,Dumarsq330-Sapphire 8J 330kV LINE,330.0,Dumaresq 330kV,NSW1,north of Armidale (149 km),N-DMSR_8J,1,CPP_3 (-1.07); CALLNL2 (-1.07); CPP_4 (-1.07); CALLNL3 (-1.07); TNPS1 (-1.07); MPP_1 (-1.07),Pindari Power Station (22 km),K2,N-DMSR_8J,supported,-635.4128766666668,-66.54187286674342,-700.4714799999999,-559.3940000833333,0.374910394265233,-166.45262666666667,-252.45720333333338,311.81488833333333,1030.2518841666667,728.0,9.0,0.9581043956043956,QNI
NSW1-QLD1,forward,EL20856,Halys 88852 275kV CB,275.0,Halys (S2),QLD1,north of Toowoomba (91 km),Q-X_BRHA_TWO,2,COOPGWF1 (-2.90); DULAWF1 (-1.75); COLUMSF1 (-1.75); ROMA_8 (-1.75); ROMA_7 (-1.75); CPSA (-1.75),Tarong BESS (20 km); Tarong North Power Station (20 km); Tarong Power Station (20 km); Coopers Gap Wind Farm (31 km); Kingaroy Solar Farm (31 km),K2,Q-X_BRHA_TWO,supported,-14.927091666666698,-3.0026501332832707,-88.20282666666662,9.660901666666632,0.0625,67.89047166666671,-43.654818333333395,402.36941749999994,576.7375133333334,72.0,20.0,1.0,QNI
NSW1-QLD1,reverse,EL20856,Halys 88852 275kV CB,275.0,Halys (S2),QLD1,north of Toowoomba (91 km),Q-X_BRHA_TWO,2,COOPGWF1 (-2.90); DULAWF1 (-1.75); COLUMSF1 (-1.75); ROMA_8 (-1.75); ROMA_7 (-1.75); CPSA (-1.75),Tarong BESS (20 km); Tarong North Power Station (20 km); Tarong Power Station (20 km); Coopers Gap Wind Farm (31 km); Kingaroy Solar Farm (31 km),K2,Q-X_BRHA_TWO,supported,-20.120649166666567,-1.870103024186646,-90.78501000000006,28.073161666666664,-0.125,-86.6576733333334,0.00012166666667745574,1011.0986266666666,1017.70623,72.0,20.0,1.0,QNI
NSW1-QLD1,forward,EL20857,Halys 5062 275kV CB,275.0,Halys (S2),QLD1,north of Toowoomba (91 km),Q-X_HATR_TWO,1,MOUSF1 (-3.92); EMERASF1 (-3.92); BARCALDN (-3.91); CLERMSF1 (-3.91); MIDDLSF1 (-3.91); LILYSF1 (-3.89),Tarong BESS (20 km); Tarong North Power Station (20 km); Tarong Power Station (20 km); Coopers Gap Wind Farm (31 km); Kingaroy Solar Farm (31 km),K2,Q-X_HATR_TWO,supported,-68.62656499999997,-11.64525019703058,-144.50973035416672,-14.803649999999948,-0.005016722408026756,-121.17643083333341,-2.1108533333333526,592.1507958333333,638.7672691666667,374.0,33.0,0.7994652406417112,QNI
NSW1-QLD1,reverse,EL20857,Halys 5062 275kV CB,275.0,Halys (S2),QLD1,north of Toowoomba (91 km),Q-X_HATR_TWO,1,MOUSF1 (-3.92); EMERASF1 (-3.92); BARCALDN (-3.91); CLERMSF1 (-3.91); MIDDLSF1 (-3.91); LILYSF1 (-3.89),Tarong BESS (20 km); Tarong North Power Station (20 km); Tarong Power Station (20 km); Coopers Gap Wind Farm (31 km); Kingaroy Solar Farm (31 km),K2,Q-X_HATR_TWO,supported,-12.707087500000057,-1.185979533373987,-50.07478500000013,19.927000833333427,0.0802675585284281,95.76764958333337,-106.65512416666661,953.6303208333334,1001.4706533333333,374.0,33.0,0.7994652406417112,QNI
NSW1-QLD1,forward,EL20859,Halys 88702 275kV CB,275.0,Halys (S2),QLD1,north of Toowoomba (91 km),Q-X_HATR2+HA_275BUS,1,MOUSF1 (-3.92); EMERASF1 (-3.92); BARCALDN (-3.91); CLERMSF1 (-3.91); MIDDLSF1 (-3.91); LILYSF1 (-3.89),Tarong BESS (20 km); Tarong North Power Station (20 km); Tarong Power Station (20 km); Coopers Gap Wind Farm (31 km); Kingaroy Solar Farm (31 km),K2,Q-X_HATR2+HA_275BUS,indicative,-70.01517333333334,-12.404433479831804,-128.6954383333334,-9.905411666666623,0.037267080745341616,129.46887500000003,-139.75432,598.22877,639.8301466666667,80.5,3.0,1.0,QNI
NSW1-QLD1,reverse,EL20859,Halys 88702 275kV CB,275.0,Halys (S2),QLD1,north of Toowoomba (91 km),Q-X_HATR2+HA_275BUS,1,MOUSF1 (-3.92); EMERASF1 (-3.92); BARCALDN (-3.91); CLERMSF1 (-3.91); MIDDLSF1 (-3.91); LILYSF1 (-3.89),Tarong BESS (20 km); Tarong North Power Station (20 km); Tarong Power Station (20 km); Coopers Gap Wind Farm (31 km); Kingaroy Solar Farm (31 km),K2,Q-X_HATR2+HA_275BUS,indicative,-71.53656166666667,-6.648927636707638,-131.15649500000006,-19.970070000000305,-0.12111801242236028,-165.72057333333328,4.774103333333187,987.7698983333333,1067.592645,80.5,3.0,1.0,QNI
NSW1-QLD1,forward,EL20860,Halys 5072 275kV CB,275.0,Halys (S2),QLD1,north of Toowoomba (91 km),Q-X_HATR_TWO,1,MOUSF1 (-3.92); EMERASF1 (-3.92); BARCALDN (-3.91); CLERMSF1 (-3.91); MIDDLSF1 (-3.91); LILYSF1 (-3.89),Tarong BESS (20 km); Tarong North Power Station (20 km); Tarong Power Station (20 km); Coopers Gap Wind Farm (31 km); Kingaroy Solar Farm (31 km),K2,Q-X_HATR_TWO,supported,-68.62656499999997,-11.64525019703058,-144.50973035416672,-14.803649999999948,-0.005016722408026756,-121.17643083333341,-2.1108533333333526,592.1507958333333,638.7672691666667,374.0,33.0,0.7994652406417112,QNI
NSW1-QLD1,reverse,EL20860,Halys 5072 275kV CB,275.0,Halys (S2),QLD1,north of Toowoomba (91 km),Q-X_HATR_TWO,1,MOUSF1 (-3.92); EMERASF1 (-3.92); BARCALDN (-3.91); CLERMSF1 (-3.91); MIDDLSF1 (-3.91); LILYSF1 (-3.89),Tarong BESS (20 km); Tarong North Power Station (20 km); Tarong Power Station (20 km); Coopers Gap Wind Farm (31 km); Kingaroy Solar Farm (31 km),K2,Q-X_HATR_TWO,supported,-12.707087500000057,-1.185979533373987,-50.07478500000013,19.927000833333427,0.0802675585284281,95.76764958333337,-106.65512416666661,953.6303208333334,1001.4706533333333,374.0,33.0,0.7994652406417112,QNI
NSW1-QLD1,forward,EL20869,Tarong-Halys 8871 275kV LINE,275.0,Tarong 275kV,QLD1,,Q-X_HACL_HATR|Q-X_HATR2+HA_275BUS|Q-X_HATR3+HACL|Q-X_HATR_TWO,12,MOUSF1 (-3.92); EMERASF1 (-3.92); BARCALDN (-3.91); MIDDLSF1 (-3.91); CLERMSF1 (-3.91); LILYSF1 (-3.89),,K1,EL20869,supported,-29.23103833333323,-4.990517507467005,-108.26629454166677,44.95093860416675,0.0,-16.45481833333335,-11.624661666666725,656.2105666666666,682.9563766666666,199.5,7.0,0.8796992481203008,QNI
NSW1-QLD1,reverse,EL20869,Tarong-Halys 8871 275kV LINE,275.0,Tarong 275kV,QLD1,,Q-X_HACL_HATR|Q-X_HATR2+HA_275BUS|Q-X_HATR3+HACL|Q-X_HATR_TWO,12,MOUSF1 (-3.92); EMERASF1 (-3.92); BARCALDN (-3.91); MIDDLSF1 (-3.91); CLERMSF1 (-3.91); LILYSF1 (-3.89),,K1xK2,EL20869 × Q-X_HATR_TWO,supported,-28.536291666666727,-2.6522904357040122,-86.63333166666666,15.823383333333368,0.0,-84.1266329166667,5.141770833333425,984.4852458333332,1033.1232816666668,199.5,7.0,0.6716791979949874,QNI
NSW1-QLD1,forward,EL20870,Calvale-Halys 8810 275kV LINE,275.0,Calvale 275kV,QLD1,south-west of Gladstone (85 km),Q-X_HACL_HATR|Q-X_HATR3+HACL|Q-X_HATR_TWO,20,MOUSF1 (-3.92); EMERASF1 (-3.92); CLERMSF1 (-3.91); MIDDLSF1 (-3.91); BARCALDN (-3.91); LILYSF1 (-3.89),Callide Power Stations B & C (1 km),K1xK2,EL20870 × Q-X_HACL_HATR,supported,-58.6389933333333,-10.146595749961786,-123.17362000000003,-9.394608416666621,0.0,51.95375041666669,-116.73461666666662,653.8691541666667,779.2603416666667,222.0,12.0,0.7072072072072072,QNI
NSW1-QLD1,reverse,EL20870,Calvale-Halys 8810 275kV LINE,275.0,Calvale 275kV,QLD1,south-west of Gladstone (85 km),Q-X_HACL_HATR|Q-X_HATR3+HACL|Q-X_HATR_TWO,20,MOUSF1 (-3.92); EMERASF1 (-3.92); CLERMSF1 (-3.91); MIDDLSF1 (-3.91); BARCALDN (-3.91); LILYSF1 (-3.89),Callide Power Stations B & C (1 km),K1xK2,EL20870 × Q-X_HACL_HATR,supported,5.120505000000037,0.5086572416524338,-0.27049522916667146,32.0,0.0,-56.20789083333331,77.3839958333333,1012.4120783333333,982.8088616666666,222.0,12.0,0.7072072072072072,QNI
NSW1-QLD1,forward,EL20871,Tarong-Halys 8870 275kV LINE,275.0,Tarong 275kV,QLD1,,Q-X_HACL_HATR|Q-X_HATR_TWO,8,MOUSF1 (-3.92); EMERASF1 (-3.92); CLERMSF1 (-3.91); BARCALDN (-3.91); MIDDLSF1 (-3.91); LILYSF1 (-3.89),,K1,EL20871,supported,1.8488566666666202,0.31991683570775353,-46.9209833333332,54.58813666666663,0.0,-75.94108083333333,86.74668333333341,700.668145,719.9082475,214.0,6.0,0.8948598130841121,QNI
NSW1-QLD1,reverse,EL20871,Tarong-Halys 8870 275kV LINE,275.0,Tarong 275kV,QLD1,,Q-X_HACL_HATR|Q-X_HATR_TWO,8,MOUSF1 (-3.92); EMERASF1 (-3.92); CLERMSF1 (-3.91); BARCALDN (-3.91); MIDDLSF1 (-3.91); LILYSF1 (-3.89),,K1,EL20871,supported,-57.76589666666678,-5.992824216387641,-90.1432083333334,-15.562033333333375,0.0,75.94108083333333,-122.41661916666658,937.6040316666666,1021.7392283333334,214.0,6.0,0.8948598130841121,QNI
NSW1-QLD1,forward,EL20872,Calvale-Halys 8811 275kV LINE,275.0,Calvale 275kV,QLD1,south-west of Gladstone (85 km),Q-X_HACL_HATR|Q-X_HATR_TWO,4,MOUSF1 (-3.92); EMERASF1 (-3.92); CLERMSF1 (-3.91); BARCALDN (-3.91); MIDDLSF1 (-3.91); LILYSF1 (-3.89),Callide Power Stations B & C (1 km),K2,Q-X_HATR_TWO,supported,-68.62656499999997,-11.64525019703058,-144.50973035416672,-14.803649999999948,-0.005016722408026756,-121.17643083333341,-2.1108533333333526,592.1507958333333,638.7672691666667,374.0,33.0,0.7994652406417112,QNI
NSW1-QLD1,reverse,EL20872,Calvale-Halys 8811 275kV LINE,275.0,Calvale 275kV,QLD1,south-west of Gladstone (85 km),Q-X_HACL_HATR|Q-X_HATR_TWO,4,MOUSF1 (-3.92); EMERASF1 (-3.92); CLERMSF1 (-3.91); BARCALDN (-3.91); MIDDLSF1 (-3.91); LILYSF1 (-3.89),Callide Power Stations B & C (1 km),K2,Q-X_HATR_TWO,supported,-12.707087500000057,-1.185979533373987,-50.07478500000013,19.927000833333427,0.0802675585284281,95.76764958333337,-106.65512416666661,953.6303208333334,1001.4706533333333,374.0,33.0,0.7994652406417112,QNI
NSW1-QLD1,forward,EL26463,Nambucca 4102 132kV CB,132.0,Nambucca 132kV,NSW1,,N-CHKS_ONE,1,METZSF1 (+1.44); WRSF1 (+1.31); WRWF1 (+1.31); MOREESF1 (+1.03); SAPHWF1 (+1.00); NEWENSF1 (+0.95),,K2,N-CHKS_ONE,supported,-48.654988333333336,-8.620096723455362,-96.02665329166676,4.4429366666666965,0.0037688442211055275,29.734442500000043,-54.87521333333325,654.0370608333333,672.1943533333333,202.5,10.0,0.9827160493827161,QNI
NSW1-QLD1,reverse,EL26463,Nambucca 4102 132kV CB,132.0,Nambucca 132kV,NSW1,,N-CHKS_ONE,1,METZSF1 (+1.44); WRSF1 (+1.31); WRWF1 (+1.31); MOREESF1 (+1.03); SAPHWF1 (+1.00); NEWENSF1 (+0.95),,K2,N-CHKS_ONE,supported,13.72745249999997,1.3487083393483177,-30.9747280000001,64.92392333333339,0.06281407035175882,-25.439894583333285,27.39150416666655,1055.9110466666666,1062.1712874999998,202.5,10.0,0.9827160493827161,QNI
NSW1-QLD1,forward,EL26470,BoambeeS 1 132kV BUS,132.0,,,,CA_SYDS_59839EB2|N-CHKS_ONE,1,METZSF1 (+1.44); WRSF1 (+1.31); WRWF1 (+1.31); MOREESF1 (+1.03); SAPHWF1 (+1.00); NEWENSF1 (+0.95),,K2,N-CHKS_ONE,supported,-48.654988333333336,-8.620096723455362,-96.02665329166676,4.4429366666666965,0.0037688442211055275,29.734442500000043,-54.87521333333325,654.0370608333333,672.1943533333333,202.5,10.0,0.9827160493827161,QNI
NSW1-QLD1,reverse,EL26470,BoambeeS 1 132kV BUS,132.0,,,,CA_SYDS_59839EB2|N-CHKS_ONE,1,METZSF1 (+1.44); WRSF1 (+1.31); WRWF1 (+1.31); MOREESF1 (+1.03); SAPHWF1 (+1.00); NEWENSF1 (+0.95),,K2,N-CHKS_ONE,supported,13.72745249999997,1.3487083393483177,-30.9747280000001,64.92392333333339,0.06281407035175882,-25.439894583333285,27.39150416666655,1055.9110466666666,1062.1712874999998,202.5,10.0,0.9827160493827161,QNI
NSW1-QLD1,forward,EL31424,Armidale-Sapphire 8E 330kV LINE,330.0,Armidale 330kV,NSW1,central Armidale,N-ARSR_8E|N-X_8E+DM+TW+LS_SVC,11,MPP_1 (-1.07); MPP_2 (-1.07); KPP_1 (-1.07); CALLNL3 (-1.07); CPP_3 (-1.07); CPP_4 (-1.07),Petersons Solar Farm (4 km); UNE Solar Farm (9 km); New England Solar Farm (14 km); Metz Solar Farm (14 km); Oaky Power Station (34 km),K1xK2,EL31424 × N-ARSR_8E,supported,-519.2042483333333,-90.44785647560036,-549.4764875416666,-474.44557933333334,0.0,10.485498333333325,-500.702365,68.5705975,574.95974,935.0,10.0,0.9561497326203209,QNI
NSW1-QLD1,reverse,EL31424,Armidale-Sapphire 8E 330kV LINE,330.0,Armidale 330kV,NSW1,central Armidale,N-ARSR_8E|N-X_8E+DM+TW+LS_SVC,11,MPP_1 (-1.07); MPP_2 (-1.07); KPP_1 (-1.07); CALLNL3 (-1.07); CPP_3 (-1.07); CPP_4 (-1.07),Petersons Solar Farm (4 km); UNE Solar Farm (9 km); New England Solar Farm (14 km); Metz Solar Farm (14 km); Oaky Power Station (34 km),K1xK2,EL31424 × N-ARSR_8E,supported,-684.4721433333334,-72.92903469637785,-786.1541784999998,-604.5816133333333,1.0,-14.153285000000011,-686.8473075,276.60338750000005,1078.0,935.0,10.0,0.9561497326203209,QNI
NSW1-QLD1,forward,EL31425,Dumarsq330-Sapphire 8J 330kV LINE,330.0,,,,N-DMSR_8J,9,CPP_3 (-1.07); CALLNL2 (-1.07); CPP_4 (-1.07); CALLNL3 (-1.07); TNPS1 (-1.07); MPP_1 (-1.07),,K2,N-DMSR_8J,supported,-246.18731666666665,-49.41565220488916,-305.6433157083334,-165.3702333333333,0.007885304659498209,157.26108499999998,-336.9905000000001,88.08143833333334,332.256415,728.0,9.0,0.9581043956043956,QNI
NSW1-QLD1,reverse,EL31425,Dumarsq330-Sapphire 8J 330kV LINE,330.0,,,,N-DMSR_8J,9,CPP_3 (-1.07); CALLNL2 (-1.07); CPP_4 (-1.07); CALLNL3 (-1.07); TNPS1 (-1.07); MPP_1 (-1.07),,K1xK2,EL31425 × N-DMSR_8J,supported,-684.047,-75.17644332961923,-749.2134191666667,-623.132235,0.0,-199.06838500000003,-268.3957999999999,294.23791166666666,1055.8584508333333,550.0,7.0,0.9481818181818182,QNI
NSW1-QLD1,forward,EL32900,Ravine-Yass 2 330kV LINE,330.0,Ravine,NSW1,,N-X_2+8,1,TARALGA1 (+5.75); COLWF01 (+5.01); CROOKWF2 (+4.99); CROOKWF3 (+4.99); GULLRSF1 (+4.90); GULLRWF1 (+4.90),,none,,unsupported,,,,,,,,,,,,,QNI
NSW1-QLD1,reverse,EL32900,Ravine-Yass 2 330kV LINE,330.0,Ravine,NSW1,,N-X_2+8,1,TARALGA1 (+5.75); COLWF01 (+5.01); CROOKWF2 (+4.99); CROOKWF3 (+4.99); GULLRSF1 (+4.90); GULLRWF1 (+4.90),,none,,unsupported,,,,,,,,,,,,,QNI
NSW1-QLD1,forward,H10_BCMB/LINE/275KV_812,CalliopeRv-Bouldercmb 812 275kV LINE,275.0,Bouldercombe 275kV,QLD1,south of Rockhampton (18 km),Q-BCCP_812,3,ALDGASF1 (-12.38); BBATTERY1 (-8.58); YABULU (-8.32); KEPSF1 (-8.32); YABULU2 (-8.32); HAYMSF1 (-8.32),Bouldercombe Battery (0 km); Stanwell Power Station (18 km),none,,unsupported,,,,,,,,,,,,,QNI
NSW1-QLD1,reverse,H10_BCMB/LINE/275KV_812,CalliopeRv-Bouldercmb 812 275kV LINE,275.0,Bouldercombe 275kV,QLD1,south of Rockhampton (18 km),Q-BCCP_812,3,ALDGASF1 (-12.38); BBATTERY1 (-8.58); YABULU (-8.32); KEPSF1 (-8.32); YABULU2 (-8.32); HAYMSF1 (-8.32),Bouldercombe Battery (0 km); Stanwell Power Station (18 km),none,,unsupported,,,,,,,,,,,,,QNI
NSW1-QLD1,forward,H12_MT_E/LINE/275KV_802,Mt England Blackwall 802 275kV LINE,275.0,Mt. England 275kV,QLD1,west of Brisbane (39 km),Q-X_METR+BKSP,1,MOUSF1 (-3.92); EMERASF1 (-3.92); BARCALDN (-3.91); CLERMSF1 (-3.91); MIDDLSF1 (-3.91); LILYSF1 (-3.89),Wivenhoe Power Station (2 km); Bunya Biogas Generator (29 km); Swanbank E Power Station (35 km); Swanbank Power Plant (35 km); Swanbank BESS (35 km); Dakabin Waste Biogas Generator (38 km); Caboolture Waste Biogas Generator (49 km),K3,H12_MT_E,indicative,32.2231875,5.575737896439366,-335.637615,36.559738333333335,0.0,29.60212041666667,-9.46574416666672,96.45580416666667,60.111175,14.5,4.0,0.9655172413793104,QNI
NSW1-QLD1,reverse,H12_MT_E/LINE/275KV_802,Mt England Blackwall 802 275kV LINE,275.0,Mt. England 275kV,QLD1,west of Brisbane (39 km),Q-X_METR+BKSP,1,MOUSF1 (-3.92); EMERASF1 (-3.92); BARCALDN (-3.91); CLERMSF1 (-3.91); MIDDLSF1 (-3.91); LILYSF1 (-3.89),Wivenhoe Power Station (2 km); Bunya Biogas Generator (29 km); Swanbank E Power Station (35 km); Swanbank Power Plant (35 km); Swanbank BESS (35 km); Dakabin Waste Biogas Generator (38 km); Caboolture Waste Biogas Generator (49 km),K3,H12_MT_E,indicative,-36.19943708333335,-3.7866131556443197,-330.10335999999995,-28.101823333333357,0.0,-29.60212041666667,-0.0016958333333150222,385.0369616666667,559.8583533333333,14.5,4.0,0.9655172413793104,QNI
NSW1-QLD1,forward,H12_MT_E/LINE/275KV_825,S Pine Mt England 825 275kV LINE,275.0,Mt. England 275kV,QLD1,west of Brisbane (39 km),Q-X_METR+MESP,1,MOUSF1 (-3.92); EMERASF1 (-3.92); BARCALDN (-3.91); CLERMSF1 (-3.91); MIDDLSF1 (-3.91); LILYSF1 (-3.89),Wivenhoe Power Station (2 km); Bunya Biogas Generator (29 km); Swanbank E Power Station (35 km); Swanbank Power Plant (35 km); Swanbank BESS (35 km); Dakabin Waste Biogas Generator (38 km); Caboolture Waste Biogas Generator (49 km),K2,Q-X_METR+MESP,indicative,32.2231875,5.575737896439366,-18.714534999999998,33.470956666666666,0.020833333333333332,25.153998333333327,0.35823166666659745,91.36203750000001,57.06352416666667,12.0,3.0,1.0,QNI
NSW1-QLD1,reverse,H12_MT_E/LINE/275KV_825,S Pine Mt England 825 275kV LINE,275.0,Mt. England 275kV,QLD1,west of Brisbane (39 km),Q-X_METR+MESP,1,MOUSF1 (-3.92); EMERASF1 (-3.92); BARCALDN (-3.91); CLERMSF1 (-3.91); MIDDLSF1 (-3.91); LILYSF1 (-3.89),Wivenhoe Power Station (2 km); Bunya Biogas Generator (29 km); Swanbank E Power Station (35 km); Swanbank Power Plant (35 km); Swanbank BESS (35 km); Dakabin Waste Biogas Generator (38 km); Caboolture Waste Biogas Generator (49 km),K2,Q-X_METR+MESP,indicative,-20.923359166666643,-2.1886712464169475,-28.101823333333357,23.87488666666667,0.08333333333333326,-25.153998333333327,-0.0015683333332958682,408.6571825,538.2697091666666,12.0,3.0,1.0,QNI
NSW1-QLD1,forward,H12_MT_E/LINE/275KV_837,Tarong Mt England 837 275kV LINE,275.0,Mt. England 275kV,QLD1,west of Brisbane (39 km),Q-X_METR+MESP,1,MOUSF1 (-3.92); EMERASF1 (-3.92); BARCALDN (-3.91); CLERMSF1 (-3.91); MIDDLSF1 (-3.91); LILYSF1 (-3.89),Wivenhoe Power Station (2 km); Bunya Biogas Generator (29 km); Swanbank E Power Station (35 km); Swanbank Power Plant (35 km); Swanbank BESS (35 km); Dakabin Waste Biogas Generator (38 km); Caboolture Waste Biogas Generator (49 km),K2,Q-X_METR+MESP,indicative,32.2231875,5.575737896439366,-18.714534999999998,33.470956666666666,0.020833333333333332,25.153998333333327,0.35823166666659745,91.36203750000001,57.06352416666667,12.0,3.0,1.0,QNI
NSW1-QLD1,reverse,H12_MT_E/LINE/275KV_837,Tarong Mt England 837 275kV LINE,275.0,Mt. England 275kV,QLD1,west of Brisbane (39 km),Q-X_METR+MESP,1,MOUSF1 (-3.92); EMERASF1 (-3.92); BARCALDN (-3.91); CLERMSF1 (-3.91); MIDDLSF1 (-3.91); LILYSF1 (-3.89),Wivenhoe Power Station (2 km); Bunya Biogas Generator (29 km); Swanbank E Power Station (35 km); Swanbank Power Plant (35 km); Swanbank BESS (35 km); Dakabin Waste Biogas Generator (38 km); Caboolture Waste Biogas Generator (49 km),K2,Q-X_METR+MESP,indicative,-20.923359166666643,-2.1886712464169475,-28.101823333333357,23.87488666666667,0.08333333333333326,-25.153998333333327,-0.0015683333332958682,408.6571825,538.2697091666666,12.0,3.0,1.0,QNI
NSW1-QLD1,forward,H12_MT_E/LINE/275KV_8812,Mt England Tarong 8812 275kV LINE,275.0,Mt. England 275kV,QLD1,west of Brisbane (39 km),Q-X_METR+MESP,2,MOUSF1 (-3.92); EMERASF1 (-3.92); BARCALDN (-3.91); CLERMSF1 (-3.91); MIDDLSF1 (-3.91); LILYSF1 (-3.89),Wivenhoe Power Station (2 km); Bunya Biogas Generator (29 km); Swanbank E Power Station (35 km); Swanbank Power Plant (35 km); Swanbank BESS (35 km); Dakabin Waste Biogas Generator (38 km); Caboolture Waste Biogas Generator (49 km),K2,Q-X_METR+MESP,indicative,32.2231875,5.575737896439366,-18.714534999999998,33.470956666666666,0.020833333333333332,25.153998333333327,0.35823166666659745,91.36203750000001,57.06352416666667,12.0,3.0,1.0,QNI
NSW1-QLD1,reverse,H12_MT_E/LINE/275KV_8812,Mt England Tarong 8812 275kV LINE,275.0,Mt. England 275kV,QLD1,west of Brisbane (39 km),Q-X_METR+MESP,2,MOUSF1 (-3.92); EMERASF1 (-3.92); BARCALDN (-3.91); CLERMSF1 (-3.91); MIDDLSF1 (-3.91); LILYSF1 (-3.89),Wivenhoe Power Station (2 km); Bunya Biogas Generator (29 km); Swanbank E Power Station (35 km); Swanbank Power Plant (35 km); Swanbank BESS (35 km); Dakabin Waste Biogas Generator (38 km); Caboolture Waste Biogas Generator (49 km),K2,Q-X_METR+MESP,indicative,-20.923359166666643,-2.1886712464169475,-28.101823333333357,23.87488666666667,0.08333333333333326,-25.153998333333327,-0.0015683333332958682,408.6571825,538.2697091666666,12.0,3.0,1.0,QNI
NSW1-QLD1,forward,H148_DMN/LINE/275KV_8785,H148_DMN-H98_WBWF 8785 275kV LINE,275.0,H148 DIAMONDY,QLD1,,Q-X_BRHA_TWO,2,COOPGWF1 (-2.90); DULAWF1 (-1.75); COLUMSF1 (-1.75); ROMA_8 (-1.75); ROMA_7 (-1.75); CPSA (-1.75),,K2,Q-X_BRHA_TWO,supported,-14.927091666666698,-3.0026501332832707,-88.20282666666662,9.660901666666632,0.0625,67.89047166666671,-43.654818333333395,402.36941749999994,576.7375133333334,72.0,20.0,1.0,QNI
NSW1-QLD1,reverse,H148_DMN/LINE/275KV_8785,H148_DMN-H98_WBWF 8785 275kV LINE,275.0,H148 DIAMONDY,QLD1,,Q-X_BRHA_TWO,2,COOPGWF1 (-2.90); DULAWF1 (-1.75); COLUMSF1 (-1.75); ROMA_8 (-1.75); ROMA_7 (-1.75); CPSA (-1.75),,K2,Q-X_BRHA_TWO,supported,-20.120649166666567,-1.870103024186646,-90.78501000000006,28.073161666666664,-0.125,-86.6576733333334,0.00012166666667745574,1011.0986266666666,1017.70623,72.0,20.0,1.0,QNI
NSW1-QLD1,forward,H14_MRDG/LINE/275KV_8848,Middle Rdg-Greenbank 8848 275kV LINE,275.0,Middle Ridge 275kV,QLD1,central Toowoomba,Q-X_MRGB_MRGB,15,MOUSF1 (-3.92); EMERASF1 (-3.92); BARCALDN (-3.91); CLERMSF1 (-3.91); MIDDLSF1 (-3.91); LILYSF1 (-3.89),Oakey Power Station (35 km); Oakey Solar Farm (37 km); Maryrorough Solar Farm (40 km); Yarranlea Solar Farm (42 km),none,,unsupported,,,,,,,,,,,,,QNI
NSW1-QLD1,reverse,H14_MRDG/LINE/275KV_8848,Middle Rdg-Greenbank 8848 275kV LINE,275.0,Middle Ridge 275kV,QLD1,central Toowoomba,Q-X_MRGB_MRGB,15,MOUSF1 (-3.92); EMERASF1 (-3.92); BARCALDN (-3.91); CLERMSF1 (-3.91); MIDDLSF1 (-3.91); LILYSF1 (-3.89),Oakey Power Station (35 km); Oakey Solar Farm (37 km); Maryrorough Solar Farm (40 km); Yarranlea Solar Farm (42 km),none,,unsupported,,,,,,,,,,,,,QNI
NSW1-QLD1,forward,H14_MRDG/LINE/275KV_8849,Middle Rdg-Greenbank 8849 275kV LINE,275.0,Middle Ridge 275kV,QLD1,central Toowoomba,Q-X_MRGB_MRGB,14,MOUSF1 (-3.92); EMERASF1 (-3.92); BARCALDN (-3.91); CLERMSF1 (-3.91); MIDDLSF1 (-3.91); LILYSF1 (-3.89),Oakey Power Station (35 km); Oakey Solar Farm (37 km); Maryrorough Solar Farm (40 km); Yarranlea Solar Farm (42 km),none,,unsupported,,,,,,,,,,,,,QNI
NSW1-QLD1,reverse,H14_MRDG/LINE/275KV_8849,Middle Rdg-Greenbank 8849 275kV LINE,275.0,Middle Ridge 275kV,QLD1,central Toowoomba,Q-X_MRGB_MRGB,14,MOUSF1 (-3.92); EMERASF1 (-3.92); BARCALDN (-3.91); CLERMSF1 (-3.91); MIDDLSF1 (-3.91); LILYSF1 (-3.89),Oakey Power Station (35 km); Oakey Solar Farm (37 km); Maryrorough Solar Farm (40 km); Yarranlea Solar Farm (42 km),none,,unsupported,,,,,,,,,,,,,QNI
NSW1-QLD1,forward,H18_TRNG/CB/FDR_88712,Tarong 88712 275kV CB,275.0,Tarong 275kV,QLD1,,Q-X_HATR_TWO,1,MOUSF1 (-3.92); EMERASF1 (-3.92); BARCALDN (-3.91); CLERMSF1 (-3.91); MIDDLSF1 (-3.91); LILYSF1 (-3.89),,K2,Q-X_HATR_TWO,supported,-68.62656499999997,-11.64525019703058,-144.50973035416672,-14.803649999999948,-0.005016722408026756,-121.17643083333341,-2.1108533333333526,592.1507958333333,638.7672691666667,374.0,33.0,0.7994652406417112,QNI
NSW1-QLD1,reverse,H18_TRNG/CB/FDR_88712,Tarong 88712 275kV CB,275.0,Tarong 275kV,QLD1,,Q-X_HATR_TWO,1,MOUSF1 (-3.92); EMERASF1 (-3.92); BARCALDN (-3.91); CLERMSF1 (-3.91); MIDDLSF1 (-3.91); LILYSF1 (-3.89),,K2,Q-X_HATR_TWO,supported,-12.707087500000057,-1.185979533373987,-50.07478500000013,19.927000833333427,0.0802675585284281,95.76764958333337,-106.65512416666661,953.6303208333334,1001.4706533333333,374.0,33.0,0.7994652406417112,QNI
NSW1-QLD1,forward,H18_TRNG/LINE/275KV_843,Tarong Tarong Ps 843 275kV LINE,275.0,Tarong 275kV,QLD1,,Q-X_HATR_TWO,1,MOUSF1 (-3.92); EMERASF1 (-3.92); BARCALDN (-3.91); CLERMSF1 (-3.91); MIDDLSF1 (-3.91); LILYSF1 (-3.89),,K2,Q-X_HATR_TWO,supported,-68.62656499999997,-11.64525019703058,-144.50973035416672,-14.803649999999948,-0.005016722408026756,-121.17643083333341,-2.1108533333333526,592.1507958333333,638.7672691666667,374.0,33.0,0.7994652406417112,QNI
NSW1-QLD1,reverse,H18_TRNG/LINE/275KV_843,Tarong Tarong Ps 843 275kV LINE,275.0,Tarong 275kV,QLD1,,Q-X_HATR_TWO,1,MOUSF1 (-3.92); EMERASF1 (-3.92); BARCALDN (-3.91); CLERMSF1 (-3.91); MIDDLSF1 (-3.91); LILYSF1 (-3.89),,K2,Q-X_HATR_TWO,supported,-12.707087500000057,-1.185979533373987,-50.07478500000013,19.927000833333427,0.0802675585284281,95.76764958333337,-106.65512416666661,953.6303208333334,1001.4706533333333,374.0,33.0,0.7994652406417112,QNI
NSW1-QLD1,forward,H18_TRNG/LINE/8868,Halys-Tarong 8868 275kV LINE,275.0,Tarong 275kV,QLD1,,Q-X_HACL_HATR|Q-X_HATR2+HA_275BUS|Q-X_HATR3+HACL|Q-X_HATR_TWO,13,MOUSF1 (-3.92); EMERASF1 (-3.92); BARCALDN (-3.91); MIDDLSF1 (-3.91); CLERMSF1 (-3.91); LILYSF1 (-3.89),,K1xK2,H18_TRNG/LINE/8868 × Q-X_HACL_HATR,supported,-89.92917791666667,-15.932553648798379,-179.06980499999997,-19.57988499999999,0.0,95.13839416666661,-199.63909249999995,566.4632883333334,741.6689575,89.5,5.0,0.9385474860335196,QNI
NSW1-QLD1,reverse,H18_TRNG/LINE/8868,Halys-Tarong 8868 275kV LINE,275.0,Tarong 275kV,QLD1,,Q-X_HACL_HATR|Q-X_HATR2+HA_275BUS|Q-X_HATR3+HACL|Q-X_HATR_TWO,13,MOUSF1 (-3.92); EMERASF1 (-3.92); BARCALDN (-3.91); MIDDLSF1 (-3.91); CLERMSF1 (-3.91); LILYSF1 (-3.89),,K1xK2,H18_TRNG/LINE/8868 × Q-X_HATR_TWO,supported,-16.863161666666656,-1.7724990180842992,-67.14148333333333,30.643118333333177,0.0,224.21987666666672,-288.0242750000002,967.2766016666666,1004.6604716666667,193.5,7.0,0.9741602067183462,QNI
NSW1-QLD1,forward,H18_TRNG/LINE/8869,Halys-Tarong 8869 275kV LINE,275.0,Tarong 275kV,QLD1,,Q-X_HACL_HATR|Q-X_HATR3+HACL|Q-X_HATR_TWO,7,MOUSF1 (-3.92); EMERASF1 (-3.92); CLERMSF1 (-3.91); MIDDLSF1 (-3.91); BARCALDN (-3.91); LILYSF1 (-3.89),,K2,Q-X_HATR_TWO,supported,-68.62656499999997,-11.64525019703058,-144.50973035416672,-14.803649999999948,-0.005016722408026756,-121.17643083333341,-2.1108533333333526,592.1507958333333,638.7672691666667,374.0,33.0,0.7994652406417112,QNI
NSW1-QLD1,reverse,H18_TRNG/LINE/8869,Halys-Tarong 8869 275kV LINE,275.0,Tarong 275kV,QLD1,,Q-X_HACL_HATR|Q-X_HATR3+HACL|Q-X_HATR_TWO,7,MOUSF1 (-3.92); EMERASF1 (-3.92); CLERMSF1 (-3.91); MIDDLSF1 (-3.91); BARCALDN (-3.91); LILYSF1 (-3.89),,K2,Q-X_HATR_TWO,supported,-12.707087500000057,-1.185979533373987,-50.07478500000013,19.927000833333427,0.0802675585284281,95.76764958333337,-106.65512416666661,953.6303208333334,1001.4706533333333,374.0,33.0,0.7994652406417112,QNI
NSW1-QLD1,forward,H2_SPINE/LINE/275KV_807,Woolooga S Pine 807 275kV LINE,275.0,South Pine 275kV,QLD1,north of Brisbane (17 km),Q-X_WIDEBAY|Q-X_WOSP_WOPW_O,5,MOUSF1 (-3.92); EMERASF1 (-3.92); CLERMSF1 (-3.91); BARCALDN (-3.91); MIDDLSF1 (-3.91); LILYSF1 (-3.89),Bunya Biogas Generator (7 km); Dakabin Waste Biogas Generator (11 km); Caboolture Waste Biogas Generator (28 km); Wivenhoe Power Station (34 km); Swanbank E Power Station (40 km); Swanbank Power Plant (40 km); Swanbank BESS (40 km),K2,Q-X_WIDEBAY,indicative,-157.19487500000002,-26.051320077953445,-157.19487500000002,-157.19487500000002,-0.14705882352941177,-746.8055033333333,494.8308533333334,594.1104166666667,679.3952266666666,10.5,4.0,0.8095238095238095,QNI
NSW1-QLD1,reverse,H2_SPINE/LINE/275KV_807,Woolooga S Pine 807 275kV LINE,275.0,South Pine 275kV,QLD1,north of Brisbane (17 km),Q-X_WIDEBAY|Q-X_WOSP_WOPW_O,5,MOUSF1 (-3.92); EMERASF1 (-3.92); CLERMSF1 (-3.91); BARCALDN (-3.91); MIDDLSF1 (-3.91); LILYSF1 (-3.89),Bunya Biogas Generator (7 km); Dakabin Waste Biogas Generator (11 km); Caboolture Waste Biogas Generator (28 km); Wivenhoe Power Station (34 km); Swanbank E Power Station (40 km); Swanbank Power Plant (40 km); Swanbank BESS (40 km),K2,Q-X_WIDEBAY,indicative,-11.240007500000047,-1.1890342238166478,-11.240007500000047,-11.240007500000047,0.5294117647058824,746.8055033333333,-783.0073300000001,570.40334,599.4035083333333,10.5,4.0,0.8095238095238095,QNI
NSW1-QLD1,forward,H38_GDNA/LINE/275KV_8819N,Blackwall-Goodna 8819 275kV LINE,275.0,Goodna (H38),QLD1,south-west of Brisbane (23 km),Q-BKBM,2,GREENB1 (-2.92); SWAN_E (-2.41); SWANBBF1 (-2.38); YARANSF1 (-1.87); WARWSF2 (-1.87); OAKEY1 (-1.87),Swanbank E Power Station (7 km); Swanbank Power Plant (7 km); Swanbank BESS (8 km); Bunya Biogas Generator (28 km); Wivenhoe Power Station (37 km); Dakabin Waste Biogas Generator (45 km),none,,unsupported,,,,,,,,,,,,,QNI
NSW1-QLD1,reverse,H38_GDNA/LINE/275KV_8819N,Blackwall-Goodna 8819 275kV LINE,275.0,Goodna (H38),QLD1,south-west of Brisbane (23 km),Q-BKBM,2,GREENB1 (-2.92); SWAN_E (-2.41); SWANBBF1 (-2.38); YARANSF1 (-1.87); WARWSF2 (-1.87); OAKEY1 (-1.87),Swanbank E Power Station (7 km); Swanbank Power Plant (7 km); Swanbank BESS (8 km); Bunya Biogas Generator (28 km); Wivenhoe Power Station (37 km); Dakabin Waste Biogas Generator (45 km),K2,Q-BKBM,supported,32.81884750000003,3.802230952939093,-7.531765000000064,90.06107499999985,-0.07692307692307693,73.3510204166667,-1.33333334026986e-05,553.0438408333333,411.17266333333333,480.5,14.0,0.9739854318418314,QNI
NSW1-QLD1,forward,H3_BELMT/LINE/275KV_817,Blackwall Belmont 817 275kV LINE,275.0,Belmont 275kV,QLD1,central Brisbane,Q-BKBM,16,GREENB1 (-2.92); SWAN_E (-2.41); SWANBBF1 (-2.38); YARANSF1 (-1.87); WARWSF2 (-1.87); OAKEY1 (-1.87),Bunya Biogas Generator (25 km); Swanbank E Power Station (32 km); Swanbank Power Plant (32 km); Swanbank BESS (33 km); Dakabin Waste Biogas Generator (37 km),K1xK2,H3_BELMT/LINE/275KV_817 × Q-BKBM,supported,11.424142083333404,2.3035159124765676,-18.167726666666567,82.38246304166663,0.0,-111.14889166666666,113.37262249999999,439.58298916666666,213.75222499999998,391.5,13.0,0.9706257982120051,QNI
NSW1-QLD1,reverse,H3_BELMT/LINE/275KV_817,Blackwall Belmont 817 275kV LINE,275.0,Belmont 275kV,QLD1,central Brisbane,Q-BKBM,16,GREENB1 (-2.92); SWAN_E (-2.41); SWANBBF1 (-2.38); YARANSF1 (-1.87); WARWSF2 (-1.87); OAKEY1 (-1.87),Bunya Biogas Generator (25 km); Swanbank E Power Station (32 km); Swanbank Power Plant (32 km); Swanbank BESS (33 km); Dakabin Waste Biogas Generator (37 km),K1xK2,H3_BELMT/LINE/275KV_817 × Q-BKBM,supported,46.17852916666658,5.347791501643378,2.4663216666666585,121.7501933333333,0.0,111.14889166666666,0.00023083333329054767,727.8359683333333,428.57304750000003,391.5,13.0,0.9706257982120051,QNI
NSW1-QLD1,forward,H58_LARC/LINE/275KV_8859,CalliopeRv-LarcomCk 8859 275kV LINE,275.0,Larcom Creek (H58),QLD1,west of Gladstone (19 km),Q-LCCP_8859,15,ALDGASF1 (-8.55); BBATTERY1 (-8.55); DAYDSF1 (-8.29); BARRON-2 (-8.29); MSTUART2 (-8.29); HAYMSF1 (-8.29),Aldoga Solar Farm (2 km); Yarwun Power Station (8 km); Santos GLNG (15 km); Gladstone Power Station (15 km),K1xK2,H58_LARC/LINE/275KV_8859 × Q-LCCP_8859,supported,-88.32182666666665,-17.50456293132178,-948.3964883333333,13.63594999999998,0.0,-49.40232333333347,-122.58035999999998,169.36364333333333,558.94527,65.0,9.0,0.6230769230769231,QNI
NSW1-QLD1,reverse,H58_LARC/LINE/275KV_8859,CalliopeRv-LarcomCk 8859 275kV LINE,275.0,Larcom Creek (H58),QLD1,west of Gladstone (19 km),Q-LCCP_8859,15,ALDGASF1 (-8.55); BBATTERY1 (-8.55); DAYDSF1 (-8.29); BARRON-2 (-8.29); MSTUART2 (-8.29); HAYMSF1 (-8.29),Aldoga Solar Farm (2 km); Yarwun Power Station (8 km); Santos GLNG (15 km); Gladstone Power Station (15 km),K1xK2,H58_LARC/LINE/275KV_8859 × Q-LCCP_8859,supported,12.387878333333333,1.2958241024449044,-108.65957499999999,205.5862733333333,0.0,42.35934833333329,-101.52884666666648,950.3292566666665,858.73962,65.0,9.0,0.6230769230769231,QNI
NSW1-QLD1,forward,H5_WLGA/LINE/275KV_814/2,Woolooga-Gin Gin 814/2 275kV LINE,275.0,Woolooga 275kV,QLD1,north-west of Nambour (79 km),Q-X_WIDEBAY|Q-X_WIDEBAY_TWO,5,MOUSF1 (-3.92); EMERASF1 (-3.92); CLERMSF1 (-3.91); BARCALDN (-3.91); MIDDLSF1 (-3.91); LILYSF1 (-3.89),Woolooga Solar Farm (2 km); Munna Creek Solar Farm (24 km),K1,H5_WLGA/LINE/275KV_814/2,indicative,-67.97444500000006,-11.761955237231998,-753.4699699999999,293.71537333333333,0.0,36.14244666666673,-38.64641000000006,638.6695066666667,627.5519366666666,20.5,3.0,0.8536585365853658,QNI
NSW1-QLD1,reverse,H5_WLGA/LINE/275KV_814/2,Woolooga-Gin Gin 814/2 275kV LINE,275.0,Woolooga 275kV,QLD1,north-west of Nambour (79 km),Q-X_WIDEBAY|Q-X_WIDEBAY_TWO,5,MOUSF1 (-3.92); EMERASF1 (-3.92); CLERMSF1 (-3.91); BARCALDN (-3.91); MIDDLSF1 (-3.91); LILYSF1 (-3.89),Woolooga Solar Farm (2 km); Munna Creek Solar Farm (24 km),K1,H5_WLGA/LINE/275KV_814/2,indicative,-114.82420833333327,-12.14678134609656,-501.66094666666675,-11.240007500000047,0.0,-36.14244666666673,-81.0909499999999,634.5713783333333,848.5077333333334,20.5,3.0,0.8536585365853658,QNI
NSW1-QLD1,forward,H5_WLGA/LINE/275KV_8850,TeebarCk-Woolooga 8850 275kV LINE,275.0,Woolooga 275kV,QLD1,north-west of Nambour (79 km),Q-X_WIDEBAY_TWO,3,MOUSF1 (-3.92); EMERASF1 (-3.92); BARCALDN (-3.91); CLERMSF1 (-3.91); MIDDLSF1 (-3.91); LILYSF1 (-3.89),Woolooga Solar Farm (2 km); Munna Creek Solar Farm (24 km),K2,Q-X_WIDEBAY_TWO,indicative,72.5380875,12.551624925652828,-753.4699699999999,263.66313333333335,0.0,173.03829166666662,-28.586210833333325,658.1130516666667,520.864875,14.0,4.0,0.9285714285714286,QNI
NSW1-QLD1,reverse,H5_WLGA/LINE/275KV_8850,TeebarCk-Woolooga 8850 275kV LINE,275.0,Woolooga 275kV,QLD1,north-west of Nambour (79 km),Q-X_WIDEBAY_TWO,3,MOUSF1 (-3.92); EMERASF1 (-3.92); BARCALDN (-3.91); CLERMSF1 (-3.91); MIDDLSF1 (-3.91); LILYSF1 (-3.89),Woolooga Solar Farm (2 km); Munna Creek Solar Farm (24 km),K2,Q-X_WIDEBAY_TWO,indicative,-242.58963000000006,-25.375894168360404,-501.66094666666675,6.306479999999993,-0.23076923076923078,-198.542635,18.172771666666506,637.7062616666666,1003.5954708333334,14.0,4.0,0.9285714285714286,QNI
NSW1-QLD1,forward,H73_RAGL/LINE/275KV_8875,LarcomCk-Raglan 8875 275kV LINE,275.0,Raglan (H73),QLD1,west of Gladstone (44 km),Q-RGLC_8875,23,BBATTERY1 (-8.55); MEWF1 (-8.29); BARRON-1 (-8.29); BARRON-2 (-8.29); DAYDSF1 (-8.29); HAYMSF1 (-8.29),Aldoga Solar Farm (23 km); Yarwun Power Station (33 km); Santos GLNG (38 km); Gladstone Power Station (40 km); Bouldercombe Battery (43 km),K1xK2,H73_RAGL/LINE/275KV_8875 × Q-RGLC_8875,supported,-12.185478333333338,-2.1588742583859695,-370.7361783333333,38.6891732083334,0.0,65.90206000000012,-146.87300249999998,178.60313166666666,565.0510016666667,96.0,12.0,0.953125,QNI
NSW1-QLD1,reverse,H73_RAGL/LINE/275KV_8875,LarcomCk-Raglan 8875 275kV LINE,275.0,Raglan (H73),QLD1,west of Gladstone (44 km),Q-RGLC_8875,23,BBATTERY1 (-8.55); MEWF1 (-8.29); BARRON-1 (-8.29); BARRON-2 (-8.29); DAYDSF1 (-8.29); HAYMSF1 (-8.29),Aldoga Solar Farm (23 km); Yarwun Power Station (33 km); Santos GLNG (38 km); Gladstone Power Station (40 km); Bouldercombe Battery (43 km),K1xK2,H73_RAGL/LINE/275KV_8875 × Q-RGLC_8875,supported,-147.1746133333333,-14.451870398600192,-226.21194079166668,-27.361760000000004,0.0,-70.82800666666662,-6.08333333786959e-05,688.5831016666667,748.4489116666667,96.0,12.0,0.953125,QNI
NSW1-QLD1,forward,H9_PLMWD/LINE/275KV_810,Woolooga Palmwoods 810 275kV LINE,275.0,Palmwoods 275kV,QLD1,central Nambour,Q-X_WIDEBAY|Q-X_WOSP_WOPW_O,3,MOUSF1 (-3.92); EMERASF1 (-3.92); CLERMSF1 (-3.91); BARCALDN (-3.91); MIDDLSF1 (-3.91); LILYSF1 (-3.89),Sunshine Coast Solar Farm (19 km); Caboolture Waste Biogas Generator (41 km),K2,Q-X_WIDEBAY,indicative,-157.19487500000002,-26.051320077953445,-157.19487500000002,-157.19487500000002,-0.14705882352941177,-746.8055033333333,494.8308533333334,594.1104166666667,679.3952266666666,10.5,4.0,0.8095238095238095,QNI
NSW1-QLD1,reverse,H9_PLMWD/LINE/275KV_810,Woolooga Palmwoods 810 275kV LINE,275.0,Palmwoods 275kV,QLD1,central Nambour,Q-X_WIDEBAY|Q-X_WOSP_WOPW_O,3,MOUSF1 (-3.92); EMERASF1 (-3.92); CLERMSF1 (-3.91); BARCALDN (-3.91); MIDDLSF1 (-3.91); LILYSF1 (-3.89),Sunshine Coast Solar Farm (19 km); Caboolture Waste Biogas Generator (41 km),K2,Q-X_WIDEBAY,indicative,-11.240007500000047,-1.1890342238166478,-11.240007500000047,-11.240007500000047,0.5294117647058824,746.8055033333333,-783.0073300000001,570.40334,599.4035083333333,10.5,4.0,0.8095238095238095,QNI
NSW1-QLD1,forward,INGLBURN/LINE/77,Ingleburn Wllrwng PS 77 330kV LINE,330.0,Ingleburn 330kV,NSW1,south-west of Sydney (37 km),N-X_AVMA_SSWW,1,ER04 (+6.54); TALWA1 (+6.54); TALWB1 (+6.54); ER03 (+6.54); SHGEN2 (+6.20); SHPUMP (-6.20),USCAWRC Solar Farm (19 km); DHL HP8 Solar (20 km); Smithfield Open Cycle Gas Turbine (20 km); Wallgrove Battery (22 km); Jenema Gas Networks - Flemington (27 km); Warragamba Power Station (28 km),K2,N-X_AVMA_SSWW,supported,-112.41499999999996,-19.916317038829845,-381.88917583333335,42.16974666666681,-0.15846994535519127,-76.67604333333333,-0.2699900000000639,371.77398833333336,557.8394183333334,102.5,10.0,0.8926829268292683,QNI
NSW1-QLD1,reverse,INGLBURN/LINE/77,Ingleburn Wllrwng PS 77 330kV LINE,330.0,Ingleburn 330kV,NSW1,south-west of Sydney (37 km),N-X_AVMA_SSWW,1,ER04 (+6.54); TALWA1 (+6.54); TALWB1 (+6.54); ER03 (+6.54); SHGEN2 (+6.20); SHPUMP (-6.20),USCAWRC Solar Farm (19 km); DHL HP8 Solar (20 km); Smithfield Open Cycle Gas Turbine (20 km); Wallgrove Battery (22 km); Jenema Gas Networks - Flemington (27 km); Warragamba Power Station (28 km),K2,N-X_AVMA_SSWW,supported,-46.45105333333345,-4.317368420658852,-121.56971833333364,115.08344499999998,-0.17486338797814205,76.67604333333333,-8.304256666666788,985.94242,976.7052183333334,102.5,10.0,0.8926829268292683,QNI
NSW1-QLD1,forward,KEMPSEY/LINE/9W5,Kempsey-Macksville 9W5 132kV LINE,132.0,Kempsey 132kV Sub,NSW1,,N-CHKS_ONE,4,METZSF1 (+1.44); WRSF1 (+1.31); WRWF1 (+1.31); MOREESF1 (+1.03); SAPHWF1 (+1.00); NEWENSF1 (+0.95),,K2,N-CHKS_ONE,supported,-48.654988333333336,-8.620096723455362,-96.02665329166676,4.4429366666666965,0.0037688442211055275,29.734442500000043,-54.87521333333325,654.0370608333333,672.1943533333333,202.5,10.0,0.9827160493827161,QNI
NSW1-QLD1,reverse,KEMPSEY/LINE/9W5,Kempsey-Macksville 9W5 132kV LINE,132.0,Kempsey 132kV Sub,NSW1,,N-CHKS_ONE,4,METZSF1 (+1.44); WRSF1 (+1.31); WRWF1 (+1.31); MOREESF1 (+1.03); SAPHWF1 (+1.00); NEWENSF1 (+0.95),,K2,N-CHKS_ONE,supported,13.72745249999997,1.3487083393483177,-30.9747280000001,64.92392333333339,0.06281407035175882,-25.439894583333285,27.39150416666655,1055.9110466666666,1062.1712874999998,202.5,10.0,0.9827160493827161,QNI
NSW1-QLD1,forward,KEMPS_CK/LINE/37,Kemps Ck-Macarthur 37 330kV LINE,330.0,Kemps Creek 500kV,NSW1,west of Sydney (39 km),N-X_AVMA_SSWW,4,ER04 (+6.54); TALWA1 (+6.54); TALWB1 (+6.54); ER03 (+6.54); SHGEN2 (+6.20); SHPUMP (-6.20),USCAWRC Solar Farm (4 km); DHL HP8 Solar (5 km); Wallgrove Battery (9 km); Smithfield Open Cycle Gas Turbine (15 km); Warragamba Power Station (18 km); Jenema Gas Networks - Flemington (26 km),K2,N-X_AVMA_SSWW,supported,-112.41499999999996,-19.916317038829845,-381.88917583333335,42.16974666666681,-0.15846994535519127,-76.67604333333333,-0.2699900000000639,371.77398833333336,557.8394183333334,102.5,10.0,0.8926829268292683,QNI
NSW1-QLD1,reverse,KEMPS_CK/LINE/37,Kemps Ck-Macarthur 37 330kV LINE,330.0,Kemps Creek 500kV,NSW1,west of Sydney (39 km),N-X_AVMA_SSWW,4,ER04 (+6.54); TALWA1 (+6.54); TALWB1 (+6.54); ER03 (+6.54); SHGEN2 (+6.20); SHPUMP (-6.20),USCAWRC Solar Farm (4 km); DHL HP8 Solar (5 km); Wallgrove Battery (9 km); Smithfield Open Cycle Gas Turbine (15 km); Warragamba Power Station (18 km); Jenema Gas Networks - Flemington (26 km),K2,N-X_AVMA_SSWW,supported,-46.45105333333345,-4.317368420658852,-121.56971833333364,115.08344499999998,-0.17486338797814205,76.67604333333333,-8.304256666666788,985.94242,976.7052183333334,102.5,10.0,0.8926829268292683,QNI
NSW1-QLD1,forward,KEMPS_CK/TRANS/3L,Kemps Ck 3 525/345/34kV XFMR,,Kemps Creek 500kV,NSW1,west of Sydney (39 km),N-X_AVMA_KCTX|N-X_KCTX_LDTM,2,TALWA1 (+6.49); TALWB1 (+6.49); SHPUMP (-6.27); SHGEN2 (+6.27); SHGEN (+6.27); ER04 (+6.21),USCAWRC Solar Farm (4 km); DHL HP8 Solar (5 km); Wallgrove Battery (9 km); Smithfield Open Cycle Gas Turbine (15 km); Warragamba Power Station (18 km); Jenema Gas Networks - Flemington (26 km),K3,KEMPS_CK,supported,114.07833999999997,20.211007309553214,39.35517166666659,773.67428,0.0,67.30713833333334,114.43961000000002,667.6140866666666,548.3003933333333,73.0,5.0,0.6643835616438356,QNI
NSW1-QLD1,reverse,KEMPS_CK/TRANS/3L,Kemps Ck 3 525/345/34kV XFMR,,Kemps Creek 500kV,NSW1,west of Sydney (39 km),N-X_AVMA_KCTX|N-X_KCTX_LDTM,2,TALWA1 (+6.49); TALWB1 (+6.49); SHPUMP (-6.27); SHGEN2 (+6.27); SHGEN (+6.27); ER04 (+6.21),USCAWRC Solar Farm (4 km); DHL HP8 Solar (5 km); Wallgrove Battery (9 km); Smithfield Open Cycle Gas Turbine (15 km); Warragamba Power Station (18 km); Jenema Gas Networks - Flemington (26 km),K3,KEMPS_CK,supported,-4.843040000000201,-0.450133774275125,-43.64123499999994,171.71339333333333,0.0,-65.0283599999999,4.999999873689376e-06,1037.417135,1034.3307866666667,73.0,5.0,0.6643835616438356,QNI
NSW1-QLD1,forward,LIDDELL/LINE/82,Liddell PS Tomago 82 330kV LINE,330.0,Liddell Ps 330kV,NSW1,,N-LDTM_82|N-X_KCTX_LDTM,15,ER04 (+6.21); ER03 (+6.21); CG1 (-3.51); CG3 (-3.51); WTAHB1 (-3.51); CG4 (-3.51),,K1xK2,LIDDELL/LINE/82 × N-LDTM_82,supported,-11.038925000000006,-1.9052328917801398,-39.58325083333328,24.585527083333236,0.0,-62.62902083333333,59.41086833333338,593.2102158333333,580.8259899999999,1074.5,13.0,0.9362494183341089,QNI
NSW1-QLD1,reverse,LIDDELL/LINE/82,Liddell PS Tomago 82 330kV LINE,330.0,Liddell Ps 330kV,NSW1,,N-LDTM_82|N-X_KCTX_LDTM,15,ER04 (+6.21); ER03 (+6.21); CG1 (-3.51); CG3 (-3.51); WTAHB1 (-3.51); CG4 (-3.51),,K1xK2,LIDDELL/LINE/82 × N-LDTM_82,supported,18.298899166666615,1.814393736846604,1.3700588750000662,34.068835000000036,0.0,63.491389166666664,-3.333333410182604e-06,1086.9206199999999,1055.52053,1074.5,13.0,0.9362494183341089,QNI
NSW1-QLD1,forward,LIDDELL/LINE/84,Tamworth Liddell PS 84 330kV LINE,330.0,Liddell Ps 330kV,NSW1,,N-LDTW_84,5,GNNDHSF1 (+1.03); NESBESS2 (+1.01); NESBESS1 (+1.01); NEWENSF2 (+1.01); MOREESF1 (+1.01); NEWENSF1 (+1.01),,K2,N-LDTW_84,supported,-57.33585166666667,-11.572609980800014,-162.11756904166668,-4.338902312500044,0.04342723004694836,13.885314166666678,-32.32250875,-51.6630675,27.747973333333334,226.5,7.0,0.9403973509933775,QNI
NSW1-QLD1,reverse,LIDDELL/LINE/84,Tamworth Liddell PS 84 330kV LINE,330.0,Liddell Ps 330kV,NSW1,,N-LDTW_84,5,GNNDHSF1 (+1.03); NESBESS2 (+1.01); NESBESS1 (+1.01); NEWENSF2 (+1.01); MOREESF1 (+1.01); NEWENSF1 (+1.01),,K2,N-LDTW_84,supported,-36.601209999999995,-4.3073223965488046,-127.78377833333336,53.37990499999998,0.09037558685446012,-12.563699166666666,-0.003509999999948832,300.3330616666667,292.4834441666667,226.5,7.0,0.9403973509933775,QNI
NSW1-QLD1,forward,LISMORE/SVC/1,Lismore 1 132kV SVC,132.0,Lismore 330kV,NSW1,central Lismore,N-ARDM_8C|N-X_8E+DM+TW+LS_SVC,1,CPP_3 (-1.07); CALLNL2 (-1.07); CALLNL3 (-1.07); CPP_4 (-1.07); TNPS1 (-1.07); MPP_2 (-1.07),,K2,N-ARDM_8C,supported,-446.92650666666674,-85.38438850029107,-495.6668460833333,-384.5129087083332,0.03336653386454183,65.6755458333333,-470.76741749999997,93.94019500000002,563.6756920833334,1640.0,21.0,0.9182926829268293,QNI
NSW1-QLD1,reverse,LISMORE/SVC/1,Lismore 1 132kV SVC,132.0,Lismore 330kV,NSW1,central Lismore,N-ARDM_8C|N-X_8E+DM+TW+LS_SVC,1,CPP_3 (-1.07); CALLNL2 (-1.07); CALLNL3 (-1.07); CPP_4 (-1.07); TNPS1 (-1.07); MPP_2 (-1.07),,K2,N-ARDM_8C,supported,-534.0141550000001,-56.56143861016372,-582.8669662500001,-472.64288,0.5175962815405046,-65.20597666666666,-349.4529141666667,313.63983916666666,942.3614666666667,1640.0,21.0,0.9182926829268293,QNI
NSW1-QLD1,forward,LIVERPL/LINE/12,Liverpool Sydney S 12 330kV LINE,330.0,Liverpool 330kV,NSW1,west of Sydney (33 km),N-MPWW_ONE|N-X_LPSS_MPWW,4,MP1 (+4.27); MP2 (+4.27); CRURWF1 (+2.93); CROOKWF3 (+2.79); CROOKWF2 (+2.79); GULLRWF1 (+2.77),DHL HP8 Solar (11 km); Smithfield Open Cycle Gas Turbine (12 km); USCAWRC Solar Farm (12 km); Wallgrove Battery (14 km); Jenema Gas Networks - Flemington (20 km); Warragamba Power Station (25 km),K4,NSW1:west Sydney,supported,90.13342833333326,15.968740243591286,25.72838818750002,143.8550401666666,0.0,73.87421124999997,42.164992500000096,658.6868208333333,579.629985,606.0,8.0,0.7871287128712872,QNI
NSW1-QLD1,reverse,LIVERPL/LINE/12,Liverpool Sydney S 12 330kV LINE,330.0,Liverpool 330kV,NSW1,west of Sydney (33 km),N-MPWW_ONE|N-X_LPSS_MPWW,4,MP1 (+4.27); MP2 (+4.27); CRURWF1 (+2.93); CROOKWF3 (+2.79); CROOKWF2 (+2.79); GULLRWF1 (+2.77),DHL HP8 Solar (11 km); Smithfield Open Cycle Gas Turbine (12 km); USCAWRC Solar Farm (12 km); Wallgrove Battery (14 km); Jenema Gas Networks - Flemington (20 km); Warragamba Power Station (25 km),K1xK2,LIVERPL/LINE/12 × N-MPWW_ONE,indicative,154.53835000000004,14.36348466164793,0.0,556.7400616666667,0.0,415.4391745833333,0.0026091666667120705,1057.9074883333333,960.520695,533.0,3.0,0.2626641651031895,QNI
NSW1-QLD1,forward,MACARTHR/CB/172A,Macarthur 172A 330kV CB,330.0,Macarthur 330kV,NSW1,north of Wollongong (39 km),N-MA_CB172A,2,TALWB1 (+13.72); TALWA1 (+13.72); SHGEN2 (+12.95); SHGEN (+12.95); SHPUMP (-12.95); WOODLWN1 (+10.62),USCAWRC Solar Farm (26 km); Warragamba Power Station (27 km); DHL HP8 Solar (28 km); Wallgrove Battery (31 km); Smithfield Open Cycle Gas Turbine (31 km); Jenema Gas Networks - Flemington (38 km); Tallawarra Power Station (49 km),none,,unsupported,,,,,,,,,,,,,QNI
NSW1-QLD1,reverse,MACARTHR/CB/172A,Macarthur 172A 330kV CB,330.0,Macarthur 330kV,NSW1,north of Wollongong (39 km),N-MA_CB172A,2,TALWB1 (+13.72); TALWA1 (+13.72); SHGEN2 (+12.95); SHGEN (+12.95); SHPUMP (-12.95); WOODLWN1 (+10.62),USCAWRC Solar Farm (26 km); Warragamba Power Station (27 km); DHL HP8 Solar (28 km); Wallgrove Battery (31 km); Smithfield Open Cycle Gas Turbine (31 km); Jenema Gas Networks - Flemington (38 km); Tallawarra Power Station (49 km),none,,unsupported,,,,,,,,,,,,,QNI
NSW1-QLD1,forward,MT_PIPER/LINE/70,Mt Pipr-Wllrwng 70 330kV LINE,330.0,Mount Piper 500kV,NSW1,east of Orange (86 km),N-MPWW_ONE|N-X_LPSS_MPWW,7,MP1 (+4.27); MP2 (+4.27); CRURWF1 (+2.93); CROOKWF3 (+2.79); CROOKWF2 (+2.79); GULLRWF1 (+2.77),Mount Piper Power Station (1 km); Hampton Wind Park (32 km),K1xK2,MT_PIPER/LINE/70 × N-MPWW_ONE,indicative,339.75380000000007,60.19342966638963,103.31777499999995,606.0843600000001,0.0,-250.3025491666666,496.5973662500001,542.9609108333334,157.51737583333335,410.5,4.0,0.5651644336175395,QNI
NSW1-QLD1,reverse,MT_PIPER/LINE/70,Mt Pipr-Wllrwng 70 330kV LINE,330.0,Mount Piper 500kV,NSW1,east of Orange (86 km),N-MPWW_ONE|N-X_LPSS_MPWW,7,MP1 (+4.27); MP2 (+4.27); CRURWF1 (+2.93); CROOKWF3 (+2.79); CROOKWF2 (+2.79); GULLRWF1 (+2.77),Mount Piper Power Station (1 km); Hampton Wind Park (32 km),K1xK2,MT_PIPER/LINE/70 × N-MPWW_ONE,indicative,149.26823833333327,13.873656938695408,101.04276499999992,416.82275416666664,0.0,252.08846750000004,36.960923333333284,1120.6101466666667,954.1514808333334,410.5,4.0,0.5651644336175395,QNI
NSW1-QLD1,forward,MT_PIPER/LINE/71,Wllrwng PS Mt Pipr 71 330kV LINE,330.0,Mount Piper 500kV,NSW1,east of Orange (86 km),N-MPWW_ONE|N-X_LPSS_MPWW,2,MP1 (+4.27); MP2 (+4.27); CRURWF1 (+2.93); CROOKWF3 (+2.79); CROOKWF2 (+2.79); GULLRWF1 (+2.77),Mount Piper Power Station (1 km); Hampton Wind Park (32 km),none,,unsupported,,,,,,,,,,,,,QNI
NSW1-QLD1,reverse,MT_PIPER/LINE/71,Wllrwng PS Mt Pipr 71 330kV LINE,330.0,Mount Piper 500kV,NSW1,east of Orange (86 km),N-MPWW_ONE|N-X_LPSS_MPWW,2,MP1 (+4.27); MP2 (+4.27); CRURWF1 (+2.93); CROOKWF3 (+2.79); CROOKWF2 (+2.79); GULLRWF1 (+2.77),Mount Piper Power Station (1 km); Hampton Wind Park (32 km),none,,unsupported,,,,,,,,,,,,,QNI
NSW1-QLD1,forward,NAMBUCCA/BUS/41,Nambucca 1 132kV BUS,132.0,Nambucca 132kV,NSW1,,CA_SYDS_59839EB2|N-CHKS_ONE,1,METZSF1 (+1.44); WRSF1 (+1.31); WRWF1 (+1.31); MOREESF1 (+1.03); SAPHWF1 (+1.00); NEWENSF1 (+0.95),,K2,N-CHKS_ONE,supported,-48.654988333333336,-8.620096723455362,-96.02665329166676,4.4429366666666965,0.0037688442211055275,29.734442500000043,-54.87521333333325,654.0370608333333,672.1943533333333,202.5,10.0,0.9827160493827161,QNI
NSW1-QLD1,reverse,NAMBUCCA/BUS/41,Nambucca 1 132kV BUS,132.0,Nambucca 132kV,NSW1,,CA_SYDS_59839EB2|N-CHKS_ONE,1,METZSF1 (+1.44); WRSF1 (+1.31); WRWF1 (+1.31); MOREESF1 (+1.03); SAPHWF1 (+1.00); NEWENSF1 (+0.95),,K2,N-CHKS_ONE,supported,13.72745249999997,1.3487083393483177,-30.9747280000001,64.92392333333339,0.06281407035175882,-25.439894583333285,27.39150416666655,1055.9110466666666,1062.1712874999998,202.5,10.0,0.9827160493827161,QNI
NSW1-QLD1,forward,NAMBUCCA/LINE/9W7,BoambeeS-Nambucca 9W7 132kV LINE,132.0,Nambucca 132kV,NSW1,,CA_SYDS_59839EB2|N-CHKS_ONE,3,METZSF1 (+1.44); WRSF1 (+1.31); WRWF1 (+1.31); MOREESF1 (+1.03); SAPHWF1 (+1.00); NEWENSF1 (+0.95),,K2,N-CHKS_ONE,supported,-48.654988333333336,-8.620096723455362,-96.02665329166676,4.4429366666666965,0.0037688442211055275,29.734442500000043,-54.87521333333325,654.0370608333333,672.1943533333333,202.5,10.0,0.9827160493827161,QNI
NSW1-QLD1,reverse,NAMBUCCA/LINE/9W7,BoambeeS-Nambucca 9W7 132kV LINE,132.0,Nambucca 132kV,NSW1,,CA_SYDS_59839EB2|N-CHKS_ONE,3,METZSF1 (+1.44); WRSF1 (+1.31); WRWF1 (+1.31); MOREESF1 (+1.03); SAPHWF1 (+1.00); NEWENSF1 (+0.95),,K2,N-CHKS_ONE,supported,13.72745249999997,1.3487083393483177,-30.9747280000001,64.92392333333339,0.06281407035175882,-25.439894583333285,27.39150416666655,1055.9110466666666,1062.1712874999998,202.5,10.0,0.9827160493827161,QNI
NSW1-QLD1,forward,R14_TUMM/LINE/330KV_9907,R14_TUMM-Middle Rdg 9907 330kV LINE,330.0,TUMMAVILLE 330KV,QLD1,south-west of Toowoomba (62 km),Q-X_MRGB_MRGB,1,MOUSF1 (-3.92); EMERASF1 (-3.92); BARCALDN (-3.91); CLERMSF1 (-3.91); MIDDLSF1 (-3.91); LILYSF1 (-3.89),Millmerran Power Station (23 km); Yarranlea Solar Farm (28 km); Maryrorough Solar Farm (29 km),none,,unsupported,,,,,,,,,,,,,QNI
NSW1-QLD1,reverse,R14_TUMM/LINE/330KV_9907,R14_TUMM-Middle Rdg 9907 330kV LINE,330.0,TUMMAVILLE 330KV,QLD1,south-west of Toowoomba (62 km),Q-X_MRGB_MRGB,1,MOUSF1 (-3.92); EMERASF1 (-3.92); BARCALDN (-3.91); CLERMSF1 (-3.91); MIDDLSF1 (-3.91); LILYSF1 (-3.89),Millmerran Power Station (23 km); Yarranlea Solar Farm (28 km); Maryrorough Solar Farm (29 km),none,,unsupported,,,,,,,,,,,,,QNI
NSW1-QLD1,forward,R2_BRAE/LINE/275KV_8814,Halys-Braemar 8814 275kV LINE,275.0,Braemar 330kV/275kv,QLD1,south-east of Chinchilla (50 km),Q-BRTX1|Q-X_BRHA_TWO,11,COOPGWF1 (-2.90); COLUMSF1 (-1.75); DULAWF1 (-1.75); BLUEGSF1 (-1.75); CPSA (-1.75); ROMA_7 (-1.75),Braemar 2 Power Station (1 km); Darling Downs Power Station (1 km); Braemar Power Station (1 km); Darling Downs Solar Farm (2 km); Kogan Creek Power Station (26 km); Western Downs Green Power Hub (28 km); Dalby Bio-Refinery (34 km); Everleigh Solar Park Project (36 km); Edenvale Solar Park (37 km),K1xK2,R2_BRAE/LINE/275KV_8814 × Q-X_BRHA_TWO,supported,-16.286204999999967,-3.232250013577828,-100.72949000000006,9.660901666666632,0.0,67.30713833333334,-14.349447499999997,318.7512791666667,567.8190816666666,62.0,10.0,1.0,QNI
NSW1-QLD1,reverse,R2_BRAE/LINE/275KV_8814,Halys-Braemar 8814 275kV LINE,275.0,Braemar 330kV/275kv,QLD1,south-east of Chinchilla (50 km),Q-BRTX1|Q-X_BRHA_TWO,11,COOPGWF1 (-2.90); COLUMSF1 (-1.75); DULAWF1 (-1.75); BLUEGSF1 (-1.75); CPSA (-1.75); ROMA_7 (-1.75),Braemar 2 Power Station (1 km); Darling Downs Power Station (1 km); Braemar Power Station (1 km); Darling Downs Solar Farm (2 km); Kogan Creek Power Station (26 km); Western Downs Green Power Hub (28 km); Dalby Bio-Refinery (34 km); Everleigh Solar Park Project (36 km); Edenvale Solar Park (37 km),K1xK2,R2_BRAE/LINE/275KV_8814 × Q-X_BRHA_TWO,supported,-24.398171666666713,-2.3866092947525397,-97.21971787500006,23.776603166666433,0.0,-80.74045083333334,-8.333333326504544e-06,985.3945941666666,999.5691583333332,62.0,10.0,1.0,QNI
NSW1-QLD1,forward,R2_BRAE/LINE/275KV_8815,Halys-Braemar 8815 275kV LINE,275.0,Braemar 330kV/275kv,QLD1,south-east of Chinchilla (50 km),Q-X_BRHA_TWO,10,COOPGWF1 (-2.90); DULAWF1 (-1.75); COLUMSF1 (-1.75); ROMA_8 (-1.75); ROMA_7 (-1.75); CPSA (-1.75),Braemar 2 Power Station (1 km); Darling Downs Power Station (1 km); Braemar Power Station (1 km); Darling Downs Solar Farm (2 km); Kogan Creek Power Station (26 km); Western Downs Green Power Hub (28 km); Dalby Bio-Refinery (34 km); Everleigh Solar Park Project (36 km); Edenvale Solar Park (37 km),K1xK2,R2_BRAE/LINE/275KV_8815 × Q-X_BRHA_TWO,supported,-16.851878333333275,-3.2922197210373727,-100.72949000000006,9.660901666666632,0.0,67.30713833333334,-5.908053333333328,315.92054833333333,562.6579816666666,62.5,10.0,1.0,QNI
NSW1-QLD1,reverse,R2_BRAE/LINE/275KV_8815,Halys-Braemar 8815 275kV LINE,275.0,Braemar 330kV/275kv,QLD1,south-east of Chinchilla (50 km),Q-X_BRHA_TWO,10,COOPGWF1 (-2.90); DULAWF1 (-1.75); COLUMSF1 (-1.75); ROMA_8 (-1.75); ROMA_7 (-1.75); CPSA (-1.75),Braemar 2 Power Station (1 km); Darling Downs Power Station (1 km); Braemar Power Station (1 km); Darling Downs Solar Farm (2 km); Kogan Creek Power Station (26 km); Western Downs Green Power Hub (28 km); Dalby Bio-Refinery (34 km); Everleigh Solar Park Project (36 km); Edenvale Solar Park (37 km),K1xK2,R2_BRAE/LINE/275KV_8815 × Q-X_BRHA_TWO,supported,-25.45897666666656,-2.4069475580561375,-98.52087983333301,28.073161666666664,0.0,-77.67390999999999,-4.9999999873762135e-06,984.8467683333333,998.0566433333333,62.5,10.0,1.0,QNI
NSW1-QLD1,forward,R2_BRAE/LINE/330KV_9902,Braemar Bulli Ck 9902 330kV LINE,330.0,Braemar 330kV/275kv,QLD1,south-east of Chinchilla (50 km),CA_BRIS_569B1432|Q-BRTX1,4,COOPGWF1 (-3.08); DULAWF1 (-2.15); KPP_1 (-2.15); BLUEGSF1 (-2.15); CPSA (-2.15); WANDB1 (-2.15),Braemar 2 Power Station (1 km); Darling Downs Power Station (1 km); Braemar Power Station (1 km); Darling Downs Solar Farm (2 km); Kogan Creek Power Station (26 km); Western Downs Green Power Hub (28 km); Dalby Bio-Refinery (34 km); Everleigh Solar Park Project (36 km); Edenvale Solar Park (37 km),K3,R2_BRAE,supported,-15.720531666666659,-3.1505704411411686,-49.11998166666672,3.5109833333334564,0.0,88.34780666666671,-136.79759250000018,475.512285,600.83572,85.5,23.0,1.0,QNI
NSW1-QLD1,reverse,R2_BRAE/LINE/330KV_9902,Braemar Bulli Ck 9902 330kV LINE,330.0,Braemar 330kV/275kv,QLD1,south-east of Chinchilla (50 km),CA_BRIS_569B1432|Q-BRTX1,4,COOPGWF1 (-3.08); DULAWF1 (-2.15); KPP_1 (-2.15); BLUEGSF1 (-2.15); CPSA (-2.15); WANDB1 (-2.15),Braemar 2 Power Station (1 km); Darling Downs Power Station (1 km); Braemar Power Station (1 km); Darling Downs Solar Farm (2 km); Kogan Creek Power Station (26 km); Western Downs Green Power Hub (28 km); Dalby Bio-Refinery (34 km); Everleigh Solar Park Project (36 km); Edenvale Solar Park (37 km),K3,R2_BRAE,supported,-30.78484166666658,-2.861280718284008,-121.35817000000003,1.0873105416664497,0.0,-99.81665666666663,0.0,963.8699016666666,969.7417683333333,85.5,23.0,1.0,QNI
NSW1-QLD1,forward,R2_BRAE/TRANS/1_R2,Braemar 1 330/275kV XFMR,,Braemar 330kV/275kv,QLD1,south-east of Chinchilla (50 km),Q-BRTX1,2,COOPGWF1 (-2.90); DULAWF1 (-1.75); COLUMSF1 (-1.75); BLUEGSF1 (-1.75); CPSA (-1.75); ROMA_8 (-1.75),Braemar 2 Power Station (1 km); Darling Downs Power Station (1 km); Braemar Power Station (1 km); Darling Downs Solar Farm (2 km); Kogan Creek Power Station (26 km); Western Downs Green Power Hub (28 km); Dalby Bio-Refinery (34 km); Everleigh Solar Park Project (36 km); Edenvale Solar Park (37 km),K3,R2_BRAE,supported,-15.720531666666659,-3.1505704411411686,-49.11998166666672,3.5109833333334564,0.0,88.34780666666671,-136.79759250000018,475.512285,600.83572,85.5,23.0,1.0,QNI
NSW1-QLD1,reverse,R2_BRAE/TRANS/1_R2,Braemar 1 330/275kV XFMR,,Braemar 330kV/275kv,QLD1,south-east of Chinchilla (50 km),Q-BRTX1,2,COOPGWF1 (-2.90); DULAWF1 (-1.75); COLUMSF1 (-1.75); BLUEGSF1 (-1.75); CPSA (-1.75); ROMA_8 (-1.75),Braemar 2 Power Station (1 km); Darling Downs Power Station (1 km); Braemar Power Station (1 km); Darling Downs Solar Farm (2 km); Kogan Creek Power Station (26 km); Western Downs Green Power Hub (28 km); Dalby Bio-Refinery (34 km); Everleigh Solar Park Project (36 km); Edenvale Solar Park (37 km),K3,R2_BRAE,supported,-30.78484166666658,-2.861280718284008,-121.35817000000003,1.0873105416664497,0.0,-99.81665666666663,0.0,963.8699016666666,969.7417683333333,85.5,23.0,1.0,QNI
NSW1-QLD1,forward,R3_BULLI/LINE/8L,Dumresq330 Bulli Ck 8L 330kV LINE,330.0,Bulli Creek 330kV,QLD1,west of Toowoomba (116 km),I-BCDM_ONE,2,MPP_1 (-1.07); MPP_2 (-1.07); KPP_1 (-1.07); CALLNL2 (-1.07); CPP_3 (-1.07); CALLNL3 (-1.07),Millmerran Power Station (43 km),none,,unsupported,,,,,,,,,,,,,QNI
NSW1-QLD1,reverse,R3_BULLI/LINE/8L,Dumresq330 Bulli Ck 8L 330kV LINE,330.0,Bulli Creek 330kV,QLD1,west of Toowoomba (116 km),I-BCDM_ONE,2,MPP_1 (-1.07); MPP_2 (-1.07); KPP_1 (-1.07); CALLNL2 (-1.07); CPP_3 (-1.07); CALLNL3 (-1.07),Millmerran Power Station (43 km),none,,unsupported,,,,,,,,,,,,,QNI
NSW1-QLD1,forward,S3_GNBNK/CB/CPLR_50142,Greenbank 50142 275kV CB,275.0,Greenbank (S003),QLD1,south of Brisbane (30 km),Q-X_MRGB_MRGB,1,MOUSF1 (-3.92); EMERASF1 (-3.92); BARCALDN (-3.91); CLERMSF1 (-3.91); MIDDLSF1 (-3.91); LILYSF1 (-3.89),Swanbank BESS (16 km); Swanbank E Power Station (16 km); Swanbank Power Plant (16 km); Bunya Biogas Generator (39 km),none,,unsupported,,,,,,,,,,,,,QNI
NSW1-QLD1,reverse,S3_GNBNK/CB/CPLR_50142,Greenbank 50142 275kV CB,275.0,Greenbank (S003),QLD1,south of Brisbane (30 km),Q-X_MRGB_MRGB,1,MOUSF1 (-3.92); EMERASF1 (-3.92); BARCALDN (-3.91); CLERMSF1 (-3.91); MIDDLSF1 (-3.91); LILYSF1 (-3.89),Swanbank BESS (16 km); Swanbank E Power Station (16 km); Swanbank Power Plant (16 km); Bunya Biogas Generator (39 km),none,,unsupported,,,,,,,,,,,,,QNI
NSW1-QLD1,forward,S3_GNBNK/LINE/275KV_8849,Middle Rdg-Greenbank 8849 275kV LINE,275.0,Greenbank (S003),QLD1,south of Brisbane (30 km),Q-X_MRGB_MRGB,1,MOUSF1 (-3.92); EMERASF1 (-3.92); BARCALDN (-3.91); CLERMSF1 (-3.91); MIDDLSF1 (-3.91); LILYSF1 (-3.89),Swanbank BESS (16 km); Swanbank E Power Station (16 km); Swanbank Power Plant (16 km); Bunya Biogas Generator (39 km),none,,unsupported,,,,,,,,,,,,,QNI
NSW1-QLD1,reverse,S3_GNBNK/LINE/275KV_8849,Middle Rdg-Greenbank 8849 275kV LINE,275.0,Greenbank (S003),QLD1,south of Brisbane (30 km),Q-X_MRGB_MRGB,1,MOUSF1 (-3.92); EMERASF1 (-3.92); BARCALDN (-3.91); CLERMSF1 (-3.91); MIDDLSF1 (-3.91); LILYSF1 (-3.89),Swanbank BESS (16 km); Swanbank E Power Station (16 km); Swanbank Power Plant (16 km); Bunya Biogas Generator (39 km),none,,unsupported,,,,,,,,,,,,,QNI
NSW1-QLD1,forward,SYD_NTH/BUS/5A1,Sydney N A1 330kV BUS,330.0,Sydney North 330kV,NSW1,north-west of Sydney (29 km),N-DTSS_11,1,TARALGA1 (+4.07); TALWA1 (+4.06); TALWB1 (+4.06); CROOKWF3 (+4.06); CROOKWF2 (+4.06); SHGEN (+4.05),Jenema Gas Networks - Flemington (23 km); Smithfield Open Cycle Gas Turbine (23 km); Wallgrove Battery (25 km); DHL HP8 Solar (29 km); USCAWRC Solar Farm (33 km); Warragamba Power Station (47 km),K2,N-DTSS_11,supported,14.438940833333334,2.7729886907935093,-39.29105916666663,73.11553179166658,-0.038223140495867766,-291.4912420833334,353.8522983333333,559.767945,518.3756341666667,536.5,9.0,0.902143522833178,QNI
NSW1-QLD1,reverse,SYD_NTH/BUS/5A1,Sydney N A1 330kV BUS,330.0,Sydney North 330kV,NSW1,north-west of Sydney (29 km),N-DTSS_11,1,TARALGA1 (+4.07); TALWA1 (+4.06); TALWB1 (+4.06); CROOKWF3 (+4.06); CROOKWF2 (+4.06); SHGEN (+4.05),Jenema Gas Networks - Flemington (23 km); Smithfield Open Cycle Gas Turbine (23 km); Wallgrove Battery (25 km); DHL HP8 Solar (29 km); USCAWRC Solar Farm (33 km); Warragamba Power Station (47 km),K2,N-DTSS_11,supported,57.919491249999965,6.295351242874785,7.129691666666645,105.56993666666676,0.10175619834710742,297.18638999999996,-156.70126916666663,945.0068508333334,885.2524816666668,536.5,9.0,0.902143522833178,QNI
NSW1-QLD1,forward,SYD_STH/BUS/5A1,Sydney S A1 330kV BUS,330.0,Sydney South 330kV,NSW1,south-west of Sydney (22 km),N-DTSS_11,2,TARALGA1 (+4.07); TALWA1 (+4.06); TALWB1 (+4.06); CROOKWF3 (+4.06); CROOKWF2 (+4.06); SHGEN (+4.05),Jenema Gas Networks - Flemington (14 km); Smithfield Open Cycle Gas Turbine (15 km); DHL HP8 Solar (24 km); Wallgrove Battery (25 km); USCAWRC Solar Farm (26 km); Warragamba Power Station (40 km),K2,N-DTSS_11,supported,14.438940833333334,2.7729886907935093,-39.29105916666663,73.11553179166658,-0.038223140495867766,-291.4912420833334,353.8522983333333,559.767945,518.3756341666667,536.5,9.0,0.902143522833178,QNI
NSW1-QLD1,reverse,SYD_STH/BUS/5A1,Sydney S A1 330kV BUS,330.0,Sydney South 330kV,NSW1,south-west of Sydney (22 km),N-DTSS_11,2,TARALGA1 (+4.07); TALWA1 (+4.06); TALWB1 (+4.06); CROOKWF3 (+4.06); CROOKWF2 (+4.06); SHGEN (+4.05),Jenema Gas Networks - Flemington (14 km); Smithfield Open Cycle Gas Turbine (15 km); DHL HP8 Solar (24 km); Wallgrove Battery (25 km); USCAWRC Solar Farm (26 km); Warragamba Power Station (40 km),K2,N-DTSS_11,supported,57.919491249999965,6.295351242874785,7.129691666666645,105.56993666666676,0.10175619834710742,297.18638999999996,-156.70126916666663,945.0068508333334,885.2524816666668,536.5,9.0,0.902143522833178,QNI
NSW1-QLD1,forward,SYD_STH/LINE/76,Wllrwng PS Sydney S 76 330kV LINE,330.0,Sydney South 330kV,NSW1,south-west of Sydney (22 km),N-X_10+76|N-X_76_8|N-X_AVMA_SSWW,6,TARALGA1 (+6.54); ER04 (+6.54); TALWB1 (+6.54); ER03 (+6.54); TALWA1 (+6.54); SHPUMP (-6.20),Jenema Gas Networks - Flemington (14 km); Smithfield Open Cycle Gas Turbine (15 km); DHL HP8 Solar (24 km); Wallgrove Battery (25 km); USCAWRC Solar Farm (26 km); Warragamba Power Station (40 km),K1,SYD_STH/LINE/76,supported,-171.21786666666668,-28.375298161582485,-397.54905243750005,142.59958666666665,0.0,-90.7383625,-51.74935000000005,371.77398833333336,534.4603541666667,105.5,6.0,0.8767772511848341,QNI
NSW1-QLD1,reverse,SYD_STH/LINE/76,Wllrwng PS Sydney S 76 330kV LINE,330.0,Sydney South 330kV,NSW1,south-west of Sydney (22 km),N-X_10+76|N-X_76_8|N-X_AVMA_SSWW,6,TARALGA1 (+6.54); ER04 (+6.54); TALWB1 (+6.54); ER03 (+6.54); TALWA1 (+6.54); SHPUMP (-6.20),Jenema Gas Networks - Flemington (14 km); Smithfield Open Cycle Gas Turbine (15 km); DHL HP8 Solar (24 km); Wallgrove Battery (25 km); USCAWRC Solar Farm (26 km); Warragamba Power Station (40 km),K2,N-X_AVMA_SSWW,supported,-46.45105333333345,-4.317368420658852,-121.56971833333364,115.08344499999998,-0.17486338797814205,76.67604333333333,-8.304256666666788,985.94242,976.7052183333334,102.5,10.0,0.8926829268292683,QNI
NSW1-QLD1,forward,TAMWORTH/BUS/512,Tamworth 1 330kV BUS,330.0,Tamworth 330kV,NSW1,central Tamworth,N-ARTW_86|N-LDTW_84,3,GNNDHSF1 (+1.03); NESBESS2 (+1.01); NESBESS1 (+1.01); NEWENSF1 (+1.01); MOREESF1 (+1.01); NEWENSF2 (+1.01),Keepit Power Station (50 km),K2,N-ARTW_86,supported,-62.61887333333334,-12.51430921597611,-122.496805,-14.669160250000031,0.022253129346314328,22.730744999999985,-36.529613333333316,-43.54779333333334,47.416666666666664,384.0,12.0,0.9361979166666666,QNI
NSW1-QLD1,reverse,TAMWORTH/BUS/512,Tamworth 1 330kV BUS,330.0,Tamworth 330kV,NSW1,central Tamworth,N-ARTW_86|N-LDTW_84,3,GNNDHSF1 (+1.03); NESBESS2 (+1.01); NESBESS1 (+1.01); NEWENSF1 (+1.01); MOREESF1 (+1.01); NEWENSF2 (+1.01),Keepit Power Station (50 km),K2,N-ARTW_86,supported,-58.78555666666665,-6.7920704761801325,-111.99789166666662,-17.49078483333332,0.16342141863699589,-23.828595000000007,-0.0030749999999670763,232.46330166666667,306.68498833333337,384.0,12.0,0.9361979166666666,QNI
NSW1-QLD1,forward,TAMWORTH/BUS/523,Tamworth 3 330kV BUS,330.0,Tamworth 330kV,NSW1,central Tamworth,N-TWUL_85,3,WRSF1 (+1.00); NEWENSF2 (+1.00); WRWF1 (+1.00); NESBESS1 (+1.00); NESBESS2 (+1.00); NEWENSF1 (+1.00),Keepit Power Station (50 km),K2,N-TWUL_85,supported,-570.1900625000001,-114.54856804254663,-651.089745,-471.6599655,0.021043771043771045,-72.17818583333334,-498.89849166666664,-6.794340000000002,528.321005,343.0,5.0,0.8658892128279884,QNI
NSW1-QLD1,reverse,TAMWORTH/BUS/523,Tamworth 3 330kV BUS,330.0,Tamworth 330kV,NSW1,central Tamworth,N-TWUL_85,3,WRSF1 (+1.00); NEWENSF2 (+1.00); WRWF1 (+1.00); NESBESS1 (+1.00); NESBESS2 (+1.00); NEWENSF1 (+1.00),Keepit Power Station (50 km),K2,N-TWUL_85,supported,-619.643605,-71.64283668172071,-700.8528441666667,-507.47279562500006,0.2592592592592593,69.00081916666667,-502.06955000000005,284.17551583333335,931.7229600000001,343.0,5.0,0.8658892128279884,QNI
NSW1-QLD1,forward,TAMWORTH/LINE/85,Tamworth-URALLA 85 330kV LINE,330.0,Tamworth 330kV,NSW1,central Tamworth,N-TWUL_85,2,WRSF1 (+1.00); NEWENSF2 (+1.00); WRWF1 (+1.00); NESBESS1 (+1.00); NESBESS2 (+1.00); NEWENSF1 (+1.00),Keepit Power Station (50 km),K2,N-TWUL_85,supported,-570.1900625000001,-114.54856804254663,-651.089745,-471.6599655,0.021043771043771045,-72.17818583333334,-498.89849166666664,-6.794340000000002,528.321005,343.0,5.0,0.8658892128279884,QNI
NSW1-QLD1,reverse,TAMWORTH/LINE/85,Tamworth-URALLA 85 330kV LINE,330.0,Tamworth 330kV,NSW1,central Tamworth,N-TWUL_85,2,WRSF1 (+1.00); NEWENSF2 (+1.00); WRWF1 (+1.00); NESBESS1 (+1.00); NESBESS2 (+1.00); NEWENSF1 (+1.00),Keepit Power Station (50 km),K2,N-TWUL_85,supported,-619.643605,-71.64283668172071,-700.8528441666667,-507.47279562500006,0.2592592592592593,69.00081916666667,-502.06955000000005,284.17551583333335,931.7229600000001,343.0,5.0,0.8658892128279884,QNI
T-V-MNSP1,forward,275KV_8996/LINE/275KV_8996,Halys Diamondy 8996 275 kV LINE,275.0,,,,Q-X_BRHA_TWO,1,BRAEMAR1 (-1.00); BRAEMAR2 (-1.00); BRAEMAR3 (-1.00); BRAEMAR5 (-1.00); BRAEMAR6 (-1.00); BRAEMAR7 (-1.00),,K2,Q-X_BRHA_TWO,supported,20.15106416666667,6.49442011522757,0.0,72.00673549999995,0.08450704225352113,29.487682499999977,-5.185750833333302,104.16666666666667,-101.08520250000001,72.0,20.0,0.9861111111111112,Basslink
T-V-MNSP1,reverse,275KV_8996/LINE/275KV_8996,Halys Diamondy 8996 275 kV LINE,275.0,,,,Q-X_BRHA_TWO,1,BRAEMAR1 (-1.00); BRAEMAR2 (-1.00); BRAEMAR3 (-1.00); BRAEMAR5 (-1.00); BRAEMAR6 (-1.00); BRAEMAR7 (-1.00),,K2,Q-X_BRHA_TWO,supported,-28.073334166666655,-7.511020328426083,-106.40182341666669,-3.9669183333332967,-0.08098591549295775,-29.487682499999977,0.0,125.0,296.2248225,72.0,20.0,0.9861111111111112,Basslink
T-V-MNSP1,forward,APD/LINE/APD_HYTS2_500,Alc/prtlnd Heywood 2 500kV LINE,500.0,Alcoa/portland 500kV,VIC1,,V-HYMO,4,DARTM1 (-2.97); MCKAY1 (-2.97); WKIEWA1 (-2.97); MURRAY (-2.39); WUNUSF1 (-1.12); YATSF1 (-1.12),,K2,V-HYMO,supported,1.5,0.4764650435835546,-29.805586666666656,99.68385333333339,-0.007407407407407408,-3.3565766666666264,7.883835833333279,100.35470333333332,1.6666666666666665e-06,67.5,7.0,1.0,Basslink
T-V-MNSP1,reverse,APD/LINE/APD_HYTS2_500,Alc/prtlnd Heywood 2 500kV LINE,500.0,Alcoa/portland 500kV,VIC1,,V-HYMO,4,DARTM1 (-2.97); MCKAY1 (-2.97); WKIEWA1 (-2.97); MURRAY (-2.39); WUNUSF1 (-1.12); YATSF1 (-1.12),,K2,V-HYMO,supported,9.771526666666688,2.6143718803531653,-43.78039833333332,61.07556499999998,0.00740740740740739,4.04650833333333,9.610023333333345,145.93333333333334,75.538665,67.5,7.0,1.0,Basslink
T-V-MNSP1,forward,DDTS/LINE/DDTS_MSS1_330,Dederang Murray 1 330kV LINE,330.0,Dederang 330kV,VIC1,south of Wodonga (38 km),V-DDMS,8,,West Kiewa Power Station (38 km); Hume Power Station (39 km); Clover Flat Power Station Substation (42 km); Banimboola Power Station (43 km); Bogong Power Station (44 km); Dartmouth Power Station (49 km); McKay Creek Power Station (50 km),K1xK2,DDTS/LINE/DDTS_MSS1_330 × V-DDMS,supported,14.338668333333354,6.100325464167966,-20.83333333333333,81.05945166666669,0.0,32.269313333333315,-15.543250833333332,83.33333333333333,14.641325,140.0,5.0,1.0,Basslink
T-V-MNSP1,reverse,DDTS/LINE/DDTS_MSS1_330,Dederang Murray 1 330kV LINE,330.0,Dederang 330kV,VIC1,south of Wodonga (38 km),V-DDMS,8,,West Kiewa Power Station (38 km); Hume Power Station (39 km); Clover Flat Power Station Substation (42 km); Banimboola Power Station (43 km); Bogong Power Station (44 km); Dartmouth Power Station (49 km); McKay Creek Power Station (50 km),K1xK2,DDTS/LINE/DDTS_MSS1_330 × V-DDMS,supported,-51.71321916666665,-14.126927555549937,-113.57310000000001,0.0,0.0,-32.269313333333315,0.0008699999999066677,129.54570999999999,158.37548166666667,140.0,5.0,1.0,Basslink
T-V-MNSP1,forward,DDTS/LINE/DDTS_MSS2_330,Dederang Murray 2 330kV LINE,330.0,Dederang 330kV,VIC1,south of Wodonga (38 km),V-DDMS,5,,West Kiewa Power Station (38 km); Hume Power Station (39 km); Clover Flat Power Station Substation (42 km); Banimboola Power Station (43 km); Bogong Power Station (44 km); Dartmouth Power Station (49 km); McKay Creek Power Station (50 km),K2,V-DDMS,supported,3.9666766666666717,1.3531406044713319,-15.48647833333331,52.27686695833336,0.08082191780821918,16.166666666666668,-7.4058783333332485,-104.2074,-97.31620500000001,199.0,9.0,0.9170854271356784,Basslink
T-V-MNSP1,reverse,DDTS/LINE/DDTS_MSS2_330,Dederang Murray 2 330kV LINE,330.0,Dederang 330kV,VIC1,south of Wodonga (38 km),V-DDMS,5,,West Kiewa Power Station (38 km); Hume Power Station (39 km); Clover Flat Power Station Substation (42 km); Banimboola Power Station (43 km); Bogong Power Station (44 km); Dartmouth Power Station (49 km); McKay Creek Power Station (50 km),K2,V-DDMS,supported,-30.045686666666654,-8.557343895717553,-87.00411833333334,2.763075000000015,-0.0465753424657534,-16.166666666666668,0.0004900000000134241,274.2073716666667,259.3662116666667,199.0,9.0,0.9170854271356784,Basslink
T-V-MNSP1,forward,EL20856,Halys 88852 275kV CB,275.0,Halys (S2),QLD1,north of Toowoomba (91 km),Q-X_BRHA_TWO,2,BRAEMAR1 (-1.00); BRAEMAR2 (-1.00); BRAEMAR3 (-1.00); BRAEMAR5 (-1.00); BRAEMAR6 (-1.00); BRAEMAR7 (-1.00),Tarong BESS (20 km); Tarong North Power Station (20 km); Tarong Power Station (20 km); Coopers Gap Wind Farm (31 km); Kingaroy Solar Farm (31 km),K2,Q-X_BRHA_TWO,supported,20.15106416666667,6.49442011522757,0.0,72.00673549999995,0.08450704225352113,29.487682499999977,-5.185750833333302,104.16666666666667,-101.08520250000001,72.0,20.0,0.9861111111111112,Basslink
T-V-MNSP1,reverse,EL20856,Halys 88852 275kV CB,275.0,Halys (S2),QLD1,north of Toowoomba (91 km),Q-X_BRHA_TWO,2,BRAEMAR1 (-1.00); BRAEMAR2 (-1.00); BRAEMAR3 (-1.00); BRAEMAR5 (-1.00); BRAEMAR6 (-1.00); BRAEMAR7 (-1.00),Tarong BESS (20 km); Tarong North Power Station (20 km); Tarong Power Station (20 km); Coopers Gap Wind Farm (31 km); Kingaroy Solar Farm (31 km),K2,Q-X_BRHA_TWO,supported,-28.073334166666655,-7.511020328426083,-106.40182341666669,-3.9669183333332967,-0.08098591549295775,-29.487682499999977,0.0,125.0,296.2248225,72.0,20.0,0.9861111111111112,Basslink
T-V-MNSP1,forward,EL32526,Kiamal SF-Red Cliffs 220kV LINE,220.0,Kiamal SF,VIC1,,V-RCTS_BUS2,8,DARTM1 (-2.97); WKIEWA1 (-2.97); WKIEWA2 (-2.97); MCKAY1 (-2.97); MURRAY (-2.39); NUMURSF1 (-1.12),,K1xK2,EL32526 × V-RCTS_BUS2,indicative,14.396698333333333,4.836575074521614,-0.21464499999996178,38.64977833333333,0.0,-3.6321333333333428,23.232618333333278,-112.71719666666667,-129.07888333333332,43.5,4.0,1.0,Basslink
T-V-MNSP1,reverse,EL32526,Kiamal SF-Red Cliffs 220kV LINE,220.0,Kiamal SF,VIC1,,V-RCTS_BUS2,8,DARTM1 (-2.97); WKIEWA1 (-2.97); WKIEWA2 (-2.97); MCKAY1 (-2.97); MURRAY (-2.39); NUMURSF1 (-1.12),,K1xK2,EL32526 × V-RCTS_BUS2,indicative,-12.386861666666675,-3.7537118427302363,-53.572550000000035,7.338219999999978,0.0,7.342164999999966,-0.0008166666666511446,297.65162833333335,301.1465616666667,43.5,4.0,1.0,Basslink
T-V-MNSP1,forward,GORDON/BUS/7MNA,Gordon A 220kV BUS,220.0,Gordon,TAS1,south-east of Queenstown (81 km),F-T-GO_CB_A752,1,GORDON (+1.00),Gordon Power Station Control Building (0 km),K2,F-T-GO_CB_A752,indicative,23.904020000000003,19.123216000000003,14.484374937500009,38.251210999999955,0.005511811023622047,28.995747083333356,-9.840073333333322,-202.2168258333333,-242.150005,876.0,4.0,0.7248858447488584,Basslink
T-V-MNSP1,reverse,GORDON/BUS/7MNA,Gordon A 220kV BUS,220.0,Gordon,TAS1,south-east of Queenstown (81 km),F-T-GO_CB_A752,1,GORDON (+1.00),Gordon Power Station Control Building (0 km),K2,F-T-GO_CB_A752,indicative,-27.258933749999983,-7.226129484218804,-42.41048250000006,-15.296673250000017,-0.14685039370078734,-28.995747083333356,0.000674999999944248,403.04723083333334,452.0060433333333,876.0,4.0,0.7248858447488584,Basslink
T-V-MNSP1,forward,GORDON/CB/A752,Gordon A752 220kV CB,220.0,Gordon,TAS1,south-east of Queenstown (81 km),F-T-GO_CB_A752,2,GORDON (+1.00),Gordon Power Station Control Building (0 km),K2,F-T-GO_CB_A752,indicative,23.904020000000003,19.123216000000003,14.484374937500009,38.251210999999955,0.005511811023622047,28.995747083333356,-9.840073333333322,-202.2168258333333,-242.150005,876.0,4.0,0.7248858447488584,Basslink
T-V-MNSP1,reverse,GORDON/CB/A752,Gordon A752 220kV CB,220.0,Gordon,TAS1,south-east of Queenstown (81 km),F-T-GO_CB_A752,2,GORDON (+1.00),Gordon Power Station Control Building (0 km),K2,F-T-GO_CB_A752,indicative,-27.258933749999983,-7.226129484218804,-42.41048250000006,-15.296673250000017,-0.14685039370078734,-28.995747083333356,0.000674999999944248,403.04723083333334,452.0060433333333,876.0,4.0,0.7248858447488584,Basslink
T-V-MNSP1,forward,GORDON/LINE/GO_CS1,Gordon ChapelSt 1 220kV LINE,220.0,Gordon,TAS1,south-east of Queenstown (81 km),F-T-GO_CB_A752,2,GORDON (+1.00),Gordon Power Station Control Building (0 km),K2,F-T-GO_CB_A752,indicative,23.904020000000003,19.123216000000003,14.484374937500009,38.251210999999955,0.005511811023622047,28.995747083333356,-9.840073333333322,-202.2168258333333,-242.150005,876.0,4.0,0.7248858447488584,Basslink
T-V-MNSP1,reverse,GORDON/LINE/GO_CS1,Gordon ChapelSt 1 220kV LINE,220.0,Gordon,TAS1,south-east of Queenstown (81 km),F-T-GO_CB_A752,2,GORDON (+1.00),Gordon Power Station Control Building (0 km),K2,F-T-GO_CB_A752,indicative,-27.258933749999983,-7.226129484218804,-42.41048250000006,-15.296673250000017,-0.14685039370078734,-28.995747083333356,0.000674999999944248,403.04723083333334,452.0060433333333,876.0,4.0,0.7248858447488584,Basslink
T-V-MNSP1,forward,GORDON/TRANS/GTR3 ,Gordon 6 220/22kV XFMR,,Gordon,TAS1,south-east of Queenstown (81 km),F-T-GO_CB_A752,1,GORDON (+1.00),Gordon Power Station Control Building (0 km),K2,F-T-GO_CB_A752,indicative,23.904020000000003,19.123216000000003,14.484374937500009,38.251210999999955,0.005511811023622047,28.995747083333356,-9.840073333333322,-202.2168258333333,-242.150005,876.0,4.0,0.7248858447488584,Basslink
T-V-MNSP1,reverse,GORDON/TRANS/GTR3 ,Gordon 6 220/22kV XFMR,,Gordon,TAS1,south-east of Queenstown (81 km),F-T-GO_CB_A752,1,GORDON (+1.00),Gordon Power Station Control Building (0 km),K2,F-T-GO_CB_A752,indicative,-27.258933749999983,-7.226129484218804,-42.41048250000006,-15.296673250000017,-0.14685039370078734,-28.995747083333356,0.000674999999944248,403.04723083333334,452.0060433333333,876.0,4.0,0.7248858447488584,Basslink
T-V-MNSP1,forward,H148_DMN/LINE/275KV_8785,H148_DMN-H98_WBWF 8785 275kV LINE,275.0,H148 DIAMONDY,QLD1,,Q-X_BRHA_TWO,2,BRAEMAR1 (-1.00); BRAEMAR2 (-1.00); BRAEMAR3 (-1.00); BRAEMAR5 (-1.00); BRAEMAR6 (-1.00); BRAEMAR7 (-1.00),,K2,Q-X_BRHA_TWO,supported,20.15106416666667,6.49442011522757,0.0,72.00673549999995,0.08450704225352113,29.487682499999977,-5.185750833333302,104.16666666666667,-101.08520250000001,72.0,20.0,0.9861111111111112,Basslink
T-V-MNSP1,reverse,H148_DMN/LINE/275KV_8785,H148_DMN-H98_WBWF 8785 275kV LINE,275.0,H148 DIAMONDY,QLD1,,Q-X_BRHA_TWO,2,BRAEMAR1 (-1.00); BRAEMAR2 (-1.00); BRAEMAR3 (-1.00); BRAEMAR5 (-1.00); BRAEMAR6 (-1.00); BRAEMAR7 (-1.00),,K2,Q-X_BRHA_TWO,supported,-28.073334166666655,-7.511020328426083,-106.40182341666669,-3.9669183333332967,-0.08098591549295775,-29.487682499999977,0.0,125.0,296.2248225,72.0,20.0,0.9861111111111112,Basslink
T-V-MNSP1,forward,HGTS/LINE/HGTS_MOPS1_500,HGTS-MortlakePS 500kV LINE,500.0,Haunted Gully TS 500kV,VIC1,south-west of Ballarat (68 km),V-HGMO,1,DARTM1 (-2.80); MCKAY1 (-2.80); WKIEWA1 (-2.80); MURRAY (-2.10); MACARTH1 (-1.00); HD1WF1 (-1.00),Berrybank Stage 2 Wind Farm (18 km); Berrybank Stage 1 Wind Farm (19 km); Dundonnell Wind Farm (33 km); Mortlake South Wind Farm (44 km); Salt Creek Wind Farm (48 km); Mount Gellibrand Wind Farm (48 km); Chepstowe Wind Farm (48 km),none,,unsupported,,,,,,,,,,,,,Basslink
T-V-MNSP1,reverse,HGTS/LINE/HGTS_MOPS1_500,HGTS-MortlakePS 500kV LINE,500.0,Haunted Gully TS 500kV,VIC1,south-west of Ballarat (68 km),V-HGMO,1,DARTM1 (-2.80); MCKAY1 (-2.80); WKIEWA1 (-2.80); MURRAY (-2.10); MACARTH1 (-1.00); HD1WF1 (-1.00),Berrybank Stage 2 Wind Farm (18 km); Berrybank Stage 1 Wind Farm (19 km); Dundonnell Wind Farm (33 km); Mortlake South Wind Farm (44 km); Salt Creek Wind Farm (48 km); Mount Gellibrand Wind Farm (48 km); Chepstowe Wind Farm (48 km),none,,unsupported,,,,,,,,,,,,,Basslink
T-V-MNSP1,forward,HYTS/LINE/APD_HYTS1_500,Alc/prtlnd Heywood 1 500kV LINE,500.0,Heywood 500kV,VIC1,north of Portland (18 km),V-HYTR,3,DARTM1 (-2.97); MCKAY1 (-2.97); WKIEWA1 (-2.97); MURRAY (-2.39); KERNGSP1 (-1.12); MOORAWF1 (-1.12),Cape Nelson North Wind Farm (22 km); Cape Sir William Grant Wind Farm (24 km); Cape Nelson South Wind Farm (26 km); Cape Bridgewater Wind Farm (30 km); Codrington Wind Farm (30 km); Yambuk Wind Farm (35 km),K2,V-HYTR,indicative,130.36621166666666,104.29296933333332,86.19987,185.00295833333334,0.0,56.3136775,65.9423375,166.61653666666666,125.0,18.0,3.0,1.0,Basslink
T-V-MNSP1,reverse,HYTS/LINE/APD_HYTS1_500,Alc/prtlnd Heywood 1 500kV LINE,500.0,Heywood 500kV,VIC1,north of Portland (18 km),V-HYTR,3,DARTM1 (-2.97); MCKAY1 (-2.97); WKIEWA1 (-2.97); MURRAY (-2.39); KERNGSP1 (-1.12); MOORAWF1 (-1.12),Cape Nelson North Wind Farm (22 km); Cape Sir William Grant Wind Farm (24 km); Cape Nelson South Wind Farm (26 km); Cape Bridgewater Wind Farm (30 km); Codrington Wind Farm (30 km); Yambuk Wind Farm (35 km),K2,V-HYTR,indicative,-47.10788000000001,-12.238130641612937,-122.23868833333333,44.166668333333334,-0.25,-56.3136775,-28.272849166666674,80.90880333333334,125.0,18.0,3.0,1.0,Basslink
T-V-MNSP1,forward,HYTS/LINE/HYTS_SESS1_275,South_East Heywood. 1 275kV LINE,275.0,Heywood 500kV,VIC1,north of Portland (18 km),S-TBSE,1,DARTM1 (-2.97); WKIEWA1 (-2.97); MCKAY1 (-2.97); MURRAY (-2.39); GLENSF1 (-1.12); BULGANA1 (-1.12),Cape Nelson North Wind Farm (22 km); Cape Sir William Grant Wind Farm (24 km); Cape Nelson South Wind Farm (26 km); Cape Bridgewater Wind Farm (30 km); Codrington Wind Farm (30 km); Yambuk Wind Farm (35 km),K2,S-TBSE,supported,0.0,0.0,-3.0,0.0,0.02130822596630327,6.814011666666712,-6.704738333333367,125.0,125.0,1023.0,48.0,0.9863147605083089,Basslink
T-V-MNSP1,reverse,HYTS/LINE/HYTS_SESS1_275,South_East Heywood. 1 275kV LINE,275.0,Heywood 500kV,VIC1,north of Portland (18 km),S-TBSE,1,DARTM1 (-2.97); WKIEWA1 (-2.97); MCKAY1 (-2.97); MURRAY (-2.39); GLENSF1 (-1.12); BULGANA1 (-1.12),Cape Nelson North Wind Farm (22 km); Cape Sir William Grant Wind Farm (24 km); Cape Nelson South Wind Farm (26 km); Cape Bridgewater Wind Farm (30 km); Codrington Wind Farm (30 km); Yambuk Wind Farm (35 km),K2,S-TBSE,supported,-12.115159999999998,-3.2414109596636944,-31.65006500000004,0.0,0.03790882061446976,-7.149301666666673,0.0,74.28568416666667,125.0,1023.0,48.0,0.9863147605083089,Basslink
T-V-MNSP1,forward,JINDERA/LINE/62,Wagga Jinderra 62 330kV LINE,330.0,Jinderra 330kV,NSW1,,N-JNWG_RADIAL,2,DARTM1 (-2.97); MCKAY1 (-2.97); WKIEWA1 (-2.97); MURRAY (-2.39); WKIEWA2 (-1.69); SALTCRK1 (-1.12),,K2,N-JNWG_RADIAL,indicative,-9.61079916666666,-3.2287508301891714,-36.744033333333334,7.548158333333333,-0.10621761658031088,-33.36111833333334,18.88747583333334,307.1430908333333,225.063965,206.5,3.0,0.9346246973365617,Basslink
T-V-MNSP1,reverse,JINDERA/LINE/62,Wagga Jinderra 62 330kV LINE,330.0,Jinderra 330kV,NSW1,,N-JNWG_RADIAL,2,DARTM1 (-2.97); MCKAY1 (-2.97); WKIEWA1 (-2.97); MURRAY (-2.39); WKIEWA2 (-1.69); SALTCRK1 (-1.12),,K2,N-JNWG_RADIAL,indicative,-0.695062500000013,-0.21063158755609457,-21.95573333333334,24.905582458333246,-0.05051813471502592,9.646591666666659,-0.07611749999999518,-108.10555583333334,19.309317083333333,206.5,3.0,0.9346246973365617,Basslink
T-V-MNSP1,forward,LIDDELL/LINE/84,Tamworth Liddell PS 84 330kV LINE,330.0,Liddell Ps 330kV,NSW1,,N-LDTW_84,5,SAPHWF1 (-1.00); NESBESS1 (-1.00); NESBESS2 (-1.00); NEWENSF1 (-1.00); NEWENSF2 (-1.00),,K2,N-LDTW_84,supported,-11.322283333333289,-4.221029303779737,-32.74307779166669,4.370827291666663,0.01970443349753695,-28.964167499999974,10.522242083333353,-141.85337583333336,-111.67486666666667,226.5,7.0,0.8962472406181016,Basslink
T-V-MNSP1,reverse,LIDDELL/LINE/84,Tamworth Liddell PS 84 330kV LINE,330.0,Liddell Ps 330kV,NSW1,,N-LDTW_84,5,SAPHWF1 (-1.00); NESBESS1 (-1.00); NESBESS2 (-1.00); NEWENSF1 (-1.00); NEWENSF2 (-1.00),,K2,N-LDTW_84,supported,22.561411666666665,6.683561176528217,0.9325143749999973,41.229485833333285,0.03448275862068961,28.49842666666669,0.0,335.7505566666667,291.776,226.5,7.0,0.8962472406181016,Basslink
T-V-MNSP1,forward,MLTS/LINE/CRTS_MLTS1_500,Moorabool-Cressy No.1 500kV LINE,500.0,Moorabool 500kV,VIC1,central Geelong,V-CRML|V-MLSY_NOEMTT_R,9,VBB1 (+5.00); LNGS1 (+4.98); LNGS2 (+4.98); MTGELWF1 (+4.95); GPWFWST1 (+4.92); GPWFEST2 (+4.92),Victoria Big Battery (1 km); Deakin University Solar Farm (18 km); Black Rock Solar Farm (29 km); Yaloak South Wind Farm (35 km); Moorabool Wind Farm (39 km); Lal Lal (Elaine) Wind Farm (41 km); Mount Mercer Wind Farm (43 km); Laverton North Power Station (48 km); Mount Gellibrand Wind Farm (50 km),K1xK2,MLTS/LINE/CRTS_MLTS1_500 × V-CRML,supported,0.0,0.0,-39.34621249999998,37.18412333333333,0.0,0.0,-21.141439166666686,110.57080500000001,44.48861083333333,48.0,7.0,0.9166666666666666,Basslink
T-V-MNSP1,reverse,MLTS/LINE/CRTS_MLTS1_500,Moorabool-Cressy No.1 500kV LINE,500.0,Moorabool 500kV,VIC1,central Geelong,V-CRML|V-MLSY_NOEMTT_R,9,VBB1 (+5.00); LNGS1 (+4.98); LNGS2 (+4.98); MTGELWF1 (+4.95); GPWFWST1 (+4.92); GPWFEST2 (+4.92),Victoria Big Battery (1 km); Deakin University Solar Farm (18 km); Black Rock Solar Farm (29 km); Yaloak South Wind Farm (35 km); Moorabool Wind Farm (39 km); Lal Lal (Elaine) Wind Farm (41 km); Mount Mercer Wind Farm (43 km); Laverton North Power Station (48 km); Mount Gellibrand Wind Farm (50 km),K1xK2,MLTS/LINE/CRTS_MLTS1_500 × V-CRML,supported,-37.777972500000004,-10.107496235738832,-67.3594583333333,35.929881666666645,0.0,0.0,-0.7354766666666777,125.1,169.36898833333333,48.0,7.0,0.9166666666666666,Basslink
T-V-MNSP1,forward,MLTS/LINE/CRTS_MLTS_500,Moorabool-Cressy No.2 500kV LINE,500.0,Moorabool 500kV,VIC1,central Geelong,V-CRML,5,MCKAY1 (-2.97); WKIEWA1 (-2.97); DARTM1 (-2.97); MURRAY (-2.39); MACARTH1 (-1.12); RYANCWF1 (-1.12),Victoria Big Battery (1 km); Deakin University Solar Farm (18 km); Black Rock Solar Farm (29 km); Yaloak South Wind Farm (35 km); Moorabool Wind Farm (39 km); Lal Lal (Elaine) Wind Farm (41 km); Mount Mercer Wind Farm (43 km); Laverton North Power Station (48 km); Mount Gellibrand Wind Farm (50 km),K1xK2,MLTS/LINE/CRTS_MLTS_500 × V-CRML,supported,20.651039999999966,6.559665782430477,0.0,140.76757666666668,0.0,75.32644416666666,-5.676757916666666,128.66666666666669,125.0,53.5,5.0,0.9906542056074766,Basslink
T-V-MNSP1,reverse,MLTS/LINE/CRTS_MLTS_500,Moorabool-Cressy No.2 500kV LINE,500.0,Moorabool 500kV,VIC1,central Geelong,V-CRML,5,MCKAY1 (-2.97); WKIEWA1 (-2.97); DARTM1 (-2.97); MURRAY (-2.39); MACARTH1 (-1.12); RYANCWF1 (-1.12),Victoria Big Battery (1 km); Deakin University Solar Farm (18 km); Black Rock Solar Farm (29 km); Yaloak South Wind Farm (35 km); Moorabool Wind Farm (39 km); Lal Lal (Elaine) Wind Farm (41 km); Mount Mercer Wind Farm (43 km); Laverton North Power Station (48 km); Mount Gellibrand Wind Farm (50 km),K1xK2,MLTS/LINE/CRTS_MLTS_500 × V-CRML,supported,-44.11880500000001,-11.803985919646578,-219.40860500000005,0.11352708333322971,0.0,-75.32644416666666,0.0,110.56667250000001,125.0,53.5,5.0,0.9906542056074766,Basslink
T-V-MNSP1,forward,MLTS/LINE/MLTS_SYTS1_500,Moorabool Sydenham 1 500kV LINE,500.0,Moorabool 500kV,VIC1,central Geelong,V-MLSY_NOEMTT_R,15,VBB1 (+5.00); LNGS1 (+4.98); LNGS2 (+4.98); MTGELWF1 (+4.95); GPWFEST2 (+4.92); GPWFEST1 (+4.92),Victoria Big Battery (1 km); Deakin University Solar Farm (18 km); Black Rock Solar Farm (29 km); Yaloak South Wind Farm (35 km); Moorabool Wind Farm (39 km); Lal Lal (Elaine) Wind Farm (41 km); Mount Mercer Wind Farm (43 km); Laverton North Power Station (48 km); Mount Gellibrand Wind Farm (50 km),K1xK2,MLTS/LINE/MLTS_SYTS1_500 × V-MLSY_NOEMTT_R,supported,23.092814999999998,9.730066288368716,0.0,66.47194499999998,0.0,35.23925166666663,-15.70627166666668,0.0,-103.0084,260.0,8.0,0.8557692307692307,Basslink
T-V-MNSP1,reverse,MLTS/LINE/MLTS_SYTS1_500,Moorabool Sydenham 1 500kV LINE,500.0,Moorabool 500kV,VIC1,central Geelong,V-MLSY_NOEMTT_R,15,VBB1 (+5.00); LNGS1 (+4.98); LNGS2 (+4.98); MTGELWF1 (+4.95); GPWFEST2 (+4.92); GPWFEST1 (+4.92),Victoria Big Battery (1 km); Deakin University Solar Farm (18 km); Black Rock Solar Farm (29 km); Yaloak South Wind Farm (35 km); Moorabool Wind Farm (39 km); Lal Lal (Elaine) Wind Farm (41 km); Mount Mercer Wind Farm (43 km); Laverton North Power Station (48 km); Mount Gellibrand Wind Farm (50 km),K1xK2,MLTS/LINE/MLTS_SYTS1_500 × V-MLSY_NOEMTT_R,supported,-41.76666666666665,-11.90358339868786,-170.73182883333334,0.0,0.0,-35.23925166666663,-1.3688958333333403,159.33595333333332,290.71549666666664,260.0,8.0,0.8557692307692307,Basslink
T-V-MNSP1,forward,MLTS/LINE/MLTS_SYTS2_500,Moorabool Sydenham 2 500kV LINE,500.0,Moorabool 500kV,VIC1,central Geelong,V-MLSY_NOEMTT_R,23,VBB1 (+5.00); LNGS1 (+4.98); LNGS2 (+4.98); MTGELWF1 (+4.95); GPWFEST2 (+4.92); GPWFEST1 (+4.92),Victoria Big Battery (1 km); Deakin University Solar Farm (18 km); Black Rock Solar Farm (29 km); Yaloak South Wind Farm (35 km); Moorabool Wind Farm (39 km); Lal Lal (Elaine) Wind Farm (41 km); Mount Mercer Wind Farm (43 km); Laverton North Power Station (48 km); Mount Gellibrand Wind Farm (50 km),K2,V-MLSY_NOEMTT_R,supported,0.7751799999999918,0.40012408212219086,-8.146548333333328,20.83333333333333,-0.023309258043335522,0.0,-0.3512633333333497,-104.40099833333333,-108.08607333333333,861.0,11.0,0.8844367015098722,Basslink
T-V-MNSP1,reverse,MLTS/LINE/MLTS_SYTS2_500,Moorabool Sydenham 2 500kV LINE,500.0,Moorabool 500kV,VIC1,central Geelong,V-MLSY_NOEMTT_R,23,VBB1 (+5.00); LNGS1 (+4.98); LNGS2 (+4.98); MTGELWF1 (+4.95); GPWFEST2 (+4.92); GPWFEST1 (+4.92),Victoria Big Battery (1 km); Deakin University Solar Farm (18 km); Black Rock Solar Farm (29 km); Yaloak South Wind Farm (35 km); Moorabool Wind Farm (39 km); Lal Lal (Elaine) Wind Farm (41 km); Mount Mercer Wind Farm (43 km); Laverton North Power Station (48 km); Mount Gellibrand Wind Farm (50 km),K2,V-MLSY_NOEMTT_R,supported,-5.4992599999999925,-1.5643852901813409,-31.001063333333377,3.408374999999978,0.006565988181221283,-0.2510983333333314,-0.0010949999999922966,290.0866466666667,300.885,861.0,11.0,0.8844367015098722,Basslink
T-V-MNSP1,forward,MOPS/LINE/HYTS_MOPS2_500,Heywood-MortlakePS 500kV LINE,500.0,Mortlake Power Station,VIC1,,V-HYMO,8,DARTM1 (-2.97); MCKAY1 (-2.97); WKIEWA1 (-2.97); MURRAY (-2.39); WUNUSF1 (-1.12); YATSF1 (-1.12),,K2,V-HYMO,supported,1.5,0.4764650435835546,-29.805586666666656,99.68385333333339,-0.007407407407407408,-3.3565766666666264,7.883835833333279,100.35470333333332,1.6666666666666665e-06,67.5,7.0,1.0,Basslink
T-V-MNSP1,reverse,MOPS/LINE/HYTS_MOPS2_500,Heywood-MortlakePS 500kV LINE,500.0,Mortlake Power Station,VIC1,,V-HYMO,8,DARTM1 (-2.97); MCKAY1 (-2.97); WKIEWA1 (-2.97); MURRAY (-2.39); WUNUSF1 (-1.12); YATSF1 (-1.12),,K2,V-HYMO,supported,9.771526666666688,2.6143718803531653,-43.78039833333332,61.07556499999998,0.00740740740740739,4.04650833333333,9.610023333333345,145.93333333333334,75.538665,67.5,7.0,1.0,Basslink
T-V-MNSP1,forward,MOPS/LINE/MOPS_TRTS1_500,MortlakePS-Tarrone 500kV LINE,500.0,Mortlake Power Station,VIC1,,V-MOTR,1,DARTM1 (-2.80); WKIEWA1 (-2.80); MCKAY1 (-2.80); MURRAY (-2.10); MACARTH1 (-1.00); RYANCWF1 (-1.00),,K3,MOPS,indicative,-3.606095416666676,-1.1454522732456962,-46.09038749999999,103.22056500000002,0.0,11.558085000000013,0.0007474999999956822,101.1000525,110.21183583333334,34.0,4.0,1.0,Basslink
T-V-MNSP1,reverse,MOPS/LINE/MOPS_TRTS1_500,MortlakePS-Tarrone 500kV LINE,500.0,Mortlake Power Station,VIC1,,V-MOTR,1,DARTM1 (-2.80); WKIEWA1 (-2.80); MCKAY1 (-2.80); MURRAY (-2.10); MACARTH1 (-1.00); RYANCWF1 (-1.00),,K3,MOPS,indicative,-8.077059166666658,-2.1610171144818073,-129.36314499999997,77.63542000000001,0.0,-11.558085000000013,1.6666666908804473e-06,7.454572499999998,78.80049249999999,34.0,4.0,1.0,Basslink
T-V-MNSP1,forward,MUNMORAH/LINE/2W,Munmorh-WAR_BESS 2W 330kV LINE,330.0,Munmorah 330kV,NSW1,south-west of Newcastle (38 km),N-MMWB_ONE,3,WTAHB1 (-1.00),Colongra Power Station (0 km); Waratah Super Battery (1 km); Vales Point Power Station (5 km); Eraring Power Station (17 km); Teralba Envirogen Power Station (30 km); Summerhill Solar Farm (37 km); Cargill Solar (42 km),K2,N-MMWB_ONE,indicative,0.0,0.0,-143.334895,0.0,0.0,0.0,0.0,125.0,125.0,25.5,4.0,0.8823529411764706,Basslink
T-V-MNSP1,reverse,MUNMORAH/LINE/2W,Munmorh-WAR_BESS 2W 330kV LINE,330.0,Munmorah 330kV,NSW1,south-west of Newcastle (38 km),N-MMWB_ONE,3,WTAHB1 (-1.00),Colongra Power Station (0 km); Waratah Super Battery (1 km); Vales Point Power Station (5 km); Eraring Power Station (17 km); Teralba Envirogen Power Station (30 km); Summerhill Solar Farm (37 km); Cargill Solar (42 km),K2,N-MMWB_ONE,indicative,0.0,0.0,0.0,90.06005416666665,-0.022222222222222223,0.0,0.0,125.0,125.0,25.5,4.0,0.8823529411764706,Basslink
T-V-MNSP1,forward,MUNMORAH/LINE/2Y,Munmorh-WAR_BESS 2Y 330kV LINE,330.0,Munmorah 330kV,NSW1,south-west of Newcastle (38 km),N-MMWB_ONE,2,WTAHB1 (-1.00),Colongra Power Station (0 km); Waratah Super Battery (1 km); Vales Point Power Station (5 km); Eraring Power Station (17 km); Teralba Envirogen Power Station (30 km); Summerhill Solar Farm (37 km); Cargill Solar (42 km),K2,N-MMWB_ONE,indicative,0.0,0.0,-143.334895,0.0,0.0,0.0,0.0,125.0,125.0,25.5,4.0,0.8823529411764706,Basslink
T-V-MNSP1,reverse,MUNMORAH/LINE/2Y,Munmorh-WAR_BESS 2Y 330kV LINE,330.0,Munmorah 330kV,NSW1,south-west of Newcastle (38 km),N-MMWB_ONE,2,WTAHB1 (-1.00),Colongra Power Station (0 km); Waratah Super Battery (1 km); Vales Point Power Station (5 km); Eraring Power Station (17 km); Teralba Envirogen Power Station (30 km); Summerhill Solar Farm (37 km); Cargill Solar (42 km),K2,N-MMWB_ONE,indicative,0.0,0.0,0.0,90.06005416666665,-0.022222222222222223,0.0,0.0,125.0,125.0,25.5,4.0,0.8823529411764706,Basslink
T-V-MNSP1,forward,MURRAY/LINE/DDTS_MSS1_330,Murray Dederang. 67 330kV LINE,330.0,Murray,NSW1,west of Cooma (88 km),V-DDMS,4,,Murray 2 Power Station (2 km); Murray 1 Power Station (5 km); Guthega Power Station (28 km); Tumut 1 Power Station (36 km); Tumut 2 Power Station (43 km),K2,V-DDMS,supported,3.9666766666666717,1.3531406044713319,-15.48647833333331,52.27686695833336,0.08082191780821918,16.166666666666668,-7.4058783333332485,-104.2074,-97.31620500000001,199.0,9.0,0.9170854271356784,Basslink
T-V-MNSP1,reverse,MURRAY/LINE/DDTS_MSS1_330,Murray Dederang. 67 330kV LINE,330.0,Murray,NSW1,west of Cooma (88 km),V-DDMS,4,,Murray 2 Power Station (2 km); Murray 1 Power Station (5 km); Guthega Power Station (28 km); Tumut 1 Power Station (36 km); Tumut 2 Power Station (43 km),K2,V-DDMS,supported,-30.045686666666654,-8.557343895717553,-87.00411833333334,2.763075000000015,-0.0465753424657534,-16.166666666666668,0.0004900000000134241,274.2073716666667,259.3662116666667,199.0,9.0,0.9170854271356784,Basslink
T-V-MNSP1,forward,MURRAY/LINE/DDTS_MSS2_330,Murray Dederang. 68 330kV LINE,330.0,Murray,NSW1,west of Cooma (88 km),V-DDMS,5,,Murray 2 Power Station (2 km); Murray 1 Power Station (5 km); Guthega Power Station (28 km); Tumut 1 Power Station (36 km); Tumut 2 Power Station (43 km),K2,V-DDMS,supported,3.9666766666666717,1.3531406044713319,-15.48647833333331,52.27686695833336,0.08082191780821918,16.166666666666668,-7.4058783333332485,-104.2074,-97.31620500000001,199.0,9.0,0.9170854271356784,Basslink
T-V-MNSP1,reverse,MURRAY/LINE/DDTS_MSS2_330,Murray Dederang. 68 330kV LINE,330.0,Murray,NSW1,west of Cooma (88 km),V-DDMS,5,,Murray 2 Power Station (2 km); Murray 1 Power Station (5 km); Guthega Power Station (28 km); Tumut 1 Power Station (36 km); Tumut 2 Power Station (43 km),K2,V-DDMS,supported,-30.045686666666654,-8.557343895717553,-87.00411833333334,2.763075000000015,-0.0465753424657534,-16.166666666666668,0.0004900000000134241,274.2073716666667,259.3662116666667,199.0,9.0,0.9170854271356784,Basslink
T-V-MNSP1,forward,R2_BRAE/LINE/275KV_8814,Halys-Braemar 8814 275kV LINE,275.0,Braemar 330kV/275kv,QLD1,south-east of Chinchilla (50 km),Q-X_BRHA_TWO,10,BRAEMAR1 (-1.00); BRAEMAR2 (-1.00); BRAEMAR3 (-1.00); BRAEMAR5 (-1.00); BRAEMAR6 (-1.00); BRAEMAR7 (-1.00),Braemar 2 Power Station (1 km); Darling Downs Power Station (1 km); Braemar Power Station (1 km); Darling Downs Solar Farm (2 km); Kogan Creek Power Station (26 km); Western Downs Green Power Hub (28 km); Dalby Bio-Refinery (34 km); Everleigh Solar Park Project (36 km); Edenvale Solar Park (37 km),K1xK2,R2_BRAE/LINE/275KV_8814 × Q-X_BRHA_TWO,supported,20.75786499999999,7.390673318751297,0.0,103.93663166666666,0.0,37.32685166666667,-3.789519999999989,104.16666666666667,-98.60695041666668,62.0,10.0,0.9838709677419355,Basslink
T-V-MNSP1,reverse,R2_BRAE/LINE/275KV_8814,Halys-Braemar 8814 275kV LINE,275.0,Braemar 330kV/275kv,QLD1,south-east of Chinchilla (50 km),Q-X_BRHA_TWO,10,BRAEMAR1 (-1.00); BRAEMAR2 (-1.00); BRAEMAR3 (-1.00); BRAEMAR5 (-1.00); BRAEMAR6 (-1.00); BRAEMAR7 (-1.00),Braemar 2 Power Station (1 km); Darling Downs Power Station (1 km); Braemar Power Station (1 km); Darling Downs Solar Farm (2 km); Kogan Creek Power Station (26 km); Western Downs Green Power Hub (28 km); Dalby Bio-Refinery (34 km); Everleigh Solar Park Project (36 km); Edenvale Solar Park (37 km),K1xK2,R2_BRAE/LINE/275KV_8814 × Q-X_BRHA_TWO,supported,-37.69386500000002,-9.824262337771852,-122.33591666666665,-0.437473916666706,0.0,-37.32685166666667,0.00032249999998157364,125.0,292.7955133333333,62.0,10.0,0.9838709677419355,Basslink
T-V-MNSP1,forward,R2_BRAE/LINE/275KV_8815,Halys-Braemar 8815 275kV LINE,275.0,Braemar 330kV/275kv,QLD1,south-east of Chinchilla (50 km),Q-X_BRHA_TWO,10,BRAEMAR1 (-1.00); BRAEMAR2 (-1.00); BRAEMAR3 (-1.00); BRAEMAR5 (-1.00); BRAEMAR6 (-1.00); BRAEMAR7 (-1.00),Braemar 2 Power Station (1 km); Darling Downs Power Station (1 km); Braemar Power Station (1 km); Darling Downs Solar Farm (2 km); Kogan Creek Power Station (26 km); Western Downs Green Power Hub (28 km); Dalby Bio-Refinery (34 km); Everleigh Solar Park Project (36 km); Edenvale Solar Park (37 km),K1xK2,R2_BRAE/LINE/275KV_8815 × Q-X_BRHA_TWO,supported,20.682396666666648,6.998964511599263,0.0,103.93663166666666,0.0,34.98500666666668,-3.9184949999999787,104.16666666666667,-99.53043333333333,62.5,10.0,0.984,Basslink
T-V-MNSP1,reverse,R2_BRAE/LINE/275KV_8815,Halys-Braemar 8815 275kV LINE,275.0,Braemar 330kV/275kv,QLD1,south-east of Chinchilla (50 km),Q-X_BRHA_TWO,10,BRAEMAR1 (-1.00); BRAEMAR2 (-1.00); BRAEMAR3 (-1.00); BRAEMAR5 (-1.00); BRAEMAR6 (-1.00); BRAEMAR7 (-1.00),Braemar 2 Power Station (1 km); Darling Downs Power Station (1 km); Braemar Power Station (1 km); Darling Downs Solar Farm (2 km); Kogan Creek Power Station (26 km); Western Downs Green Power Hub (28 km); Dalby Bio-Refinery (34 km); Everleigh Solar Park Project (36 km); Edenvale Solar Park (37 km),K1xK2,R2_BRAE/LINE/275KV_8815 × Q-X_BRHA_TWO,supported,-35.877768333333336,-9.59909662637074,-123.52743666666666,-0.4410883333333686,0.0,-34.98500666666668,0.00018000000000029104,125.0,292.7955133333333,62.5,10.0,0.984,Basslink
T-V-MNSP1,forward,R2_BRAE/LINE/330KV_9902,Braemar Bulli Ck 9902 330kV LINE,330.0,Braemar 330kV/275kv,QLD1,south-east of Chinchilla (50 km),Q-X_BRTX1+BRHA,1,BRAEMAR1 (-1.00); BRAEMAR2 (-1.00); BRAEMAR3 (-1.00); BRAEMAR5 (-1.00); BRAEMAR6 (-1.00); BRAEMAR7 (-1.00),Braemar 2 Power Station (1 km); Darling Downs Power Station (1 km); Braemar Power Station (1 km); Darling Downs Solar Farm (2 km); Kogan Creek Power Station (26 km); Western Downs Green Power Hub (28 km); Dalby Bio-Refinery (34 km); Everleigh Solar Park Project (36 km); Edenvale Solar Park (37 km),K3,R2_BRAE,supported,7.499944999999997,2.3823077475328405,-5.099998333333332,86.91463166666671,0.0,9.571828333333334,-5.189113333333296,33.33255666666667,-118.38246,70.5,21.0,0.9858156028368794,Basslink
T-V-MNSP1,reverse,R2_BRAE/LINE/330KV_9902,Braemar Bulli Ck 9902 330kV LINE,330.0,Braemar 330kV/275kv,QLD1,south-east of Chinchilla (50 km),Q-X_BRTX1+BRHA,1,BRAEMAR1 (-1.00); BRAEMAR2 (-1.00); BRAEMAR3 (-1.00); BRAEMAR5 (-1.00); BRAEMAR6 (-1.00); BRAEMAR7 (-1.00),Braemar 2 Power Station (1 km); Darling Downs Power Station (1 km); Braemar Power Station (1 km); Darling Downs Solar Farm (2 km); Kogan Creek Power Station (26 km); Western Downs Green Power Hub (28 km); Dalby Bio-Refinery (34 km); Everleigh Solar Park Project (36 km); Edenvale Solar Park (37 km),K3,R2_BRAE,supported,-10.316280000000006,-2.6239639124374943,-114.8500066666667,0.0,0.0,-9.571828333333334,0.0002166666666880701,149.08333333333334,306.8908583333333,70.5,21.0,0.9858156028368794,Basslink
T-V-MNSP1,forward,RCTS/BUS/7MN2,Red Cliffs 2 220kV BUS,220.0,Red Cliffs 220kV,VIC1,central Mildura,V-RCTS_BUS2,3,DARTM1 (-2.97); WKIEWA1 (-2.97); WKIEWA2 (-2.97); MCKAY1 (-2.97); MURRAY (-2.39); NUMURSF1 (-1.12),Zilzie Wines Solar Farm (6 km); Yatpool Solar Farm (13 km); Karadoc Solar Farm (13 km),K2,V-RCTS_BUS2,indicative,13.312756250000021,4.47242441017543,-0.21464499999996178,36.07646500000001,0.05102040816326531,-6.827329166666644,18.263154166666595,-110.71587166666667,-121.91114666666667,49.0,4.0,1.0,Basslink
T-V-MNSP1,reverse,RCTS/BUS/7MN2,Red Cliffs 2 220kV BUS,220.0,Red Cliffs 220kV,VIC1,central Mildura,V-RCTS_BUS2,3,DARTM1 (-2.97); WKIEWA1 (-2.97); WKIEWA2 (-2.97); MCKAY1 (-2.97); MURRAY (-2.39); NUMURSF1 (-1.12),Zilzie Wines Solar Farm (6 km); Yatpool Solar Farm (13 km); Karadoc Solar Farm (13 km),K2,V-RCTS_BUS2,indicative,-9.348833333333332,-2.83306840290952,-48.178435000000036,5.75648666666666,0.08673469387755106,7.964654166666691,-0.0010450000000261639,296.78979,296.15402916666665,49.0,4.0,1.0,Basslink
T-V-MNSP1,forward,S_EAST/CB/CB6607,S_EAST 6607 275kV CB,275.0,South East 275kV,SA1,central Mount Gambier,S-TBSE,2,DARTM1 (-2.97); WKIEWA1 (-2.97); MCKAY1 (-2.97); MURRAY (-2.39); GLENSF1 (-1.12); BULGANA1 (-1.12),Ladbroke Grove Power Station (31 km); Lake Bonney Wind Farm (39 km); Lake Bonney Battery (40 km); Canunda Wind Farm (43 km),K2,S-TBSE,supported,0.0,0.0,-3.0,0.0,0.02130822596630327,6.814011666666712,-6.704738333333367,125.0,125.0,1023.0,48.0,0.9863147605083089,Basslink
T-V-MNSP1,reverse,S_EAST/CB/CB6607,S_EAST 6607 275kV CB,275.0,South East 275kV,SA1,central Mount Gambier,S-TBSE,2,DARTM1 (-2.97); WKIEWA1 (-2.97); MCKAY1 (-2.97); MURRAY (-2.39); GLENSF1 (-1.12); BULGANA1 (-1.12),Ladbroke Grove Power Station (31 km); Lake Bonney Wind Farm (39 km); Lake Bonney Battery (40 km); Canunda Wind Farm (43 km),K2,S-TBSE,supported,-12.115159999999998,-3.2414109596636944,-31.65006500000004,0.0,0.03790882061446976,-7.149301666666673,0.0,74.28568416666667,125.0,1023.0,48.0,0.9863147605083089,Basslink
T-V-MNSP1,forward,S_EAST/CB/CB6611,S_EAST 6611 275kV CB,275.0,South East 275kV,SA1,central Mount Gambier,S-TBSE,1,DARTM1 (-2.97); WKIEWA1 (-2.97); MCKAY1 (-2.97); MURRAY (-2.39); GLENSF1 (-1.12); BULGANA1 (-1.12),Ladbroke Grove Power Station (31 km); Lake Bonney Wind Farm (39 km); Lake Bonney Battery (40 km); Canunda Wind Farm (43 km),K2,S-TBSE,supported,0.0,0.0,-3.0,0.0,0.02130822596630327,6.814011666666712,-6.704738333333367,125.0,125.0,1023.0,48.0,0.9863147605083089,Basslink
T-V-MNSP1,reverse,S_EAST/CB/CB6611,S_EAST 6611 275kV CB,275.0,South East 275kV,SA1,central Mount Gambier,S-TBSE,1,DARTM1 (-2.97); WKIEWA1 (-2.97); MCKAY1 (-2.97); MURRAY (-2.39); GLENSF1 (-1.12); BULGANA1 (-1.12),Ladbroke Grove Power Station (31 km); Lake Bonney Wind Farm (39 km); Lake Bonney Battery (40 km); Canunda Wind Farm (43 km),K2,S-TBSE,supported,-12.115159999999998,-3.2414109596636944,-31.65006500000004,0.0,0.03790882061446976,-7.149301666666673,0.0,74.28568416666667,125.0,1023.0,48.0,0.9863147605083089,Basslink
T-V-MNSP1,forward,S_EAST/LINE/TABSES_1,Tailem_Bnd South_East 1 275kV LINE,275.0,South East 275kV,SA1,central Mount Gambier,S-TBSE,31,DARTM1 (-2.97); WKIEWA1 (-2.97); MCKAY1 (-2.97); MURRAY (-2.39); GLENSF1 (-1.12); BULGANA1 (-1.12),Ladbroke Grove Power Station (31 km); Lake Bonney Wind Farm (39 km); Lake Bonney Battery (40 km); Canunda Wind Farm (43 km),K1xK2,S_EAST/LINE/TABSES_1 × S-TBSE,supported,0.0,0.0,-20.544832291666665,0.9837020833333008,0.0,0.0,0.0,121.95706333333334,56.02891333333334,337.5,17.0,0.9822222222222222,Basslink
T-V-MNSP1,reverse,S_EAST/LINE/TABSES_1,Tailem_Bnd South_East 1 275kV LINE,275.0,South East 275kV,SA1,central Mount Gambier,S-TBSE,31,DARTM1 (-2.97); WKIEWA1 (-2.97); MCKAY1 (-2.97); MURRAY (-2.39); GLENSF1 (-1.12); BULGANA1 (-1.12),Ladbroke Grove Power Station (31 km); Lake Bonney Wind Farm (39 km); Lake Bonney Battery (40 km); Canunda Wind Farm (43 km),K1xK2,S_EAST/LINE/TABSES_1 × S-TBSE,supported,0.0,0.0,-35.257565,19.93489333333335,0.0,0.0,-3.2554125000000056,125.0,125.0,337.5,17.0,0.9822222222222222,Basslink
T-V-MNSP1,forward,S_EAST/LINE/TABSES_2,Tailem_Bnd South_East 2 275kV LINE,275.0,South East 275kV,SA1,central Mount Gambier,S-TBSE,27,DARTM1 (-2.97); WKIEWA1 (-2.97); MCKAY1 (-2.97); MURRAY (-2.39); GLENSF1 (-1.12); BULGANA1 (-1.12),Ladbroke Grove Power Station (31 km); Lake Bonney Wind Farm (39 km); Lake Bonney Battery (40 km); Canunda Wind Farm (43 km),K1xK2,S_EAST/LINE/TABSES_2 × S-TBSE,supported,-2.350273333333348,-0.7465487241332933,-23.834406666666666,0.0,0.0,0.0,-12.213951666666645,-96.07411,-14.875300000000001,326.0,12.0,0.9923312883435583,Basslink
T-V-MNSP1,reverse,S_EAST/LINE/TABSES_2,Tailem_Bnd South_East 2 275kV LINE,275.0,South East 275kV,SA1,central Mount Gambier,S-TBSE,27,DARTM1 (-2.97); WKIEWA1 (-2.97); MCKAY1 (-2.97); MURRAY (-2.39); GLENSF1 (-1.12); BULGANA1 (-1.12),Ladbroke Grove Power Station (31 km); Lake Bonney Wind Farm (39 km); Lake Bonney Battery (40 km); Canunda Wind Farm (43 km),K1xK2,S_EAST/LINE/TABSES_2 × S-TBSE,supported,0.0,0.0,-10.581391666666633,18.223783666666645,0.0,0.0,1.2782766666667271,270.56666666666666,148.35514666666666,326.0,12.0,0.9923312883435583,Basslink
T-V-MNSP1,forward,TAMWORTH/BUS/512,Tamworth 1 330kV BUS,330.0,Tamworth 330kV,NSW1,central Tamworth,N-LDTW_84,3,SAPHWF1 (-1.00); NESBESS1 (-1.00); NESBESS2 (-1.00); NEWENSF1 (-1.00); NEWENSF2 (-1.00),Keepit Power Station (50 km),K2,N-LDTW_84,supported,-11.322283333333289,-4.221029303779737,-32.74307779166669,4.370827291666663,0.01970443349753695,-28.964167499999974,10.522242083333353,-141.85337583333336,-111.67486666666667,226.5,7.0,0.8962472406181016,Basslink
T-V-MNSP1,reverse,TAMWORTH/BUS/512,Tamworth 1 330kV BUS,330.0,Tamworth 330kV,NSW1,central Tamworth,N-LDTW_84,3,SAPHWF1 (-1.00); NESBESS1 (-1.00); NESBESS2 (-1.00); NEWENSF1 (-1.00); NEWENSF2 (-1.00),Keepit Power Station (50 km),K2,N-LDTW_84,supported,22.561411666666665,6.683561176528217,0.9325143749999973,41.229485833333285,0.03448275862068961,28.49842666666669,0.0,335.7505566666667,291.776,226.5,7.0,0.8962472406181016,Basslink
T-V-MNSP1,forward,TAMWORTH/BUS/523,Tamworth 3 330kV BUS,330.0,Tamworth 330kV,NSW1,central Tamworth,N-TWUL_85,3,NEWENSF1 (-1.00); SAPHWF1 (-1.00); NESBESS1 (-1.00); NESBESS2 (-1.00); NEWENSF2 (-1.00),Keepit Power Station (50 km),K2,N-TWUL_85,supported,-43.88668333333331,-14.743744280726151,-67.42864833333337,0.20610581249998566,0.027646129541864142,-61.624591666666674,-6.9000399999999615,-109.06979333333334,-125.253535,343.0,5.0,0.922740524781341,Basslink
T-V-MNSP1,reverse,TAMWORTH/BUS/523,Tamworth 3 330kV BUS,330.0,Tamworth 330kV,NSW1,central Tamworth,N-TWUL_85,3,NEWENSF1 (-1.00); SAPHWF1 (-1.00); NESBESS1 (-1.00); NESBESS2 (-1.00); NEWENSF2 (-1.00),Keepit Power Station (50 km),K2,N-TWUL_85,supported,41.15816000000001,12.307967763082694,-9.986705124999956,82.28686416666676,0.010268562401263837,58.69960750000001,-0.7933100000000195,301.22687666666667,301.4405583333333,343.0,5.0,0.922740524781341,Basslink
T-V-MNSP1,forward,TAMWORTH/LINE/85,Tamworth-URALLA 85 330kV LINE,330.0,Tamworth 330kV,NSW1,central Tamworth,N-TWUL_85,2,NEWENSF1 (-1.00); SAPHWF1 (-1.00); NESBESS1 (-1.00); NESBESS2 (-1.00); NEWENSF2 (-1.00),Keepit Power Station (50 km),K2,N-TWUL_85,supported,-43.88668333333331,-14.743744280726151,-67.42864833333337,0.20610581249998566,0.027646129541864142,-61.624591666666674,-6.9000399999999615,-109.06979333333334,-125.253535,343.0,5.0,0.922740524781341,Basslink
T-V-MNSP1,reverse,TAMWORTH/LINE/85,Tamworth-URALLA 85 330kV LINE,330.0,Tamworth 330kV,NSW1,central Tamworth,N-TWUL_85,2,NEWENSF1 (-1.00); SAPHWF1 (-1.00); NESBESS1 (-1.00); NESBESS2 (-1.00); NEWENSF2 (-1.00),Keepit Power Station (50 km),K2,N-TWUL_85,supported,41.15816000000001,12.307967763082694,-9.986705124999956,82.28686416666676,0.010268562401263837,58.69960750000001,-0.7933100000000195,301.22687666666667,301.4405583333333,343.0,5.0,0.922740524781341,Basslink
T-V-MNSP1,forward,TUMUT3/LINE/051,Lwr Tumut Wagga 051 330kV LINE,330.0,Lower Tumut,NSW1,south-west of Canberra (84 km),N-LTWG_RADIAL,2,WKIEWA1 (-2.80); MCKAY1 (-2.80); DARTM1 (-2.80); MURRAY (-2.10); MACARTH1 (-1.01); OAKLAND1 (-1.01),Tumut 3 Power Station (1 km); Jounama Small Hydro Power Station (5 km); Blowering Power Station (23 km); Tumut 2 Power Station (32 km); Tumut 1 Power Station (39 km),K2,N-LTWG_RADIAL,indicative,59.79525166666667,18.99356479429864,-4.725808333333347,134.0722604583333,-0.04054054054054054,85.79797166666668,-18.83336166666666,-117.91065666666667,-164.61123333333333,55.5,4.0,1.0,Basslink
T-V-MNSP1,reverse,TUMUT3/LINE/051,Lwr Tumut Wagga 051 330kV LINE,330.0,Lower Tumut,NSW1,south-west of Canberra (84 km),N-LTWG_RADIAL,2,WKIEWA1 (-2.80); MCKAY1 (-2.80); DARTM1 (-2.80); MURRAY (-2.10); MACARTH1 (-1.01); OAKLAND1 (-1.01),Tumut 3 Power Station (1 km); Jounama Small Hydro Power Station (5 km); Blowering Power Station (23 km); Tumut 2 Power Station (32 km); Tumut 1 Power Station (39 km),K2,N-LTWG_RADIAL,indicative,-62.10539166666672,-16.979157699561476,-97.94031333333334,14.633638333333352,-0.3378378378378379,-106.56203,10.557624999999973,308.74888000000004,357.22756333333336,55.5,4.0,1.0,Basslink
T-V-MNSP1,forward,TUNKIL/LINE/N/A,MtBarkerS-Tungkillo 275kV LINE,275.0,Tungkillo,SA1,north-west of Murray Bridge (33 km),S-TBSE,1,DARTM1 (-2.97); WKIEWA1 (-2.97); MCKAY1 (-2.97); MURRAY (-2.39); GLENSF1 (-1.12); BULGANA1 (-1.12),Mannum PPS.2 solar farm (10 km); Mannum PPS.3 solar farm (12 km); Mannum Solar Farm (19 km); Murray Bridge-Onkaparinga Pipeline No. 2 Pump Solar Farm (28 km); Mannum Solar Farm Stage 1 (30 km); Angaston Power Station (42 km); Dry Creek Power Station (44 km); Bolivar Wastewater Treatment Plant Solar Farm (45 km); Torrens Island Power Station (50 km); Barker Inlet Power Station (50 km); Torrens Isla,K2,S-TBSE,supported,0.0,0.0,-3.0,0.0,0.02130822596630327,6.814011666666712,-6.704738333333367,125.0,125.0,1023.0,48.0,0.9863147605083089,Basslink
T-V-MNSP1,reverse,TUNKIL/LINE/N/A,MtBarkerS-Tungkillo 275kV LINE,275.0,Tungkillo,SA1,north-west of Murray Bridge (33 km),S-TBSE,1,DARTM1 (-2.97); WKIEWA1 (-2.97); MCKAY1 (-2.97); MURRAY (-2.39); GLENSF1 (-1.12); BULGANA1 (-1.12),Mannum PPS.2 solar farm (10 km); Mannum PPS.3 solar farm (12 km); Mannum Solar Farm (19 km); Murray Bridge-Onkaparinga Pipeline No. 2 Pump Solar Farm (28 km); Mannum Solar Farm Stage 1 (30 km); Angaston Power Station (42 km); Dry Creek Power Station (44 km); Bolivar Wastewater Treatment Plant Solar Farm (45 km); Torrens Island Power Station (50 km); Barker Inlet Power Station (50 km); Torrens Isla,K2,S-TBSE,supported,-12.115159999999998,-3.2414109596636944,-31.65006500000004,0.0,0.03790882061446976,-7.149301666666673,0.0,74.28568416666667,125.0,1023.0,48.0,0.9863147605083089,Basslink
T-V-MNSP1,forward,TUNKIL/LINE/TUNTAB_1,Tungkillo-Tailem_Bnd 1 275kV LINE,275.0,Tungkillo,SA1,north-west of Murray Bridge (33 km),S-TBSE,1,DARTM1 (-2.97); WKIEWA1 (-2.97); MCKAY1 (-2.97); MURRAY (-2.39); GLENSF1 (-1.12); BULGANA1 (-1.12),Mannum PPS.2 solar farm (10 km); Mannum PPS.3 solar farm (12 km); Mannum Solar Farm (19 km); Murray Bridge-Onkaparinga Pipeline No. 2 Pump Solar Farm (28 km); Mannum Solar Farm Stage 1 (30 km); Angaston Power Station (42 km); Dry Creek Power Station (44 km); Bolivar Wastewater Treatment Plant Solar Farm (45 km); Torrens Island Power Station (50 km); Barker Inlet Power Station (50 km); Torrens Isla,K2,S-TBSE,supported,0.0,0.0,-3.0,0.0,0.02130822596630327,6.814011666666712,-6.704738333333367,125.0,125.0,1023.0,48.0,0.9863147605083089,Basslink
T-V-MNSP1,reverse,TUNKIL/LINE/TUNTAB_1,Tungkillo-Tailem_Bnd 1 275kV LINE,275.0,Tungkillo,SA1,north-west of Murray Bridge (33 km),S-TBSE,1,DARTM1 (-2.97); WKIEWA1 (-2.97); MCKAY1 (-2.97); MURRAY (-2.39); GLENSF1 (-1.12); BULGANA1 (-1.12),Mannum PPS.2 solar farm (10 km); Mannum PPS.3 solar farm (12 km); Mannum Solar Farm (19 km); Murray Bridge-Onkaparinga Pipeline No. 2 Pump Solar Farm (28 km); Mannum Solar Farm Stage 1 (30 km); Angaston Power Station (42 km); Dry Creek Power Station (44 km); Bolivar Wastewater Treatment Plant Solar Farm (45 km); Torrens Island Power Station (50 km); Barker Inlet Power Station (50 km); Torrens Isla,K2,S-TBSE,supported,-12.115159999999998,-3.2414109596636944,-31.65006500000004,0.0,0.03790882061446976,-7.149301666666673,0.0,74.28568416666667,125.0,1023.0,48.0,0.9863147605083089,Basslink
T-V-MNSP1,forward,T_BEND/BUS/WB,Tailem_Bnd W 275kV BUS,275.0,Tailem Bend 275kV,SA1,south-east of Murray Bridge (26 km),S-TBSE,1,DARTM1 (-2.97); WKIEWA1 (-2.97); MCKAY1 (-2.97); MURRAY (-2.39); GLENSF1 (-1.12); BULGANA1 (-1.12),Tailem Bend Solar Power Project (1 km); Mannum Solar Farm Stage 1 (29 km); Murray Bridge-Onkaparinga Pipeline No. 2 Pump Solar Farm (32 km); Mannum Solar Farm (45 km),K2,S-TBSE,supported,0.0,0.0,-3.0,0.0,0.02130822596630327,6.814011666666712,-6.704738333333367,125.0,125.0,1023.0,48.0,0.9863147605083089,Basslink
T-V-MNSP1,reverse,T_BEND/BUS/WB,Tailem_Bnd W 275kV BUS,275.0,Tailem Bend 275kV,SA1,south-east of Murray Bridge (26 km),S-TBSE,1,DARTM1 (-2.97); WKIEWA1 (-2.97); MCKAY1 (-2.97); MURRAY (-2.39); GLENSF1 (-1.12); BULGANA1 (-1.12),Tailem Bend Solar Power Project (1 km); Mannum Solar Farm Stage 1 (29 km); Murray Bridge-Onkaparinga Pipeline No. 2 Pump Solar Farm (32 km); Mannum Solar Farm (45 km),K2,S-TBSE,supported,-12.115159999999998,-3.2414109596636944,-31.65006500000004,0.0,0.03790882061446976,-7.149301666666673,0.0,74.28568416666667,125.0,1023.0,48.0,0.9863147605083089,Basslink
T-V-MNSP1,forward,WAGGA330/BUS/5A,Wagga A 330kV BUS,330.0,Wagga 330kV,NSW1,,N-LTWG_RADIAL,4,WKIEWA1 (-2.80); MCKAY1 (-2.80); DARTM1 (-2.80); MURRAY (-2.10); MACARTH1 (-1.01); OAKLAND1 (-1.01),,K3,WAGGA330,supported,0.0,0.0,-27.27282666666669,24.482929999999982,0.0,-23.833488333333378,17.656388333333325,322.7595383333333,-86.84996166666667,188.5,5.0,0.9522546419098143,Basslink
T-V-MNSP1,reverse,WAGGA330/BUS/5A,Wagga A 330kV BUS,330.0,Wagga 330kV,NSW1,,N-LTWG_RADIAL,4,WKIEWA1 (-2.80); MCKAY1 (-2.80); DARTM1 (-2.80); MURRAY (-2.10); MACARTH1 (-1.01); OAKLAND1 (-1.01),,K1xK2,WAGGA330/BUS/5A × N-LTWG_RADIAL,indicative,-26.549568749999978,-8.04557549104155,-633.6478666666667,31.155028333333348,0.0,-53.26433083333336,0.00045250000000862656,298.26787333333334,302.5102058333333,30.0,3.0,1.0,Basslink
T-V-MNSP1,forward,WAGGA330/BUS/5B1,Wagga B 330kV BUS,330.0,Wagga 330kV,NSW1,,N-JNWG_RADIAL,5,DARTM1 (-2.97); MCKAY1 (-2.97); WKIEWA1 (-2.97); MURRAY (-2.39); WKIEWA2 (-1.69); SALTCRK1 (-1.12),,K3,WAGGA330,supported,0.0,0.0,-27.27282666666669,24.482929999999982,0.0,-23.833488333333378,17.656388333333325,322.7595383333333,-86.84996166666667,188.5,5.0,0.9522546419098143,Basslink
T-V-MNSP1,reverse,WAGGA330/BUS/5B1,Wagga B 330kV BUS,330.0,Wagga 330kV,NSW1,,N-JNWG_RADIAL,5,DARTM1 (-2.97); MCKAY1 (-2.97); WKIEWA1 (-2.97); MURRAY (-2.39); WKIEWA2 (-1.69); SALTCRK1 (-1.12),,K2,N-JNWG_RADIAL,indicative,-0.695062500000013,-0.21063158755609457,-21.95573333333334,24.905582458333246,-0.05051813471502592,9.646591666666659,-0.07611749999999518,-108.10555583333334,19.309317083333333,206.5,3.0,0.9346246973365617,Basslink
T-V-MNSP1,forward,WETS/LINE/KGTS_WETS_220,Kerang-Wemen 220kV LINE,220.0,Wemen 220kV,VIC1,,V-KG_WE_RC,3,MCKAY1 (-2.97); DARTM1 (-2.97); WKIEWA1 (-2.97); MURRAY (-2.39); MERCER01 (-1.12); MOKOSF1 (-1.12),,K2,V-KG_WE_RC,supported,18.268147500000026,10.1652481264181,-18.18759666666668,79.22864666666666,0.012820512820512822,25.622858333333355,-0.9658091666666877,-150.37974083333333,-163.29974166666668,78.0,7.0,1.0,Basslink
T-V-MNSP1,reverse,WETS/LINE/KGTS_WETS_220,Kerang-Wemen 220kV LINE,220.0,Wemen 220kV,VIC1,,V-KG_WE_RC,3,MCKAY1 (-2.97); DARTM1 (-2.97); WKIEWA1 (-2.97); MURRAY (-2.39); MERCER01 (-1.12); MOKOSF1 (-1.12),,K2,V-KG_WE_RC,supported,-24.237416666666633,-6.164829440849247,-110.93578500000001,22.699420000000032,-0.13782051282051277,-25.622858333333355,-0.00021750000006193204,338.73130000000003,367.5609366666667,78.0,7.0,1.0,Basslink
T-V-MNSP1,forward,WETS/LINE/RCTS_WETS_220,Red Cliffs-Wemen 220kV LINE,220.0,Wemen 220kV,VIC1,,V-KG_WE_RC,9,MCKAY1 (-2.97); DARTM1 (-2.97); WKIEWA1 (-2.97); MURRAY (-2.39); MERCER01 (-1.12); MOKOSF1 (-1.12),,K1xK2,WETS/LINE/RCTS_WETS_220 × V-KG_WE_RC,supported,-1.516668333333314,-1.1646226554756733,-28.466671666666684,386.64131999999995,0.0,1.4003033333333406,3.2884216666666646,-162.29489166666667,-159.93003,50.5,5.0,1.0,Basslink
T-V-MNSP1,reverse,WETS/LINE/RCTS_WETS_220,Red Cliffs-Wemen 220kV LINE,220.0,Wemen 220kV,VIC1,,V-KG_WE_RC,9,MCKAY1 (-2.97); DARTM1 (-2.97); WKIEWA1 (-2.97); MURRAY (-2.39); MERCER01 (-1.12); MOKOSF1 (-1.12),,K2,V-KG_WE_RC,supported,-24.237416666666633,-6.164829440849247,-110.93578500000001,22.699420000000032,-0.13782051282051277,-25.622858333333355,-0.00021750000006193204,338.73130000000003,367.5609366666667,78.0,7.0,1.0,Basslink
T-V-MNSP1,forward,WILLAL/LINE/MOKWIL_1,Mokota-Willalo 275kV LINE,275.0,Willalo,SA1,,S-TBSE,1,DARTM1 (-2.97); WKIEWA1 (-2.97); MCKAY1 (-2.97); MURRAY (-2.39); GLENSF1 (-1.12); BULGANA1 (-1.12),,K2,S-TBSE,supported,0.0,0.0,-3.0,0.0,0.02130822596630327,6.814011666666712,-6.704738333333367,125.0,125.0,1023.0,48.0,0.9863147605083089,Basslink
T-V-MNSP1,reverse,WILLAL/LINE/MOKWIL_1,Mokota-Willalo 275kV LINE,275.0,Willalo,SA1,,S-TBSE,1,DARTM1 (-2.97); WKIEWA1 (-2.97); MCKAY1 (-2.97); MURRAY (-2.39); GLENSF1 (-1.12); BULGANA1 (-1.12),,K2,S-TBSE,supported,-12.115159999999998,-3.2414109596636944,-31.65006500000004,0.0,0.03790882061446976,-7.149301666666673,0.0,74.28568416666667,125.0,1023.0,48.0,0.9863147605083089,Basslink
V-S-MNSP1,forward,3L/LINE/3L,CollctorWF-Yass 3L 330kV LINE,330.0,,,,N-CNLT_07|N-CTYS_3L_WG_CLOSE|N-X_3L+07_WG_CLOSE|N-X_3L+11_WG_CLOSE|N-X_3L+2_WG_CLOSE,8,BROKENH1 (-2.93); BHB1 (-2.93); STWF1 (-2.93); LIMOSF21 (-2.93); SUNRSF1 (-2.93); LIMOSF11 (-2.93),,K1xK2,3L/LINE/3L × N-CTYS_3L_WG_CLOSE,supported,3.1644599999999983,2.357432238648112,-12.860319124999995,20.843083499999985,0.0,-3.5828058333333366,0.0,118.0,106.80611083333332,698.0,7.0,0.7965616045845272,Murraylink
V-S-MNSP1,reverse,3L/LINE/3L,CollctorWF-Yass 3L 330kV LINE,330.0,,,,N-CNLT_07|N-CTYS_3L_WG_CLOSE|N-X_3L+07_WG_CLOSE|N-X_3L+11_WG_CLOSE|N-X_3L+2_WG_CLOSE,8,BROKENH1 (-2.93); BHB1 (-2.93); STWF1 (-2.93); LIMOSF21 (-2.93); SUNRSF1 (-2.93); LIMOSF11 (-2.93),,K1xK2,3L/LINE/3L × N-CTYS_3L_WG_CLOSE,supported,-10.425709999999995,-18.418358396012827,-26.504166666666666,3.0,0.0,2.0567141666666835,-8.333333312293689e-07,0.0,27.916666666666664,698.0,7.0,0.7965616045845272,Murraylink
V-S-MNSP1,forward,4/LINE/4,CollctorWF-Marulan 4 330kV LINE,330.0,,,,N-CNLT_07|N-CTMN_4_WG_CLOSE|N-X_03+4_WG_CLOSE|N-X_4+07_WG_CLOSE,6,BROKENH1 (-2.93); BHB1 (-2.93); STWF1 (-2.93); LIMOSF21 (-2.93); SUNRSF1 (-2.93); LIMOSF11 (-2.93),,K1xK2,4/LINE/4 × N-CTMN_4_WG_CLOSE,supported,-0.8294408333333223,-0.615136874654129,-8.957439625000019,5.635035000000016,0.0,-8.22156583333333,4.43695499999999,134.0,143.0,1092.5,6.0,0.6755148741418764,Murraylink
V-S-MNSP1,reverse,4/LINE/4,CollctorWF-Marulan 4 330kV LINE,330.0,,,,N-CNLT_07|N-CTMN_4_WG_CLOSE|N-X_03+4_WG_CLOSE|N-X_4+07_WG_CLOSE,6,BROKENH1 (-2.93); BHB1 (-2.93); STWF1 (-2.93); LIMOSF21 (-2.93); SUNRSF1 (-2.93); LIMOSF11 (-2.93),,K1xK2,4/LINE/4 × N-CTMN_4_WG_CLOSE,supported,12.666666666666666,23.170731707317074,3.659861645833335,24.010730833333326,0.0,8.22156583333333,0.2164658333333307,9.25,-12.333333333333334,1092.5,6.0,0.6755148741418764,Murraylink
V-S-MNSP1,forward,6C/LINE/6C,Bundey-Buronga 330kV Line 2 (6C),330.0,,,,I-BDBU_ONE,1,AVLSF1 (+14.08); BOMENSF1 (+8.26); JUNEESF1 (+8.26); WAGGNSF1 (+8.26); SEBSF1 (+8.26); WSTWYSF1 (+8.26),,none,,unsupported,,,,,,,,,,,,,Murraylink
V-S-MNSP1,reverse,6C/LINE/6C,Bundey-Buronga 330kV Line 2 (6C),330.0,,,,I-BDBU_ONE,1,AVLSF1 (+14.08); BOMENSF1 (+8.26); JUNEESF1 (+8.26); WAGGNSF1 (+8.26); SEBSF1 (+8.26); WSTWYSF1 (+8.26),,none,,unsupported,,,,,,,,,,,,,Murraylink
V-S-MNSP1,forward,6F/LINE/6F,Bundey-Buronga 330kV Line 1(6F),330.0,,,,I-6F_NS_050|I-BDBU_ONE|I-HYSE|I-X_6F_KMRC|I-X_BDBU+HYSE,28,AVLSF1 (+14.08); WAGGNSF1 (+8.26); BOMENSF1 (+8.26); JUNEESF1 (+8.26); WSTWYSF1 (+8.26); WYASF1 (+8.26),,K2,I-X_BDBU+HYSE,supported,-28.887078333333335,-24.50501740220954,-195.203765,-8.773358333333306,-0.29850746268656714,-43.286705000000005,24.545170000000013,91.30279333333333,123.0,42.5,5.0,0.788235294117647,Murraylink
V-S-MNSP1,reverse,6F/LINE/6F,Bundey-Buronga 330kV Line 1(6F),330.0,,,,I-6F_NS_050|I-BDBU_ONE|I-HYSE|I-X_6F_KMRC|I-X_BDBU+HYSE,28,AVLSF1 (+14.08); WAGGNSF1 (+8.26); BOMENSF1 (+8.26); JUNEESF1 (+8.26); WSTWYSF1 (+8.26); WYASF1 (+8.26),,K2,I-X_BDBU+HYSE,supported,42.64210999999999,58.28872816843842,11.143113333333346,103.76450666666666,-0.044776119402985065,36.65532833333333,2.1666666654596156e-05,55.666666666666664,7.5,42.5,5.0,0.788235294117647,Murraylink
V-S-MNSP1,forward,APD/LINE/APD_HYTS2_500,Alc/prtlnd Heywood 2 500kV LINE,500.0,Alcoa/portland 500kV,VIC1,,V-HYMO,4,BROKENH1 (-6.01); BHB1 (-6.01); STWF1 (-6.01); UPPTUMUT (-5.03); URANQ14 (-4.13); URANQ13 (-4.13),,K2,V-HYMO,supported,30.036642500000006,25.48019701657079,-9.520916666666665,79.94897333333333,0.295,32.88630500000001,0.0,151.91089333333332,104.373835,67.5,7.0,0.7407407407407407,Murraylink
V-S-MNSP1,reverse,APD/LINE/APD_HYTS2_500,Alc/prtlnd Heywood 2 500kV LINE,500.0,Alcoa/portland 500kV,VIC1,,V-HYMO,4,BROKENH1 (-6.01); BHB1 (-6.01); STWF1 (-6.01); UPPTUMUT (-5.03); URANQ14 (-4.13); URANQ13 (-4.13),,K2,V-HYMO,supported,-54.508530833333324,-76.75738980830292,-119.5,10.010391666666692,0.1,-23.26421500000002,-1.6666666624587378e-06,-90.08333333333334,-27.49688666666667,67.5,7.0,0.7407407407407407,Murraylink
V-S-MNSP1,forward,ARTS/LINE/ARTS_CWTS_220,AraratTOA-CWTS 220kV LINE,220.0,Ararat,VIC1,,V-ARCW,2,GANNB1 (+2.02); GANNSF1 (+2.02); KERNGSP1 (+2.02); COHUNSF1 (+2.02); KESSB1 (+1.96); LANCSF1 (-1.78),,K2,V-ARCW,supported,-60.91586583333333,-48.611866915422894,-83.54381833333333,-27.367530000000016,-0.4519230769230769,-90.15511666666666,43.548175416666666,73.33333333333333,138.35409,29.0,5.0,0.896551724137931,Murraylink
V-S-MNSP1,reverse,ARTS/LINE/ARTS_CWTS_220,AraratTOA-CWTS 220kV LINE,220.0,Ararat,VIC1,,V-ARCW,2,GANNB1 (+2.02); GANNSF1 (+2.02); KERNGSP1 (+2.02); COHUNSF1 (+2.02); KESSB1 (+1.96); LANCSF1 (-1.78),,K2,V-ARCW,supported,138.7784725,199.20354904306217,78.725235,206.987305,0.23076923076923078,94.30106333333333,55.286085833333324,69.155425,-95.75606833333332,29.0,5.0,0.896551724137931,Murraylink
V-S-MNSP1,forward,ARTS/LINE/ARTS_WBTS_220,AraratTOA-WBTS 220kV LINE,220.0,Ararat,VIC1,,N-GFYC-99J-C|V-AR_WB_BA,7,HILLSTN1 (+4.63); RESS1 (+4.63); RIVNB2 (+4.63); DPNTB1 (+4.63); COLEASF1 (+4.41); LIMBESS1 (+2.40),,K1xK2,ARTS/LINE/ARTS_WBTS_220 × V-AR_WB_BA,supported,-11.648921666666663,-8.821653810829496,-107.05680166666667,41.260909999999996,0.0,2.5943933333333318,-12.845265000000012,33.25003916666667,50.75,41.0,5.0,0.8780487804878049,Murraylink
V-S-MNSP1,reverse,ARTS/LINE/ARTS_WBTS_220,AraratTOA-WBTS 220kV LINE,220.0,Ararat,VIC1,,N-GFYC-99J-C|V-AR_WB_BA,7,HILLSTN1 (+4.63); RESS1 (+4.63); RIVNB2 (+4.63); DPNTB1 (+4.63); COLEASF1 (+4.41); LIMBESS1 (+2.40),,K1xK2,ARTS/LINE/ARTS_WBTS_220 × V-AR_WB_BA,supported,-2.586515000000002,-2.8035443069021464,-22.09017166666667,152.91759666666667,0.0,-2.5943933333333318,19.071823333333327,44.833333333333336,27.083333333333336,41.0,5.0,0.8780487804878049,Murraylink
V-S-MNSP1,forward,AVON/BUS/5,Avon 330kV 330kV BUS,330.0,Avon 330kV,NSW1,central Wollongong,N-WGWA_63|N-WGWA_RADIAL,1,BROKENH1 (-2.93); SUNRSF1 (-2.93); LIMOSF11 (-2.93); LIMOSF21 (-2.93); STWF1 (-2.93); BHB1 (-2.93),Tallawarra Power Station (10 km); Kangaroo Valley Pumping and Power Station (39 km); Bendeela Pumping and Power Station (41 km),K4,NSW1:Wollongong,supported,0.32072500000001014,0.2428829894679848,-2.5395467708333146,8.134828333333331,0.0,0.0,0.0,131.0,124.33139416666666,813.5,22.0,0.7762753534111863,Murraylink
V-S-MNSP1,reverse,AVON/BUS/5,Avon 330kV 330kV BUS,330.0,Avon 330kV,NSW1,central Wollongong,N-WGWA_63|N-WGWA_RADIAL,1,BROKENH1 (-2.93); SUNRSF1 (-2.93); LIMOSF11 (-2.93); LIMOSF21 (-2.93); STWF1 (-2.93); BHB1 (-2.93),Tallawarra Power Station (10 km); Kangaroo Valley Pumping and Power Station (39 km); Bendeela Pumping and Power Station (41 km),K4,NSW1:Wollongong,supported,-3.489118333333323,-4.828425149700587,-10.504166666666663,0.05737333333331662,0.0,0.0,-4.166666670357699e-06,-3.3333333333333337e-06,8.0,813.5,22.0,0.7762753534111863,Murraylink
V-S-MNSP1,forward,BALRANLD/LINE/X5/1,Drlngtn Pt Balranald X5 220kV LINE,220.0,Balranald 220/22kV Substation,NSW1,,N-BABU|N-BADP|N-DTKV_18_WG_CLOSE,9,BROKENH1 (-2.93); BHB1 (-2.93); STWF1 (-2.93); LIMOSF21 (-2.93); SUNRSF1 (-2.93); LIMOSF11 (-2.93),,K2,N-BABU,supported,-73.85033000000001,-51.158214422752565,-96.77455499999999,-36.332449874999995,-0.06327543424317617,-40.888481666666664,-1.6666666624587378e-06,12.514250833333334,112.79166666666666,514.5,21.0,0.783284742468416,Murraylink
V-S-MNSP1,reverse,BALRANLD/LINE/X5/1,Drlngtn Pt Balranald X5 220kV LINE,220.0,Balranald 220/22kV Substation,NSW1,,N-BABU|N-BADP|N-DTKV_18_WG_CLOSE,9,BROKENH1 (-2.93); BHB1 (-2.93); STWF1 (-2.93); LIMOSF21 (-2.93); SUNRSF1 (-2.93); LIMOSF11 (-2.93),,K1xK2,BALRANLD/LINE/X5/1 × N-BADP,supported,15.428192499999994,23.43363989380324,0.0,26.333333333333336,0.0,12.238592499999996,12.823216249999998,71.25,43.291666666666664,57.5,7.0,0.9739130434782609,Murraylink
V-S-MNSP1,forward,BATS/BUS/7MN1,,,Ballarat 220kV,VIC1,,V-AR_WB_BA,1,GANNB1 (+2.02); GANNSF1 (+2.02); COHUNSF1 (+2.02); KERNGSP1 (+2.02); KESSB1 (+1.96); LANCSF1 (-1.78),,K2,V-AR_WB_BA,supported,-55.253805416666665,-46.43226763452283,-121.61424166666669,1.3832416666666631,0.09490740740740744,-32.56232,0.0,36.47797583333333,147.7557075,129.0,16.0,0.8372093023255814,Murraylink
V-S-MNSP1,reverse,BATS/BUS/7MN1,,,Ballarat 220kV,VIC1,,V-AR_WB_BA,1,GANNB1 (+2.02); GANNSF1 (+2.02); COHUNSF1 (+2.02); KERNGSP1 (+2.02); KESSB1 (+1.96); LANCSF1 (-1.78),,K2,V-AR_WB_BA,supported,19.017499166666664,29.602014354066988,-12.95735333333333,101.05109166666662,0.11574074074074073,25.481482500000006,0.1262262500000091,45.5693325,-86.58333333333334,129.0,16.0,0.8372093023255814,Murraylink
V-S-MNSP1,forward,BATS/LINE/BATS_MLTS1_220,Ballarat Moorabool 1 220kV LINE,220.0,Ballarat 220kV,VIC1,,V-AR_WB_BA|V-BAML1_15M,12,MOORAWF1 (+2.67); ELAINWF1 (+2.67); MERCER01 (+2.67); BALB1 (+2.13); YENDWF1 (+2.13); ARWF1 (+2.05),,K1xK2,BATS/LINE/BATS_MLTS1_220 × V-BAML1_15M,supported,-29.684736666666666,-22.34118631311624,-82.82205333333334,3.378546666666665,0.0,-11.079048333333333,0.0,66.29913833333333,140.95474083333335,52.5,7.0,0.9904761904761905,Murraylink
V-S-MNSP1,reverse,BATS/LINE/BATS_MLTS1_220,Ballarat Moorabool 1 220kV LINE,220.0,Ballarat 220kV,VIC1,,V-AR_WB_BA|V-BAML1_15M,12,MOORAWF1 (+2.67); ELAINWF1 (+2.67); MERCER01 (+2.67); BALB1 (+2.13); YENDWF1 (+2.13); ARWF1 (+2.05),,K1xK2,BATS/LINE/BATS_MLTS1_220 × V-BAML1_15M,supported,8.951830833333332,13.442056220095692,-33.26725333333334,66.25747666666666,0.0,7.5387466666666505,-6.249999984220267e-06,33.25,-16.450546666666664,52.5,7.0,0.9904761904761905,Murraylink
V-S-MNSP1,forward,BATS/LINE/BATS_WBTS_220,Ballart220-Waubra 220kV LINE,220.0,Ballarat 220kV,VIC1,,N-GFYC-99J-C|V-AR_WB_BA,10,HILLSTN1 (+4.63); RESS1 (+4.63); RIVNB2 (+4.63); DPNTB1 (+4.63); COLEASF1 (+4.41); LIMBESS1 (+2.40),,K1xK2,BATS/LINE/BATS_WBTS_220 × V-AR_WB_BA,supported,-129.48248333333333,-88.9657811179116,-177.61756833333334,26.664,0.0,-68.92731916666665,-19.055315,24.368965833333334,147.5,43.0,7.0,0.813953488372093,Murraylink
V-S-MNSP1,reverse,BATS/LINE/BATS_WBTS_220,Ballart220-Waubra 220kV LINE,220.0,Ballarat 220kV,VIC1,,N-GFYC-99J-C|V-AR_WB_BA,10,HILLSTN1 (+4.63); RESS1 (+4.63); RIVNB2 (+4.63); DPNTB1 (+4.63); COLEASF1 (+4.41); LIMBESS1 (+2.40),,K1xK2,BATS/LINE/BATS_WBTS_220 × V-AR_WB_BA,supported,95.59041,167.83587574850304,-19.229143333333337,184.7180925,0.0,67.55573666666666,3.1144933333333427,58.91666666666667,-52.94642708333333,43.0,7.0,0.813953488372093,Murraylink
V-S-MNSP1,forward,BETS/LINE/BETS_SHTS_220,Bendigo-Fosterville-Shepparton 220kV LINE,220.0,Bendigo 220kV,VIC1,central Bendigo,V-BESH,1,KIATAWF1 (+2.00); MUWAWF2 (+1.98); MUWAWF1 (+1.98); SUNRSF1 (-1.69); LIMOSF11 (-1.69); LIMOSF21 (-1.69),Silex Test Site (33 km); Cairn Curran Power Station (34 km),none,,unsupported,,,,,,,,,,,,,Murraylink
V-S-MNSP1,reverse,BETS/LINE/BETS_SHTS_220,Bendigo-Fosterville-Shepparton 220kV LINE,220.0,Bendigo 220kV,VIC1,central Bendigo,V-BESH,1,KIATAWF1 (+2.00); MUWAWF2 (+1.98); MUWAWF1 (+1.98); SUNRSF1 (-1.69); LIMOSF11 (-1.69); LIMOSF21 (-1.69),Silex Test Site (33 km); Cairn Curran Power Station (34 km),none,,unsupported,,,,,,,,,,,,,Murraylink
V-S-MNSP1,forward,BGTS/LINE/BGTS_CWTS_220,CrwLnd-Bulgana 220kV LINE,220.0,Bulgana,VIC1,,V-CWHO,1,GANNB1 (+1.95); COHUNSF1 (+1.95); GANNSF1 (+1.95); KERNGSP1 (+1.95); KESSB1 (+1.89); WUNUSF1 (-1.70),,none,,unsupported,,,,,,,,,,,,,Murraylink
V-S-MNSP1,reverse,BGTS/LINE/BGTS_CWTS_220,CrwLnd-Bulgana 220kV LINE,220.0,Bulgana,VIC1,,V-CWHO,1,GANNB1 (+1.95); COHUNSF1 (+1.95); GANNSF1 (+1.95); KERNGSP1 (+1.95); KESSB1 (+1.89); WUNUSF1 (-1.70),,none,,unsupported,,,,,,,,,,,,,Murraylink
V-S-MNSP1,forward,BRINKW/LINE/BRICLN_1,ClareNth-Brinkworth 132kV LINE,132.0,Brinkworth 275kV,SA1,north-west of Robertstown (82 km),S-X_BRMN_RBTU,1,HALLWF1 (+13.30); AGLHAL (+13.30); WPWF (+12.97); DALNTH1 (+12.97); HDWF3 (+11.34); HPR1 (+11.34),Snowtown Wind Farm (23 km); Snowtown 2 Wind Farm (25 km); Clements Gap Windfarm (28 km); Brown Hill Wind Farm (43 km); Mintaro Power Station (45 km); Hallett Hill Wind Farm (46 km); Hallett Power Station (47 km); Bluff Range Wind Farm (48 km); North Brown Hill Wind Farm (50 km),K2,S-X_BRMN_RBTU,supported,0.41433000000000675,0.31376945678156865,-19.57362691666669,7.5,-0.02677029360967187,3.0908150000000205,0.0,92.66666666666667,98.33333333333333,356.0,5.0,0.8132022471910112,Murraylink
V-S-MNSP1,reverse,BRINKW/LINE/BRICLN_1,ClareNth-Brinkworth 132kV LINE,132.0,Brinkworth 275kV,SA1,north-west of Robertstown (82 km),S-X_BRMN_RBTU,1,HALLWF1 (+13.30); AGLHAL (+13.30); WPWF (+12.97); DALNTH1 (+12.97); HDWF3 (+11.34); HPR1 (+11.34),Snowtown Wind Farm (23 km); Snowtown 2 Wind Farm (25 km); Clements Gap Windfarm (28 km); Brown Hill Wind Farm (43 km); Mintaro Power Station (45 km); Hallett Hill Wind Farm (46 km); Hallett Power Station (47 km); Bluff Range Wind Farm (48 km); North Brown Hill Wind Farm (50 km),K2,S-X_BRMN_RBTU,supported,0.6666666666666643,1.219512195121947,-7.5,20.317409999999995,-0.05526770293609672,-2.4910533333333404,1.4347166666666737,44.0,38.0,356.0,5.0,0.8132022471910112,Murraylink
V-S-MNSP1,forward,BRINKW/LINE/BRITEW_1,TemplersW-Brinkworth 275kV LINE,275.0,Brinkworth 275kV,SA1,north-west of Robertstown (82 km),S-BRTW,2,CGBESS01 (+12.55); CLEMGPWF (+12.55); WPWF (+12.24); DALNTH1 (+12.24); MINTARO (-10.52); SNOWTWN1 (+8.57),Snowtown Wind Farm (23 km); Snowtown 2 Wind Farm (25 km); Clements Gap Windfarm (28 km); Brown Hill Wind Farm (43 km); Mintaro Power Station (45 km); Hallett Hill Wind Farm (46 km); Hallett Power Station (47 km); Bluff Range Wind Farm (48 km); North Brown Hill Wind Farm (50 km),none,,unsupported,,,,,,,,,,,,,Murraylink
V-S-MNSP1,reverse,BRINKW/LINE/BRITEW_1,TemplersW-Brinkworth 275kV LINE,275.0,Brinkworth 275kV,SA1,north-west of Robertstown (82 km),S-BRTW,2,CGBESS01 (+12.55); CLEMGPWF (+12.55); WPWF (+12.24); DALNTH1 (+12.24); MINTARO (-10.52); SNOWTWN1 (+8.57),Snowtown Wind Farm (23 km); Snowtown 2 Wind Farm (25 km); Clements Gap Windfarm (28 km); Brown Hill Wind Farm (43 km); Mintaro Power Station (45 km); Hallett Hill Wind Farm (46 km); Hallett Power Station (47 km); Bluff Range Wind Farm (48 km); North Brown Hill Wind Farm (50 km),none,,unsupported,,,,,,,,,,,,,Murraylink
V-S-MNSP1,forward,BRINKW/LINE/REDBUN_T,Bungama-Redhill-Brinkworth 132kV LINE,132.0,Brinkworth 275kV,SA1,north-west of Robertstown (82 km),S-BGRH|S-BRBG|S-X_BGRH+BRTX3|S-X_BGRH+RBTX,1,WPWF (+11.57); DALNTH1 (+11.57); MWPS4PV1 (+11.16); WATERLWF (+10.46); CLEMGPWF (+10.28); MINTARO (+10.28),Snowtown Wind Farm (23 km); Snowtown 2 Wind Farm (25 km); Clements Gap Windfarm (28 km); Brown Hill Wind Farm (43 km); Mintaro Power Station (45 km); Hallett Hill Wind Farm (46 km); Hallett Power Station (47 km); Bluff Range Wind Farm (48 km); North Brown Hill Wind Farm (50 km),K2,S-X_BGRH+RBTX,indicative,-12.916666666666671,-9.639303482587067,-42.84218000000001,-4.0,-0.2847682119205298,-26.526608333333343,4.5,113.0,146.0,81.5,3.0,0.9263803680981595,Murraylink
V-S-MNSP1,reverse,BRINKW/LINE/REDBUN_T,Bungama-Redhill-Brinkworth 132kV LINE,132.0,Brinkworth 275kV,SA1,north-west of Robertstown (82 km),S-BGRH|S-BRBG|S-X_BGRH+BRTX3|S-X_BGRH+RBTX,1,WPWF (+11.57); DALNTH1 (+11.57); MWPS4PV1 (+11.16); WATERLWF (+10.46); CLEMGPWF (+10.28); MINTARO (+10.28),Snowtown Wind Farm (23 km); Snowtown 2 Wind Farm (25 km); Clements Gap Windfarm (28 km); Brown Hill Wind Farm (43 km); Mintaro Power Station (45 km); Hallett Hill Wind Farm (46 km); Hallett Power Station (47 km); Bluff Range Wind Farm (48 km); North Brown Hill Wind Farm (50 km),K2,S-X_BGRH+RBTX,indicative,30.83796666666666,44.265023923444964,5.966001666666671,74.59608866666659,0.013245033112582781,16.833333333333332,1.5677949999999896,32.0,-28.50000833333333,81.5,3.0,0.9263803680981595,Murraylink
V-S-MNSP1,forward,BRINKW/TRANS/T_3,Brinkworth TF 3 275/132/11kV XFMR,,Brinkworth 275kV,SA1,north-west of Robertstown (82 km),S-X_BGRH+BRTX3,1,DALNTH1 (+11.57); WPWF (+11.57); MWPS4PV1 (+11.16); WATERLWF (+10.46); CLEMGPWF (+10.28); MINTARO (+10.28),Snowtown Wind Farm (23 km); Snowtown 2 Wind Farm (25 km); Clements Gap Windfarm (28 km); Brown Hill Wind Farm (43 km); Mintaro Power Station (45 km); Hallett Hill Wind Farm (46 km); Hallett Power Station (47 km); Bluff Range Wind Farm (48 km); North Brown Hill Wind Farm (50 km),none,,unsupported,,,,,,,,,,,,,Murraylink
V-S-MNSP1,reverse,BRINKW/TRANS/T_3,Brinkworth TF 3 275/132/11kV XFMR,,Brinkworth 275kV,SA1,north-west of Robertstown (82 km),S-X_BGRH+BRTX3,1,DALNTH1 (+11.57); WPWF (+11.57); MWPS4PV1 (+11.16); WATERLWF (+10.46); CLEMGPWF (+10.28); MINTARO (+10.28),Snowtown Wind Farm (23 km); Snowtown 2 Wind Farm (25 km); Clements Gap Windfarm (28 km); Brown Hill Wind Farm (43 km); Mintaro Power Station (45 km); Hallett Hill Wind Farm (46 km); Hallett Power Station (47 km); Bluff Range Wind Farm (48 km); North Brown Hill Wind Farm (50 km),none,,unsupported,,,,,,,,,,,,,Murraylink
V-S-MNSP1,forward,BUNGAM/LINE/DVPBUN_1,Bungama Davenport 275kV LINE,275.0,Bungama 132kV,SA1,east of Whyalla (49 km),S-BGDV|S-X_BGBW+BGDV+BGTX,8,PAREPW1 (-12.85); HDWF1 (-12.85); HDWF2 (-12.85); HDWF3 (-12.85); BNGSF2 (-12.85); BNGSF1 (-12.85),Bungama 2 Solar Farm (1 km); Bungama 1 Solar Farm (1 km); Clements Gap Windfarm (35 km); Port Bonython Solar Farm (36 km); Hornsdale Power Reserve (44 km); Hornsdale Windfarm (47 km),K1xK2,BUNGAM/LINE/DVPBUN_1 × S-BGDV,supported,3.797506666666667,2.8339601990049754,-9.880271020833312,20.501720833333334,0.0,2.2877083333333275,0.0,122.33333333333334,110.03927208333334,186.5,5.0,0.9436997319034852,Murraylink
V-S-MNSP1,reverse,BUNGAM/LINE/DVPBUN_1,Bungama Davenport 275kV LINE,275.0,Bungama 132kV,SA1,east of Whyalla (49 km),S-BGDV|S-X_BGBW+BGDV+BGTX,8,PAREPW1 (-12.85); HDWF1 (-12.85); HDWF2 (-12.85); HDWF3 (-12.85); BNGSF2 (-12.85); BNGSF1 (-12.85),Bungama 2 Solar Farm (1 km); Bungama 1 Solar Farm (1 km); Clements Gap Windfarm (35 km); Port Bonython Solar Farm (36 km); Hornsdale Power Reserve (44 km); Hornsdale Windfarm (47 km),K1xK2,BUNGAM/LINE/DVPBUN_1 × S-BGDV,supported,4.360410000000009,6.563851674641191,-27.916666666666657,20.619905833333334,0.0,-3.805621666666667,0.0,26.833333333333336,37.666666666666664,186.5,5.0,0.9436997319034852,Murraylink
V-S-MNSP1,forward,BUNGAM/LINE/N/A,BlythW-Bungama 275kV LINE,275.0,Bungama 132kV,SA1,east of Whyalla (49 km),S-X_BGBW+BGDV+BGTX,2,LGAPWF1 (-12.85); PAREPS1 (-12.85); POR03 (-12.85); MTMILLAR (-12.85); POR01 (-12.85); BNGSF1 (-12.85),Bungama 2 Solar Farm (1 km); Bungama 1 Solar Farm (1 km); Clements Gap Windfarm (35 km); Port Bonython Solar Farm (36 km); Hornsdale Power Reserve (44 km); Hornsdale Windfarm (47 km),K3,BUNGAM,supported,-3.9666912499999967,-2.982267234868826,-16.835685,4.5,0.0,-9.260775833333334,0.0,72.67663333333334,62.0,538.5,8.0,0.7279480037140205,Murraylink
V-S-MNSP1,reverse,BUNGAM/LINE/N/A,BlythW-Bungama 275kV LINE,275.0,Bungama 132kV,SA1,east of Whyalla (49 km),S-X_BGBW+BGDV+BGTX,2,LGAPWF1 (-12.85); PAREPS1 (-12.85); POR03 (-12.85); MTMILLAR (-12.85); POR01 (-12.85); BNGSF1 (-12.85),Bungama 2 Solar Farm (1 km); Bungama 1 Solar Farm (1 km); Clements Gap Windfarm (35 km); Port Bonython Solar Farm (36 km); Hornsdale Power Reserve (44 km); Hornsdale Windfarm (47 km),K3,BUNGAM,supported,8.398133333333341,12.197555939375492,-5.984733000000001,25.504166749999996,0.0,7.443412499999999,-1.6666666624587378e-06,58.96213083333333,36.75,538.5,8.0,0.7279480037140205,Murraylink
V-S-MNSP1,forward,BURONGA/BUS/5A,Buronga 330 BS A 330kV BUS,330.0,Buronga 220kV,NSW1,,I-BDBU_ONE,1,AVLSF1 (+14.08); BOMENSF1 (+8.26); JUNEESF1 (+8.26); WAGGNSF1 (+8.26); SEBSF1 (+8.26); WSTWYSF1 (+8.26),,none,,unsupported,,,,,,,,,,,,,Murraylink
V-S-MNSP1,reverse,BURONGA/BUS/5A,Buronga 330 BS A 330kV BUS,330.0,Buronga 220kV,NSW1,,I-BDBU_ONE,1,AVLSF1 (+14.08); BOMENSF1 (+8.26); JUNEESF1 (+8.26); WAGGNSF1 (+8.26); SEBSF1 (+8.26); WSTWYSF1 (+8.26),,none,,unsupported,,,,,,,,,,,,,Murraylink
V-S-MNSP1,forward,BURONGA/BUS/5B,Buronga 330 BS B 330kV BUS,330.0,Buronga 220kV,NSW1,,I-BDBU_ONE,1,AVLSF1 (+14.08); BOMENSF1 (+8.26); JUNEESF1 (+8.26); WAGGNSF1 (+8.26); SEBSF1 (+8.26); WSTWYSF1 (+8.26),,none,,unsupported,,,,,,,,,,,,,Murraylink
V-S-MNSP1,reverse,BURONGA/BUS/5B,Buronga 330 BS B 330kV BUS,330.0,Buronga 220kV,NSW1,,I-BDBU_ONE,1,AVLSF1 (+14.08); BOMENSF1 (+8.26); JUNEESF1 (+8.26); WAGGNSF1 (+8.26); SEBSF1 (+8.26); WSTWYSF1 (+8.26),,none,,unsupported,,,,,,,,,,,,,Murraylink
V-S-MNSP1,forward,BURONGA/BUS/7A2,Buronga A2 220kV BUS,220.0,Buronga 220kV,NSW1,,I-BURC,1,KERNGSP1 (+1.51); GANNB1 (+1.51); COHUNSF1 (+1.51); GANNSF1 (+1.51); KESSB1 (+1.48); WEMENSF1 (+1.14),,K2,I-BURC,supported,-0.11271833333330505,-0.084118159203959,-10.106439458333352,8.65299833333333,-0.15201465201465203,-2.2637683333333314,3.333333353339185e-06,148.71866833333334,151.79473499999997,157.5,16.0,0.8666666666666667,Murraylink
V-S-MNSP1,reverse,BURONGA/BUS/7A2,Buronga A2 220kV BUS,220.0,Buronga 220kV,NSW1,,I-BURC,1,KERNGSP1 (+1.51); GANNB1 (+1.51); COHUNSF1 (+1.51); GANNSF1 (+1.51); KESSB1 (+1.48); WEMENSF1 (+1.14),,K2,I-BURC,supported,65.06269833333332,106.0084618902439,31.419083333333333,78.17556649999999,0.18864468864468864,0.8616633333333539,33.333341666666655,-71.0,-143.30999833333334,157.5,16.0,0.8666666666666667,Murraylink
V-S-MNSP1,forward,BURONGA/BUS/B,Buronga B2 220kV BUS,220.0,Buronga 220kV,NSW1,,I-BURC|I-BURC_X1|I-X_BABU_BURC|N-BABU,7,LIMOSF11 (-2.93); SUNRSF1 (-2.93); BROKENH1 (-2.93); BHB1 (-2.93); STWF1 (-2.93); LIMOSF21 (-2.93),,K2,N-BABU,supported,-73.85033000000001,-51.158214422752565,-96.77455499999999,-36.332449874999995,-0.06327543424317617,-40.888481666666664,-1.6666666624587378e-06,12.514250833333334,112.79166666666666,514.5,21.0,0.783284742468416,Murraylink
V-S-MNSP1,reverse,BURONGA/BUS/B,Buronga B2 220kV BUS,220.0,Buronga 220kV,NSW1,,I-BURC|I-BURC_X1|I-X_BABU_BURC|N-BABU,7,LIMOSF11 (-2.93); SUNRSF1 (-2.93); BROKENH1 (-2.93); BHB1 (-2.93); STWF1 (-2.93); LIMOSF21 (-2.93),,K2,I-BURC,supported,65.06269833333332,106.0084618902439,31.419083333333333,78.17556649999999,0.18864468864468864,0.8616633333333539,33.333341666666655,-71.0,-143.30999833333334,157.5,16.0,0.8666666666666667,Murraylink
V-S-MNSP1,forward,BURONGA/LINE/0X1,Buronga Red_Cliffs X1 220kV LINE,220.0,Buronga 220kV,NSW1,,I-BURC|I-BURC_X1|N-CTMN_4_WG_CLOSE,11,SUNRSF1 (-2.93); LIMOSF11 (-2.93); STWF1 (-2.93); LIMOSF21 (-2.93); BHB1 (-2.93); BROKENH1 (-2.93),,K1xK2,BURONGA/LINE/0X1 × I-BURC_X1,supported,1.6501733333333277,1.2496657022069853,-16.314056666666687,16.5,0.0,5.437149999999974,0.0,127.55361166666667,120.72136666666665,497.0,9.0,0.7937625754527163,Murraylink
V-S-MNSP1,reverse,BURONGA/LINE/0X1,Buronga Red_Cliffs X1 220kV LINE,220.0,Buronga 220kV,NSW1,,I-BURC|I-BURC_X1|N-CTMN_4_WG_CLOSE,11,SUNRSF1 (-2.93); LIMOSF11 (-2.93); STWF1 (-2.93); LIMOSF21 (-2.93); BHB1 (-2.93); BROKENH1 (-2.93),,K1,BURONGA/LINE/0X1,supported,8.063126666666662,11.932717703349276,-17.00625,41.06066333333334,0.0,-6.7918558333333365,2.495331666666665,-18.849285833333333,4.166666666666667,518.0,10.0,0.7277992277992278,Murraylink
V-S-MNSP1,forward,BURONGA/LINE/6F,Buronga-BUNDEY No.1 6F 330kV LINE,330.0,Buronga 220kV,NSW1,,I-BDBU_ONE|I-MURRAY_SRAS_R|I-X_6F_KMRC|I-X_BDBU+HYSE,12,AVLSF1 (+14.08); BOMENSF1 (+8.26); JUNEESF1 (+8.26); WAGGNSF1 (+8.26); SEBSF1 (+8.26); WSTWYSF1 (+8.26),,K2,I-X_BDBU+HYSE,supported,-28.887078333333335,-24.50501740220954,-195.203765,-8.773358333333306,-0.29850746268656714,-43.286705000000005,24.545170000000013,91.30279333333333,123.0,42.5,5.0,0.788235294117647,Murraylink
V-S-MNSP1,reverse,BURONGA/LINE/6F,Buronga-BUNDEY No.1 6F 330kV LINE,330.0,Buronga 220kV,NSW1,,I-BDBU_ONE|I-MURRAY_SRAS_R|I-X_6F_KMRC|I-X_BDBU+HYSE,12,AVLSF1 (+14.08); BOMENSF1 (+8.26); JUNEESF1 (+8.26); WAGGNSF1 (+8.26); SEBSF1 (+8.26); WSTWYSF1 (+8.26),,K2,I-X_BDBU+HYSE,supported,42.64210999999999,58.28872816843842,11.143113333333346,103.76450666666666,-0.044776119402985065,36.65532833333333,2.1666666654596156e-05,55.666666666666664,7.5,42.5,5.0,0.788235294117647,Murraylink
V-S-MNSP1,forward,BURONGA/LINE/X1,Buronga-Red_Cliffs X1_X9 220kV LINE,220.0,Buronga 220kV,NSW1,,I-BURC,26,KERNGSP1 (+1.51); GANNB1 (+1.51); COHUNSF1 (+1.51); GANNSF1 (+1.51); KESSB1 (+1.48); WEMENSF1 (+1.14),,K1xK2,BURONGA/LINE/X1 × I-BURC,supported,-1.4947058333333274,-1.1223901931540852,-16.090743333333336,7.853079999999977,0.0,-2.43899500000002,0.0,151.09377416666666,153.2249825,107.5,12.0,0.9488372093023256,Murraylink
V-S-MNSP1,reverse,BURONGA/LINE/X1,Buronga-Red_Cliffs X1_X9 220kV LINE,220.0,Buronga 220kV,NSW1,,I-BURC,26,KERNGSP1 (+1.51); GANNB1 (+1.51); COHUNSF1 (+1.51); GANNSF1 (+1.51); KESSB1 (+1.48); WEMENSF1 (+1.14),,K1xK2,BURONGA/LINE/X1 × I-BURC,supported,67.49817916666666,109.83654954268296,31.735868333333315,82.86545804166656,0.0,1.7845583333333224,58.64801333333334,-76.38725166666666,-148.65106791666665,107.5,12.0,0.9488372093023256,Murraylink
V-S-MNSP1,forward,BURONGA/LINE/X5/3,Balranald Buronga X3 220kV LINE,220.0,Buronga 220kV,NSW1,,I-BURC_X1|I-X_BABU_BURC|N-BABU|N-BU_7118,13,LIMOSF21 (-2.93); STWF1 (-2.93); SUNRSF1 (-2.93); LIMOSF11 (-2.93); BROKENH1 (-2.93); BHB1 (-2.93),,K1xK2,BURONGA/LINE/X5/3 × N-BABU,supported,-77.493325,-52.5111653328003,-103.30799379166668,-36.332449874999995,0.0,-50.280969166666665,-8.333333454402236e-07,8.326593333333333,113.69503416666666,491.5,11.0,0.7741607324516785,Murraylink
V-S-MNSP1,reverse,BURONGA/LINE/X5/3,Balranald Buronga X3 220kV LINE,220.0,Buronga 220kV,NSW1,,I-BURC_X1|I-X_BABU_BURC|N-BABU|N-BU_7118,13,LIMOSF21 (-2.93); STWF1 (-2.93); SUNRSF1 (-2.93); LIMOSF11 (-2.93); BROKENH1 (-2.93); BHB1 (-2.93),,K1xK2,BURONGA/LINE/X5/3 × N-BABU,supported,54.344116666666665,93.41317365269461,27.98706666666665,72.48454137499999,0.0,50.800645,1.1666666637211165e-05,59.027350000000006,0.0,491.5,11.0,0.7741607324516785,Murraylink
V-S-MNSP1,forward,BURONGA/LINE/X9,Buronga-Red_Cliffs TL X9 220kV LINE,220.0,Buronga 220kV,NSW1,,I-BURC|I-X_BABU_BURC|N-BABU,2,LIMOSF21 (-2.93); STWF1 (-2.93); BROKENH1 (-2.93); BHB1 (-2.93); SUNRSF1 (-2.93); LIMOSF11 (-2.93),,K2,N-BABU,supported,-73.85033000000001,-51.158214422752565,-96.77455499999999,-36.332449874999995,-0.06327543424317617,-40.888481666666664,-1.6666666624587378e-06,12.514250833333334,112.79166666666666,514.5,21.0,0.783284742468416,Murraylink
V-S-MNSP1,reverse,BURONGA/LINE/X9,Buronga-Red_Cliffs TL X9 220kV LINE,220.0,Buronga 220kV,NSW1,,I-BURC|I-X_BABU_BURC|N-BABU,2,LIMOSF21 (-2.93); STWF1 (-2.93); BROKENH1 (-2.93); BHB1 (-2.93); SUNRSF1 (-2.93); LIMOSF11 (-2.93),,K2,I-BURC,supported,65.06269833333332,106.0084618902439,31.419083333333333,78.17556649999999,0.18864468864468864,0.8616633333333539,33.333341666666655,-71.0,-143.30999833333334,157.5,16.0,0.8666666666666667,Murraylink
V-S-MNSP1,forward,BURONGA/TRANS/7,Buronga No7 TX 330/220/33kV XFMR,,Buronga 220kV,NSW1,,I-BDBU_ONE,1,AVLSF1 (+14.08); BOMENSF1 (+8.26); JUNEESF1 (+8.26); WAGGNSF1 (+8.26); SEBSF1 (+8.26); WSTWYSF1 (+8.26),,none,,unsupported,,,,,,,,,,,,,Murraylink
V-S-MNSP1,reverse,BURONGA/TRANS/7,Buronga No7 TX 330/220/33kV XFMR,,Buronga 220kV,NSW1,,I-BDBU_ONE,1,AVLSF1 (+14.08); BOMENSF1 (+8.26); JUNEESF1 (+8.26); WAGGNSF1 (+8.26); SEBSF1 (+8.26); WSTWYSF1 (+8.26),,none,,unsupported,,,,,,,,,,,,,Murraylink
V-S-MNSP1,forward,BURONGA/TRANS/PST5,Buronga No5 PST 330/330kV XFMR,,Buronga 220kV,NSW1,,I-BDBU_ONE,2,AVLSF1 (+14.08); BOMENSF1 (+8.26); JUNEESF1 (+8.26); WAGGNSF1 (+8.26); SEBSF1 (+8.26); WSTWYSF1 (+8.26),,none,,unsupported,,,,,,,,,,,,,Murraylink
V-S-MNSP1,reverse,BURONGA/TRANS/PST5,Buronga No5 PST 330/330kV XFMR,,Buronga 220kV,NSW1,,I-BDBU_ONE,2,AVLSF1 (+14.08); BOMENSF1 (+8.26); JUNEESF1 (+8.26); WAGGNSF1 (+8.26); SEBSF1 (+8.26); WSTWYSF1 (+8.26),,none,,unsupported,,,,,,,,,,,,,Murraylink
V-S-MNSP1,forward,BURRINJK/LINE/970,Burrinjuck Yass 330kV 970 132kV LINE,132.0,Burrinjuck 132kV,NSW1,south-west of Yass (35 km),N-BJYS_970,1,WSTWYSF1 (+7.04); WAGGNSF1 (+7.04); BOMENSF1 (+7.04); SEBSF1 (+7.04); JUNEESF1 (+7.04); WYASF1 (+7.04),Burrinjuck Power Station (0 km),none,,unsupported,,,,,,,,,,,,,Murraylink
V-S-MNSP1,reverse,BURRINJK/LINE/970,Burrinjuck Yass 330kV 970 132kV LINE,132.0,Burrinjuck 132kV,NSW1,south-west of Yass (35 km),N-BJYS_970,1,WSTWYSF1 (+7.04); WAGGNSF1 (+7.04); BOMENSF1 (+7.04); SEBSF1 (+7.04); JUNEESF1 (+7.04); WYASF1 (+7.04),Burrinjuck Power Station (0 km),none,,unsupported,,,,,,,,,,,,,Murraylink
V-S-MNSP1,forward,CANBERRA/LINE/07,Lwr Tumut Canberra 07 330kV LINE,330.0,Canberra 330kV,NSW1,central Canberra,N-CNLT_07|N-CTMN_4_WG_CLOSE|N-CTYS_3L_WG_CLOSE|N-X_3L+07_WG_CLOSE|N-X_4+07_WG_CLOSE|N-X_5+07_WG_CLOSE,9,BROKENH1 (-2.93); BHB1 (-2.93); STWF1 (-2.93); LIMOSF21 (-2.93); SUNRSF1 (-2.93); LIMOSF11 (-2.93),Majura Solar Farm (18 km); Mugga Lane Landfill (24 km); Capital Battery (24 km); Mugga Lane Solar Farm (24 km); Googong Dam Mini Hydro (33 km); Royalla Solar Farm (33 km); Williamsdale Solar Farm (41 km); Burrinjuck Power Station (45 km); Capital Wind Farm (47 km),K1xK2,CANBERRA/LINE/07 × N-CNLT_07,supported,12.202686666666665,9.19133582089551,5.570721666666685,27.0,0.0,8.47899,1.6666666660114515e-06,122.0,87.83333333333333,566.0,7.0,0.7199646643109541,Murraylink
V-S-MNSP1,reverse,CANBERRA/LINE/07,Lwr Tumut Canberra 07 330kV LINE,330.0,Canberra 330kV,NSW1,central Canberra,N-CNLT_07|N-CTMN_4_WG_CLOSE|N-CTYS_3L_WG_CLOSE|N-X_3L+07_WG_CLOSE|N-X_4+07_WG_CLOSE|N-X_5+07_WG_CLOSE,9,BROKENH1 (-2.93); BHB1 (-2.93); STWF1 (-2.93); LIMOSF21 (-2.93); SUNRSF1 (-2.93); LIMOSF11 (-2.93),Majura Solar Farm (18 km); Mugga Lane Landfill (24 km); Capital Battery (24 km); Mugga Lane Solar Farm (24 km); Googong Dam Mini Hydro (33 km); Royalla Solar Farm (33 km); Williamsdale Solar Farm (41 km); Burrinjuck Power Station (45 km); Capital Wind Farm (47 km),K1xK2,CANBERRA/LINE/07 × N-CNLT_07,supported,-8.0,-12.680729665071775,-23.0,4.1026899999999955,0.0,-9.682193333333316,0.3034416666666999,18.5,33.58333333333333,566.0,7.0,0.7199646643109541,Murraylink
V-S-MNSP1,forward,CANBERRA/LINE/6,CapitalWF-Canberra 6 330kV LINE,330.0,Canberra 330kV,NSW1,central Canberra,V-DDSM,1,HUMEV (+5.00); MURRAY (+4.98); STWF1 (-3.87); BROKENH1 (-3.87); BHB1 (-3.87); EILDON1 (+3.85),Majura Solar Farm (18 km); Mugga Lane Landfill (24 km); Capital Battery (24 km); Mugga Lane Solar Farm (24 km); Googong Dam Mini Hydro (33 km); Royalla Solar Farm (33 km); Williamsdale Solar Farm (41 km); Burrinjuck Power Station (45 km); Capital Wind Farm (47 km),K2,V-DDSM,supported,-9.782168333333374,-6.475147245505093,-58.24171333333334,4.642685000000029,-0.08496732026143788,-14.687495833333337,0.0,123.95803166666667,153.56092999999998,99.0,8.0,0.7727272727272727,Murraylink
V-S-MNSP1,reverse,CANBERRA/LINE/6,CapitalWF-Canberra 6 330kV LINE,330.0,Canberra 330kV,NSW1,central Canberra,V-DDSM,1,HUMEV (+5.00); MURRAY (+4.98); STWF1 (-3.87); BROKENH1 (-3.87); BHB1 (-3.87); EILDON1 (+3.85),Majura Solar Farm (18 km); Mugga Lane Landfill (24 km); Capital Battery (24 km); Mugga Lane Solar Farm (24 km); Googong Dam Mini Hydro (33 km); Royalla Solar Farm (33 km); Williamsdale Solar Farm (41 km); Burrinjuck Power Station (45 km); Capital Wind Farm (47 km),K2,V-DDSM,supported,0.0,0.0,-21.88130666666669,24.152933333333323,0.1503267973856209,13.5,-3.3333333346874383e-06,-38.21387333333333,-48.00000166666666,99.0,8.0,0.7727272727272727,Murraylink
V-S-MNSP1,forward,CANOWI/LINE/CANROB_1,Canowie Robertstwn 275kV LINE,275.0,Canowie,SA1,north of Robertstown (86 km),S-X_CNLK_CNRB,1,HALLWF2 (+13.26); BLYTHB1 (-10.38); SNOWSTH1 (-10.38); SNOWNTH1 (-10.38); WGWF1 (+10.24); BLUFF1 (+9.85),Hallett Power Station (0 km); Brown Hill Wind Farm (4 km); Bluff Range Wind Farm (6 km); North Brown Hill Wind Farm (8 km); Willogoleche Wind Farm (12 km); Hallett Hill Wind Farm (25 km); Hornsdale Windfarm (36 km); Hornsdale Power Reserve (36 km); Peterborough Solar Farm (41 km),K2,S-X_CNLK_CNRB,indicative,-16.895825,-14.332792014204054,-148.93072333333333,13.15558,-0.1262135922330097,-21.390616666666666,1.2175566666666704,0.5743200000000002,63.166666666666664,60.5,3.0,0.8512396694214877,Murraylink
V-S-MNSP1,reverse,CANOWI/LINE/CANROB_1,Canowie Robertstwn 275kV LINE,275.0,Canowie,SA1,north of Robertstown (86 km),S-X_CNLK_CNRB,1,HALLWF2 (+13.26); BLYTHB1 (-10.38); SNOWSTH1 (-10.38); SNOWNTH1 (-10.38); WGWF1 (+10.24); BLUFF1 (+9.85),Hallett Power Station (0 km); Brown Hill Wind Farm (4 km); Bluff Range Wind Farm (6 km); North Brown Hill Wind Farm (8 km); Willogoleche Wind Farm (12 km); Hallett Hill Wind Farm (25 km); Hornsdale Windfarm (36 km); Hornsdale Power Reserve (36 km); Peterborough Solar Farm (41 km),K2,S-X_CNLK_CNRB,indicative,52.43913833333332,79.05404882031766,-27.5,114.33333333333334,0.21359223300970873,26.72584583333333,-1.6666666624587378e-06,79.99999666666666,0.0,60.5,3.0,0.8512396694214877,Murraylink
V-S-MNSP1,forward,CANOWI/LINE/N/A,Mt Lock-Canowie 275kV LINE,275.0,Canowie,SA1,north of Robertstown (86 km),S-X_CNLK_CNRB,2,HALLWF2 (+13.26); BLYTHB1 (-10.38); SNOWSTH1 (-10.38); SNOWNTH1 (-10.38); WGWF1 (+10.24); BLUFF1 (+9.85),Hallett Power Station (0 km); Brown Hill Wind Farm (4 km); Bluff Range Wind Farm (6 km); North Brown Hill Wind Farm (8 km); Willogoleche Wind Farm (12 km); Hallett Hill Wind Farm (25 km); Hornsdale Windfarm (36 km); Hornsdale Power Reserve (36 km); Peterborough Solar Farm (41 km),K2,S-X_CNLK_CNRB,indicative,-16.895825,-14.332792014204054,-148.93072333333333,13.15558,-0.1262135922330097,-21.390616666666666,1.2175566666666704,0.5743200000000002,63.166666666666664,60.5,3.0,0.8512396694214877,Murraylink
V-S-MNSP1,reverse,CANOWI/LINE/N/A,Mt Lock-Canowie 275kV LINE,275.0,Canowie,SA1,north of Robertstown (86 km),S-X_CNLK_CNRB,2,HALLWF2 (+13.26); BLYTHB1 (-10.38); SNOWSTH1 (-10.38); SNOWNTH1 (-10.38); WGWF1 (+10.24); BLUFF1 (+9.85),Hallett Power Station (0 km); Brown Hill Wind Farm (4 km); Bluff Range Wind Farm (6 km); North Brown Hill Wind Farm (8 km); Willogoleche Wind Farm (12 km); Hallett Hill Wind Farm (25 km); Hornsdale Windfarm (36 km); Hornsdale Power Reserve (36 km); Peterborough Solar Farm (41 km),K2,S-X_CNLK_CNRB,indicative,52.43913833333332,79.05404882031766,-27.5,114.33333333333334,0.21359223300970873,26.72584583333333,-1.6666666624587378e-06,79.99999666666666,0.0,60.5,3.0,0.8512396694214877,Murraylink
V-S-MNSP1,forward,CLEM_G/LINE/REDCLM_1,Redhill Clmt Gp WF 132kV LINE,132.0,Clements Gap Wind Fram,SA1,,S-BRBG,2,MINTARO (+2.80); DALNTH1 (+2.14); WPWF (+2.14); WATERLWF (+1.68); SNOWTWN1 (+1.54); MWPS4PV1 (-1.28),,K2,S-BRBG,indicative,7.018627500000008,5.237781716417917,-3.4311966666666933,16.11923812500001,-0.05438931297709926,7.028723333333339,0.034892916666670715,109.91666666666666,104.3544775,297.0,3.0,0.8821548821548821,Murraylink
V-S-MNSP1,reverse,CLEM_G/LINE/REDCLM_1,Redhill Clmt Gp WF 132kV LINE,132.0,Clements Gap Wind Fram,SA1,,S-BRBG,2,MINTARO (+2.80); DALNTH1 (+2.14); WPWF (+2.14); WATERLWF (+1.68); SNOWTWN1 (+1.54); MWPS4PV1 (-1.28),,K2,S-BRBG,indicative,-5.205220833333328,-7.471608851674634,-16.5,11.463921666666664,-0.023854961832061067,-7.5,1.6666666908804473e-06,26.083330833333335,36.166666666666664,297.0,3.0,0.8821548821548821,Murraylink
V-S-MNSP1,forward,COLMBLLY/LINE/99L,Coleamblly Deniliquin 99L 132kV LINE,132.0,Coleambally 132kV,NSW1,,N-CLDE_99L_C,9,HILLSTN1 (+3.33); COLEASF1 (+3.33); RIVNB2 (+3.33); RESS1 (+3.33); DPNTB1 (+3.33); LIMBESS1 (+1.93),,K1xK2,COLMBLLY/LINE/99L × N-CLDE_99L_C,supported,-5e-06,-3.73134328358209e-06,-14.396978812499981,12.219815000000011,0.0,1.191695000000001,-1.166666665142202e-05,32.39545666666667,87.5,246.5,7.0,0.7565922920892495,Murraylink
V-S-MNSP1,reverse,COLMBLLY/LINE/99L,Coleamblly Deniliquin 99L 132kV LINE,132.0,Coleambally 132kV,NSW1,,N-CLDE_99L_C,9,HILLSTN1 (+3.33); COLEASF1 (+3.33); RIVNB2 (+3.33); RESS1 (+3.33); DPNTB1 (+3.33); LIMBESS1 (+1.93),,K1xK2,COLMBLLY/LINE/99L × N-CLDE_99L_C,supported,-22.447639999999993,-32.44986842105263,-59.000011666666666,3.3333333391283304e-06,0.0,-1.32849,-3.333333332022903e-06,0.0,59.0,246.5,7.0,0.7565922920892495,Murraylink
V-S-MNSP1,forward,CPTS_KMTS_220/LINE/CPTS_KMTS_220,KMTS-CPTS 220kV LINE,220.0,,,,V-KMRC,1,WKIEWA1 (+1.82); MCKAY1 (+1.82); DARTM1 (+1.82); MURRAY (+1.60); COHUNSF1 (+1.55); GANNSF1 (+1.55),,none,,unsupported,,,,,,,,,,,,,Murraylink
V-S-MNSP1,reverse,CPTS_KMTS_220/LINE/CPTS_KMTS_220,KMTS-CPTS 220kV LINE,220.0,,,,V-KMRC,1,WKIEWA1 (+1.82); MCKAY1 (+1.82); DARTM1 (+1.82); MURRAY (+1.60); COHUNSF1 (+1.55); GANNSF1 (+1.55),,K2,V-KMRC,supported,21.000000000000004,35.497987590402545,8.333333326504544e-06,47.666228041666656,0.09740259740259741,15.106315833333333,7.50000000948603e-06,40.48837,21.5,174.5,20.0,0.8825214899713467,Murraylink
V-S-MNSP1,forward,CRTS/LINE/CRTS_MOPS2_500,Cressy-Mortlake No.2 500kV LINE,500.0,Cressy 500 kV Station,VIC1,,V-CRMO,4,BROKENH1 (-6.01); BHB1 (-6.01); STWF1 (-6.01); UPPTUMUT (-5.03); URANQ14 (-4.13); URANQ13 (-4.13),,K1xK2,CRTS/LINE/CRTS_MOPS2_500 × V-CRMO,indicative,-32.302305,-27.40216705277095,-80.63263333333333,1.6653720833330117,0.0,-29.89117833333333,11.443819166666671,45.333333333333336,67.58333333333333,34.0,4.0,0.8088235294117647,Murraylink
V-S-MNSP1,reverse,CRTS/LINE/CRTS_MOPS2_500,Cressy-Mortlake No.2 500kV LINE,500.0,Cressy 500 kV Station,VIC1,,V-CRMO,4,BROKENH1 (-6.01); BHB1 (-6.01); STWF1 (-6.01); UPPTUMUT (-5.03); URANQ14 (-4.13); URANQ13 (-4.13),,K1xK2,CRTS/LINE/CRTS_MOPS2_500 × V-CRMO,indicative,37.69093000000001,55.477707441697056,8.119500000000002,51.350695,0.0,24.353824999999993,2.2025983333333343,48.32572,27.666666666666668,34.0,4.0,0.8088235294117647,Murraylink
V-S-MNSP1,forward,CWTS/LINE/N/A,Ararat220-CrwLnd 220kV LINE,220.0,Crowlands,VIC1,north-west of Ballarat (79 km),I-BDBU_ONE|V-ARCW|V-BUCW,4,AVLSF1 (+14.08); BOMENSF1 (+8.26); JUNEESF1 (+8.26); WAGGNSF1 (+8.26); SEBSF1 (+8.26); WSTWYSF1 (+8.26),Crowlands Wind Farm (1 km); Ararat Wind Farm (14 km); Bulgana Green Power Hub - BESS (18 km); Bulgana Green Power Hub (19 km); Challicum Hills Wind Farm (29 km); Waubra Wind Farm (47 km),K2,V-ARCW,supported,-60.91586583333333,-48.611866915422894,-83.54381833333333,-27.367530000000016,-0.4519230769230769,-90.15511666666666,43.548175416666666,73.33333333333333,138.35409,29.0,5.0,0.896551724137931,Murraylink
V-S-MNSP1,reverse,CWTS/LINE/N/A,Ararat220-CrwLnd 220kV LINE,220.0,Crowlands,VIC1,north-west of Ballarat (79 km),I-BDBU_ONE|V-ARCW|V-BUCW,4,AVLSF1 (+14.08); BOMENSF1 (+8.26); JUNEESF1 (+8.26); WAGGNSF1 (+8.26); SEBSF1 (+8.26); WSTWYSF1 (+8.26),Crowlands Wind Farm (1 km); Ararat Wind Farm (14 km); Bulgana Green Power Hub - BESS (18 km); Bulgana Green Power Hub (19 km); Challicum Hills Wind Farm (29 km); Waubra Wind Farm (47 km),K2,V-ARCW,supported,138.7784725,199.20354904306217,78.725235,206.987305,0.23076923076923078,94.30106333333333,55.286085833333324,69.155425,-95.75606833333332,29.0,5.0,0.896551724137931,Murraylink
V-S-MNSP1,forward,DAPTO/BUS/5A1,Dapto A1 330kV BUS,330.0,Dapto 330kV,NSW1,central Wollongong,N-DTSS_11,2,BROKENH1 (-2.93); BHB1 (-2.93); STWF1 (-2.93); LIMOSF21 (-2.93); SUNRSF1 (-2.93); LIMOSF11 (-2.93),Tallawarra Power Station (3 km); Kangaroo Valley Pumping and Power Station (37 km); Bendeela Pumping and Power Station (39 km),K2,N-DTSS_11,supported,10.499999999999986,7.586261194029857,2.061554833333337,29.333723187499967,0.06046814044213267,8.591226666666667,0.0,129.0,99.16666666666667,536.5,9.0,0.7166821994408201,Murraylink
V-S-MNSP1,reverse,DAPTO/BUS/5A1,Dapto A1 330kV BUS,330.0,Dapto 330kV,NSW1,central Wollongong,N-DTSS_11,2,BROKENH1 (-2.93); BHB1 (-2.93); STWF1 (-2.93); LIMOSF21 (-2.93); SUNRSF1 (-2.93); LIMOSF11 (-2.93),Tallawarra Power Station (3 km); Kangaroo Valley Pumping and Power Station (37 km); Bendeela Pumping and Power Station (39 km),K2,N-DTSS_11,supported,-12.0,-17.22488038277512,-25.333333333333332,-3.499727958333333,-0.0377113133940182,-9.497983333333309,-1.3333333328091612e-05,0.0,33.363715,536.5,9.0,0.7166821994408201,Murraylink
V-S-MNSP1,forward,DAPTO/BUS/5B1,Dapto B1 330kV BUS,330.0,Dapto 330kV,NSW1,central Wollongong,N-DTMN_8_15M,2,BROKENH1 (-2.93); BHB1 (-2.93); STWF1 (-2.93); LIMOSF21 (-2.93); SUNRSF1 (-2.93); LIMOSF11 (-2.93),Tallawarra Power Station (3 km); Kangaroo Valley Pumping and Power Station (37 km); Bendeela Pumping and Power Station (39 km),K3,DAPTO,supported,1.1564991666666629,0.8139497316628426,-2.2666200000000174,9.0,0.0,0.0,0.0,131.33333333333334,122.53028166666667,778.0,21.0,0.7673521850899743,Murraylink
V-S-MNSP1,reverse,DAPTO/BUS/5B1,Dapto B1 330kV BUS,330.0,Dapto 330kV,NSW1,central Wollongong,N-DTMN_8_15M,2,BROKENH1 (-2.93); BHB1 (-2.93); STWF1 (-2.93); LIMOSF21 (-2.93); SUNRSF1 (-2.93); LIMOSF11 (-2.93),Tallawarra Power Station (3 km); Kangaroo Valley Pumping and Power Station (37 km); Bendeela Pumping and Power Station (39 km),K2,N-DTMN_8_15M,supported,-3.6862366666666446,-5.505026315789487,-11.923261666666662,4.090103333333317,0.023172905525846707,0.012126666666659958,0.0,-28.161848333333335,6.5,383.0,9.0,0.7323759791122716,Murraylink
V-S-MNSP1,forward,DAPTO/LINE/11,Sydney S Dapto 11 330kV LINE,330.0,Dapto 330kV,NSW1,central Wollongong,N-DTSS_11|N-X_3L+11_WG_CLOSE,11,BROKENH1 (-2.93); BHB1 (-2.93); STWF1 (-2.93); LIMOSF21 (-2.93); SUNRSF1 (-2.93); LIMOSF11 (-2.93),Tallawarra Power Station (3 km); Kangaroo Valley Pumping and Power Station (37 km); Bendeela Pumping and Power Station (39 km),K1,DAPTO/LINE/11,supported,4.533990833333334,3.311749982567294,-4.23815287500001,25.70708662499997,0.0,2.4218608333333407,0.0,137.3868091666667,119.0,425.0,5.0,0.7341176470588235,Murraylink
V-S-MNSP1,reverse,DAPTO/LINE/11,Sydney S Dapto 11 330kV LINE,330.0,Dapto 330kV,NSW1,central Wollongong,N-DTSS_11|N-X_3L+11_WG_CLOSE,11,BROKENH1 (-2.93); BHB1 (-2.93); STWF1 (-2.93); LIMOSF21 (-2.93); SUNRSF1 (-2.93); LIMOSF11 (-2.93),Tallawarra Power Station (3 km); Kangaroo Valley Pumping and Power Station (37 km); Bendeela Pumping and Power Station (39 km),K1,DAPTO/LINE/11,supported,-6.26415291666666,-10.891504491017946,-26.187235,2.775466666666688,0.0,-2.769970833333339,-3.958333331866015e-05,-27.791220000000003,21.75,425.0,5.0,0.7341176470588235,Murraylink
V-S-MNSP1,forward,DAPTO/LINE/18,Dapto Kng Vly PS 18 330kV LINE,330.0,Dapto 330kV,NSW1,central Wollongong,N-BADP|N-DTKV_18_WG_CLOSE,8,BROKENH1 (-2.93); BHB1 (-2.93); STWF1 (-2.93); LIMOSF21 (-2.93); SUNRSF1 (-2.93); LIMOSF11 (-2.93),Tallawarra Power Station (3 km); Kangaroo Valley Pumping and Power Station (37 km); Bendeela Pumping and Power Station (39 km),K1xK2,DAPTO/LINE/18 × N-DTKV_18_WG_CLOSE,supported,0.0,0.0,0.0,8.692344999999998,0.0,0.0,0.0,0.0,0.0,57.0,5.0,0.9122807017543859,Murraylink
V-S-MNSP1,reverse,DAPTO/LINE/18,Dapto Kng Vly PS 18 330kV LINE,330.0,Dapto 330kV,NSW1,central Wollongong,N-BADP|N-DTKV_18_WG_CLOSE,8,BROKENH1 (-2.93); BHB1 (-2.93); STWF1 (-2.93); LIMOSF21 (-2.93); SUNRSF1 (-2.93); LIMOSF11 (-2.93),Tallawarra Power Station (3 km); Kangaroo Valley Pumping and Power Station (37 km); Bendeela Pumping and Power Station (39 km),K1xK2,DAPTO/LINE/18 × N-DTKV_18_WG_CLOSE,supported,0.0,0.0,-38.92461,9.351175833333336,0.0,0.0,0.0,-1.6666666666666669e-06,0.0,57.0,5.0,0.9122807017543859,Murraylink
V-S-MNSP1,forward,DAPTO/LINE/8,Dapto Marulan 8 330kV LINE,330.0,Dapto 330kV,NSW1,central Wollongong,N-DTMN_8_15M,11,BROKENH1 (-2.93); BHB1 (-2.93); STWF1 (-2.93); LIMOSF21 (-2.93); SUNRSF1 (-2.93); LIMOSF11 (-2.93),Tallawarra Power Station (3 km); Kangaroo Valley Pumping and Power Station (37 km); Bendeela Pumping and Power Station (39 km),K1xK2,DAPTO/LINE/8 × N-DTMN_8_15M,supported,-3.4054425000000066,-2.5445554961018377,-10.038791666666668,2.0766413333333262,0.0,-1.9254908333333347,0.0,138.73126416666668,144.97258,230.0,8.0,0.7478260869565218,Murraylink
V-S-MNSP1,reverse,DAPTO/LINE/8,Dapto Marulan 8 330kV LINE,330.0,Dapto 330kV,NSW1,central Wollongong,N-DTMN_8_15M,11,BROKENH1 (-2.93); BHB1 (-2.93); STWF1 (-2.93); LIMOSF21 (-2.93); SUNRSF1 (-2.93); LIMOSF11 (-2.93),Tallawarra Power Station (3 km); Kangaroo Valley Pumping and Power Station (37 km); Bendeela Pumping and Power Station (39 km),K1xK2,DAPTO/LINE/8 × N-DTMN_8_15M,supported,0.08941499999999358,0.1307422248803708,-10.032147500000036,11.77576666666667,0.0,2.479085833333336,-1.4210854715202004e-14,-39.90440666666667,-28.52074916666667,230.0,8.0,0.7478260869565218,Murraylink
V-S-MNSP1,forward,DARL_PT/BUS/7,Drlngtn Pt 220kV BUS,220.0,Darlington Point 330kV,NSW1,,N-BADP,4,BROKENH1 (-2.93); BHB1 (-2.93); STWF1 (-2.93); LIMOSF21 (-2.93); SUNRSF1 (-2.93); LIMOSF11 (-2.93),,K2,N-BADP,supported,-14.821925833333339,-10.506895847185447,-51.09714833333334,0.0,0.053370786516853924,-11.122969999999999,0.0,19.85586916666667,53.40463833333333,91.0,14.0,0.978021978021978,Murraylink
V-S-MNSP1,reverse,DARL_PT/BUS/7,Drlngtn Pt 220kV BUS,220.0,Darlington Point 330kV,NSW1,,N-BADP,4,BROKENH1 (-2.93); BHB1 (-2.93); STWF1 (-2.93); LIMOSF21 (-2.93); SUNRSF1 (-2.93); LIMOSF11 (-2.93),,K2,N-BADP,supported,6.792256666666663,10.493850245069435,0.0,28.889972874999984,-0.1797752808988764,7.301641666666665,0.04867999999999739,56.10725000000001,24.513589166666666,91.0,14.0,0.978021978021978,Murraylink
V-S-MNSP1,forward,DARL_PT/LINE/63,Wagga Drlngtn Pt 63 330kV LINE,330.0,Darlington Point 330kV,NSW1,,N-DPWG_63|N-WGWA_63_X5,3,BROKENH1 (-2.93); BHB1 (-2.93); STWF1 (-2.93); LIMOSF11 (-2.93); LIMOSF21 (-2.93); SUNRSF1 (-2.93),,K3,DARL_PT,supported,-93.07390916666665,-75.57009825870648,-111.38720875,-67.89790737500006,0.0,-39.92703333333333,-39.87497625,21.0173825,115.33333333333334,410.5,6.0,0.6114494518879415,Murraylink
V-S-MNSP1,reverse,DARL_PT/LINE/63,Wagga Drlngtn Pt 63 330kV LINE,330.0,Darlington Point 330kV,NSW1,,N-DPWG_63|N-WGWA_63_X5,3,BROKENH1 (-2.93); BHB1 (-2.93); STWF1 (-2.93); LIMOSF11 (-2.93); LIMOSF21 (-2.93); SUNRSF1 (-2.93),,K2,N-WGWA_63_X5,indicative,41.76013499999999,57.08313114178194,32.49999999999999,57.16666166666667,0.09468438538205981,38.515365,-1.6666666624587378e-06,78.33333333333333,36.5,174.5,4.0,0.8624641833810889,Murraylink
V-S-MNSP1,forward,DAVENP/LINE/N/A,Mt Lock-Davenport 275kV LINE,275.0,Davenport 275kV,SA1,central Port Augusta,S-DVLK,4,ANGAS1 (-3.42); ANGAST1 (-3.42); CGBESS01 (-3.19); CLEMGPWF (-3.19); PAREPS1 (-3.10); MTMILLAR (-3.10),Northern Power Station Road Solar Farm (2 km); Port Augusta Renewable Energy Park Solar Farm (5 km); Port Augusta Renewable Energy Park Wind Farm (11 km); Bungala Solar Power Project (14 km); Lincoln Gap Wind Farm BESS (24 km); Lincoln Gap Wind Farm (24 km),none,,unsupported,,,,,,,,,,,,,Murraylink
V-S-MNSP1,reverse,DAVENP/LINE/N/A,Mt Lock-Davenport 275kV LINE,275.0,Davenport 275kV,SA1,central Port Augusta,S-DVLK,4,ANGAS1 (-3.42); ANGAST1 (-3.42); CGBESS01 (-3.19); CLEMGPWF (-3.19); PAREPS1 (-3.10); MTMILLAR (-3.10),Northern Power Station Road Solar Farm (2 km); Port Augusta Renewable Energy Park Solar Farm (5 km); Port Augusta Renewable Energy Park Wind Farm (11 km); Bungala Solar Power Project (14 km); Lincoln Gap Wind Farm BESS (24 km); Lincoln Gap Wind Farm (24 km),none,,unsupported,,,,,,,,,,,,,Murraylink
V-S-MNSP1,forward,DDTS/LINE/DDTS_MSS1_330,Dederang Murray 1 330kV LINE,330.0,Dederang 330kV,VIC1,south of Wodonga (38 km),V-DDMS,8,HUMEV (+4.85); MURRAY (+4.46); BHB1 (-3.42); BROKENH1 (-3.42); STWF1 (-3.42); SUNRSF1 (-2.93),West Kiewa Power Station (38 km); Hume Power Station (39 km); Clover Flat Power Station Substation (42 km); Banimboola Power Station (43 km); Bogong Power Station (44 km); Dartmouth Power Station (49 km); McKay Creek Power Station (50 km),K1xK2,DDTS/LINE/DDTS_MSS1_330 × V-DDMS,supported,30.342476666666684,22.6436393034826,-0.9782166666666399,84.29171674999984,0.0,32.63894666666667,0.0,104.250365,0.0,140.0,5.0,0.7714285714285715,Murraylink
V-S-MNSP1,reverse,DDTS/LINE/DDTS_MSS1_330,Dederang Murray 1 330kV LINE,330.0,Dederang 330kV,VIC1,south of Wodonga (38 km),V-DDMS,8,HUMEV (+4.85); MURRAY (+4.46); BHB1 (-3.42); BROKENH1 (-3.42); STWF1 (-3.42); SUNRSF1 (-2.93),West Kiewa Power Station (38 km); Hume Power Station (39 km); Clover Flat Power Station Substation (42 km); Banimboola Power Station (43 km); Bogong Power Station (44 km); Dartmouth Power Station (49 km); McKay Creek Power Station (50 km),K1xK2,DDTS/LINE/DDTS_MSS1_330 × V-DDMS,supported,-3.1706058333333402,-4.551108851674651,-39.5,8.639911770833312,0.0,-24.576254166666665,5.000000007898961e-06,6.25,0.0,140.0,5.0,0.7714285714285715,Murraylink
V-S-MNSP1,forward,DDTS/LINE/DDTS_MSS2_330,Dederang Murray 2 330kV LINE,330.0,Dederang 330kV,VIC1,south of Wodonga (38 km),I-BDBU_ONE|I-MURRAY_SRAS_R|V-DDMS,6,AVLSF1 (+14.08); BOMENSF1 (+8.26); JUNEESF1 (+8.26); WAGGNSF1 (+8.26); SEBSF1 (+8.26); WSTWYSF1 (+8.26),West Kiewa Power Station (38 km); Hume Power Station (39 km); Clover Flat Power Station Substation (42 km); Banimboola Power Station (43 km); Bogong Power Station (44 km); Dartmouth Power Station (49 km); McKay Creek Power Station (50 km),K2,V-DDMS,supported,3.27026833333332,2.4404987562188953,-24.291014999999998,30.542135000000002,0.10339506172839508,1.2454183333333475,0.0,91.47424083333334,28.163789999999995,199.0,9.0,0.8140703517587939,Murraylink
V-S-MNSP1,reverse,DDTS/LINE/DDTS_MSS2_330,Dederang Murray 2 330kV LINE,330.0,Dederang 330kV,VIC1,south of Wodonga (38 km),I-BDBU_ONE|I-MURRAY_SRAS_R|V-DDMS,6,AVLSF1 (+14.08); BOMENSF1 (+8.26); JUNEESF1 (+8.26); WAGGNSF1 (+8.26); SEBSF1 (+8.26); WSTWYSF1 (+8.26),West Kiewa Power Station (38 km); Hume Power Station (39 km); Clover Flat Power Station Substation (42 km); Banimboola Power Station (43 km); Bogong Power Station (44 km); Dartmouth Power Station (49 km); McKay Creek Power Station (50 km),K2,V-DDMS,supported,2.0034774999999883,2.875805023923428,-2.8619999999999948,24.589254999999994,0.13117283950617284,-0.03357416666666779,0.0,0.0,0.0,199.0,9.0,0.8140703517587939,Murraylink
V-S-MNSP1,forward,DDTS/LINE/DDTS_WOTS_330,Dederang Wodonga 330kV LINE,330.0,Dederang 330kV,VIC1,south of Wodonga (38 km),N-DPWG_63|N-DPWG_63_X5|V-DDWO_RADIAL|V-DDWO_X5,5,BROKENH1 (-2.93); BHB1 (-2.93); STWF1 (-2.93); LIMOSF11 (-2.93); LIMOSF21 (-2.93); SUNRSF1 (-2.93),West Kiewa Power Station (38 km); Hume Power Station (39 km); Clover Flat Power Station Substation (42 km); Banimboola Power Station (43 km); Bogong Power Station (44 km); Dartmouth Power Station (49 km); McKay Creek Power Station (50 km),K3,DDTS,supported,6.198456666666658,4.625713930348252,-40.22973487500002,81.11072287500001,0.0,6.073769999999996,0.0,95.30736333333334,0.0,185.5,11.0,0.816711590296496,Murraylink
V-S-MNSP1,reverse,DDTS/LINE/DDTS_WOTS_330,Dederang Wodonga 330kV LINE,330.0,Dederang 330kV,VIC1,south of Wodonga (38 km),N-DPWG_63|N-DPWG_63_X5|V-DDWO_RADIAL|V-DDWO_X5,5,BROKENH1 (-2.93); BHB1 (-2.93); STWF1 (-2.93); LIMOSF11 (-2.93); LIMOSF21 (-2.93); SUNRSF1 (-2.93),West Kiewa Power Station (38 km); Hume Power Station (39 km); Clover Flat Power Station Substation (42 km); Banimboola Power Station (43 km); Bogong Power Station (44 km); Dartmouth Power Station (49 km); McKay Creek Power Station (50 km),K3,DDTS,supported,3.232917499999985,4.640551435406676,-10.244066666666669,35.02994379166664,0.0,-6.198456666666658,1.6666666657217015e-05,7.166666666666667,0.0,185.5,11.0,0.816711590296496,Murraylink
V-S-MNSP1,forward,EL17840,Mokota Hallt H WF 275kV LINE,275.0,,,,S-MKRB,2,AGLHAL (+9.52); HALLWF1 (+9.52); HDWF3 (+8.17); HPR1 (+8.17); HDWF2 (+8.17); HDWF1 (+8.17),,K2,S-MKRB,indicative,68.05690333333332,55.324848349265544,8.728143333333307,93.08523000000001,0.2444444444444444,55.40181333333334,1.6666666908804473e-06,139.74965333333333,0.0,74.0,3.0,0.9121621621621622,Murraylink
V-S-MNSP1,reverse,EL17840,Mokota Hallt H WF 275kV LINE,275.0,,,,S-MKRB,2,AGLHAL (+9.52); HALLWF1 (+9.52); HDWF3 (+8.17); HPR1 (+8.17); HDWF2 (+8.17); HDWF1 (+8.17),,K2,S-MKRB,indicative,-24.5,-33.48975555212304,-64.36853166666667,4.31539166666667,-0.025925925925925936,-56.29886,10.399706666666674,-52.32501833333333,0.0,74.0,3.0,0.9121621621621622,Murraylink
V-S-MNSP1,forward,EL24717,Deniliquin 1 132kV BUS,132.0,Deniliquin 132kV,NSW1,,N-CLDE_99L_C,1,HILLSTN1 (+3.33); COLEASF1 (+3.33); RIVNB2 (+3.33); RESS1 (+3.33); DPNTB1 (+3.33); LIMBESS1 (+1.93),,K2,N-CLDE_99L_C,supported,-3.3333333333333337e-06,-2.4875621890547264e-06,-13.002421666666667,10.319283999999993,0.029940119760479056,0.0,-8.333333333333334e-06,57.953925,87.5,326.5,8.0,0.7672281776416539,Murraylink
V-S-MNSP1,reverse,EL24717,Deniliquin 1 132kV BUS,132.0,Deniliquin 132kV,NSW1,,N-CLDE_99L_C,1,HILLSTN1 (+3.33); COLEASF1 (+3.33); RIVNB2 (+3.33); RESS1 (+3.33); DPNTB1 (+3.33); LIMBESS1 (+1.93),,K2,N-CLDE_99L_C,supported,-12.984585000000003,-19.656523923444958,-48.709647749999995,7.50860999999999,-0.17964071856287422,0.0,-1.6666666666666669e-06,0.0,59.0,326.5,8.0,0.7672281776416539,Murraylink
V-S-MNSP1,forward,EL24725,Murrumbrrh 2 132kV BUS,132.0,,,,N-WNMR_991,1,WSTWYSF1 (+7.41); WAGGNSF1 (+7.41); BOMENSF1 (+7.41); SEBSF1 (+7.41); JUNEESF1 (+7.41); WYASF1 (+7.41),,K2,N-WNMR_991,indicative,4.732555833333328,3.7466785107781337,-26.82717166666663,25.899640000000005,0.22033898305084748,1.897110833333329,0.0,142.07458250000002,116.66666666666666,63.5,4.0,0.9291338582677166,Murraylink
V-S-MNSP1,reverse,EL24725,Murrumbrrh 2 132kV BUS,132.0,,,,N-WNMR_991,1,WSTWYSF1 (+7.41); WAGGNSF1 (+7.41); BOMENSF1 (+7.41); SEBSF1 (+7.41); JUNEESF1 (+7.41); WYASF1 (+7.41),,K2,N-WNMR_991,indicative,-11.34884416666668,-15.53498661887356,-81.16666666666667,35.03171499999999,0.0423728813559322,-3.291511666666679,0.0,-81.85010083333333,0.0,63.5,4.0,0.9291338582677166,Murraylink
V-S-MNSP1,forward,EL27504,Munno-BlythW 275kV LINE,275.0,,,,S-BWMP|S-X_BWMP+MPPA|S-X_PA6510+BWPA,6,MINTARO (-14.25); DALNTH1 (-12.19); WPWF (-12.19); SNOWTWN1 (-9.84); CGBESS01 (-7.32); CLEMGPWF (-7.32),,K1,EL27504,indicative,-180.20398583333332,-134.4805864427861,-234.0436408333333,105.575345,0.0,-141.72073083333333,-41.71251333333332,-46.61881916666667,121.33333333333334,22.0,3.0,0.6818181818181818,Murraylink
V-S-MNSP1,reverse,EL27504,Munno-BlythW 275kV LINE,275.0,,,,S-BWMP|S-X_BWMP+MPPA|S-X_PA6510+BWPA,6,MINTARO (-14.25); DALNTH1 (-12.19); WPWF (-12.19); SNOWTWN1 (-9.84); CGBESS01 (-7.32); CLEMGPWF (-7.32),,K1,EL27504,indicative,75.5421875,108.43376196172247,-200.4678133333333,112.23971333333334,0.0,153.18106791666665,8.333333241239416e-07,102.23023333333333,27.916666666666664,22.0,3.0,0.6818181818181818,Murraylink
V-S-MNSP1,forward,EL27505,Para-Munno 275kV LINE,275.0,Para 275kV,SA1,north-east of Adelaide (24 km),S-X_BGRH+RBTX|S-X_BWMP+MPPA,4,MINTARO (-14.25); WPWF (-12.19); DALNTH1 (-12.19); SNOWTWN1 (-9.84); CGBESS01 (-7.32); CLEMGPWF (-7.32),Bolivar Wastewater Treatment Plant Solar Farm (13 km); Dry Creek Power Station (17 km); Quarantine Power Station (18 km); Barker Inlet Power Station (19 km); Snapper Point Power Station (19 km); Torrens Island Power Station (19 km); Torrens Island Battery (19 km); Pelican Point Power Station (19 km); Osborne Power Station (20 km); Templers BESS (31 km); Angaston Power Station (39 km); Mannum PPS.2,K3,PARA,supported,-1.3337574999999902,-1.0031613909396027,-7.820501666666672,3.3333333333333333e-06,0.0,0.0,-8.333333312293689e-07,52.83776833333333,98.41047166666667,532.0,21.0,0.8627819548872181,Murraylink
V-S-MNSP1,reverse,EL27505,Para-Munno 275kV LINE,275.0,Para 275kV,SA1,north-east of Adelaide (24 km),S-X_BGRH+RBTX|S-X_BWMP+MPPA,4,MINTARO (-14.25); WPWF (-12.19); DALNTH1 (-12.19); SNOWTWN1 (-9.84); CGBESS01 (-7.32); CLEMGPWF (-7.32),Bolivar Wastewater Treatment Plant Solar Farm (13 km); Dry Creek Power Station (17 km); Quarantine Power Station (18 km); Barker Inlet Power Station (19 km); Snapper Point Power Station (19 km); Torrens Island Power Station (19 km); Torrens Island Battery (19 km); Pelican Point Power Station (19 km); Osborne Power Station (20 km); Templers BESS (31 km); Angaston Power Station (39 km); Mannum PPS.2,K3,PARA,supported,0.0,0.0,-2.3931374999999946,3.503650499999996,0.0,0.0,0.0,16.8212725,12.666666666666666,532.0,21.0,0.8627819548872181,Murraylink
V-S-MNSP1,forward,EL30791,Mt Lock-HornsleWF 275kV LINE,275.0,,,,S-X_CNLK_CNRB,1,HALLWF2 (+13.26); BLYTHB1 (-10.38); SNOWSTH1 (-10.38); SNOWNTH1 (-10.38); WGWF1 (+10.24); BLUFF1 (+9.85),,K2,S-X_CNLK_CNRB,indicative,-16.895825,-14.332792014204054,-148.93072333333333,13.15558,-0.1262135922330097,-21.390616666666666,1.2175566666666704,0.5743200000000002,63.166666666666664,60.5,3.0,0.8512396694214877,Murraylink
V-S-MNSP1,reverse,EL30791,Mt Lock-HornsleWF 275kV LINE,275.0,,,,S-X_CNLK_CNRB,1,HALLWF2 (+13.26); BLYTHB1 (-10.38); SNOWSTH1 (-10.38); SNOWNTH1 (-10.38); WGWF1 (+10.24); BLUFF1 (+9.85),,K2,S-X_CNLK_CNRB,indicative,52.43913833333332,79.05404882031766,-27.5,114.33333333333334,0.21359223300970873,26.72584583333333,-1.6666666624587378e-06,79.99999666666666,0.0,60.5,3.0,0.8512396694214877,Murraylink
V-S-MNSP1,forward,EL31392,Ballart220-Moorabool 2 220kV LINE,220.0,,,,V-BAML2_15M,1,MERCER01 (+2.67); MOORAWF1 (+2.67); ELAINWF1 (+2.67); BALB1 (+2.13); YENDWF1 (+2.13); ARWF1 (+2.05),,K2,V-BAML2_15M,indicative,-140.1484125,-118.88842642980593,-203.35915166666666,-27.868892500000015,-0.10989010989010989,-111.91502666666666,-2.7663849999999854,-13.144183333333332,140.83870666666667,68.0,3.0,0.6691176470588235,Murraylink
V-S-MNSP1,reverse,EL31392,Ballart220-Moorabool 2 220kV LINE,220.0,,,,V-BAML2_15M,1,MERCER01 (+2.67); MOORAWF1 (+2.67); ELAINWF1 (+2.67); BALB1 (+2.13); YENDWF1 (+2.13); ARWF1 (+2.05),,K2,V-BAML2_15M,indicative,57.562453333333316,79.50364764949758,-65.56293833333334,74.42328333333334,0.46153846153846156,120.55206666666666,-77.0,68.57463833333334,-20.0048425,68.0,3.0,0.6691176470588235,Murraylink
V-S-MNSP1,forward,EL31818,CrwLnd ARTS ln No2 bus 220kV CB,220.0,,,,V-ARCW,2,GANNB1 (+2.02); GANNSF1 (+2.02); KERNGSP1 (+2.02); COHUNSF1 (+2.02); KESSB1 (+1.96); LANCSF1 (-1.78),,K2,V-ARCW,supported,-60.91586583333333,-48.611866915422894,-83.54381833333333,-27.367530000000016,-0.4519230769230769,-90.15511666666666,43.548175416666666,73.33333333333333,138.35409,29.0,5.0,0.896551724137931,Murraylink
V-S-MNSP1,reverse,EL31818,CrwLnd ARTS ln No2 bus 220kV CB,220.0,,,,V-ARCW,2,GANNB1 (+2.02); GANNSF1 (+2.02); KERNGSP1 (+2.02); COHUNSF1 (+2.02); KESSB1 (+1.96); LANCSF1 (-1.78),,K2,V-ARCW,supported,138.7784725,199.20354904306217,78.725235,206.987305,0.23076923076923078,94.30106333333333,55.286085833333324,69.155425,-95.75606833333332,29.0,5.0,0.896551724137931,Murraylink
V-S-MNSP1,forward,EL32427,Buronga B1 220kV BUS,220.0,,,,I-BURC_X1|I-X_BABU_BURC|N-BABU,4,LIMOSF21 (-2.93); STWF1 (-2.93); BROKENH1 (-2.93); BHB1 (-2.93); SUNRSF1 (-2.93); LIMOSF11 (-2.93),,K2,N-BABU,supported,-73.85033000000001,-51.158214422752565,-96.77455499999999,-36.332449874999995,-0.06327543424317617,-40.888481666666664,-1.6666666624587378e-06,12.514250833333334,112.79166666666666,514.5,21.0,0.783284742468416,Murraylink
V-S-MNSP1,reverse,EL32427,Buronga B1 220kV BUS,220.0,,,,I-BURC_X1|I-X_BABU_BURC|N-BABU,4,LIMOSF21 (-2.93); STWF1 (-2.93); BROKENH1 (-2.93); BHB1 (-2.93); SUNRSF1 (-2.93); LIMOSF11 (-2.93),,K2,N-BABU,supported,50.854280833333334,84.91567003797284,25.499756791666666,69.556995,0.02915632754342433,42.263640833333326,1.1666666680731907e-05,56.85185083333333,3.5,514.5,21.0,0.783284742468416,Murraylink
V-S-MNSP1,forward,EL32525,Kiamal SF-MuraWara 220kV LINE,220.0,Kiamal SF,VIC1,,V-CWHO|V-MRKM,4,GANNB1 (+1.95); COHUNSF1 (+1.95); GANNSF1 (+1.95); KERNGSP1 (+1.95); KESSB1 (+1.89); WUNUSF1 (-1.70),,K2,V-MRKM,supported,-51.72699583333334,-42.130532490834725,-81.28794833333333,-16.53418166666666,-0.07022471910112363,-45.64110875,5.547610000000013,54.090847499999995,112.58333333333334,97.5,11.0,0.9128205128205128,Murraylink
V-S-MNSP1,reverse,EL32525,Kiamal SF-MuraWara 220kV LINE,220.0,Kiamal SF,VIC1,,V-CWHO|V-MRKM,4,GANNB1 (+1.95); COHUNSF1 (+1.95); GANNSF1 (+1.95); KERNGSP1 (+1.95); KESSB1 (+1.89); WUNUSF1 (-1.70),,K2,V-MRKM,supported,50.916669166666665,75.62156732089323,24.967441666666666,71.01875833333335,0.016853932584269662,38.078565,9.369425000000014,44.333333333333336,0.0,97.5,11.0,0.9128205128205128,Murraylink
V-S-MNSP1,forward,EL32526,Kiamal SF-Red Cliffs 220kV LINE,220.0,Kiamal SF,VIC1,,V-KMRC|V-RCTS_BUS2|V-X_RCTS_B2_SMTX,16,STWF1 (-6.01); BHB1 (-6.01); BROKENH1 (-6.01); UPPTUMUT (-5.03); URANQ13 (-4.13); URANQ12 (-4.13),,K1xK2,EL32526 × V-KMRC,supported,-36.30149500000002,-27.49088978956062,-90.59303,-6.961888333333334,0.0,-11.895063333333336,-13.534479999999999,50.347546666666666,98.5,87.0,7.0,0.9137931034482759,Murraylink
V-S-MNSP1,reverse,EL32526,Kiamal SF-Red Cliffs 220kV LINE,220.0,Kiamal SF,VIC1,,V-KMRC|V-RCTS_BUS2|V-X_RCTS_B2_SMTX,16,STWF1 (-6.01); BHB1 (-6.01); BROKENH1 (-6.01); UPPTUMUT (-5.03); URANQ13 (-4.13); URANQ12 (-4.13),,K1xK2,EL32526 × V-KMRC,supported,12.151359999999999,22.228097560975606,-29.8995625,39.75,0.0,6.802204999999994,1.3333333333333428,43.0,35.166666666666664,87.0,7.0,0.9137931034482759,Murraylink
V-S-MNSP1,forward,EL32811,Stockdil-Upr Tumut 1 330kV LINE,330.0,,,,N-CTMN_4_WG_CLOSE,1,BROKENH1 (-2.93); BHB1 (-2.93); STWF1 (-2.93); LIMOSF21 (-2.93); SUNRSF1 (-2.93); LIMOSF11 (-2.93),,K2,N-CTMN_4_WG_CLOSE,supported,-1.866074999999995,-1.3005785508528063,-7.584401416666675,1.8333333333333335,-0.09180166912125676,-8.113929999999982,2.916413333333338,132.58528,143.0,1630.0,12.0,0.6248466257668711,Murraylink
V-S-MNSP1,reverse,EL32811,Stockdil-Upr Tumut 1 330kV LINE,330.0,,,,N-CTMN_4_WG_CLOSE,1,BROKENH1 (-2.93); BHB1 (-2.93); STWF1 (-2.93); LIMOSF21 (-2.93); SUNRSF1 (-2.93); LIMOSF11 (-2.93),,K2,N-CTMN_4_WG_CLOSE,supported,14.25,25.59880239520958,6.682951374999997,24.4938209375,0.004909180166912129,8.450676666666673,1.083333332019265e-05,8.0,-20.5,1630.0,12.0,0.6248466257668711,Murraylink
V-S-MNSP1,forward,EL32851,CollctorWF-Yass 3L 330kV LINE,330.0,,,,N-CTYS_3L_WG_CLOSE,1,,,K2,N-CTYS_3L_WG_CLOSE,supported,3.0,2.247809875840775,-10.152508895833327,17.775578874999987,0.01381215469613259,-1.3424750000000074,0.0,119.66666666666667,108.9044475,804.0,11.0,0.7879353233830846,Murraylink
V-S-MNSP1,reverse,EL32851,CollctorWF-Yass 3L 330kV LINE,330.0,,,,N-CTYS_3L_WG_CLOSE,1,,,K2,N-CTYS_3L_WG_CLOSE,supported,-12.833333333333329,-22.560975609756103,-25.67083333333333,-0.7136494791666698,-0.07458563535911601,-0.41618333333335045,0.0,0.0,24.5,804.0,11.0,0.7879353233830846,Murraylink
V-S-MNSP1,forward,EL32852,CollctorWF-Marulan 4 330kV LINE,330.0,,,,I-BURC|N-CTMN_4_WG_CLOSE,3,STWF1 (-2.93); LIMOSF21 (-2.93); BHB1 (-2.93); BROKENH1 (-2.93); LIMOSF11 (-2.93); SUNRSF1 (-2.93),,K2,N-CTMN_4_WG_CLOSE,supported,-1.866074999999995,-1.3005785508528063,-7.584401416666675,1.8333333333333335,-0.09180166912125676,-8.113929999999982,2.916413333333338,132.58528,143.0,1630.0,12.0,0.6248466257668711,Murraylink
V-S-MNSP1,reverse,EL32852,CollctorWF-Marulan 4 330kV LINE,330.0,,,,I-BURC|N-CTMN_4_WG_CLOSE,3,STWF1 (-2.93); LIMOSF21 (-2.93); BHB1 (-2.93); BROKENH1 (-2.93); LIMOSF11 (-2.93); SUNRSF1 (-2.93),,K2,I-BURC,supported,65.06269833333332,106.0084618902439,31.419083333333333,78.17556649999999,0.18864468864468864,0.8616633333333539,33.333341666666655,-71.0,-143.30999833333334,157.5,16.0,0.8666666666666667,Murraylink
V-S-MNSP1,forward,EL32900,Ravine-Yass 2 330kV LINE,330.0,Ravine,NSW1,,N-CTYS_3L_WG_CLOSE|N-MNYS_5_WG_CLOSE|N-X_2_5|N-X_3L+2_WG_CLOSE,3,BROKENH1 (-2.93); BHB1 (-2.93); STWF1 (-2.93); LIMOSF21 (-2.93); SUNRSF1 (-2.93); LIMOSF11 (-2.93),,K2,N-CTYS_3L_WG_CLOSE,supported,3.0,2.247809875840775,-10.152508895833327,17.775578874999987,0.01381215469613259,-1.3424750000000074,0.0,119.66666666666667,108.9044475,804.0,11.0,0.7879353233830846,Murraylink
V-S-MNSP1,reverse,EL32900,Ravine-Yass 2 330kV LINE,330.0,Ravine,NSW1,,N-CTYS_3L_WG_CLOSE|N-MNYS_5_WG_CLOSE|N-X_2_5|N-X_3L+2_WG_CLOSE,3,BROKENH1 (-2.93); BHB1 (-2.93); STWF1 (-2.93); LIMOSF21 (-2.93); SUNRSF1 (-2.93); LIMOSF11 (-2.93),,K2,N-CTYS_3L_WG_CLOSE,supported,-12.833333333333329,-22.560975609756103,-25.67083333333333,-0.7136494791666698,-0.07458563535911601,-0.41618333333335045,0.0,0.0,24.5,804.0,11.0,0.7879353233830846,Murraylink
V-S-MNSP1,forward,EL33134,Balranald 1 220kV BUS,220.0,Balranald 220/22kV Substation,NSW1,,N-BABU|N-BADP|N-MNYS_5_WG_CLOSE,1,BROKENH1 (-2.93); BHB1 (-2.93); STWF1 (-2.93); LIMOSF21 (-2.93); SUNRSF1 (-2.93); LIMOSF11 (-2.93),,K2,N-BABU,supported,-73.85033000000001,-51.158214422752565,-96.77455499999999,-36.332449874999995,-0.06327543424317617,-40.888481666666664,-1.6666666624587378e-06,12.514250833333334,112.79166666666666,514.5,21.0,0.783284742468416,Murraylink
V-S-MNSP1,reverse,EL33134,Balranald 1 220kV BUS,220.0,Balranald 220/22kV Substation,NSW1,,N-BABU|N-BADP|N-MNYS_5_WG_CLOSE,1,BROKENH1 (-2.93); BHB1 (-2.93); STWF1 (-2.93); LIMOSF21 (-2.93); SUNRSF1 (-2.93); LIMOSF11 (-2.93),,K2,N-BABU,supported,50.854280833333334,84.91567003797284,25.499756791666666,69.556995,0.02915632754342433,42.263640833333326,1.1666666680731907e-05,56.85185083333333,3.5,514.5,21.0,0.783284742468416,Murraylink
V-S-MNSP1,forward,ELTS/BUS/7MN1,ELTS 1 220kV BUS,220.0,Elaine Terminal Station 220kV,VIC1,south-east of Ballarat (24 km),CA_BRIS_59643BAE,1,ARWF1 (+3.73); BULBES1 (+3.73); CROWLWF1 (+3.73); MERCER01 (+3.73); BULGANA1 (+3.73); KIATAWF1 (+3.73),Lal Lal (Elaine) Wind Farm (3 km); Lal Lal (Yendon) Wind Farm (12 km); Moorabool Wind Farm (14 km); Mount Mercer Wind Farm (17 km); Ballarat Energy Storage System (20 km); Yaloak South Wind Farm (22 km); Hepburn Wind Project (35 km); Victoria Big Battery (42 km); Chepstowe Wind Farm (48 km); Berrybank Stage 1 Wind Farm (49 km),none,,unsupported,,,,,,,,,,,,,Murraylink
V-S-MNSP1,reverse,ELTS/BUS/7MN1,ELTS 1 220kV BUS,220.0,Elaine Terminal Station 220kV,VIC1,south-east of Ballarat (24 km),CA_BRIS_59643BAE,1,ARWF1 (+3.73); BULBES1 (+3.73); CROWLWF1 (+3.73); MERCER01 (+3.73); BULGANA1 (+3.73); KIATAWF1 (+3.73),Lal Lal (Elaine) Wind Farm (3 km); Lal Lal (Yendon) Wind Farm (12 km); Moorabool Wind Farm (14 km); Mount Mercer Wind Farm (17 km); Ballarat Energy Storage System (20 km); Yaloak South Wind Farm (22 km); Hepburn Wind Project (35 km); Victoria Big Battery (42 km); Chepstowe Wind Farm (48 km); Berrybank Stage 1 Wind Farm (49 km),none,,unsupported,,,,,,,,,,,,,Murraylink
V-S-MNSP1,forward,GRIFFITH/LINE/99J,Griffith Yanco 99J 132kV LINE,132.0,Griffith 132kV,NSW1,,N-GFYC-99J-C|N-WGWA_63|N-WGWA_RADIAL|V-AR_WB_BA,6,HILLSTN1 (+4.63); RESS1 (+4.63); RIVNB2 (+4.63); DPNTB1 (+4.63); COLEASF1 (+4.41); LIMOSF21 (-2.93),,K1xK2,GRIFFITH/LINE/99J × N-GFYC-99J-C,supported,3.3333333333333286,2.5243119959256557,-2.8333333333333286,29.799518333333324,0.0,7.697273333333332,0.0,107.0,86.64111333333334,345.0,5.0,0.8478260869565217,Murraylink
V-S-MNSP1,reverse,GRIFFITH/LINE/99J,Griffith Yanco 99J 132kV LINE,132.0,Griffith 132kV,NSW1,,N-GFYC-99J-C|N-WGWA_63|N-WGWA_RADIAL|V-AR_WB_BA,6,HILLSTN1 (+4.63); RESS1 (+4.63); RIVNB2 (+4.63); DPNTB1 (+4.63); COLEASF1 (+4.41); LIMOSF21 (-2.93),,K1xK2,GRIFFITH/LINE/99J × N-GFYC-99J-C,supported,-8.666666666666671,-15.853658536585375,-31.33884,0.4642950000000212,0.0,-4.35149333333333,1.6666666908804473e-06,21.833333333333332,36.5,345.0,5.0,0.8478260869565217,Murraylink
V-S-MNSP1,forward,GTS/LINE/GTS_MLTS2_220,Geelong Moorabool 2 220kV LINE,220.0,Geelong 220kV,VIC1,central Geelong,CA_BRIS_5964121F,1,VBB1 (+1.69); CROWLWF1 (+1.54); MERCER01 (+1.54); BULBES1 (+1.54); KIATAWF1 (+1.54); KIAMSF1 (+1.54),Victoria Big Battery (7 km); Deakin University Solar Farm (14 km); Black Rock Solar Farm (23 km); Yaloak South Wind Farm (40 km); Moorabool Wind Farm (45 km); Lal Lal (Elaine) Wind Farm (47 km); Laverton North Power Station (48 km); Mount Mercer Wind Farm (49 km),none,,unsupported,,,,,,,,,,,,,Murraylink
V-S-MNSP1,reverse,GTS/LINE/GTS_MLTS2_220,Geelong Moorabool 2 220kV LINE,220.0,Geelong 220kV,VIC1,central Geelong,CA_BRIS_5964121F,1,VBB1 (+1.69); CROWLWF1 (+1.54); MERCER01 (+1.54); BULBES1 (+1.54); KIATAWF1 (+1.54); KIAMSF1 (+1.54),Victoria Big Battery (7 km); Deakin University Solar Farm (14 km); Black Rock Solar Farm (23 km); Yaloak South Wind Farm (40 km); Moorabool Wind Farm (45 km); Lal Lal (Elaine) Wind Farm (47 km); Laverton North Power Station (48 km); Mount Mercer Wind Farm (49 km),K4,VIC1:Geelong,supported,-5.913600000000002,-8.61236842105261,-18.0,4.166666666662878e-08,0.0,-2.4476616666666473,-3.3333333249174757e-06,-26.502413333333333,5.999998333333333,762.0,27.0,0.823490813648294,Murraylink
V-S-MNSP1,forward,HOTS/LINE/BGTS_HOTS_220,Bulgana-Horsham 220kV LINE,220.0,Horsham 220kV,VIC1,central Horsham,V-CWHO,3,GANNB1 (+1.95); COHUNSF1 (+1.95); GANNSF1 (+1.95); KERNGSP1 (+1.95); KESSB1 (+1.89); WUNUSF1 (-1.70),Murra Warra Wind Farm (33 km),none,,unsupported,,,,,,,,,,,,,Murraylink
V-S-MNSP1,reverse,HOTS/LINE/BGTS_HOTS_220,Bulgana-Horsham 220kV LINE,220.0,Horsham 220kV,VIC1,central Horsham,V-CWHO,3,GANNB1 (+1.95); COHUNSF1 (+1.95); GANNSF1 (+1.95); KERNGSP1 (+1.95); KESSB1 (+1.89); WUNUSF1 (-1.70),Murra Warra Wind Farm (33 km),none,,unsupported,,,,,,,,,,,,,Murraylink
V-S-MNSP1,forward,HOTS/SVC/SVC,Horsham 220kV SVC,220.0,Horsham 220kV,VIC1,central Horsham,V-KOWE,1,ARWF1 (+1.92); CROWLWF1 (+1.90); BULGANA1 (+1.86); BULBES1 (+1.86); MCKAY1 (+1.82); WKIEWA1 (+1.82),Murra Warra Wind Farm (33 km),none,,unsupported,,,,,,,,,,,,,Murraylink
V-S-MNSP1,reverse,HOTS/SVC/SVC,Horsham 220kV SVC,220.0,Horsham 220kV,VIC1,central Horsham,V-KOWE,1,ARWF1 (+1.92); CROWLWF1 (+1.90); BULGANA1 (+1.86); BULBES1 (+1.86); MCKAY1 (+1.82); WKIEWA1 (+1.82),Murra Warra Wind Farm (33 km),none,,unsupported,,,,,,,,,,,,,Murraylink
V-S-MNSP1,forward,HWPS/BUS/7MN6,Hazelwd PS 6 220kV BUS,220.0,Hazelwood Ps 220kV,VIC1,,V-MLSY_NOEMTT_P,1,GPWFWST1 (+3.44); GPWFEST2 (+3.44); GPWFEST3 (+3.44); GPWFEST1 (+3.44); GPWFWST2 (+3.44); STOCKYD1 (+3.42),,none,,unsupported,,,,,,,,,,,,,Murraylink
V-S-MNSP1,reverse,HWPS/BUS/7MN6,Hazelwd PS 6 220kV BUS,220.0,Hazelwood Ps 220kV,VIC1,,V-MLSY_NOEMTT_P,1,GPWFWST1 (+3.44); GPWFEST2 (+3.44); GPWFEST3 (+3.44); GPWFEST1 (+3.44); GPWFWST2 (+3.44); STOCKYD1 (+3.42),,none,,unsupported,,,,,,,,,,,,,Murraylink
V-S-MNSP1,forward,HYTS/LINE/HYTS_SESS1_275,South_East Heywood. 1 275kV LINE,275.0,Heywood 500kV,VIC1,north of Portland (18 km),I-HYSE|I-X_BDBU+HYSE|S-TBSE,12,MCKAY1 (+1.82); DARTM1 (+1.82); WKIEWA1 (+1.82); MURRAY (+1.60); MOKOSF1 (+0.88); GLRWNSF1 (+0.88),Cape Nelson North Wind Farm (22 km); Cape Sir William Grant Wind Farm (24 km); Cape Nelson South Wind Farm (26 km); Cape Bridgewater Wind Farm (30 km); Codrington Wind Farm (30 km); Yambuk Wind Farm (35 km),K1xK2,HYTS/LINE/HYTS_SESS1_275 × I-HYSE,supported,45.423366666666666,36.33774469087669,-3.2165133333333387,96.11294166666667,0.0,20.149967499999985,55.305633333333326,128.92714333333333,64.54308416666666,39.0,7.0,0.6153846153846154,Murraylink
V-S-MNSP1,reverse,HYTS/LINE/HYTS_SESS1_275,South_East Heywood. 1 275kV LINE,275.0,Heywood 500kV,VIC1,north of Portland (18 km),I-HYSE|I-X_BDBU+HYSE|S-TBSE,12,MCKAY1 (+1.82); DARTM1 (+1.82); WKIEWA1 (+1.82); MURRAY (+1.60); MOKOSF1 (+0.88); GLRWNSF1 (+0.88),Cape Nelson North Wind Farm (22 km); Cape Sir William Grant Wind Farm (24 km); Cape Nelson South Wind Farm (26 km); Cape Bridgewater Wind Farm (30 km); Codrington Wind Farm (30 km); Yambuk Wind Farm (35 km),K1xK2,HYTS/LINE/HYTS_SESS1_275 × I-HYSE,supported,-6.305384166666656,-8.892922802233933,-97.60013166666666,42.64210999999999,0.0,-20.149967499999985,30.50268583333334,5.236154166666668,-4.583333333333333,39.0,7.0,0.6153846153846154,Murraylink
V-S-MNSP1,forward,HYTS/LINE/HYTS_SESS2_275,South_East Heywood. 2 275kV LINE,275.0,Heywood 500kV,VIC1,north of Portland (18 km),I-HYSE|I-X_BDBU+HYSE,20,MCKAY1 (+1.07); DARTM1 (+1.07); WKIEWA1 (+1.07); MURRAY (+0.89); COHUNSF1 (+0.43); GANNSF1 (+0.43),Cape Nelson North Wind Farm (22 km); Cape Sir William Grant Wind Farm (24 km); Cape Nelson South Wind Farm (26 km); Cape Bridgewater Wind Farm (30 km); Codrington Wind Farm (30 km); Yambuk Wind Farm (35 km),K1xK2,HYTS/LINE/HYTS_SESS2_275 × I-HYSE,supported,0.0,0.0,-32.00288166666667,89.02254166666667,0.0,0.0,0.0,73.495255,0.0,87.5,5.0,0.8685714285714285,Murraylink
V-S-MNSP1,reverse,HYTS/LINE/HYTS_SESS2_275,South_East Heywood. 2 275kV LINE,275.0,Heywood 500kV,VIC1,north of Portland (18 km),I-HYSE|I-X_BDBU+HYSE,20,MCKAY1 (+1.07); DARTM1 (+1.07); WKIEWA1 (+1.07); MURRAY (+0.89); COHUNSF1 (+0.43); GANNSF1 (+0.43),Cape Nelson North Wind Farm (22 km); Cape Sir William Grant Wind Farm (24 km); Cape Nelson South Wind Farm (26 km); Cape Bridgewater Wind Farm (30 km); Codrington Wind Farm (30 km); Yambuk Wind Farm (35 km),K1xK2,HYTS/LINE/HYTS_SESS2_275 × I-HYSE,supported,11.598207500000001,18.53816375985438,-2.79731000000001,43.5,0.0,0.7914133333333382,-1.6666666645627025e-06,9.431540833333333,0.0,87.5,5.0,0.8685714285714285,Murraylink
V-S-MNSP1,forward,JINDERA/LINE/060,Wodonga. Jinderra 60 330kV LINE,330.0,Jinderra 330kV,NSW1,,N-DPWG_63_X5,1,BROKENH1 (-2.93); BHB1 (-2.93); STWF1 (-2.93); LIMOSF11 (-2.93); LIMOSF21 (-2.93); SUNRSF1 (-2.93),,K3,JINDERA,indicative,-36.611175833333334,-27.72540910230808,-49.22946166666667,18.088335,0.0,-27.566855000000004,0.3930266666666711,30.231583333333333,29.61747000000001,181.5,3.0,0.9173553719008265,Murraylink
V-S-MNSP1,reverse,JINDERA/LINE/060,Wodonga. Jinderra 60 330kV LINE,330.0,Jinderra 330kV,NSW1,,N-DPWG_63_X5,1,BROKENH1 (-2.93); BHB1 (-2.93); STWF1 (-2.93); LIMOSF11 (-2.93); LIMOSF21 (-2.93); SUNRSF1 (-2.93),,K3,JINDERA,indicative,49.333333333333336,71.34146341463415,41.0,63.0,0.0,21.0,30.257679999999997,62.0,0.0,181.5,3.0,0.9173553719008265,Murraylink
V-S-MNSP1,forward,JINDERA/LINE/62,Wagga Jinderra 62 330kV LINE,330.0,Jinderra 330kV,NSW1,,N-JNWG_RADIAL,2,BROKENH1 (-2.93); BHB1 (-2.93); STWF1 (-2.93); LIMOSF11 (-2.93); LIMOSF21 (-2.93); SUNRSF1 (-2.93),,K2,N-JNWG_RADIAL,indicative,-106.87617166666666,-79.75833706467661,-113.02733666666666,-83.29638,0.23758865248226957,-60.37123,-8.488815000000017,36.300415,146.93961333333334,206.5,3.0,0.3414043583535109,Murraylink
V-S-MNSP1,reverse,JINDERA/LINE/62,Wagga Jinderra 62 330kV LINE,330.0,Jinderra 330kV,NSW1,,N-JNWG_RADIAL,2,BROKENH1 (-2.93); BHB1 (-2.93); STWF1 (-2.93); LIMOSF11 (-2.93); LIMOSF21 (-2.93); SUNRSF1 (-2.93),,K2,N-JNWG_RADIAL,indicative,79.97657083333334,114.79890550239236,35.333333333333336,113.5,0.07801418439716312,66.16771499999999,2.1397300000000143,48.0,-37.166666666666664,206.5,3.0,0.3414043583535109,Murraylink
V-S-MNSP1,forward,JINDERA/LINE/N/A,Wodonga Jinderra. 330kV LINE,330.0,Jinderra 330kV,NSW1,,N-DPWG_63|N-DPWG_63_X5,3,BROKENH1 (-2.93); BHB1 (-2.93); STWF1 (-2.93); LIMOSF11 (-2.93); LIMOSF21 (-2.93); SUNRSF1 (-2.93),,K3,JINDERA,indicative,-36.611175833333334,-27.72540910230808,-49.22946166666667,18.088335,0.0,-27.566855000000004,0.3930266666666711,30.231583333333333,29.61747000000001,181.5,3.0,0.9173553719008265,Murraylink
V-S-MNSP1,reverse,JINDERA/LINE/N/A,Wodonga Jinderra. 330kV LINE,330.0,Jinderra 330kV,NSW1,,N-DPWG_63|N-DPWG_63_X5,3,BROKENH1 (-2.93); BHB1 (-2.93); STWF1 (-2.93); LIMOSF11 (-2.93); LIMOSF21 (-2.93); SUNRSF1 (-2.93),,K3,JINDERA,indicative,49.333333333333336,71.34146341463415,41.0,63.0,0.0,21.0,30.257679999999997,62.0,0.0,181.5,3.0,0.9173553719008265,Murraylink
V-S-MNSP1,forward,KANGAROO/BUS/3 & 4,Kng Vly 3 & 4 330kV BUS,330.0,Kangaroo Valley Ps,NSW1,,N-KVCW_3W_WG_CLOSE,1,,,K2,N-KVCW_3W_WG_CLOSE,supported,-10.17136166666667,-7.13518771978735,-79.87184687499999,-1.0606854375000034,-0.12179487179487175,-5.7224529166666676,-8.333333312293689e-07,0.0,134.0,249.5,9.0,0.9378757515030061,Murraylink
V-S-MNSP1,reverse,KANGAROO/BUS/3 & 4,Kng Vly 3 & 4 330kV BUS,330.0,Kangaroo Valley Ps,NSW1,,N-KVCW_3W_WG_CLOSE,1,,,K2,N-KVCW_3W_WG_CLOSE,supported,-2.895256666666665,-4.626320359281447,-17.333626666666664,0.0,-0.003205128205128206,5.8490616666666675,-1.8333333315467826e-05,-1.6666666666666669e-06,-26.39239166666667,249.5,9.0,0.9378757515030061,Murraylink
V-S-MNSP1,forward,KANGAROO/BUS/53,Kng Vly PS 3 330kV BUS,330.0,Kangaroo Valley Ps,NSW1,,N-KVCW_3W_WG_CLOSE,2,,,K2,N-KVCW_3W_WG_CLOSE,supported,-10.17136166666667,-7.13518771978735,-79.87184687499999,-1.0606854375000034,-0.12179487179487175,-5.7224529166666676,-8.333333312293689e-07,0.0,134.0,249.5,9.0,0.9378757515030061,Murraylink
V-S-MNSP1,reverse,KANGAROO/BUS/53,Kng Vly PS 3 330kV BUS,330.0,Kangaroo Valley Ps,NSW1,,N-KVCW_3W_WG_CLOSE,2,,,K2,N-KVCW_3W_WG_CLOSE,supported,-2.895256666666665,-4.626320359281447,-17.333626666666664,0.0,-0.003205128205128206,5.8490616666666675,-1.8333333315467826e-05,-1.6666666666666669e-06,-26.39239166666667,249.5,9.0,0.9378757515030061,Murraylink
V-S-MNSP1,forward,KANGAROO/BUS/54,Kng Vly PS 4 330kV BUS,330.0,Kangaroo Valley Ps,NSW1,,N-DTKV_18_WG_CLOSE,1,BROKENH1 (-2.93); BHB1 (-2.93); STWF1 (-2.93); LIMOSF21 (-2.93); SUNRSF1 (-2.93); LIMOSF11 (-2.93),,K2,N-DTKV_18_WG_CLOSE,supported,0.0,0.0,0.0,8.692344999999998,0.07339449541284404,0.0,0.0,0.0,0.0,59.5,5.0,0.9159663865546218,Murraylink
V-S-MNSP1,reverse,KANGAROO/BUS/54,Kng Vly PS 4 330kV BUS,330.0,Kangaroo Valley Ps,NSW1,,N-DTKV_18_WG_CLOSE,1,BROKENH1 (-2.93); BHB1 (-2.93); STWF1 (-2.93); LIMOSF21 (-2.93); SUNRSF1 (-2.93); LIMOSF11 (-2.93),,K2,N-DTKV_18_WG_CLOSE,supported,0.0,0.0,-38.92461,0.0,0.03211009174311927,0.0,0.0,-1.6666666666666669e-06,0.0,59.5,5.0,0.9159663865546218,Murraylink
V-S-MNSP1,forward,KANGAROO/LINE/3W,Kng Vly-CapitalWF 3W 330kV LINE,330.0,Kangaroo Valley Ps,NSW1,,N-KVCW_3W_WG_CLOSE|N-LTUT_64_15M,8,GUTHEGA (-6.33); UPPTUMUT (-3.65); BROKENH1 (-3.43); STWF1 (-3.43); BHB1 (-3.43); TUMUT3-4 (-3.09),,K1xK2,KANGAROO/LINE/3W × N-KVCW_3W_WG_CLOSE,supported,-16.41995708333333,-11.836429631357845,-86.00000166666666,-1.5782299999999907,0.0,-6.837599166666664,-7.105427357601002e-15,0.0,135.33939500000002,234.5,5.0,0.9339019189765458,Murraylink
V-S-MNSP1,reverse,KANGAROO/LINE/3W,Kng Vly-CapitalWF 3W 330kV LINE,330.0,Kangaroo Valley Ps,NSW1,,N-KVCW_3W_WG_CLOSE|N-LTUT_64_15M,8,GUTHEGA (-6.33); UPPTUMUT (-3.65); BROKENH1 (-3.43); STWF1 (-3.43); BHB1 (-3.43); TUMUT3-4 (-3.09),,K1xK2,KANGAROO/LINE/3W × N-KVCW_3W_WG_CLOSE,supported,-1.9650091666666682,-3.5299565868263505,-18.318091666666675,0.00993999999997186,0.0,6.935389166666672,-1.8333333315467826e-05,0.0,-20.05027666666667,234.5,5.0,0.9339019189765458,Murraylink
V-S-MNSP1,forward,KGTS/LINE/BETS_KGTS_220,Bendigo Kerang 220kV LINE,220.0,Kerang 220kV,VIC1,central Kerang,V-BEKG,1,ARWF1 (+1.85); CROWLWF1 (+1.82); DARTM1 (+1.82); MCKAY1 (+1.82); WKIEWA1 (+1.82); BULGANA1 (+1.77),Kerang Green Switch Solar Power (1 km); Gannawarra Solar Farm (14 km); Gannawarra Energy Storage System (14 km); Cohuna Solar Farm (29 km),none,,unsupported,,,,,,,,,,,,,Murraylink
V-S-MNSP1,reverse,KGTS/LINE/BETS_KGTS_220,Bendigo Kerang 220kV LINE,220.0,Kerang 220kV,VIC1,central Kerang,V-BEKG,1,ARWF1 (+1.85); CROWLWF1 (+1.82); DARTM1 (+1.82); MCKAY1 (+1.82); WKIEWA1 (+1.82); BULGANA1 (+1.77),Kerang Green Switch Solar Power (1 km); Gannawarra Solar Farm (14 km); Gannawarra Energy Storage System (14 km); Cohuna Solar Farm (29 km),none,,unsupported,,,,,,,,,,,,,Murraylink
V-S-MNSP1,forward,KGTS/LINE/KGTS_KOTS_220,Kerang-Koorangie 220kV LINE,220.0,Kerang 220kV,VIC1,central Kerang,V-KGKO,1,ARWF1 (+1.92); CROWLWF1 (+1.90); BULBES1 (+1.86); BULGANA1 (+1.86); DARTM1 (+1.82); MCKAY1 (+1.82),Kerang Green Switch Solar Power (1 km); Gannawarra Solar Farm (14 km); Gannawarra Energy Storage System (14 km); Cohuna Solar Farm (29 km),none,,unsupported,,,,,,,,,,,,,Murraylink
V-S-MNSP1,reverse,KGTS/LINE/KGTS_KOTS_220,Kerang-Koorangie 220kV LINE,220.0,Kerang 220kV,VIC1,central Kerang,V-KGKO,1,ARWF1 (+1.92); CROWLWF1 (+1.90); BULBES1 (+1.86); BULGANA1 (+1.86); DARTM1 (+1.82); MCKAY1 (+1.82),Kerang Green Switch Solar Power (1 km); Gannawarra Solar Farm (14 km); Gannawarra Energy Storage System (14 km); Cohuna Solar Farm (29 km),none,,unsupported,,,,,,,,,,,,,Murraylink
V-S-MNSP1,forward,KIAMALSF/LINE/KMTS_MRTS_220,KiamalSF-MuraWara 220kV LINE,220.0,Kiamal SF,VIC1,,V-MRKM,2,SUNRSF1 (+1.49); LIMOSF11 (+1.49); LIMOSF21 (+1.49); LIMBESS1 (+1.49); GANNB1 (+1.47); COHUNSF1 (+1.47),,K2,V-MRKM,supported,-51.72699583333334,-42.130532490834725,-81.28794833333333,-16.53418166666666,-0.07022471910112363,-45.64110875,5.547610000000013,54.090847499999995,112.58333333333334,97.5,11.0,0.9128205128205128,Murraylink
V-S-MNSP1,reverse,KIAMALSF/LINE/KMTS_MRTS_220,KiamalSF-MuraWara 220kV LINE,220.0,Kiamal SF,VIC1,,V-MRKM,2,SUNRSF1 (+1.49); LIMOSF11 (+1.49); LIMOSF21 (+1.49); LIMBESS1 (+1.49); GANNB1 (+1.47); COHUNSF1 (+1.47),,K2,V-MRKM,supported,50.916669166666665,75.62156732089323,24.967441666666666,71.01875833333335,0.016853932584269662,38.078565,9.369425000000014,44.333333333333336,0.0,97.5,11.0,0.9128205128205128,Murraylink
V-S-MNSP1,forward,KIAMALSF/LINE/KMTS_RCTS_220,KiamalSF-Red_Cliffs 220kV LINE,220.0,Kiamal SF,VIC1,,I-BDBU_ONE|I-X_6F_KMRC|V-KMRC,5,AVLSF1 (+14.08); BOMENSF1 (+8.26); JUNEESF1 (+8.26); WAGGNSF1 (+8.26); SEBSF1 (+8.26); WSTWYSF1 (+8.26),,K1xK2,KIAMALSF/LINE/KMTS_RCTS_220 × V-KMRC,indicative,-50.99451500000001,-38.617819782273294,-89.22384,-6.935979166666641,0.0,-84.56740708333334,1.6666666766695926e-06,60.73447,139.9201875,28.0,3.0,1.0,Murraylink
V-S-MNSP1,reverse,KIAMALSF/LINE/KMTS_RCTS_220,KiamalSF-Red_Cliffs 220kV LINE,220.0,Kiamal SF,VIC1,,I-BDBU_ONE|I-X_6F_KMRC|V-KMRC,5,AVLSF1 (+14.08); BOMENSF1 (+8.26); JUNEESF1 (+8.26); WAGGNSF1 (+8.26); SEBSF1 (+8.26); WSTWYSF1 (+8.26),,K2,V-KMRC,supported,21.000000000000004,35.497987590402545,8.333333326504544e-06,47.666228041666656,0.09740259740259741,15.106315833333333,7.50000000948603e-06,40.48837,21.5,174.5,20.0,0.8825214899713467,Murraylink
V-S-MNSP1,forward,KMTS_MRTS_220/LINE/KMTS_MRTS_220,Kiamal SF-MuraWara 220kV LINE,220.0,,,,V-MRKM,6,SUNRSF1 (+1.49); LIMOSF11 (+1.49); LIMOSF21 (+1.49); LIMBESS1 (+1.49); GANNB1 (+1.47); COHUNSF1 (+1.47),,K1xK2,KMTS_MRTS_220/LINE/KMTS_MRTS_220 × V-MRKM,supported,-53.522115,-45.4030118360785,-86.71021,-23.046711666666667,0.0,-45.88838208333332,22.192466250000013,48.90365166666666,91.65139666666667,47.5,5.0,0.8631578947368421,Murraylink
V-S-MNSP1,reverse,KMTS_MRTS_220/LINE/KMTS_MRTS_220,Kiamal SF-MuraWara 220kV LINE,220.0,,,,V-MRKM,6,SUNRSF1 (+1.49); LIMOSF11 (+1.49); LIMOSF21 (+1.49); LIMBESS1 (+1.49); GANNB1 (+1.47); COHUNSF1 (+1.47),,K2,V-MRKM,supported,50.916669166666665,75.62156732089323,24.967441666666666,71.01875833333335,0.016853932584269662,38.078565,9.369425000000014,44.333333333333336,0.0,97.5,11.0,0.9128205128205128,Murraylink
V-S-MNSP1,forward,KMTS_RCTS_220/LINE/KMTS_RCTS_220,Kiamal SF-Red Cliffs 220kV LINE,220.0,,,,I-BDBU_ONE|I-X_6F_KMRC|V-KMRC,11,AVLSF1 (+14.08); BOMENSF1 (+8.26); JUNEESF1 (+8.26); WAGGNSF1 (+8.26); SEBSF1 (+8.26); WSTWYSF1 (+8.26),,K2,I-X_6F_KMRC,indicative,-79.62627833333332,-67.54727195723139,-79.62627833333332,-79.62627833333332,0.0,-64.16609999999999,-52.356265,83.45403,159.5,11.0,4.0,0.5,Murraylink
V-S-MNSP1,reverse,KMTS_RCTS_220/LINE/KMTS_RCTS_220,Kiamal SF-Red Cliffs 220kV LINE,220.0,,,,I-BDBU_ONE|I-X_6F_KMRC|V-KMRC,11,AVLSF1 (+14.08); BOMENSF1 (+8.26); JUNEESF1 (+8.26); WAGGNSF1 (+8.26); SEBSF1 (+8.26); WSTWYSF1 (+8.26),,K2,V-KMRC,supported,21.000000000000004,35.497987590402545,8.333333326504544e-06,47.666228041666656,0.09740259740259741,15.106315833333333,7.50000000948603e-06,40.48837,21.5,174.5,20.0,0.8825214899713467,Murraylink
V-S-MNSP1,forward,KOTS/LINE/KOTS_WETS_220,Koorangie-Wemen 220kV LINE,220.0,Koorangie 220 kV Station,VIC1,,V-KOWE,1,ARWF1 (+1.92); CROWLWF1 (+1.90); BULGANA1 (+1.86); BULBES1 (+1.86); MCKAY1 (+1.82); WKIEWA1 (+1.82),,none,,unsupported,,,,,,,,,,,,,Murraylink
V-S-MNSP1,reverse,KOTS/LINE/KOTS_WETS_220,Koorangie-Wemen 220kV LINE,220.0,Koorangie 220 kV Station,VIC1,,V-KOWE,1,ARWF1 (+1.92); CROWLWF1 (+1.90); BULGANA1 (+1.86); BULBES1 (+1.86); MCKAY1 (+1.82); WKIEWA1 (+1.82),,none,,unsupported,,,,,,,,,,,,,Murraylink
V-S-MNSP1,forward,MARAGLE/LINE/66,MARAGLE-Upr Tumut 6M 330kV LINE,330.0,Maragle 500kV,NSW1,,N-LTUT_64_15M,2,GUTHEGA (-6.33); UPPTUMUT (-3.65); BROKENH1 (-3.43); STWF1 (-3.43); BHB1 (-3.43); TUMUT3-4 (-3.09),,K2,N-LTUT_64_15M,supported,5.826681666666673,4.353233830845768,-6.711817166666638,22.544420833333334,-0.042654028436018954,3.8697583333333334,1.6666666766695926e-06,106.66666666666667,100.58333333333334,425.0,9.0,0.7447058823529412,Murraylink
V-S-MNSP1,reverse,MARAGLE/LINE/66,MARAGLE-Upr Tumut 6M 330kV LINE,330.0,Maragle 500kV,NSW1,,N-LTUT_64_15M,2,GUTHEGA (-6.33); UPPTUMUT (-3.65); BROKENH1 (-3.43); STWF1 (-3.43); BHB1 (-3.43); TUMUT3-4 (-3.09),,K2,N-LTUT_64_15M,supported,12.951436666666652,18.13583034773301,-4.544202499999983,32.56318958333334,-0.034755134281200625,-4.917605,3.0009583333333296,30.5,0.0,425.0,9.0,0.7447058823529412,Murraylink
V-S-MNSP1,forward,MARULAN/LINE/5,Yass 330kV Marulan 5 330kV LINE,330.0,Marulan 330kV,NSW1,west of Wollongong (80 km),N-BABU|N-BADP|N-MNYS_5_WG_CLOSE|N-X_2_5|N-X_5+07_WG_CLOSE|N-X_LTYS_MNYS,15,BROKENH1 (-2.93); BHB1 (-2.93); STWF1 (-2.93); LIMOSF21 (-2.93); SUNRSF1 (-2.93); LIMOSF11 (-2.93),Taralga Wind Farm (28 km); Crookwell 3 Wind Farm (38 km); Bendeela Pumping and Power Station (40 km); Kangaroo Valley Pumping and Power Station (41 km); Crookwell 2 Wind Farm (45 km); Crookwell Wind Farm (48 km),K1,MARULAN/LINE/5,supported,5.060223333333312,3.6736716366625304,-1.3375289166666895,9.778093333333345,0.0,2.136400000000009,6.666666678256661e-06,134.33333333333334,132.5,1475.0,12.0,0.6030508474576272,Murraylink
V-S-MNSP1,reverse,MARULAN/LINE/5,Yass 330kV Marulan 5 330kV LINE,330.0,Marulan 330kV,NSW1,west of Wollongong (80 km),N-BABU|N-BADP|N-MNYS_5_WG_CLOSE|N-X_2_5|N-X_5+07_WG_CLOSE|N-X_LTYS_MNYS,15,BROKENH1 (-2.93); BHB1 (-2.93); STWF1 (-2.93); LIMOSF21 (-2.93); SUNRSF1 (-2.93); LIMOSF11 (-2.93),Taralga Wind Farm (28 km); Crookwell 3 Wind Farm (38 km); Bendeela Pumping and Power Station (40 km); Kangaroo Valley Pumping and Power Station (41 km); Crookwell 2 Wind Farm (45 km); Crookwell Wind Farm (48 km),K1,MARULAN/LINE/5,supported,-0.335324166666652,-0.4813265550239023,-6.25,7.252083333333331,0.0,-1.6758383333333313,4.9999999873762135e-06,4.0,-2.1666666666666665,1475.0,12.0,0.6030508474576272,Murraylink
V-S-MNSP1,forward,MINTAR/LINE/CLNMIN_1,ClareNth-Mintaro 132kV LINE,132.0,Mintaro 132kV,SA1,north-west of Robertstown (37 km),S-RBTU|S-X_BRMN_RBTU|S-X_BRMN_WEWT,4,ANGAST1 (-13.97); ANGAS1 (-13.97); MINTARO (-13.42); AGLHAL (+13.30); HALLWF1 (+13.30); WPWF (+12.97),Mintaro Power Station (0 km); Waterloo Wind Farm (19 km); Goyder South Stage 1 Wind Farm (22 km); Morgan-Whyalla Pipeline Pumping Station No 4 Solar Farm (30 km); Hallett Hill Wind Farm (40 km); Morgan-Whyalla Pipeline Pumping Station No 3 Solar Farm (43 km),K2,S-RBTU,supported,-5.874647916666667,-4.416741966668127,-25.472076666666666,4.841666624999988,-0.085387323943662,-4.4004295833333416,0.0,94.13173166666667,106.53845249999999,339.5,13.0,0.8365243004418262,Murraylink
V-S-MNSP1,reverse,MINTAR/LINE/CLNMIN_1,ClareNth-Mintaro 132kV LINE,132.0,Mintaro 132kV,SA1,north-west of Robertstown (37 km),S-RBTU|S-X_BRMN_RBTU|S-X_BRMN_WEWT,4,ANGAST1 (-13.97); ANGAS1 (-13.97); MINTARO (-13.42); AGLHAL (+13.30); HALLWF1 (+13.30); WPWF (+12.97),Mintaro Power Station (0 km); Waterloo Wind Farm (19 km); Goyder South Stage 1 Wind Farm (22 km); Morgan-Whyalla Pipeline Pumping Station No 4 Solar Farm (30 km); Hallett Hill Wind Farm (40 km); Morgan-Whyalla Pipeline Pumping Station No 3 Solar Farm (43 km),K2,S-RBTU,supported,8.860152500000002,15.978937500000004,-0.6666666666666643,29.588313333333303,-0.08010563380281689,4.0123966666666675,1.5,45.41666666666667,22.698685,339.5,13.0,0.8365243004418262,Murraylink
V-S-MNSP1,forward,MLRC/LINE/DC_CONVERTER,Murrylnk-V Murrylnk-S 165kV LINE,165.0,Murraylink Vic,VIC1,,I-SVML_044|I-SVML_088|I-SVML_132|I-VSML_044|I-VSML_088|I-VSML_132|I-VSML_176,20,,,K1xK2,MLRC/LINE/DC_CONVERTER × I-SVML_132,supported,99.5,65.86240687888599,-35.51082333333332,127.86653666666666,0.0,47.29197833333333,23.370805000000004,120.5,0.0,42.0,10.0,0.6190476190476191,Murraylink
V-S-MNSP1,reverse,MLRC/LINE/DC_CONVERTER,Murrylnk-V Murrylnk-S 165kV LINE,165.0,Murraylink Vic,VIC1,,I-SVML_044|I-SVML_088|I-SVML_132|I-VSML_044|I-VSML_088|I-VSML_132|I-VSML_176,20,,,K1xK2,MLRC/LINE/DC_CONVERTER × I-SVML_132,supported,-1.1192366666666675,-2.0106047904191633,-70.19698666666666,57.63840666666667,0.0,-32.25,3.137729999999992,3.9999908333333334,0.0,42.0,10.0,0.6190476190476191,Murraylink
V-S-MNSP1,forward,MLTS/LINE/BATS_MLTS1_220,Ballarat Moorabool 1 220kV LINE,220.0,Moorabool 500kV,VIC1,central Geelong,V-BAML1_15M,2,MERCER01 (+2.67); MOORAWF1 (+2.67); ELAINWF1 (+2.67); BALB1 (+2.13); YENDWF1 (+2.13); ARWF1 (+2.05),Victoria Big Battery (1 km); Deakin University Solar Farm (18 km); Black Rock Solar Farm (29 km); Yaloak South Wind Farm (35 km); Moorabool Wind Farm (39 km); Lal Lal (Elaine) Wind Farm (41 km); Mount Mercer Wind Farm (43 km); Laverton North Power Station (48 km); Mount Gellibrand Wind Farm (50 km),none,,unsupported,,,,,,,,,,,,,Murraylink
V-S-MNSP1,reverse,MLTS/LINE/BATS_MLTS1_220,Ballarat Moorabool 1 220kV LINE,220.0,Moorabool 500kV,VIC1,central Geelong,V-BAML1_15M,2,MERCER01 (+2.67); MOORAWF1 (+2.67); ELAINWF1 (+2.67); BALB1 (+2.13); YENDWF1 (+2.13); ARWF1 (+2.05),Victoria Big Battery (1 km); Deakin University Solar Farm (18 km); Black Rock Solar Farm (29 km); Yaloak South Wind Farm (35 km); Moorabool Wind Farm (39 km); Lal Lal (Elaine) Wind Farm (41 km); Mount Mercer Wind Farm (43 km); Laverton North Power Station (48 km); Mount Gellibrand Wind Farm (50 km),K2,V-BAML1_15M,supported,0.2662549999999726,0.38218421052627644,-17.474504166666662,39.12054083333331,0.04066985645933015,3.834495000000004,-1.6666666908804473e-06,-129.75916333333333,-107.57444,108.0,11.0,0.9675925925925926,Murraylink
V-S-MNSP1,forward,MLTS/LINE/BATS_MLTS2_220,Ballart220-Moorabool 2 220kV LINE,220.0,Moorabool 500kV,VIC1,central Geelong,CA_SYDS_597A8B26|CA_SYDS_597B3DBD|CA_SYDS_597B5710|V-BAML2_15M|V-X_BAML2_MLTG_B2CB,3,MERCER01 (+2.67); ELAINWF1 (+2.67); MOORAWF1 (+2.67); BRYB2WF2 (+2.19); BRYB1WF1 (+2.19); BALB1 (+2.14),Victoria Big Battery (1 km); Deakin University Solar Farm (18 km); Black Rock Solar Farm (29 km); Yaloak South Wind Farm (35 km); Moorabool Wind Farm (39 km); Lal Lal (Elaine) Wind Farm (41 km); Mount Mercer Wind Farm (43 km); Laverton North Power Station (48 km); Mount Gellibrand Wind Farm (50 km),K2,V-BAML2_15M,indicative,-140.1484125,-118.88842642980593,-203.35915166666666,-27.868892500000015,-0.10989010989010989,-111.91502666666666,-2.7663849999999854,-13.144183333333332,140.83870666666667,68.0,3.0,0.6691176470588235,Murraylink
V-S-MNSP1,reverse,MLTS/LINE/BATS_MLTS2_220,Ballart220-Moorabool 2 220kV LINE,220.0,Moorabool 500kV,VIC1,central Geelong,CA_SYDS_597A8B26|CA_SYDS_597B3DBD|CA_SYDS_597B5710|V-BAML2_15M|V-X_BAML2_MLTG_B2CB,3,MERCER01 (+2.67); ELAINWF1 (+2.67); MOORAWF1 (+2.67); BRYB2WF2 (+2.19); BRYB1WF1 (+2.19); BALB1 (+2.14),Victoria Big Battery (1 km); Deakin University Solar Farm (18 km); Black Rock Solar Farm (29 km); Yaloak South Wind Farm (35 km); Moorabool Wind Farm (39 km); Lal Lal (Elaine) Wind Farm (41 km); Mount Mercer Wind Farm (43 km); Laverton North Power Station (48 km); Mount Gellibrand Wind Farm (50 km),K3,MLTS,supported,-5.956774999999993,-8.612404306220085,-18.458193625,1.8333333331624622e-06,0.0,-2.584962499999989,-3.3333333249174757e-06,-26.858708333333333,5.999998333333333,760.5,26.0,0.8231426692965155,Murraylink
V-S-MNSP1,forward,MLTS/LINE/CRTS_MLTS1_500,Moorabool-Cressy No.1 500kV LINE,500.0,Moorabool 500kV,VIC1,central Geelong,V-BAML1_15M|V-CRML|V-MLSY_NOEMTT_R,10,GPWFEST2 (+3.44); GPWFWST1 (+3.44); GPWFEST1 (+3.44); GPWFWST2 (+3.44); GPWFEST3 (+3.44); STOCKYD1 (+3.42),Victoria Big Battery (1 km); Deakin University Solar Farm (18 km); Black Rock Solar Farm (29 km); Yaloak South Wind Farm (35 km); Moorabool Wind Farm (39 km); Lal Lal (Elaine) Wind Farm (41 km); Mount Mercer Wind Farm (43 km); Laverton North Power Station (48 km); Mount Gellibrand Wind Farm (50 km),K1xK2,MLTS/LINE/CRTS_MLTS1_500 × V-CRML,supported,-13.954681666666666,-11.837809041746095,-45.519328333333334,0.5189483333333271,0.0,-11.7242925,2.812123750000005,25.289341666666665,29.5000125,48.0,7.0,0.8125,Murraylink
V-S-MNSP1,reverse,MLTS/LINE/CRTS_MLTS1_500,Moorabool-Cressy No.1 500kV LINE,500.0,Moorabool 500kV,VIC1,central Geelong,V-BAML1_15M|V-CRML|V-MLSY_NOEMTT_R,10,GPWFEST2 (+3.44); GPWFWST1 (+3.44); GPWFEST1 (+3.44); GPWFWST2 (+3.44); GPWFEST3 (+3.44); STOCKYD1 (+3.42),Victoria Big Battery (1 km); Deakin University Solar Farm (18 km); Black Rock Solar Farm (29 km); Yaloak South Wind Farm (35 km); Moorabool Wind Farm (39 km); Lal Lal (Elaine) Wind Farm (41 km); Mount Mercer Wind Farm (43 km); Laverton North Power Station (48 km); Mount Gellibrand Wind Farm (50 km),K1xK2,MLTS/LINE/CRTS_MLTS1_500 × V-CRML,supported,12.30330583333333,16.817743054748682,-7.583333333333329,41.75402666666667,0.0,23.795063749999997,-1.1666666667409231e-05,55.71038,16.231741666666665,48.0,7.0,0.8125,Murraylink
V-S-MNSP1,forward,MLTS/LINE/CRTS_MLTS_500,Moorabool-Cressy No.2 500kV LINE,500.0,Moorabool 500kV,VIC1,central Geelong,V-CRML,5,WKIEWA1 (+1.82); DARTM1 (+1.82); MCKAY1 (+1.82); MURRAY (+1.60); RYANCWF1 (+0.88); BULGANA1 (+0.88),Victoria Big Battery (1 km); Deakin University Solar Farm (18 km); Black Rock Solar Farm (29 km); Yaloak South Wind Farm (35 km); Moorabool Wind Farm (39 km); Lal Lal (Elaine) Wind Farm (41 km); Mount Mercer Wind Farm (43 km); Laverton North Power Station (48 km); Mount Gellibrand Wind Farm (50 km),K1xK2,MLTS/LINE/CRTS_MLTS_500 × V-CRML,supported,0.0,0.0,-187.0467766666667,60.4198375,0.0,0.0,-3.771115,67.21992166666666,106.39184,53.5,5.0,0.9065420560747663,Murraylink
V-S-MNSP1,reverse,MLTS/LINE/CRTS_MLTS_500,Moorabool-Cressy No.2 500kV LINE,500.0,Moorabool 500kV,VIC1,central Geelong,V-CRML,5,WKIEWA1 (+1.82); DARTM1 (+1.82); MCKAY1 (+1.82); MURRAY (+1.60); RYANCWF1 (+0.88); BULGANA1 (+0.88),Victoria Big Battery (1 km); Deakin University Solar Farm (18 km); Black Rock Solar Farm (29 km); Yaloak South Wind Farm (35 km); Moorabool Wind Farm (39 km); Lal Lal (Elaine) Wind Farm (41 km); Mount Mercer Wind Farm (43 km); Laverton North Power Station (48 km); Mount Gellibrand Wind Farm (50 km),K1xK2,MLTS/LINE/CRTS_MLTS_500 × V-CRML,supported,-37.166666666666664,-50.804186994036996,-79.03499333333333,61.5,0.0,0.0,-6.90032166666667,0.0,0.0,53.5,5.0,0.9065420560747663,Murraylink
V-S-MNSP1,forward,MLTS/LINE/MLTS_SYTS1_500,Moorabool Sydenham 1 500kV LINE,500.0,Moorabool 500kV,VIC1,central Geelong,CA_SYDS_562A9792|V-BAML1_15M|V-MLSY_NOEMTT_P|V-MLSY_NOEMTT_R,15,GPWFWST2 (+3.44); GPWFEST2 (+3.44); GPWFEST3 (+3.44); GPWFEST1 (+3.44); GPWFWST1 (+3.44); STOCKYD1 (+3.42),Victoria Big Battery (1 km); Deakin University Solar Farm (18 km); Black Rock Solar Farm (29 km); Yaloak South Wind Farm (35 km); Moorabool Wind Farm (39 km); Lal Lal (Elaine) Wind Farm (41 km); Mount Mercer Wind Farm (43 km); Laverton North Power Station (48 km); Mount Gellibrand Wind Farm (50 km),K1xK2,MLTS/LINE/MLTS_SYTS1_500 × V-MLSY_NOEMTT_R,supported,3.8031866666666616,2.8381990049751207,-2.45134166666665,8.367130000000003,0.0,3.2295450000000017,0.0,147.64525666666665,139.97449,260.0,8.0,0.801923076923077,Murraylink
V-S-MNSP1,reverse,MLTS/LINE/MLTS_SYTS1_500,Moorabool Sydenham 1 500kV LINE,500.0,Moorabool 500kV,VIC1,central Geelong,CA_SYDS_562A9792|V-BAML1_15M|V-MLSY_NOEMTT_P|V-MLSY_NOEMTT_R,15,GPWFWST2 (+3.44); GPWFEST2 (+3.44); GPWFEST3 (+3.44); GPWFEST1 (+3.44); GPWFWST1 (+3.44); STOCKYD1 (+3.42),Victoria Big Battery (1 km); Deakin University Solar Farm (18 km); Black Rock Solar Farm (29 km); Yaloak South Wind Farm (35 km); Moorabool Wind Farm (39 km); Lal Lal (Elaine) Wind Farm (41 km); Mount Mercer Wind Farm (43 km); Laverton North Power Station (48 km); Mount Gellibrand Wind Farm (50 km),K1xK2,MLTS/LINE/MLTS_SYTS1_500 × V-MLSY_NOEMTT_R,supported,-4.822778333333332,-7.270472560975557,-12.0,1.8234766666666644,0.0,-4.222181666666671,3.3333333311347246e-06,-54.833333333333336,-43.70299833333333,260.0,8.0,0.801923076923077,Murraylink
V-S-MNSP1,forward,MLTS/LINE/MLTS_SYTS2_500,Moorabool Sydenham 2 500kV LINE,500.0,Moorabool 500kV,VIC1,central Geelong,V-MLSY_NOEMTT_R,23,GPWFEST3 (+3.44); GPWFEST2 (+3.44); GPWFEST1 (+3.44); GPWFWST2 (+3.44); GPWFWST1 (+3.44); STOCKYD1 (+3.42),Victoria Big Battery (1 km); Deakin University Solar Farm (18 km); Black Rock Solar Farm (29 km); Yaloak South Wind Farm (35 km); Moorabool Wind Farm (39 km); Lal Lal (Elaine) Wind Farm (41 km); Mount Mercer Wind Farm (43 km); Laverton North Power Station (48 km); Mount Gellibrand Wind Farm (50 km),K2,V-MLSY_NOEMTT_R,supported,4.141393333333355,3.0587870024875654,-6.6666666666666675e-06,13.564400000000006,0.07997118155619598,2.756775833333336,0.0,138.1827616666667,125.0,861.0,11.0,0.8060394889663183,Murraylink
V-S-MNSP1,reverse,MLTS/LINE/MLTS_SYTS2_500,Moorabool Sydenham 2 500kV LINE,500.0,Moorabool 500kV,VIC1,central Geelong,V-MLSY_NOEMTT_R,23,GPWFEST3 (+3.44); GPWFEST2 (+3.44); GPWFEST1 (+3.44); GPWFWST2 (+3.44); GPWFWST1 (+3.44); STOCKYD1 (+3.42),Victoria Big Battery (1 km); Deakin University Solar Farm (18 km); Black Rock Solar Farm (29 km); Yaloak South Wind Farm (35 km); Moorabool Wind Farm (39 km); Lal Lal (Elaine) Wind Farm (41 km); Mount Mercer Wind Farm (43 km); Laverton North Power Station (48 km); Mount Gellibrand Wind Farm (50 km),K2,V-MLSY_NOEMTT_R,supported,-4.200459999999983,-6.284746422227299,-13.197171666666662,0.0,0.006844380403458222,-2.4421025000000043,0.0,-30.15567,1.75992,861.0,11.0,0.8060394889663183,Murraylink
V-S-MNSP1,forward,MOPS/LINE/HYTS_MOPS2_500,Heywood-MortlakePS 500kV LINE,500.0,Mortlake Power Station,VIC1,,V-HYMO,8,BROKENH1 (-6.01); BHB1 (-6.01); STWF1 (-6.01); UPPTUMUT (-5.03); URANQ14 (-4.13); URANQ13 (-4.13),,K2,V-HYMO,supported,30.036642500000006,25.48019701657079,-9.520916666666665,79.94897333333333,0.295,32.88630500000001,0.0,151.91089333333332,104.373835,67.5,7.0,0.7407407407407407,Murraylink
V-S-MNSP1,reverse,MOPS/LINE/HYTS_MOPS2_500,Heywood-MortlakePS 500kV LINE,500.0,Mortlake Power Station,VIC1,,V-HYMO,8,BROKENH1 (-6.01); BHB1 (-6.01); STWF1 (-6.01); UPPTUMUT (-5.03); URANQ14 (-4.13); URANQ13 (-4.13),,K2,V-HYMO,supported,-54.508530833333324,-76.75738980830292,-119.5,10.010391666666692,0.1,-23.26421500000002,-1.6666666624587378e-06,-90.08333333333334,-27.49688666666667,67.5,7.0,0.7407407407407407,Murraylink
V-S-MNSP1,forward,MOPS/LINE/MOPS_TRTS1_500,MortlakePS-Tarrone 500kV LINE,500.0,Mortlake Power Station,VIC1,,V-MOTR,1,DARTM1 (+1.07); MCKAY1 (+1.07); WKIEWA1 (+1.07); MURRAY (+0.80); BRYB2WF2 (+0.34); MERCER01 (+0.34),,K3,MOPS,indicative,37.37511583333334,31.705451598010256,16.333763333333337,146.14377333333334,1.0,73.50318000000001,0.0,158.936825,104.373835,34.0,4.0,0.5588235294117647,Murraylink
V-S-MNSP1,reverse,MOPS/LINE/MOPS_TRTS1_500,MortlakePS-Tarrone 500kV LINE,500.0,Mortlake Power Station,VIC1,,V-MOTR,1,DARTM1 (+1.07); MCKAY1 (+1.07); WKIEWA1 (+1.07); MURRAY (+0.80); BRYB2WF2 (+0.34); MERCER01 (+0.34),,K3,MOPS,indicative,-90.34185916666665,-123.49088896391808,-146.61980333333335,-15.071143333333339,0.0,-23.884600833333337,-1.6666666653009088e-05,-156.91089166666666,-72.47199916666668,34.0,4.0,0.5588235294117647,Murraylink
V-S-MNSP1,forward,MRTS/LINE/HOTS_MRTS_220,Horsham-MuraWara 220kV LINE,220.0,Murra Warra,VIC1,,V-HOMR|V-KMRC,4,MCKAY1 (+1.82); DARTM1 (+1.82); WKIEWA1 (+1.82); MURRAY (+1.60); GANNSF1 (+1.55); COHUNSF1 (+1.55),,K1xK2,MRTS/LINE/HOTS_MRTS_220 × V-HOMR,indicative,-25.735566666666664,-19.489379897583362,-28.320038333333336,4.613100000000003,0.0,-41.25,5.941939166666664,63.8934175,98.67229083333334,25.5,3.0,0.5098039215686274,Murraylink
V-S-MNSP1,reverse,MRTS/LINE/HOTS_MRTS_220,Horsham-MuraWara 220kV LINE,220.0,Murra Warra,VIC1,,V-HOMR|V-KMRC,4,MCKAY1 (+1.82); DARTM1 (+1.82); WKIEWA1 (+1.82); MURRAY (+1.60); GANNSF1 (+1.55); COHUNSF1 (+1.55),,K2,V-KMRC,supported,21.000000000000004,35.497987590402545,8.333333326504544e-06,47.666228041666656,0.09740259740259741,15.106315833333333,7.50000000948603e-06,40.48837,21.5,174.5,20.0,0.8825214899713467,Murraylink
V-S-MNSP1,forward,MULWALA/CB/7B2,MulwalaEE MWA7B2 132kV CB,132.0,Mulwala 132kV,NSW1,,N-LTWG_X5,1,STWF1 (-2.93); SUNRSF1 (-2.93); LIMOSF11 (-2.93); LIMOSF21 (-2.93); BROKENH1 (-2.93); BHB1 (-2.93),,K2,N-LTWG_X5,indicative,-23.498279583333336,-19.933679116558928,-82.23439504166666,20.25623833333333,-0.08293269230769232,-17.42587083333333,-4.20792902712725e-15,31.53490916666667,100.50645583333333,219.5,4.0,0.9476082004555809,Murraylink
V-S-MNSP1,reverse,MULWALA/CB/7B2,MulwalaEE MWA7B2 132kV CB,132.0,Mulwala 132kV,NSW1,,N-LTWG_X5,1,STWF1 (-2.93); SUNRSF1 (-2.93); LIMOSF11 (-2.93); LIMOSF21 (-2.93); BROKENH1 (-2.93); BHB1 (-2.93),,K2,N-LTWG_X5,indicative,11.583333333333334,15.833591910697631,-19.067433333333327,52.67916666666665,-0.08533653846153846,17.765746666666665,0.33939583333333445,21.916666666666668,23.333333333333332,219.5,4.0,0.9476082004555809,Murraylink
V-S-MNSP1,forward,MURRAY/LINE/DDTS_MSS1_330,Murray Dederang. 67 330kV LINE,330.0,Murray,NSW1,west of Cooma (88 km),V-DDMS,4,HUMEV (+4.85); MURRAY (+4.46); BHB1 (-3.42); BROKENH1 (-3.42); STWF1 (-3.42); SUNRSF1 (-2.93),Murray 2 Power Station (2 km); Murray 1 Power Station (5 km); Guthega Power Station (28 km); Tumut 1 Power Station (36 km); Tumut 2 Power Station (43 km),K2,V-DDMS,supported,3.27026833333332,2.4404987562188953,-24.291014999999998,30.542135000000002,0.10339506172839508,1.2454183333333475,0.0,91.47424083333334,28.163789999999995,199.0,9.0,0.8140703517587939,Murraylink
V-S-MNSP1,reverse,MURRAY/LINE/DDTS_MSS1_330,Murray Dederang. 67 330kV LINE,330.0,Murray,NSW1,west of Cooma (88 km),V-DDMS,4,HUMEV (+4.85); MURRAY (+4.46); BHB1 (-3.42); BROKENH1 (-3.42); STWF1 (-3.42); SUNRSF1 (-2.93),Murray 2 Power Station (2 km); Murray 1 Power Station (5 km); Guthega Power Station (28 km); Tumut 1 Power Station (36 km); Tumut 2 Power Station (43 km),K2,V-DDMS,supported,2.0034774999999883,2.875805023923428,-2.8619999999999948,24.589254999999994,0.13117283950617284,-0.03357416666666779,0.0,0.0,0.0,199.0,9.0,0.8140703517587939,Murraylink
V-S-MNSP1,forward,MURRAY/LINE/DDTS_MSS2_330,Murray Dederang. 68 330kV LINE,330.0,Murray,NSW1,west of Cooma (88 km),I-BDBU_ONE|I-MURRAY_SRAS_R|V-DDMS,6,AVLSF1 (+14.08); BOMENSF1 (+8.26); JUNEESF1 (+8.26); WAGGNSF1 (+8.26); SEBSF1 (+8.26); WSTWYSF1 (+8.26),Murray 2 Power Station (2 km); Murray 1 Power Station (5 km); Guthega Power Station (28 km); Tumut 1 Power Station (36 km); Tumut 2 Power Station (43 km),K2,V-DDMS,supported,3.27026833333332,2.4404987562188953,-24.291014999999998,30.542135000000002,0.10339506172839508,1.2454183333333475,0.0,91.47424083333334,28.163789999999995,199.0,9.0,0.8140703517587939,Murraylink
V-S-MNSP1,reverse,MURRAY/LINE/DDTS_MSS2_330,Murray Dederang. 68 330kV LINE,330.0,Murray,NSW1,west of Cooma (88 km),I-BDBU_ONE|I-MURRAY_SRAS_R|V-DDMS,6,AVLSF1 (+14.08); BOMENSF1 (+8.26); JUNEESF1 (+8.26); WAGGNSF1 (+8.26); SEBSF1 (+8.26); WSTWYSF1 (+8.26),Murray 2 Power Station (2 km); Murray 1 Power Station (5 km); Guthega Power Station (28 km); Tumut 1 Power Station (36 km); Tumut 2 Power Station (43 km),K2,V-DDMS,supported,2.0034774999999883,2.875805023923428,-2.8619999999999948,24.589254999999994,0.13117283950617284,-0.03357416666666779,0.0,0.0,0.0,199.0,9.0,0.8140703517587939,Murraylink
V-S-MNSP1,forward,MURRUMBR/LINE/991,WaggaN-Murrumbrrh 991 132kV LINE,132.0,Murrumburrah 132kV,NSW1,north-west of Yass (63 km),N-WNMR_991,6,WSTWYSF1 (+7.41); WAGGNSF1 (+7.41); BOMENSF1 (+7.41); SEBSF1 (+7.41); JUNEESF1 (+7.41); WYASF1 (+7.41),Cootamundra Solar Farm (30 km); Bango Wind Farm (46 km),K1xK2,MURRUMBR/LINE/991 × N-WNMR_991,indicative,8.555917499999993,7.179257706067414,-6.285438333333332,35.23012166666666,0.0,3.7421216666666766,1.6666666624587378e-06,152.1159125,110.28129166666666,57.0,3.0,0.9298245614035088,Murraylink
V-S-MNSP1,reverse,MURRUMBR/LINE/991,WaggaN-Murrumbrrh 991 132kV LINE,132.0,Murrumburrah 132kV,NSW1,north-west of Yass (63 km),N-WNMR_991,6,WSTWYSF1 (+7.41); WAGGNSF1 (+7.41); BOMENSF1 (+7.41); SEBSF1 (+7.41); JUNEESF1 (+7.41); WYASF1 (+7.41),Cootamundra Solar Farm (30 km); Bango Wind Farm (46 km),K1xK2,MURRUMBR/LINE/991 × N-WNMR_991,indicative,-16.040039999999998,-22.856456300881078,-84.33333333333333,11.507868333333334,0.0,-5.30554916666668,0.0,-86.08333333333334,0.0,57.0,3.0,0.9298245614035088,Murraylink
V-S-MNSP1,forward,MW_2/LINE/MW2MW3_1,Mwps3 Mwps2 132kV LINE,132.0,Mwps2 132kV,SA1,,S-MWPS2-MWPS3,3,MWPS1PV1 (-1.00); MWPS2PV1 (-1.00),,K1xK2,MW_2/LINE/MW2MW3_1 × S-MWPS2-MWPS3,indicative,-6.800067500000004,-5.768522884206519,-35.69325889583333,5.36069333333333,0.0,-14.973469999999985,1.2499999915149829e-06,84.33333333333334,113.0,726.5,3.0,0.8396421197522368,Murraylink
V-S-MNSP1,reverse,MW_2/LINE/MW2MW3_1,Mwps3 Mwps2 132kV LINE,132.0,Mwps2 132kV,SA1,,S-MWPS2-MWPS3,3,MWPS1PV1 (-1.00); MWPS2PV1 (-1.00),,K1xK2,MW_2/LINE/MW2MW3_1 × S-MWPS2-MWPS3,indicative,5e-06,6.834643990229193e-06,-13.608004999999991,23.333333333333332,0.0,9.037959166666663,-3.3333333368860474e-06,11.0,6.083333333333333,726.5,3.0,0.8396421197522368,Murraylink
V-S-MNSP1,forward,MW_4/LINE/N/A,WaterlooE-Mwps4 132kV LINE,132.0,Mwps4 132kV,SA1,,S-WE_MWP4,8,MINTARO (-14.25); WPWF (-12.19); DALNTH1 (-12.19); ANGAS1 (-11.96); ANGAST1 (-11.96); BLYTHB1 (-10.63),,none,,unsupported,,,,,,,,,,,,,Murraylink
V-S-MNSP1,reverse,MW_4/LINE/N/A,WaterlooE-Mwps4 132kV LINE,132.0,Mwps4 132kV,SA1,,S-WE_MWP4,8,MINTARO (-14.25); WPWF (-12.19); DALNTH1 (-12.19); ANGAS1 (-11.96); ANGAST1 (-11.96); BLYTHB1 (-10.63),,none,,unsupported,,,,,,,,,,,,,Murraylink
V-S-MNSP1,forward,NARRAND/LINE/994,NARRAND-Wagga 994 132kV LINE,132.0,NARRANDERA,NSW1,south-east of Griffith (67 km),N-WGNA_994_C,4,HILLSTN1 (+3.34); RESS1 (+3.34); RIVNB2 (+3.34); DPNTB1 (+3.34); COLEASF1 (+3.18); LIMBESS1 (+1.95),Grong Grong Solar Farm (19 km); Avonlie Solar Farm (20 km); Leeton Fivebough Solar Farm (24 km); Darlington Point Solar Farm (45 km); Darlington Point Energy Storage System (47 km); Riverina Energy Storage System (47 km),K1xK2,NARRAND/LINE/994 × N-WGNA_994_C,indicative,-13.310993333333322,-10.080330044705935,-164.042075,0.0,0.0,-25.910605833333335,0.0,49.583333333333336,120.8662875,19.0,3.0,0.8421052631578947,Murraylink
V-S-MNSP1,reverse,NARRAND/LINE/994,NARRAND-Wagga 994 132kV LINE,132.0,NARRANDERA,NSW1,south-east of Griffith (67 km),N-WGNA_994_C,4,HILLSTN1 (+3.34); RESS1 (+3.34); RIVNB2 (+3.34); DPNTB1 (+3.34); COLEASF1 (+3.18); LIMBESS1 (+1.95),Grong Grong Solar Farm (19 km); Avonlie Solar Farm (20 km); Leeton Fivebough Solar Farm (24 km); Darlington Point Solar Farm (45 km); Darlington Point Energy Storage System (47 km); Riverina Energy Storage System (47 km),K1xK2,NARRAND/LINE/994 × N-WGNA_994_C,indicative,16.861765833333337,30.844693597560983,8.333333333333334e-07,91.5,0.0,25.910605833333335,-3.3333333333333337e-06,-6.6666666666666675e-06,-5e-06,19.0,3.0,0.8421052631578947,Murraylink
V-S-MNSP1,forward,PARA/SVC/SVC1,Para 275kV 1 275kV SVC,275.0,Para 275kV,SA1,north-east of Adelaide (24 km),S-PA_VC1,11,,Bolivar Wastewater Treatment Plant Solar Farm (13 km); Dry Creek Power Station (17 km); Quarantine Power Station (18 km); Barker Inlet Power Station (19 km); Snapper Point Power Station (19 km); Torrens Island Power Station (19 km); Torrens Island Battery (19 km); Pelican Point Power Station (19 km); Osborne Power Station (20 km); Templers BESS (31 km); Angaston Power Station (39 km); Mannum PPS.2,K1xK2,PARA/SVC/SVC1 × S-PA_VC1,supported,-1.7437050000000056,-1.4791915221143543,-12.008333333333333,0.49055583333333175,0.0,0.0,0.0,41.762998333333336,62.333333333333336,297.5,9.0,0.8487394957983193,Murraylink
V-S-MNSP1,reverse,PARA/SVC/SVC1,Para 275kV 1 275kV SVC,275.0,Para 275kV,SA1,north-east of Adelaide (24 km),S-PA_VC1,11,,Bolivar Wastewater Treatment Plant Solar Farm (13 km); Dry Creek Power Station (17 km); Quarantine Power Station (18 km); Barker Inlet Power Station (19 km); Snapper Point Power Station (19 km); Torrens Island Power Station (19 km); Torrens Island Battery (19 km); Pelican Point Power Station (19 km); Osborne Power Station (20 km); Templers BESS (31 km); Angaston Power Station (39 km); Mannum PPS.2,K1xK2,PARA/SVC/SVC1 × S-PA_VC1,supported,0.0,0.0,-1.980999166666635,12.833333333333332,0.0,0.012126666666659958,0.0,39.666666666666664,31.5,297.5,9.0,0.8487394957983193,Murraylink
V-S-MNSP1,forward,PARA/SVC/SVC2,Para 275kV 2 275kV SVC,275.0,Para 275kV,SA1,north-east of Adelaide (24 km),S-PA_VC1,21,,Bolivar Wastewater Treatment Plant Solar Farm (13 km); Dry Creek Power Station (17 km); Quarantine Power Station (18 km); Barker Inlet Power Station (19 km); Snapper Point Power Station (19 km); Torrens Island Power Station (19 km); Torrens Island Battery (19 km); Pelican Point Power Station (19 km); Osborne Power Station (20 km); Templers BESS (31 km); Angaston Power Station (39 km); Mannum PPS.2,K1xK2,PARA/SVC/SVC2 × S-PA_VC1,supported,-0.47754291666667825,-0.361640193933307,-11.054146666666696,8.333333333333334e-06,0.0,0.0,-1.6666666624587378e-06,61.343900000000005,108.86889041666666,222.0,10.0,0.8873873873873874,Murraylink
V-S-MNSP1,reverse,PARA/SVC/SVC2,Para 275kV 2 275kV SVC,275.0,Para 275kV,SA1,north-east of Adelaide (24 km),S-PA_VC1,21,,Bolivar Wastewater Treatment Plant Solar Farm (13 km); Dry Creek Power Station (17 km); Quarantine Power Station (18 km); Barker Inlet Power Station (19 km); Snapper Point Power Station (19 km); Torrens Island Power Station (19 km); Torrens Island Battery (19 km); Pelican Point Power Station (19 km); Osborne Power Station (20 km); Templers BESS (31 km); Angaston Power Station (39 km); Mannum PPS.2,K1xK2,PARA/SVC/SVC2 × S-PA_VC1,supported,0.0,0.0,-11.929115875000006,3.9387791666667056,0.0,0.0,0.0,0.0,0.5466295833333339,222.0,10.0,0.8873873873873874,Murraylink
V-S-MNSP1,forward,RCTS/BUS/7MN2,Red Cliffs 2 220kV BUS,220.0,Red Cliffs 220kV,VIC1,central Mildura,V-KMRC|V-RCTS_BUS2,3,BHB1 (-6.01); STWF1 (-6.01); BROKENH1 (-6.01); UPPTUMUT (-5.03); URANQ13 (-4.13); URANQ12 (-4.13),Zilzie Wines Solar Farm (6 km); Yatpool Solar Farm (13 km); Karadoc Solar Farm (13 km),K2,V-RCTS_BUS2,indicative,0.0,0.0,0.0,0.0,-0.05263157894736842,0.0,0.0,0.0,0.0,49.0,4.0,0.9693877551020408,Murraylink
V-S-MNSP1,reverse,RCTS/BUS/7MN2,Red Cliffs 2 220kV BUS,220.0,Red Cliffs 220kV,VIC1,central Mildura,V-KMRC|V-RCTS_BUS2,3,BHB1 (-6.01); STWF1 (-6.01); BROKENH1 (-6.01); UPPTUMUT (-5.03); URANQ13 (-4.13); URANQ12 (-4.13),Zilzie Wines Solar Farm (6 km); Yatpool Solar Farm (13 km); Karadoc Solar Farm (13 km),K2,V-KMRC,supported,21.000000000000004,35.497987590402545,8.333333326504544e-06,47.666228041666656,0.09740259740259741,15.106315833333333,7.50000000948603e-06,40.48837,21.5,174.5,20.0,0.8825214899713467,Murraylink
V-S-MNSP1,forward,RCTS/CB/HOTS_2B,Red Cliffs CPTS Line 2 Bus 220KV CB,220.0,Red Cliffs 220kV,VIC1,central Mildura,V-KMRC,1,WKIEWA1 (+1.82); MCKAY1 (+1.82); DARTM1 (+1.82); MURRAY (+1.60); COHUNSF1 (+1.55); GANNSF1 (+1.55),Zilzie Wines Solar Farm (6 km); Yatpool Solar Farm (13 km); Karadoc Solar Farm (13 km),K3,RCTS,indicative,-140.94727833333332,-119.56610732650205,-197.57972333333333,-3.4311966666666933,-0.5,-161.9479175,0.0,9.117039166666666,152.8036441666667,15.0,3.0,1.0,Murraylink
V-S-MNSP1,reverse,RCTS/CB/HOTS_2B,Red Cliffs CPTS Line 2 Bus 220KV CB,220.0,Red Cliffs 220kV,VIC1,central Mildura,V-KMRC,1,WKIEWA1 (+1.82); MCKAY1 (+1.82); DARTM1 (+1.82); MURRAY (+1.60); COHUNSF1 (+1.55); GANNSF1 (+1.55),Zilzie Wines Solar Farm (6 km); Yatpool Solar Farm (13 km); Karadoc Solar Farm (13 km),K2,V-KMRC,supported,21.000000000000004,35.497987590402545,8.333333326504544e-06,47.666228041666656,0.09740259740259741,15.106315833333333,7.50000000948603e-06,40.48837,21.5,174.5,20.0,0.8825214899713467,Murraylink
V-S-MNSP1,forward,RCTS/LINE/CPTS_RCTS_220,Red Cliffs-CPTS 220kV LINE,220.0,Red Cliffs 220kV,VIC1,central Mildura,V-CPRC|V-KMRC,2,WKIEWA1 (+1.82); DARTM1 (+1.82); MCKAY1 (+1.82); MURRAY (+1.60); GANNSF1 (+1.55); COHUNSF1 (+1.55),Zilzie Wines Solar Farm (6 km); Yatpool Solar Farm (13 km); Karadoc Solar Farm (13 km),K3,RCTS,indicative,-140.94727833333332,-119.56610732650205,-197.57972333333333,-3.4311966666666933,-0.5,-161.9479175,0.0,9.117039166666666,152.8036441666667,15.0,3.0,1.0,Murraylink
V-S-MNSP1,reverse,RCTS/LINE/CPTS_RCTS_220,Red Cliffs-CPTS 220kV LINE,220.0,Red Cliffs 220kV,VIC1,central Mildura,V-CPRC|V-KMRC,2,WKIEWA1 (+1.82); DARTM1 (+1.82); MCKAY1 (+1.82); MURRAY (+1.60); GANNSF1 (+1.55); COHUNSF1 (+1.55),Zilzie Wines Solar Farm (6 km); Yatpool Solar Farm (13 km); Karadoc Solar Farm (13 km),K2,V-KMRC,supported,21.000000000000004,35.497987590402545,8.333333326504544e-06,47.666228041666656,0.09740259740259741,15.106315833333333,7.50000000948603e-06,40.48837,21.5,174.5,20.0,0.8825214899713467,Murraylink
V-S-MNSP1,forward,RCTS/LINE/X9,Red Cliffs-Buronga No. 2 X9 220kV LINE,220.0,Red Cliffs 220kV,VIC1,central Mildura,I-BURC,1,KERNGSP1 (+1.51); GANNB1 (+1.51); COHUNSF1 (+1.51); GANNSF1 (+1.51); KESSB1 (+1.48); WEMENSF1 (+1.14),Zilzie Wines Solar Farm (6 km); Yatpool Solar Farm (13 km); Karadoc Solar Farm (13 km),K2,I-BURC,supported,-0.11271833333330505,-0.084118159203959,-10.106439458333352,8.65299833333333,-0.15201465201465203,-2.2637683333333314,3.333333353339185e-06,148.71866833333334,151.79473499999997,157.5,16.0,0.8666666666666667,Murraylink
V-S-MNSP1,reverse,RCTS/LINE/X9,Red Cliffs-Buronga No. 2 X9 220kV LINE,220.0,Red Cliffs 220kV,VIC1,central Mildura,I-BURC,1,KERNGSP1 (+1.51); GANNB1 (+1.51); COHUNSF1 (+1.51); GANNSF1 (+1.51); KESSB1 (+1.48); WEMENSF1 (+1.14),Zilzie Wines Solar Farm (6 km); Yatpool Solar Farm (13 km); Karadoc Solar Farm (13 km),K2,I-BURC,supported,65.06269833333332,106.0084618902439,31.419083333333333,78.17556649999999,0.18864468864468864,0.8616633333333539,33.333341666666655,-71.0,-143.30999833333334,157.5,16.0,0.8666666666666667,Murraylink
V-S-MNSP1,forward,R_TOWN/LINE/N/A,Mokota-Robertstwn 275kV LINE,275.0,Robertstown 275kV,SA1,central Robertstown,S-MKRB,2,AGLHAL (+9.52); HALLWF1 (+9.52); HDWF3 (+8.17); HPR1 (+8.17); HDWF2 (+8.17); HDWF1 (+8.17),Morgan-Whyalla Pipeline Pumping Station No 3 Solar Farm (6 km); Morgan-Whyalla Pipeline Pumping Station No 4 Solar Farm (7 km); Waterloo Wind Farm (20 km); Goyder South Stage 1 Wind Farm (25 km); Morgan-Whyalla Pipeline Pumping Station No 2 Solar Farm (28 km); Mintaro Power Station (36 km),K2,S-MKRB,indicative,68.05690333333332,55.324848349265544,8.728143333333307,93.08523000000001,0.2444444444444444,55.40181333333334,1.6666666908804473e-06,139.74965333333333,0.0,74.0,3.0,0.9121621621621622,Murraylink
V-S-MNSP1,reverse,R_TOWN/LINE/N/A,Mokota-Robertstwn 275kV LINE,275.0,Robertstown 275kV,SA1,central Robertstown,S-MKRB,2,AGLHAL (+9.52); HALLWF1 (+9.52); HDWF3 (+8.17); HPR1 (+8.17); HDWF2 (+8.17); HDWF1 (+8.17),Morgan-Whyalla Pipeline Pumping Station No 3 Solar Farm (6 km); Morgan-Whyalla Pipeline Pumping Station No 4 Solar Farm (7 km); Waterloo Wind Farm (20 km); Goyder South Stage 1 Wind Farm (25 km); Morgan-Whyalla Pipeline Pumping Station No 2 Solar Farm (28 km); Mintaro Power Station (36 km),K2,S-MKRB,indicative,-24.5,-33.48975555212304,-64.36853166666667,4.31539166666667,-0.025925925925925936,-56.29886,10.399706666666674,-52.32501833333333,0.0,74.0,3.0,0.9121621621621622,Murraylink
V-S-MNSP1,forward,R_TOWN/TRANS/TF1,Robertstwn 1 275/132kV XFMR,,Robertstown 275kV,SA1,central Robertstown,S-X_BGRH+RBTX,1,WPWF (+10.63); DALNTH1 (+10.63); MINTARO (+9.35); SNOWTWN1 (+7.57); CLEMGPWF (+6.14); ANGAS1 (-2.60),Morgan-Whyalla Pipeline Pumping Station No 3 Solar Farm (6 km); Morgan-Whyalla Pipeline Pumping Station No 4 Solar Farm (7 km); Waterloo Wind Farm (20 km); Goyder South Stage 1 Wind Farm (25 km); Morgan-Whyalla Pipeline Pumping Station No 2 Solar Farm (28 km); Mintaro Power Station (36 km),K2,S-X_BGRH+RBTX,indicative,-12.916666666666671,-9.639303482587067,-42.84218000000001,-4.0,-0.2847682119205298,-26.526608333333343,4.5,113.0,146.0,81.5,3.0,0.9263803680981595,Murraylink
V-S-MNSP1,reverse,R_TOWN/TRANS/TF1,Robertstwn 1 275/132kV XFMR,,Robertstown 275kV,SA1,central Robertstown,S-X_BGRH+RBTX,1,WPWF (+10.63); DALNTH1 (+10.63); MINTARO (+9.35); SNOWTWN1 (+7.57); CLEMGPWF (+6.14); ANGAS1 (-2.60),Morgan-Whyalla Pipeline Pumping Station No 3 Solar Farm (6 km); Morgan-Whyalla Pipeline Pumping Station No 4 Solar Farm (7 km); Waterloo Wind Farm (20 km); Goyder South Stage 1 Wind Farm (25 km); Morgan-Whyalla Pipeline Pumping Station No 2 Solar Farm (28 km); Mintaro Power Station (36 km),K2,S-X_BGRH+RBTX,indicative,30.83796666666666,44.265023923444964,5.966001666666671,74.59608866666659,0.013245033112582781,16.833333333333332,1.5677949999999896,32.0,-28.50000833333333,81.5,3.0,0.9263803680981595,Murraylink
V-S-MNSP1,forward,R_TOWN/TRANS/TF2,Robertstwn 2 275/132kV XFMR,,Robertstown 275kV,SA1,central Robertstown,S-X_BGRH+RBTX,2,WPWF (+10.63); DALNTH1 (+10.63); MINTARO (+9.35); SNOWTWN1 (+7.57); CLEMGPWF (+6.14); ANGAS1 (-2.60),Morgan-Whyalla Pipeline Pumping Station No 3 Solar Farm (6 km); Morgan-Whyalla Pipeline Pumping Station No 4 Solar Farm (7 km); Waterloo Wind Farm (20 km); Goyder South Stage 1 Wind Farm (25 km); Morgan-Whyalla Pipeline Pumping Station No 2 Solar Farm (28 km); Mintaro Power Station (36 km),K2,S-X_BGRH+RBTX,indicative,-12.916666666666671,-9.639303482587067,-42.84218000000001,-4.0,-0.2847682119205298,-26.526608333333343,4.5,113.0,146.0,81.5,3.0,0.9263803680981595,Murraylink
V-S-MNSP1,reverse,R_TOWN/TRANS/TF2,Robertstwn 2 275/132kV XFMR,,Robertstown 275kV,SA1,central Robertstown,S-X_BGRH+RBTX,2,WPWF (+10.63); DALNTH1 (+10.63); MINTARO (+9.35); SNOWTWN1 (+7.57); CLEMGPWF (+6.14); ANGAS1 (-2.60),Morgan-Whyalla Pipeline Pumping Station No 3 Solar Farm (6 km); Morgan-Whyalla Pipeline Pumping Station No 4 Solar Farm (7 km); Waterloo Wind Farm (20 km); Goyder South Stage 1 Wind Farm (25 km); Morgan-Whyalla Pipeline Pumping Station No 2 Solar Farm (28 km); Mintaro Power Station (36 km),K2,S-X_BGRH+RBTX,indicative,30.83796666666666,44.265023923444964,5.966001666666671,74.59608866666659,0.013245033112582781,16.833333333333332,1.5677949999999896,32.0,-28.50000833333333,81.5,3.0,0.9263803680981595,Murraylink
V-S-MNSP1,forward,SMTS/CAP/1CAP_BYP_330 ,S Morang 1 DDTS 330kV LS CAP,330.0,South Morang 500kV,VIC1,north-east of Melbourne (21 km),V-SMSC,3,WKIEWA1 (+3.40); DARTM1 (+3.40); MCKAY1 (+3.40); WINTSF1 (+2.57); GLRWNSF1 (+2.57); MOKOSF1 (+2.57),Wollert Renewable Energy Hub (Solar) (7 km); Wollert Renewable Energy Hub (Landfill Gas) (7 km); Wollert Waste to Energy Facility (ReWaste) (10 km); Somerton Power Station (11 km); Winneke Solar Farm (20 km); Melbourne Airport Solar Farm (21 km); Newport Power Station (27 km); Brooklyn Power Station (29 km); Laverton North Power Station (33 km); FORMER Narre Warren Landfill Gas Fuelled Power Stati,K1xK2,SMTS/CAP/1CAP_BYP_330  × V-SMSC,indicative,-3.643637500000004,-2.4118465883835905,-9.347595312500015,0.27539166666667825,0.0,-4.538491666666658,0.0,134.22774,148.67076791666668,1160.0,3.0,0.6853448275862069,Murraylink
V-S-MNSP1,reverse,SMTS/CAP/1CAP_BYP_330 ,S Morang 1 DDTS 330kV LS CAP,330.0,South Morang 500kV,VIC1,north-east of Melbourne (21 km),V-SMSC,3,WKIEWA1 (+3.40); DARTM1 (+3.40); MCKAY1 (+3.40); WINTSF1 (+2.57); GLRWNSF1 (+2.57); MOKOSF1 (+2.57),Wollert Renewable Energy Hub (Solar) (7 km); Wollert Renewable Energy Hub (Landfill Gas) (7 km); Wollert Waste to Energy Facility (ReWaste) (10 km); Somerton Power Station (11 km); Winneke Solar Farm (20 km); Melbourne Airport Solar Farm (21 km); Newport Power Station (27 km); Brooklyn Power Station (29 km); Laverton North Power Station (33 km); FORMER Narre Warren Landfill Gas Fuelled Power Stati,K1xK2,SMTS/CAP/1CAP_BYP_330  × V-SMSC,indicative,6.04481916666667,10.858956586826356,8.291666666666669e-06,19.285928999999992,0.0,4.84851583333334,4.583333343077811e-06,-11.75,-81.59149000000001,1160.0,3.0,0.6853448275862069,Murraylink
V-S-MNSP1,forward,SMTS/CAP/2CAP_BYP_330 ,S Morang 2 DDTS 330kV LS CAP,330.0,South Morang 500kV,VIC1,north-east of Melbourne (21 km),V-SMSC,2,WKIEWA1 (+3.40); DARTM1 (+3.40); MCKAY1 (+3.40); WINTSF1 (+2.57); GLRWNSF1 (+2.57); MOKOSF1 (+2.57),Wollert Renewable Energy Hub (Solar) (7 km); Wollert Renewable Energy Hub (Landfill Gas) (7 km); Wollert Waste to Energy Facility (ReWaste) (10 km); Somerton Power Station (11 km); Winneke Solar Farm (20 km); Melbourne Airport Solar Farm (21 km); Newport Power Station (27 km); Brooklyn Power Station (29 km); Laverton North Power Station (33 km); FORMER Narre Warren Landfill Gas Fuelled Power Stati,K2,V-SMSC,indicative,-4.299308333333329,-2.84585723364608,-12.247278333333341,0.0,-0.07851043643263755,-6.0,0.0,121.14370916666667,134.75521,1477.0,4.0,0.7136086662153013,Murraylink
V-S-MNSP1,reverse,SMTS/CAP/2CAP_BYP_330 ,S Morang 2 DDTS 330kV LS CAP,330.0,South Morang 500kV,VIC1,north-east of Melbourne (21 km),V-SMSC,2,WKIEWA1 (+3.40); DARTM1 (+3.40); MCKAY1 (+3.40); WINTSF1 (+2.57); GLRWNSF1 (+2.57); MOKOSF1 (+2.57),Wollert Renewable Energy Hub (Solar) (7 km); Wollert Renewable Energy Hub (Landfill Gas) (7 km); Wollert Waste to Energy Facility (ReWaste) (10 km); Somerton Power Station (11 km); Winneke Solar Farm (20 km); Melbourne Airport Solar Farm (21 km); Newport Power Station (27 km); Brooklyn Power Station (29 km); Laverton North Power Station (33 km); FORMER Narre Warren Landfill Gas Fuelled Power Stati,K2,V-SMSC,indicative,1.0817579166666604,1.9494147573755156,-4.040342562499982,7.446134999999995,0.004506641366223904,5.2829533333333245,2.842170943040401e-14,0.0,-20.651287083333333,1477.0,4.0,0.7136086662153013,Murraylink
V-S-MNSP1,forward,SMTS/LINE/DDTS_SMTS1_330,Dederang S Morang 1 330kV LINE,330.0,South Morang 500kV,VIC1,north-east of Melbourne (21 km),V-DDSM,5,HUMEV (+5.00); MURRAY (+4.98); STWF1 (-3.87); BROKENH1 (-3.87); BHB1 (-3.87); EILDON1 (+3.85),Wollert Renewable Energy Hub (Solar) (7 km); Wollert Renewable Energy Hub (Landfill Gas) (7 km); Wollert Waste to Energy Facility (ReWaste) (10 km); Somerton Power Station (11 km); Winneke Solar Farm (20 km); Melbourne Airport Solar Farm (21 km); Newport Power Station (27 km); Brooklyn Power Station (29 km); Laverton North Power Station (33 km); FORMER Narre Warren Landfill Gas Fuelled Power Stati,K2,V-DDSM,supported,-9.782168333333374,-6.475147245505093,-58.24171333333334,4.642685000000029,-0.08496732026143788,-14.687495833333337,0.0,123.95803166666667,153.56092999999998,99.0,8.0,0.7727272727272727,Murraylink
V-S-MNSP1,reverse,SMTS/LINE/DDTS_SMTS1_330,Dederang S Morang 1 330kV LINE,330.0,South Morang 500kV,VIC1,north-east of Melbourne (21 km),V-DDSM,5,HUMEV (+5.00); MURRAY (+4.98); STWF1 (-3.87); BROKENH1 (-3.87); BHB1 (-3.87); EILDON1 (+3.85),Wollert Renewable Energy Hub (Solar) (7 km); Wollert Renewable Energy Hub (Landfill Gas) (7 km); Wollert Waste to Energy Facility (ReWaste) (10 km); Somerton Power Station (11 km); Winneke Solar Farm (20 km); Melbourne Airport Solar Farm (21 km); Newport Power Station (27 km); Brooklyn Power Station (29 km); Laverton North Power Station (33 km); FORMER Narre Warren Landfill Gas Fuelled Power Stati,K2,V-DDSM,supported,0.0,0.0,-21.88130666666669,24.152933333333323,0.1503267973856209,13.5,-3.3333333346874383e-06,-38.21387333333333,-48.00000166666666,99.0,8.0,0.7727272727272727,Murraylink
V-S-MNSP1,forward,SMTS/LINE/DDTS_SMTS2_330,Dederang S Morang 2 330kV LINE,330.0,South Morang 500kV,VIC1,north-east of Melbourne (21 km),I-X_64_DDSM|N-LTUT_64_15M|V-DDSM,7,GUTHEGA (-6.33); HUMEV (+5.00); MURRAY (+4.98); STWF1 (-3.87); BROKENH1 (-3.87); BHB1 (-3.87),Wollert Renewable Energy Hub (Solar) (7 km); Wollert Renewable Energy Hub (Landfill Gas) (7 km); Wollert Waste to Energy Facility (ReWaste) (10 km); Somerton Power Station (11 km); Winneke Solar Farm (20 km); Melbourne Airport Solar Farm (21 km); Newport Power Station (27 km); Brooklyn Power Station (29 km); Laverton North Power Station (33 km); FORMER Narre Warren Landfill Gas Fuelled Power Stati,K2,V-DDSM,supported,-9.782168333333374,-6.475147245505093,-58.24171333333334,4.642685000000029,-0.08496732026143788,-14.687495833333337,0.0,123.95803166666667,153.56092999999998,99.0,8.0,0.7727272727272727,Murraylink
V-S-MNSP1,reverse,SMTS/LINE/DDTS_SMTS2_330,Dederang S Morang 2 330kV LINE,330.0,South Morang 500kV,VIC1,north-east of Melbourne (21 km),I-X_64_DDSM|N-LTUT_64_15M|V-DDSM,7,GUTHEGA (-6.33); HUMEV (+5.00); MURRAY (+4.98); STWF1 (-3.87); BROKENH1 (-3.87); BHB1 (-3.87),Wollert Renewable Energy Hub (Solar) (7 km); Wollert Renewable Energy Hub (Landfill Gas) (7 km); Wollert Waste to Energy Facility (ReWaste) (10 km); Somerton Power Station (11 km); Winneke Solar Farm (20 km); Melbourne Airport Solar Farm (21 km); Newport Power Station (27 km); Brooklyn Power Station (29 km); Laverton North Power Station (33 km); FORMER Narre Warren Landfill Gas Fuelled Power Stati,K2,N-LTUT_64_15M,supported,12.951436666666652,18.13583034773301,-4.544202499999983,32.56318958333334,-0.034755134281200625,-4.917605,3.0009583333333296,30.5,0.0,425.0,9.0,0.7447058823529412,Murraylink
V-S-MNSP1,forward,SYD_NTH/BUS/5A1,Sydney N A1 330kV BUS,330.0,Sydney North 330kV,NSW1,north-west of Sydney (29 km),N-DTSS_11,1,BROKENH1 (-2.93); BHB1 (-2.93); STWF1 (-2.93); LIMOSF21 (-2.93); SUNRSF1 (-2.93); LIMOSF11 (-2.93),Jenema Gas Networks - Flemington (23 km); Smithfield Open Cycle Gas Turbine (23 km); Wallgrove Battery (25 km); DHL HP8 Solar (29 km); USCAWRC Solar Farm (33 km); Warragamba Power Station (47 km),K2,N-DTSS_11,supported,10.499999999999986,7.586261194029857,2.061554833333337,29.333723187499967,0.06046814044213267,8.591226666666667,0.0,129.0,99.16666666666667,536.5,9.0,0.7166821994408201,Murraylink
V-S-MNSP1,reverse,SYD_NTH/BUS/5A1,Sydney N A1 330kV BUS,330.0,Sydney North 330kV,NSW1,north-west of Sydney (29 km),N-DTSS_11,1,BROKENH1 (-2.93); BHB1 (-2.93); STWF1 (-2.93); LIMOSF21 (-2.93); SUNRSF1 (-2.93); LIMOSF11 (-2.93),Jenema Gas Networks - Flemington (23 km); Smithfield Open Cycle Gas Turbine (23 km); Wallgrove Battery (25 km); DHL HP8 Solar (29 km); USCAWRC Solar Farm (33 km); Warragamba Power Station (47 km),K2,N-DTSS_11,supported,-12.0,-17.22488038277512,-25.333333333333332,-3.499727958333333,-0.0377113133940182,-9.497983333333309,-1.3333333328091612e-05,0.0,33.363715,536.5,9.0,0.7166821994408201,Murraylink
V-S-MNSP1,forward,SYD_STH/BUS/5A1,Sydney S A1 330kV BUS,330.0,Sydney South 330kV,NSW1,south-west of Sydney (22 km),N-DTSS_11,2,BROKENH1 (-2.93); BHB1 (-2.93); STWF1 (-2.93); LIMOSF21 (-2.93); SUNRSF1 (-2.93); LIMOSF11 (-2.93),Jenema Gas Networks - Flemington (14 km); Smithfield Open Cycle Gas Turbine (15 km); DHL HP8 Solar (24 km); Wallgrove Battery (25 km); USCAWRC Solar Farm (26 km); Warragamba Power Station (40 km),K2,N-DTSS_11,supported,10.499999999999986,7.586261194029857,2.061554833333337,29.333723187499967,0.06046814044213267,8.591226666666667,0.0,129.0,99.16666666666667,536.5,9.0,0.7166821994408201,Murraylink
V-S-MNSP1,reverse,SYD_STH/BUS/5A1,Sydney S A1 330kV BUS,330.0,Sydney South 330kV,NSW1,south-west of Sydney (22 km),N-DTSS_11,2,BROKENH1 (-2.93); BHB1 (-2.93); STWF1 (-2.93); LIMOSF21 (-2.93); SUNRSF1 (-2.93); LIMOSF11 (-2.93),Jenema Gas Networks - Flemington (14 km); Smithfield Open Cycle Gas Turbine (15 km); DHL HP8 Solar (24 km); Wallgrove Battery (25 km); USCAWRC Solar Farm (26 km); Warragamba Power Station (40 km),K2,N-DTSS_11,supported,-12.0,-17.22488038277512,-25.333333333333332,-3.499727958333333,-0.0377113133940182,-9.497983333333309,-1.3333333328091612e-05,0.0,33.363715,536.5,9.0,0.7166821994408201,Murraylink
V-S-MNSP1,forward,S_EAST/BUS/NB,South_East N 275kV BUS,275.0,South East 275kV,SA1,central Mount Gambier,I-BDBU_ONE,1,AVLSF1 (+14.08); BOMENSF1 (+8.26); JUNEESF1 (+8.26); WAGGNSF1 (+8.26); SEBSF1 (+8.26); WSTWYSF1 (+8.26),Ladbroke Grove Power Station (31 km); Lake Bonney Wind Farm (39 km); Lake Bonney Battery (40 km); Canunda Wind Farm (43 km),K3,S_EAST,supported,9.166666666666668e-06,7.7761178750887e-06,-8.437499999999995e-06,14.996000083333334,0.0,2.2593933333333327,0.0,80.58333333333334,98.5,700.5,32.0,0.622412562455389,Murraylink
V-S-MNSP1,reverse,S_EAST/BUS/NB,South_East N 275kV BUS,275.0,South East 275kV,SA1,central Mount Gambier,I-BDBU_ONE,1,AVLSF1 (+14.08); BOMENSF1 (+8.26); JUNEESF1 (+8.26); WAGGNSF1 (+8.26); SEBSF1 (+8.26); WSTWYSF1 (+8.26),Ladbroke Grove Power Station (31 km); Lake Bonney Wind Farm (39 km); Lake Bonney Battery (40 km); Canunda Wind Farm (43 km),K3,S_EAST,supported,-5.009309166666668,-7.42151676213455,-24.5,0.0,0.0,-3.1039200000000022,0.0,0.0,3.1666666666666665,700.5,32.0,0.622412562455389,Murraylink
V-S-MNSP1,forward,S_EAST/CB/CB6607,S_EAST 6607 275kV CB,275.0,South East 275kV,SA1,central Mount Gambier,S-TBSE,2,DARTM1 (+1.82); MCKAY1 (+1.82); WKIEWA1 (+1.82); MURRAY (+1.60); MOKOSF1 (+0.88); GLRWNSF1 (+0.88),Ladbroke Grove Power Station (31 km); Lake Bonney Wind Farm (39 km); Lake Bonney Battery (40 km); Canunda Wind Farm (43 km),K2,S-TBSE,supported,0.0,0.0,-17.671609166666673,9.590324208333323,0.09218750000000003,1.22079041666667,-3.3333333249174757e-06,88.5,99.5,1023.0,48.0,0.7820136852394917,Murraylink
V-S-MNSP1,reverse,S_EAST/CB/CB6607,S_EAST 6607 275kV CB,275.0,South East 275kV,SA1,central Mount Gambier,S-TBSE,2,DARTM1 (+1.82); MCKAY1 (+1.82); WKIEWA1 (+1.82); MURRAY (+1.60); MOKOSF1 (+0.88); GLRWNSF1 (+0.88),Ladbroke Grove Power Station (31 km); Lake Bonney Wind Farm (39 km); Lake Bonney Battery (40 km); Canunda Wind Farm (43 km),K2,S-TBSE,supported,-19.3709375,-27.060108643500865,-36.785275,-5.392405625000003,-0.031250000000000014,-3.294009166666666,0.0,0.0,28.75,1023.0,48.0,0.7820136852394917,Murraylink
V-S-MNSP1,forward,S_EAST/CB/CB6610,S_EAST 6610 275kV CB,275.0,South East 275kV,SA1,central Mount Gambier,I-HYSE,1,MCKAY1 (+1.07); DARTM1 (+1.07); WKIEWA1 (+1.07); MURRAY (+0.89); GLENSF1 (+0.43); ELAINWF1 (+0.43),Ladbroke Grove Power Station (31 km); Lake Bonney Wind Farm (39 km); Lake Bonney Battery (40 km); Canunda Wind Farm (43 km),K2,I-HYSE,supported,-0.6621549999999843,-0.5617085816268256,-25.819510541666666,22.52873333333332,0.052718286655683705,-8.102679999999992,1.6666666624587378e-06,77.12248833333332,77.0,423.0,15.0,0.7174940898345153,Murraylink
V-S-MNSP1,reverse,S_EAST/CB/CB6610,S_EAST 6610 275kV CB,275.0,South East 275kV,SA1,central Mount Gambier,I-HYSE,1,MCKAY1 (+1.07); DARTM1 (+1.07); WKIEWA1 (+1.07); MURRAY (+0.89); GLENSF1 (+0.43); ELAINWF1 (+0.43),Ladbroke Grove Power Station (31 km); Lake Bonney Wind Farm (39 km); Lake Bonney Battery (40 km); Canunda Wind Farm (43 km),K2,I-HYSE,supported,23.24179833333335,32.883622871634905,6.0,41.747313958333315,0.046128500823723245,5.542343333333332,3.081978333333339,38.0,0.0,423.0,15.0,0.7174940898345153,Murraylink
V-S-MNSP1,forward,S_EAST/CB/CB6611,S_EAST 6611 275kV CB,275.0,South East 275kV,SA1,central Mount Gambier,S-TBSE,1,DARTM1 (+1.82); MCKAY1 (+1.82); WKIEWA1 (+1.82); MURRAY (+1.60); MOKOSF1 (+0.88); GLRWNSF1 (+0.88),Ladbroke Grove Power Station (31 km); Lake Bonney Wind Farm (39 km); Lake Bonney Battery (40 km); Canunda Wind Farm (43 km),K2,S-TBSE,supported,0.0,0.0,-17.671609166666673,9.590324208333323,0.09218750000000003,1.22079041666667,-3.3333333249174757e-06,88.5,99.5,1023.0,48.0,0.7820136852394917,Murraylink
V-S-MNSP1,reverse,S_EAST/CB/CB6611,S_EAST 6611 275kV CB,275.0,South East 275kV,SA1,central Mount Gambier,S-TBSE,1,DARTM1 (+1.82); MCKAY1 (+1.82); WKIEWA1 (+1.82); MURRAY (+1.60); MOKOSF1 (+0.88); GLRWNSF1 (+0.88),Ladbroke Grove Power Station (31 km); Lake Bonney Wind Farm (39 km); Lake Bonney Battery (40 km); Canunda Wind Farm (43 km),K2,S-TBSE,supported,-19.3709375,-27.060108643500865,-36.785275,-5.392405625000003,-0.031250000000000014,-3.294009166666666,0.0,0.0,28.75,1023.0,48.0,0.7820136852394917,Murraylink
V-S-MNSP1,forward,S_EAST/LINE/TABSES_1,Tailem_Bnd South_East 1 275kV LINE,275.0,South East 275kV,SA1,central Mount Gambier,S-TBSE,31,DARTM1 (+1.82); MCKAY1 (+1.82); WKIEWA1 (+1.82); MURRAY (+1.60); MOKOSF1 (+0.88); GLRWNSF1 (+0.88),Ladbroke Grove Power Station (31 km); Lake Bonney Wind Farm (39 km); Lake Bonney Battery (40 km); Canunda Wind Farm (43 km),K1xK2,S_EAST/LINE/TABSES_1 × S-TBSE,supported,0.0,0.0,-56.91938833333334,24.667106041666656,0.0,1.5,-0.3769066666666667,53.46870583333333,94.95314666666667,337.5,17.0,0.7111111111111111,Murraylink
V-S-MNSP1,reverse,S_EAST/LINE/TABSES_1,Tailem_Bnd South_East 1 275kV LINE,275.0,South East 275kV,SA1,central Mount Gambier,S-TBSE,31,DARTM1 (+1.82); MCKAY1 (+1.82); WKIEWA1 (+1.82); MURRAY (+1.60); MOKOSF1 (+0.88); GLRWNSF1 (+0.88),Ladbroke Grove Power Station (31 km); Lake Bonney Wind Farm (39 km); Lake Bonney Battery (40 km); Canunda Wind Farm (43 km),K1xK2,S_EAST/LINE/TABSES_1 × S-TBSE,supported,-24.25,-39.002489945323944,-46.58279833333334,-8.25,0.0,-6.407091666666666,0.0,0.0,35.0,337.5,17.0,0.7111111111111111,Murraylink
V-S-MNSP1,forward,S_EAST/LINE/TABSES_2,Tailem_Bnd South_East 2 275kV LINE,275.0,South East 275kV,SA1,central Mount Gambier,S-TBSE,27,DARTM1 (+1.82); MCKAY1 (+1.82); WKIEWA1 (+1.82); MURRAY (+1.60); MOKOSF1 (+0.88); GLRWNSF1 (+0.88),Ladbroke Grove Power Station (31 km); Lake Bonney Wind Farm (39 km); Lake Bonney Battery (40 km); Canunda Wind Farm (43 km),K1xK2,S_EAST/LINE/TABSES_2 × S-TBSE,supported,-0.8738654166666606,-0.6967377694592418,-26.923975000000013,13.606540416666654,0.0,-0.38418333333333976,-3.3333333249174757e-06,73.0952475,106.48758666666667,326.0,12.0,0.7914110429447853,Murraylink
V-S-MNSP1,reverse,S_EAST/LINE/TABSES_2,Tailem_Bnd South_East 2 275kV LINE,275.0,South East 275kV,SA1,central Mount Gambier,S-TBSE,27,DARTM1 (+1.82); MCKAY1 (+1.82); WKIEWA1 (+1.82); MURRAY (+1.60); MOKOSF1 (+0.88); GLRWNSF1 (+0.88),Ladbroke Grove Power Station (31 km); Lake Bonney Wind Farm (39 km); Lake Bonney Battery (40 km); Canunda Wind Farm (43 km),K1xK2,S_EAST/LINE/TABSES_2 × S-TBSE,supported,-2.6700949999999963,-3.649829749018198,-44.676205,10.228918333333354,0.0,0.0,-1.6666666553533105e-06,0.0,9.166665,326.0,12.0,0.7914110429447853,Murraylink
V-S-MNSP1,forward,TEMPLE/LINE/N/A,Roseworthy Templers 132kV LINE,132.0,Templers 132kV,SA1,south-west of Robertstown (52 km),S-TPRS,6,TEMPB1 (-8.55); ANGAST1 (-8.11); ANGAS1 (-8.11); WATERLWF (-6.45); MINTARO (-6.28); WPWF (-5.43),Templers BESS (1 km); Angaston Power Station (24 km); Bolivar Wastewater Treatment Plant Solar Farm (39 km); Snapper Point Power Station (41 km); Pelican Point Power Station (42 km); Quarantine Power Station (42 km); Barker Inlet Power Station (44 km); Torrens Island Battery (44 km); Osborne Power Station (44 km); Torrens Island Power Station (44 km); Dry Creek Power Station (46 km),K1xK2,TEMPLE/LINE/N/A × S-TPRS,indicative,-15.833333333333329,-12.313432835820896,-50.00000333333333,-0.5,0.0,-22.5,2.4976350000000025,65.0,103.83333333333333,349.5,4.0,0.8197424892703863,Murraylink
V-S-MNSP1,reverse,TEMPLE/LINE/N/A,Roseworthy Templers 132kV LINE,132.0,Templers 132kV,SA1,south-west of Robertstown (52 km),S-TPRS,6,TEMPB1 (-8.55); ANGAST1 (-8.11); ANGAS1 (-8.11); WATERLWF (-6.45); MINTARO (-6.28); WPWF (-5.43),Templers BESS (1 km); Angaston Power Station (24 km); Bolivar Wastewater Treatment Plant Solar Farm (39 km); Snapper Point Power Station (41 km); Pelican Point Power Station (42 km); Quarantine Power Station (42 km); Barker Inlet Power Station (44 km); Torrens Island Battery (44 km); Osborne Power Station (44 km); Torrens Island Power Station (44 km); Dry Creek Power Station (46 km),K1xK2,TEMPLE/LINE/N/A × S-TPRS,indicative,19.33333333333333,27.751196172248793,0.6778899999999908,49.99999666666667,0.0,22.498751666666664,-5.684341886080802e-14,65.337295,11.87009,349.5,4.0,0.8197424892703863,Murraylink
V-S-MNSP1,forward,TUMUT1_2/CB/642,64 Upper Tumut-Lower Tumut CB 642,330.0,Upper Tumut,NSW1,north-west of Cooma (75 km),N-LTUT_64_15M,1,GUTHEGA (-6.33); UPPTUMUT (-3.65); BROKENH1 (-3.43); STWF1 (-3.43); BHB1 (-3.43); TUMUT3-4 (-3.09),Tumut 2 Power Station (3 km); Tumut 1 Power Station (5 km); Tumut 3 Power Station (34 km); Jounama Small Hydro Power Station (39 km); Murray 1 Power Station (41 km); Murray 2 Power Station (43 km); Guthega Power Station (49 km),K2,N-LTUT_64_15M,supported,5.826681666666673,4.353233830845768,-6.711817166666638,22.544420833333334,-0.042654028436018954,3.8697583333333334,1.6666666766695926e-06,106.66666666666667,100.58333333333334,425.0,9.0,0.7447058823529412,Murraylink
V-S-MNSP1,reverse,TUMUT1_2/CB/642,64 Upper Tumut-Lower Tumut CB 642,330.0,Upper Tumut,NSW1,north-west of Cooma (75 km),N-LTUT_64_15M,1,GUTHEGA (-6.33); UPPTUMUT (-3.65); BROKENH1 (-3.43); STWF1 (-3.43); BHB1 (-3.43); TUMUT3-4 (-3.09),Tumut 2 Power Station (3 km); Tumut 1 Power Station (5 km); Tumut 3 Power Station (34 km); Jounama Small Hydro Power Station (39 km); Murray 1 Power Station (41 km); Murray 2 Power Station (43 km); Guthega Power Station (49 km),K2,N-LTUT_64_15M,supported,12.951436666666652,18.13583034773301,-4.544202499999983,32.56318958333334,-0.034755134281200625,-4.917605,3.0009583333333296,30.5,0.0,425.0,9.0,0.7447058823529412,Murraylink
V-S-MNSP1,forward,TUMUT3/LINE/03,Lwr Tumut Yass 330kV 03 330kV LINE,330.0,Lower Tumut,NSW1,south-west of Canberra (84 km),N-MNYS_5_WG_CLOSE|N-X_03+4_WG_CLOSE|N-X_LTYS_MNYS,2,BROKENH1 (-2.93); BHB1 (-2.93); STWF1 (-2.93); LIMOSF21 (-2.93); SUNRSF1 (-2.93); LIMOSF11 (-2.93),Tumut 3 Power Station (1 km); Jounama Small Hydro Power Station (5 km); Blowering Power Station (23 km); Tumut 2 Power Station (32 km); Tumut 1 Power Station (39 km),K3,TUMUT3,supported,-0.7560216666666406,-0.5532017117510968,-22.5,13.5,0.0,-8.61486,4.999999991817106e-06,74.19835666666667,102.5,646.5,15.0,0.6581593194122196,Murraylink
V-S-MNSP1,reverse,TUMUT3/LINE/03,Lwr Tumut Yass 330kV 03 330kV LINE,330.0,Lower Tumut,NSW1,south-west of Canberra (84 km),N-MNYS_5_WG_CLOSE|N-X_03+4_WG_CLOSE|N-X_LTYS_MNYS,2,BROKENH1 (-2.93); BHB1 (-2.93); STWF1 (-2.93); LIMOSF21 (-2.93); SUNRSF1 (-2.93); LIMOSF11 (-2.93),Tumut 3 Power Station (1 km); Jounama Small Hydro Power Station (5 km); Blowering Power Station (23 km); Tumut 2 Power Station (32 km); Tumut 1 Power Station (39 km),K3,TUMUT3,supported,26.819025,41.90189024390244,3.8333333333333286,49.36058749999997,0.0,6.191056666666668,1.5,48.5,0.0,646.5,15.0,0.6581593194122196,Murraylink
V-S-MNSP1,forward,TUMUT3/LINE/051,Lwr Tumut Wagga 051 330kV LINE,330.0,Lower Tumut,NSW1,south-west of Canberra (84 km),N-LTWG_63|N-LTWG_RADIAL|N-LTWG_X5|N-X_051_X5,8,LIMOSF21 (-2.93); LIMOSF11 (-2.93); BHB1 (-2.93); BROKENH1 (-2.93); STWF1 (-2.93); SUNRSF1 (-2.93),Tumut 3 Power Station (1 km); Jounama Small Hydro Power Station (5 km); Blowering Power Station (23 km); Tumut 2 Power Station (32 km); Tumut 1 Power Station (39 km),K1,TUMUT3/LINE/051,supported,-65.05745416666667,-55.18848351852878,-108.69701833333332,-15.964081666666665,0.0,-33.0,1.6666666695641652e-06,19.969899166666664,95.08333333333334,95.5,5.0,0.8167539267015707,Murraylink
V-S-MNSP1,reverse,TUMUT3/LINE/051,Lwr Tumut Wagga 051 330kV LINE,330.0,Lower Tumut,NSW1,south-west of Canberra (84 km),N-LTWG_63|N-LTWG_RADIAL|N-LTWG_X5|N-X_051_X5,8,LIMOSF21 (-2.93); LIMOSF11 (-2.93); BHB1 (-2.93); BROKENH1 (-2.93); STWF1 (-2.93); SUNRSF1 (-2.93),Tumut 3 Power Station (1 km); Jounama Small Hydro Power Station (5 km); Blowering Power Station (23 km); Tumut 2 Power Station (32 km); Tumut 1 Power Station (39 km),K1,TUMUT3/LINE/051,supported,71.70833333333334,98.02018589320369,53.16666666666667,100.02617306249998,0.0,30.744431666666667,17.477596666666663,89.0,20.0,95.5,5.0,0.8167539267015707,Murraylink
V-S-MNSP1,forward,TUMUT3/LINE/64,Lwr Tumut Upr Tumut 64 330kV LINE,330.0,Lower Tumut,NSW1,south-west of Canberra (84 km),I-X_64_DDSM|N-KVCW_3W_WG_CLOSE|N-LTUT_64_15M|V-DDSM,8,GUTHEGA (-6.33); HUMEV (+5.00); MURRAY (+4.98); STWF1 (-3.87); BROKENH1 (-3.87); BHB1 (-3.87),Tumut 3 Power Station (1 km); Jounama Small Hydro Power Station (5 km); Blowering Power Station (23 km); Tumut 2 Power Station (32 km); Tumut 1 Power Station (39 km),K1xK2,TUMUT3/LINE/64 × N-LTUT_64_15M,supported,7.583333333333336,5.907960199004979,-11.574367604166653,23.13107500000001,0.0,4.764183333333331,5.83333332571101e-06,99.5,97.38871666666667,350.5,6.0,0.7674750356633381,Murraylink
V-S-MNSP1,reverse,TUMUT3/LINE/64,Lwr Tumut Upr Tumut 64 330kV LINE,330.0,Lower Tumut,NSW1,south-west of Canberra (84 km),I-X_64_DDSM|N-KVCW_3W_WG_CLOSE|N-LTUT_64_15M|V-DDSM,8,GUTHEGA (-6.33); HUMEV (+5.00); MURRAY (+4.98); STWF1 (-3.87); BROKENH1 (-3.87); BHB1 (-3.87),Tumut 3 Power Station (1 km); Jounama Small Hydro Power Station (5 km); Blowering Power Station (23 km); Tumut 2 Power Station (32 km); Tumut 1 Power Station (39 km),K1xK2,TUMUT3/LINE/64 × N-LTUT_64_15M,supported,16.416666666666664,22.440414434585847,-7.0466200000000185,40.666666666666664,0.0,-7.026333333333326,3.029960833333334,39.18192833333333,0.0,350.5,6.0,0.7674750356633381,Murraylink
V-S-MNSP1,forward,TUMUT3/LINE/66,Lwr Tumut Murray 66 330kV LINE,330.0,Lower Tumut,NSW1,south-west of Canberra (84 km),I-LTMS,4,GUTHEGA (-5.05); STWF1 (-3.68); BROKENH1 (-3.68); BHB1 (-3.68); HUMEV (+3.50); MURRAY (+3.46),Tumut 3 Power Station (1 km); Jounama Small Hydro Power Station (5 km); Blowering Power Station (23 km); Tumut 2 Power Station (32 km); Tumut 1 Power Station (39 km),K3,TUMUT3,supported,-0.7560216666666406,-0.5532017117510968,-22.5,13.5,0.0,-8.61486,4.999999991817106e-06,74.19835666666667,102.5,646.5,15.0,0.6581593194122196,Murraylink
V-S-MNSP1,reverse,TUMUT3/LINE/66,Lwr Tumut Murray 66 330kV LINE,330.0,Lower Tumut,NSW1,south-west of Canberra (84 km),I-LTMS,4,GUTHEGA (-5.05); STWF1 (-3.68); BROKENH1 (-3.68); BHB1 (-3.68); HUMEV (+3.50); MURRAY (+3.46),Tumut 3 Power Station (1 km); Jounama Small Hydro Power Station (5 km); Blowering Power Station (23 km); Tumut 2 Power Station (32 km); Tumut 1 Power Station (39 km),K3,TUMUT3,supported,26.819025,41.90189024390244,3.8333333333333286,49.36058749999997,0.0,6.191056666666668,1.5,48.5,0.0,646.5,15.0,0.6581593194122196,Murraylink
V-S-MNSP1,forward,TUNKIL/LINE/N/A,MtBarkerS-Tungkillo 275kV LINE,275.0,Tungkillo,SA1,north-west of Murray Bridge (33 km),S-TBSE,1,DARTM1 (+1.82); MCKAY1 (+1.82); WKIEWA1 (+1.82); MURRAY (+1.60); MOKOSF1 (+0.88); GLRWNSF1 (+0.88),Mannum PPS.2 solar farm (10 km); Mannum PPS.3 solar farm (12 km); Mannum Solar Farm (19 km); Murray Bridge-Onkaparinga Pipeline No. 2 Pump Solar Farm (28 km); Mannum Solar Farm Stage 1 (30 km); Angaston Power Station (42 km); Dry Creek Power Station (44 km); Bolivar Wastewater Treatment Plant Solar Farm (45 km); Torrens Island Power Station (50 km); Barker Inlet Power Station (50 km); Torrens Isla,K2,S-TBSE,supported,0.0,0.0,-17.671609166666673,9.590324208333323,0.09218750000000003,1.22079041666667,-3.3333333249174757e-06,88.5,99.5,1023.0,48.0,0.7820136852394917,Murraylink
V-S-MNSP1,reverse,TUNKIL/LINE/N/A,MtBarkerS-Tungkillo 275kV LINE,275.0,Tungkillo,SA1,north-west of Murray Bridge (33 km),S-TBSE,1,DARTM1 (+1.82); MCKAY1 (+1.82); WKIEWA1 (+1.82); MURRAY (+1.60); MOKOSF1 (+0.88); GLRWNSF1 (+0.88),Mannum PPS.2 solar farm (10 km); Mannum PPS.3 solar farm (12 km); Mannum Solar Farm (19 km); Murray Bridge-Onkaparinga Pipeline No. 2 Pump Solar Farm (28 km); Mannum Solar Farm Stage 1 (30 km); Angaston Power Station (42 km); Dry Creek Power Station (44 km); Bolivar Wastewater Treatment Plant Solar Farm (45 km); Torrens Island Power Station (50 km); Barker Inlet Power Station (50 km); Torrens Isla,K2,S-TBSE,supported,-19.3709375,-27.060108643500865,-36.785275,-5.392405625000003,-0.031250000000000014,-3.294009166666666,0.0,0.0,28.75,1023.0,48.0,0.7820136852394917,Murraylink
V-S-MNSP1,forward,TUNKIL/LINE/PARTUN_2,Tungkillo-Para No.2 275kV LINE,275.0,Tungkillo,SA1,north-west of Murray Bridge (33 km),S-PA_VC1,1,,Mannum PPS.2 solar farm (10 km); Mannum PPS.3 solar farm (12 km); Mannum Solar Farm (19 km); Murray Bridge-Onkaparinga Pipeline No. 2 Pump Solar Farm (28 km); Mannum Solar Farm Stage 1 (30 km); Angaston Power Station (42 km); Dry Creek Power Station (44 km); Bolivar Wastewater Treatment Plant Solar Farm (45 km); Torrens Island Power Station (50 km); Barker Inlet Power Station (50 km); Torrens Isla,K2,S-PA_VC1,supported,-1.2499999999999999e-05,-1.0603797102393678e-05,-6.696818333333326,4.9999999999999996e-06,0.07193515704154002,0.0,-8.333333312293689e-07,53.0,87.91774,569.5,21.0,0.8665496049165935,Murraylink
V-S-MNSP1,reverse,TUNKIL/LINE/PARTUN_2,Tungkillo-Para No.2 275kV LINE,275.0,Tungkillo,SA1,north-west of Murray Bridge (33 km),S-PA_VC1,1,,Mannum PPS.2 solar farm (10 km); Mannum PPS.3 solar farm (12 km); Mannum Solar Farm (19 km); Murray Bridge-Onkaparinga Pipeline No. 2 Pump Solar Farm (28 km); Mannum Solar Farm Stage 1 (30 km); Angaston Power Station (42 km); Dry Creek Power Station (44 km); Bolivar Wastewater Treatment Plant Solar Farm (45 km); Torrens Island Power Station (50 km); Barker Inlet Power Station (50 km); Torrens Isla,K2,S-PA_VC1,supported,0.0,0.0,-2.628328374999997,3.0000083333333407,0.0476190476190476,0.0,0.0,21.666666666666668,24.333333333333332,569.5,21.0,0.8665496049165935,Murraylink
V-S-MNSP1,forward,TUNKIL/LINE/ROBTUN_1,Tungkillo-Robertstwn 1 275kV LINE,275.0,Tungkillo,SA1,north-west of Murray Bridge (33 km),S-RBTU|S-X_BRMN_RBTU,10,AGLHAL (+13.30); HALLWF1 (+13.30); WPWF (+12.97); DALNTH1 (+12.97); HPR1 (+11.34); HDWF3 (+11.34),Mannum PPS.2 solar farm (10 km); Mannum PPS.3 solar farm (12 km); Mannum Solar Farm (19 km); Murray Bridge-Onkaparinga Pipeline No. 2 Pump Solar Farm (28 km); Mannum Solar Farm Stage 1 (30 km); Angaston Power Station (42 km); Dry Creek Power Station (44 km); Bolivar Wastewater Treatment Plant Solar Farm (45 km); Torrens Island Power Station (50 km); Barker Inlet Power Station (50 km); Torrens Isla,K1xK2,TUNKIL/LINE/ROBTUN_1 × S-RBTU,supported,-30.70833333333333,-23.255224262465134,-132.28382333333334,23.061693333333324,0.0,-36.298145000000005,0.0,21.526811666666667,109.91666666666666,56.5,7.0,0.8849557522123894,Murraylink
V-S-MNSP1,reverse,TUNKIL/LINE/ROBTUN_1,Tungkillo-Robertstwn 1 275kV LINE,275.0,Tungkillo,SA1,north-west of Murray Bridge (33 km),S-RBTU|S-X_BRMN_RBTU,10,AGLHAL (+13.30); HALLWF1 (+13.30); WPWF (+12.97); DALNTH1 (+12.97); HPR1 (+11.34); HDWF3 (+11.34),Mannum PPS.2 solar farm (10 km); Mannum PPS.3 solar farm (12 km); Mannum Solar Farm (19 km); Murray Bridge-Onkaparinga Pipeline No. 2 Pump Solar Farm (28 km); Mannum Solar Farm Stage 1 (30 km); Angaston Power Station (42 km); Dry Creek Power Station (44 km); Bolivar Wastewater Treatment Plant Solar Farm (45 km); Torrens Island Power Station (50 km); Barker Inlet Power Station (50 km); Torrens Isla,K1xK2,TUNKIL/LINE/ROBTUN_1 × S-RBTU,supported,46.5,82.2408536585366,-4.336923333333317,119.77176166666668,0.0,37.620643333333334,0.6781849999999991,56.25,0.0,56.5,7.0,0.8849557522123894,Murraylink
V-S-MNSP1,forward,TUNKIL/LINE/ROBTUN_2,Tungkillo-Robertstwn 2 275kV LINE,275.0,Tungkillo,SA1,north-west of Murray Bridge (33 km),S-RBTU|S-X_BRMN_RBTU,8,AGLHAL (+13.30); HALLWF1 (+13.30); WPWF (+12.97); DALNTH1 (+12.97); HPR1 (+11.34); HDWF3 (+11.34),Mannum PPS.2 solar farm (10 km); Mannum PPS.3 solar farm (12 km); Mannum Solar Farm (19 km); Murray Bridge-Onkaparinga Pipeline No. 2 Pump Solar Farm (28 km); Mannum Solar Farm Stage 1 (30 km); Angaston Power Station (42 km); Dry Creek Power Station (44 km); Bolivar Wastewater Treatment Plant Solar Farm (45 km); Torrens Island Power Station (50 km); Barker Inlet Power Station (50 km); Torrens Isla,K2,S-RBTU,supported,-5.874647916666667,-4.416741966668127,-25.472076666666666,4.841666624999988,-0.085387323943662,-4.4004295833333416,0.0,94.13173166666667,106.53845249999999,339.5,13.0,0.8365243004418262,Murraylink
V-S-MNSP1,reverse,TUNKIL/LINE/ROBTUN_2,Tungkillo-Robertstwn 2 275kV LINE,275.0,Tungkillo,SA1,north-west of Murray Bridge (33 km),S-RBTU|S-X_BRMN_RBTU,8,AGLHAL (+13.30); HALLWF1 (+13.30); WPWF (+12.97); DALNTH1 (+12.97); HPR1 (+11.34); HDWF3 (+11.34),Mannum PPS.2 solar farm (10 km); Mannum PPS.3 solar farm (12 km); Mannum Solar Farm (19 km); Murray Bridge-Onkaparinga Pipeline No. 2 Pump Solar Farm (28 km); Mannum Solar Farm Stage 1 (30 km); Angaston Power Station (42 km); Dry Creek Power Station (44 km); Bolivar Wastewater Treatment Plant Solar Farm (45 km); Torrens Island Power Station (50 km); Barker Inlet Power Station (50 km); Torrens Isla,K2,S-RBTU,supported,8.860152500000002,15.978937500000004,-0.6666666666666643,29.588313333333303,-0.08010563380281689,4.0123966666666675,1.5,45.41666666666667,22.698685,339.5,13.0,0.8365243004418262,Murraylink
V-S-MNSP1,forward,TUNKIL/LINE/TUNTAB_1,Tungkillo-Tailem_Bnd 1 275kV LINE,275.0,Tungkillo,SA1,north-west of Murray Bridge (33 km),S-TBSE,1,DARTM1 (+1.82); MCKAY1 (+1.82); WKIEWA1 (+1.82); MURRAY (+1.60); MOKOSF1 (+0.88); GLRWNSF1 (+0.88),Mannum PPS.2 solar farm (10 km); Mannum PPS.3 solar farm (12 km); Mannum Solar Farm (19 km); Murray Bridge-Onkaparinga Pipeline No. 2 Pump Solar Farm (28 km); Mannum Solar Farm Stage 1 (30 km); Angaston Power Station (42 km); Dry Creek Power Station (44 km); Bolivar Wastewater Treatment Plant Solar Farm (45 km); Torrens Island Power Station (50 km); Barker Inlet Power Station (50 km); Torrens Isla,K2,S-TBSE,supported,0.0,0.0,-17.671609166666673,9.590324208333323,0.09218750000000003,1.22079041666667,-3.3333333249174757e-06,88.5,99.5,1023.0,48.0,0.7820136852394917,Murraylink
V-S-MNSP1,reverse,TUNKIL/LINE/TUNTAB_1,Tungkillo-Tailem_Bnd 1 275kV LINE,275.0,Tungkillo,SA1,north-west of Murray Bridge (33 km),S-TBSE,1,DARTM1 (+1.82); MCKAY1 (+1.82); WKIEWA1 (+1.82); MURRAY (+1.60); MOKOSF1 (+0.88); GLRWNSF1 (+0.88),Mannum PPS.2 solar farm (10 km); Mannum PPS.3 solar farm (12 km); Mannum Solar Farm (19 km); Murray Bridge-Onkaparinga Pipeline No. 2 Pump Solar Farm (28 km); Mannum Solar Farm Stage 1 (30 km); Angaston Power Station (42 km); Dry Creek Power Station (44 km); Bolivar Wastewater Treatment Plant Solar Farm (45 km); Torrens Island Power Station (50 km); Barker Inlet Power Station (50 km); Torrens Isla,K2,S-TBSE,supported,-19.3709375,-27.060108643500865,-36.785275,-5.392405625000003,-0.031250000000000014,-3.294009166666666,0.0,0.0,28.75,1023.0,48.0,0.7820136852394917,Murraylink
V-S-MNSP1,forward,TUNKIL/LINE/TUNTAB_2,Tungkillo-Tailem_Bnd 2 275kV LINE,275.0,Tungkillo,SA1,north-west of Murray Bridge (33 km),I-BDBU_ONE,1,AVLSF1 (+14.08); BOMENSF1 (+8.26); JUNEESF1 (+8.26); WAGGNSF1 (+8.26); SEBSF1 (+8.26); WSTWYSF1 (+8.26),Mannum PPS.2 solar farm (10 km); Mannum PPS.3 solar farm (12 km); Mannum Solar Farm (19 km); Murray Bridge-Onkaparinga Pipeline No. 2 Pump Solar Farm (28 km); Mannum Solar Farm Stage 1 (30 km); Angaston Power Station (42 km); Dry Creek Power Station (44 km); Bolivar Wastewater Treatment Plant Solar Farm (45 km); Torrens Island Power Station (50 km); Barker Inlet Power Station (50 km); Torrens Isla,K3,TUNKIL,supported,-16.83790583333333,-12.658898139612248,-50.70971166666666,3.1733199999999897,0.0,-29.672524583333328,3.3333333249174757e-06,91.58333333333334,120.33333333333333,234.5,11.0,0.746268656716418,Murraylink
V-S-MNSP1,reverse,TUNKIL/LINE/TUNTAB_2,Tungkillo-Tailem_Bnd 2 275kV LINE,275.0,Tungkillo,SA1,north-west of Murray Bridge (33 km),I-BDBU_ONE,1,AVLSF1 (+14.08); BOMENSF1 (+8.26); JUNEESF1 (+8.26); WAGGNSF1 (+8.26); SEBSF1 (+8.26); WSTWYSF1 (+8.26),Mannum PPS.2 solar farm (10 km); Mannum PPS.3 solar farm (12 km); Mannum Solar Farm (19 km); Murray Bridge-Onkaparinga Pipeline No. 2 Pump Solar Farm (28 km); Mannum Solar Farm Stage 1 (30 km); Angaston Power Station (42 km); Dry Creek Power Station (44 km); Bolivar Wastewater Treatment Plant Solar Farm (45 km); Torrens Island Power Station (50 km); Barker Inlet Power Station (50 km); Torrens Isla,K3,TUNKIL,supported,43.26334666666667,67.40991920731707,11.983333333333334,72.25912666666667,0.0,20.447647500000002,2.517610833333336,39.75,0.0,234.5,11.0,0.746268656716418,Murraylink
V-S-MNSP1,forward,T_BEND/BUS/WB,Tailem_Bnd W 275kV BUS,275.0,Tailem Bend 275kV,SA1,south-east of Murray Bridge (26 km),S-TBSE,1,DARTM1 (+1.82); MCKAY1 (+1.82); WKIEWA1 (+1.82); MURRAY (+1.60); MOKOSF1 (+0.88); GLRWNSF1 (+0.88),Tailem Bend Solar Power Project (1 km); Mannum Solar Farm Stage 1 (29 km); Murray Bridge-Onkaparinga Pipeline No. 2 Pump Solar Farm (32 km); Mannum Solar Farm (45 km),K2,S-TBSE,supported,0.0,0.0,-17.671609166666673,9.590324208333323,0.09218750000000003,1.22079041666667,-3.3333333249174757e-06,88.5,99.5,1023.0,48.0,0.7820136852394917,Murraylink
V-S-MNSP1,reverse,T_BEND/BUS/WB,Tailem_Bnd W 275kV BUS,275.0,Tailem Bend 275kV,SA1,south-east of Murray Bridge (26 km),S-TBSE,1,DARTM1 (+1.82); MCKAY1 (+1.82); WKIEWA1 (+1.82); MURRAY (+1.60); MOKOSF1 (+0.88); GLRWNSF1 (+0.88),Tailem Bend Solar Power Project (1 km); Mannum Solar Farm Stage 1 (29 km); Murray Bridge-Onkaparinga Pipeline No. 2 Pump Solar Farm (32 km); Mannum Solar Farm (45 km),K2,S-TBSE,supported,-19.3709375,-27.060108643500865,-36.785275,-5.392405625000003,-0.031250000000000014,-3.294009166666666,0.0,0.0,28.75,1023.0,48.0,0.7820136852394917,Murraylink
V-S-MNSP1,forward,WAGGA330/BUS/5A,Wagga A 330kV BUS,330.0,Wagga 330kV,NSW1,,N-DPWG_63|N-DPWG_63_X5|N-LTWG_RADIAL|N-LTWG_X5|N-X_051_X5,6,BROKENH1 (-2.93); BHB1 (-2.93); STWF1 (-2.93); LIMOSF11 (-2.93); LIMOSF21 (-2.93); SUNRSF1 (-2.93),,K1,WAGGA330/BUS/5A,supported,-67.09948916666666,-56.920749503807684,-135.918655,-15.964081666666665,0.0,-40.025902499999994,2.894187500000001,12.035725833333334,90.5,96.5,5.0,0.8704663212435233,Murraylink
V-S-MNSP1,reverse,WAGGA330/BUS/5A,Wagga A 330kV BUS,330.0,Wagga 330kV,NSW1,,N-DPWG_63|N-DPWG_63_X5|N-LTWG_RADIAL|N-LTWG_X5|N-X_051_X5,6,BROKENH1 (-2.93); BHB1 (-2.93); STWF1 (-2.93); LIMOSF11 (-2.93); LIMOSF21 (-2.93); SUNRSF1 (-2.93),,K1,WAGGA330/BUS/5A,supported,65.0,88.85037187297951,48.166666666666664,98.675,0.0,30.766088333333336,2.7779358333333377,98.0,20.0,96.5,5.0,0.8704663212435233,Murraylink
V-S-MNSP1,forward,WAGGA330/BUS/5B1,Wagga B 330kV BUS,330.0,Wagga 330kV,NSW1,,N-JNWG_RADIAL|N-WGWA_63_X5,6,BROKENH1 (-2.93); BHB1 (-2.93); STWF1 (-2.93); LIMOSF11 (-2.93); LIMOSF21 (-2.93); SUNRSF1 (-2.93),,K3,WAGGA330,supported,-50.0,-37.3134328358209,-75.59174254166666,-28.280175000000014,0.0,-34.395365416666664,0.0,19.33568916666667,83.28532416666667,502.0,10.0,0.8087649402390438,Murraylink
V-S-MNSP1,reverse,WAGGA330/BUS/5B1,Wagga B 330kV BUS,330.0,Wagga 330kV,NSW1,,N-JNWG_RADIAL|N-WGWA_63_X5,6,BROKENH1 (-2.93); BHB1 (-2.93); STWF1 (-2.93); LIMOSF11 (-2.93); LIMOSF21 (-2.93); SUNRSF1 (-2.93),,K3,WAGGA330,supported,47.08333333333333,67.34449760765551,36.10696500000001,57.33333333333333,0.0,29.893004166666667,0.946038333333334,72.8586875,0.0,502.0,10.0,0.8087649402390438,Murraylink
V-S-MNSP1,forward,WAGGA330/CB/3G2A,Wagga 3G2A 330kV CB,330.0,Wagga 330kV,NSW1,,N-WGWA_63_X5,1,BROKENH1 (-2.93); BHB1 (-2.93); STWF1 (-2.93); LIMOSF11 (-2.93); LIMOSF21 (-2.93); SUNRSF1 (-2.93),,K3,WAGGA330,supported,-50.0,-37.3134328358209,-75.59174254166666,-28.280175000000014,0.0,-34.395365416666664,0.0,19.33568916666667,83.28532416666667,502.0,10.0,0.8087649402390438,Murraylink
V-S-MNSP1,reverse,WAGGA330/CB/3G2A,Wagga 3G2A 330kV CB,330.0,Wagga 330kV,NSW1,,N-WGWA_63_X5,1,BROKENH1 (-2.93); BHB1 (-2.93); STWF1 (-2.93); LIMOSF11 (-2.93); LIMOSF21 (-2.93); SUNRSF1 (-2.93),,K3,WAGGA330,supported,47.08333333333333,67.34449760765551,36.10696500000001,57.33333333333333,0.0,29.893004166666667,0.946038333333334,72.8586875,0.0,502.0,10.0,0.8087649402390438,Murraylink
V-S-MNSP1,forward,WAGGA330/LINE/3G,Wagga-CULC_SF 3G 330kV LINE,330.0,Wagga 330kV,NSW1,,N-WGWA_X5,2,BROKENH1 (-2.93); BHB1 (-2.93); STWF1 (-2.93); LIMOSF11 (-2.93); LIMOSF21 (-2.93); SUNRSF1 (-2.93),,K3,WAGGA330,supported,-50.0,-37.3134328358209,-75.59174254166666,-28.280175000000014,0.0,-34.395365416666664,0.0,19.33568916666667,83.28532416666667,502.0,10.0,0.8087649402390438,Murraylink
V-S-MNSP1,reverse,WAGGA330/LINE/3G,Wagga-CULC_SF 3G 330kV LINE,330.0,Wagga 330kV,NSW1,,N-WGWA_X5,2,BROKENH1 (-2.93); BHB1 (-2.93); STWF1 (-2.93); LIMOSF11 (-2.93); LIMOSF21 (-2.93); SUNRSF1 (-2.93),,K3,WAGGA330,supported,47.08333333333333,67.34449760765551,36.10696500000001,57.33333333333333,0.0,29.893004166666667,0.946038333333334,72.8586875,0.0,502.0,10.0,0.8087649402390438,Murraylink
V-S-MNSP1,forward,WALAWALA/LINE/6Y,WALAWALA-Wagga330 6Y 330kV LINE,330.0,Walla Walla 330kV,NSW1,,N-WGWA_63|N-WGWA_63_X5|N-WGWA_X5,3,BROKENH1 (-2.93); SUNRSF1 (-2.93); LIMOSF11 (-2.93); LIMOSF21 (-2.93); STWF1 (-2.93); BHB1 (-2.93),,K2,N-WGWA_63_X5,indicative,-92.76775833333333,-78.11444213059382,-119.15433833333333,-76.70660166666667,0.26578073089700993,-31.980283333333333,-52.17295833333334,0.577605,99.94517,174.5,4.0,0.8624641833810889,Murraylink
V-S-MNSP1,reverse,WALAWALA/LINE/6Y,WALAWALA-Wagga330 6Y 330kV LINE,330.0,Walla Walla 330kV,NSW1,,N-WGWA_63|N-WGWA_63_X5|N-WGWA_X5,3,BROKENH1 (-2.93); SUNRSF1 (-2.93); LIMOSF11 (-2.93); LIMOSF21 (-2.93); STWF1 (-2.93); BHB1 (-2.93),,K2,N-WGWA_63_X5,indicative,41.76013499999999,57.08313114178194,32.49999999999999,57.16666166666667,0.09468438538205981,38.515365,-1.6666666624587378e-06,78.33333333333333,36.5,174.5,4.0,0.8624641833810889,Murraylink
V-S-MNSP1,forward,WBTS/TRANS/B2TR,,,Waubra 220kV,VIC1,north-west of Ballarat (31 km),V-AR_WB_BA,2,GANNB1 (+2.02); GANNSF1 (+2.02); COHUNSF1 (+2.02); KERNGSP1 (+2.02); KESSB1 (+1.96); LANCSF1 (-1.78),Waubra Wind Farm (1 km); Chepstowe Wind Farm (28 km); Stockyard Hill Wind Farm (32 km); Ballarat Energy Storage System (36 km); Challicum Hills Wind Farm (44 km); Hepburn Wind Project (46 km); Lal Lal (Yendon) Wind Farm (48 km); Crowlands Wind Farm (48 km),K2,V-AR_WB_BA,supported,-55.253805416666665,-46.43226763452283,-121.61424166666669,1.3832416666666631,0.09490740740740744,-32.56232,0.0,36.47797583333333,147.7557075,129.0,16.0,0.8372093023255814,Murraylink
V-S-MNSP1,reverse,WBTS/TRANS/B2TR,,,Waubra 220kV,VIC1,north-west of Ballarat (31 km),V-AR_WB_BA,2,GANNB1 (+2.02); GANNSF1 (+2.02); COHUNSF1 (+2.02); KERNGSP1 (+2.02); KESSB1 (+1.96); LANCSF1 (-1.78),Waubra Wind Farm (1 km); Chepstowe Wind Farm (28 km); Stockyard Hill Wind Farm (32 km); Ballarat Energy Storage System (36 km); Challicum Hills Wind Farm (44 km); Hepburn Wind Project (46 km); Lal Lal (Yendon) Wind Farm (48 km); Crowlands Wind Farm (48 km),K2,V-AR_WB_BA,supported,19.017499166666664,29.602014354066988,-12.95735333333333,101.05109166666662,0.11574074074074073,25.481482500000006,0.1262262500000091,45.5693325,-86.58333333333334,129.0,16.0,0.8372093023255814,Murraylink
V-S-MNSP1,forward,WETS/LINE/KGTS_WETS_220,Kerang-Wemen 220kV LINE,220.0,Wemen 220kV,VIC1,,V-KG_WE_RC,3,ARWF1 (+1.92); CROWLWF1 (+1.90); BULGANA1 (+1.86); BULBES1 (+1.86); WKIEWA1 (+1.82); MCKAY1 (+1.82),,K2,V-KG_WE_RC,supported,-7.679114166666658,-5.730682213930342,-91.89303666666669,4.754231666666669,-0.024999999999999967,-3.700591666666682,0.0,80.75026166666667,144.84894250000002,78.0,7.0,0.8974358974358975,Murraylink
V-S-MNSP1,reverse,WETS/LINE/KGTS_WETS_220,Kerang-Wemen 220kV LINE,220.0,Wemen 220kV,VIC1,,V-KG_WE_RC,3,ARWF1 (+1.92); CROWLWF1 (+1.90); BULGANA1 (+1.86); BULBES1 (+1.86); WKIEWA1 (+1.82); MCKAY1 (+1.82),,K2,V-KG_WE_RC,supported,3.2457595833333386,5.830705838323363,-5.626109999999983,60.24999999999992,0.075,3.0813908333333586,0.03333208333332265,31.8530175,-31.583336666666668,78.0,7.0,0.8974358974358975,Murraylink
V-S-MNSP1,forward,WETS/LINE/RCTS_WETS_220,Red Cliffs-Wemen 220kV LINE,220.0,Wemen 220kV,VIC1,,V-KG_WE_RC|V-KO_WE_RC|V-RCWT,14,ARWF1 (+1.92); CROWLWF1 (+1.90); BULBES1 (+1.86); BULGANA1 (+1.86); MCKAY1 (+1.82); WKIEWA1 (+1.82),,K1xK2,WETS/LINE/RCTS_WETS_220 × V-KG_WE_RC,supported,-58.19023916666666,-38.51808249622802,-106.48772833333332,6.8992350000000044,0.0,-24.220128333333328,0.0,71.71774833333333,140.16666666666666,50.5,5.0,0.8613861386138614,Murraylink
V-S-MNSP1,reverse,WETS/LINE/RCTS_WETS_220,Red Cliffs-Wemen 220kV LINE,220.0,Wemen 220kV,VIC1,,V-KG_WE_RC|V-KO_WE_RC|V-RCWT,14,ARWF1 (+1.92); CROWLWF1 (+1.90); BULBES1 (+1.86); BULGANA1 (+1.86); MCKAY1 (+1.82); WKIEWA1 (+1.82),,K1xK2,WETS/LINE/RCTS_WETS_220 × V-KG_WE_RC,supported,34.16666666666667,52.39234688995216,-6.899290000000008,140.53413333333333,0.0,18.219695,4.351508333333342,49.0,-29.999998333333334,50.5,5.0,0.8613861386138614,Murraylink
V-S-MNSP1,forward,WILLAL/LINE/MOKWIL_1,Mokota-Willalo 275kV LINE,275.0,Willalo,SA1,,S-TBSE,1,DARTM1 (+1.82); MCKAY1 (+1.82); WKIEWA1 (+1.82); MURRAY (+1.60); MOKOSF1 (+0.88); GLRWNSF1 (+0.88),,K2,S-TBSE,supported,0.0,0.0,-17.671609166666673,9.590324208333323,0.09218750000000003,1.22079041666667,-3.3333333249174757e-06,88.5,99.5,1023.0,48.0,0.7820136852394917,Murraylink
V-S-MNSP1,reverse,WILLAL/LINE/MOKWIL_1,Mokota-Willalo 275kV LINE,275.0,Willalo,SA1,,S-TBSE,1,DARTM1 (+1.82); MCKAY1 (+1.82); WKIEWA1 (+1.82); MURRAY (+1.60); MOKOSF1 (+0.88); GLRWNSF1 (+0.88),,K2,S-TBSE,supported,-19.3709375,-27.060108643500865,-36.785275,-5.392405625000003,-0.031250000000000014,-3.294009166666666,0.0,0.0,28.75,1023.0,48.0,0.7820136852394917,Murraylink
V-S-MNSP1,forward,W_LOO/LINE/N/A,WaterlooE-Waterloo 132kV LINE,132.0,Waterloo 132kV,SA1,north-west of Robertstown (21 km),S-X_BRMN_WEWT,1,ANGAS1 (-13.97); ANGAST1 (-13.97); MINTARO (-13.42); AGLHAL (+13.30); HALLWF1 (+13.30); WPWF (+12.97),Waterloo Wind Farm (4 km); Mintaro Power Station (16 km); Morgan-Whyalla Pipeline Pumping Station No 4 Solar Farm (17 km); Goyder South Stage 1 Wind Farm (23 km); Morgan-Whyalla Pipeline Pumping Station No 3 Solar Farm (30 km); Hallett Hill Wind Farm (49 km),none,,unsupported,,,,,,,,,,,,,Murraylink
V-S-MNSP1,reverse,W_LOO/LINE/N/A,WaterlooE-Waterloo 132kV LINE,132.0,Waterloo 132kV,SA1,north-west of Robertstown (21 km),S-X_BRMN_WEWT,1,ANGAS1 (-13.97); ANGAST1 (-13.97); MINTARO (-13.42); AGLHAL (+13.30); HALLWF1 (+13.30); WPWF (+12.97),Waterloo Wind Farm (4 km); Mintaro Power Station (16 km); Morgan-Whyalla Pipeline Pumping Station No 4 Solar Farm (17 km); Goyder South Stage 1 Wind Farm (23 km); Morgan-Whyalla Pipeline Pumping Station No 3 Solar Farm (30 km); Hallett Hill Wind Farm (49 km),none,,unsupported,,,,,,,,,,,,,Murraylink
V-SA,forward,6C/LINE/6C,Bundey-Buronga 330kV Line 2 (6C),330.0,,,,I-BDBU_ONE,1,TB2B1 (-13.42); TBSF1 (-13.42); TB2SF1 (-13.42); LADBROK2 (+4.07); LADBROK1 (+4.07); MBPS2PV1 (+2.26),,none,,unsupported,,,,,,,,,,,,,Heywood
V-SA,reverse,6C/LINE/6C,Bundey-Buronga 330kV Line 2 (6C),330.0,,,,I-BDBU_ONE,1,TB2B1 (-13.42); TBSF1 (-13.42); TB2SF1 (-13.42); LADBROK2 (+4.07); LADBROK1 (+4.07); MBPS2PV1 (+2.26),,none,,unsupported,,,,,,,,,,,,,Heywood
V-SA,forward,6F/LINE/6F,Bundey-Buronga 330kV Line 1(6F),330.0,,,,I-6F_NS_050|I-6F_SN_050|I-BDBU_ONE|I-HYSE|I-X_BDBU+HYSE|S-TB132_E_BUS|S-TB275_E_BUS|S-X_BDBU+PA_VC1|S-X_BDBU+SECB6611_10|S-X_TBSE+BDBU|S-X_TBTU+BDBU,28,TB2SF1 (-13.42); TB2B1 (-13.42); TBSF1 (-13.42); LADBROK2 (+4.07); LADBROK1 (+4.07); MCKAY1 (+3.56),,K2,I-X_BDBU+HYSE,supported,93.0043425,23.1960762750891,-64.17027833333333,113.74273833333334,0.3058823529411765,88.799905,-0.0012199999999893407,149.36829166666666,79.55707833333334,42.5,5.0,1.0,Heywood
V-SA,reverse,6F/LINE/6F,Bundey-Buronga 330kV Line 1(6F),330.0,,,,I-6F_NS_050|I-6F_SN_050|I-BDBU_ONE|I-HYSE|I-X_BDBU+HYSE|S-TB132_E_BUS|S-TB275_E_BUS|S-X_BDBU+PA_VC1|S-X_BDBU+SECB6611_10|S-X_TBSE+BDBU|S-X_TBTU+BDBU,28,TB2SF1 (-13.42); TB2B1 (-13.42); TBSF1 (-13.42); LADBROK2 (+4.07); LADBROK1 (+4.07); MCKAY1 (+3.56),,K2,I-X_BDBU+HYSE,supported,52.864003333333315,15.499529913493697,-92.51734,401.2053716666667,0.017647058823529432,-109.68509666666668,117.3545566666667,147.916655,185.73159666666666,42.5,5.0,1.0,Heywood
V-SA,forward,APD/LINE/APD_HYTS2_500,Alc/prtlnd Heywood 2 500kV LINE,500.0,Alcoa/portland 500kV,VIC1,,V-HYMO,4,DARTM1 (+2.68); WKIEWA1 (+2.68); MCKAY1 (+2.68); MURRAY (+2.16); HD1WF1 (+1.61); MACARTH1 (+1.61),,K2,V-HYMO,supported,-125.4913683333333,-31.298617607293988,-176.834935,-22.983421666666665,0.3007518796992481,16.97871666666667,-28.965858333333358,58.06222833333334,177.86528666666666,67.5,7.0,0.9851851851851852,Heywood
V-SA,reverse,APD/LINE/APD_HYTS2_500,Alc/prtlnd Heywood 2 500kV LINE,500.0,Alcoa/portland 500kV,VIC1,,V-HYMO,4,DARTM1 (+2.68); WKIEWA1 (+2.68); MCKAY1 (+2.68); MURRAY (+2.16); HD1WF1 (+1.61); MACARTH1 (+1.61),,K2,V-HYMO,supported,-159.599665,-39.88097719527887,-323.945965,-80.27739,0.19172932330827067,51.422538333333335,-138.1336833333334,178.40263166666668,326.6455866666667,67.5,7.0,0.9851851851851852,Heywood
V-SA,forward,ARTS/LINE/ARTS_CWTS_220,AraratTOA-CWTS 220kV LINE,220.0,Ararat,VIC1,,V-ARCW,2,COHUNSF1 (+5.00); GANNSF1 (+5.00); KERNGSP1 (+5.00); GANNB1 (+5.00); KESSB1 (+4.84); WUNUSF1 (-3.86),,K2,V-ARCW,supported,-2.705498333333331,-0.6573931291656028,-479.5058966666667,142.839975,0.08035714285714285,-29.28192,-89.70907500000001,188.9641216666667,220.33303416666666,29.0,5.0,0.9655172413793104,Heywood
V-SA,reverse,ARTS/LINE/ARTS_CWTS_220,AraratTOA-CWTS 220kV LINE,220.0,Ararat,VIC1,,V-ARCW,2,COHUNSF1 (+5.00); GANNSF1 (+5.00); KERNGSP1 (+5.00); GANNB1 (+5.00); KESSB1 (+4.84); WUNUSF1 (-3.86),,K3,ARTS,supported,-5.076270000000022,-0.9457872241171004,-39.694211666666774,122.10318500000005,0.0,-183.977395,112.1109933333334,410.95734166666665,364.7019383333333,59.5,7.0,0.9831932773109243,Heywood
V-SA,forward,ARTS/LINE/ARTS_WBTS_220,AraratTOA-WBTS 220kV LINE,220.0,Ararat,VIC1,,V-AR_WB_BA,7,COHUNSF1 (+5.00); GANNB1 (+5.00); GANNSF1 (+5.00); KERNGSP1 (+5.00); KESSB1 (+4.84); NUMURSF1 (-3.86),,K1xK2,ARTS/LINE/ARTS_WBTS_220 × V-AR_WB_BA,supported,68.95198666666664,14.514253630001047,-22.67633833333332,160.16213349999984,0.0,175.80177541666663,-11.758430833333335,507.86095,305.9736266666667,41.0,5.0,0.975609756097561,Heywood
V-SA,reverse,ARTS/LINE/ARTS_WBTS_220,AraratTOA-WBTS 220kV LINE,220.0,Ararat,VIC1,,V-AR_WB_BA,7,COHUNSF1 (+5.00); GANNB1 (+5.00); GANNSF1 (+5.00); KERNGSP1 (+5.00); KESSB1 (+4.84); NUMURSF1 (-3.86),,K1xK2,ARTS/LINE/ARTS_WBTS_220 × V-AR_WB_BA,supported,16.927898333333335,4.410757950429515,-44.49955,169.69505500000002,0.0,-189.46554249999997,97.80523333333332,393.01735833333333,320.13216,41.0,5.0,0.975609756097561,Heywood
V-SA,forward,AVON/BUS/5,Avon 330kV 330kV BUS,330.0,Avon 330kV,NSW1,central Wollongong,N-WGWA_63|N-WGWA_RADIAL,1,KERNGSP1 (+5.43); GANNB1 (+5.43); COHUNSF1 (+5.43); GANNSF1 (+5.43); KESSB1 (+5.25); ARWF1 (+5.15),Tallawarra Power Station (10 km); Kangaroo Valley Pumping and Power Station (39 km); Bendeela Pumping and Power Station (41 km),none,,unsupported,,,,,,,,,,,,,Heywood
V-SA,reverse,AVON/BUS/5,Avon 330kV 330kV BUS,330.0,Avon 330kV,NSW1,central Wollongong,N-WGWA_63|N-WGWA_RADIAL,1,KERNGSP1 (+5.43); GANNB1 (+5.43); COHUNSF1 (+5.43); GANNSF1 (+5.43); KESSB1 (+5.25); ARWF1 (+5.15),Tallawarra Power Station (10 km); Kangaroo Valley Pumping and Power Station (39 km); Bendeela Pumping and Power Station (41 km),none,,unsupported,,,,,,,,,,,,,Heywood
V-SA,forward,BALRANLD/LINE/X5/1,Drlngtn Pt Balranald X5 220kV LINE,220.0,Balranald 220/22kV Substation,NSW1,,N-BABU,1,GANNB1 (+5.43); KERNGSP1 (+5.43); GANNSF1 (+5.43); COHUNSF1 (+5.43); KESSB1 (+5.25); ARWF1 (+5.15),,K2,N-BABU,supported,16.863709166666723,3.7590446371304296,-10.656846416666669,51.16586287499994,-0.001210653753026647,-7.731325000000005,9.801889166666676,404.9791075,388.1047675,514.5,21.0,0.8027210884353742,Heywood
V-SA,reverse,BALRANLD/LINE/X5/1,Drlngtn Pt Balranald X5 220kV LINE,220.0,Balranald 220/22kV Substation,NSW1,,N-BABU,1,GANNB1 (+5.43); KERNGSP1 (+5.43); GANNSF1 (+5.43); COHUNSF1 (+5.43); KESSB1 (+5.25); ARWF1 (+5.15),,none,,unsupported,,,,,,,,,,,,,Heywood
V-SA,forward,BATS/BUS/7MN1,,,Ballarat 220kV,VIC1,,V-AR_WB_BA,1,COHUNSF1 (+5.00); GANNB1 (+5.00); GANNSF1 (+5.00); KERNGSP1 (+5.00); KESSB1 (+4.84); NUMURSF1 (-3.86),,K2,V-AR_WB_BA,supported,42.348665000000004,9.399873198908388,6.161351999999994,103.38733383333333,0.03958333333333333,5.016064166666695,14.185224166666643,299.29837083333337,267.6060841666667,129.0,16.0,0.9302325581395349,Heywood
V-SA,reverse,BATS/BUS/7MN1,,,Ballarat 220kV,VIC1,,V-AR_WB_BA,1,COHUNSF1 (+5.00); GANNB1 (+5.00); GANNSF1 (+5.00); KERNGSP1 (+5.00); KESSB1 (+4.84); NUMURSF1 (-3.86),,K2,V-AR_WB_BA,supported,18.075184166666673,3.3752532365720844,-30.790833333333353,60.00013924999993,0.14375,-9.259519166666706,4.1666665140382975e-07,420.73281499999996,425.2023520833333,129.0,16.0,0.9302325581395349,Heywood
V-SA,forward,BATS/LINE/BATS_MLTS1_220,Ballarat Moorabool 1 220kV LINE,220.0,Ballarat 220kV,VIC1,,V-AR_WB_BA|V-BAML1_15M,12,BALB1 (+6.26); YENDWF1 (+6.25); ARWF1 (+6.03); CROWLWF1 (+5.95); BULBES1 (+5.81); BULGANA1 (+5.81),,K1xK2,BATS/LINE/BATS_MLTS1_220 × V-BAML1_15M,supported,-5.681255833333353,-1.2470800036561192,-74.74929333333333,38.18089833333332,0.0,-1.7829679166666637,-38.20982416666672,248.15071583333332,277.52238375,52.5,7.0,0.9904761904761905,Heywood
V-SA,reverse,BATS/LINE/BATS_MLTS1_220,Ballarat Moorabool 1 220kV LINE,220.0,Ballarat 220kV,VIC1,,V-AR_WB_BA|V-BAML1_15M,12,BALB1 (+6.26); YENDWF1 (+6.25); ARWF1 (+6.03); CROWLWF1 (+5.95); BULBES1 (+5.81); BULGANA1 (+5.81),,K1xK2,BATS/LINE/BATS_MLTS1_220 × V-BAML1_15M,supported,-11.318299999999965,-2.3746523854795125,-65.95909,41.511799999999994,0.0,-28.565186666666705,-4.166666684568554e-06,516.1051600000001,527.4643083333333,52.5,7.0,0.9904761904761905,Heywood
V-SA,forward,BATS/LINE/BATS_WBTS_220,Ballart220-Waubra 220kV LINE,220.0,Ballarat 220kV,VIC1,,V-AR_WB_BA,10,COHUNSF1 (+5.00); GANNB1 (+5.00); GANNSF1 (+5.00); KERNGSP1 (+5.00); KESSB1 (+4.84); NUMURSF1 (-3.86),,K1xK2,BATS/LINE/BATS_WBTS_220 × V-AR_WB_BA,supported,87.43392333333334,20.517076165590638,-20.671688333333293,181.1071066666667,0.0,83.37114333333332,19.39596791666662,506.594205,397.10646166666663,43.0,7.0,0.8372093023255814,Heywood
V-SA,reverse,BATS/LINE/BATS_WBTS_220,Ballart220-Waubra 220kV LINE,220.0,Ballarat 220kV,VIC1,,V-AR_WB_BA,10,COHUNSF1 (+5.00); GANNB1 (+5.00); GANNSF1 (+5.00); KERNGSP1 (+5.00); KESSB1 (+4.84); NUMURSF1 (-3.86),,K1xK2,BATS/LINE/BATS_WBTS_220 × V-AR_WB_BA,supported,-24.243776666666633,-6.340392478815283,-113.16909820833322,27.08073333333334,0.0,-83.70628583333333,7.983646249999964,404.1554983333333,466.6197854166667,43.0,7.0,0.8372093023255814,Heywood
V-SA,forward,BGTS/LINE/BGTS_CWTS_220,CrwLnd-Bulgana 220kV LINE,220.0,Bulgana,VIC1,,V-CWHO,1,GANNB1 (+5.62); KERNGSP1 (+5.62); GANNSF1 (+5.62); COHUNSF1 (+5.62); KESSB1 (+5.45); GIRGSF (-4.15),,none,,unsupported,,,,,,,,,,,,,Heywood
V-SA,reverse,BGTS/LINE/BGTS_CWTS_220,CrwLnd-Bulgana 220kV LINE,220.0,Bulgana,VIC1,,V-CWHO,1,GANNB1 (+5.62); KERNGSP1 (+5.62); GANNSF1 (+5.62); COHUNSF1 (+5.62); KESSB1 (+5.45); GIRGSF (-4.15),,none,,unsupported,,,,,,,,,,,,,Heywood
V-SA,forward,BRINKW/LINE/BRICLN_1,ClareNth-Brinkworth 132kV LINE,132.0,Brinkworth 275kV,SA1,north-west of Robertstown (82 km),S-X_BRMN_RBTU,1,MINTARO (-6.62); TEMPB1 (-5.24); MWPS4PV1 (-5.14); MWPS3PV1 (-4.67); MWPS1PV1 (-4.67); MWPS2PV1 (-4.67),Snowtown Wind Farm (23 km); Snowtown 2 Wind Farm (25 km); Clements Gap Windfarm (28 km); Brown Hill Wind Farm (43 km); Mintaro Power Station (45 km); Hallett Hill Wind Farm (46 km); Hallett Power Station (47 km); Bluff Range Wind Farm (48 km); North Brown Hill Wind Farm (50 km),K2,S-X_BRMN_RBTU,supported,5.566455000000019,1.0902646114070862,-87.75248000000005,99.18421999999993,0.033663366336633666,179.49483666666666,-142.74895666666663,460.1000000000001,487.83200000000005,356.0,5.0,0.7092696629213483,Heywood
V-SA,reverse,BRINKW/LINE/BRICLN_1,ClareNth-Brinkworth 132kV LINE,132.0,Brinkworth 275kV,SA1,north-west of Robertstown (82 km),S-X_BRMN_RBTU,1,MINTARO (-6.62); TEMPB1 (-5.24); MWPS4PV1 (-5.14); MWPS3PV1 (-4.67); MWPS1PV1 (-4.67); MWPS2PV1 (-4.67),Snowtown Wind Farm (23 km); Snowtown 2 Wind Farm (25 km); Clements Gap Windfarm (28 km); Brown Hill Wind Farm (43 km); Mintaro Power Station (45 km); Hallett Hill Wind Farm (46 km); Hallett Power Station (47 km); Bluff Range Wind Farm (48 km); North Brown Hill Wind Farm (50 km),K2,S-X_BRMN_RBTU,supported,-12.147979999999961,-2.568400477975287,-65.75292999999994,55.053711916666686,-0.0009900990099009892,-195.03378666666666,172.8516075,371.354965,375.41000333333335,356.0,5.0,0.7092696629213483,Heywood
V-SA,forward,BUNGAM/LINE/DVPBUN_1,Bungama Davenport 275kV LINE,275.0,Bungama 132kV,SA1,east of Whyalla (49 km),S-BGDV|S-X_BGBW+BGDV+BGTX,8,GSWF1B1 (-3.51); GSWF1A (-3.51); HALLWF2 (-3.33); HALLWF1 (-3.15); AGLHAL (-3.15); WGWF1 (-2.99),Bungama 2 Solar Farm (1 km); Bungama 1 Solar Farm (1 km); Clements Gap Windfarm (35 km); Port Bonython Solar Farm (36 km); Hornsdale Power Reserve (44 km); Hornsdale Windfarm (47 km),K1xK2,BUNGAM/LINE/DVPBUN_1 × S-BGDV,supported,-25.235601666666753,-6.13185044013214,-165.96941666666663,4.9309716666666645,0.0,-49.99858999999999,-22.10926666666665,345.39381166666664,430.56,186.5,5.0,0.9624664879356568,Heywood
V-SA,reverse,BUNGAM/LINE/DVPBUN_1,Bungama Davenport 275kV LINE,275.0,Bungama 132kV,SA1,east of Whyalla (49 km),S-BGDV|S-X_BGBW+BGDV+BGTX,8,GSWF1B1 (-3.51); GSWF1A (-3.51); HALLWF2 (-3.33); HALLWF1 (-3.15); AGLHAL (-3.15); WGWF1 (-2.99),Bungama 2 Solar Farm (1 km); Bungama 1 Solar Farm (1 km); Clements Gap Windfarm (35 km); Port Bonython Solar Farm (36 km); Hornsdale Power Reserve (44 km); Hornsdale Windfarm (47 km),K1xK2,BUNGAM/LINE/DVPBUN_1 × S-BGDV,supported,0.0,0.0,-109.51714000000004,93.36916666666664,0.0,41.97711499999997,-7.525618333333284,445.69449833333334,473.776505,186.5,5.0,0.9624664879356568,Heywood
V-SA,forward,BUNGAM/LINE/N/A,BlythW-Bungama 275kV LINE,275.0,Bungama 132kV,SA1,east of Whyalla (49 km),S-X_BGBW+BGDV+BGTX,2,GSWF1B1 (-3.51); GSWF1A (-3.51); HALLWF2 (-3.33); HALLWF1 (-3.15); AGLHAL (-3.15); WGWF1 (-2.99),Bungama 2 Solar Farm (1 km); Bungama 1 Solar Farm (1 km); Clements Gap Windfarm (35 km); Port Bonython Solar Farm (36 km); Hornsdale Power Reserve (44 km); Hornsdale Windfarm (47 km),K3,BUNGAM,supported,-44.62927416666679,-9.391653119450536,-108.94447983333338,0.0,0.0,-35.361270833333336,-33.78662708333334,351.7153616666667,391.7036466666667,538.5,8.0,0.841225626740947,Heywood
V-SA,reverse,BUNGAM/LINE/N/A,BlythW-Bungama 275kV LINE,275.0,Bungama 132kV,SA1,east of Whyalla (49 km),S-X_BGBW+BGDV+BGTX,2,GSWF1B1 (-3.51); GSWF1A (-3.51); HALLWF2 (-3.33); HALLWF1 (-3.15); AGLHAL (-3.15); WGWF1 (-2.99),Bungama 2 Solar Farm (1 km); Bungama 1 Solar Farm (1 km); Clements Gap Windfarm (35 km); Port Bonython Solar Farm (36 km); Hornsdale Power Reserve (44 km); Hornsdale Windfarm (47 km),K3,BUNGAM,supported,-20.995653333333394,-4.181437634328139,-104.92359999999996,50.05475999999999,0.0,23.27303666666667,-9.366205833333296,387.83552833333334,439.3828716666667,538.5,8.0,0.841225626740947,Heywood
V-SA,forward,BURONGA/BUS/5A,Buronga 330 BS A 330kV BUS,330.0,Buronga 220kV,NSW1,,I-BDBU_ONE,1,TB2B1 (-13.42); TBSF1 (-13.42); TB2SF1 (-13.42); LADBROK2 (+4.07); LADBROK1 (+4.07); MBPS2PV1 (+2.26),,none,,unsupported,,,,,,,,,,,,,Heywood
V-SA,reverse,BURONGA/BUS/5A,Buronga 330 BS A 330kV BUS,330.0,Buronga 220kV,NSW1,,I-BDBU_ONE,1,TB2B1 (-13.42); TBSF1 (-13.42); TB2SF1 (-13.42); LADBROK2 (+4.07); LADBROK1 (+4.07); MBPS2PV1 (+2.26),,none,,unsupported,,,,,,,,,,,,,Heywood
V-SA,forward,BURONGA/BUS/5B,Buronga 330 BS B 330kV BUS,330.0,Buronga 220kV,NSW1,,I-BDBU_ONE,1,TB2B1 (-13.42); TBSF1 (-13.42); TB2SF1 (-13.42); LADBROK2 (+4.07); LADBROK1 (+4.07); MBPS2PV1 (+2.26),,none,,unsupported,,,,,,,,,,,,,Heywood
V-SA,reverse,BURONGA/BUS/5B,Buronga 330 BS B 330kV BUS,330.0,Buronga 220kV,NSW1,,I-BDBU_ONE,1,TB2B1 (-13.42); TBSF1 (-13.42); TB2SF1 (-13.42); LADBROK2 (+4.07); LADBROK1 (+4.07); MBPS2PV1 (+2.26),,none,,unsupported,,,,,,,,,,,,,Heywood
V-SA,forward,BURONGA/BUS/B,Buronga B2 220kV BUS,220.0,Buronga 220kV,NSW1,,N-BABU,7,GANNB1 (+5.43); KERNGSP1 (+5.43); GANNSF1 (+5.43); COHUNSF1 (+5.43); KESSB1 (+5.25); ARWF1 (+5.15),,K2,N-BABU,supported,16.863709166666723,3.7590446371304296,-10.656846416666669,51.16586287499994,-0.001210653753026647,-7.731325000000005,9.801889166666676,404.9791075,388.1047675,514.5,21.0,0.8027210884353742,Heywood
V-SA,reverse,BURONGA/BUS/B,Buronga B2 220kV BUS,220.0,Buronga 220kV,NSW1,,N-BABU,7,GANNB1 (+5.43); KERNGSP1 (+5.43); GANNSF1 (+5.43); COHUNSF1 (+5.43); KESSB1 (+5.25); ARWF1 (+5.15),,K1xK2,BURONGA/BUS/B × N-BABU,indicative,114.35721166666659,24.961830182442572,22.33719999999994,219.76913,0.0,-10.982535000000013,47.16564666666676,270.0167833333333,249.93169666666668,39.0,3.0,0.9102564102564102,Heywood
V-SA,forward,BURONGA/LINE/6F,Buronga-BUNDEY No.1 6F 330kV LINE,330.0,Buronga 220kV,NSW1,,I-BDBU_ONE|I-X_BDBU+HYSE|S-X_BDBU+SECB6611_10,12,TB2B1 (-13.42); TBSF1 (-13.42); TB2SF1 (-13.42); LADBROK2 (+4.07); LADBROK1 (+4.07); DARTM1 (+3.56),,K2,I-X_BDBU+HYSE,supported,93.0043425,23.1960762750891,-64.17027833333333,113.74273833333334,0.3058823529411765,88.799905,-0.0012199999999893407,149.36829166666666,79.55707833333334,42.5,5.0,1.0,Heywood
V-SA,reverse,BURONGA/LINE/6F,Buronga-BUNDEY No.1 6F 330kV LINE,330.0,Buronga 220kV,NSW1,,I-BDBU_ONE|I-X_BDBU+HYSE|S-X_BDBU+SECB6611_10,12,TB2B1 (-13.42); TBSF1 (-13.42); TB2SF1 (-13.42); LADBROK2 (+4.07); LADBROK1 (+4.07); DARTM1 (+3.56),,K2,I-X_BDBU+HYSE,supported,52.864003333333315,15.499529913493697,-92.51734,401.2053716666667,0.017647058823529432,-109.68509666666668,117.3545566666667,147.916655,185.73159666666666,42.5,5.0,1.0,Heywood
V-SA,forward,BURONGA/LINE/X5/3,Balranald Buronga X3 220kV LINE,220.0,Buronga 220kV,NSW1,,N-BABU,12,GANNB1 (+5.43); KERNGSP1 (+5.43); GANNSF1 (+5.43); COHUNSF1 (+5.43); KESSB1 (+5.25); ARWF1 (+5.15),,K1xK2,BURONGA/LINE/X5/3 × N-BABU,supported,18.042636666666738,3.9672443753263975,-10.532242291666606,50.32784833333335,0.0,-12.05698499999999,12.457251666666682,388.27218999999997,383.6327904166667,491.5,11.0,0.7955239064089522,Heywood
V-SA,reverse,BURONGA/LINE/X5/3,Balranald Buronga X3 220kV LINE,220.0,Buronga 220kV,NSW1,,N-BABU,12,GANNB1 (+5.43); KERNGSP1 (+5.43); GANNSF1 (+5.43); COHUNSF1 (+5.43); KESSB1 (+5.25); ARWF1 (+5.15),,none,,unsupported,,,,,,,,,,,,,Heywood
V-SA,forward,BURONGA/LINE/X9,Buronga-Red_Cliffs TL X9 220kV LINE,220.0,Buronga 220kV,NSW1,,N-BABU,1,GANNB1 (+5.43); KERNGSP1 (+5.43); GANNSF1 (+5.43); COHUNSF1 (+5.43); KESSB1 (+5.25); ARWF1 (+5.15),,K2,N-BABU,supported,16.863709166666723,3.7590446371304296,-10.656846416666669,51.16586287499994,-0.001210653753026647,-7.731325000000005,9.801889166666676,404.9791075,388.1047675,514.5,21.0,0.8027210884353742,Heywood
V-SA,reverse,BURONGA/LINE/X9,Buronga-Red_Cliffs TL X9 220kV LINE,220.0,Buronga 220kV,NSW1,,N-BABU,1,GANNB1 (+5.43); KERNGSP1 (+5.43); GANNSF1 (+5.43); COHUNSF1 (+5.43); KESSB1 (+5.25); ARWF1 (+5.15),,none,,unsupported,,,,,,,,,,,,,Heywood
V-SA,forward,BURONGA/TRANS/7,Buronga No7 TX 330/220/33kV XFMR,,Buronga 220kV,NSW1,,I-BDBU_ONE,1,TB2B1 (-13.42); TBSF1 (-13.42); TB2SF1 (-13.42); LADBROK2 (+4.07); LADBROK1 (+4.07); MBPS2PV1 (+2.26),,none,,unsupported,,,,,,,,,,,,,Heywood
V-SA,reverse,BURONGA/TRANS/7,Buronga No7 TX 330/220/33kV XFMR,,Buronga 220kV,NSW1,,I-BDBU_ONE,1,TB2B1 (-13.42); TBSF1 (-13.42); TB2SF1 (-13.42); LADBROK2 (+4.07); LADBROK1 (+4.07); MBPS2PV1 (+2.26),,none,,unsupported,,,,,,,,,,,,,Heywood
V-SA,forward,BURONGA/TRANS/PST5,Buronga No5 PST 330/330kV XFMR,,Buronga 220kV,NSW1,,I-BDBU_ONE,2,TB2B1 (-13.42); TBSF1 (-13.42); TB2SF1 (-13.42); LADBROK2 (+4.07); LADBROK1 (+4.07); MBPS2PV1 (+2.26),,none,,unsupported,,,,,,,,,,,,,Heywood
V-SA,reverse,BURONGA/TRANS/PST5,Buronga No5 PST 330/330kV XFMR,,Buronga 220kV,NSW1,,I-BDBU_ONE,2,TB2B1 (-13.42); TBSF1 (-13.42); TB2SF1 (-13.42); LADBROK2 (+4.07); LADBROK1 (+4.07); MBPS2PV1 (+2.26),,none,,unsupported,,,,,,,,,,,,,Heywood
V-SA,forward,CPTS_KMTS_220/LINE/CPTS_KMTS_220,KMTS-CPTS 220kV LINE,220.0,,,,V-KMRC,1,COHUNSF1 (+3.97); GANNSF1 (+3.97); KERNGSP1 (+3.97); GANNB1 (+3.97); KESSB1 (+3.88); WEMENSF1 (+2.94),,K2,V-KMRC,supported,-19.161063333333345,-3.7529503551655727,-85.23922833333336,28.977508750000016,-0.038216560509554146,-30.75559916666667,5.000000001587068e-06,353.2473991666667,382.22715166666666,174.5,20.0,0.8997134670487106,Heywood
V-SA,reverse,CPTS_KMTS_220/LINE/CPTS_KMTS_220,KMTS-CPTS 220kV LINE,220.0,,,,V-KMRC,1,COHUNSF1 (+3.97); GANNSF1 (+3.97); KERNGSP1 (+3.97); GANNB1 (+3.97); KESSB1 (+3.88); WEMENSF1 (+2.94),,K2,V-KMRC,supported,61.32939166666665,13.205384190678286,-1.8104098750000015,132.9343333333333,-0.015923566878980902,24.10594875000001,70.2862725,458.42882000000003,360.5127408333333,174.5,20.0,0.8997134670487106,Heywood
V-SA,forward,CRTS/LINE/CRTS_MOPS2_500,Cressy-Mortlake No.2 500kV LINE,500.0,Cressy 500 kV Station,VIC1,,V-CRMO,4,WKIEWA1 (+2.68); DARTM1 (+2.68); MCKAY1 (+2.68); MURRAY (+2.16); MACARTH1 (+2.10); HD1WF1 (+2.10),,K1xK2,CRTS/LINE/CRTS_MOPS2_500 × V-CRMO,indicative,-292.75933999999995,-69.62435170175813,-444.7682183333333,-151.85134833333333,0.0,-68.56653666666664,-212.86661083333334,-23.146711666666665,295.29023916666665,34.0,4.0,0.9852941176470589,Heywood
V-SA,reverse,CRTS/LINE/CRTS_MOPS2_500,Cressy-Mortlake No.2 500kV LINE,500.0,Cressy 500 kV Station,VIC1,,V-CRMO,4,WKIEWA1 (+2.68); DARTM1 (+2.68); MCKAY1 (+2.68); MURRAY (+2.16); MACARTH1 (+2.10); HD1WF1 (+2.10),,K1xK2,CRTS/LINE/CRTS_MOPS2_500 × V-CRMO,indicative,-248.21455416666672,-55.90913041374418,-407.74113666666665,-51.33885166666667,0.0,67.63579833333333,-249.5783,123.09656666666666,381.51690833333333,34.0,4.0,0.9852941176470589,Heywood
V-SA,forward,CWTS/LINE/N/A,Ararat220-CrwLnd 220kV LINE,220.0,Crowlands,VIC1,north-west of Ballarat (79 km),I-BDBU_ONE|V-ARCW|V-BUCW,4,TB2B1 (-13.42); TBSF1 (-13.42); TB2SF1 (-13.42); GANNSF1 (+5.00); KERNGSP1 (+5.00); GANNB1 (+5.00),Crowlands Wind Farm (1 km); Ararat Wind Farm (14 km); Bulgana Green Power Hub - BESS (18 km); Bulgana Green Power Hub (19 km); Challicum Hills Wind Farm (29 km); Waubra Wind Farm (47 km),K2,V-ARCW,supported,-2.705498333333331,-0.6573931291656028,-479.5058966666667,142.839975,0.08035714285714285,-29.28192,-89.70907500000001,188.9641216666667,220.33303416666666,29.0,5.0,0.9655172413793104,Heywood
V-SA,reverse,CWTS/LINE/N/A,Ararat220-CrwLnd 220kV LINE,220.0,Crowlands,VIC1,north-west of Ballarat (79 km),I-BDBU_ONE|V-ARCW|V-BUCW,4,TB2B1 (-13.42); TBSF1 (-13.42); TB2SF1 (-13.42); GANNSF1 (+5.00); KERNGSP1 (+5.00); GANNB1 (+5.00),Crowlands Wind Farm (1 km); Ararat Wind Farm (14 km); Bulgana Green Power Hub - BESS (18 km); Bulgana Green Power Hub (19 km); Challicum Hills Wind Farm (29 km); Waubra Wind Farm (47 km),none,,unsupported,,,,,,,,,,,,,Heywood
V-SA,forward,DARL_PT/LINE/63,Wagga Drlngtn Pt 63 330kV LINE,330.0,Darlington Point 330kV,NSW1,,N-WGWA_63_X5,1,KERNGSP1 (+5.43); GANNB1 (+5.43); COHUNSF1 (+5.43); GANNSF1 (+5.43); KESSB1 (+5.25); ARWF1 (+5.15),,K2,N-WGWA_63_X5,indicative,7.296215000000004,1.7292923267661462,-155.0593030833333,289.33155341666657,0.11413043478260869,154.05807541666667,-113.42184333333331,258.4266875,156.65954416666665,174.5,4.0,0.7908309455587392,Heywood
V-SA,reverse,DARL_PT/LINE/63,Wagga Drlngtn Pt 63 330kV LINE,330.0,Darlington Point 330kV,NSW1,,N-WGWA_63_X5,1,KERNGSP1 (+5.43); GANNB1 (+5.43); COHUNSF1 (+5.43); GANNSF1 (+5.43); KESSB1 (+5.25); ARWF1 (+5.15),,K2,N-WGWA_63_X5,indicative,-2.087580416666725,-0.6120708435743305,-206.80521833333339,108.85679583333336,-0.034420289855072464,-131.83456416666667,10.727795833333374,436.5305166666667,425.74149000000006,174.5,4.0,0.7908309455587392,Heywood
V-SA,forward,DAVENP/LINE/N/A,Mt Lock-Davenport 275kV LINE,275.0,Davenport 275kV,SA1,central Port Augusta,S-DVLK,4,HPR1 (-3.82); HALLWF1 (-3.82); GSWF1B1 (-3.82); GSWF1A (-3.82); HDWF1 (-3.82); HDWF3 (-3.82),Northern Power Station Road Solar Farm (2 km); Port Augusta Renewable Energy Park Solar Farm (5 km); Port Augusta Renewable Energy Park Wind Farm (11 km); Bungala Solar Power Project (14 km); Lincoln Gap Wind Farm BESS (24 km); Lincoln Gap Wind Farm (24 km),none,,unsupported,,,,,,,,,,,,,Heywood
V-SA,reverse,DAVENP/LINE/N/A,Mt Lock-Davenport 275kV LINE,275.0,Davenport 275kV,SA1,central Port Augusta,S-DVLK,4,HPR1 (-3.82); HALLWF1 (-3.82); GSWF1B1 (-3.82); GSWF1A (-3.82); HDWF1 (-3.82); HDWF3 (-3.82),Northern Power Station Road Solar Farm (2 km); Port Augusta Renewable Energy Park Solar Farm (5 km); Port Augusta Renewable Energy Park Wind Farm (11 km); Bungala Solar Power Project (14 km); Lincoln Gap Wind Farm BESS (24 km); Lincoln Gap Wind Farm (24 km),none,,unsupported,,,,,,,,,,,,,Heywood
V-SA,forward,DDTS/LINE/DDTS_MSS1_330,Dederang Murray 1 330kV LINE,330.0,Dederang 330kV,VIC1,south of Wodonga (38 km),V-DDMS,8,,West Kiewa Power Station (38 km); Hume Power Station (39 km); Clover Flat Power Station Substation (42 km); Banimboola Power Station (43 km); Bogong Power Station (44 km); Dartmouth Power Station (49 km); McKay Creek Power Station (50 km),none,,unsupported,,,,,,,,,,,,,Heywood
V-SA,reverse,DDTS/LINE/DDTS_MSS1_330,Dederang Murray 1 330kV LINE,330.0,Dederang 330kV,VIC1,south of Wodonga (38 km),V-DDMS,8,,West Kiewa Power Station (38 km); Hume Power Station (39 km); Clover Flat Power Station Substation (42 km); Banimboola Power Station (43 km); Bogong Power Station (44 km); Dartmouth Power Station (49 km); McKay Creek Power Station (50 km),K1xK2,DDTS/LINE/DDTS_MSS1_330 × V-DDMS,supported,-79.19485666666662,-15.159685843560117,-90.0,13.60640333333339,0.0,6.25009666666665,-6.764476666666724,460.0,524.0107533333334,140.0,5.0,0.9107142857142857,Heywood
V-SA,forward,DDTS/LINE/DDTS_MSS2_330,Dederang Murray 2 330kV LINE,330.0,Dederang 330kV,VIC1,south of Wodonga (38 km),I-BDBU_ONE|V-DDMS,6,TB2B1 (-13.42); TBSF1 (-13.42); TB2SF1 (-13.42); LADBROK2 (+4.07); LADBROK1 (+4.07); MBPS2PV1 (+2.26),West Kiewa Power Station (38 km); Hume Power Station (39 km); Clover Flat Power Station Substation (42 km); Banimboola Power Station (43 km); Bogong Power Station (44 km); Dartmouth Power Station (49 km); McKay Creek Power Station (50 km),K1,DDTS/LINE/DDTS_MSS2_330,indicative,-100.268065,-24.36354744470247,-462.72699666666665,0.0,0.0,-14.661622499999936,-79.54149583333333,81.91975333333332,402.47710166666667,21.5,3.0,0.6046511627906976,Heywood
V-SA,reverse,DDTS/LINE/DDTS_MSS2_330,Dederang Murray 2 330kV LINE,330.0,Dederang 330kV,VIC1,south of Wodonga (38 km),I-BDBU_ONE|V-DDMS,6,TB2B1 (-13.42); TBSF1 (-13.42); TB2SF1 (-13.42); LADBROK2 (+4.07); LADBROK1 (+4.07); MBPS2PV1 (+2.26),West Kiewa Power Station (38 km); Hume Power Station (39 km); Clover Flat Power Station Substation (42 km); Banimboola Power Station (43 km); Bogong Power Station (44 km); Dartmouth Power Station (49 km); McKay Creek Power Station (50 km),K2,V-DDMS,supported,-71.63376500000004,-13.549986396026553,-89.56329304166667,1.4965293749999742,0.01652892561983471,-4.187473333333173,-21.99065166666668,453.99940666666663,510.98391,199.0,9.0,0.9120603015075377,Heywood
V-SA,forward,EL30793,BlkRgeSCap 1 275kV CAP,275.0,,,,S-TB275_W_BUS_BC-2CP|S-X_KNPW+CB36_BC-2CP,1,TBSF1 (-10.58); TB2SF1 (-10.58); TB2B1 (-10.58); MBPS2PV1 (+3.49); MANNUMB1 (+3.19); MANNSF2 (+3.19),,K2,S-TB275_W_BUS_BC-2CP,supported,-31.19772416666669,-7.7809784997855465,-154.09742999999997,209.03040166666665,0.1930379746835443,60.61787416666667,-11.632851666666625,470.6886216666667,437.5319666666667,85.0,5.0,0.9294117647058824,Heywood
V-SA,reverse,EL30793,BlkRgeSCap 1 275kV CAP,275.0,,,,S-TB275_W_BUS_BC-2CP|S-X_KNPW+CB36_BC-2CP,1,TBSF1 (-10.58); TB2SF1 (-10.58); TB2B1 (-10.58); MBPS2PV1 (+3.49); MANNUMB1 (+3.19); MANNSF2 (+3.19),,K2,S-TB275_W_BUS_BC-2CP,supported,-98.14746416666665,-28.776472852285586,-210.99750166666666,88.88034833333336,0.015822784810126583,-42.27478458333334,-160.617255,332.34204166666666,395.38186583333334,85.0,5.0,0.9294117647058824,Heywood
V-SA,forward,EL31818,CrwLnd ARTS ln No2 bus 220kV CB,220.0,,,,V-ARCW,2,COHUNSF1 (+5.00); GANNSF1 (+5.00); KERNGSP1 (+5.00); GANNB1 (+5.00); KESSB1 (+4.84); WUNUSF1 (-3.86),,K2,V-ARCW,supported,-2.705498333333331,-0.6573931291656028,-479.5058966666667,142.839975,0.08035714285714285,-29.28192,-89.70907500000001,188.9641216666667,220.33303416666666,29.0,5.0,0.9655172413793104,Heywood
V-SA,reverse,EL31818,CrwLnd ARTS ln No2 bus 220kV CB,220.0,,,,V-ARCW,2,COHUNSF1 (+5.00); GANNSF1 (+5.00); KERNGSP1 (+5.00); GANNB1 (+5.00); KESSB1 (+4.84); WUNUSF1 (-3.86),,none,,unsupported,,,,,,,,,,,,,Heywood
V-SA,forward,EL32427,Buronga B1 220kV BUS,220.0,,,,N-BABU,3,GANNB1 (+5.43); KERNGSP1 (+5.43); GANNSF1 (+5.43); COHUNSF1 (+5.43); KESSB1 (+5.25); ARWF1 (+5.15),,K2,N-BABU,supported,16.863709166666723,3.7590446371304296,-10.656846416666669,51.16586287499994,-0.001210653753026647,-7.731325000000005,9.801889166666676,404.9791075,388.1047675,514.5,21.0,0.8027210884353742,Heywood
V-SA,reverse,EL32427,Buronga B1 220kV BUS,220.0,,,,N-BABU,3,GANNB1 (+5.43); KERNGSP1 (+5.43); GANNSF1 (+5.43); COHUNSF1 (+5.43); KESSB1 (+5.25); ARWF1 (+5.15),,none,,unsupported,,,,,,,,,,,,,Heywood
V-SA,forward,EL32525,Kiamal SF-MuraWara 220kV LINE,220.0,Kiamal SF,VIC1,,V-CWHO|V-MRKM,4,GANNB1 (+5.62); KERNGSP1 (+5.62); GANNSF1 (+5.62); COHUNSF1 (+5.62); KESSB1 (+5.45); NUMURSF1 (-4.15),,K2,V-MRKM,supported,25.246429166666644,4.944850588895849,-51.33914166666665,81.78946500000006,-0.07941176470588233,52.02376333333335,-1.0666849999999641,367.7424858333334,285.55516416666666,97.5,11.0,0.8717948717948718,Heywood
V-SA,reverse,EL32525,Kiamal SF-MuraWara 220kV LINE,220.0,Kiamal SF,VIC1,,V-CWHO|V-MRKM,4,GANNB1 (+5.62); KERNGSP1 (+5.62); GANNSF1 (+5.62); COHUNSF1 (+5.62); KESSB1 (+5.45); NUMURSF1 (-4.15),,K2,V-MRKM,supported,-9.224905833333338,-1.9503862001427756,-79.10589333333334,16.053936666666687,0.0676470588235294,-48.42124249999999,0.002456666666653007,301.7216741666667,324.1879804166667,97.5,11.0,0.8717948717948718,Heywood
V-SA,forward,EL32526,Kiamal SF-Red Cliffs 220kV LINE,220.0,Kiamal SF,VIC1,,V-KMRC|V-RCTS_BUS2,16,COHUNSF1 (+3.97); GANNSF1 (+3.97); KERNGSP1 (+3.97); GANNB1 (+3.97); KESSB1 (+3.88); WEMENSF1 (+2.94),,K1xK2,EL32526 × V-KMRC,supported,0.3274866666666867,0.06414264076047609,-36.033520041666634,47.3967458333334,0.0,-34.234278333333336,62.79253,519.8414,441.8187666666667,87.0,7.0,0.9942528735632183,Heywood
V-SA,reverse,EL32526,Kiamal SF-Red Cliffs 220kV LINE,220.0,Kiamal SF,VIC1,,V-KMRC|V-RCTS_BUS2,16,COHUNSF1 (+3.97); GANNSF1 (+3.97); KERNGSP1 (+3.97); GANNB1 (+3.97); KESSB1 (+3.88); WEMENSF1 (+2.94),,K1xK2,EL32526 × V-KMRC,supported,75.70535666666666,16.00609107423266,-79.04780333333326,146.06725933333328,0.0,17.25583499999999,127.49837333333335,510.92832999999996,402.73559250000005,87.0,7.0,0.9942528735632183,Heywood
V-SA,forward,EL33134,Balranald 1 220kV BUS,220.0,Balranald 220/22kV Substation,NSW1,,N-BABU,1,GANNB1 (+5.43); KERNGSP1 (+5.43); GANNSF1 (+5.43); COHUNSF1 (+5.43); KESSB1 (+5.25); ARWF1 (+5.15),,K2,N-BABU,supported,16.863709166666723,3.7590446371304296,-10.656846416666669,51.16586287499994,-0.001210653753026647,-7.731325000000005,9.801889166666676,404.9791075,388.1047675,514.5,21.0,0.8027210884353742,Heywood
V-SA,reverse,EL33134,Balranald 1 220kV BUS,220.0,Balranald 220/22kV Substation,NSW1,,N-BABU,1,GANNB1 (+5.43); KERNGSP1 (+5.43); GANNSF1 (+5.43); COHUNSF1 (+5.43); KESSB1 (+5.25); ARWF1 (+5.15),,none,,unsupported,,,,,,,,,,,,,Heywood
V-SA,forward,GRIFFITH/LINE/99J,Griffith Yanco 99J 132kV LINE,132.0,Griffith 132kV,NSW1,,N-WGWA_63|N-WGWA_RADIAL|V-AR_WB_BA,2,KERNGSP1 (+5.43); GANNB1 (+5.43); COHUNSF1 (+5.43); GANNSF1 (+5.43); KESSB1 (+5.25); ARWF1 (+5.15),,K2,V-AR_WB_BA,supported,42.348665000000004,9.399873198908388,6.161351999999994,103.38733383333333,0.03958333333333333,5.016064166666695,14.185224166666643,299.29837083333337,267.6060841666667,129.0,16.0,0.9302325581395349,Heywood
V-SA,reverse,GRIFFITH/LINE/99J,Griffith Yanco 99J 132kV LINE,132.0,Griffith 132kV,NSW1,,N-WGWA_63|N-WGWA_RADIAL|V-AR_WB_BA,2,KERNGSP1 (+5.43); GANNB1 (+5.43); COHUNSF1 (+5.43); GANNSF1 (+5.43); KESSB1 (+5.25); ARWF1 (+5.15),,K2,V-AR_WB_BA,supported,18.075184166666673,3.3752532365720844,-30.790833333333353,60.00013924999993,0.14375,-9.259519166666706,4.1666665140382975e-07,420.73281499999996,425.2023520833333,129.0,16.0,0.9302325581395349,Heywood
V-SA,forward,GTS/LINE/GTS_MLTS2_220,Geelong Moorabool 2 220kV LINE,220.0,Geelong 220kV,VIC1,central Geelong,CA_BRIS_5964121F,1,VBB1 (+1.61); CROWLWF1 (+1.48); MERCER01 (+1.48); BULBES1 (+1.48); KIATAWF1 (+1.48); KIAMSF1 (+1.48),Victoria Big Battery (7 km); Deakin University Solar Farm (14 km); Black Rock Solar Farm (23 km); Yaloak South Wind Farm (40 km); Moorabool Wind Farm (45 km); Lal Lal (Elaine) Wind Farm (47 km); Laverton North Power Station (48 km); Mount Mercer Wind Farm (49 km),K4,VIC1:Geelong,supported,-187.41572000000008,-44.7576123664467,-221.8252566666667,-153.40019333333333,0.0,-99.86896166666668,-13.918751666666594,265.20035333333334,492.17661833333335,740.0,27.0,0.8155405405405406,Heywood
V-SA,reverse,GTS/LINE/GTS_MLTS2_220,Geelong Moorabool 2 220kV LINE,220.0,Geelong 220kV,VIC1,central Geelong,CA_BRIS_5964121F,1,VBB1 (+1.61); CROWLWF1 (+1.48); MERCER01 (+1.48); BULBES1 (+1.48); KIATAWF1 (+1.48); KIAMSF1 (+1.48),Victoria Big Battery (7 km); Deakin University Solar Farm (14 km); Black Rock Solar Farm (23 km); Yaloak South Wind Farm (40 km); Moorabool Wind Farm (45 km); Lal Lal (Elaine) Wind Farm (47 km); Laverton North Power Station (48 km); Mount Mercer Wind Farm (49 km),K4,VIC1:Geelong,supported,-5.495403333333343,-1.0238782145231007,-32.67964666666666,0.0,0.0,102.89540499999998,-128.41746666666666,412.95768666666663,470.0,740.0,27.0,0.8155405405405406,Heywood
V-SA,forward,HGTS/LINE/HGTS_MOPS1_500,HGTS-MortlakePS 500kV LINE,500.0,Haunted Gully TS 500kV,VIC1,south-west of Ballarat (68 km),V-HGMO,1,WKIEWA1 (+3.56); MCKAY1 (+3.56); DARTM1 (+3.56); MURRAY (+2.66); BROKENH1 (-1.47); STWF1 (-1.47),Berrybank Stage 2 Wind Farm (18 km); Berrybank Stage 1 Wind Farm (19 km); Dundonnell Wind Farm (33 km); Mortlake South Wind Farm (44 km); Salt Creek Wind Farm (48 km); Mount Gellibrand Wind Farm (48 km); Chepstowe Wind Farm (48 km),none,,unsupported,,,,,,,,,,,,,Heywood
V-SA,reverse,HGTS/LINE/HGTS_MOPS1_500,HGTS-MortlakePS 500kV LINE,500.0,Haunted Gully TS 500kV,VIC1,south-west of Ballarat (68 km),V-HGMO,1,WKIEWA1 (+3.56); MCKAY1 (+3.56); DARTM1 (+3.56); MURRAY (+2.66); BROKENH1 (-1.47); STWF1 (-1.47),Berrybank Stage 2 Wind Farm (18 km); Berrybank Stage 1 Wind Farm (19 km); Dundonnell Wind Farm (33 km); Mortlake South Wind Farm (44 km); Salt Creek Wind Farm (48 km); Mount Gellibrand Wind Farm (48 km); Chepstowe Wind Farm (48 km),none,,unsupported,,,,,,,,,,,,,Heywood
V-SA,forward,HGTS/LINE/HGTS_TRTS1_500,Tarrone - HGTS 500kV no 1 LINE,500.0,Haunted Gully TS 500kV,VIC1,south-west of Ballarat (68 km),V-HGTR,2,DARTM1 (+3.56); MCKAY1 (+3.56); WKIEWA1 (+3.56); MURRAY (+2.66); BHB1 (-1.47); STWF1 (-1.47),Berrybank Stage 2 Wind Farm (18 km); Berrybank Stage 1 Wind Farm (19 km); Dundonnell Wind Farm (33 km); Mortlake South Wind Farm (44 km); Salt Creek Wind Farm (48 km); Mount Gellibrand Wind Farm (48 km); Chepstowe Wind Farm (48 km),none,,unsupported,,,,,,,,,,,,,Heywood
V-SA,reverse,HGTS/LINE/HGTS_TRTS1_500,Tarrone - HGTS 500kV no 1 LINE,500.0,Haunted Gully TS 500kV,VIC1,south-west of Ballarat (68 km),V-HGTR,2,DARTM1 (+3.56); MCKAY1 (+3.56); WKIEWA1 (+3.56); MURRAY (+2.66); BHB1 (-1.47); STWF1 (-1.47),Berrybank Stage 2 Wind Farm (18 km); Berrybank Stage 1 Wind Farm (19 km); Dundonnell Wind Farm (33 km); Mortlake South Wind Farm (44 km); Salt Creek Wind Farm (48 km); Mount Gellibrand Wind Farm (48 km); Chepstowe Wind Farm (48 km),none,,unsupported,,,,,,,,,,,,,Heywood
V-SA,forward,HOTS/LINE/BGTS_HOTS_220,Bulgana-Horsham 220kV LINE,220.0,Horsham 220kV,VIC1,central Horsham,V-CWHO,3,GANNB1 (+5.62); KERNGSP1 (+5.62); GANNSF1 (+5.62); COHUNSF1 (+5.62); KESSB1 (+5.45); GIRGSF (-4.15),Murra Warra Wind Farm (33 km),none,,unsupported,,,,,,,,,,,,,Heywood
V-SA,reverse,HOTS/LINE/BGTS_HOTS_220,Bulgana-Horsham 220kV LINE,220.0,Horsham 220kV,VIC1,central Horsham,V-CWHO,3,GANNB1 (+5.62); KERNGSP1 (+5.62); GANNSF1 (+5.62); COHUNSF1 (+5.62); KESSB1 (+5.45); GIRGSF (-4.15),Murra Warra Wind Farm (33 km),none,,unsupported,,,,,,,,,,,,,Heywood
V-SA,forward,HOTS/SVC/SVC,Horsham 220kV SVC,220.0,Horsham 220kV,VIC1,central Horsham,V-KOWE,1,ARWF1 (+4.98); CROWLWF1 (+4.92); BULBES1 (+4.81); BULGANA1 (+4.81); KIATAWF1 (+4.33); MUWAWF1 (+4.10),Murra Warra Wind Farm (33 km),none,,unsupported,,,,,,,,,,,,,Heywood
V-SA,reverse,HOTS/SVC/SVC,Horsham 220kV SVC,220.0,Horsham 220kV,VIC1,central Horsham,V-KOWE,1,ARWF1 (+4.98); CROWLWF1 (+4.92); BULBES1 (+4.81); BULGANA1 (+4.81); KIATAWF1 (+4.33); MUWAWF1 (+4.10),Murra Warra Wind Farm (33 km),none,,unsupported,,,,,,,,,,,,,Heywood
V-SA,forward,HWPS/BUS/7MN6,Hazelwd PS 6 220kV BUS,220.0,Hazelwood Ps 220kV,VIC1,,V-MLSY_NOEMTT_P,1,WKIEWA1 (+2.68); MCKAY1 (+2.68); DARTM1 (+2.68); GANNB1 (+2.42); GANNSF1 (+2.42); KERNGSP1 (+2.42),,none,,unsupported,,,,,,,,,,,,,Heywood
V-SA,reverse,HWPS/BUS/7MN6,Hazelwd PS 6 220kV BUS,220.0,Hazelwood Ps 220kV,VIC1,,V-MLSY_NOEMTT_P,1,WKIEWA1 (+2.68); MCKAY1 (+2.68); DARTM1 (+2.68); GANNB1 (+2.42); GANNSF1 (+2.42); KERNGSP1 (+2.42),,none,,unsupported,,,,,,,,,,,,,Heywood
V-SA,forward,HYTS/LINE/APD_HYTS1_500,Alc/prtlnd Heywood 1 500kV LINE,500.0,Heywood 500kV,VIC1,north of Portland (18 km),V-HYTR,3,WKIEWA1 (+2.68); MCKAY1 (+2.68); DARTM1 (+2.68); MURRAY (+2.16); STWF1 (-1.47); BROKENH1 (-1.47),Cape Nelson North Wind Farm (22 km); Cape Sir William Grant Wind Farm (24 km); Cape Nelson South Wind Farm (26 km); Cape Bridgewater Wind Farm (30 km); Codrington Wind Farm (30 km); Yambuk Wind Farm (35 km),K3,HYTS,supported,-224.27400791666668,-54.97525995211893,-352.319039125,-135.48660166666667,0.0,-72.75562083333332,-1.683570833333377,85.41694333333334,263.3459908333333,166.5,17.0,0.9009009009009009,Heywood
V-SA,reverse,HYTS/LINE/APD_HYTS1_500,Alc/prtlnd Heywood 1 500kV LINE,500.0,Heywood 500kV,VIC1,north of Portland (18 km),V-HYTR,3,WKIEWA1 (+2.68); MCKAY1 (+2.68); DARTM1 (+2.68); MURRAY (+2.16); STWF1 (-1.47); BROKENH1 (-1.47),Cape Nelson North Wind Farm (22 km); Cape Sir William Grant Wind Farm (24 km); Cape Nelson South Wind Farm (26 km); Cape Bridgewater Wind Farm (30 km); Codrington Wind Farm (30 km); Yambuk Wind Farm (35 km),K3,HYTS,supported,-117.54445833333332,-29.96147897474374,-292.34712333333334,14.180776666666702,0.0,68.83715916666665,-169.61647499999998,157.20923333333334,215.42262333333332,166.5,17.0,0.9009009009009009,Heywood
V-SA,forward,HYTS/LINE/HYTS_SESS1_275,South_East Heywood. 1 275kV LINE,275.0,Heywood 500kV,VIC1,north of Portland (18 km),I-HYSE|I-SV_HEY_250|I-VS_HEY_250|I-X_BDBU+HYSE|S-SECB6611_10|S-TBSE,13,MCKAY1 (+3.56); DARTM1 (+3.56); WKIEWA1 (+3.56); MURRAY (+2.66); SNUG1 (-2.01); TIB1 (-1.40),Cape Nelson North Wind Farm (22 km); Cape Sir William Grant Wind Farm (24 km); Cape Nelson South Wind Farm (26 km); Cape Bridgewater Wind Farm (30 km); Codrington Wind Farm (30 km); Yambuk Wind Farm (35 km),K1xK2,HYTS/LINE/HYTS_SESS1_275 × I-HYSE,supported,61.246857500000004,15.275488649140367,-242.72428166666666,105.43399000000002,1.0,140.3914025,-27.204689166666668,135.00980333333334,76.89570083333334,39.0,7.0,0.717948717948718,Heywood
V-SA,reverse,HYTS/LINE/HYTS_SESS1_275,South_East Heywood. 1 275kV LINE,275.0,Heywood 500kV,VIC1,north of Portland (18 km),I-HYSE|I-SV_HEY_250|I-VS_HEY_250|I-X_BDBU+HYSE|S-SECB6611_10|S-TBSE,13,MCKAY1 (+3.56); DARTM1 (+3.56); WKIEWA1 (+3.56); MURRAY (+2.66); SNUG1 (-2.01); TIB1 (-1.40),Cape Nelson North Wind Farm (22 km); Cape Sir William Grant Wind Farm (24 km); Cape Nelson South Wind Farm (26 km); Cape Bridgewater Wind Farm (30 km); Codrington Wind Farm (30 km); Yambuk Wind Farm (35 km),K1xK2,HYTS/LINE/HYTS_SESS1_275 × I-HYSE,supported,17.01400833333333,4.988444205561134,-413.6142216666666,41.67146833333331,0.0,-140.3914025,106.60022583333333,111.02559583333334,101.31438416666668,39.0,7.0,0.717948717948718,Heywood
V-SA,forward,HYTS/LINE/HYTS_SESS2_275,South_East Heywood. 2 275kV LINE,275.0,Heywood 500kV,VIC1,north of Portland (18 km),I-HYSE|I-X_BDBU+HYSE,20,MCKAY1 (+3.56); DARTM1 (+3.56); WKIEWA1 (+3.56); MURRAY (+2.66); SNUG1 (-2.01); SNAPPER1 (-1.20),Cape Nelson North Wind Farm (22 km); Cape Sir William Grant Wind Farm (24 km); Cape Nelson South Wind Farm (26 km); Cape Bridgewater Wind Farm (30 km); Codrington Wind Farm (30 km); Yambuk Wind Farm (35 km),K1xK2,HYTS/LINE/HYTS_SESS2_275 × I-HYSE,supported,-97.52891000000001,-24.32454200067379,-297.120915,-5.982945000000001,0.0,-41.22061666666668,-11.819536666666636,47.318421666666666,125.23983833333334,87.5,5.0,0.9428571428571428,Heywood
V-SA,reverse,HYTS/LINE/HYTS_SESS2_275,South_East Heywood. 2 275kV LINE,275.0,Heywood 500kV,VIC1,north of Portland (18 km),I-HYSE|I-X_BDBU+HYSE,20,MCKAY1 (+3.56); DARTM1 (+3.56); WKIEWA1 (+3.56); MURRAY (+2.66); SNUG1 (-2.01); SNAPPER1 (-1.20),Cape Nelson North Wind Farm (22 km); Cape Sir William Grant Wind Farm (24 km); Cape Nelson South Wind Farm (26 km); Cape Bridgewater Wind Farm (30 km); Codrington Wind Farm (30 km); Yambuk Wind Farm (35 km),K1xK2,HYTS/LINE/HYTS_SESS2_275 × I-HYSE,supported,-54.58575833333333,-16.004342100303255,-148.79748333333333,32.816578333333354,0.0,52.67977333333333,-12.41628666666665,152.33413833333333,137.10624833333335,87.5,5.0,0.9428571428571428,Heywood
V-SA,forward,HYTS/TRANS/M1TR,Heywood M1 500/275kV XFMR,,Heywood 500kV,VIC1,north of Portland (18 km),F-I-HYSE,3,LKBONNY2 (-1.00); LKBONNY1 (-1.00); LKBONNY3 (-1.00),Cape Nelson North Wind Farm (22 km); Cape Sir William Grant Wind Farm (24 km); Cape Nelson South Wind Farm (26 km); Cape Bridgewater Wind Farm (30 km); Codrington Wind Farm (30 km); Yambuk Wind Farm (35 km),K3,HYTS,supported,-224.27400791666668,-54.97525995211893,-352.319039125,-135.48660166666667,0.0,-72.75562083333332,-1.683570833333377,85.41694333333334,263.3459908333333,166.5,17.0,0.9009009009009009,Heywood
V-SA,reverse,HYTS/TRANS/M1TR,Heywood M1 500/275kV XFMR,,Heywood 500kV,VIC1,north of Portland (18 km),F-I-HYSE,3,LKBONNY2 (-1.00); LKBONNY1 (-1.00); LKBONNY3 (-1.00),Cape Nelson North Wind Farm (22 km); Cape Sir William Grant Wind Farm (24 km); Cape Nelson South Wind Farm (26 km); Cape Bridgewater Wind Farm (30 km); Codrington Wind Farm (30 km); Yambuk Wind Farm (35 km),K3,HYTS,supported,-117.54445833333332,-29.96147897474374,-292.34712333333334,14.180776666666702,0.0,68.83715916666665,-169.61647499999998,157.20923333333334,215.42262333333332,166.5,17.0,0.9009009009009009,Heywood
V-SA,forward,HYTS/TRANS/M2TR,Heywood M2 500/275kV XFMR,,Heywood 500kV,VIC1,north of Portland (18 km),F-I-HYSE,4,LKBONNY2 (-1.00); LKBONNY1 (-1.00); LKBONNY3 (-1.00),Cape Nelson North Wind Farm (22 km); Cape Sir William Grant Wind Farm (24 km); Cape Nelson South Wind Farm (26 km); Cape Bridgewater Wind Farm (30 km); Codrington Wind Farm (30 km); Yambuk Wind Farm (35 km),K3,HYTS,supported,-224.27400791666668,-54.97525995211893,-352.319039125,-135.48660166666667,0.0,-72.75562083333332,-1.683570833333377,85.41694333333334,263.3459908333333,166.5,17.0,0.9009009009009009,Heywood
V-SA,reverse,HYTS/TRANS/M2TR,Heywood M2 500/275kV XFMR,,Heywood 500kV,VIC1,north of Portland (18 km),F-I-HYSE,4,LKBONNY2 (-1.00); LKBONNY1 (-1.00); LKBONNY3 (-1.00),Cape Nelson North Wind Farm (22 km); Cape Sir William Grant Wind Farm (24 km); Cape Nelson South Wind Farm (26 km); Cape Bridgewater Wind Farm (30 km); Codrington Wind Farm (30 km); Yambuk Wind Farm (35 km),K3,HYTS,supported,-117.54445833333332,-29.96147897474374,-292.34712333333334,14.180776666666702,0.0,68.83715916666665,-169.61647499999998,157.20923333333334,215.42262333333332,166.5,17.0,0.9009009009009009,Heywood
V-SA,forward,JINDERA/LINE/060,Wodonga. Jinderra 60 330kV LINE,330.0,Jinderra 330kV,NSW1,,I-JNWO_RADIAL,1,COHUNSF1 (+5.43); GANNB1 (+5.43); KERNGSP1 (+5.43); GANNSF1 (+5.43); KESSB1 (+5.25); ARWF1 (+5.15),,K3,JINDERA,indicative,30.780079999999884,7.419845269494861,-16.0,96.44256333333334,0.0,88.18082333333331,-30.512591666666594,474.35299166666664,380.5135416666667,181.5,3.0,0.9449035812672176,Heywood
V-SA,reverse,JINDERA/LINE/060,Wodonga. Jinderra 60 330kV LINE,330.0,Jinderra 330kV,NSW1,,I-JNWO_RADIAL,1,COHUNSF1 (+5.43); GANNB1 (+5.43); KERNGSP1 (+5.43); GANNSF1 (+5.43); KESSB1 (+5.25); ARWF1 (+5.15),,K3,JINDERA,indicative,10.0,1.8631538986639722,-3.0653350000000046,31.223450499999927,0.0,-107.65623666666666,143.1191449999999,531.4173483333333,513.4153933333333,181.5,3.0,0.9449035812672176,Heywood
V-SA,forward,JINDERA/LINE/62,Wagga Jinderra 62 330kV LINE,330.0,Jinderra 330kV,NSW1,,N-JNWG_RADIAL,2,KERNGSP1 (+5.43); GANNB1 (+5.43); COHUNSF1 (+5.43); GANNSF1 (+5.43); KESSB1 (+5.25); ARWF1 (+5.15),,K2,N-JNWG_RADIAL,indicative,37.98474833333336,9.229690611803967,-4.0,89.75335999999999,0.06770833333333333,61.80740875000008,-32.0017949999999,466.4977208333333,414.55993249999995,206.5,3.0,0.9297820823244553,Heywood
V-SA,reverse,JINDERA/LINE/62,Wagga Jinderra 62 330kV LINE,330.0,Jinderra 330kV,NSW1,,N-JNWG_RADIAL,2,KERNGSP1 (+5.43); GANNB1 (+5.43); COHUNSF1 (+5.43); GANNSF1 (+5.43); KESSB1 (+5.25); ARWF1 (+5.15),,K2,N-JNWG_RADIAL,indicative,9.683451666666684,1.8041760725274174,-15.25143833333334,23.52460850000001,-0.04947916666666666,-87.33166416666666,117.35385249999999,517.2564783333333,513.4153933333333,206.5,3.0,0.9297820823244553,Heywood
V-SA,forward,JINDERA/LINE/N/A,Wodonga Jinderra. 330kV LINE,330.0,Jinderra 330kV,NSW1,,I-JNWO_63|I-JNWO_RADIAL,3,KERNGSP1 (+5.43); GANNSF1 (+5.43); GANNB1 (+5.43); COHUNSF1 (+5.43); KESSB1 (+5.25); ARWF1 (+5.15),,K3,JINDERA,indicative,30.780079999999884,7.419845269494861,-16.0,96.44256333333334,0.0,88.18082333333331,-30.512591666666594,474.35299166666664,380.5135416666667,181.5,3.0,0.9449035812672176,Heywood
V-SA,reverse,JINDERA/LINE/N/A,Wodonga Jinderra. 330kV LINE,330.0,Jinderra 330kV,NSW1,,I-JNWO_63|I-JNWO_RADIAL,3,KERNGSP1 (+5.43); GANNSF1 (+5.43); GANNB1 (+5.43); COHUNSF1 (+5.43); KESSB1 (+5.25); ARWF1 (+5.15),,K3,JINDERA,indicative,10.0,1.8631538986639722,-3.0653350000000046,31.223450499999927,0.0,-107.65623666666666,143.1191449999999,531.4173483333333,513.4153933333333,181.5,3.0,0.9449035812672176,Heywood
V-SA,forward,KEITH/LINE/KEIKIN_1,Keith Kincraig 132kV LINE,132.0,Keith 132kV,SA1,south-east of Murray Bridge (144 km),S-KHKN,6,SNUG1 (-1.86); LKBONNY1 (-1.09); LBB1 (-1.00); LKBONNY3 (-1.00); LKBONNY2 (-1.00); LADBROK1 (-1.00),,K3,KEITH,supported,15.035643333333297,3.535096284583011,-73.808654875,77.65484816666655,0.0,-17.019862083333336,56.30844416666664,255.09232249999997,248.05173333333332,147.5,5.0,0.8813559322033898,Heywood
V-SA,reverse,KEITH/LINE/KEIKIN_1,Keith Kincraig 132kV LINE,132.0,Keith 132kV,SA1,south-east of Murray Bridge (144 km),S-KHKN,6,SNUG1 (-1.86); LKBONNY1 (-1.09); LBB1 (-1.00); LKBONNY3 (-1.00); LKBONNY2 (-1.00); LADBROK1 (-1.00),,K3,KEITH,supported,13.444426666666665,2.8370158559279863,-43.58438999999993,76.642225,0.0,3.971190833333335,12.511949999999999,412.58295583333336,308.7254570833333,147.5,5.0,0.8813559322033898,Heywood
V-SA,forward,KEITH/LINE/TABKEI_2,Tailem_Bnd Keith 2 132kV LINE,132.0,Keith 132kV,SA1,south-east of Murray Bridge (144 km),S-KHTB2,2,SNUG1 (-1.98); LKBONNY1 (-1.17); CNUNDAWF (-1.09); LBB1 (-1.00); LKBONNY2 (-1.00); LKBONNY3 (-1.00),,K3,KEITH,supported,15.035643333333297,3.535096284583011,-73.808654875,77.65484816666655,0.0,-17.019862083333336,56.30844416666664,255.09232249999997,248.05173333333332,147.5,5.0,0.8813559322033898,Heywood
V-SA,reverse,KEITH/LINE/TABKEI_2,Tailem_Bnd Keith 2 132kV LINE,132.0,Keith 132kV,SA1,south-east of Murray Bridge (144 km),S-KHTB2,2,SNUG1 (-1.98); LKBONNY1 (-1.17); CNUNDAWF (-1.09); LBB1 (-1.00); LKBONNY2 (-1.00); LKBONNY3 (-1.00),,K3,KEITH,supported,13.444426666666665,2.8370158559279863,-43.58438999999993,76.642225,0.0,3.971190833333335,12.511949999999999,412.58295583333336,308.7254570833333,147.5,5.0,0.8813559322033898,Heywood
V-SA,forward,KIAMALSF/LINE/KMTS_MRTS_220,KiamalSF-MuraWara 220kV LINE,220.0,Kiamal SF,VIC1,,V-MRKM,2,GANNB1 (+4.41); COHUNSF1 (+4.41); GANNSF1 (+4.41); KERNGSP1 (+4.41); KESSB1 (+4.31); WKIEWA1 (+3.56),,K2,V-MRKM,supported,25.246429166666644,4.944850588895849,-51.33914166666665,81.78946500000006,-0.07941176470588233,52.02376333333335,-1.0666849999999641,367.7424858333334,285.55516416666666,97.5,11.0,0.8717948717948718,Heywood
V-SA,reverse,KIAMALSF/LINE/KMTS_MRTS_220,KiamalSF-MuraWara 220kV LINE,220.0,Kiamal SF,VIC1,,V-MRKM,2,GANNB1 (+4.41); COHUNSF1 (+4.41); GANNSF1 (+4.41); KERNGSP1 (+4.41); KESSB1 (+4.31); WKIEWA1 (+3.56),,K2,V-MRKM,supported,-9.224905833333338,-1.9503862001427756,-79.10589333333334,16.053936666666687,0.0676470588235294,-48.42124249999999,0.002456666666653007,301.7216741666667,324.1879804166667,97.5,11.0,0.8717948717948718,Heywood
V-SA,forward,KIAMALSF/LINE/KMTS_RCTS_220,KiamalSF-Red_Cliffs 220kV LINE,220.0,Kiamal SF,VIC1,,I-BDBU_ONE|V-KMRC,5,TB2B1 (-13.42); TBSF1 (-13.42); TB2SF1 (-13.42); LADBROK2 (+4.07); LADBROK1 (+4.07); GANNSF1 (+3.97),,K2,V-KMRC,supported,-19.161063333333345,-3.7529503551655727,-85.23922833333336,28.977508750000016,-0.038216560509554146,-30.75559916666667,5.000000001587068e-06,353.2473991666667,382.22715166666666,174.5,20.0,0.8997134670487106,Heywood
V-SA,reverse,KIAMALSF/LINE/KMTS_RCTS_220,KiamalSF-Red_Cliffs 220kV LINE,220.0,Kiamal SF,VIC1,,I-BDBU_ONE|V-KMRC,5,TB2B1 (-13.42); TBSF1 (-13.42); TB2SF1 (-13.42); LADBROK2 (+4.07); LADBROK1 (+4.07); GANNSF1 (+3.97),,K2,V-KMRC,supported,61.32939166666665,13.205384190678286,-1.8104098750000015,132.9343333333333,-0.015923566878980902,24.10594875000001,70.2862725,458.42882000000003,360.5127408333333,174.5,20.0,0.8997134670487106,Heywood
V-SA,forward,KINCRA/LINE/KINPEW_1,Penola_W Kincraig 132kV LINE,132.0,Kincraig 132kV,SA1,north of Mount Gambier (97 km),S-KNPW|S-KNPW_BC-2CP|S-SE_VC1|S-X_KNPW+CB36_BC-2CP,9,TB2B1 (+6.49); TB2SF1 (+6.49); TBSF1 (+6.49); MBPS2PV1 (+3.49); MANNUMB1 (+3.19); MANNSF2 (+3.19),,K1xK2,KINCRA/LINE/KINPEW_1 × S-KNPW,supported,-96.21273374999996,-21.40648561685729,-283.691335,-51.621444999999994,0.0,-67.15238500000001,9.591544999999954,365.253875,488.02573416666667,128.5,6.0,0.8793774319066148,Heywood
V-SA,reverse,KINCRA/LINE/KINPEW_1,Penola_W Kincraig 132kV LINE,132.0,Kincraig 132kV,SA1,north of Mount Gambier (97 km),S-KNPW|S-KNPW_BC-2CP|S-SE_VC1|S-X_KNPW+CB36_BC-2CP,9,TB2B1 (+6.49); TB2SF1 (+6.49); TBSF1 (+6.49); MBPS2PV1 (+3.49); MANNUMB1 (+3.19); MANNSF2 (+3.19),,K1xK2,KINCRA/LINE/KINPEW_1 × S-KNPW,supported,44.32742999999999,9.041915049159071,-57.467690000000005,205.58577500000007,0.0,107.09516166666668,-7.46849000000001,495.20725166666665,311.5300075,128.5,6.0,0.8793774319066148,Heywood
V-SA,forward,KMTS_MRTS_220/LINE/KMTS_MRTS_220,Kiamal SF-MuraWara 220kV LINE,220.0,,,,V-MRKM,6,GANNB1 (+4.41); COHUNSF1 (+4.41); GANNSF1 (+4.41); KERNGSP1 (+4.41); KESSB1 (+4.31); WKIEWA1 (+3.56),,K2,V-MRKM,supported,25.246429166666644,4.944850588895849,-51.33914166666665,81.78946500000006,-0.07941176470588233,52.02376333333335,-1.0666849999999641,367.7424858333334,285.55516416666666,97.5,11.0,0.8717948717948718,Heywood
V-SA,reverse,KMTS_MRTS_220/LINE/KMTS_MRTS_220,Kiamal SF-MuraWara 220kV LINE,220.0,,,,V-MRKM,6,GANNB1 (+4.41); COHUNSF1 (+4.41); GANNSF1 (+4.41); KERNGSP1 (+4.41); KESSB1 (+4.31); WKIEWA1 (+3.56),,K2,V-MRKM,supported,-9.224905833333338,-1.9503862001427756,-79.10589333333334,16.053936666666687,0.0676470588235294,-48.42124249999999,0.002456666666653007,301.7216741666667,324.1879804166667,97.5,11.0,0.8717948717948718,Heywood
V-SA,forward,KMTS_RCTS_220/LINE/KMTS_RCTS_220,Kiamal SF-Red Cliffs 220kV LINE,220.0,,,,I-BDBU_ONE|V-KMRC,11,TB2B1 (-13.42); TBSF1 (-13.42); TB2SF1 (-13.42); LADBROK2 (+4.07); LADBROK1 (+4.07); GANNSF1 (+3.97),,K1xK2,KMTS_RCTS_220/LINE/KMTS_RCTS_220 × V-KMRC,supported,35.05182666666667,6.865368745429857,-89.59081999999997,212.5901333333333,0.0,-20.4680825,23.102981666666665,390.8959483333333,313.13996333333336,68.0,7.0,0.8602941176470589,Heywood
V-SA,reverse,KMTS_RCTS_220/LINE/KMTS_RCTS_220,Kiamal SF-Red Cliffs 220kV LINE,220.0,,,,I-BDBU_ONE|V-KMRC,11,TB2B1 (-13.42); TBSF1 (-13.42); TB2SF1 (-13.42); LADBROK2 (+4.07); LADBROK1 (+4.07); GANNSF1 (+3.97),,K2,V-KMRC,supported,61.32939166666665,13.205384190678286,-1.8104098750000015,132.9343333333333,-0.015923566878980902,24.10594875000001,70.2862725,458.42882000000003,360.5127408333333,174.5,20.0,0.8997134670487106,Heywood
V-SA,forward,KOTS/LINE/KOTS_WETS_220,Koorangie-Wemen 220kV LINE,220.0,Koorangie 220 kV Station,VIC1,,V-KOWE,1,ARWF1 (+4.98); CROWLWF1 (+4.92); BULBES1 (+4.81); BULGANA1 (+4.81); KIATAWF1 (+4.33); MUWAWF1 (+4.10),,none,,unsupported,,,,,,,,,,,,,Heywood
V-SA,reverse,KOTS/LINE/KOTS_WETS_220,Koorangie-Wemen 220kV LINE,220.0,Koorangie 220 kV Station,VIC1,,V-KOWE,1,ARWF1 (+4.98); CROWLWF1 (+4.92); BULBES1 (+4.81); BULGANA1 (+4.81); KIATAWF1 (+4.33); MUWAWF1 (+4.10),,none,,unsupported,,,,,,,,,,,,,Heywood
V-SA,forward,MAGILL/LINE/TOAMAG_1,Trrns_A_PS Magill 275kV LINE,275.0,Magill 275kV,SA1,central Adelaide,S-X_MGTI+PATI,12,BOWWPV1 (-1.11); BOWWBA1 (-1.11); BOLIVPS1 (-1.11); SNOWSTH1 (-1.04); TEMPB1 (-1.04); BLYTHB1 (-1.04),Dry Creek Power Station (12 km); Bolivar Wastewater Treatment Plant Solar Farm (18 km); Torrens Island Power Station (19 km); Barker Inlet Power Station (19 km); Torrens Island Battery (19 km); Osborne Power Station (20 km); Quarantine Power Station (21 km); Snapper Point Power Station (23 km); Pelican Point Power Station (23 km); Adelaide Desalination Plant Solar Farm (28 km); Lonsdale Power Stat,K1xK2,MAGILL/LINE/TOAMAG_1 × S-X_MGTI+PATI,supported,123.17575708333334,24.125618356967514,-14.434605000000033,319.92616166666664,0.0,173.23450416666668,-28.38437833333336,490.3418083333333,216.52557124999998,82.5,7.0,0.9212121212121213,Heywood
V-SA,reverse,MAGILL/LINE/TOAMAG_1,Trrns_A_PS Magill 275kV LINE,275.0,Magill 275kV,SA1,central Adelaide,S-X_MGTI+PATI,12,BOWWPV1 (-1.11); BOWWBA1 (-1.11); BOLIVPS1 (-1.11); SNOWSTH1 (-1.04); TEMPB1 (-1.04); BLYTHB1 (-1.04),Dry Creek Power Station (12 km); Bolivar Wastewater Treatment Plant Solar Farm (18 km); Torrens Island Power Station (19 km); Barker Inlet Power Station (19 km); Torrens Island Battery (19 km); Osborne Power Station (20 km); Quarantine Power Station (21 km); Snapper Point Power Station (23 km); Pelican Point Power Station (23 km); Adelaide Desalination Plant Solar Farm (28 km); Lonsdale Power Stat,K1xK2,MAGILL/LINE/TOAMAG_1 × S-X_MGTI+PATI,supported,-47.49948208333333,-9.433489088118158,-194.9053702708333,5.38827416666652,0.0,-155.62310416666665,80.48536958333328,226.09921166666663,417.11629500000004,82.5,7.0,0.9212121212121213,Heywood
V-SA,forward,MARULAN/LINE/5,Yass 330kV Marulan 5 330kV LINE,330.0,Marulan 330kV,NSW1,west of Wollongong (80 km),N-BABU,1,GANNB1 (+5.43); KERNGSP1 (+5.43); GANNSF1 (+5.43); COHUNSF1 (+5.43); KESSB1 (+5.25); ARWF1 (+5.15),Taralga Wind Farm (28 km); Crookwell 3 Wind Farm (38 km); Bendeela Pumping and Power Station (40 km); Kangaroo Valley Pumping and Power Station (41 km); Crookwell 2 Wind Farm (45 km); Crookwell Wind Farm (48 km),K2,N-BABU,supported,16.863709166666723,3.7590446371304296,-10.656846416666669,51.16586287499994,-0.001210653753026647,-7.731325000000005,9.801889166666676,404.9791075,388.1047675,514.5,21.0,0.8027210884353742,Heywood
V-SA,reverse,MARULAN/LINE/5,Yass 330kV Marulan 5 330kV LINE,330.0,Marulan 330kV,NSW1,west of Wollongong (80 km),N-BABU,1,GANNB1 (+5.43); KERNGSP1 (+5.43); GANNSF1 (+5.43); COHUNSF1 (+5.43); KESSB1 (+5.25); ARWF1 (+5.15),Taralga Wind Farm (28 km); Crookwell 3 Wind Farm (38 km); Bendeela Pumping and Power Station (40 km); Kangaroo Valley Pumping and Power Station (41 km); Crookwell 2 Wind Farm (45 km); Crookwell Wind Farm (48 km),none,,unsupported,,,,,,,,,,,,,Heywood
V-SA,forward,MINTAR/LINE/CLNMIN_1,ClareNth-Mintaro 132kV LINE,132.0,Mintaro 132kV,SA1,north-west of Robertstown (37 km),S-RBTU|S-X_BRMN_RBTU,3,WATERLWF (-6.62); MINTARO (-6.62); MWPS4PV1 (-6.45); MWPS2PV1 (-5.37); MWPS1PV1 (-5.37); MWPS3PV1 (-5.37),Mintaro Power Station (0 km); Waterloo Wind Farm (19 km); Goyder South Stage 1 Wind Farm (22 km); Morgan-Whyalla Pipeline Pumping Station No 4 Solar Farm (30 km); Hallett Hill Wind Farm (40 km); Morgan-Whyalla Pipeline Pumping Station No 3 Solar Farm (43 km),K2,S-X_BRMN_RBTU,supported,5.566455000000019,1.0902646114070862,-87.75248000000005,99.18421999999993,0.033663366336633666,179.49483666666666,-142.74895666666663,460.1000000000001,487.83200000000005,356.0,5.0,0.7092696629213483,Heywood
V-SA,reverse,MINTAR/LINE/CLNMIN_1,ClareNth-Mintaro 132kV LINE,132.0,Mintaro 132kV,SA1,north-west of Robertstown (37 km),S-RBTU|S-X_BRMN_RBTU,3,WATERLWF (-6.62); MINTARO (-6.62); MWPS4PV1 (-6.45); MWPS2PV1 (-5.37); MWPS1PV1 (-5.37); MWPS3PV1 (-5.37),Mintaro Power Station (0 km); Waterloo Wind Farm (19 km); Goyder South Stage 1 Wind Farm (22 km); Morgan-Whyalla Pipeline Pumping Station No 4 Solar Farm (30 km); Hallett Hill Wind Farm (40 km); Morgan-Whyalla Pipeline Pumping Station No 3 Solar Farm (43 km),K2,S-X_BRMN_RBTU,supported,-12.147979999999961,-2.568400477975287,-65.75292999999994,55.053711916666686,-0.0009900990099009892,-195.03378666666666,172.8516075,371.354965,375.41000333333335,356.0,5.0,0.7092696629213483,Heywood
V-SA,forward,MLTS/LINE/BATS_MLTS1_220,Ballarat Moorabool 1 220kV LINE,220.0,Moorabool 500kV,VIC1,central Geelong,V-BAML1_15M,2,BALB1 (+6.26); YENDWF1 (+6.25); ARWF1 (+6.03); CROWLWF1 (+5.95); BULGANA1 (+5.81); BULBES1 (+5.81),Victoria Big Battery (1 km); Deakin University Solar Farm (18 km); Black Rock Solar Farm (29 km); Yaloak South Wind Farm (35 km); Moorabool Wind Farm (39 km); Lal Lal (Elaine) Wind Farm (41 km); Mount Mercer Wind Farm (43 km); Laverton North Power Station (48 km); Mount Gellibrand Wind Farm (50 km),K2,V-BAML1_15M,supported,18.81596249999999,4.571980072483618,-37.841472479166626,69.70484833333333,0.05582524271844662,67.62488333333333,-37.01547083333338,247.05213083333334,214.92009,108.0,11.0,0.9537037037037037,Heywood
V-SA,reverse,MLTS/LINE/BATS_MLTS1_220,Ballarat Moorabool 1 220kV LINE,220.0,Moorabool 500kV,VIC1,central Geelong,V-BAML1_15M,2,BALB1 (+6.26); YENDWF1 (+6.25); ARWF1 (+6.03); CROWLWF1 (+5.95); BULGANA1 (+5.81); BULBES1 (+5.81),Victoria Big Battery (1 km); Deakin University Solar Farm (18 km); Black Rock Solar Farm (29 km); Yaloak South Wind Farm (35 km); Moorabool Wind Farm (39 km); Lal Lal (Elaine) Wind Farm (41 km); Mount Mercer Wind Farm (43 km); Laverton North Power Station (48 km); Mount Gellibrand Wind Farm (50 km),K2,V-BAML1_15M,supported,-38.83620124999999,-8.122184165047813,-172.75969,-2.8836183333333265,-0.016990291262135915,-98.50093166666669,11.817385000000002,377.60190166666666,476.3521191666666,108.0,11.0,0.9537037037037037,Heywood
V-SA,forward,MLTS/LINE/BATS_MLTS2_220,Ballart220-Moorabool 2 220kV LINE,220.0,Moorabool 500kV,VIC1,central Geelong,CA_SYDS_597A8B26|CA_SYDS_597B3DBD|CA_SYDS_597B5710,2,BALB1 (+5.92); YENDWF1 (+5.92); ARWF1 (+5.54); CROWLWF1 (+5.46); MERCER01 (+5.43); MOORAWF1 (+5.43),Victoria Big Battery (1 km); Deakin University Solar Farm (18 km); Black Rock Solar Farm (29 km); Yaloak South Wind Farm (35 km); Moorabool Wind Farm (39 km); Lal Lal (Elaine) Wind Farm (41 km); Mount Mercer Wind Farm (43 km); Laverton North Power Station (48 km); Mount Gellibrand Wind Farm (50 km),K3,MLTS,supported,-187.1063908333334,-44.422761014127914,-220.54639179166668,-153.38926391666666,0.0,-100.15821500000001,-13.786900000000017,265.2263875,492.92830416666663,738.5,26.0,0.8151658767772512,Heywood
V-SA,reverse,MLTS/LINE/BATS_MLTS2_220,Ballart220-Moorabool 2 220kV LINE,220.0,Moorabool 500kV,VIC1,central Geelong,CA_SYDS_597A8B26|CA_SYDS_597B3DBD|CA_SYDS_597B5710,2,BALB1 (+5.92); YENDWF1 (+5.92); ARWF1 (+5.54); CROWLWF1 (+5.46); MERCER01 (+5.43); MOORAWF1 (+5.43),Victoria Big Battery (1 km); Deakin University Solar Farm (18 km); Black Rock Solar Farm (29 km); Yaloak South Wind Farm (35 km); Moorabool Wind Farm (39 km); Lal Lal (Elaine) Wind Farm (41 km); Mount Mercer Wind Farm (43 km); Laverton North Power Station (48 km); Mount Gellibrand Wind Farm (50 km),K3,MLTS,supported,-5.324134999999956,-0.9919682882263225,-32.77954166666667,0.0,0.0,103.25550416666667,-128.1228575,415.07099416666665,470.0,738.5,26.0,0.8151658767772512,Heywood
V-SA,forward,MLTS/LINE/CRTS_MLTS1_500,Moorabool-Cressy No.1 500kV LINE,500.0,Moorabool 500kV,VIC1,central Geelong,V-BAML1_15M|V-CRML|V-CRML1|V-MLSY_NOEMTT_R,11,BALB1 (+6.26); YENDWF1 (+6.25); ARWF1 (+6.03); CROWLWF1 (+5.95); BULGANA1 (+5.81); BULBES1 (+5.81),Victoria Big Battery (1 km); Deakin University Solar Farm (18 km); Black Rock Solar Farm (29 km); Yaloak South Wind Farm (35 km); Moorabool Wind Farm (39 km); Lal Lal (Elaine) Wind Farm (41 km); Mount Mercer Wind Farm (43 km); Laverton North Power Station (48 km); Mount Gellibrand Wind Farm (50 km),K1xK2,MLTS/LINE/CRTS_MLTS1_500 × V-CRML,supported,-134.92785916666668,-33.65215890714437,-197.32743166666666,90.85185916666667,0.0,-19.807219166666663,-80.76335916666667,-5.658177499999999,83.8741225,48.0,7.0,0.9166666666666666,Heywood
V-SA,reverse,MLTS/LINE/CRTS_MLTS1_500,Moorabool-Cressy No.1 500kV LINE,500.0,Moorabool 500kV,VIC1,central Geelong,V-BAML1_15M|V-CRML|V-CRML1|V-MLSY_NOEMTT_R,11,BALB1 (+6.26); YENDWF1 (+6.25); ARWF1 (+6.03); CROWLWF1 (+5.95); BULGANA1 (+5.81); BULBES1 (+5.81),Victoria Big Battery (1 km); Deakin University Solar Farm (18 km); Black Rock Solar Farm (29 km); Yaloak South Wind Farm (35 km); Moorabool Wind Farm (39 km); Lal Lal (Elaine) Wind Farm (41 km); Mount Mercer Wind Farm (43 km); Laverton North Power Station (48 km); Mount Gellibrand Wind Farm (50 km),K1xK2,MLTS/LINE/CRTS_MLTS1_500 × V-CRML,supported,-193.20747833333334,-56.64771680373154,-383.5779733333334,-25.576760000000007,0.0,6.997766666666671,-138.34474833333337,163.9897075,270.6815691666667,48.0,7.0,0.9166666666666666,Heywood
V-SA,forward,MLTS/LINE/CRTS_MLTS_500,Moorabool-Cressy No.2 500kV LINE,500.0,Moorabool 500kV,VIC1,central Geelong,V-CRML,5,WKIEWA1 (+2.68); MCKAY1 (+2.68); DARTM1 (+2.68); MURRAY (+2.16); STWF1 (-1.47); BROKENH1 (-1.47),Victoria Big Battery (1 km); Deakin University Solar Farm (18 km); Black Rock Solar Farm (29 km); Yaloak South Wind Farm (35 km); Moorabool Wind Farm (39 km); Lal Lal (Elaine) Wind Farm (41 km); Mount Mercer Wind Farm (43 km); Laverton North Power Station (48 km); Mount Gellibrand Wind Farm (50 km),K2,V-CRML,supported,-197.32743166666666,-49.215144509058085,-314.08452500000004,-111.53221500000004,0.14541832669322707,-45.677614999999975,-123.58275166666671,64.21419,243.7142316666667,150.5,12.0,0.8338870431893688,Heywood
V-SA,reverse,MLTS/LINE/CRTS_MLTS_500,Moorabool-Cressy No.2 500kV LINE,500.0,Moorabool 500kV,VIC1,central Geelong,V-CRML,5,WKIEWA1 (+2.68); MCKAY1 (+2.68); DARTM1 (+2.68); MURRAY (+2.16); STWF1 (-1.47); BROKENH1 (-1.47),Victoria Big Battery (1 km); Deakin University Solar Farm (18 km); Black Rock Solar Farm (29 km); Yaloak South Wind Farm (35 km); Moorabool Wind Farm (39 km); Lal Lal (Elaine) Wind Farm (41 km); Mount Mercer Wind Farm (43 km); Laverton North Power Station (48 km); Mount Gellibrand Wind Farm (50 km),K1xK2,MLTS/LINE/CRTS_MLTS_500 × V-CRML,supported,-242.06732166666666,-70.97324184084312,-365.6365166666667,-222.28586499999997,0.0,187.68972,-391.26731083333345,148.27918,427.0651508333334,53.5,5.0,0.8785046728971962,Heywood
V-SA,forward,MLTS/LINE/MLTS_SYTS1_500,Moorabool Sydenham 1 500kV LINE,500.0,Moorabool 500kV,VIC1,central Geelong,CA_SYDS_562A9792|V-BAML1_15M|V-CRML1|V-MLSY_NOEMTT_P|V-MLSY_NOEMTT_R,15,BALB1 (+6.26); YENDWF1 (+6.25); ARWF1 (+6.03); CROWLWF1 (+5.95); BULBES1 (+5.81); BULGANA1 (+5.81),Victoria Big Battery (1 km); Deakin University Solar Farm (18 km); Black Rock Solar Farm (29 km); Yaloak South Wind Farm (35 km); Moorabool Wind Farm (39 km); Lal Lal (Elaine) Wind Farm (41 km); Mount Mercer Wind Farm (43 km); Laverton North Power Station (48 km); Mount Gellibrand Wind Farm (50 km),K1xK2,MLTS/LINE/MLTS_SYTS1_500 × V-MLSY_NOEMTT_R,supported,-185.6764691666667,-43.685817004376304,-217.08383625,-148.92982170833344,0.0,-61.099042500000024,-59.441326666666626,267.28269666666665,493.6799899999999,260.0,8.0,0.6538461538461539,Heywood
V-SA,reverse,MLTS/LINE/MLTS_SYTS1_500,Moorabool Sydenham 1 500kV LINE,500.0,Moorabool 500kV,VIC1,central Geelong,CA_SYDS_562A9792|V-BAML1_15M|V-CRML1|V-MLSY_NOEMTT_P|V-MLSY_NOEMTT_R,15,BALB1 (+6.26); YENDWF1 (+6.25); ARWF1 (+6.03); CROWLWF1 (+5.95); BULBES1 (+5.81); BULGANA1 (+5.81),Victoria Big Battery (1 km); Deakin University Solar Farm (18 km); Black Rock Solar Farm (29 km); Yaloak South Wind Farm (35 km); Moorabool Wind Farm (39 km); Lal Lal (Elaine) Wind Farm (41 km); Mount Mercer Wind Farm (43 km); Laverton North Power Station (48 km); Mount Gellibrand Wind Farm (50 km),K1xK2,MLTS/LINE/MLTS_SYTS1_500 × V-MLSY_NOEMTT_R,supported,0.0,0.0,-5.495403333333343,23.38348499999995,0.0,47.39527666666666,-23.254358749999994,498.73042,460.78212833333333,260.0,8.0,0.6538461538461539,Heywood
V-SA,forward,MLTS/LINE/MLTS_SYTS2_500,Moorabool Sydenham 2 500kV LINE,500.0,Moorabool 500kV,VIC1,central Geelong,V-MLSY_NOEMTT_R,23,WKIEWA1 (+2.68); DARTM1 (+2.68); MCKAY1 (+2.68); COHUNSF1 (+2.42); GANNSF1 (+2.42); KERNGSP1 (+2.42),Victoria Big Battery (1 km); Deakin University Solar Farm (18 km); Black Rock Solar Farm (29 km); Yaloak South Wind Farm (35 km); Moorabool Wind Farm (39 km); Lal Lal (Elaine) Wind Farm (41 km); Mount Mercer Wind Farm (43 km); Laverton North Power Station (48 km); Mount Gellibrand Wind Farm (50 km),K2,V-MLSY_NOEMTT_R,supported,-131.33220708333332,-30.943459867504565,-167.42362833333328,-95.05238954166667,-0.03142857142857142,-111.65903833333333,8.970995833333347,286.11472000000003,498.12663625000005,861.0,11.0,0.8130081300813008,Heywood
V-SA,reverse,MLTS/LINE/MLTS_SYTS2_500,Moorabool Sydenham 2 500kV LINE,500.0,Moorabool 500kV,VIC1,central Geelong,V-MLSY_NOEMTT_R,23,WKIEWA1 (+2.68); DARTM1 (+2.68); MCKAY1 (+2.68); COHUNSF1 (+2.42); GANNSF1 (+2.42); KERNGSP1 (+2.42),Victoria Big Battery (1 km); Deakin University Solar Farm (18 km); Black Rock Solar Farm (29 km); Yaloak South Wind Farm (35 km); Moorabool Wind Farm (39 km); Lal Lal (Elaine) Wind Farm (41 km); Mount Mercer Wind Farm (43 km); Laverton North Power Station (48 km); Mount Gellibrand Wind Farm (50 km),K2,V-MLSY_NOEMTT_R,supported,0.0,0.0,-0.2628866666667591,0.0,0.09428571428571428,114.03312083333334,-93.45302749999999,493.5162958333333,470.0,861.0,11.0,0.8130081300813008,Heywood
V-SA,forward,MOBILO/LINE/MOBTAB_1,Tailem_Bnd Mobilong 132kV LINE,132.0,Mobilong 132kV,SA1,central Murray Bridge,S-MOTB,5,SNUG1 (-1.80); TBSF1 (-1.34); TB2SF1 (-1.34); TB2B1 (-1.34); LKBONNY3 (-1.23); LKBONNY2 (-1.23),Mannum Solar Farm Stage 1 (2 km); Murray Bridge-Onkaparinga Pipeline No. 2 Pump Solar Farm (6 km); Mannum Solar Farm (17 km); Mannum PPS.2 solar farm (24 km); Mannum PPS.3 solar farm (24 km); Tailem Bend Solar Power Project (30 km),K1xK2,MOBILO/LINE/MOBTAB_1 × S-MOTB,indicative,6.776367500000106,1.537219569125389,-29.470191666666665,12.26905999999991,0.0,-13.91080499999999,40.307288333333304,547.6350533333333,524.0563833333333,95.0,3.0,0.7947368421052632,Heywood
V-SA,reverse,MOBILO/LINE/MOBTAB_1,Tailem_Bnd Mobilong 132kV LINE,132.0,Mobilong 132kV,SA1,central Murray Bridge,S-MOTB,5,SNUG1 (-1.80); TBSF1 (-1.34); TB2SF1 (-1.34); TB2B1 (-1.34); LKBONNY3 (-1.23); LKBONNY2 (-1.23),Mannum Solar Farm Stage 1 (2 km); Murray Bridge-Onkaparinga Pipeline No. 2 Pump Solar Farm (6 km); Mannum Solar Farm (17 km); Mannum PPS.2 solar farm (24 km); Mannum PPS.3 solar farm (24 km); Tailem Bend Solar Power Project (30 km),K1xK2,MOBILO/LINE/MOBTAB_1 × S-MOTB,indicative,6.597071666666665,1.2347010498132667,-151.0098266666667,85.72709833333334,0.0,13.91080499999999,-33.240531666666584,280.88397333333336,320.05089833333335,95.0,3.0,0.7947368421052632,Heywood
V-SA,forward,MOPS/LINE/HYTS_MOPS2_500,Heywood-MortlakePS 500kV LINE,500.0,Mortlake Power Station,VIC1,,V-HYMO,8,DARTM1 (+2.68); WKIEWA1 (+2.68); MCKAY1 (+2.68); MURRAY (+2.16); HD1WF1 (+1.61); MACARTH1 (+1.61),,K2,V-HYMO,supported,-125.4913683333333,-31.298617607293988,-176.834935,-22.983421666666665,0.3007518796992481,16.97871666666667,-28.965858333333358,58.06222833333334,177.86528666666666,67.5,7.0,0.9851851851851852,Heywood
V-SA,reverse,MOPS/LINE/HYTS_MOPS2_500,Heywood-MortlakePS 500kV LINE,500.0,Mortlake Power Station,VIC1,,V-HYMO,8,DARTM1 (+2.68); WKIEWA1 (+2.68); MCKAY1 (+2.68); MURRAY (+2.16); HD1WF1 (+1.61); MACARTH1 (+1.61),,K2,V-HYMO,supported,-159.599665,-39.88097719527887,-323.945965,-80.27739,0.19172932330827067,51.422538333333335,-138.1336833333334,178.40263166666668,326.6455866666667,67.5,7.0,0.9851851851851852,Heywood
V-SA,forward,MOPS/LINE/MOPS_TRTS1_500,MortlakePS-Tarrone 500kV LINE,500.0,Mortlake Power Station,VIC1,,V-MOTR,1,DARTM1 (+3.56); MCKAY1 (+3.56); WKIEWA1 (+3.56); MURRAY (+2.66); STWF1 (-1.47); BHB1 (-1.47),,K3,MOPS,indicative,-66.54929583333333,-16.597961995198983,-436.7264166666667,10.355277249999205,0.25,38.72881166666667,-0.0022554166666601816,105.08359833333333,319.9640375,34.0,4.0,1.0,Heywood
V-SA,reverse,MOPS/LINE/MOPS_TRTS1_500,MortlakePS-Tarrone 500kV LINE,500.0,Mortlake Power Station,VIC1,,V-MOTR,1,DARTM1 (+3.56); MCKAY1 (+3.56); WKIEWA1 (+3.56); MURRAY (+2.66); STWF1 (-1.47); BHB1 (-1.47),,K3,MOPS,indicative,-126.57762416666671,-35.4858896399959,-348.62886833333334,-92.47963666666658,0.0,55.4329575,-208.78149583333334,125.76514,290.11684249999996,34.0,4.0,1.0,Heywood
V-SA,forward,MRTS/LINE/HOTS_MRTS_220,Horsham-MuraWara 220kV LINE,220.0,Murra Warra,VIC1,,V-KMRC,1,COHUNSF1 (+3.97); GANNSF1 (+3.97); KERNGSP1 (+3.97); GANNB1 (+3.97); KESSB1 (+3.88); WEMENSF1 (+2.94),,K2,V-KMRC,supported,-19.161063333333345,-3.7529503551655727,-85.23922833333336,28.977508750000016,-0.038216560509554146,-30.75559916666667,5.000000001587068e-06,353.2473991666667,382.22715166666666,174.5,20.0,0.8997134670487106,Heywood
V-SA,reverse,MRTS/LINE/HOTS_MRTS_220,Horsham-MuraWara 220kV LINE,220.0,Murra Warra,VIC1,,V-KMRC,1,COHUNSF1 (+3.97); GANNSF1 (+3.97); KERNGSP1 (+3.97); GANNB1 (+3.97); KESSB1 (+3.88); WEMENSF1 (+2.94),,K2,V-KMRC,supported,61.32939166666665,13.205384190678286,-1.8104098750000015,132.9343333333333,-0.015923566878980902,24.10594875000001,70.2862725,458.42882000000003,360.5127408333333,174.5,20.0,0.8997134670487106,Heywood
V-SA,forward,MULWALA/CB/7B2,MulwalaEE MWA7B2 132kV CB,132.0,Mulwala 132kV,NSW1,,N-LTWG_X5,1,KERNGSP1 (+5.43); GANNSF1 (+5.43); COHUNSF1 (+5.43); GANNB1 (+5.43); KESSB1 (+5.25); ARWF1 (+5.15),,K2,N-LTWG_X5,indicative,129.11225666666667,32.20169804102299,3.844823333333352,253.29332500000004,-0.06334231805929919,157.53061166666663,20.887656666666658,462.3142666666667,217.56730333333334,219.5,4.0,0.8451025056947609,Heywood
V-SA,reverse,MULWALA/CB/7B2,MulwalaEE MWA7B2 132kV CB,132.0,Mulwala 132kV,NSW1,,N-LTWG_X5,1,KERNGSP1 (+5.43); GANNSF1 (+5.43); COHUNSF1 (+5.43); GANNB1 (+5.43); KESSB1 (+5.25); ARWF1 (+5.15),,K2,N-LTWG_X5,indicative,35.297454999999985,10.349083027121562,-40.674478333333354,127.22290333333333,-0.16037735849056603,-111.34459083333333,131.31923166666667,291.1341883333333,177.89813916666668,219.5,4.0,0.8451025056947609,Heywood
V-SA,forward,MURRAY/LINE/DDTS_MSS1_330,Murray Dederang. 67 330kV LINE,330.0,Murray,NSW1,west of Cooma (88 km),V-DDMS,4,,Murray 2 Power Station (2 km); Murray 1 Power Station (5 km); Guthega Power Station (28 km); Tumut 1 Power Station (36 km); Tumut 2 Power Station (43 km),K3,MURRAY,indicative,-37.2333625,-7.292651696176748,-462.72699666666665,0.0,0.0,-6.41479499999999,-11.809514999999976,244.01560833333332,302.35394833333334,38.0,3.0,0.631578947368421,Heywood
V-SA,reverse,MURRAY/LINE/DDTS_MSS1_330,Murray Dederang. 67 330kV LINE,330.0,Murray,NSW1,west of Cooma (88 km),V-DDMS,4,,Murray 2 Power Station (2 km); Murray 1 Power Station (5 km); Guthega Power Station (28 km); Tumut 1 Power Station (36 km); Tumut 2 Power Station (43 km),K2,V-DDMS,supported,-71.63376500000004,-13.549986396026553,-89.56329304166667,1.4965293749999742,0.01652892561983471,-4.187473333333173,-21.99065166666668,453.99940666666663,510.98391,199.0,9.0,0.9120603015075377,Heywood
V-SA,forward,MURRAY/LINE/DDTS_MSS2_330,Murray Dederang. 68 330kV LINE,330.0,Murray,NSW1,west of Cooma (88 km),I-BDBU_ONE|V-DDMS,6,TB2B1 (-13.42); TBSF1 (-13.42); TB2SF1 (-13.42); LADBROK2 (+4.07); LADBROK1 (+4.07); MBPS2PV1 (+2.26),Murray 2 Power Station (2 km); Murray 1 Power Station (5 km); Guthega Power Station (28 km); Tumut 1 Power Station (36 km); Tumut 2 Power Station (43 km),K3,MURRAY,indicative,-37.2333625,-7.292651696176748,-462.72699666666665,0.0,0.0,-6.41479499999999,-11.809514999999976,244.01560833333332,302.35394833333334,38.0,3.0,0.631578947368421,Heywood
V-SA,reverse,MURRAY/LINE/DDTS_MSS2_330,Murray Dederang. 68 330kV LINE,330.0,Murray,NSW1,west of Cooma (88 km),I-BDBU_ONE|V-DDMS,6,TB2B1 (-13.42); TBSF1 (-13.42); TB2SF1 (-13.42); LADBROK2 (+4.07); LADBROK1 (+4.07); MBPS2PV1 (+2.26),Murray 2 Power Station (2 km); Murray 1 Power Station (5 km); Guthega Power Station (28 km); Tumut 1 Power Station (36 km); Tumut 2 Power Station (43 km),K2,V-DDMS,supported,-71.63376500000004,-13.549986396026553,-89.56329304166667,1.4965293749999742,0.01652892561983471,-4.187473333333173,-21.99065166666668,453.99940666666663,510.98391,199.0,9.0,0.9120603015075377,Heywood
V-SA,forward,MW_4/LINE/N/A,WaterlooE-Mwps4 132kV LINE,132.0,Mwps4 132kV,SA1,,S-WE_MWP4,8,MWPS3PV1 (-3.79); GSWF1B1 (-3.79); GSWF1A (-3.79); MWPS2PV1 (-3.79); MWPS1PV1 (-3.79); MWPS4PV1 (-3.79),,K1xK2,MW_4/LINE/N/A × S-WE_MWP4,supported,79.26431333333333,19.769195809029693,5.188833333333331,159.5177721875,0.0,90.244905,-0.4750966666666656,227.066765,97.87318166666667,981.5,5.0,0.7055527254202751,Heywood
V-SA,reverse,MW_4/LINE/N/A,WaterlooE-Mwps4 132kV LINE,132.0,Mwps4 132kV,SA1,,S-WE_MWP4,8,MWPS3PV1 (-3.79); GSWF1B1 (-3.79); GSWF1A (-3.79); MWPS2PV1 (-3.79); MWPS1PV1 (-3.79); MWPS4PV1 (-3.79),,K1xK2,MW_4/LINE/N/A × S-WE_MWP4,supported,1.0727566666666632,0.31452828004827754,-45.76150535416666,55.45464454166663,0.0,-80.50200833333335,113.04160999999999,255.0468066666667,229.17513999999997,981.5,5.0,0.7055527254202751,Heywood
V-SA,forward,NORTHF/LINE/TOANOF_1,Trrns_A_PS Northfield 275kV LINE,275.0,Northfield 275kV,SA1,central Adelaide,S-X_MGTI+PATI,1,BOWWPV1 (-1.11); BOWWBA1 (-1.11); BOLIVPS1 (-1.11); SNOWSTH1 (-1.04); TEMPB1 (-1.04); BLYTHB1 (-1.04),Dry Creek Power Station (5 km); Bolivar Wastewater Treatment Plant Solar Farm (10 km); Torrens Island Power Station (11 km); Barker Inlet Power Station (11 km); Torrens Island Battery (12 km); Quarantine Power Station (13 km); Osborne Power Station (13 km); Snapper Point Power Station (15 km); Pelican Point Power Station (15 km); Adelaide Desalination Plant Solar Farm (31 km); Lonsdale Power Stati,K2,S-X_MGTI+PATI,supported,47.78857000000005,9.781807557714398,-36.477874999999926,228.21321666666663,0.05797101449275362,132.8877683333333,-43.304419999999936,451.00916,288.20775333333336,112.0,19.0,0.9241071428571429,Heywood
V-SA,reverse,NORTHF/LINE/TOANOF_1,Trrns_A_PS Northfield 275kV LINE,275.0,Northfield 275kV,SA1,central Adelaide,S-X_MGTI+PATI,1,BOWWPV1 (-1.11); BOWWBA1 (-1.11); BOLIVPS1 (-1.11); SNOWSTH1 (-1.04); TEMPB1 (-1.04); BLYTHB1 (-1.04),Dry Creek Power Station (5 km); Bolivar Wastewater Treatment Plant Solar Farm (10 km); Torrens Island Power Station (11 km); Barker Inlet Power Station (11 km); Torrens Island Battery (12 km); Quarantine Power Station (13 km); Osborne Power Station (13 km); Snapper Point Power Station (15 km); Pelican Point Power Station (15 km); Adelaide Desalination Plant Solar Farm (31 km); Lonsdale Power Stati,K2,S-X_MGTI+PATI,supported,-56.78184833333336,-11.213394223314308,-219.00847483333334,-7.659819999999968,0.053140096618357474,-129.31694166666668,12.200839999999985,230.33105666666665,416.106045,112.0,19.0,0.9241071428571429,Heywood
V-SA,forward,PARA/SVC/SVC1,Para 275kV 1 275kV SVC,275.0,Para 275kV,SA1,north-east of Adelaide (24 km),S-PA_VC1,11,SNUG1 (-2.09); CNUNDAWF (-1.30); LKBONNY2 (-1.01); LKBONNY3 (-1.01); LKBONNY1 (-1.01); LBB1 (-0.92),Bolivar Wastewater Treatment Plant Solar Farm (13 km); Dry Creek Power Station (17 km); Quarantine Power Station (18 km); Barker Inlet Power Station (19 km); Snapper Point Power Station (19 km); Torrens Island Power Station (19 km); Torrens Island Battery (19 km); Pelican Point Power Station (19 km); Osborne Power Station (20 km); Templers BESS (31 km); Angaston Power Station (39 km); Mannum PPS.2,K1xK2,PARA/SVC/SVC1 × S-PA_VC1,supported,-28.601043333333337,-5.96063538075838,-146.65082333333334,30.536338333333333,0.0,-3.7149650000000065,-33.49099833333321,338.87614666666667,393.93055499999997,297.5,9.0,0.9294117647058824,Heywood
V-SA,reverse,PARA/SVC/SVC1,Para 275kV 1 275kV SVC,275.0,Para 275kV,SA1,north-east of Adelaide (24 km),S-PA_VC1,11,SNUG1 (-2.09); CNUNDAWF (-1.30); LKBONNY2 (-1.01); LKBONNY3 (-1.01); LKBONNY1 (-1.01); LBB1 (-0.92),Bolivar Wastewater Treatment Plant Solar Farm (13 km); Dry Creek Power Station (17 km); Quarantine Power Station (18 km); Barker Inlet Power Station (19 km); Snapper Point Power Station (19 km); Torrens Island Power Station (19 km); Torrens Island Battery (19 km); Pelican Point Power Station (19 km); Osborne Power Station (20 km); Templers BESS (31 km); Angaston Power Station (39 km); Mannum PPS.2,K1xK2,PARA/SVC/SVC1 × S-PA_VC1,supported,-70.98252583333334,-14.532593888540331,-90.77713166666666,-45.11241083333334,0.0,-2.351306666666801,-31.53667333333331,296.086115,386.2206933333334,297.5,9.0,0.9294117647058824,Heywood
V-SA,forward,PARA/SVC/SVC2,Para 275kV 2 275kV SVC,275.0,Para 275kV,SA1,north-east of Adelaide (24 km),S-PA_VC1,21,SNUG1 (-2.09); CNUNDAWF (-1.30); LKBONNY2 (-1.01); LKBONNY3 (-1.01); LKBONNY1 (-1.01); LBB1 (-0.92),Bolivar Wastewater Treatment Plant Solar Farm (13 km); Dry Creek Power Station (17 km); Quarantine Power Station (18 km); Barker Inlet Power Station (19 km); Snapper Point Power Station (19 km); Torrens Island Power Station (19 km); Torrens Island Battery (19 km); Pelican Point Power Station (19 km); Osborne Power Station (20 km); Templers BESS (31 km); Angaston Power Station (39 km); Mannum PPS.2,K1xK2,PARA/SVC/SVC2 × S-PA_VC1,supported,4.096424166666679,0.8023394246840096,-36.61784891666658,35.104377416666686,0.0,21.538128333333304,-5.053068333333343,487.21774666666664,432.88270083333333,222.0,10.0,0.7702702702702703,Heywood
V-SA,reverse,PARA/SVC/SVC2,Para 275kV 2 275kV SVC,275.0,Para 275kV,SA1,north-east of Adelaide (24 km),S-PA_VC1,21,SNUG1 (-2.09); CNUNDAWF (-1.30); LKBONNY2 (-1.01); LKBONNY3 (-1.01); LKBONNY1 (-1.01); LBB1 (-0.92),Bolivar Wastewater Treatment Plant Solar Farm (13 km); Dry Creek Power Station (17 km); Quarantine Power Station (18 km); Barker Inlet Power Station (19 km); Snapper Point Power Station (19 km); Torrens Island Power Station (19 km); Torrens Island Battery (19 km); Pelican Point Power Station (19 km); Osborne Power Station (20 km); Templers BESS (31 km); Angaston Power Station (39 km); Mannum PPS.2,K1xK2,PARA/SVC/SVC2 × S-PA_VC1,supported,19.013495000000034,3.8628826165651677,-120.11393666666666,94.40550820833332,0.0,-23.536891666666634,3.3333333178120483e-06,173.20876750000002,169.81851833333332,222.0,10.0,0.7702702702702703,Heywood
V-SA,forward,RCTS/BUS/7MN2,Red Cliffs 2 220kV BUS,220.0,Red Cliffs 220kV,VIC1,central Mildura,V-KMRC|V-RCTS_BUS2,3,COHUNSF1 (+3.97); GANNSF1 (+3.97); KERNGSP1 (+3.97); GANNB1 (+3.97); KESSB1 (+3.88); WEMENSF1 (+2.94),Zilzie Wines Solar Farm (6 km); Yatpool Solar Farm (13 km); Karadoc Solar Farm (13 km),K2,V-KMRC,supported,-19.161063333333345,-3.7529503551655727,-85.23922833333336,28.977508750000016,-0.038216560509554146,-30.75559916666667,5.000000001587068e-06,353.2473991666667,382.22715166666666,174.5,20.0,0.8997134670487106,Heywood
V-SA,reverse,RCTS/BUS/7MN2,Red Cliffs 2 220kV BUS,220.0,Red Cliffs 220kV,VIC1,central Mildura,V-KMRC|V-RCTS_BUS2,3,COHUNSF1 (+3.97); GANNSF1 (+3.97); KERNGSP1 (+3.97); GANNB1 (+3.97); KESSB1 (+3.88); WEMENSF1 (+2.94),Zilzie Wines Solar Farm (6 km); Yatpool Solar Farm (13 km); Karadoc Solar Farm (13 km),K2,V-KMRC,supported,61.32939166666665,13.205384190678286,-1.8104098750000015,132.9343333333333,-0.015923566878980902,24.10594875000001,70.2862725,458.42882000000003,360.5127408333333,174.5,20.0,0.8997134670487106,Heywood
V-SA,forward,RCTS/CB/HOTS_2B,Red Cliffs CPTS Line 2 Bus 220KV CB,220.0,Red Cliffs 220kV,VIC1,central Mildura,V-KMRC,1,COHUNSF1 (+3.97); GANNSF1 (+3.97); KERNGSP1 (+3.97); GANNB1 (+3.97); KESSB1 (+3.88); WEMENSF1 (+2.94),Zilzie Wines Solar Farm (6 km); Yatpool Solar Farm (13 km); Karadoc Solar Farm (13 km),K2,V-KMRC,supported,-19.161063333333345,-3.7529503551655727,-85.23922833333336,28.977508750000016,-0.038216560509554146,-30.75559916666667,5.000000001587068e-06,353.2473991666667,382.22715166666666,174.5,20.0,0.8997134670487106,Heywood
V-SA,reverse,RCTS/CB/HOTS_2B,Red Cliffs CPTS Line 2 Bus 220KV CB,220.0,Red Cliffs 220kV,VIC1,central Mildura,V-KMRC,1,COHUNSF1 (+3.97); GANNSF1 (+3.97); KERNGSP1 (+3.97); GANNB1 (+3.97); KESSB1 (+3.88); WEMENSF1 (+2.94),Zilzie Wines Solar Farm (6 km); Yatpool Solar Farm (13 km); Karadoc Solar Farm (13 km),K2,V-KMRC,supported,61.32939166666665,13.205384190678286,-1.8104098750000015,132.9343333333333,-0.015923566878980902,24.10594875000001,70.2862725,458.42882000000003,360.5127408333333,174.5,20.0,0.8997134670487106,Heywood
V-SA,forward,RCTS/LINE/CPTS_RCTS_220,Red Cliffs-CPTS 220kV LINE,220.0,Red Cliffs 220kV,VIC1,central Mildura,V-CPRC|V-KMRC,2,KERNGSP1 (+3.97); GANNB1 (+3.97); GANNSF1 (+3.97); COHUNSF1 (+3.97); KESSB1 (+3.88); BANN1 (+2.94),Zilzie Wines Solar Farm (6 km); Yatpool Solar Farm (13 km); Karadoc Solar Farm (13 km),K2,V-KMRC,supported,-19.161063333333345,-3.7529503551655727,-85.23922833333336,28.977508750000016,-0.038216560509554146,-30.75559916666667,5.000000001587068e-06,353.2473991666667,382.22715166666666,174.5,20.0,0.8997134670487106,Heywood
V-SA,reverse,RCTS/LINE/CPTS_RCTS_220,Red Cliffs-CPTS 220kV LINE,220.0,Red Cliffs 220kV,VIC1,central Mildura,V-CPRC|V-KMRC,2,KERNGSP1 (+3.97); GANNB1 (+3.97); GANNSF1 (+3.97); COHUNSF1 (+3.97); KESSB1 (+3.88); BANN1 (+2.94),Zilzie Wines Solar Farm (6 km); Yatpool Solar Farm (13 km); Karadoc Solar Farm (13 km),K2,V-KMRC,supported,61.32939166666665,13.205384190678286,-1.8104098750000015,132.9343333333333,-0.015923566878980902,24.10594875000001,70.2862725,458.42882000000003,360.5127408333333,174.5,20.0,0.8997134670487106,Heywood
V-SA,forward,SMTS/CAP/1CAP_BYP_330 ,S Morang 1 DDTS 330kV LS CAP,330.0,South Morang 500kV,VIC1,north-east of Melbourne (21 km),V-SMSC,3,WKIEWA1 (+6.29); DARTM1 (+6.29); MCKAY1 (+6.29); GLRWNSF1 (+4.75); WINTSF1 (+4.75); MOKOSF1 (+4.75),Wollert Renewable Energy Hub (Solar) (7 km); Wollert Renewable Energy Hub (Landfill Gas) (7 km); Wollert Waste to Energy Facility (ReWaste) (10 km); Somerton Power Station (11 km); Winneke Solar Farm (20 km); Melbourne Airport Solar Farm (21 km); Newport Power Station (27 km); Brooklyn Power Station (29 km); Laverton North Power Station (33 km); FORMER Narre Warren Landfill Gas Fuelled Power Stati,K1xK2,SMTS/CAP/1CAP_BYP_330  × V-SMSC,indicative,6.325276666666696,1.4348895735262444,-19.23682500000001,27.035091833333276,0.0,-7.87447499999999,0.0,408.91697500000004,411.0548833333333,1160.0,3.0,0.6745689655172413,Heywood
V-SA,reverse,SMTS/CAP/1CAP_BYP_330 ,S Morang 1 DDTS 330kV LS CAP,330.0,South Morang 500kV,VIC1,north-east of Melbourne (21 km),V-SMSC,3,WKIEWA1 (+6.29); DARTM1 (+6.29); MCKAY1 (+6.29); GLRWNSF1 (+4.75); WINTSF1 (+4.75); MOKOSF1 (+4.75),Wollert Renewable Energy Hub (Solar) (7 km); Wollert Renewable Energy Hub (Landfill Gas) (7 km); Wollert Waste to Energy Facility (ReWaste) (10 km); Somerton Power Station (11 km); Winneke Solar Farm (20 km); Melbourne Airport Solar Farm (21 km); Newport Power Station (27 km); Brooklyn Power Station (29 km); Laverton North Power Station (33 km); FORMER Narre Warren Landfill Gas Fuelled Power Stati,K1xK2,SMTS/CAP/1CAP_BYP_330  × V-SMSC,indicative,9.116109999999992,1.7061616359399683,-43.35840833333333,70.09529056249995,0.0,7.87447499999999,3.3333333362861595e-05,170.04463166666667,149.48045833333333,1160.0,3.0,0.6745689655172413,Heywood
V-SA,forward,SMTS/CAP/2CAP_BYP_330 ,S Morang 2 DDTS 330kV LS CAP,330.0,South Morang 500kV,VIC1,north-east of Melbourne (21 km),V-SMSC,2,WKIEWA1 (+6.29); DARTM1 (+6.29); MCKAY1 (+6.29); GLRWNSF1 (+4.75); WINTSF1 (+4.75); MOKOSF1 (+4.75),Wollert Renewable Energy Hub (Solar) (7 km); Wollert Renewable Energy Hub (Landfill Gas) (7 km); Wollert Waste to Energy Facility (ReWaste) (10 km); Somerton Power Station (11 km); Winneke Solar Farm (20 km); Melbourne Airport Solar Farm (21 km); Newport Power Station (27 km); Brooklyn Power Station (29 km); Laverton North Power Station (33 km); FORMER Narre Warren Landfill Gas Fuelled Power Stati,K2,V-SMSC,indicative,8.89344333333338,1.9329657874167052,-14.588634458333322,25.64747074999999,-0.05637138796778779,-39.46762833333335,12.687109999999961,428.36283333333336,437.52621833333336,1477.0,4.0,0.7146242383209208,Heywood
V-SA,reverse,SMTS/CAP/2CAP_BYP_330 ,S Morang 2 DDTS 330kV LS CAP,330.0,South Morang 500kV,VIC1,north-east of Melbourne (21 km),V-SMSC,2,WKIEWA1 (+6.29); DARTM1 (+6.29); MCKAY1 (+6.29); GLRWNSF1 (+4.75); WINTSF1 (+4.75); MOKOSF1 (+4.75),Wollert Renewable Energy Hub (Solar) (7 km); Wollert Renewable Energy Hub (Landfill Gas) (7 km); Wollert Waste to Energy Facility (ReWaste) (10 km); Somerton Power Station (11 km); Winneke Solar Farm (20 km); Melbourne Airport Solar Farm (21 km); Newport Power Station (27 km); Brooklyn Power Station (29 km); Laverton North Power Station (33 km); FORMER Narre Warren Landfill Gas Fuelled Power Stati,K2,V-SMSC,indicative,10.097794166666631,1.8898926202936361,-33.31140345833336,56.96235700000002,0.03671245855045003,38.263536666666596,4.1666666685813425e-06,234.69323166666666,191.22277833333337,1477.0,4.0,0.7146242383209208,Heywood
V-SA,forward,S_EAST/BUS/NB,South_East N 275kV BUS,275.0,South East 275kV,SA1,central Mount Gambier,I-BDBU_ONE|S-SECB6611_10|S-X_BDBU+SECB6611_10,17,TB2B1 (-13.42); TBSF1 (-13.42); TB2SF1 (-13.42); LADBROK2 (+4.07); LADBROK1 (+4.07); MBPS2PV1 (+2.26),Ladbroke Grove Power Station (31 km); Lake Bonney Wind Farm (39 km); Lake Bonney Battery (40 km); Canunda Wind Farm (43 km),K1xK2,S_EAST/BUS/NB × S-SECB6611_10,supported,10.040898333333416,2.282470505523297,-34.89707962500007,53.368096666666666,0.0,-68.362595,29.70561333333336,269.680615,261.5481775,890.5,10.0,0.7742841100505334,Heywood
V-SA,reverse,S_EAST/BUS/NB,South_East N 275kV BUS,275.0,South East 275kV,SA1,central Mount Gambier,I-BDBU_ONE|S-SECB6611_10|S-X_BDBU+SECB6611_10,17,TB2B1 (-13.42); TBSF1 (-13.42); TB2SF1 (-13.42); LADBROK2 (+4.07); LADBROK1 (+4.07); MBPS2PV1 (+2.26),Ladbroke Grove Power Station (31 km); Lake Bonney Wind Farm (39 km); Lake Bonney Battery (40 km); Canunda Wind Farm (43 km),K1xK2,S_EAST/BUS/NB × S-SECB6611_10,supported,54.36706666666667,15.240652000538427,-3.9753233333333355,124.19152499999996,0.0,65.93602666666663,3.3333333249174757e-06,277.1872,198.935755,890.5,10.0,0.7742841100505334,Heywood
V-SA,forward,S_EAST/BUS/SB,South_East S 275kV BUS,275.0,South East 275kV,SA1,central Mount Gambier,S-SECB6611_10,3,SNUG1 (-1.94); LKBONNY3 (-1.01); LKBONNY2 (-1.01); CNUNDAWF (-0.96); LKBONNY1 (-0.96); LBB1 (-0.92),Ladbroke Grove Power Station (31 km); Lake Bonney Wind Farm (39 km); Lake Bonney Battery (40 km); Canunda Wind Farm (43 km),K2,S-SECB6611_10,supported,0.5806483333333254,0.14481864681752016,-31.773472124999984,35.80942889583334,0.03420826161790014,-40.857789999999994,-1.6666666624587378e-06,264.4367833333333,295.038165,1434.5,38.0,0.8100383408853259,Heywood
V-SA,reverse,S_EAST/BUS/SB,South_East S 275kV BUS,275.0,South East 275kV,SA1,central Mount Gambier,S-SECB6611_10,3,SNUG1 (-1.94); LKBONNY3 (-1.01); LKBONNY2 (-1.01); CNUNDAWF (-0.96); LKBONNY1 (-0.96); LBB1 (-0.92),Ladbroke Grove Power Station (31 km); Lake Bonney Wind Farm (39 km); Lake Bonney Battery (40 km); Canunda Wind Farm (43 km),K2,S-SECB6611_10,supported,29.77552750000001,7.808283001101511,-5.227955000000065,79.96743366666665,0.023450946643717732,38.30081291666666,-2.5000000505315256e-06,237.847235,205.83228833333334,1434.5,38.0,0.8100383408853259,Heywood
V-SA,forward,S_EAST/CAP/C_61,South_East 275kV CAP 61,275.0,South East 275kV,SA1,central Mount Gambier,S-SE_1CP,22,SNUG1 (-1.74); LADBROK1 (-1.11); LADBROK2 (-1.11); LKBONNY1 (-1.01); LKBONNY2 (-1.01); LKBONNY3 (-1.01),Ladbroke Grove Power Station (31 km); Lake Bonney Wind Farm (39 km); Lake Bonney Battery (40 km); Canunda Wind Farm (43 km),K2,S-SE_1CP,supported,-32.542709583333306,-6.871711010850863,-117.96196500000005,-0.1879432500000004,-0.02224576271186441,-45.005057499999936,-14.511171666666648,299.69033,402.55801083333336,307.5,20.0,0.767479674796748,Heywood
V-SA,reverse,S_EAST/CAP/C_61,South_East 275kV CAP 61,275.0,South East 275kV,SA1,central Mount Gambier,S-SE_1CP,22,SNUG1 (-1.74); LADBROK1 (-1.11); LADBROK2 (-1.11); LKBONNY1 (-1.01); LKBONNY2 (-1.01); LKBONNY3 (-1.01),Ladbroke Grove Power Station (31 km); Lake Bonney Wind Farm (39 km); Lake Bonney Battery (40 km); Canunda Wind Farm (43 km),K2,S-SE_1CP,supported,4.0759166666666715,0.8117499819901537,-21.832355000000064,52.62613333333337,0.003177966101694907,39.96553833333333,-18.832147500000048,512.67197,462.4639604166667,307.5,20.0,0.767479674796748,Heywood
V-SA,forward,S_EAST/CAP/C_62,South_East 62 275kV CAP,275.0,South East 275kV,SA1,central Mount Gambier,S-SE_1CP,1,SNUG1 (-1.74); LADBROK1 (-1.11); LADBROK2 (-1.11); LKBONNY1 (-1.01); LKBONNY2 (-1.01); LKBONNY3 (-1.01),Ladbroke Grove Power Station (31 km); Lake Bonney Wind Farm (39 km); Lake Bonney Battery (40 km); Canunda Wind Farm (43 km),K2,S-SE_1CP,supported,-32.542709583333306,-6.871711010850863,-117.96196500000005,-0.1879432500000004,-0.02224576271186441,-45.005057499999936,-14.511171666666648,299.69033,402.55801083333336,307.5,20.0,0.767479674796748,Heywood
V-SA,reverse,S_EAST/CAP/C_62,South_East 62 275kV CAP,275.0,South East 275kV,SA1,central Mount Gambier,S-SE_1CP,1,SNUG1 (-1.74); LADBROK1 (-1.11); LADBROK2 (-1.11); LKBONNY1 (-1.01); LKBONNY2 (-1.01); LKBONNY3 (-1.01),Ladbroke Grove Power Station (31 km); Lake Bonney Wind Farm (39 km); Lake Bonney Battery (40 km); Canunda Wind Farm (43 km),K2,S-SE_1CP,supported,4.0759166666666715,0.8117499819901537,-21.832355000000064,52.62613333333337,0.003177966101694907,39.96553833333333,-18.832147500000048,512.67197,462.4639604166667,307.5,20.0,0.767479674796748,Heywood
V-SA,forward,S_EAST/CB/CB6604,S_EAST 6604 275kV CB,275.0,South East 275kV,SA1,central Mount Gambier,S-SECB6611_10,2,SNUG1 (-1.94); LKBONNY3 (-1.01); LKBONNY2 (-1.01); CNUNDAWF (-0.96); LKBONNY1 (-0.96); LBB1 (-0.92),Ladbroke Grove Power Station (31 km); Lake Bonney Wind Farm (39 km); Lake Bonney Battery (40 km); Canunda Wind Farm (43 km),K2,S-SECB6611_10,supported,0.5806483333333254,0.14481864681752016,-31.773472124999984,35.80942889583334,0.03420826161790014,-40.857789999999994,-1.6666666624587378e-06,264.4367833333333,295.038165,1434.5,38.0,0.8100383408853259,Heywood
V-SA,reverse,S_EAST/CB/CB6604,S_EAST 6604 275kV CB,275.0,South East 275kV,SA1,central Mount Gambier,S-SECB6611_10,2,SNUG1 (-1.94); LKBONNY3 (-1.01); LKBONNY2 (-1.01); CNUNDAWF (-0.96); LKBONNY1 (-0.96); LBB1 (-0.92),Ladbroke Grove Power Station (31 km); Lake Bonney Wind Farm (39 km); Lake Bonney Battery (40 km); Canunda Wind Farm (43 km),K2,S-SECB6611_10,supported,29.77552750000001,7.808283001101511,-5.227955000000065,79.96743366666665,0.023450946643717732,38.30081291666666,-2.5000000505315256e-06,237.847235,205.83228833333334,1434.5,38.0,0.8100383408853259,Heywood
V-SA,forward,S_EAST/CB/CB6605,S_EAST 6605 275kV CB,275.0,South East 275kV,SA1,central Mount Gambier,S-SECB6611_10,3,SNUG1 (-1.94); LKBONNY3 (-1.01); LKBONNY2 (-1.01); CNUNDAWF (-0.96); LKBONNY1 (-0.96); LBB1 (-0.92),Ladbroke Grove Power Station (31 km); Lake Bonney Wind Farm (39 km); Lake Bonney Battery (40 km); Canunda Wind Farm (43 km),K2,S-SECB6611_10,supported,0.5806483333333254,0.14481864681752016,-31.773472124999984,35.80942889583334,0.03420826161790014,-40.857789999999994,-1.6666666624587378e-06,264.4367833333333,295.038165,1434.5,38.0,0.8100383408853259,Heywood
V-SA,reverse,S_EAST/CB/CB6605,S_EAST 6605 275kV CB,275.0,South East 275kV,SA1,central Mount Gambier,S-SECB6611_10,3,SNUG1 (-1.94); LKBONNY3 (-1.01); LKBONNY2 (-1.01); CNUNDAWF (-0.96); LKBONNY1 (-0.96); LBB1 (-0.92),Ladbroke Grove Power Station (31 km); Lake Bonney Wind Farm (39 km); Lake Bonney Battery (40 km); Canunda Wind Farm (43 km),K2,S-SECB6611_10,supported,29.77552750000001,7.808283001101511,-5.227955000000065,79.96743366666665,0.023450946643717732,38.30081291666666,-2.5000000505315256e-06,237.847235,205.83228833333334,1434.5,38.0,0.8100383408853259,Heywood
V-SA,forward,S_EAST/CB/CB6607,S_EAST 6607 275kV CB,275.0,South East 275kV,SA1,central Mount Gambier,S-TBSE,2,DARTM1 (+2.68); MCKAY1 (+2.68); WKIEWA1 (+2.68); MURRAY (+2.16); SNUG1 (-1.66); SNAPPER1 (-1.40),Ladbroke Grove Power Station (31 km); Lake Bonney Wind Farm (39 km); Lake Bonney Battery (40 km); Canunda Wind Farm (43 km),K3,S_EAST,supported,-22.012585,-5.2454683213268165,-54.165827166666695,0.0006124166666646261,0.0,-25.109454999999997,-6.278455000000022,266.6279133333333,341.75780833333334,2690.5,95.0,0.739453633153689,Heywood
V-SA,reverse,S_EAST/CB/CB6607,S_EAST 6607 275kV CB,275.0,South East 275kV,SA1,central Mount Gambier,S-TBSE,2,DARTM1 (+2.68); MCKAY1 (+2.68); WKIEWA1 (+2.68); MURRAY (+2.16); SNUG1 (-1.66); SNAPPER1 (-1.40),Ladbroke Grove Power Station (31 km); Lake Bonney Wind Farm (39 km); Lake Bonney Battery (40 km); Canunda Wind Farm (43 km),K2,S-TBSE,supported,-200.70085916666667,-53.28933038452138,-277.677384625,-118.16037008333333,0.0729527104959631,14.022036666666668,-167.64352083333333,115.53200833333335,330.0378891666667,1023.0,48.0,0.8475073313782991,Heywood
V-SA,forward,S_EAST/CB/CB6610,S_EAST 6610 275kV CB,275.0,South East 275kV,SA1,central Mount Gambier,I-HYSE|S-SECB6611_10,5,MCKAY1 (+3.56); DARTM1 (+3.56); WKIEWA1 (+3.56); MURRAY (+2.66); SNUG1 (-2.01); SNAPPER1 (-1.20),Ladbroke Grove Power Station (31 km); Lake Bonney Wind Farm (39 km); Lake Bonney Battery (40 km); Canunda Wind Farm (43 km),K2,S-SECB6611_10,supported,0.5806483333333254,0.14481864681752016,-31.773472124999984,35.80942889583334,0.03420826161790014,-40.857789999999994,-1.6666666624587378e-06,264.4367833333333,295.038165,1434.5,38.0,0.8100383408853259,Heywood
V-SA,reverse,S_EAST/CB/CB6610,S_EAST 6610 275kV CB,275.0,South East 275kV,SA1,central Mount Gambier,I-HYSE|S-SECB6611_10,5,MCKAY1 (+3.56); DARTM1 (+3.56); WKIEWA1 (+3.56); MURRAY (+2.66); SNUG1 (-2.01); SNAPPER1 (-1.20),Ladbroke Grove Power Station (31 km); Lake Bonney Wind Farm (39 km); Lake Bonney Battery (40 km); Canunda Wind Farm (43 km),K2,S-SECB6611_10,supported,29.77552750000001,7.808283001101511,-5.227955000000065,79.96743366666665,0.023450946643717732,38.30081291666666,-2.5000000505315256e-06,237.847235,205.83228833333334,1434.5,38.0,0.8100383408853259,Heywood
V-SA,forward,S_EAST/CB/CB6611,S_EAST 6611 275kV CB,275.0,South East 275kV,SA1,central Mount Gambier,S-SECB6611_10|S-TBSE,7,MCKAY1 (+2.68); DARTM1 (+2.68); WKIEWA1 (+2.68); MURRAY (+2.16); SNUG1 (-1.94); TORRB1 (-1.40),Ladbroke Grove Power Station (31 km); Lake Bonney Wind Farm (39 km); Lake Bonney Battery (40 km); Canunda Wind Farm (43 km),K1xK2,S_EAST/CB/CB6611 × S-SECB6611_10,supported,-117.09407166666665,-28.451999852038867,-647.84651,-22.297963333333314,0.0,-136.8813675,-64.35799166666663,193.80924666666667,379.94428666666664,64.0,7.0,0.9453125,Heywood
V-SA,reverse,S_EAST/CB/CB6611,S_EAST 6611 275kV CB,275.0,South East 275kV,SA1,central Mount Gambier,S-SECB6611_10|S-TBSE,7,MCKAY1 (+2.68); DARTM1 (+2.68); WKIEWA1 (+2.68); MURRAY (+2.16); SNUG1 (-1.94); TORRB1 (-1.40),Ladbroke Grove Power Station (31 km); Lake Bonney Wind Farm (39 km); Lake Bonney Battery (40 km); Canunda Wind Farm (43 km),K2,S-TBSE,supported,-200.70085916666667,-53.28933038452138,-277.677384625,-118.16037008333333,0.0729527104959631,14.022036666666668,-167.64352083333333,115.53200833333335,330.0378891666667,1023.0,48.0,0.8475073313782991,Heywood
V-SA,forward,S_EAST/LINE/TABSES_1,Tailem_Bnd South_East 1 275kV LINE,275.0,South East 275kV,SA1,central Mount Gambier,S-TBSE|S-X_TBSE+BDBU,31,DARTM1 (+2.68); MCKAY1 (+2.68); WKIEWA1 (+2.68); MURRAY (+2.16); SNUG1 (-1.66); TORRB3 (-1.40),Ladbroke Grove Power Station (31 km); Lake Bonney Wind Farm (39 km); Lake Bonney Battery (40 km); Canunda Wind Farm (43 km),K1xK2,S_EAST/LINE/TABSES_1 × S-TBSE,supported,-343.7259016666666,-82.66183443460812,-431.68954333333335,-277.7605566666667,0.0,-60.753281666666666,-200.76688249999998,94.18524916666667,447.09017666666665,337.5,17.0,0.882962962962963,Heywood
V-SA,reverse,S_EAST/LINE/TABSES_1,Tailem_Bnd South_East 1 275kV LINE,275.0,South East 275kV,SA1,central Mount Gambier,S-TBSE|S-X_TBSE+BDBU,31,DARTM1 (+2.68); MCKAY1 (+2.68); WKIEWA1 (+2.68); MURRAY (+2.16); SNUG1 (-1.66); TORRB3 (-1.40),Ladbroke Grove Power Station (31 km); Lake Bonney Wind Farm (39 km); Lake Bonney Battery (40 km); Canunda Wind Farm (43 km),K1xK2,S_EAST/LINE/TABSES_1 × S-TBSE,supported,-319.43719583333336,-80.89594269005391,-423.084403625,-196.129525,0.0,63.6665275,-272.7011041666667,87.2308475,433.911965,337.5,17.0,0.882962962962963,Heywood
V-SA,forward,S_EAST/LINE/TABSES_2,Tailem_Bnd South_East 2 275kV LINE,275.0,South East 275kV,SA1,central Mount Gambier,S-SECB6611_10|S-TBSE,27,MCKAY1 (+2.68); DARTM1 (+2.68); WKIEWA1 (+2.68); MURRAY (+2.16); SNUG1 (-1.94); TORRB1 (-1.40),Ladbroke Grove Power Station (31 km); Lake Bonney Wind Farm (39 km); Lake Bonney Battery (40 km); Canunda Wind Farm (43 km),K1xK2,S_EAST/LINE/TABSES_2 × S-TBSE,supported,-260.19903625,-63.89627075037574,-354.34533725000006,-185.133145,0.0,-53.47876500000001,-182.21798,31.520848333333333,290.22146833333335,326.0,12.0,0.8404907975460123,Heywood
V-SA,reverse,S_EAST/LINE/TABSES_2,Tailem_Bnd South_East 2 275kV LINE,275.0,South East 275kV,SA1,central Mount Gambier,S-SECB6611_10|S-TBSE,27,MCKAY1 (+2.68); DARTM1 (+2.68); WKIEWA1 (+2.68); MURRAY (+2.16); SNUG1 (-1.94); TORRB1 (-1.40),Ladbroke Grove Power Station (31 km); Lake Bonney Wind Farm (39 km); Lake Bonney Battery (40 km); Canunda Wind Farm (43 km),K1xK2,S_EAST/LINE/TABSES_2 × S-TBSE,supported,-244.35124583333334,-67.88625086174056,-304.07011,-147.75141666666673,0.0,81.31823708333333,-216.4674858333333,118.52257916666667,353.9579270833333,326.0,12.0,0.8404907975460123,Heywood
V-SA,forward,S_EAST/REACT/CP,S_East NORTH BUS 275kV REACT,275.0,South East 275kV,SA1,central Mount Gambier,S-SECB6611_10,1,SNUG1 (-1.94); LKBONNY3 (-1.01); LKBONNY2 (-1.01); CNUNDAWF (-0.96); LKBONNY1 (-0.96); LBB1 (-0.92),Ladbroke Grove Power Station (31 km); Lake Bonney Wind Farm (39 km); Lake Bonney Battery (40 km); Canunda Wind Farm (43 km),K2,S-SECB6611_10,supported,0.5806483333333254,0.14481864681752016,-31.773472124999984,35.80942889583334,0.03420826161790014,-40.857789999999994,-1.6666666624587378e-06,264.4367833333333,295.038165,1434.5,38.0,0.8100383408853259,Heywood
V-SA,reverse,S_EAST/REACT/CP,S_East NORTH BUS 275kV REACT,275.0,South East 275kV,SA1,central Mount Gambier,S-SECB6611_10,1,SNUG1 (-1.94); LKBONNY3 (-1.01); LKBONNY2 (-1.01); CNUNDAWF (-0.96); LKBONNY1 (-0.96); LBB1 (-0.92),Ladbroke Grove Power Station (31 km); Lake Bonney Wind Farm (39 km); Lake Bonney Battery (40 km); Canunda Wind Farm (43 km),K2,S-SECB6611_10,supported,29.77552750000001,7.808283001101511,-5.227955000000065,79.96743366666665,0.023450946643717732,38.30081291666666,-2.5000000505315256e-06,237.847235,205.83228833333334,1434.5,38.0,0.8100383408853259,Heywood
V-SA,forward,S_EAST/SVC/SVC1,South_East 1 275kV SVC,275.0,South East 275kV,SA1,central Mount Gambier,S-KNPW|S-SE_VC1,13,TB2B1 (+6.49); TB2SF1 (+6.49); TBSF1 (+6.49); MBPS2PV1 (+3.49); MANNSF2 (+3.19); MANNUMB1 (+3.19),Ladbroke Grove Power Station (31 km); Lake Bonney Wind Farm (39 km); Lake Bonney Battery (40 km); Canunda Wind Farm (43 km),K1xK2,S_EAST/SVC/SVC1 × S-SE_VC1,supported,91.03553416666671,22.05530791559007,30.06883833333336,160.5523558333333,0.0,105.07099583333333,14.922468333333342,497.0691608333333,326.521685,318.0,6.0,0.8962264150943396,Heywood
V-SA,reverse,S_EAST/SVC/SVC1,South_East 1 275kV SVC,275.0,South East 275kV,SA1,central Mount Gambier,S-KNPW|S-SE_VC1,13,TB2B1 (+6.49); TB2SF1 (+6.49); TBSF1 (+6.49); MBPS2PV1 (+3.49); MANNSF2 (+3.19); MANNUMB1 (+3.19),Ladbroke Grove Power Station (31 km); Lake Bonney Wind Farm (39 km); Lake Bonney Battery (40 km); Canunda Wind Farm (43 km),K1xK2,S_EAST/SVC/SVC1 × S-SE_VC1,supported,0.0,0.0,-68.42872499999999,78.35710666666665,0.0,-92.09818166666665,120.20620916666672,401.6388025,317.35345958333335,318.0,6.0,0.8962264150943396,Heywood
V-SA,forward,S_EAST/SVC/SVC2,South_East 2 275kV SVC,275.0,South East 275kV,SA1,central Mount Gambier,S-SE_VC1,8,SNUG1 (-1.94); CNUNDAWF (-1.30); LKBONNY3 (-1.01); LKBONNY2 (-1.01); LKBONNY1 (-0.96); LBB1 (-0.92),Ladbroke Grove Power Station (31 km); Lake Bonney Wind Farm (39 km); Lake Bonney Battery (40 km); Canunda Wind Farm (43 km),K1xK2,S_EAST/SVC/SVC2 × S-SE_VC1,supported,-11.068650833333294,-2.5798494390959332,-56.14322416666667,38.164209833333366,0.0,47.19399041666665,0.0,325.7845708333333,314.40770166666664,313.5,5.0,0.9282296650717703,Heywood
V-SA,reverse,S_EAST/SVC/SVC2,South_East 2 275kV SVC,275.0,South East 275kV,SA1,central Mount Gambier,S-SE_VC1,8,SNUG1 (-1.94); CNUNDAWF (-1.30); LKBONNY3 (-1.01); LKBONNY2 (-1.01); LKBONNY1 (-0.96); LBB1 (-0.92),Ladbroke Grove Power Station (31 km); Lake Bonney Wind Farm (39 km); Lake Bonney Battery (40 km); Canunda Wind Farm (43 km),K1xK2,S_EAST/SVC/SVC2 × S-SE_VC1,supported,-1.8083783333332946,-0.46090532505624016,-66.15970166666668,42.77405145833331,0.0,-28.523945833333357,-1.5007191666667126,169.25394916666667,198.01981,313.5,5.0,0.9282296650717703,Heywood
V-SA,forward,S_EAST/TRANS/T_1,South_East 1 275/132kV XFMR,,South East 275kV,SA1,central Mount Gambier,S-SECB6611_10|S-SE_1CP|S-SE_VC1,11,SNUG1 (-1.94); CNUNDAWF (-1.30); LADBROK1 (-1.11); LADBROK2 (-1.11); LKBONNY1 (-1.01); LKBONNY3 (-1.01),Ladbroke Grove Power Station (31 km); Lake Bonney Wind Farm (39 km); Lake Bonney Battery (40 km); Canunda Wind Farm (43 km),K2,S-SE_1CP,supported,-32.542709583333306,-6.871711010850863,-117.96196500000005,-0.1879432500000004,-0.02224576271186441,-45.005057499999936,-14.511171666666648,299.69033,402.55801083333336,307.5,20.0,0.767479674796748,Heywood
V-SA,reverse,S_EAST/TRANS/T_1,South_East 1 275/132kV XFMR,,South East 275kV,SA1,central Mount Gambier,S-SECB6611_10|S-SE_1CP|S-SE_VC1,11,SNUG1 (-1.94); CNUNDAWF (-1.30); LADBROK1 (-1.11); LADBROK2 (-1.11); LKBONNY1 (-1.01); LKBONNY3 (-1.01),Ladbroke Grove Power Station (31 km); Lake Bonney Wind Farm (39 km); Lake Bonney Battery (40 km); Canunda Wind Farm (43 km),K2,S-SECB6611_10,supported,29.77552750000001,7.808283001101511,-5.227955000000065,79.96743366666665,0.023450946643717732,38.30081291666666,-2.5000000505315256e-06,237.847235,205.83228833333334,1434.5,38.0,0.8100383408853259,Heywood
V-SA,forward,S_EAST/TRANS/T_2,South_East 2 275/132kV XFMR,,South East 275kV,SA1,central Mount Gambier,S-SECB6611_10,1,SNUG1 (-1.94); LKBONNY3 (-1.01); LKBONNY2 (-1.01); CNUNDAWF (-0.96); LKBONNY1 (-0.96); LBB1 (-0.92),Ladbroke Grove Power Station (31 km); Lake Bonney Wind Farm (39 km); Lake Bonney Battery (40 km); Canunda Wind Farm (43 km),K2,S-SECB6611_10,supported,0.5806483333333254,0.14481864681752016,-31.773472124999984,35.80942889583334,0.03420826161790014,-40.857789999999994,-1.6666666624587378e-06,264.4367833333333,295.038165,1434.5,38.0,0.8100383408853259,Heywood
V-SA,reverse,S_EAST/TRANS/T_2,South_East 2 275/132kV XFMR,,South East 275kV,SA1,central Mount Gambier,S-SECB6611_10,1,SNUG1 (-1.94); LKBONNY3 (-1.01); LKBONNY2 (-1.01); CNUNDAWF (-0.96); LKBONNY1 (-0.96); LBB1 (-0.92),Ladbroke Grove Power Station (31 km); Lake Bonney Wind Farm (39 km); Lake Bonney Battery (40 km); Canunda Wind Farm (43 km),K2,S-SECB6611_10,supported,29.77552750000001,7.808283001101511,-5.227955000000065,79.96743366666665,0.023450946643717732,38.30081291666666,-2.5000000505315256e-06,237.847235,205.83228833333334,1434.5,38.0,0.8100383408853259,Heywood
V-SA,forward,TEMPLE/LINE/N/A,Roseworthy Templers 132kV LINE,132.0,Templers 132kV,SA1,south-west of Robertstown (52 km),S-TPRS,6,GSWF1A (-3.60); GSWF1B1 (-3.60); HALLWF2 (-3.33); MWPS1PV1 (-3.13); MWPS2PV1 (-3.13); MWPS3PV1 (-3.13),Templers BESS (1 km); Angaston Power Station (24 km); Bolivar Wastewater Treatment Plant Solar Farm (39 km); Snapper Point Power Station (41 km); Pelican Point Power Station (42 km); Quarantine Power Station (42 km); Barker Inlet Power Station (44 km); Torrens Island Battery (44 km); Osborne Power Station (44 km); Torrens Island Power Station (44 km); Dry Creek Power Station (46 km),K1xK2,TEMPLE/LINE/N/A × S-TPRS,indicative,-89.19775333333331,-21.67363751656655,-158.50513166666667,-4.486238333333347,0.0,-79.63951833333334,33.31373333333334,221.74699999999999,279.542415,349.5,4.0,0.7625178826895566,Heywood
V-SA,reverse,TEMPLE/LINE/N/A,Roseworthy Templers 132kV LINE,132.0,Templers 132kV,SA1,south-west of Robertstown (52 km),S-TPRS,6,GSWF1A (-3.60); GSWF1B1 (-3.60); HALLWF2 (-3.33); MWPS1PV1 (-3.13); MWPS2PV1 (-3.13); MWPS3PV1 (-3.13),Templers BESS (1 km); Angaston Power Station (24 km); Bolivar Wastewater Treatment Plant Solar Farm (39 km); Snapper Point Power Station (41 km); Pelican Point Power Station (42 km); Quarantine Power Station (42 km); Barker Inlet Power Station (44 km); Torrens Island Battery (44 km); Osborne Power Station (44 km); Torrens Island Power Station (44 km); Dry Creek Power Station (46 km),K1xK2,TEMPLE/LINE/N/A × S-TPRS,indicative,-14.287608333333353,-2.8921042391505236,-93.11749333333336,54.735084999999984,0.0,91.94385666666669,-73.90849833333334,293.07306,402.0664433333333,349.5,4.0,0.7625178826895566,Heywood
V-SA,forward,TIPS_A/CB/AC2,TIPS_A AC2 275kV CB,275.0,Torrens A Ps 275kV,SA1,,S-X_MGTI+PATI,1,BOWWPV1 (-1.11); BOWWBA1 (-1.11); BOLIVPS1 (-1.11); SNOWSTH1 (-1.04); TEMPB1 (-1.04); BLYTHB1 (-1.04),,K2,S-X_MGTI+PATI,supported,47.78857000000005,9.781807557714398,-36.477874999999926,228.21321666666663,0.05797101449275362,132.8877683333333,-43.304419999999936,451.00916,288.20775333333336,112.0,19.0,0.9241071428571429,Heywood
V-SA,reverse,TIPS_A/CB/AC2,TIPS_A AC2 275kV CB,275.0,Torrens A Ps 275kV,SA1,,S-X_MGTI+PATI,1,BOWWPV1 (-1.11); BOWWBA1 (-1.11); BOLIVPS1 (-1.11); SNOWSTH1 (-1.04); TEMPB1 (-1.04); BLYTHB1 (-1.04),,K2,S-X_MGTI+PATI,supported,-56.78184833333336,-11.213394223314308,-219.00847483333334,-7.659819999999968,0.053140096618357474,-129.31694166666668,12.200839999999985,230.33105666666665,416.106045,112.0,19.0,0.9241071428571429,Heywood
V-SA,forward,TIPS_A/CB/AW2,TIPS_A AW2 275kV CB,275.0,Torrens A Ps 275kV,SA1,,S-X_MGTI+PATI,1,BOWWPV1 (-1.11); BOWWBA1 (-1.11); BOLIVPS1 (-1.11); SNOWSTH1 (-1.04); TEMPB1 (-1.04); BLYTHB1 (-1.04),,K2,S-X_MGTI+PATI,supported,47.78857000000005,9.781807557714398,-36.477874999999926,228.21321666666663,0.05797101449275362,132.8877683333333,-43.304419999999936,451.00916,288.20775333333336,112.0,19.0,0.9241071428571429,Heywood
V-SA,reverse,TIPS_A/CB/AW2,TIPS_A AW2 275kV CB,275.0,Torrens A Ps 275kV,SA1,,S-X_MGTI+PATI,1,BOWWPV1 (-1.11); BOWWBA1 (-1.11); BOLIVPS1 (-1.11); SNOWSTH1 (-1.04); TEMPB1 (-1.04); BLYTHB1 (-1.04),,K2,S-X_MGTI+PATI,supported,-56.78184833333336,-11.213394223314308,-219.00847483333334,-7.659819999999968,0.053140096618357474,-129.31694166666668,12.200839999999985,230.33105666666665,416.106045,112.0,19.0,0.9241071428571429,Heywood
V-SA,forward,TIPS_A/LINE/PARTOA_4,Para 275kV Trrns_A_PS 275kV LINE,275.0,Torrens A Ps 275kV,SA1,,S-X_MGTI+PATI,14,BOWWPV1 (-1.11); BOWWBA1 (-1.11); BOLIVPS1 (-1.11); SNOWSTH1 (-1.04); TEMPB1 (-1.04); BLYTHB1 (-1.04),,K1xK2,TIPS_A/LINE/PARTOA_4 × S-X_MGTI+PATI,supported,175.11552666666665,34.298716442076675,-45.2946266666666,336.94026666666673,0.0,134.39338166666667,-22.478806666666657,436.97021,181.50485166666667,69.0,10.0,0.8768115942028986,Heywood
V-SA,reverse,TIPS_A/LINE/PARTOA_4,Para 275kV Trrns_A_PS 275kV LINE,275.0,Torrens A Ps 275kV,SA1,,S-X_MGTI+PATI,14,BOWWPV1 (-1.11); BOWWBA1 (-1.11); BOLIVPS1 (-1.11); SNOWSTH1 (-1.04); TEMPB1 (-1.04); BLYTHB1 (-1.04),,K1xK2,TIPS_A/LINE/PARTOA_4 × S-X_MGTI+PATI,supported,-82.37360916666665,-17.415933937676616,-330.0019075,6.151528333333317,0.0,-134.39338166666667,10.71817666666658,173.69498666666667,332.28440750000004,69.0,10.0,0.8768115942028986,Heywood
V-SA,forward,TUMUT3/LINE/051,Lwr Tumut Wagga 051 330kV LINE,330.0,Lower Tumut,NSW1,south-west of Canberra (84 km),N-LTWG_63|N-LTWG_RADIAL|N-LTWG_X5,7,COHUNSF1 (+5.43); GANNB1 (+5.43); KERNGSP1 (+5.43); GANNSF1 (+5.43); KESSB1 (+5.25); ARWF1 (+5.15),Tumut 3 Power Station (1 km); Jounama Small Hydro Power Station (5 km); Blowering Power Station (23 km); Tumut 2 Power Station (32 km); Tumut 1 Power Station (39 km),K1,TUMUT3/LINE/051,indicative,-11.093858333333316,-2.7669028904218367,-73.01148666666667,87.02597999999999,0.0,-101.89151833333332,61.191758333333325,249.65836833333333,220.67165500000002,86.5,4.0,0.7687861271676301,Heywood
V-SA,reverse,TUMUT3/LINE/051,Lwr Tumut Wagga 051 330kV LINE,330.0,Lower Tumut,NSW1,south-west of Canberra (84 km),N-LTWG_63|N-LTWG_RADIAL|N-LTWG_X5,7,COHUNSF1 (+5.43); GANNB1 (+5.43); KERNGSP1 (+5.43); GANNSF1 (+5.43); KESSB1 (+5.25); ARWF1 (+5.15),Tumut 3 Power Station (1 km); Jounama Small Hydro Power Station (5 km); Blowering Power Station (23 km); Tumut 2 Power Station (32 km); Tumut 1 Power Station (39 km),K1,TUMUT3/LINE/051,indicative,208.66863833333335,61.18087163134195,80.17502000000003,475.94718166666667,0.0,101.89151833333332,149.9173566666666,503.7857966666667,168.84615166666666,86.5,4.0,0.7687861271676301,Heywood
V-SA,forward,TUNKIL/LINE/N/A,MtBarkerS-Tungkillo 275kV LINE,275.0,Tungkillo,SA1,north-west of Murray Bridge (33 km),S-TBSE,1,DARTM1 (+2.68); MCKAY1 (+2.68); WKIEWA1 (+2.68); MURRAY (+2.16); SNUG1 (-1.66); SNAPPER1 (-1.40),Mannum PPS.2 solar farm (10 km); Mannum PPS.3 solar farm (12 km); Mannum Solar Farm (19 km); Murray Bridge-Onkaparinga Pipeline No. 2 Pump Solar Farm (28 km); Mannum Solar Farm Stage 1 (30 km); Angaston Power Station (42 km); Dry Creek Power Station (44 km); Bolivar Wastewater Treatment Plant Solar Farm (45 km); Torrens Island Power Station (50 km); Barker Inlet Power Station (50 km); Torrens Isla,K3,TUNKIL,supported,-235.05617458333336,-57.25534804994548,-301.89433916666667,-144.0066690416667,0.0,-11.357159583333335,-141.7622004166667,164.66912166666668,444.24293374999996,1079.0,34.0,0.6997219647822057,Heywood
V-SA,reverse,TUNKIL/LINE/N/A,MtBarkerS-Tungkillo 275kV LINE,275.0,Tungkillo,SA1,north-west of Murray Bridge (33 km),S-TBSE,1,DARTM1 (+2.68); MCKAY1 (+2.68); WKIEWA1 (+2.68); MURRAY (+2.16); SNUG1 (-1.66); SNAPPER1 (-1.40),Mannum PPS.2 solar farm (10 km); Mannum PPS.3 solar farm (12 km); Mannum Solar Farm (19 km); Murray Bridge-Onkaparinga Pipeline No. 2 Pump Solar Farm (28 km); Mannum Solar Farm Stage 1 (30 km); Angaston Power Station (42 km); Dry Creek Power Station (44 km); Bolivar Wastewater Treatment Plant Solar Farm (45 km); Torrens Island Power Station (50 km); Barker Inlet Power Station (50 km); Torrens Isla,K2,S-TBSE,supported,-200.70085916666667,-53.28933038452138,-277.677384625,-118.16037008333333,0.0729527104959631,14.022036666666668,-167.64352083333333,115.53200833333335,330.0378891666667,1023.0,48.0,0.8475073313782991,Heywood
V-SA,forward,TUNKIL/LINE/PARTUN_2,Tungkillo-Para No.2 275kV LINE,275.0,Tungkillo,SA1,north-west of Murray Bridge (33 km),S-PA_VC1,1,SNUG1 (-2.09); CNUNDAWF (-1.30); LKBONNY2 (-1.01); LKBONNY3 (-1.01); LKBONNY1 (-1.01); LBB1 (-0.92),Mannum PPS.2 solar farm (10 km); Mannum PPS.3 solar farm (12 km); Mannum Solar Farm (19 km); Murray Bridge-Onkaparinga Pipeline No. 2 Pump Solar Farm (28 km); Mannum Solar Farm Stage 1 (30 km); Angaston Power Station (42 km); Dry Creek Power Station (44 km); Bolivar Wastewater Treatment Plant Solar Farm (45 km); Torrens Island Power Station (50 km); Barker Inlet Power Station (50 km); Torrens Isla,K2,S-PA_VC1,supported,-10.369869999999992,-2.383100543629024,-48.71890329166661,22.62112000000002,0.09451219512195119,16.931218333333348,-17.474746666666586,402.27316583333334,390.61133375,569.5,21.0,0.8639157155399473,Heywood
V-SA,reverse,TUNKIL/LINE/PARTUN_2,Tungkillo-Para No.2 275kV LINE,275.0,Tungkillo,SA1,north-west of Murray Bridge (33 km),S-PA_VC1,1,SNUG1 (-2.09); CNUNDAWF (-1.30); LKBONNY2 (-1.01); LKBONNY3 (-1.01); LKBONNY1 (-1.01); LBB1 (-0.92),Mannum PPS.2 solar farm (10 km); Mannum PPS.3 solar farm (12 km); Mannum Solar Farm (19 km); Murray Bridge-Onkaparinga Pipeline No. 2 Pump Solar Farm (28 km); Mannum Solar Farm Stage 1 (30 km); Angaston Power Station (42 km); Dry Creek Power Station (44 km); Bolivar Wastewater Treatment Plant Solar Farm (45 km); Torrens Island Power Station (50 km); Barker Inlet Power Station (50 km); Torrens Isla,K2,S-PA_VC1,supported,-61.712803750000006,-12.938081217971273,-86.67348745833334,-1.7393593750000582,0.06046747967479675,-19.154759166666672,-12.935933750000007,259.6410158333333,308.01148666666666,569.5,21.0,0.8639157155399473,Heywood
V-SA,forward,TUNKIL/LINE/ROBTUN_1,Tungkillo-Robertstwn 1 275kV LINE,275.0,Tungkillo,SA1,north-west of Murray Bridge (33 km),S-RBTU|S-X_BRMN_RBTU,10,WATERLWF (-6.62); MINTARO (-6.62); MWPS4PV1 (-6.45); MWPS2PV1 (-5.37); MWPS1PV1 (-5.37); MWPS3PV1 (-5.37),Mannum PPS.2 solar farm (10 km); Mannum PPS.3 solar farm (12 km); Mannum Solar Farm (19 km); Murray Bridge-Onkaparinga Pipeline No. 2 Pump Solar Farm (28 km); Mannum Solar Farm Stage 1 (30 km); Angaston Power Station (42 km); Dry Creek Power Station (44 km); Bolivar Wastewater Treatment Plant Solar Farm (45 km); Torrens Island Power Station (50 km); Barker Inlet Power Station (50 km); Torrens Isla,K1xK2,TUNKIL/LINE/ROBTUN_1 × S-RBTU,supported,-29.01168666666672,-5.682326595633564,-102.1422316666667,250.6829566666667,0.0,-250.925795,242.65536666666662,333.6076316666667,297.65973333333335,56.5,7.0,0.9823008849557522,Heywood
V-SA,reverse,TUNKIL/LINE/ROBTUN_1,Tungkillo-Robertstwn 1 275kV LINE,275.0,Tungkillo,SA1,north-west of Murray Bridge (33 km),S-RBTU|S-X_BRMN_RBTU,10,WATERLWF (-6.62); MINTARO (-6.62); MWPS4PV1 (-6.45); MWPS2PV1 (-5.37); MWPS1PV1 (-5.37); MWPS3PV1 (-5.37),Mannum PPS.2 solar farm (10 km); Mannum PPS.3 solar farm (12 km); Mannum Solar Farm (19 km); Murray Bridge-Onkaparinga Pipeline No. 2 Pump Solar Farm (28 km); Mannum Solar Farm Stage 1 (30 km); Angaston Power Station (42 km); Dry Creek Power Station (44 km); Bolivar Wastewater Treatment Plant Solar Farm (45 km); Torrens Island Power Station (50 km); Barker Inlet Power Station (50 km); Torrens Isla,K1xK2,TUNKIL/LINE/ROBTUN_1 × S-RBTU,supported,76.03569000000002,15.711243210585678,-42.14496499999996,118.37,0.0,269.64429333333334,-238.11989,397.64924666666667,271.14230833333335,56.5,7.0,0.9823008849557522,Heywood
V-SA,forward,TUNKIL/LINE/ROBTUN_2,Tungkillo-Robertstwn 2 275kV LINE,275.0,Tungkillo,SA1,north-west of Murray Bridge (33 km),S-RBTU|S-X_BRMN_RBTU,8,WATERLWF (-6.62); MINTARO (-6.62); MWPS4PV1 (-6.45); MWPS2PV1 (-5.37); MWPS1PV1 (-5.37); MWPS3PV1 (-5.37),Mannum PPS.2 solar farm (10 km); Mannum PPS.3 solar farm (12 km); Mannum Solar Farm (19 km); Murray Bridge-Onkaparinga Pipeline No. 2 Pump Solar Farm (28 km); Mannum Solar Farm Stage 1 (30 km); Angaston Power Station (42 km); Dry Creek Power Station (44 km); Bolivar Wastewater Treatment Plant Solar Farm (45 km); Torrens Island Power Station (50 km); Barker Inlet Power Station (50 km); Torrens Isla,K2,S-X_BRMN_RBTU,supported,5.566455000000019,1.0902646114070862,-87.75248000000005,99.18421999999993,0.033663366336633666,179.49483666666666,-142.74895666666663,460.1000000000001,487.83200000000005,356.0,5.0,0.7092696629213483,Heywood
V-SA,reverse,TUNKIL/LINE/ROBTUN_2,Tungkillo-Robertstwn 2 275kV LINE,275.0,Tungkillo,SA1,north-west of Murray Bridge (33 km),S-RBTU|S-X_BRMN_RBTU,8,WATERLWF (-6.62); MINTARO (-6.62); MWPS4PV1 (-6.45); MWPS2PV1 (-5.37); MWPS1PV1 (-5.37); MWPS3PV1 (-5.37),Mannum PPS.2 solar farm (10 km); Mannum PPS.3 solar farm (12 km); Mannum Solar Farm (19 km); Murray Bridge-Onkaparinga Pipeline No. 2 Pump Solar Farm (28 km); Mannum Solar Farm Stage 1 (30 km); Angaston Power Station (42 km); Dry Creek Power Station (44 km); Bolivar Wastewater Treatment Plant Solar Farm (45 km); Torrens Island Power Station (50 km); Barker Inlet Power Station (50 km); Torrens Isla,K2,S-X_BRMN_RBTU,supported,-12.147979999999961,-2.568400477975287,-65.75292999999994,55.053711916666686,-0.0009900990099009892,-195.03378666666666,172.8516075,371.354965,375.41000333333335,356.0,5.0,0.7092696629213483,Heywood
V-SA,forward,TUNKIL/LINE/TUNTAB_1,Tungkillo-Tailem_Bnd 1 275kV LINE,275.0,Tungkillo,SA1,north-west of Murray Bridge (33 km),S-TB132_E_BUS|S-TB275_E_BUS|S-TB275_W_BUS|S-TBSE|S-TBTU|S-X_TBTU+BDBU,23,TB2SF1 (-10.58); TBSF1 (-10.58); TB2B1 (-10.58); MCKAY1 (+2.68); DARTM1 (+2.68); WKIEWA1 (+2.68),Mannum PPS.2 solar farm (10 km); Mannum PPS.3 solar farm (12 km); Mannum Solar Farm (19 km); Murray Bridge-Onkaparinga Pipeline No. 2 Pump Solar Farm (28 km); Mannum Solar Farm Stage 1 (30 km); Angaston Power Station (42 km); Dry Creek Power Station (44 km); Bolivar Wastewater Treatment Plant Solar Farm (45 km); Torrens Island Power Station (50 km); Barker Inlet Power Station (50 km); Torrens Isla,K1xK2,TUNKIL/LINE/TUNTAB_1 × S-TBTU,supported,-258.29504375,-64.06269656022776,-306.82997925000006,-168.93888391666673,0.0,-10.690746666666683,-141.47689333333332,161.4597675,425.74531666666667,656.5,16.0,0.7006854531607006,Heywood
V-SA,reverse,TUNKIL/LINE/TUNTAB_1,Tungkillo-Tailem_Bnd 1 275kV LINE,275.0,Tungkillo,SA1,north-west of Murray Bridge (33 km),S-TB132_E_BUS|S-TB275_E_BUS|S-TB275_W_BUS|S-TBSE|S-TBTU|S-X_TBTU+BDBU,23,TB2SF1 (-10.58); TBSF1 (-10.58); TB2B1 (-10.58); MCKAY1 (+2.68); DARTM1 (+2.68); WKIEWA1 (+2.68),Mannum PPS.2 solar farm (10 km); Mannum PPS.3 solar farm (12 km); Mannum Solar Farm (19 km); Murray Bridge-Onkaparinga Pipeline No. 2 Pump Solar Farm (28 km); Mannum Solar Farm Stage 1 (30 km); Angaston Power Station (42 km); Dry Creek Power Station (44 km); Bolivar Wastewater Treatment Plant Solar Farm (45 km); Torrens Island Power Station (50 km); Barker Inlet Power Station (50 km); Torrens Isla,K1,TUNKIL/LINE/TUNTAB_1,supported,-203.22444083333335,-52.75584630971818,-317.70937000000004,-67.63253691666661,0.0,58.38224916666668,-201.00836833333332,139.35554166666668,400.103075,671.5,17.0,0.6775874906924795,Heywood
V-SA,forward,TUNKIL/LINE/TUNTAB_2,Tungkillo-Tailem_Bnd 2 275kV LINE,275.0,Tungkillo,SA1,north-west of Murray Bridge (33 km),I-BDBU_ONE|S-TBTU|S-X_TBTU+BDBU,9,TB2B1 (-13.42); TBSF1 (-13.42); TB2SF1 (-13.42); LADBROK2 (+4.07); LADBROK1 (+4.07); MBPS2PV1 (+2.26),Mannum PPS.2 solar farm (10 km); Mannum PPS.3 solar farm (12 km); Mannum Solar Farm (19 km); Murray Bridge-Onkaparinga Pipeline No. 2 Pump Solar Farm (28 km); Mannum Solar Farm Stage 1 (30 km); Angaston Power Station (42 km); Dry Creek Power Station (44 km); Bolivar Wastewater Treatment Plant Solar Farm (45 km); Torrens Island Power Station (50 km); Barker Inlet Power Station (50 km); Torrens Isla,K1xK2,TUNKIL/LINE/TUNTAB_2 × S-TBTU,supported,-323.1786833333333,-80.60352008921376,-400.0399941249999,-219.96557083333335,0.0,-12.880225000000003,-143.27431833333335,66.413,359.25891,192.0,6.0,0.8098958333333334,Heywood
V-SA,reverse,TUNKIL/LINE/TUNTAB_2,Tungkillo-Tailem_Bnd 2 275kV LINE,275.0,Tungkillo,SA1,north-west of Murray Bridge (33 km),I-BDBU_ONE|S-TBTU|S-X_TBTU+BDBU,9,TB2B1 (-13.42); TBSF1 (-13.42); TB2SF1 (-13.42); LADBROK2 (+4.07); LADBROK1 (+4.07); MBPS2PV1 (+2.26),Mannum PPS.2 solar farm (10 km); Mannum PPS.3 solar farm (12 km); Mannum Solar Farm (19 km); Murray Bridge-Onkaparinga Pipeline No. 2 Pump Solar Farm (28 km); Mannum Solar Farm Stage 1 (30 km); Angaston Power Station (42 km); Dry Creek Power Station (44 km); Bolivar Wastewater Treatment Plant Solar Farm (45 km); Torrens Island Power Station (50 km); Barker Inlet Power Station (50 km); Torrens Isla,K1xK2,TUNKIL/LINE/TUNTAB_2 × S-TBTU,supported,-184.72999166666668,-53.042698792145615,-318.4889033333333,-62.505285499999985,0.0,2.863013333333356,-194.86597916666668,146.98979333333332,344.67025,192.0,6.0,0.8098958333333334,Heywood
V-SA,forward,T_BEND/BUS/EB,Tailem_Bnd E 275kV BUS,275.0,Tailem Bend 275kV,SA1,south-east of Murray Bridge (26 km),S-TB275_E_BUS,1,TBSF1 (-1.88); TB2SF1 (-1.88); TB2B1 (-1.88); SNUG1 (-1.74); MBPS2PV1 (+1.39); CNUNDAWF (-1.30),Tailem Bend Solar Power Project (1 km); Mannum Solar Farm Stage 1 (29 km); Murray Bridge-Onkaparinga Pipeline No. 2 Pump Solar Farm (32 km); Mannum Solar Farm (45 km),none,,unsupported,,,,,,,,,,,,,Heywood
V-SA,reverse,T_BEND/BUS/EB,Tailem_Bnd E 275kV BUS,275.0,Tailem Bend 275kV,SA1,south-east of Murray Bridge (26 km),S-TB275_E_BUS,1,TBSF1 (-1.88); TB2SF1 (-1.88); TB2B1 (-1.88); SNUG1 (-1.74); MBPS2PV1 (+1.39); CNUNDAWF (-1.30),Tailem Bend Solar Power Project (1 km); Mannum Solar Farm Stage 1 (29 km); Murray Bridge-Onkaparinga Pipeline No. 2 Pump Solar Farm (32 km); Mannum Solar Farm (45 km),none,,unsupported,,,,,,,,,,,,,Heywood
V-SA,forward,T_BEND/BUS/WB,Tailem_Bnd W 275kV BUS,275.0,Tailem Bend 275kV,SA1,south-east of Murray Bridge (26 km),S-TB275_W_BUS|S-TB275_W_BUS_BC-2CP|S-TBSE,10,TBSF1 (-10.58); TB2B1 (-10.58); TB2SF1 (-10.58); MCKAY1 (+2.68); WKIEWA1 (+2.68); DARTM1 (+2.68),Tailem Bend Solar Power Project (1 km); Mannum Solar Farm Stage 1 (29 km); Murray Bridge-Onkaparinga Pipeline No. 2 Pump Solar Farm (32 km); Mannum Solar Farm (45 km),K1xK2,T_BEND/BUS/WB × S-TB275_W_BUS,supported,43.37545499999993,10.76443905386876,-46.137005000000045,197.99318833333334,0.0,125.03791333333332,2.2054416666666725,431.88472333333334,265.5551266666667,379.0,8.0,0.8773087071240105,Heywood
V-SA,reverse,T_BEND/BUS/WB,Tailem_Bnd W 275kV BUS,275.0,Tailem Bend 275kV,SA1,south-east of Murray Bridge (26 km),S-TB275_W_BUS|S-TB275_W_BUS_BC-2CP|S-TBSE,10,TBSF1 (-10.58); TB2B1 (-10.58); TB2SF1 (-10.58); MCKAY1 (+2.68); WKIEWA1 (+2.68); DARTM1 (+2.68),Tailem Bend Solar Power Project (1 km); Mannum Solar Farm Stage 1 (29 km); Murray Bridge-Onkaparinga Pipeline No. 2 Pump Solar Farm (32 km); Mannum Solar Farm (45 km),K1xK2,T_BEND/BUS/WB × S-TB275_W_BUS,supported,-3.27795500000002,-0.6930453613507398,-93.50068166666671,71.86648495833327,0.0,-101.8541066666667,-8.343504999999993,281.6308933333333,226.73675333333335,379.0,8.0,0.8773087071240105,Heywood
V-SA,forward,T_BEND/CAP/C_64,Tailem_Bnd 64 275kV CAP,275.0,Tailem Bend 275kV,SA1,south-east of Murray Bridge (26 km),S-TBCP1,14,SNUG1 (-1.58); CNUNDAWF (-1.30); LKBONNY3 (-1.01); LKBONNY2 (-1.01); LBB1 (-0.92); LKBONNY1 (-0.88),Tailem Bend Solar Power Project (1 km); Mannum Solar Farm Stage 1 (29 km); Murray Bridge-Onkaparinga Pipeline No. 2 Pump Solar Farm (32 km); Mannum Solar Farm (45 km),none,,unsupported,,,,,,,,,,,,,Heywood
V-SA,reverse,T_BEND/CAP/C_64,Tailem_Bnd 64 275kV CAP,275.0,Tailem Bend 275kV,SA1,south-east of Murray Bridge (26 km),S-TBCP1,14,SNUG1 (-1.58); CNUNDAWF (-1.30); LKBONNY3 (-1.01); LKBONNY2 (-1.01); LBB1 (-0.92); LKBONNY1 (-0.88),Tailem Bend Solar Power Project (1 km); Mannum Solar Farm Stage 1 (29 km); Murray Bridge-Onkaparinga Pipeline No. 2 Pump Solar Farm (32 km); Mannum Solar Farm (45 km),none,,unsupported,,,,,,,,,,,,,Heywood
V-SA,forward,T_BEND/CB/CB6535,T_BEND 6535 275kV CB,275.0,Tailem Bend 275kV,SA1,south-east of Murray Bridge (26 km),S-TBTU,1,SNUG1 (-1.89); PPCCGT (-1.40); DRYCNL3 (-1.40); TORRB4 (-1.40); TORRB2 (-1.40); BARKIPS1 (-1.40),Tailem Bend Solar Power Project (1 km); Mannum Solar Farm Stage 1 (29 km); Murray Bridge-Onkaparinga Pipeline No. 2 Pump Solar Farm (32 km); Mannum Solar Farm (45 km),K2,S-TBTU,supported,-144.19810666666666,-35.79366991051765,-235.1265886875,-73.76965833333338,0.1657068062827225,11.290101666666686,-72.82884999999999,196.6779166666667,405.9299575,1285.0,22.0,0.7431906614785992,Heywood
V-SA,reverse,T_BEND/CB/CB6535,T_BEND 6535 275kV CB,275.0,Tailem Bend 275kV,SA1,south-east of Murray Bridge (26 km),S-TBTU,1,SNUG1 (-1.89); PPCCGT (-1.40); DRYCNL3 (-1.40); TORRB4 (-1.40); TORRB2 (-1.40); BARKIPS1 (-1.40),Tailem Bend Solar Power Project (1 km); Mannum Solar Farm Stage 1 (29 km); Murray Bridge-Onkaparinga Pipeline No. 2 Pump Solar Farm (32 km); Mannum Solar Farm (45 km),K2,S-TBTU,supported,-143.2483525,-34.26168809193707,-213.41685170833333,-71.48341204166665,0.08507853403141362,-4.012871666666671,-148.67960833333333,153.92955583333332,374.05973708333335,1285.0,22.0,0.7431906614785992,Heywood
V-SA,forward,T_BEND/CB/CB6536,T_BEND 6536 275kV CB,275.0,Tailem Bend 275kV,SA1,south-east of Murray Bridge (26 km),S-TB275_W_BUS|S-TB275_W_BUS_BC-2CP|S-TBTU|S-TB_CB6536|S-X_KNPW+CB36_BC-2CP,33,TB2SF1 (-14.25); TB2B1 (-14.25); TBSF1 (-14.25); MBPS2PV1 (+3.49); MANNUMB1 (+3.19); MANNSF2 (+3.19),Tailem Bend Solar Power Project (1 km); Mannum Solar Farm Stage 1 (29 km); Murray Bridge-Onkaparinga Pipeline No. 2 Pump Solar Farm (32 km); Mannum Solar Farm (45 km),K1xK2,T_BEND/CB/CB6536 × S-TB_CB6536,supported,-13.91549999999998,-2.7255366656220588,-102.86508249999997,58.84974066666645,0.0,-20.204503333333378,-47.47428624999992,334.60054249999996,343.0905,158.0,22.0,0.879746835443038,Heywood
V-SA,reverse,T_BEND/CB/CB6536,T_BEND 6536 275kV CB,275.0,Tailem Bend 275kV,SA1,south-east of Murray Bridge (26 km),S-TB275_W_BUS|S-TB275_W_BUS_BC-2CP|S-TBTU|S-TB_CB6536|S-X_KNPW+CB36_BC-2CP,33,TB2SF1 (-14.25); TB2B1 (-14.25); TBSF1 (-14.25); MBPS2PV1 (+3.49); MANNUMB1 (+3.19); MANNSF2 (+3.19),Tailem Bend Solar Power Project (1 km); Mannum Solar Farm Stage 1 (29 km); Murray Bridge-Onkaparinga Pipeline No. 2 Pump Solar Farm (32 km); Mannum Solar Farm (45 km),K1,T_BEND/CB/CB6536,supported,-95.84759249999999,-21.07844405811721,-167.89025166666664,-6.219443333333345,0.0,64.83367166666667,-127.19016916666673,302.02726416666667,321.563785,197.0,27.0,0.8426395939086294,Heywood
V-SA,forward,T_BEND/CB/CB6596,T_BEND 6596 275kV CB,275.0,Tailem Bend 275kV,SA1,south-east of Murray Bridge (26 km),S-TB275_W_BUS|S-TB275_W_BUS_BC-2CP|S-TB_CB6596,43,TBSF1 (-10.58); TB2B1 (-10.58); TB2SF1 (-10.58); LADBROK1 (-2.56); LADBROK2 (-2.56); MBPS2PV1 (+2.18),Tailem Bend Solar Power Project (1 km); Mannum Solar Farm Stage 1 (29 km); Murray Bridge-Onkaparinga Pipeline No. 2 Pump Solar Farm (32 km); Mannum Solar Farm (45 km),K1xK2,T_BEND/CB/CB6596 × S-TB_CB6596,supported,93.03138416666667,23.124478875101957,30.783721041666716,157.59114281250004,0.0,52.30522750000003,0.0002649999999899677,229.2998616666667,83.86753333333333,400.0,12.0,0.895,Heywood
V-SA,reverse,T_BEND/CB/CB6596,T_BEND 6596 275kV CB,275.0,Tailem Bend 275kV,SA1,south-east of Murray Bridge (26 km),S-TB275_W_BUS|S-TB275_W_BUS_BC-2CP|S-TB_CB6596,43,TBSF1 (-10.58); TB2B1 (-10.58); TB2SF1 (-10.58); LADBROK1 (-2.56); LADBROK2 (-2.56); MBPS2PV1 (+2.18),Tailem Bend Solar Power Project (1 km); Mannum Solar Farm Stage 1 (29 km); Murray Bridge-Onkaparinga Pipeline No. 2 Pump Solar Farm (32 km); Mannum Solar Farm (45 km),K2,S-TB275_W_BUS_BC-2CP,supported,-98.14746416666665,-28.776472852285586,-210.99750166666666,88.88034833333336,0.015822784810126583,-42.27478458333334,-160.617255,332.34204166666666,395.38186583333334,85.0,5.0,0.9294117647058824,Heywood
V-SA,forward,T_BEND/TRANS/T_4,Tailem_Bnd 4 275/132kV XFMR,,Tailem Bend 275kV,SA1,south-east of Murray Bridge (26 km),S-TB132_E_BUS|S-TB275_E_BUS|S-TBTX4,7,TBSF1 (-1.88); TB2SF1 (-1.88); TB2B1 (-1.88); SNUG1 (-1.74); MBPS2PV1 (+1.39); CNUNDAWF (-1.30),Tailem Bend Solar Power Project (1 km); Mannum Solar Farm Stage 1 (29 km); Murray Bridge-Onkaparinga Pipeline No. 2 Pump Solar Farm (32 km); Mannum Solar Farm (45 km),K1xK2,T_BEND/TRANS/T_4 × S-TB275_E_BUS,indicative,5.399279999999976,1.057521153243493,-105.04797000000002,102.11181500000009,0.0,-224.03290666666663,146.6927033333332,508.1704291666666,460.1000000000001,76.0,3.0,0.4868421052631579,Heywood
V-SA,reverse,T_BEND/TRANS/T_4,Tailem_Bnd 4 275/132kV XFMR,,Tailem Bend 275kV,SA1,south-east of Murray Bridge (26 km),S-TB132_E_BUS|S-TB275_E_BUS|S-TBTX4,7,TBSF1 (-1.88); TB2SF1 (-1.88); TB2B1 (-1.88); SNUG1 (-1.74); MBPS2PV1 (+1.39); CNUNDAWF (-1.30),Tailem Bend Solar Power Project (1 km); Mannum Solar Farm Stage 1 (29 km); Murray Bridge-Onkaparinga Pipeline No. 2 Pump Solar Farm (32 km); Mannum Solar Farm (45 km),K1xK2,T_BEND/TRANS/T_4 × S-TB275_E_BUS,indicative,24.595070833333352,5.200040803834845,-75.47922499999993,66.31919666666664,0.0,203.87655583333333,-162.73814000000004,387.8523391666667,390.6825825,76.0,3.0,0.4868421052631579,Heywood
V-SA,forward,WAGGA330/BUS/5A,Wagga A 330kV BUS,330.0,Wagga 330kV,NSW1,,N-LTWG_RADIAL|N-LTWG_X5,5,KERNGSP1 (+5.43); GANNSF1 (+5.43); COHUNSF1 (+5.43); GANNB1 (+5.43); KESSB1 (+5.25); ARWF1 (+5.15),,K3,WAGGA330,supported,2.391058333333376,0.5809892027657949,-37.30661500000001,45.61926499999993,0.0,2.2129933333333156,-46.21734333333336,399.45301,417.75341833333334,493.0,9.0,0.8995943204868154,Heywood
V-SA,reverse,WAGGA330/BUS/5A,Wagga A 330kV BUS,330.0,Wagga 330kV,NSW1,,N-LTWG_RADIAL|N-LTWG_X5,5,KERNGSP1 (+5.43); GANNSF1 (+5.43); COHUNSF1 (+5.43); GANNB1 (+5.43); KESSB1 (+5.25); ARWF1 (+5.15),,K3,WAGGA330,supported,13.461721666666676,2.5343175170540486,0.0,31.91147166666667,0.0,-14.186763333333346,49.940096666666705,521.09641,499.82777333333325,493.0,9.0,0.8995943204868154,Heywood
V-SA,forward,WAGGA330/BUS/5B1,Wagga B 330kV BUS,330.0,Wagga 330kV,NSW1,,N-JNWG_RADIAL|N-WGWA_63_X5,6,KERNGSP1 (+5.43); GANNB1 (+5.43); COHUNSF1 (+5.43); GANNSF1 (+5.43); KESSB1 (+5.25); ARWF1 (+5.15),,K3,WAGGA330,supported,2.391058333333376,0.5809892027657949,-37.30661500000001,45.61926499999993,0.0,2.2129933333333156,-46.21734333333336,399.45301,417.75341833333334,493.0,9.0,0.8995943204868154,Heywood
V-SA,reverse,WAGGA330/BUS/5B1,Wagga B 330kV BUS,330.0,Wagga 330kV,NSW1,,N-JNWG_RADIAL|N-WGWA_63_X5,6,KERNGSP1 (+5.43); GANNB1 (+5.43); COHUNSF1 (+5.43); GANNSF1 (+5.43); KESSB1 (+5.25); ARWF1 (+5.15),,K3,WAGGA330,supported,13.461721666666676,2.5343175170540486,0.0,31.91147166666667,0.0,-14.186763333333346,49.940096666666705,521.09641,499.82777333333325,493.0,9.0,0.8995943204868154,Heywood
V-SA,forward,WAGGA330/CB/3G2A,Wagga 3G2A 330kV CB,330.0,Wagga 330kV,NSW1,,N-WGWA_63_X5,1,KERNGSP1 (+5.43); GANNB1 (+5.43); COHUNSF1 (+5.43); GANNSF1 (+5.43); KESSB1 (+5.25); ARWF1 (+5.15),,K3,WAGGA330,supported,2.391058333333376,0.5809892027657949,-37.30661500000001,45.61926499999993,0.0,2.2129933333333156,-46.21734333333336,399.45301,417.75341833333334,493.0,9.0,0.8995943204868154,Heywood
V-SA,reverse,WAGGA330/CB/3G2A,Wagga 3G2A 330kV CB,330.0,Wagga 330kV,NSW1,,N-WGWA_63_X5,1,KERNGSP1 (+5.43); GANNB1 (+5.43); COHUNSF1 (+5.43); GANNSF1 (+5.43); KESSB1 (+5.25); ARWF1 (+5.15),,K3,WAGGA330,supported,13.461721666666676,2.5343175170540486,0.0,31.91147166666667,0.0,-14.186763333333346,49.940096666666705,521.09641,499.82777333333325,493.0,9.0,0.8995943204868154,Heywood
V-SA,forward,WAGGA330/LINE/3G,Wagga-CULC_SF 3G 330kV LINE,330.0,Wagga 330kV,NSW1,,N-WGWA_X5,2,KERNGSP1 (+5.43); GANNB1 (+5.43); COHUNSF1 (+5.43); GANNSF1 (+5.43); KESSB1 (+5.25); ARWF1 (+5.15),,K3,WAGGA330,supported,2.391058333333376,0.5809892027657949,-37.30661500000001,45.61926499999993,0.0,2.2129933333333156,-46.21734333333336,399.45301,417.75341833333334,493.0,9.0,0.8995943204868154,Heywood
V-SA,reverse,WAGGA330/LINE/3G,Wagga-CULC_SF 3G 330kV LINE,330.0,Wagga 330kV,NSW1,,N-WGWA_X5,2,KERNGSP1 (+5.43); GANNB1 (+5.43); COHUNSF1 (+5.43); GANNSF1 (+5.43); KESSB1 (+5.25); ARWF1 (+5.15),,K3,WAGGA330,supported,13.461721666666676,2.5343175170540486,0.0,31.91147166666667,0.0,-14.186763333333346,49.940096666666705,521.09641,499.82777333333325,493.0,9.0,0.8995943204868154,Heywood
V-SA,forward,WALAWALA/LINE/6Y,WALAWALA-Wagga330 6Y 330kV LINE,330.0,Walla Walla 330kV,NSW1,,N-WGWA_63|N-WGWA_63_X5|N-WGWA_X5,3,KERNGSP1 (+5.43); GANNB1 (+5.43); COHUNSF1 (+5.43); GANNSF1 (+5.43); KESSB1 (+5.25); ARWF1 (+5.15),,K2,N-WGWA_63_X5,indicative,7.296215000000004,1.7292923267661462,-155.0593030833333,289.33155341666657,0.11413043478260869,154.05807541666667,-113.42184333333331,258.4266875,156.65954416666665,174.5,4.0,0.7908309455587392,Heywood
V-SA,reverse,WALAWALA/LINE/6Y,WALAWALA-Wagga330 6Y 330kV LINE,330.0,Walla Walla 330kV,NSW1,,N-WGWA_63|N-WGWA_63_X5|N-WGWA_X5,3,KERNGSP1 (+5.43); GANNB1 (+5.43); COHUNSF1 (+5.43); GANNSF1 (+5.43); KESSB1 (+5.25); ARWF1 (+5.15),,K2,N-WGWA_63_X5,indicative,-2.087580416666725,-0.6120708435743305,-206.80521833333339,108.85679583333336,-0.034420289855072464,-131.83456416666667,10.727795833333374,436.5305166666667,425.74149000000006,174.5,4.0,0.7908309455587392,Heywood
V-SA,forward,WBTS/TRANS/B2TR,,,Waubra 220kV,VIC1,north-west of Ballarat (31 km),V-AR_WB_BA,2,COHUNSF1 (+5.00); GANNB1 (+5.00); GANNSF1 (+5.00); KERNGSP1 (+5.00); KESSB1 (+4.84); NUMURSF1 (-3.86),Waubra Wind Farm (1 km); Chepstowe Wind Farm (28 km); Stockyard Hill Wind Farm (32 km); Ballarat Energy Storage System (36 km); Challicum Hills Wind Farm (44 km); Hepburn Wind Project (46 km); Lal Lal (Yendon) Wind Farm (48 km); Crowlands Wind Farm (48 km),K2,V-AR_WB_BA,supported,42.348665000000004,9.399873198908388,6.161351999999994,103.38733383333333,0.03958333333333333,5.016064166666695,14.185224166666643,299.29837083333337,267.6060841666667,129.0,16.0,0.9302325581395349,Heywood
V-SA,reverse,WBTS/TRANS/B2TR,,,Waubra 220kV,VIC1,north-west of Ballarat (31 km),V-AR_WB_BA,2,COHUNSF1 (+5.00); GANNB1 (+5.00); GANNSF1 (+5.00); KERNGSP1 (+5.00); KESSB1 (+4.84); NUMURSF1 (-3.86),Waubra Wind Farm (1 km); Chepstowe Wind Farm (28 km); Stockyard Hill Wind Farm (32 km); Ballarat Energy Storage System (36 km); Challicum Hills Wind Farm (44 km); Hepburn Wind Project (46 km); Lal Lal (Yendon) Wind Farm (48 km); Crowlands Wind Farm (48 km),K2,V-AR_WB_BA,supported,18.075184166666673,3.3752532365720844,-30.790833333333353,60.00013924999993,0.14375,-9.259519166666706,4.1666665140382975e-07,420.73281499999996,425.2023520833333,129.0,16.0,0.9302325581395349,Heywood
V-SA,forward,WETS/LINE/KGTS_WETS_220,Kerang-Wemen 220kV LINE,220.0,Wemen 220kV,VIC1,,V-KG_WE_RC,3,ARWF1 (+4.98); CROWLWF1 (+4.92); BULGANA1 (+4.81); BULBES1 (+4.81); KIATAWF1 (+4.33); MUWAWF2 (+4.10),,K2,V-KG_WE_RC,supported,-15.115859999999998,-3.5815923803611005,-75.95923333333332,137.02665999999994,-0.014184397163120567,0.6004033333333334,-0.6004033333332472,314.1953766666666,251.40726166666664,78.0,7.0,0.9038461538461539,Heywood
V-SA,reverse,WETS/LINE/KGTS_WETS_220,Kerang-Wemen 220kV LINE,220.0,Wemen 220kV,VIC1,,V-KG_WE_RC,3,ARWF1 (+4.98); CROWLWF1 (+4.92); BULGANA1 (+4.81); BULBES1 (+4.81); KIATAWF1 (+4.33); MUWAWF2 (+4.10),,K2,V-KG_WE_RC,supported,1.3790983333333315,0.2581106051289511,-58.75622999999996,16.961949187499975,-0.06382978723404255,-0.6004033333333334,12.016665000000046,514.6765566666667,511.8422033333333,78.0,7.0,0.9038461538461539,Heywood
V-SA,forward,WETS/LINE/RCTS_WETS_220,Red Cliffs-Wemen 220kV LINE,220.0,Wemen 220kV,VIC1,,V-KG_WE_RC,9,ARWF1 (+4.98); CROWLWF1 (+4.92); BULGANA1 (+4.81); BULBES1 (+4.81); KIATAWF1 (+4.33); MUWAWF2 (+4.10),,K1xK2,WETS/LINE/RCTS_WETS_220 × V-KG_WE_RC,supported,0.0,0.0,-271.2336716666667,261.6649049999999,0.0,20.389691666666636,-27.176920833333384,337.568515,227.84877500000002,50.5,5.0,0.8613861386138614,Heywood
V-SA,reverse,WETS/LINE/RCTS_WETS_220,Red Cliffs-Wemen 220kV LINE,220.0,Wemen 220kV,VIC1,,V-KG_WE_RC,9,ARWF1 (+4.98); CROWLWF1 (+4.92); BULGANA1 (+4.81); BULBES1 (+4.81); KIATAWF1 (+4.33); MUWAWF2 (+4.10),,K1xK2,WETS/LINE/RCTS_WETS_220 × V-KG_WE_RC,supported,7.918133333333344,1.4752700990141174,-85.21813083333336,21.016359520833248,0.0,-24.692465000000027,38.547500000000014,536.515625,513.0749533333334,50.5,5.0,0.8613861386138614,Heywood
V-SA,forward,WILLAL/LINE/MOKWIL_1,Mokota-Willalo 275kV LINE,275.0,Willalo,SA1,,S-TBSE,1,DARTM1 (+2.68); MCKAY1 (+2.68); WKIEWA1 (+2.68); MURRAY (+2.16); SNUG1 (-1.66); SNAPPER1 (-1.40),,none,,unsupported,,,,,,,,,,,,,Heywood
V-SA,reverse,WILLAL/LINE/MOKWIL_1,Mokota-Willalo 275kV LINE,275.0,Willalo,SA1,,S-TBSE,1,DARTM1 (+2.68); MCKAY1 (+2.68); WKIEWA1 (+2.68); MURRAY (+2.16); SNUG1 (-1.66); SNAPPER1 (-1.40),,K2,S-TBSE,supported,-200.70085916666667,-53.28933038452138,-277.677384625,-118.16037008333333,0.0729527104959631,14.022036666666668,-167.64352083333333,115.53200833333335,330.0378891666667,1023.0,48.0,0.8475073313782991,Heywood
VIC1-NSW1,forward,3L/LINE/3L,CollctorWF-Yass 3L 330kV LINE,330.0,,,,N-CNLT_07|N-CTYS_3L_WG_CLOSE|N-X_3L+07_WG_CLOSE|N-X_3L+11_WG_CLOSE|N-X_3L+2_WG_CLOSE,8,JEMALNG1 (+11.38); PARSF1 (+8.08); QPSFB2 (+8.08); QPSFB1 (+8.08); GOONSF1 (+8.08); TALWA1 (-5.68),,K1,3L/LINE/3L,supported,-105.15823333333333,-13.035749577805198,-173.69875333333334,-23.869352625000023,0.0,-58.10337083333336,-4.166666663252272e-06,683.8537666666666,767.8023324999999,746.5,7.0,0.8359008707300737,VNI
VIC1-NSW1,reverse,3L/LINE/3L,CollctorWF-Yass 3L 330kV LINE,330.0,,,,N-CNLT_07|N-CTYS_3L_WG_CLOSE|N-X_3L+07_WG_CLOSE|N-X_3L+11_WG_CLOSE|N-X_3L+2_WG_CLOSE,8,JEMALNG1 (+11.38); PARSF1 (+8.08); QPSFB2 (+8.08); QPSFB1 (+8.08); GOONSF1 (+8.08); TALWA1 (-5.68),,K1xK2,3L/LINE/3L × N-CTYS_3L_WG_CLOSE,supported,-82.77942833333339,-16.714512556064008,-128.59429691666665,-30.56317820833336,0.0,35.146951666666666,-93.80063166666662,382.84289750000005,465.90962333333334,698.0,7.0,0.9097421203438395,VNI
VIC1-NSW1,forward,4/LINE/4,CollctorWF-Marulan 4 330kV LINE,330.0,,,,N-4+1_WG_CLOSE|N-AVMA_17|N-CNLT_07|N-CTMN_4_WG_CLOSE|N-X_03+4_WG_CLOSE|N-X_4+07_WG_CLOSE|N-X_4+17_WG_CLOSE,6,JEMALNG1 (+11.38); QPSFB2 (+8.08); GOONSF1 (+8.08); QPSFB1 (+8.08); PARSF1 (+8.08); ER04 (+7.75),,K1xK2,4/LINE/4 × N-CTMN_4_WG_CLOSE,supported,-13.394107083333296,-1.723362882549483,-55.38156120833332,30.010433083333318,0.0,-108.58658500000007,65.11719499999998,631.0697583333333,655.7357866666666,1092.5,6.0,0.7130434782608696,VNI
VIC1-NSW1,reverse,4/LINE/4,CollctorWF-Marulan 4 330kV LINE,330.0,,,,N-4+1_WG_CLOSE|N-AVMA_17|N-CNLT_07|N-CTMN_4_WG_CLOSE|N-X_03+4_WG_CLOSE|N-X_4+07_WG_CLOSE|N-X_4+17_WG_CLOSE,6,JEMALNG1 (+11.38); QPSFB2 (+8.08); GOONSF1 (+8.08); QPSFB1 (+8.08); PARSF1 (+8.08); ER04 (+7.75),,K1xK2,4/LINE/4 × N-CTMN_4_WG_CLOSE,supported,-83.43483333333336,-16.38217946783074,-121.18259999999987,-40.57196912500004,0.0,122.53502083333332,-154.1587075,378.22740000000005,497.37832249999997,1092.5,6.0,0.7130434782608696,VNI
VIC1-NSW1,forward,6C/LINE/6C,Bundey-Buronga 330kV Line 2 (6C),330.0,,,,I-BDBU_ONE,1,GUNNING1 (-11.75); BLOWERNG (-11.31); BANGOWF1 (-10.96); BANGOWF2 (-10.95); KERNGSP1 (+6.13); GANNSF1 (+6.13),,none,,unsupported,,,,,,,,,,,,,VNI
VIC1-NSW1,reverse,6C/LINE/6C,Bundey-Buronga 330kV Line 2 (6C),330.0,,,,I-BDBU_ONE,1,GUNNING1 (-11.75); BLOWERNG (-11.31); BANGOWF1 (-10.96); BANGOWF2 (-10.95); KERNGSP1 (+6.13); GANNSF1 (+6.13),,none,,unsupported,,,,,,,,,,,,,VNI
VIC1-NSW1,forward,6F/LINE/6F,Bundey-Buronga 330kV Line 1(6F),330.0,,,,I-6F_NS_050|I-BDBU_ONE|I-HYSE|I-X_BDBU+HYSE|S-X_TBSE+BDBU,28,GUNNING1 (-11.75); BLOWERNG (-11.31); BANGOWF1 (-10.96); BANGOWF2 (-10.95); KERNGSP1 (+6.13); GANNSF1 (+6.13),,K2,S-X_TBSE+BDBU,indicative,-203.68194833333337,-26.206891390304826,-464.3796183333333,-128.78737,0.06451612903225806,-28.682479999999984,-292.10619500000007,180.47665333333336,647.4398150000001,15.5,3.0,1.0,VNI
VIC1-NSW1,reverse,6F/LINE/6F,Bundey-Buronga 330kV Line 1(6F),330.0,,,,I-6F_NS_050|I-BDBU_ONE|I-HYSE|I-X_BDBU+HYSE|S-X_TBSE+BDBU,28,GUNNING1 (-11.75); BLOWERNG (-11.31); BANGOWF1 (-10.96); BANGOWF2 (-10.95); KERNGSP1 (+6.13); GANNSF1 (+6.13),,K2,S-X_TBSE+BDBU,indicative,-11.896806666666635,-2.4885023167934874,-78.96643333333338,48.04105833333324,-0.03225806451612903,-15.516979166666694,154.6340283333334,697.5840166666667,626.2353016666667,15.5,3.0,1.0,VNI
VIC1-NSW1,forward,APD/LINE/APD_HYTS2_500,Alc/prtlnd Heywood 2 500kV LINE,500.0,Alcoa/portland 500kV,VIC1,,V-HYMO,4,DARTM1 (+0.95); MCKAY1 (+0.95); WKIEWA1 (+0.95); MURRAY (+0.79); BROKENH1 (-0.71); STWF1 (-0.71),,K1xK2,APD/LINE/APD_HYTS2_500 × V-HYMO,indicative,-38.55051999999999,-4.615763726436628,-181.23554,136.6995083333333,0.0,-44.24013833333335,-8.333333326504544e-06,349.80739,349.63881,31.0,4.0,0.9838709677419355,VNI
VIC1-NSW1,reverse,APD/LINE/APD_HYTS2_500,Alc/prtlnd Heywood 2 500kV LINE,500.0,Alcoa/portland 500kV,VIC1,,V-HYMO,4,DARTM1 (+0.95); MCKAY1 (+0.95); WKIEWA1 (+0.95); MURRAY (+0.79); BROKENH1 (-0.71); STWF1 (-0.71),,K2,V-HYMO,supported,148.7032933333333,35.59716493492707,32.477655833333245,553.5167099999999,-0.07142857142857142,3.5361133333333328,212.58432833333313,584.7202333333333,352.865575,67.5,7.0,0.9851851851851852,VNI
VIC1-NSW1,forward,ARTS/LINE/ARTS_CWTS_220,AraratTOA-CWTS 220kV LINE,220.0,Ararat,VIC1,,V-ARCW,2,LIMOSF11 (-13.04); LIMOSF21 (-13.04); SUNRSF1 (-13.04); STWF1 (-9.77); BROKENH1 (-9.77); BHB1 (-9.77),,K2,V-ARCW,supported,254.1848591666666,30.434278260083207,-175.3991683333333,710.9609883333334,0.055555555555555525,22.656470833333323,30.192693333333324,655.6558825,223.76791083333333,29.0,5.0,0.9310344827586207,VNI
VIC1-NSW1,reverse,ARTS/LINE/ARTS_CWTS_220,AraratTOA-CWTS 220kV LINE,220.0,Ararat,VIC1,,V-ARCW,2,LIMOSF11 (-13.04); LIMOSF21 (-13.04); SUNRSF1 (-13.04); STWF1 (-9.77); BROKENH1 (-9.77); BHB1 (-9.77),,K2,V-ARCW,supported,-118.42052750000005,-25.232855913496827,-230.6106716666667,-58.61476333333337,-0.046296296296296294,-219.2306791666667,243.61628999999994,461.1787975,596.3364058333334,29.0,5.0,0.9310344827586207,VNI
VIC1-NSW1,forward,ARTS/LINE/ARTS_WBTS_220,AraratTOA-WBTS 220kV LINE,220.0,Ararat,VIC1,,V-AR_WB_BA,7,YATSF1 (-6.25); MUWAWF1 (-6.25); MUWAWF2 (-6.25); KARSF1 (-6.25); KIAMSF1 (-6.25); GANNB1 (-6.25),,K1xK2,ARTS/LINE/ARTS_WBTS_220 × V-AR_WB_BA,supported,152.49575833333336,19.62098167670466,-113.86675583333334,293.97393000000005,0.0,-87.427505,153.31035999999995,370.7670683333333,214.11782166666663,41.0,5.0,0.8414634146341463,VNI
VIC1-NSW1,reverse,ARTS/LINE/ARTS_WBTS_220,AraratTOA-WBTS 220kV LINE,220.0,Ararat,VIC1,,V-AR_WB_BA,7,YATSF1 (-6.25); MUWAWF1 (-6.25); MUWAWF2 (-6.25); KARSF1 (-6.25); KIAMSF1 (-6.25); GANNB1 (-6.25),,K1xK2,ARTS/LINE/ARTS_WBTS_220 × V-AR_WB_BA,supported,46.27023333333335,11.076345994920992,-103.2927166666667,205.18625333333335,0.0,75.56843833333335,94.55340499999988,626.2484116666667,520.2662466666667,41.0,5.0,0.8414634146341463,VNI
VIC1-NSW1,forward,AVON/BUS/5,Avon 330kV 330kV BUS,330.0,Avon 330kV,NSW1,central Wollongong,N-WGWA_63|N-WGWA_RADIAL,1,GANNSF1 (-4.55); KERNGSP1 (-4.55); COHUNSF1 (-4.55); GANNB1 (-4.55); KESSB1 (-4.42); WUNUSF1 (+3.80),Tallawarra Power Station (10 km); Kangaroo Valley Pumping and Power Station (39 km); Bendeela Pumping and Power Station (41 km),K3,AVON,supported,66.2031175,8.481887224610805,-33.208961375,177.06577647916663,0.0,149.55135583333333,-1.6666665487719001e-06,673.3865900000001,619.9642591666666,622.5,11.0,0.8995983935742972,VNI
VIC1-NSW1,reverse,AVON/BUS/5,Avon 330kV 330kV BUS,330.0,Avon 330kV,NSW1,central Wollongong,N-WGWA_63|N-WGWA_RADIAL,1,GANNSF1 (-4.55); KERNGSP1 (-4.55); COHUNSF1 (-4.55); GANNB1 (-4.55); KESSB1 (-4.42); WUNUSF1 (+3.80),Tallawarra Power Station (10 km); Kangaroo Valley Pumping and Power Station (39 km); Bendeela Pumping and Power Station (41 km),K3,AVON,supported,-64.36940166666669,-13.254189655686273,-133.9622677083333,8.250206666666628,0.0,-153.74440166666668,77.23693750000001,375.29454583333336,456.28856583333334,622.5,11.0,0.8995983935742972,VNI
VIC1-NSW1,forward,AVON/LINE/17,Avon-Macarthur 17 330kV LINE,330.0,Avon 330kV,NSW1,central Wollongong,N-AVMA_17|N-X_4+17_WG_CLOSE|N-X_AVMA_SSWW,12,JEMALNG1 (+9.01); ER03 (+7.75); ER04 (+7.75); QPSFB1 (+6.40); QPSFB2 (+6.40); PARSF1 (+6.40),Tallawarra Power Station (10 km); Kangaroo Valley Pumping and Power Station (39 km); Bendeela Pumping and Power Station (41 km),K1xK2,AVON/LINE/17 × N-AVMA_17,supported,32.45399083333325,4.172228518868208,-34.15773666666678,103.09389666666675,0.0,183.52670500000005,-13.350013333333436,679.90522,669.1210633333334,576.0,10.0,0.9071180555555556,VNI
VIC1-NSW1,reverse,AVON/LINE/17,Avon-Macarthur 17 330kV LINE,330.0,Avon 330kV,NSW1,central Wollongong,N-AVMA_17|N-X_4+17_WG_CLOSE|N-X_AVMA_SSWW,12,JEMALNG1 (+9.01); ER03 (+7.75); ER04 (+7.75); QPSFB1 (+6.40); QPSFB2 (+6.40); PARSF1 (+6.40),Tallawarra Power Station (10 km); Kangaroo Valley Pumping and Power Station (39 km); Bendeela Pumping and Power Station (41 km),K1xK2,AVON/LINE/17 × N-AVMA_17,supported,-69.93016999999998,-13.929309395376729,-103.109035,-9.97114137499998,0.0,-176.56686666666667,124.8012266666666,348.8203066666667,429.12004666666667,576.0,10.0,0.9071180555555556,VNI
VIC1-NSW1,forward,BALRANLD/LINE/X5/1,Drlngtn Pt Balranald X5 220kV LINE,220.0,Balranald 220/22kV Substation,NSW1,,N-BABU|N-BADP|N-DTKV_18_WG_CLOSE,9,JEMALNG1 (+9.09); GOONSF1 (+6.45); PARSF1 (+6.45); COHUNSF1 (-4.55); KERNGSP1 (-4.55); GANNB1 (-4.55),,K1xK2,BALRANLD/LINE/X5/1 × N-BADP,supported,95.85853333333341,11.477415636142311,-22.673905000000104,176.95727166666666,0.0,-206.11428666666666,317.7481933333334,899.6409516666666,773.5861616666666,57.5,7.0,0.9478260869565217,VNI
VIC1-NSW1,reverse,BALRANLD/LINE/X5/1,Drlngtn Pt Balranald X5 220kV LINE,220.0,Balranald 220/22kV Substation,NSW1,,N-BABU|N-BADP|N-DTKV_18_WG_CLOSE,9,JEMALNG1 (+9.09); GOONSF1 (+6.45); PARSF1 (+6.45); COHUNSF1 (-4.55); KERNGSP1 (-4.55); GANNB1 (-4.55),,K1xK2,BALRANLD/LINE/X5/1 × N-BADP,supported,-167.53613666666678,-35.47049135698372,-339.3043683333333,-83.37273110416677,0.0,187.40420833333334,-344.8718633333334,367.9551716666667,515.6838541666666,57.5,7.0,0.9478260869565217,VNI
VIC1-NSW1,forward,BATS/BUS/7MN1,,,Ballarat 220kV,VIC1,,V-AR_WB_BA,1,YATSF1 (-6.25); MUWAWF1 (-6.25); MUWAWF2 (-6.25); KARSF1 (-6.25); KIAMSF1 (-6.25); GANNB1 (-6.25),,K2,V-AR_WB_BA,supported,-79.88317500000016,-9.930816302389363,-195.49784999999997,111.3126525,-0.01867219917012447,-60.03904666666668,-1.6666666744491465e-06,398.24457,351.73086166666667,129.0,16.0,0.9341085271317829,VNI
VIC1-NSW1,reverse,BATS/BUS/7MN1,,,Ballarat 220kV,VIC1,,V-AR_WB_BA,1,YATSF1 (-6.25); MUWAWF1 (-6.25); MUWAWF2 (-6.25); KARSF1 (-6.25); KIAMSF1 (-6.25); GANNB1 (-6.25),,K3,BATS,supported,-9.985749999999967,-1.9412118138960532,-141.1433475208334,28.558865000000083,0.0,-95.54774499999996,9.680515000000014,544.0635033333333,578.8718483333333,98.0,15.0,0.8418367346938775,VNI
VIC1-NSW1,forward,BATS/LINE/BATS_MLTS1_220,Ballarat Moorabool 1 220kV LINE,220.0,Ballarat 220kV,VIC1,,V-AR_WB_BA|V-BAML1_15M,12,YATSF1 (-6.25); MUWAWF1 (-6.25); MUWAWF2 (-6.25); KARSF1 (-6.25); KIAMSF1 (-6.25); GANNB1 (-6.25),,K1xK2,BATS/LINE/BATS_MLTS1_220 × V-BAML1_15M,supported,75.17191666666679,9.67205131237435,-152.1761391666667,178.50524666666672,0.0,125.32179833333333,-89.7481733333334,535.7946216666667,431.10452166666664,52.5,7.0,0.8285714285714286,VNI
VIC1-NSW1,reverse,BATS/LINE/BATS_MLTS1_220,Ballarat Moorabool 1 220kV LINE,220.0,Ballarat 220kV,VIC1,,V-AR_WB_BA|V-BAML1_15M,12,YATSF1 (-6.25); MUWAWF1 (-6.25); MUWAWF2 (-6.25); KARSF1 (-6.25); KIAMSF1 (-6.25); GANNB1 (-6.25),,K1xK2,BATS/LINE/BATS_MLTS1_220 × V-BAML1_15M,supported,-30.457276666666615,-6.140620496694842,-235.72949666666665,21.522203333333266,0.0,-110.81822333333332,11.16241500000001,574.354735,628.1920466666667,52.5,7.0,0.8285714285714286,VNI
VIC1-NSW1,forward,BATS/LINE/BATS_WBTS_220,Ballart220-Waubra 220kV LINE,220.0,Ballarat 220kV,VIC1,,V-AR_WB_BA,10,YATSF1 (-6.25); MUWAWF1 (-6.25); MUWAWF2 (-6.25); KARSF1 (-6.25); KIAMSF1 (-6.25); GANNB1 (-6.25),,K1xK2,BATS/LINE/BATS_WBTS_220 × V-AR_WB_BA,supported,-104.46988833333342,-13.328230927316675,-171.00903166666671,124.39439970833304,0.0,95.90912499999996,-105.59269000000006,514.1297766666667,619.4063183333334,43.0,7.0,0.8488372093023255,VNI
VIC1-NSW1,reverse,BATS/LINE/BATS_WBTS_220,Ballart220-Waubra 220kV LINE,220.0,Ballarat 220kV,VIC1,,V-AR_WB_BA,10,YATSF1 (-6.25); MUWAWF1 (-6.25); MUWAWF2 (-6.25); KARSF1 (-6.25); KIAMSF1 (-6.25); GANNB1 (-6.25),,K1xK2,BATS/LINE/BATS_WBTS_220 × V-AR_WB_BA,supported,7.988321666666707,1.5617047341809616,-165.77351666666675,94.70515833333332,0.0,-72.80079499999994,7.500551666666752,536.272875,524.3739716666666,43.0,7.0,0.8488372093023255,VNI
VIC1-NSW1,forward,BAYSWATR/LINE/33,Liddell PS Bayswtr330 33 330kV LINE,330.0,Bayswater 330kV,NSW1,south of Muswellbrook (15 km),N-X_BWWO_BWLD,1,,Bayswater Power Station (1 km); Glennies Creek Power Station (18 km); Redbank Power Station (23 km); Glenbawn Power Station (33 km),none,,unsupported,,,,,,,,,,,,,VNI
VIC1-NSW1,reverse,BAYSWATR/LINE/33,Liddell PS Bayswtr330 33 330kV LINE,330.0,Bayswater 330kV,NSW1,south of Muswellbrook (15 km),N-X_BWWO_BWLD,1,,Bayswater Power Station (1 km); Glennies Creek Power Station (18 km); Redbank Power Station (23 km); Glenbawn Power Station (33 km),none,,unsupported,,,,,,,,,,,,,VNI
VIC1-NSW1,forward,BAYSWATR/LINE/5A4,Bayswtr330-Wollar 5A4 500kV LINE,500.0,Bayswater 330kV,NSW1,south of Muswellbrook (15 km),N-X_BWWO_BWLD,1,,Bayswater Power Station (1 km); Glennies Creek Power Station (18 km); Redbank Power Station (23 km); Glenbawn Power Station (33 km),none,,unsupported,,,,,,,,,,,,,VNI
VIC1-NSW1,reverse,BAYSWATR/LINE/5A4,Bayswtr330-Wollar 5A4 500kV LINE,500.0,Bayswater 330kV,NSW1,south of Muswellbrook (15 km),N-X_BWWO_BWLD,1,,Bayswater Power Station (1 km); Glennies Creek Power Station (18 km); Redbank Power Station (23 km); Glenbawn Power Station (33 km),none,,unsupported,,,,,,,,,,,,,VNI
VIC1-NSW1,forward,BGTS/LINE/BGTS_CWTS_220,CrwLnd-Bulgana 220kV LINE,220.0,Bulgana,VIC1,,V-CWHO,1,BROKENH1 (-11.34); BHB1 (-11.34); STWF1 (-11.34); KARSF1 (-10.34); WEMENSF1 (-10.34); BANN1 (-10.34),,none,,unsupported,,,,,,,,,,,,,VNI
VIC1-NSW1,reverse,BGTS/LINE/BGTS_CWTS_220,CrwLnd-Bulgana 220kV LINE,220.0,Bulgana,VIC1,,V-CWHO,1,BROKENH1 (-11.34); BHB1 (-11.34); STWF1 (-11.34); KARSF1 (-10.34); WEMENSF1 (-10.34); BANN1 (-10.34),,none,,unsupported,,,,,,,,,,,,,VNI
VIC1-NSW1,forward,BURONGA/BUS/5A,Buronga 330 BS A 330kV BUS,330.0,Buronga 220kV,NSW1,,I-BDBU_ONE|N-BU_330_TX_ONE,2,GUNNING1 (-11.75); BLOWERNG (-11.31); BANGOWF1 (-10.96); BANGOWF2 (-10.95); KARSF1 (+9.09); YATSF1 (+9.09),,K2,N-BU_330_TX_ONE,indicative,-30.098330833333307,-3.578007265949993,-107.98145758333335,28.560268333333283,-0.15625,-217.58738041666666,133.70308333333318,753.282375,866.04709,1097.5,4.0,0.371753986332574,VNI
VIC1-NSW1,reverse,BURONGA/BUS/5A,Buronga 330 BS A 330kV BUS,330.0,Buronga 220kV,NSW1,,I-BDBU_ONE|N-BU_330_TX_ONE,2,GUNNING1 (-11.75); BLOWERNG (-11.31); BANGOWF1 (-10.96); BANGOWF2 (-10.95); KARSF1 (+9.09); YATSF1 (+9.09),,K2,N-BU_330_TX_ONE,indicative,49.08589166666661,11.302470760176949,-32.12427949999997,125.21878397916669,0.08762254901960784,203.89892625000002,-118.28163500000016,489.29413583333337,434.186475,1097.5,4.0,0.371753986332574,VNI
VIC1-NSW1,forward,BURONGA/BUS/5B,Buronga 330 BS B 330kV BUS,330.0,Buronga 220kV,NSW1,,I-BDBU_ONE,1,GUNNING1 (-11.75); BLOWERNG (-11.31); BANGOWF1 (-10.96); BANGOWF2 (-10.95); KERNGSP1 (+6.13); GANNSF1 (+6.13),,none,,unsupported,,,,,,,,,,,,,VNI
VIC1-NSW1,reverse,BURONGA/BUS/5B,Buronga 330 BS B 330kV BUS,330.0,Buronga 220kV,NSW1,,I-BDBU_ONE,1,GUNNING1 (-11.75); BLOWERNG (-11.31); BANGOWF1 (-10.96); BANGOWF2 (-10.95); KERNGSP1 (+6.13); GANNSF1 (+6.13),,none,,unsupported,,,,,,,,,,,,,VNI
VIC1-NSW1,forward,BURONGA/BUS/7A2,Buronga A2 220kV BUS,220.0,Buronga 220kV,NSW1,,I-BURC,1,GANNB1 (-5.71); COHUNSF1 (-5.71); GANNSF1 (-5.71); KERNGSP1 (-5.71); KESSB1 (-5.63); BANN1 (-4.71),,K2,I-BURC,supported,365.01683,45.92178780893163,141.75571333333335,508.17485666666664,0.13818181818181816,222.493295,1.6666666624587378e-06,483.42104166666667,97.36677833333331,157.5,16.0,0.873015873015873,VNI
VIC1-NSW1,reverse,BURONGA/BUS/7A2,Buronga A2 220kV BUS,220.0,Buronga 220kV,NSW1,,I-BURC,1,GANNB1 (-5.71); COHUNSF1 (-5.71); GANNSF1 (-5.71); KERNGSP1 (-5.71); KESSB1 (-5.63); BANN1 (-4.71),,none,,unsupported,,,,,,,,,,,,,VNI
VIC1-NSW1,forward,BURONGA/BUS/B,Buronga B2 220kV BUS,220.0,Buronga 220kV,NSW1,,I-BURC|I-X_BABU_BURC|N-BABU,7,GANNB1 (-5.71); COHUNSF1 (-5.71); GANNSF1 (-5.71); KERNGSP1 (-5.71); KESSB1 (-5.63); BANN1 (-4.71),,K2,I-BURC,supported,365.01683,45.92178780893163,141.75571333333335,508.17485666666664,0.13818181818181816,222.493295,1.6666666624587378e-06,483.42104166666667,97.36677833333331,157.5,16.0,0.873015873015873,VNI
VIC1-NSW1,reverse,BURONGA/BUS/B,Buronga B2 220kV BUS,220.0,Buronga 220kV,NSW1,,I-BURC|I-X_BABU_BURC|N-BABU,7,GANNB1 (-5.71); COHUNSF1 (-5.71); GANNSF1 (-5.71); KERNGSP1 (-5.71); KESSB1 (-5.63); BANN1 (-4.71),,K1xK2,BURONGA/BUS/B × N-BABU,indicative,-20.18498166666666,-4.8319583614477155,-210.34925833333335,44.061493333333374,0.0,85.5313733333333,-8.617487500000031,305.63520166666666,314.634985,39.0,3.0,0.9871794871794872,VNI
VIC1-NSW1,forward,BURONGA/CB/5472,Buronga CB 5472 330kV CB,330.0,Buronga 220kV,NSW1,,N-BU_330_TX_ONE,1,KARSF1 (+9.09); YATSF1 (+9.09); BROKENH1 (+8.53); BHB1 (+8.53); STWF1 (+8.53); WEMENSF1 (+7.89),,K2,N-BU_330_TX_ONE,indicative,-30.098330833333307,-3.578007265949993,-107.98145758333335,28.560268333333283,-0.15625,-217.58738041666666,133.70308333333318,753.282375,866.04709,1097.5,4.0,0.371753986332574,VNI
VIC1-NSW1,reverse,BURONGA/CB/5472,Buronga CB 5472 330kV CB,330.0,Buronga 220kV,NSW1,,N-BU_330_TX_ONE,1,KARSF1 (+9.09); YATSF1 (+9.09); BROKENH1 (+8.53); BHB1 (+8.53); STWF1 (+8.53); WEMENSF1 (+7.89),,K2,N-BU_330_TX_ONE,indicative,49.08589166666661,11.302470760176949,-32.12427949999997,125.21878397916669,0.08762254901960784,203.89892625000002,-118.28163500000016,489.29413583333337,434.186475,1097.5,4.0,0.371753986332574,VNI
VIC1-NSW1,forward,BURONGA/LINE/0X1,Buronga Red_Cliffs X1 220kV LINE,220.0,Buronga 220kV,NSW1,,I-BURC|N-CTMN_4_WG_CLOSE,3,JEMALNG1 (+9.01); QPSFB1 (+6.40); GOONSF1 (+6.40); QPSFB2 (+6.40); PARSF1 (+6.40); GANNSF1 (-5.71),,K2,I-BURC,supported,365.01683,45.92178780893163,141.75571333333335,508.17485666666664,0.13818181818181816,222.493295,1.6666666624587378e-06,483.42104166666667,97.36677833333331,157.5,16.0,0.873015873015873,VNI
VIC1-NSW1,reverse,BURONGA/LINE/0X1,Buronga Red_Cliffs X1 220kV LINE,220.0,Buronga 220kV,NSW1,,I-BURC|N-CTMN_4_WG_CLOSE,3,JEMALNG1 (+9.01); QPSFB1 (+6.40); GOONSF1 (+6.40); QPSFB2 (+6.40); PARSF1 (+6.40); GANNSF1 (-5.71),,K2,N-CTMN_4_WG_CLOSE,supported,-63.61050999999999,-12.414982010184538,-97.10989399999997,-26.77099497916662,0.009889049686444773,74.56205999999997,-83.39092499999998,389.2153166666667,483.0783016666667,1630.0,12.0,0.6358895705521472,VNI
VIC1-NSW1,forward,BURONGA/LINE/6F,Buronga-BUNDEY No.1 6F 330kV LINE,330.0,Buronga 220kV,NSW1,,I-BDBU_ONE|I-MURRAY_SRAS_R|I-X_BDBU+HYSE,12,GUNNING1 (-11.75); BLOWERNG (-11.31); BANGOWF1 (-10.96); BANGOWF2 (-10.95); KERNGSP1 (+6.13); GANNSF1 (+6.13),,K2,I-MURRAY_SRAS_R,indicative,145.86765499999996,18.768171765950488,145.86765499999996,145.86765499999996,0.6666666666666667,449.96802666666673,-61.245965,588.5079483333333,442.6402933333333,5.0,3.0,0.3,VNI
VIC1-NSW1,reverse,BURONGA/LINE/6F,Buronga-BUNDEY No.1 6F 330kV LINE,330.0,Buronga 220kV,NSW1,,I-BDBU_ONE|I-MURRAY_SRAS_R|I-X_BDBU+HYSE,12,GUNNING1 (-11.75); BLOWERNG (-11.31); BANGOWF1 (-10.96); BANGOWF2 (-10.95); KERNGSP1 (+6.13); GANNSF1 (+6.13),,K2,I-MURRAY_SRAS_R,indicative,-14.202388333333317,-2.9707699941469605,-14.202388333333317,-14.202388333333317,0.0,-449.96802666666673,631.72812,253.61082,282.878255,5.0,3.0,0.3,VNI
VIC1-NSW1,forward,BURONGA/LINE/X1,Buronga-Red_Cliffs X1_X9 220kV LINE,220.0,Buronga 220kV,NSW1,,I-BURC,26,GANNB1 (-5.71); COHUNSF1 (-5.71); GANNSF1 (-5.71); KERNGSP1 (-5.71); KESSB1 (-5.63); BANN1 (-4.71),,K1xK2,BURONGA/LINE/X1 × I-BURC,supported,472.6645658333333,59.2814413304991,279.00228333333337,569.8305633333333,0.0,250.22989124999998,14.962275833333393,437.1292875,-5.143186666666666,107.5,12.0,0.9209302325581395,VNI
VIC1-NSW1,reverse,BURONGA/LINE/X1,Buronga-Red_Cliffs X1_X9 220kV LINE,220.0,Buronga 220kV,NSW1,,I-BURC,26,GANNB1 (-5.71); COHUNSF1 (-5.71); GANNSF1 (-5.71); KERNGSP1 (-5.71); KESSB1 (-5.63); BANN1 (-4.71),,K1xK2,BURONGA/LINE/X1 × I-BURC,supported,-481.44419833333336,-100.705595755888,-560.8246466666667,-424.11589712500006,0.0,-267.46532125,-209.69721625,357.22804,853.412015,107.5,12.0,0.9209302325581395,VNI
VIC1-NSW1,forward,BURONGA/LINE/X5/3,Balranald Buronga X3 220kV LINE,220.0,Buronga 220kV,NSW1,,I-X_BABU_BURC|N-BABU,12,KERNGSP1 (-4.55); GANNSF1 (-4.55); COHUNSF1 (-4.55); GANNB1 (-4.55); KESSB1 (-4.42); WUNUSF1 (+3.80),,K2,I-X_BABU_BURC,indicative,-253.27000499999997,-31.1956930735398,-458.1760833333334,-220.91993249999985,-0.21875,-201.7987283333333,18.331999166666606,585.9512175,871.6862766666667,23.5,5.0,0.6808510638297872,VNI
VIC1-NSW1,reverse,BURONGA/LINE/X5/3,Balranald Buronga X3 220kV LINE,220.0,Buronga 220kV,NSW1,,I-X_BABU_BURC|N-BABU,12,KERNGSP1 (-4.55); GANNSF1 (-4.55); COHUNSF1 (-4.55); GANNB1 (-4.55); KESSB1 (-4.42); WUNUSF1 (+3.80),,K2,I-X_BABU_BURC,indicative,-5.001339166666668,-1.1972397599309668,-244.37382666666656,94.30203833333331,0.09375,10.137601666666626,7.1293916666665496,328.5860916666667,350.76242083333335,23.5,5.0,0.6808510638297872,VNI
VIC1-NSW1,forward,BURONGA/LINE/X9,Buronga-Red_Cliffs TL X9 220kV LINE,220.0,Buronga 220kV,NSW1,,I-BURC|I-X_BABU_BURC|N-BABU,2,GANNB1 (-5.71); COHUNSF1 (-5.71); GANNSF1 (-5.71); KERNGSP1 (-5.71); KESSB1 (-5.63); BANN1 (-4.71),,K2,I-BURC,supported,365.01683,45.92178780893163,141.75571333333335,508.17485666666664,0.13818181818181816,222.493295,1.6666666624587378e-06,483.42104166666667,97.36677833333331,157.5,16.0,0.873015873015873,VNI
VIC1-NSW1,reverse,BURONGA/LINE/X9,Buronga-Red_Cliffs TL X9 220kV LINE,220.0,Buronga 220kV,NSW1,,I-BURC|I-X_BABU_BURC|N-BABU,2,GANNB1 (-5.71); COHUNSF1 (-5.71); GANNSF1 (-5.71); KERNGSP1 (-5.71); KESSB1 (-5.63); BANN1 (-4.71),,K2,I-X_BABU_BURC,indicative,-5.001339166666668,-1.1972397599309668,-244.37382666666656,94.30203833333331,0.09375,10.137601666666626,7.1293916666665496,328.5860916666667,350.76242083333335,23.5,5.0,0.6808510638297872,VNI
VIC1-NSW1,forward,BURONGA/TRANS/7,Buronga No7 TX 330/220/33kV XFMR,,Buronga 220kV,NSW1,,I-BDBU_ONE|N-BU_330_TX_ONE,2,GUNNING1 (-11.75); BLOWERNG (-11.31); BANGOWF1 (-10.96); BANGOWF2 (-10.95); KARSF1 (+9.09); YATSF1 (+9.09),,K2,N-BU_330_TX_ONE,indicative,-30.098330833333307,-3.578007265949993,-107.98145758333335,28.560268333333283,-0.15625,-217.58738041666666,133.70308333333318,753.282375,866.04709,1097.5,4.0,0.371753986332574,VNI
VIC1-NSW1,reverse,BURONGA/TRANS/7,Buronga No7 TX 330/220/33kV XFMR,,Buronga 220kV,NSW1,,I-BDBU_ONE|N-BU_330_TX_ONE,2,GUNNING1 (-11.75); BLOWERNG (-11.31); BANGOWF1 (-10.96); BANGOWF2 (-10.95); KARSF1 (+9.09); YATSF1 (+9.09),,K2,N-BU_330_TX_ONE,indicative,49.08589166666661,11.302470760176949,-32.12427949999997,125.21878397916669,0.08762254901960784,203.89892625000002,-118.28163500000016,489.29413583333337,434.186475,1097.5,4.0,0.371753986332574,VNI
VIC1-NSW1,forward,BURONGA/TRANS/8,Buronga No8 TX 330/220/33kV XFMR,,Buronga 220kV,NSW1,,N-BU_330_TX_ONE,2,KARSF1 (+9.09); YATSF1 (+9.09); BROKENH1 (+8.53); BHB1 (+8.53); STWF1 (+8.53); WEMENSF1 (+7.89),,K2,N-BU_330_TX_ONE,indicative,-30.098330833333307,-3.578007265949993,-107.98145758333335,28.560268333333283,-0.15625,-217.58738041666666,133.70308333333318,753.282375,866.04709,1097.5,4.0,0.371753986332574,VNI
VIC1-NSW1,reverse,BURONGA/TRANS/8,Buronga No8 TX 330/220/33kV XFMR,,Buronga 220kV,NSW1,,N-BU_330_TX_ONE,2,KARSF1 (+9.09); YATSF1 (+9.09); BROKENH1 (+8.53); BHB1 (+8.53); STWF1 (+8.53); WEMENSF1 (+7.89),,K2,N-BU_330_TX_ONE,indicative,49.08589166666661,11.302470760176949,-32.12427949999997,125.21878397916669,0.08762254901960784,203.89892625000002,-118.28163500000016,489.29413583333337,434.186475,1097.5,4.0,0.371753986332574,VNI
VIC1-NSW1,forward,BURONGA/TRANS/PST5,Buronga No5 PST 330/330kV XFMR,,Buronga 220kV,NSW1,,I-BDBU_ONE,2,GUNNING1 (-11.75); BLOWERNG (-11.31); BANGOWF1 (-10.96); BANGOWF2 (-10.95); KERNGSP1 (+6.13); GANNSF1 (+6.13),,none,,unsupported,,,,,,,,,,,,,VNI
VIC1-NSW1,reverse,BURONGA/TRANS/PST5,Buronga No5 PST 330/330kV XFMR,,Buronga 220kV,NSW1,,I-BDBU_ONE,2,GUNNING1 (-11.75); BLOWERNG (-11.31); BANGOWF1 (-10.96); BANGOWF2 (-10.95); KERNGSP1 (+6.13); GANNSF1 (+6.13),,none,,unsupported,,,,,,,,,,,,,VNI
VIC1-NSW1,forward,BURRINJK/LINE/970,Burrinjuck Yass 330kV 970 132kV LINE,132.0,Burrinjuck 132kV,NSW1,south-west of Yass (35 km),N-BJYS_970,1,WSTWYSF1 (-2.58); WAGGNSF1 (-2.58); BOMENSF1 (-2.58); SEBSF1 (-2.58); JUNEESF1 (-2.58); WYASF1 (-2.58),Burrinjuck Power Station (0 km),none,,unsupported,,,,,,,,,,,,,VNI
VIC1-NSW1,reverse,BURRINJK/LINE/970,Burrinjuck Yass 330kV 970 132kV LINE,132.0,Burrinjuck 132kV,NSW1,south-west of Yass (35 km),N-BJYS_970,1,WSTWYSF1 (-2.58); WAGGNSF1 (-2.58); BOMENSF1 (-2.58); SEBSF1 (-2.58); JUNEESF1 (-2.58); WYASF1 (-2.58),Burrinjuck Power Station (0 km),none,,unsupported,,,,,,,,,,,,,VNI
VIC1-NSW1,forward,BURRINJK/LINE/992,Tumut Burrinjuck 992 132kV LINE,132.0,Burrinjuck 132kV,NSW1,south-west of Yass (35 km),N-TUTBJ_992,4,WSTWYSF1 (-2.58); WAGGNSF1 (-2.58); BOMENSF1 (-2.58); SEBSF1 (-2.58); JUNEESF1 (-2.58); WYASF1 (-2.58),Burrinjuck Power Station (0 km),none,,unsupported,,,,,,,,,,,,,VNI
VIC1-NSW1,reverse,BURRINJK/LINE/992,Tumut Burrinjuck 992 132kV LINE,132.0,Burrinjuck 132kV,NSW1,south-west of Yass (35 km),N-TUTBJ_992,4,WSTWYSF1 (-2.58); WAGGNSF1 (-2.58); BOMENSF1 (-2.58); SEBSF1 (-2.58); JUNEESF1 (-2.58); WYASF1 (-2.58),Burrinjuck Power Station (0 km),none,,unsupported,,,,,,,,,,,,,VNI
VIC1-NSW1,forward,CANBERRA/LINE/07,Lwr Tumut Canberra 07 330kV LINE,330.0,Canberra 330kV,NSW1,central Canberra,N-CNLT_07|N-CTMN_4_WG_CLOSE|N-CTYS_3L_WG_CLOSE|N-X_3L+07_WG_CLOSE|N-X_4+07_WG_CLOSE|N-X_5+07_WG_CLOSE,9,JEMALNG1 (+11.38); GOONSF1 (+8.08); PARSF1 (+8.08); QPSFB1 (+8.08); QPSFB2 (+8.08); BANGOWF2 (-4.23),Majura Solar Farm (18 km); Mugga Lane Landfill (24 km); Capital Battery (24 km); Mugga Lane Solar Farm (24 km); Googong Dam Mini Hydro (33 km); Royalla Solar Farm (33 km); Williamsdale Solar Farm (41 km); Burrinjuck Power Station (45 km); Capital Wind Farm (47 km),K2,N-CTYS_3L_WG_CLOSE,supported,-63.883002499999975,-8.069071895003333,-124.05522950000008,5.240286666666748,0.0570113314447592,-45.61344416666665,-1.6666665771936096e-06,679.5130308333333,748.1158375,804.0,11.0,0.8781094527363185,VNI
VIC1-NSW1,reverse,CANBERRA/LINE/07,Lwr Tumut Canberra 07 330kV LINE,330.0,Canberra 330kV,NSW1,central Canberra,N-CNLT_07|N-CTMN_4_WG_CLOSE|N-CTYS_3L_WG_CLOSE|N-X_3L+07_WG_CLOSE|N-X_4+07_WG_CLOSE|N-X_5+07_WG_CLOSE,9,JEMALNG1 (+11.38); GOONSF1 (+8.08); PARSF1 (+8.08); QPSFB1 (+8.08); QPSFB2 (+8.08); BANGOWF2 (-4.23),Majura Solar Farm (18 km); Mugga Lane Landfill (24 km); Capital Battery (24 km); Mugga Lane Solar Farm (24 km); Googong Dam Mini Hydro (33 km); Royalla Solar Farm (33 km); Williamsdale Solar Farm (41 km); Burrinjuck Power Station (45 km); Capital Wind Farm (47 km),K1xK2,CANBERRA/LINE/07 × N-CNLT_07,supported,-94.38477333333327,-18.86593959885383,-157.53869000000003,-47.494573333333335,0.0,92.85065666666668,-176.315425,401.94927,541.0075816666666,566.0,7.0,0.7977031802120141,VNI
VIC1-NSW1,forward,CANBERRA/LINE/6,CapitalWF-Canberra 6 330kV LINE,330.0,Canberra 330kV,NSW1,central Canberra,V-DDSM,1,GANNSF1 (+1.76); KERNGSP1 (+1.76); GANNB1 (+1.76); COHUNSF1 (+1.76); KESSB1 (+1.70); LANCSF1 (+1.53),Majura Solar Farm (18 km); Mugga Lane Landfill (24 km); Capital Battery (24 km); Mugga Lane Solar Farm (24 km); Googong Dam Mini Hydro (33 km); Royalla Solar Farm (33 km); Williamsdale Solar Farm (41 km); Burrinjuck Power Station (45 km); Capital Wind Farm (47 km),K2,V-DDSM,supported,-117.684425,-15.014136781153306,-283.64145558333325,-3.0515316666666763,0.030534351145038163,-41.517785,-28.91421666666662,182.63034000000002,415.70907166666666,99.0,8.0,0.6616161616161617,VNI
VIC1-NSW1,reverse,CANBERRA/LINE/6,CapitalWF-Canberra 6 330kV LINE,330.0,Canberra 330kV,NSW1,central Canberra,V-DDSM,1,GANNSF1 (+1.76); KERNGSP1 (+1.76); GANNB1 (+1.76); COHUNSF1 (+1.76); KESSB1 (+1.70); LANCSF1 (+1.53),Majura Solar Farm (18 km); Mugga Lane Landfill (24 km); Capital Battery (24 km); Mugga Lane Solar Farm (24 km); Googong Dam Mini Hydro (33 km); Royalla Solar Farm (33 km); Williamsdale Solar Farm (41 km); Burrinjuck Power Station (45 km); Capital Wind Farm (47 km),K2,V-DDSM,supported,8.81439499999999,1.7135025117138263,-59.610203333333345,47.169226666666646,-0.0648854961832061,29.88893166666668,-23.27862583333342,516.8379249999999,568.06295,99.0,8.0,0.6616161616161617,VNI
VIC1-NSW1,forward,CPTS_KMTS_220/LINE/CPTS_KMTS_220,KMTS-CPTS 220kV LINE,220.0,,,,V-KMRC,1,BROKENH1 (-9.80); BHB1 (-9.80); STWF1 (-9.80); COHUNSF1 (-8.80); WEMENSF1 (-8.80); YATSF1 (-8.80),,K2,V-KMRC,supported,119.92435000000003,14.93387955376851,40.15759333333335,183.86220000000003,0.1078125,66.47466416666668,40.41353583333327,623.6985791666666,531.79454,174.5,20.0,0.9169054441260746,VNI
VIC1-NSW1,reverse,CPTS_KMTS_220/LINE/CPTS_KMTS_220,KMTS-CPTS 220kV LINE,220.0,,,,V-KMRC,1,BROKENH1 (-9.80); BHB1 (-9.80); STWF1 (-9.80); COHUNSF1 (-8.80); WEMENSF1 (-8.80); YATSF1 (-8.80),,K2,V-KMRC,supported,-94.75094333333334,-20.568280184477203,-161.70222745833343,-50.797954166666614,0.0546875,-56.00933416666664,-90.98367458333325,414.30397916666664,549.2570979166667,174.5,20.0,0.9169054441260746,VNI
VIC1-NSW1,forward,CROOKWF/LINE/61,Bannaby-Crokwel 61 330kV LINE,330.0,,,,N-X_61_76,2,JEMALNG1 (+8.85); QPSFB2 (+6.28); QPSFB1 (+6.28); GOONSF1 (+6.28); PARSF1 (+6.28); LDBESS1 (-5.38),,none,,unsupported,,,,,,,,,,,,,VNI
VIC1-NSW1,reverse,CROOKWF/LINE/61,Bannaby-Crokwel 61 330kV LINE,330.0,,,,N-X_61_76,2,JEMALNG1 (+8.85); QPSFB2 (+6.28); QPSFB1 (+6.28); GOONSF1 (+6.28); PARSF1 (+6.28); LDBESS1 (-5.38),,none,,unsupported,,,,,,,,,,,,,VNI
VIC1-NSW1,forward,CRTS/LINE/CRTS_GPTS1_220,Cressy-Golden Plains No.1 220kV LINE,220.0,Cressy 500 kV Station,VIC1,,V-CRGP,1,BROKENH1 (-0.71); BHB1 (-0.71); STWF1 (-0.71); UPPTUMUT (-0.60); URANQ13 (-0.49); URANQ11 (-0.49),,K3,CRTS,supported,-61.43275250000008,-7.531229779529362,-237.3204783333333,386.76371666666665,0.0,-264.5772175,525.5191212500001,595.2885241666665,665.3051933333334,49.0,6.0,0.7142857142857143,VNI
VIC1-NSW1,reverse,CRTS/LINE/CRTS_GPTS1_220,Cressy-Golden Plains No.1 220kV LINE,220.0,Cressy 500 kV Station,VIC1,,V-CRGP,1,BROKENH1 (-0.71); BHB1 (-0.71); STWF1 (-0.71); UPPTUMUT (-0.60); URANQ13 (-0.49); URANQ11 (-0.49),,K3,CRTS,supported,21.21601333333333,4.857295295165539,-146.62253833333335,835.5914183333333,0.0,282.13872208333333,-38.44569041666662,573.4146358333333,320.63597333333337,49.0,6.0,0.7142857142857143,VNI
VIC1-NSW1,forward,CRTS/LINE/CRTS_GPTS2_220,Cressy-Golden Plains No.2 220kV LINE,220.0,Cressy 500 kV Station,VIC1,,V-CRGP,1,BROKENH1 (-0.71); BHB1 (-0.71); STWF1 (-0.71); UPPTUMUT (-0.60); URANQ13 (-0.49); URANQ11 (-0.49),,K3,CRTS,supported,-61.43275250000008,-7.531229779529362,-237.3204783333333,386.76371666666665,0.0,-264.5772175,525.5191212500001,595.2885241666665,665.3051933333334,49.0,6.0,0.7142857142857143,VNI
VIC1-NSW1,reverse,CRTS/LINE/CRTS_GPTS2_220,Cressy-Golden Plains No.2 220kV LINE,220.0,Cressy 500 kV Station,VIC1,,V-CRGP,1,BROKENH1 (-0.71); BHB1 (-0.71); STWF1 (-0.71); UPPTUMUT (-0.60); URANQ13 (-0.49); URANQ11 (-0.49),,K3,CRTS,supported,21.21601333333333,4.857295295165539,-146.62253833333335,835.5914183333333,0.0,282.13872208333333,-38.44569041666662,573.4146358333333,320.63597333333337,49.0,6.0,0.7142857142857143,VNI
VIC1-NSW1,forward,CRTS/LINE/CRTS_MOPS2_500,Cressy-Mortlake No.2 500kV LINE,500.0,Cressy 500 kV Station,VIC1,,V-CRMO,4,DARTM1 (+0.95); MCKAY1 (+0.95); WKIEWA1 (+0.95); MURRAY (+0.79); BROKENH1 (-0.71); BHB1 (-0.71),,K3,CRTS,supported,-61.43275250000008,-7.531229779529362,-237.3204783333333,386.76371666666665,0.0,-264.5772175,525.5191212500001,595.2885241666665,665.3051933333334,49.0,6.0,0.7142857142857143,VNI
VIC1-NSW1,reverse,CRTS/LINE/CRTS_MOPS2_500,Cressy-Mortlake No.2 500kV LINE,500.0,Cressy 500 kV Station,VIC1,,V-CRMO,4,DARTM1 (+0.95); MCKAY1 (+0.95); WKIEWA1 (+0.95); MURRAY (+0.79); BROKENH1 (-0.71); BHB1 (-0.71),,K3,CRTS,supported,21.21601333333333,4.857295295165539,-146.62253833333335,835.5914183333333,0.0,282.13872208333333,-38.44569041666662,573.4146358333333,320.63597333333337,49.0,6.0,0.7142857142857143,VNI
VIC1-NSW1,forward,CWTS/LINE/N/A,Ararat220-CrwLnd 220kV LINE,220.0,Crowlands,VIC1,north-west of Ballarat (79 km),I-BDBU_ONE|V-ARCW|V-BUCW,4,SUNRSF1 (-13.04); LIMOSF21 (-13.04); LIMOSF11 (-13.04); GUNNING1 (-11.75); BLOWERNG (-11.31); BANGOWF1 (-10.96),Crowlands Wind Farm (1 km); Ararat Wind Farm (14 km); Bulgana Green Power Hub - BESS (18 km); Bulgana Green Power Hub (19 km); Challicum Hills Wind Farm (29 km); Waubra Wind Farm (47 km),K2,V-ARCW,supported,254.1848591666666,30.434278260083207,-175.3991683333333,710.9609883333334,0.055555555555555525,22.656470833333323,30.192693333333324,655.6558825,223.76791083333333,29.0,5.0,0.9310344827586207,VNI
VIC1-NSW1,reverse,CWTS/LINE/N/A,Ararat220-CrwLnd 220kV LINE,220.0,Crowlands,VIC1,north-west of Ballarat (79 km),I-BDBU_ONE|V-ARCW|V-BUCW,4,SUNRSF1 (-13.04); LIMOSF21 (-13.04); LIMOSF11 (-13.04); GUNNING1 (-11.75); BLOWERNG (-11.31); BANGOWF1 (-10.96),Crowlands Wind Farm (1 km); Ararat Wind Farm (14 km); Bulgana Green Power Hub - BESS (18 km); Bulgana Green Power Hub (19 km); Challicum Hills Wind Farm (29 km); Waubra Wind Farm (47 km),K2,V-ARCW,supported,-118.42052750000005,-25.232855913496827,-230.6106716666667,-58.61476333333337,-0.046296296296296294,-219.2306791666667,243.61628999999994,461.1787975,596.3364058333334,29.0,5.0,0.9310344827586207,VNI
VIC1-NSW1,forward,DAPTO/BUS/5A1,Dapto A1 330kV BUS,330.0,Dapto 330kV,NSW1,central Wollongong,N-DTSS_11|N-X_11+14,2,JEMALNG1 (+11.11); PARSF1 (+7.89); GOONSF1 (+7.89); TALWA1 (-5.68); TALWB1 (-5.68); SHGEN (-4.88),Tallawarra Power Station (3 km); Kangaroo Valley Pumping and Power Station (37 km); Bendeela Pumping and Power Station (39 km),K2,N-DTSS_11,supported,-21.574220000000082,-2.6424052417758803,-77.24892833333334,44.390771666666645,0.021739130434782622,-20.96786250000001,0.0,621.7093641666667,669.2477633333333,536.5,9.0,0.8574091332712023,VNI
VIC1-NSW1,reverse,DAPTO/BUS/5A1,Dapto A1 330kV BUS,330.0,Dapto 330kV,NSW1,central Wollongong,N-DTSS_11|N-X_11+14,2,JEMALNG1 (+11.11); PARSF1 (+7.89); GOONSF1 (+7.89); TALWA1 (-5.68); TALWB1 (-5.68); SHGEN (-4.88),Tallawarra Power Station (3 km); Kangaroo Valley Pumping and Power Station (37 km); Bendeela Pumping and Power Station (39 km),K2,N-DTSS_11,supported,-21.43283624999998,-4.166504762666769,-80.79266670833333,21.064289458333352,0.09239130434782607,25.575585416666662,-0.6177541666666606,478.846405,484.5270783333334,536.5,9.0,0.8574091332712023,VNI
VIC1-NSW1,forward,DAPTO/BUS/5B1,Dapto B1 330kV BUS,330.0,Dapto 330kV,NSW1,central Wollongong,N-DTMN_8_15M,2,MP2 (-3.69); MP1 (-3.69); WELNSF1 (-2.30); ORABESS1 (-2.30); STUBSF1 (-2.22); STUBSF2 (-2.22),Tallawarra Power Station (3 km); Kangaroo Valley Pumping and Power Station (37 km); Bendeela Pumping and Power Station (39 km),K2,N-DTMN_8_15M,supported,-11.411193333333259,-1.4144342593886121,-94.39323166666657,86.61513833333333,0.11009174311926606,7.7905299999999755,-1.6666666624587378e-06,627.0705066666667,626.4212608333333,383.0,9.0,0.8537859007832899,VNI
VIC1-NSW1,reverse,DAPTO/BUS/5B1,Dapto B1 330kV BUS,330.0,Dapto 330kV,NSW1,central Wollongong,N-DTMN_8_15M,2,MP2 (-3.69); MP1 (-3.69); WELNSF1 (-2.30); ORABESS1 (-2.30); STUBSF1 (-2.22); STUBSF2 (-2.22),Tallawarra Power Station (3 km); Kangaroo Valley Pumping and Power Station (37 km); Bendeela Pumping and Power Station (39 km),K2,N-DTMN_8_15M,supported,-76.48329833333335,-15.358210819350553,-137.54613333333327,-34.76416916666665,0.11697247706422019,11.18246,-53.75693333333338,428.28622583333333,527.5810333333334,383.0,9.0,0.8537859007832899,VNI
VIC1-NSW1,forward,DAPTO/LINE/11,Sydney S Dapto 11 330kV LINE,330.0,Dapto 330kV,NSW1,central Wollongong,N-DTSS_11|N-X_11+14|N-X_3L+11_WG_CLOSE,11,JEMALNG1 (+11.11); GOONSF1 (+7.89); PARSF1 (+7.89); QPSFB1 (+6.40); QPSFB2 (+6.40); TALWB1 (-5.68),Tallawarra Power Station (3 km); Kangaroo Valley Pumping and Power Station (37 km); Bendeela Pumping and Power Station (39 km),K1,DAPTO/LINE/11,supported,-42.858477499999935,-5.189918705046754,-94.14457329166669,22.807393333333337,0.0,-2.520552499999978,-6.666666660260129e-06,542.7380158333333,607.5522745833334,425.0,5.0,0.8258823529411765,VNI
VIC1-NSW1,reverse,DAPTO/LINE/11,Sydney S Dapto 11 330kV LINE,330.0,Dapto 330kV,NSW1,central Wollongong,N-DTSS_11|N-X_11+14|N-X_3L+11_WG_CLOSE,11,JEMALNG1 (+11.11); GOONSF1 (+7.89); PARSF1 (+7.89); QPSFB1 (+6.40); QPSFB2 (+6.40); TALWB1 (-5.68),Tallawarra Power Station (3 km); Kangaroo Valley Pumping and Power Station (37 km); Bendeela Pumping and Power Station (39 km),K1,DAPTO/LINE/11,supported,-21.80261291666665,-4.238388680633515,-94.94716249999999,15.657143333333332,0.0,9.160328749999952,8.472133333333346,482.10005666666666,488.71059833333334,425.0,5.0,0.8258823529411765,VNI
VIC1-NSW1,forward,DAPTO/LINE/18,Dapto Kng Vly PS 18 330kV LINE,330.0,Dapto 330kV,NSW1,central Wollongong,N-BADP|N-DTKV_18_WG_CLOSE,8,JEMALNG1 (+9.09); GOONSF1 (+6.45); PARSF1 (+6.45); GANNSF1 (-4.55); COHUNSF1 (-4.55); GANNB1 (-4.55),Tallawarra Power Station (3 km); Kangaroo Valley Pumping and Power Station (37 km); Bendeela Pumping and Power Station (39 km),K1xK2,DAPTO/LINE/18 × N-DTKV_18_WG_CLOSE,supported,-300.50071916666667,-35.44774772667041,-578.8085516666666,-130.55668833333334,0.0,-274.5182391666667,-3.2425216666667893,409.78691416666663,784.7778591666666,57.0,5.0,0.9824561403508771,VNI
VIC1-NSW1,reverse,DAPTO/LINE/18,Dapto Kng Vly PS 18 330kV LINE,330.0,Dapto 330kV,NSW1,central Wollongong,N-BADP|N-DTKV_18_WG_CLOSE,8,JEMALNG1 (+9.09); GOONSF1 (+6.45); PARSF1 (+6.45); GANNSF1 (-4.55); COHUNSF1 (-4.55); GANNB1 (-4.55),Tallawarra Power Station (3 km); Kangaroo Valley Pumping and Power Station (37 km); Bendeela Pumping and Power Station (39 km),K1xK2,DAPTO/LINE/18 × N-DTKV_18_WG_CLOSE,supported,-22.166988333333393,-4.354760998447939,-116.45507833333318,43.54129000000006,0.0,308.0057533333333,-285.40716,537.5633625,543.2989125,57.0,5.0,0.9824561403508771,VNI
VIC1-NSW1,forward,DAPTO/LINE/8,Dapto Marulan 8 330kV LINE,330.0,Dapto 330kV,NSW1,central Wollongong,N-DTMN_8_15M,11,MP2 (-3.69); MP1 (-3.69); WELNSF1 (-2.30); ORABESS1 (-2.30); STUBSF1 (-2.22); STUBSF2 (-2.22),Tallawarra Power Station (3 km); Kangaroo Valley Pumping and Power Station (37 km); Bendeela Pumping and Power Station (39 km),K1xK2,DAPTO/LINE/8 × N-DTMN_8_15M,supported,63.27399833333334,7.645456488065652,-65.92603358333328,157.5824316666666,0.0,-13.483358333333328,1.6666666609044256e-06,662.3354383333334,595.9161,230.0,8.0,0.8760869565217392,VNI
VIC1-NSW1,reverse,DAPTO/LINE/8,Dapto Marulan 8 330kV LINE,330.0,Dapto 330kV,NSW1,central Wollongong,N-DTMN_8_15M,11,MP2 (-3.69); MP1 (-3.69); WELNSF1 (-2.30); ORABESS1 (-2.30); STUBSF1 (-2.22); STUBSF2 (-2.22),Tallawarra Power Station (3 km); Kangaroo Valley Pumping and Power Station (37 km); Bendeela Pumping and Power Station (39 km),K1xK2,DAPTO/LINE/8 × N-DTMN_8_15M,supported,-53.73518333333328,-10.736360127328878,-126.52300500000001,6.083828958333301,0.0,13.10042083333326,-42.67386166666677,482.73345,544.2033783333333,230.0,8.0,0.8760869565217392,VNI
VIC1-NSW1,forward,DARL_PT/BUS/7,Drlngtn Pt 220kV BUS,220.0,Darlington Point 330kV,NSW1,,N-BADP,4,GANNSF1 (-4.55); KERNGSP1 (-4.55); GANNB1 (-4.55); COHUNSF1 (-4.55); KESSB1 (-4.42); NUMURSF1 (+3.80),,K2,N-BADP,supported,79.4695216666666,9.51511251900803,27.387917083333292,150.0302966666667,-0.13580246913580246,-121.20986666666667,234.67464499999997,896.3604674999999,778.7455,91.0,14.0,0.8901098901098901,VNI
VIC1-NSW1,reverse,DARL_PT/BUS/7,Drlngtn Pt 220kV BUS,220.0,Darlington Point 330kV,NSW1,,N-BADP,4,GANNSF1 (-4.55); KERNGSP1 (-4.55); GANNB1 (-4.55); COHUNSF1 (-4.55); KESSB1 (-4.42); NUMURSF1 (+3.80),,K2,N-BADP,supported,-130.39219666666665,-25.8336414409786,-309.4319215,-37.66758666666669,0.12345679012345678,112.59745500000002,-258.33907625000006,378.4117533333333,500.05070875,91.0,14.0,0.8901098901098901,VNI
VIC1-NSW1,forward,DARL_PT/LINE/63,Wagga Drlngtn Pt 63 330kV LINE,330.0,Darlington Point 330kV,NSW1,,N-DPWG_63|N-WAGGA_330_BUSB|N-WGWA_63_X5,3,URANQ11 (-10.49); URANQ12 (-10.49); FINLYSF1 (-10.49); AVLSF1 (-10.49); URANQ14 (-10.49); URANQ13 (-10.49),,K2,N-WGWA_63_X5,indicative,-44.77652166666661,-5.281940251322547,-163.10732160416669,88.22364833333347,-0.06382978723404255,167.2806875,-173.1449591666667,709.3296416666667,754.3919595833333,174.5,4.0,0.2693409742120344,VNI
VIC1-NSW1,reverse,DARL_PT/LINE/63,Wagga Drlngtn Pt 63 330kV LINE,330.0,Darlington Point 330kV,NSW1,,N-DPWG_63|N-WAGGA_330_BUSB|N-WGWA_63_X5,3,URANQ11 (-10.49); URANQ12 (-10.49); FINLYSF1 (-10.49); AVLSF1 (-10.49); URANQ14 (-10.49); URANQ13 (-10.49),,K3,DARL_PT,supported,-164.05787958333337,-33.83120407636176,-231.68727666666675,-121.47224666666668,0.0,-43.43014333333334,-77.98991041666653,268.076775,442.32172125,410.5,6.0,0.6236297198538368,VNI
VIC1-NSW1,forward,DDTS/LINE/DDTS_MSS1_330,Dederang Murray 1 330kV LINE,330.0,Dederang 330kV,VIC1,south of Wodonga (38 km),V-DDMS,8,HUMEV (-1.82); MURRAY (+1.06); BROKENH1 (-1.04); STWF1 (-1.04); BHB1 (-1.04); CUSF1 (-1.00),West Kiewa Power Station (38 km); Hume Power Station (39 km); Clover Flat Power Station Substation (42 km); Banimboola Power Station (43 km); Bogong Power Station (44 km); Dartmouth Power Station (49 km); McKay Creek Power Station (50 km),K1xK2,DDTS/LINE/DDTS_MSS1_330 × V-DDMS,supported,-59.96418166666666,-7.1796825210777,-153.0108679166667,4.551062770833265,0.0,131.9844016666666,-69.83129999999991,740.8956183333333,801.4981783333333,140.0,5.0,0.6607142857142857,VNI
VIC1-NSW1,reverse,DDTS/LINE/DDTS_MSS1_330,Dederang Murray 1 330kV LINE,330.0,Dederang 330kV,VIC1,south of Wodonga (38 km),V-DDMS,8,HUMEV (-1.82); MURRAY (+1.06); BROKENH1 (-1.04); STWF1 (-1.04); BHB1 (-1.04); CUSF1 (-1.00),West Kiewa Power Station (38 km); Hume Power Station (39 km); Clover Flat Power Station Substation (42 km); Banimboola Power Station (43 km); Bogong Power Station (44 km); Dartmouth Power Station (49 km); McKay Creek Power Station (50 km),K1xK2,DDTS/LINE/DDTS_MSS1_330 × V-DDMS,supported,-151.09278333333333,-29.372164935143008,-266.45165333333335,-61.60649999999998,0.0,-191.62372166666665,-20.43913500000008,344.75823833333334,499.38551666666666,140.0,5.0,0.6607142857142857,VNI
VIC1-NSW1,forward,DDTS/LINE/DDTS_MSS2_330,Dederang Murray 2 330kV LINE,330.0,Dederang 330kV,VIC1,south of Wodonga (38 km),I-BDBU_ONE|I-MURRAY_SRAS_R|V-DDMS,6,GUNNING1 (-11.75); BLOWERNG (-11.31); BANGOWF1 (-10.96); BANGOWF2 (-10.95); KERNGSP1 (+6.13); GANNSF1 (+6.13),West Kiewa Power Station (38 km); Hume Power Station (39 km); Clover Flat Power Station Substation (42 km); Banimboola Power Station (43 km); Bogong Power Station (44 km); Dartmouth Power Station (49 km); McKay Creek Power Station (50 km),K2,V-DDMS,supported,-58.27631416666662,-6.977589330595926,-131.41066999999998,-27.462504999999965,0.14833333333333334,52.3053666666666,-10.751408333333373,430.34136416666666,549.4968866666666,199.0,9.0,0.7537688442211056,VNI
VIC1-NSW1,reverse,DDTS/LINE/DDTS_MSS2_330,Dederang Murray 2 330kV LINE,330.0,Dederang 330kV,VIC1,south of Wodonga (38 km),I-BDBU_ONE|I-MURRAY_SRAS_R|V-DDMS,6,GUNNING1 (-11.75); BLOWERNG (-11.31); BANGOWF1 (-10.96); BANGOWF2 (-10.95); KERNGSP1 (+6.13); GANNSF1 (+6.13),West Kiewa Power Station (38 km); Hume Power Station (39 km); Clover Flat Power Station Substation (42 km); Banimboola Power Station (43 km); Bogong Power Station (44 km); Dartmouth Power Station (49 km); McKay Creek Power Station (50 km),K2,V-DDMS,supported,-90.83813999999995,-17.658770800425017,-184.45994083333335,-19.534170958333412,-0.04833333333333334,-83.85048416666669,-8.333333330057258e-07,413.74081249999995,478.90213833333337,199.0,9.0,0.7537688442211056,VNI
VIC1-NSW1,forward,DDTS/LINE/DDTS_WOTS_330,Dederang Wodonga 330kV LINE,330.0,Dederang 330kV,VIC1,south of Wodonga (38 km),N-DPWG_63|N-DPWG_63_X5|N-MNYS_5_WG_OPEN|V-DDWO_63|V-DDWO_RADIAL|V-DDWO_X5,5,JEMALNG1 (+10.50); GOONSF1 (+7.46); QPSFB1 (+7.46); QPSFB2 (+7.46); PARSF1 (+7.46); KERNGSP1 (-4.55),West Kiewa Power Station (38 km); Hume Power Station (39 km); Clover Flat Power Station Substation (42 km); Banimboola Power Station (43 km); Bogong Power Station (44 km); Dartmouth Power Station (49 km); McKay Creek Power Station (50 km),K1xK2,DDTS/LINE/DDTS_WOTS_330 × N-DPWG_63,indicative,843.4011558333334,107.60081731345895,843.0834983333333,843.0834983333333,0.0,1183.115005,-168.42212124999998,685.3266241666668,-156.30300166666666,24.0,3.0,0.2916666666666667,VNI
VIC1-NSW1,reverse,DDTS/LINE/DDTS_WOTS_330,Dederang Wodonga 330kV LINE,330.0,Dederang 330kV,VIC1,south of Wodonga (38 km),N-DPWG_63|N-DPWG_63_X5|N-MNYS_5_WG_OPEN|V-DDWO_63|V-DDWO_RADIAL|V-DDWO_X5,5,JEMALNG1 (+10.50); GOONSF1 (+7.46); QPSFB1 (+7.46); QPSFB2 (+7.46); PARSF1 (+7.46); KERNGSP1 (-4.55),West Kiewa Power Station (38 km); Hume Power Station (39 km); Clover Flat Power Station Substation (42 km); Banimboola Power Station (43 km); Bogong Power Station (44 km); Dartmouth Power Station (49 km); McKay Creek Power Station (50 km),K1xK2,DDTS/LINE/DDTS_WOTS_330 × N-DPWG_63_X5,indicative,-341.17195458333333,-64.37405095935048,-346.76364916666654,-346.76364916666654,-0.25,-1183.115005,809.0923533333332,370.09996,677.8022279166667,24.0,3.0,0.2916666666666667,VNI
VIC1-NSW1,forward,EL24725,Murrumbrrh 2 132kV BUS,132.0,,,,N-WNMR_991,1,WSTWYSF1 (-2.70); WAGGNSF1 (-2.70); BOMENSF1 (-2.70); SEBSF1 (-2.70); JUNEESF1 (-2.70); WYASF1 (-2.70),,K2,N-WNMR_991,indicative,-575.1307279166667,-67.84372766089464,-711.6178733333334,232.75696833333333,0.15789473684210525,-142.75279208333336,-3.3333333249174757e-06,235.26700499999998,698.1625566666667,63.5,4.0,0.8976377952755905,VNI
VIC1-NSW1,reverse,EL24725,Murrumbrrh 2 132kV BUS,132.0,,,,N-WNMR_991,1,WSTWYSF1 (-2.70); WAGGNSF1 (-2.70); BOMENSF1 (-2.70); SEBSF1 (-2.70); JUNEESF1 (-2.70); WYASF1 (-2.70),,K2,N-WNMR_991,indicative,-188.71844250000004,-45.12402387501541,-251.74282833333336,-51.08427166666672,0.17982456140350878,142.75279208333336,-381.92533916666673,338.6310775,588.2983116666667,63.5,4.0,0.8976377952755905,VNI
VIC1-NSW1,forward,EL31818,CrwLnd ARTS ln No2 bus 220kV CB,220.0,,,,V-ARCW,2,LIMOSF11 (-13.04); LIMOSF21 (-13.04); SUNRSF1 (-13.04); STWF1 (-9.77); BROKENH1 (-9.77); BHB1 (-9.77),,K2,V-ARCW,supported,254.1848591666666,30.434278260083207,-175.3991683333333,710.9609883333334,0.055555555555555525,22.656470833333323,30.192693333333324,655.6558825,223.76791083333333,29.0,5.0,0.9310344827586207,VNI
VIC1-NSW1,reverse,EL31818,CrwLnd ARTS ln No2 bus 220kV CB,220.0,,,,V-ARCW,2,LIMOSF11 (-13.04); LIMOSF21 (-13.04); SUNRSF1 (-13.04); STWF1 (-9.77); BROKENH1 (-9.77); BHB1 (-9.77),,K2,V-ARCW,supported,-118.42052750000005,-25.232855913496827,-230.6106716666667,-58.61476333333337,-0.046296296296296294,-219.2306791666667,243.61628999999994,461.1787975,596.3364058333334,29.0,5.0,0.9310344827586207,VNI
VIC1-NSW1,forward,EL32427,Buronga B1 220kV BUS,220.0,,,,I-X_BABU_BURC|N-BABU,3,KERNGSP1 (-4.55); GANNSF1 (-4.55); COHUNSF1 (-4.55); GANNB1 (-4.55); KESSB1 (-4.42); WUNUSF1 (+3.80),,K2,I-X_BABU_BURC,indicative,-253.27000499999997,-31.1956930735398,-458.1760833333334,-220.91993249999985,-0.21875,-201.7987283333333,18.331999166666606,585.9512175,871.6862766666667,23.5,5.0,0.6808510638297872,VNI
VIC1-NSW1,reverse,EL32427,Buronga B1 220kV BUS,220.0,,,,I-X_BABU_BURC|N-BABU,3,KERNGSP1 (-4.55); GANNSF1 (-4.55); COHUNSF1 (-4.55); GANNB1 (-4.55); KESSB1 (-4.42); WUNUSF1 (+3.80),,K2,I-X_BABU_BURC,indicative,-5.001339166666668,-1.1972397599309668,-244.37382666666656,94.30203833333331,0.09375,10.137601666666626,7.1293916666665496,328.5860916666667,350.76242083333335,23.5,5.0,0.6808510638297872,VNI
VIC1-NSW1,forward,EL32525,Kiamal SF-MuraWara 220kV LINE,220.0,Kiamal SF,VIC1,,V-CWHO|V-MRKM,4,BROKENH1 (-11.34); BHB1 (-11.34); STWF1 (-11.34); KARSF1 (-10.34); WEMENSF1 (-10.34); KIAMSF1 (-10.34),,K2,V-MRKM,supported,-6.2100783333333425,-0.7990244090782685,-102.75534666666658,110.31037283333308,-0.07602339181286549,-30.44159833333333,3.3762649999999326,542.5891616666667,517.579325,97.5,11.0,0.8769230769230769,VNI
VIC1-NSW1,reverse,EL32525,Kiamal SF-MuraWara 220kV LINE,220.0,Kiamal SF,VIC1,,V-CWHO|V-MRKM,4,BROKENH1 (-11.34); BHB1 (-11.34); STWF1 (-11.34); KARSF1 (-10.34); WEMENSF1 (-10.34); KIAMSF1 (-10.34),,K2,V-MRKM,supported,-17.991073333333247,-3.763264288142429,-99.00269583333335,80.98551666666663,0.05263157894736842,26.440271666666675,0.0,475.99581166666667,517.7970833333333,97.5,11.0,0.8769230769230769,VNI
VIC1-NSW1,forward,EL32526,Kiamal SF-Red Cliffs 220kV LINE,220.0,Kiamal SF,VIC1,,V-KMRC|V-RCTS_BUS2,16,BROKENH1 (-9.80); BHB1 (-9.80); STWF1 (-9.80); COHUNSF1 (-8.80); WEMENSF1 (-8.80); YATSF1 (-8.80),,K1xK2,EL32526 × V-KMRC,supported,187.02057333333335,24.06314301883129,106.62203666666669,285.76254641666645,0.0,-30.721293333333342,282.9137366666666,660.5591166666667,521.9888241666667,87.0,7.0,0.9827586206896551,VNI
VIC1-NSW1,reverse,EL32526,Kiamal SF-Red Cliffs 220kV LINE,220.0,Kiamal SF,VIC1,,V-KMRC|V-RCTS_BUS2,16,BROKENH1 (-9.80); BHB1 (-9.80); STWF1 (-9.80); COHUNSF1 (-8.80); WEMENSF1 (-8.80); YATSF1 (-8.80),,K1xK2,EL32526 × V-KMRC,supported,-127.07014666666669,-26.57976743131259,-171.26172014583335,-94.15658499999995,0.0,80.24038333333331,-206.82822499999997,392.8323266666667,558.2537366666667,87.0,7.0,0.9827586206896551,VNI
VIC1-NSW1,forward,EL32811,Stockdil-Upr Tumut 1 330kV LINE,330.0,,,,N-4+1_WG_CLOSE|N-CTMN_4_WG_CLOSE,1,JEMALNG1 (+9.01); PARSF1 (+6.40); QPSFB2 (+6.40); GOONSF1 (+6.40); QPSFB1 (+6.40); HUMENSW (-4.02),,none,,unsupported,,,,,,,,,,,,,VNI
VIC1-NSW1,reverse,EL32811,Stockdil-Upr Tumut 1 330kV LINE,330.0,,,,N-4+1_WG_CLOSE|N-CTMN_4_WG_CLOSE,1,JEMALNG1 (+9.01); PARSF1 (+6.40); QPSFB2 (+6.40); GOONSF1 (+6.40); QPSFB1 (+6.40); HUMENSW (-4.02),,K2,N-CTMN_4_WG_CLOSE,supported,-63.61050999999999,-12.414982010184538,-97.10989399999997,-26.77099497916662,0.009889049686444773,74.56205999999997,-83.39092499999998,389.2153166666667,483.0783016666667,1630.0,12.0,0.6358895705521472,VNI
VIC1-NSW1,forward,EL32851,CollctorWF-Yass 3L 330kV LINE,330.0,,,,N-CTYS_3L_WG_CLOSE,1,JEMALNG1 (+9.01); PARSF1 (+6.40); GOONSF1 (+6.40); QPSFB1 (+6.40); QPSFB2 (+6.40); HUMENSW (-4.02),,K2,N-CTYS_3L_WG_CLOSE,supported,-63.883002499999975,-8.069071895003333,-124.05522950000008,5.240286666666748,0.0570113314447592,-45.61344416666665,-1.6666665771936096e-06,679.5130308333333,748.1158375,804.0,11.0,0.8781094527363185,VNI
VIC1-NSW1,reverse,EL32851,CollctorWF-Yass 3L 330kV LINE,330.0,,,,N-CTYS_3L_WG_CLOSE,1,JEMALNG1 (+9.01); PARSF1 (+6.40); GOONSF1 (+6.40); QPSFB1 (+6.40); QPSFB2 (+6.40); HUMENSW (-4.02),,K2,N-CTYS_3L_WG_CLOSE,supported,-65.78127833333338,-13.581163963912338,-116.95038499999998,-24.80180500000006,0.05099150141643061,40.34474499999999,-97.29777208333331,397.0337433333333,465.3583583333333,804.0,11.0,0.8781094527363185,VNI
VIC1-NSW1,forward,EL32852,CollctorWF-Marulan 4 330kV LINE,330.0,,,,I-BURC|N-CTMN_4_WG_CLOSE,3,JEMALNG1 (+9.01); QPSFB1 (+6.40); GOONSF1 (+6.40); QPSFB2 (+6.40); PARSF1 (+6.40); GANNSF1 (-5.71),,K2,I-BURC,supported,365.01683,45.92178780893163,141.75571333333335,508.17485666666664,0.13818181818181816,222.493295,1.6666666624587378e-06,483.42104166666667,97.36677833333331,157.5,16.0,0.873015873015873,VNI
VIC1-NSW1,reverse,EL32852,CollctorWF-Marulan 4 330kV LINE,330.0,,,,I-BURC|N-CTMN_4_WG_CLOSE,3,JEMALNG1 (+9.01); QPSFB1 (+6.40); GOONSF1 (+6.40); QPSFB2 (+6.40); PARSF1 (+6.40); GANNSF1 (-5.71),,K2,N-CTMN_4_WG_CLOSE,supported,-63.61050999999999,-12.414982010184538,-97.10989399999997,-26.77099497916662,0.009889049686444773,74.56205999999997,-83.39092499999998,389.2153166666667,483.0783016666667,1630.0,12.0,0.6358895705521472,VNI
VIC1-NSW1,forward,EL32900,Ravine-Yass 2 330kV LINE,330.0,Ravine,NSW1,,N-CTYS_3L_WG_CLOSE|N-MNYS_5_WG_CLOSE|N-X_2+8|N-X_2_5|N-X_3L+2_WG_CLOSE,4,JEMALNG1 (+9.09); GOONSF1 (+6.45); QPSFB1 (+6.45); QPSFB2 (+6.45); PARSF1 (+6.45); HUMENSW (-4.02),,K2,N-CTYS_3L_WG_CLOSE,supported,-63.883002499999975,-8.069071895003333,-124.05522950000008,5.240286666666748,0.0570113314447592,-45.61344416666665,-1.6666665771936096e-06,679.5130308333333,748.1158375,804.0,11.0,0.8781094527363185,VNI
VIC1-NSW1,reverse,EL32900,Ravine-Yass 2 330kV LINE,330.0,Ravine,NSW1,,N-CTYS_3L_WG_CLOSE|N-MNYS_5_WG_CLOSE|N-X_2+8|N-X_2_5|N-X_3L+2_WG_CLOSE,4,JEMALNG1 (+9.09); GOONSF1 (+6.45); QPSFB1 (+6.45); QPSFB2 (+6.45); PARSF1 (+6.45); HUMENSW (-4.02),,K2,N-CTYS_3L_WG_CLOSE,supported,-65.78127833333338,-13.581163963912338,-116.95038499999998,-24.80180500000006,0.05099150141643061,40.34474499999999,-97.29777208333331,397.0337433333333,465.3583583333333,804.0,11.0,0.8781094527363185,VNI
VIC1-NSW1,forward,EL33134,Balranald 1 220kV BUS,220.0,Balranald 220/22kV Substation,NSW1,,N-BABU|N-BADP|N-MNYS_5_WG_CLOSE|N-X_BABU_BADP_MNYS,1,JEMALNG1 (+9.09); QPSFB2 (+6.45); PARSF1 (+6.45); QPSFB1 (+6.45); GOONSF1 (+6.45); KERNGSP1 (-4.55),,K2,N-BADP,supported,79.4695216666666,9.51511251900803,27.387917083333292,150.0302966666667,-0.13580246913580246,-121.20986666666667,234.67464499999997,896.3604674999999,778.7455,91.0,14.0,0.8901098901098901,VNI
VIC1-NSW1,reverse,EL33134,Balranald 1 220kV BUS,220.0,Balranald 220/22kV Substation,NSW1,,N-BABU|N-BADP|N-MNYS_5_WG_CLOSE|N-X_BABU_BADP_MNYS,1,JEMALNG1 (+9.09); QPSFB2 (+6.45); PARSF1 (+6.45); QPSFB1 (+6.45); GOONSF1 (+6.45); KERNGSP1 (-4.55),,K2,N-BADP,supported,-130.39219666666665,-25.8336414409786,-309.4319215,-37.66758666666669,0.12345679012345678,112.59745500000002,-258.33907625000006,378.4117533333333,500.05070875,91.0,14.0,0.8901098901098901,VNI
VIC1-NSW1,forward,ERARING/TRANS/2TL,Eraring500 2 525/345/34kV XFMR,,Eraring 500kV,NSW1,south-west of Newcastle (29 km),N-ER_TX,4,ER03 (-4.57); ER04 (-4.57); LDBESS1 (-4.55); BW02 (-4.29); BW01 (-4.29); GNNDHSF1 (-4.16),Eraring Power Station (0 km); Vales Point Power Station (11 km); Teralba Envirogen Power Station (16 km); Colongra Power Station (17 km); Waratah Super Battery (17 km); Summerhill Solar Farm (23 km); Cargill Solar (31 km); Schwartz Solar Farm (36 km),K1xK2,ERARING/TRANS/2TL × N-ER_TX,indicative,59.64732083333331,7.588305046410605,-28.39740166666661,170.92913833333333,0.0,116.96994666666663,-16.47465333333338,853.25273,794.5459116666667,203.5,4.0,0.9533169533169533,VNI
VIC1-NSW1,reverse,ERARING/TRANS/2TL,Eraring500 2 525/345/34kV XFMR,,Eraring 500kV,NSW1,south-west of Newcastle (29 km),N-ER_TX,4,ER03 (-4.57); ER04 (-4.57); LDBESS1 (-4.55); BW02 (-4.29); BW01 (-4.29); GNNDHSF1 (-4.16),Eraring Power Station (0 km); Vales Point Power Station (11 km); Teralba Envirogen Power Station (16 km); Colongra Power Station (17 km); Waratah Super Battery (17 km); Summerhill Solar Farm (23 km); Cargill Solar (31 km); Schwartz Solar Farm (36 km),K1xK2,ERARING/TRANS/2TL × N-ER_TX,indicative,-29.949605833333294,-6.035197326127511,-87.50081000000003,50.897843333333356,0.0,-92.53147249999995,124.32195458333337,505.3880258333333,543.3658,203.5,4.0,0.9533169533169533,VNI
VIC1-NSW1,forward,GPTS/CB/CRTS2_GPEC2,Golden Plains CRTS 2/GPEC 2 220kV CB,220.0,Golden Plains 220 kV Station,VIC1,,V-CRGP,1,BROKENH1 (-0.71); BHB1 (-0.71); STWF1 (-0.71); UPPTUMUT (-0.60); URANQ13 (-0.49); URANQ11 (-0.49),,K2,V-CRGP,indicative,-33.586304166666594,-4.284928653317985,-81.31771000000003,73.57176166666665,0.05379746835443039,34.29505166666664,-1.6666667761455756e-06,623.296645,540.7157841666667,162.0,3.0,0.9753086419753086,VNI
VIC1-NSW1,reverse,GPTS/CB/CRTS2_GPEC2,Golden Plains CRTS 2/GPEC 2 220kV CB,220.0,Golden Plains 220 kV Station,VIC1,,V-CRGP,1,BROKENH1 (-0.71); BHB1 (-0.71); STWF1 (-0.71); UPPTUMUT (-0.60); URANQ13 (-0.49); URANQ11 (-0.49),,K2,V-CRGP,indicative,44.15246583333334,8.330910695772735,3.2554489583333384,92.09838500000001,-0.03955696202531646,-34.29505166666664,120.31336666666664,670.9572933333334,679.0732533333334,162.0,3.0,0.9753086419753086,VNI
VIC1-NSW1,forward,GRIFFITH/LINE/99J,Griffith Yanco 99J 132kV LINE,132.0,Griffith 132kV,NSW1,,N-WGWA_63|N-WGWA_RADIAL|V-AR_WB_BA,2,KIAMSF1 (-6.25); GANNB1 (-6.25); GANNSF1 (-6.25); COHUNSF1 (-6.25); BULBES1 (-6.25); KIATAWF1 (-6.25),,K2,V-AR_WB_BA,supported,-79.88317500000016,-9.930816302389363,-195.49784999999997,111.3126525,-0.01867219917012447,-60.03904666666668,-1.6666666744491465e-06,398.24457,351.73086166666667,129.0,16.0,0.9341085271317829,VNI
VIC1-NSW1,reverse,GRIFFITH/LINE/99J,Griffith Yanco 99J 132kV LINE,132.0,Griffith 132kV,NSW1,,N-WGWA_63|N-WGWA_RADIAL|V-AR_WB_BA,2,KIAMSF1 (-6.25); GANNB1 (-6.25); GANNSF1 (-6.25); COHUNSF1 (-6.25); BULBES1 (-6.25); KIATAWF1 (-6.25),,none,,unsupported,,,,,,,,,,,,,VNI
VIC1-NSW1,forward,GTS/LINE/GTS_MLTS2_220,Geelong Moorabool 2 220kV LINE,220.0,Geelong 220kV,VIC1,central Geelong,CA_BRIS_5964121F,1,VBB1 (+2.60); CROWLWF1 (+2.39); MERCER01 (+2.39); BULBES1 (+2.39); KIATAWF1 (+2.39); KIAMSF1 (+2.39),Victoria Big Battery (7 km); Deakin University Solar Farm (14 km); Black Rock Solar Farm (23 km); Yaloak South Wind Farm (40 km); Moorabool Wind Farm (45 km); Lal Lal (Elaine) Wind Farm (47 km); Laverton North Power Station (48 km); Mount Mercer Wind Farm (49 km),K4,VIC1:Geelong,supported,-61.65673166666659,-7.382336360641473,-107.50427204166672,-5.161210833333337,0.0,-45.56982999999991,0.0,670.9106499999999,734.5303100000001,727.0,25.0,0.8548830811554333,VNI
VIC1-NSW1,reverse,GTS/LINE/GTS_MLTS2_220,Geelong Moorabool 2 220kV LINE,220.0,Geelong 220kV,VIC1,central Geelong,CA_BRIS_5964121F,1,VBB1 (+2.60); CROWLWF1 (+2.39); MERCER01 (+2.39); BULBES1 (+2.39); KIATAWF1 (+2.39); KIAMSF1 (+2.39),Victoria Big Battery (7 km); Deakin University Solar Farm (14 km); Black Rock Solar Farm (23 km); Yaloak South Wind Farm (40 km); Moorabool Wind Farm (45 km); Lal Lal (Elaine) Wind Farm (47 km); Laverton North Power Station (48 km); Mount Mercer Wind Farm (49 km),K4,VIC1:Geelong,supported,29.87296166666664,6.131809074336196,-34.83343429166669,87.37161666666657,0.0,53.21466333333319,-37.595159999999964,507.2568183333333,439.6667883333333,727.0,25.0,0.8548830811554333,VNI
VIC1-NSW1,forward,HGTS/LINE/HGTS_TRTS1_500,Tarrone - HGTS 500kV no 1 LINE,500.0,Haunted Gully TS 500kV,VIC1,south-west of Ballarat (68 km),V-HGTR,2,WKIEWA1 (+1.05); MCKAY1 (+1.05); DARTM1 (+1.05); MURRAY (+0.78); BROKENH1 (-0.71); BHB1 (-0.71),Berrybank Stage 2 Wind Farm (18 km); Berrybank Stage 1 Wind Farm (19 km); Dundonnell Wind Farm (33 km); Mortlake South Wind Farm (44 km); Salt Creek Wind Farm (48 km); Mount Gellibrand Wind Farm (48 km); Chepstowe Wind Farm (48 km),none,,unsupported,,,,,,,,,,,,,VNI
VIC1-NSW1,reverse,HGTS/LINE/HGTS_TRTS1_500,Tarrone - HGTS 500kV no 1 LINE,500.0,Haunted Gully TS 500kV,VIC1,south-west of Ballarat (68 km),V-HGTR,2,WKIEWA1 (+1.05); MCKAY1 (+1.05); DARTM1 (+1.05); MURRAY (+0.78); BROKENH1 (-0.71); BHB1 (-0.71),Berrybank Stage 2 Wind Farm (18 km); Berrybank Stage 1 Wind Farm (19 km); Dundonnell Wind Farm (33 km); Mortlake South Wind Farm (44 km); Salt Creek Wind Farm (48 km); Mount Gellibrand Wind Farm (48 km); Chepstowe Wind Farm (48 km),none,,unsupported,,,,,,,,,,,,,VNI
VIC1-NSW1,forward,HOTS/LINE/BGTS_HOTS_220,Bulgana-Horsham 220kV LINE,220.0,Horsham 220kV,VIC1,central Horsham,V-BUHO|V-CWHO,5,BROKENH1 (-11.34); BHB1 (-11.34); STWF1 (-11.34); KARSF1 (-10.34); WEMENSF1 (-10.34); KIAMSF1 (-10.34),Murra Warra Wind Farm (33 km),K1,HOTS/LINE/BGTS_HOTS_220,indicative,-26.92428833333338,-3.176050237772626,-262.85169416666673,282.8296333333334,0.0,14.50642333333343,-3.333333332022903e-06,631.26641,581.709375,25.0,3.0,0.96,VNI
VIC1-NSW1,reverse,HOTS/LINE/BGTS_HOTS_220,Bulgana-Horsham 220kV LINE,220.0,Horsham 220kV,VIC1,central Horsham,V-BUHO|V-CWHO,5,BROKENH1 (-11.34); BHB1 (-11.34); STWF1 (-11.34); KARSF1 (-10.34); WEMENSF1 (-10.34); KIAMSF1 (-10.34),Murra Warra Wind Farm (33 km),K1,HOTS/LINE/BGTS_HOTS_220,indicative,77.81456166666669,18.627548347420966,68.31778166666669,115.29074666666668,0.0,-114.64537166666665,145.82042083333343,561.783,484.1759925,25.0,3.0,0.96,VNI
VIC1-NSW1,forward,HOTS/SVC/SVC,Horsham 220kV SVC,220.0,Horsham 220kV,VIC1,central Horsham,V-KOWE,1,MCKAY1 (+0.95); DARTM1 (+0.95); WKIEWA1 (+0.95); MURRAY (+0.79); MOKOSF1 (+0.43); GLRWNSF1 (+0.43),Murra Warra Wind Farm (33 km),K3,HOTS,indicative,-25.964403333333394,-3.0628200218151633,-262.85169416666673,282.8296333333334,0.0,49.0150316666668,-3.3333333249174757e-06,640.712325,582.450945,32.0,4.0,0.765625,VNI
VIC1-NSW1,reverse,HOTS/SVC/SVC,Horsham 220kV SVC,220.0,Horsham 220kV,VIC1,central Horsham,V-KOWE,1,MCKAY1 (+0.95); DARTM1 (+0.95); WKIEWA1 (+0.95); MURRAY (+0.79); MOKOSF1 (+0.43); GLRWNSF1 (+0.43),Murra Warra Wind Farm (33 km),K3,HOTS,indicative,83.05706500000008,19.88251891091918,68.31778166666669,123.66326499999997,0.0,-138.535675,162.60033333333337,566.1804183333334,490.45327499999996,32.0,4.0,0.765625,VNI
VIC1-NSW1,forward,HWPS/BUS/7MN6,Hazelwd PS 6 220kV BUS,220.0,Hazelwood Ps 220kV,VIC1,,V-MLSY_NOEMTT_P,1,MCKAY1 (+0.95); DARTM1 (+0.95); WKIEWA1 (+0.95); MURRAY (+0.79); RYANCWF1 (+0.43); BULGANA1 (+0.43),,none,,unsupported,,,,,,,,,,,,,VNI
VIC1-NSW1,reverse,HWPS/BUS/7MN6,Hazelwd PS 6 220kV BUS,220.0,Hazelwood Ps 220kV,VIC1,,V-MLSY_NOEMTT_P,1,MCKAY1 (+0.95); DARTM1 (+0.95); WKIEWA1 (+0.95); MURRAY (+0.79); RYANCWF1 (+0.43); BULGANA1 (+0.43),,none,,unsupported,,,,,,,,,,,,,VNI
VIC1-NSW1,forward,HYTS/LINE/APD_HYTS1_500,Alc/prtlnd Heywood 1 500kV LINE,500.0,Heywood 500kV,VIC1,north of Portland (18 km),V-HYTR,3,MCKAY1 (+0.95); WKIEWA1 (+0.95); DARTM1 (+0.95); MURRAY (+0.79); BHB1 (-0.71); BROKENH1 (-0.71),Cape Nelson North Wind Farm (22 km); Cape Sir William Grant Wind Farm (24 km); Cape Nelson South Wind Farm (26 km); Cape Bridgewater Wind Farm (30 km); Codrington Wind Farm (30 km); Yambuk Wind Farm (35 km),K2,V-HYTR,indicative,34.451534166666704,4.395314386750076,-114.39991166666641,205.07478500000002,0.11111111111111112,60.635001666666625,-107.36919249999994,1109.8934475,1086.6270283333333,18.0,3.0,1.0,VNI
VIC1-NSW1,reverse,HYTS/LINE/APD_HYTS1_500,Alc/prtlnd Heywood 1 500kV LINE,500.0,Heywood 500kV,VIC1,north of Portland (18 km),V-HYTR,3,MCKAY1 (+0.95); WKIEWA1 (+0.95); DARTM1 (+0.95); MURRAY (+0.79); BHB1 (-0.71); BROKENH1 (-0.71),Cape Nelson North Wind Farm (22 km); Cape Sir William Grant Wind Farm (24 km); Cape Nelson South Wind Farm (26 km); Cape Bridgewater Wind Farm (30 km); Codrington Wind Farm (30 km); Yambuk Wind Farm (35 km),K3,HYTS,supported,15.302121666666636,3.313228490435658,-56.31935833333331,96.14386499999998,0.0,21.2228433333334,-1.6249999845285856e-05,360.1975941666667,312.6046416666667,143.0,14.0,0.7482517482517482,VNI
VIC1-NSW1,forward,HYTS/LINE/HYTS_SESS1_275,South_East Heywood. 1 275kV LINE,275.0,Heywood 500kV,VIC1,north of Portland (18 km),I-HYSE|I-X_BDBU+HYSE|S-TBSE,12,MCKAY1 (+1.05); DARTM1 (+1.05); WKIEWA1 (+1.05); MURRAY (+0.88); MOKOSF1 (+0.43); GLRWNSF1 (+0.43),Cape Nelson North Wind Farm (22 km); Cape Sir William Grant Wind Farm (24 km); Cape Nelson South Wind Farm (26 km); Cape Bridgewater Wind Farm (30 km); Codrington Wind Farm (30 km); Yambuk Wind Farm (35 km),none,,unsupported,,,,,,,,,,,,,VNI
VIC1-NSW1,reverse,HYTS/LINE/HYTS_SESS1_275,South_East Heywood. 1 275kV LINE,275.0,Heywood 500kV,VIC1,north of Portland (18 km),I-HYSE|I-X_BDBU+HYSE|S-TBSE,12,MCKAY1 (+1.05); DARTM1 (+1.05); WKIEWA1 (+1.05); MURRAY (+0.88); MOKOSF1 (+0.43); GLRWNSF1 (+0.43),Cape Nelson North Wind Farm (22 km); Cape Sir William Grant Wind Farm (24 km); Cape Nelson South Wind Farm (26 km); Cape Bridgewater Wind Farm (30 km); Codrington Wind Farm (30 km); Yambuk Wind Farm (35 km),K2,S-TBSE,supported,-8.959586666666667,-2.1144331463452275,-47.89469652083335,26.707396916666667,-0.02471839799749688,-19.556068333333286,3.8190466666666225,398.2063258333333,417.60286583333334,1023.0,48.0,0.7810361681329423,VNI
VIC1-NSW1,forward,HYTS/LINE/HYTS_SESS2_275,South_East Heywood. 2 275kV LINE,275.0,Heywood 500kV,VIC1,north of Portland (18 km),I-HYSE|I-X_BDBU+HYSE,20,MCKAY1 (+1.05); DARTM1 (+1.05); WKIEWA1 (+1.05); MURRAY (+0.88); COHUNSF1 (+0.42); GANNSF1 (+0.42),Cape Nelson North Wind Farm (22 km); Cape Sir William Grant Wind Farm (24 km); Cape Nelson South Wind Farm (26 km); Cape Bridgewater Wind Farm (30 km); Codrington Wind Farm (30 km); Yambuk Wind Farm (35 km),none,,unsupported,,,,,,,,,,,,,VNI
VIC1-NSW1,reverse,HYTS/LINE/HYTS_SESS2_275,South_East Heywood. 2 275kV LINE,275.0,Heywood 500kV,VIC1,north of Portland (18 km),I-HYSE|I-X_BDBU+HYSE,20,MCKAY1 (+1.05); DARTM1 (+1.05); WKIEWA1 (+1.05); MURRAY (+0.88); COHUNSF1 (+0.42); GANNSF1 (+0.42),Cape Nelson North Wind Farm (22 km); Cape Sir William Grant Wind Farm (24 km); Cape Nelson South Wind Farm (26 km); Cape Bridgewater Wind Farm (30 km); Codrington Wind Farm (30 km); Yambuk Wind Farm (35 km),K3,HYTS,supported,15.302121666666636,3.313228490435658,-56.31935833333331,96.14386499999998,0.0,21.2228433333334,-1.6249999845285856e-05,360.1975941666667,312.6046416666667,143.0,14.0,0.7482517482517482,VNI
VIC1-NSW1,forward,INGLBURN/LINE/77,Ingleburn Wllrwng PS 77 330kV LINE,330.0,Ingleburn 330kV,NSW1,south-west of Sydney (37 km),N-X_AVMA_SSWW,1,ER03 (+4.18); ER04 (+4.18); BW01 (-3.73); BW02 (-3.73); GNNDHSF1 (-3.64); NEWENSF1 (-3.51),USCAWRC Solar Farm (19 km); DHL HP8 Solar (20 km); Smithfield Open Cycle Gas Turbine (20 km); Wallgrove Battery (22 km); Jenema Gas Networks - Flemington (27 km); Warragamba Power Station (28 km),K2,N-X_AVMA_SSWW,supported,147.50611166666667,18.3561460899832,-45.15603666666652,212.35672,0.03282828282828283,43.22588833333336,14.19661166666657,740.2522708333333,622.098915,102.5,10.0,0.9658536585365853,VNI
VIC1-NSW1,reverse,INGLBURN/LINE/77,Ingleburn Wllrwng PS 77 330kV LINE,330.0,Ingleburn 330kV,NSW1,south-west of Sydney (37 km),N-X_AVMA_SSWW,1,ER03 (+4.18); ER04 (+4.18); BW01 (-3.73); BW02 (-3.73); GNNDHSF1 (-3.64); NEWENSF1 (-3.51),USCAWRC Solar Farm (19 km); DHL HP8 Solar (20 km); Smithfield Open Cycle Gas Turbine (20 km); Wallgrove Battery (22 km); Jenema Gas Networks - Flemington (27 km); Warragamba Power Station (28 km),K2,N-X_AVMA_SSWW,supported,25.027205833333426,4.787514786975032,-66.43953650000002,119.96349166666658,0.058080808080808094,-63.2953,13.798521666666687,567.20289,432.75257916666664,102.5,10.0,0.9658536585365853,VNI
VIC1-NSW1,forward,JINDERA/LINE/060,Wodonga. Jinderra 60 330kV LINE,330.0,Jinderra 330kV,NSW1,,I-JNWO_RADIAL|N-DPWG_63_X5,1,KERNGSP1 (-4.55); GANNB1 (-4.55); COHUNSF1 (-4.55); GANNSF1 (-4.55); KESSB1 (-4.42); NUMURSF1 (+3.80),,K3,JINDERA,indicative,-64.49939958333346,-7.7226970991232395,-186.50604666666652,99.0157224791666,0.0,-109.56471666666664,1.666666605615319e-06,709.0710358333333,818.8310483333333,181.5,3.0,0.9090909090909091,VNI
VIC1-NSW1,reverse,JINDERA/LINE/060,Wodonga. Jinderra 60 330kV LINE,330.0,Jinderra 330kV,NSW1,,I-JNWO_RADIAL|N-DPWG_63_X5,1,KERNGSP1 (-4.55); GANNB1 (-4.55); COHUNSF1 (-4.55); GANNSF1 (-4.55); KESSB1 (-4.42); NUMURSF1 (+3.80),,K3,JINDERA,indicative,-216.37120083333326,-43.59944769431084,-271.2170991666666,-159.83954212500004,0.0,41.90735833333329,-269.30837499999996,270.3316758333333,505.3880258333333,181.5,3.0,0.9090909090909091,VNI
VIC1-NSW1,forward,JINDERA/LINE/62,Wagga Jinderra 62 330kV LINE,330.0,Jinderra 330kV,NSW1,,N-JNWG_RADIAL,2,KERNGSP1 (-4.55); COHUNSF1 (-4.55); GANNSF1 (-4.55); GANNB1 (-4.55); KESSB1 (-4.42); NUMURSF1 (+3.80),,K2,N-JNWG_RADIAL,indicative,152.7668666666666,18.291212719345438,31.973320000000058,466.34896337499987,-0.108187134502924,-78.12871333333328,191.58799166666665,694.9580816666667,596.376965,206.5,3.0,0.41404358353510895,VNI
VIC1-NSW1,reverse,JINDERA/LINE/62,Wagga Jinderra 62 330kV LINE,330.0,Jinderra 330kV,NSW1,,N-JNWG_RADIAL,2,KERNGSP1 (-4.55); COHUNSF1 (-4.55); GANNSF1 (-4.55); GANNB1 (-4.55); KESSB1 (-4.42); NUMURSF1 (+3.80),,K2,N-JNWG_RADIAL,indicative,-192.11624833333332,-37.34705264061846,-288.76508279166666,-33.066221666666706,-0.023391812865497075,80.52634499999988,-105.65189333333342,243.247485,363.354895,206.5,3.0,0.41404358353510895,VNI
VIC1-NSW1,forward,JINDERA/LINE/N/A,Wodonga Jinderra. 330kV LINE,330.0,Jinderra 330kV,NSW1,,I-JNWO_63|I-JNWO_RADIAL|N-DPWG_63|N-DPWG_63_X5,3,GANNB1 (-4.55); KERNGSP1 (-4.55); GANNSF1 (-4.55); COHUNSF1 (-4.55); KESSB1 (-4.42); HUMENSW (-4.02),,K3,JINDERA,indicative,-64.49939958333346,-7.7226970991232395,-186.50604666666652,99.0157224791666,0.0,-109.56471666666664,1.666666605615319e-06,709.0710358333333,818.8310483333333,181.5,3.0,0.9090909090909091,VNI
VIC1-NSW1,reverse,JINDERA/LINE/N/A,Wodonga Jinderra. 330kV LINE,330.0,Jinderra 330kV,NSW1,,I-JNWO_63|I-JNWO_RADIAL|N-DPWG_63|N-DPWG_63_X5,3,GANNB1 (-4.55); KERNGSP1 (-4.55); GANNSF1 (-4.55); COHUNSF1 (-4.55); KESSB1 (-4.42); HUMENSW (-4.02),,K3,JINDERA,indicative,-216.37120083333326,-43.59944769431084,-271.2170991666666,-159.83954212500004,0.0,41.90735833333329,-269.30837499999996,270.3316758333333,505.3880258333333,181.5,3.0,0.9090909090909091,VNI
VIC1-NSW1,forward,KANGAROO/BUS/3 & 4,Kng Vly 3 & 4 330kV BUS,330.0,Kangaroo Valley Ps,NSW1,,N-KVCW_3W_WG_CLOSE,1,HUMENSW (-4.02); MP1 (-3.47); MP2 (-3.47); CROOKWF3 (-2.35); CROOKWF2 (-2.35); TALWB1 (+2.30),,K2,N-KVCW_3W_WG_CLOSE,supported,-34.44185166666671,-4.075432479723768,-150.51405662499988,30.66492833333325,-0.04424778761061947,-129.84494291666664,40.11652083333331,509.3300791666667,636.3387266666667,249.5,9.0,0.905811623246493,VNI
VIC1-NSW1,reverse,KANGAROO/BUS/3 & 4,Kng Vly 3 & 4 330kV BUS,330.0,Kangaroo Valley Ps,NSW1,,N-KVCW_3W_WG_CLOSE,1,HUMENSW (-4.02); MP1 (-3.47); MP2 (-3.47); CROOKWF3 (-2.35); CROOKWF2 (-2.35); TALWB1 (+2.30),,K2,N-KVCW_3W_WG_CLOSE,supported,12.99838583333326,2.896466315303004,-63.10412500000001,91.84631666666661,0.07853982300884955,126.93535916666663,-124.07908166666678,610.4756491666667,497.08362416666665,249.5,9.0,0.905811623246493,VNI
VIC1-NSW1,forward,KANGAROO/BUS/53,Kng Vly PS 3 330kV BUS,330.0,Kangaroo Valley Ps,NSW1,,N-KVCW_3W_WG_CLOSE,2,HUMENSW (-4.02); MP1 (-3.47); MP2 (-3.47); CROOKWF3 (-2.35); CROOKWF2 (-2.35); TALWB1 (+2.30),,K2,N-KVCW_3W_WG_CLOSE,supported,-34.44185166666671,-4.075432479723768,-150.51405662499988,30.66492833333325,-0.04424778761061947,-129.84494291666664,40.11652083333331,509.3300791666667,636.3387266666667,249.5,9.0,0.905811623246493,VNI
VIC1-NSW1,reverse,KANGAROO/BUS/53,Kng Vly PS 3 330kV BUS,330.0,Kangaroo Valley Ps,NSW1,,N-KVCW_3W_WG_CLOSE,2,HUMENSW (-4.02); MP1 (-3.47); MP2 (-3.47); CROOKWF3 (-2.35); CROOKWF2 (-2.35); TALWB1 (+2.30),,K2,N-KVCW_3W_WG_CLOSE,supported,12.99838583333326,2.896466315303004,-63.10412500000001,91.84631666666661,0.07853982300884955,126.93535916666663,-124.07908166666678,610.4756491666667,497.08362416666665,249.5,9.0,0.905811623246493,VNI
VIC1-NSW1,forward,KANGAROO/BUS/54,Kng Vly PS 4 330kV BUS,330.0,Kangaroo Valley Ps,NSW1,,N-DTKV_18_WG_CLOSE,1,JEMALNG1 (+9.09); GOONSF1 (+6.45); PARSF1 (+6.45); BANGOWF2 (-3.60); BANGOWF1 (-3.58); MP2 (-3.47),,K2,N-DTKV_18_WG_CLOSE,supported,-290.65218166666665,-34.800614807444084,-552.62556,-142.23386595833335,0.008547008547008517,-253.68626,-3.2425216666667893,407.4028433333333,782.2099483333333,59.5,5.0,0.9831932773109243,VNI
VIC1-NSW1,reverse,KANGAROO/BUS/54,Kng Vly PS 4 330kV BUS,330.0,Kangaroo Valley Ps,NSW1,,N-DTKV_18_WG_CLOSE,1,JEMALNG1 (+9.09); GOONSF1 (+6.45); PARSF1 (+6.45); BANGOWF2 (-3.60); BANGOWF1 (-3.58); MP2 (-3.47),,K2,N-DTKV_18_WG_CLOSE,supported,-20.51108333333343,-3.8701350037521314,-110.79025333333334,43.54129000000006,0.07692307692307693,286.2496500000001,-265.240565,545.1008783333333,552.1796433333334,59.5,5.0,0.9831932773109243,VNI
VIC1-NSW1,forward,KANGAROO/LINE/3W,Kng Vly-CapitalWF 3W 330kV LINE,330.0,Kangaroo Valley Ps,NSW1,,N-KVCW_3W_WG_CLOSE|N-LTUT_64_15M,8,HUMENSW (-4.02); MP1 (-3.47); MP2 (-3.47); CROOKWF3 (-2.35); CROOKWF2 (-2.35); TALWB1 (+2.30),,K1xK2,KANGAROO/LINE/3W × N-KVCW_3W_WG_CLOSE,supported,-44.73078500000008,-5.45205071197199,-174.47109166666667,25.6699023749999,0.0,-156.92295333333334,60.49183999999991,540.1120233333334,666.1590416666667,234.5,5.0,0.9019189765458422,VNI
VIC1-NSW1,reverse,KANGAROO/LINE/3W,Kng Vly-CapitalWF 3W 330kV LINE,330.0,Kangaroo Valley Ps,NSW1,,N-KVCW_3W_WG_CLOSE|N-LTUT_64_15M,8,HUMENSW (-4.02); MP1 (-3.47); MP2 (-3.47); CROOKWF3 (-2.35); CROOKWF2 (-2.35); TALWB1 (+2.30),,K1xK2,KANGAROO/LINE/3W × N-KVCW_3W_WG_CLOSE,supported,13.268008333333341,3.0444589268614517,-63.569163000000025,95.38536666666663,0.0,139.04957166666668,-133.74929666666662,604.0229133333333,468.3376916666667,234.5,5.0,0.9019189765458422,VNI
VIC1-NSW1,forward,KEMPS_CK/LINE/37,Kemps Ck-Macarthur 37 330kV LINE,330.0,Kemps Creek 500kV,NSW1,west of Sydney (39 km),N-X_AVMA_SSWW,4,ER03 (+4.18); ER04 (+4.18); BW01 (-3.73); BW02 (-3.73); GNNDHSF1 (-3.64); NEWENSF1 (-3.51),USCAWRC Solar Farm (4 km); DHL HP8 Solar (5 km); Wallgrove Battery (9 km); Smithfield Open Cycle Gas Turbine (15 km); Warragamba Power Station (18 km); Jenema Gas Networks - Flemington (26 km),K2,N-X_AVMA_SSWW,supported,147.50611166666667,18.3561460899832,-45.15603666666652,212.35672,0.03282828282828283,43.22588833333336,14.19661166666657,740.2522708333333,622.098915,102.5,10.0,0.9658536585365853,VNI
VIC1-NSW1,reverse,KEMPS_CK/LINE/37,Kemps Ck-Macarthur 37 330kV LINE,330.0,Kemps Creek 500kV,NSW1,west of Sydney (39 km),N-X_AVMA_SSWW,4,ER03 (+4.18); ER04 (+4.18); BW01 (-3.73); BW02 (-3.73); GNNDHSF1 (-3.64); NEWENSF1 (-3.51),USCAWRC Solar Farm (4 km); DHL HP8 Solar (5 km); Wallgrove Battery (9 km); Smithfield Open Cycle Gas Turbine (15 km); Warragamba Power Station (18 km); Jenema Gas Networks - Flemington (26 km),K2,N-X_AVMA_SSWW,supported,25.027205833333426,4.787514786975032,-66.43953650000002,119.96349166666658,0.058080808080808094,-63.2953,13.798521666666687,567.20289,432.75257916666664,102.5,10.0,0.9658536585365853,VNI
VIC1-NSW1,forward,KGTS/LINE/BETS_KGTS_220,Bendigo Kerang 220kV LINE,220.0,Kerang 220kV,VIC1,central Kerang,V-BEKG,1,LIMOSF21 (-13.23); LIMOSF11 (-13.23); SUNRSF1 (-13.23); STWF1 (-9.95); BROKENH1 (-9.95); BHB1 (-9.95),Kerang Green Switch Solar Power (1 km); Gannawarra Solar Farm (14 km); Gannawarra Energy Storage System (14 km); Cohuna Solar Farm (29 km),none,,unsupported,,,,,,,,,,,,,VNI
VIC1-NSW1,reverse,KGTS/LINE/BETS_KGTS_220,Bendigo Kerang 220kV LINE,220.0,Kerang 220kV,VIC1,central Kerang,V-BEKG,1,LIMOSF21 (-13.23); LIMOSF11 (-13.23); SUNRSF1 (-13.23); STWF1 (-9.95); BROKENH1 (-9.95); BHB1 (-9.95),Kerang Green Switch Solar Power (1 km); Gannawarra Solar Farm (14 km); Gannawarra Energy Storage System (14 km); Cohuna Solar Farm (29 km),none,,unsupported,,,,,,,,,,,,,VNI
VIC1-NSW1,forward,KIAMALSF/LINE/KMTS_MRTS_220,KiamalSF-MuraWara 220kV LINE,220.0,Kiamal SF,VIC1,,V-MRKM,2,BHB1 (-11.34); STWF1 (-11.34); BROKENH1 (-11.34); KARSF1 (-10.34); WEMENSF1 (-10.34); YATSF1 (-10.34),,K2,V-MRKM,supported,-6.2100783333333425,-0.7990244090782685,-102.75534666666658,110.31037283333308,-0.07602339181286549,-30.44159833333333,3.3762649999999326,542.5891616666667,517.579325,97.5,11.0,0.8769230769230769,VNI
VIC1-NSW1,reverse,KIAMALSF/LINE/KMTS_MRTS_220,KiamalSF-MuraWara 220kV LINE,220.0,Kiamal SF,VIC1,,V-MRKM,2,BHB1 (-11.34); STWF1 (-11.34); BROKENH1 (-11.34); KARSF1 (-10.34); WEMENSF1 (-10.34); YATSF1 (-10.34),,K2,V-MRKM,supported,-17.991073333333247,-3.763264288142429,-99.00269583333335,80.98551666666663,0.05263157894736842,26.440271666666675,0.0,475.99581166666667,517.7970833333333,97.5,11.0,0.8769230769230769,VNI
VIC1-NSW1,forward,KIAMALSF/LINE/KMTS_RCTS_220,KiamalSF-Red_Cliffs 220kV LINE,220.0,Kiamal SF,VIC1,,I-BDBU_ONE|V-KMRC,5,GUNNING1 (-11.75); BLOWERNG (-11.31); BANGOWF1 (-10.96); BANGOWF2 (-10.95); BROKENH1 (-9.80); BHB1 (-9.80),,K2,V-KMRC,supported,119.92435000000003,14.93387955376851,40.15759333333335,183.86220000000003,0.1078125,66.47466416666668,40.41353583333327,623.6985791666666,531.79454,174.5,20.0,0.9169054441260746,VNI
VIC1-NSW1,reverse,KIAMALSF/LINE/KMTS_RCTS_220,KiamalSF-Red_Cliffs 220kV LINE,220.0,Kiamal SF,VIC1,,I-BDBU_ONE|V-KMRC,5,GUNNING1 (-11.75); BLOWERNG (-11.31); BANGOWF1 (-10.96); BANGOWF2 (-10.95); BROKENH1 (-9.80); BHB1 (-9.80),,K2,V-KMRC,supported,-94.75094333333334,-20.568280184477203,-161.70222745833343,-50.797954166666614,0.0546875,-56.00933416666664,-90.98367458333325,414.30397916666664,549.2570979166667,174.5,20.0,0.9169054441260746,VNI
VIC1-NSW1,forward,KMTS_MRTS_220/LINE/KMTS_MRTS_220,Kiamal SF-MuraWara 220kV LINE,220.0,,,,V-MRKM,6,BHB1 (-11.34); STWF1 (-11.34); BROKENH1 (-11.34); KARSF1 (-10.34); WEMENSF1 (-10.34); YATSF1 (-10.34),,K1xK2,KMTS_MRTS_220/LINE/KMTS_MRTS_220 × V-MRKM,supported,34.7607583333334,4.100458047504201,-278.8886275,144.27631416666668,0.0,-256.45265166666667,342.5733833333333,704.8042091666667,667.491645,47.5,5.0,0.7578947368421053,VNI
VIC1-NSW1,reverse,KMTS_MRTS_220/LINE/KMTS_MRTS_220,Kiamal SF-MuraWara 220kV LINE,220.0,,,,V-MRKM,6,BHB1 (-11.34); STWF1 (-11.34); BROKENH1 (-11.34); KARSF1 (-10.34); WEMENSF1 (-10.34); YATSF1 (-10.34),,K1xK2,KMTS_MRTS_220/LINE/KMTS_MRTS_220 × V-MRKM,supported,-87.18102916666663,-20.869729276848926,-233.8627983333334,-20.642928333333373,0.0,250.48063166666665,-352.79723458333336,425.01284999999996,474.00406166666664,47.5,5.0,0.7578947368421053,VNI
VIC1-NSW1,forward,KMTS_RCTS_220/LINE/KMTS_RCTS_220,Kiamal SF-Red Cliffs 220kV LINE,220.0,,,,I-BDBU_ONE|V-KMRC,11,GUNNING1 (-11.75); BLOWERNG (-11.31); BANGOWF1 (-10.96); BANGOWF2 (-10.95); BROKENH1 (-9.80); BHB1 (-9.80),,K1xK2,KMTS_RCTS_220/LINE/KMTS_RCTS_220 × V-KMRC,supported,95.55813666666671,12.295059673058931,-29.281298333333325,160.79296175000002,0.0,14.980920000000026,286.28305333333356,703.9490433333334,620.4968,68.0,7.0,0.8014705882352942,VNI
VIC1-NSW1,reverse,KMTS_RCTS_220/LINE/KMTS_RCTS_220,Kiamal SF-Red Cliffs 220kV LINE,220.0,,,,I-BDBU_ONE|V-KMRC,11,GUNNING1 (-11.75); BLOWERNG (-11.31); BANGOWF1 (-10.96); BANGOWF2 (-10.95); BROKENH1 (-9.80); BHB1 (-9.80),,K2,V-KMRC,supported,-94.75094333333334,-20.568280184477203,-161.70222745833343,-50.797954166666614,0.0546875,-56.00933416666664,-90.98367458333325,414.30397916666664,549.2570979166667,174.5,20.0,0.9169054441260746,VNI
VIC1-NSW1,forward,KOTS/LINE/KOTS_WETS_220,Koorangie-Wemen 220kV LINE,220.0,Koorangie 220 kV Station,VIC1,,V-KOWE,1,MCKAY1 (+0.95); DARTM1 (+0.95); WKIEWA1 (+0.95); MURRAY (+0.79); MOKOSF1 (+0.43); GLRWNSF1 (+0.43),,none,,unsupported,,,,,,,,,,,,,VNI
VIC1-NSW1,reverse,KOTS/LINE/KOTS_WETS_220,Koorangie-Wemen 220kV LINE,220.0,Koorangie 220 kV Station,VIC1,,V-KOWE,1,MCKAY1 (+0.95); DARTM1 (+0.95); WKIEWA1 (+0.95); MURRAY (+0.79); MOKOSF1 (+0.43); GLRWNSF1 (+0.43),,none,,unsupported,,,,,,,,,,,,,VNI
VIC1-NSW1,forward,LIVERPL/LINE/12,Liverpool Sydney S 12 330kV LINE,330.0,Liverpool 330kV,NSW1,west of Sydney (33 km),N-MPWW_ONE|N-X_LPSS_MPWW,4,MP2 (-6.10); MP1 (-6.10); CRURWF1 (-4.18); ORABESS1 (-3.77); WELNSF1 (-3.77); STUBSF1 (-3.59),DHL HP8 Solar (11 km); Smithfield Open Cycle Gas Turbine (12 km); USCAWRC Solar Farm (12 km); Wallgrove Battery (14 km); Jenema Gas Networks - Flemington (20 km); Warragamba Power Station (25 km),K2,N-X_LPSS_MPWW,supported,-3.8421758333333287,-0.4532317927198399,-70.81131004166667,54.19301824999995,-0.10453216374269009,-68.18890375000001,4.999999930532795e-06,868.012945,859.6988395833334,535.0,5.0,0.6392523364485981,VNI
VIC1-NSW1,reverse,LIVERPL/LINE/12,Liverpool Sydney S 12 330kV LINE,330.0,Liverpool 330kV,NSW1,west of Sydney (33 km),N-MPWW_ONE|N-X_LPSS_MPWW,4,MP2 (-6.10); MP1 (-6.10); CRURWF1 (-4.18); ORABESS1 (-3.77); WELNSF1 (-3.77); STUBSF1 (-3.59),DHL HP8 Solar (11 km); Smithfield Open Cycle Gas Turbine (12 km); USCAWRC Solar Farm (12 km); Wallgrove Battery (14 km); Jenema Gas Networks - Flemington (20 km); Warragamba Power Station (25 km),K2,N-X_LPSS_MPWW,supported,-79.7287916666667,-19.08578406975053,-139.7402053333333,5.021008333333327,0.08333333333333334,46.14644666666672,-46.52618499999997,310.0860308333333,356.66145000000006,535.0,5.0,0.6392523364485981,VNI
VIC1-NSW1,forward,MACARTHR/CB/172A,Macarthur 172A 330kV CB,330.0,Macarthur 330kV,NSW1,north of Wollongong (39 km),N-MA_CB172A,2,TALWB1 (-1.48); TALWA1 (-1.48); SHGEN2 (-1.40); SHGEN (-1.40); SHPUMP (+1.40); WOODLWN1 (-1.15),USCAWRC Solar Farm (26 km); Warragamba Power Station (27 km); DHL HP8 Solar (28 km); Wallgrove Battery (31 km); Smithfield Open Cycle Gas Turbine (31 km); Jenema Gas Networks - Flemington (38 km); Tallawarra Power Station (49 km),none,,unsupported,,,,,,,,,,,,,VNI
VIC1-NSW1,reverse,MACARTHR/CB/172A,Macarthur 172A 330kV CB,330.0,Macarthur 330kV,NSW1,north of Wollongong (39 km),N-MA_CB172A,2,TALWB1 (-1.48); TALWA1 (-1.48); SHGEN2 (-1.40); SHGEN (-1.40); SHPUMP (+1.40); WOODLWN1 (-1.15),USCAWRC Solar Farm (26 km); Warragamba Power Station (27 km); DHL HP8 Solar (28 km); Wallgrove Battery (31 km); Smithfield Open Cycle Gas Turbine (31 km); Jenema Gas Networks - Flemington (38 km); Tallawarra Power Station (49 km),none,,unsupported,,,,,,,,,,,,,VNI
VIC1-NSW1,forward,MARAGLE/LINE/66,MARAGLE-Upr Tumut 6M 330kV LINE,330.0,Maragle 500kV,NSW1,,N-LTUT_64_15M,2,UPPTUMUT (-1.69); TUMUT3 (-1.50); SNOWYP (+1.50); TUMUT3-4 (+1.50); TUMUT3-3 (+1.50); GUTHEGA (-1.41),,K2,N-LTUT_64_15M,supported,15.025150000000053,1.779395608500527,-52.60936637500015,84.89578162500003,0.050505050505050525,39.656948333333304,-3.3333333249174757e-06,835.75537,782.5498758333333,425.0,9.0,0.8152941176470588,VNI
VIC1-NSW1,reverse,MARAGLE/LINE/66,MARAGLE-Upr Tumut 6M 330kV LINE,330.0,Maragle 500kV,NSW1,,N-LTUT_64_15M,2,UPPTUMUT (-1.69); TUMUT3 (-1.50); SNOWYP (+1.50); TUMUT3-4 (+1.50); TUMUT3-3 (+1.50); GUTHEGA (-1.41),,none,,unsupported,,,,,,,,,,,,,VNI
VIC1-NSW1,forward,MARULAN/LINE/5,Yass 330kV Marulan 5 330kV LINE,330.0,Marulan 330kV,NSW1,west of Wollongong (80 km),N-BABU|N-BADP|N-MNYS_5_WG_CLOSE|N-MNYS_5_WG_OPEN|N-X_2_5|N-X_5+07_WG_CLOSE|N-X_BABU_BADP_MNYS|N-X_LTYS_MNYS,15,JEMALNG1 (+11.38); GOONSF1 (+8.08); QPSFB2 (+8.08); QPSFB1 (+8.08); PARSF1 (+8.08); GANNSF1 (-4.55),Taralga Wind Farm (28 km); Crookwell 3 Wind Farm (38 km); Bendeela Pumping and Power Station (40 km); Kangaroo Valley Pumping and Power Station (41 km); Crookwell 2 Wind Farm (45 km); Crookwell Wind Farm (48 km),K1xK2,MARULAN/LINE/5 × N-MNYS_5_WG_CLOSE,supported,-167.09911333333338,-20.283365436172286,-226.57451425000005,-99.07767166666665,0.0,-105.42471666666677,-3.3333333335772153e-06,573.30399,693.8810083333333,1475.0,12.0,0.6071186440677966,VNI
VIC1-NSW1,reverse,MARULAN/LINE/5,Yass 330kV Marulan 5 330kV LINE,330.0,Marulan 330kV,NSW1,west of Wollongong (80 km),N-BABU|N-BADP|N-MNYS_5_WG_CLOSE|N-MNYS_5_WG_OPEN|N-X_2_5|N-X_5+07_WG_CLOSE|N-X_BABU_BADP_MNYS|N-X_LTYS_MNYS,15,JEMALNG1 (+11.38); GOONSF1 (+8.08); QPSFB2 (+8.08); QPSFB1 (+8.08); PARSF1 (+8.08); GANNSF1 (-4.55),Taralga Wind Farm (28 km); Crookwell 3 Wind Farm (38 km); Bendeela Pumping and Power Station (40 km); Kangaroo Valley Pumping and Power Station (41 km); Crookwell 2 Wind Farm (45 km); Crookwell Wind Farm (48 km),K1xK2,MARULAN/LINE/5 × N-MNYS_5_WG_CLOSE,supported,-35.701938333333345,-6.943708664429645,-73.0846647499999,13.026285208333361,0.0,109.78484500000002,-89.85673000000003,461.6023533333334,462.0923275,1475.0,12.0,0.6071186440677966,VNI
VIC1-NSW1,forward,MLTS/LINE/BATS_MLTS1_220,Ballarat Moorabool 1 220kV LINE,220.0,Moorabool 500kV,VIC1,central Geelong,V-BAML1_15M,2,,Victoria Big Battery (1 km); Deakin University Solar Farm (18 km); Black Rock Solar Farm (29 km); Yaloak South Wind Farm (35 km); Moorabool Wind Farm (39 km); Lal Lal (Elaine) Wind Farm (41 km); Mount Mercer Wind Farm (43 km); Laverton North Power Station (48 km); Mount Gellibrand Wind Farm (50 km),K2,V-BAML1_15M,supported,-52.53349666666665,-6.536847112869158,-256.93551833333333,82.1006365833332,0.04188481675392672,-63.16554000000002,-6.259244166666605,153.40798833333335,235.23077916666665,108.0,11.0,0.8842592592592593,VNI
VIC1-NSW1,reverse,MLTS/LINE/BATS_MLTS1_220,Ballarat Moorabool 1 220kV LINE,220.0,Moorabool 500kV,VIC1,central Geelong,V-BAML1_15M,2,,Victoria Big Battery (1 km); Deakin University Solar Farm (18 km); Black Rock Solar Farm (29 km); Yaloak South Wind Farm (35 km); Moorabool Wind Farm (39 km); Lal Lal (Elaine) Wind Farm (41 km); Mount Mercer Wind Farm (43 km); Laverton North Power Station (48 km); Mount Gellibrand Wind Farm (50 km),K3,MLTS,supported,30.74780791666666,6.57406636564769,-42.145801666666614,88.74621749999994,0.0,53.672660000000064,-36.813318333333456,507.671975,438.9965583333333,725.5,24.0,0.8545830461750517,VNI
VIC1-NSW1,forward,MLTS/LINE/CRTS_MLTS1_500,Moorabool-Cressy No.1 500kV LINE,500.0,Moorabool 500kV,VIC1,central Geelong,V-BAML1_15M|V-CRML|V-MLSY_NOEMTT_R,10,WKIEWA1 (+0.95); MCKAY1 (+0.95); DARTM1 (+0.95); MURRAY (+0.79); STWF1 (-0.71); BHB1 (-0.71),Victoria Big Battery (1 km); Deakin University Solar Farm (18 km); Black Rock Solar Farm (29 km); Yaloak South Wind Farm (35 km); Moorabool Wind Farm (39 km); Lal Lal (Elaine) Wind Farm (41 km); Mount Mercer Wind Farm (43 km); Laverton North Power Station (48 km); Mount Gellibrand Wind Farm (50 km),K1xK2,MLTS/LINE/CRTS_MLTS1_500 × V-CRML,supported,-89.40369250000003,-10.546262738942417,-225.28027499999996,62.44838333333337,0.0,-243.53977916666668,42.696311666666645,713.5684816666667,751.924605,48.0,7.0,0.875,VNI
VIC1-NSW1,reverse,MLTS/LINE/CRTS_MLTS1_500,Moorabool-Cressy No.1 500kV LINE,500.0,Moorabool 500kV,VIC1,central Geelong,V-BAML1_15M|V-CRML|V-MLSY_NOEMTT_R,10,WKIEWA1 (+0.95); MCKAY1 (+0.95); DARTM1 (+0.95); MURRAY (+0.79); STWF1 (-0.71); BHB1 (-0.71),Victoria Big Battery (1 km); Deakin University Solar Farm (18 km); Black Rock Solar Farm (29 km); Yaloak South Wind Farm (35 km); Moorabool Wind Farm (39 km); Lal Lal (Elaine) Wind Farm (41 km); Mount Mercer Wind Farm (43 km); Laverton North Power Station (48 km); Mount Gellibrand Wind Farm (50 km),K1xK2,MLTS/LINE/CRTS_MLTS1_500 × V-CRML,supported,-6.538619166666649,-1.5652397448976574,-132.23774666666674,93.75493962500006,0.0,242.24117833333332,-96.39261916666663,526.7272683333333,504.83851749999997,48.0,7.0,0.875,VNI
VIC1-NSW1,forward,MLTS/LINE/CRTS_MLTS_500,Moorabool-Cressy No.2 500kV LINE,500.0,Moorabool 500kV,VIC1,central Geelong,V-CRML,5,WKIEWA1 (+0.95); MCKAY1 (+0.95); DARTM1 (+0.95); MURRAY (+0.79); BROKENH1 (-0.71); BHB1 (-0.71),Victoria Big Battery (1 km); Deakin University Solar Farm (18 km); Black Rock Solar Farm (29 km); Yaloak South Wind Farm (35 km); Moorabool Wind Farm (39 km); Lal Lal (Elaine) Wind Farm (41 km); Mount Mercer Wind Farm (43 km); Laverton North Power Station (48 km); Mount Gellibrand Wind Farm (50 km),K3,MLTS,supported,-61.96650500000004,-7.419426405481799,-105.13942833333329,-3.9866524583333525,0.0,-46.441459166666654,0.0,669.248385,735.4029383333333,725.5,24.0,0.8545830461750517,VNI
VIC1-NSW1,reverse,MLTS/LINE/CRTS_MLTS_500,Moorabool-Cressy No.2 500kV LINE,500.0,Moorabool 500kV,VIC1,central Geelong,V-CRML,5,WKIEWA1 (+0.95); MCKAY1 (+0.95); DARTM1 (+0.95); MURRAY (+0.79); BROKENH1 (-0.71); BHB1 (-0.71),Victoria Big Battery (1 km); Deakin University Solar Farm (18 km); Black Rock Solar Farm (29 km); Yaloak South Wind Farm (35 km); Moorabool Wind Farm (39 km); Lal Lal (Elaine) Wind Farm (41 km); Mount Mercer Wind Farm (43 km); Laverton North Power Station (48 km); Mount Gellibrand Wind Farm (50 km),K3,MLTS,supported,30.74780791666666,6.57406636564769,-42.145801666666614,88.74621749999994,0.0,53.672660000000064,-36.813318333333456,507.671975,438.9965583333333,725.5,24.0,0.8545830461750517,VNI
VIC1-NSW1,forward,MLTS/LINE/MLTS_SYTS1_500,Moorabool Sydenham 1 500kV LINE,500.0,Moorabool 500kV,VIC1,central Geelong,CA_SYDS_562A9792|V-BAML1_15M|V-MLSY_NOEMTT_P|V-MLSY_NOEMTT_R,15,GPWFEST3 (+12.90); GPWFEST2 (+12.90); DUNDWF3 (+12.90); MORTLK11 (+12.90); DUNDWF1 (+12.90); MORTLK12 (+12.90),Victoria Big Battery (1 km); Deakin University Solar Farm (18 km); Black Rock Solar Farm (29 km); Yaloak South Wind Farm (35 km); Moorabool Wind Farm (39 km); Lal Lal (Elaine) Wind Farm (41 km); Mount Mercer Wind Farm (43 km); Laverton North Power Station (48 km); Mount Gellibrand Wind Farm (50 km),K1xK2,MLTS/LINE/MLTS_SYTS1_500 × V-MLSY_NOEMTT_R,supported,-30.958313333333194,-3.7067271651759515,-96.6049099999999,98.00444049999967,0.0,-72.18331666666666,4.166666656146845e-06,557.765925,612.7692016666666,260.0,8.0,0.7634615384615384,VNI
VIC1-NSW1,reverse,MLTS/LINE/MLTS_SYTS1_500,Moorabool Sydenham 1 500kV LINE,500.0,Moorabool 500kV,VIC1,central Geelong,CA_SYDS_562A9792|V-BAML1_15M|V-MLSY_NOEMTT_P|V-MLSY_NOEMTT_R,15,GPWFEST3 (+12.90); GPWFEST2 (+12.90); DUNDWF3 (+12.90); MORTLK11 (+12.90); DUNDWF1 (+12.90); MORTLK12 (+12.90),Victoria Big Battery (1 km); Deakin University Solar Farm (18 km); Black Rock Solar Farm (29 km); Yaloak South Wind Farm (35 km); Moorabool Wind Farm (39 km); Lal Lal (Elaine) Wind Farm (41 km); Mount Mercer Wind Farm (43 km); Laverton North Power Station (48 km); Mount Gellibrand Wind Farm (50 km),K1xK2,MLTS/LINE/MLTS_SYTS1_500 × V-MLSY_NOEMTT_R,supported,21.720721666666577,4.222469169134143,-105.07482622916675,115.57732666666669,0.0,111.35235166666666,-3.2467633333333197,525.210935,414.037445,260.0,8.0,0.7634615384615384,VNI
VIC1-NSW1,forward,MLTS/LINE/MLTS_SYTS2_500,Moorabool Sydenham 2 500kV LINE,500.0,Moorabool 500kV,VIC1,central Geelong,V-MLSY_NOEMTT_R,23,MCKAY1 (+0.95); DARTM1 (+0.95); WKIEWA1 (+0.95); MURRAY (+0.79); RYANCWF1 (+0.43); BULGANA1 (+0.43),Victoria Big Battery (1 km); Deakin University Solar Farm (18 km); Black Rock Solar Farm (29 km); Yaloak South Wind Farm (35 km); Moorabool Wind Farm (39 km); Lal Lal (Elaine) Wind Farm (41 km); Mount Mercer Wind Farm (43 km); Laverton North Power Station (48 km); Mount Gellibrand Wind Farm (50 km),K2,V-MLSY_NOEMTT_R,supported,-24.01727666666659,-2.974363412252034,-79.8452616666666,20.44549500000005,0.05037957211870253,-4.690228333333266,0.0,665.0079016666667,711.3457666666667,861.0,11.0,0.8414634146341463,VNI
VIC1-NSW1,reverse,MLTS/LINE/MLTS_SYTS2_500,Moorabool Sydenham 2 500kV LINE,500.0,Moorabool 500kV,VIC1,central Geelong,V-MLSY_NOEMTT_R,23,MCKAY1 (+0.95); DARTM1 (+0.95); WKIEWA1 (+0.95); MURRAY (+0.79); RYANCWF1 (+0.43); BULGANA1 (+0.43),Victoria Big Battery (1 km); Deakin University Solar Farm (18 km); Black Rock Solar Farm (29 km); Yaloak South Wind Farm (35 km); Moorabool Wind Farm (39 km); Lal Lal (Elaine) Wind Farm (41 km); Mount Mercer Wind Farm (43 km); Laverton North Power Station (48 km); Mount Gellibrand Wind Farm (50 km),K2,V-MLSY_NOEMTT_R,supported,16.801545000000147,3.266190085442411,-53.88538083333333,78.90166064583327,0.011387163561076608,13.526049999999941,-12.726271666666662,523.270085,441.76447666666667,861.0,11.0,0.8414634146341463,VNI
VIC1-NSW1,forward,MOPS/LINE/HYTS_MOPS2_500,Heywood-MortlakePS 500kV LINE,500.0,Mortlake Power Station,VIC1,,V-HYMO,8,DARTM1 (+0.95); MCKAY1 (+0.95); WKIEWA1 (+0.95); MURRAY (+0.79); BROKENH1 (-0.71); STWF1 (-0.71),,K1xK2,MOPS/LINE/HYTS_MOPS2_500 × V-HYMO,indicative,-195.0139483333333,-23.004288518417447,-682.126085,-50.830906666666635,0.0,64.26614958333334,-29.992162499999978,464.183425,638.6911924999999,29.0,3.0,1.0,VNI
VIC1-NSW1,reverse,MOPS/LINE/HYTS_MOPS2_500,Heywood-MortlakePS 500kV LINE,500.0,Mortlake Power Station,VIC1,,V-HYMO,8,DARTM1 (+0.95); MCKAY1 (+0.95); WKIEWA1 (+0.95); MURRAY (+0.79); BROKENH1 (-0.71); STWF1 (-0.71),,K2,V-HYMO,supported,148.7032933333333,35.59716493492707,32.477655833333245,553.5167099999999,-0.07142857142857142,3.5361133333333328,212.58432833333313,584.7202333333333,352.865575,67.5,7.0,0.9851851851851852,VNI
VIC1-NSW1,forward,MOPS/LINE/MOPS_TRTS1_500,MortlakePS-Tarrone 500kV LINE,500.0,Mortlake Power Station,VIC1,,V-MOTR,1,DARTM1 (+1.05); WKIEWA1 (+1.05); MCKAY1 (+1.05); MURRAY (+0.78); BROKENH1 (-0.71); BHB1 (-0.71),,K3,MOPS,indicative,-193.39492083333332,-22.81330435524574,-469.8460158333334,-101.42766000000006,0.0,75.94254125,-25.34565249999997,436.28207083333336,589.3529237500001,34.0,4.0,1.0,VNI
VIC1-NSW1,reverse,MOPS/LINE/MOPS_TRTS1_500,MortlakePS-Tarrone 500kV LINE,500.0,Mortlake Power Station,VIC1,,V-MOTR,1,DARTM1 (+1.05); WKIEWA1 (+1.05); MCKAY1 (+1.05); MURRAY (+0.78); BROKENH1 (-0.71); BHB1 (-0.71),,K3,MOPS,indicative,216.16311750000003,50.67617605394125,145.70641833333332,581.4119149999999,0.0,-86.08013000000005,335.6041316666666,665.7713833333333,332.7073266666667,34.0,4.0,1.0,VNI
VIC1-NSW1,forward,MRTS/LINE/HOTS_MRTS_220,Horsham-MuraWara 220kV LINE,220.0,Murra Warra,VIC1,,V-HOMR|V-KMRC,4,STWF1 (-11.34); BROKENH1 (-11.34); BHB1 (-11.34); MUWAWF2 (-10.34); YATSF1 (-10.34); MUWAWF1 (-10.34),,K2,V-KMRC,supported,119.92435000000003,14.93387955376851,40.15759333333335,183.86220000000003,0.1078125,66.47466416666668,40.41353583333327,623.6985791666666,531.79454,174.5,20.0,0.9169054441260746,VNI
VIC1-NSW1,reverse,MRTS/LINE/HOTS_MRTS_220,Horsham-MuraWara 220kV LINE,220.0,Murra Warra,VIC1,,V-HOMR|V-KMRC,4,STWF1 (-11.34); BROKENH1 (-11.34); BHB1 (-11.34); MUWAWF2 (-10.34); YATSF1 (-10.34); MUWAWF1 (-10.34),,K2,V-KMRC,supported,-94.75094333333334,-20.568280184477203,-161.70222745833343,-50.797954166666614,0.0546875,-56.00933416666664,-90.98367458333325,414.30397916666664,549.2570979166667,174.5,20.0,0.9169054441260746,VNI
VIC1-NSW1,forward,MT_PIPER/LINE/70,Mt Pipr-Wllrwng 70 330kV LINE,330.0,Mount Piper 500kV,NSW1,east of Orange (86 km),N-MPWW_ONE|N-X_LPSS_MPWW,7,MP2 (-6.10); MP1 (-6.10); CRURWF1 (-4.18); ORABESS1 (-3.77); WELNSF1 (-3.77); STUBSF1 (-3.59),Mount Piper Power Station (1 km); Hampton Wind Park (32 km),K2,N-X_LPSS_MPWW,supported,-3.8421758333333287,-0.4532317927198399,-70.81131004166667,54.19301824999995,-0.10453216374269009,-68.18890375000001,4.999999930532795e-06,868.012945,859.6988395833334,535.0,5.0,0.6392523364485981,VNI
VIC1-NSW1,reverse,MT_PIPER/LINE/70,Mt Pipr-Wllrwng 70 330kV LINE,330.0,Mount Piper 500kV,NSW1,east of Orange (86 km),N-MPWW_ONE|N-X_LPSS_MPWW,7,MP2 (-6.10); MP1 (-6.10); CRURWF1 (-4.18); ORABESS1 (-3.77); WELNSF1 (-3.77); STUBSF1 (-3.59),Mount Piper Power Station (1 km); Hampton Wind Park (32 km),K2,N-X_LPSS_MPWW,supported,-79.7287916666667,-19.08578406975053,-139.7402053333333,5.021008333333327,0.08333333333333334,46.14644666666672,-46.52618499999997,310.0860308333333,356.66145000000006,535.0,5.0,0.6392523364485981,VNI
VIC1-NSW1,forward,MT_PIPER/LINE/71,Wllrwng PS Mt Pipr 71 330kV LINE,330.0,Mount Piper 500kV,NSW1,east of Orange (86 km),N-MPWW_ONE|N-X_LPSS_MPWW,2,MP2 (-6.10); MP1 (-6.10); CRURWF1 (-4.18); ORABESS1 (-3.77); WELNSF1 (-3.77); STUBSF1 (-3.59),Mount Piper Power Station (1 km); Hampton Wind Park (32 km),K2,N-X_LPSS_MPWW,supported,-3.8421758333333287,-0.4532317927198399,-70.81131004166667,54.19301824999995,-0.10453216374269009,-68.18890375000001,4.999999930532795e-06,868.012945,859.6988395833334,535.0,5.0,0.6392523364485981,VNI
VIC1-NSW1,reverse,MT_PIPER/LINE/71,Wllrwng PS Mt Pipr 71 330kV LINE,330.0,Mount Piper 500kV,NSW1,east of Orange (86 km),N-MPWW_ONE|N-X_LPSS_MPWW,2,MP2 (-6.10); MP1 (-6.10); CRURWF1 (-4.18); ORABESS1 (-3.77); WELNSF1 (-3.77); STUBSF1 (-3.59),Mount Piper Power Station (1 km); Hampton Wind Park (32 km),K2,N-X_LPSS_MPWW,supported,-79.7287916666667,-19.08578406975053,-139.7402053333333,5.021008333333327,0.08333333333333334,46.14644666666672,-46.52618499999997,310.0860308333333,356.66145000000006,535.0,5.0,0.6392523364485981,VNI
VIC1-NSW1,forward,MULWALA/CB/7B2,MulwalaEE MWA7B2 132kV CB,132.0,Mulwala 132kV,NSW1,,N-LTWG_X5|N-WAGGA_330_BUSA,1,COHUNSF1 (-4.55); KERNGSP1 (-4.55); GANNB1 (-4.55); GANNSF1 (-4.55); KESSB1 (-4.42); WUNUSF1 (+3.80),,K2,N-LTWG_X5,indicative,197.8396383333333,23.33761333225332,13.12980816666669,352.4683150000001,-0.01578947368421052,259.50777416666665,-5.684341886080802e-14,843.4626708333333,685.8917299999999,219.5,4.0,0.8656036446469249,VNI
VIC1-NSW1,reverse,MULWALA/CB/7B2,MulwalaEE MWA7B2 132kV CB,132.0,Mulwala 132kV,NSW1,,N-LTWG_X5|N-WAGGA_330_BUSA,1,COHUNSF1 (-4.55); KERNGSP1 (-4.55); GANNB1 (-4.55); GANNSF1 (-4.55); KESSB1 (-4.42); WUNUSF1 (+3.80),,K2,N-WAGGA_330_BUSA,supported,-24.792869166666634,-5.575284357556418,-103.46551166666671,60.92388999999997,-0.046511627906976744,-162.20160125,166.22143333333332,329.10373250000004,333.87502458333336,123.5,8.0,0.6963562753036437,VNI
VIC1-NSW1,forward,MURRAY/LINE/DDTS_MSS1_330,Murray Dederang. 67 330kV LINE,330.0,Murray,NSW1,west of Cooma (88 km),V-DDMS,4,HUMEV (-1.82); MURRAY (+1.06); BROKENH1 (-1.04); STWF1 (-1.04); BHB1 (-1.04); CUSF1 (-1.00),Murray 2 Power Station (2 km); Murray 1 Power Station (5 km); Guthega Power Station (28 km); Tumut 1 Power Station (36 km); Tumut 2 Power Station (43 km),K2,V-DDMS,supported,-58.27631416666662,-6.977589330595926,-131.41066999999998,-27.462504999999965,0.14833333333333334,52.3053666666666,-10.751408333333373,430.34136416666666,549.4968866666666,199.0,9.0,0.7537688442211056,VNI
VIC1-NSW1,reverse,MURRAY/LINE/DDTS_MSS1_330,Murray Dederang. 67 330kV LINE,330.0,Murray,NSW1,west of Cooma (88 km),V-DDMS,4,HUMEV (-1.82); MURRAY (+1.06); BROKENH1 (-1.04); STWF1 (-1.04); BHB1 (-1.04); CUSF1 (-1.00),Murray 2 Power Station (2 km); Murray 1 Power Station (5 km); Guthega Power Station (28 km); Tumut 1 Power Station (36 km); Tumut 2 Power Station (43 km),K2,V-DDMS,supported,-90.83813999999995,-17.658770800425017,-184.45994083333335,-19.534170958333412,-0.04833333333333334,-83.85048416666669,-8.333333330057258e-07,413.74081249999995,478.90213833333337,199.0,9.0,0.7537688442211056,VNI
VIC1-NSW1,forward,MURRAY/LINE/DDTS_MSS2_330,Murray Dederang. 68 330kV LINE,330.0,Murray,NSW1,west of Cooma (88 km),I-BDBU_ONE|I-MURRAY_SRAS_R|V-DDMS,6,GUNNING1 (-11.75); BLOWERNG (-11.31); BANGOWF1 (-10.96); BANGOWF2 (-10.95); KERNGSP1 (+6.13); GANNSF1 (+6.13),Murray 2 Power Station (2 km); Murray 1 Power Station (5 km); Guthega Power Station (28 km); Tumut 1 Power Station (36 km); Tumut 2 Power Station (43 km),K2,V-DDMS,supported,-58.27631416666662,-6.977589330595926,-131.41066999999998,-27.462504999999965,0.14833333333333334,52.3053666666666,-10.751408333333373,430.34136416666666,549.4968866666666,199.0,9.0,0.7537688442211056,VNI
VIC1-NSW1,reverse,MURRAY/LINE/DDTS_MSS2_330,Murray Dederang. 68 330kV LINE,330.0,Murray,NSW1,west of Cooma (88 km),I-BDBU_ONE|I-MURRAY_SRAS_R|V-DDMS,6,GUNNING1 (-11.75); BLOWERNG (-11.31); BANGOWF1 (-10.96); BANGOWF2 (-10.95); KERNGSP1 (+6.13); GANNSF1 (+6.13),Murray 2 Power Station (2 km); Murray 1 Power Station (5 km); Guthega Power Station (28 km); Tumut 1 Power Station (36 km); Tumut 2 Power Station (43 km),K2,V-DDMS,supported,-90.83813999999995,-17.658770800425017,-184.45994083333335,-19.534170958333412,-0.04833333333333334,-83.85048416666669,-8.333333330057258e-07,413.74081249999995,478.90213833333337,199.0,9.0,0.7537688442211056,VNI
VIC1-NSW1,forward,MURRUMBR/LINE/991,WaggaN-Murrumbrrh 991 132kV LINE,132.0,Murrumburrah 132kV,NSW1,north-west of Yass (63 km),N-WNMR_991,6,WSTWYSF1 (-2.70); WAGGNSF1 (-2.70); BOMENSF1 (-2.70); SEBSF1 (-2.70); JUNEESF1 (-2.70); WYASF1 (-2.70),Cootamundra Solar Farm (30 km); Bango Wind Farm (46 km),K1xK2,MURRUMBR/LINE/991 × N-WNMR_991,indicative,-642.1599616666666,-75.75064839929128,-731.2135383333334,169.31593166666667,0.0,-188.002575,-3.3333333249174757e-06,168.61263833333334,720.786145,57.0,3.0,0.8859649122807017,VNI
VIC1-NSW1,reverse,MURRUMBR/LINE/991,WaggaN-Murrumbrrh 991 132kV LINE,132.0,Murrumburrah 132kV,NSW1,north-west of Yass (63 km),N-WNMR_991,6,WSTWYSF1 (-2.70); WAGGNSF1 (-2.70); BOMENSF1 (-2.70); SEBSF1 (-2.70); JUNEESF1 (-2.70); WYASF1 (-2.70),Cootamundra Solar Farm (30 km); Bango Wind Farm (46 km),K1xK2,MURRUMBR/LINE/991 × N-WNMR_991,indicative,-219.463705,-50.75390059454905,-258.0623625,-35.125719708333946,0.0,188.002575,-434.992835,341.16333833333334,601.67429,57.0,3.0,0.8859649122807017,VNI
VIC1-NSW1,forward,RCTS/BUS/7MN2,Red Cliffs 2 220kV BUS,220.0,Red Cliffs 220kV,VIC1,central Mildura,V-KMRC|V-RCTS_BUS2,3,BROKENH1 (-9.80); BHB1 (-9.80); STWF1 (-9.80); COHUNSF1 (-8.80); WEMENSF1 (-8.80); YATSF1 (-8.80),Zilzie Wines Solar Farm (6 km); Yatpool Solar Farm (13 km); Karadoc Solar Farm (13 km),K2,V-KMRC,supported,119.92435000000003,14.93387955376851,40.15759333333335,183.86220000000003,0.1078125,66.47466416666668,40.41353583333327,623.6985791666666,531.79454,174.5,20.0,0.9169054441260746,VNI
VIC1-NSW1,reverse,RCTS/BUS/7MN2,Red Cliffs 2 220kV BUS,220.0,Red Cliffs 220kV,VIC1,central Mildura,V-KMRC|V-RCTS_BUS2,3,BROKENH1 (-9.80); BHB1 (-9.80); STWF1 (-9.80); COHUNSF1 (-8.80); WEMENSF1 (-8.80); YATSF1 (-8.80),Zilzie Wines Solar Farm (6 km); Yatpool Solar Farm (13 km); Karadoc Solar Farm (13 km),K2,V-KMRC,supported,-94.75094333333334,-20.568280184477203,-161.70222745833343,-50.797954166666614,0.0546875,-56.00933416666664,-90.98367458333325,414.30397916666664,549.2570979166667,174.5,20.0,0.9169054441260746,VNI
VIC1-NSW1,forward,RCTS/CB/HOTS_2B,Red Cliffs CPTS Line 2 Bus 220KV CB,220.0,Red Cliffs 220kV,VIC1,central Mildura,V-KMRC,1,BROKENH1 (-9.80); BHB1 (-9.80); STWF1 (-9.80); COHUNSF1 (-8.80); WEMENSF1 (-8.80); YATSF1 (-8.80),Zilzie Wines Solar Farm (6 km); Yatpool Solar Farm (13 km); Karadoc Solar Farm (13 km),K2,V-KMRC,supported,119.92435000000003,14.93387955376851,40.15759333333335,183.86220000000003,0.1078125,66.47466416666668,40.41353583333327,623.6985791666666,531.79454,174.5,20.0,0.9169054441260746,VNI
VIC1-NSW1,reverse,RCTS/CB/HOTS_2B,Red Cliffs CPTS Line 2 Bus 220KV CB,220.0,Red Cliffs 220kV,VIC1,central Mildura,V-KMRC,1,BROKENH1 (-9.80); BHB1 (-9.80); STWF1 (-9.80); COHUNSF1 (-8.80); WEMENSF1 (-8.80); YATSF1 (-8.80),Zilzie Wines Solar Farm (6 km); Yatpool Solar Farm (13 km); Karadoc Solar Farm (13 km),K2,V-KMRC,supported,-94.75094333333334,-20.568280184477203,-161.70222745833343,-50.797954166666614,0.0546875,-56.00933416666664,-90.98367458333325,414.30397916666664,549.2570979166667,174.5,20.0,0.9169054441260746,VNI
VIC1-NSW1,forward,RCTS/LINE/CPTS_RCTS_220,Red Cliffs-CPTS 220kV LINE,220.0,Red Cliffs 220kV,VIC1,central Mildura,V-CPRC|V-KMRC,2,BHB1 (-9.80); STWF1 (-9.80); BROKENH1 (-9.80); GANNSF1 (-8.80); KARSF1 (-8.80); GANNB1 (-8.80),Zilzie Wines Solar Farm (6 km); Yatpool Solar Farm (13 km); Karadoc Solar Farm (13 km),K2,V-KMRC,supported,119.92435000000003,14.93387955376851,40.15759333333335,183.86220000000003,0.1078125,66.47466416666668,40.41353583333327,623.6985791666666,531.79454,174.5,20.0,0.9169054441260746,VNI
VIC1-NSW1,reverse,RCTS/LINE/CPTS_RCTS_220,Red Cliffs-CPTS 220kV LINE,220.0,Red Cliffs 220kV,VIC1,central Mildura,V-CPRC|V-KMRC,2,BHB1 (-9.80); STWF1 (-9.80); BROKENH1 (-9.80); GANNSF1 (-8.80); KARSF1 (-8.80); GANNB1 (-8.80),Zilzie Wines Solar Farm (6 km); Yatpool Solar Farm (13 km); Karadoc Solar Farm (13 km),K2,V-KMRC,supported,-94.75094333333334,-20.568280184477203,-161.70222745833343,-50.797954166666614,0.0546875,-56.00933416666664,-90.98367458333325,414.30397916666664,549.2570979166667,174.5,20.0,0.9169054441260746,VNI
VIC1-NSW1,forward,RCTS/LINE/X9,Red Cliffs-Buronga No. 2 X9 220kV LINE,220.0,Red Cliffs 220kV,VIC1,central Mildura,I-BURC,1,GANNB1 (-5.71); COHUNSF1 (-5.71); GANNSF1 (-5.71); KERNGSP1 (-5.71); KESSB1 (-5.63); BANN1 (-4.71),Zilzie Wines Solar Farm (6 km); Yatpool Solar Farm (13 km); Karadoc Solar Farm (13 km),K2,I-BURC,supported,365.01683,45.92178780893163,141.75571333333335,508.17485666666664,0.13818181818181816,222.493295,1.6666666624587378e-06,483.42104166666667,97.36677833333331,157.5,16.0,0.873015873015873,VNI
VIC1-NSW1,reverse,RCTS/LINE/X9,Red Cliffs-Buronga No. 2 X9 220kV LINE,220.0,Red Cliffs 220kV,VIC1,central Mildura,I-BURC,1,GANNB1 (-5.71); COHUNSF1 (-5.71); GANNSF1 (-5.71); KERNGSP1 (-5.71); KESSB1 (-5.63); BANN1 (-4.71),Zilzie Wines Solar Farm (6 km); Yatpool Solar Farm (13 km); Karadoc Solar Farm (13 km),K3,RCTS,indicative,-672.2442133333334,-140.4186485090541,-880.0302450000001,-404.6357249999999,0.0,-437.2576349999999,-206.0828233333334,277.91514666666666,559.30246,15.0,3.0,0.9666666666666667,VNI
VIC1-NSW1,forward,RYE_PARK/BUS/5B,R_PARK B Bus 330kV BUS,330.0,Rye Park Wind Farm South,NSW1,,N-GRYS_3J_15M,1,JEMALNG1 (+8.93); PARSF1 (+6.34); GOONSF1 (+6.34); BANGOWF2 (-3.55); BANGOWF1 (-3.54); MANSLR1 (+3.11),,K2,N-GRYS_3J_15M,indicative,-81.78327499999989,-9.647340973094366,-624.04566,-72.32925,-0.047619047619047616,-457.42275,518.4228599999999,495.95975500000003,361.7836566666667,10.5,3.0,1.0,VNI
VIC1-NSW1,reverse,RYE_PARK/BUS/5B,R_PARK B Bus 330kV BUS,330.0,Rye Park Wind Farm South,NSW1,,N-GRYS_3J_15M,1,JEMALNG1 (+8.93); PARSF1 (+6.34); GOONSF1 (+6.34); BANGOWF2 (-3.55); BANGOWF1 (-3.54); MANSLR1 (+3.11),,K2,N-GRYS_3J_15M,indicative,-53.165803333333315,-12.727033999927745,-765.4956133333333,-14.139513333333412,0.7857142857142857,457.42275,-583.7506000000001,406.3618833333333,617.8975366666667,10.5,3.0,1.0,VNI
VIC1-NSW1,forward,SMTS/CAP/1CAP_BYP_330 ,S Morang 1 DDTS 330kV LS CAP,330.0,South Morang 500kV,VIC1,north-east of Melbourne (21 km),V-SMSC,3,WKIEWA1 (+1.49); MCKAY1 (+1.49); DARTM1 (+1.49); MOKOSF1 (+1.12); GLRWNSF1 (+1.12); WINTSF1 (+1.12),Wollert Renewable Energy Hub (Solar) (7 km); Wollert Renewable Energy Hub (Landfill Gas) (7 km); Wollert Waste to Energy Facility (ReWaste) (10 km); Somerton Power Station (11 km); Winneke Solar Farm (20 km); Melbourne Airport Solar Farm (21 km); Newport Power Station (27 km); Brooklyn Power Station (29 km); Laverton North Power Station (33 km); FORMER Narre Warren Landfill Gas Fuelled Power Stati,K1xK2,SMTS/CAP/1CAP_BYP_330  × V-SMSC,indicative,26.68633166666669,3.4046326336773665,-24.689064999999914,85.83287833333335,0.0,59.591333333333296,0.0,569.3365783333334,534.21528,1160.0,3.0,0.6314655172413793,VNI
VIC1-NSW1,reverse,SMTS/CAP/1CAP_BYP_330 ,S Morang 1 DDTS 330kV LS CAP,330.0,South Morang 500kV,VIC1,north-east of Melbourne (21 km),V-SMSC,3,WKIEWA1 (+1.49); MCKAY1 (+1.49); DARTM1 (+1.49); MOKOSF1 (+1.12); GLRWNSF1 (+1.12); WINTSF1 (+1.12),Wollert Renewable Energy Hub (Solar) (7 km); Wollert Renewable Energy Hub (Landfill Gas) (7 km); Wollert Waste to Energy Facility (ReWaste) (10 km); Somerton Power Station (11 km); Winneke Solar Farm (20 km); Melbourne Airport Solar Farm (21 km); Newport Power Station (27 km); Brooklyn Power Station (29 km); Laverton North Power Station (33 km); FORMER Narre Warren Landfill Gas Fuelled Power Stati,K1xK2,SMTS/CAP/1CAP_BYP_330  × V-SMSC,indicative,-67.18740333333334,-12.677259276157754,-128.98130666666657,-12.112242437499978,0.0,-51.47460083333337,17.44173833333332,436.6299633333333,499.10650166666665,1160.0,3.0,0.6314655172413793,VNI
VIC1-NSW1,forward,SMTS/CAP/2CAP_BYP_330 ,S Morang 2 DDTS 330kV LS CAP,330.0,South Morang 500kV,VIC1,north-east of Melbourne (21 km),V-SMSC,2,WKIEWA1 (+1.49); MCKAY1 (+1.49); DARTM1 (+1.49); MOKOSF1 (+1.12); GLRWNSF1 (+1.12); WINTSF1 (+1.12),Wollert Renewable Energy Hub (Solar) (7 km); Wollert Renewable Energy Hub (Landfill Gas) (7 km); Wollert Waste to Energy Facility (ReWaste) (10 km); Somerton Power Station (11 km); Winneke Solar Farm (20 km); Melbourne Airport Solar Farm (21 km); Newport Power Station (27 km); Brooklyn Power Station (29 km); Laverton North Power Station (33 km); FORMER Narre Warren Landfill Gas Fuelled Power Stati,K2,V-SMSC,indicative,8.566401666666692,1.092898455727114,-39.88188362499997,60.1678917083334,0.09435797665369652,50.541744166666696,-4.166666666804986e-06,631.4758016666667,636.2483649999999,1477.0,4.0,0.6960054163845633,VNI
VIC1-NSW1,reverse,SMTS/CAP/2CAP_BYP_330 ,S Morang 2 DDTS 330kV LS CAP,330.0,South Morang 500kV,VIC1,north-east of Melbourne (21 km),V-SMSC,2,WKIEWA1 (+1.49); MCKAY1 (+1.49); DARTM1 (+1.49); MOKOSF1 (+1.12); GLRWNSF1 (+1.12); WINTSF1 (+1.12),Wollert Renewable Energy Hub (Solar) (7 km); Wollert Renewable Energy Hub (Landfill Gas) (7 km); Wollert Waste to Energy Facility (ReWaste) (10 km); Somerton Power Station (11 km); Winneke Solar Farm (20 km); Melbourne Airport Solar Farm (21 km); Newport Power Station (27 km); Brooklyn Power Station (29 km); Laverton North Power Station (33 km); FORMER Narre Warren Landfill Gas Fuelled Power Stati,K2,V-SMSC,indicative,-73.77528624999994,-14.172097486564356,-126.52885162499993,-36.35817999999995,-0.05082684824902725,-47.73578999999992,2.0833333493897044e-06,423.8660408333334,497.62955041666663,1477.0,4.0,0.6960054163845633,VNI
VIC1-NSW1,forward,SMTS/LINE/DDTS_SMTS1_330,Dederang S Morang 1 330kV LINE,330.0,South Morang 500kV,VIC1,north-east of Melbourne (21 km),V-DDSM,5,GANNSF1 (+1.76); KERNGSP1 (+1.76); GANNB1 (+1.76); COHUNSF1 (+1.76); KESSB1 (+1.70); LANCSF1 (+1.53),Wollert Renewable Energy Hub (Solar) (7 km); Wollert Renewable Energy Hub (Landfill Gas) (7 km); Wollert Waste to Energy Facility (ReWaste) (10 km); Somerton Power Station (11 km); Winneke Solar Farm (20 km); Melbourne Airport Solar Farm (21 km); Newport Power Station (27 km); Brooklyn Power Station (29 km); Laverton North Power Station (33 km); FORMER Narre Warren Landfill Gas Fuelled Power Stati,K2,V-DDSM,supported,-117.684425,-15.014136781153306,-283.64145558333325,-3.0515316666666763,0.030534351145038163,-41.517785,-28.91421666666662,182.63034000000002,415.70907166666666,99.0,8.0,0.6616161616161617,VNI
VIC1-NSW1,reverse,SMTS/LINE/DDTS_SMTS1_330,Dederang S Morang 1 330kV LINE,330.0,South Morang 500kV,VIC1,north-east of Melbourne (21 km),V-DDSM,5,GANNSF1 (+1.76); KERNGSP1 (+1.76); GANNB1 (+1.76); COHUNSF1 (+1.76); KESSB1 (+1.70); LANCSF1 (+1.53),Wollert Renewable Energy Hub (Solar) (7 km); Wollert Renewable Energy Hub (Landfill Gas) (7 km); Wollert Waste to Energy Facility (ReWaste) (10 km); Somerton Power Station (11 km); Winneke Solar Farm (20 km); Melbourne Airport Solar Farm (21 km); Newport Power Station (27 km); Brooklyn Power Station (29 km); Laverton North Power Station (33 km); FORMER Narre Warren Landfill Gas Fuelled Power Stati,K2,V-DDSM,supported,8.81439499999999,1.7135025117138263,-59.610203333333345,47.169226666666646,-0.0648854961832061,29.88893166666668,-23.27862583333342,516.8379249999999,568.06295,99.0,8.0,0.6616161616161617,VNI
VIC1-NSW1,forward,SMTS/LINE/DDTS_SMTS2_330,Dederang S Morang 2 330kV LINE,330.0,South Morang 500kV,VIC1,north-east of Melbourne (21 km),I-X_64_DDSM|N-LTUT_64_15M|V-DDSM,7,GANNSF1 (+1.76); COHUNSF1 (+1.76); KERNGSP1 (+1.76); GANNB1 (+1.76); KESSB1 (+1.70); UPPTUMUT (-1.69),Wollert Renewable Energy Hub (Solar) (7 km); Wollert Renewable Energy Hub (Landfill Gas) (7 km); Wollert Waste to Energy Facility (ReWaste) (10 km); Somerton Power Station (11 km); Winneke Solar Farm (20 km); Melbourne Airport Solar Farm (21 km); Newport Power Station (27 km); Brooklyn Power Station (29 km); Laverton North Power Station (33 km); FORMER Narre Warren Landfill Gas Fuelled Power Stati,K2,V-DDSM,supported,-117.684425,-15.014136781153306,-283.64145558333325,-3.0515316666666763,0.030534351145038163,-41.517785,-28.91421666666662,182.63034000000002,415.70907166666666,99.0,8.0,0.6616161616161617,VNI
VIC1-NSW1,reverse,SMTS/LINE/DDTS_SMTS2_330,Dederang S Morang 2 330kV LINE,330.0,South Morang 500kV,VIC1,north-east of Melbourne (21 km),I-X_64_DDSM|N-LTUT_64_15M|V-DDSM,7,GANNSF1 (+1.76); COHUNSF1 (+1.76); KERNGSP1 (+1.76); GANNB1 (+1.76); KESSB1 (+1.70); UPPTUMUT (-1.69),Wollert Renewable Energy Hub (Solar) (7 km); Wollert Renewable Energy Hub (Landfill Gas) (7 km); Wollert Waste to Energy Facility (ReWaste) (10 km); Somerton Power Station (11 km); Winneke Solar Farm (20 km); Melbourne Airport Solar Farm (21 km); Newport Power Station (27 km); Brooklyn Power Station (29 km); Laverton North Power Station (33 km); FORMER Narre Warren Landfill Gas Fuelled Power Stati,K2,V-DDSM,supported,8.81439499999999,1.7135025117138263,-59.610203333333345,47.169226666666646,-0.0648854961832061,29.88893166666668,-23.27862583333342,516.8379249999999,568.06295,99.0,8.0,0.6616161616161617,VNI
VIC1-NSW1,forward,SYD_NTH/BUS/5A1,Sydney N A1 330kV BUS,330.0,Sydney North 330kV,NSW1,north-west of Sydney (29 km),N-DTSS_11|N-X_11+14,2,JEMALNG1 (+11.11); PARSF1 (+7.89); GOONSF1 (+7.89); TALWA1 (-5.68); TALWB1 (-5.68); SHGEN (-4.88),Jenema Gas Networks - Flemington (23 km); Smithfield Open Cycle Gas Turbine (23 km); Wallgrove Battery (25 km); DHL HP8 Solar (29 km); USCAWRC Solar Farm (33 km); Warragamba Power Station (47 km),K2,N-DTSS_11,supported,-21.574220000000082,-2.6424052417758803,-77.24892833333334,44.390771666666645,0.021739130434782622,-20.96786250000001,0.0,621.7093641666667,669.2477633333333,536.5,9.0,0.8574091332712023,VNI
VIC1-NSW1,reverse,SYD_NTH/BUS/5A1,Sydney N A1 330kV BUS,330.0,Sydney North 330kV,NSW1,north-west of Sydney (29 km),N-DTSS_11|N-X_11+14,2,JEMALNG1 (+11.11); PARSF1 (+7.89); GOONSF1 (+7.89); TALWA1 (-5.68); TALWB1 (-5.68); SHGEN (-4.88),Jenema Gas Networks - Flemington (23 km); Smithfield Open Cycle Gas Turbine (23 km); Wallgrove Battery (25 km); DHL HP8 Solar (29 km); USCAWRC Solar Farm (33 km); Warragamba Power Station (47 km),K2,N-DTSS_11,supported,-21.43283624999998,-4.166504762666769,-80.79266670833333,21.064289458333352,0.09239130434782607,25.575585416666662,-0.6177541666666606,478.846405,484.5270783333334,536.5,9.0,0.8574091332712023,VNI
VIC1-NSW1,forward,SYD_STH/BUS/5A1,Sydney S A1 330kV BUS,330.0,Sydney South 330kV,NSW1,south-west of Sydney (22 km),N-DTSS_11,2,JEMALNG1 (+11.11); PARSF1 (+7.89); GOONSF1 (+7.89); TALWA1 (-5.68); TALWB1 (-5.68); SHGEN (-4.88),Jenema Gas Networks - Flemington (14 km); Smithfield Open Cycle Gas Turbine (15 km); DHL HP8 Solar (24 km); Wallgrove Battery (25 km); USCAWRC Solar Farm (26 km); Warragamba Power Station (40 km),K2,N-DTSS_11,supported,-21.574220000000082,-2.6424052417758803,-77.24892833333334,44.390771666666645,0.021739130434782622,-20.96786250000001,0.0,621.7093641666667,669.2477633333333,536.5,9.0,0.8574091332712023,VNI
VIC1-NSW1,reverse,SYD_STH/BUS/5A1,Sydney S A1 330kV BUS,330.0,Sydney South 330kV,NSW1,south-west of Sydney (22 km),N-DTSS_11,2,JEMALNG1 (+11.11); PARSF1 (+7.89); GOONSF1 (+7.89); TALWA1 (-5.68); TALWB1 (-5.68); SHGEN (-4.88),Jenema Gas Networks - Flemington (14 km); Smithfield Open Cycle Gas Turbine (15 km); DHL HP8 Solar (24 km); Wallgrove Battery (25 km); USCAWRC Solar Farm (26 km); Warragamba Power Station (40 km),K2,N-DTSS_11,supported,-21.43283624999998,-4.166504762666769,-80.79266670833333,21.064289458333352,0.09239130434782607,25.575585416666662,-0.6177541666666606,478.846405,484.5270783333334,536.5,9.0,0.8574091332712023,VNI
VIC1-NSW1,forward,SYD_STH/LINE/76,Wllrwng PS Sydney S 76 330kV LINE,330.0,Sydney South 330kV,NSW1,south-west of Sydney (22 km),N-X_61_76|N-X_AVMA_SSWW,5,JEMALNG1 (+8.85); QPSFB2 (+6.28); QPSFB1 (+6.28); GOONSF1 (+6.28); PARSF1 (+6.28); LDBESS1 (-5.38),Jenema Gas Networks - Flemington (14 km); Smithfield Open Cycle Gas Turbine (15 km); DHL HP8 Solar (24 km); Wallgrove Battery (25 km); USCAWRC Solar Farm (26 km); Warragamba Power Station (40 km),K1,SYD_STH/LINE/76,supported,116.58685166666666,13.970726089243964,-125.85838999999999,216.13658333333342,0.0,1.145693333333334,52.64490000000012,664.227145,621.7625283333333,115.0,5.0,0.9695652173913043,VNI
VIC1-NSW1,reverse,SYD_STH/LINE/76,Wllrwng PS Sydney S 76 330kV LINE,330.0,Sydney South 330kV,NSW1,south-west of Sydney (22 km),N-X_61_76|N-X_AVMA_SSWW,5,JEMALNG1 (+8.85); QPSFB2 (+6.28); QPSFB1 (+6.28); GOONSF1 (+6.28); PARSF1 (+6.28); LDBESS1 (-5.38),Jenema Gas Networks - Flemington (14 km); Smithfield Open Cycle Gas Turbine (15 km); DHL HP8 Solar (24 km); Wallgrove Battery (25 km); USCAWRC Solar Farm (26 km); Warragamba Power Station (40 km),K1,SYD_STH/LINE/76,supported,63.866814999999974,12.05071386492638,-50.298833333333334,150.0238383333334,0.0,-24.56398333333334,0.0,604.0710616666667,494.42384500000003,115.0,5.0,0.9695652173913043,VNI
VIC1-NSW1,forward,S_EAST/BUS/NB,South_East N 275kV BUS,275.0,South East 275kV,SA1,central Mount Gambier,I-BDBU_ONE,1,GUNNING1 (-11.75); BLOWERNG (-11.31); BANGOWF1 (-10.96); BANGOWF2 (-10.95); KERNGSP1 (+6.13); GANNSF1 (+6.13),Ladbroke Grove Power Station (31 km); Lake Bonney Wind Farm (39 km); Lake Bonney Battery (40 km); Canunda Wind Farm (43 km),K3,S_EAST,supported,-1.695521666666707,-0.20336997528822257,-49.917351666666605,48.9914316666667,0.0,12.451985833333367,0.0,802.7021675,817.1135583333332,700.5,32.0,0.6423982869379015,VNI
VIC1-NSW1,reverse,S_EAST/BUS/NB,South_East N 275kV BUS,275.0,South East 275kV,SA1,central Mount Gambier,I-BDBU_ONE,1,GUNNING1 (-11.75); BLOWERNG (-11.31); BANGOWF1 (-10.96); BANGOWF2 (-10.95); KERNGSP1 (+6.13); GANNSF1 (+6.13),Ladbroke Grove Power Station (31 km); Lake Bonney Wind Farm (39 km); Lake Bonney Battery (40 km); Canunda Wind Farm (43 km),K3,S_EAST,supported,41.30360416666667,9.250678761100321,-3.6359317083333296,98.4446099999999,0.0,-19.130958333333382,48.469454166666736,463.7593608333333,403.3157508333333,700.5,32.0,0.6423982869379015,VNI
VIC1-NSW1,forward,S_EAST/CB/CB6607,S_EAST 6607 275kV CB,275.0,South East 275kV,SA1,central Mount Gambier,S-TBSE,2,DARTM1 (+0.95); WKIEWA1 (+0.95); MCKAY1 (+0.95); MURRAY (+0.79); MOKOSF1 (+0.43); GLRWNSF1 (+0.43),Ladbroke Grove Power Station (31 km); Lake Bonney Wind Farm (39 km); Lake Bonney Battery (40 km); Canunda Wind Farm (43 km),K3,S_EAST,supported,-1.695521666666707,-0.20336997528822257,-49.917351666666605,48.9914316666667,0.0,12.451985833333367,0.0,802.7021675,817.1135583333332,700.5,32.0,0.6423982869379015,VNI
VIC1-NSW1,reverse,S_EAST/CB/CB6607,S_EAST 6607 275kV CB,275.0,South East 275kV,SA1,central Mount Gambier,S-TBSE,2,DARTM1 (+0.95); WKIEWA1 (+0.95); MCKAY1 (+0.95); MURRAY (+0.79); MOKOSF1 (+0.43); GLRWNSF1 (+0.43),Ladbroke Grove Power Station (31 km); Lake Bonney Wind Farm (39 km); Lake Bonney Battery (40 km); Canunda Wind Farm (43 km),K2,S-TBSE,supported,-8.959586666666667,-2.1144331463452275,-47.89469652083335,26.707396916666667,-0.02471839799749688,-19.556068333333286,3.8190466666666225,398.2063258333333,417.60286583333334,1023.0,48.0,0.7810361681329423,VNI
VIC1-NSW1,forward,S_EAST/CB/CB6610,S_EAST 6610 275kV CB,275.0,South East 275kV,SA1,central Mount Gambier,I-HYSE,1,MCKAY1 (+1.05); DARTM1 (+1.05); WKIEWA1 (+1.05); MURRAY (+0.88); GLENSF1 (+0.42); ELAINWF1 (+0.42),Ladbroke Grove Power Station (31 km); Lake Bonney Wind Farm (39 km); Lake Bonney Battery (40 km); Canunda Wind Farm (43 km),K3,S_EAST,supported,-1.695521666666707,-0.20336997528822257,-49.917351666666605,48.9914316666667,0.0,12.451985833333367,0.0,802.7021675,817.1135583333332,700.5,32.0,0.6423982869379015,VNI
VIC1-NSW1,reverse,S_EAST/CB/CB6610,S_EAST 6610 275kV CB,275.0,South East 275kV,SA1,central Mount Gambier,I-HYSE,1,MCKAY1 (+1.05); DARTM1 (+1.05); WKIEWA1 (+1.05); MURRAY (+0.88); GLENSF1 (+0.42); ELAINWF1 (+0.42),Ladbroke Grove Power Station (31 km); Lake Bonney Wind Farm (39 km); Lake Bonney Battery (40 km); Canunda Wind Farm (43 km),K3,S_EAST,supported,41.30360416666667,9.250678761100321,-3.6359317083333296,98.4446099999999,0.0,-19.130958333333382,48.469454166666736,463.7593608333333,403.3157508333333,700.5,32.0,0.6423982869379015,VNI
VIC1-NSW1,forward,S_EAST/CB/CB6611,S_EAST 6611 275kV CB,275.0,South East 275kV,SA1,central Mount Gambier,S-TBSE,1,DARTM1 (+0.95); WKIEWA1 (+0.95); MCKAY1 (+0.95); MURRAY (+0.79); MOKOSF1 (+0.43); GLRWNSF1 (+0.43),Ladbroke Grove Power Station (31 km); Lake Bonney Wind Farm (39 km); Lake Bonney Battery (40 km); Canunda Wind Farm (43 km),K3,S_EAST,supported,-1.695521666666707,-0.20336997528822257,-49.917351666666605,48.9914316666667,0.0,12.451985833333367,0.0,802.7021675,817.1135583333332,700.5,32.0,0.6423982869379015,VNI
VIC1-NSW1,reverse,S_EAST/CB/CB6611,S_EAST 6611 275kV CB,275.0,South East 275kV,SA1,central Mount Gambier,S-TBSE,1,DARTM1 (+0.95); WKIEWA1 (+0.95); MCKAY1 (+0.95); MURRAY (+0.79); MOKOSF1 (+0.43); GLRWNSF1 (+0.43),Ladbroke Grove Power Station (31 km); Lake Bonney Wind Farm (39 km); Lake Bonney Battery (40 km); Canunda Wind Farm (43 km),K2,S-TBSE,supported,-8.959586666666667,-2.1144331463452275,-47.89469652083335,26.707396916666667,-0.02471839799749688,-19.556068333333286,3.8190466666666225,398.2063258333333,417.60286583333334,1023.0,48.0,0.7810361681329423,VNI
VIC1-NSW1,forward,S_EAST/LINE/TABSES_1,Tailem_Bnd South_East 1 275kV LINE,275.0,South East 275kV,SA1,central Mount Gambier,S-TBSE|S-X_TBSE+BDBU,31,DARTM1 (+0.95); WKIEWA1 (+0.95); MCKAY1 (+0.95); MURRAY (+0.79); WINTSF1 (+0.43); MTGELWF1 (+0.43),Ladbroke Grove Power Station (31 km); Lake Bonney Wind Farm (39 km); Lake Bonney Battery (40 km); Canunda Wind Farm (43 km),K1xK2,S_EAST/LINE/TABSES_1 × S-TBSE,supported,-48.92875999999998,-5.869307632237676,-117.00302335416663,0.3215783333334912,0.0,-27.863321666666593,-3.333333353339185e-06,749.7440183333333,798.8978583333333,337.5,17.0,0.8785185185185185,VNI
VIC1-NSW1,reverse,S_EAST/LINE/TABSES_1,Tailem_Bnd South_East 1 275kV LINE,275.0,South East 275kV,SA1,central Mount Gambier,S-TBSE|S-X_TBSE+BDBU,31,DARTM1 (+0.95); WKIEWA1 (+0.95); MCKAY1 (+0.95); MURRAY (+0.79); WINTSF1 (+0.43); MTGELWF1 (+0.43),Ladbroke Grove Power Station (31 km); Lake Bonney Wind Farm (39 km); Lake Bonney Battery (40 km); Canunda Wind Farm (43 km),K1xK2,S_EAST/LINE/TABSES_1 × S-TBSE,supported,10.577401666666674,2.532058996617422,-63.93221833333314,58.534552333333345,0.0,27.522954999999996,0.0,436.5538966666666,403.5268566666667,337.5,17.0,0.8785185185185185,VNI
VIC1-NSW1,forward,S_EAST/LINE/TABSES_2,Tailem_Bnd South_East 2 275kV LINE,275.0,South East 275kV,SA1,central Mount Gambier,S-TBSE,27,DARTM1 (+0.95); WKIEWA1 (+0.95); MCKAY1 (+0.95); MURRAY (+0.79); MOKOSF1 (+0.43); GLRWNSF1 (+0.43),Ladbroke Grove Power Station (31 km); Lake Bonney Wind Farm (39 km); Lake Bonney Battery (40 km); Canunda Wind Farm (43 km),K1xK2,S_EAST/LINE/TABSES_2 × S-TBSE,supported,-4.623251666666761,-0.5453692730299822,-117.25912500000004,67.15073358333312,0.0,21.67895333333334,0.0,786.0156149999999,821.1777266666667,326.0,12.0,0.6825153374233128,VNI
VIC1-NSW1,reverse,S_EAST/LINE/TABSES_2,Tailem_Bnd South_East 2 275kV LINE,275.0,South East 275kV,SA1,central Mount Gambier,S-TBSE,27,DARTM1 (+0.95); WKIEWA1 (+0.95); MCKAY1 (+0.95); MURRAY (+0.79); MOKOSF1 (+0.43); GLRWNSF1 (+0.43),Ladbroke Grove Power Station (31 km); Lake Bonney Wind Farm (39 km); Lake Bonney Battery (40 km); Canunda Wind Farm (43 km),K1xK2,S_EAST/LINE/TABSES_2 × S-TBSE,supported,-23.14805666666672,-5.541270624311482,-129.10628499999996,34.25496697916642,0.0,-21.098139999999972,6.650185000000022,411.01675,452.5550983333333,326.0,12.0,0.6825153374233128,VNI
VIC1-NSW1,forward,TUMUT1_2/CB/642,64 Upper Tumut-Lower Tumut CB 642,330.0,Upper Tumut,NSW1,north-west of Cooma (75 km),N-LTUT_64_15M,1,UPPTUMUT (-1.69); TUMUT3 (-1.50); SNOWYP (+1.50); TUMUT3-4 (+1.50); TUMUT3-3 (+1.50); GUTHEGA (-1.41),Tumut 2 Power Station (3 km); Tumut 1 Power Station (5 km); Tumut 3 Power Station (34 km); Jounama Small Hydro Power Station (39 km); Murray 1 Power Station (41 km); Murray 2 Power Station (43 km); Guthega Power Station (49 km),K2,N-LTUT_64_15M,supported,15.025150000000053,1.779395608500527,-52.60936637500015,84.89578162500003,0.050505050505050525,39.656948333333304,-3.3333333249174757e-06,835.75537,782.5498758333333,425.0,9.0,0.8152941176470588,VNI
VIC1-NSW1,reverse,TUMUT1_2/CB/642,64 Upper Tumut-Lower Tumut CB 642,330.0,Upper Tumut,NSW1,north-west of Cooma (75 km),N-LTUT_64_15M,1,UPPTUMUT (-1.69); TUMUT3 (-1.50); SNOWYP (+1.50); TUMUT3-4 (+1.50); TUMUT3-3 (+1.50); GUTHEGA (-1.41),Tumut 2 Power Station (3 km); Tumut 1 Power Station (5 km); Tumut 3 Power Station (34 km); Jounama Small Hydro Power Station (39 km); Murray 1 Power Station (41 km); Murray 2 Power Station (43 km); Guthega Power Station (49 km),none,,unsupported,,,,,,,,,,,,,VNI
VIC1-NSW1,forward,TUMUT3/LINE/03,Lwr Tumut Yass 330kV 03 330kV LINE,330.0,Lower Tumut,NSW1,south-west of Canberra (84 km),N-MNYS_5_WG_CLOSE|N-X_03+4_WG_CLOSE|N-X_LTYS_MNYS,2,JEMALNG1 (+9.09); PARSF1 (+6.45); GOONSF1 (+6.45); QPSFB1 (+6.45); QPSFB2 (+6.45); HUMENSW (-4.02),Tumut 3 Power Station (1 km); Jounama Small Hydro Power Station (5 km); Blowering Power Station (23 km); Tumut 2 Power Station (32 km); Tumut 1 Power Station (39 km),K2,N-MNYS_5_WG_CLOSE,supported,-45.10114999999996,-5.631999704786679,-96.87320499999998,-9.159798333333356,-0.13378044475820683,-157.04529833333333,2.8333333332852817e-05,676.4033949999999,756.340695,2324.0,15.0,0.6095094664371773,VNI
VIC1-NSW1,reverse,TUMUT3/LINE/03,Lwr Tumut Yass 330kV 03 330kV LINE,330.0,Lower Tumut,NSW1,south-west of Canberra (84 km),N-MNYS_5_WG_CLOSE|N-X_03+4_WG_CLOSE|N-X_LTYS_MNYS,2,JEMALNG1 (+9.09); PARSF1 (+6.45); GOONSF1 (+6.45); QPSFB1 (+6.45); QPSFB2 (+6.45); HUMENSW (-4.02),Tumut 3 Power Station (1 km); Jounama Small Hydro Power Station (5 km); Blowering Power Station (23 km); Tumut 2 Power Station (32 km); Tumut 1 Power Station (39 km),none,,unsupported,,,,,,,,,,,,,VNI
VIC1-NSW1,forward,TUMUT3/LINE/051,Lwr Tumut Wagga 051 330kV LINE,330.0,Lower Tumut,NSW1,south-west of Canberra (84 km),CA_SYDS_57BBC96F|N-LTWG_63|N-LTWG_RADIAL|N-LTWG_X5|N-WAGGA_330_BUSA|N-X_051_X5,8,GANNSF1 (-4.55); COHUNSF1 (-4.55); GANNB1 (-4.55); KERNGSP1 (-4.55); KESSB1 (-4.42); WUNUSF1 (+3.80),Tumut 3 Power Station (1 km); Jounama Small Hydro Power Station (5 km); Blowering Power Station (23 km); Tumut 2 Power Station (32 km); Tumut 1 Power Station (39 km),K1,TUMUT3/LINE/051,supported,-36.598376249999944,-4.317227632976898,-225.20875666666677,144.3756400000001,0.0,-51.862925833333264,-2.5000000505315256e-06,735.5793033333333,807.12354,95.5,5.0,0.9528795811518325,VNI
VIC1-NSW1,reverse,TUMUT3/LINE/051,Lwr Tumut Wagga 051 330kV LINE,330.0,Lower Tumut,NSW1,south-west of Canberra (84 km),CA_SYDS_57BBC96F|N-LTWG_63|N-LTWG_RADIAL|N-LTWG_X5|N-WAGGA_330_BUSA|N-X_051_X5,8,GANNSF1 (-4.55); COHUNSF1 (-4.55); GANNB1 (-4.55); KERNGSP1 (-4.55); KESSB1 (-4.42); WUNUSF1 (+3.80),Tumut 3 Power Station (1 km); Jounama Small Hydro Power Station (5 km); Blowering Power Station (23 km); Tumut 2 Power Station (32 km); Tumut 1 Power Station (39 km),K2,N-WAGGA_330_BUSA,supported,-24.792869166666634,-5.575284357556418,-103.46551166666671,60.92388999999997,-0.046511627906976744,-162.20160125,166.22143333333332,329.10373250000004,333.87502458333336,123.5,8.0,0.6963562753036437,VNI
VIC1-NSW1,forward,TUMUT3/LINE/64,Lwr Tumut Upr Tumut 64 330kV LINE,330.0,Lower Tumut,NSW1,south-west of Canberra (84 km),I-X_64_DDSM|N-KVCW_3W_WG_CLOSE|N-LTUT_64_15M|V-DDSM,8,HUMENSW (-4.02); MP1 (-3.47); MP2 (-3.47); CROOKWF3 (-2.35); CROOKWF2 (-2.35); SHPUMP (-2.30),Tumut 3 Power Station (1 km); Jounama Small Hydro Power Station (5 km); Blowering Power Station (23 km); Tumut 2 Power Station (32 km); Tumut 1 Power Station (39 km),K1xK2,TUMUT3/LINE/64 × N-LTUT_64_15M,supported,33.647699999999986,3.9691591570573275,-39.180086666666625,99.58535166666661,0.0,79.71415666666664,-29.113933333333193,861.8264316666667,788.8796083333333,350.5,6.0,0.8088445078459344,VNI
VIC1-NSW1,reverse,TUMUT3/LINE/64,Lwr Tumut Upr Tumut 64 330kV LINE,330.0,Lower Tumut,NSW1,south-west of Canberra (84 km),I-X_64_DDSM|N-KVCW_3W_WG_CLOSE|N-LTUT_64_15M|V-DDSM,8,HUMENSW (-4.02); MP1 (-3.47); MP2 (-3.47); CROOKWF3 (-2.35); CROOKWF2 (-2.35); SHPUMP (-2.30),Tumut 3 Power Station (1 km); Jounama Small Hydro Power Station (5 km); Blowering Power Station (23 km); Tumut 2 Power Station (32 km); Tumut 1 Power Station (39 km),K2,N-KVCW_3W_WG_CLOSE,supported,12.99838583333326,2.896466315303004,-63.10412500000001,91.84631666666661,0.07853982300884955,126.93535916666663,-124.07908166666678,610.4756491666667,497.08362416666665,249.5,9.0,0.905811623246493,VNI
VIC1-NSW1,forward,TUMUT3/LINE/66,Lwr Tumut Murray 66 330kV LINE,330.0,Lower Tumut,NSW1,south-west of Canberra (84 km),I-LTMS,4,TUMUT3-4 (-6.41); SNOWYP (-6.41); TUMUT3 (+6.41); TUMUT3-3 (-6.41); HUMENSW (-4.02); UPPTUMUT (-4.01),Tumut 3 Power Station (1 km); Jounama Small Hydro Power Station (5 km); Blowering Power Station (23 km); Tumut 2 Power Station (32 km); Tumut 1 Power Station (39 km),K3,TUMUT3,supported,-79.67169999999999,-9.539319907579486,-186.35006625,-13.73287583333331,0.0,34.805726666666686,-127.87439999999992,682.6116533333333,810.8765183333334,646.5,15.0,0.6875483372003094,VNI
VIC1-NSW1,reverse,TUMUT3/LINE/66,Lwr Tumut Murray 66 330kV LINE,330.0,Lower Tumut,NSW1,south-west of Canberra (84 km),I-LTMS,4,TUMUT3-4 (-6.41); SNOWYP (-6.41); TUMUT3 (+6.41); TUMUT3-3 (-6.41); HUMENSW (-4.02); UPPTUMUT (-4.01),Tumut 3 Power Station (1 km); Jounama Small Hydro Power Station (5 km); Blowering Power Station (23 km); Tumut 2 Power Station (32 km); Tumut 1 Power Station (39 km),none,,unsupported,,,,,,,,,,,,,VNI
VIC1-NSW1,forward,TUNKIL/LINE/N/A,MtBarkerS-Tungkillo 275kV LINE,275.0,Tungkillo,SA1,north-west of Murray Bridge (33 km),S-TBSE,1,DARTM1 (+0.95); WKIEWA1 (+0.95); MCKAY1 (+0.95); MURRAY (+0.79); MOKOSF1 (+0.43); GLRWNSF1 (+0.43),Mannum PPS.2 solar farm (10 km); Mannum PPS.3 solar farm (12 km); Mannum Solar Farm (19 km); Murray Bridge-Onkaparinga Pipeline No. 2 Pump Solar Farm (28 km); Mannum Solar Farm Stage 1 (30 km); Angaston Power Station (42 km); Dry Creek Power Station (44 km); Bolivar Wastewater Treatment Plant Solar Farm (45 km); Torrens Island Power Station (50 km); Barker Inlet Power Station (50 km); Torrens Isla,none,,unsupported,,,,,,,,,,,,,VNI
VIC1-NSW1,reverse,TUNKIL/LINE/N/A,MtBarkerS-Tungkillo 275kV LINE,275.0,Tungkillo,SA1,north-west of Murray Bridge (33 km),S-TBSE,1,DARTM1 (+0.95); WKIEWA1 (+0.95); MCKAY1 (+0.95); MURRAY (+0.79); MOKOSF1 (+0.43); GLRWNSF1 (+0.43),Mannum PPS.2 solar farm (10 km); Mannum PPS.3 solar farm (12 km); Mannum Solar Farm (19 km); Murray Bridge-Onkaparinga Pipeline No. 2 Pump Solar Farm (28 km); Mannum Solar Farm Stage 1 (30 km); Angaston Power Station (42 km); Dry Creek Power Station (44 km); Bolivar Wastewater Treatment Plant Solar Farm (45 km); Torrens Island Power Station (50 km); Barker Inlet Power Station (50 km); Torrens Isla,K2,S-TBSE,supported,-8.959586666666667,-2.1144331463452275,-47.89469652083335,26.707396916666667,-0.02471839799749688,-19.556068333333286,3.8190466666666225,398.2063258333333,417.60286583333334,1023.0,48.0,0.7810361681329423,VNI
VIC1-NSW1,forward,TUNKIL/LINE/TUNTAB_1,Tungkillo-Tailem_Bnd 1 275kV LINE,275.0,Tungkillo,SA1,north-west of Murray Bridge (33 km),S-TBSE,1,DARTM1 (+0.95); WKIEWA1 (+0.95); MCKAY1 (+0.95); MURRAY (+0.79); MOKOSF1 (+0.43); GLRWNSF1 (+0.43),Mannum PPS.2 solar farm (10 km); Mannum PPS.3 solar farm (12 km); Mannum Solar Farm (19 km); Murray Bridge-Onkaparinga Pipeline No. 2 Pump Solar Farm (28 km); Mannum Solar Farm Stage 1 (30 km); Angaston Power Station (42 km); Dry Creek Power Station (44 km); Bolivar Wastewater Treatment Plant Solar Farm (45 km); Torrens Island Power Station (50 km); Barker Inlet Power Station (50 km); Torrens Isla,none,,unsupported,,,,,,,,,,,,,VNI
VIC1-NSW1,reverse,TUNKIL/LINE/TUNTAB_1,Tungkillo-Tailem_Bnd 1 275kV LINE,275.0,Tungkillo,SA1,north-west of Murray Bridge (33 km),S-TBSE,1,DARTM1 (+0.95); WKIEWA1 (+0.95); MCKAY1 (+0.95); MURRAY (+0.79); MOKOSF1 (+0.43); GLRWNSF1 (+0.43),Mannum PPS.2 solar farm (10 km); Mannum PPS.3 solar farm (12 km); Mannum Solar Farm (19 km); Murray Bridge-Onkaparinga Pipeline No. 2 Pump Solar Farm (28 km); Mannum Solar Farm Stage 1 (30 km); Angaston Power Station (42 km); Dry Creek Power Station (44 km); Bolivar Wastewater Treatment Plant Solar Farm (45 km); Torrens Island Power Station (50 km); Barker Inlet Power Station (50 km); Torrens Isla,K2,S-TBSE,supported,-8.959586666666667,-2.1144331463452275,-47.89469652083335,26.707396916666667,-0.02471839799749688,-19.556068333333286,3.8190466666666225,398.2063258333333,417.60286583333334,1023.0,48.0,0.7810361681329423,VNI
VIC1-NSW1,forward,TUNKIL/LINE/TUNTAB_2,Tungkillo-Tailem_Bnd 2 275kV LINE,275.0,Tungkillo,SA1,north-west of Murray Bridge (33 km),I-BDBU_ONE,1,GUNNING1 (-11.75); BLOWERNG (-11.31); BANGOWF1 (-10.96); BANGOWF2 (-10.95); KERNGSP1 (+6.13); GANNSF1 (+6.13),Mannum PPS.2 solar farm (10 km); Mannum PPS.3 solar farm (12 km); Mannum Solar Farm (19 km); Murray Bridge-Onkaparinga Pipeline No. 2 Pump Solar Farm (28 km); Mannum Solar Farm Stage 1 (30 km); Angaston Power Station (42 km); Dry Creek Power Station (44 km); Bolivar Wastewater Treatment Plant Solar Farm (45 km); Torrens Island Power Station (50 km); Barker Inlet Power Station (50 km); Torrens Isla,none,,unsupported,,,,,,,,,,,,,VNI
VIC1-NSW1,reverse,TUNKIL/LINE/TUNTAB_2,Tungkillo-Tailem_Bnd 2 275kV LINE,275.0,Tungkillo,SA1,north-west of Murray Bridge (33 km),I-BDBU_ONE,1,GUNNING1 (-11.75); BLOWERNG (-11.31); BANGOWF1 (-10.96); BANGOWF2 (-10.95); KERNGSP1 (+6.13); GANNSF1 (+6.13),Mannum PPS.2 solar farm (10 km); Mannum PPS.3 solar farm (12 km); Mannum Solar Farm (19 km); Murray Bridge-Onkaparinga Pipeline No. 2 Pump Solar Farm (28 km); Mannum Solar Farm Stage 1 (30 km); Angaston Power Station (42 km); Dry Creek Power Station (44 km); Bolivar Wastewater Treatment Plant Solar Farm (45 km); Torrens Island Power Station (50 km); Barker Inlet Power Station (50 km); Torrens Isla,none,,unsupported,,,,,,,,,,,,,VNI
VIC1-NSW1,forward,T_BEND/BUS/WB,Tailem_Bnd W 275kV BUS,275.0,Tailem Bend 275kV,SA1,south-east of Murray Bridge (26 km),S-TBSE,1,DARTM1 (+0.95); WKIEWA1 (+0.95); MCKAY1 (+0.95); MURRAY (+0.79); MOKOSF1 (+0.43); GLRWNSF1 (+0.43),Tailem Bend Solar Power Project (1 km); Mannum Solar Farm Stage 1 (29 km); Murray Bridge-Onkaparinga Pipeline No. 2 Pump Solar Farm (32 km); Mannum Solar Farm (45 km),none,,unsupported,,,,,,,,,,,,,VNI
VIC1-NSW1,reverse,T_BEND/BUS/WB,Tailem_Bnd W 275kV BUS,275.0,Tailem Bend 275kV,SA1,south-east of Murray Bridge (26 km),S-TBSE,1,DARTM1 (+0.95); WKIEWA1 (+0.95); MCKAY1 (+0.95); MURRAY (+0.79); MOKOSF1 (+0.43); GLRWNSF1 (+0.43),Tailem Bend Solar Power Project (1 km); Mannum Solar Farm Stage 1 (29 km); Murray Bridge-Onkaparinga Pipeline No. 2 Pump Solar Farm (32 km); Mannum Solar Farm (45 km),K2,S-TBSE,supported,-8.959586666666667,-2.1144331463452275,-47.89469652083335,26.707396916666667,-0.02471839799749688,-19.556068333333286,3.8190466666666225,398.2063258333333,417.60286583333334,1023.0,48.0,0.7810361681329423,VNI
VIC1-NSW1,forward,WAGGA330/BUS/5A,Wagga A 330kV BUS,330.0,Wagga 330kV,NSW1,,N-DPWG_63|N-DPWG_63_X5|N-LTWG_RADIAL|N-LTWG_X5|N-WAGGA_330_BUSA|N-X_051_X5,8,KERNGSP1 (-4.55); GANNB1 (-4.55); GANNSF1 (-4.55); COHUNSF1 (-4.55); KESSB1 (-4.42); HUMENSW (-4.02),,K1xK2,WAGGA330/BUS/5A × N-WAGGA_330_BUSA,supported,-31.026650000000018,-3.6599741426698658,-212.55184250000002,20.47889166666664,0.0,159.04432416666666,-269.9452341666668,733.6288941666667,785.1441791666666,101.5,6.0,0.7487684729064039,VNI
VIC1-NSW1,reverse,WAGGA330/BUS/5A,Wagga A 330kV BUS,330.0,Wagga 330kV,NSW1,,N-DPWG_63|N-DPWG_63_X5|N-LTWG_RADIAL|N-LTWG_X5|N-WAGGA_330_BUSA|N-X_051_X5,8,KERNGSP1 (-4.55); GANNB1 (-4.55); GANNSF1 (-4.55); COHUNSF1 (-4.55); KESSB1 (-4.42); HUMENSW (-4.02),,K1xK2,WAGGA330/BUS/5A × N-WAGGA_330_BUSA,supported,-22.11840166666667,-4.501070063000393,-136.73606833333332,63.484536666666656,0.0,-162.20160125,174.0687304166667,329.10373250000004,333.87502458333336,101.5,6.0,0.7487684729064039,VNI
VIC1-NSW1,forward,WAGGA330/BUS/5B1,Wagga B 330kV BUS,330.0,Wagga 330kV,NSW1,,N-JNWG_RADIAL|N-WAGGA_330_BUSB|N-WGWA_63_X5,6,URANQ11 (-10.49); URANQ12 (-10.49); FINLYSF1 (-10.49); AVLSF1 (-10.49); URANQ14 (-10.49); URANQ13 (-10.49),,K1xK2,WAGGA330/BUS/5B1 × N-WAGGA_330_BUSB,indicative,103.48484666666666,12.29966379231415,28.690484999999853,288.32917166666664,0.0,-55.74314666666668,111.70836416666666,711.5838158333333,673.5071687499999,208.5,3.0,0.47002398081534774,VNI
VIC1-NSW1,reverse,WAGGA330/BUS/5B1,Wagga B 330kV BUS,330.0,Wagga 330kV,NSW1,,N-JNWG_RADIAL|N-WAGGA_330_BUSB|N-WGWA_63_X5,6,URANQ11 (-10.49); URANQ12 (-10.49); FINLYSF1 (-10.49); AVLSF1 (-10.49); URANQ14 (-10.49); URANQ13 (-10.49),,K3,WAGGA330,supported,-208.63366666666673,-42.40352507437877,-261.007874625,-173.9248967916666,0.0,76.7144483333334,-184.52007166666647,256.96254166666665,477.2746266666666,511.0,11.0,0.8913894324853229,VNI
VIC1-NSW1,forward,WAGGA330/CB/3G2A,Wagga 3G2A 330kV CB,330.0,Wagga 330kV,NSW1,,N-WAGGA_330_BUSB|N-WGWA_63_X5,1,FINLYSF1 (-10.49); AVLSF1 (-10.49); URANQ11 (-10.49); URANQ12 (-10.49); URANQ13 (-10.49); URANQ14 (-10.49),,K2,N-WGWA_63_X5,indicative,-44.77652166666661,-5.281940251322547,-163.10732160416669,88.22364833333347,-0.06382978723404255,167.2806875,-173.1449591666667,709.3296416666667,754.3919595833333,174.5,4.0,0.2693409742120344,VNI
VIC1-NSW1,reverse,WAGGA330/CB/3G2A,Wagga 3G2A 330kV CB,330.0,Wagga 330kV,NSW1,,N-WAGGA_330_BUSB|N-WGWA_63_X5,1,FINLYSF1 (-10.49); AVLSF1 (-10.49); URANQ11 (-10.49); URANQ12 (-10.49); URANQ13 (-10.49); URANQ14 (-10.49),,K3,WAGGA330,supported,-208.63366666666673,-42.40352507437877,-261.007874625,-173.9248967916666,0.0,76.7144483333334,-184.52007166666647,256.96254166666665,477.2746266666666,511.0,11.0,0.8913894324853229,VNI
VIC1-NSW1,forward,WAGGA330/LINE/3G,Wagga-CULC_SF 3G 330kV LINE,330.0,Wagga 330kV,NSW1,,N-WGWA_X5,2,GANNB1 (-4.55); KERNGSP1 (-4.55); GANNSF1 (-4.55); COHUNSF1 (-4.55); KESSB1 (-4.42); LANCSF1 (+3.80),,none,,unsupported,,,,,,,,,,,,,VNI
VIC1-NSW1,reverse,WAGGA330/LINE/3G,Wagga-CULC_SF 3G 330kV LINE,330.0,Wagga 330kV,NSW1,,N-WGWA_X5,2,GANNB1 (-4.55); KERNGSP1 (-4.55); GANNSF1 (-4.55); COHUNSF1 (-4.55); KESSB1 (-4.42); LANCSF1 (+3.80),,K3,WAGGA330,supported,-208.63366666666673,-42.40352507437877,-261.007874625,-173.9248967916666,0.0,76.7144483333334,-184.52007166666647,256.96254166666665,477.2746266666666,511.0,11.0,0.8913894324853229,VNI
VIC1-NSW1,forward,WALAWALA/LINE/6Y,WALAWALA-Wagga330 6Y 330kV LINE,330.0,Walla Walla 330kV,NSW1,,CA_SYDS_56FB4FDD|N-WAGGA_330_BUSB|N-WGWA_63|N-WGWA_63_X5|N-WGWA_X5,3,WAGGNSF1 (-10.49); JUNEESF1 (-10.49); URANQ12 (-10.49); URANQ11 (-10.49); URANQ14 (-10.49); URANQ13 (-10.49),,K2,N-WGWA_63_X5,indicative,-44.77652166666661,-5.281940251322547,-163.10732160416669,88.22364833333347,-0.06382978723404255,167.2806875,-173.1449591666667,709.3296416666667,754.3919595833333,174.5,4.0,0.2693409742120344,VNI
VIC1-NSW1,reverse,WALAWALA/LINE/6Y,WALAWALA-Wagga330 6Y 330kV LINE,330.0,Walla Walla 330kV,NSW1,,CA_SYDS_56FB4FDD|N-WAGGA_330_BUSB|N-WGWA_63|N-WGWA_63_X5|N-WGWA_X5,3,WAGGNSF1 (-10.49); JUNEESF1 (-10.49); URANQ12 (-10.49); URANQ11 (-10.49); URANQ14 (-10.49); URANQ13 (-10.49),,K2,N-WGWA_63_X5,indicative,-201.88964958333335,-46.2922789035471,-241.257235,-150.87581666666668,-0.26595744680851063,-143.83399166666663,-0.7240916666666699,211.8743475,420.3625608333333,174.5,4.0,0.2693409742120344,VNI
VIC1-NSW1,forward,WBTS/TRANS/B2TR,,,Waubra 220kV,VIC1,north-west of Ballarat (31 km),V-AR_WB_BA,2,YATSF1 (-6.25); MUWAWF1 (-6.25); MUWAWF2 (-6.25); KARSF1 (-6.25); KIAMSF1 (-6.25); GANNB1 (-6.25),Waubra Wind Farm (1 km); Chepstowe Wind Farm (28 km); Stockyard Hill Wind Farm (32 km); Ballarat Energy Storage System (36 km); Challicum Hills Wind Farm (44 km); Hepburn Wind Project (46 km); Lal Lal (Yendon) Wind Farm (48 km); Crowlands Wind Farm (48 km),K2,V-AR_WB_BA,supported,-79.88317500000016,-9.930816302389363,-195.49784999999997,111.3126525,-0.01867219917012447,-60.03904666666668,-1.6666666744491465e-06,398.24457,351.73086166666667,129.0,16.0,0.9341085271317829,VNI
VIC1-NSW1,reverse,WBTS/TRANS/B2TR,,,Waubra 220kV,VIC1,north-west of Ballarat (31 km),V-AR_WB_BA,2,YATSF1 (-6.25); MUWAWF1 (-6.25); MUWAWF2 (-6.25); KARSF1 (-6.25); KIAMSF1 (-6.25); GANNB1 (-6.25),Waubra Wind Farm (1 km); Chepstowe Wind Farm (28 km); Stockyard Hill Wind Farm (32 km); Ballarat Energy Storage System (36 km); Challicum Hills Wind Farm (44 km); Hepburn Wind Project (46 km); Lal Lal (Yendon) Wind Farm (48 km); Crowlands Wind Farm (48 km),none,,unsupported,,,,,,,,,,,,,VNI
VIC1-NSW1,forward,WETS/LINE/KGTS_WETS_220,Kerang-Wemen 220kV LINE,220.0,Wemen 220kV,VIC1,,V-KG_WE_RC,3,MCKAY1 (+0.95); DARTM1 (+0.95); WKIEWA1 (+0.95); MURRAY (+0.79); MOKOSF1 (+0.43); GLRWNSF1 (+0.43),,K2,V-KG_WE_RC,supported,134.0636633333333,17.103794139871553,0.2613500000000002,429.1488633333332,0.060402684563758385,63.68741166666666,1.666666662458738e-05,619.8601216666667,306.58157166666666,78.0,7.0,0.9551282051282052,VNI
VIC1-NSW1,reverse,WETS/LINE/KGTS_WETS_220,Kerang-Wemen 220kV LINE,220.0,Wemen 220kV,VIC1,,V-KG_WE_RC,3,MCKAY1 (+0.95); DARTM1 (+0.95); WKIEWA1 (+0.95); MURRAY (+0.79); MOKOSF1 (+0.43); GLRWNSF1 (+0.43),,K2,V-KG_WE_RC,supported,-1.7480883333333281,-0.3398252233833743,-113.71406000000002,84.12082500000008,0.023489932885906048,-51.36755833333336,79.39162333333331,560.1951183333334,558.7252783333333,78.0,7.0,0.9551282051282052,VNI
VIC1-NSW1,forward,WETS/LINE/RCTS_WETS_220,Red Cliffs-Wemen 220kV LINE,220.0,Wemen 220kV,VIC1,,V-KG_WE_RC,9,MCKAY1 (+0.95); DARTM1 (+0.95); WKIEWA1 (+0.95); MURRAY (+0.79); MOKOSF1 (+0.43); GLRWNSF1 (+0.43),,K1xK2,WETS/LINE/RCTS_WETS_220 × V-KG_WE_RC,supported,298.041655,35.87731996719846,44.18677333333346,495.01784583333324,0.0,93.81730416666667,108.81561666666661,718.2833933333334,412.128965,50.5,5.0,0.9504950495049505,VNI
VIC1-NSW1,reverse,WETS/LINE/RCTS_WETS_220,Red Cliffs-Wemen 220kV LINE,220.0,Wemen 220kV,VIC1,,V-KG_WE_RC,9,MCKAY1 (+0.95); DARTM1 (+0.95); WKIEWA1 (+0.95); MURRAY (+0.79); MOKOSF1 (+0.43); GLRWNSF1 (+0.43),,K2,V-KG_WE_RC,supported,-1.7480883333333281,-0.3398252233833743,-113.71406000000002,84.12082500000008,0.023489932885906048,-51.36755833333336,79.39162333333331,560.1951183333334,558.7252783333333,78.0,7.0,0.9551282051282052,VNI
VIC1-NSW1,forward,WILLAL/LINE/MOKWIL_1,Mokota-Willalo 275kV LINE,275.0,Willalo,SA1,,S-TBSE,1,DARTM1 (+0.95); WKIEWA1 (+0.95); MCKAY1 (+0.95); MURRAY (+0.79); MOKOSF1 (+0.43); GLRWNSF1 (+0.43),,none,,unsupported,,,,,,,,,,,,,VNI
VIC1-NSW1,reverse,WILLAL/LINE/MOKWIL_1,Mokota-Willalo 275kV LINE,275.0,Willalo,SA1,,S-TBSE,1,DARTM1 (+0.95); WKIEWA1 (+0.95); MCKAY1 (+0.95); MURRAY (+0.79); MOKOSF1 (+0.43); GLRWNSF1 (+0.43),,K2,S-TBSE,supported,-8.959586666666667,-2.1144331463452275,-47.89469652083335,26.707396916666667,-0.02471839799749688,-19.556068333333286,3.8190466666666225,398.2063258333333,417.60286583333334,1023.0,48.0,0.7810361681329423,VNI
VIC1-NSW1,forward,YASS/LINE/330KV_3J,Yass-R_PARK 3J 330kV LINE,330.0,Yass 330kV,NSW1,central Yass,N-GRYS_3J_15M,2,JEMALNG1 (+8.93); PARSF1 (+6.34); GOONSF1 (+6.34); BANGOWF2 (-3.55); BANGOWF1 (-3.54); MANSLR1 (+3.11),Rye Park Wind Farm (26 km); Bango Wind Farm (29 km); Burrinjuck Power Station (34 km); Collector Wind Farm (45 km); Collector Wind Farm (45 km); Cullerin Range Wind Farm (46 km); Cullerin Range Wind Farm (46 km); Gunning Wind Farm (46 km); Gunning Wind Farm (46 km); Biala Wind Farm (50 km),K2,N-GRYS_3J_15M,indicative,-81.78327499999989,-9.647340973094366,-624.04566,-72.32925,-0.047619047619047616,-457.42275,518.4228599999999,495.95975500000003,361.7836566666667,10.5,3.0,1.0,VNI
VIC1-NSW1,reverse,YASS/LINE/330KV_3J,Yass-R_PARK 3J 330kV LINE,330.0,Yass 330kV,NSW1,central Yass,N-GRYS_3J_15M,2,JEMALNG1 (+8.93); PARSF1 (+6.34); GOONSF1 (+6.34); BANGOWF2 (-3.55); BANGOWF1 (-3.54); MANSLR1 (+3.11),Rye Park Wind Farm (26 km); Bango Wind Farm (29 km); Burrinjuck Power Station (34 km); Collector Wind Farm (45 km); Collector Wind Farm (45 km); Cullerin Range Wind Farm (46 km); Cullerin Range Wind Farm (46 km); Gunning Wind Farm (46 km); Gunning Wind Farm (46 km); Biala Wind Farm (50 km),K2,N-GRYS_3J_15M,indicative,-53.165803333333315,-12.727033999927745,-765.4956133333333,-14.139513333333412,0.7857142857142857,457.42275,-583.7506000000001,406.3618833333333,617.8975366666667,10.5,3.0,1.0,VNI
