ic,GENCONSETID,DUID,duid_region,dispatch_type,sensitivity,example_equation
N-Q-MNSP1,CA_BRIS_57A00625,WRWF1,NSW1,GENERATOR,0.4641,CA_BRIS_57A00625_1
N-Q-MNSP1,CA_BRIS_57A00625,WRSF1,NSW1,GENERATOR,0.4641,CA_BRIS_57A00625_1
N-Q-MNSP1,CA_BRIS_57A00625,SAPHWF1,NSW1,GENERATOR,0.438,CA_BRIS_57A00625_1
N-Q-MNSP1,CA_BRIS_57A00625,NEWENSF1,NSW1,GENERATOR,0.4173,CA_BRIS_57A00625_1
N-Q-MNSP1,CA_BRIS_57A00625,NEWENSF2,NSW1,GENERATOR,0.4173,CA_BRIS_57A00625_1
N-Q-MNSP1,CA_BRIS_57A00625,METZSF1,NSW1,GENERATOR,0.411,CA_BRIS_57A00625_1
N-Q-MNSP1,CA_BRIS_57A00625,MOREESF1,NSW1,GENERATOR,0.3695,CA_BRIS_57A00625_1
N-Q-MNSP1,CA_BRIS_57A00625,GNNDHSF1,NSW1,GENERATOR,0.3041,CA_BRIS_57A00625_1
N-Q-MNSP1,CA_BRIS_57A00625,HEZ1,NSW1,GENERATOR,-0.0823,CA_BRIS_57A00625_1
N-Q-MNSP1,CA_BRIS_59712B29,METZSF1,NSW1,GENERATOR,0.6977,CA_BRIS_59712B29_1
N-Q-MNSP1,CA_BRIS_59712B29,WRSF1,NSW1,GENERATOR,0.6975,CA_BRIS_59712B29_1
N-Q-MNSP1,CA_BRIS_59712B29,WRWF1,NSW1,GENERATOR,0.6975,CA_BRIS_59712B29_1
N-Q-MNSP1,CA_BRIS_59712B29,SAPHWF1,NSW1,GENERATOR,0.595,CA_BRIS_59712B29_1
N-Q-MNSP1,CA_BRIS_59712B29,NEWENSF2,NSW1,GENERATOR,0.5657,CA_BRIS_59712B29_1
N-Q-MNSP1,CA_BRIS_59712B29,NEWENSF1,NSW1,GENERATOR,0.5657,CA_BRIS_59712B29_1
N-Q-MNSP1,CA_BRIS_59712B29,MOREESF1,NSW1,GENERATOR,0.556,CA_BRIS_59712B29_1
N-Q-MNSP1,CA_BRIS_59712B29,GNNDHSF1,NSW1,GENERATOR,0.4206,CA_BRIS_59712B29_1
N-Q-MNSP1,CA_SYDS_566A36E5,CALLNL2,QLD1,GENERATOR,-11.26126126126126,CA_SYDS_566A36E5_1
N-Q-MNSP1,CA_SYDS_566A36E5,CPP_3,QLD1,GENERATOR,-11.26126126126126,CA_SYDS_566A36E5_1
N-Q-MNSP1,CA_SYDS_566A36E5,CPP_4,QLD1,GENERATOR,-11.26126126126126,CA_SYDS_566A36E5_1
N-Q-MNSP1,CA_SYDS_566A36E5,CALLNL3,QLD1,GENERATOR,-11.26126126126126,CA_SYDS_566A36E5_1
N-Q-MNSP1,CA_SYDS_566A36E5,CALL_B_2,QLD1,GENERATOR,-11.26126126126126,CA_SYDS_566A36E5_1
N-Q-MNSP1,CA_SYDS_566A36E5,CALL_B_1,QLD1,GENERATOR,-11.26126126126126,CA_SYDS_566A36E5_1
N-Q-MNSP1,CA_SYDS_566A36E5,MOUSF1,QLD1,GENERATOR,-10.829954954954955,CA_SYDS_566A36E5_1
N-Q-MNSP1,CA_SYDS_566A36E5,EMERASF1,QLD1,GENERATOR,-9.097972972972972,CA_SYDS_566A36E5_1
N-Q-MNSP1,CA_SYDS_566A36E5,MIDDLSF1,QLD1,GENERATOR,-9.024774774774775,CA_SYDS_566A36E5_1
N-Q-MNSP1,CA_SYDS_566A36E5,BARCALDN,QLD1,GENERATOR,-9.019144144144143,CA_SYDS_566A36E5_1
N-Q-MNSP1,CA_SYDS_59839EB2,METZSF1,NSW1,GENERATOR,0.7041,CA_SYDS_59839EB2_2
N-Q-MNSP1,CA_SYDS_59839EB2,WRWF1,NSW1,GENERATOR,0.7038,CA_SYDS_59839EB2_2
N-Q-MNSP1,CA_SYDS_59839EB2,WRSF1,NSW1,GENERATOR,0.7038,CA_SYDS_59839EB2_2
N-Q-MNSP1,CA_SYDS_59839EB2,SAPHWF1,NSW1,GENERATOR,0.6035,CA_SYDS_59839EB2_1
N-Q-MNSP1,CA_SYDS_59839EB2,NEWENSF2,NSW1,GENERATOR,0.5749,CA_SYDS_59839EB2_1
N-Q-MNSP1,CA_SYDS_59839EB2,NEWENSF1,NSW1,GENERATOR,0.5749,CA_SYDS_59839EB2_1
N-Q-MNSP1,CA_SYDS_59839EB2,MOREESF1,NSW1,GENERATOR,0.5654,CA_SYDS_59839EB2_1
N-Q-MNSP1,CA_SYDS_59839EB2,GNNDHSF1,NSW1,GENERATOR,0.4328,CA_SYDS_59839EB2_2
N-Q-MNSP1,N-96L_96R_CB4102,WRWF1,NSW1,GENERATOR,-0.1065,N>>96L_96R_96C_87
N-Q-MNSP1,N-96L_96R_CB4102,WRSF1,NSW1,GENERATOR,-0.1065,N>>96L_96R_96C_87
N-Q-MNSP1,N-96L_96R_CB4102,MOREESF1,NSW1,GENERATOR,-0.08176,N>>96L_96R_96C_87
N-Q-MNSP1,N-96L_96R_CB4102,SAPHWF1,NSW1,GENERATOR,-0.07661,N>>96L_96R_96C_87
N-Q-MNSP1,N-96L_96R_CB4102,NEWENSF2,NSW1,GENERATOR,-0.07277,N>>96L_96R_96C_87
N-Q-MNSP1,N-96L_96R_CB4102,NEWENSF1,NSW1,GENERATOR,-0.07277,N>>96L_96R_96C_87
N-Q-MNSP1,N-ARTW_86,SAPHWF1,NSW1,GENERATOR,1.0,F_NVS++86_R5
N-Q-MNSP1,N-ARTW_86,NESBESS1,NSW1,BIDIRECTIONAL,1.0,F_NVS++86_R5
N-Q-MNSP1,N-ARTW_86,NESBESS2,NSW1,BIDIRECTIONAL,1.0,F_NVS++86_R5
N-Q-MNSP1,N-ARTW_86,NEWENSF1,NSW1,GENERATOR,1.0,F_NVS++86_R5
N-Q-MNSP1,N-ARTW_86,NEWENSF2,NSW1,GENERATOR,1.0,F_NVS++86_R5
N-Q-MNSP1,N-AVMA_17,TARALGA1,NSW1,GENERATOR,4.149377593360996,N>>17_39_11
N-Q-MNSP1,N-AVMA_17,TALWB1,NSW1,GENERATOR,4.145228215767635,N>>17_39_11
N-Q-MNSP1,N-AVMA_17,TALWA1,NSW1,GENERATOR,4.145228215767635,N>>17_39_11
N-Q-MNSP1,N-AVMA_17,CROOKWF3,NSW1,GENERATOR,4.141078838174274,N>>17_39_11
N-Q-MNSP1,N-AVMA_17,CROOKWF2,NSW1,GENERATOR,4.141078838174274,N>>17_39_11
N-Q-MNSP1,N-AVMA_17,SHPUMP,NSW1,LOAD,-4.136929460580913,N>>17_39_11
N-Q-MNSP1,N-AVMA_17,SHGEN2,NSW1,GENERATOR,4.136929460580913,N>>17_39_11
N-Q-MNSP1,N-AVMA_17,SHGEN,NSW1,GENERATOR,4.136929460580913,N>>17_39_11
N-Q-MNSP1,N-AVMA_17,GULLRWF1,NSW1,GENERATOR,4.136929460580913,N>>17_39_11
N-Q-MNSP1,N-AVMA_17,GULLRWF2,NSW1,GENERATOR,4.136929460580913,N>>17_39_11
N-Q-MNSP1,N-CHKS_ONE,METZSF1,NSW1,GENERATOR,1.26806999746386,N>>9W5_965_9W3_BPASS
N-Q-MNSP1,N-CHKS_ONE,WRSF1,NSW1,GENERATOR,1.1531828556936343,N>>9W5_965_9W3_BPASS
N-Q-MNSP1,N-CHKS_ONE,WRWF1,NSW1,GENERATOR,1.1531828556936343,N>>9W5_965_9W3_BPASS
N-Q-MNSP1,N-CHKS_ONE,MOREESF1,NSW1,GENERATOR,0.905401978189196,N>>9W5_965_9W3_BPASS
N-Q-MNSP1,N-CHKS_ONE,SAPHWF1,NSW1,GENERATOR,0.8804209992391581,N>>9W5_965_9W3_BPASS
N-Q-MNSP1,N-CHKS_ONE,NEWENSF1,NSW1,GENERATOR,0.8362921633274156,N>>9W5_965_9W3_BPASS
N-Q-MNSP1,N-CHKS_ONE,NEWENSF2,NSW1,GENERATOR,0.8362921633274156,N>>9W5_965_9W3_BPASS
N-Q-MNSP1,N-CHKS_ONE,NESBESS1,NSW1,BIDIRECTIONAL,0.8362921633274156,N>>9W5_965_9W3_BPASS
N-Q-MNSP1,N-CHKS_ONE,NESBESS2,NSW1,BIDIRECTIONAL,0.8362921633274156,N>>9W5_965_9W3_BPASS
N-Q-MNSP1,N-CHKS_ONE,GNNDHSF1,NSW1,GENERATOR,0.6327669287344662,N>>9W5_965_9W3_BPASS
N-Q-MNSP1,N-DTMN_8_15M,TARALGA1,NSW1,GENERATOR,5.952380952380952,N>>8_16_39
N-Q-MNSP1,N-DTMN_8_15M,COLWF01,NSW1,GENERATOR,5.184523809523809,N>>8_16_39
N-Q-MNSP1,N-DTMN_8_15M,CROOKWF2,NSW1,GENERATOR,5.166666666666666,N>>8_16_39
N-Q-MNSP1,N-DTMN_8_15M,CROOKWF3,NSW1,GENERATOR,5.166666666666666,N>>8_16_39
N-Q-MNSP1,N-DTMN_8_15M,GULLRSF1,NSW1,GENERATOR,5.077380952380952,N>>8_16_39
N-Q-MNSP1,N-DTMN_8_15M,GULLRWF1,NSW1,GENERATOR,5.077380952380952,N>>8_16_39
N-Q-MNSP1,N-DTMN_8_15M,GULLRWF2,NSW1,GENERATOR,5.077380952380952,N>>8_16_39
N-Q-MNSP1,N-DTMN_8_15M,RYEPARK1,NSW1,GENERATOR,4.803571428571429,N>>8_16_39
N-Q-MNSP1,N-DTMN_8_15M,GUNNING1,NSW1,GENERATOR,4.470238095238095,N>>8_16_39
N-Q-MNSP1,N-DTMN_8_15M,BLOWERNG,NSW1,GENERATOR,4.3809523809523805,N>>8_16_39
N-Q-MNSP1,N-LDTM_82,MP1,NSW1,GENERATOR,3.4129692832764507,N>>LDTM_70_71
N-Q-MNSP1,N-LDTM_82,MP2,NSW1,GENERATOR,3.4129692832764507,N>>LDTM_70_71
N-Q-MNSP1,N-LDTM_82,WELNSF1,NSW1,GENERATOR,2.1331058020477816,N>>LDTM_70_71
N-Q-MNSP1,N-LDTM_82,ORABESS1,NSW1,BIDIRECTIONAL,2.1331058020477816,N>>LDTM_70_71
N-Q-MNSP1,N-LDTM_82,STUBSF1,NSW1,GENERATOR,2.0716723549488054,N>>LDTM_70_71
N-Q-MNSP1,N-LDTM_82,STUBSF2,NSW1,GENERATOR,2.0716723549488054,N>>LDTM_70_71
N-Q-MNSP1,N-LDTM_82,WOLARSF1,NSW1,GENERATOR,2.0273037542662116,N>>LDTM_70_71
N-Q-MNSP1,N-LDTM_82,NEVERSF1,NSW1,GENERATOR,1.665529010238908,N>>LDTM_70_71
N-Q-MNSP1,N-LDTM_82,NYNGAN1,NSW1,GENERATOR,1.665529010238908,N>>LDTM_70_71
N-Q-MNSP1,N-LDTM_82,WELLSF1,NSW1,GENERATOR,1.665529010238908,N>>LDTM_70_71
N-Q-MNSP1,N-LDTW_84,GNNDHSF1,NSW1,GENERATOR,1.0729613733905579,N>>84_83_QGEN_N
N-Q-MNSP1,N-LDTW_84,NESBESS2,NSW1,BIDIRECTIONAL,1.050429184549356,N>>84_83_NIL_S
N-Q-MNSP1,N-LDTW_84,NESBESS1,NSW1,BIDIRECTIONAL,1.050429184549356,N>>84_83_NIL_S
N-Q-MNSP1,N-LDTW_84,NEWENSF2,NSW1,GENERATOR,1.050429184549356,N>>84_83_QGEN_N
N-Q-MNSP1,N-LDTW_84,MOREESF1,NSW1,GENERATOR,1.050429184549356,N>>84_83_QGEN_N
N-Q-MNSP1,N-LDTW_84,NEWENSF1,NSW1,GENERATOR,1.050429184549356,N>>84_83_QGEN_N
N-Q-MNSP1,N-LDTW_84,SAPHWF1,NSW1,GENERATOR,1.046137339055794,N>>84_83_NIL_N
N-Q-MNSP1,N-LDTW_84,WRWF1,NSW1,GENERATOR,1.0268240343347639,N>>84_83_QGEN_N
N-Q-MNSP1,N-LDTW_84,WRSF1,NSW1,GENERATOR,1.0268240343347639,N>>84_83_NIL_S
N-Q-MNSP1,N-LDTW_84,METZSF1,NSW1,GENERATOR,1.0236051502145922,N>>84_83_NIL_S
N-Q-MNSP1,N-TWUL_85,NEWENSF1,NSW1,GENERATOR,1.0,F_NVS++85_L5
N-Q-MNSP1,N-TWUL_85,SAPHWF1,NSW1,GENERATOR,1.0,F_NVS++85_L5
N-Q-MNSP1,N-TWUL_85,NESBESS1,NSW1,BIDIRECTIONAL,1.0,F_NVS++85_L5
N-Q-MNSP1,N-TWUL_85,NESBESS2,NSW1,BIDIRECTIONAL,1.0,F_NVS++85_L5
N-Q-MNSP1,N-TWUL_85,NEWENSF2,NSW1,GENERATOR,1.0,F_NVS++85_L5
N-Q-MNSP1,N-TWUL_85,MOREESF1,NSW1,GENERATOR,1.0,N>>85_86_NIL_N
N-Q-MNSP1,N-TWUL_85,METZSF1,NSW1,GENERATOR,1.0,N>>85_86_NIL_N
N-Q-MNSP1,N-TWUL_85,WRWF1,NSW1,GENERATOR,1.0,N>>85_86_NIL_N
N-Q-MNSP1,N-TWUL_85,WRSF1,NSW1,GENERATOR,1.0,N>>85_86_NIL_N
N-Q-MNSP1,N-X_10+76,TALWB1,NSW1,GENERATOR,6.024096385542168,N>>76_11_77
N-Q-MNSP1,N-X_10+76,TALWA1,NSW1,GENERATOR,6.024096385542168,N>>76_11_77
N-Q-MNSP1,N-X_10+76,SHGEN,NSW1,GENERATOR,5.686746987951807,N>>76_11_77
N-Q-MNSP1,N-X_10+76,SHGEN2,NSW1,GENERATOR,5.686746987951807,N>>76_11_77
N-Q-MNSP1,N-X_10+76,SHPUMP,NSW1,LOAD,-5.686746987951807,N>>76_11_77
N-Q-MNSP1,N-X_10+76,WOODLWN1,NSW1,GENERATOR,4.662650602409639,N>>76_11_77
N-Q-MNSP1,N-X_10+76,WILLBES1,NSW1,BIDIRECTIONAL,4.186746987951807,N>>76_11_77
N-Q-MNSP1,N-X_10+76,BOCORWF1,NSW1,GENERATOR,4.186746987951807,N>>76_11_77
N-Q-MNSP1,N-X_10+76,CAPBES1,NSW1,BIDIRECTIONAL,4.186746987951807,N>>76_11_77
N-Q-MNSP1,N-X_10+76,QBYNB1,NSW1,BIDIRECTIONAL,4.186746987951807,N>>76_11_77
N-Q-MNSP1,N-X_4+17_WG_CLOSE,ER04,NSW1,GENERATOR,6.7114093959731544,N>>17_13_14
N-Q-MNSP1,N-X_4+17_WG_CLOSE,ER03,NSW1,GENERATOR,6.7114093959731544,N>>17_13_14
N-Q-MNSP1,N-X_4+17_WG_CLOSE,TARALGA1,NSW1,GENERATOR,4.149377593360996,N>>17_39_11
N-Q-MNSP1,N-X_4+17_WG_CLOSE,TALWB1,NSW1,GENERATOR,4.145228215767635,N>>17_39_11
N-Q-MNSP1,N-X_4+17_WG_CLOSE,TALWA1,NSW1,GENERATOR,4.145228215767635,N>>17_39_11
N-Q-MNSP1,N-X_4+17_WG_CLOSE,CROOKWF3,NSW1,GENERATOR,4.141078838174274,N>>17_39_11
N-Q-MNSP1,N-X_4+17_WG_CLOSE,CROOKWF2,NSW1,GENERATOR,4.141078838174274,N>>17_39_11
N-Q-MNSP1,N-X_4+17_WG_CLOSE,GULLRSF1,NSW1,GENERATOR,4.136929460580913,N>>17_39_11
N-Q-MNSP1,N-X_4+17_WG_CLOSE,SHPUMP,NSW1,LOAD,-4.136929460580913,N>>17_39_11
N-Q-MNSP1,N-X_4+17_WG_CLOSE,GULLRWF1,NSW1,GENERATOR,4.136929460580913,N>>17_39_11
N-Q-MNSP1,N-X_ARKK_CH_CB892A,METZSF1,NSW1,GENERATOR,-0.358,N>>966_965_87_PSTMAN
N-Q-MNSP1,N-X_ARKK_CH_CB892A,SAPHWF1,NSW1,GENERATOR,-0.238,N>>966_965_87_PSTMAN
N-Q-MNSP1,N-X_ARKK_CH_CB892A,NEWENSF1,NSW1,GENERATOR,-0.226,N>>966_965_87_PSTMAN
N-Q-MNSP1,N-X_ARKK_CH_CB892A,NEWENSF2,NSW1,GENERATOR,-0.226,N>>966_965_87_PSTMAN
N-Q-MNSP1,N-X_ARKK_CH_CB892A,NESBESS1,NSW1,BIDIRECTIONAL,-0.226,N>>966_965_87_BYPASS
N-Q-MNSP1,N-X_ARKK_CH_CB892A,NESBESS2,NSW1,BIDIRECTIONAL,-0.226,N>>966_965_87_BYPASS
N-Q-MNSP1,N-X_ARKK_CH_CB892A,MOREESF1,NSW1,GENERATOR,-0.159,N>>966_965_87_PSTMAN
N-Q-MNSP1,N-X_ARKK_CH_CB892A,GNNDHSF1,NSW1,GENERATOR,-0.151,N>>966_965_87_BYPASS
N-Q-MNSP1,N-X_AVMA_KCTX,ER03,NSW1,GENERATOR,6.410256410256411,N>>X_17+KCTX_KCTX
N-Q-MNSP1,N-X_AVMA_KCTX,ER04,NSW1,GENERATOR,6.410256410256411,N>>X_17+KCTX_KCTX
N-Q-MNSP1,N-X_AVMA_KCTX,TARALGA1,NSW1,GENERATOR,4.149377593360996,N>>X_17+KCTX_39_11
N-Q-MNSP1,N-X_AVMA_KCTX,TALWB1,NSW1,GENERATOR,4.145228215767635,N>>X_17+KCTX_39_11
N-Q-MNSP1,N-X_AVMA_KCTX,TALWA1,NSW1,GENERATOR,4.145228215767635,N>>X_17+KCTX_39_11
N-Q-MNSP1,N-X_AVMA_KCTX,CROOKWF3,NSW1,GENERATOR,4.141078838174274,N>>X_17+KCTX_39_11
N-Q-MNSP1,N-X_AVMA_KCTX,CROOKWF2,NSW1,GENERATOR,4.141078838174274,N>>X_17+KCTX_39_11
N-Q-MNSP1,N-X_AVMA_KCTX,GULLRWF1,NSW1,GENERATOR,4.136929460580913,N>>X_17+KCTX_39_11
N-Q-MNSP1,N-X_AVMA_KCTX,SHPUMP,NSW1,LOAD,-4.136929460580913,N>>X_17+KCTX_39_11
N-Q-MNSP1,N-X_AVMA_KCTX,SHGEN,NSW1,GENERATOR,4.136929460580913,N>>X_17+KCTX_39_11
N-Q-MNSP1,N-X_AVMA_SSWW,ER04,NSW1,GENERATOR,6.134969325153374,N>>X-17+76_13_14
N-Q-MNSP1,N-X_AVMA_SSWW,ER03,NSW1,GENERATOR,6.134969325153374,N>>X-17+76_13_14
N-Q-MNSP1,N-X_AVMA_SSWW,TARALGA1,NSW1,GENERATOR,3.8910505836575875,N>>X-17+76_39_11
N-Q-MNSP1,N-X_AVMA_SSWW,TALWA1,NSW1,GENERATOR,3.88715953307393,N>>X-17+76_39_11
N-Q-MNSP1,N-X_AVMA_SSWW,TALWB1,NSW1,GENERATOR,3.88715953307393,N>>X-17+76_39_11
N-Q-MNSP1,N-X_AVMA_SSWW,SHGEN,NSW1,GENERATOR,3.8832684824902723,N>>X-17+76_39_11
N-Q-MNSP1,N-X_AVMA_SSWW,SHGEN2,NSW1,GENERATOR,3.8832684824902723,N>>X-17+76_39_11
N-Q-MNSP1,N-X_AVMA_SSWW,SHPUMP,NSW1,LOAD,-3.8832684824902723,N>>X-17+76_39_11
N-Q-MNSP1,N-X_AVMA_SSWW,CROOKWF2,NSW1,GENERATOR,3.8832684824902723,N>>X-17+76_39_11
N-Q-MNSP1,N-X_AVMA_SSWW,CROOKWF3,NSW1,GENERATOR,3.8832684824902723,N>>X-17+76_39_11
N-Q-MNSP1,N-X_KCTX_LDTM,ER04,NSW1,GENERATOR,5.88235294117647,N>>KCTX_KCTX_22
N-Q-MNSP1,N-X_KCTX_LDTM,ER03,NSW1,GENERATOR,5.88235294117647,N>>KCTX_KCTX_22
N-Q-MNSP1,N-X_KCTX_LDTM,MP1,NSW1,GENERATOR,3.4129692832764507,N>>LDTM_70_71
N-Q-MNSP1,N-X_KCTX_LDTM,MP2,NSW1,GENERATOR,3.4129692832764507,N>>LDTM_70_71
N-Q-MNSP1,N-X_KCTX_LDTM,CG3,NSW1,GENERATOR,-3.3783783783783785,N>>KCTX_23_KCTX
N-Q-MNSP1,N-X_KCTX_LDTM,CG4,NSW1,GENERATOR,-3.3783783783783785,N>>KCTX_23_KCTX
N-Q-MNSP1,N-X_KCTX_LDTM,CG1,NSW1,GENERATOR,-3.3783783783783785,N>>KCTX_23_KCTX
N-Q-MNSP1,N-X_KCTX_LDTM,WTAHB1,NSW1,BIDIRECTIONAL,-3.3783783783783785,N>>KCTX_23_KCTX
N-Q-MNSP1,N-X_KCTX_LDTM,CG2,NSW1,GENERATOR,-3.3783783783783785,N>>KCTX_23_KCTX
N-Q-MNSP1,N-X_KCTX_LDTM,TNPS1,QLD1,GENERATOR,-2.839117859725235,N::Q_KCTX_LDTM_TNT
N-Q-MNSP1,N-X_LPSS_MPWW,MP1,NSW1,GENERATOR,4.444444444444445,N>>X_12+70_71_8
N-Q-MNSP1,N-X_LPSS_MPWW,MP2,NSW1,GENERATOR,4.444444444444445,N>>X_12+70_71_8
N-Q-MNSP1,N-X_LPSS_MPWW,CRURWF1,NSW1,GENERATOR,3.048888888888889,N>>X_12+70_71_16
N-Q-MNSP1,N-X_LPSS_MPWW,CROOKWF2,NSW1,GENERATOR,2.824858757062147,N>>12_39_14
N-Q-MNSP1,N-X_LPSS_MPWW,CROOKWF3,NSW1,GENERATOR,2.824858757062147,N>>12_39_14
N-Q-MNSP1,N-X_LPSS_MPWW,GULLRSF1,NSW1,GENERATOR,2.805084745762712,N>>12_39_14
N-Q-MNSP1,N-X_LPSS_MPWW,GULLRWF2,NSW1,GENERATOR,2.805084745762712,N>>12_39_14
N-Q-MNSP1,N-X_LPSS_MPWW,GULLRWF1,NSW1,GENERATOR,2.805084745762712,N>>12_39_14
N-Q-MNSP1,N-X_LPSS_MPWW,TARALGA1,NSW1,GENERATOR,2.7655367231638417,N>>12_39_14
N-Q-MNSP1,N-X_LPSS_MPWW,ORABESS1,NSW1,BIDIRECTIONAL,2.7466666666666666,N>>X_12+70_71_8
N-Q-MNSP1,Q-BKBM,GREENB1,QLD1,BIDIRECTIONAL,-0.964,Q>>BKBM_BKGO_BKBS
N-Q-MNSP1,Q-BKBM,SWAN_E,QLD1,GENERATOR,-0.89,Q>>BKBM_BKGO_BKBS
N-Q-MNSP1,Q-BKBM,SWANBBF1,QLD1,BIDIRECTIONAL,-0.881,Q>>BKBM_BKGO_BKBS
N-Q-MNSP1,Q-BKBM,YARANSF1,QLD1,GENERATOR,-0.605,Q>>BKBM_BKGO_BKBS
N-Q-MNSP1,Q-BKBM,WARWSF1,QLD1,GENERATOR,-0.605,Q>>BKBM_BKGO_BKBS
N-Q-MNSP1,Q-BKBM,MARYRSF1,QLD1,GENERATOR,-0.605,Q>>BKBM_BKGO_BKBS
N-Q-MNSP1,Q-BKBM,OAKEY1,QLD1,GENERATOR,-0.605,Q>>BKBM_BKGO_BKBS
N-Q-MNSP1,Q-BKBM,OAKEY1SF,QLD1,GENERATOR,-0.605,Q>>BKBM_BKGO_BKBS
N-Q-MNSP1,Q-BKBM,OAKEY2,QLD1,GENERATOR,-0.605,Q>>BKBM_BKGO_BKBS
N-Q-MNSP1,Q-BKBM,OAKEY2SF,QLD1,GENERATOR,-0.605,Q>>BKBM_BKGO_BKBS
N-Q-MNSP1,Q-LCCP_8859,BBATTERY1,QLD1,BIDIRECTIONAL,-13.698630136986303,Q>>LCCP_BCCP_CLWU
N-Q-MNSP1,Q-LCCP_8859,BARCALDN,QLD1,GENERATOR,-13.698630136986303,Q>>LCCP_BCCP_CLWU
N-Q-MNSP1,Q-LCCP_8859,BARRON-1,QLD1,GENERATOR,-13.698630136986303,Q>>LCCP_BCCP_CLWU
N-Q-MNSP1,Q-LCCP_8859,LILYSF1,QLD1,GENERATOR,-13.698630136986303,Q>>LCCP_BCCP_CLWU
N-Q-MNSP1,Q-LCCP_8859,DAYDSF1,QLD1,GENERATOR,-13.698630136986303,Q>>LCCP_BCCP_CLWU
N-Q-MNSP1,Q-LCCP_8859,CLARESF1,QLD1,GENERATOR,-13.698630136986303,Q>>LCCP_BCCP_CLWU
N-Q-MNSP1,Q-LCCP_8859,BARRON-2,QLD1,GENERATOR,-13.698630136986303,Q>>LCCP_BCCP_CLWU
N-Q-MNSP1,Q-LCCP_8859,CALL_B_2,QLD1,GENERATOR,-13.698630136986303,Q>>LCCP_BCCP_CLWU
N-Q-MNSP1,Q-LCCP_8859,CLRKCWF1,QLD1,GENERATOR,-13.698630136986303,Q>>LCCP_BCCP_CLWU
N-Q-MNSP1,Q-LCCP_8859,CLRKCWF2,QLD1,GENERATOR,-13.698630136986303,Q>>LCCP_BCCP_CLWU
N-Q-MNSP1,Q-RGLC_8875,BBATTERY1,QLD1,BIDIRECTIONAL,-13.698630136986303,Q>>RGLC_BCCP_CLWU
N-Q-MNSP1,Q-RGLC_8875,BARCALDN,QLD1,GENERATOR,-13.698630136986303,Q>>RGLC_BCCP_CLWU
N-Q-MNSP1,Q-RGLC_8875,BARRON-1,QLD1,GENERATOR,-13.698630136986303,Q>>RGLC_BCCP_CLWU
N-Q-MNSP1,Q-RGLC_8875,LILYSF1,QLD1,GENERATOR,-13.698630136986303,Q>>RGLC_BCCP_CLWU
N-Q-MNSP1,Q-RGLC_8875,HAYMSF1,QLD1,GENERATOR,-13.698630136986303,Q>>RGLC_BCCP_CLWU
N-Q-MNSP1,Q-RGLC_8875,CLARESF1,QLD1,GENERATOR,-13.698630136986303,Q>>RGLC_BCCP_CLWU
N-Q-MNSP1,Q-RGLC_8875,BARRON-2,QLD1,GENERATOR,-13.698630136986303,Q>>RGLC_BCCP_CLWU
N-Q-MNSP1,Q-RGLC_8875,CALL_B_2,QLD1,GENERATOR,-13.698630136986303,Q>>RGLC_BCCP_CLWU
N-Q-MNSP1,Q-RGLC_8875,CLRKCWF1,QLD1,GENERATOR,-13.698630136986303,Q>>RGLC_BCCP_CLWU
N-Q-MNSP1,Q-RGLC_8875,CLRKCWF2,QLD1,GENERATOR,-13.698630136986303,Q>>RGLC_BCCP_CLWU
NSW1-QLD1,CA_BRIS_569B1432,COOPGWF1,QLD1,GENERATOR,-3.0807147258163896,CA_BRIS_569B1432_1
NSW1-QLD1,CA_BRIS_569B1432,KPP_1,QLD1,GENERATOR,-2.1521873074553297,CA_BRIS_569B1432_1
NSW1-QLD1,CA_BRIS_569B1432,DULAWF1,QLD1,GENERATOR,-2.1521873074553297,CA_BRIS_569B1432_1
NSW1-QLD1,CA_BRIS_569B1432,BLUEGSF1,QLD1,GENERATOR,-2.1521873074553297,CA_BRIS_569B1432_1
NSW1-QLD1,CA_BRIS_569B1432,CPSA,QLD1,GENERATOR,-2.1521873074553297,CA_BRIS_569B1432_1
NSW1-QLD1,CA_BRIS_569B1432,COLUMSF1,QLD1,GENERATOR,-2.1521873074553297,CA_BRIS_569B1432_1
NSW1-QLD1,CA_BRIS_569B1432,WANDB1,QLD1,BIDIRECTIONAL,-2.1521873074553297,CA_BRIS_569B1432_1
NSW1-QLD1,CA_BRIS_569B1432,WDGPH1,QLD1,GENERATOR,-2.1521873074553297,CA_BRIS_569B1432_1
NSW1-QLD1,CA_BRIS_569B1432,WANDSF1,QLD1,GENERATOR,-2.1521873074553297,CA_BRIS_569B1432_1
NSW1-QLD1,CA_BRIS_569B1432,EDENVSF1,QLD1,GENERATOR,-2.1521873074553297,CA_BRIS_569B1432_1
NSW1-QLD1,CA_BRIS_57A00625,WRWF1,NSW1,GENERATOR,1.0595890410958904,CA_BRIS_57A00625_1
NSW1-QLD1,CA_BRIS_57A00625,WRSF1,NSW1,GENERATOR,1.0595890410958904,CA_BRIS_57A00625_1
NSW1-QLD1,CA_BRIS_57A00625,SAPHWF1,NSW1,GENERATOR,1.0,CA_BRIS_57A00625_1
NSW1-QLD1,CA_BRIS_57A00625,NEWENSF1,NSW1,GENERATOR,0.9527397260273973,CA_BRIS_57A00625_1
NSW1-QLD1,CA_BRIS_57A00625,NEWENSF2,NSW1,GENERATOR,0.9527397260273973,CA_BRIS_57A00625_1
NSW1-QLD1,CA_BRIS_57A00625,METZSF1,NSW1,GENERATOR,0.9383561643835616,CA_BRIS_57A00625_1
NSW1-QLD1,CA_BRIS_57A00625,MOREESF1,NSW1,GENERATOR,0.843607305936073,CA_BRIS_57A00625_1
NSW1-QLD1,CA_BRIS_57A00625,GNNDHSF1,NSW1,GENERATOR,0.6942922374429223,CA_BRIS_57A00625_1
NSW1-QLD1,CA_BRIS_57A00625,HEZ1,NSW1,GENERATOR,-0.18789954337899542,CA_BRIS_57A00625_1
NSW1-QLD1,CA_BRIS_582D74B3,BBATTERY1,QLD1,BIDIRECTIONAL,-1.0,CA_BRIS_582D74B3_1
NSW1-QLD1,CA_BRIS_582D74B3,BARCALDN,QLD1,GENERATOR,-1.0,CA_BRIS_582D74B3_1
NSW1-QLD1,CA_BRIS_582D74B3,MPP_1,QLD1,GENERATOR,-1.0,CA_BRIS_582D74B3_1
NSW1-QLD1,CA_BRIS_582D74B3,MPP_2,QLD1,GENERATOR,-1.0,CA_BRIS_582D74B3_1
NSW1-QLD1,CA_BRIS_582D74B3,LILYSF1,QLD1,GENERATOR,-1.0,CA_BRIS_582D74B3_1
NSW1-QLD1,CA_BRIS_582D74B3,BARRON-1,QLD1,GENERATOR,-1.0,CA_BRIS_582D74B3_1
NSW1-QLD1,CA_BRIS_582D74B3,BARRON-2,QLD1,GENERATOR,-1.0,CA_BRIS_582D74B3_1
NSW1-QLD1,CA_BRIS_582D74B3,BRAEMAR1,QLD1,GENERATOR,-1.0,CA_BRIS_582D74B3_1
NSW1-QLD1,CA_BRIS_582D74B3,BRAEMAR2,QLD1,GENERATOR,-1.0,CA_BRIS_582D74B3_1
NSW1-QLD1,CA_BRIS_582D74B3,BRAEMAR3,QLD1,GENERATOR,-1.0,CA_BRIS_582D74B3_1
NSW1-QLD1,CA_BRIS_59712B29,METZSF1,NSW1,GENERATOR,1.1726050420168068,CA_BRIS_59712B29_1
NSW1-QLD1,CA_BRIS_59712B29,WRSF1,NSW1,GENERATOR,1.1722689075630253,CA_BRIS_59712B29_1
NSW1-QLD1,CA_BRIS_59712B29,WRWF1,NSW1,GENERATOR,1.1722689075630253,CA_BRIS_59712B29_1
NSW1-QLD1,CA_BRIS_59712B29,SAPHWF1,NSW1,GENERATOR,1.0,CA_BRIS_59712B29_1
NSW1-QLD1,CA_BRIS_59712B29,NEWENSF2,NSW1,GENERATOR,0.9507563025210084,CA_BRIS_59712B29_1
NSW1-QLD1,CA_BRIS_59712B29,NEWENSF1,NSW1,GENERATOR,0.9507563025210084,CA_BRIS_59712B29_1
NSW1-QLD1,CA_BRIS_59712B29,MOREESF1,NSW1,GENERATOR,0.9344537815126052,CA_BRIS_59712B29_1
NSW1-QLD1,CA_BRIS_59712B29,GNNDHSF1,NSW1,GENERATOR,0.706890756302521,CA_BRIS_59712B29_1
NSW1-QLD1,CA_SYDS_566A36E5,CALLNL2,QLD1,GENERATOR,-6.544502617801047,CA_SYDS_566A36E5_1
NSW1-QLD1,CA_SYDS_566A36E5,CPP_3,QLD1,GENERATOR,-6.544502617801047,CA_SYDS_566A36E5_1
NSW1-QLD1,CA_SYDS_566A36E5,CPP_4,QLD1,GENERATOR,-6.544502617801047,CA_SYDS_566A36E5_1
NSW1-QLD1,CA_SYDS_566A36E5,CALLNL3,QLD1,GENERATOR,-6.544502617801047,CA_SYDS_566A36E5_1
NSW1-QLD1,CA_SYDS_566A36E5,CALL_B_2,QLD1,GENERATOR,-6.544502617801047,CA_SYDS_566A36E5_1
NSW1-QLD1,CA_SYDS_566A36E5,CALL_B_1,QLD1,GENERATOR,-6.544502617801047,CA_SYDS_566A36E5_1
NSW1-QLD1,CA_SYDS_566A36E5,MOUSF1,QLD1,GENERATOR,-6.2938481675392675,CA_SYDS_566A36E5_1
NSW1-QLD1,CA_SYDS_566A36E5,EMERASF1,QLD1,GENERATOR,-5.287303664921466,CA_SYDS_566A36E5_1
NSW1-QLD1,CA_SYDS_566A36E5,MIDDLSF1,QLD1,GENERATOR,-5.24476439790576,CA_SYDS_566A36E5_1
NSW1-QLD1,CA_SYDS_566A36E5,BARCALDN,QLD1,GENERATOR,-5.241492146596858,CA_SYDS_566A36E5_1
NSW1-QLD1,CA_SYDS_59839EB2,METZSF1,NSW1,GENERATOR,1.1666942833471414,CA_SYDS_59839EB2_2
NSW1-QLD1,CA_SYDS_59839EB2,WRWF1,NSW1,GENERATOR,1.1661971830985915,CA_SYDS_59839EB2_2
NSW1-QLD1,CA_SYDS_59839EB2,WRSF1,NSW1,GENERATOR,1.1661971830985915,CA_SYDS_59839EB2_2
NSW1-QLD1,CA_SYDS_59839EB2,SAPHWF1,NSW1,GENERATOR,1.0,CA_SYDS_59839EB2_1
NSW1-QLD1,CA_SYDS_59839EB2,NEWENSF2,NSW1,GENERATOR,0.9526097763048881,CA_SYDS_59839EB2_1
NSW1-QLD1,CA_SYDS_59839EB2,NEWENSF1,NSW1,GENERATOR,0.9526097763048881,CA_SYDS_59839EB2_1
NSW1-QLD1,CA_SYDS_59839EB2,MOREESF1,NSW1,GENERATOR,0.9368682684341342,CA_SYDS_59839EB2_1
NSW1-QLD1,CA_SYDS_59839EB2,GNNDHSF1,NSW1,GENERATOR,0.7171499585749793,CA_SYDS_59839EB2_2
NSW1-QLD1,I-BCDM_ONE,MPP_1,QLD1,GENERATOR,-1.0653,N^^Q_BCDM_MPP_1
NSW1-QLD1,I-BCDM_ONE,MPP_2,QLD1,GENERATOR,-1.0653,N^^Q_BCDM_MPP_2
NSW1-QLD1,I-BCDM_ONE,KPP_1,QLD1,GENERATOR,-1.0653,N^^Q_BCDM_KPP_1
NSW1-QLD1,I-BCDM_ONE,CALLNL2,QLD1,GENERATOR,-1.0653,N^^Q_BCDM_CPP_3
NSW1-QLD1,I-BCDM_ONE,CPP_3,QLD1,GENERATOR,-1.0653,N^^Q_BCDM_CPP_3
NSW1-QLD1,I-BCDM_ONE,CALLNL3,QLD1,GENERATOR,-1.0653,N^^Q_BCDM_CPP_4
NSW1-QLD1,I-BCDM_ONE,TNPS1,QLD1,GENERATOR,-1.0653,N^^Q_BCDM_TNPS1
NSW1-QLD1,I-BCDM_ONE,CPP_4,QLD1,GENERATOR,-1.0653,N^^Q_BCDM_CPP_4
NSW1-QLD1,I-BCDM_ONE,METZSF1,NSW1,GENERATOR,0.4167,N^^Q_BCDM_CPP_4
NSW1-QLD1,I-BCDM_ONE,GNNDHSF1,NSW1,GENERATOR,0.3186,N^^Q_BCDM_MPP_1
NSW1-QLD1,N-ARDM_8C,CPP_3,QLD1,GENERATOR,-1.0653,N^^Q_ARDM_CPP_3
NSW1-QLD1,N-ARDM_8C,CALLNL2,QLD1,GENERATOR,-1.0653,N^^Q_ARDM_CPP_3
NSW1-QLD1,N-ARDM_8C,CALLNL3,QLD1,GENERATOR,-1.0653,N^^Q_ARDM_CPP_4
NSW1-QLD1,N-ARDM_8C,CPP_4,QLD1,GENERATOR,-1.0653,N^^Q_ARDM_CPP_4
NSW1-QLD1,N-ARDM_8C,TNPS1,QLD1,GENERATOR,-1.0653,N^^Q_ARDM_TNPS1
NSW1-QLD1,N-ARDM_8C,MPP_2,QLD1,GENERATOR,-1.0653,N^^Q_ARDM_MPP_2
NSW1-QLD1,N-ARDM_8C,MPP_1,QLD1,GENERATOR,-1.0653,N^^Q_ARDM_MPP_1
NSW1-QLD1,N-ARDM_8C,KPP_1,QLD1,GENERATOR,-1.0653,N^^Q_ARDM_KPP_1
NSW1-QLD1,N-ARDM_8C,SAPHWF1,NSW1,GENERATOR,1.04,Q^^N_ARDM_SRAR
NSW1-QLD1,N-ARDM_8C,METZSF1,NSW1,GENERATOR,0.4167,N^^Q_ARDM_MPP_1
NSW1-QLD1,N-ARKS_965,WRSF1,NSW1,GENERATOR,1.1778523489932886,N>>965_9W2_9W8
NSW1-QLD1,N-ARKS_965,WRWF1,NSW1,GENERATOR,1.1778523489932886,N>>965_9W2_9W8
NSW1-QLD1,N-ARKS_965,METZSF1,NSW1,GENERATOR,1.1677852348993287,N>>965_9W2_9W8
NSW1-QLD1,N-ARKS_965,SAPHWF1,NSW1,GENERATOR,1.0,N>>965_9W2_9W8
NSW1-QLD1,N-ARKS_965,NESBESS2,NSW1,BIDIRECTIONAL,0.9496644295302012,N>>965_9W2_9W8
NSW1-QLD1,N-ARKS_965,NESBESS1,NSW1,BIDIRECTIONAL,0.9496644295302012,N>>965_9W2_9W8
NSW1-QLD1,N-ARKS_965,NEWENSF2,NSW1,GENERATOR,0.9496644295302012,N>>965_9W2_9W8
NSW1-QLD1,N-ARKS_965,NEWENSF1,NSW1,GENERATOR,0.9496644295302012,N>>965_9W2_9W8
NSW1-QLD1,N-ARKS_965,MOREESF1,NSW1,GENERATOR,0.9261744966442954,N>>965_9W2_9W8
NSW1-QLD1,N-ARKS_965,GNNDHSF1,NSW1,GENERATOR,0.6946308724832214,N>>965_9W2_9W8
NSW1-QLD1,N-ARSR_8E,MPP_1,QLD1,GENERATOR,-1.0653,N^^Q_ARSR_MPP_1
NSW1-QLD1,N-ARSR_8E,MPP_2,QLD1,GENERATOR,-1.0653,N^^Q_ARSR_MPP_2
NSW1-QLD1,N-ARSR_8E,KPP_1,QLD1,GENERATOR,-1.0653,N^^Q_ARSR_KPP_1
NSW1-QLD1,N-ARSR_8E,CALLNL3,QLD1,GENERATOR,-1.0653,N^^Q_ARSR_CPP_4
NSW1-QLD1,N-ARSR_8E,CPP_3,QLD1,GENERATOR,-1.0653,N^^Q_ARSR_CPP_3
NSW1-QLD1,N-ARSR_8E,CPP_4,QLD1,GENERATOR,-1.0653,N^^Q_ARSR_CPP_4
NSW1-QLD1,N-ARSR_8E,CALLNL2,QLD1,GENERATOR,-1.0653,N^^Q_ARSR_CPP_3
NSW1-QLD1,N-ARSR_8E,TNPS1,QLD1,GENERATOR,-1.0653,N^^Q_ARSR_TNPS1
NSW1-QLD1,N-ARSR_8E,SAPHWF1,NSW1,GENERATOR,1.04,Q^^N_ARSR_SRAR
NSW1-QLD1,N-ARSR_8E,METZSF1,NSW1,GENERATOR,0.4167,N^^Q_ARSR_CPP_4
NSW1-QLD1,N-ARTW_86,SAPHWF1,NSW1,GENERATOR,1.0,F_NVS++86_R5
NSW1-QLD1,N-ARTW_86,NESBESS1,NSW1,BIDIRECTIONAL,1.0,F_NVS++86_R5
NSW1-QLD1,N-ARTW_86,NESBESS2,NSW1,BIDIRECTIONAL,1.0,F_NVS++86_R5
NSW1-QLD1,N-ARTW_86,NEWENSF1,NSW1,GENERATOR,1.0,F_NVS++86_R5
NSW1-QLD1,N-ARTW_86,NEWENSF2,NSW1,GENERATOR,1.0,F_NVS++86_R5
NSW1-QLD1,N-AVMA_17,TARALGA1,NSW1,GENERATOR,4.065040650406504,N>>17_39_11
NSW1-QLD1,N-AVMA_17,TALWB1,NSW1,GENERATOR,4.060975609756098,N>>17_39_11
NSW1-QLD1,N-AVMA_17,TALWA1,NSW1,GENERATOR,4.060975609756098,N>>17_39_11
NSW1-QLD1,N-AVMA_17,CROOKWF3,NSW1,GENERATOR,4.056910569105691,N>>17_39_11
NSW1-QLD1,N-AVMA_17,CROOKWF2,NSW1,GENERATOR,4.056910569105691,N>>17_39_11
NSW1-QLD1,N-AVMA_17,SHPUMP,NSW1,LOAD,-4.0528455284552845,N>>17_39_11
NSW1-QLD1,N-AVMA_17,SHGEN2,NSW1,GENERATOR,4.0528455284552845,N>>17_39_11
NSW1-QLD1,N-AVMA_17,SHGEN,NSW1,GENERATOR,4.0528455284552845,N>>17_39_11
NSW1-QLD1,N-AVMA_17,GULLRWF1,NSW1,GENERATOR,4.0528455284552845,N>>17_39_11
NSW1-QLD1,N-AVMA_17,GULLRWF2,NSW1,GENERATOR,4.0528455284552845,N>>17_39_11
NSW1-QLD1,N-CHKS_ONE,METZSF1,NSW1,GENERATOR,1.4411298457991066,N>>9W5_965_9W3_BPASS
NSW1-QLD1,N-CHKS_ONE,WRSF1,NSW1,GENERATOR,1.3105634817697076,N>>9W5_965_9W3_BPASS
NSW1-QLD1,N-CHKS_ONE,WRWF1,NSW1,GENERATOR,1.3105634817697076,N>>9W5_965_9W3_BPASS
NSW1-QLD1,N-CHKS_ONE,MOREESF1,NSW1,GENERATOR,1.0289667099005622,N>>9W5_965_9W3_BPASS
NSW1-QLD1,N-CHKS_ONE,SAPHWF1,NSW1,GENERATOR,1.0005764519383198,N>>9W5_965_9W3_BPASS
NSW1-QLD1,N-CHKS_ONE,NEWENSF1,NSW1,GENERATOR,0.9504251333045107,N>>9W5_965_9W3_PSMAN
NSW1-QLD1,N-CHKS_ONE,NEWENSF2,NSW1,GENERATOR,0.9504251333045107,N>>9W5_965_9W3_PSMAN
NSW1-QLD1,N-CHKS_ONE,NESBESS2,NSW1,BIDIRECTIONAL,0.9504251333045107,N>>9W5_965_9W3_BPASS
NSW1-QLD1,N-CHKS_ONE,NESBESS1,NSW1,BIDIRECTIONAL,0.9504251333045107,N>>9W5_965_9W3_BPASS
NSW1-QLD1,N-CHKS_ONE,GNNDHSF1,NSW1,GENERATOR,0.7191237930537542,N>>9W5_965_9W3_BPASS
NSW1-QLD1,N-DMSR_8J,CPP_3,QLD1,GENERATOR,-1.0653,N^^Q_DMSR_CPP_3
NSW1-QLD1,N-DMSR_8J,CALLNL2,QLD1,GENERATOR,-1.0653,N^^Q_DMSR_CPP_3
NSW1-QLD1,N-DMSR_8J,CPP_4,QLD1,GENERATOR,-1.0653,N^^Q_DMSR_CPP_4
NSW1-QLD1,N-DMSR_8J,CALLNL3,QLD1,GENERATOR,-1.0653,N^^Q_DMSR_CPP_4
NSW1-QLD1,N-DMSR_8J,TNPS1,QLD1,GENERATOR,-1.0653,N^^Q_DMSR_TNPS1
NSW1-QLD1,N-DMSR_8J,MPP_1,QLD1,GENERATOR,-1.0653,N^^Q_DMSR_MPP_1
NSW1-QLD1,N-DMSR_8J,KPP_1,QLD1,GENERATOR,-1.0653,N^^Q_DMSR_KPP_1
NSW1-QLD1,N-DMSR_8J,MPP_2,QLD1,GENERATOR,-1.0653,N^^Q_DMSR_MPP_2
NSW1-QLD1,N-DMSR_8J,METZSF1,NSW1,GENERATOR,0.4167,N^^Q_DMSR_MPP_1
NSW1-QLD1,N-DMSR_8J,GNNDHSF1,NSW1,GENERATOR,0.3186,N^^Q_DMSR_CPP_3
NSW1-QLD1,N-DTMN_8_15M,TARALGA1,NSW1,GENERATOR,5.74712643678161,N>>8_16_39
NSW1-QLD1,N-DTMN_8_15M,COLWF01,NSW1,GENERATOR,5.005747126436782,N>>8_16_39
NSW1-QLD1,N-DTMN_8_15M,CROOKWF2,NSW1,GENERATOR,4.988505747126437,N>>8_16_39
NSW1-QLD1,N-DTMN_8_15M,CROOKWF3,NSW1,GENERATOR,4.988505747126437,N>>8_16_39
NSW1-QLD1,N-DTMN_8_15M,GULLRSF1,NSW1,GENERATOR,4.902298850574713,N>>8_16_39
NSW1-QLD1,N-DTMN_8_15M,GULLRWF1,NSW1,GENERATOR,4.902298850574713,N>>8_16_39
NSW1-QLD1,N-DTMN_8_15M,GULLRWF2,NSW1,GENERATOR,4.902298850574713,N>>8_16_39
NSW1-QLD1,N-DTMN_8_15M,RYEPARK1,NSW1,GENERATOR,4.637931034482759,N>>8_16_39
NSW1-QLD1,N-DTMN_8_15M,GUNNING1,NSW1,GENERATOR,4.316091954022989,N>>8_16_39
NSW1-QLD1,N-DTMN_8_15M,BLOWERNG,NSW1,GENERATOR,4.2298850574712645,N>>8_16_39
NSW1-QLD1,N-DTSS_11,TARALGA1,NSW1,GENERATOR,4.065040650406504,N>>11_39_37
NSW1-QLD1,N-DTSS_11,TALWA1,NSW1,GENERATOR,4.060975609756098,N>>11_39_17
NSW1-QLD1,N-DTSS_11,TALWB1,NSW1,GENERATOR,4.060975609756098,N>>11_39_17
NSW1-QLD1,N-DTSS_11,CROOKWF3,NSW1,GENERATOR,4.056910569105691,N>>11_39_17
NSW1-QLD1,N-DTSS_11,CROOKWF2,NSW1,GENERATOR,4.056910569105691,N>>11_39_17
NSW1-QLD1,N-DTSS_11,SHGEN,NSW1,GENERATOR,4.0528455284552845,N>>11_39_37
NSW1-QLD1,N-DTSS_11,SHPUMP,NSW1,LOAD,-4.0528455284552845,N>>11_39_37
NSW1-QLD1,N-DTSS_11,SHGEN2,NSW1,GENERATOR,4.0528455284552845,N>>11_39_37
NSW1-QLD1,N-DTSS_11,GULLRSF1,NSW1,GENERATOR,4.0528455284552845,N>>11_39_17
NSW1-QLD1,N-DTSS_11,GULLRWF1,NSW1,GENERATOR,4.0528455284552845,N>>11_39_17
NSW1-QLD1,N-LDTM_82,MP1,NSW1,GENERATOR,3.2894736842105265,N>>LDTM_70_71
NSW1-QLD1,N-LDTM_82,MP2,NSW1,GENERATOR,3.2894736842105265,N>>LDTM_70_71
NSW1-QLD1,N-LDTM_82,WELNSF1,NSW1,GENERATOR,2.055921052631579,N>>LDTM_70_71
NSW1-QLD1,N-LDTM_82,ORABESS1,NSW1,BIDIRECTIONAL,2.055921052631579,N>>LDTM_70_71
NSW1-QLD1,N-LDTM_82,STUBSF2,NSW1,GENERATOR,1.9967105263157894,N>>LDTM_70_71
NSW1-QLD1,N-LDTM_82,STUBSF1,NSW1,GENERATOR,1.9967105263157894,N>>LDTM_70_71
NSW1-QLD1,N-LDTM_82,WOLARSF1,NSW1,GENERATOR,1.9539473684210527,N>>LDTM_70_71
NSW1-QLD1,N-LDTM_82,NYNGAN1,NSW1,GENERATOR,1.605263157894737,N>>LDTM_70_71
NSW1-QLD1,N-LDTM_82,NEVERSF1,NSW1,GENERATOR,1.605263157894737,N>>LDTM_70_71
NSW1-QLD1,N-LDTM_82,WELLSF1,NSW1,GENERATOR,1.605263157894737,N>>LDTM_70_71
NSW1-QLD1,N-LDTW_84,GNNDHSF1,NSW1,GENERATOR,1.026694045174538,N>>84_83_QGEN_N
NSW1-QLD1,N-LDTW_84,NESBESS2,NSW1,BIDIRECTIONAL,1.0051334702258727,N>>84_83_NIL_S
NSW1-QLD1,N-LDTW_84,NESBESS1,NSW1,BIDIRECTIONAL,1.0051334702258727,N>>84_83_NIL_S
NSW1-QLD1,N-LDTW_84,NEWENSF2,NSW1,GENERATOR,1.0051334702258727,N>>84_83_QGEN_N
NSW1-QLD1,N-LDTW_84,MOREESF1,NSW1,GENERATOR,1.0051334702258727,N>>84_83_QGEN_N
NSW1-QLD1,N-LDTW_84,NEWENSF1,NSW1,GENERATOR,1.0051334702258727,N>>84_83_QGEN_N
NSW1-QLD1,N-LDTW_84,SAPHWF1,NSW1,GENERATOR,1.0010266940451746,N>>84_83_NIL_N
NSW1-QLD1,N-LDTW_84,WRSF1,NSW1,GENERATOR,0.9825462012320328,N>>84_83_QGEN_N
NSW1-QLD1,N-LDTW_84,WRWF1,NSW1,GENERATOR,0.9825462012320328,N>>84_83_NIL_N
NSW1-QLD1,N-LDTW_84,METZSF1,NSW1,GENERATOR,0.9794661190965093,N>>84_83_QGEN_N
NSW1-QLD1,N-MA_CB172A,TALWB1,NSW1,GENERATOR,13.717421124828531,N>>MA_CB172A_17_11
NSW1-QLD1,N-MA_CB172A,TALWA1,NSW1,GENERATOR,13.717421124828531,N>>MA_CB172A_17_11
NSW1-QLD1,N-MA_CB172A,SHGEN2,NSW1,GENERATOR,12.949245541838133,N>>MA_CB172A_17_11
NSW1-QLD1,N-MA_CB172A,SHGEN,NSW1,GENERATOR,12.949245541838133,N>>MA_CB172A_17_11
NSW1-QLD1,N-MA_CB172A,SHPUMP,NSW1,LOAD,-12.949245541838133,N>>MA_CB172A_17_11
NSW1-QLD1,N-MA_CB172A,WOODLWN1,NSW1,GENERATOR,10.617283950617283,N>>MA_CB172A_17_11
NSW1-QLD1,N-MA_CB172A,CAPBES1,NSW1,BIDIRECTIONAL,9.533607681755829,N>>MA_CB172A_17_11
NSW1-QLD1,N-MA_CB172A,BOCORWF1,NSW1,GENERATOR,9.533607681755829,N>>MA_CB172A_17_11
NSW1-QLD1,N-MA_CB172A,QBYNB1,NSW1,BIDIRECTIONAL,9.533607681755829,N>>MA_CB172A_17_11
NSW1-QLD1,N-MA_CB172A,TUMUT3-3,SNOWY1,GENERATOR,-9.272976680384087,N>>MA_CB172A_17_11
NSW1-QLD1,N-MPWW_ONE,MP2,NSW1,GENERATOR,3.64963503649635,N>>MPWW_71_NIL
NSW1-QLD1,N-MPWW_ONE,MP1,NSW1,GENERATOR,3.64963503649635,N>>MPWW_71_NIL
NSW1-QLD1,N-MPWW_ONE,CRURWF1,NSW1,GENERATOR,2.660583941605839,N>>MPWW_71_17
NSW1-QLD1,N-MPWW_ONE,WELNSF1,NSW1,GENERATOR,2.408759124087591,N>>MPWW_71_17
NSW1-QLD1,N-MPWW_ONE,ORABESS1,NSW1,BIDIRECTIONAL,2.408759124087591,N>>MPWW_71_17
NSW1-QLD1,N-MPWW_ONE,STUBSF1,NSW1,GENERATOR,2.284671532846715,N>>MPWW_71_17
NSW1-QLD1,N-MPWW_ONE,STUBSF2,NSW1,GENERATOR,2.284671532846715,N>>MPWW_71_17
NSW1-QLD1,N-MPWW_ONE,BERYLSF1,NSW1,GENERATOR,2.273722627737226,N>>MPWW_71_17
NSW1-QLD1,N-MPWW_ONE,WOLARSF1,NSW1,GENERATOR,2.197080291970803,N>>MPWW_71_17
NSW1-QLD1,N-MPWW_ONE,BODWF1,NSW1,GENERATOR,2.10948905109489,N>>MPWW_71_17
NSW1-QLD1,N-TWUL_85,WRSF1,NSW1,GENERATOR,1.001001001001001,N>>85_86_QGEN_N
NSW1-QLD1,N-TWUL_85,NEWENSF2,NSW1,GENERATOR,1.001001001001001,N>>85_86_QGEN_N
NSW1-QLD1,N-TWUL_85,WRWF1,NSW1,GENERATOR,1.001001001001001,N>>85_86_QGEN_N
NSW1-QLD1,N-TWUL_85,NESBESS1,NSW1,BIDIRECTIONAL,1.001001001001001,N>>85_86_NIL_N
NSW1-QLD1,N-TWUL_85,NESBESS2,NSW1,BIDIRECTIONAL,1.001001001001001,N>>85_86_NIL_N
NSW1-QLD1,N-TWUL_85,NEWENSF1,NSW1,GENERATOR,1.001001001001001,N>>85_86_NIL_N
NSW1-QLD1,N-TWUL_85,MOREESF1,NSW1,GENERATOR,1.001001001001001,N>>85_86_NIL_S
NSW1-QLD1,N-TWUL_85,METZSF1,NSW1,GENERATOR,1.001001001001001,N>>85_86_NIL_S
NSW1-QLD1,N-TWUL_85,SAPHWF1,NSW1,GENERATOR,1.001001001001001,N>>85_86_NIL_N
NSW1-QLD1,N-X_10+76,TARALGA1,NSW1,GENERATOR,6.5359477124183005,N>>76_8_16
NSW1-QLD1,N-X_10+76,TALWA1,NSW1,GENERATOR,5.88235294117647,N>>76_11_77
NSW1-QLD1,N-X_10+76,TALWB1,NSW1,GENERATOR,5.88235294117647,N>>76_11_77
NSW1-QLD1,N-X_10+76,SHGEN2,NSW1,GENERATOR,5.552941176470587,N>>76_11_77
NSW1-QLD1,N-X_10+76,SHGEN,NSW1,GENERATOR,5.552941176470587,N>>76_11_77
NSW1-QLD1,N-X_10+76,SHPUMP,NSW1,LOAD,-5.552941176470587,N>>76_11_77
NSW1-QLD1,N-X_10+76,COLWF01,NSW1,GENERATOR,5.398692810457516,N>>76_8_16
NSW1-QLD1,N-X_10+76,CROOKWF2,NSW1,GENERATOR,5.281045751633988,N>>76_8_16
NSW1-QLD1,N-X_10+76,CROOKWF3,NSW1,GENERATOR,5.281045751633988,N>>76_8_16
NSW1-QLD1,N-X_10+76,GULLRWF1,NSW1,GENERATOR,5.163398692810458,N>>76_8_16
NSW1-QLD1,N-X_2+8,TARALGA1,NSW1,GENERATOR,5.74712643678161,N>>8_16_39
NSW1-QLD1,N-X_2+8,COLWF01,NSW1,GENERATOR,5.005747126436782,N>>8_16_39
NSW1-QLD1,N-X_2+8,CROOKWF2,NSW1,GENERATOR,4.988505747126437,N>>8_16_39
NSW1-QLD1,N-X_2+8,CROOKWF3,NSW1,GENERATOR,4.988505747126437,N>>8_16_39
NSW1-QLD1,N-X_2+8,GULLRSF1,NSW1,GENERATOR,4.902298850574713,N>>8_16_39
NSW1-QLD1,N-X_2+8,GULLRWF1,NSW1,GENERATOR,4.902298850574713,N>>8_16_39
NSW1-QLD1,N-X_2+8,GULLRWF2,NSW1,GENERATOR,4.902298850574713,N>>8_16_39
NSW1-QLD1,N-X_2+8,RYEPARK1,NSW1,GENERATOR,4.637931034482759,N>>8_16_39
NSW1-QLD1,N-X_2+8,GUNNING1,NSW1,GENERATOR,4.316091954022989,N>>8_16_39
NSW1-QLD1,N-X_2+8,BLOWERNG,NSW1,GENERATOR,4.2298850574712645,N>>8_16_39
NSW1-QLD1,N-X_3L+11_WG_CLOSE,TARALGA1,NSW1,GENERATOR,4.065040650406504,N>>11_39_37
NSW1-QLD1,N-X_3L+11_WG_CLOSE,TALWA1,NSW1,GENERATOR,4.060975609756098,N>>11_39_17
NSW1-QLD1,N-X_3L+11_WG_CLOSE,TALWB1,NSW1,GENERATOR,4.060975609756098,N>>11_39_17
NSW1-QLD1,N-X_3L+11_WG_CLOSE,CROOKWF3,NSW1,GENERATOR,4.056910569105691,N>>11_39_17
NSW1-QLD1,N-X_3L+11_WG_CLOSE,CROOKWF2,NSW1,GENERATOR,4.056910569105691,N>>11_39_17
NSW1-QLD1,N-X_3L+11_WG_CLOSE,SHGEN,NSW1,GENERATOR,4.0528455284552845,N>>11_39_37
NSW1-QLD1,N-X_3L+11_WG_CLOSE,SHPUMP,NSW1,LOAD,-4.0528455284552845,N>>11_39_37
NSW1-QLD1,N-X_3L+11_WG_CLOSE,SHGEN2,NSW1,GENERATOR,4.0528455284552845,N>>11_39_37
NSW1-QLD1,N-X_3L+11_WG_CLOSE,GULLRSF1,NSW1,GENERATOR,4.0528455284552845,N>>11_39_17
NSW1-QLD1,N-X_3L+11_WG_CLOSE,GULLRWF1,NSW1,GENERATOR,4.0528455284552845,N>>11_39_17
NSW1-QLD1,N-X_4+17_WG_CLOSE,ER03,NSW1,GENERATOR,7.194244604316546,N>>17_13_14
NSW1-QLD1,N-X_4+17_WG_CLOSE,ER04,NSW1,GENERATOR,7.194244604316546,N>>17_13_14
NSW1-QLD1,N-X_4+17_WG_CLOSE,TARALGA1,NSW1,GENERATOR,4.065040650406504,N>>17_39_11
NSW1-QLD1,N-X_4+17_WG_CLOSE,TALWA1,NSW1,GENERATOR,4.060975609756098,N>>17_39_11
NSW1-QLD1,N-X_4+17_WG_CLOSE,TALWB1,NSW1,GENERATOR,4.060975609756098,N>>17_39_11
NSW1-QLD1,N-X_4+17_WG_CLOSE,CROOKWF3,NSW1,GENERATOR,4.056910569105691,N>>17_39_11
NSW1-QLD1,N-X_4+17_WG_CLOSE,CROOKWF2,NSW1,GENERATOR,4.056910569105691,N>>17_39_11
NSW1-QLD1,N-X_4+17_WG_CLOSE,GULLRWF1,NSW1,GENERATOR,4.0528455284552845,N>>17_39_11
NSW1-QLD1,N-X_4+17_WG_CLOSE,SHPUMP,NSW1,LOAD,-4.0528455284552845,N>>17_39_11
NSW1-QLD1,N-X_4+17_WG_CLOSE,GULLRSF1,NSW1,GENERATOR,4.0528455284552845,N>>17_39_11
NSW1-QLD1,N-X_76_8,TARALGA1,NSW1,GENERATOR,5.74712643678161,N>>8_16_39
NSW1-QLD1,N-X_76_8,COLWF01,NSW1,GENERATOR,5.005747126436782,N>>8_16_39
NSW1-QLD1,N-X_76_8,CROOKWF3,NSW1,GENERATOR,4.988505747126437,N>>8_16_39
NSW1-QLD1,N-X_76_8,CROOKWF2,NSW1,GENERATOR,4.988505747126437,N>>8_16_39
NSW1-QLD1,N-X_76_8,GULLRWF1,NSW1,GENERATOR,4.902298850574713,N>>8_16_39
NSW1-QLD1,N-X_76_8,GULLRWF2,NSW1,GENERATOR,4.902298850574713,N>>8_16_39
NSW1-QLD1,N-X_76_8,GULLRSF1,NSW1,GENERATOR,4.902298850574713,N>>8_16_39
NSW1-QLD1,N-X_76_8,RYEPARK1,NSW1,GENERATOR,4.637931034482759,N>>8_16_39
NSW1-QLD1,N-X_76_8,GUNNING1,NSW1,GENERATOR,4.316091954022989,N>>8_16_39
NSW1-QLD1,N-X_76_8,BLOWERNG,NSW1,GENERATOR,4.2298850574712645,N>>8_16_39
NSW1-QLD1,N-X_8E+DM+TW+LS_SVC,SAPHWF1,NSW1,GENERATOR,1.04,Q^^N_8E+DMTWLS_SRAR
NSW1-QLD1,N-X_8U+DM+TW+LS_SVC,SAPHWF1,NSW1,GENERATOR,1.04,Q^^N_8U+DMTWLS_SRAR
NSW1-QLD1,N-X_AVMA_KCTX,TALWA1,NSW1,GENERATOR,6.4935064935064934,N>>X_17+KCTX_13_30
NSW1-QLD1,N-X_AVMA_KCTX,TALWB1,NSW1,GENERATOR,6.4935064935064934,N>>X_17+KCTX_13_30
NSW1-QLD1,N-X_AVMA_KCTX,SHPUMP,NSW1,LOAD,-6.266233766233766,N>>X_17+KCTX_13_30
NSW1-QLD1,N-X_AVMA_KCTX,SHGEN2,NSW1,GENERATOR,6.266233766233766,N>>X_17+KCTX_13_30
NSW1-QLD1,N-X_AVMA_KCTX,SHGEN,NSW1,GENERATOR,6.266233766233766,N>>X_17+KCTX_13_30
NSW1-QLD1,N-X_AVMA_KCTX,ER03,NSW1,GENERATOR,5.88235294117647,N>>X_17+KCTX_KCTX_22
NSW1-QLD1,N-X_AVMA_KCTX,ER04,NSW1,GENERATOR,5.88235294117647,N>>X_17+KCTX_KCTX_22
NSW1-QLD1,N-X_AVMA_KCTX,WOODLWN1,NSW1,GENERATOR,5.564935064935065,N>>X_17+KCTX_13_30
NSW1-QLD1,N-X_AVMA_KCTX,MP1,NSW1,GENERATOR,5.538961038961039,N>>X_17+KCTX_13_30
NSW1-QLD1,N-X_AVMA_KCTX,MP2,NSW1,GENERATOR,5.538961038961039,N>>X_17+KCTX_13_30
NSW1-QLD1,N-X_AVMA_SSWW,ER04,NSW1,GENERATOR,6.5359477124183005,N>>X-17+76_13_14
NSW1-QLD1,N-X_AVMA_SSWW,TALWA1,NSW1,GENERATOR,6.5359477124183005,N>>X-17+76_11_77
NSW1-QLD1,N-X_AVMA_SSWW,TALWB1,NSW1,GENERATOR,6.5359477124183005,N>>X-17+76_11_77
NSW1-QLD1,N-X_AVMA_SSWW,ER03,NSW1,GENERATOR,6.5359477124183005,N>>X-17+76_13_14
NSW1-QLD1,N-X_AVMA_SSWW,SHGEN2,NSW1,GENERATOR,6.2026143790849675,N>>X-17+76_11_77
NSW1-QLD1,N-X_AVMA_SSWW,SHPUMP,NSW1,LOAD,-6.2026143790849675,N>>X-17+76_11_77
NSW1-QLD1,N-X_AVMA_SSWW,SHGEN,NSW1,GENERATOR,6.2026143790849675,N>>X-17+76_11_77
NSW1-QLD1,N-X_AVMA_SSWW,WOODLWN1,NSW1,GENERATOR,5.176470588235294,N>>X-17+76_11_77
NSW1-QLD1,N-X_AVMA_SSWW,CAPBES1,NSW1,BIDIRECTIONAL,4.705882352941177,N>>X-17+76_11_77
NSW1-QLD1,N-X_AVMA_SSWW,BOCORWF1,NSW1,GENERATOR,4.705882352941177,N>>X-17+76_11_77
NSW1-QLD1,N-X_BWWO_BWLD,TNPS1,QLD1,GENERATOR,-1.5706,N::Q_BWMP_BWLD_TNT
NSW1-QLD1,N-X_BWWO_BWLD,KPP_1,QLD1,GENERATOR,-1.3697,N::Q_BWMP_BWLD_KC
NSW1-QLD1,N-X_BWWO_BWLD,GNNDHSF1,NSW1,GENERATOR,1.015228426395939,N>>33_34_QMAX_N
NSW1-QLD1,N-X_BWWO_BWLD,NESBESS1,NSW1,BIDIRECTIONAL,1.0030456852791878,N>>33_34_QMAX_N
NSW1-QLD1,N-X_BWWO_BWLD,NEWENSF1,NSW1,GENERATOR,1.0030456852791878,N>>33_34_QMAX_N
NSW1-QLD1,N-X_BWWO_BWLD,NESBESS2,NSW1,BIDIRECTIONAL,1.0030456852791878,N>>33_34_QMAX_N
NSW1-QLD1,N-X_BWWO_BWLD,NEWENSF2,NSW1,GENERATOR,1.0030456852791878,N>>33_34_QMAX_N
NSW1-QLD1,N-X_BWWO_BWLD,MOREESF1,NSW1,GENERATOR,1.0020304568527918,N>>33_34_QMAX_N
NSW1-QLD1,N-X_BWWO_BWLD,SAPHWF1,NSW1,GENERATOR,1.0,N>>33_34_QMAX_N
NSW1-QLD1,N-X_BWWO_BWLD,WRWF1,NSW1,GENERATOR,0.9898477157360406,N>>33_34_QMAX_N
NSW1-QLD1,N-X_KCTX_LDTM,ER03,NSW1,GENERATOR,6.211180124223603,N>>KCTX_KCTX_22
NSW1-QLD1,N-X_KCTX_LDTM,ER04,NSW1,GENERATOR,6.211180124223603,N>>KCTX_KCTX_22
NSW1-QLD1,N-X_KCTX_LDTM,CG2,NSW1,GENERATOR,-3.5087719298245617,N>>KCTX_23_KCTX
NSW1-QLD1,N-X_KCTX_LDTM,CG3,NSW1,GENERATOR,-3.5087719298245617,N>>KCTX_23_KCTX
NSW1-QLD1,N-X_KCTX_LDTM,CG4,NSW1,GENERATOR,-3.5087719298245617,N>>KCTX_23_KCTX
NSW1-QLD1,N-X_KCTX_LDTM,WTAHB1,NSW1,BIDIRECTIONAL,-3.5087719298245617,N>>KCTX_23_KCTX
NSW1-QLD1,N-X_KCTX_LDTM,CG1,NSW1,GENERATOR,-3.5087719298245617,N>>KCTX_23_KCTX
NSW1-QLD1,N-X_KCTX_LDTM,MP1,NSW1,GENERATOR,3.2894736842105265,N>>LDTM_70_71
NSW1-QLD1,N-X_KCTX_LDTM,MP2,NSW1,GENERATOR,3.2894736842105265,N>>LDTM_70_71
NSW1-QLD1,N-X_KCTX_LDTM,ER01,NSW1,GENERATOR,2.8074534161490683,N>>KCTX_KCTX_22
NSW1-QLD1,N-X_LPSS_MPWW,MP2,NSW1,GENERATOR,4.273504273504273,N>>X_12+70_71_8
NSW1-QLD1,N-X_LPSS_MPWW,MP1,NSW1,GENERATOR,4.273504273504273,N>>X_12+70_71_8
NSW1-QLD1,N-X_LPSS_MPWW,CRURWF1,NSW1,GENERATOR,2.931623931623932,N>>X_12+70_71_16
NSW1-QLD1,N-X_LPSS_MPWW,CROOKWF3,NSW1,GENERATOR,2.793296089385475,N>>12_39_14
NSW1-QLD1,N-X_LPSS_MPWW,CROOKWF2,NSW1,GENERATOR,2.793296089385475,N>>12_39_14
NSW1-QLD1,N-X_LPSS_MPWW,GULLRWF1,NSW1,GENERATOR,2.7737430167597767,N>>12_39_14
NSW1-QLD1,N-X_LPSS_MPWW,GULLRWF2,NSW1,GENERATOR,2.7737430167597767,N>>12_39_14
NSW1-QLD1,N-X_LPSS_MPWW,GULLRSF1,NSW1,GENERATOR,2.7737430167597767,N>>12_39_14
NSW1-QLD1,N-X_LPSS_MPWW,TARALGA1,NSW1,GENERATOR,2.7346368715083798,N>>12_39_14
NSW1-QLD1,N-X_LPSS_MPWW,RYEPARK1,NSW1,GENERATOR,2.712290502793296,N>>12_39_14
NSW1-QLD1,Q-BCCP_812,ALDGASF1,QLD1,GENERATOR,-12.376237623762377,Q>>BCCP_CLWU_LCCP
NSW1-QLD1,Q-BCCP_812,BBATTERY1,QLD1,BIDIRECTIONAL,-8.576732673267326,Q>>BCCP_CLWU_LCCP
NSW1-QLD1,Q-BCCP_812,YABULU,QLD1,GENERATOR,-8.316831683168317,Q>>BCCP_CLWU_LCCP
NSW1-QLD1,Q-BCCP_812,KEPSF1,QLD1,GENERATOR,-8.316831683168317,Q>>BCCP_CLWU_LCCP
NSW1-QLD1,Q-BCCP_812,YABULU2,QLD1,GENERATOR,-8.316831683168317,Q>>BCCP_CLWU_LCCP
NSW1-QLD1,Q-BCCP_812,HAYMSF1,QLD1,GENERATOR,-8.316831683168317,Q>>BCCP_CLWU_LCCP
NSW1-QLD1,Q-BCCP_812,HAUGHT11,QLD1,GENERATOR,-8.316831683168317,Q>>BCCP_CLWU_LCCP
NSW1-QLD1,Q-BCCP_812,KAREEYA3,QLD1,GENERATOR,-8.316831683168317,Q>>BCCP_CLWU_LCCP
NSW1-QLD1,Q-BCCP_812,KAREEYA4,QLD1,GENERATOR,-8.316831683168317,Q>>BCCP_CLWU_LCCP
NSW1-QLD1,Q-BCCP_812,KAREEYA2,QLD1,GENERATOR,-8.316831683168317,Q>>BCCP_CLWU_LCCP
NSW1-QLD1,Q-BKBM,GREENB1,QLD1,BIDIRECTIONAL,-2.9157509157509156,Q>>BKBM_BKGO_GBLL
NSW1-QLD1,Q-BKBM,SWAN_E,QLD1,GENERATOR,-2.4054054054054053,Q>>BKBM_BKGO_BKBS
NSW1-QLD1,Q-BKBM,SWANBBF1,QLD1,BIDIRECTIONAL,-2.381081081081081,Q>>BKBM_BKGO_BKBS
NSW1-QLD1,Q-BKBM,YARANSF1,QLD1,GENERATOR,-1.868131868131868,Q>>BKBM_BKGO_GBLL
NSW1-QLD1,Q-BKBM,WARWSF2,QLD1,GENERATOR,-1.868131868131868,Q>>BKBM_BKGO_GBLL
NSW1-QLD1,Q-BKBM,OAKEY1,QLD1,GENERATOR,-1.868131868131868,Q>>BKBM_BKGO_GBLL
NSW1-QLD1,Q-BKBM,WARWSF1,QLD1,GENERATOR,-1.868131868131868,Q>>BKBM_BKGO_GBLL
NSW1-QLD1,Q-BKBM,MARYRSF1,QLD1,GENERATOR,-1.868131868131868,Q>>BKBM_BKGO_GBLL
NSW1-QLD1,Q-BKBM,OAKEY1SF,QLD1,GENERATOR,-1.868131868131868,Q>>BKBM_BKGO_GBLL
NSW1-QLD1,Q-BKBM,OAKEY2,QLD1,GENERATOR,-1.868131868131868,Q>>BKBM_BKGO_GBLL
NSW1-QLD1,Q-BRTX1,COOPGWF1,QLD1,GENERATOR,-2.8985507246376816,Q>>BRTX1_CGHA_WDHA
NSW1-QLD1,Q-BRTX1,DULAWF1,QLD1,GENERATOR,-1.7536231884057971,Q>>BRTX1_CGHA_WDHA
NSW1-QLD1,Q-BRTX1,COLUMSF1,QLD1,GENERATOR,-1.7536231884057971,Q>>BRTX1_CGHA_WDHA
NSW1-QLD1,Q-BRTX1,BLUEGSF1,QLD1,GENERATOR,-1.7536231884057971,Q>>BRTX1_CGHA_WDHA
NSW1-QLD1,Q-BRTX1,CPSA,QLD1,GENERATOR,-1.7536231884057971,Q>>BRTX1_CGHA_WDHA
NSW1-QLD1,Q-BRTX1,ROMA_8,QLD1,GENERATOR,-1.7536231884057971,Q>>BRTX1_CGHA_WDHA
NSW1-QLD1,Q-BRTX1,ROMA_7,QLD1,GENERATOR,-1.7536231884057971,Q>>BRTX1_CGHA_WDHA
NSW1-QLD1,Q-BRTX1,WDBESS1,QLD1,BIDIRECTIONAL,-1.7507246376811596,Q>>BRTX1_CGHA_WDHA
NSW1-QLD1,Q-BRTX1,WDBESS2,QLD1,BIDIRECTIONAL,-1.7507246376811596,Q>>BRTX1_CGHA_WDHA
NSW1-QLD1,Q-BRTX1,WDGPH1,QLD1,GENERATOR,-1.7507246376811596,Q>>BRTX1_CGHA_WDHA
NSW1-QLD1,Q-CPWO_813/1,CHILDSF1,QLD1,GENERATOR,11.325028312570781,Q>>CPGG1_GGGT2_WUTB
NSW1-QLD1,Q-CPWO_813/1,GSTONE5,QLD1,GENERATOR,-9.229898074745186,Q>>CPGG1_GGGT2_WUTB
NSW1-QLD1,Q-CPWO_813/1,GSTONE2,QLD1,GENERATOR,-9.229898074745186,Q>>CPGG1_GGGT2_WUTB
NSW1-QLD1,Q-CPWO_813/1,GSTONE6,QLD1,GENERATOR,-9.229898074745186,Q>>CPGG1_GGGT2_WUTB
NSW1-QLD1,Q-CPWO_813/1,GSTONE1,QLD1,GENERATOR,-9.229898074745186,Q>>CPGG1_GGGT2_WUTB
NSW1-QLD1,Q-CPWO_813/1,GSTONE3,QLD1,GENERATOR,-9.11664779161948,Q>>CPGG1_GGGT2_WUTB
NSW1-QLD1,Q-CPWO_813/1,GSTONE4,QLD1,GENERATOR,-9.11664779161948,Q>>CPGG1_GGGT2_WUTB
NSW1-QLD1,Q-CPWO_813/1,ALDGASF1,QLD1,GENERATOR,-9.003397508493771,Q>>CPGG1_GGGT2_WUTB
NSW1-QLD1,Q-CPWO_813/1,SRSF1,QLD1,GENERATOR,8.640996602491507,Q>>CPGG1_GGGT2_WUTB
NSW1-QLD1,Q-CPWO_813/1,BBATTERY1,QLD1,BIDIRECTIONAL,-7.848244620611551,Q>>CPGG1_GGGT2_WUTB
NSW1-QLD1,Q-LCCP_8859,ALDGASF1,QLD1,GENERATOR,-8.547008547008547,Q>>LCCP_CLWU_BCCP
NSW1-QLD1,Q-LCCP_8859,BBATTERY1,QLD1,BIDIRECTIONAL,-8.547008547008547,Q>>LCCP_CLWU_BCCP
NSW1-QLD1,Q-LCCP_8859,DAYDSF1,QLD1,GENERATOR,-8.29059829059829,Q>>LCCP_CLWU_BCCP
NSW1-QLD1,Q-LCCP_8859,BARRON-2,QLD1,GENERATOR,-8.29059829059829,Q>>LCCP_CLWU_BCCP
NSW1-QLD1,Q-LCCP_8859,MSTUART2,QLD1,GENERATOR,-8.29059829059829,Q>>LCCP_CLWU_BCCP
NSW1-QLD1,Q-LCCP_8859,HAYMSF1,QLD1,GENERATOR,-8.29059829059829,Q>>LCCP_CLWU_BCCP
NSW1-QLD1,Q-LCCP_8859,MSTUART3,QLD1,GENERATOR,-8.29059829059829,Q>>LCCP_CLWU_BCCP
NSW1-QLD1,Q-LCCP_8859,SMCSF1,QLD1,GENERATOR,-8.29059829059829,Q>>LCCP_CLWU_BCCP
NSW1-QLD1,Q-LCCP_8859,KAREEYA1,QLD1,GENERATOR,-8.29059829059829,Q>>LCCP_CLWU_BCCP
NSW1-QLD1,Q-LCCP_8859,HAUGHT11,QLD1,GENERATOR,-8.29059829059829,Q>>LCCP_CLWU_BCCP
NSW1-QLD1,Q-RGLC_8875,BBATTERY1,QLD1,BIDIRECTIONAL,-8.547008547008547,Q>>RGLC_CLWU_BCCP
NSW1-QLD1,Q-RGLC_8875,MEWF1,QLD1,GENERATOR,-8.29059829059829,Q>>RGLC_CLWU_BCCP
NSW1-QLD1,Q-RGLC_8875,BARRON-1,QLD1,GENERATOR,-8.29059829059829,Q>>RGLC_CLWU_BCCP
NSW1-QLD1,Q-RGLC_8875,BARRON-2,QLD1,GENERATOR,-8.29059829059829,Q>>RGLC_CLWU_BCCP
NSW1-QLD1,Q-RGLC_8875,DAYDSF1,QLD1,GENERATOR,-8.29059829059829,Q>>RGLC_CLWU_BCCP
NSW1-QLD1,Q-RGLC_8875,HAYMSF1,QLD1,GENERATOR,-8.29059829059829,Q>>RGLC_CLWU_BCCP
NSW1-QLD1,Q-RGLC_8875,SMCSF1,QLD1,GENERATOR,-8.29059829059829,Q>>RGLC_CLWU_BCCP
NSW1-QLD1,Q-RGLC_8875,HAUGHT11,QLD1,GENERATOR,-8.29059829059829,Q>>RGLC_CLWU_BCCP
NSW1-QLD1,Q-RGLC_8875,KAREEYA2,QLD1,GENERATOR,-8.29059829059829,Q>>RGLC_CLWU_BCCP
NSW1-QLD1,Q-RGLC_8875,KAREEYA1,QLD1,GENERATOR,-8.29059829059829,Q>>RGLC_CLWU_BCCP
NSW1-QLD1,Q-X_BRHA_TWO,COOPGWF1,QLD1,GENERATOR,-2.8985507246376816,Q>>BRTX1_CGHA_WDHA
NSW1-QLD1,Q-X_BRHA_TWO,DULAWF1,QLD1,GENERATOR,-1.7536231884057971,Q>>BRTX1_CGHA_WDHA
NSW1-QLD1,Q-X_BRHA_TWO,COLUMSF1,QLD1,GENERATOR,-1.7536231884057971,Q>>BRTX1_CGHA_WDHA
NSW1-QLD1,Q-X_BRHA_TWO,ROMA_8,QLD1,GENERATOR,-1.7536231884057971,Q>>BRTX1_CGHA_WDHA
NSW1-QLD1,Q-X_BRHA_TWO,ROMA_7,QLD1,GENERATOR,-1.7536231884057971,Q>>BRTX1_CGHA_WDHA
NSW1-QLD1,Q-X_BRHA_TWO,CPSA,QLD1,GENERATOR,-1.7536231884057971,Q>>BRTX1_CGHA_WDHA
NSW1-QLD1,Q-X_BRHA_TWO,BLUEGSF1,QLD1,GENERATOR,-1.7536231884057971,Q>>BRTX1_CGHA_WDHA
NSW1-QLD1,Q-X_BRHA_TWO,KPP_1,QLD1,GENERATOR,-1.7507246376811596,Q>>BRTX1_CGHA_WDHA
NSW1-QLD1,Q-X_BRHA_TWO,WDBESS2,QLD1,BIDIRECTIONAL,-1.7507246376811596,Q>>BRTX1_CGHA_WDHA
NSW1-QLD1,Q-X_BRHA_TWO,WDBESS1,QLD1,BIDIRECTIONAL,-1.7507246376811596,Q>>BRTX1_CGHA_WDHA
NSW1-QLD1,Q-X_HACL_HATR,MOUSF1,QLD1,GENERATOR,-3.9215686274509802,Q^^TR_TRBK_-700
NSW1-QLD1,Q-X_HACL_HATR,EMERASF1,QLD1,GENERATOR,-3.9215686274509802,Q^^TR_TRBK_-700
NSW1-QLD1,Q-X_HACL_HATR,BARCALDN,QLD1,GENERATOR,-3.9058823529411764,Q^^TR_TRBK_-700
NSW1-QLD1,Q-X_HACL_HATR,CLERMSF1,QLD1,GENERATOR,-3.9058823529411764,Q^^TR_TRBK_-700
NSW1-QLD1,Q-X_HACL_HATR,MIDDLSF1,QLD1,GENERATOR,-3.9058823529411764,Q^^TR_TRBK_-700
NSW1-QLD1,Q-X_HACL_HATR,LILYSF1,QLD1,GENERATOR,-3.8941176470588235,Q^^TR_TRBK_-700
NSW1-QLD1,Q-X_HACL_HATR,CLRKCWF2,QLD1,GENERATOR,-3.8745098039215686,Q^^TR_TRBK_-700
NSW1-QLD1,Q-X_HACL_HATR,CLRKCWF1,QLD1,GENERATOR,-3.8745098039215686,Q^^TR_TRBK_-700
NSW1-QLD1,Q-X_HACL_HATR,STAN-1,QLD1,GENERATOR,-3.8745098039215686,Q^^TR_TRBK_-700
NSW1-QLD1,Q-X_HACL_HATR,STAN-2,QLD1,GENERATOR,-3.8745098039215686,Q^^TR_TRBK_-700
NSW1-QLD1,Q-X_HATR2+HA_275BUS,MOUSF1,QLD1,GENERATOR,-3.9215686274509802,Q^^TR_TRBK_-700
NSW1-QLD1,Q-X_HATR2+HA_275BUS,EMERASF1,QLD1,GENERATOR,-3.9215686274509802,Q^^TR_TRBK_-700
NSW1-QLD1,Q-X_HATR2+HA_275BUS,BARCALDN,QLD1,GENERATOR,-3.9058823529411764,Q^^TR_TRBK_-700
NSW1-QLD1,Q-X_HATR2+HA_275BUS,CLERMSF1,QLD1,GENERATOR,-3.9058823529411764,Q^^TR_TRBK_-700
NSW1-QLD1,Q-X_HATR2+HA_275BUS,MIDDLSF1,QLD1,GENERATOR,-3.9058823529411764,Q^^TR_TRBK_-700
NSW1-QLD1,Q-X_HATR2+HA_275BUS,LILYSF1,QLD1,GENERATOR,-3.8941176470588235,Q^^TR_TRBK_-700
NSW1-QLD1,Q-X_HATR2+HA_275BUS,CLRKCWF2,QLD1,GENERATOR,-3.8745098039215686,Q^^TR_TRBK_-700
NSW1-QLD1,Q-X_HATR2+HA_275BUS,CLRKCWF1,QLD1,GENERATOR,-3.8745098039215686,Q^^TR_TRBK_-700
NSW1-QLD1,Q-X_HATR2+HA_275BUS,BRDDBES1,QLD1,BIDIRECTIONAL,-3.8745098039215686,Q^^TR_TRBK_-700
NSW1-QLD1,Q-X_HATR2+HA_275BUS,STABESS1,QLD1,BIDIRECTIONAL,-3.8745098039215686,Q^^TR_TRBK_-700
NSW1-QLD1,Q-X_HATR3+HACL,MOUSF1,QLD1,GENERATOR,-3.9215686274509802,Q^^TR_TRBK_-1100
NSW1-QLD1,Q-X_HATR3+HACL,EMERASF1,QLD1,GENERATOR,-3.9215686274509802,Q^^TR_TRBK_-1100
NSW1-QLD1,Q-X_HATR3+HACL,BARCALDN,QLD1,GENERATOR,-3.9058823529411764,Q^^TR_TRBK_-1100
NSW1-QLD1,Q-X_HATR3+HACL,CLERMSF1,QLD1,GENERATOR,-3.9058823529411764,Q^^TR_TRBK_-1100
NSW1-QLD1,Q-X_HATR3+HACL,MIDDLSF1,QLD1,GENERATOR,-3.9058823529411764,Q^^TR_TRBK_-1100
NSW1-QLD1,Q-X_HATR3+HACL,LILYSF1,QLD1,GENERATOR,-3.8941176470588235,Q^^TR_TRBK_-1100
NSW1-QLD1,Q-X_HATR3+HACL,CLRKCWF2,QLD1,GENERATOR,-3.8745098039215686,Q^^TR_TRBK_-1100
NSW1-QLD1,Q-X_HATR3+HACL,CLRKCWF1,QLD1,GENERATOR,-3.8745098039215686,Q^^TR_TRBK_-1100
NSW1-QLD1,Q-X_HATR3+HACL,STAN-1,QLD1,GENERATOR,-3.8745098039215686,Q^^TR_TRBK_-1100
NSW1-QLD1,Q-X_HATR3+HACL,STAN-2,QLD1,GENERATOR,-3.8745098039215686,Q^^TR_TRBK_-1100
NSW1-QLD1,Q-X_HATR_TWO,MOUSF1,QLD1,GENERATOR,-3.9215686274509802,Q^^TR_TRBK_-450
NSW1-QLD1,Q-X_HATR_TWO,EMERASF1,QLD1,GENERATOR,-3.9215686274509802,Q^^TR_TRBK_-450
NSW1-QLD1,Q-X_HATR_TWO,BARCALDN,QLD1,GENERATOR,-3.9058823529411764,Q^^TR_TRBK_-450
NSW1-QLD1,Q-X_HATR_TWO,CLERMSF1,QLD1,GENERATOR,-3.9058823529411764,Q^^TR_TRBK_-450
NSW1-QLD1,Q-X_HATR_TWO,MIDDLSF1,QLD1,GENERATOR,-3.9058823529411764,Q^^TR_TRBK_-450
NSW1-QLD1,Q-X_HATR_TWO,LILYSF1,QLD1,GENERATOR,-3.8941176470588235,Q^^TR_TRBK_-450
NSW1-QLD1,Q-X_HATR_TWO,CLRKCWF2,QLD1,GENERATOR,-3.8745098039215686,Q^^TR_TRBK_-450
NSW1-QLD1,Q-X_HATR_TWO,CLRKCWF1,QLD1,GENERATOR,-3.8745098039215686,Q^^TR_TRBK_-450
NSW1-QLD1,Q-X_HATR_TWO,BRDDBES1,QLD1,BIDIRECTIONAL,-3.8745098039215686,Q^^TR_TRBK_-450
NSW1-QLD1,Q-X_HATR_TWO,STABESS1,QLD1,BIDIRECTIONAL,-3.8745098039215686,Q^^TR_TRBK_-450
NSW1-QLD1,Q-X_METR+BKSP,MOUSF1,QLD1,GENERATOR,-3.9215686274509802,Q^^TR_TRBK_-450
NSW1-QLD1,Q-X_METR+BKSP,EMERASF1,QLD1,GENERATOR,-3.9215686274509802,Q^^TR_TRBK_-450
NSW1-QLD1,Q-X_METR+BKSP,BARCALDN,QLD1,GENERATOR,-3.9058823529411764,Q^^TR_TRBK_-450
NSW1-QLD1,Q-X_METR+BKSP,CLERMSF1,QLD1,GENERATOR,-3.9058823529411764,Q^^TR_TRBK_-450
NSW1-QLD1,Q-X_METR+BKSP,MIDDLSF1,QLD1,GENERATOR,-3.9058823529411764,Q^^TR_TRBK_-450
NSW1-QLD1,Q-X_METR+BKSP,LILYSF1,QLD1,GENERATOR,-3.8941176470588235,Q^^TR_TRBK_-450
NSW1-QLD1,Q-X_METR+BKSP,CLRKCWF2,QLD1,GENERATOR,-3.8745098039215686,Q^^TR_TRBK_-450
NSW1-QLD1,Q-X_METR+BKSP,CLRKCWF1,QLD1,GENERATOR,-3.8745098039215686,Q^^TR_TRBK_-450
NSW1-QLD1,Q-X_METR+BKSP,BRDDBES1,QLD1,BIDIRECTIONAL,-3.8745098039215686,Q^^TR_TRBK_-450
NSW1-QLD1,Q-X_METR+BKSP,STABESS1,QLD1,BIDIRECTIONAL,-3.8745098039215686,Q^^TR_TRBK_-450
NSW1-QLD1,Q-X_METR+MESP,MOUSF1,QLD1,GENERATOR,-3.9215686274509802,Q^^TR_TRBK_-450
NSW1-QLD1,Q-X_METR+MESP,EMERASF1,QLD1,GENERATOR,-3.9215686274509802,Q^^TR_TRBK_-450
NSW1-QLD1,Q-X_METR+MESP,BARCALDN,QLD1,GENERATOR,-3.9058823529411764,Q^^TR_TRBK_-450
NSW1-QLD1,Q-X_METR+MESP,CLERMSF1,QLD1,GENERATOR,-3.9058823529411764,Q^^TR_TRBK_-450
NSW1-QLD1,Q-X_METR+MESP,MIDDLSF1,QLD1,GENERATOR,-3.9058823529411764,Q^^TR_TRBK_-450
NSW1-QLD1,Q-X_METR+MESP,LILYSF1,QLD1,GENERATOR,-3.8941176470588235,Q^^TR_TRBK_-450
NSW1-QLD1,Q-X_METR+MESP,CLRKCWF2,QLD1,GENERATOR,-3.8745098039215686,Q^^TR_TRBK_-450
NSW1-QLD1,Q-X_METR+MESP,CLRKCWF1,QLD1,GENERATOR,-3.8745098039215686,Q^^TR_TRBK_-450
NSW1-QLD1,Q-X_METR+MESP,BRDDBES1,QLD1,BIDIRECTIONAL,-3.8745098039215686,Q^^TR_TRBK_-450
NSW1-QLD1,Q-X_METR+MESP,STABESS1,QLD1,BIDIRECTIONAL,-3.8745098039215686,Q^^TR_TRBK_-450
NSW1-QLD1,Q-X_MRGB_MRGB,MOUSF1,QLD1,GENERATOR,-3.9215686274509802,Q^^TR_TRBK_-750
NSW1-QLD1,Q-X_MRGB_MRGB,EMERASF1,QLD1,GENERATOR,-3.9215686274509802,Q^^TR_TRBK_-750
NSW1-QLD1,Q-X_MRGB_MRGB,BARCALDN,QLD1,GENERATOR,-3.9058823529411764,Q^^TR_TRBK_-750
NSW1-QLD1,Q-X_MRGB_MRGB,CLERMSF1,QLD1,GENERATOR,-3.9058823529411764,Q^^TR_TRBK_-750
NSW1-QLD1,Q-X_MRGB_MRGB,MIDDLSF1,QLD1,GENERATOR,-3.9058823529411764,Q^^TR_TRBK_-750
NSW1-QLD1,Q-X_MRGB_MRGB,LILYSF1,QLD1,GENERATOR,-3.8941176470588235,Q^^TR_TRBK_-750
NSW1-QLD1,Q-X_MRGB_MRGB,CLRKCWF2,QLD1,GENERATOR,-3.8745098039215686,Q^^TR_TRBK_-750
NSW1-QLD1,Q-X_MRGB_MRGB,STAN-1,QLD1,GENERATOR,-3.8745098039215686,Q^^TR_TRBK_-750
NSW1-QLD1,Q-X_MRGB_MRGB,STAN-2,QLD1,GENERATOR,-3.8745098039215686,Q^^TR_TRBK_-750
NSW1-QLD1,Q-X_MRGB_MRGB,STAN-3,QLD1,GENERATOR,-3.8745098039215686,Q^^TR_TRBK_-750
NSW1-QLD1,Q-X_WIDEBAY,MOUSF1,QLD1,GENERATOR,-3.9215686274509802,Q^^TR_TRBK_-1200
NSW1-QLD1,Q-X_WIDEBAY,EMERASF1,QLD1,GENERATOR,-3.9215686274509802,Q^^TR_TRBK_-1200
NSW1-QLD1,Q-X_WIDEBAY,BARCALDN,QLD1,GENERATOR,-3.9058823529411764,Q^^TR_TRBK_-1200
NSW1-QLD1,Q-X_WIDEBAY,CLERMSF1,QLD1,GENERATOR,-3.9058823529411764,Q^^TR_TRBK_-1200
NSW1-QLD1,Q-X_WIDEBAY,MIDDLSF1,QLD1,GENERATOR,-3.9058823529411764,Q^^TR_TRBK_-1200
NSW1-QLD1,Q-X_WIDEBAY,LILYSF1,QLD1,GENERATOR,-3.8941176470588235,Q^^TR_TRBK_-1200
NSW1-QLD1,Q-X_WIDEBAY,CLRKCWF2,QLD1,GENERATOR,-3.8745098039215686,Q^^TR_TRBK_-1200
NSW1-QLD1,Q-X_WIDEBAY,CLRKCWF1,QLD1,GENERATOR,-3.8745098039215686,Q^^TR_TRBK_-1200
NSW1-QLD1,Q-X_WIDEBAY,STAN-1,QLD1,GENERATOR,-3.8745098039215686,Q^^TR_TRBK_-1200
NSW1-QLD1,Q-X_WIDEBAY,STAN-2,QLD1,GENERATOR,-3.8745098039215686,Q^^TR_TRBK_-1200
NSW1-QLD1,Q-X_WIDEBAY_TWO,MOUSF1,QLD1,GENERATOR,-3.9215686274509802,Q^^TR_TRBK_-1300
NSW1-QLD1,Q-X_WIDEBAY_TWO,EMERASF1,QLD1,GENERATOR,-3.9215686274509802,Q^^TR_TRBK_-1300
NSW1-QLD1,Q-X_WIDEBAY_TWO,BARCALDN,QLD1,GENERATOR,-3.9058823529411764,Q^^TR_TRBK_-1300
NSW1-QLD1,Q-X_WIDEBAY_TWO,CLERMSF1,QLD1,GENERATOR,-3.9058823529411764,Q^^TR_TRBK_-1300
NSW1-QLD1,Q-X_WIDEBAY_TWO,MIDDLSF1,QLD1,GENERATOR,-3.9058823529411764,Q^^TR_TRBK_-1300
NSW1-QLD1,Q-X_WIDEBAY_TWO,LILYSF1,QLD1,GENERATOR,-3.8941176470588235,Q^^TR_TRBK_-1300
NSW1-QLD1,Q-X_WIDEBAY_TWO,CLRKCWF2,QLD1,GENERATOR,-3.8745098039215686,Q^^TR_TRBK_-1300
NSW1-QLD1,Q-X_WIDEBAY_TWO,CLRKCWF1,QLD1,GENERATOR,-3.8745098039215686,Q^^TR_TRBK_-1300
NSW1-QLD1,Q-X_WIDEBAY_TWO,STAN-1,QLD1,GENERATOR,-3.8745098039215686,Q^^TR_TRBK_-1300
NSW1-QLD1,Q-X_WIDEBAY_TWO,STAN-2,QLD1,GENERATOR,-3.8745098039215686,Q^^TR_TRBK_-1300
NSW1-QLD1,Q-X_WOSP_WOPW_O,EMERASF1,QLD1,GENERATOR,-3.9215686274509802,Q^^TR_TRBK_-1200
NSW1-QLD1,Q-X_WOSP_WOPW_O,MOUSF1,QLD1,GENERATOR,-3.9215686274509802,Q^^TR_TRBK_-1200
NSW1-QLD1,Q-X_WOSP_WOPW_O,BARCALDN,QLD1,GENERATOR,-3.9058823529411764,Q^^TR_TRBK_-1200
NSW1-QLD1,Q-X_WOSP_WOPW_O,MIDDLSF1,QLD1,GENERATOR,-3.9058823529411764,Q^^TR_TRBK_-1200
NSW1-QLD1,Q-X_WOSP_WOPW_O,CLERMSF1,QLD1,GENERATOR,-3.9058823529411764,Q^^TR_TRBK_-1200
NSW1-QLD1,Q-X_WOSP_WOPW_O,LILYSF1,QLD1,GENERATOR,-3.8941176470588235,Q^^TR_TRBK_-1200
NSW1-QLD1,Q-X_WOSP_WOPW_O,BRDDBES1,QLD1,BIDIRECTIONAL,-3.8745098039215686,Q^^TR_TRBK_-1200
NSW1-QLD1,Q-X_WOSP_WOPW_O,STAN-3,QLD1,GENERATOR,-3.8745098039215686,Q^^TR_TRBK_-1200
NSW1-QLD1,Q-X_WOSP_WOPW_O,STAN-2,QLD1,GENERATOR,-3.8745098039215686,Q^^TR_TRBK_-1200
NSW1-QLD1,Q-X_WOSP_WOPW_O,STAN-1,QLD1,GENERATOR,-3.8745098039215686,Q^^TR_TRBK_-1200
T-V-MNSP1,F-T-GO_CB_A752,GORDON,TAS1,GENERATOR,1.0,F_T++GO_A752_TG_R5
T-V-MNSP1,N-JNWG_RADIAL,DARTM1,VIC1,GENERATOR,-2.9717868338557993,V::N_JNWG_O2
T-V-MNSP1,N-JNWG_RADIAL,MCKAY1,VIC1,GENERATOR,-2.9717868338557993,V::N_JNWG_O1
T-V-MNSP1,N-JNWG_RADIAL,WKIEWA1,VIC1,GENERATOR,-2.9717868338557993,V::N_JNWG_O2
T-V-MNSP1,N-JNWG_RADIAL,MURRAY,VIC1,GENERATOR,-2.3918495297805644,V::N_JNWG_O2
T-V-MNSP1,N-JNWG_RADIAL,WKIEWA2,VIC1,GENERATOR,-1.6904761904761905,V::N_JNWG_S1
T-V-MNSP1,N-JNWG_RADIAL,SALTCRK1,VIC1,GENERATOR,-1.122257053291536,V::N_JNWG_O2
T-V-MNSP1,N-JNWG_RADIAL,TRGBESS1,VIC1,BIDIRECTIONAL,-1.122257053291536,V::N_JNWG_O2
T-V-MNSP1,N-JNWG_RADIAL,MRTLSWF1,VIC1,GENERATOR,-1.122257053291536,V::N_JNWG_O2
T-V-MNSP1,N-JNWG_RADIAL,BANN1,VIC1,GENERATOR,-1.122257053291536,V::N_JNWG_O1
T-V-MNSP1,N-JNWG_RADIAL,RANGEB1,VIC1,BIDIRECTIONAL,-1.122257053291536,V::N_JNWG_O2
T-V-MNSP1,N-LDTW_84,SAPHWF1,NSW1,GENERATOR,-1.0,F_NVS++LDTW_L5
T-V-MNSP1,N-LDTW_84,NESBESS1,NSW1,BIDIRECTIONAL,-1.0,F_NVS++LDTW_L5
T-V-MNSP1,N-LDTW_84,NESBESS2,NSW1,BIDIRECTIONAL,-1.0,F_NVS++LDTW_L5
T-V-MNSP1,N-LDTW_84,NEWENSF1,NSW1,GENERATOR,-1.0,F_NVS++LDTW_L5
T-V-MNSP1,N-LDTW_84,NEWENSF2,NSW1,GENERATOR,-1.0,F_NVS++LDTW_L5
T-V-MNSP1,N-LTWG_RADIAL,WKIEWA1,VIC1,GENERATOR,-2.801120448179272,V::N_LTWG_V2
T-V-MNSP1,N-LTWG_RADIAL,MCKAY1,VIC1,GENERATOR,-2.801120448179272,V::N_LTWG_V2
T-V-MNSP1,N-LTWG_RADIAL,DARTM1,VIC1,GENERATOR,-2.801120448179272,V::N_LTWG_V2
T-V-MNSP1,N-LTWG_RADIAL,MURRAY,VIC1,GENERATOR,-2.1023809523809525,V::N_LTWG_S1
T-V-MNSP1,N-LTWG_RADIAL,MACARTH1,VIC1,GENERATOR,-1.0119047619047619,V::N_LTWG_S2
T-V-MNSP1,N-LTWG_RADIAL,OAKLAND1,VIC1,GENERATOR,-1.0119047619047619,V::N_LTWG_S2
T-V-MNSP1,N-LTWG_RADIAL,HD1WF1,VIC1,GENERATOR,-1.0119047619047619,V::N_LTWG_S2
T-V-MNSP1,N-LTWG_RADIAL,RYANCWF1,VIC1,GENERATOR,-1.0119047619047619,V::N_LTWG_S2
T-V-MNSP1,N-LTWG_RADIAL,TRGBESS1,VIC1,BIDIRECTIONAL,-1.0119047619047619,V::N_LTWG_S2
T-V-MNSP1,N-LTWG_RADIAL,SALTCRK1,VIC1,GENERATOR,-1.0119047619047619,V::N_LTWG_S2
T-V-MNSP1,N-MMWB_ONE,WTAHB1,NSW1,BIDIRECTIONAL,-1.0,F_MAIN++2W_2Y_MG_R5
T-V-MNSP1,N-TWUL_85,NEWENSF1,NSW1,GENERATOR,-1.0,F_NVS++85_L5
T-V-MNSP1,N-TWUL_85,SAPHWF1,NSW1,GENERATOR,-1.0,F_NVS++85_L5
T-V-MNSP1,N-TWUL_85,NESBESS1,NSW1,BIDIRECTIONAL,-1.0,F_NVS++85_L5
T-V-MNSP1,N-TWUL_85,NESBESS2,NSW1,BIDIRECTIONAL,-1.0,F_NVS++85_L5
T-V-MNSP1,N-TWUL_85,NEWENSF2,NSW1,GENERATOR,-1.0,F_NVS++85_L5
T-V-MNSP1,Q-X_BRHA_TWO,BRAEMAR1,QLD1,GENERATOR,-1.0,F_MAIN++BRHA_TG_R5
T-V-MNSP1,Q-X_BRHA_TWO,BRAEMAR2,QLD1,GENERATOR,-1.0,F_MAIN++BRHA_TG_R5
T-V-MNSP1,Q-X_BRHA_TWO,BRAEMAR3,QLD1,GENERATOR,-1.0,F_MAIN++BRHA_TG_R5
T-V-MNSP1,Q-X_BRHA_TWO,BRAEMAR5,QLD1,GENERATOR,-1.0,F_MAIN++BRHA_TG_R5
T-V-MNSP1,Q-X_BRHA_TWO,BRAEMAR6,QLD1,GENERATOR,-1.0,F_MAIN++BRHA_TG_R5
T-V-MNSP1,Q-X_BRHA_TWO,BRAEMAR7,QLD1,GENERATOR,-1.0,F_MAIN++BRHA_TG_R5
T-V-MNSP1,Q-X_BRTX1+BRHA,BRAEMAR1,QLD1,GENERATOR,-1.0,F_MAIN++BRHA_TG_R5
T-V-MNSP1,Q-X_BRTX1+BRHA,BRAEMAR2,QLD1,GENERATOR,-1.0,F_MAIN++BRHA_TG_R5
T-V-MNSP1,Q-X_BRTX1+BRHA,BRAEMAR3,QLD1,GENERATOR,-1.0,F_MAIN++BRHA_TG_R5
T-V-MNSP1,Q-X_BRTX1+BRHA,BRAEMAR5,QLD1,GENERATOR,-1.0,F_MAIN++BRHA_TG_R5
T-V-MNSP1,Q-X_BRTX1+BRHA,BRAEMAR6,QLD1,GENERATOR,-1.0,F_MAIN++BRHA_TG_R5
T-V-MNSP1,Q-X_BRTX1+BRHA,BRAEMAR7,QLD1,GENERATOR,-1.0,F_MAIN++BRHA_TG_R5
T-V-MNSP1,S-TBSE,DARTM1,VIC1,GENERATOR,-2.9717868338557993,V::N_SETB_O2
T-V-MNSP1,S-TBSE,WKIEWA1,VIC1,GENERATOR,-2.9717868338557993,V::N_SETB_O1
T-V-MNSP1,S-TBSE,MCKAY1,VIC1,GENERATOR,-2.9717868338557993,V::N_SETB_O2
T-V-MNSP1,S-TBSE,MURRAY,VIC1,GENERATOR,-2.3918495297805644,V::N_SETB_O1
T-V-MNSP1,S-TBSE,GLENSF1,VIC1,GENERATOR,-1.122257053291536,V::N_SETB_O2
T-V-MNSP1,S-TBSE,BULGANA1,VIC1,GENERATOR,-1.122257053291536,V::N_SETB_O2
T-V-MNSP1,S-TBSE,GANNSF1,VIC1,GENERATOR,-1.122257053291536,V::N_SETB_O2
T-V-MNSP1,S-TBSE,KERNGSP1,VIC1,GENERATOR,-1.122257053291536,V::N_SETB_O2
T-V-MNSP1,S-TBSE,COHUNSF1,VIC1,GENERATOR,-1.122257053291536,V::N_SETB_O2
T-V-MNSP1,S-TBSE,KIAMSF1,VIC1,GENERATOR,-1.122257053291536,V::N_SETB_O2
T-V-MNSP1,V-CRML,MCKAY1,VIC1,GENERATOR,-2.9717868338557993,V::N_MLMO_O1
T-V-MNSP1,V-CRML,WKIEWA1,VIC1,GENERATOR,-2.9717868338557993,V::N_MLMO_O1
T-V-MNSP1,V-CRML,DARTM1,VIC1,GENERATOR,-2.9717868338557993,V::N_MLMO_O1
T-V-MNSP1,V-CRML,MURRAY,VIC1,GENERATOR,-2.3918495297805644,V::N_MLMO_O1
T-V-MNSP1,V-CRML,MACARTH1,VIC1,GENERATOR,-1.122257053291536,V::N_MLMO_O1
T-V-MNSP1,V-CRML,RYANCWF1,VIC1,GENERATOR,-1.122257053291536,V::N_MLMO_O1
T-V-MNSP1,V-CRML,COHUNSF1,VIC1,GENERATOR,-1.122257053291536,V::N_MLMO_O1
T-V-MNSP1,V-CRML,HBESS1,VIC1,BIDIRECTIONAL,-1.122257053291536,V::N_MLMO_O1
T-V-MNSP1,V-CRML,BALB1,VIC1,BIDIRECTIONAL,-1.122257053291536,V::N_MLMO_O2
T-V-MNSP1,V-CRML,GANNB1,VIC1,BIDIRECTIONAL,-1.122257053291536,V::N_MLMO_O1
T-V-MNSP1,V-HGMO,DARTM1,VIC1,GENERATOR,-2.801120448179272,V::N_MLTR_V2
T-V-MNSP1,V-HGMO,MCKAY1,VIC1,GENERATOR,-2.801120448179272,V::N_MLTR_V2
T-V-MNSP1,V-HGMO,WKIEWA1,VIC1,GENERATOR,-2.801120448179272,V::N_MLTR_V1
T-V-MNSP1,V-HGMO,MURRAY,VIC1,GENERATOR,-2.0952380952380953,V::N_MLTR_V2
T-V-MNSP1,V-HGMO,MACARTH1,VIC1,GENERATOR,-1.0,F_QNV++HGMO_L6
T-V-MNSP1,V-HGMO,HD1WF1,VIC1,GENERATOR,-1.0,F_QNV++HGMO_L60
T-V-MNSP1,V-HGMO,MORTLK12,VIC1,GENERATOR,-1.0,F_QNV++HGMO_L60
T-V-MNSP1,V-HGMO,MORTLK11,VIC1,GENERATOR,-1.0,F_QNV++HGMO_L60
T-V-MNSP1,V-HGMO,RYANCWF1,VIC1,GENERATOR,-1.0,F_QNV++HGMO_R6
T-V-MNSP1,V-HGMO,MLB01,VIC1,BIDIRECTIONAL,-1.0,F_QNV++HGMO_R60
T-V-MNSP1,V-HYMO,DARTM1,VIC1,GENERATOR,-2.9717868338557993,V::N_HYMO_O1
T-V-MNSP1,V-HYMO,MCKAY1,VIC1,GENERATOR,-2.9717868338557993,V::N_HYMO_O2
T-V-MNSP1,V-HYMO,WKIEWA1,VIC1,GENERATOR,-2.9717868338557993,V::N_HYMO_O1
T-V-MNSP1,V-HYMO,MURRAY,VIC1,GENERATOR,-2.3918495297805644,V::N_HYMO_O2
T-V-MNSP1,V-HYMO,WUNUSF1,VIC1,GENERATOR,-1.122257053291536,V::N_HYMO_O1
T-V-MNSP1,V-HYMO,YATSF1,VIC1,GENERATOR,-1.122257053291536,V::N_HYMO_O1
T-V-MNSP1,V-HYMO,KIATAWF1,VIC1,GENERATOR,-1.122257053291536,V::N_HYMO_O1
T-V-MNSP1,V-HYMO,GANNB1,VIC1,BIDIRECTIONAL,-1.122257053291536,V::N_HYMO_O1
T-V-MNSP1,V-HYMO,GLRWNSF1,VIC1,GENERATOR,-1.122257053291536,V::N_HYMO_O1
T-V-MNSP1,V-HYMO,BALDHWF1,VIC1,GENERATOR,-1.122257053291536,V::N_HYMO_O1
T-V-MNSP1,V-HYTR,DARTM1,VIC1,GENERATOR,-2.9717868338557993,V::N_HYTR_O1
T-V-MNSP1,V-HYTR,MCKAY1,VIC1,GENERATOR,-2.9717868338557993,V::N_HYTR_O1
T-V-MNSP1,V-HYTR,WKIEWA1,VIC1,GENERATOR,-2.9717868338557993,V::N_HYTR_O1
T-V-MNSP1,V-HYTR,MURRAY,VIC1,GENERATOR,-2.3918495297805644,V::N_HYTR_O2
T-V-MNSP1,V-HYTR,KERNGSP1,VIC1,GENERATOR,-1.122257053291536,V::N_HYTR_O1
T-V-MNSP1,V-HYTR,MOORAWF1,VIC1,GENERATOR,-1.122257053291536,V::N_HYTR_O1
T-V-MNSP1,V-HYTR,MERCER01,VIC1,GENERATOR,-1.122257053291536,V::N_HYTR_O1
T-V-MNSP1,V-HYTR,RANGEB1,VIC1,BIDIRECTIONAL,-1.122257053291536,V::N_HYTR_O1
T-V-MNSP1,V-HYTR,BULBES1,VIC1,BIDIRECTIONAL,-1.122257053291536,V::N_HYTR_O1
T-V-MNSP1,V-HYTR,ELAINWF1,VIC1,GENERATOR,-1.122257053291536,V::N_HYTR_O1
T-V-MNSP1,V-KG_WE_RC,MCKAY1,VIC1,GENERATOR,-2.9717868338557993,V::N_KGRC_O1
T-V-MNSP1,V-KG_WE_RC,DARTM1,VIC1,GENERATOR,-2.9717868338557993,V::N_KGRC_O1
T-V-MNSP1,V-KG_WE_RC,WKIEWA1,VIC1,GENERATOR,-2.9717868338557993,V::N_KGRC_O1
T-V-MNSP1,V-KG_WE_RC,MURRAY,VIC1,GENERATOR,-2.3918495297805644,V::N_KGRC_O1
T-V-MNSP1,V-KG_WE_RC,MERCER01,VIC1,GENERATOR,-1.122257053291536,V::N_KGRC_O1
T-V-MNSP1,V-KG_WE_RC,MOKOSF1,VIC1,GENERATOR,-1.122257053291536,V::N_KGRC_O1
T-V-MNSP1,V-KG_WE_RC,WINTSF1,VIC1,GENERATOR,-1.122257053291536,V::N_KGRC_O1
T-V-MNSP1,V-KG_WE_RC,GLRWNSF1,VIC1,GENERATOR,-1.122257053291536,V::N_KGRC_O1
T-V-MNSP1,V-KG_WE_RC,KIATAWF1,VIC1,GENERATOR,-1.122257053291536,V::N_KGRC_O1
T-V-MNSP1,V-KG_WE_RC,HBESS1,VIC1,BIDIRECTIONAL,-1.122257053291536,V::N_KGRC_O1
T-V-MNSP1,V-MLSY_NOEMTT_R,VBB1,VIC1,BIDIRECTIONAL,5.0,V>>MLSY_KTTX_SYML_5R
T-V-MNSP1,V-MLSY_NOEMTT_R,LNGS1,VIC1,GENERATOR,4.9799999999999995,V>>MLSY_KTTX_SYML_2R
T-V-MNSP1,V-MLSY_NOEMTT_R,LNGS2,VIC1,GENERATOR,4.9799999999999995,V>>MLSY_KTTX_SYML_2R
T-V-MNSP1,V-MLSY_NOEMTT_R,MTGELWF1,VIC1,GENERATOR,4.949999999999999,V>>MLSY_KTTX_SYML_5R
T-V-MNSP1,V-MLSY_NOEMTT_R,GPWFEST2,VIC1,GENERATOR,4.925,V>>MLSY_KTTX_SYML_5R
T-V-MNSP1,V-MLSY_NOEMTT_R,GPWFEST1,VIC1,GENERATOR,4.925,V>>MLSY_KTTX_SYML_5R
T-V-MNSP1,V-MLSY_NOEMTT_R,GPWFEST3,VIC1,GENERATOR,4.925,V>>MLSY_KTTX_SYML_2R
T-V-MNSP1,V-MLSY_NOEMTT_R,GPWFWST2,VIC1,GENERATOR,4.925,V>>MLSY_KTTX_SYML_2R
T-V-MNSP1,V-MLSY_NOEMTT_R,GPWFWST1,VIC1,GENERATOR,4.925,V>>MLSY_KTTX_SYML_5R
T-V-MNSP1,V-MLSY_NOEMTT_R,STOCKYD1,VIC1,GENERATOR,4.909999999999999,V>>MLSY_KTTX_SYML_2R
T-V-MNSP1,V-MOTR,DARTM1,VIC1,GENERATOR,-2.801120448179272,V::N_MLTR_V2
T-V-MNSP1,V-MOTR,WKIEWA1,VIC1,GENERATOR,-2.801120448179272,V::N_MLTR_V2
T-V-MNSP1,V-MOTR,MCKAY1,VIC1,GENERATOR,-2.801120448179272,V::N_MLTR_V1
T-V-MNSP1,V-MOTR,MURRAY,VIC1,GENERATOR,-2.0952380952380953,V::N_MLTR_V1
T-V-MNSP1,V-MOTR,MACARTH1,VIC1,GENERATOR,-1.0,F_QNV++MOTR_L6
T-V-MNSP1,V-MOTR,RYANCWF1,VIC1,GENERATOR,-1.0,F_QNV++HYTRMO_TG_R5
T-V-MNSP1,V-MOTR,HD1WF1,VIC1,GENERATOR,-1.0,F_QNV++MOTR_R5
T-V-MNSP1,V-MOTR,YATSF1,VIC1,GENERATOR,-0.876750700280112,V::N_MLTR_V1
T-V-MNSP1,V-MOTR,BULBES1,VIC1,BIDIRECTIONAL,-0.876750700280112,V::N_MLTR_V2
T-V-MNSP1,V-MOTR,RANGEB1,VIC1,BIDIRECTIONAL,-0.876750700280112,V::N_MLTR_V2
T-V-MNSP1,V-RCTS_BUS2,DARTM1,VIC1,GENERATOR,-2.9717868338557993,V::N_RC_BUS2_O1
T-V-MNSP1,V-RCTS_BUS2,WKIEWA1,VIC1,GENERATOR,-2.9717868338557993,V::N_RC_BUS2_O1
T-V-MNSP1,V-RCTS_BUS2,WKIEWA2,VIC1,GENERATOR,-2.9717868338557993,V::N_RC_BUS2_O1
T-V-MNSP1,V-RCTS_BUS2,MCKAY1,VIC1,GENERATOR,-2.9717868338557993,V::N_RC_BUS2_O1
T-V-MNSP1,V-RCTS_BUS2,MURRAY,VIC1,GENERATOR,-2.3918495297805644,V::N_RC_BUS2_O1
T-V-MNSP1,V-RCTS_BUS2,NUMURSF1,VIC1,GENERATOR,-1.122257053291536,V::N_RC_BUS2_O1
T-V-MNSP1,V-RCTS_BUS2,YATSF1,VIC1,GENERATOR,-1.122257053291536,V::N_RC_BUS2_O1
T-V-MNSP1,V-RCTS_BUS2,KARSF1,VIC1,GENERATOR,-1.122257053291536,V::N_RC_BUS2_O1
T-V-MNSP1,V-RCTS_BUS2,MTGELWF1,VIC1,GENERATOR,-1.122257053291536,V::N_RC_BUS2_O1
T-V-MNSP1,V-RCTS_BUS2,BULBES1,VIC1,BIDIRECTIONAL,-1.122257053291536,V::N_RC_BUS2_O1
V-S-MNSP1,CA_BRIS_58730C07,WKIEWA2,VIC1,GENERATOR,3.0902348578491967,CA_BRIS_58730C07_1
V-S-MNSP1,CA_BRIS_58730C07,DARTM1,VIC1,GENERATOR,3.0902348578491967,CA_BRIS_58730C07_1
V-S-MNSP1,CA_BRIS_58730C07,MCKAY1,VIC1,GENERATOR,3.0902348578491967,CA_BRIS_58730C07_1
V-S-MNSP1,CA_BRIS_58730C07,WKIEWA1,VIC1,GENERATOR,3.0902348578491967,CA_BRIS_58730C07_1
V-S-MNSP1,CA_BRIS_58730C07,HUMEV,VIC1,GENERATOR,2.758961681087763,CA_BRIS_58730C07_1
V-S-MNSP1,CA_BRIS_58730C07,MURRAY,VIC1,GENERATOR,2.750309023485785,CA_BRIS_58730C07_1
V-S-MNSP1,CA_BRIS_58730C07,WINTSF1,VIC1,GENERATOR,2.6220642768850433,CA_BRIS_58730C07_1
V-S-MNSP1,CA_BRIS_58730C07,MOKOSF1,VIC1,GENERATOR,2.6220642768850433,CA_BRIS_58730C07_1
V-S-MNSP1,CA_BRIS_58730C07,GLRWNSF1,VIC1,GENERATOR,2.6220642768850433,CA_BRIS_58730C07_1
V-S-MNSP1,CA_BRIS_58730C07,GLENSF1,VIC1,GENERATOR,2.6069221260815825,CA_BRIS_58730C07_1
V-S-MNSP1,CA_BRIS_5873DCEF,KERNGSP1,VIC1,GENERATOR,2.0124773596297043,CA_BRIS_5873DCEF_1
V-S-MNSP1,CA_BRIS_5873DCEF,GANNB1,VIC1,BIDIRECTIONAL,2.0124773596297043,CA_BRIS_5873DCEF_1
V-S-MNSP1,CA_BRIS_5873DCEF,COHUNSF1,VIC1,GENERATOR,2.0124773596297043,CA_BRIS_5873DCEF_1
V-S-MNSP1,CA_BRIS_5873DCEF,GANNSF1,VIC1,GENERATOR,2.0124773596297043,CA_BRIS_5873DCEF_1
V-S-MNSP1,CA_BRIS_5873DCEF,KESSB1,VIC1,BIDIRECTIONAL,1.9470718454417388,CA_BRIS_5873DCEF_1
V-S-MNSP1,CA_BRIS_5873DCEF,NUMURSF1,VIC1,GENERATOR,1.5429663916280942,CA_BRIS_5873DCEF_1
V-S-MNSP1,CA_BRIS_5873DCEF,WUNUSF1,VIC1,GENERATOR,1.5429663916280942,CA_BRIS_5873DCEF_1
V-S-MNSP1,CA_BRIS_5873DCEF,GIRGSF,VIC1,GENERATOR,1.5429663916280942,CA_BRIS_5873DCEF_1
V-S-MNSP1,CA_BRIS_5873DCEF,GOESF1,VIC1,GENERATOR,1.4236264842020527,CA_BRIS_5873DCEF_1
V-S-MNSP1,CA_BRIS_5873DCEF,GLENSF1,VIC1,GENERATOR,1.3741195411551619,CA_BRIS_5873DCEF_1
V-S-MNSP1,CA_BRIS_5964121F,VBB1,VIC1,BIDIRECTIONAL,1.6863406408094437,CA_BRIS_5964121F_2
V-S-MNSP1,CA_BRIS_5964121F,CROWLWF1,VIC1,GENERATOR,1.5445193929173695,CA_BRIS_5964121F_1
V-S-MNSP1,CA_BRIS_5964121F,MERCER01,VIC1,GENERATOR,1.5445193929173695,CA_BRIS_5964121F_1
V-S-MNSP1,CA_BRIS_5964121F,BULBES1,VIC1,BIDIRECTIONAL,1.5445193929173695,CA_BRIS_5964121F_1
V-S-MNSP1,CA_BRIS_5964121F,KIATAWF1,VIC1,GENERATOR,1.5445193929173695,CA_BRIS_5964121F_1
V-S-MNSP1,CA_BRIS_5964121F,KIAMSF1,VIC1,GENERATOR,1.5445193929173695,CA_BRIS_5964121F_1
V-S-MNSP1,CA_BRIS_5964121F,MUWAWF2,VIC1,GENERATOR,1.5445193929173695,CA_BRIS_5964121F_1
V-S-MNSP1,CA_BRIS_5964121F,BULGANA1,VIC1,GENERATOR,1.5445193929173695,CA_BRIS_5964121F_1
V-S-MNSP1,CA_BRIS_5964121F,ARWF1,VIC1,GENERATOR,1.5445193929173695,CA_BRIS_5964121F_1
V-S-MNSP1,CA_BRIS_5964121F,MUWAWF1,VIC1,GENERATOR,1.5445193929173695,CA_BRIS_5964121F_2
V-S-MNSP1,CA_BRIS_59643BAE,ARWF1,VIC1,GENERATOR,3.731343283582089,CA_BRIS_59643BAE_1
V-S-MNSP1,CA_BRIS_59643BAE,BULBES1,VIC1,BIDIRECTIONAL,3.731343283582089,CA_BRIS_59643BAE_1
V-S-MNSP1,CA_BRIS_59643BAE,CROWLWF1,VIC1,GENERATOR,3.731343283582089,CA_BRIS_59643BAE_1
V-S-MNSP1,CA_BRIS_59643BAE,MERCER01,VIC1,GENERATOR,3.731343283582089,CA_BRIS_59643BAE_1
V-S-MNSP1,CA_BRIS_59643BAE,BULGANA1,VIC1,GENERATOR,3.731343283582089,CA_BRIS_59643BAE_1
V-S-MNSP1,CA_BRIS_59643BAE,KIATAWF1,VIC1,GENERATOR,3.731343283582089,CA_BRIS_59643BAE_1
V-S-MNSP1,CA_BRIS_59643BAE,MUWAWF2,VIC1,GENERATOR,3.731343283582089,CA_BRIS_59643BAE_1
V-S-MNSP1,CA_BRIS_59643BAE,MUWAWF1,VIC1,GENERATOR,3.731343283582089,CA_BRIS_59643BAE_1
V-S-MNSP1,CA_BRIS_59643BAE,KIAMSF1,VIC1,GENERATOR,3.731343283582089,CA_BRIS_59643BAE_1
V-S-MNSP1,CA_BRIS_59643BAE,BALB1,VIC1,BIDIRECTIONAL,3.6350746268656713,CA_BRIS_59643BAE_1
V-S-MNSP1,CA_SYDS_562A9792,GPWFEST3,VIC1,GENERATOR,1.4255167498218104,CA_SYDS_562A9792_1
V-S-MNSP1,CA_SYDS_562A9792,GPWFEST2,VIC1,GENERATOR,1.4255167498218104,CA_SYDS_562A9792_1
V-S-MNSP1,CA_SYDS_562A9792,DUNDWF3,VIC1,GENERATOR,1.4255167498218104,CA_SYDS_562A9792_1
V-S-MNSP1,CA_SYDS_562A9792,MORTLK11,VIC1,GENERATOR,1.4255167498218104,CA_SYDS_562A9792_1
V-S-MNSP1,CA_SYDS_562A9792,DUNDWF1,VIC1,GENERATOR,1.4255167498218104,CA_SYDS_562A9792_1
V-S-MNSP1,CA_SYDS_562A9792,MORTLK12,VIC1,GENERATOR,1.4255167498218104,CA_SYDS_562A9792_1
V-S-MNSP1,CA_SYDS_562A9792,RYANCWF1,VIC1,GENERATOR,1.4255167498218104,CA_SYDS_562A9792_1
V-S-MNSP1,CA_SYDS_562A9792,MACARTH1,VIC1,GENERATOR,1.4255167498218104,CA_SYDS_562A9792_1
V-S-MNSP1,CA_SYDS_562A9792,HD1WF1,VIC1,GENERATOR,1.4255167498218104,CA_SYDS_562A9792_1
V-S-MNSP1,CA_SYDS_562A9792,VBB1,VIC1,BIDIRECTIONAL,1.4255167498218104,CA_SYDS_562A9792_1
V-S-MNSP1,CA_SYDS_594882A3,LIMOSF11,NSW1,GENERATOR,-2.5773195876288657,CA_SYDS_594882A3_1
V-S-MNSP1,CA_SYDS_594882A3,LIMOSF21,NSW1,GENERATOR,-2.5773195876288657,CA_SYDS_594882A3_1
V-S-MNSP1,CA_SYDS_594882A3,SUNRSF1,NSW1,GENERATOR,-2.5773195876288657,CA_SYDS_594882A3_1
V-S-MNSP1,CA_SYDS_594882A3,LIMBESS1,NSW1,BIDIRECTIONAL,-2.5773195876288657,CA_SYDS_594882A3_1
V-S-MNSP1,CA_SYDS_594882A3,BHB1,NSW1,BIDIRECTIONAL,1.370618556701031,CA_SYDS_594882A3_1
V-S-MNSP1,CA_SYDS_594882A3,BROKENH1,NSW1,GENERATOR,1.370618556701031,CA_SYDS_594882A3_1
V-S-MNSP1,CA_SYDS_594882A3,STWF1,NSW1,GENERATOR,1.370618556701031,CA_SYDS_594882A3_1
V-S-MNSP1,CA_SYDS_594882A3,KARSF1,VIC1,GENERATOR,1.0,CA_SYDS_594882A3_1
V-S-MNSP1,CA_SYDS_594882A3,YATSF1,VIC1,GENERATOR,1.0,CA_SYDS_594882A3_1
V-S-MNSP1,CA_SYDS_594882A3,BANN1,VIC1,GENERATOR,0.8559278350515463,CA_SYDS_594882A3_1
V-S-MNSP1,CA_SYDS_597A8B26,MERCER01,VIC1,GENERATOR,2.5980774227071963,CA_SYDS_597A8B26_3
V-S-MNSP1,CA_SYDS_597A8B26,MOORAWF1,VIC1,GENERATOR,2.5980774227071963,CA_SYDS_597A8B26_3
V-S-MNSP1,CA_SYDS_597A8B26,ELAINWF1,VIC1,GENERATOR,2.5980774227071963,CA_SYDS_597A8B26_3
V-S-MNSP1,CA_SYDS_597A8B26,BALB1,VIC1,BIDIRECTIONAL,2.1404109589041096,CA_SYDS_597A8B26_1
V-S-MNSP1,CA_SYDS_597A8B26,YENDWF1,VIC1,GENERATOR,2.1386986301369864,CA_SYDS_597A8B26_2
V-S-MNSP1,CA_SYDS_597A8B26,ARWF1,VIC1,GENERATOR,2.0017123287671232,CA_SYDS_597A8B26_1
V-S-MNSP1,CA_SYDS_597A8B26,CROWLWF1,VIC1,GENERATOR,1.9736729452054795,CA_SYDS_597A8B26_2
V-S-MNSP1,CA_SYDS_597A8B26,BULGANA1,VIC1,GENERATOR,1.9287243150684932,CA_SYDS_597A8B26_1
V-S-MNSP1,CA_SYDS_597A8B26,BULBES1,VIC1,BIDIRECTIONAL,1.9287243150684932,CA_SYDS_597A8B26_1
V-S-MNSP1,CA_SYDS_597A8B26,KIATAWF1,VIC1,GENERATOR,1.7557791095890412,CA_SYDS_597A8B26_1
V-S-MNSP1,CA_SYDS_597B3DBD,ELAINWF1,VIC1,GENERATOR,2.3623907394283012,CA_SYDS_597B3DBD_1
V-S-MNSP1,CA_SYDS_597B3DBD,MOORAWF1,VIC1,GENERATOR,2.3623907394283012,CA_SYDS_597B3DBD_1
V-S-MNSP1,CA_SYDS_597B3DBD,MERCER01,VIC1,GENERATOR,2.3623907394283012,CA_SYDS_597B3DBD_1
V-S-MNSP1,CA_SYDS_597B3DBD,BRYB1WF1,VIC1,GENERATOR,2.079376328844791,CA_SYDS_597B3DBD_1
V-S-MNSP1,CA_SYDS_597B3DBD,BRYB2WF2,VIC1,GENERATOR,2.079376328844791,CA_SYDS_597B3DBD_1
V-S-MNSP1,CA_SYDS_597B3DBD,BALB1,VIC1,BIDIRECTIONAL,2.0725253957004486,CA_SYDS_597B3DBD_1
V-S-MNSP1,CA_SYDS_597B3DBD,YENDWF1,VIC1,GENERATOR,2.070871722182849,CA_SYDS_597B3DBD_1
V-S-MNSP1,CA_SYDS_597B3DBD,MRTLSWF1,VIC1,GENERATOR,2.0167729742499407,CA_SYDS_597B3DBD_1
V-S-MNSP1,CA_SYDS_597B3DBD,ARWF1,VIC1,GENERATOR,1.9433026222537206,CA_SYDS_597B3DBD_1
V-S-MNSP1,CA_SYDS_597B3DBD,SALTCRK1,VIC1,GENERATOR,1.9291282778171508,CA_SYDS_597B3DBD_1
V-S-MNSP1,CA_SYDS_597B5710,ELAINWF1,VIC1,GENERATOR,2.3623907394283012,CA_SYDS_597B5710_1
V-S-MNSP1,CA_SYDS_597B5710,MOORAWF1,VIC1,GENERATOR,2.3623907394283012,CA_SYDS_597B5710_1
V-S-MNSP1,CA_SYDS_597B5710,MERCER01,VIC1,GENERATOR,2.3623907394283012,CA_SYDS_597B5710_1
V-S-MNSP1,CA_SYDS_597B5710,BRYB1WF1,VIC1,GENERATOR,2.079376328844791,CA_SYDS_597B5710_1
V-S-MNSP1,CA_SYDS_597B5710,BRYB2WF2,VIC1,GENERATOR,2.079376328844791,CA_SYDS_597B5710_1
V-S-MNSP1,CA_SYDS_597B5710,BALB1,VIC1,BIDIRECTIONAL,2.0725253957004486,CA_SYDS_597B5710_1
V-S-MNSP1,CA_SYDS_597B5710,YENDWF1,VIC1,GENERATOR,2.070871722182849,CA_SYDS_597B5710_1
V-S-MNSP1,CA_SYDS_597B5710,MRTLSWF1,VIC1,GENERATOR,2.0167729742499407,CA_SYDS_597B5710_1
V-S-MNSP1,CA_SYDS_597B5710,ARWF1,VIC1,GENERATOR,1.9433026222537206,CA_SYDS_597B5710_1
V-S-MNSP1,CA_SYDS_597B5710,SALTCRK1,VIC1,GENERATOR,1.9291282778171508,CA_SYDS_597B5710_1
V-S-MNSP1,I-6F_NS_000,KARSF1,VIC1,GENERATOR,1.0,I_6F_NS_000
V-S-MNSP1,I-6F_NS_000,YATSF1,VIC1,GENERATOR,1.0,I_6F_NS_000
V-S-MNSP1,I-6F_NS_000,BROKENH1,NSW1,GENERATOR,0.936,I_6F_NS_100
V-S-MNSP1,I-6F_NS_000,BHB1,NSW1,BIDIRECTIONAL,0.936,I_6F_NS_100
V-S-MNSP1,I-6F_NS_000,STWF1,NSW1,GENERATOR,0.936,I_6F_NS_100
V-S-MNSP1,I-6F_NS_000,WEMENSF1,VIC1,GENERATOR,0.868,I_6F_NS_100
V-S-MNSP1,I-6F_NS_000,BANN1,VIC1,GENERATOR,0.868,I_6F_NS_000
V-S-MNSP1,I-6F_NS_000,KIAMSF1,VIC1,GENERATOR,0.826,I_6F_NS_000
V-S-MNSP1,I-6F_NS_000,LIMOSF21,NSW1,GENERATOR,0.666,I_6F_NS_000
V-S-MNSP1,I-6F_NS_000,LIMBESS1,NSW1,BIDIRECTIONAL,0.666,I_6F_NS_100
V-S-MNSP1,I-6F_NS_050,YATSF1,VIC1,GENERATOR,1.0,I_6F_NS_050
V-S-MNSP1,I-6F_NS_050,KARSF1,VIC1,GENERATOR,1.0,I_6F_NS_050
V-S-MNSP1,I-6F_NS_050,BROKENH1,NSW1,GENERATOR,0.936,I_6F_NS_050
V-S-MNSP1,I-6F_NS_050,BHB1,NSW1,BIDIRECTIONAL,0.936,I_6F_NS_050
V-S-MNSP1,I-6F_NS_050,STWF1,NSW1,GENERATOR,0.936,I_6F_NS_050
V-S-MNSP1,I-6F_NS_050,BANN1,VIC1,GENERATOR,0.868,I_6F_NS_050
V-S-MNSP1,I-6F_NS_050,WEMENSF1,VIC1,GENERATOR,0.868,I_6F_NS_050
V-S-MNSP1,I-6F_NS_050,KIAMSF1,VIC1,GENERATOR,0.826,I_6F_NS_050
V-S-MNSP1,I-6F_NS_050,LIMOSF21,NSW1,GENERATOR,0.666,I_6F_NS_050
V-S-MNSP1,I-6F_NS_050,LIMBESS1,NSW1,BIDIRECTIONAL,0.666,I_6F_NS_050
V-S-MNSP1,I-BDBU_ONE,AVLSF1,NSW1,GENERATOR,14.084507042253522,N>BDBU_99F
V-S-MNSP1,I-BDBU_ONE,BOMENSF1,NSW1,GENERATOR,8.264462809917356,N>>BDBU_991_051
V-S-MNSP1,I-BDBU_ONE,JUNEESF1,NSW1,GENERATOR,8.264462809917356,N>>BDBU_991_051
V-S-MNSP1,I-BDBU_ONE,WAGGNSF1,NSW1,GENERATOR,8.264462809917356,N>>BDBU_991_051
V-S-MNSP1,I-BDBU_ONE,SEBSF1,NSW1,GENERATOR,8.264462809917356,N>>BDBU_991_051
V-S-MNSP1,I-BDBU_ONE,WSTWYSF1,NSW1,GENERATOR,8.264462809917356,N>>BDBU_991_051
V-S-MNSP1,I-BDBU_ONE,WYASF1,NSW1,GENERATOR,8.264462809917356,N>>BDBU_991_051
V-S-MNSP1,I-BDBU_ONE,UPPTUMUT,NSW1,GENERATOR,-7.246376811594202,N>>BDBU_64_S
V-S-MNSP1,I-BDBU_ONE,URANQ11,NSW1,GENERATOR,6.666666666666667,N>>BDBU_990_051
V-S-MNSP1,I-BDBU_ONE,URANQ12,NSW1,GENERATOR,6.666666666666667,N>>BDBU_990_051
V-S-MNSP1,I-BURC,KERNGSP1,VIC1,GENERATOR,1.510574018126888,V>SMLBSRC4
V-S-MNSP1,I-BURC,GANNB1,VIC1,BIDIRECTIONAL,1.510574018126888,V>SMLBSRC4
V-S-MNSP1,I-BURC,COHUNSF1,VIC1,GENERATOR,1.510574018126888,V>SMLBSRC4
V-S-MNSP1,I-BURC,GANNSF1,VIC1,GENERATOR,1.510574018126888,V>SMLBSRC4
V-S-MNSP1,I-BURC,KESSB1,VIC1,BIDIRECTIONAL,1.4773413897280965,V>SMLBSRC4
V-S-MNSP1,I-BURC,WEMENSF1,VIC1,GENERATOR,1.1359516616314198,V>SMLBSRC4
V-S-MNSP1,I-BURC,BANN1,VIC1,GENERATOR,1.1359516616314198,V>SMLBSRC4
V-S-MNSP1,I-BURC,ARWF1,VIC1,GENERATOR,1.0395010395010396,V>>V_BURC_5
V-S-MNSP1,I-BURC,CROWLWF1,VIC1,GENERATOR,1.0363825363825365,V>>V_BURC_5
V-S-MNSP1,I-BURC,BULGANA1,VIC1,GENERATOR,1.0291060291060292,V>>V_BURC_5
V-S-MNSP1,I-BURC_X1,ARWF1,VIC1,GENERATOR,1.968503937007874,V>>X1_WBBA_RCX9
V-S-MNSP1,I-BURC_X1,CROWLWF1,VIC1,GENERATOR,1.9409448818897637,V>>X1_WBBA_RCX9
V-S-MNSP1,I-BURC_X1,BULGANA1,VIC1,GENERATOR,1.8858267716535433,V>>X1_WBBA_RCX9
V-S-MNSP1,I-BURC_X1,BULBES1,VIC1,BIDIRECTIONAL,1.8858267716535433,V>>X1_WBBA_RCX9
V-S-MNSP1,I-BURC_X1,MUWAWF1,VIC1,GENERATOR,1.5728346456692914,V>>X1_WBBA_RCX9
V-S-MNSP1,I-BURC_X1,MUWAWF2,VIC1,GENERATOR,1.5728346456692914,V>>X1_WBBA_RCX9
V-S-MNSP1,I-BURC_X1,KIATAWF1,VIC1,GENERATOR,1.56496062992126,V>>X1_WBBA_RCX9
V-S-MNSP1,I-BURC_X1,KIAMSF1,VIC1,GENERATOR,1.200787401574803,V>>X1_WBBA_RCX9
V-S-MNSP1,I-BURC_X1,CRWARP1,VIC1,GENERATOR,1.0531496062992127,V>>X1_WBBA_RCX9
V-S-MNSP1,I-BURC_X1,YATSF1,VIC1,GENERATOR,1.0,V>>X1_WBBA_RCX9
V-S-MNSP1,I-HYSE,MCKAY1,VIC1,GENERATOR,1.0718113612004287,V::N_HYSE_V1
V-S-MNSP1,I-HYSE,DARTM1,VIC1,GENERATOR,1.0718113612004287,V::N_HYSE_V1
V-S-MNSP1,I-HYSE,WKIEWA1,VIC1,GENERATOR,1.0718113612004287,V::N_HYSE_V2
V-S-MNSP1,I-HYSE,MURRAY,VIC1,GENERATOR,0.8910191725529768,V::N_HYSE_S2
V-S-MNSP1,I-HYSE,GLENSF1,VIC1,GENERATOR,0.42885973763874874,V::N_HYSE_S2
V-S-MNSP1,I-HYSE,ELAINWF1,VIC1,GENERATOR,0.42885973763874874,V::N_HYSE_S2
V-S-MNSP1,I-HYSE,GANNSF1,VIC1,GENERATOR,0.42885973763874874,V::N_HYSE_S2
V-S-MNSP1,I-HYSE,COHUNSF1,VIC1,GENERATOR,0.42885973763874874,V::N_HYSE_S2
V-S-MNSP1,I-HYSE,RANGEB1,VIC1,BIDIRECTIONAL,0.42885973763874874,V::N_HYSE_S2
V-S-MNSP1,I-HYSE,BULBES1,VIC1,BIDIRECTIONAL,0.42885973763874874,V::N_HYSE_S2
V-S-MNSP1,I-LTMS,GUTHEGA,NSW1,GENERATOR,-5.05050505050505,V>>66_65_060
V-S-MNSP1,I-LTMS,STWF1,NSW1,GENERATOR,-3.6767676767676765,V>>66_65_060
V-S-MNSP1,I-LTMS,BROKENH1,NSW1,GENERATOR,-3.6767676767676765,V>>66_65_060
V-S-MNSP1,I-LTMS,BHB1,NSW1,BIDIRECTIONAL,-3.6767676767676765,V>>66_65_060
V-S-MNSP1,I-LTMS,HUMEV,VIC1,GENERATOR,3.4965034965034967,V>>66_DDWO_MSUT
V-S-MNSP1,I-LTMS,MURRAY,VIC1,GENERATOR,3.4602076124567476,V>>66_MSDD2_MSDD1_S
V-S-MNSP1,I-LTMS,LIMBESS1,NSW1,BIDIRECTIONAL,-2.6666666666666665,V>>66_65_060
V-S-MNSP1,I-LTMS,LIMOSF21,NSW1,GENERATOR,-2.6666666666666665,V>>66_65_060
V-S-MNSP1,I-LTMS,SUNRSF1,NSW1,GENERATOR,-2.6666666666666665,V>>66_65_060
V-S-MNSP1,I-LTMS,LIMOSF11,NSW1,GENERATOR,-2.6666666666666665,V>>66_65_060
V-S-MNSP1,I-MURRAY_SRAS_R,NUMURSF1,VIC1,GENERATOR,-6.329113924050633,V>>SRAS_SHBE_DDSM
V-S-MNSP1,I-MURRAY_SRAS_R,GIRGSF,VIC1,GENERATOR,-6.329113924050633,V>>SRAS_SHBE_DDSM
V-S-MNSP1,I-MURRAY_SRAS_R,WUNUSF1,VIC1,GENERATOR,-6.329113924050633,V>>SRAS_SHBE_DDSM
V-S-MNSP1,I-MURRAY_SRAS_R,LANCSF1,VIC1,GENERATOR,-6.329113924050633,V>>SRAS_SHBE_DDSM
V-S-MNSP1,I-MURRAY_SRAS_R,PLBESS1,VIC1,BIDIRECTIONAL,-6.151898734177215,V>>SRAS_SHBE_DDSM
V-S-MNSP1,I-MURRAY_SRAS_R,GOESF1,VIC1,GENERATOR,-5.715189873417722,V>>SRAS_SHBE_DDSM
V-S-MNSP1,I-MURRAY_SRAS_R,GLENSF1,VIC1,GENERATOR,-5.455696202531645,V>>SRAS_SHBE_DDSM
V-S-MNSP1,I-MURRAY_SRAS_R,GLRWNSF1,VIC1,GENERATOR,-5.379746835443038,V>>SRAS_SHBE_DDSM
V-S-MNSP1,I-MURRAY_SRAS_R,MOKOSF1,VIC1,GENERATOR,-5.379746835443038,V>>SRAS_SHBE_DDSM
V-S-MNSP1,I-MURRAY_SRAS_R,WINTSF1,VIC1,GENERATOR,-5.379746835443038,V>>SRAS_SHBE_DDSM
V-S-MNSP1,I-VS_HEY_600_TEST,KARSF1,VIC1,GENERATOR,1.0,VS_HEY_600_TEST
V-S-MNSP1,I-VS_HEY_600_TEST,YATSF1,VIC1,GENERATOR,1.0,VS_HEY_600_TEST
V-S-MNSP1,I-VS_HEY_600_TEST,CRWARP1,VIC1,GENERATOR,0.9548872180451128,VS_HEY_600_TEST
V-S-MNSP1,I-VS_HEY_600_TEST,BHB1,NSW1,BIDIRECTIONAL,0.9423558897243107,VS_HEY_600_TEST
V-S-MNSP1,I-VS_HEY_600_TEST,BROKENH1,NSW1,GENERATOR,0.9423558897243107,VS_HEY_600_TEST
V-S-MNSP1,I-VS_HEY_600_TEST,STWF1,NSW1,GENERATOR,0.9423558897243107,VS_HEY_600_TEST
V-S-MNSP1,I-VS_HEY_600_TEST,WEMENSF1,VIC1,GENERATOR,0.869674185463659,VS_HEY_600_TEST
V-S-MNSP1,I-VS_HEY_600_TEST,BANN1,VIC1,GENERATOR,0.869674185463659,VS_HEY_600_TEST
V-S-MNSP1,I-VS_HEY_600_TEST,KIAMSF1,VIC1,GENERATOR,0.8270676691729323,VS_HEY_600_TEST
V-S-MNSP1,I-VS_HEY_600_TEST,LIMOSF11,NSW1,GENERATOR,0.6716791979949874,VS_HEY_600_TEST
V-S-MNSP1,I-X_64_DDSM,GUTHEGA,NSW1,GENERATOR,-6.329113924050633,N>>V_64_66_NIL_S
V-S-MNSP1,I-X_64_DDSM,HUMEV,VIC1,GENERATOR,5.0,V>>DDSM_DDTX2_DDSM
V-S-MNSP1,I-X_64_DDSM,MURRAY,VIC1,GENERATOR,4.9799999999999995,V>>DDSM_DDTX3_DDSM
V-S-MNSP1,I-X_64_DDSM,BROKENH1,NSW1,GENERATOR,-3.87,V>>DDSM_DDTX3_DDSM
V-S-MNSP1,I-X_64_DDSM,BHB1,NSW1,BIDIRECTIONAL,-3.87,V>>DDSM_DDTX1_DDSM
V-S-MNSP1,I-X_64_DDSM,STWF1,NSW1,GENERATOR,-3.87,V>>DDSM_DDTX1_DDSM
V-S-MNSP1,I-X_64_DDSM,EILDON1,VIC1,GENERATOR,3.846153846153846,V>>DDSM_EPTT_DDSM
V-S-MNSP1,I-X_64_DDSM,EILDON2,VIC1,GENERATOR,3.846153846153846,V>>DDSM_EPTT_DDSM
V-S-MNSP1,I-X_64_DDSM,UPPTUMUT,NSW1,GENERATOR,-3.6455696202531644,N>>V_64_66_NIL_S
V-S-MNSP1,I-X_64_DDSM,TUMUT3-4,SNOWY1,GENERATOR,-3.0949367088607596,N>>V_64_66_NIL_S
V-S-MNSP1,I-X_6F_KMRC,DARTM1,VIC1,GENERATOR,1.821138211382114,V::N_KMRC_V2
V-S-MNSP1,I-X_6F_KMRC,MCKAY1,VIC1,GENERATOR,1.821138211382114,V::N_KMRC_V2
V-S-MNSP1,I-X_6F_KMRC,WKIEWA1,VIC1,GENERATOR,1.821138211382114,V::N_KMRC_V2
V-S-MNSP1,I-X_6F_KMRC,MURRAY,VIC1,GENERATOR,1.5975609756097562,V::N_KMRC_V2
V-S-MNSP1,I-X_6F_KMRC,STWF1,NSW1,GENERATOR,1.0,V>>6F_KMRC_X3_BEKG
V-S-MNSP1,I-X_6F_KMRC,BHB1,NSW1,BIDIRECTIONAL,1.0,V>>6F_KMRC_X3_BEKG
V-S-MNSP1,I-X_6F_KMRC,YATSF1,VIC1,GENERATOR,1.0,V>>6F_KMRC_WERC_X3
V-S-MNSP1,I-X_6F_KMRC,KARSF1,VIC1,GENERATOR,1.0,V>>6F_KMRC_KGKO_X3
V-S-MNSP1,I-X_6F_KMRC,KESSB1,VIC1,BIDIRECTIONAL,1.0,V>>6F_KMRC_KGKO_X3
V-S-MNSP1,I-X_6F_KMRC,WEMENSF1,VIC1,GENERATOR,1.0,V>>6F_KMRC_DPTX_KGBE
V-S-MNSP1,I-X_BABU_BURC,BROKENH1,NSW1,GENERATOR,-2.9322916666666665,V^^N_BADP_1
V-S-MNSP1,I-X_BABU_BURC,BHB1,NSW1,BIDIRECTIONAL,-2.9322916666666665,V^^N_BADP_1
V-S-MNSP1,I-X_BABU_BURC,LIMOSF21,NSW1,GENERATOR,-2.9322916666666665,V^^N_BADP_1
V-S-MNSP1,I-X_BABU_BURC,STWF1,NSW1,GENERATOR,-2.9322916666666665,V^^N_BADP_1
V-S-MNSP1,I-X_BABU_BURC,LIMOSF11,NSW1,GENERATOR,-2.9322916666666665,V^^N_BADP_1
V-S-MNSP1,I-X_BABU_BURC,SUNRSF1,NSW1,GENERATOR,-2.9322916666666665,V^^N_BADP_1
V-S-MNSP1,I-X_BABU_BURC,CRWASF1,NSW1,GENERATOR,-2.8645833333333335,V^^N_BADP_1
V-S-MNSP1,I-X_BABU_BURC,COLEASF1,NSW1,GENERATOR,-2.8645833333333335,V^^N_BADP_1
V-S-MNSP1,I-X_BABU_BURC,HILLSTN1,NSW1,GENERATOR,-2.8645833333333335,V^^N_BADP_1
V-S-MNSP1,I-X_BABU_BURC,DARLSF1,NSW1,GENERATOR,-2.8645833333333335,V^^N_BADP_1
V-S-MNSP1,I-X_BDBU+HYSE,MCKAY1,VIC1,GENERATOR,1.0718113612004287,V::N_HYSE_V1
V-S-MNSP1,I-X_BDBU+HYSE,DARTM1,VIC1,GENERATOR,1.0718113612004287,V::N_HYSE_V1
V-S-MNSP1,I-X_BDBU+HYSE,WKIEWA1,VIC1,GENERATOR,1.0718113612004287,V::N_HYSE_V2
V-S-MNSP1,I-X_BDBU+HYSE,MURRAY,VIC1,GENERATOR,0.8910191725529768,V::N_HYSE_S2
V-S-MNSP1,I-X_BDBU+HYSE,GLENSF1,VIC1,GENERATOR,0.42885973763874874,V::N_HYSE_S2
V-S-MNSP1,I-X_BDBU+HYSE,ELAINWF1,VIC1,GENERATOR,0.42885973763874874,V::N_HYSE_S2
V-S-MNSP1,I-X_BDBU+HYSE,GANNSF1,VIC1,GENERATOR,0.42885973763874874,V::N_HYSE_S2
V-S-MNSP1,I-X_BDBU+HYSE,COHUNSF1,VIC1,GENERATOR,0.42885973763874874,V::N_HYSE_S2
V-S-MNSP1,I-X_BDBU+HYSE,RANGEB1,VIC1,BIDIRECTIONAL,0.42885973763874874,V::N_HYSE_S2
V-S-MNSP1,I-X_BDBU+HYSE,BULBES1,VIC1,BIDIRECTIONAL,0.42885973763874874,V::N_HYSE_S2
V-S-MNSP1,N-BABU,BROKENH1,NSW1,GENERATOR,-2.9322916666666665,V^^N_BADP_1
V-S-MNSP1,N-BABU,BHB1,NSW1,BIDIRECTIONAL,-2.9322916666666665,V^^N_BADP_1
V-S-MNSP1,N-BABU,STWF1,NSW1,GENERATOR,-2.9322916666666665,V^^N_BADP_1
V-S-MNSP1,N-BABU,LIMOSF21,NSW1,GENERATOR,-2.9322916666666665,V^^N_BADP_1
V-S-MNSP1,N-BABU,SUNRSF1,NSW1,GENERATOR,-2.9322916666666665,V^^N_BADP_1
V-S-MNSP1,N-BABU,LIMOSF11,NSW1,GENERATOR,-2.9322916666666665,V^^N_BADP_1
V-S-MNSP1,N-BABU,CRWASF1,NSW1,GENERATOR,-2.8645833333333335,V^^N_BADP_1
V-S-MNSP1,N-BABU,COLEASF1,NSW1,GENERATOR,-2.8645833333333335,V^^N_BADP_1
V-S-MNSP1,N-BABU,HILLSTN1,NSW1,GENERATOR,-2.8645833333333335,V^^N_BADP_1
V-S-MNSP1,N-BABU,DARLSF1,NSW1,GENERATOR,-2.8645833333333335,V^^N_BADP_1
V-S-MNSP1,N-BADP,BROKENH1,NSW1,GENERATOR,-2.9322916666666665,V^^N_BADP_1
V-S-MNSP1,N-BADP,BHB1,NSW1,BIDIRECTIONAL,-2.9322916666666665,V^^N_BADP_1
V-S-MNSP1,N-BADP,STWF1,NSW1,GENERATOR,-2.9322916666666665,V^^N_BADP_1
V-S-MNSP1,N-BADP,LIMOSF21,NSW1,GENERATOR,-2.9322916666666665,V^^N_BADP_1
V-S-MNSP1,N-BADP,SUNRSF1,NSW1,GENERATOR,-2.9322916666666665,V^^N_BADP_1
V-S-MNSP1,N-BADP,LIMOSF11,NSW1,GENERATOR,-2.9322916666666665,V^^N_BADP_1
V-S-MNSP1,N-BADP,CRWASF1,NSW1,GENERATOR,-2.8645833333333335,V^^N_BADP_1
V-S-MNSP1,N-BADP,COLEASF1,NSW1,GENERATOR,-2.8645833333333335,V^^N_BADP_1
V-S-MNSP1,N-BADP,HILLSTN1,NSW1,GENERATOR,-2.8645833333333335,V^^N_BADP_1
V-S-MNSP1,N-BADP,DARLSF1,NSW1,GENERATOR,-2.8645833333333335,V^^N_BADP_1
V-S-MNSP1,N-BJYS_970,WSTWYSF1,NSW1,GENERATOR,7.042253521126761,N>>970_990_051
V-S-MNSP1,N-BJYS_970,WAGGNSF1,NSW1,GENERATOR,7.042253521126761,N>>970_990_051
V-S-MNSP1,N-BJYS_970,BOMENSF1,NSW1,GENERATOR,7.042253521126761,N>>970_990_051
V-S-MNSP1,N-BJYS_970,SEBSF1,NSW1,GENERATOR,7.042253521126761,N>>970_990_051
V-S-MNSP1,N-BJYS_970,JUNEESF1,NSW1,GENERATOR,7.042253521126761,N>>970_990_051
V-S-MNSP1,N-BJYS_970,WYASF1,NSW1,GENERATOR,7.042253521126761,N>>970_990_051
V-S-MNSP1,N-BJYS_970,BLOWERNG,NSW1,GENERATOR,6.838028169014085,N>>970_990_051
V-S-MNSP1,N-BJYS_970,URANQ12,NSW1,GENERATOR,6.73943661971831,N>>970_990_051
V-S-MNSP1,N-BJYS_970,URANQ11,NSW1,GENERATOR,6.73943661971831,N>>970_990_051
V-S-MNSP1,N-BJYS_970,URANQ14,NSW1,GENERATOR,6.73943661971831,N>>970_990_051
V-S-MNSP1,N-BU_7118,LIMOSF21,NSW1,GENERATOR,-2.5125628140703515,N>>BU_7118_X3_NIL_E
V-S-MNSP1,N-BU_7118,LIMBESS1,NSW1,BIDIRECTIONAL,-2.5125628140703515,N>>BU_7118_X3_NIL_E
V-S-MNSP1,N-BU_7118,SUNRSF1,NSW1,GENERATOR,-2.5125628140703515,N>>BU_7118_X3_NIL_E
V-S-MNSP1,N-BU_7118,LIMOSF11,NSW1,GENERATOR,-2.5125628140703515,N>>BU_7118_X3_NIL_E
V-S-MNSP1,N-BU_7118,STWF1,NSW1,GENERATOR,1.3467336683417086,N>>BU_7118_X3_NIL_E
V-S-MNSP1,N-BU_7118,BHB1,NSW1,BIDIRECTIONAL,1.3467336683417086,N>>BU_7118_X3_NIL_E
V-S-MNSP1,N-BU_7118,BROKENH1,NSW1,GENERATOR,1.3467336683417086,N>>BU_7118_X3_NIL_E
V-S-MNSP1,N-BU_7118,YATSF1,VIC1,GENERATOR,1.0,N>>BU_7118_X3_NIL_E
V-S-MNSP1,N-BU_7118,KARSF1,VIC1,GENERATOR,1.0,N>>BU_7118_X3_NIL_E
V-S-MNSP1,N-BU_7118,WEMENSF1,VIC1,GENERATOR,0.8618090452261307,N>>BU_7118_X3_NIL_E
V-S-MNSP1,N-CLDE_99L_C,HILLSTN1,NSW1,GENERATOR,3.332222592469177,N>>99L_99D_63
V-S-MNSP1,N-CLDE_99L_C,COLEASF1,NSW1,GENERATOR,3.332222592469177,N>>99L_99D_63
V-S-MNSP1,N-CLDE_99L_C,RIVNB2,NSW1,BIDIRECTIONAL,3.3312229256914367,N>>99L_99D_63
V-S-MNSP1,N-CLDE_99L_C,RESS1,NSW1,BIDIRECTIONAL,3.3312229256914367,N>>99L_99D_63
V-S-MNSP1,N-CLDE_99L_C,DPNTB1,NSW1,BIDIRECTIONAL,3.3312229256914367,N>>99L_99D_63
V-S-MNSP1,N-CLDE_99L_C,LIMBESS1,NSW1,BIDIRECTIONAL,1.931356214595135,N>>99L_99D_63
V-S-MNSP1,N-CLDE_99L_C,LIMOSF21,NSW1,GENERATOR,1.931356214595135,N>>99L_99D_63
V-S-MNSP1,N-CLDE_99L_C,BHB1,NSW1,BIDIRECTIONAL,1.2892369210263248,N>>99L_99D_63
V-S-MNSP1,N-CLDE_99L_C,YATSF1,VIC1,GENERATOR,1.0,N>>99L_99D_63
V-S-MNSP1,N-CLDE_99L_C,KARSF1,VIC1,GENERATOR,1.0,N>>99L_99D_63
V-S-MNSP1,N-CNLT_07,BROKENH1,NSW1,GENERATOR,-2.9322916666666665,V^^N_CNLT_1
V-S-MNSP1,N-CNLT_07,BHB1,NSW1,BIDIRECTIONAL,-2.9322916666666665,V^^N_CNLT_1
V-S-MNSP1,N-CNLT_07,STWF1,NSW1,GENERATOR,-2.9322916666666665,V^^N_CNLT_1
V-S-MNSP1,N-CNLT_07,LIMOSF21,NSW1,GENERATOR,-2.9322916666666665,V^^N_CNLT_1
V-S-MNSP1,N-CNLT_07,SUNRSF1,NSW1,GENERATOR,-2.9322916666666665,V^^N_CNLT_1
V-S-MNSP1,N-CNLT_07,LIMOSF11,NSW1,GENERATOR,-2.9322916666666665,V^^N_CNLT_1
V-S-MNSP1,N-CNLT_07,CRWASF1,NSW1,GENERATOR,-2.8645833333333335,V^^N_CNLT_1
V-S-MNSP1,N-CNLT_07,COLEASF1,NSW1,GENERATOR,-2.8645833333333335,V^^N_CNLT_1
V-S-MNSP1,N-CNLT_07,HILLSTN1,NSW1,GENERATOR,-2.8645833333333335,V^^N_CNLT_1
V-S-MNSP1,N-CNLT_07,DARLSF1,NSW1,GENERATOR,-2.8645833333333335,V^^N_CNLT_1
V-S-MNSP1,N-CTMN_4_WG_CLOSE,BROKENH1,NSW1,GENERATOR,-2.9322916666666665,V^^N_CTMN_1
V-S-MNSP1,N-CTMN_4_WG_CLOSE,BHB1,NSW1,BIDIRECTIONAL,-2.9322916666666665,V^^N_CTMN_1
V-S-MNSP1,N-CTMN_4_WG_CLOSE,STWF1,NSW1,GENERATOR,-2.9322916666666665,V^^N_CTMN_1
V-S-MNSP1,N-CTMN_4_WG_CLOSE,LIMOSF21,NSW1,GENERATOR,-2.9322916666666665,V^^N_CTMN_1
V-S-MNSP1,N-CTMN_4_WG_CLOSE,SUNRSF1,NSW1,GENERATOR,-2.9322916666666665,V^^N_CTMN_1
V-S-MNSP1,N-CTMN_4_WG_CLOSE,LIMOSF11,NSW1,GENERATOR,-2.9322916666666665,V^^N_CTMN_1
V-S-MNSP1,N-CTMN_4_WG_CLOSE,CRWASF1,NSW1,GENERATOR,-2.8645833333333335,V^^N_CTMN_1
V-S-MNSP1,N-CTMN_4_WG_CLOSE,COLEASF1,NSW1,GENERATOR,-2.8645833333333335,V^^N_CTMN_1
V-S-MNSP1,N-CTMN_4_WG_CLOSE,HILLSTN1,NSW1,GENERATOR,-2.8645833333333335,V^^N_CTMN_1
V-S-MNSP1,N-CTMN_4_WG_CLOSE,DARLSF1,NSW1,GENERATOR,-2.8645833333333335,V^^N_CTMN_1
V-S-MNSP1,N-DPWG_63_X5,BROKENH1,NSW1,GENERATOR,-2.9322916666666665,V^^N_DPWG_X5_1
V-S-MNSP1,N-DPWG_63_X5,BHB1,NSW1,BIDIRECTIONAL,-2.9322916666666665,V^^N_DPWG_X5_1
V-S-MNSP1,N-DPWG_63_X5,STWF1,NSW1,GENERATOR,-2.9322916666666665,V^^N_DPWG_X5_1
V-S-MNSP1,N-DPWG_63_X5,LIMOSF11,NSW1,GENERATOR,-2.9322916666666665,V^^N_DPWG_X5_1
V-S-MNSP1,N-DPWG_63_X5,LIMOSF21,NSW1,GENERATOR,-2.9322916666666665,V^^N_DPWG_X5_1
V-S-MNSP1,N-DPWG_63_X5,SUNRSF1,NSW1,GENERATOR,-2.9322916666666665,V^^N_DPWG_X5_1
V-S-MNSP1,N-DPWG_63_X5,CRWASF1,NSW1,GENERATOR,-2.8645833333333335,V^^N_DPWG_X5_1
V-S-MNSP1,N-DPWG_63_X5,COLEASF1,NSW1,GENERATOR,-2.8645833333333335,V^^N_DPWG_X5_1
V-S-MNSP1,N-DPWG_63_X5,HILLSTN1,NSW1,GENERATOR,-2.8645833333333335,V^^N_DPWG_X5_1
V-S-MNSP1,N-DPWG_63_X5,DARLSF1,NSW1,GENERATOR,-2.8645833333333335,V^^N_DPWG_X5_1
V-S-MNSP1,N-DTKV_18_WG_CLOSE,BROKENH1,NSW1,GENERATOR,-2.9322916666666665,V^^N_DTKV_1
V-S-MNSP1,N-DTKV_18_WG_CLOSE,BHB1,NSW1,BIDIRECTIONAL,-2.9322916666666665,V^^N_DTKV_1
V-S-MNSP1,N-DTKV_18_WG_CLOSE,STWF1,NSW1,GENERATOR,-2.9322916666666665,V^^N_DTKV_1
V-S-MNSP1,N-DTKV_18_WG_CLOSE,LIMOSF21,NSW1,GENERATOR,-2.9322916666666665,V^^N_DTKV_1
V-S-MNSP1,N-DTKV_18_WG_CLOSE,SUNRSF1,NSW1,GENERATOR,-2.9322916666666665,V^^N_DTKV_1
V-S-MNSP1,N-DTKV_18_WG_CLOSE,LIMOSF11,NSW1,GENERATOR,-2.9322916666666665,V^^N_DTKV_1
V-S-MNSP1,N-DTKV_18_WG_CLOSE,CRWASF1,NSW1,GENERATOR,-2.8645833333333335,V^^N_DTKV_1
V-S-MNSP1,N-DTKV_18_WG_CLOSE,COLEASF1,NSW1,GENERATOR,-2.8645833333333335,V^^N_DTKV_1
V-S-MNSP1,N-DTKV_18_WG_CLOSE,HILLSTN1,NSW1,GENERATOR,-2.8645833333333335,V^^N_DTKV_1
V-S-MNSP1,N-DTKV_18_WG_CLOSE,DARLSF1,NSW1,GENERATOR,-2.8645833333333335,V^^N_DTKV_1
V-S-MNSP1,N-DTMN_8_15M,BROKENH1,NSW1,GENERATOR,-2.9322916666666665,V^^N_DTMN_1
V-S-MNSP1,N-DTMN_8_15M,BHB1,NSW1,BIDIRECTIONAL,-2.9322916666666665,V^^N_DTMN_1
V-S-MNSP1,N-DTMN_8_15M,STWF1,NSW1,GENERATOR,-2.9322916666666665,V^^N_DTMN_1
V-S-MNSP1,N-DTMN_8_15M,LIMOSF21,NSW1,GENERATOR,-2.9322916666666665,V^^N_DTMN_1
V-S-MNSP1,N-DTMN_8_15M,SUNRSF1,NSW1,GENERATOR,-2.9322916666666665,V^^N_DTMN_1
V-S-MNSP1,N-DTMN_8_15M,LIMOSF11,NSW1,GENERATOR,-2.9322916666666665,V^^N_DTMN_1
V-S-MNSP1,N-DTMN_8_15M,CRWASF1,NSW1,GENERATOR,-2.8645833333333335,V^^N_DTMN_1
V-S-MNSP1,N-DTMN_8_15M,COLEASF1,NSW1,GENERATOR,-2.8645833333333335,V^^N_DTMN_1
V-S-MNSP1,N-DTMN_8_15M,HILLSTN1,NSW1,GENERATOR,-2.8645833333333335,V^^N_DTMN_1
V-S-MNSP1,N-DTMN_8_15M,DARLSF1,NSW1,GENERATOR,-2.8645833333333335,V^^N_DTMN_1
V-S-MNSP1,N-DTSS_11,BROKENH1,NSW1,GENERATOR,-2.9322916666666665,V^^N_DTSS_1
V-S-MNSP1,N-DTSS_11,BHB1,NSW1,BIDIRECTIONAL,-2.9322916666666665,V^^N_DTSS_1
V-S-MNSP1,N-DTSS_11,STWF1,NSW1,GENERATOR,-2.9322916666666665,V^^N_DTSS_1
V-S-MNSP1,N-DTSS_11,LIMOSF21,NSW1,GENERATOR,-2.9322916666666665,V^^N_DTSS_1
V-S-MNSP1,N-DTSS_11,SUNRSF1,NSW1,GENERATOR,-2.9322916666666665,V^^N_DTSS_1
V-S-MNSP1,N-DTSS_11,LIMOSF11,NSW1,GENERATOR,-2.9322916666666665,V^^N_DTSS_1
V-S-MNSP1,N-DTSS_11,CRWASF1,NSW1,GENERATOR,-2.8645833333333335,V^^N_DTSS_1
V-S-MNSP1,N-DTSS_11,COLEASF1,NSW1,GENERATOR,-2.8645833333333335,V^^N_DTSS_1
V-S-MNSP1,N-DTSS_11,HILLSTN1,NSW1,GENERATOR,-2.8645833333333335,V^^N_DTSS_1
V-S-MNSP1,N-DTSS_11,DARLSF1,NSW1,GENERATOR,-2.8645833333333335,V^^N_DTSS_1
V-S-MNSP1,N-GFYC-99J-C,HILLSTN1,NSW1,GENERATOR,4.62962962962963,N>>99J_99D_63
V-S-MNSP1,N-GFYC-99J-C,RESS1,NSW1,BIDIRECTIONAL,4.62962962962963,N>>99J_99D_63
V-S-MNSP1,N-GFYC-99J-C,RIVNB2,NSW1,BIDIRECTIONAL,4.62962962962963,N>>99J_99D_63
V-S-MNSP1,N-GFYC-99J-C,DPNTB1,NSW1,BIDIRECTIONAL,4.62962962962963,N>>99J_99D_63
V-S-MNSP1,N-GFYC-99J-C,COLEASF1,NSW1,GENERATOR,4.412037037037037,N>>99J_99D_63
V-S-MNSP1,N-GFYC-99J-C,LIMBESS1,NSW1,BIDIRECTIONAL,2.4027777777777777,N>>99J_99D_63
V-S-MNSP1,N-GFYC-99J-C,LIMOSF21,NSW1,GENERATOR,2.4027777777777777,N>>99J_99D_63
V-S-MNSP1,N-GFYC-99J-C,AVLSF1,NSW1,GENERATOR,-1.8981481481481481,N>>99J_99D_63
V-S-MNSP1,N-GFYC-99J-C,BHB1,NSW1,BIDIRECTIONAL,1.3842592592592593,N>>99J_99D_63
V-S-MNSP1,N-GFYC-99J-C,FINLYSF1,NSW1,GENERATOR,1.1712962962962963,N>>99J_99D_63
V-S-MNSP1,N-JNWG_RADIAL,BROKENH1,NSW1,GENERATOR,-2.9322916666666665,V^^N_JNWG_1
V-S-MNSP1,N-JNWG_RADIAL,BHB1,NSW1,BIDIRECTIONAL,-2.9322916666666665,V^^N_JNWG_1
V-S-MNSP1,N-JNWG_RADIAL,STWF1,NSW1,GENERATOR,-2.9322916666666665,V^^N_JNWG_1
V-S-MNSP1,N-JNWG_RADIAL,LIMOSF11,NSW1,GENERATOR,-2.9322916666666665,V^^N_BADP_1
V-S-MNSP1,N-JNWG_RADIAL,LIMOSF21,NSW1,GENERATOR,-2.9322916666666665,V^^N_JNWG_1
V-S-MNSP1,N-JNWG_RADIAL,SUNRSF1,NSW1,GENERATOR,-2.9322916666666665,V^^N_JNWG_1
V-S-MNSP1,N-JNWG_RADIAL,CRWASF1,NSW1,GENERATOR,-2.8645833333333335,V^^N_JNWG_1
V-S-MNSP1,N-JNWG_RADIAL,FINLYSF1,NSW1,GENERATOR,-2.8645833333333335,V^^N_JNWG_1
V-S-MNSP1,N-JNWG_RADIAL,WYASF1,NSW1,GENERATOR,-2.8645833333333335,V^^N_JNWG_1
V-S-MNSP1,N-JNWG_RADIAL,WAGGNSF1,NSW1,GENERATOR,-2.8645833333333335,V^^N_JNWG_1
V-S-MNSP1,N-LTUT_64_15M,GUTHEGA,NSW1,GENERATOR,-6.329113924050633,N>>V_64_66_NIL_S
V-S-MNSP1,N-LTUT_64_15M,UPPTUMUT,NSW1,GENERATOR,-3.6455696202531644,N>>V_64_66_NIL_S
V-S-MNSP1,N-LTUT_64_15M,BROKENH1,NSW1,GENERATOR,-3.430379746835443,N>>V_64_66_NIL_S
V-S-MNSP1,N-LTUT_64_15M,STWF1,NSW1,GENERATOR,-3.430379746835443,N>>V_64_66_NIL_S
V-S-MNSP1,N-LTUT_64_15M,BHB1,NSW1,BIDIRECTIONAL,-3.430379746835443,N>>V_64_66_NIL_S
V-S-MNSP1,N-LTUT_64_15M,TUMUT3-4,SNOWY1,GENERATOR,-3.0949367088607596,N>>V_64_66_NIL_S
V-S-MNSP1,N-LTUT_64_15M,TUMUT3-3,SNOWY1,GENERATOR,-3.0949367088607596,N>>V_64_66_NIL_S
V-S-MNSP1,N-LTUT_64_15M,TUMUT3,NSW1,GENERATOR,3.0949367088607596,N>>V_64_66_NIL_S
V-S-MNSP1,N-LTUT_64_15M,SNOWYP,NSW1,LOAD,-3.0949367088607596,N>>V_64_66_NIL_S
V-S-MNSP1,N-LTUT_64_15M,LIMOSF21,NSW1,GENERATOR,-2.9322916666666665,V^^N_LTUT_1
V-S-MNSP1,N-LTWG_63,WKIEWA1,VIC1,GENERATOR,1.0718113612004287,V::N_LTWG_V2
V-S-MNSP1,N-LTWG_63,MCKAY1,VIC1,GENERATOR,1.0718113612004287,V::N_LTWG_V2
V-S-MNSP1,N-LTWG_63,DARTM1,VIC1,GENERATOR,1.0718113612004287,V::N_LTWG_V2
V-S-MNSP1,N-LTWG_63,MURRAY,VIC1,GENERATOR,0.8910191725529768,V::N_LTWG_S1
V-S-MNSP1,N-LTWG_63,MACARTH1,VIC1,GENERATOR,0.42885973763874874,V::N_LTWG_S2
V-S-MNSP1,N-LTWG_63,OAKLAND1,VIC1,GENERATOR,0.42885973763874874,V::N_LTWG_S2
V-S-MNSP1,N-LTWG_63,HD1WF1,VIC1,GENERATOR,0.42885973763874874,V::N_LTWG_S2
V-S-MNSP1,N-LTWG_63,RYANCWF1,VIC1,GENERATOR,0.42885973763874874,V::N_LTWG_S2
V-S-MNSP1,N-LTWG_63,TRGBESS1,VIC1,BIDIRECTIONAL,0.42885973763874874,V::N_LTWG_S2
V-S-MNSP1,N-LTWG_63,SALTCRK1,VIC1,GENERATOR,0.42885973763874874,V::N_LTWG_S2
V-S-MNSP1,N-LTWG_RADIAL,STWF1,NSW1,GENERATOR,-2.9322916666666665,V^^N_BADP_1
V-S-MNSP1,N-LTWG_RADIAL,SUNRSF1,NSW1,GENERATOR,-2.9322916666666665,V^^N_BADP_1
V-S-MNSP1,N-LTWG_RADIAL,LIMOSF11,NSW1,GENERATOR,-2.9322916666666665,V^^N_BADP_1
V-S-MNSP1,N-LTWG_RADIAL,LIMOSF21,NSW1,GENERATOR,-2.9322916666666665,V^^N_BADP_1
V-S-MNSP1,N-LTWG_RADIAL,BROKENH1,NSW1,GENERATOR,-2.9322916666666665,V^^N_BADP_1
V-S-MNSP1,N-LTWG_RADIAL,BHB1,NSW1,BIDIRECTIONAL,-2.9322916666666665,V^^N_BADP_1
V-S-MNSP1,N-LTWG_RADIAL,JEMALNG1,NSW1,GENERATOR,-2.8645833333333335,V^^N_BADP_1
V-S-MNSP1,N-LTWG_RADIAL,DARLSF1,NSW1,GENERATOR,-2.8645833333333335,V^^N_BADP_1
V-S-MNSP1,N-LTWG_RADIAL,BOMENSF1,NSW1,GENERATOR,-2.8645833333333335,V^^N_BADP_1
V-S-MNSP1,N-LTWG_RADIAL,WSTWYSF1,NSW1,GENERATOR,-2.8645833333333335,V^^N_BADP_1
V-S-MNSP1,N-LTWG_X5,STWF1,NSW1,GENERATOR,-2.9322916666666665,V^^N_BADP_1
V-S-MNSP1,N-LTWG_X5,SUNRSF1,NSW1,GENERATOR,-2.9322916666666665,V^^N_BADP_1
V-S-MNSP1,N-LTWG_X5,LIMOSF11,NSW1,GENERATOR,-2.9322916666666665,V^^N_BADP_1
V-S-MNSP1,N-LTWG_X5,LIMOSF21,NSW1,GENERATOR,-2.9322916666666665,V^^N_BADP_1
V-S-MNSP1,N-LTWG_X5,BROKENH1,NSW1,GENERATOR,-2.9322916666666665,V^^N_BADP_1
V-S-MNSP1,N-LTWG_X5,BHB1,NSW1,BIDIRECTIONAL,-2.9322916666666665,V^^N_BADP_1
V-S-MNSP1,N-LTWG_X5,JEMALNG1,NSW1,GENERATOR,-2.8645833333333335,V^^N_BADP_1
V-S-MNSP1,N-LTWG_X5,DARLSF1,NSW1,GENERATOR,-2.8645833333333335,V^^N_BADP_1
V-S-MNSP1,N-LTWG_X5,BOMENSF1,NSW1,GENERATOR,-2.8645833333333335,V^^N_BADP_1
V-S-MNSP1,N-LTWG_X5,WSTWYSF1,NSW1,GENERATOR,-2.8645833333333335,V^^N_BADP_1
V-S-MNSP1,N-WGNA_994_C,HILLSTN1,NSW1,GENERATOR,3.3444816053511706,N>>994_99F_63
V-S-MNSP1,N-WGNA_994_C,RESS1,NSW1,BIDIRECTIONAL,3.3444816053511706,N>>994_99F_63
V-S-MNSP1,N-WGNA_994_C,RIVNB2,NSW1,BIDIRECTIONAL,3.3444816053511706,N>>994_99F_63
V-S-MNSP1,N-WGNA_994_C,DPNTB1,NSW1,BIDIRECTIONAL,3.3444816053511706,N>>994_99F_63
V-S-MNSP1,N-WGNA_994_C,COLEASF1,NSW1,GENERATOR,3.1839464882943145,N>>994_99F_63
V-S-MNSP1,N-WGNA_994_C,LIMBESS1,NSW1,BIDIRECTIONAL,1.9464882943143813,N>>994_99F_63
V-S-MNSP1,N-WGNA_994_C,LIMOSF21,NSW1,GENERATOR,1.9464882943143813,N>>994_99F_63
V-S-MNSP1,N-WGNA_994_C,BHB1,NSW1,BIDIRECTIONAL,1.3043478260869565,N>>994_99F_63
V-S-MNSP1,N-WGNA_994_C,YATSF1,VIC1,GENERATOR,1.0,N>>994_99F_63
V-S-MNSP1,N-WGNA_994_C,KARSF1,VIC1,GENERATOR,1.0,N>>994_99F_63
V-S-MNSP1,N-WGWA_63,BROKENH1,NSW1,GENERATOR,-2.9322916666666665,V^^N_BADP_1
V-S-MNSP1,N-WGWA_63,SUNRSF1,NSW1,GENERATOR,-2.9322916666666665,V^^N_WGWA_63_1
V-S-MNSP1,N-WGWA_63,LIMOSF11,NSW1,GENERATOR,-2.9322916666666665,V^^N_WGWA_63_1
V-S-MNSP1,N-WGWA_63,LIMOSF21,NSW1,GENERATOR,-2.9322916666666665,V^^N_JNWG_1
V-S-MNSP1,N-WGWA_63,STWF1,NSW1,GENERATOR,-2.9322916666666665,V^^N_JNWG_1
V-S-MNSP1,N-WGWA_63,BHB1,NSW1,BIDIRECTIONAL,-2.9322916666666665,V^^N_JNWG_1
V-S-MNSP1,N-WGWA_63,WAGGNSF1,NSW1,GENERATOR,-2.8645833333333335,V^^N_JNWG_1
V-S-MNSP1,N-WGWA_63,DARLSF1,NSW1,GENERATOR,-2.8645833333333335,V^^N_JNWG_1
V-S-MNSP1,N-WGWA_63,JEMALNG1,NSW1,GENERATOR,-2.8645833333333335,V^^N_JNWG_1
V-S-MNSP1,N-WGWA_63,WSTWYSF1,NSW1,GENERATOR,-2.8645833333333335,V^^N_WGWA_63_1
V-S-MNSP1,N-WGWA_63_X5,BROKENH1,NSW1,GENERATOR,-2.9322916666666665,V^^N_JNWG_1
V-S-MNSP1,N-WGWA_63_X5,BHB1,NSW1,BIDIRECTIONAL,-2.9322916666666665,V^^N_JNWG_1
V-S-MNSP1,N-WGWA_63_X5,STWF1,NSW1,GENERATOR,-2.9322916666666665,V^^N_JNWG_1
V-S-MNSP1,N-WGWA_63_X5,LIMOSF11,NSW1,GENERATOR,-2.9322916666666665,V^^N_BADP_1
V-S-MNSP1,N-WGWA_63_X5,LIMOSF21,NSW1,GENERATOR,-2.9322916666666665,V^^N_JNWG_1
V-S-MNSP1,N-WGWA_63_X5,SUNRSF1,NSW1,GENERATOR,-2.9322916666666665,V^^N_JNWG_1
V-S-MNSP1,N-WGWA_63_X5,CRWASF1,NSW1,GENERATOR,-2.8645833333333335,V^^N_JNWG_1
V-S-MNSP1,N-WGWA_63_X5,FINLYSF1,NSW1,GENERATOR,-2.8645833333333335,V^^N_JNWG_1
V-S-MNSP1,N-WGWA_63_X5,WYASF1,NSW1,GENERATOR,-2.8645833333333335,V^^N_JNWG_1
V-S-MNSP1,N-WGWA_63_X5,WAGGNSF1,NSW1,GENERATOR,-2.8645833333333335,V^^N_JNWG_1
V-S-MNSP1,N-WGWA_RADIAL,STWF1,NSW1,GENERATOR,-2.9322916666666665,V^^N_JNWG_1
V-S-MNSP1,N-WGWA_RADIAL,BROKENH1,NSW1,GENERATOR,-2.9322916666666665,V^^N_JNWG_1
V-S-MNSP1,N-WGWA_RADIAL,BHB1,NSW1,BIDIRECTIONAL,-2.9322916666666665,V^^N_JNWG_1
V-S-MNSP1,N-WGWA_RADIAL,LIMOSF11,NSW1,GENERATOR,-2.9322916666666665,V^^N_BADP_1
V-S-MNSP1,N-WGWA_RADIAL,SUNRSF1,NSW1,GENERATOR,-2.9322916666666665,V^^N_BADP_1
V-S-MNSP1,N-WGWA_RADIAL,LIMOSF21,NSW1,GENERATOR,-2.9322916666666665,V^^N_BADP_1
V-S-MNSP1,N-WGWA_RADIAL,WYASF1,NSW1,GENERATOR,-2.8645833333333335,V^^N_BADP_1
V-S-MNSP1,N-WGWA_RADIAL,JUNEESF1,NSW1,GENERATOR,-2.8645833333333335,V^^N_BADP_1
V-S-MNSP1,N-WGWA_RADIAL,WAGGNSF1,NSW1,GENERATOR,-2.8645833333333335,V^^N_BADP_1
V-S-MNSP1,N-WGWA_RADIAL,BOMENSF1,NSW1,GENERATOR,-2.8645833333333335,V^^N_BADP_1
V-S-MNSP1,N-WGWA_X5,BROKENH1,NSW1,GENERATOR,-2.9322916666666665,V^^N_JNWG_1
V-S-MNSP1,N-WGWA_X5,BHB1,NSW1,BIDIRECTIONAL,-2.9322916666666665,V^^N_JNWG_1
V-S-MNSP1,N-WGWA_X5,STWF1,NSW1,GENERATOR,-2.9322916666666665,V^^N_JNWG_1
V-S-MNSP1,N-WGWA_X5,LIMOSF11,NSW1,GENERATOR,-2.9322916666666665,V^^N_BADP_1
V-S-MNSP1,N-WGWA_X5,LIMOSF21,NSW1,GENERATOR,-2.9322916666666665,V^^N_JNWG_1
V-S-MNSP1,N-WGWA_X5,SUNRSF1,NSW1,GENERATOR,-2.9322916666666665,V^^N_JNWG_1
V-S-MNSP1,N-WGWA_X5,CRWASF1,NSW1,GENERATOR,-2.8645833333333335,V^^N_JNWG_1
V-S-MNSP1,N-WGWA_X5,FINLYSF1,NSW1,GENERATOR,-2.8645833333333335,V^^N_JNWG_1
V-S-MNSP1,N-WGWA_X5,WYASF1,NSW1,GENERATOR,-2.8645833333333335,V^^N_JNWG_1
V-S-MNSP1,N-WGWA_X5,WAGGNSF1,NSW1,GENERATOR,-2.8645833333333335,V^^N_JNWG_1
V-S-MNSP1,N-WNMR_991,WSTWYSF1,NSW1,GENERATOR,7.4074074074074066,N>>991_990_051
V-S-MNSP1,N-WNMR_991,WAGGNSF1,NSW1,GENERATOR,7.4074074074074066,N>>991_990_051
V-S-MNSP1,N-WNMR_991,BOMENSF1,NSW1,GENERATOR,7.4074074074074066,N>>991_990_051
V-S-MNSP1,N-WNMR_991,SEBSF1,NSW1,GENERATOR,7.4074074074074066,N>>991_990_051
V-S-MNSP1,N-WNMR_991,JUNEESF1,NSW1,GENERATOR,7.4074074074074066,N>>991_990_051
V-S-MNSP1,N-WNMR_991,WYASF1,NSW1,GENERATOR,7.4074074074074066,N>>991_990_051
V-S-MNSP1,N-WNMR_991,URANQ11,NSW1,GENERATOR,6.785185185185185,N>>991_990_051
V-S-MNSP1,N-WNMR_991,URANQ12,NSW1,GENERATOR,6.785185185185185,N>>991_990_051
V-S-MNSP1,N-WNMR_991,URANQ13,NSW1,GENERATOR,6.785185185185185,N>>991_990_051
V-S-MNSP1,N-WNMR_991,URANQ14,NSW1,GENERATOR,6.785185185185185,N>>991_990_051
V-S-MNSP1,N-X_03+4_WG_CLOSE,BROKENH1,NSW1,GENERATOR,-2.9322916666666665,V^^N_03+4_1
V-S-MNSP1,N-X_03+4_WG_CLOSE,BHB1,NSW1,BIDIRECTIONAL,-2.9322916666666665,V^^N_03+4_1
V-S-MNSP1,N-X_03+4_WG_CLOSE,STWF1,NSW1,GENERATOR,-2.9322916666666665,V^^N_03+4_1
V-S-MNSP1,N-X_03+4_WG_CLOSE,LIMOSF21,NSW1,GENERATOR,-2.9322916666666665,V^^N_03+4_1
V-S-MNSP1,N-X_03+4_WG_CLOSE,SUNRSF1,NSW1,GENERATOR,-2.9322916666666665,V^^N_03+4_1
V-S-MNSP1,N-X_03+4_WG_CLOSE,LIMOSF11,NSW1,GENERATOR,-2.9322916666666665,V^^N_03+4_1
V-S-MNSP1,N-X_03+4_WG_CLOSE,CRWASF1,NSW1,GENERATOR,-2.8645833333333335,V^^N_03+4_1
V-S-MNSP1,N-X_03+4_WG_CLOSE,COLEASF1,NSW1,GENERATOR,-2.8645833333333335,V^^N_03+4_1
V-S-MNSP1,N-X_03+4_WG_CLOSE,HILLSTN1,NSW1,GENERATOR,-2.8645833333333335,V^^N_03+4_1
V-S-MNSP1,N-X_03+4_WG_CLOSE,DARLSF1,NSW1,GENERATOR,-2.8645833333333335,V^^N_03+4_1
V-S-MNSP1,N-X_051_X5,STWF1,NSW1,GENERATOR,-2.9322916666666665,V^^N_DPWG_X5_1
V-S-MNSP1,N-X_051_X5,SUNRSF1,NSW1,GENERATOR,-2.9322916666666665,V^^N_DPWG_X5_1
V-S-MNSP1,N-X_051_X5,LIMOSF11,NSW1,GENERATOR,-2.9322916666666665,V^^N_DPWG_X5_1
V-S-MNSP1,N-X_051_X5,LIMOSF21,NSW1,GENERATOR,-2.9322916666666665,V^^N_DPWG_X5_1
V-S-MNSP1,N-X_051_X5,BROKENH1,NSW1,GENERATOR,-2.9322916666666665,V^^N_DPWG_X5_1
V-S-MNSP1,N-X_051_X5,BHB1,NSW1,BIDIRECTIONAL,-2.9322916666666665,V^^N_DPWG_X5_1
V-S-MNSP1,N-X_051_X5,JEMALNG1,NSW1,GENERATOR,-2.8645833333333335,V^^N_DPWG_X5_1
V-S-MNSP1,N-X_051_X5,DARLSF1,NSW1,GENERATOR,-2.8645833333333335,V^^N_DPWG_X5_1
V-S-MNSP1,N-X_051_X5,BOMENSF1,NSW1,GENERATOR,-2.8645833333333335,V^^N_DPWG_X5_1
V-S-MNSP1,N-X_051_X5,WSTWYSF1,NSW1,GENERATOR,-2.8645833333333335,V^^N_DPWG_X5_1
V-S-MNSP1,N-X_2_5,BROKENH1,NSW1,GENERATOR,-2.9322916666666665,V^^N_2+5_1
V-S-MNSP1,N-X_2_5,BHB1,NSW1,BIDIRECTIONAL,-2.9322916666666665,V^^N_2+5_1
V-S-MNSP1,N-X_2_5,STWF1,NSW1,GENERATOR,-2.9322916666666665,V^^N_2+5_1
V-S-MNSP1,N-X_2_5,LIMOSF21,NSW1,GENERATOR,-2.9322916666666665,V^^N_2+5_1
V-S-MNSP1,N-X_2_5,SUNRSF1,NSW1,GENERATOR,-2.9322916666666665,V^^N_2+5_1
V-S-MNSP1,N-X_2_5,LIMOSF11,NSW1,GENERATOR,-2.9322916666666665,V^^N_2+5_1
V-S-MNSP1,N-X_2_5,CRWASF1,NSW1,GENERATOR,-2.8645833333333335,V^^N_2+5_1
V-S-MNSP1,N-X_2_5,COLEASF1,NSW1,GENERATOR,-2.8645833333333335,V^^N_2+5_1
V-S-MNSP1,N-X_2_5,HILLSTN1,NSW1,GENERATOR,-2.8645833333333335,V^^N_2+5_1
V-S-MNSP1,N-X_2_5,DARLSF1,NSW1,GENERATOR,-2.8645833333333335,V^^N_2+5_1
V-S-MNSP1,N-X_3L+07_WG_CLOSE,BROKENH1,NSW1,GENERATOR,-2.9322916666666665,V^^N_4+07_1
V-S-MNSP1,N-X_3L+07_WG_CLOSE,BHB1,NSW1,BIDIRECTIONAL,-2.9322916666666665,V^^N_4+07_1
V-S-MNSP1,N-X_3L+07_WG_CLOSE,STWF1,NSW1,GENERATOR,-2.9322916666666665,V^^N_4+07_1
V-S-MNSP1,N-X_3L+07_WG_CLOSE,LIMOSF21,NSW1,GENERATOR,-2.9322916666666665,V^^N_4+07_1
V-S-MNSP1,N-X_3L+07_WG_CLOSE,SUNRSF1,NSW1,GENERATOR,-2.9322916666666665,V^^N_4+07_1
V-S-MNSP1,N-X_3L+07_WG_CLOSE,LIMOSF11,NSW1,GENERATOR,-2.9322916666666665,V^^N_4+07_1
V-S-MNSP1,N-X_3L+07_WG_CLOSE,CRWASF1,NSW1,GENERATOR,-2.8645833333333335,V^^N_4+07_1
V-S-MNSP1,N-X_3L+07_WG_CLOSE,COLEASF1,NSW1,GENERATOR,-2.8645833333333335,V^^N_4+07_1
V-S-MNSP1,N-X_3L+07_WG_CLOSE,HILLSTN1,NSW1,GENERATOR,-2.8645833333333335,V^^N_4+07_1
V-S-MNSP1,N-X_3L+07_WG_CLOSE,DARLSF1,NSW1,GENERATOR,-2.8645833333333335,V^^N_4+07_1
V-S-MNSP1,N-X_3L+11_WG_CLOSE,BROKENH1,NSW1,GENERATOR,-2.9322916666666665,V^^N_3L+11_1
V-S-MNSP1,N-X_3L+11_WG_CLOSE,BHB1,NSW1,BIDIRECTIONAL,-2.9322916666666665,V^^N_3L+11_1
V-S-MNSP1,N-X_3L+11_WG_CLOSE,STWF1,NSW1,GENERATOR,-2.9322916666666665,V^^N_3L+11_1
V-S-MNSP1,N-X_3L+11_WG_CLOSE,LIMOSF21,NSW1,GENERATOR,-2.9322916666666665,V^^N_3L+11_1
V-S-MNSP1,N-X_3L+11_WG_CLOSE,SUNRSF1,NSW1,GENERATOR,-2.9322916666666665,V^^N_3L+11_1
V-S-MNSP1,N-X_3L+11_WG_CLOSE,LIMOSF11,NSW1,GENERATOR,-2.9322916666666665,V^^N_3L+11_1
V-S-MNSP1,N-X_3L+11_WG_CLOSE,CRWASF1,NSW1,GENERATOR,-2.8645833333333335,V^^N_3L+11_1
V-S-MNSP1,N-X_3L+11_WG_CLOSE,COLEASF1,NSW1,GENERATOR,-2.8645833333333335,V^^N_3L+11_1
V-S-MNSP1,N-X_3L+11_WG_CLOSE,HILLSTN1,NSW1,GENERATOR,-2.8645833333333335,V^^N_3L+11_1
V-S-MNSP1,N-X_3L+11_WG_CLOSE,DARLSF1,NSW1,GENERATOR,-2.8645833333333335,V^^N_3L+11_1
V-S-MNSP1,N-X_3L+2_WG_CLOSE,BROKENH1,NSW1,GENERATOR,-2.9322916666666665,V^^N_2+3L_1
V-S-MNSP1,N-X_3L+2_WG_CLOSE,BHB1,NSW1,BIDIRECTIONAL,-2.9322916666666665,V^^N_2+3L_1
V-S-MNSP1,N-X_3L+2_WG_CLOSE,STWF1,NSW1,GENERATOR,-2.9322916666666665,V^^N_2+3L_1
V-S-MNSP1,N-X_3L+2_WG_CLOSE,LIMOSF21,NSW1,GENERATOR,-2.9322916666666665,V^^N_2+3L_1
V-S-MNSP1,N-X_3L+2_WG_CLOSE,SUNRSF1,NSW1,GENERATOR,-2.9322916666666665,V^^N_2+3L_1
V-S-MNSP1,N-X_3L+2_WG_CLOSE,LIMOSF11,NSW1,GENERATOR,-2.9322916666666665,V^^N_2+3L_1
V-S-MNSP1,N-X_3L+2_WG_CLOSE,CRWASF1,NSW1,GENERATOR,-2.8645833333333335,V^^N_2+3L_1
V-S-MNSP1,N-X_3L+2_WG_CLOSE,COLEASF1,NSW1,GENERATOR,-2.8645833333333335,V^^N_2+3L_1
V-S-MNSP1,N-X_3L+2_WG_CLOSE,HILLSTN1,NSW1,GENERATOR,-2.8645833333333335,V^^N_2+3L_1
V-S-MNSP1,N-X_3L+2_WG_CLOSE,DARLSF1,NSW1,GENERATOR,-2.8645833333333335,V^^N_2+3L_1
V-S-MNSP1,N-X_4+07_WG_CLOSE,BROKENH1,NSW1,GENERATOR,-2.9322916666666665,V^^N_4+07_1
V-S-MNSP1,N-X_4+07_WG_CLOSE,BHB1,NSW1,BIDIRECTIONAL,-2.9322916666666665,V^^N_4+07_1
V-S-MNSP1,N-X_4+07_WG_CLOSE,STWF1,NSW1,GENERATOR,-2.9322916666666665,V^^N_4+07_1
V-S-MNSP1,N-X_4+07_WG_CLOSE,LIMOSF21,NSW1,GENERATOR,-2.9322916666666665,V^^N_4+07_1
V-S-MNSP1,N-X_4+07_WG_CLOSE,SUNRSF1,NSW1,GENERATOR,-2.9322916666666665,V^^N_4+07_1
V-S-MNSP1,N-X_4+07_WG_CLOSE,LIMOSF11,NSW1,GENERATOR,-2.9322916666666665,V^^N_4+07_1
V-S-MNSP1,N-X_4+07_WG_CLOSE,CRWASF1,NSW1,GENERATOR,-2.8645833333333335,V^^N_4+07_1
V-S-MNSP1,N-X_4+07_WG_CLOSE,COLEASF1,NSW1,GENERATOR,-2.8645833333333335,V^^N_4+07_1
V-S-MNSP1,N-X_4+07_WG_CLOSE,HILLSTN1,NSW1,GENERATOR,-2.8645833333333335,V^^N_4+07_1
V-S-MNSP1,N-X_4+07_WG_CLOSE,DARLSF1,NSW1,GENERATOR,-2.8645833333333335,V^^N_4+07_1
V-S-MNSP1,N-X_5+07_WG_CLOSE,LIMOSF21,NSW1,GENERATOR,-2.9322916666666665,V^^N_5+07_1
V-S-MNSP1,N-X_5+07_WG_CLOSE,BROKENH1,NSW1,GENERATOR,-2.9322916666666665,V^^N_5+07_1
V-S-MNSP1,N-X_5+07_WG_CLOSE,BHB1,NSW1,BIDIRECTIONAL,-2.9322916666666665,V^^N_5+07_1
V-S-MNSP1,N-X_5+07_WG_CLOSE,STWF1,NSW1,GENERATOR,-2.9322916666666665,V^^N_5+07_1
V-S-MNSP1,N-X_5+07_WG_CLOSE,SUNRSF1,NSW1,GENERATOR,-2.9322916666666665,V^^N_5+07_1
V-S-MNSP1,N-X_5+07_WG_CLOSE,LIMOSF11,NSW1,GENERATOR,-2.9322916666666665,V^^N_5+07_1
V-S-MNSP1,N-X_5+07_WG_CLOSE,CRWASF1,NSW1,GENERATOR,-2.8645833333333335,V^^N_5+07_1
V-S-MNSP1,N-X_5+07_WG_CLOSE,COLEASF1,NSW1,GENERATOR,-2.8645833333333335,V^^N_5+07_1
V-S-MNSP1,N-X_5+07_WG_CLOSE,HILLSTN1,NSW1,GENERATOR,-2.8645833333333335,V^^N_5+07_1
V-S-MNSP1,N-X_5+07_WG_CLOSE,DARLSF1,NSW1,GENERATOR,-2.8645833333333335,V^^N_5+07_1
V-S-MNSP1,S-BGDV,PAREPW1,SA1,GENERATOR,-12.853470437017997,S>>DVBG_CNRB_DVBR
V-S-MNSP1,S-BGDV,HDWF1,SA1,GENERATOR,-12.853470437017997,S>>DVBG_CNRB_DVBR
V-S-MNSP1,S-BGDV,HDWF2,SA1,GENERATOR,-12.853470437017997,S>>DVBG_CNRB_DVBR
V-S-MNSP1,S-BGDV,HDWF3,SA1,GENERATOR,-12.853470437017997,S>>DVBG_CNRB_DVBR
V-S-MNSP1,S-BGDV,BNGSF2,SA1,GENERATOR,-12.853470437017997,S>>DVBG_CNRB_DVBR
V-S-MNSP1,S-BGDV,BNGSF1,SA1,GENERATOR,-12.853470437017997,S>>DVBG_CNRB_DVBR
V-S-MNSP1,S-BGDV,PAREPS1,SA1,GENERATOR,-12.853470437017997,S>>DVBG_CNRB_DVBR
V-S-MNSP1,S-BGDV,LGAPWF2,SA1,GENERATOR,-12.853470437017997,S>>DVBG_CNRB_DVBR
V-S-MNSP1,S-BGDV,LGAPBS1,SA1,BIDIRECTIONAL,-12.853470437017997,S>>DVBG_CNRB_DVBR
V-S-MNSP1,S-BGDV,MTMILLAR,SA1,GENERATOR,-12.853470437017997,S>>DVBG_CNRB_DVBR
V-S-MNSP1,S-BGRH,MINTARO,SA1,GENERATOR,2.801120448179272,S>>BGRH_WTTP_WEMWP4
V-S-MNSP1,S-BGRH,DALNTH1,SA1,BIDIRECTIONAL,2.1372549019607843,S>>BGRH_WTTP_WEMWP4
V-S-MNSP1,S-BGRH,WPWF,SA1,GENERATOR,2.1372549019607843,S>>BGRH_WTTP_WEMWP4
V-S-MNSP1,S-BGRH,WATERLWF,SA1,GENERATOR,1.680672268907563,S>>BGRH_NIL_WEMWP4
V-S-MNSP1,S-BGRH,SNOWTWN1,SA1,GENERATOR,1.5378151260504203,S>>BGRH_WTTP_WEMWP4
V-S-MNSP1,S-BGRH,CLEMGPWF,SA1,GENERATOR,1.5042016806722691,S>>BGRH_WTTP_WEMWP4
V-S-MNSP1,S-BGRH,CGBESS01,SA1,BIDIRECTIONAL,1.5042016806722691,S>>BGRH_WTTP_WEMWP4
V-S-MNSP1,S-BGRH,MWPS4PV1,SA1,GENERATOR,-1.277310924369748,S>>BGRH_WTTP_WEMWP4
V-S-MNSP1,S-BGRH,MWPS3PV1,SA1,GENERATOR,-1.0,S>>BGRH_RBTU_WEWT
V-S-MNSP1,S-BGRH,MWPS1PV1,SA1,GENERATOR,-1.0,S>>BGRH_RBTU_WEWT
V-S-MNSP1,S-BRBG,MINTARO,SA1,GENERATOR,2.801120448179272,S>>BRBG_WTTP_WEMWP4
V-S-MNSP1,S-BRBG,DALNTH1,SA1,BIDIRECTIONAL,2.1372549019607843,S>>BRBG_WTTP_WEMWP4
V-S-MNSP1,S-BRBG,WPWF,SA1,GENERATOR,2.1372549019607843,S>>BRBG_WTTP_WEMWP4
V-S-MNSP1,S-BRBG,WATERLWF,SA1,GENERATOR,1.680672268907563,S>>BRBG_NIL_WEMWP4
V-S-MNSP1,S-BRBG,SNOWTWN1,SA1,GENERATOR,1.5378151260504203,S>>BRBG_WTTP_WEMWP4
V-S-MNSP1,S-BRBG,MWPS4PV1,SA1,GENERATOR,-1.277310924369748,S>>BRBG_WTTP_WEMWP4
V-S-MNSP1,S-BRBG,MWPS1PV1,SA1,GENERATOR,-1.0,S>>BRBG_RBTU_WEWT
V-S-MNSP1,S-BRBG,MWPS2PV1,SA1,GENERATOR,-1.0,S>>BRBG_RBTU_WEWT
V-S-MNSP1,S-BRBG,MWPS3PV1,SA1,GENERATOR,-1.0,S>>BRBG_RBTU_WEWT
V-S-MNSP1,S-BRBG,ANGAS1,SA1,GENERATOR,0.9971830985915493,S>>BRBG_RBTU_WTTP
V-S-MNSP1,S-BRTW,CGBESS01,SA1,BIDIRECTIONAL,12.547051442910917,S>>BRTW_HUWT_RHBR-T
V-S-MNSP1,S-BRTW,CLEMGPWF,SA1,GENERATOR,12.547051442910917,S>>BRTW_HUWT_RHBR-T
V-S-MNSP1,S-BRTW,WPWF,SA1,GENERATOR,12.239902080783354,S>>BRTW_BRCN_HUWT
V-S-MNSP1,S-BRTW,DALNTH1,SA1,BIDIRECTIONAL,12.239902080783354,S>>BRTW_BRCN_HUWT
V-S-MNSP1,S-BRTW,MINTARO,SA1,GENERATOR,-10.515247108307046,S>>BRTW_WEMWP4_WTTP
V-S-MNSP1,S-BRTW,SNOWTWN1,SA1,GENERATOR,8.567931456548347,S>>BRTW_BRCN_HUWT
V-S-MNSP1,S-BRTW,SNOWSTH1,SA1,GENERATOR,-5.128205128205128,S>>BRTW_CNRB_BWMP
V-S-MNSP1,S-BRTW,BLYTHB1,SA1,BIDIRECTIONAL,-5.128205128205128,S>>BRTW_CNRB_BWMP
V-S-MNSP1,S-BRTW,SNOWNTH1,SA1,GENERATOR,-5.128205128205128,S>>BRTW_CNRB_BWMP
V-S-MNSP1,S-BRTW,ANGAS1,SA1,GENERATOR,3.123028391167192,S>>BRTW_WEMWP4_WTTP
V-S-MNSP1,S-BWMP,MINTARO,SA1,GENERATOR,-14.245014245014245,S>>BWMP_WEMWP4_WTTP
V-S-MNSP1,S-BWMP,WPWF,SA1,GENERATOR,-12.193732193732194,S>>BWMP_WEMWP4_WTTP
V-S-MNSP1,S-BWMP,DALNTH1,SA1,BIDIRECTIONAL,-12.193732193732194,S>>BWMP_WEMWP4_WTTP
V-S-MNSP1,S-BWMP,SNOWTWN1,SA1,GENERATOR,-9.843304843304843,S>>BWMP_WEMWP4_WTTP
V-S-MNSP1,S-BWMP,CLEMGPWF,SA1,GENERATOR,-7.321937321937322,S>>BWMP_WEMWP4_WTTP
V-S-MNSP1,S-BWMP,CGBESS01,SA1,BIDIRECTIONAL,-7.321937321937322,S>>BWMP_WEMWP4_WTTP
V-S-MNSP1,S-BWMP,SNOWSTH1,SA1,GENERATOR,-4.5584045584045585,S>>BWMP_WEMWP4_WTTP
V-S-MNSP1,S-BWMP,SNOWNTH1,SA1,GENERATOR,-4.5584045584045585,S>>BWMP_WEMWP4_WTTP
V-S-MNSP1,S-BWMP,BLYTHB1,SA1,BIDIRECTIONAL,-4.5584045584045585,S>>BWMP_WEMWP4_WTTP
V-S-MNSP1,S-BWMP,ANGAS1,SA1,GENERATOR,4.515669515669516,S>>BWMP_WEMWP4_WTTP
V-S-MNSP1,S-DVLK,ANGAS1,SA1,GENERATOR,-3.4246575342465757,S>>X_DVLK+LKCN_09
V-S-MNSP1,S-DVLK,ANGAST1,SA1,GENERATOR,-3.4246575342465757,S>>X_DVLK+LKCN_09
V-S-MNSP1,S-DVLK,CGBESS01,SA1,BIDIRECTIONAL,-3.194888178913738,S>>X_DVLK+LKCN_04
V-S-MNSP1,S-DVLK,CLEMGPWF,SA1,GENERATOR,-3.194888178913738,S>>X_DVLK+LKCN_04
V-S-MNSP1,S-DVLK,PAREPS1,SA1,GENERATOR,-3.1022364217252396,S>>X_DVLK+LKCN_04
V-S-MNSP1,S-DVLK,MTMILLAR,SA1,GENERATOR,-3.1022364217252396,S>>X_DVLK+LKCN_04
V-S-MNSP1,S-DVLK,LGAPWF1,SA1,GENERATOR,-3.1022364217252396,S>>X_DVLK+LKCN_04
V-S-MNSP1,S-DVLK,LGAPWF2,SA1,GENERATOR,-3.1022364217252396,S>>X_DVLK+LKCN_04
V-S-MNSP1,S-DVLK,POR03,SA1,GENERATOR,-3.1022364217252396,S>>X_DVLK+LKCN_04
V-S-MNSP1,S-DVLK,POR01,SA1,GENERATOR,-3.1022364217252396,S>>X_DVLK+LKCN_04
V-S-MNSP1,S-MKRB,AGLHAL,SA1,GENERATOR,9.523809523809524,S>>MKRB_NIL_CNRB
V-S-MNSP1,S-MKRB,HALLWF1,SA1,GENERATOR,9.523809523809524,S>>MKRB_NIL_CNRB
V-S-MNSP1,S-MKRB,HDWF3,SA1,GENERATOR,8.17142857142857,S>>MKRB_NIL_CNRB
V-S-MNSP1,S-MKRB,HPR1,SA1,BIDIRECTIONAL,8.17142857142857,S>>MKRB_NIL_CNRB
V-S-MNSP1,S-MKRB,HDWF2,SA1,GENERATOR,8.17142857142857,S>>MKRB_NIL_CNRB
V-S-MNSP1,S-MKRB,HDWF1,SA1,GENERATOR,8.17142857142857,S>>MKRB_NIL_CNRB
V-S-MNSP1,S-MKRB,CATHROCK,SA1,GENERATOR,4.533333333333333,S>>MKRB_NIL_CNRB
V-S-MNSP1,S-MKRB,BLUFF1,SA1,GENERATOR,4.533333333333333,S>>MKRB_NIL_CNRB
V-S-MNSP1,S-MKRB,BNGSF1,SA1,GENERATOR,4.533333333333333,S>>MKRB_NIL_CNRB
V-S-MNSP1,S-MKRB,BNGSF2,SA1,GENERATOR,4.533333333333333,S>>MKRB_NIL_CNRB
V-S-MNSP1,S-MWPS2-MWPS3,MWPS1PV1,SA1,GENERATOR,-1.0,S>>MW2MW3_NWRB1
V-S-MNSP1,S-MWPS2-MWPS3,MWPS2PV1,SA1,GENERATOR,-1.0,S>>MW2MW3_NWRB1
V-S-MNSP1,S-RBTU,SNOWTWN1,SA1,GENERATOR,-11.286681715575622,S>>RBTU_WTTP_STBG-T
V-S-MNSP1,S-RBTU,WPWF,SA1,GENERATOR,-8.081264108352144,S>>RBTU_WTTP_STBG-T
V-S-MNSP1,S-RBTU,DALNTH1,SA1,BIDIRECTIONAL,-8.081264108352144,S>>RBTU_WTTP_STBG-T
V-S-MNSP1,S-RBTU,ANGAS1,SA1,GENERATOR,-2.7624309392265194,S>>RBTU_TWPA_TPRS
V-S-MNSP1,S-RBTU,ANGAST1,SA1,GENERATOR,-2.7624309392265194,S>>RBTU_TWPA_TPRS
V-S-MNSP1,S-RBTU,BLYTHB1,SA1,BIDIRECTIONAL,-2.7027027027027026,S>>RBTU_RBTU_BWMP
V-S-MNSP1,S-RBTU,SNOWSTH1,SA1,GENERATOR,-2.7027027027027026,S>>RBTU_RBTU_BWMP
V-S-MNSP1,S-RBTU,SNOWNTH1,SA1,GENERATOR,-2.7027027027027026,S>>RBTU_RBTU_BWMP
V-S-MNSP1,S-RBTU,TEMPB1,SA1,BIDIRECTIONAL,-2.43646408839779,S>>RBTU_TWPA_TPRS
V-S-MNSP1,S-RBTU,MINTARO,SA1,GENERATOR,2.247191011235955,S>>RBTU_WTTP_WEMWP4
V-S-MNSP1,S-TBSE,DARTM1,VIC1,GENERATOR,1.821138211382114,V::N_SETB_V1
V-S-MNSP1,S-TBSE,MCKAY1,VIC1,GENERATOR,1.821138211382114,V::N_SETB_V1
V-S-MNSP1,S-TBSE,WKIEWA1,VIC1,GENERATOR,1.821138211382114,V::N_SETB_V1
V-S-MNSP1,S-TBSE,MURRAY,VIC1,GENERATOR,1.5975609756097562,V::N_SETB_V1
V-S-MNSP1,S-TBSE,MOKOSF1,VIC1,GENERATOR,0.8780487804878049,V::N_SETB_V1
V-S-MNSP1,S-TBSE,GLRWNSF1,VIC1,GENERATOR,0.8780487804878049,V::N_SETB_V1
V-S-MNSP1,S-TBSE,MTGELWF1,VIC1,GENERATOR,0.8780487804878049,V::N_SETB_V1
V-S-MNSP1,S-TBSE,WINTSF1,VIC1,GENERATOR,0.8780487804878049,V::N_SETB_V1
V-S-MNSP1,S-TBSE,HBESS1,VIC1,BIDIRECTIONAL,0.8780487804878049,V::N_SETB_V1
V-S-MNSP1,S-TBSE,GANNB1,VIC1,BIDIRECTIONAL,0.8780487804878049,V::N_SETB_V1
V-S-MNSP1,S-TPRS,TEMPB1,SA1,BIDIRECTIONAL,-8.547008547008547,S>>TPRS_WEMP4_TWPA
V-S-MNSP1,S-TPRS,ANGAST1,SA1,GENERATOR,-8.11111111111111,S>>TPRS_WEMP4_TWPA
V-S-MNSP1,S-TPRS,ANGAS1,SA1,GENERATOR,-8.11111111111111,S>>TPRS_WEMP4_TWPA
V-S-MNSP1,S-TPRS,WATERLWF,SA1,GENERATOR,-6.452991452991452,S>>TPRS_WEMP4_TWPA
V-S-MNSP1,S-TPRS,MINTARO,SA1,GENERATOR,-6.282051282051282,S>>TPRS_WEMP4_TWPA
V-S-MNSP1,S-TPRS,WPWF,SA1,GENERATOR,-5.427350427350427,S>>TPRS_WEMP4_TWPA
V-S-MNSP1,S-TPRS,DALNTH1,SA1,BIDIRECTIONAL,-5.427350427350427,S>>TPRS_WEMP4_TWPA
V-S-MNSP1,S-TPRS,CLEMGPWF,SA1,GENERATOR,-5.273504273504273,S>>TPRS_WEMP4_TWPA
V-S-MNSP1,S-TPRS,CGBESS01,SA1,BIDIRECTIONAL,-5.273504273504273,S>>TPRS_WEMP4_TWPA
V-S-MNSP1,S-TPRS,SNOWTWN1,SA1,GENERATOR,-4.88034188034188,S>>TPRS_WEMP4_TWPA
V-S-MNSP1,S-WE_MWP4,MINTARO,SA1,GENERATOR,-14.245014245014245,S>>WERB_BWPA_WTTP
V-S-MNSP1,S-WE_MWP4,WPWF,SA1,GENERATOR,-12.193732193732194,S>>WERB_BWPA_WTTP
V-S-MNSP1,S-WE_MWP4,DALNTH1,SA1,BIDIRECTIONAL,-12.193732193732194,S>>WERB_BWPA_WTTP
V-S-MNSP1,S-WE_MWP4,ANGAS1,SA1,GENERATOR,-11.961722488038278,S>S_WERB_TWPA_TPRS
V-S-MNSP1,S-WE_MWP4,ANGAST1,SA1,GENERATOR,-11.961722488038278,S>S_WERB_TWPA_TPRS
V-S-MNSP1,S-WE_MWP4,BLYTHB1,SA1,BIDIRECTIONAL,-10.626992561105206,S>>WERB_MKRB_BWPA
V-S-MNSP1,S-WE_MWP4,SNOWSTH1,SA1,GENERATOR,-10.626992561105206,S>>WERB_MKRB_BWPA
V-S-MNSP1,S-WE_MWP4,SNOWNTH1,SA1,GENERATOR,-10.626992561105206,S>>WERB_MKRB_BWPA
V-S-MNSP1,S-WE_MWP4,TEMPB1,SA1,BIDIRECTIONAL,-10.586124401913876,S>S_WERB_TWPA_TPRS
V-S-MNSP1,S-WE_MWP4,SNOWTWN1,SA1,GENERATOR,-9.843304843304843,S>>WERB_BWPA_WTTP
V-S-MNSP1,S-X_BGBW+BGDV+BGTX,LGAPWF1,SA1,GENERATOR,-12.853470437017997,S>>DVBG_CNRB_DVBR
V-S-MNSP1,S-X_BGBW+BGDV+BGTX,PAREPS1,SA1,GENERATOR,-12.853470437017997,S>>DVBG_CNRB_DVBR
V-S-MNSP1,S-X_BGBW+BGDV+BGTX,POR03,SA1,GENERATOR,-12.853470437017997,S>>DVBG_CNRB_DVBR
V-S-MNSP1,S-X_BGBW+BGDV+BGTX,MTMILLAR,SA1,GENERATOR,-12.853470437017997,S>>DVBG_CNRB_DVBR
V-S-MNSP1,S-X_BGBW+BGDV+BGTX,POR01,SA1,GENERATOR,-12.853470437017997,S>>DVBG_CNRB_DVBR
V-S-MNSP1,S-X_BGBW+BGDV+BGTX,BNGSF1,SA1,GENERATOR,-12.853470437017997,S>>DVBG_CNRB_DVBR
V-S-MNSP1,S-X_BGBW+BGDV+BGTX,HPR1,SA1,BIDIRECTIONAL,-12.853470437017997,S>>DVBG_CNRB_DVBR
V-S-MNSP1,S-X_BGBW+BGDV+BGTX,CATHROCK,SA1,GENERATOR,-12.853470437017997,S>>DVBG_CNRB_DVBR
V-S-MNSP1,S-X_BGBW+BGDV+BGTX,PAREPW1,SA1,GENERATOR,-12.853470437017997,S>>DVBG_CNRB_DVBR
V-S-MNSP1,S-X_BGBW+BGDV+BGTX,LGAPBS1,SA1,BIDIRECTIONAL,-12.853470437017997,S>>DVBG_CNRB_DVBR
V-S-MNSP1,S-X_BGRH+BRTX3,DALNTH1,SA1,BIDIRECTIONAL,11.574074074074073,S>>X_BGRH+BRTX3_02
V-S-MNSP1,S-X_BGRH+BRTX3,WPWF,SA1,GENERATOR,11.574074074074073,S>>X_BGRH+BRTX3_02
V-S-MNSP1,S-X_BGRH+BRTX3,MWPS4PV1,SA1,GENERATOR,11.160714285714286,S>>X_BGRH+BRTX3_05
V-S-MNSP1,S-X_BGRH+BRTX3,WATERLWF,SA1,GENERATOR,10.457589285714286,S>>X_BGRH+BRTX3_05
V-S-MNSP1,S-X_BGRH+BRTX3,CLEMGPWF,SA1,GENERATOR,10.279017857142858,S>>X_BGRH+BRTX3_05
V-S-MNSP1,S-X_BGRH+BRTX3,MINTARO,SA1,GENERATOR,10.279017857142858,S>>X_BGRH+BRTX3_05
V-S-MNSP1,S-X_BGRH+BRTX3,SNOWTWN1,SA1,GENERATOR,8.263888888888888,S>>X_BGRH+BRTX3_02
V-S-MNSP1,S-X_BGRH+BRTX3,ANGAST1,SA1,GENERATOR,1.0666666666666667,S>>X_BGRH+BRTX3_07
V-S-MNSP1,S-X_BGRH+BRTX3,ANGAS1,SA1,GENERATOR,1.0666666666666667,S>>X_BGRH+BRTX3_07
V-S-MNSP1,S-X_BGRH+BRTX3,MWPS3PV1,SA1,GENERATOR,-1.0,S>>X_BGRH+BRTX3_05
V-S-MNSP1,S-X_BGRH+RBTX,WPWF,SA1,GENERATOR,10.626992561105206,S>>X_BGRH+RBTX_02
V-S-MNSP1,S-X_BGRH+RBTX,DALNTH1,SA1,BIDIRECTIONAL,10.626992561105206,S>>X_BGRH+RBTX_02
V-S-MNSP1,S-X_BGRH+RBTX,MINTARO,SA1,GENERATOR,9.345794392523365,S>>X_BGRH+RBTX_06
V-S-MNSP1,S-X_BGRH+RBTX,SNOWTWN1,SA1,GENERATOR,7.566418703506907,S>>X_BGRH+RBTX_02
V-S-MNSP1,S-X_BGRH+RBTX,CLEMGPWF,SA1,GENERATOR,6.140186915887851,S>>X_BGRH+RBTX_06
V-S-MNSP1,S-X_BGRH+RBTX,ANGAS1,SA1,GENERATOR,-2.5974025974025974,S>>X_BGRH+RBTX_10
V-S-MNSP1,S-X_BGRH+RBTX,ANGAST1,SA1,GENERATOR,-2.5974025974025974,S>>X_BGRH+RBTX_10
V-S-MNSP1,S-X_BGRH+RBTX,WATERLWF,SA1,GENERATOR,-1.8224299065420562,S>>X_BGRH+RBTX_06
V-S-MNSP1,S-X_BGRH+RBTX,LGAPBS1,SA1,BIDIRECTIONAL,1.3271028037383177,S>>X_BGRH+RBTX_06
V-S-MNSP1,S-X_BGRH+RBTX,PAREPW1,SA1,GENERATOR,1.3271028037383177,S>>X_BGRH+RBTX_06
V-S-MNSP1,S-X_BRMN_RBTU,HALLWF1,SA1,GENERATOR,13.297872340425531,S>>BRMN_BWPA_CNRB
V-S-MNSP1,S-X_BRMN_RBTU,AGLHAL,SA1,GENERATOR,13.297872340425531,S>>BRMN_BWPA_CNRB
V-S-MNSP1,S-X_BRMN_RBTU,WPWF,SA1,GENERATOR,12.970168612191959,S>>BRMN_BWPA_HUWT
V-S-MNSP1,S-X_BRMN_RBTU,DALNTH1,SA1,BIDIRECTIONAL,12.970168612191959,S>>BRMN_BWPA_HUWT
V-S-MNSP1,S-X_BRMN_RBTU,HDWF3,SA1,GENERATOR,11.343085106382977,S>>BRMN_BWPA_CNRB
V-S-MNSP1,S-X_BRMN_RBTU,HPR1,SA1,BIDIRECTIONAL,11.343085106382977,S>>BRMN_BWPA_CNRB
V-S-MNSP1,S-X_BRMN_RBTU,HDWF2,SA1,GENERATOR,11.343085106382977,S>>BRMN_BWPA_CNRB
V-S-MNSP1,S-X_BRMN_RBTU,HDWF1,SA1,GENERATOR,11.343085106382977,S>>BRMN_BWPA_CNRB
V-S-MNSP1,S-X_BRMN_RBTU,MINTARO,SA1,GENERATOR,10.493179433368311,S>>BRMN_WTTP_WEMWP4
V-S-MNSP1,S-X_BRMN_RBTU,SNOWTWN1,SA1,GENERATOR,9.118028534370946,S>>BRMN_BWPA_HUWT
V-S-MNSP1,S-X_BRMN_WEWT,ANGAS1,SA1,GENERATOR,-13.966480446927374,S>>X_BRMN_WEWT_02
V-S-MNSP1,S-X_BRMN_WEWT,ANGAST1,SA1,GENERATOR,-13.966480446927374,S>>X_BRMN_WEWT_02
V-S-MNSP1,S-X_BRMN_WEWT,MINTARO,SA1,GENERATOR,-13.421787709497206,S>>X_BRMN_WEWT_02
V-S-MNSP1,S-X_BRMN_WEWT,AGLHAL,SA1,GENERATOR,13.297872340425531,S>>BRMN_BWPA_CNRB
V-S-MNSP1,S-X_BRMN_WEWT,HALLWF1,SA1,GENERATOR,13.297872340425531,S>>BRMN_BWPA_CNRB
V-S-MNSP1,S-X_BRMN_WEWT,WPWF,SA1,GENERATOR,12.970168612191959,S>>BRMN_BWPA_HUWT
V-S-MNSP1,S-X_BRMN_WEWT,DALNTH1,SA1,BIDIRECTIONAL,12.970168612191959,S>>BRMN_BWPA_HUWT
V-S-MNSP1,S-X_BRMN_WEWT,TEMPB1,SA1,BIDIRECTIONAL,-12.094972067039107,S>>X_BRMN_WEWT_02
V-S-MNSP1,S-X_BRMN_WEWT,HDWF3,SA1,GENERATOR,11.343085106382977,S>>BRMN_BWPA_CNRB
V-S-MNSP1,S-X_BRMN_WEWT,HDWF1,SA1,GENERATOR,11.343085106382977,S>>BRMN_BWPA_CNRB
V-S-MNSP1,S-X_BWMP+MPPA,MINTARO,SA1,GENERATOR,-14.245014245014245,S>>BWMP_WEMWP4_WTTP
V-S-MNSP1,S-X_BWMP+MPPA,WPWF,SA1,GENERATOR,-12.193732193732194,S>>BWMP_WEMWP4_WTTP
V-S-MNSP1,S-X_BWMP+MPPA,DALNTH1,SA1,BIDIRECTIONAL,-12.193732193732194,S>>BWMP_WEMWP4_WTTP
V-S-MNSP1,S-X_BWMP+MPPA,SNOWTWN1,SA1,GENERATOR,-9.843304843304843,S>>BWMP_WEMWP4_WTTP
V-S-MNSP1,S-X_BWMP+MPPA,CLEMGPWF,SA1,GENERATOR,-7.321937321937322,S>>BWMP_WEMWP4_WTTP
V-S-MNSP1,S-X_BWMP+MPPA,CGBESS01,SA1,BIDIRECTIONAL,-7.321937321937322,S>>BWMP_WEMWP4_WTTP
V-S-MNSP1,S-X_BWMP+MPPA,SNOWSTH1,SA1,GENERATOR,-4.5584045584045585,S>>BWMP_WEMWP4_WTTP
V-S-MNSP1,S-X_BWMP+MPPA,SNOWNTH1,SA1,GENERATOR,-4.5584045584045585,S>>BWMP_WEMWP4_WTTP
V-S-MNSP1,S-X_BWMP+MPPA,BLYTHB1,SA1,BIDIRECTIONAL,-4.5584045584045585,S>>BWMP_WEMWP4_WTTP
V-S-MNSP1,S-X_BWMP+MPPA,ANGAS1,SA1,GENERATOR,4.515669515669516,S>>BWMP_WEMWP4_WTTP
V-S-MNSP1,S-X_CNLK_CNRB,HALLWF2,SA1,GENERATOR,13.262599469496022,S>>CNRB_DVBR_MKRB
V-S-MNSP1,S-X_CNLK_CNRB,BLYTHB1,SA1,BIDIRECTIONAL,-10.384215991692628,S>>CNRB_MKRB_BWMP
V-S-MNSP1,S-X_CNLK_CNRB,SNOWSTH1,SA1,GENERATOR,-10.384215991692628,S>>CNRB_MKRB_BWMP
V-S-MNSP1,S-X_CNLK_CNRB,SNOWNTH1,SA1,GENERATOR,-10.384215991692628,S>>CNRB_MKRB_BWMP
V-S-MNSP1,S-X_CNLK_CNRB,WGWF1,SA1,GENERATOR,10.23872679045093,S>>CNRB_DVBR_MKRB
V-S-MNSP1,S-X_CNLK_CNRB,BLUFF1,SA1,GENERATOR,9.854111405835544,S>>CNRB_DVBR_MKRB
V-S-MNSP1,S-X_CNLK_CNRB,NBHWF1,SA1,GENERATOR,9.854111405835544,S>>CNRB_DVBR_MKRB
V-S-MNSP1,S-X_CNLK_CNRB,HALLWF1,SA1,GENERATOR,6.180371352785147,S>>CNRB_DVBR_MKRB
V-S-MNSP1,S-X_CNLK_CNRB,PAREPW1,SA1,GENERATOR,6.180371352785147,S>>CNRB_DVBR_MKRB
V-S-MNSP1,S-X_CNLK_CNRB,PAREPS1,SA1,GENERATOR,6.180371352785147,S>>CNRB_DVBR_MKRB
V-S-MNSP1,S-X_PA6510+BWPA,MINTARO,SA1,GENERATOR,-14.245014245014245,S>>BWMP_WEMWP4_WTTP
V-S-MNSP1,S-X_PA6510+BWPA,WPWF,SA1,GENERATOR,-12.193732193732194,S>>BWMP_WEMWP4_WTTP
V-S-MNSP1,S-X_PA6510+BWPA,DALNTH1,SA1,BIDIRECTIONAL,-12.193732193732194,S>>BWMP_WEMWP4_WTTP
V-S-MNSP1,S-X_PA6510+BWPA,SNOWTWN1,SA1,GENERATOR,-9.843304843304843,S>>BWMP_WEMWP4_WTTP
V-S-MNSP1,S-X_PA6510+BWPA,CLEMGPWF,SA1,GENERATOR,-7.321937321937322,S>>BWMP_WEMWP4_WTTP
V-S-MNSP1,S-X_PA6510+BWPA,CGBESS01,SA1,BIDIRECTIONAL,-7.321937321937322,S>>BWMP_WEMWP4_WTTP
V-S-MNSP1,S-X_PA6510+BWPA,SNOWSTH1,SA1,GENERATOR,-4.5584045584045585,S>>BWMP_WEMWP4_WTTP
V-S-MNSP1,S-X_PA6510+BWPA,SNOWNTH1,SA1,GENERATOR,-4.5584045584045585,S>>BWMP_WEMWP4_WTTP
V-S-MNSP1,S-X_PA6510+BWPA,BLYTHB1,SA1,BIDIRECTIONAL,-4.5584045584045585,S>>BWMP_WEMWP4_WTTP
V-S-MNSP1,S-X_PA6510+BWPA,ANGAS1,SA1,GENERATOR,4.515669515669516,S>>BWMP_WEMWP4_WTTP
V-S-MNSP1,V-ARCW,GANNB1,VIC1,BIDIRECTIONAL,2.0242914979757085,V>>ARCW_SHBE_NIL
V-S-MNSP1,V-ARCW,GANNSF1,VIC1,GENERATOR,2.0242914979757085,V>>ARCW_SHBE_NIL
V-S-MNSP1,V-ARCW,KERNGSP1,VIC1,GENERATOR,2.0242914979757085,V>>ARCW_SHBE_NIL
V-S-MNSP1,V-ARCW,COHUNSF1,VIC1,GENERATOR,2.0242914979757085,V>>ARCW_SHBE_NIL
V-S-MNSP1,V-ARCW,KESSB1,VIC1,BIDIRECTIONAL,1.95748987854251,V>>ARCW_SHBE_NIL
V-S-MNSP1,V-ARCW,LANCSF1,VIC1,GENERATOR,-1.7834008097165992,V>>ARCW_SHBE_NIL
V-S-MNSP1,V-ARCW,WUNUSF1,VIC1,GENERATOR,-1.7834008097165992,V>>ARCW_SHBE_NIL
V-S-MNSP1,V-ARCW,GIRGSF,VIC1,GENERATOR,-1.7834008097165992,V>>ARCW_SHBE_NIL
V-S-MNSP1,V-ARCW,NUMURSF1,VIC1,GENERATOR,-1.7834008097165992,V>>ARCW_SHBE_NIL
V-S-MNSP1,V-ARCW,LIMOSF11,NSW1,GENERATOR,1.4858841010401187,V>>ARCW_X5DP_KGBE
V-S-MNSP1,V-AR_WB_BA,GANNB1,VIC1,BIDIRECTIONAL,2.0242914979757085,V>>ARWB_SHBE_NIL
V-S-MNSP1,V-AR_WB_BA,GANNSF1,VIC1,GENERATOR,2.0242914979757085,V>>ARWB_SHBE_NIL
V-S-MNSP1,V-AR_WB_BA,COHUNSF1,VIC1,GENERATOR,2.0242914979757085,V>>ARWB_SHBE_NIL
V-S-MNSP1,V-AR_WB_BA,KERNGSP1,VIC1,GENERATOR,2.0242914979757085,V>>ARWB_SHBE_NIL
V-S-MNSP1,V-AR_WB_BA,KESSB1,VIC1,BIDIRECTIONAL,1.95748987854251,V>>ARWB_SHBE_NIL
V-S-MNSP1,V-AR_WB_BA,LANCSF1,VIC1,GENERATOR,-1.7834008097165992,V>>ARWB_SHBE_NIL
V-S-MNSP1,V-AR_WB_BA,WUNUSF1,VIC1,GENERATOR,-1.7834008097165992,V>>ARWB_SHBE_NIL
V-S-MNSP1,V-AR_WB_BA,NUMURSF1,VIC1,GENERATOR,-1.7834008097165992,V>>ARWB_SHBE_NIL
V-S-MNSP1,V-AR_WB_BA,GIRGSF,VIC1,GENERATOR,-1.7834008097165992,V>>ARWB_SHBE_NIL
V-S-MNSP1,V-AR_WB_BA,LIMBESS1,NSW1,BIDIRECTIONAL,1.4858841010401187,V>>ARWB_X5DP_KGBE
V-S-MNSP1,V-BAML1_15M,MERCER01,VIC1,GENERATOR,2.6737967914438503,V>>BAML1_ELML_BAML2
V-S-MNSP1,V-BAML1_15M,MOORAWF1,VIC1,GENERATOR,2.6737967914438503,V>>BAML1_ELML_BAML2
V-S-MNSP1,V-BAML1_15M,ELAINWF1,VIC1,GENERATOR,2.6737967914438503,V>>BAML1_ELML_BAML2
V-S-MNSP1,V-BAML1_15M,BALB1,VIC1,BIDIRECTIONAL,2.128378378378378,V>>BAML1_MLBA_MLELBA
V-S-MNSP1,V-BAML1_15M,YENDWF1,VIC1,GENERATOR,2.1256684491978612,V>>BAML1_ELML_BAML2
V-S-MNSP1,V-BAML1_15M,ARWF1,VIC1,GENERATOR,2.050802139037433,V>>BAML1_ELML_BAML2
V-S-MNSP1,V-BAML1_15M,CROWLWF1,VIC1,GENERATOR,2.0267379679144386,V>>BAML1_ELML_BAML2
V-S-MNSP1,V-BAML1_15M,BULGANA1,VIC1,GENERATOR,1.9786096256684491,V>>BAML1_ELML_BAML2
V-S-MNSP1,V-BAML1_15M,BULBES1,VIC1,BIDIRECTIONAL,1.9786096256684491,V>>BAML1_ELML_BAML2
V-S-MNSP1,V-BAML1_15M,KIATAWF1,VIC1,GENERATOR,1.7994652406417113,V>>BAML1_ELML_BAML2
V-S-MNSP1,V-BAML2_15M,MERCER01,VIC1,GENERATOR,2.6737967914438503,V>>BAML2_ELML_BAML1
V-S-MNSP1,V-BAML2_15M,MOORAWF1,VIC1,GENERATOR,2.6737967914438503,V>>BAML2_ELML_BAML1
V-S-MNSP1,V-BAML2_15M,ELAINWF1,VIC1,GENERATOR,2.6737967914438503,V>>BAML2_ELML_BAML1
V-S-MNSP1,V-BAML2_15M,BALB1,VIC1,BIDIRECTIONAL,2.128378378378378,V>>BAML2_MLBA_MLELBA
V-S-MNSP1,V-BAML2_15M,YENDWF1,VIC1,GENERATOR,2.1256684491978612,V>>BAML2_ELML_BAML1
V-S-MNSP1,V-BAML2_15M,ARWF1,VIC1,GENERATOR,2.050802139037433,V>>BAML2_ELML_BAML1
V-S-MNSP1,V-BAML2_15M,CROWLWF1,VIC1,GENERATOR,2.0267379679144386,V>>BAML2_ELML_BAML1
V-S-MNSP1,V-BAML2_15M,BULGANA1,VIC1,GENERATOR,1.9786096256684491,V>>BAML2_ELML_BAML1
V-S-MNSP1,V-BAML2_15M,BULBES1,VIC1,BIDIRECTIONAL,1.9786096256684491,V>>BAML2_ELML_BAML1
V-S-MNSP1,V-BAML2_15M,KIATAWF1,VIC1,GENERATOR,1.7994652406417113,V>>BAML2_ELML_BAML1
V-S-MNSP1,V-BEKG,ARWF1,VIC1,GENERATOR,1.8484288354898335,V>>BEKG_WBBA_X3
V-S-MNSP1,V-BEKG,CROWLWF1,VIC1,GENERATOR,1.8225508317929757,V>>BEKG_WBBA_X3
V-S-MNSP1,V-BEKG,DARTM1,VIC1,GENERATOR,1.821138211382114,V::N_BEKG_V1
V-S-MNSP1,V-BEKG,MCKAY1,VIC1,GENERATOR,1.821138211382114,V::N_BEKG_V1
V-S-MNSP1,V-BEKG,WKIEWA1,VIC1,GENERATOR,1.821138211382114,V::N_BEKG_V1
V-S-MNSP1,V-BEKG,BULGANA1,VIC1,GENERATOR,1.77449168207024,V>>BEKG_WBBA_X3
V-S-MNSP1,V-BEKG,BULBES1,VIC1,BIDIRECTIONAL,1.77449168207024,V>>BEKG_WBBA_X5
V-S-MNSP1,V-BEKG,MURRAY,VIC1,GENERATOR,1.5975609756097562,V::N_BEKG_V2
V-S-MNSP1,V-BEKG,MUWAWF1,VIC1,GENERATOR,1.4990757855822552,V>>BEKG_WBBA_X5
V-S-MNSP1,V-BEKG,MUWAWF2,VIC1,GENERATOR,1.4990757855822552,V>>BEKG_WBBA_X5
V-S-MNSP1,V-BESH,KIATAWF1,VIC1,GENERATOR,2.004008016032064,V>>SML_BESH_1
V-S-MNSP1,V-BESH,MUWAWF2,VIC1,GENERATOR,1.9819639278557115,V>>SML_BESH_1
V-S-MNSP1,V-BESH,MUWAWF1,VIC1,GENERATOR,1.9819639278557115,V>>SML_BESH_1
V-S-MNSP1,V-BESH,SUNRSF1,NSW1,GENERATOR,-1.6863406408094437,V>>SML_BESH_2
V-S-MNSP1,V-BESH,LIMOSF11,NSW1,GENERATOR,-1.6863406408094437,V>>SML_BESH_2
V-S-MNSP1,V-BESH,LIMOSF21,NSW1,GENERATOR,-1.6863406408094437,V>>SML_BESH_2
V-S-MNSP1,V-BESH,LIMBESS1,NSW1,BIDIRECTIONAL,-1.6863406408094437,V>>BESH_X3_BABE
V-S-MNSP1,V-BESH,KIAMSF1,VIC1,GENERATOR,1.342685370741483,V>>SML_BESH_1
V-S-MNSP1,V-BESH,BROKENH1,NSW1,GENERATOR,1.2428330522765598,V>>BESH_X3_BABE
V-S-MNSP1,V-BESH,BHB1,NSW1,BIDIRECTIONAL,1.2428330522765598,V>>BESH_X3_BABE
V-S-MNSP1,V-BUCW,GANNSF1,VIC1,GENERATOR,2.0242914979757085,V>>BUCW_SHBE_NIL
V-S-MNSP1,V-BUCW,KERNGSP1,VIC1,GENERATOR,2.0242914979757085,V>>BUCW_SHBE_NIL
V-S-MNSP1,V-BUCW,COHUNSF1,VIC1,GENERATOR,2.0242914979757085,V>>BUCW_SHBE_NIL
V-S-MNSP1,V-BUCW,GANNB1,VIC1,BIDIRECTIONAL,2.0242914979757085,V>>BUCW_SHBE_NIL
V-S-MNSP1,V-BUCW,KESSB1,VIC1,BIDIRECTIONAL,1.95748987854251,V>>BUCW_SHBE_NIL
V-S-MNSP1,V-BUCW,WUNUSF1,VIC1,GENERATOR,-1.7834008097165992,V>>BUCW_SHBE_NIL
V-S-MNSP1,V-BUCW,GIRGSF,VIC1,GENERATOR,-1.7834008097165992,V>>BUCW_SHBE_NIL
V-S-MNSP1,V-BUCW,NUMURSF1,VIC1,GENERATOR,-1.7834008097165992,V>>BUCW_SHBE_NIL
V-S-MNSP1,V-BUCW,LANCSF1,VIC1,GENERATOR,-1.7834008097165992,V>>BUCW_SHBE_NIL
V-S-MNSP1,V-BUCW,SUNRSF1,NSW1,GENERATOR,1.4858841010401187,V>>BUCW_X5DP_KGBE
V-S-MNSP1,V-CPRC,WKIEWA1,VIC1,GENERATOR,1.821138211382114,V::N_KMRC_V2
V-S-MNSP1,V-CPRC,DARTM1,VIC1,GENERATOR,1.821138211382114,V::N_KMRC_V2
V-S-MNSP1,V-CPRC,MCKAY1,VIC1,GENERATOR,1.821138211382114,V::N_KMRC_V1
V-S-MNSP1,V-CPRC,MURRAY,VIC1,GENERATOR,1.5975609756097562,V::N_KMRC_V1
V-S-MNSP1,V-CPRC,KESSB1,VIC1,BIDIRECTIONAL,1.51285930408472,V>>KMRC_KGWE_X3
V-S-MNSP1,V-CPRC,LIMOSF21,NSW1,GENERATOR,1.4858841010401187,V>>KMRC_X5DP_KGBE
V-S-MNSP1,V-CPRC,SUNRSF1,NSW1,GENERATOR,1.4858841010401187,V>>KMRC_X5DP_KGBE
V-S-MNSP1,V-CPRC,LIMOSF11,NSW1,GENERATOR,1.4858841010401187,V>>KMRC_DPTX_KGBE
V-S-MNSP1,V-CPRC,LIMBESS1,NSW1,BIDIRECTIONAL,1.4858841010401187,V>>KMRC_DPTX_KGBE
V-S-MNSP1,V-CPRC,WEMENSF1,VIC1,GENERATOR,1.1467473524962177,V>>KMRC_KGWE_X3
V-S-MNSP1,V-CRML,WKIEWA1,VIC1,GENERATOR,1.821138211382114,V::N_MLMO_V1
V-S-MNSP1,V-CRML,DARTM1,VIC1,GENERATOR,1.821138211382114,V::N_MLMO_V2
V-S-MNSP1,V-CRML,MCKAY1,VIC1,GENERATOR,1.821138211382114,V::N_MLMO_V2
V-S-MNSP1,V-CRML,MURRAY,VIC1,GENERATOR,1.5975609756097562,V::N_MLMO_V1
V-S-MNSP1,V-CRML,RYANCWF1,VIC1,GENERATOR,0.8780487804878049,V::N_MLMO_V1
V-S-MNSP1,V-CRML,BULGANA1,VIC1,GENERATOR,0.8780487804878049,V::N_MLMO_V2
V-S-MNSP1,V-CRML,COHUNSF1,VIC1,GENERATOR,0.8780487804878049,V::N_MLMO_V2
V-S-MNSP1,V-CRML,KERNGSP1,VIC1,GENERATOR,0.8780487804878049,V::N_MLMO_V2
V-S-MNSP1,V-CRML,GANNB1,VIC1,BIDIRECTIONAL,0.8780487804878049,V::N_MLMO_V2
V-S-MNSP1,V-CRML,HBESS1,VIC1,BIDIRECTIONAL,0.8780487804878049,V::N_MLMO_V2
V-S-MNSP1,V-CRMO,BROKENH1,NSW1,GENERATOR,-6.008403361344538,N^^V_HY_MO_CR_1
V-S-MNSP1,V-CRMO,BHB1,NSW1,BIDIRECTIONAL,-6.008403361344538,N^^V_HY_MO_CR_1
V-S-MNSP1,V-CRMO,STWF1,NSW1,GENERATOR,-6.008403361344538,N^^V_HY_MO_CR_1
V-S-MNSP1,V-CRMO,UPPTUMUT,NSW1,GENERATOR,-5.025210084033613,N^^V_HY_MO_CR_1
V-S-MNSP1,V-CRMO,URANQ14,NSW1,GENERATOR,-4.126050420168068,N^^V_HY_MO_CR_1
V-S-MNSP1,V-CRMO,URANQ13,NSW1,GENERATOR,-4.126050420168068,N^^V_HY_MO_CR_1
V-S-MNSP1,V-CRMO,URANQ12,NSW1,GENERATOR,-4.126050420168068,N^^V_HY_MO_CR_1
V-S-MNSP1,V-CRMO,URANQ11,NSW1,GENERATOR,-4.126050420168068,N^^V_HY_MO_CR_1
V-S-MNSP1,V-CRMO,DUNDWF2,VIC1,GENERATOR,4.100840336134454,N^^V_HY_MO_CR_1
V-S-MNSP1,V-CRMO,DUNDWF1,VIC1,GENERATOR,4.100840336134454,N^^V_HY_MO_CR_1
V-S-MNSP1,V-CWHO,GANNB1,VIC1,BIDIRECTIONAL,1.953125,V>>CWHO_SHBE_NIL
V-S-MNSP1,V-CWHO,COHUNSF1,VIC1,GENERATOR,1.953125,V>>CWHO_SHBE_NIL
V-S-MNSP1,V-CWHO,GANNSF1,VIC1,GENERATOR,1.953125,V>>CWHO_SHBE_NIL
V-S-MNSP1,V-CWHO,KERNGSP1,VIC1,GENERATOR,1.953125,V>>CWHO_SHBE_NIL
V-S-MNSP1,V-CWHO,KESSB1,VIC1,BIDIRECTIONAL,1.890625,V>>CWHO_SHBE_NIL
V-S-MNSP1,V-CWHO,WUNUSF1,VIC1,GENERATOR,-1.6953125,V>>CWHO_SHBE_NIL
V-S-MNSP1,V-CWHO,NUMURSF1,VIC1,GENERATOR,-1.6953125,V>>CWHO_SHBE_NIL
V-S-MNSP1,V-CWHO,GIRGSF,VIC1,GENERATOR,-1.6953125,V>>CWHO_SHBE_NIL
V-S-MNSP1,V-CWHO,LANCSF1,VIC1,GENERATOR,-1.6953125,V>>CWHO_SHBE_NIL
V-S-MNSP1,V-CWHO,LIMOSF11,NSW1,GENERATOR,1.4858841010401187,V>>BUCW_DPTX_KGBE
V-S-MNSP1,V-DDMS,HUMEV,VIC1,GENERATOR,4.8543689320388355,V>>DDMS_DDWO_DDMS
V-S-MNSP1,V-DDMS,MURRAY,VIC1,GENERATOR,4.459821428571429,V>>DDMS_WOJIN_DDMS
V-S-MNSP1,V-DDMS,BHB1,NSW1,BIDIRECTIONAL,-3.4151785714285716,V>>DDMS_WOJIN_DDMS
V-S-MNSP1,V-DDMS,BROKENH1,NSW1,GENERATOR,-3.4151785714285716,V>>DDMS_WOJIN_DDMS
V-S-MNSP1,V-DDMS,STWF1,NSW1,GENERATOR,-3.4151785714285716,V>>DDMS_WOJIN_DDMS
V-S-MNSP1,V-DDMS,SUNRSF1,NSW1,GENERATOR,-2.9322916666666665,V^^N_DDMS_1
V-S-MNSP1,V-DDMS,LIMOSF21,NSW1,GENERATOR,-2.9322916666666665,V^^N_DDMS_1
V-S-MNSP1,V-DDMS,LIMOSF11,NSW1,GENERATOR,-2.9322916666666665,V^^N_DDMS_1
V-S-MNSP1,V-DDMS,HILLSTN1,NSW1,GENERATOR,-2.8645833333333335,V^^N_DDMS_1
V-S-MNSP1,V-DDMS,COLEASF1,NSW1,GENERATOR,-2.8645833333333335,V^^N_DDMS_1
V-S-MNSP1,V-DDSM,HUMEV,VIC1,GENERATOR,5.0,V>>DDSM_DDTX3_DDSM
V-S-MNSP1,V-DDSM,MURRAY,VIC1,GENERATOR,4.9799999999999995,V>>DDSM_DDTX1_DDSM
V-S-MNSP1,V-DDSM,STWF1,NSW1,GENERATOR,-3.87,V>>DDSM_DDTX3_DDSM
V-S-MNSP1,V-DDSM,BROKENH1,NSW1,GENERATOR,-3.87,V>>DDSM_DDTX3_DDSM
V-S-MNSP1,V-DDSM,BHB1,NSW1,BIDIRECTIONAL,-3.87,V>>DDSM_DDTX2_DDSM
V-S-MNSP1,V-DDSM,EILDON1,VIC1,GENERATOR,3.846153846153846,V>>DDSM_EPTT_DDSM
V-S-MNSP1,V-DDSM,EILDON2,VIC1,GENERATOR,3.846153846153846,V>>DDSM_EPTT_DDSM
V-S-MNSP1,V-DDSM,WKIEWA1,VIC1,GENERATOR,2.949852507374631,V>>DDSM_MBEP_DDSM
V-S-MNSP1,V-DDSM,DARTM1,VIC1,GENERATOR,2.949852507374631,V>>DDSM_MBEP_DDSM
V-S-MNSP1,V-DDSM,MCKAY1,VIC1,GENERATOR,2.949852507374631,V>>DDSM_MBEP_DDSM
V-S-MNSP1,V-DDSM_N-2,HUMEV,VIC1,GENERATOR,5.0,V>>DDSM_DDTX3_DDSM
V-S-MNSP1,V-DDSM_N-2,MURRAY,VIC1,GENERATOR,4.9799999999999995,V>>DDSM_DDTX2_DDSM
V-S-MNSP1,V-DDSM_N-2,BROKENH1,NSW1,GENERATOR,-3.87,V>>DDSM_DDTX2_DDSM
V-S-MNSP1,V-DDSM_N-2,STWF1,NSW1,GENERATOR,-3.87,V>>DDSM_DDTX1_DDSM
V-S-MNSP1,V-DDSM_N-2,BHB1,NSW1,BIDIRECTIONAL,-3.87,V>>DDSM_DDTX1_DDSM
V-S-MNSP1,V-DDSM_N-2,EILDON1,VIC1,GENERATOR,3.846153846153846,V>>DDSM_EPTT_DDSM
V-S-MNSP1,V-DDSM_N-2,EILDON2,VIC1,GENERATOR,3.846153846153846,V>>DDSM_EPTT_DDSM
V-S-MNSP1,V-DDSM_N-2,MCKAY1,VIC1,GENERATOR,2.949852507374631,V>>NIL_MBEP_DDSM_N-2
V-S-MNSP1,V-DDSM_N-2,DARTM1,VIC1,GENERATOR,2.949852507374631,V>>NIL_EPMB_DDSM_N-2
V-S-MNSP1,V-DDSM_N-2,WKIEWA1,VIC1,GENERATOR,2.949852507374631,V>>NIL_EPMB_DDSM_N-2
V-S-MNSP1,V-DDWO_RADIAL,SUNRSF1,NSW1,GENERATOR,-2.9322916666666665,V^^N_BADP_1
V-S-MNSP1,V-DDWO_RADIAL,STWF1,NSW1,GENERATOR,-2.9322916666666665,V^^N_BADP_1
V-S-MNSP1,V-DDWO_RADIAL,BHB1,NSW1,BIDIRECTIONAL,-2.9322916666666665,V^^N_BADP_1
V-S-MNSP1,V-DDWO_RADIAL,LIMOSF21,NSW1,GENERATOR,-2.9322916666666665,V^^N_BADP_1
V-S-MNSP1,V-DDWO_RADIAL,LIMOSF11,NSW1,GENERATOR,-2.9322916666666665,V^^N_BADP_1
V-S-MNSP1,V-DDWO_RADIAL,BROKENH1,NSW1,GENERATOR,-2.9322916666666665,V^^N_BADP_1
V-S-MNSP1,V-DDWO_RADIAL,WSTWYSF1,NSW1,GENERATOR,-2.8645833333333335,V^^N_BADP_1
V-S-MNSP1,V-DDWO_RADIAL,JUNEESF1,NSW1,GENERATOR,-2.8645833333333335,V^^N_BADP_1
V-S-MNSP1,V-DDWO_RADIAL,HILLSTN1,NSW1,GENERATOR,-2.8645833333333335,V^^N_BADP_1
V-S-MNSP1,V-DDWO_RADIAL,FINLYSF1,NSW1,GENERATOR,-2.8645833333333335,V^^N_BADP_1
V-S-MNSP1,V-DDWO_X5,SUNRSF1,NSW1,GENERATOR,-2.9322916666666665,V^^N_BADP_1
V-S-MNSP1,V-DDWO_X5,STWF1,NSW1,GENERATOR,-2.9322916666666665,V^^N_BADP_1
V-S-MNSP1,V-DDWO_X5,BHB1,NSW1,BIDIRECTIONAL,-2.9322916666666665,V^^N_BADP_1
V-S-MNSP1,V-DDWO_X5,LIMOSF21,NSW1,GENERATOR,-2.9322916666666665,V^^N_BADP_1
V-S-MNSP1,V-DDWO_X5,LIMOSF11,NSW1,GENERATOR,-2.9322916666666665,V^^N_BADP_1
V-S-MNSP1,V-DDWO_X5,BROKENH1,NSW1,GENERATOR,-2.9322916666666665,V^^N_BADP_1
V-S-MNSP1,V-DDWO_X5,WSTWYSF1,NSW1,GENERATOR,-2.8645833333333335,V^^N_BADP_1
V-S-MNSP1,V-DDWO_X5,JUNEESF1,NSW1,GENERATOR,-2.8645833333333335,V^^N_BADP_1
V-S-MNSP1,V-DDWO_X5,HILLSTN1,NSW1,GENERATOR,-2.8645833333333335,V^^N_BADP_1
V-S-MNSP1,V-DDWO_X5,FINLYSF1,NSW1,GENERATOR,-2.8645833333333335,V^^N_BADP_1
V-S-MNSP1,V-HOMR,LIMOSF21,NSW1,GENERATOR,1.4858841010401187,V>>HOMR_X5DP_KGBE
V-S-MNSP1,V-HOMR,LIMOSF11,NSW1,GENERATOR,1.4858841010401187,V>>HOMR_DPTX_KGBE
V-S-MNSP1,V-HOMR,SUNRSF1,NSW1,GENERATOR,1.4858841010401187,V>>HOMR_DPTX_KGBE
V-S-MNSP1,V-HOMR,LIMBESS1,NSW1,BIDIRECTIONAL,1.4858841010401187,V>>HOMR_DPTX_KGBE
V-S-MNSP1,V-HOMR,KERNGSP1,VIC1,GENERATOR,1.4662756598240467,V>>HOMR_BEKG_X3
V-S-MNSP1,V-HOMR,GANNSF1,VIC1,GENERATOR,1.4662756598240467,V>>HOMR_BEKG_X3
V-S-MNSP1,V-HOMR,COHUNSF1,VIC1,GENERATOR,1.4662756598240467,V>>HOMR_BEKG_X3
V-S-MNSP1,V-HOMR,GANNB1,VIC1,BIDIRECTIONAL,1.4662756598240467,V>>HOMR_BEKG_X3
V-S-MNSP1,V-HOMR,KESSB1,VIC1,BIDIRECTIONAL,1.4367816091954024,V>>HOMR_KGWE_X3
V-S-MNSP1,V-HOMR,BANN1,VIC1,GENERATOR,1.1250000000000002,V>>HOMR_KGWE_X3
V-S-MNSP1,V-HYMO,BROKENH1,NSW1,GENERATOR,-6.008403361344538,N^^V_HY_MO_CR_1
V-S-MNSP1,V-HYMO,BHB1,NSW1,BIDIRECTIONAL,-6.008403361344538,N^^V_HY_MO_CR_1
V-S-MNSP1,V-HYMO,STWF1,NSW1,GENERATOR,-6.008403361344538,N^^V_HY_MO_CR_1
V-S-MNSP1,V-HYMO,UPPTUMUT,NSW1,GENERATOR,-5.025210084033613,N^^V_HY_MO_CR_1
V-S-MNSP1,V-HYMO,URANQ14,NSW1,GENERATOR,-4.126050420168068,N^^V_HY_MO_CR_1
V-S-MNSP1,V-HYMO,URANQ13,NSW1,GENERATOR,-4.126050420168068,N^^V_HY_MO_CR_1
V-S-MNSP1,V-HYMO,URANQ12,NSW1,GENERATOR,-4.126050420168068,N^^V_HY_MO_CR_1
V-S-MNSP1,V-HYMO,URANQ11,NSW1,GENERATOR,-4.126050420168068,N^^V_HY_MO_CR_1
V-S-MNSP1,V-HYMO,DUNDWF2,VIC1,GENERATOR,4.100840336134454,N^^V_HY_MO_CR_1
V-S-MNSP1,V-HYMO,DUNDWF1,VIC1,GENERATOR,4.100840336134454,N^^V_HY_MO_CR_1
V-S-MNSP1,V-KGKO,ARWF1,VIC1,GENERATOR,1.923076923076923,V>>KGKO_WBBA_X3
V-S-MNSP1,V-KGKO,CROWLWF1,VIC1,GENERATOR,1.9,V>>KGKO_WBBA_X3
V-S-MNSP1,V-KGKO,BULBES1,VIC1,BIDIRECTIONAL,1.8576923076923075,V>>KGKO_WBBA_X5
V-S-MNSP1,V-KGKO,BULGANA1,VIC1,GENERATOR,1.8576923076923075,V>>KGKO_WBBA_X3
V-S-MNSP1,V-KGKO,DARTM1,VIC1,GENERATOR,1.821138211382114,V::N_KGRC_V1
V-S-MNSP1,V-KGKO,MCKAY1,VIC1,GENERATOR,1.821138211382114,V::N_KGRC_V2
V-S-MNSP1,V-KGKO,WKIEWA1,VIC1,GENERATOR,1.821138211382114,V::N_KGRC_V1
V-S-MNSP1,V-KGKO,KIATAWF1,VIC1,GENERATOR,1.6750418760469012,V>>KGKO_BUHO_X3
V-S-MNSP1,V-KGKO,MURRAY,VIC1,GENERATOR,1.5975609756097562,V::N_KGRC_V1
V-S-MNSP1,V-KGKO,MUWAWF1,VIC1,GENERATOR,1.5865384615384615,V>>KGKO_WBBA_X3
V-S-MNSP1,V-KG_WE_RC,ARWF1,VIC1,GENERATOR,1.923076923076923,V>>RCWE_WBBA_X5
V-S-MNSP1,V-KG_WE_RC,CROWLWF1,VIC1,GENERATOR,1.9,V>>RCWE_WBBA_X3
V-S-MNSP1,V-KG_WE_RC,BULGANA1,VIC1,GENERATOR,1.8576923076923075,V>>RCWE_WBBA_X5
V-S-MNSP1,V-KG_WE_RC,BULBES1,VIC1,BIDIRECTIONAL,1.8576923076923075,V>>RCWE_WBBA_X3
V-S-MNSP1,V-KG_WE_RC,WKIEWA1,VIC1,GENERATOR,1.821138211382114,V::N_KGRC_V1
V-S-MNSP1,V-KG_WE_RC,MCKAY1,VIC1,GENERATOR,1.821138211382114,V::N_KGRC_V2
V-S-MNSP1,V-KG_WE_RC,DARTM1,VIC1,GENERATOR,1.821138211382114,V::N_KGRC_V2
V-S-MNSP1,V-KG_WE_RC,KIATAWF1,VIC1,GENERATOR,1.6750418760469012,V>>RCWE_BUHO_X5
V-S-MNSP1,V-KG_WE_RC,MURRAY,VIC1,GENERATOR,1.5975609756097562,V::N_KGRC_V1
V-S-MNSP1,V-KG_WE_RC,MUWAWF1,VIC1,GENERATOR,1.5865384615384615,V>>RCWE_WBBA_X3
V-S-MNSP1,V-KMRC,WKIEWA1,VIC1,GENERATOR,1.821138211382114,V::N_KMRC_V1
V-S-MNSP1,V-KMRC,MCKAY1,VIC1,GENERATOR,1.821138211382114,V::N_KMRC_V2
V-S-MNSP1,V-KMRC,DARTM1,VIC1,GENERATOR,1.821138211382114,V::N_KMRC_V2
V-S-MNSP1,V-KMRC,MURRAY,VIC1,GENERATOR,1.5975609756097562,V::N_KMRC_V1
V-S-MNSP1,V-KMRC,COHUNSF1,VIC1,GENERATOR,1.547987616099071,V>>KMRC_BEKG_X3
V-S-MNSP1,V-KMRC,GANNSF1,VIC1,GENERATOR,1.547987616099071,V>>KMRC_BEKG_X3
V-S-MNSP1,V-KMRC,KERNGSP1,VIC1,GENERATOR,1.547987616099071,V>>KMRC_BEKG_X3
V-S-MNSP1,V-KMRC,GANNB1,VIC1,BIDIRECTIONAL,1.547987616099071,V>>KMRC_BEKG_X3
V-S-MNSP1,V-KMRC,KESSB1,VIC1,BIDIRECTIONAL,1.51285930408472,V>>KMRC_KGWE_X3
V-S-MNSP1,V-KMRC,LIMBESS1,NSW1,BIDIRECTIONAL,1.4858841010401187,V>>KMRC_DPTX_KGBE
V-S-MNSP1,V-KOWE,ARWF1,VIC1,GENERATOR,1.923076923076923,V>>KOWE_WBBA_X3
V-S-MNSP1,V-KOWE,CROWLWF1,VIC1,GENERATOR,1.9,V>>KOWE_WBBA_X5
V-S-MNSP1,V-KOWE,BULGANA1,VIC1,GENERATOR,1.8576923076923075,V>>KOWE_WBBA_X3
V-S-MNSP1,V-KOWE,BULBES1,VIC1,BIDIRECTIONAL,1.8576923076923075,V>>KOWE_WBBA_X3
V-S-MNSP1,V-KOWE,MCKAY1,VIC1,GENERATOR,1.821138211382114,V::N_KGRC_V2
V-S-MNSP1,V-KOWE,WKIEWA1,VIC1,GENERATOR,1.821138211382114,V::N_KGRC_V2
V-S-MNSP1,V-KOWE,DARTM1,VIC1,GENERATOR,1.821138211382114,V::N_KGRC_V2
V-S-MNSP1,V-KOWE,KIATAWF1,VIC1,GENERATOR,1.6750418760469012,V>>KOWE_BUHO_X5
V-S-MNSP1,V-KOWE,MURRAY,VIC1,GENERATOR,1.5975609756097562,V::N_KGRC_V1
V-S-MNSP1,V-KOWE,MUWAWF2,VIC1,GENERATOR,1.5865384615384615,V>>KOWE_WBBA_X5
V-S-MNSP1,V-KO_WE_RC,ARWF1,VIC1,GENERATOR,1.923076923076923,V>>RCWE_WBBA_X5
V-S-MNSP1,V-KO_WE_RC,CROWLWF1,VIC1,GENERATOR,1.9,V>>RCWE_WBBA_X3
V-S-MNSP1,V-KO_WE_RC,BULGANA1,VIC1,GENERATOR,1.8576923076923075,V>>RCWE_WBBA_X5
V-S-MNSP1,V-KO_WE_RC,BULBES1,VIC1,BIDIRECTIONAL,1.8576923076923075,V>>RCWE_WBBA_X3
V-S-MNSP1,V-KO_WE_RC,WKIEWA1,VIC1,GENERATOR,1.821138211382114,V::N_KGRC_V1
V-S-MNSP1,V-KO_WE_RC,MCKAY1,VIC1,GENERATOR,1.821138211382114,V::N_KGRC_V2
V-S-MNSP1,V-KO_WE_RC,DARTM1,VIC1,GENERATOR,1.821138211382114,V::N_KGRC_V2
V-S-MNSP1,V-KO_WE_RC,KIATAWF1,VIC1,GENERATOR,1.6750418760469012,V>>RCWE_BUHO_X5
V-S-MNSP1,V-KO_WE_RC,MURRAY,VIC1,GENERATOR,1.5975609756097562,V::N_KGRC_V1
V-S-MNSP1,V-KO_WE_RC,MUWAWF1,VIC1,GENERATOR,1.5865384615384615,V>>RCWE_WBBA_X3
V-S-MNSP1,V-MLSY_NOEMTT_P,GPWFWST1,VIC1,GENERATOR,3.436426116838488,V^^MLSY_CRML
V-S-MNSP1,V-MLSY_NOEMTT_P,GPWFEST2,VIC1,GENERATOR,3.436426116838488,V^^MLSY_CRML
V-S-MNSP1,V-MLSY_NOEMTT_P,GPWFEST3,VIC1,GENERATOR,3.436426116838488,V^^MLSY_CRML
V-S-MNSP1,V-MLSY_NOEMTT_P,GPWFEST1,VIC1,GENERATOR,3.436426116838488,V^^MLSY_CRML
V-S-MNSP1,V-MLSY_NOEMTT_P,GPWFWST2,VIC1,GENERATOR,3.436426116838488,V^^MLSY_CRML
V-S-MNSP1,V-MLSY_NOEMTT_P,STOCKYD1,VIC1,GENERATOR,3.4158075601374573,V^^MLSY_CRML
V-S-MNSP1,V-MLSY_NOEMTT_P,DUNDWF1,VIC1,GENERATOR,3.3848797250859106,V^^MLSY_CRML
V-S-MNSP1,V-MLSY_NOEMTT_P,MLB01,VIC1,BIDIRECTIONAL,3.3848797250859106,V^^MLSY_CRML
V-S-MNSP1,V-MLSY_NOEMTT_P,MORTLK11,VIC1,GENERATOR,3.3848797250859106,V^^MLSY_CRML
V-S-MNSP1,V-MLSY_NOEMTT_P,DUNDWF2,VIC1,GENERATOR,3.3848797250859106,V^^MLSY_CRML
V-S-MNSP1,V-MLSY_NOEMTT_R,GPWFEST3,VIC1,GENERATOR,3.436426116838488,V^^MLSY_CRML
V-S-MNSP1,V-MLSY_NOEMTT_R,GPWFEST2,VIC1,GENERATOR,3.436426116838488,V^^MLSY_CRML
V-S-MNSP1,V-MLSY_NOEMTT_R,GPWFEST1,VIC1,GENERATOR,3.436426116838488,V^^MLSY_CRML
V-S-MNSP1,V-MLSY_NOEMTT_R,GPWFWST2,VIC1,GENERATOR,3.436426116838488,V^^MLSY_CRML
V-S-MNSP1,V-MLSY_NOEMTT_R,GPWFWST1,VIC1,GENERATOR,3.436426116838488,V^^MLSY_CRML
V-S-MNSP1,V-MLSY_NOEMTT_R,STOCKYD1,VIC1,GENERATOR,3.4158075601374573,V^^MLSY_CRML
V-S-MNSP1,V-MLSY_NOEMTT_R,DUNDWF1,VIC1,GENERATOR,3.3848797250859106,V^^MLSY_CRML
V-S-MNSP1,V-MLSY_NOEMTT_R,DUNDWF2,VIC1,GENERATOR,3.3848797250859106,V^^MLSY_CRML
V-S-MNSP1,V-MLSY_NOEMTT_R,MLB01,VIC1,BIDIRECTIONAL,3.3848797250859106,V^^MLSY_CRML
V-S-MNSP1,V-MLSY_NOEMTT_R,MORTLK11,VIC1,GENERATOR,3.3848797250859106,V^^MLSY_CRML
V-S-MNSP1,V-MOTR,DARTM1,VIC1,GENERATOR,1.0718113612004287,V::N_MLTR_V2
V-S-MNSP1,V-MOTR,MCKAY1,VIC1,GENERATOR,1.0718113612004287,V::N_MLTR_V2
V-S-MNSP1,V-MOTR,WKIEWA1,VIC1,GENERATOR,1.0718113612004287,V::N_MLTR_V1
V-S-MNSP1,V-MOTR,MURRAY,VIC1,GENERATOR,0.8017148981779206,V::N_MLTR_V2
V-S-MNSP1,V-MOTR,BRYB2WF2,VIC1,GENERATOR,0.3354769560557342,V::N_MLTR_V2
V-S-MNSP1,V-MOTR,MERCER01,VIC1,GENERATOR,0.3354769560557342,V::N_MLTR_V2
V-S-MNSP1,V-MOTR,MOORAWF1,VIC1,GENERATOR,0.3354769560557342,V::N_MLTR_V2
V-S-MNSP1,V-MOTR,RANGEB1,VIC1,BIDIRECTIONAL,0.3354769560557342,V::N_MLTR_V2
V-S-MNSP1,V-MOTR,CROWLWF1,VIC1,GENERATOR,0.3354769560557342,V::N_MLTR_V2
V-S-MNSP1,V-MOTR,MOKOSF1,VIC1,GENERATOR,0.3354769560557342,V::N_MLTR_V2
V-S-MNSP1,V-MRKM,SUNRSF1,NSW1,GENERATOR,1.4858841010401187,V>>HOMR_DPTX_KGBE
V-S-MNSP1,V-MRKM,LIMOSF11,NSW1,GENERATOR,1.4858841010401187,V>>HOMR_DPTX_KGBE
V-S-MNSP1,V-MRKM,LIMOSF21,NSW1,GENERATOR,1.4858841010401187,V>>HOMR_DPTX_KGBE
V-S-MNSP1,V-MRKM,LIMBESS1,NSW1,BIDIRECTIONAL,1.4858841010401187,V>>HOMR_DPTX_KGBE
V-S-MNSP1,V-MRKM,GANNB1,VIC1,BIDIRECTIONAL,1.4662756598240467,V>>HOKM_BEKG_X3
V-S-MNSP1,V-MRKM,COHUNSF1,VIC1,GENERATOR,1.4662756598240467,V>>HOKM_BEKG_X3
V-S-MNSP1,V-MRKM,KERNGSP1,VIC1,GENERATOR,1.4662756598240467,V>>HOKM_BEKG_X3
V-S-MNSP1,V-MRKM,GANNSF1,VIC1,GENERATOR,1.4662756598240467,V>>HOKM_BEKG_X3
V-S-MNSP1,V-MRKM,KESSB1,VIC1,BIDIRECTIONAL,1.4367816091954024,V>>HOKM_KGWE_X3
V-S-MNSP1,V-MRKM,BANN1,VIC1,GENERATOR,1.1250000000000002,V>>HOKM_KGWE_X3
V-S-MNSP1,V-RCTS_BUS2,BROKENH1,NSW1,GENERATOR,-6.008403361344538,N^^V_RC_BUS2_1
V-S-MNSP1,V-RCTS_BUS2,BHB1,NSW1,BIDIRECTIONAL,-6.008403361344538,N^^V_RC_BUS2_1
V-S-MNSP1,V-RCTS_BUS2,STWF1,NSW1,GENERATOR,-6.008403361344538,N^^V_RC_BUS2_1
V-S-MNSP1,V-RCTS_BUS2,UPPTUMUT,NSW1,GENERATOR,-5.025210084033613,N^^V_RC_BUS2_1
V-S-MNSP1,V-RCTS_BUS2,URANQ12,NSW1,GENERATOR,-4.126050420168068,N^^V_RC_BUS2_1
V-S-MNSP1,V-RCTS_BUS2,URANQ13,NSW1,GENERATOR,-4.126050420168068,N^^V_RC_BUS2_1
V-S-MNSP1,V-RCTS_BUS2,URANQ14,NSW1,GENERATOR,-4.126050420168068,N^^V_RC_BUS2_1
V-S-MNSP1,V-RCTS_BUS2,URANQ11,NSW1,GENERATOR,-4.126050420168068,N^^V_RC_BUS2_1
V-S-MNSP1,V-RCTS_BUS2,MURRAY,VIC1,GENERATOR,4.0588235294117645,N^^V_RC_BUS2_1
V-S-MNSP1,V-RCTS_BUS2,SNOWYP,NSW1,LOAD,3.2773109243697482,N^^V_RC_BUS2_1
V-S-MNSP1,V-RCWT,ARWF1,VIC1,GENERATOR,1.923076923076923,V>>RCWE_WBBA_X3
V-S-MNSP1,V-RCWT,CROWLWF1,VIC1,GENERATOR,1.9,V>>RCWE_WBBA_X5
V-S-MNSP1,V-RCWT,BULBES1,VIC1,BIDIRECTIONAL,1.8576923076923075,V>>RCWE_WBBA_X3
V-S-MNSP1,V-RCWT,BULGANA1,VIC1,GENERATOR,1.8576923076923075,V>>RCWE_WBBA_X3
V-S-MNSP1,V-RCWT,MCKAY1,VIC1,GENERATOR,1.821138211382114,V::N_KGRC_V2
V-S-MNSP1,V-RCWT,WKIEWA1,VIC1,GENERATOR,1.821138211382114,V::N_KGRC_V2
V-S-MNSP1,V-RCWT,DARTM1,VIC1,GENERATOR,1.821138211382114,V::N_KGRC_V1
V-S-MNSP1,V-RCWT,KIATAWF1,VIC1,GENERATOR,1.6750418760469012,V>>RCWE_BUHO_X5
V-S-MNSP1,V-RCWT,MURRAY,VIC1,GENERATOR,1.5975609756097562,V::N_KGRC_V2
V-S-MNSP1,V-RCWT,MUWAWF1,VIC1,GENERATOR,1.5865384615384615,V>>RCWE_WBBA_X5
V-S-MNSP1,V-SMSC,WKIEWA1,VIC1,GENERATOR,3.4013605442176873,V>>SMSC_MBEP_DDSM
V-S-MNSP1,V-SMSC,DARTM1,VIC1,GENERATOR,3.4013605442176873,V>>SMSC_MBEP_DDSM
V-S-MNSP1,V-SMSC,MCKAY1,VIC1,GENERATOR,3.4013605442176873,V>>SMSC_MBEP_DDSM
V-S-MNSP1,V-SMSC,WINTSF1,VIC1,GENERATOR,2.568027210884354,V>>SMSC_MBEP_DDSM
V-S-MNSP1,V-SMSC,GLRWNSF1,VIC1,GENERATOR,2.568027210884354,V>>SMSC_MBEP_DDSM
V-S-MNSP1,V-SMSC,MOKOSF1,VIC1,GENERATOR,2.568027210884354,V>>SMSC_MBEP_DDSM
V-S-MNSP1,V-SMSC,GLENSF1,VIC1,GENERATOR,2.5238095238095237,V>>SMSC_MBEP_DDSM
V-S-MNSP1,V-SMSC,GOESF1,VIC1,GENERATOR,2.4659863945578233,V>>SMSC_MBEP_DDSM
V-S-MNSP1,V-SMSC,PLBESS1,VIC1,BIDIRECTIONAL,2.377551020408163,V>>SMSC_MBEP_DDSM
V-S-MNSP1,V-SMSC,NUMURSF1,VIC1,GENERATOR,2.3435374149659864,V>>SMSC_MBEP_DDSM
V-S-MNSP1,V-X_BAML2_MLTG_B2CB,ELAINWF1,VIC1,GENERATOR,2.5125628140703515,V>>BAML2CB_ELML_BAML
V-S-MNSP1,V-X_BAML2_MLTG_B2CB,MOORAWF1,VIC1,GENERATOR,2.5125628140703515,V>>BAML2CB_ELML_BAML
V-S-MNSP1,V-X_BAML2_MLTG_B2CB,MERCER01,VIC1,GENERATOR,2.5125628140703515,V>>BAML2CB_ELML_BAML
V-S-MNSP1,V-X_BAML2_MLTG_B2CB,BRYB2WF2,VIC1,GENERATOR,2.1909547738693465,V>>BAML2CB_ELML_BAML
V-S-MNSP1,V-X_BAML2_MLTG_B2CB,BRYB1WF1,VIC1,GENERATOR,2.1909547738693465,V>>BAML2CB_ELML_BAML
V-S-MNSP1,V-X_BAML2_MLTG_B2CB,BALB1,VIC1,BIDIRECTIONAL,2.130653266331658,V>>BAML2CB_ELML_BAML
V-S-MNSP1,V-X_BAML2_MLTG_B2CB,YENDWF1,VIC1,GENERATOR,2.1256281407035176,V>>BAML2CB_ELML_BAML
V-S-MNSP1,V-X_BAML2_MLTG_B2CB,MRTLSWF1,VIC1,GENERATOR,2.1231155778894473,V>>BAML2CB_ELML_BAML
V-S-MNSP1,V-X_BAML2_MLTG_B2CB,TRGBESS1,VIC1,BIDIRECTIONAL,2.1231155778894473,V>>BAML2CB_ELML_BAML
V-S-MNSP1,V-X_BAML2_MLTG_B2CB,ARWF1,VIC1,GENERATOR,2.0502512562814066,V>>BAML2CB_ELML_BAML
V-S-MNSP1,V-X_RCTS_B2_SMTX,GANNSF1,VIC1,GENERATOR,1.0,V>>X_RC_B2_SMTX_1
V-S-MNSP1,V-X_RCTS_B2_SMTX,COHUNSF1,VIC1,GENERATOR,1.0,V>>X_RC_B2_SMTX_1
V-S-MNSP1,V-X_RCTS_B2_SMTX,GANNB1,VIC1,BIDIRECTIONAL,1.0,V>>X_RC_B2_SMTX_1
V-S-MNSP1,V-X_RCTS_B2_SMTX,YATSF1,VIC1,GENERATOR,1.0,V>>X_RC_B2_SMTX_1
V-S-MNSP1,V-X_RCTS_B2_SMTX,KARSF1,VIC1,GENERATOR,1.0,V>>X_RC_B2_SMTX_1
V-S-MNSP1,V-X_RCTS_B2_SMTX,WEMENSF1,VIC1,GENERATOR,1.0,V>>X_RC_B2_SMTX_1
V-S-MNSP1,V-X_RCTS_B2_SMTX,BANN1,VIC1,GENERATOR,1.0,V>>X_RC_B2_SMTX_1
V-S-MNSP1,V-X_RCTS_B2_SMTX,GIRGSF,VIC1,GENERATOR,0.403,V>>X_RC_B2_SMTX_1
V-S-MNSP1,V-X_RCTS_B2_SMTX,WUNUSF1,VIC1,GENERATOR,0.403,V>>X_RC_B2_SMTX_1
V-S-MNSP1,V-X_RCTS_B2_SMTX,NUMURSF1,VIC1,GENERATOR,0.403,V>>X_RC_B2_SMTX_1
V-SA,CA_BRIS_5873DCEF,KERNGSP1,VIC1,GENERATOR,4.721435316336167,CA_BRIS_5873DCEF_1
V-SA,CA_BRIS_5873DCEF,GANNB1,VIC1,BIDIRECTIONAL,4.721435316336167,CA_BRIS_5873DCEF_1
V-SA,CA_BRIS_5873DCEF,COHUNSF1,VIC1,GENERATOR,4.721435316336167,CA_BRIS_5873DCEF_1
V-SA,CA_BRIS_5873DCEF,GANNSF1,VIC1,GENERATOR,4.721435316336167,CA_BRIS_5873DCEF_1
V-SA,CA_BRIS_5873DCEF,KESSB1,VIC1,BIDIRECTIONAL,4.567988668555241,CA_BRIS_5873DCEF_1
V-SA,CA_BRIS_5873DCEF,NUMURSF1,VIC1,GENERATOR,3.619924457034939,CA_BRIS_5873DCEF_1
V-SA,CA_BRIS_5873DCEF,WUNUSF1,VIC1,GENERATOR,3.619924457034939,CA_BRIS_5873DCEF_1
V-SA,CA_BRIS_5873DCEF,GIRGSF,VIC1,GENERATOR,3.619924457034939,CA_BRIS_5873DCEF_1
V-SA,CA_BRIS_5873DCEF,GOESF1,VIC1,GENERATOR,3.339943342776204,CA_BRIS_5873DCEF_1
V-SA,CA_BRIS_5873DCEF,GLENSF1,VIC1,GENERATOR,3.223796033994334,CA_BRIS_5873DCEF_1
V-SA,CA_BRIS_5964121F,VBB1,VIC1,BIDIRECTIONAL,1.6147263038914905,CA_BRIS_5964121F_2
V-SA,CA_BRIS_5964121F,CROWLWF1,VIC1,GENERATOR,1.478927821734216,CA_BRIS_5964121F_1
V-SA,CA_BRIS_5964121F,MERCER01,VIC1,GENERATOR,1.478927821734216,CA_BRIS_5964121F_1
V-SA,CA_BRIS_5964121F,BULBES1,VIC1,BIDIRECTIONAL,1.478927821734216,CA_BRIS_5964121F_1
V-SA,CA_BRIS_5964121F,KIATAWF1,VIC1,GENERATOR,1.478927821734216,CA_BRIS_5964121F_1
V-SA,CA_BRIS_5964121F,KIAMSF1,VIC1,GENERATOR,1.478927821734216,CA_BRIS_5964121F_1
V-SA,CA_BRIS_5964121F,MUWAWF2,VIC1,GENERATOR,1.478927821734216,CA_BRIS_5964121F_1
V-SA,CA_BRIS_5964121F,BULGANA1,VIC1,GENERATOR,1.478927821734216,CA_BRIS_5964121F_1
V-SA,CA_BRIS_5964121F,ARWF1,VIC1,GENERATOR,1.478927821734216,CA_BRIS_5964121F_1
V-SA,CA_BRIS_5964121F,MUWAWF1,VIC1,GENERATOR,1.478927821734216,CA_BRIS_5964121F_2
V-SA,CA_SYDS_562A9792,GPWFEST3,VIC1,GENERATOR,1.0,CA_SYDS_562A9792_1
V-SA,CA_SYDS_562A9792,GPWFEST2,VIC1,GENERATOR,1.0,CA_SYDS_562A9792_1
V-SA,CA_SYDS_562A9792,DUNDWF3,VIC1,GENERATOR,1.0,CA_SYDS_562A9792_1
V-SA,CA_SYDS_562A9792,MORTLK11,VIC1,GENERATOR,1.0,CA_SYDS_562A9792_1
V-SA,CA_SYDS_562A9792,DUNDWF1,VIC1,GENERATOR,1.0,CA_SYDS_562A9792_1
V-SA,CA_SYDS_562A9792,MORTLK12,VIC1,GENERATOR,1.0,CA_SYDS_562A9792_1
V-SA,CA_SYDS_562A9792,RYANCWF1,VIC1,GENERATOR,1.0,CA_SYDS_562A9792_1
V-SA,CA_SYDS_562A9792,MACARTH1,VIC1,GENERATOR,1.0,CA_SYDS_562A9792_1
V-SA,CA_SYDS_562A9792,HD1WF1,VIC1,GENERATOR,1.0,CA_SYDS_562A9792_1
V-SA,CA_SYDS_562A9792,VBB1,VIC1,BIDIRECTIONAL,1.0,CA_SYDS_562A9792_1
V-SA,CA_SYDS_56BD5936,TB2SF1,SA1,GENERATOR,-9.624639076034649,CA_SYDS_56BD5936_1
V-SA,CA_SYDS_56BD5936,TBSF1,SA1,GENERATOR,-9.624639076034649,CA_SYDS_56BD5936_1
V-SA,CA_SYDS_56BD5936,TB2B1,SA1,BIDIRECTIONAL,-9.624639076034649,CA_SYDS_56BD5936_1
V-SA,CA_SYDS_56BD5936,LADBROK1,SA1,GENERATOR,-2.4340712223291625,CA_SYDS_56BD5936_1
V-SA,CA_SYDS_56BD5936,LADBROK2,SA1,GENERATOR,-2.4340712223291625,CA_SYDS_56BD5936_1
V-SA,CA_SYDS_56BD5936,LKBONNY1,SA1,GENERATOR,-1.5235803657362847,CA_SYDS_56BD5936_1
V-SA,CA_SYDS_56BD5936,LBB1,SA1,BIDIRECTIONAL,-1.5235803657362847,CA_SYDS_56BD5936_1
V-SA,CA_SYDS_56BD5936,LKBONNY3,SA1,GENERATOR,-1.5235803657362847,CA_SYDS_56BD5936_1
V-SA,CA_SYDS_56BD5936,SNUG1,SA1,GENERATOR,-1.5235803657362847,CA_SYDS_56BD5936_1
V-SA,CA_SYDS_56BD5936,CNUNDAWF,SA1,GENERATOR,-1.5235803657362847,CA_SYDS_56BD5936_1
V-SA,CA_SYDS_594882A3,LIMOSF11,NSW1,GENERATOR,-5.920663114268798,CA_SYDS_594882A3_1
V-SA,CA_SYDS_594882A3,LIMOSF21,NSW1,GENERATOR,-5.920663114268798,CA_SYDS_594882A3_1
V-SA,CA_SYDS_594882A3,SUNRSF1,NSW1,GENERATOR,-5.920663114268798,CA_SYDS_594882A3_1
V-SA,CA_SYDS_594882A3,LIMBESS1,NSW1,BIDIRECTIONAL,-5.920663114268798,CA_SYDS_594882A3_1
V-SA,CA_SYDS_594882A3,BHB1,NSW1,BIDIRECTIONAL,3.148608644168147,CA_SYDS_594882A3_1
V-SA,CA_SYDS_594882A3,BROKENH1,NSW1,GENERATOR,3.148608644168147,CA_SYDS_594882A3_1
V-SA,CA_SYDS_594882A3,STWF1,NSW1,GENERATOR,3.148608644168147,CA_SYDS_594882A3_1
V-SA,CA_SYDS_594882A3,KARSF1,VIC1,GENERATOR,2.297217288336294,CA_SYDS_594882A3_1
V-SA,CA_SYDS_594882A3,YATSF1,VIC1,GENERATOR,2.297217288336294,CA_SYDS_594882A3_1
V-SA,CA_SYDS_594882A3,BANN1,VIC1,GENERATOR,1.9662522202486679,CA_SYDS_594882A3_1
V-SA,CA_SYDS_597A8B26,BALB1,VIC1,BIDIRECTIONAL,5.924170616113744,CA_SYDS_597A8B26_1
V-SA,CA_SYDS_597A8B26,YENDWF1,VIC1,GENERATOR,5.919431279620853,CA_SYDS_597A8B26_2
V-SA,CA_SYDS_597A8B26,ARWF1,VIC1,GENERATOR,5.540284360189573,CA_SYDS_597A8B26_1
V-SA,CA_SYDS_597A8B26,CROWLWF1,VIC1,GENERATOR,5.462677725118484,CA_SYDS_597A8B26_1
V-SA,CA_SYDS_597A8B26,BULBES1,VIC1,BIDIRECTIONAL,5.338270142180095,CA_SYDS_597A8B26_2
V-SA,CA_SYDS_597A8B26,BULGANA1,VIC1,GENERATOR,5.338270142180095,CA_SYDS_597A8B26_2
V-SA,CA_SYDS_597A8B26,KIATAWF1,VIC1,GENERATOR,4.859597156398104,CA_SYDS_597A8B26_1
V-SA,CA_SYDS_597A8B26,BRYB2WF2,VIC1,GENERATOR,4.79739336492891,CA_SYDS_597A8B26_1
V-SA,CA_SYDS_597A8B26,BRYB1WF1,VIC1,GENERATOR,4.79739336492891,CA_SYDS_597A8B26_2
V-SA,CA_SYDS_597A8B26,MUWAWF2,VIC1,GENERATOR,4.55154028436019,CA_SYDS_597A8B26_2
V-SA,CA_SYDS_597B3DBD,ELAINWF1,VIC1,GENERATOR,5.434782608695652,CA_SYDS_597B3DBD_1
V-SA,CA_SYDS_597B3DBD,MOORAWF1,VIC1,GENERATOR,5.434782608695652,CA_SYDS_597B3DBD_1
V-SA,CA_SYDS_597B3DBD,MERCER01,VIC1,GENERATOR,5.434782608695652,CA_SYDS_597B3DBD_1
V-SA,CA_SYDS_597B3DBD,BRYB1WF1,VIC1,GENERATOR,4.783695652173913,CA_SYDS_597B3DBD_1
V-SA,CA_SYDS_597B3DBD,BRYB2WF2,VIC1,GENERATOR,4.783695652173913,CA_SYDS_597B3DBD_1
V-SA,CA_SYDS_597B3DBD,BALB1,VIC1,BIDIRECTIONAL,4.7679347826086955,CA_SYDS_597B3DBD_1
V-SA,CA_SYDS_597B3DBD,YENDWF1,VIC1,GENERATOR,4.764130434782609,CA_SYDS_597B3DBD_1
V-SA,CA_SYDS_597B3DBD,MRTLSWF1,VIC1,GENERATOR,4.639673913043478,CA_SYDS_597B3DBD_1
V-SA,CA_SYDS_597B3DBD,ARWF1,VIC1,GENERATOR,4.470652173913043,CA_SYDS_597B3DBD_1
V-SA,CA_SYDS_597B3DBD,SALTCRK1,VIC1,GENERATOR,4.4380434782608695,CA_SYDS_597B3DBD_1
V-SA,CA_SYDS_597B5710,ELAINWF1,VIC1,GENERATOR,5.434782608695652,CA_SYDS_597B5710_1
V-SA,CA_SYDS_597B5710,MOORAWF1,VIC1,GENERATOR,5.434782608695652,CA_SYDS_597B5710_1
V-SA,CA_SYDS_597B5710,MERCER01,VIC1,GENERATOR,5.434782608695652,CA_SYDS_597B5710_1
V-SA,CA_SYDS_597B5710,BRYB1WF1,VIC1,GENERATOR,4.783695652173913,CA_SYDS_597B5710_1
V-SA,CA_SYDS_597B5710,BRYB2WF2,VIC1,GENERATOR,4.783695652173913,CA_SYDS_597B5710_1
V-SA,CA_SYDS_597B5710,BALB1,VIC1,BIDIRECTIONAL,4.7679347826086955,CA_SYDS_597B5710_1
V-SA,CA_SYDS_597B5710,YENDWF1,VIC1,GENERATOR,4.764130434782609,CA_SYDS_597B5710_1
V-SA,CA_SYDS_597B5710,MRTLSWF1,VIC1,GENERATOR,4.639673913043478,CA_SYDS_597B5710_1
V-SA,CA_SYDS_597B5710,ARWF1,VIC1,GENERATOR,4.470652173913043,CA_SYDS_597B5710_1
V-SA,CA_SYDS_597B5710,SALTCRK1,VIC1,GENERATOR,4.4380434782608695,CA_SYDS_597B5710_1
V-SA,F-I-HYSE,LKBONNY2,SA1,GENERATOR,-1.0,F_S++HYSE_R5
V-SA,F-I-HYSE,LKBONNY1,SA1,GENERATOR,-1.0,F_S++HYSE_R5
V-SA,F-I-HYSE,LKBONNY3,SA1,GENERATOR,-1.0,F_S++HYSE_R5
V-SA,I-6F_NS_000,KARSF1,VIC1,GENERATOR,-1.001001001001001,I_6F_NS_000
V-SA,I-6F_NS_000,YATSF1,VIC1,GENERATOR,-1.001001001001001,I_6F_NS_000
V-SA,I-6F_NS_000,BROKENH1,NSW1,GENERATOR,-0.936936936936937,I_6F_NS_100
V-SA,I-6F_NS_000,BHB1,NSW1,BIDIRECTIONAL,-0.936936936936937,I_6F_NS_100
V-SA,I-6F_NS_000,STWF1,NSW1,GENERATOR,-0.936936936936937,I_6F_NS_100
V-SA,I-6F_NS_000,WEMENSF1,VIC1,GENERATOR,-0.8688688688688688,I_6F_NS_100
V-SA,I-6F_NS_000,BANN1,VIC1,GENERATOR,-0.8688688688688688,I_6F_NS_000
V-SA,I-6F_NS_000,KIAMSF1,VIC1,GENERATOR,-0.8268268268268267,I_6F_NS_000
V-SA,I-6F_NS_000,LIMOSF21,NSW1,GENERATOR,-0.6666666666666667,I_6F_NS_000
V-SA,I-6F_NS_000,LIMBESS1,NSW1,BIDIRECTIONAL,-0.6666666666666667,I_6F_NS_100
V-SA,I-6F_NS_050,YATSF1,VIC1,GENERATOR,-1.001001001001001,I_6F_NS_050
V-SA,I-6F_NS_050,KARSF1,VIC1,GENERATOR,-1.001001001001001,I_6F_NS_050
V-SA,I-6F_NS_050,BROKENH1,NSW1,GENERATOR,-0.936936936936937,I_6F_NS_050
V-SA,I-6F_NS_050,BHB1,NSW1,BIDIRECTIONAL,-0.936936936936937,I_6F_NS_050
V-SA,I-6F_NS_050,STWF1,NSW1,GENERATOR,-0.936936936936937,I_6F_NS_050
V-SA,I-6F_NS_050,BANN1,VIC1,GENERATOR,-0.8688688688688688,I_6F_NS_050
V-SA,I-6F_NS_050,WEMENSF1,VIC1,GENERATOR,-0.8688688688688688,I_6F_NS_050
V-SA,I-6F_NS_050,KIAMSF1,VIC1,GENERATOR,-0.8268268268268267,I_6F_NS_050
V-SA,I-6F_NS_050,LIMOSF21,NSW1,GENERATOR,-0.6666666666666667,I_6F_NS_050
V-SA,I-6F_NS_050,LIMBESS1,NSW1,BIDIRECTIONAL,-0.6666666666666667,I_6F_NS_050
V-SA,I-6F_SN_050,LBB1,SA1,BIDIRECTIONAL,-0.515,I_6F_SN_050
V-SA,I-6F_SN_050,LKBONNY3,SA1,GENERATOR,-0.515,I_6F_SN_050
V-SA,I-6F_SN_050,LKBONNY2,SA1,GENERATOR,-0.515,I_6F_SN_050
V-SA,I-6F_SN_050,SNUG1,SA1,GENERATOR,-0.515,I_6F_SN_050
V-SA,I-6F_SN_050,CNUNDAWF,SA1,GENERATOR,-0.515,I_6F_SN_050
V-SA,I-6F_SN_050,LKBONNY1,SA1,GENERATOR,-0.515,I_6F_SN_050
V-SA,I-6F_SN_050,LADBROK1,SA1,GENERATOR,-0.473,I_6F_SN_050
V-SA,I-6F_SN_050,LADBROK2,SA1,GENERATOR,-0.473,I_6F_SN_050
V-SA,I-6F_SN_050,GSWF1B1,SA1,GENERATOR,0.201,I_6F_SN_050
V-SA,I-6F_SN_050,GSWF1A,SA1,GENERATOR,0.201,I_6F_SN_050
V-SA,I-BDBU_ONE,TB2B1,SA1,BIDIRECTIONAL,-13.422818791946309,S>>BDBU_TBTX4_TBMO_1
V-SA,I-BDBU_ONE,TBSF1,SA1,GENERATOR,-13.422818791946309,S>>BDBU_TBTX4_TBMO_1
V-SA,I-BDBU_ONE,TB2SF1,SA1,GENERATOR,-13.422818791946309,S>>BDBU_TBTX4_TBMO_1
V-SA,I-BDBU_ONE,LADBROK2,SA1,GENERATOR,4.0733197556008145,S>>BDBU_TBSE_PWSE_1
V-SA,I-BDBU_ONE,LADBROK1,SA1,GENERATOR,4.0733197556008145,S>>BDBU_TBSE_PWSE_1
V-SA,I-BDBU_ONE,MBPS2PV1,SA1,GENERATOR,2.257425742574257,S>>BDBU_TBTU_TBMO_1
V-SA,I-BDBU_ONE,MANNSF2,SA1,GENERATOR,2.064356435643564,S>>BDBU_TUTB_MOTB_1
V-SA,I-BDBU_ONE,MANNUMB1,SA1,BIDIRECTIONAL,2.064356435643564,S>>BDBU_TUTB_MOTB_1
V-SA,I-BDBU_ONE,SNUG1,SA1,GENERATOR,-1.77,V^^S_BDBU_TBSE_2
V-SA,I-BDBU_ONE,MAPS2PV1,SA1,GENERATOR,1.7648514851485146,S>>BDBU_TUTB_MOTB_1
V-SA,I-HYSE,MCKAY1,VIC1,GENERATOR,3.558718861209964,V::N_HYSE_V2
V-SA,I-HYSE,DARTM1,VIC1,GENERATOR,3.558718861209964,V::N_HYSE_V2
V-SA,I-HYSE,WKIEWA1,VIC1,GENERATOR,3.558718861209964,V::N_HYSE_V1
V-SA,I-HYSE,MURRAY,VIC1,GENERATOR,2.6619217081850532,V::N_HYSE_V2
V-SA,I-HYSE,SNUG1,SA1,GENERATOR,-2.01,V::S_HYSE_MAXG_2-DS
V-SA,I-HYSE,TIB1,SA1,BIDIRECTIONAL,-1.2,V::S_HYSE_MG_TIBG1
V-SA,I-HYSE,SNAPPER1,SA1,GENERATOR,-1.2,V::S_HYSE_MG_SNPT
V-SA,I-HYSE,PPCCGT,SA1,GENERATOR,-1.2,V::S_HYSE_MG_PPST
V-SA,I-HYSE,DRYCNL3,SA1,GENERATOR,-1.2,V::S_HYSE_MG_PPGT2
V-SA,I-HYSE,BARKIPS1,SA1,GENERATOR,-1.2,V::S_HYSE_MG_BIPS
V-SA,I-JNWO_63,MCKAY1,VIC1,GENERATOR,2.6779661016949152,V::N_DDWG_O1
V-SA,I-JNWO_63,DARTM1,VIC1,GENERATOR,2.6779661016949152,V::N_DDWG_O1
V-SA,I-JNWO_63,WKIEWA1,VIC1,GENERATOR,2.6779661016949152,V::N_DDWG_O1
V-SA,I-JNWO_63,MURRAY,VIC1,GENERATOR,2.1553672316384183,V::N_DDWG_O1
V-SA,I-JNWO_63,HBESS1,VIC1,BIDIRECTIONAL,1.0112994350282487,V::N_DDWG_O1
V-SA,I-JNWO_63,GANNB1,VIC1,BIDIRECTIONAL,1.0112994350282487,V::N_DDWG_O1
V-SA,I-JNWO_63,GANNSF1,VIC1,GENERATOR,1.0112994350282487,V::N_DDWG_O1
V-SA,I-JNWO_63,KERNGSP1,VIC1,GENERATOR,1.0112994350282487,V::N_DDWG_O1
V-SA,I-JNWO_63,COHUNSF1,VIC1,GENERATOR,1.0112994350282487,V::N_DDWG_O1
V-SA,I-JNWO_63,KIAMSF1,VIC1,GENERATOR,1.0112994350282487,V::N_DDWG_O1
V-SA,I-JNWO_RADIAL,COHUNSF1,VIC1,GENERATOR,5.434782608695652,V>>X5_BABE_SHBE
V-SA,I-JNWO_RADIAL,GANNB1,VIC1,BIDIRECTIONAL,5.434782608695652,V>>X5_BABE_SHBE
V-SA,I-JNWO_RADIAL,KERNGSP1,VIC1,GENERATOR,5.434782608695652,V>>X5_BABE_SHBE
V-SA,I-JNWO_RADIAL,GANNSF1,VIC1,GENERATOR,5.434782608695652,V>>X5_BABE_SHBE
V-SA,I-JNWO_RADIAL,KESSB1,VIC1,BIDIRECTIONAL,5.25,V>>X5_BABE_SHBE
V-SA,I-JNWO_RADIAL,ARWF1,VIC1,GENERATOR,5.154639175257731,V>>X5_WBBA_KGBE
V-SA,I-JNWO_RADIAL,CROWLWF1,VIC1,GENERATOR,5.077319587628866,V>>X5_WBBA_KGBE
V-SA,I-JNWO_RADIAL,BULBES1,VIC1,BIDIRECTIONAL,4.9381443298969065,V>>X5_WBBA_KGBE
V-SA,I-JNWO_RADIAL,BULGANA1,VIC1,GENERATOR,4.9381443298969065,V>>X5_WBBA_KGBE
V-SA,I-JNWO_RADIAL,MUWAWF1,VIC1,GENERATOR,4.108247422680413,V>>X5_WBBA_KGBE
V-SA,I-SV_HEY_550_TEST,LBB1,SA1,BIDIRECTIONAL,0.158,SV_HEY_550_TEST
V-SA,I-SV_HEY_550_TEST,LKBONNY1,SA1,GENERATOR,0.158,SV_HEY_550_TEST
V-SA,I-SV_HEY_550_TEST,LKBONNY2,SA1,GENERATOR,0.158,SV_HEY_550_TEST
V-SA,I-SV_HEY_550_TEST,LKBONNY3,SA1,GENERATOR,0.158,SV_HEY_550_TEST
V-SA,I-SV_HEY_550_TEST,SNUG1,SA1,GENERATOR,0.158,SV_HEY_550_TEST
V-SA,I-SV_HEY_550_TEST,CNUNDAWF,SA1,GENERATOR,0.158,SV_HEY_550_TEST
V-SA,I-SV_HEY_600_TEST,LBB1,SA1,BIDIRECTIONAL,0.158,SV_HEY_600_TEST
V-SA,I-SV_HEY_600_TEST,LKBONNY1,SA1,GENERATOR,0.158,SV_HEY_600_TEST
V-SA,I-SV_HEY_600_TEST,LKBONNY2,SA1,GENERATOR,0.158,SV_HEY_600_TEST
V-SA,I-SV_HEY_600_TEST,LKBONNY3,SA1,GENERATOR,0.158,SV_HEY_600_TEST
V-SA,I-SV_HEY_600_TEST,SNUG1,SA1,GENERATOR,0.158,SV_HEY_600_TEST
V-SA,I-SV_HEY_600_TEST,CNUNDAWF,SA1,GENERATOR,0.158,SV_HEY_600_TEST
V-SA,I-VS_HEY_600_TEST,KARSF1,VIC1,GENERATOR,0.399,VS_HEY_600_TEST
V-SA,I-VS_HEY_600_TEST,YATSF1,VIC1,GENERATOR,0.399,VS_HEY_600_TEST
V-SA,I-VS_HEY_600_TEST,CRWARP1,VIC1,GENERATOR,0.381,VS_HEY_600_TEST
V-SA,I-VS_HEY_600_TEST,BHB1,NSW1,BIDIRECTIONAL,0.376,VS_HEY_600_TEST
V-SA,I-VS_HEY_600_TEST,BROKENH1,NSW1,GENERATOR,0.376,VS_HEY_600_TEST
V-SA,I-VS_HEY_600_TEST,STWF1,NSW1,GENERATOR,0.376,VS_HEY_600_TEST
V-SA,I-VS_HEY_600_TEST,WEMENSF1,VIC1,GENERATOR,0.347,VS_HEY_600_TEST
V-SA,I-VS_HEY_600_TEST,BANN1,VIC1,GENERATOR,0.347,VS_HEY_600_TEST
V-SA,I-VS_HEY_600_TEST,KIAMSF1,VIC1,GENERATOR,0.33,VS_HEY_600_TEST
V-SA,I-VS_HEY_600_TEST,LIMOSF11,NSW1,GENERATOR,0.268,VS_HEY_600_TEST
V-SA,I-X_BDBU+HYSE,WKIEWA1,VIC1,GENERATOR,3.558718861209964,V::N_HYSE_V2
V-SA,I-X_BDBU+HYSE,DARTM1,VIC1,GENERATOR,3.558718861209964,V::N_HYSE_V1
V-SA,I-X_BDBU+HYSE,MCKAY1,VIC1,GENERATOR,3.558718861209964,V::N_HYSE_V2
V-SA,I-X_BDBU+HYSE,MURRAY,VIC1,GENERATOR,2.6619217081850532,V::N_HYSE_V1
V-SA,I-X_BDBU+HYSE,PPCCGT,SA1,GENERATOR,-1.2,V::S_BDBU+HYSE_04
V-SA,I-X_BDBU+HYSE,DRYCNL3,SA1,GENERATOR,-1.2,V::S_BDBU+HYSE_05
V-SA,I-X_BDBU+HYSE,TORRB3,SA1,GENERATOR,-1.2,V::S_BDBU+HYSE_09
V-SA,I-X_BDBU+HYSE,BARKIPS1,SA1,GENERATOR,-1.2,V::S_BDBU+HYSE_02
V-SA,I-X_BDBU+HYSE,SNAPPER1,SA1,GENERATOR,-1.2,V::S_BDBU+HYSE_06
V-SA,I-X_BDBU+HYSE,TORRB4,SA1,GENERATOR,-1.2,V::S_BDBU+HYSE_10
V-SA,N-BABU,GANNB1,VIC1,BIDIRECTIONAL,5.434782608695652,V>>X3_BABE_SHBE
V-SA,N-BABU,KERNGSP1,VIC1,GENERATOR,5.434782608695652,V>>X3_BABE_SHBE
V-SA,N-BABU,GANNSF1,VIC1,GENERATOR,5.434782608695652,V>>X3_BABE_SHBE
V-SA,N-BABU,COHUNSF1,VIC1,GENERATOR,5.434782608695652,V>>X3_BABE_SHBE
V-SA,N-BABU,KESSB1,VIC1,BIDIRECTIONAL,5.25,V>>X3_BABE_SHBE
V-SA,N-BABU,ARWF1,VIC1,GENERATOR,5.154639175257731,V>>X3_WBBA_KGBE
V-SA,N-BABU,CROWLWF1,VIC1,GENERATOR,5.077319587628866,V>>X3_WBBA_KGBE
V-SA,N-BABU,BULBES1,VIC1,BIDIRECTIONAL,4.9381443298969065,V>>X3_WBBA_KGBE
V-SA,N-BABU,BULGANA1,VIC1,GENERATOR,4.9381443298969065,V>>X3_WBBA_KGBE
V-SA,N-BABU,MUWAWF2,VIC1,GENERATOR,4.108247422680413,V>>X3_WBBA_KGBE
V-SA,N-JNWG_RADIAL,KERNGSP1,VIC1,GENERATOR,5.434782608695652,V>>X5_BABE_SHBE
V-SA,N-JNWG_RADIAL,GANNB1,VIC1,BIDIRECTIONAL,5.434782608695652,V>>X5_BABE_SHBE
V-SA,N-JNWG_RADIAL,COHUNSF1,VIC1,GENERATOR,5.434782608695652,V>>X5_BABE_SHBE
V-SA,N-JNWG_RADIAL,GANNSF1,VIC1,GENERATOR,5.434782608695652,V>>X5_BABE_SHBE
V-SA,N-JNWG_RADIAL,KESSB1,VIC1,BIDIRECTIONAL,5.25,V>>X5_BABE_SHBE
V-SA,N-JNWG_RADIAL,ARWF1,VIC1,GENERATOR,5.154639175257731,V>>X5_WBBA_KGBE
V-SA,N-JNWG_RADIAL,CROWLWF1,VIC1,GENERATOR,5.077319587628866,V>>X5_WBBA_KGBE
V-SA,N-JNWG_RADIAL,BULGANA1,VIC1,GENERATOR,4.9381443298969065,V>>X5_WBBA_KGBE
V-SA,N-JNWG_RADIAL,BULBES1,VIC1,BIDIRECTIONAL,4.9381443298969065,V>>X5_WBBA_KGBE
V-SA,N-JNWG_RADIAL,MUWAWF2,VIC1,GENERATOR,4.108247422680413,V>>X5_WBBA_KGBE
V-SA,N-LTWG_63,WKIEWA1,VIC1,GENERATOR,3.558718861209964,V::N_LTWG_V2
V-SA,N-LTWG_63,MCKAY1,VIC1,GENERATOR,3.558718861209964,V::N_LTWG_V2
V-SA,N-LTWG_63,DARTM1,VIC1,GENERATOR,3.558718861209964,V::N_LTWG_V2
V-SA,N-LTWG_63,MURRAY,VIC1,GENERATOR,2.6619217081850532,V::N_LTWG_V2
V-SA,N-LTWG_63,GANNB1,VIC1,BIDIRECTIONAL,1.1138790035587187,V::N_LTWG_V2
V-SA,N-LTWG_63,BALDHWF1,VIC1,GENERATOR,1.1138790035587187,V::N_LTWG_V2
V-SA,N-LTWG_63,MUWAWF2,VIC1,GENERATOR,1.1138790035587187,V::N_LTWG_V2
V-SA,N-LTWG_63,PIBESS1,VIC1,BIDIRECTIONAL,1.1138790035587187,V::N_LTWG_V2
V-SA,N-LTWG_63,BALB1,VIC1,BIDIRECTIONAL,1.1138790035587187,V::N_LTWG_V2
V-SA,N-LTWG_63,YENDWF1,VIC1,GENERATOR,1.1138790035587187,V::N_LTWG_V2
V-SA,N-LTWG_RADIAL,KERNGSP1,VIC1,GENERATOR,5.434782608695652,V>>X5_BABE_SHBE
V-SA,N-LTWG_RADIAL,GANNSF1,VIC1,GENERATOR,5.434782608695652,V>>X5_BABE_SHBE
V-SA,N-LTWG_RADIAL,COHUNSF1,VIC1,GENERATOR,5.434782608695652,V>>X5_BABE_SHBE
V-SA,N-LTWG_RADIAL,GANNB1,VIC1,BIDIRECTIONAL,5.434782608695652,V>>X5_BABE_SHBE
V-SA,N-LTWG_RADIAL,KESSB1,VIC1,BIDIRECTIONAL,5.25,V>>X5_BABE_SHBE
V-SA,N-LTWG_RADIAL,ARWF1,VIC1,GENERATOR,5.154639175257731,V>>X5_WBBA_KGBE
V-SA,N-LTWG_RADIAL,CROWLWF1,VIC1,GENERATOR,5.077319587628866,V>>X5_WBBA_KGBE
V-SA,N-LTWG_RADIAL,BULGANA1,VIC1,GENERATOR,4.9381443298969065,V>>X5_WBBA_KGBE
V-SA,N-LTWG_RADIAL,BULBES1,VIC1,BIDIRECTIONAL,4.9381443298969065,V>>X5_WBBA_KGBE
V-SA,N-LTWG_RADIAL,MUWAWF2,VIC1,GENERATOR,4.108247422680413,V>>X5_WBBA_KGBE
V-SA,N-LTWG_X5,KERNGSP1,VIC1,GENERATOR,5.434782608695652,V>>X5_BABE_SHBE
V-SA,N-LTWG_X5,GANNSF1,VIC1,GENERATOR,5.434782608695652,V>>X5_BABE_SHBE
V-SA,N-LTWG_X5,COHUNSF1,VIC1,GENERATOR,5.434782608695652,V>>X5_BABE_SHBE
V-SA,N-LTWG_X5,GANNB1,VIC1,BIDIRECTIONAL,5.434782608695652,V>>X5_BABE_SHBE
V-SA,N-LTWG_X5,KESSB1,VIC1,BIDIRECTIONAL,5.25,V>>X5_BABE_SHBE
V-SA,N-LTWG_X5,ARWF1,VIC1,GENERATOR,5.154639175257731,V>>X5_WBBA_KGBE
V-SA,N-LTWG_X5,CROWLWF1,VIC1,GENERATOR,5.077319587628866,V>>X5_WBBA_KGBE
V-SA,N-LTWG_X5,BULGANA1,VIC1,GENERATOR,4.9381443298969065,V>>X5_WBBA_KGBE
V-SA,N-LTWG_X5,BULBES1,VIC1,BIDIRECTIONAL,4.9381443298969065,V>>X5_WBBA_KGBE
V-SA,N-LTWG_X5,MUWAWF2,VIC1,GENERATOR,4.108247422680413,V>>X5_WBBA_KGBE
V-SA,N-WGWA_63,KERNGSP1,VIC1,GENERATOR,5.434782608695652,V>>X5_BABE_SHBE
V-SA,N-WGWA_63,GANNB1,VIC1,BIDIRECTIONAL,5.434782608695652,V>>X5_BABE_SHBE
V-SA,N-WGWA_63,COHUNSF1,VIC1,GENERATOR,5.434782608695652,V>>X5_BABE_SHBE
V-SA,N-WGWA_63,GANNSF1,VIC1,GENERATOR,5.434782608695652,V>>X5_BABE_SHBE
V-SA,N-WGWA_63,KESSB1,VIC1,BIDIRECTIONAL,5.25,V>>X5_BABE_SHBE
V-SA,N-WGWA_63,ARWF1,VIC1,GENERATOR,5.154639175257731,V>>X5_WBBA_KGBE
V-SA,N-WGWA_63,CROWLWF1,VIC1,GENERATOR,5.077319587628866,V>>X5_WBBA_KGBE
V-SA,N-WGWA_63,BULGANA1,VIC1,GENERATOR,4.9381443298969065,V>>X5_WBBA_KGBE
V-SA,N-WGWA_63,BULBES1,VIC1,BIDIRECTIONAL,4.9381443298969065,V>>X5_WBBA_KGBE
V-SA,N-WGWA_63,MUWAWF2,VIC1,GENERATOR,4.108247422680413,V>>X5_WBBA_KGBE
V-SA,N-WGWA_63_X5,KERNGSP1,VIC1,GENERATOR,5.434782608695652,V>>X5_BABE_SHBE
V-SA,N-WGWA_63_X5,GANNB1,VIC1,BIDIRECTIONAL,5.434782608695652,V>>X5_BABE_SHBE
V-SA,N-WGWA_63_X5,COHUNSF1,VIC1,GENERATOR,5.434782608695652,V>>X5_BABE_SHBE
V-SA,N-WGWA_63_X5,GANNSF1,VIC1,GENERATOR,5.434782608695652,V>>X5_BABE_SHBE
V-SA,N-WGWA_63_X5,KESSB1,VIC1,BIDIRECTIONAL,5.25,V>>X5_BABE_SHBE
V-SA,N-WGWA_63_X5,ARWF1,VIC1,GENERATOR,5.154639175257731,V>>X5_WBBA_KGBE
V-SA,N-WGWA_63_X5,CROWLWF1,VIC1,GENERATOR,5.077319587628866,V>>X5_WBBA_KGBE
V-SA,N-WGWA_63_X5,BULGANA1,VIC1,GENERATOR,4.9381443298969065,V>>X5_WBBA_KGBE
V-SA,N-WGWA_63_X5,BULBES1,VIC1,BIDIRECTIONAL,4.9381443298969065,V>>X5_WBBA_KGBE
V-SA,N-WGWA_63_X5,MUWAWF2,VIC1,GENERATOR,4.108247422680413,V>>X5_WBBA_KGBE
V-SA,N-WGWA_RADIAL,GANNB1,VIC1,BIDIRECTIONAL,5.434782608695652,V>>X5_BABE_SHBE
V-SA,N-WGWA_RADIAL,COHUNSF1,VIC1,GENERATOR,5.434782608695652,V>>X5_BABE_SHBE
V-SA,N-WGWA_RADIAL,GANNSF1,VIC1,GENERATOR,5.434782608695652,V>>X5_BABE_SHBE
V-SA,N-WGWA_RADIAL,KERNGSP1,VIC1,GENERATOR,5.434782608695652,V>>X5_BABE_SHBE
V-SA,N-WGWA_RADIAL,KESSB1,VIC1,BIDIRECTIONAL,5.25,V>>X5_BABE_SHBE
V-SA,N-WGWA_RADIAL,ARWF1,VIC1,GENERATOR,5.154639175257731,V>>X5_WBBA_KGBE
V-SA,N-WGWA_RADIAL,CROWLWF1,VIC1,GENERATOR,5.077319587628866,V>>X5_WBBA_KGBE
V-SA,N-WGWA_RADIAL,BULBES1,VIC1,BIDIRECTIONAL,4.9381443298969065,V>>X5_WBBA_KGBE
V-SA,N-WGWA_RADIAL,BULGANA1,VIC1,GENERATOR,4.9381443298969065,V>>X5_WBBA_KGBE
V-SA,N-WGWA_RADIAL,MUWAWF1,VIC1,GENERATOR,4.108247422680413,V>>X5_WBBA_KGBE
V-SA,N-WGWA_X5,KERNGSP1,VIC1,GENERATOR,5.434782608695652,V>>X5_BABE_SHBE
V-SA,N-WGWA_X5,GANNB1,VIC1,BIDIRECTIONAL,5.434782608695652,V>>X5_BABE_SHBE
V-SA,N-WGWA_X5,COHUNSF1,VIC1,GENERATOR,5.434782608695652,V>>X5_BABE_SHBE
V-SA,N-WGWA_X5,GANNSF1,VIC1,GENERATOR,5.434782608695652,V>>X5_BABE_SHBE
V-SA,N-WGWA_X5,KESSB1,VIC1,BIDIRECTIONAL,5.25,V>>X5_BABE_SHBE
V-SA,N-WGWA_X5,ARWF1,VIC1,GENERATOR,5.154639175257731,V>>X5_WBBA_KGBE
V-SA,N-WGWA_X5,CROWLWF1,VIC1,GENERATOR,5.077319587628866,V>>X5_WBBA_KGBE
V-SA,N-WGWA_X5,BULGANA1,VIC1,GENERATOR,4.9381443298969065,V>>X5_WBBA_KGBE
V-SA,N-WGWA_X5,BULBES1,VIC1,BIDIRECTIONAL,4.9381443298969065,V>>X5_WBBA_KGBE
V-SA,N-WGWA_X5,MUWAWF2,VIC1,GENERATOR,4.108247422680413,V>>X5_WBBA_KGBE
V-SA,S-BGDV,GSWF1B1,SA1,GENERATOR,-3.5087719298245617,S>>DVBG_RBTU_RBTU
V-SA,S-BGDV,GSWF1A,SA1,GENERATOR,-3.5087719298245617,S>>DVBG_RBTU_RBTU
V-SA,S-BGDV,HALLWF2,SA1,GENERATOR,-3.3333333333333335,S>>DVBG_RBTU_RBTU
V-SA,S-BGDV,HALLWF1,SA1,GENERATOR,-3.147368421052632,S>>DVBG_RBTU_RBTU
V-SA,S-BGDV,AGLHAL,SA1,GENERATOR,-3.147368421052632,S>>DVBG_RBTU_RBTU
V-SA,S-BGDV,WGWF1,SA1,GENERATOR,-2.985964912280702,S>>DVBG_RBTU_RBTU
V-SA,S-BGDV,HPR1,SA1,BIDIRECTIONAL,-2.9754385964912284,S>>DVBG_RBTU_RBTU
V-SA,S-BGDV,HDWF2,SA1,GENERATOR,-2.9754385964912284,S>>DVBG_RBTU_RBTU
V-SA,S-BGDV,HDWF3,SA1,GENERATOR,-2.9754385964912284,S>>DVBG_RBTU_RBTU
V-SA,S-BGDV,HDWF1,SA1,GENERATOR,-2.9754385964912284,S>>DVBG_RBTU_RBTU
V-SA,S-DVLK,HPR1,SA1,BIDIRECTIONAL,-3.8167938931297707,S>>X_DVLK+LKCN_16
V-SA,S-DVLK,HALLWF1,SA1,GENERATOR,-3.8167938931297707,S>>X_DVLK+LKCN_16
V-SA,S-DVLK,GSWF1B1,SA1,GENERATOR,-3.8167938931297707,S>>X_DVLK+LKCN_16
V-SA,S-DVLK,GSWF1A,SA1,GENERATOR,-3.8167938931297707,S>>X_DVLK+LKCN_16
V-SA,S-DVLK,HDWF1,SA1,GENERATOR,-3.8167938931297707,S>>X_DVLK+LKCN_16
V-SA,S-DVLK,HDWF3,SA1,GENERATOR,-3.8167938931297707,S>>X_DVLK+LKCN_16
V-SA,S-DVLK,HDWF2,SA1,GENERATOR,-3.8167938931297707,S>>X_DVLK+LKCN_16
V-SA,S-DVLK,AGLHAL,SA1,GENERATOR,-3.8167938931297707,S>>X_DVLK+LKCN_16
V-SA,S-DVLK,HALLWF2,SA1,GENERATOR,-3.4083969465648853,S>>X_DVLK+LKCN_16
V-SA,S-DVLK,MWPS2PV1,SA1,GENERATOR,-3.1870229007633584,S>>X_DVLK+LKCN_16
V-SA,S-KHKN,SNUG1,SA1,GENERATOR,-1.86,S::V_KHKN_TBSE
V-SA,S-KHKN,LKBONNY1,SA1,GENERATOR,-1.09,S::V_KHKN_TBSE
V-SA,S-KHKN,LBB1,SA1,BIDIRECTIONAL,-1.003713740841112,S>>KHKN_TBSE_TBSE
V-SA,S-KHKN,LKBONNY3,SA1,GENERATOR,-1.003713740841112,S>>KHKN_TBSE_TBSE
V-SA,S-KHKN,LKBONNY2,SA1,GENERATOR,-1.003713740841112,S>>KHKN_TBSE_TBSE
V-SA,S-KHKN,LADBROK1,SA1,GENERATOR,-1.003613369467028,S>>KHKN_TBSE_TBSE
V-SA,S-KHKN,LADBROK2,SA1,GENERATOR,-1.003613369467028,S>>KHKN_TBSE_TBSE
V-SA,S-KHKN,CNUNDAWF,SA1,GENERATOR,-1.003613369467028,S>>KHKN_TBSE_TBSE
V-SA,S-KHKN,TB2B1,SA1,BIDIRECTIONAL,-0.15,S::V_KHKN_TBSE_2-DS
V-SA,S-KHKN,TB2SF1,SA1,GENERATOR,-0.15,S::V_KHKN_TBSE_2-DS
V-SA,S-KHTB2,SNUG1,SA1,GENERATOR,-1.98,V::S_KHTB2_SETB
V-SA,S-KHTB2,LKBONNY1,SA1,GENERATOR,-1.17,V::S_KHTB2_MAXG_2-DS
V-SA,S-KHTB2,CNUNDAWF,SA1,GENERATOR,-1.09,V::S_KHTB2_SETB
V-SA,S-KHTB2,LBB1,SA1,BIDIRECTIONAL,-1.003713740841112,S>>KHTB2_SETB_SETB
V-SA,S-KHTB2,LKBONNY2,SA1,GENERATOR,-1.003713740841112,S>>KHTB2_SETB_SETB
V-SA,S-KHTB2,LKBONNY3,SA1,GENERATOR,-1.003713740841112,S>>KHTB2_TBSE_TBSE
V-SA,S-KHTB2,LADBROK1,SA1,GENERATOR,-1.003613369467028,S>>KHTB2_SETB_SETB
V-SA,S-KHTB2,LADBROK2,SA1,GENERATOR,-1.003613369467028,S>>KHTB2_SETB_SETB
V-SA,S-KHTB2,TBSF1,SA1,GENERATOR,-0.15,S::V_KHTB2_TBSE_2-DS
V-SA,S-KHTB2,TB2B1,SA1,BIDIRECTIONAL,-0.15,S::V_KHTB2_TBSE_2-DS
V-SA,S-KNPW,TB2B1,SA1,BIDIRECTIONAL,6.4935064935064934,S>>KNPW_TBTU_TBTX4
V-SA,S-KNPW,TB2SF1,SA1,GENERATOR,6.4935064935064934,S>>KNPW_TBTU_TBTX4
V-SA,S-KNPW,TBSF1,SA1,GENERATOR,6.4935064935064934,S>>KNPW_TBTU_TBTX4
V-SA,S-KNPW,MBPS2PV1,SA1,GENERATOR,3.4870129870129873,S>>KNPW_TBTU_TBTX4
V-SA,S-KNPW,MANNSF2,SA1,GENERATOR,3.188311688311688,S>>KNPW_TBTU_TBTX4
V-SA,S-KNPW,MANNUMB1,SA1,BIDIRECTIONAL,3.188311688311688,S>>KNPW_TBTU_TBTX4
V-SA,S-KNPW,MAPS2PV1,SA1,GENERATOR,2.7207792207792205,S>>KNPW_TBTU_TBTX4
V-SA,S-KNPW,MAPS3PV1,SA1,GENERATOR,2.5909090909090913,S>>KNPW_TBTU_TBTX4
V-SA,S-KNPW,SNUG1,SA1,GENERATOR,-1.77,V^^S_KNPW_SETB_2-DS
V-SA,S-KNPW,CNUNDAWF,SA1,GENERATOR,-1.19,V::S_KNPW_SETB
V-SA,S-KNPW_BC-2CP,TB2SF1,SA1,GENERATOR,6.4935064935064934,S>>KNPW_TBTU_TBTX4
V-SA,S-KNPW_BC-2CP,TBSF1,SA1,GENERATOR,6.4935064935064934,S>>KNPW_TBTU_TBTX4
V-SA,S-KNPW_BC-2CP,TB2B1,SA1,BIDIRECTIONAL,6.4935064935064934,S>>KNPW_TBTU_TBTX4
V-SA,S-KNPW_BC-2CP,MBPS2PV1,SA1,GENERATOR,3.4870129870129873,S>>KNPW_TBTU_TBTX4
V-SA,S-KNPW_BC-2CP,MANNUMB1,SA1,BIDIRECTIONAL,3.188311688311688,S>>KNPW_TBTU_TBTX4
V-SA,S-KNPW_BC-2CP,MANNSF2,SA1,GENERATOR,3.188311688311688,S>>KNPW_TBTU_TBTX4
V-SA,S-KNPW_BC-2CP,MAPS2PV1,SA1,GENERATOR,2.7207792207792205,S>>KNPW_TBTU_TBTX4
V-SA,S-KNPW_BC-2CP,MAPS3PV1,SA1,GENERATOR,2.5909090909090913,S>>KNPW_TBTU_TBTX4
V-SA,S-KNPW_BC-2CP,SNUG1,SA1,GENERATOR,-1.77,V^^S_KNPW_SETB_2
V-SA,S-KNPW_BC-2CP,LKBONNY2,SA1,GENERATOR,-1.1623376623376622,S>>KNPW_TBTU_TBTX4
V-SA,S-MOTB,SNUG1,SA1,GENERATOR,-1.8,V^^S_MOTB_SETB
V-SA,S-MOTB,TBSF1,SA1,GENERATOR,-1.3368983957219251,S>>MOTB_TBTU_TBTU
V-SA,S-MOTB,TB2SF1,SA1,GENERATOR,-1.3368983957219251,S>>MOTB_TBTU_TBTU
V-SA,S-MOTB,TB2B1,SA1,BIDIRECTIONAL,-1.3368983957219251,S>>MOTB_TBTU_TBTU
V-SA,S-MOTB,LKBONNY3,SA1,GENERATOR,-1.23,V::S_MOTB_SETB
V-SA,S-MOTB,LKBONNY2,SA1,GENERATOR,-1.23,V::S_MOTB_SETB
V-SA,S-MOTB,LADBROK1,SA1,GENERATOR,-1.21524064171123,S>>MOTB_TUTB_TUTB
V-SA,S-MOTB,LADBROK2,SA1,GENERATOR,-1.21524064171123,S>>MOTB_TUTB_TUTB
V-SA,S-MOTB,LKBONNY1,SA1,GENERATOR,-1.200534759358289,S>>MOTB_TBTU_TBTU
V-SA,S-MOTB,CNUNDAWF,SA1,GENERATOR,-1.200534759358289,S>>MOTB_TBTU_TBTU
V-SA,S-PA_VC1,SNUG1,SA1,GENERATOR,-2.09,S::V_PAVC1_TBSE
V-SA,S-PA_VC1,CNUNDAWF,SA1,GENERATOR,-1.3,V::S_PAVC1_MAXG
V-SA,S-PA_VC1,LKBONNY2,SA1,GENERATOR,-1.01,V::S_PAVC1_SETB
V-SA,S-PA_VC1,LKBONNY3,SA1,GENERATOR,-1.01,V::S_PAVC1_SETB
V-SA,S-PA_VC1,LKBONNY1,SA1,GENERATOR,-1.01,S::V_PAVC1_TBSE
V-SA,S-PA_VC1,LBB1,SA1,BIDIRECTIONAL,-0.92,V^^S_PAVC1_SETB
V-SA,S-PA_VC1,LADBROK1,SA1,GENERATOR,-0.65,V^^S_PAVC1_SETB
V-SA,S-PA_VC1,LADBROK2,SA1,GENERATOR,-0.65,V^^S_PAVC1_SETB
V-SA,S-RBTU,WATERLWF,SA1,GENERATOR,-6.622516556291391,S>>RBTU_RBTU_WEWT
V-SA,S-RBTU,MWPS4PV1,SA1,GENERATOR,-6.451612903225807,S>>RBTU_CNRB_WEMWP4
V-SA,S-RBTU,MINTARO,SA1,GENERATOR,5.651612903225806,S>>RBTU_CNRB_WEMWP4
V-SA,S-RBTU,MWPS2PV1,SA1,GENERATOR,-5.374193548387097,S>>RBTU_CNRB_WEMWP4
V-SA,S-RBTU,MWPS1PV1,SA1,GENERATOR,-5.374193548387097,S>>RBTU_CNRB_WEMWP4
V-SA,S-RBTU,MWPS3PV1,SA1,GENERATOR,-5.374193548387097,S>>RBTU_CNRB_WEMWP4
V-SA,S-RBTU,TEMPB1,SA1,BIDIRECTIONAL,-5.2356020942408374,S>>RBTU_RBTU_TWPA
V-SA,S-RBTU,DALNTH1,SA1,BIDIRECTIONAL,4.593548387096774,S>>RBTU_CNRB_WEMWP4
V-SA,S-RBTU,WPWF,SA1,GENERATOR,4.593548387096774,S>>RBTU_CNRB_WEMWP4
V-SA,S-RBTU,CGBESS01,SA1,BIDIRECTIONAL,-4.310344827586206,S>>RBTU_RBTU_BRTW
V-SA,S-SECB6611_10,SNUG1,SA1,GENERATOR,-1.94,S::V_SEVC1_TBSE
V-SA,S-SECB6611_10,LKBONNY3,SA1,GENERATOR,-1.01,V::S_SEVC1_SETB
V-SA,S-SECB6611_10,LKBONNY2,SA1,GENERATOR,-1.01,V::S_SEVC1_SETB
V-SA,S-SECB6611_10,CNUNDAWF,SA1,GENERATOR,-0.96,V::S_SEVC1_SETB
V-SA,S-SECB6611_10,LKBONNY1,SA1,GENERATOR,-0.96,S::V_SEVC1_TBSE
V-SA,S-SECB6611_10,LBB1,SA1,BIDIRECTIONAL,-0.92,V^^S_SEVC1_SETB
V-SA,S-SECB6611_10,LADBROK2,SA1,GENERATOR,-0.75,S::V_SEVC1_TBSE
V-SA,S-SECB6611_10,LADBROK1,SA1,GENERATOR,-0.75,S::V_SEVC1_TBSE
V-SA,S-SE_1CP,SNUG1,SA1,GENERATOR,-1.74,S::V_SECP1_TBSE_1
V-SA,S-SE_1CP,LADBROK1,SA1,GENERATOR,-1.11,S::V_SECP1_TBSE_1
V-SA,S-SE_1CP,LADBROK2,SA1,GENERATOR,-1.11,S::V_SECP1_TBSE_1
V-SA,S-SE_1CP,LKBONNY1,SA1,GENERATOR,-1.01,V::S_SECP1_TBSE_1
V-SA,S-SE_1CP,LKBONNY2,SA1,GENERATOR,-1.01,V::S_SECP1_TBSE_1
V-SA,S-SE_1CP,LKBONNY3,SA1,GENERATOR,-1.01,V::S_SECP1_TBSE_1
V-SA,S-SE_1CP,LBB1,SA1,BIDIRECTIONAL,-0.92,V^^S_SECP1_TBSE_1
V-SA,S-SE_1CP,CNUNDAWF,SA1,GENERATOR,-0.88,V^^S_SECP1_TBSE_1
V-SA,S-SE_1CP,TB2B1,SA1,BIDIRECTIONAL,-0.15,S::V_SECP1_TBSE_1
V-SA,S-SE_1CP,TB2SF1,SA1,GENERATOR,-0.15,S::V_SECP1_TBSE_1
V-SA,S-SE_VC1,SNUG1,SA1,GENERATOR,-1.94,S::V_SEVC1_TBSE
V-SA,S-SE_VC1,CNUNDAWF,SA1,GENERATOR,-1.3,V::S_SEVC1_MAXG
V-SA,S-SE_VC1,LKBONNY3,SA1,GENERATOR,-1.01,V::S_SEVC1_SETB
V-SA,S-SE_VC1,LKBONNY2,SA1,GENERATOR,-1.01,V::S_SEVC1_SETB
V-SA,S-SE_VC1,LKBONNY1,SA1,GENERATOR,-0.96,S::V_SEVC1_TBSE
V-SA,S-SE_VC1,LBB1,SA1,BIDIRECTIONAL,-0.92,V^^S_SEVC1_SETB
V-SA,S-SE_VC1,LADBROK2,SA1,GENERATOR,-0.75,S::V_SEVC1_TBSE
V-SA,S-SE_VC1,LADBROK1,SA1,GENERATOR,-0.75,S::V_SEVC1_TBSE
V-SA,S-TB132_E_BUS,SNUG1,SA1,GENERATOR,-1.6,V^^S_TBTX_SETB
V-SA,S-TB132_E_BUS,LKBONNY2,SA1,GENERATOR,-1.2,V::S_TBTX_SETB
V-SA,S-TB132_E_BUS,LKBONNY3,SA1,GENERATOR,-1.2,V::S_TBTX_SETB
V-SA,S-TB132_E_BUS,LKBONNY1,SA1,GENERATOR,-0.99,V::S_TBTX_MAXG
V-SA,S-TB132_E_BUS,CNUNDAWF,SA1,GENERATOR,-0.99,V^^S_TBTX_SETB
V-SA,S-TB132_E_BUS,LBB1,SA1,BIDIRECTIONAL,-0.959,S>>TBTX4_TBTU_TBTU
V-SA,S-TB132_E_BUS,LADBROK2,SA1,GENERATOR,-0.873,S>>TBTX4_TUTB_TUTB
V-SA,S-TB132_E_BUS,LADBROK1,SA1,GENERATOR,-0.873,S>>TBTX4_TUTB_TUTB
V-SA,S-TB132_E_BUS,TB2B1,SA1,BIDIRECTIONAL,-0.188,S>>TBTX4_TBTU_TBTU
V-SA,S-TB132_E_BUS,TBSF1,SA1,GENERATOR,-0.188,S>>TBTX4_TBTU_TBTU
V-SA,S-TB275_E_BUS,TBSF1,SA1,GENERATOR,-1.880759826970096,S>>TEBUS_TBSE2_MOTB
V-SA,S-TB275_E_BUS,TB2SF1,SA1,GENERATOR,-1.880383675004702,S>>TEBUS_TBSE2_MOTB
V-SA,S-TB275_E_BUS,TB2B1,SA1,BIDIRECTIONAL,-1.880383675004702,S>>TEBUS_TBSE2_MOTB
V-SA,S-TB275_E_BUS,SNUG1,SA1,GENERATOR,-1.74,S::V_TBEBUS_TBSE_1
V-SA,S-TB275_E_BUS,MBPS2PV1,SA1,GENERATOR,1.3936430317848412,S>>TEBUS_TBSE2_MOTB
V-SA,S-TB275_E_BUS,CNUNDAWF,SA1,GENERATOR,-1.3,V::S_TBEBUS_MAXG
V-SA,S-TB275_E_BUS,LADBROK1,SA1,GENERATOR,-1.136543163438029,S>>TEBUS_TBSE2_MOTB
V-SA,S-TB275_E_BUS,LADBROK2,SA1,GENERATOR,-1.136543163438029,S>>TEBUS_TBSE2_MOTB
V-SA,S-TB275_E_BUS,MANNUMB1,SA1,BIDIRECTIONAL,1.097987586985142,S>>TEBUS_TBSE2_MOTB
V-SA,S-TB275_E_BUS,MAPS2PV1,SA1,GENERATOR,1.097987586985142,S>>TEBUS_TBSE2_MOTB
V-SA,S-TB275_W_BUS,TBSF1,SA1,GENERATOR,-10.582010582010582,S>>TBWBUS_TBTX4_TBMO
V-SA,S-TB275_W_BUS,TB2B1,SA1,BIDIRECTIONAL,-10.582010582010582,S>>TBWBUS_TBTX4_TBMO
V-SA,S-TB275_W_BUS,TB2SF1,SA1,GENERATOR,-10.582010582010582,S>>TBWBUS_TBTX4_TBMO
V-SA,S-TB275_W_BUS,LADBROK1,SA1,GENERATOR,-2.560846560846561,S>>TBWBUS_TBTX4_TBMO
V-SA,S-TB275_W_BUS,LADBROK2,SA1,GENERATOR,-2.560846560846561,S>>TBWBUS_TBTX4_TBMO
V-SA,S-TB275_W_BUS,MBPS2PV1,SA1,GENERATOR,2.1768867924528306,S>>TB94_SETB2_TBMO
V-SA,S-TB275_W_BUS,MANNSF2,SA1,GENERATOR,1.990566037735849,S>>TB94_SETB2_TBMO
V-SA,S-TB275_W_BUS,MANNUMB1,SA1,BIDIRECTIONAL,1.990566037735849,S>>TB94_SETB2_TBMO
V-SA,S-TB275_W_BUS,SNUG1,SA1,GENERATOR,-1.81,V^^S_TBCB94_35_SETB
V-SA,S-TB275_W_BUS,MAPS2PV1,SA1,GENERATOR,1.7028301886792452,S>>TB94_TBSE2_MOTB
V-SA,S-TB275_W_BUS_BC-2CP,TBSF1,SA1,GENERATOR,-10.582010582010582,S>>TBWBUS_TBTX4_TBMO
V-SA,S-TB275_W_BUS_BC-2CP,TB2SF1,SA1,GENERATOR,-10.582010582010582,S>>TBWBUS_TBTX4_TBMO
V-SA,S-TB275_W_BUS_BC-2CP,TB2B1,SA1,BIDIRECTIONAL,-10.582010582010582,S>>TBWBUS_TBTX4_TBMO
V-SA,S-TB275_W_BUS_BC-2CP,LADBROK1,SA1,GENERATOR,-2.560846560846561,S>>TBWBUS_TBTX4_TBMO
V-SA,S-TB275_W_BUS_BC-2CP,LADBROK2,SA1,GENERATOR,-2.560846560846561,S>>TBWBUS_TBTX4_TBMO
V-SA,S-TB275_W_BUS_BC-2CP,MBPS2PV1,SA1,GENERATOR,2.1768867924528306,S>>TB94_SETB2_TBMO
V-SA,S-TB275_W_BUS_BC-2CP,MANNSF2,SA1,GENERATOR,1.990566037735849,S>>TB94_SETB2_TBMO
V-SA,S-TB275_W_BUS_BC-2CP,MANNUMB1,SA1,BIDIRECTIONAL,1.990566037735849,S>>TB94_TBSE2_MOTB
V-SA,S-TB275_W_BUS_BC-2CP,SNUG1,SA1,GENERATOR,-1.77,V^^S_TB35_SETB_2
V-SA,S-TB275_W_BUS_BC-2CP,MAPS2PV1,SA1,GENERATOR,1.7028301886792452,S>>TB94_SETB2_TBMO
V-SA,S-TBCP1,SNUG1,SA1,GENERATOR,-1.58,V^^S_TBCP1_SETB
V-SA,S-TBCP1,CNUNDAWF,SA1,GENERATOR,-1.3,V::S_TBCP1_MAXG
V-SA,S-TBCP1,LKBONNY3,SA1,GENERATOR,-1.01,V::S_TBCP1_SETB
V-SA,S-TBCP1,LKBONNY2,SA1,GENERATOR,-1.01,V::S_TBCP1_SETB
V-SA,S-TBCP1,LBB1,SA1,BIDIRECTIONAL,-0.92,V^^S_TBCP1_SETB
V-SA,S-TBCP1,LKBONNY1,SA1,GENERATOR,-0.88,V^^S_TBCP1_SETB
V-SA,S-TBCP1,LADBROK2,SA1,GENERATOR,-0.65,V^^S_TBCP1_SETB
V-SA,S-TBCP1,LADBROK1,SA1,GENERATOR,-0.65,V^^S_TBCP1_SETB
V-SA,S-TBSE,DARTM1,VIC1,GENERATOR,2.6779661016949152,V::N_SETB_O2
V-SA,S-TBSE,MCKAY1,VIC1,GENERATOR,2.6779661016949152,V::N_SETB_O2
V-SA,S-TBSE,WKIEWA1,VIC1,GENERATOR,2.6779661016949152,V::N_SETB_O2
V-SA,S-TBSE,MURRAY,VIC1,GENERATOR,2.1553672316384183,V::N_SETB_O2
V-SA,S-TBSE,SNUG1,SA1,GENERATOR,-1.66,S::V_TBSE_TBSE
V-SA,S-TBSE,SNAPPER1,SA1,GENERATOR,-1.4,V::S_SETB_MG_SNPT
V-SA,S-TBSE,TIB1,SA1,BIDIRECTIONAL,-1.4,V::S_SETB_MG_TIBG1
V-SA,S-TBSE,TORRB3,SA1,GENERATOR,-1.4,V::S_SETB_MG_TPSB3
V-SA,S-TBSE,TORRB1,SA1,GENERATOR,-1.4,V::S_SETB_MG_TPSB1
V-SA,S-TBSE,TORRB2,SA1,GENERATOR,-1.4,V::S_SETB_MG_TPSB2
V-SA,S-TBTU,SNUG1,SA1,GENERATOR,-1.89,V::S_TBTU_TBTU_2-DS
V-SA,S-TBTU,PPCCGT,SA1,GENERATOR,-1.4,V::S_TBTU_MG_PPGT2
V-SA,S-TBTU,DRYCNL3,SA1,GENERATOR,-1.4,V::S_TBTU_MG_PPST
V-SA,S-TBTU,TORRB4,SA1,GENERATOR,-1.4,V::S_TBTU_MG_TPSB4
V-SA,S-TBTU,TORRB2,SA1,GENERATOR,-1.4,V::S_TBTU_MG_TPSB2
V-SA,S-TBTU,BARKIPS1,SA1,GENERATOR,-1.4,V::S_TBTU_MG_BIPS
V-SA,S-TBTU,TORRB3,SA1,GENERATOR,-1.4,V::S_TBTU_MG_TPSB3
V-SA,S-TBTU,TORRB1,SA1,GENERATOR,-1.4,V::S_TBTU_MG_TPSB1
V-SA,S-TBTU,SNAPPER1,SA1,GENERATOR,-1.4,V::S_TBTU_MG_SNPT
V-SA,S-TBTU,TIB1,SA1,BIDIRECTIONAL,-1.4,V::S_TBTU_MG_TIBG1
V-SA,S-TBTX4,SNUG1,SA1,GENERATOR,-1.6,V^^S_TBTX_SETB
V-SA,S-TBTX4,LKBONNY2,SA1,GENERATOR,-1.2,V::S_TBTX_SETB
V-SA,S-TBTX4,LKBONNY3,SA1,GENERATOR,-1.2,V::S_TBTX_SETB
V-SA,S-TBTX4,LKBONNY1,SA1,GENERATOR,-0.99,V::S_TBTX_MAXG
V-SA,S-TBTX4,CNUNDAWF,SA1,GENERATOR,-0.99,V^^S_TBTX_SETB
V-SA,S-TBTX4,LBB1,SA1,BIDIRECTIONAL,-0.959,S>>TBTX4_TBTU_TBTU
V-SA,S-TBTX4,LADBROK2,SA1,GENERATOR,-0.873,S>>TBTX4_TUTB_TUTB
V-SA,S-TBTX4,LADBROK1,SA1,GENERATOR,-0.873,S>>TBTX4_TUTB_TUTB
V-SA,S-TBTX4,TB2B1,SA1,BIDIRECTIONAL,-0.188,S>>TBTX4_TBTU_TBTU
V-SA,S-TBTX4,TBSF1,SA1,GENERATOR,-0.188,S>>TBTX4_TBTU_TBTU
V-SA,S-TB_CB6536,TB2SF1,SA1,GENERATOR,-14.245014245014245,S>>TB6536_TBTX4_TBMO
V-SA,S-TB_CB6536,TBSF1,SA1,GENERATOR,-14.245014245014245,S>>TB6536_TBTX4_TBMO
V-SA,S-TB_CB6536,TB2B1,SA1,BIDIRECTIONAL,-14.245014245014245,S>>TB6536_TBTX4_TBMO
V-SA,S-TB_CB6536,LADBROK2,SA1,GENERATOR,-3.1766381766381766,S>>TB6536_TBTX4_TBMO
V-SA,S-TB_CB6536,LADBROK1,SA1,GENERATOR,-3.1766381766381766,S>>TB6536_TBTX4_TBMO
V-SA,S-TB_CB6536,LKBONNY1,SA1,GENERATOR,-1.146788990825688,S>>TBWBUS_TBX4_TUTB
V-SA,S-TB_CB6536,CNUNDAWF,SA1,GENERATOR,-1.146788990825688,S>>TB6536_TBTX4_TUTB
V-SA,S-TB_CB6536,SNUG1,SA1,GENERATOR,-1.146788990825688,S>>TB6536_TBTX4_TUTB
V-SA,S-TB_CB6536,LBB1,SA1,BIDIRECTIONAL,-1.1456422018348624,S>>TBWBUS_TBX4_TUTB
V-SA,S-TB_CB6536,LKBONNY3,SA1,GENERATOR,-1.1456422018348624,S>>TB6536_TBTX4_TUTB
V-SA,S-TB_CB6596,TB2B1,SA1,BIDIRECTIONAL,-2.358490566037736,S>>TB94_TBSE2_MOTB
V-SA,S-TB_CB6596,TB2SF1,SA1,GENERATOR,-2.358490566037736,S>>TB94_TBSE2_MOTB
V-SA,S-TB_CB6596,TBSF1,SA1,GENERATOR,-2.358490566037736,S>>TB94_TBSE2_MOTB
V-SA,S-TB_CB6596,MBPS2PV1,SA1,GENERATOR,2.1768867924528306,S>>TB94_SETB2_TBMO
V-SA,S-TB_CB6596,MANNUMB1,SA1,BIDIRECTIONAL,1.990566037735849,S>>TB94_TBSE2_MOTB
V-SA,S-TB_CB6596,MANNSF2,SA1,GENERATOR,1.990566037735849,S>>TB94_TBSE2_MOTB
V-SA,S-TB_CB6596,SNUG1,SA1,GENERATOR,-1.81,V^^S_TBCB94_35_SETB
V-SA,S-TB_CB6596,MAPS2PV1,SA1,GENERATOR,1.7028301886792452,S>>TB94_SETB2_TBMO
V-SA,S-TB_CB6596,MAPS3PV1,SA1,GENERATOR,1.617924528301887,S>>TB94_SETB2_TBMO
V-SA,S-TB_CB6596,LADBROK2,SA1,GENERATOR,-1.2099056603773586,S>>TB94_SETB2_TBMO
V-SA,S-TPRS,GSWF1A,SA1,GENERATOR,-3.597122302158273,S>>TPRS_RBTU_RBTU
V-SA,S-TPRS,GSWF1B1,SA1,GENERATOR,-3.597122302158273,S>>TPRS_RBTU_RBTU
V-SA,S-TPRS,HALLWF2,SA1,GENERATOR,-3.334532374100719,S>>TPRS_RBTU_RBTU
V-SA,S-TPRS,MWPS1PV1,SA1,GENERATOR,-3.1258992805755392,S>>TPRS_RBTU_RBTU
V-SA,S-TPRS,MWPS2PV1,SA1,GENERATOR,-3.1258992805755392,S>>TPRS_RBTU_RBTU
V-SA,S-TPRS,MWPS3PV1,SA1,GENERATOR,-3.1258992805755392,S>>TPRS_RBTU_RBTU
V-SA,S-TPRS,AGLHAL,SA1,GENERATOR,-3.0539568345323738,S>>TPRS_RBTU_RBTU
V-SA,S-TPRS,HALLWF1,SA1,GENERATOR,-3.0539568345323738,S>>TPRS_RBTU_RBTU
V-SA,S-TPRS,MWPS4PV1,SA1,GENERATOR,-2.928057553956834,S>>TPRS_RBTU_RBTU
V-SA,S-TPRS,WGWF1,SA1,GENERATOR,-2.805755395683453,S>>TPRS_RBTU_RBTU
V-SA,S-WE_MWP4,MWPS3PV1,SA1,GENERATOR,-3.7878787878787876,S>>WERB_RBTU_RBTU
V-SA,S-WE_MWP4,GSWF1B1,SA1,GENERATOR,-3.7878787878787876,S>>WERB_RBTU_RBTU
V-SA,S-WE_MWP4,GSWF1A,SA1,GENERATOR,-3.7878787878787876,S>>WERB_RBTU_RBTU
V-SA,S-WE_MWP4,MWPS2PV1,SA1,GENERATOR,-3.7878787878787876,S>>WERB_RBTU_RBTU
V-SA,S-WE_MWP4,MWPS1PV1,SA1,GENERATOR,-3.7878787878787876,S>>WERB_RBTU_RBTU
V-SA,S-WE_MWP4,MWPS4PV1,SA1,GENERATOR,-3.7878787878787876,S>>WERB_RBTU_RBTU
V-SA,S-WE_MWP4,HALLWF2,SA1,GENERATOR,-3.4696969696969697,S>>WERB_RBTU_RBTU
V-SA,S-WE_MWP4,AGLHAL,SA1,GENERATOR,-3.1287878787878785,S>>WERB_RBTU_RBTU
V-SA,S-WE_MWP4,HALLWF1,SA1,GENERATOR,-3.1287878787878785,S>>WERB_RBTU_RBTU
V-SA,S-WE_MWP4,WGWF1,SA1,GENERATOR,-2.833333333333333,S>>WERB_RBTU_RBTU
V-SA,S-X_BDBU+PA_VC1,SNUG1,SA1,GENERATOR,-2.09,S::V_BDBU+PAVC1_TBSE
V-SA,S-X_BDBU+PA_VC1,CNUNDAWF,SA1,GENERATOR,-1.3,V::S_BDBU+PAVC1_MAXG
V-SA,S-X_BDBU+PA_VC1,LKBONNY1,SA1,GENERATOR,-1.01,S::V_BDBU+PAVC1_TBSE
V-SA,S-X_BDBU+PA_VC1,LKBONNY2,SA1,GENERATOR,-1.01,V::S_BDBU+PAVC1_SETB
V-SA,S-X_BDBU+PA_VC1,LKBONNY3,SA1,GENERATOR,-1.01,V::S_BDBU+PAVC1_SETB
V-SA,S-X_BDBU+PA_VC1,LBB1,SA1,BIDIRECTIONAL,-0.92,V^^S_BDBU+PAVC1_SETB
V-SA,S-X_BDBU+PA_VC1,LADBROK1,SA1,GENERATOR,-0.65,V^^S_BDBU+PAVC1_SETB
V-SA,S-X_BDBU+PA_VC1,LADBROK2,SA1,GENERATOR,-0.65,V^^S_BDBU+PAVC1_SETB
V-SA,S-X_BDBU+SECB6611_10,SNUG1,SA1,GENERATOR,-1.94,S::V_BDBU+SEVC1_TBSE
V-SA,S-X_BDBU+SECB6611_10,LKBONNY2,SA1,GENERATOR,-1.01,V::S_BDBU+SEVC1_SETB
V-SA,S-X_BDBU+SECB6611_10,LKBONNY3,SA1,GENERATOR,-1.01,V::S_BDBU+SEVC1_SETB
V-SA,S-X_BDBU+SECB6611_10,LKBONNY1,SA1,GENERATOR,-0.96,S::V_BDBU+SEVC1_TBSE
V-SA,S-X_BDBU+SECB6611_10,CNUNDAWF,SA1,GENERATOR,-0.96,V::S_BDBU+SEVC1_SETB
V-SA,S-X_BDBU+SECB6611_10,LBB1,SA1,BIDIRECTIONAL,-0.92,V^^S_BDBU+SEVC1_SETB
V-SA,S-X_BDBU+SECB6611_10,LADBROK2,SA1,GENERATOR,-0.75,S::V_BDBU+SEVC1_TBSE
V-SA,S-X_BDBU+SECB6611_10,LADBROK1,SA1,GENERATOR,-0.75,S::V_BDBU+SEVC1_TBSE
V-SA,S-X_BGBW+BGDV+BGTX,GSWF1B1,SA1,GENERATOR,-3.5087719298245617,S>>DVBG_RBTU_RBTU
V-SA,S-X_BGBW+BGDV+BGTX,GSWF1A,SA1,GENERATOR,-3.5087719298245617,S>>DVBG_RBTU_RBTU
V-SA,S-X_BGBW+BGDV+BGTX,HALLWF2,SA1,GENERATOR,-3.3333333333333335,S>>DVBG_RBTU_RBTU
V-SA,S-X_BGBW+BGDV+BGTX,HALLWF1,SA1,GENERATOR,-3.147368421052632,S>>DVBG_RBTU_RBTU
V-SA,S-X_BGBW+BGDV+BGTX,AGLHAL,SA1,GENERATOR,-3.147368421052632,S>>DVBG_RBTU_RBTU
V-SA,S-X_BGBW+BGDV+BGTX,WGWF1,SA1,GENERATOR,-2.985964912280702,S>>DVBG_RBTU_RBTU
V-SA,S-X_BGBW+BGDV+BGTX,HPR1,SA1,BIDIRECTIONAL,-2.9754385964912284,S>>DVBG_RBTU_RBTU
V-SA,S-X_BGBW+BGDV+BGTX,HDWF2,SA1,GENERATOR,-2.9754385964912284,S>>DVBG_RBTU_RBTU
V-SA,S-X_BGBW+BGDV+BGTX,HDWF3,SA1,GENERATOR,-2.9754385964912284,S>>DVBG_RBTU_RBTU
V-SA,S-X_BGBW+BGDV+BGTX,HDWF1,SA1,GENERATOR,-2.9754385964912284,S>>DVBG_RBTU_RBTU
V-SA,S-X_BRMN_RBTU,MINTARO,SA1,GENERATOR,-6.622516556291391,S>>X_BRMN_RBTU_04
V-SA,S-X_BRMN_RBTU,TEMPB1,SA1,BIDIRECTIONAL,-5.2356020942408374,S>>RBTU_RBTU_TWPA
V-SA,S-X_BRMN_RBTU,MWPS4PV1,SA1,GENERATOR,-5.13907284768212,S>>X_BRMN_RBTU_04
V-SA,S-X_BRMN_RBTU,MWPS3PV1,SA1,GENERATOR,-4.66887417218543,S>>X_BRMN_RBTU_04
V-SA,S-X_BRMN_RBTU,MWPS1PV1,SA1,GENERATOR,-4.66887417218543,S>>X_BRMN_RBTU_04
V-SA,S-X_BRMN_RBTU,MWPS2PV1,SA1,GENERATOR,-4.66887417218543,S>>X_BRMN_RBTU_04
V-SA,S-X_BRMN_RBTU,WPWF,SA1,GENERATOR,-4.562913907284768,S>>X_BRMN_RBTU_04
V-SA,S-X_BRMN_RBTU,DALNTH1,SA1,BIDIRECTIONAL,-4.562913907284768,S>>X_BRMN_RBTU_04
V-SA,S-X_BRMN_RBTU,CGBESS01,SA1,BIDIRECTIONAL,-4.310344827586206,S>>RBTU_RBTU_BRTW
V-SA,S-X_BRMN_RBTU,CLEMGPWF,SA1,GENERATOR,-4.310344827586206,S>>RBTU_RBTU_BRTW
V-SA,S-X_KNPW+CB36_BC-2CP,TB2B1,SA1,BIDIRECTIONAL,6.4935064935064934,S>>KNPW_TBTU_TBTX4
V-SA,S-X_KNPW+CB36_BC-2CP,TB2SF1,SA1,GENERATOR,6.4935064935064934,S>>KNPW_TBTU_TBTX4
V-SA,S-X_KNPW+CB36_BC-2CP,TBSF1,SA1,GENERATOR,6.4935064935064934,S>>KNPW_TBTU_TBTX4
V-SA,S-X_KNPW+CB36_BC-2CP,MBPS2PV1,SA1,GENERATOR,3.4870129870129873,S>>KNPW_TBTU_TBTX4
V-SA,S-X_KNPW+CB36_BC-2CP,MANNSF2,SA1,GENERATOR,3.188311688311688,S>>KNPW_TBTU_TBTX4
V-SA,S-X_KNPW+CB36_BC-2CP,MANNUMB1,SA1,BIDIRECTIONAL,3.188311688311688,S>>KNPW_TBTU_TBTX4
V-SA,S-X_KNPW+CB36_BC-2CP,MAPS2PV1,SA1,GENERATOR,2.7207792207792205,S>>KNPW_TBTU_TBTX4
V-SA,S-X_KNPW+CB36_BC-2CP,MAPS3PV1,SA1,GENERATOR,2.5909090909090913,S>>KNPW_TBTU_TBTX4
V-SA,S-X_KNPW+CB36_BC-2CP,SNUG1,SA1,GENERATOR,-1.77,V^^S_KNPW_SETB_2
V-SA,S-X_KNPW+CB36_BC-2CP,LADBROK2,SA1,GENERATOR,-1.1750881316098707,S>>X_KNPW+CB6536_02
V-SA,S-X_MGTI+PATI,BOWWPV1,SA1,GENERATOR,-1.1086474501108647,S>>X_MGTI+PATI_02
V-SA,S-X_MGTI+PATI,BOWWBA1,SA1,BIDIRECTIONAL,-1.1086474501108647,S>>X_MGTI+PATI_02
V-SA,S-X_MGTI+PATI,BOLIVPS1,SA1,GENERATOR,-1.1075388026607538,S>>X_MGTI+PATI_02
V-SA,S-X_MGTI+PATI,SNOWSTH1,SA1,GENERATOR,-1.0365853658536586,S>>X_MGTI+PATI_02
V-SA,S-X_MGTI+PATI,TEMPB1,SA1,BIDIRECTIONAL,-1.0365853658536586,S>>X_MGTI+PATI_02
V-SA,S-X_MGTI+PATI,BLYTHB1,SA1,BIDIRECTIONAL,-1.0365853658536586,S>>X_MGTI+PATI_02
V-SA,S-X_MGTI+PATI,SNOWNTH1,SA1,GENERATOR,-1.0365853658536586,S>>X_MGTI+PATI_02
V-SA,S-X_MGTI+PATI,ANGAS1,SA1,GENERATOR,-1.033259423503326,S>>X_MGTI+PATI_02
V-SA,S-X_MGTI+PATI,ANGAST1,SA1,GENERATOR,-1.033259423503326,S>>X_MGTI+PATI_02
V-SA,S-X_MGTI+PATI,CGBESS01,SA1,BIDIRECTIONAL,-1.0288248337028825,S>>X_MGTI+PATI_02
V-SA,S-X_TBSE+BDBU,WKIEWA1,VIC1,GENERATOR,2.6779661016949152,V::N_SETB_O1
V-SA,S-X_TBSE+BDBU,MCKAY1,VIC1,GENERATOR,2.6779661016949152,V::N_SETB_O1
V-SA,S-X_TBSE+BDBU,DARTM1,VIC1,GENERATOR,2.6779661016949152,V::N_SETB_O2
V-SA,S-X_TBSE+BDBU,MURRAY,VIC1,GENERATOR,2.1553672316384183,V::N_SETB_O1
V-SA,S-X_TBSE+BDBU,SNUG1,SA1,GENERATOR,-1.66,V::S_TBSE+BDBU_12
V-SA,S-X_TBSE+BDBU,PPCCGT,SA1,GENERATOR,-1.4,V::S_TBSE+BDBU_05
V-SA,S-X_TBSE+BDBU,DRYCNL3,SA1,GENERATOR,-1.4,V::S_TBSE+BDBU_04
V-SA,S-X_TBSE+BDBU,TIB1,SA1,BIDIRECTIONAL,-1.4,V::S_TBSE+BDBU_07
V-SA,S-X_TBSE+BDBU,TORRB2,SA1,GENERATOR,-1.4,V::S_TBSE+BDBU_09
V-SA,S-X_TBSE+BDBU,SNAPPER1,SA1,GENERATOR,-1.4,V::S_TBSE+BDBU_06
V-SA,S-X_TBTU+BDBU,SNUG1,SA1,GENERATOR,-1.89,V::S_TBTU+BDBU_12
V-SA,S-X_TBTU+BDBU,BARKIPS1,SA1,GENERATOR,-1.4,V::S_TBTU+BDBU_02
V-SA,S-X_TBTU+BDBU,DRYCNL3,SA1,GENERATOR,-1.4,V::S_TBTU+BDBU_05
V-SA,S-X_TBTU+BDBU,PPCCGT,SA1,GENERATOR,-1.4,V::S_TBTU+BDBU_04
V-SA,S-X_TBTU+BDBU,SNAPPER1,SA1,GENERATOR,-1.4,V::S_TBTU+BDBU_06
V-SA,S-X_TBTU+BDBU,TIB1,SA1,BIDIRECTIONAL,-1.4,V::S_TBTU+BDBU_07
V-SA,S-X_TBTU+BDBU,TORRB3,SA1,GENERATOR,-1.4,V::S_TBTU+BDBU_10
V-SA,S-X_TBTU+BDBU,TORRB4,SA1,GENERATOR,-1.4,V::S_TBTU+BDBU_11
V-SA,S-X_TBTU+BDBU,TORRB2,SA1,GENERATOR,-1.4,V::S_TBTU+BDBU_09
V-SA,S-X_TBTU+BDBU,TORRB1,SA1,GENERATOR,-1.4,V::S_TBTU+BDBU_08
V-SA,V-ARCW,COHUNSF1,VIC1,GENERATOR,5.0,V>>ARCW_SHBE_BABE
V-SA,V-ARCW,GANNSF1,VIC1,GENERATOR,5.0,V>>ARCW_SHBE_BABE
V-SA,V-ARCW,KERNGSP1,VIC1,GENERATOR,5.0,V>>ARCW_SHBE_BABE
V-SA,V-ARCW,GANNB1,VIC1,BIDIRECTIONAL,5.0,V>>ARCW_SHBE_BABE
V-SA,V-ARCW,KESSB1,VIC1,BIDIRECTIONAL,4.845,V>>ARCW_SHBE_BABE
V-SA,V-ARCW,WUNUSF1,VIC1,GENERATOR,-3.864035087719298,V>>ARCW_SHBE_NIL
V-SA,V-ARCW,GIRGSF,VIC1,GENERATOR,-3.864035087719298,V>>ARCW_SHBE_NIL
V-SA,V-ARCW,NUMURSF1,VIC1,GENERATOR,-3.864035087719298,V>>ARCW_SHBE_NIL
V-SA,V-ARCW,LANCSF1,VIC1,GENERATOR,-3.864035087719298,V>>ARCW_SHBE_NIL
V-SA,V-ARCW,WKIEWA1,VIC1,GENERATOR,3.558718861209964,V::N_WBHO_V2
V-SA,V-AR_WB_BA,COHUNSF1,VIC1,GENERATOR,5.0,V>>ARWB_SHBE_BABE
V-SA,V-AR_WB_BA,GANNB1,VIC1,BIDIRECTIONAL,5.0,V>>ARWB_SHBE_BABE
V-SA,V-AR_WB_BA,GANNSF1,VIC1,GENERATOR,5.0,V>>ARWB_SHBE_BABE
V-SA,V-AR_WB_BA,KERNGSP1,VIC1,GENERATOR,5.0,V>>ARWB_SHBE_BABE
V-SA,V-AR_WB_BA,KESSB1,VIC1,BIDIRECTIONAL,4.845,V>>ARWB_SHBE_BABE
V-SA,V-AR_WB_BA,NUMURSF1,VIC1,GENERATOR,-3.864035087719298,V>>ARWB_SHBE_NIL
V-SA,V-AR_WB_BA,LANCSF1,VIC1,GENERATOR,-3.864035087719298,V>>ARWB_SHBE_NIL
V-SA,V-AR_WB_BA,WUNUSF1,VIC1,GENERATOR,-3.864035087719298,V>>ARWB_SHBE_NIL
V-SA,V-AR_WB_BA,GIRGSF,VIC1,GENERATOR,-3.864035087719298,V>>ARWB_SHBE_NIL
V-SA,V-AR_WB_BA,WKIEWA1,VIC1,GENERATOR,3.558718861209964,V::N_X_ARWBBA_V2
V-SA,V-BAML1_15M,BALB1,VIC1,BIDIRECTIONAL,6.258278145695364,V>>BAML1_MLBA_MLELBA
V-SA,V-BAML1_15M,YENDWF1,VIC1,GENERATOR,6.245033112582782,V>>BAML1_MLBA_MLELBA
V-SA,V-BAML1_15M,ARWF1,VIC1,GENERATOR,6.026490066225166,V>>BAML1_MLBA_MLELBA
V-SA,V-BAML1_15M,CROWLWF1,VIC1,GENERATOR,5.953642384105961,V>>BAML1_MLBA_MLELBA
V-SA,V-BAML1_15M,BULGANA1,VIC1,GENERATOR,5.80794701986755,V>>BAML1_MLBA_MLELBA
V-SA,V-BAML1_15M,BULBES1,VIC1,BIDIRECTIONAL,5.80794701986755,V>>BAML1_MLBA_MLELBA
V-SA,V-BAML1_15M,KIATAWF1,VIC1,GENERATOR,5.284768211920531,V>>BAML1_MLBA_MLELBA
V-SA,V-BAML1_15M,BRYB1WF1,VIC1,GENERATOR,5.20625,V>>BAML1_BAML2_ELML
V-SA,V-BAML1_15M,BRYB2WF2,VIC1,GENERATOR,5.20625,V>>BAML1_BAML2_ELML
V-SA,V-BAML1_15M,MUWAWF2,VIC1,GENERATOR,4.927152317880795,V>>BAML1_MLBA_MLELBA
V-SA,V-BUCW,KERNGSP1,VIC1,GENERATOR,5.0,V>>BUCW_SHBE_BABE
V-SA,V-BUCW,GANNSF1,VIC1,GENERATOR,5.0,V>>BUCW_SHBE_BABE
V-SA,V-BUCW,COHUNSF1,VIC1,GENERATOR,5.0,V>>BUCW_SHBE_BABE
V-SA,V-BUCW,GANNB1,VIC1,BIDIRECTIONAL,5.0,V>>BUCW_SHBE_BABE
V-SA,V-BUCW,KESSB1,VIC1,BIDIRECTIONAL,4.845,V>>BUCW_SHBE_BABE
V-SA,V-BUCW,WUNUSF1,VIC1,GENERATOR,-3.864035087719298,V>>BUCW_SHBE_NIL
V-SA,V-BUCW,GIRGSF,VIC1,GENERATOR,-3.864035087719298,V>>BUCW_SHBE_NIL
V-SA,V-BUCW,LANCSF1,VIC1,GENERATOR,-3.864035087719298,V>>BUCW_SHBE_NIL
V-SA,V-BUCW,NUMURSF1,VIC1,GENERATOR,-3.864035087719298,V>>BUCW_SHBE_NIL
V-SA,V-BUCW,MCKAY1,VIC1,GENERATOR,3.558718861209964,V::N_WBHO_V2
V-SA,V-CPRC,KESSB1,VIC1,BIDIRECTIONAL,3.875968992248062,V>>KMRC_KGWE_X3
V-SA,V-CPRC,WEMENSF1,VIC1,GENERATOR,2.937984496124031,V>>KMRC_KGWE_X3
V-SA,V-CPRC,BANN1,VIC1,GENERATOR,2.937984496124031,V>>KMRC_KGWE_X3
V-SA,V-CPRC,DARTM1,VIC1,GENERATOR,2.6779661016949152,V::N_KMRC_O1
V-SA,V-CPRC,MCKAY1,VIC1,GENERATOR,2.6779661016949152,V::N_KMRC_O1
V-SA,V-CPRC,WKIEWA1,VIC1,GENERATOR,2.6779661016949152,V::N_KMRC_O1
V-SA,V-CPRC,YATSF1,VIC1,GENERATOR,2.562015503875969,V>>KMRC_KGWE_X3
V-SA,V-CPRC,KARSF1,VIC1,GENERATOR,2.562015503875969,V>>KMRC_KGWE_X3
V-SA,V-CPRC,BHB1,NSW1,BIDIRECTIONAL,2.546511627906977,V>>KMRC_KGWE_X3
V-SA,V-CPRC,MURRAY,VIC1,GENERATOR,2.1553672316384183,V::N_KMRC_O1
V-SA,V-CRML,WKIEWA1,VIC1,GENERATOR,2.6779661016949152,V::N_MLMO_O2
V-SA,V-CRML,MCKAY1,VIC1,GENERATOR,2.6779661016949152,V::N_MLMO_O2
V-SA,V-CRML,DARTM1,VIC1,GENERATOR,2.6779661016949152,V::N_MLMO_O2
V-SA,V-CRML,MURRAY,VIC1,GENERATOR,2.1553672316384183,V::N_MLMO_O2
V-SA,V-CRML,STWF1,NSW1,GENERATOR,-1.4651639344262295,N^^V_CRML_1
V-SA,V-CRML,BROKENH1,NSW1,GENERATOR,-1.4651639344262295,N^^V_CRML_1
V-SA,V-CRML,BHB1,NSW1,BIDIRECTIONAL,-1.4651639344262295,N^^V_CRML_1
V-SA,V-CRML,UPPTUMUT,NSW1,GENERATOR,-1.2254098360655739,N^^V_CRML_1
V-SA,V-CRML,CHYTWF1,VIC1,GENERATOR,1.0112994350282487,V::N_MLMO_O2
V-SA,V-CRML,MRTLSWF1,VIC1,GENERATOR,1.0112994350282487,V::N_MLMO_O2
V-SA,V-CRML1,WKIEWA1,VIC1,GENERATOR,3.558718861209964,V::N_MLTR_V2
V-SA,V-CRML1,MCKAY1,VIC1,GENERATOR,3.558718861209964,V::N_MLTR_V2
V-SA,V-CRML1,DARTM1,VIC1,GENERATOR,3.558718861209964,V::N_MLTR_V1
V-SA,V-CRML1,MURRAY,VIC1,GENERATOR,2.6619217081850532,V::N_MLTR_V2
V-SA,V-CRML1,BROKENH1,NSW1,GENERATOR,-1.4651639344262295,N^^V_CRML_1
V-SA,V-CRML1,BHB1,NSW1,BIDIRECTIONAL,-1.4651639344262295,N^^V_CRML_1
V-SA,V-CRML1,STWF1,NSW1,GENERATOR,-1.4651639344262295,N^^V_CRML_1
V-SA,V-CRML1,UPPTUMUT,NSW1,GENERATOR,-1.2254098360655739,N^^V_CRML_1
V-SA,V-CRML1,YENDWF1,VIC1,GENERATOR,1.1138790035587187,V::N_MLTR_V2
V-SA,V-CRML1,BULBES1,VIC1,BIDIRECTIONAL,1.1138790035587187,V::N_MLTR_V2
V-SA,V-CRMO,WKIEWA1,VIC1,GENERATOR,2.6779661016949152,V::N_MLMO_O2
V-SA,V-CRMO,DARTM1,VIC1,GENERATOR,2.6779661016949152,V::N_MLMO_O1
V-SA,V-CRMO,MCKAY1,VIC1,GENERATOR,2.6779661016949152,V::N_MLMO_O1
V-SA,V-CRMO,MURRAY,VIC1,GENERATOR,2.1553672316384183,V::N_MLMO_O1
V-SA,V-CRMO,MACARTH1,VIC1,GENERATOR,2.0964360587002098,V_V_CRMO_1
V-SA,V-CRMO,HD1WF1,VIC1,GENERATOR,2.0964360587002098,V_V_CRMO_1
V-SA,V-CRMO,RYANCWF1,VIC1,GENERATOR,2.0964360587002098,V_V_CRMO_1
V-SA,V-CRMO,STWF1,NSW1,GENERATOR,-1.4651639344262295,N^^V_CRMO_1
V-SA,V-CRMO,BHB1,NSW1,BIDIRECTIONAL,-1.4651639344262295,N^^V_CRMO_1
V-SA,V-CRMO,BROKENH1,NSW1,GENERATOR,-1.4651639344262295,N^^V_CRMO_1
V-SA,V-CWHO,GANNB1,VIC1,BIDIRECTIONAL,5.617977528089888,V>>CWHO_SHBE_BABE
V-SA,V-CWHO,KERNGSP1,VIC1,GENERATOR,5.617977528089888,V>>CWHO_SHBE_BABE
V-SA,V-CWHO,GANNSF1,VIC1,GENERATOR,5.617977528089888,V>>CWHO_SHBE_BABE
V-SA,V-CWHO,COHUNSF1,VIC1,GENERATOR,5.617977528089888,V>>CWHO_SHBE_BABE
V-SA,V-CWHO,KESSB1,VIC1,BIDIRECTIONAL,5.449438202247191,V>>CWHO_SHBE_BABE
V-SA,V-CWHO,GIRGSF,VIC1,GENERATOR,-4.15311004784689,V>>CWHO_SHBE_NIL
V-SA,V-CWHO,WUNUSF1,VIC1,GENERATOR,-4.15311004784689,V>>CWHO_SHBE_NIL
V-SA,V-CWHO,NUMURSF1,VIC1,GENERATOR,-4.15311004784689,V>>CWHO_SHBE_NIL
V-SA,V-CWHO,LANCSF1,VIC1,GENERATOR,-4.15311004784689,V>>CWHO_SHBE_NIL
V-SA,V-CWHO,WEMENSF1,VIC1,GENERATOR,3.707865168539326,V>>CWHO_SHBE_BABE
V-SA,V-HGMO,WKIEWA1,VIC1,GENERATOR,3.558718861209964,V::N_MLTR_V1
V-SA,V-HGMO,MCKAY1,VIC1,GENERATOR,3.558718861209964,V::N_MLTR_V2
V-SA,V-HGMO,DARTM1,VIC1,GENERATOR,3.558718861209964,V::N_MLTR_V2
V-SA,V-HGMO,MURRAY,VIC1,GENERATOR,2.6619217081850532,V::N_MLTR_V1
V-SA,V-HGMO,BROKENH1,NSW1,GENERATOR,-1.4651639344262295,N^^V_HGMO_1
V-SA,V-HGMO,STWF1,NSW1,GENERATOR,-1.4651639344262295,N^^V_HGMO_1
V-SA,V-HGMO,BHB1,NSW1,BIDIRECTIONAL,-1.4651639344262295,N^^V_HGMO_1
V-SA,V-HGMO,UPPTUMUT,NSW1,GENERATOR,-1.2254098360655739,N^^V_HGMO_1
V-SA,V-HGMO,HD1WF1,VIC1,GENERATOR,-1.1806375442739079,V_V_HGTR_2
V-SA,V-HGMO,RYANCWF1,VIC1,GENERATOR,-1.1806375442739079,V_V_HGTR_2
V-SA,V-HGTR,DARTM1,VIC1,GENERATOR,3.558718861209964,V::N_MLTR_V2
V-SA,V-HGTR,MCKAY1,VIC1,GENERATOR,3.558718861209964,V::N_MLTR_V2
V-SA,V-HGTR,WKIEWA1,VIC1,GENERATOR,3.558718861209964,V::N_MLTR_V2
V-SA,V-HGTR,MURRAY,VIC1,GENERATOR,2.6619217081850532,V::N_MLTR_V2
V-SA,V-HGTR,BHB1,NSW1,BIDIRECTIONAL,-1.4651639344262295,N^^V_HGTR_1
V-SA,V-HGTR,STWF1,NSW1,GENERATOR,-1.4651639344262295,N^^V_HGTR_1
V-SA,V-HGTR,BROKENH1,NSW1,GENERATOR,-1.4651639344262295,N^^V_HGTR_1
V-SA,V-HGTR,UPPTUMUT,NSW1,GENERATOR,-1.2254098360655739,N^^V_HGTR_1
V-SA,V-HGTR,HD1WF1,VIC1,GENERATOR,-1.1806375442739079,V_V_HGTR_2
V-SA,V-HGTR,MACARTH1,VIC1,GENERATOR,-1.1806375442739079,V_V_HGTR_2
V-SA,V-HYMO,DARTM1,VIC1,GENERATOR,2.6779661016949152,V::N_HYMO_O1
V-SA,V-HYMO,WKIEWA1,VIC1,GENERATOR,2.6779661016949152,V::N_HYMO_O1
V-SA,V-HYMO,MCKAY1,VIC1,GENERATOR,2.6779661016949152,V::N_HYMO_O1
V-SA,V-HYMO,MURRAY,VIC1,GENERATOR,2.1553672316384183,V::N_HYMO_O2
V-SA,V-HYMO,HD1WF1,VIC1,GENERATOR,1.6129032258064517,V_V_HYMO_1
V-SA,V-HYMO,MACARTH1,VIC1,GENERATOR,1.6129032258064517,V_V_HYMO_1
V-SA,V-HYMO,RYANCWF1,VIC1,GENERATOR,1.6129032258064517,V_V_HYMO_1
V-SA,V-HYMO,STWF1,NSW1,GENERATOR,-1.4651639344262295,N^^V_HYMO_1
V-SA,V-HYMO,BHB1,NSW1,BIDIRECTIONAL,-1.4651639344262295,N^^V_HYMO_1
V-SA,V-HYMO,BROKENH1,NSW1,GENERATOR,-1.4651639344262295,N^^V_HYMO_1
V-SA,V-HYTR,WKIEWA1,VIC1,GENERATOR,2.6779661016949152,V::N_HYTR_O2
V-SA,V-HYTR,MCKAY1,VIC1,GENERATOR,2.6779661016949152,V::N_HYTR_O2
V-SA,V-HYTR,DARTM1,VIC1,GENERATOR,2.6779661016949152,V::N_HYTR_O2
V-SA,V-HYTR,MURRAY,VIC1,GENERATOR,2.1553672316384183,V::N_HYTR_O2
V-SA,V-HYTR,STWF1,NSW1,GENERATOR,-1.4651639344262295,N^^V_HY_TR_HG_ML_1
V-SA,V-HYTR,BROKENH1,NSW1,GENERATOR,-1.4651639344262295,N^^V_HY_TR_HG_ML_1
V-SA,V-HYTR,BHB1,NSW1,BIDIRECTIONAL,-1.4651639344262295,N^^V_HY_TR_HG_ML_1
V-SA,V-HYTR,UPPTUMUT,NSW1,GENERATOR,-1.2254098360655739,N^^V_HY_TR_HG_ML_1
V-SA,V-HYTR,CHYTWF1,VIC1,GENERATOR,1.0112994350282487,V::N_HYTR_O2
V-SA,V-HYTR,MRTLSWF1,VIC1,GENERATOR,1.0112994350282487,V::N_HYTR_O2
V-SA,V-KG_WE_RC,ARWF1,VIC1,GENERATOR,4.975124378109452,V>>RCWE_WBBA_X3
V-SA,V-KG_WE_RC,CROWLWF1,VIC1,GENERATOR,4.915422885572139,V>>RCWE_WBBA_X5
V-SA,V-KG_WE_RC,BULGANA1,VIC1,GENERATOR,4.805970149253731,V>>RCWE_WBBA_X3
V-SA,V-KG_WE_RC,BULBES1,VIC1,BIDIRECTIONAL,4.805970149253731,V>>RCWE_WBBA_X3
V-SA,V-KG_WE_RC,KIATAWF1,VIC1,GENERATOR,4.333333333333333,V>>RCWE_WBBA_X3
V-SA,V-KG_WE_RC,MUWAWF2,VIC1,GENERATOR,4.104477611940298,V>>RCWE_WBBA_X5
V-SA,V-KG_WE_RC,MUWAWF1,VIC1,GENERATOR,4.104477611940298,V>>RCWE_WBBA_X3
V-SA,V-KG_WE_RC,KIAMSF1,VIC1,GENERATOR,3.1194029850746268,V>>RCWE_WBBA_X5
V-SA,V-KG_WE_RC,CRWARP1,VIC1,GENERATOR,2.7313432835820897,V>>RCWE_WBBA_X3
V-SA,V-KG_WE_RC,MCKAY1,VIC1,GENERATOR,2.6779661016949152,V::N_KGRC_O1
V-SA,V-KMRC,COHUNSF1,VIC1,GENERATOR,3.9682539682539684,V>>KMRC_BEKG_X3
V-SA,V-KMRC,GANNSF1,VIC1,GENERATOR,3.9682539682539684,V>>KMRC_BEKG_X3
V-SA,V-KMRC,KERNGSP1,VIC1,GENERATOR,3.9682539682539684,V>>KMRC_BEKG_X3
V-SA,V-KMRC,GANNB1,VIC1,BIDIRECTIONAL,3.9682539682539684,V>>KMRC_BEKG_X3
V-SA,V-KMRC,KESSB1,VIC1,BIDIRECTIONAL,3.876984126984127,V>>KMRC_BEKG_X3
V-SA,V-KMRC,WEMENSF1,VIC1,GENERATOR,2.9404761904761902,V>>KMRC_BEKG_X3
V-SA,V-KMRC,BANN1,VIC1,GENERATOR,2.9404761904761902,V>>KMRC_BEKG_X3
V-SA,V-KMRC,DARTM1,VIC1,GENERATOR,2.6779661016949152,V::N_KMRC_O2
V-SA,V-KMRC,WKIEWA1,VIC1,GENERATOR,2.6779661016949152,V::N_KMRC_O2
V-SA,V-KMRC,MCKAY1,VIC1,GENERATOR,2.6779661016949152,V::N_KMRC_O1
V-SA,V-KOWE,ARWF1,VIC1,GENERATOR,4.975124378109452,V>>KOWE_WBBA_X3
V-SA,V-KOWE,CROWLWF1,VIC1,GENERATOR,4.915422885572139,V>>KOWE_WBBA_X5
V-SA,V-KOWE,BULBES1,VIC1,BIDIRECTIONAL,4.805970149253731,V>>KOWE_WBBA_X3
V-SA,V-KOWE,BULGANA1,VIC1,GENERATOR,4.805970149253731,V>>KOWE_WBBA_X3
V-SA,V-KOWE,KIATAWF1,VIC1,GENERATOR,4.333333333333333,V>>KOWE_WBBA_X5
V-SA,V-KOWE,MUWAWF1,VIC1,GENERATOR,4.104477611940298,V>>KOWE_WBBA_X3
V-SA,V-KOWE,MUWAWF2,VIC1,GENERATOR,4.104477611940298,V>>KOWE_WBBA_X3
V-SA,V-KOWE,KIAMSF1,VIC1,GENERATOR,3.1194029850746268,V>>KOWE_WBBA_X5
V-SA,V-KOWE,CRWARP1,VIC1,GENERATOR,2.7313432835820897,V>>KOWE_WBBA_X5
V-SA,V-KOWE,WKIEWA1,VIC1,GENERATOR,2.6779661016949152,V::N_KGRC_O1
V-SA,V-MLSY_NOEMTT_P,WKIEWA1,VIC1,GENERATOR,2.6779661016949152,V::N_MLSY_O1
V-SA,V-MLSY_NOEMTT_P,MCKAY1,VIC1,GENERATOR,2.6779661016949152,V::N_MLSY_O1
V-SA,V-MLSY_NOEMTT_P,DARTM1,VIC1,GENERATOR,2.6779661016949152,V::N_MLSY_O2
V-SA,V-MLSY_NOEMTT_P,GANNB1,VIC1,BIDIRECTIONAL,2.4154589371980677,V>>MLSY_SHBE_SYML
V-SA,V-MLSY_NOEMTT_P,GANNSF1,VIC1,GENERATOR,2.4154589371980677,V>>MLSY_SHBE_SYML
V-SA,V-MLSY_NOEMTT_P,KERNGSP1,VIC1,GENERATOR,2.4154589371980677,V>>MLSY_SHBE_SYML
V-SA,V-MLSY_NOEMTT_P,COHUNSF1,VIC1,GENERATOR,2.4154589371980677,V>>MLSY_SHBE_SYML
V-SA,V-MLSY_NOEMTT_P,KESSB1,VIC1,BIDIRECTIONAL,2.345410628019324,V>>MLSY_SHBE_SYML
V-SA,V-MLSY_NOEMTT_P,MURRAY,VIC1,GENERATOR,2.1553672316384183,V::N_MLSY_O1
V-SA,V-MLSY_NOEMTT_P,GIRGSF,VIC1,GENERATOR,-1.7536231884057971,V>>MLSY_SHBE_SYML
V-SA,V-MLSY_NOEMTT_R,WKIEWA1,VIC1,GENERATOR,2.6779661016949152,V::N_MLSY_O1
V-SA,V-MLSY_NOEMTT_R,DARTM1,VIC1,GENERATOR,2.6779661016949152,V::N_MLSY_O1
V-SA,V-MLSY_NOEMTT_R,MCKAY1,VIC1,GENERATOR,2.6779661016949152,V::N_MLSY_O1
V-SA,V-MLSY_NOEMTT_R,COHUNSF1,VIC1,GENERATOR,2.4154589371980677,V>>MLSY_SHBE_SYML
V-SA,V-MLSY_NOEMTT_R,GANNSF1,VIC1,GENERATOR,2.4154589371980677,V>>MLSY_SHBE_SYML
V-SA,V-MLSY_NOEMTT_R,KERNGSP1,VIC1,GENERATOR,2.4154589371980677,V>>MLSY_SHBE_SYML
V-SA,V-MLSY_NOEMTT_R,GANNB1,VIC1,BIDIRECTIONAL,2.4154589371980677,V>>MLSY_SHBE_SYML
V-SA,V-MLSY_NOEMTT_R,KESSB1,VIC1,BIDIRECTIONAL,2.345410628019324,V>>MLSY_SHBE_SYML
V-SA,V-MLSY_NOEMTT_R,MURRAY,VIC1,GENERATOR,2.1553672316384183,V::N_MLSY_O2
V-SA,V-MLSY_NOEMTT_R,LANCSF1,VIC1,GENERATOR,-1.7536231884057971,V>>MLSY_SHBE_SYML
V-SA,V-MOTR,DARTM1,VIC1,GENERATOR,3.558718861209964,V::N_MLTR_V2
V-SA,V-MOTR,MCKAY1,VIC1,GENERATOR,3.558718861209964,V::N_MLTR_V2
V-SA,V-MOTR,WKIEWA1,VIC1,GENERATOR,3.558718861209964,V::N_MLTR_V2
V-SA,V-MOTR,MURRAY,VIC1,GENERATOR,2.6619217081850532,V::N_MLTR_V1
V-SA,V-MOTR,STWF1,NSW1,GENERATOR,-1.4651639344262295,N^^V_MOTR_1
V-SA,V-MOTR,BHB1,NSW1,BIDIRECTIONAL,-1.4651639344262295,N^^V_MOTR_1
V-SA,V-MOTR,BROKENH1,NSW1,GENERATOR,-1.4651639344262295,N^^V_MOTR_1
V-SA,V-MOTR,UPPTUMUT,NSW1,GENERATOR,-1.2254098360655739,N^^V_MOTR_1
V-SA,V-MOTR,HD1WF1,VIC1,GENERATOR,-1.1806375442739079,V_V_HGTR_2
V-SA,V-MOTR,MACARTH1,VIC1,GENERATOR,-1.1806375442739079,V_V_HGTR_2
V-SA,V-MRKM,GANNB1,VIC1,BIDIRECTIONAL,4.405286343612334,V>>HOKM_BEKG_X3
V-SA,V-MRKM,COHUNSF1,VIC1,GENERATOR,4.405286343612334,V>>HOKM_BEKG_X3
V-SA,V-MRKM,GANNSF1,VIC1,GENERATOR,4.405286343612334,V>>HOKM_BEKG_X3
V-SA,V-MRKM,KERNGSP1,VIC1,GENERATOR,4.405286343612334,V>>HOKM_BEKG_X3
V-SA,V-MRKM,KESSB1,VIC1,BIDIRECTIONAL,4.312775330396476,V>>HOKM_BEKG_X3
V-SA,V-MRKM,WKIEWA1,VIC1,GENERATOR,3.558718861209964,V::N_HORC_V2
V-SA,V-MRKM,MCKAY1,VIC1,GENERATOR,3.558718861209964,V::N_HORC_V1
V-SA,V-MRKM,DARTM1,VIC1,GENERATOR,3.558718861209964,V::N_HORC_V1
V-SA,V-MRKM,BANN1,VIC1,GENERATOR,3.3788546255506606,V>>HOKM_BEKG_X3
V-SA,V-MRKM,WEMENSF1,VIC1,GENERATOR,3.3788546255506606,V>>HOKM_BEKG_X3
V-SA,V-RCTS_BUS2,DARTM1,VIC1,GENERATOR,2.6779661016949152,V::N_RC_BUS2_O1
V-SA,V-RCTS_BUS2,WKIEWA1,VIC1,GENERATOR,2.6779661016949152,V::N_RC_BUS2_O1
V-SA,V-RCTS_BUS2,WKIEWA2,VIC1,GENERATOR,2.6779661016949152,V::N_RC_BUS2_O1
V-SA,V-RCTS_BUS2,MCKAY1,VIC1,GENERATOR,2.6779661016949152,V::N_RC_BUS2_O1
V-SA,V-RCTS_BUS2,MURRAY,VIC1,GENERATOR,2.1553672316384183,V::N_RC_BUS2_O1
V-SA,V-RCTS_BUS2,NUMURSF1,VIC1,GENERATOR,1.0112994350282487,V::N_RC_BUS2_O1
V-SA,V-RCTS_BUS2,YATSF1,VIC1,GENERATOR,1.0112994350282487,V::N_RC_BUS2_O1
V-SA,V-RCTS_BUS2,KARSF1,VIC1,GENERATOR,1.0112994350282487,V::N_RC_BUS2_O1
V-SA,V-RCTS_BUS2,MTGELWF1,VIC1,GENERATOR,1.0112994350282487,V::N_RC_BUS2_O1
V-SA,V-RCTS_BUS2,BULBES1,VIC1,BIDIRECTIONAL,1.0112994350282487,V::N_RC_BUS2_O1
V-SA,V-SMSC,WKIEWA1,VIC1,GENERATOR,6.289308176100628,V>>SMSC_MBEP_DDSM
V-SA,V-SMSC,DARTM1,VIC1,GENERATOR,6.289308176100628,V>>SMSC_MBEP_DDSM
V-SA,V-SMSC,MCKAY1,VIC1,GENERATOR,6.289308176100628,V>>SMSC_MBEP_DDSM
V-SA,V-SMSC,GLRWNSF1,VIC1,GENERATOR,4.748427672955975,V>>SMSC_MBEP_DDSM
V-SA,V-SMSC,WINTSF1,VIC1,GENERATOR,4.748427672955975,V>>SMSC_MBEP_DDSM
V-SA,V-SMSC,MOKOSF1,VIC1,GENERATOR,4.748427672955975,V>>SMSC_MBEP_DDSM
V-SA,V-SMSC,GLENSF1,VIC1,GENERATOR,4.666666666666667,V>>SMSC_MBEP_DDSM
V-SA,V-SMSC,GOESF1,VIC1,GENERATOR,4.559748427672956,V>>SMSC_MBEP_DDSM
V-SA,V-SMSC,PLBESS1,VIC1,BIDIRECTIONAL,4.396226415094339,V>>SMSC_MBEP_DDSM
V-SA,V-SMSC,WUNUSF1,VIC1,GENERATOR,4.333333333333333,V>>SMSC_MBEP_DDSM
VIC1-NSW1,CA_BRIS_56906542,WLWLSF2,NSW1,GENERATOR,7.39630562552477,CA_BRIS_56906542_1
VIC1-NSW1,CA_BRIS_56906542,WLWLSF1,NSW1,GENERATOR,7.39630562552477,CA_BRIS_56906542_1
VIC1-NSW1,CA_BRIS_56906542,HUMENSW,NSW1,GENERATOR,7.37951301427372,CA_BRIS_56906542_1
VIC1-NSW1,CA_BRIS_56906542,CRWASF1,NSW1,GENERATOR,7.034424853064651,CA_BRIS_56906542_1
VIC1-NSW1,CA_BRIS_56906542,FINLYSF1,NSW1,GENERATOR,6.478589420654911,CA_BRIS_56906542_1
VIC1-NSW1,CA_BRIS_56906542,URANQ14,NSW1,GENERATOR,5.979848866498741,CA_BRIS_56906542_1
VIC1-NSW1,CA_BRIS_56906542,URANQ11,NSW1,GENERATOR,5.979848866498741,CA_BRIS_56906542_1
VIC1-NSW1,CA_BRIS_56906542,URANQ12,NSW1,GENERATOR,5.979848866498741,CA_BRIS_56906542_1
VIC1-NSW1,CA_BRIS_56906542,URANQ13,NSW1,GENERATOR,5.979848866498741,CA_BRIS_56906542_1
VIC1-NSW1,CA_BRIS_56906542,AVLSF1,NSW1,GENERATOR,5.929471032745592,CA_BRIS_56906542_1
VIC1-NSW1,CA_BRIS_5699E75F,SNOWYP,NSW1,LOAD,-5.970149253731343,CA_BRIS_5699E75F_1
VIC1-NSW1,CA_BRIS_5699E75F,TUMUT3-4,SNOWY1,GENERATOR,-5.970149253731343,CA_BRIS_5699E75F_1
VIC1-NSW1,CA_BRIS_5699E75F,TUMUT3-3,SNOWY1,GENERATOR,-5.970149253731343,CA_BRIS_5699E75F_1
VIC1-NSW1,CA_BRIS_5699E75F,TUMUT3,NSW1,GENERATOR,5.970149253731343,CA_BRIS_5699E75F_1
VIC1-NSW1,CA_BRIS_5699E75F,UPPTUMUT,NSW1,GENERATOR,-3.8370149253731345,CA_BRIS_5699E75F_1
VIC1-NSW1,CA_BRIS_5699E75F,URANQ13,NSW1,GENERATOR,2.6477611940298504,CA_BRIS_5699E75F_1
VIC1-NSW1,CA_BRIS_5699E75F,URANQ11,NSW1,GENERATOR,2.6477611940298504,CA_BRIS_5699E75F_1
VIC1-NSW1,CA_BRIS_5699E75F,URANQ12,NSW1,GENERATOR,2.6477611940298504,CA_BRIS_5699E75F_1
VIC1-NSW1,CA_BRIS_5699E75F,URANQ14,NSW1,GENERATOR,2.6477611940298504,CA_BRIS_5699E75F_1
VIC1-NSW1,CA_BRIS_5699E75F,SEBSF1,NSW1,GENERATOR,2.645970149253731,CA_BRIS_5699E75F_1
VIC1-NSW1,CA_BRIS_56D513DF,CRWASF1,NSW1,GENERATOR,-1.0,CA_BRIS_56D513DF_1
VIC1-NSW1,CA_BRIS_56D513DF,BROKENH1,NSW1,GENERATOR,-1.0,CA_BRIS_56D513DF_1
VIC1-NSW1,CA_BRIS_56D513DF,BHB1,NSW1,BIDIRECTIONAL,-1.0,CA_BRIS_56D513DF_1
VIC1-NSW1,CA_BRIS_56D513DF,STWF1,NSW1,GENERATOR,-1.0,CA_BRIS_56D513DF_1
VIC1-NSW1,CA_BRIS_56D513DF,LIMOSF21,NSW1,GENERATOR,-1.0,CA_BRIS_56D513DF_1
VIC1-NSW1,CA_BRIS_56D513DF,LIMOSF11,NSW1,GENERATOR,-1.0,CA_BRIS_56D513DF_1
VIC1-NSW1,CA_BRIS_56D513DF,SUNRSF1,NSW1,GENERATOR,-1.0,CA_BRIS_56D513DF_1
VIC1-NSW1,CA_BRIS_56D513DF,COLEASF1,NSW1,GENERATOR,-1.0,CA_BRIS_56D513DF_1
VIC1-NSW1,CA_BRIS_56D513DF,HILLSTN1,NSW1,GENERATOR,-1.0,CA_BRIS_56D513DF_1
VIC1-NSW1,CA_BRIS_56D513DF,DARLSF1,NSW1,GENERATOR,-1.0,CA_BRIS_56D513DF_1
VIC1-NSW1,CA_BRIS_58730C07,WKIEWA2,VIC1,GENERATOR,1.1344299489506524,CA_BRIS_58730C07_1
VIC1-NSW1,CA_BRIS_58730C07,DARTM1,VIC1,GENERATOR,1.1344299489506524,CA_BRIS_58730C07_1
VIC1-NSW1,CA_BRIS_58730C07,MCKAY1,VIC1,GENERATOR,1.1344299489506524,CA_BRIS_58730C07_1
VIC1-NSW1,CA_BRIS_58730C07,WKIEWA1,VIC1,GENERATOR,1.1344299489506524,CA_BRIS_58730C07_1
VIC1-NSW1,CA_BRIS_58730C07,HUMEV,VIC1,GENERATOR,1.0128190584231425,CA_BRIS_58730C07_1
VIC1-NSW1,CA_BRIS_58730C07,MURRAY,VIC1,GENERATOR,1.0096426545660806,CA_BRIS_58730C07_1
VIC1-NSW1,CA_BRIS_58730C07,WINTSF1,VIC1,GENERATOR,0.9625638116846286,CA_BRIS_58730C07_1
VIC1-NSW1,CA_BRIS_58730C07,MOKOSF1,VIC1,GENERATOR,0.9625638116846286,CA_BRIS_58730C07_1
VIC1-NSW1,CA_BRIS_58730C07,GLRWNSF1,VIC1,GENERATOR,0.9625638116846286,CA_BRIS_58730C07_1
VIC1-NSW1,CA_BRIS_58730C07,GLENSF1,VIC1,GENERATOR,0.9570051049347703,CA_BRIS_58730C07_1
VIC1-NSW1,CA_BRIS_5873DCEF,KERNGSP1,VIC1,GENERATOR,1.717032967032967,CA_BRIS_5873DCEF_1
VIC1-NSW1,CA_BRIS_5873DCEF,GANNB1,VIC1,BIDIRECTIONAL,1.717032967032967,CA_BRIS_5873DCEF_1
VIC1-NSW1,CA_BRIS_5873DCEF,COHUNSF1,VIC1,GENERATOR,1.717032967032967,CA_BRIS_5873DCEF_1
VIC1-NSW1,CA_BRIS_5873DCEF,GANNSF1,VIC1,GENERATOR,1.717032967032967,CA_BRIS_5873DCEF_1
VIC1-NSW1,CA_BRIS_5873DCEF,KESSB1,VIC1,BIDIRECTIONAL,1.6612293956043955,CA_BRIS_5873DCEF_1
VIC1-NSW1,CA_BRIS_5873DCEF,NUMURSF1,VIC1,GENERATOR,1.3164491758241759,CA_BRIS_5873DCEF_1
VIC1-NSW1,CA_BRIS_5873DCEF,WUNUSF1,VIC1,GENERATOR,1.3164491758241759,CA_BRIS_5873DCEF_1
VIC1-NSW1,CA_BRIS_5873DCEF,GIRGSF,VIC1,GENERATOR,1.3164491758241759,CA_BRIS_5873DCEF_1
VIC1-NSW1,CA_BRIS_5873DCEF,GOESF1,VIC1,GENERATOR,1.214629120879121,CA_BRIS_5873DCEF_1
VIC1-NSW1,CA_BRIS_5873DCEF,GLENSF1,VIC1,GENERATOR,1.1723901098901097,CA_BRIS_5873DCEF_1
VIC1-NSW1,CA_BRIS_5964121F,VBB1,VIC1,BIDIRECTIONAL,2.6041666666666665,CA_BRIS_5964121F_2
VIC1-NSW1,CA_BRIS_5964121F,CROWLWF1,VIC1,GENERATOR,2.38515625,CA_BRIS_5964121F_1
VIC1-NSW1,CA_BRIS_5964121F,MERCER01,VIC1,GENERATOR,2.38515625,CA_BRIS_5964121F_1
VIC1-NSW1,CA_BRIS_5964121F,BULBES1,VIC1,BIDIRECTIONAL,2.38515625,CA_BRIS_5964121F_1
VIC1-NSW1,CA_BRIS_5964121F,KIATAWF1,VIC1,GENERATOR,2.38515625,CA_BRIS_5964121F_1
VIC1-NSW1,CA_BRIS_5964121F,KIAMSF1,VIC1,GENERATOR,2.38515625,CA_BRIS_5964121F_1
VIC1-NSW1,CA_BRIS_5964121F,MUWAWF2,VIC1,GENERATOR,2.38515625,CA_BRIS_5964121F_1
VIC1-NSW1,CA_BRIS_5964121F,BULGANA1,VIC1,GENERATOR,2.38515625,CA_BRIS_5964121F_1
VIC1-NSW1,CA_BRIS_5964121F,ARWF1,VIC1,GENERATOR,2.38515625,CA_BRIS_5964121F_1
VIC1-NSW1,CA_BRIS_5964121F,MUWAWF1,VIC1,GENERATOR,2.38515625,CA_BRIS_5964121F_2
VIC1-NSW1,CA_SYDS_562A9792,GPWFEST3,VIC1,GENERATOR,12.903225806451614,CA_SYDS_562A9792_1
VIC1-NSW1,CA_SYDS_562A9792,GPWFEST2,VIC1,GENERATOR,12.903225806451614,CA_SYDS_562A9792_1
VIC1-NSW1,CA_SYDS_562A9792,DUNDWF3,VIC1,GENERATOR,12.903225806451614,CA_SYDS_562A9792_1
VIC1-NSW1,CA_SYDS_562A9792,MORTLK11,VIC1,GENERATOR,12.903225806451614,CA_SYDS_562A9792_1
VIC1-NSW1,CA_SYDS_562A9792,DUNDWF1,VIC1,GENERATOR,12.903225806451614,CA_SYDS_562A9792_1
VIC1-NSW1,CA_SYDS_562A9792,MORTLK12,VIC1,GENERATOR,12.903225806451614,CA_SYDS_562A9792_1
VIC1-NSW1,CA_SYDS_562A9792,RYANCWF1,VIC1,GENERATOR,12.903225806451614,CA_SYDS_562A9792_1
VIC1-NSW1,CA_SYDS_562A9792,MACARTH1,VIC1,GENERATOR,12.903225806451614,CA_SYDS_562A9792_1
VIC1-NSW1,CA_SYDS_562A9792,HD1WF1,VIC1,GENERATOR,12.903225806451614,CA_SYDS_562A9792_1
VIC1-NSW1,CA_SYDS_562A9792,VBB1,VIC1,BIDIRECTIONAL,12.903225806451614,CA_SYDS_562A9792_1
VIC1-NSW1,CA_SYDS_56F70932,CRWASF1,NSW1,GENERATOR,-1.0,CA_SYDS_56F70932_2
VIC1-NSW1,CA_SYDS_56F70932,BROKENH1,NSW1,GENERATOR,-1.0,CA_SYDS_56F70932_2
VIC1-NSW1,CA_SYDS_56F70932,BHB1,NSW1,BIDIRECTIONAL,-1.0,CA_SYDS_56F70932_2
VIC1-NSW1,CA_SYDS_56F70932,STWF1,NSW1,GENERATOR,-1.0,CA_SYDS_56F70932_2
VIC1-NSW1,CA_SYDS_56F70932,LIMOSF21,NSW1,GENERATOR,-1.0,CA_SYDS_56F70932_2
VIC1-NSW1,CA_SYDS_56F70932,LIMOSF11,NSW1,GENERATOR,-1.0,CA_SYDS_56F70932_2
VIC1-NSW1,CA_SYDS_56F70932,SUNRSF1,NSW1,GENERATOR,-1.0,CA_SYDS_56F70932_2
VIC1-NSW1,CA_SYDS_56F70932,HUMENSW,NSW1,GENERATOR,-1.0,CA_SYDS_56F70932_2
VIC1-NSW1,CA_SYDS_56F70932,WLWLSF2,NSW1,GENERATOR,-1.0,CA_SYDS_56F70932_2
VIC1-NSW1,CA_SYDS_56F70932,WLWLSF1,NSW1,GENERATOR,-1.0,CA_SYDS_56F70932_2
VIC1-NSW1,CA_SYDS_56FB4FDD,CRWASF1,NSW1,GENERATOR,-1.0,CA_SYDS_56FB4FDD_1
VIC1-NSW1,CA_SYDS_56FB4FDD,BROKENH1,NSW1,GENERATOR,-1.0,CA_SYDS_56FB4FDD_1
VIC1-NSW1,CA_SYDS_56FB4FDD,BHB1,NSW1,BIDIRECTIONAL,-1.0,CA_SYDS_56FB4FDD_1
VIC1-NSW1,CA_SYDS_56FB4FDD,STWF1,NSW1,GENERATOR,-1.0,CA_SYDS_56FB4FDD_1
VIC1-NSW1,CA_SYDS_56FB4FDD,LIMOSF21,NSW1,GENERATOR,-1.0,CA_SYDS_56FB4FDD_1
VIC1-NSW1,CA_SYDS_56FB4FDD,LIMOSF11,NSW1,GENERATOR,-1.0,CA_SYDS_56FB4FDD_1
VIC1-NSW1,CA_SYDS_56FB4FDD,SUNRSF1,NSW1,GENERATOR,-1.0,CA_SYDS_56FB4FDD_1
VIC1-NSW1,CA_SYDS_56FB4FDD,GUTHEGA,NSW1,GENERATOR,-1.0,CA_SYDS_56FB4FDD_1
VIC1-NSW1,CA_SYDS_56FB4FDD,HUMENSW,NSW1,GENERATOR,-1.0,CA_SYDS_56FB4FDD_1
VIC1-NSW1,CA_SYDS_56FB4FDD,WLWLSF2,NSW1,GENERATOR,-1.0,CA_SYDS_56FB4FDD_1
VIC1-NSW1,CA_SYDS_57BBC96F,CRWASF1,NSW1,GENERATOR,-1.0,CA_SYDS_57BBC96F_1
VIC1-NSW1,CA_SYDS_57BBC96F,BROKENH1,NSW1,GENERATOR,-1.0,CA_SYDS_57BBC96F_1
VIC1-NSW1,CA_SYDS_57BBC96F,BHB1,NSW1,BIDIRECTIONAL,-1.0,CA_SYDS_57BBC96F_1
VIC1-NSW1,CA_SYDS_57BBC96F,STWF1,NSW1,GENERATOR,-1.0,CA_SYDS_57BBC96F_1
VIC1-NSW1,CA_SYDS_57BBC96F,LIMOSF21,NSW1,GENERATOR,-1.0,CA_SYDS_57BBC96F_1
VIC1-NSW1,CA_SYDS_57BBC96F,LIMOSF11,NSW1,GENERATOR,-1.0,CA_SYDS_57BBC96F_1
VIC1-NSW1,CA_SYDS_57BBC96F,SUNRSF1,NSW1,GENERATOR,-1.0,CA_SYDS_57BBC96F_1
VIC1-NSW1,CA_SYDS_57BBC96F,COLEASF1,NSW1,GENERATOR,-1.0,CA_SYDS_57BBC96F_1
VIC1-NSW1,CA_SYDS_57BBC96F,CUSF1,NSW1,GENERATOR,-1.0,CA_SYDS_57BBC96F_1
VIC1-NSW1,CA_SYDS_57BBC96F,HILLSTN1,NSW1,GENERATOR,-1.0,CA_SYDS_57BBC96F_1
VIC1-NSW1,I-BDBU_ONE,GUNNING1,NSW1,GENERATOR,-11.750881316098708,N>>BDBU_YSTX_LV
VIC1-NSW1,I-BDBU_ONE,BLOWERNG,NSW1,GENERATOR,-11.312217194570135,N>>BDBU_970_051
VIC1-NSW1,I-BDBU_ONE,BANGOWF1,NSW1,GENERATOR,-10.963572267920096,N>>BDBU_YSTX_LV
VIC1-NSW1,I-BDBU_ONE,BANGOWF2,NSW1,GENERATOR,-10.951821386603996,N>>BDBU_YSTX_LV
VIC1-NSW1,I-BDBU_ONE,KERNGSP1,VIC1,GENERATOR,6.134969325153374,V>>BDBU_BABE_HOMRKM
VIC1-NSW1,I-BDBU_ONE,GANNSF1,VIC1,GENERATOR,6.134969325153374,V>>BDBU_BABE_HOMRKM
VIC1-NSW1,I-BDBU_ONE,GANNB1,VIC1,BIDIRECTIONAL,6.134969325153374,V>>BDBU_BABE_HOMRKM
VIC1-NSW1,I-BDBU_ONE,COHUNSF1,VIC1,GENERATOR,6.134969325153374,V>>BDBU_BABE_KMRC_1
VIC1-NSW1,I-BDBU_ONE,LIMOSF11,NSW1,GENERATOR,6.0606060606060606,N>>BDBU_X3_060
VIC1-NSW1,I-BDBU_ONE,LIMBESS1,NSW1,BIDIRECTIONAL,6.0606060606060606,N>>BDBU_X3_060
VIC1-NSW1,I-BURC,GANNB1,VIC1,BIDIRECTIONAL,-5.714285714285714,V>>SML_BURC_2
VIC1-NSW1,I-BURC,COHUNSF1,VIC1,GENERATOR,-5.714285714285714,V>>SML_BURC_2
VIC1-NSW1,I-BURC,GANNSF1,VIC1,GENERATOR,-5.714285714285714,V>>SML_BURC_2
VIC1-NSW1,I-BURC,KERNGSP1,VIC1,GENERATOR,-5.714285714285714,V>>SML_BURC_2
VIC1-NSW1,I-BURC,KESSB1,VIC1,BIDIRECTIONAL,-5.628571428571429,V>>SML_BURC_2
VIC1-NSW1,I-BURC,BANN1,VIC1,GENERATOR,-4.714285714285714,V>>SML_BURC_2
VIC1-NSW1,I-BURC,WEMENSF1,VIC1,GENERATOR,-4.714285714285714,V>>SML_BURC_2
VIC1-NSW1,I-BURC,KARSF1,VIC1,GENERATOR,-4.348571428571429,V>>SML_BURC_2
VIC1-NSW1,I-BURC,YATSF1,VIC1,GENERATOR,-4.348571428571429,V>>SML_BURC_2
VIC1-NSW1,I-BURC,CRWARP1,VIC1,GENERATOR,-4.211428571428572,V>>SML_BURC_2
VIC1-NSW1,I-HYSE,MCKAY1,VIC1,GENERATOR,1.0482180293501049,V::N_HYSE_V1
VIC1-NSW1,I-HYSE,DARTM1,VIC1,GENERATOR,1.0482180293501049,V::N_HYSE_V1
VIC1-NSW1,I-HYSE,WKIEWA1,VIC1,GENERATOR,1.0482180293501049,V::N_HYSE_V2
VIC1-NSW1,I-HYSE,MURRAY,VIC1,GENERATOR,0.883,V::N_HYSE_S2
VIC1-NSW1,I-HYSE,GLENSF1,VIC1,GENERATOR,0.425,V::N_HYSE_S2
VIC1-NSW1,I-HYSE,ELAINWF1,VIC1,GENERATOR,0.425,V::N_HYSE_S2
VIC1-NSW1,I-HYSE,GANNSF1,VIC1,GENERATOR,0.425,V::N_HYSE_S2
VIC1-NSW1,I-HYSE,COHUNSF1,VIC1,GENERATOR,0.425,V::N_HYSE_S2
VIC1-NSW1,I-HYSE,RANGEB1,VIC1,BIDIRECTIONAL,0.425,V::N_HYSE_S2
VIC1-NSW1,I-HYSE,BULBES1,VIC1,BIDIRECTIONAL,0.425,V::N_HYSE_S2
VIC1-NSW1,I-JNWO_63,CAPBES1,NSW1,BIDIRECTIONAL,-1.506024096385542,N>>060_9_2
VIC1-NSW1,I-JNWO_63,QBYNB1,NSW1,BIDIRECTIONAL,-1.506024096385542,N>>060_9_2
VIC1-NSW1,I-JNWO_63,WILLBES1,NSW1,BIDIRECTIONAL,-1.5015060240963856,N>>060+63_9_2
VIC1-NSW1,I-JNWO_63,BOCORWF1,NSW1,GENERATOR,-1.5,N>>060_9_2
VIC1-NSW1,I-JNWO_63,JUNEESF1,NSW1,GENERATOR,-1.2674271229404308,N>>060+63_07_03
VIC1-NSW1,I-JNWO_63,WAGGNSF1,NSW1,GENERATOR,-1.2674271229404308,N>>060+63_07_03
VIC1-NSW1,I-JNWO_63,URANQ13,NSW1,GENERATOR,-1.2674271229404308,N>>060+63_07_03
VIC1-NSW1,I-JNWO_63,MULWASF1,NSW1,GENERATOR,-1.2674271229404308,N>>060+63_07_03
VIC1-NSW1,I-JNWO_63,GESF1,NSW1,GENERATOR,-1.2674271229404308,N>>060+63_07_03
VIC1-NSW1,I-JNWO_63,HUMENSW,NSW1,GENERATOR,-1.2674271229404308,N>>060+63_07_03
VIC1-NSW1,I-JNWO_RADIAL,KERNGSP1,VIC1,GENERATOR,-4.545454545454546,V>>X5_SHBE_NIL
VIC1-NSW1,I-JNWO_RADIAL,GANNB1,VIC1,BIDIRECTIONAL,-4.545454545454546,V>>X5_SHBE_NIL
VIC1-NSW1,I-JNWO_RADIAL,COHUNSF1,VIC1,GENERATOR,-4.545454545454546,V>>X5_SHBE_NIL
VIC1-NSW1,I-JNWO_RADIAL,GANNSF1,VIC1,GENERATOR,-4.545454545454546,V>>X5_SHBE_NIL
VIC1-NSW1,I-JNWO_RADIAL,KESSB1,VIC1,BIDIRECTIONAL,-4.422727272727273,V>>X5_SHBE_NIL
VIC1-NSW1,I-JNWO_RADIAL,GIRGSF,VIC1,GENERATOR,3.8045454545454542,V>>X5_SHBE_NIL
VIC1-NSW1,I-JNWO_RADIAL,WUNUSF1,VIC1,GENERATOR,3.8045454545454542,V>>X5_SHBE_NIL
VIC1-NSW1,I-JNWO_RADIAL,NUMURSF1,VIC1,GENERATOR,3.8045454545454542,V>>X5_SHBE_NIL
VIC1-NSW1,I-JNWO_RADIAL,LANCSF1,VIC1,GENERATOR,3.8045454545454542,V>>X5_SHBE_NIL
VIC1-NSW1,I-JNWO_RADIAL,PLBESS1,VIC1,BIDIRECTIONAL,3.5909090909090913,V>>X5_SHBE_NIL
VIC1-NSW1,I-LTMS,TUMUT3-4,SNOWY1,GENERATOR,-6.410256410256411,N>>66_64_07
VIC1-NSW1,I-LTMS,SNOWYP,NSW1,LOAD,-6.410256410256411,N>>66_64_07
VIC1-NSW1,I-LTMS,TUMUT3,NSW1,GENERATOR,6.410256410256411,N>>66_64_07
VIC1-NSW1,I-LTMS,TUMUT3-3,SNOWY1,GENERATOR,-6.410256410256411,N>>66_64_07
VIC1-NSW1,I-LTMS,HUMENSW,NSW1,GENERATOR,-4.016064257028113,V^^N_LTMS_1
VIC1-NSW1,I-LTMS,UPPTUMUT,NSW1,GENERATOR,-4.006410256410256,N>>66_64_07
VIC1-NSW1,I-LTMS,URANQ12,NSW1,GENERATOR,2.6858974358974357,N>>66_64_07
VIC1-NSW1,I-LTMS,URANQ13,NSW1,GENERATOR,2.6858974358974357,N>>66_64_07
VIC1-NSW1,I-LTMS,URANQ14,NSW1,GENERATOR,2.6858974358974357,N>>66_64_07
VIC1-NSW1,I-LTMS,URANQ11,NSW1,GENERATOR,2.6858974358974357,N>>66_64_07
VIC1-NSW1,I-MURRAY_SRAS_R,HUMEV,VIC1,GENERATOR,-1.8181818181818181,N^^V_SRAS_2
VIC1-NSW1,I-MURRAY_SRAS_R,GANNSF1,VIC1,GENERATOR,1.7452006980802794,V>>SRAS_BEBA_DDSM
VIC1-NSW1,I-MURRAY_SRAS_R,COHUNSF1,VIC1,GENERATOR,1.7452006980802794,V>>SRAS_BABE_SMDD
VIC1-NSW1,I-MURRAY_SRAS_R,GANNB1,VIC1,BIDIRECTIONAL,1.7452006980802794,V>>SRAS_BEBA_DDSM
VIC1-NSW1,I-MURRAY_SRAS_R,KERNGSP1,VIC1,GENERATOR,1.7452006980802794,V>>SRAS_BABE_SMDD
VIC1-NSW1,I-MURRAY_SRAS_R,KESSB1,VIC1,BIDIRECTIONAL,1.7015706806282724,V>>SRAS_BEBA_DDSM
VIC1-NSW1,I-MURRAY_SRAS_R,LANCSF1,VIC1,GENERATOR,1.5625,V>>SRAS_SHBE_DDSM
VIC1-NSW1,I-MURRAY_SRAS_R,GIRGSF,VIC1,GENERATOR,1.5625,V>>SRAS_SHBE_DDSM
VIC1-NSW1,I-MURRAY_SRAS_R,WUNUSF1,VIC1,GENERATOR,1.5625,V>>SRAS_SHBE_DDSM
VIC1-NSW1,I-MURRAY_SRAS_R,NUMURSF1,VIC1,GENERATOR,1.5625,V>>SRAS_SHBE_DDSM
VIC1-NSW1,I-X_64_DDSM,GANNSF1,VIC1,GENERATOR,1.7574692442882252,V>>DDSM_BABE_SMDD
VIC1-NSW1,I-X_64_DDSM,COHUNSF1,VIC1,GENERATOR,1.7574692442882252,V>>DDSM_BABE_SMDD
VIC1-NSW1,I-X_64_DDSM,KERNGSP1,VIC1,GENERATOR,1.7574692442882252,V>>DDSM_BABE_SMDD
VIC1-NSW1,I-X_64_DDSM,GANNB1,VIC1,BIDIRECTIONAL,1.7574692442882252,V>>DDSM_BABE_SMDD
VIC1-NSW1,I-X_64_DDSM,KESSB1,VIC1,BIDIRECTIONAL,1.6959578207381372,V>>DDSM_BABE_SMDD
VIC1-NSW1,I-X_64_DDSM,UPPTUMUT,NSW1,GENERATOR,-1.6920473773265652,N>>64_1_6X
VIC1-NSW1,I-X_64_DDSM,NUMURSF1,VIC1,GENERATOR,1.5267175572519083,V>>DDSM_SHBE_DDSM
VIC1-NSW1,I-X_64_DDSM,GIRGSF,VIC1,GENERATOR,1.5267175572519083,V>>DDSM_SHBE_DDSM
VIC1-NSW1,I-X_64_DDSM,LANCSF1,VIC1,GENERATOR,1.5267175572519083,V>>DDSM_SHBE_DDSM
VIC1-NSW1,I-X_64_DDSM,WUNUSF1,VIC1,GENERATOR,1.5267175572519083,V>>DDSM_SHBE_DDSM
VIC1-NSW1,I-X_BABU_BURC,KERNGSP1,VIC1,GENERATOR,-4.545454545454546,V>>X3_SHBE_NIL
VIC1-NSW1,I-X_BABU_BURC,GANNSF1,VIC1,GENERATOR,-4.545454545454546,V>>X3_SHBE_NIL
VIC1-NSW1,I-X_BABU_BURC,COHUNSF1,VIC1,GENERATOR,-4.545454545454546,V>>X3_SHBE_NIL
VIC1-NSW1,I-X_BABU_BURC,GANNB1,VIC1,BIDIRECTIONAL,-4.545454545454546,V>>X3_SHBE_NIL
VIC1-NSW1,I-X_BABU_BURC,KESSB1,VIC1,BIDIRECTIONAL,-4.422727272727273,V>>X3_SHBE_NIL
VIC1-NSW1,I-X_BABU_BURC,LANCSF1,VIC1,GENERATOR,3.8,V>>X3_SHBE_NIL
VIC1-NSW1,I-X_BABU_BURC,GIRGSF,VIC1,GENERATOR,3.8,V>>X3_SHBE_NIL
VIC1-NSW1,I-X_BABU_BURC,WUNUSF1,VIC1,GENERATOR,3.8,V>>X3_SHBE_NIL
VIC1-NSW1,I-X_BABU_BURC,NUMURSF1,VIC1,GENERATOR,3.8,V>>X3_SHBE_NIL
VIC1-NSW1,I-X_BABU_BURC,PLBESS1,VIC1,BIDIRECTIONAL,3.5909090909090913,V>>X3_SHBE_NIL
VIC1-NSW1,I-X_BDBU+HYSE,MCKAY1,VIC1,GENERATOR,1.0482180293501049,V::N_HYSE_V1
VIC1-NSW1,I-X_BDBU+HYSE,DARTM1,VIC1,GENERATOR,1.0482180293501049,V::N_HYSE_V1
VIC1-NSW1,I-X_BDBU+HYSE,WKIEWA1,VIC1,GENERATOR,1.0482180293501049,V::N_HYSE_V2
VIC1-NSW1,I-X_BDBU+HYSE,MURRAY,VIC1,GENERATOR,0.883,V::N_HYSE_S2
VIC1-NSW1,I-X_BDBU+HYSE,GLENSF1,VIC1,GENERATOR,0.425,V::N_HYSE_S2
VIC1-NSW1,I-X_BDBU+HYSE,ELAINWF1,VIC1,GENERATOR,0.425,V::N_HYSE_S2
VIC1-NSW1,I-X_BDBU+HYSE,GANNSF1,VIC1,GENERATOR,0.425,V::N_HYSE_S2
VIC1-NSW1,I-X_BDBU+HYSE,COHUNSF1,VIC1,GENERATOR,0.425,V::N_HYSE_S2
VIC1-NSW1,I-X_BDBU+HYSE,RANGEB1,VIC1,BIDIRECTIONAL,0.425,V::N_HYSE_S2
VIC1-NSW1,I-X_BDBU+HYSE,BULBES1,VIC1,BIDIRECTIONAL,0.425,V::N_HYSE_S2
VIC1-NSW1,N-4+1_WG_CLOSE,JEMALNG1,NSW1,GENERATOR,9.00900900900901,N>>4_998_18
VIC1-NSW1,N-4+1_WG_CLOSE,QPSFB2,NSW1,BIDIRECTIONAL,6.396396396396396,N>>4_998_18
VIC1-NSW1,N-4+1_WG_CLOSE,PARSF1,NSW1,GENERATOR,6.396396396396396,N>>4_998_18
VIC1-NSW1,N-4+1_WG_CLOSE,GOONSF1,NSW1,GENERATOR,6.396396396396396,N>>4_998_18
VIC1-NSW1,N-4+1_WG_CLOSE,QPSFB1,NSW1,GENERATOR,6.396396396396396,N>>4_998_18
VIC1-NSW1,N-4+1_WG_CLOSE,BANGOWF2,NSW1,GENERATOR,-3.576576576576577,N>>4_998_18
VIC1-NSW1,N-4+1_WG_CLOSE,BANGOWF1,NSW1,GENERATOR,-3.5585585585585586,N>>4_998_18
VIC1-NSW1,N-4+1_WG_CLOSE,MANSLR1,NSW1,GENERATOR,3.135135135135135,N>>4_998_18
VIC1-NSW1,N-4+1_WG_CLOSE,SHGEN2,NSW1,GENERATOR,-2.4213075060532687,N>>4_18_5_S
VIC1-NSW1,N-4+1_WG_CLOSE,SHGEN,NSW1,GENERATOR,-2.4213075060532687,N>>4_18_5_N
VIC1-NSW1,N-AVMA_17,MP2,NSW1,GENERATOR,-3.3783783783783785,N>>17_70_71
VIC1-NSW1,N-AVMA_17,MP1,NSW1,GENERATOR,-3.3783783783783785,N>>17_70_71
VIC1-NSW1,N-AVMA_17,WELNSF1,NSW1,GENERATOR,-2.10472972972973,N>>17_70_71
VIC1-NSW1,N-AVMA_17,ORABESS1,NSW1,BIDIRECTIONAL,-2.10472972972973,N>>17_70_71
VIC1-NSW1,N-AVMA_17,STUBSF1,NSW1,GENERATOR,-2.0337837837837838,N>>17_70_71
VIC1-NSW1,N-AVMA_17,STUBSF2,NSW1,GENERATOR,-2.0337837837837838,N>>17_70_71
VIC1-NSW1,N-AVMA_17,WOLARSF1,NSW1,GENERATOR,-1.9864864864864864,N>>17_70_71
VIC1-NSW1,N-AVMA_17,NEVERSF1,NSW1,GENERATOR,-1.652027027027027,N>>17_70_71
VIC1-NSW1,N-AVMA_17,WELLSF1,NSW1,GENERATOR,-1.652027027027027,N>>17_70_71
VIC1-NSW1,N-AVMA_17,NYNGAN1,NSW1,GENERATOR,-1.652027027027027,N>>17_70_71
VIC1-NSW1,N-BABU,KERNGSP1,VIC1,GENERATOR,-4.545454545454546,V>>X3_SHBE_NIL
VIC1-NSW1,N-BABU,GANNB1,VIC1,BIDIRECTIONAL,-4.545454545454546,V>>X3_SHBE_NIL
VIC1-NSW1,N-BABU,COHUNSF1,VIC1,GENERATOR,-4.545454545454546,V>>X3_SHBE_NIL
VIC1-NSW1,N-BABU,GANNSF1,VIC1,GENERATOR,-4.545454545454546,V>>X3_SHBE_NIL
VIC1-NSW1,N-BABU,KESSB1,VIC1,BIDIRECTIONAL,-4.422727272727273,V>>X3_SHBE_NIL
VIC1-NSW1,N-BABU,LANCSF1,VIC1,GENERATOR,3.8,V>>X3_SHBE_NIL
VIC1-NSW1,N-BABU,WUNUSF1,VIC1,GENERATOR,3.8,V>>X3_SHBE_NIL
VIC1-NSW1,N-BABU,GIRGSF,VIC1,GENERATOR,3.8,V>>X3_SHBE_NIL
VIC1-NSW1,N-BABU,NUMURSF1,VIC1,GENERATOR,3.8,V>>X3_SHBE_NIL
VIC1-NSW1,N-BABU,PLBESS1,VIC1,BIDIRECTIONAL,3.5909090909090913,V>>X3_SHBE_NIL
VIC1-NSW1,N-BADP,GANNSF1,VIC1,GENERATOR,-4.545454545454546,V>>X5_SHBE_NIL
VIC1-NSW1,N-BADP,KERNGSP1,VIC1,GENERATOR,-4.545454545454546,V>>X5_SHBE_NIL
VIC1-NSW1,N-BADP,GANNB1,VIC1,BIDIRECTIONAL,-4.545454545454546,V>>X5_SHBE_NIL
VIC1-NSW1,N-BADP,COHUNSF1,VIC1,GENERATOR,-4.545454545454546,V>>X5_SHBE_NIL
VIC1-NSW1,N-BADP,KESSB1,VIC1,BIDIRECTIONAL,-4.422727272727273,V>>X5_SHBE_NIL
VIC1-NSW1,N-BADP,NUMURSF1,VIC1,GENERATOR,3.8045454545454542,V>>X5_SHBE_NIL
VIC1-NSW1,N-BADP,GIRGSF,VIC1,GENERATOR,3.8045454545454542,V>>X5_SHBE_NIL
VIC1-NSW1,N-BADP,WUNUSF1,VIC1,GENERATOR,3.8045454545454542,V>>X5_SHBE_NIL
VIC1-NSW1,N-BADP,LANCSF1,VIC1,GENERATOR,3.8045454545454542,V>>X5_SHBE_NIL
VIC1-NSW1,N-BADP,PLBESS1,VIC1,BIDIRECTIONAL,3.5909090909090913,V>>X5_SHBE_NIL
VIC1-NSW1,N-BJYS_970,WSTWYSF1,NSW1,GENERATOR,-2.5839793281653747,N>>970_990_051
VIC1-NSW1,N-BJYS_970,WAGGNSF1,NSW1,GENERATOR,-2.5839793281653747,N>>970_990_051
VIC1-NSW1,N-BJYS_970,BOMENSF1,NSW1,GENERATOR,-2.5839793281653747,N>>970_990_051
VIC1-NSW1,N-BJYS_970,SEBSF1,NSW1,GENERATOR,-2.5839793281653747,N>>970_990_051
VIC1-NSW1,N-BJYS_970,JUNEESF1,NSW1,GENERATOR,-2.5839793281653747,N>>970_990_051
VIC1-NSW1,N-BJYS_970,WYASF1,NSW1,GENERATOR,-2.5839793281653747,N>>970_990_051
VIC1-NSW1,N-BJYS_970,BLOWERNG,NSW1,GENERATOR,-2.5090439276485785,N>>970_990_051
VIC1-NSW1,N-BJYS_970,URANQ12,NSW1,GENERATOR,-2.4728682170542635,N>>970_990_051
VIC1-NSW1,N-BJYS_970,URANQ11,NSW1,GENERATOR,-2.4728682170542635,N>>970_990_051
VIC1-NSW1,N-BJYS_970,URANQ14,NSW1,GENERATOR,-2.4728682170542635,N>>970_990_051
VIC1-NSW1,N-BU_330_TX_ONE,KARSF1,VIC1,GENERATOR,9.090909090909092,N>>BU_TX_TX78_ML_LV
VIC1-NSW1,N-BU_330_TX_ONE,YATSF1,VIC1,GENERATOR,9.090909090909092,N>>BU_TX_TX78_ML_LV
VIC1-NSW1,N-BU_330_TX_ONE,BROKENH1,NSW1,GENERATOR,8.527272727272727,N>>BU_TX_TX78_ML_HV
VIC1-NSW1,N-BU_330_TX_ONE,BHB1,NSW1,BIDIRECTIONAL,8.527272727272727,N>>BU_TX_TX78_ML_HV
VIC1-NSW1,N-BU_330_TX_ONE,STWF1,NSW1,GENERATOR,8.527272727272727,N>>BU_TX_TX78_ML_HV
VIC1-NSW1,N-BU_330_TX_ONE,WEMENSF1,VIC1,GENERATOR,7.890909090909091,N>>BU_TX_TX78_ML_HV
VIC1-NSW1,N-BU_330_TX_ONE,BANN1,VIC1,GENERATOR,7.890909090909091,N>>BU_TX_TX78_ML_LV
VIC1-NSW1,N-BU_330_TX_ONE,KIAMSF1,VIC1,GENERATOR,7.509090909090909,N>>BU_TX_TX78_ML_LV
VIC1-NSW1,N-BU_330_TX_ONE,LIMOSF21,NSW1,GENERATOR,6.072727272727273,N>>BU_TX_TX78_ML_LV
VIC1-NSW1,N-BU_330_TX_ONE,LIMBESS1,NSW1,BIDIRECTIONAL,6.072727272727273,N>>BU_TX_TX78_ML_HV
VIC1-NSW1,N-CNLT_07,JEMALNG1,NSW1,GENERATOR,11.376564277588168,N>>7_998_18
VIC1-NSW1,N-CNLT_07,PARSF1,NSW1,GENERATOR,8.0773606370876,N>>7_998_18
VIC1-NSW1,N-CNLT_07,QPSFB1,NSW1,GENERATOR,8.0773606370876,N>>7_998_18
VIC1-NSW1,N-CNLT_07,GOONSF1,NSW1,GENERATOR,8.0773606370876,N>>7_998_18
VIC1-NSW1,N-CNLT_07,QPSFB2,NSW1,BIDIRECTIONAL,8.0773606370876,N>>7_998_18
VIC1-NSW1,N-CNLT_07,BANGOWF2,NSW1,GENERATOR,-4.2320819112627985,N>>7_998_18
VIC1-NSW1,N-CNLT_07,BANGOWF1,NSW1,GENERATOR,-4.209328782707622,N>>7_998_18
VIC1-NSW1,N-CNLT_07,MANSLR1,NSW1,GENERATOR,3.959044368600682,N>>7_998_18
VIC1-NSW1,N-CNLT_07,MOLNGSF1,NSW1,GENERATOR,2.650739476678043,N>>7_998_18
VIC1-NSW1,N-CNLT_07,GUNNING1,NSW1,GENERATOR,-2.366325369738339,N>>7_998_18
VIC1-NSW1,N-CTMN_4_WG_CLOSE,JEMALNG1,NSW1,GENERATOR,9.00900900900901,N>>4_998_18
VIC1-NSW1,N-CTMN_4_WG_CLOSE,GOONSF1,NSW1,GENERATOR,6.396396396396396,N>>4_998_18
VIC1-NSW1,N-CTMN_4_WG_CLOSE,QPSFB1,NSW1,GENERATOR,6.396396396396396,N>>4_998_18
VIC1-NSW1,N-CTMN_4_WG_CLOSE,QPSFB2,NSW1,BIDIRECTIONAL,6.396396396396396,N>>4_998_18
VIC1-NSW1,N-CTMN_4_WG_CLOSE,PARSF1,NSW1,GENERATOR,6.396396396396396,N>>4_998_18
VIC1-NSW1,N-CTMN_4_WG_CLOSE,HUMENSW,NSW1,GENERATOR,-4.016064257028113,V^^N_MNYS_1
VIC1-NSW1,N-CTMN_4_WG_CLOSE,BANGOWF2,NSW1,GENERATOR,-3.576576576576577,N>>4_998_18
VIC1-NSW1,N-CTMN_4_WG_CLOSE,BANGOWF1,NSW1,GENERATOR,-3.5585585585585586,N>>4_998_18
VIC1-NSW1,N-CTMN_4_WG_CLOSE,MANSLR1,NSW1,GENERATOR,3.135135135135135,N>>4_998_18
VIC1-NSW1,N-CTMN_4_WG_CLOSE,SHGEN,NSW1,GENERATOR,-2.4213075060532687,N>>4_18_5_S
VIC1-NSW1,N-CTYS_3L_WG_CLOSE,JEMALNG1,NSW1,GENERATOR,9.00900900900901,N>>3L_998_18
VIC1-NSW1,N-CTYS_3L_WG_CLOSE,PARSF1,NSW1,GENERATOR,6.396396396396396,N>>3L_998_18
VIC1-NSW1,N-CTYS_3L_WG_CLOSE,GOONSF1,NSW1,GENERATOR,6.396396396396396,N>>3L_998_18
VIC1-NSW1,N-CTYS_3L_WG_CLOSE,QPSFB1,NSW1,GENERATOR,6.396396396396396,N>>3L_998_18
VIC1-NSW1,N-CTYS_3L_WG_CLOSE,QPSFB2,NSW1,BIDIRECTIONAL,6.396396396396396,N>>3L_998_18
VIC1-NSW1,N-CTYS_3L_WG_CLOSE,HUMENSW,NSW1,GENERATOR,-4.016064257028113,V^^N_MNYS_1
VIC1-NSW1,N-CTYS_3L_WG_CLOSE,BANGOWF2,NSW1,GENERATOR,-3.576576576576577,N>>3L_998_18
VIC1-NSW1,N-CTYS_3L_WG_CLOSE,BANGOWF1,NSW1,GENERATOR,-3.5585585585585586,N>>3L_998_18
VIC1-NSW1,N-CTYS_3L_WG_CLOSE,MANSLR1,NSW1,GENERATOR,3.135135135135135,N>>3L_998_18
VIC1-NSW1,N-CTYS_3L_WG_CLOSE,SHGEN2,NSW1,GENERATOR,-2.4213075060532687,N>>3L_18_5_S
VIC1-NSW1,N-DPWG_63,HUMENSW,NSW1,GENERATOR,-4.016064257028113,V^^N_DPWG_1
VIC1-NSW1,N-DPWG_63,GUTHEGA,NSW1,GENERATOR,-1.2195121951219512,N>>V-DPWG_D
VIC1-NSW1,N-DPWG_63,HUMEV,VIC1,GENERATOR,1.1750881316098707,V>>N-DPWG_K
VIC1-NSW1,N-DPWG_63,MURRAY,VIC1,GENERATOR,1.1402508551881414,V>>V-DPWG_02X
VIC1-NSW1,N-DPWG_63,BROKENH1,NSW1,GENERATOR,-1.0,N>>V-DPWG_C
VIC1-NSW1,N-DPWG_63,BHB1,NSW1,BIDIRECTIONAL,-1.0,N>>V-DPWG_C
VIC1-NSW1,N-DPWG_63,STWF1,NSW1,GENERATOR,-1.0,N>>V-DPWG_C
VIC1-NSW1,N-DPWG_63,RIVNB2,NSW1,BIDIRECTIONAL,-0.9988249118683902,V>>N-DPWG_K
VIC1-NSW1,N-DPWG_63,DPNTB1,NSW1,BIDIRECTIONAL,-0.9988249118683902,V>>N-DPWG_K
VIC1-NSW1,N-DPWG_63,RESS1,NSW1,BIDIRECTIONAL,-0.9988249118683902,V>>N-DPWG_K
VIC1-NSW1,N-DPWG_63_X5,GANNB1,VIC1,BIDIRECTIONAL,-4.545454545454546,V>>X5_SHBE_NIL
VIC1-NSW1,N-DPWG_63_X5,KERNGSP1,VIC1,GENERATOR,-4.545454545454546,V>>X5_SHBE_NIL
VIC1-NSW1,N-DPWG_63_X5,COHUNSF1,VIC1,GENERATOR,-4.545454545454546,V>>X5_SHBE_NIL
VIC1-NSW1,N-DPWG_63_X5,GANNSF1,VIC1,GENERATOR,-4.545454545454546,V>>X5_SHBE_NIL
VIC1-NSW1,N-DPWG_63_X5,KESSB1,VIC1,BIDIRECTIONAL,-4.422727272727273,V>>X5_SHBE_NIL
VIC1-NSW1,N-DPWG_63_X5,NUMURSF1,VIC1,GENERATOR,3.8045454545454542,V>>X5_SHBE_NIL
VIC1-NSW1,N-DPWG_63_X5,LANCSF1,VIC1,GENERATOR,3.8045454545454542,V>>X5_SHBE_NIL
VIC1-NSW1,N-DPWG_63_X5,GIRGSF,VIC1,GENERATOR,3.8045454545454542,V>>X5_SHBE_NIL
VIC1-NSW1,N-DPWG_63_X5,WUNUSF1,VIC1,GENERATOR,3.8045454545454542,V>>X5_SHBE_NIL
VIC1-NSW1,N-DPWG_63_X5,PLBESS1,VIC1,BIDIRECTIONAL,3.5909090909090913,V>>X5_SHBE_NIL
VIC1-NSW1,N-DTKV_18_WG_CLOSE,JEMALNG1,NSW1,GENERATOR,9.090909090909092,N>>18_998_5
VIC1-NSW1,N-DTKV_18_WG_CLOSE,GOONSF1,NSW1,GENERATOR,6.454545454545454,N>>18_998_5
VIC1-NSW1,N-DTKV_18_WG_CLOSE,PARSF1,NSW1,GENERATOR,6.454545454545454,N>>18_998_5
VIC1-NSW1,N-DTKV_18_WG_CLOSE,BANGOWF2,NSW1,GENERATOR,-3.6,N>>18_998_5
VIC1-NSW1,N-DTKV_18_WG_CLOSE,BANGOWF1,NSW1,GENERATOR,-3.581818181818182,N>>18_998_5
VIC1-NSW1,N-DTKV_18_WG_CLOSE,MP2,NSW1,GENERATOR,-3.4722222222222223,N>>18_70_71
VIC1-NSW1,N-DTKV_18_WG_CLOSE,MP1,NSW1,GENERATOR,-3.4722222222222223,N>>18_70_71
VIC1-NSW1,N-DTKV_18_WG_CLOSE,MANSLR1,NSW1,GENERATOR,3.1636363636363636,N>>18_998_5
VIC1-NSW1,N-DTKV_18_WG_CLOSE,TALWB1,NSW1,GENERATOR,2.2988505747126435,N>>18_8_10
VIC1-NSW1,N-DTKV_18_WG_CLOSE,TALWA1,NSW1,GENERATOR,2.2988505747126435,N>>18_8_10
VIC1-NSW1,N-DTMN_8_15M,MP2,NSW1,GENERATOR,-3.6900369003690034,N>>8_70_71
VIC1-NSW1,N-DTMN_8_15M,MP1,NSW1,GENERATOR,-3.6900369003690034,N>>8_70_71
VIC1-NSW1,N-DTMN_8_15M,WELNSF1,NSW1,GENERATOR,-2.298892988929889,N>>8_70_71
VIC1-NSW1,N-DTMN_8_15M,ORABESS1,NSW1,BIDIRECTIONAL,-2.298892988929889,N>>8_70_71
VIC1-NSW1,N-DTMN_8_15M,STUBSF1,NSW1,GENERATOR,-2.22140221402214,N>>8_70_71
VIC1-NSW1,N-DTMN_8_15M,STUBSF2,NSW1,GENERATOR,-2.22140221402214,N>>8_70_71
VIC1-NSW1,N-DTMN_8_15M,WOLARSF1,NSW1,GENERATOR,-2.169741697416974,N>>8_70_71
VIC1-NSW1,N-DTMN_8_15M,WELLSF1,NSW1,GENERATOR,-1.7970479704797047,N>>8_70_71
VIC1-NSW1,N-DTMN_8_15M,NYNGAN1,NSW1,GENERATOR,-1.7970479704797047,N>>8_70_71
VIC1-NSW1,N-DTMN_8_15M,NEVERSF1,NSW1,GENERATOR,-1.7970479704797047,N>>8_70_71
VIC1-NSW1,N-DTSS_11,JEMALNG1,NSW1,GENERATOR,11.11111111111111,N>>11_998_18
VIC1-NSW1,N-DTSS_11,PARSF1,NSW1,GENERATOR,7.888888888888888,N>>11_998_18
VIC1-NSW1,N-DTSS_11,GOONSF1,NSW1,GENERATOR,7.888888888888888,N>>11_998_18
VIC1-NSW1,N-DTSS_11,TALWA1,NSW1,GENERATOR,-5.6818181818181825,N>>11_8_10
VIC1-NSW1,N-DTSS_11,TALWB1,NSW1,GENERATOR,-5.6818181818181825,N>>11_8_10
VIC1-NSW1,N-DTSS_11,SHGEN,NSW1,GENERATOR,-4.880681818181818,N>>11_8_10
VIC1-NSW1,N-DTSS_11,SHGEN2,NSW1,GENERATOR,-4.880681818181818,N>>11_8_10
VIC1-NSW1,N-DTSS_11,SHPUMP,NSW1,LOAD,4.880681818181818,N>>11_8_10
VIC1-NSW1,N-DTSS_11,BANGOWF2,NSW1,GENERATOR,-4.177777777777778,N>>11_998_18
VIC1-NSW1,N-DTSS_11,BANGOWF1,NSW1,GENERATOR,-4.155555555555556,N>>11_998_18
VIC1-NSW1,N-ER_TX,ER03,NSW1,GENERATOR,-4.566210045662101,N>>ERTX_13_14
VIC1-NSW1,N-ER_TX,ER04,NSW1,GENERATOR,-4.566210045662101,N>>ERTX_13_14
VIC1-NSW1,N-ER_TX,LDBESS1,NSW1,BIDIRECTIONAL,-4.545454545454546,N>>ERTX_82_81
VIC1-NSW1,N-ER_TX,BW02,NSW1,GENERATOR,-4.290909090909091,N>>ERTX_82_81
VIC1-NSW1,N-ER_TX,BW01,NSW1,GENERATOR,-4.290909090909091,N>>ERTX_82_81
VIC1-NSW1,N-ER_TX,GNNDHSF1,NSW1,GENERATOR,-4.159090909090909,N>>ERTX_81_82
VIC1-NSW1,N-ER_TX,NEWENSF1,NSW1,GENERATOR,-3.9909090909090907,N>>ERTX_81_82
VIC1-NSW1,N-ER_TX,NESBESS2,NSW1,BIDIRECTIONAL,-3.9909090909090907,N>>ERTX_81_82
VIC1-NSW1,N-ER_TX,NESBESS1,NSW1,BIDIRECTIONAL,-3.9909090909090907,N>>ERTX_81_82
VIC1-NSW1,N-ER_TX,NEWENSF2,NSW1,GENERATOR,-3.9909090909090907,N>>ERTX_81_82
VIC1-NSW1,N-GRYS_3J_15M,JEMALNG1,NSW1,GENERATOR,8.928571428571429,N>>3J_998_18
VIC1-NSW1,N-GRYS_3J_15M,PARSF1,NSW1,GENERATOR,6.3392857142857135,N>>3J_998_18
VIC1-NSW1,N-GRYS_3J_15M,GOONSF1,NSW1,GENERATOR,6.3392857142857135,N>>3J_998_18
VIC1-NSW1,N-GRYS_3J_15M,BANGOWF2,NSW1,GENERATOR,-3.553571428571429,N>>3J_998_18
VIC1-NSW1,N-GRYS_3J_15M,BANGOWF1,NSW1,GENERATOR,-3.5357142857142856,N>>3J_998_18
VIC1-NSW1,N-GRYS_3J_15M,MANSLR1,NSW1,GENERATOR,3.1071428571428568,N>>3J_998_18
VIC1-NSW1,N-GRYS_3J_15M,GUNNING1,NSW1,GENERATOR,-2.0892857142857144,N>>3J_998_18
VIC1-NSW1,N-GRYS_3J_15M,MOLNGSF1,NSW1,GENERATOR,2.080357142857143,N>>3J_998_18
VIC1-NSW1,N-GRYS_3J_15M,SUNTPSF1,NSW1,GENERATOR,1.7946428571428572,N>>3J_998_18
VIC1-NSW1,N-GRYS_3J_15M,BLOWERNG,NSW1,GENERATOR,-1.6339285714285714,N>>3J_998_18
VIC1-NSW1,N-JNWG_RADIAL,KERNGSP1,VIC1,GENERATOR,-4.545454545454546,V>>X5_SHBE_NIL
VIC1-NSW1,N-JNWG_RADIAL,COHUNSF1,VIC1,GENERATOR,-4.545454545454546,V>>X5_SHBE_NIL
VIC1-NSW1,N-JNWG_RADIAL,GANNSF1,VIC1,GENERATOR,-4.545454545454546,V>>X5_SHBE_NIL
VIC1-NSW1,N-JNWG_RADIAL,GANNB1,VIC1,BIDIRECTIONAL,-4.545454545454546,V>>X5_SHBE_NIL
VIC1-NSW1,N-JNWG_RADIAL,KESSB1,VIC1,BIDIRECTIONAL,-4.422727272727273,V>>X5_SHBE_NIL
VIC1-NSW1,N-JNWG_RADIAL,NUMURSF1,VIC1,GENERATOR,3.8045454545454542,V>>X5_SHBE_NIL
VIC1-NSW1,N-JNWG_RADIAL,WUNUSF1,VIC1,GENERATOR,3.8045454545454542,V>>X5_SHBE_NIL
VIC1-NSW1,N-JNWG_RADIAL,LANCSF1,VIC1,GENERATOR,3.8045454545454542,V>>X5_SHBE_NIL
VIC1-NSW1,N-JNWG_RADIAL,GIRGSF,VIC1,GENERATOR,3.8045454545454542,V>>X5_SHBE_NIL
VIC1-NSW1,N-JNWG_RADIAL,PLBESS1,VIC1,BIDIRECTIONAL,3.5909090909090913,V>>X5_SHBE_NIL
VIC1-NSW1,N-KVCW_3W_WG_CLOSE,HUMENSW,NSW1,GENERATOR,-4.016064257028113,V^^N_CNCW_1
VIC1-NSW1,N-KVCW_3W_WG_CLOSE,MP1,NSW1,GENERATOR,-3.4722222222222223,N>>3W_70_71
VIC1-NSW1,N-KVCW_3W_WG_CLOSE,MP2,NSW1,GENERATOR,-3.4722222222222223,N>>3W_70_71
VIC1-NSW1,N-KVCW_3W_WG_CLOSE,CROOKWF3,NSW1,GENERATOR,-2.347417840375587,N>>3W_61
VIC1-NSW1,N-KVCW_3W_WG_CLOSE,CROOKWF2,NSW1,GENERATOR,-2.347417840375587,N>>3W_61
VIC1-NSW1,N-KVCW_3W_WG_CLOSE,TALWB1,NSW1,GENERATOR,2.2988505747126435,N>>3W_8_10
VIC1-NSW1,N-KVCW_3W_WG_CLOSE,SHPUMP,NSW1,LOAD,-2.2988505747126435,N>>3W_8_10
VIC1-NSW1,N-KVCW_3W_WG_CLOSE,TALWA1,NSW1,GENERATOR,2.2988505747126435,N>>3W_8_10
VIC1-NSW1,N-KVCW_3W_WG_CLOSE,SHGEN,NSW1,GENERATOR,2.2988505747126435,N>>3W_8_10
VIC1-NSW1,N-KVCW_3W_WG_CLOSE,SHGEN2,NSW1,GENERATOR,2.2988505747126435,N>>3W_8_10
VIC1-NSW1,N-LTUT_64_15M,UPPTUMUT,NSW1,GENERATOR,-1.6920473773265652,N>>64_1_6X
VIC1-NSW1,N-LTUT_64_15M,TUMUT3,NSW1,GENERATOR,-1.5015015015015014,N>>64_07_03
VIC1-NSW1,N-LTUT_64_15M,SNOWYP,NSW1,LOAD,1.5015015015015014,N>>64_07_03
VIC1-NSW1,N-LTUT_64_15M,TUMUT3-4,SNOWY1,GENERATOR,1.5015015015015014,N>>64_07_03
VIC1-NSW1,N-LTUT_64_15M,TUMUT3-3,SNOWY1,GENERATOR,1.5015015015015014,N>>64_07_03
VIC1-NSW1,N-LTUT_64_15M,GUTHEGA,NSW1,GENERATOR,-1.4144271570014144,N>>V_64_66_NIL_S
VIC1-NSW1,N-LTUT_64_15M,DPNTB1,NSW1,BIDIRECTIONAL,-1.1456456456456456,N>>64_07_03
VIC1-NSW1,N-LTUT_64_15M,HILLSTN1,NSW1,GENERATOR,-1.1456456456456456,N>>64_07_03
VIC1-NSW1,N-LTUT_64_15M,DARLSF1,NSW1,GENERATOR,-1.1456456456456456,N>>64_07_03
VIC1-NSW1,N-LTUT_64_15M,RESS1,NSW1,BIDIRECTIONAL,-1.1456456456456456,N>>64_07_03
VIC1-NSW1,N-LTWG_63,HUMEV,VIC1,GENERATOR,-3.3557046979865772,N^^V_LTWG_1
VIC1-NSW1,N-LTWG_63,BROKENH1,NSW1,GENERATOR,-1.0738255033557047,N^^V_LTWG_1
VIC1-NSW1,N-LTWG_63,STWF1,NSW1,GENERATOR,-1.0738255033557047,N^^V_LTWG_1
VIC1-NSW1,N-LTWG_63,BHB1,NSW1,BIDIRECTIONAL,-1.0738255033557047,N^^V_LTWG_1
VIC1-NSW1,N-LTWG_63,WKIEWA1,VIC1,GENERATOR,1.0482180293501049,V::N_LTWG_V2
VIC1-NSW1,N-LTWG_63,MCKAY1,VIC1,GENERATOR,1.0482180293501049,V::N_LTWG_V2
VIC1-NSW1,N-LTWG_63,DARTM1,VIC1,GENERATOR,1.0482180293501049,V::N_LTWG_V2
VIC1-NSW1,N-LTWG_63,CRWASF1,NSW1,GENERATOR,-1.001001001001001,N>>V_051+X5_65_66
VIC1-NSW1,N-LTWG_63,WLWLSF1,NSW1,GENERATOR,-1.001001001001001,N>>V_051+X5_66_65
VIC1-NSW1,N-LTWG_63,HUMENSW,NSW1,GENERATOR,-1.001001001001001,N>>V_051+X5_65_66
VIC1-NSW1,N-LTWG_RADIAL,GANNSF1,VIC1,GENERATOR,-4.545454545454546,V>>X5_SHBE_NIL
VIC1-NSW1,N-LTWG_RADIAL,COHUNSF1,VIC1,GENERATOR,-4.545454545454546,V>>X5_SHBE_NIL
VIC1-NSW1,N-LTWG_RADIAL,GANNB1,VIC1,BIDIRECTIONAL,-4.545454545454546,V>>X5_SHBE_NIL
VIC1-NSW1,N-LTWG_RADIAL,KERNGSP1,VIC1,GENERATOR,-4.545454545454546,V>>X5_SHBE_NIL
VIC1-NSW1,N-LTWG_RADIAL,KESSB1,VIC1,BIDIRECTIONAL,-4.422727272727273,V>>X5_SHBE_NIL
VIC1-NSW1,N-LTWG_RADIAL,LANCSF1,VIC1,GENERATOR,3.8045454545454542,V>>X5_SHBE_NIL
VIC1-NSW1,N-LTWG_RADIAL,NUMURSF1,VIC1,GENERATOR,3.8045454545454542,V>>X5_SHBE_NIL
VIC1-NSW1,N-LTWG_RADIAL,WUNUSF1,VIC1,GENERATOR,3.8045454545454542,V>>X5_SHBE_NIL
VIC1-NSW1,N-LTWG_RADIAL,GIRGSF,VIC1,GENERATOR,3.8045454545454542,V>>X5_SHBE_NIL
VIC1-NSW1,N-LTWG_RADIAL,PLBESS1,VIC1,BIDIRECTIONAL,3.5909090909090913,V>>X5_SHBE_NIL
VIC1-NSW1,N-LTWG_X5,COHUNSF1,VIC1,GENERATOR,-4.545454545454546,V>>X5_SHBE_NIL
VIC1-NSW1,N-LTWG_X5,KERNGSP1,VIC1,GENERATOR,-4.545454545454546,V>>X5_SHBE_NIL
VIC1-NSW1,N-LTWG_X5,GANNB1,VIC1,BIDIRECTIONAL,-4.545454545454546,V>>X5_SHBE_NIL
VIC1-NSW1,N-LTWG_X5,GANNSF1,VIC1,GENERATOR,-4.545454545454546,V>>X5_SHBE_NIL
VIC1-NSW1,N-LTWG_X5,KESSB1,VIC1,BIDIRECTIONAL,-4.422727272727273,V>>X5_SHBE_NIL
VIC1-NSW1,N-LTWG_X5,WUNUSF1,VIC1,GENERATOR,3.8045454545454542,V>>X5_SHBE_NIL
VIC1-NSW1,N-LTWG_X5,NUMURSF1,VIC1,GENERATOR,3.8045454545454542,V>>X5_SHBE_NIL
VIC1-NSW1,N-LTWG_X5,GIRGSF,VIC1,GENERATOR,3.8045454545454542,V>>X5_SHBE_NIL
VIC1-NSW1,N-LTWG_X5,LANCSF1,VIC1,GENERATOR,3.8045454545454542,V>>X5_SHBE_NIL
VIC1-NSW1,N-LTWG_X5,PLBESS1,VIC1,BIDIRECTIONAL,3.5909090909090913,V>>X5_SHBE_NIL
VIC1-NSW1,N-MA_CB172A,TALWB1,NSW1,GENERATOR,-1.4836795252225519,N>>MA_CB172A_17_11
VIC1-NSW1,N-MA_CB172A,TALWA1,NSW1,GENERATOR,-1.4836795252225519,N>>MA_CB172A_17_11
VIC1-NSW1,N-MA_CB172A,SHGEN2,NSW1,GENERATOR,-1.4005934718100888,N>>MA_CB172A_17_11
VIC1-NSW1,N-MA_CB172A,SHGEN,NSW1,GENERATOR,-1.4005934718100888,N>>MA_CB172A_17_11
VIC1-NSW1,N-MA_CB172A,SHPUMP,NSW1,LOAD,1.4005934718100888,N>>MA_CB172A_17_11
VIC1-NSW1,N-MA_CB172A,WOODLWN1,NSW1,GENERATOR,-1.1483679525222552,N>>MA_CB172A_17_11
VIC1-NSW1,N-MA_CB172A,CAPBES1,NSW1,BIDIRECTIONAL,-1.0311572700296734,N>>MA_CB172A_17_11
VIC1-NSW1,N-MA_CB172A,BOCORWF1,NSW1,GENERATOR,-1.0311572700296734,N>>MA_CB172A_17_11
VIC1-NSW1,N-MA_CB172A,QBYNB1,NSW1,BIDIRECTIONAL,-1.0311572700296734,N>>MA_CB172A_17_11
VIC1-NSW1,N-MA_CB172A,TUMUT3-3,SNOWY1,GENERATOR,1.002967359050445,N>>MA_CB172A_17_11
VIC1-NSW1,N-MNYS_5_WG_CLOSE,JEMALNG1,NSW1,GENERATOR,9.090909090909092,N>>5_998_18
VIC1-NSW1,N-MNYS_5_WG_CLOSE,QPSFB2,NSW1,BIDIRECTIONAL,6.454545454545454,N>>5_998_18
VIC1-NSW1,N-MNYS_5_WG_CLOSE,PARSF1,NSW1,GENERATOR,6.454545454545454,N>>5_998_18
VIC1-NSW1,N-MNYS_5_WG_CLOSE,QPSFB1,NSW1,GENERATOR,6.454545454545454,N>>5_998_18
VIC1-NSW1,N-MNYS_5_WG_CLOSE,GOONSF1,NSW1,GENERATOR,6.454545454545454,N>>5_998_18
VIC1-NSW1,N-MNYS_5_WG_CLOSE,HUMENSW,NSW1,GENERATOR,-4.016064257028113,V^^N_MNYS_1
VIC1-NSW1,N-MNYS_5_WG_CLOSE,BANGOWF2,NSW1,GENERATOR,-3.6,N>>5_998_18
VIC1-NSW1,N-MNYS_5_WG_CLOSE,BANGOWF1,NSW1,GENERATOR,-3.581818181818182,N>>5_998_18
VIC1-NSW1,N-MNYS_5_WG_CLOSE,MANSLR1,NSW1,GENERATOR,3.1636363636363636,N>>5_998_18
VIC1-NSW1,N-MNYS_5_WG_CLOSE,SHPUMP,NSW1,LOAD,2.4213075060532687,N>>5_18_3L
VIC1-NSW1,N-MNYS_5_WG_OPEN,JEMALNG1,NSW1,GENERATOR,10.504201680672269,N>>5_998_18_OPEN
VIC1-NSW1,N-MNYS_5_WG_OPEN,QPSFB2,NSW1,BIDIRECTIONAL,7.45798319327731,N>>5_998_18_OPEN
VIC1-NSW1,N-MNYS_5_WG_OPEN,GOONSF1,NSW1,GENERATOR,7.45798319327731,N>>5_998_18_OPEN
VIC1-NSW1,N-MNYS_5_WG_OPEN,QPSFB1,NSW1,GENERATOR,7.45798319327731,N>>5_998_18_OPEN
VIC1-NSW1,N-MNYS_5_WG_OPEN,PARSF1,NSW1,GENERATOR,7.45798319327731,N>>5_998_18_OPEN
VIC1-NSW1,N-MNYS_5_WG_OPEN,BANGOWF2,NSW1,GENERATOR,-4.485294117647058,N>>5_998_18_OPEN
VIC1-NSW1,N-MNYS_5_WG_OPEN,BANGOWF1,NSW1,GENERATOR,-4.4642857142857135,N>>5_998_18_OPEN
VIC1-NSW1,N-MNYS_5_WG_OPEN,MANSLR1,NSW1,GENERATOR,3.655462184873949,N>>5_998_18_OPEN
VIC1-NSW1,N-MNYS_5_WG_OPEN,BLOWERNG,NSW1,GENERATOR,-2.7521008403361344,N>>5_998_18_OPEN
VIC1-NSW1,N-MNYS_5_WG_OPEN,GUNNING1,NSW1,GENERATOR,-2.7521008403361344,N>>5_998_18_OPEN
VIC1-NSW1,N-MPWW_ONE,MP1,NSW1,GENERATOR,-4.098360655737705,N>>MPWW_71_NIL
VIC1-NSW1,N-MPWW_ONE,MP2,NSW1,GENERATOR,-4.098360655737705,N>>MPWW_71_NIL
VIC1-NSW1,N-MPWW_ONE,CRURWF1,NSW1,GENERATOR,-2.959016393442623,N>>MPWW_71_NIL
VIC1-NSW1,N-MPWW_ONE,ORABESS1,NSW1,BIDIRECTIONAL,-2.6762295081967213,N>>MPWW_71_NIL
VIC1-NSW1,N-MPWW_ONE,WELNSF1,NSW1,GENERATOR,-2.6762295081967213,N>>MPWW_71_NIL
VIC1-NSW1,N-MPWW_ONE,STUBSF2,NSW1,GENERATOR,-2.5327868852459017,N>>MPWW_71_NIL
VIC1-NSW1,N-MPWW_ONE,STUBSF1,NSW1,GENERATOR,-2.5327868852459017,N>>MPWW_71_NIL
VIC1-NSW1,N-MPWW_ONE,BERYLSF1,NSW1,GENERATOR,-2.5163934426229506,N>>MPWW_71_NIL
VIC1-NSW1,N-MPWW_ONE,WOLARSF1,NSW1,GENERATOR,-2.4344262295081966,N>>MPWW_71_NIL
VIC1-NSW1,N-MPWW_ONE,BODWF1,NSW1,GENERATOR,-2.331967213114754,N>>MPWW_71_NIL
VIC1-NSW1,N-NIL_998,JEMALNG1,NSW1,GENERATOR,13.736263736263735,N>>NIL_998
VIC1-NSW1,N-NIL_998,PARSF1,NSW1,GENERATOR,9.752747252747252,N>>NIL_998
VIC1-NSW1,N-NIL_998,GOONSF1,NSW1,GENERATOR,9.752747252747252,N>>NIL_998
VIC1-NSW1,N-NIL_998,BANGOWF2,NSW1,GENERATOR,-4.958791208791208,N>>NIL_998
VIC1-NSW1,N-NIL_998,BANGOWF1,NSW1,GENERATOR,-4.931318681318681,N>>NIL_998
VIC1-NSW1,N-NIL_998,MANSLR1,NSW1,GENERATOR,4.793956043956044,N>>NIL_998
VIC1-NSW1,N-NIL_998,MOLNGSF1,NSW1,GENERATOR,3.2142857142857144,N>>NIL_998
VIC1-NSW1,N-NIL_998,SUNTPSF1,NSW1,GENERATOR,2.7747252747252746,N>>NIL_998
VIC1-NSW1,N-NIL_998,GUNNING1,NSW1,GENERATOR,-2.692307692307692,N>>NIL_998
VIC1-NSW1,N-NIL_998,BLOWERNG,NSW1,GENERATOR,-1.9917582417582416,N>>NIL_998
VIC1-NSW1,N-TUTBJ_992,WSTWYSF1,NSW1,GENERATOR,-2.5839793281653747,N>>992_990_051
VIC1-NSW1,N-TUTBJ_992,WAGGNSF1,NSW1,GENERATOR,-2.5839793281653747,N>>992_990_051
VIC1-NSW1,N-TUTBJ_992,BOMENSF1,NSW1,GENERATOR,-2.5839793281653747,N>>992_990_051
VIC1-NSW1,N-TUTBJ_992,SEBSF1,NSW1,GENERATOR,-2.5839793281653747,N>>992_990_051
VIC1-NSW1,N-TUTBJ_992,JUNEESF1,NSW1,GENERATOR,-2.5839793281653747,N>>992_990_051
VIC1-NSW1,N-TUTBJ_992,WYASF1,NSW1,GENERATOR,-2.5839793281653747,N>>992_990_051
VIC1-NSW1,N-TUTBJ_992,BLOWERNG,NSW1,GENERATOR,-2.5090439276485785,N>>992_990_051
VIC1-NSW1,N-TUTBJ_992,URANQ12,NSW1,GENERATOR,-2.4728682170542635,N>>992_990_051
VIC1-NSW1,N-TUTBJ_992,URANQ11,NSW1,GENERATOR,-2.4728682170542635,N>>992_990_051
VIC1-NSW1,N-TUTBJ_992,URANQ14,NSW1,GENERATOR,-2.4728682170542635,N>>992_990_051
VIC1-NSW1,N-WAGGA_330_BUSA,CRWASF1,NSW1,GENERATOR,-1.001001001001001,N>>V_051+X5_65_66
VIC1-NSW1,N-WAGGA_330_BUSA,CUSF1,NSW1,GENERATOR,-1.001001001001001,N>>V_051+X5_65_66
VIC1-NSW1,N-WAGGA_330_BUSA,HUMENSW,NSW1,GENERATOR,-1.001001001001001,N>>V_051+X5_65_66
VIC1-NSW1,N-WAGGA_330_BUSA,GUTHEGA,NSW1,GENERATOR,-1.001001001001001,N>>V_051+X5_65_66
VIC1-NSW1,N-WAGGA_330_BUSA,WLWLSF2,NSW1,GENERATOR,-1.001001001001001,N>>V_051+X5_65_66
VIC1-NSW1,N-WAGGA_330_BUSA,WLWLSF1,NSW1,GENERATOR,-1.001001001001001,N>>V_051+X5_65_66
VIC1-NSW1,N-WAGGA_330_BUSA,LIMOSF11,NSW1,GENERATOR,-1.0,N>>V_051+X5_65_66
VIC1-NSW1,N-WAGGA_330_BUSA,LIMOSF21,NSW1,GENERATOR,-1.0,N>>V_051+X5_65_66
VIC1-NSW1,N-WAGGA_330_BUSA,DARLSF1,NSW1,GENERATOR,-1.0,N>>V_051+X5_65_66
VIC1-NSW1,N-WAGGA_330_BUSA,FINLYSF1,NSW1,GENERATOR,-1.0,N>>V_051+X5_65_66
VIC1-NSW1,N-WAGGA_330_BUSB,FINLYSF1,NSW1,GENERATOR,-10.493179433368311,N>>WA_BUSB_WG_TX_NIL
VIC1-NSW1,N-WAGGA_330_BUSB,AVLSF1,NSW1,GENERATOR,-10.493179433368311,N>>WA_BUSB_WG_TX_NIL
VIC1-NSW1,N-WAGGA_330_BUSB,URANQ11,NSW1,GENERATOR,-10.493179433368311,N>>WA_BUSB_WG_TX_NIL
VIC1-NSW1,N-WAGGA_330_BUSB,URANQ12,NSW1,GENERATOR,-10.493179433368311,N>>WA_BUSB_WG_TX_NIL
VIC1-NSW1,N-WAGGA_330_BUSB,URANQ13,NSW1,GENERATOR,-10.493179433368311,N>>WA_BUSB_WG_TX_NIL
VIC1-NSW1,N-WAGGA_330_BUSB,URANQ14,NSW1,GENERATOR,-10.493179433368311,N>>WA_BUSB_WG_TX_NIL
VIC1-NSW1,N-WAGGA_330_BUSB,WAGGNSF1,NSW1,GENERATOR,-10.493179433368311,N>>WA_BUSB_WG_TX_NIL
VIC1-NSW1,N-WAGGA_330_BUSB,JUNEESF1,NSW1,GENERATOR,-10.493179433368311,N>>WA_BUSB_WG_TX_NIL
VIC1-NSW1,N-WAGGA_330_BUSB,SEBSF1,NSW1,GENERATOR,-10.493179433368311,N>>WA_BUSB_WG_TX_NIL
VIC1-NSW1,N-WAGGA_330_BUSB,WSTWYSF1,NSW1,GENERATOR,-10.493179433368311,N>>WA_BUSB_WG_TX_NIL
VIC1-NSW1,N-WGWA_63,GANNSF1,VIC1,GENERATOR,-4.545454545454546,V>>X5_SHBE_NIL
VIC1-NSW1,N-WGWA_63,KERNGSP1,VIC1,GENERATOR,-4.545454545454546,V>>X5_SHBE_NIL
VIC1-NSW1,N-WGWA_63,COHUNSF1,VIC1,GENERATOR,-4.545454545454546,V>>X5_SHBE_NIL
VIC1-NSW1,N-WGWA_63,GANNB1,VIC1,BIDIRECTIONAL,-4.545454545454546,V>>X5_SHBE_NIL
VIC1-NSW1,N-WGWA_63,KESSB1,VIC1,BIDIRECTIONAL,-4.422727272727273,V>>X5_SHBE_NIL
VIC1-NSW1,N-WGWA_63,LANCSF1,VIC1,GENERATOR,3.8045454545454542,V>>X5_SHBE_NIL
VIC1-NSW1,N-WGWA_63,GIRGSF,VIC1,GENERATOR,3.8045454545454542,V>>X5_SHBE_NIL
VIC1-NSW1,N-WGWA_63,WUNUSF1,VIC1,GENERATOR,3.8045454545454542,V>>X5_SHBE_NIL
VIC1-NSW1,N-WGWA_63,NUMURSF1,VIC1,GENERATOR,3.8045454545454542,V>>X5_SHBE_NIL
VIC1-NSW1,N-WGWA_63,PLBESS1,VIC1,BIDIRECTIONAL,3.5909090909090913,V>>X5_SHBE_NIL
VIC1-NSW1,N-WGWA_63_X5,GANNB1,VIC1,BIDIRECTIONAL,-4.545454545454546,V>>X5_SHBE_NIL
VIC1-NSW1,N-WGWA_63_X5,KERNGSP1,VIC1,GENERATOR,-4.545454545454546,V>>X5_SHBE_NIL
VIC1-NSW1,N-WGWA_63_X5,GANNSF1,VIC1,GENERATOR,-4.545454545454546,V>>X5_SHBE_NIL
VIC1-NSW1,N-WGWA_63_X5,COHUNSF1,VIC1,GENERATOR,-4.545454545454546,V>>X5_SHBE_NIL
VIC1-NSW1,N-WGWA_63_X5,KESSB1,VIC1,BIDIRECTIONAL,-4.422727272727273,V>>X5_SHBE_NIL
VIC1-NSW1,N-WGWA_63_X5,GIRGSF,VIC1,GENERATOR,3.8045454545454542,V>>X5_SHBE_NIL
VIC1-NSW1,N-WGWA_63_X5,NUMURSF1,VIC1,GENERATOR,3.8045454545454542,V>>X5_SHBE_NIL
VIC1-NSW1,N-WGWA_63_X5,LANCSF1,VIC1,GENERATOR,3.8045454545454542,V>>X5_SHBE_NIL
VIC1-NSW1,N-WGWA_63_X5,WUNUSF1,VIC1,GENERATOR,3.8045454545454542,V>>X5_SHBE_NIL
VIC1-NSW1,N-WGWA_63_X5,PLBESS1,VIC1,BIDIRECTIONAL,3.5909090909090913,V>>X5_SHBE_NIL
VIC1-NSW1,N-WGWA_RADIAL,KERNGSP1,VIC1,GENERATOR,-4.545454545454546,V>>X5_SHBE_NIL
VIC1-NSW1,N-WGWA_RADIAL,GANNSF1,VIC1,GENERATOR,-4.545454545454546,V>>X5_SHBE_NIL
VIC1-NSW1,N-WGWA_RADIAL,COHUNSF1,VIC1,GENERATOR,-4.545454545454546,V>>X5_SHBE_NIL
VIC1-NSW1,N-WGWA_RADIAL,GANNB1,VIC1,BIDIRECTIONAL,-4.545454545454546,V>>X5_SHBE_NIL
VIC1-NSW1,N-WGWA_RADIAL,KESSB1,VIC1,BIDIRECTIONAL,-4.422727272727273,V>>X5_SHBE_NIL
VIC1-NSW1,N-WGWA_RADIAL,WUNUSF1,VIC1,GENERATOR,3.8045454545454542,V>>X5_SHBE_NIL
VIC1-NSW1,N-WGWA_RADIAL,GIRGSF,VIC1,GENERATOR,3.8045454545454542,V>>X5_SHBE_NIL
VIC1-NSW1,N-WGWA_RADIAL,NUMURSF1,VIC1,GENERATOR,3.8045454545454542,V>>X5_SHBE_NIL
VIC1-NSW1,N-WGWA_RADIAL,LANCSF1,VIC1,GENERATOR,3.8045454545454542,V>>X5_SHBE_NIL
VIC1-NSW1,N-WGWA_RADIAL,PLBESS1,VIC1,BIDIRECTIONAL,3.5909090909090913,V>>X5_SHBE_NIL
VIC1-NSW1,N-WGWA_X5,GANNB1,VIC1,BIDIRECTIONAL,-4.545454545454546,V>>X5_SHBE_NIL
VIC1-NSW1,N-WGWA_X5,KERNGSP1,VIC1,GENERATOR,-4.545454545454546,V>>X5_SHBE_NIL
VIC1-NSW1,N-WGWA_X5,GANNSF1,VIC1,GENERATOR,-4.545454545454546,V>>X5_SHBE_NIL
VIC1-NSW1,N-WGWA_X5,COHUNSF1,VIC1,GENERATOR,-4.545454545454546,V>>X5_SHBE_NIL
VIC1-NSW1,N-WGWA_X5,KESSB1,VIC1,BIDIRECTIONAL,-4.422727272727273,V>>X5_SHBE_NIL
VIC1-NSW1,N-WGWA_X5,LANCSF1,VIC1,GENERATOR,3.8045454545454542,V>>X5_SHBE_NIL
VIC1-NSW1,N-WGWA_X5,NUMURSF1,VIC1,GENERATOR,3.8045454545454542,V>>X5_SHBE_NIL
VIC1-NSW1,N-WGWA_X5,GIRGSF,VIC1,GENERATOR,3.8045454545454542,V>>X5_SHBE_NIL
VIC1-NSW1,N-WGWA_X5,WUNUSF1,VIC1,GENERATOR,3.8045454545454542,V>>X5_SHBE_NIL
VIC1-NSW1,N-WGWA_X5,PLBESS1,VIC1,BIDIRECTIONAL,3.5909090909090913,V>>X5_SHBE_NIL
VIC1-NSW1,N-WNMR_991,WSTWYSF1,NSW1,GENERATOR,-2.7027027027027026,N>>991_990_051
VIC1-NSW1,N-WNMR_991,WAGGNSF1,NSW1,GENERATOR,-2.7027027027027026,N>>991_990_051
VIC1-NSW1,N-WNMR_991,BOMENSF1,NSW1,GENERATOR,-2.7027027027027026,N>>991_990_051
VIC1-NSW1,N-WNMR_991,SEBSF1,NSW1,GENERATOR,-2.7027027027027026,N>>991_990_051
VIC1-NSW1,N-WNMR_991,JUNEESF1,NSW1,GENERATOR,-2.7027027027027026,N>>991_990_051
VIC1-NSW1,N-WNMR_991,WYASF1,NSW1,GENERATOR,-2.7027027027027026,N>>991_990_051
VIC1-NSW1,N-WNMR_991,URANQ11,NSW1,GENERATOR,-2.4756756756756757,N>>991_990_051
VIC1-NSW1,N-WNMR_991,URANQ12,NSW1,GENERATOR,-2.4756756756756757,N>>991_990_051
VIC1-NSW1,N-WNMR_991,URANQ13,NSW1,GENERATOR,-2.4756756756756757,N>>991_990_051
VIC1-NSW1,N-WNMR_991,URANQ14,NSW1,GENERATOR,-2.4756756756756757,N>>991_990_051
VIC1-NSW1,N-X_03+4_WG_CLOSE,JEMALNG1,NSW1,GENERATOR,9.00900900900901,N>>4_998_18
VIC1-NSW1,N-X_03+4_WG_CLOSE,QPSFB1,NSW1,GENERATOR,6.396396396396396,N>>4_998_18
VIC1-NSW1,N-X_03+4_WG_CLOSE,QPSFB2,NSW1,BIDIRECTIONAL,6.396396396396396,N>>4_998_18
VIC1-NSW1,N-X_03+4_WG_CLOSE,PARSF1,NSW1,GENERATOR,6.396396396396396,N>>4_998_18
VIC1-NSW1,N-X_03+4_WG_CLOSE,GOONSF1,NSW1,GENERATOR,6.396396396396396,N>>4_998_18
VIC1-NSW1,N-X_03+4_WG_CLOSE,BANGOWF2,NSW1,GENERATOR,-3.576576576576577,N>>4_998_18
VIC1-NSW1,N-X_03+4_WG_CLOSE,BANGOWF1,NSW1,GENERATOR,-3.5585585585585586,N>>4_998_18
VIC1-NSW1,N-X_03+4_WG_CLOSE,MANSLR1,NSW1,GENERATOR,3.135135135135135,N>>4_998_18
VIC1-NSW1,N-X_03+4_WG_CLOSE,SHPUMP,NSW1,LOAD,2.444987775061125,N>>03_18_9
VIC1-NSW1,N-X_03+4_WG_CLOSE,SHGEN2,NSW1,GENERATOR,-2.444987775061125,N>>03_18_9
VIC1-NSW1,N-X_051_X5,GANNB1,VIC1,BIDIRECTIONAL,-4.545454545454546,V>>X5_SHBE_NIL
VIC1-NSW1,N-X_051_X5,COHUNSF1,VIC1,GENERATOR,-4.545454545454546,V>>X5_SHBE_NIL
VIC1-NSW1,N-X_051_X5,GANNSF1,VIC1,GENERATOR,-4.545454545454546,V>>X5_SHBE_NIL
VIC1-NSW1,N-X_051_X5,KERNGSP1,VIC1,GENERATOR,-4.545454545454546,V>>X5_SHBE_NIL
VIC1-NSW1,N-X_051_X5,KESSB1,VIC1,BIDIRECTIONAL,-4.422727272727273,V>>X5_SHBE_NIL
VIC1-NSW1,N-X_051_X5,NUMURSF1,VIC1,GENERATOR,3.8045454545454542,V>>X5_SHBE_NIL
VIC1-NSW1,N-X_051_X5,GIRGSF,VIC1,GENERATOR,3.8045454545454542,V>>X5_SHBE_NIL
VIC1-NSW1,N-X_051_X5,WUNUSF1,VIC1,GENERATOR,3.8045454545454542,V>>X5_SHBE_NIL
VIC1-NSW1,N-X_051_X5,LANCSF1,VIC1,GENERATOR,3.8045454545454542,V>>X5_SHBE_NIL
VIC1-NSW1,N-X_051_X5,PLBESS1,VIC1,BIDIRECTIONAL,3.5909090909090913,V>>X5_SHBE_NIL
VIC1-NSW1,N-X_11+14,TALWB1,NSW1,GENERATOR,-5.6818181818181825,N>>11_8_10
VIC1-NSW1,N-X_11+14,TALWA1,NSW1,GENERATOR,-5.6818181818181825,N>>11_8_10
VIC1-NSW1,N-X_11+14,SHGEN,NSW1,GENERATOR,-4.880681818181818,N>>11_8_10
VIC1-NSW1,N-X_11+14,SHPUMP,NSW1,LOAD,4.880681818181818,N>>11_8_10
VIC1-NSW1,N-X_11+14,SHGEN2,NSW1,GENERATOR,-4.880681818181818,N>>11_8_10
VIC1-NSW1,N-X_11+14,MP1,NSW1,GENERATOR,-2.976190476190476,N>>11_70_71
VIC1-NSW1,N-X_11+14,MP2,NSW1,GENERATOR,-2.976190476190476,N>>11_70_71
VIC1-NSW1,N-X_11+14,ER04,NSW1,GENERATOR,-2.7777777777777777,N>>11_14_13_ERTX
VIC1-NSW1,N-X_11+14,ER03,NSW1,GENERATOR,-2.7777777777777777,N>>11_14_13_ERTX
VIC1-NSW1,N-X_11+14,WOODLWN1,NSW1,GENERATOR,-2.4204545454545454,N>>11_8_10
VIC1-NSW1,N-X_2+8,MP2,NSW1,GENERATOR,-3.6900369003690034,N>>8_70_71
VIC1-NSW1,N-X_2+8,MP1,NSW1,GENERATOR,-3.6900369003690034,N>>8_70_71
VIC1-NSW1,N-X_2+8,UPPTUMUT,NSW1,GENERATOR,-2.3255813953488373,N>>UTRV-6X_64_1
VIC1-NSW1,N-X_2+8,WELNSF1,NSW1,GENERATOR,-2.298892988929889,N>>8_70_71
VIC1-NSW1,N-X_2+8,ORABESS1,NSW1,BIDIRECTIONAL,-2.298892988929889,N>>8_70_71
VIC1-NSW1,N-X_2+8,STUBSF1,NSW1,GENERATOR,-2.22140221402214,N>>8_70_71
VIC1-NSW1,N-X_2+8,STUBSF2,NSW1,GENERATOR,-2.22140221402214,N>>8_70_71
VIC1-NSW1,N-X_2+8,WOLARSF1,NSW1,GENERATOR,-2.169741697416974,N>>8_70_71
VIC1-NSW1,N-X_2+8,NYNGAN1,NSW1,GENERATOR,-1.7970479704797047,N>>8_70_71
VIC1-NSW1,N-X_2+8,WELLSF1,NSW1,GENERATOR,-1.7970479704797047,N>>8_70_71
VIC1-NSW1,N-X_2_5,JEMALNG1,NSW1,GENERATOR,9.090909090909092,N>>5_998_18
VIC1-NSW1,N-X_2_5,PARSF1,NSW1,GENERATOR,6.454545454545454,N>>5_998_18
VIC1-NSW1,N-X_2_5,GOONSF1,NSW1,GENERATOR,6.454545454545454,N>>5_998_18
VIC1-NSW1,N-X_2_5,QPSFB2,NSW1,BIDIRECTIONAL,6.454545454545454,N>>5_998_18
VIC1-NSW1,N-X_2_5,QPSFB1,NSW1,GENERATOR,6.454545454545454,N>>5_998_18
VIC1-NSW1,N-X_2_5,BANGOWF2,NSW1,GENERATOR,-3.6,N>>5_998_18
VIC1-NSW1,N-X_2_5,BANGOWF1,NSW1,GENERATOR,-3.581818181818182,N>>5_998_18
VIC1-NSW1,N-X_2_5,MANSLR1,NSW1,GENERATOR,3.1636363636363636,N>>5_998_18
VIC1-NSW1,N-X_2_5,SHGEN,NSW1,GENERATOR,-2.4213075060532687,N>>5_18_3L
VIC1-NSW1,N-X_2_5,SHGEN2,NSW1,GENERATOR,-2.4213075060532687,N>>5_18_4
VIC1-NSW1,N-X_3L+07_WG_CLOSE,JEMALNG1,NSW1,GENERATOR,9.00900900900901,N>>3L_998_18
VIC1-NSW1,N-X_3L+07_WG_CLOSE,QPSFB2,NSW1,BIDIRECTIONAL,6.396396396396396,N>>3L_998_18
VIC1-NSW1,N-X_3L+07_WG_CLOSE,QPSFB1,NSW1,GENERATOR,6.396396396396396,N>>3L_998_18
VIC1-NSW1,N-X_3L+07_WG_CLOSE,PARSF1,NSW1,GENERATOR,6.396396396396396,N>>3L_998_18
VIC1-NSW1,N-X_3L+07_WG_CLOSE,GOONSF1,NSW1,GENERATOR,6.396396396396396,N>>3L_998_18
VIC1-NSW1,N-X_3L+07_WG_CLOSE,BANGOWF2,NSW1,GENERATOR,-3.576576576576577,N>>3L_998_18
VIC1-NSW1,N-X_3L+07_WG_CLOSE,BANGOWF1,NSW1,GENERATOR,-3.5585585585585586,N>>3L_998_18
VIC1-NSW1,N-X_3L+07_WG_CLOSE,MANSLR1,NSW1,GENERATOR,3.135135135135135,N>>3L_998_18
VIC1-NSW1,N-X_3L+07_WG_CLOSE,SHGEN2,NSW1,GENERATOR,-2.4213075060532687,N>>3L_18_5_N
VIC1-NSW1,N-X_3L+07_WG_CLOSE,SHGEN,NSW1,GENERATOR,-2.4213075060532687,N>>3L_18_5_N
VIC1-NSW1,N-X_3L+11_WG_CLOSE,JEMALNG1,NSW1,GENERATOR,9.00900900900901,N>>3L_998_18
VIC1-NSW1,N-X_3L+11_WG_CLOSE,QPSFB1,NSW1,GENERATOR,6.396396396396396,N>>3L_998_18
VIC1-NSW1,N-X_3L+11_WG_CLOSE,QPSFB2,NSW1,BIDIRECTIONAL,6.396396396396396,N>>3L_998_18
VIC1-NSW1,N-X_3L+11_WG_CLOSE,GOONSF1,NSW1,GENERATOR,6.396396396396396,N>>3L_998_18
VIC1-NSW1,N-X_3L+11_WG_CLOSE,PARSF1,NSW1,GENERATOR,6.396396396396396,N>>3L_998_18
VIC1-NSW1,N-X_3L+11_WG_CLOSE,TALWB1,NSW1,GENERATOR,-5.6818181818181825,N>>11_8_10
VIC1-NSW1,N-X_3L+11_WG_CLOSE,TALWA1,NSW1,GENERATOR,-5.6818181818181825,N>>11_8_10
VIC1-NSW1,N-X_3L+11_WG_CLOSE,SHPUMP,NSW1,LOAD,4.880681818181818,N>>11_8_10
VIC1-NSW1,N-X_3L+11_WG_CLOSE,SHGEN,NSW1,GENERATOR,-4.880681818181818,N>>11_8_10
VIC1-NSW1,N-X_3L+11_WG_CLOSE,SHGEN2,NSW1,GENERATOR,-4.880681818181818,N>>11_8_10
VIC1-NSW1,N-X_3L+2_WG_CLOSE,JEMALNG1,NSW1,GENERATOR,9.00900900900901,N>>3L_998_18
VIC1-NSW1,N-X_3L+2_WG_CLOSE,QPSFB2,NSW1,BIDIRECTIONAL,6.396396396396396,N>>3L_998_18
VIC1-NSW1,N-X_3L+2_WG_CLOSE,PARSF1,NSW1,GENERATOR,6.396396396396396,N>>3L_998_18
VIC1-NSW1,N-X_3L+2_WG_CLOSE,GOONSF1,NSW1,GENERATOR,6.396396396396396,N>>3L_998_18
VIC1-NSW1,N-X_3L+2_WG_CLOSE,QPSFB1,NSW1,GENERATOR,6.396396396396396,N>>3L_998_18
VIC1-NSW1,N-X_3L+2_WG_CLOSE,BANGOWF2,NSW1,GENERATOR,-3.576576576576577,N>>3L_998_18
VIC1-NSW1,N-X_3L+2_WG_CLOSE,BANGOWF1,NSW1,GENERATOR,-3.5585585585585586,N>>3L_998_18
VIC1-NSW1,N-X_3L+2_WG_CLOSE,MANSLR1,NSW1,GENERATOR,3.135135135135135,N>>3L_998_18
VIC1-NSW1,N-X_3L+2_WG_CLOSE,SHGEN,NSW1,GENERATOR,-2.4213075060532687,N>>3L_18_5_S
VIC1-NSW1,N-X_3L+2_WG_CLOSE,SHGEN2,NSW1,GENERATOR,-2.4213075060532687,N>>3L_18_5_S
VIC1-NSW1,N-X_4+07_WG_CLOSE,JEMALNG1,NSW1,GENERATOR,9.00900900900901,N>>4_998_18
VIC1-NSW1,N-X_4+07_WG_CLOSE,QPSFB2,NSW1,BIDIRECTIONAL,6.396396396396396,N>>4_998_18
VIC1-NSW1,N-X_4+07_WG_CLOSE,QPSFB1,NSW1,GENERATOR,6.396396396396396,N>>4_998_18
VIC1-NSW1,N-X_4+07_WG_CLOSE,GOONSF1,NSW1,GENERATOR,6.396396396396396,N>>4_998_18
VIC1-NSW1,N-X_4+07_WG_CLOSE,PARSF1,NSW1,GENERATOR,6.396396396396396,N>>4_998_18
VIC1-NSW1,N-X_4+07_WG_CLOSE,BANGOWF2,NSW1,GENERATOR,-3.576576576576577,N>>4_998_18
VIC1-NSW1,N-X_4+07_WG_CLOSE,BANGOWF1,NSW1,GENERATOR,-3.5585585585585586,N>>4_998_18
VIC1-NSW1,N-X_4+07_WG_CLOSE,MANSLR1,NSW1,GENERATOR,3.135135135135135,N>>4_998_18
VIC1-NSW1,N-X_4+07_WG_CLOSE,SHGEN2,NSW1,GENERATOR,-2.4213075060532687,N>>4_18_5_S
VIC1-NSW1,N-X_4+07_WG_CLOSE,SHGEN,NSW1,GENERATOR,-2.4213075060532687,N>>4_18_5_S
VIC1-NSW1,N-X_4+17_WG_CLOSE,JEMALNG1,NSW1,GENERATOR,9.00900900900901,N>>4_998_18
VIC1-NSW1,N-X_4+17_WG_CLOSE,ER03,NSW1,GENERATOR,7.751937984496124,N>>17_13_14
VIC1-NSW1,N-X_4+17_WG_CLOSE,ER04,NSW1,GENERATOR,7.751937984496124,N>>17_13_14
VIC1-NSW1,N-X_4+17_WG_CLOSE,QPSFB1,NSW1,GENERATOR,6.396396396396396,N>>4_998_18
VIC1-NSW1,N-X_4+17_WG_CLOSE,PARSF1,NSW1,GENERATOR,6.396396396396396,N>>4_998_18
VIC1-NSW1,N-X_4+17_WG_CLOSE,QPSFB2,NSW1,BIDIRECTIONAL,6.396396396396396,N>>4_998_18
VIC1-NSW1,N-X_4+17_WG_CLOSE,GOONSF1,NSW1,GENERATOR,6.396396396396396,N>>4_998_18
VIC1-NSW1,N-X_4+17_WG_CLOSE,HUMENSW,NSW1,GENERATOR,-4.016064257028113,V^^N_4+17_1
VIC1-NSW1,N-X_4+17_WG_CLOSE,BANGOWF2,NSW1,GENERATOR,-3.576576576576577,N>>4_998_18
VIC1-NSW1,N-X_4+17_WG_CLOSE,BANGOWF1,NSW1,GENERATOR,-3.5585585585585586,N>>4_998_18
VIC1-NSW1,N-X_5+07_WG_CLOSE,JEMALNG1,NSW1,GENERATOR,11.376564277588168,N>>7_998_18
VIC1-NSW1,N-X_5+07_WG_CLOSE,QPSFB1,NSW1,GENERATOR,8.0773606370876,N>>7_998_18
VIC1-NSW1,N-X_5+07_WG_CLOSE,PARSF1,NSW1,GENERATOR,8.0773606370876,N>>7_998_18
VIC1-NSW1,N-X_5+07_WG_CLOSE,QPSFB2,NSW1,BIDIRECTIONAL,8.0773606370876,N>>7_998_18
VIC1-NSW1,N-X_5+07_WG_CLOSE,GOONSF1,NSW1,GENERATOR,8.0773606370876,N>>7_998_18
VIC1-NSW1,N-X_5+07_WG_CLOSE,BANGOWF2,NSW1,GENERATOR,-4.2320819112627985,N>>7_998_18
VIC1-NSW1,N-X_5+07_WG_CLOSE,BANGOWF1,NSW1,GENERATOR,-4.209328782707622,N>>7_998_18
VIC1-NSW1,N-X_5+07_WG_CLOSE,MANSLR1,NSW1,GENERATOR,3.959044368600682,N>>7_998_18
VIC1-NSW1,N-X_5+07_WG_CLOSE,MOLNGSF1,NSW1,GENERATOR,2.650739476678043,N>>7_998_18
VIC1-NSW1,N-X_5+07_WG_CLOSE,SHGEN2,NSW1,GENERATOR,-2.4213075060532687,N>>5_18_4
VIC1-NSW1,N-X_61_76,JEMALNG1,NSW1,GENERATOR,8.849557522123893,N>>61_998_18
VIC1-NSW1,N-X_61_76,QPSFB2,NSW1,BIDIRECTIONAL,6.283185840707964,N>>61_998_18
VIC1-NSW1,N-X_61_76,QPSFB1,NSW1,GENERATOR,6.283185840707964,N>>61_998_18
VIC1-NSW1,N-X_61_76,GOONSF1,NSW1,GENERATOR,6.283185840707964,N>>61_998_18
VIC1-NSW1,N-X_61_76,PARSF1,NSW1,GENERATOR,6.283185840707964,N>>61_998_18
VIC1-NSW1,N-X_61_76,LDBESS1,NSW1,BIDIRECTIONAL,-5.376344086021505,N>>76_81_82
VIC1-NSW1,N-X_61_76,BW02,NSW1,GENERATOR,-5.080645161290322,N>>76_81_82
VIC1-NSW1,N-X_61_76,BW01,NSW1,GENERATOR,-5.080645161290322,N>>76_82_81
VIC1-NSW1,N-X_61_76,GNNDHSF1,NSW1,GENERATOR,-4.967741935483871,N>>76_81_82
VIC1-NSW1,N-X_61_76,MOREESF1,NSW1,GENERATOR,-4.78494623655914,N>>76_81_82
VIC1-NSW1,N-X_AVMA_SSWW,ER03,NSW1,GENERATOR,4.184100418410042,N>>X-17+76_13_77
VIC1-NSW1,N-X_AVMA_SSWW,ER04,NSW1,GENERATOR,4.184100418410042,N>>X-17+76_13_77
VIC1-NSW1,N-X_AVMA_SSWW,BW01,NSW1,GENERATOR,-3.731343283582089,N>>X-17+76_82_81
VIC1-NSW1,N-X_AVMA_SSWW,BW02,NSW1,GENERATOR,-3.731343283582089,N>>X-17+76_81_82
VIC1-NSW1,N-X_AVMA_SSWW,GNNDHSF1,NSW1,GENERATOR,-3.6417910447761193,N>>X-17+76_81_82
VIC1-NSW1,N-X_AVMA_SSWW,NEWENSF1,NSW1,GENERATOR,-3.511194029850746,N>>X-17+76_81_82
VIC1-NSW1,N-X_AVMA_SSWW,NESBESS1,NSW1,BIDIRECTIONAL,-3.511194029850746,N>>X-17+76_81_82
VIC1-NSW1,N-X_AVMA_SSWW,NEWENSF2,NSW1,GENERATOR,-3.511194029850746,N>>X-17+76_81_82
VIC1-NSW1,N-X_AVMA_SSWW,NESBESS2,NSW1,BIDIRECTIONAL,-3.511194029850746,N>>X-17+76_81_82
VIC1-NSW1,N-X_AVMA_SSWW,MOREESF1,NSW1,GENERATOR,-3.507462686567164,N>>X-17+76_81_82
VIC1-NSW1,N-X_BABU_BADP_MNYS,BROKENH1,NSW1,GENERATOR,-0.715,N^^V_BABU_BADP_5_1
VIC1-NSW1,N-X_BABU_BADP_MNYS,BHB1,NSW1,BIDIRECTIONAL,-0.715,N^^V_BABU_BADP_5_1
VIC1-NSW1,N-X_BABU_BADP_MNYS,STWF1,NSW1,GENERATOR,-0.715,N^^V_BABU_BADP_5_1
VIC1-NSW1,N-X_BABU_BADP_MNYS,UPPTUMUT,NSW1,GENERATOR,-0.598,N^^V_BABU_BADP_5_1
VIC1-NSW1,N-X_BABU_BADP_MNYS,LIMOSF11,NSW1,GENERATOR,-0.563,V^^N_BABU_BADP_5_1
VIC1-NSW1,N-X_BABU_BADP_MNYS,SUNRSF1,NSW1,GENERATOR,-0.563,V^^N_BABU_BADP_5_1
VIC1-NSW1,N-X_BABU_BADP_MNYS,LIMOSF21,NSW1,GENERATOR,-0.563,V^^N_BABU_BADP_5_1
VIC1-NSW1,N-X_BABU_BADP_MNYS,BOMENSF1,NSW1,GENERATOR,-0.55,V^^N_BABU_BADP_5_1
VIC1-NSW1,N-X_BABU_BADP_MNYS,CRWASF1,NSW1,GENERATOR,-0.55,V^^N_BABU_BADP_5_1
VIC1-NSW1,N-X_BABU_BADP_MNYS,HILLSTN1,NSW1,GENERATOR,-0.55,V^^N_BABU_BADP_5_1
VIC1-NSW1,N-X_LPSS_MPWW,MP1,NSW1,GENERATOR,-6.097560975609756,N>>X_12+70_71_8
VIC1-NSW1,N-X_LPSS_MPWW,MP2,NSW1,GENERATOR,-6.097560975609756,N>>X_12+70_71_8
VIC1-NSW1,N-X_LPSS_MPWW,CRURWF1,NSW1,GENERATOR,-4.176829268292683,N>>X_12+70_71_8
VIC1-NSW1,N-X_LPSS_MPWW,ORABESS1,NSW1,BIDIRECTIONAL,-3.768292682926829,N>>X_12+70_71_8
VIC1-NSW1,N-X_LPSS_MPWW,WELNSF1,NSW1,GENERATOR,-3.768292682926829,N>>X_12+70_71_8
VIC1-NSW1,N-X_LPSS_MPWW,STUBSF1,NSW1,GENERATOR,-3.585365853658536,N>>X_12+70_71_8
VIC1-NSW1,N-X_LPSS_MPWW,STUBSF2,NSW1,GENERATOR,-3.585365853658536,N>>X_12+70_71_8
VIC1-NSW1,N-X_LPSS_MPWW,WOLARSF1,NSW1,GENERATOR,-3.4573170731707314,N>>X_12+70_71_8
VIC1-NSW1,N-X_LPSS_MPWW,BERYLSF1,NSW1,GENERATOR,-3.4512195121951215,N>>X_12+70_71_8
VIC1-NSW1,N-X_LPSS_MPWW,BODWF1,NSW1,GENERATOR,-3.1463414634146343,N>>X_12+70_71_8
VIC1-NSW1,N-X_LTYS_MNYS,JEMALNG1,NSW1,GENERATOR,9.090909090909092,N>>5_998_18
VIC1-NSW1,N-X_LTYS_MNYS,PARSF1,NSW1,GENERATOR,6.454545454545454,N>>5_998_18
VIC1-NSW1,N-X_LTYS_MNYS,QPSFB1,NSW1,GENERATOR,6.454545454545454,N>>5_998_18
VIC1-NSW1,N-X_LTYS_MNYS,QPSFB2,NSW1,BIDIRECTIONAL,6.454545454545454,N>>5_998_18
VIC1-NSW1,N-X_LTYS_MNYS,GOONSF1,NSW1,GENERATOR,6.454545454545454,N>>5_998_18
VIC1-NSW1,N-X_LTYS_MNYS,HUMENSW,NSW1,GENERATOR,-4.016064257028113,V^^N_LTYS_MNYS_1
VIC1-NSW1,N-X_LTYS_MNYS,BANGOWF2,NSW1,GENERATOR,-3.6,N>>5_998_18
VIC1-NSW1,N-X_LTYS_MNYS,BANGOWF1,NSW1,GENERATOR,-3.581818181818182,N>>5_998_18
VIC1-NSW1,N-X_LTYS_MNYS,MANSLR1,NSW1,GENERATOR,3.1636363636363636,N>>5_998_18
VIC1-NSW1,N-X_LTYS_MNYS,SHGEN,NSW1,GENERATOR,-2.444987775061125,N>>03_18_9
VIC1-NSW1,S-TBSE,DARTM1,VIC1,GENERATOR,0.948,V::N_SETB_O2
VIC1-NSW1,S-TBSE,WKIEWA1,VIC1,GENERATOR,0.948,V::N_SETB_O1
VIC1-NSW1,S-TBSE,MCKAY1,VIC1,GENERATOR,0.948,V::N_SETB_O2
VIC1-NSW1,S-TBSE,MURRAY,VIC1,GENERATOR,0.786,V::N_SETB_V1
VIC1-NSW1,S-TBSE,MOKOSF1,VIC1,GENERATOR,0.432,V::N_SETB_V1
VIC1-NSW1,S-TBSE,GLRWNSF1,VIC1,GENERATOR,0.432,V::N_SETB_V1
VIC1-NSW1,S-TBSE,MTGELWF1,VIC1,GENERATOR,0.432,V::N_SETB_V1
VIC1-NSW1,S-TBSE,WINTSF1,VIC1,GENERATOR,0.432,V::N_SETB_V1
VIC1-NSW1,S-TBSE,HBESS1,VIC1,BIDIRECTIONAL,0.432,V::N_SETB_V1
VIC1-NSW1,S-TBSE,GANNB1,VIC1,BIDIRECTIONAL,0.432,V::N_SETB_V1
VIC1-NSW1,S-X_TBSE+BDBU,DARTM1,VIC1,GENERATOR,0.948,V::N_SETB_O2
VIC1-NSW1,S-X_TBSE+BDBU,WKIEWA1,VIC1,GENERATOR,0.948,V::N_SETB_O1
VIC1-NSW1,S-X_TBSE+BDBU,MCKAY1,VIC1,GENERATOR,0.948,V::N_SETB_O2
VIC1-NSW1,S-X_TBSE+BDBU,MURRAY,VIC1,GENERATOR,0.786,V::N_SETB_V1
VIC1-NSW1,S-X_TBSE+BDBU,MOKOSF1,VIC1,GENERATOR,0.432,V::N_SETB_V1
VIC1-NSW1,S-X_TBSE+BDBU,GLRWNSF1,VIC1,GENERATOR,0.432,V::N_SETB_V1
VIC1-NSW1,S-X_TBSE+BDBU,MTGELWF1,VIC1,GENERATOR,0.432,V::N_SETB_V1
VIC1-NSW1,S-X_TBSE+BDBU,WINTSF1,VIC1,GENERATOR,0.432,V::N_SETB_V1
VIC1-NSW1,S-X_TBSE+BDBU,HBESS1,VIC1,BIDIRECTIONAL,0.432,V::N_SETB_V1
VIC1-NSW1,S-X_TBSE+BDBU,GANNB1,VIC1,BIDIRECTIONAL,0.432,V::N_SETB_V1
VIC1-NSW1,V-ARCW,LIMOSF11,NSW1,GENERATOR,-13.037809647979138,V>>ARCW_X5DP_KGBE
VIC1-NSW1,V-ARCW,LIMOSF21,NSW1,GENERATOR,-13.037809647979138,V>>ARCW_X5DP_KGBE
VIC1-NSW1,V-ARCW,SUNRSF1,NSW1,GENERATOR,-13.037809647979138,V>>ARCW_X5DP_KGBE
VIC1-NSW1,V-ARCW,STWF1,NSW1,GENERATOR,-9.765319426336374,V>>ARCW_X5DP_KGBE
VIC1-NSW1,V-ARCW,BROKENH1,NSW1,GENERATOR,-9.765319426336374,V>>ARCW_X5DP_KGBE
VIC1-NSW1,V-ARCW,BHB1,NSW1,BIDIRECTIONAL,-9.765319426336374,V>>ARCW_X5DP_KGBE
VIC1-NSW1,V-ARCW,KESSB1,VIC1,BIDIRECTIONAL,-8.774445893089961,V>>ARCW_X5DP_KGBE
VIC1-NSW1,V-ARCW,KIAMSF1,VIC1,GENERATOR,-8.774445893089961,V>>ARCW_X5DP_KGBE
VIC1-NSW1,V-ARCW,KERNGSP1,VIC1,GENERATOR,-8.774445893089961,V>>ARCW_X5DP_KGBE
VIC1-NSW1,V-ARCW,GANNB1,VIC1,BIDIRECTIONAL,-8.774445893089961,V>>ARCW_X5DP_KGBE
VIC1-NSW1,V-AR_WB_BA,YATSF1,VIC1,GENERATOR,-6.25,V>>ARWB_SHBE_0X1
VIC1-NSW1,V-AR_WB_BA,MUWAWF1,VIC1,GENERATOR,-6.25,V>>ARWB_SHBE_0X1
VIC1-NSW1,V-AR_WB_BA,MUWAWF2,VIC1,GENERATOR,-6.25,V>>ARWB_SHBE_0X1
VIC1-NSW1,V-AR_WB_BA,KARSF1,VIC1,GENERATOR,-6.25,V>>ARWB_SHBE_0X1
VIC1-NSW1,V-AR_WB_BA,KIAMSF1,VIC1,GENERATOR,-6.25,V>>ARWB_SHBE_0X1
VIC1-NSW1,V-AR_WB_BA,GANNB1,VIC1,BIDIRECTIONAL,-6.25,V>>ARWB_SHBE_0X1
VIC1-NSW1,V-AR_WB_BA,GANNSF1,VIC1,GENERATOR,-6.25,V>>ARWB_SHBE_0X1
VIC1-NSW1,V-AR_WB_BA,COHUNSF1,VIC1,GENERATOR,-6.25,V>>ARWB_SHBE_0X1
VIC1-NSW1,V-AR_WB_BA,KIATAWF1,VIC1,GENERATOR,-6.25,V>>ARWB_SHBE_0X1
VIC1-NSW1,V-AR_WB_BA,BULBES1,VIC1,BIDIRECTIONAL,-6.25,V>>ARWB_SHBE_0X1
VIC1-NSW1,V-BEKG,LIMOSF21,NSW1,GENERATOR,-13.227513227513228,V>>BEKG_DPTX_ARWB
VIC1-NSW1,V-BEKG,LIMOSF11,NSW1,GENERATOR,-13.227513227513228,V>>BEKG_DPTX_ARWB
VIC1-NSW1,V-BEKG,SUNRSF1,NSW1,GENERATOR,-13.227513227513228,V>>BEKG_DPTX_ARWB
VIC1-NSW1,V-BEKG,STWF1,NSW1,GENERATOR,-9.947089947089948,V>>BEKG_X5DP_ARWB
VIC1-NSW1,V-BEKG,BROKENH1,NSW1,GENERATOR,-9.947089947089948,V>>BEKG_DPTX_ARWB
VIC1-NSW1,V-BEKG,BHB1,NSW1,BIDIRECTIONAL,-9.947089947089948,V>>BEKG_DPTX_ARWB
VIC1-NSW1,V-BEKG,COHUNSF1,VIC1,GENERATOR,-8.915343915343916,V>>BEKG_X5DP_ARWB
VIC1-NSW1,V-BEKG,GANNB1,VIC1,BIDIRECTIONAL,-8.915343915343916,V>>BEKG_X5DP_ARWB
VIC1-NSW1,V-BEKG,KARSF1,VIC1,GENERATOR,-8.915343915343916,V>>BEKG_DPTX_ARWB
VIC1-NSW1,V-BEKG,YATSF1,VIC1,GENERATOR,-8.915343915343916,V>>BEKG_DPTX_ARWB
VIC1-NSW1,V-BUCW,BROKENH1,NSW1,GENERATOR,-9.803921568627452,V>>BUCW_X3_BEKG
VIC1-NSW1,V-BUCW,BHB1,NSW1,BIDIRECTIONAL,-9.803921568627452,V>>BUCW_X3_BEKG
VIC1-NSW1,V-BUCW,STWF1,NSW1,GENERATOR,-9.803921568627452,V>>BUCW_X3_BEKG
VIC1-NSW1,V-BUCW,YATSF1,VIC1,GENERATOR,-8.803921568627452,V>>BUCW_X3_BEKG
VIC1-NSW1,V-BUCW,WEMENSF1,VIC1,GENERATOR,-8.803921568627452,V>>BUCW_X3_BEKG
VIC1-NSW1,V-BUCW,BANN1,VIC1,GENERATOR,-8.803921568627452,V>>BUCW_X3_BEKG
VIC1-NSW1,V-BUCW,KESSB1,VIC1,BIDIRECTIONAL,-8.803921568627452,V>>BUCW_X3_BEKG
VIC1-NSW1,V-BUCW,KIAMSF1,VIC1,GENERATOR,-8.803921568627452,V>>BUCW_X3_BEKG
VIC1-NSW1,V-BUCW,COHUNSF1,VIC1,GENERATOR,-8.803921568627452,V>>BUCW_X3_BEKG
VIC1-NSW1,V-BUCW,GANNSF1,VIC1,GENERATOR,-8.803921568627452,V>>BUCW_X3_BEKG
VIC1-NSW1,V-BUHO,BROKENH1,NSW1,GENERATOR,-11.337868480725623,V>>BUHO_X3_BEKG
VIC1-NSW1,V-BUHO,BHB1,NSW1,BIDIRECTIONAL,-11.337868480725623,V>>BUHO_X3_BEKG
VIC1-NSW1,V-BUHO,STWF1,NSW1,GENERATOR,-11.337868480725623,V>>BUHO_X3_BEKG
VIC1-NSW1,V-BUHO,KARSF1,VIC1,GENERATOR,-10.34013605442177,V>>BUHO_X3_BEKG
VIC1-NSW1,V-BUHO,WEMENSF1,VIC1,GENERATOR,-10.34013605442177,V>>BUHO_X3_BEKG
VIC1-NSW1,V-BUHO,BANN1,VIC1,GENERATOR,-10.34013605442177,V>>BUHO_X3_BEKG
VIC1-NSW1,V-BUHO,YATSF1,VIC1,GENERATOR,-10.34013605442177,V>>BUHO_X3_BEKG
VIC1-NSW1,V-BUHO,KIAMSF1,VIC1,GENERATOR,-10.34013605442177,V>>BUHO_X3_BEKG
VIC1-NSW1,V-BUHO,COHUNSF1,VIC1,GENERATOR,-10.34013605442177,V>>BUHO_X3_BEKG
VIC1-NSW1,V-BUHO,GANNSF1,VIC1,GENERATOR,-10.34013605442177,V>>BUHO_X3_BEKG
VIC1-NSW1,V-CPRC,MCKAY1,VIC1,GENERATOR,0.948,V::N_KMRC_O1
VIC1-NSW1,V-CPRC,DARTM1,VIC1,GENERATOR,0.948,V::N_KMRC_O1
VIC1-NSW1,V-CPRC,WKIEWA1,VIC1,GENERATOR,0.948,V::N_KMRC_O1
VIC1-NSW1,V-CPRC,MURRAY,VIC1,GENERATOR,0.786,V::N_KMRC_V1
VIC1-NSW1,V-CPRC,RYANCWF1,VIC1,GENERATOR,0.432,V::N_KMRC_V1
VIC1-NSW1,V-CPRC,BULGANA1,VIC1,GENERATOR,0.432,V::N_KMRC_V2
VIC1-NSW1,V-CPRC,COHUNSF1,VIC1,GENERATOR,0.432,V::N_KMRC_V2
VIC1-NSW1,V-CPRC,KERNGSP1,VIC1,GENERATOR,0.432,V::N_KMRC_V2
VIC1-NSW1,V-CPRC,GANNB1,VIC1,BIDIRECTIONAL,0.432,V::N_KMRC_V2
VIC1-NSW1,V-CPRC,HBESS1,VIC1,BIDIRECTIONAL,0.432,V::N_KMRC_V2
VIC1-NSW1,V-CRGP,BROKENH1,NSW1,GENERATOR,-0.715,N^^V_CRTS_A_1
VIC1-NSW1,V-CRGP,BHB1,NSW1,BIDIRECTIONAL,-0.715,N^^V_CRTS_A_1
VIC1-NSW1,V-CRGP,STWF1,NSW1,GENERATOR,-0.715,N^^V_CRTS_A_1
VIC1-NSW1,V-CRGP,UPPTUMUT,NSW1,GENERATOR,-0.598,N^^V_CRTS_A_1
VIC1-NSW1,V-CRGP,URANQ13,NSW1,GENERATOR,-0.491,N^^V_CRTS_A_1
VIC1-NSW1,V-CRGP,URANQ11,NSW1,GENERATOR,-0.491,N^^V_CRTS_A_1
VIC1-NSW1,V-CRGP,URANQ12,NSW1,GENERATOR,-0.491,N^^V_CRTS_A_1
VIC1-NSW1,V-CRGP,URANQ14,NSW1,GENERATOR,-0.491,N^^V_CRTS_A_1
VIC1-NSW1,V-CRGP,GPWFEST1,VIC1,GENERATOR,0.488,N^^V_CRTS_A_1
VIC1-NSW1,V-CRGP,GPWFWST2,VIC1,GENERATOR,0.488,N^^V_CRTS_A_1
VIC1-NSW1,V-CRML,WKIEWA1,VIC1,GENERATOR,0.948,V::N_MLMO_O2
VIC1-NSW1,V-CRML,MCKAY1,VIC1,GENERATOR,0.948,V::N_MLMO_O2
VIC1-NSW1,V-CRML,DARTM1,VIC1,GENERATOR,0.948,V::N_MLMO_O2
VIC1-NSW1,V-CRML,MURRAY,VIC1,GENERATOR,0.786,V::N_MLMO_V2
VIC1-NSW1,V-CRML,BROKENH1,NSW1,GENERATOR,-0.715,N^^V_CRML_1
VIC1-NSW1,V-CRML,BHB1,NSW1,BIDIRECTIONAL,-0.715,N^^V_CRML_1
VIC1-NSW1,V-CRML,STWF1,NSW1,GENERATOR,-0.715,N^^V_CRML_1
VIC1-NSW1,V-CRML,UPPTUMUT,NSW1,GENERATOR,-0.598,N^^V_CRML_1
VIC1-NSW1,V-CRML,URANQ12,NSW1,GENERATOR,-0.491,N^^V_CRML_1
VIC1-NSW1,V-CRML,URANQ13,NSW1,GENERATOR,-0.491,N^^V_CRML_1
VIC1-NSW1,V-CRMO,DARTM1,VIC1,GENERATOR,0.948,V::N_MLMO_O2
VIC1-NSW1,V-CRMO,MCKAY1,VIC1,GENERATOR,0.948,V::N_MLMO_O1
VIC1-NSW1,V-CRMO,WKIEWA1,VIC1,GENERATOR,0.948,V::N_MLMO_O1
VIC1-NSW1,V-CRMO,MURRAY,VIC1,GENERATOR,0.786,V::N_MLMO_V1
VIC1-NSW1,V-CRMO,BROKENH1,NSW1,GENERATOR,-0.715,N^^V_CRMO_1
VIC1-NSW1,V-CRMO,BHB1,NSW1,BIDIRECTIONAL,-0.715,N^^V_HY_MO_CR_1
VIC1-NSW1,V-CRMO,STWF1,NSW1,GENERATOR,-0.715,N^^V_HY_MO_CR_1
VIC1-NSW1,V-CRMO,UPPTUMUT,NSW1,GENERATOR,-0.598,N^^V_HY_MO_CR_1
VIC1-NSW1,V-CRMO,URANQ12,NSW1,GENERATOR,-0.491,N^^V_CRMO_1
VIC1-NSW1,V-CRMO,URANQ13,NSW1,GENERATOR,-0.491,N^^V_CRMO_1
VIC1-NSW1,V-CWHO,BROKENH1,NSW1,GENERATOR,-11.337868480725623,V>>CWHO_X3_BEKG
VIC1-NSW1,V-CWHO,BHB1,NSW1,BIDIRECTIONAL,-11.337868480725623,V>>CWHO_X3_BEKG
VIC1-NSW1,V-CWHO,STWF1,NSW1,GENERATOR,-11.337868480725623,V>>CWHO_X3_BEKG
VIC1-NSW1,V-CWHO,KARSF1,VIC1,GENERATOR,-10.34013605442177,V>>CWHO_X3_BEKG
VIC1-NSW1,V-CWHO,WEMENSF1,VIC1,GENERATOR,-10.34013605442177,V>>CWHO_X3_BEKG
VIC1-NSW1,V-CWHO,BANN1,VIC1,GENERATOR,-10.34013605442177,V>>CWHO_X3_BEKG
VIC1-NSW1,V-CWHO,YATSF1,VIC1,GENERATOR,-10.34013605442177,V>>CWHO_X3_BEKG
VIC1-NSW1,V-CWHO,KIAMSF1,VIC1,GENERATOR,-10.34013605442177,V>>CWHO_X3_BEKG
VIC1-NSW1,V-CWHO,COHUNSF1,VIC1,GENERATOR,-10.34013605442177,V>>CWHO_X3_BEKG
VIC1-NSW1,V-CWHO,KERNGSP1,VIC1,GENERATOR,-10.34013605442177,V>>CWHO_X3_BEKG
VIC1-NSW1,V-DDMS,HUMEV,VIC1,GENERATOR,-1.8181818181818181,N^^V_MSDD2
VIC1-NSW1,V-DDMS,MURRAY,VIC1,GENERATOR,1.0615711252653928,N>>V_DDMS_051_67_N
VIC1-NSW1,V-DDMS,BROKENH1,NSW1,GENERATOR,-1.0384215991692627,N^^V_MSDD1
VIC1-NSW1,V-DDMS,STWF1,NSW1,GENERATOR,-1.0384215991692627,N^^V_MSDD1
VIC1-NSW1,V-DDMS,BHB1,NSW1,BIDIRECTIONAL,-1.0384215991692627,N^^V_MSDD1
VIC1-NSW1,V-DDMS,CUSF1,NSW1,GENERATOR,-1.0042462845010616,N>>V_DDMS_051_67
VIC1-NSW1,V-DDMS,WLWLSF1,NSW1,GENERATOR,-1.0031847133757963,N>>V_DDMS_051_67
VIC1-NSW1,V-DDMS,WLWLSF2,NSW1,GENERATOR,-1.0031847133757963,N>>V_DDMS_051_67
VIC1-NSW1,V-DDMS,LIMOSF21,NSW1,GENERATOR,-0.998,N>>V-DDMS_67_051+YS
VIC1-NSW1,V-DDMS,CRWASF1,NSW1,GENERATOR,-0.998,N>>V-DDMS_67_051+YS
VIC1-NSW1,V-DDMS_N-2,HUMEV,VIC1,GENERATOR,-1.8181818181818181,N^^V_MSDD2
VIC1-NSW1,V-DDMS_N-2,MURRAY,VIC1,GENERATOR,1.0615711252653928,N>>NIL_LTWG_DDMS_N-2
VIC1-NSW1,V-DDMS_N-2,CUSF1,NSW1,GENERATOR,-1.0042462845010616,N>>NIL_LTWG_MSDD_N-2
VIC1-NSW1,V-DDMS_N-2,WLWLSF2,NSW1,GENERATOR,-1.0031847133757963,N>>NIL_LTWG_MSDD_N-2
VIC1-NSW1,V-DDMS_N-2,WLWLSF1,NSW1,GENERATOR,-1.0031847133757963,N>>NIL_LTWG_DDMS_N-2
VIC1-NSW1,V-DDMS_N-2,STWF1,NSW1,GENERATOR,-0.9989384288747346,N>>NIL_LTWG_DDMS_N-2
VIC1-NSW1,V-DDMS_N-2,BHB1,NSW1,BIDIRECTIONAL,-0.9989384288747346,N>>NIL_LTWG_DDMS_N-2
VIC1-NSW1,V-DDMS_N-2,BROKENH1,NSW1,GENERATOR,-0.9989384288747346,N>>NIL_WGLT_DDMS_N-2
VIC1-NSW1,V-DDMS_N-2,SUNRSF1,NSW1,GENERATOR,-0.9978768577494692,N>>NIL_LTWG_MSDD_N-2
VIC1-NSW1,V-DDMS_N-2,LIMOSF11,NSW1,GENERATOR,-0.9978768577494692,N>>NIL_LTWG_MSDD_N-2
VIC1-NSW1,V-DDSM,GANNSF1,VIC1,GENERATOR,1.7574692442882252,V>>DDSM_BEBA_DDSM
VIC1-NSW1,V-DDSM,KERNGSP1,VIC1,GENERATOR,1.7574692442882252,V>>DDSM_BEBA_DDSM
VIC1-NSW1,V-DDSM,GANNB1,VIC1,BIDIRECTIONAL,1.7574692442882252,V>>DDSM_BEBA_DDSM
VIC1-NSW1,V-DDSM,COHUNSF1,VIC1,GENERATOR,1.7574692442882252,V>>DDSM_BABE_SMDD
VIC1-NSW1,V-DDSM,KESSB1,VIC1,BIDIRECTIONAL,1.6959578207381372,V>>DDSM_BEBA_DDSM
VIC1-NSW1,V-DDSM,LANCSF1,VIC1,GENERATOR,1.5267175572519083,V>>DDSM_SHBE_DDSM
VIC1-NSW1,V-DDSM,NUMURSF1,VIC1,GENERATOR,1.5267175572519083,V>>DDSM_SHBE_DDSM
VIC1-NSW1,V-DDSM,GIRGSF,VIC1,GENERATOR,1.5267175572519083,V>>DDSM_SHBE_DDSM
VIC1-NSW1,V-DDSM,WUNUSF1,VIC1,GENERATOR,1.5267175572519083,V>>DDSM_SHBE_DDSM
VIC1-NSW1,V-DDSM,PLBESS1,VIC1,BIDIRECTIONAL,1.4854961832061069,V>>DDSM_SHBE_DDSM
VIC1-NSW1,V-DDSM_N-2,COHUNSF1,VIC1,GENERATOR,1.7574692442882252,V>>NIL_BABE_SMDD_N-2
VIC1-NSW1,V-DDSM_N-2,GANNB1,VIC1,BIDIRECTIONAL,1.7574692442882252,V>>DDSM_BEBA_DDSM
VIC1-NSW1,V-DDSM_N-2,GANNSF1,VIC1,GENERATOR,1.7574692442882252,V>>NIL_BABE_SMDD_N-2
VIC1-NSW1,V-DDSM_N-2,KERNGSP1,VIC1,GENERATOR,1.7574692442882252,V>>NIL_BABE_SMDD_N-2
VIC1-NSW1,V-DDSM_N-2,KESSB1,VIC1,BIDIRECTIONAL,1.6959578207381372,V>>DDSM_BEBA_DDSM
VIC1-NSW1,V-DDSM_N-2,LANCSF1,VIC1,GENERATOR,1.5267175572519083,V>>NIL_SHBE_DDSM_N-2
VIC1-NSW1,V-DDSM_N-2,NUMURSF1,VIC1,GENERATOR,1.5267175572519083,V>>NIL_SHBE_DDSM_N-2
VIC1-NSW1,V-DDSM_N-2,GIRGSF,VIC1,GENERATOR,1.5267175572519083,V>>NIL_SHBE_DDSM_N-2
VIC1-NSW1,V-DDSM_N-2,WUNUSF1,VIC1,GENERATOR,1.5267175572519083,V>>DDSM_SHBE_DDSM
VIC1-NSW1,V-DDSM_N-2,PLBESS1,VIC1,BIDIRECTIONAL,1.4854961832061069,V>>DDSM_SHBE_DDSM
VIC1-NSW1,V-DDWO_63,BOCORWF1,NSW1,GENERATOR,-1.4961101137043686,N>>N-DDWO_RADIAL_6
VIC1-NSW1,V-DDWO_63,GUTHEGA,NSW1,GENERATOR,-1.4961101137043686,N>>N-DDWO_RADIAL_6
VIC1-NSW1,V-DDWO_63,WOODLWN1,NSW1,GENERATOR,-1.1324057450628366,N>>N-DDWO_RADIAL_6
VIC1-NSW1,V-DDWO_63,JUNEESF1,NSW1,GENERATOR,-1.105094485578517,N>>N-DDWO_RADIAL_1
VIC1-NSW1,V-DDWO_63,SEBSF1,NSW1,GENERATOR,-1.105094485578517,N>>N-DDWO_RADIAL_1
VIC1-NSW1,V-DDWO_63,CRWASF1,NSW1,GENERATOR,-1.105094485578517,N>>N-DDWO_RADIAL_1
VIC1-NSW1,V-DDWO_63,URANQ12,NSW1,GENERATOR,-1.105094485578517,N>>N-DDWO_RADIAL_1
VIC1-NSW1,V-DDWO_63,URANQ14,NSW1,GENERATOR,-1.105094485578517,N>>N-DDWO_RADIAL_1
VIC1-NSW1,V-DDWO_63,URANQ13,NSW1,GENERATOR,-1.105094485578517,N>>N-DDWO_RADIAL_1
VIC1-NSW1,V-DDWO_63,WAGGNSF1,NSW1,GENERATOR,-1.105094485578517,N>>N-DDWO_RADIAL_1
VIC1-NSW1,V-DDWO_RADIAL,GANNB1,VIC1,BIDIRECTIONAL,-4.545454545454546,V>>X5_SHBE_NIL
VIC1-NSW1,V-DDWO_RADIAL,KERNGSP1,VIC1,GENERATOR,-4.545454545454546,V>>X5_SHBE_NIL
VIC1-NSW1,V-DDWO_RADIAL,COHUNSF1,VIC1,GENERATOR,-4.545454545454546,V>>X5_SHBE_NIL
VIC1-NSW1,V-DDWO_RADIAL,GANNSF1,VIC1,GENERATOR,-4.545454545454546,V>>X5_SHBE_NIL
VIC1-NSW1,V-DDWO_RADIAL,KESSB1,VIC1,BIDIRECTIONAL,-4.422727272727273,V>>X5_SHBE_NIL
VIC1-NSW1,V-DDWO_RADIAL,WUNUSF1,VIC1,GENERATOR,3.8045454545454542,V>>X5_SHBE_NIL
VIC1-NSW1,V-DDWO_RADIAL,LANCSF1,VIC1,GENERATOR,3.8045454545454542,V>>X5_SHBE_NIL
VIC1-NSW1,V-DDWO_RADIAL,NUMURSF1,VIC1,GENERATOR,3.8045454545454542,V>>X5_SHBE_NIL
VIC1-NSW1,V-DDWO_RADIAL,GIRGSF,VIC1,GENERATOR,3.8045454545454542,V>>X5_SHBE_NIL
VIC1-NSW1,V-DDWO_RADIAL,PLBESS1,VIC1,BIDIRECTIONAL,3.5909090909090913,V>>X5_SHBE_NIL
VIC1-NSW1,V-DDWO_X5,GANNSF1,VIC1,GENERATOR,-4.545454545454546,V>>X5_SHBE_NIL
VIC1-NSW1,V-DDWO_X5,KERNGSP1,VIC1,GENERATOR,-4.545454545454546,V>>X5_SHBE_NIL
VIC1-NSW1,V-DDWO_X5,GANNB1,VIC1,BIDIRECTIONAL,-4.545454545454546,V>>X5_SHBE_NIL
VIC1-NSW1,V-DDWO_X5,COHUNSF1,VIC1,GENERATOR,-4.545454545454546,V>>X5_SHBE_NIL
VIC1-NSW1,V-DDWO_X5,KESSB1,VIC1,BIDIRECTIONAL,-4.422727272727273,V>>X5_SHBE_NIL
VIC1-NSW1,V-DDWO_X5,WUNUSF1,VIC1,GENERATOR,3.8045454545454542,V>>X5_SHBE_NIL
VIC1-NSW1,V-DDWO_X5,NUMURSF1,VIC1,GENERATOR,3.8045454545454542,V>>X5_SHBE_NIL
VIC1-NSW1,V-DDWO_X5,LANCSF1,VIC1,GENERATOR,3.8045454545454542,V>>X5_SHBE_NIL
VIC1-NSW1,V-DDWO_X5,GIRGSF,VIC1,GENERATOR,3.8045454545454542,V>>X5_SHBE_NIL
VIC1-NSW1,V-DDWO_X5,PLBESS1,VIC1,BIDIRECTIONAL,3.5909090909090913,V>>X5_SHBE_NIL
VIC1-NSW1,V-HGTR,WKIEWA1,VIC1,GENERATOR,1.0482180293501049,V::N_MLTR_V1
VIC1-NSW1,V-HGTR,MCKAY1,VIC1,GENERATOR,1.0482180293501049,V::N_MLTR_V1
VIC1-NSW1,V-HGTR,DARTM1,VIC1,GENERATOR,1.0482180293501049,V::N_MLTR_V1
VIC1-NSW1,V-HGTR,MURRAY,VIC1,GENERATOR,0.7840670859538784,V::N_MLTR_V1
VIC1-NSW1,V-HGTR,BROKENH1,NSW1,GENERATOR,-0.715,N^^V_HGTR_1
VIC1-NSW1,V-HGTR,BHB1,NSW1,BIDIRECTIONAL,-0.715,N^^V_HGTR_1
VIC1-NSW1,V-HGTR,STWF1,NSW1,GENERATOR,-0.715,N^^V_HGTR_1
VIC1-NSW1,V-HGTR,UPPTUMUT,NSW1,GENERATOR,-0.598,N^^V_HGTR_1
VIC1-NSW1,V-HGTR,URANQ11,NSW1,GENERATOR,-0.491,N^^V_HGTR_1
VIC1-NSW1,V-HGTR,URANQ12,NSW1,GENERATOR,-0.491,N^^V_HGTR_1
VIC1-NSW1,V-HOMR,STWF1,NSW1,GENERATOR,-11.337868480725623,V>>HOMR_X3_BEKG
VIC1-NSW1,V-HOMR,BROKENH1,NSW1,GENERATOR,-11.337868480725623,V>>HOMR_X3_BEKG
VIC1-NSW1,V-HOMR,BHB1,NSW1,BIDIRECTIONAL,-11.337868480725623,V>>HOMR_X3_BEKG
VIC1-NSW1,V-HOMR,MUWAWF2,VIC1,GENERATOR,-10.34013605442177,V>>HOMR_X3_BEKG
VIC1-NSW1,V-HOMR,YATSF1,VIC1,GENERATOR,-10.34013605442177,V>>HOMR_X3_BEKG
VIC1-NSW1,V-HOMR,MUWAWF1,VIC1,GENERATOR,-10.34013605442177,V>>HOMR_X3_BEKG
VIC1-NSW1,V-HOMR,WEMENSF1,VIC1,GENERATOR,-10.34013605442177,V>>HOMR_X3_BEKG
VIC1-NSW1,V-HOMR,KARSF1,VIC1,GENERATOR,-10.34013605442177,V>>HOMR_X3_BEKG
VIC1-NSW1,V-HOMR,BANN1,VIC1,GENERATOR,-10.34013605442177,V>>HOMR_X3_BEKG
VIC1-NSW1,V-HOMR,KERNGSP1,VIC1,GENERATOR,-10.34013605442177,V>>HOMR_X3_BEKG
VIC1-NSW1,V-HYMO,DARTM1,VIC1,GENERATOR,0.948,V::N_HYMO_O1
VIC1-NSW1,V-HYMO,MCKAY1,VIC1,GENERATOR,0.948,V::N_HYMO_O1
VIC1-NSW1,V-HYMO,WKIEWA1,VIC1,GENERATOR,0.948,V::N_HYMO_O1
VIC1-NSW1,V-HYMO,MURRAY,VIC1,GENERATOR,0.786,V::N_HYMO_V1
VIC1-NSW1,V-HYMO,BROKENH1,NSW1,GENERATOR,-0.715,N^^V_HYMO_1
VIC1-NSW1,V-HYMO,STWF1,NSW1,GENERATOR,-0.715,N^^V_HY_MO_CR_1
VIC1-NSW1,V-HYMO,BHB1,NSW1,BIDIRECTIONAL,-0.715,N^^V_HYMO_1
VIC1-NSW1,V-HYMO,UPPTUMUT,NSW1,GENERATOR,-0.598,N^^V_HY_MO_CR_1
VIC1-NSW1,V-HYMO,URANQ12,NSW1,GENERATOR,-0.491,N^^V_HY_MO_CR_1
VIC1-NSW1,V-HYMO,URANQ11,NSW1,GENERATOR,-0.491,N^^V_HY_MO_CR_1
VIC1-NSW1,V-HYTR,MCKAY1,VIC1,GENERATOR,0.948,V::N_HYTR_O1
VIC1-NSW1,V-HYTR,WKIEWA1,VIC1,GENERATOR,0.948,V::N_HYTR_O2
VIC1-NSW1,V-HYTR,DARTM1,VIC1,GENERATOR,0.948,V::N_HYTR_O2
VIC1-NSW1,V-HYTR,MURRAY,VIC1,GENERATOR,0.786,V::N_HYTR_V2
VIC1-NSW1,V-HYTR,BHB1,NSW1,BIDIRECTIONAL,-0.715,N^^V_HD_RYC_MAC_1
VIC1-NSW1,V-HYTR,BROKENH1,NSW1,GENERATOR,-0.715,N^^V_MC_SH_WF_1
VIC1-NSW1,V-HYTR,STWF1,NSW1,GENERATOR,-0.715,N^^V_HD_RYC_MAC_1
VIC1-NSW1,V-HYTR,UPPTUMUT,NSW1,GENERATOR,-0.598,N^^V_HD_RYC_MAC_1
VIC1-NSW1,V-HYTR,URANQ11,NSW1,GENERATOR,-0.491,N^^V_HD_RYC_MAC_1
VIC1-NSW1,V-HYTR,URANQ14,NSW1,GENERATOR,-0.491,N^^V_HD_RYC_MAC_1
VIC1-NSW1,V-KG_WE_RC,MCKAY1,VIC1,GENERATOR,0.948,V::N_KGRC_O1
VIC1-NSW1,V-KG_WE_RC,DARTM1,VIC1,GENERATOR,0.948,V::N_KGRC_O1
VIC1-NSW1,V-KG_WE_RC,WKIEWA1,VIC1,GENERATOR,0.948,V::N_KGRC_O1
VIC1-NSW1,V-KG_WE_RC,MURRAY,VIC1,GENERATOR,0.786,V::N_KGRC_V1
VIC1-NSW1,V-KG_WE_RC,MOKOSF1,VIC1,GENERATOR,0.432,V::N_KGRC_V2
VIC1-NSW1,V-KG_WE_RC,GLRWNSF1,VIC1,GENERATOR,0.432,V::N_KGRC_V2
VIC1-NSW1,V-KG_WE_RC,MTGELWF1,VIC1,GENERATOR,0.432,V::N_KGRC_V2
VIC1-NSW1,V-KG_WE_RC,WINTSF1,VIC1,GENERATOR,0.432,V::N_KGRC_V2
VIC1-NSW1,V-KG_WE_RC,HBESS1,VIC1,BIDIRECTIONAL,0.432,V::N_KGRC_V2
VIC1-NSW1,V-KG_WE_RC,GANNB1,VIC1,BIDIRECTIONAL,0.432,V::N_KGRC_V2
VIC1-NSW1,V-KMRC,BROKENH1,NSW1,GENERATOR,-9.803921568627452,V>>KMRC_X3_BEKG
VIC1-NSW1,V-KMRC,BHB1,NSW1,BIDIRECTIONAL,-9.803921568627452,V>>KMRC_X3_BEKG
VIC1-NSW1,V-KMRC,STWF1,NSW1,GENERATOR,-9.803921568627452,V>>KMRC_X3_BEKG
VIC1-NSW1,V-KMRC,COHUNSF1,VIC1,GENERATOR,-8.803921568627452,V>>KMRC_X3_BEKG
VIC1-NSW1,V-KMRC,WEMENSF1,VIC1,GENERATOR,-8.803921568627452,V>>KMRC_X3_BEKG
VIC1-NSW1,V-KMRC,YATSF1,VIC1,GENERATOR,-8.803921568627452,V>>KMRC_X3_BEKG
VIC1-NSW1,V-KMRC,BANN1,VIC1,GENERATOR,-8.803921568627452,V>>KMRC_X3_BEKG
VIC1-NSW1,V-KMRC,GANNSF1,VIC1,GENERATOR,-8.803921568627452,V>>KMRC_X3_BEKG
VIC1-NSW1,V-KMRC,KARSF1,VIC1,GENERATOR,-8.803921568627452,V>>KMRC_X3_BEKG
VIC1-NSW1,V-KMRC,GANNB1,VIC1,BIDIRECTIONAL,-8.803921568627452,V>>KMRC_X3_BEKG
VIC1-NSW1,V-KOWE,MCKAY1,VIC1,GENERATOR,0.948,V::N_KGRC_O1
VIC1-NSW1,V-KOWE,DARTM1,VIC1,GENERATOR,0.948,V::N_KGRC_O1
VIC1-NSW1,V-KOWE,WKIEWA1,VIC1,GENERATOR,0.948,V::N_KGRC_O1
VIC1-NSW1,V-KOWE,MURRAY,VIC1,GENERATOR,0.786,V::N_KGRC_V1
VIC1-NSW1,V-KOWE,MOKOSF1,VIC1,GENERATOR,0.432,V::N_KGRC_V2
VIC1-NSW1,V-KOWE,GLRWNSF1,VIC1,GENERATOR,0.432,V::N_KGRC_V2
VIC1-NSW1,V-KOWE,MTGELWF1,VIC1,GENERATOR,0.432,V::N_KGRC_V2
VIC1-NSW1,V-KOWE,WINTSF1,VIC1,GENERATOR,0.432,V::N_KGRC_V2
VIC1-NSW1,V-KOWE,HBESS1,VIC1,BIDIRECTIONAL,0.432,V::N_KGRC_V2
VIC1-NSW1,V-KOWE,GANNB1,VIC1,BIDIRECTIONAL,0.432,V::N_KGRC_V2
VIC1-NSW1,V-MLSY_NOEMTT_P,MCKAY1,VIC1,GENERATOR,0.948,V::N_MLSY_O1
VIC1-NSW1,V-MLSY_NOEMTT_P,DARTM1,VIC1,GENERATOR,0.948,V::N_MLSY_O1
VIC1-NSW1,V-MLSY_NOEMTT_P,WKIEWA1,VIC1,GENERATOR,0.948,V::N_MLSY_O1
VIC1-NSW1,V-MLSY_NOEMTT_P,MURRAY,VIC1,GENERATOR,0.786,V::N_MLSY_V1
VIC1-NSW1,V-MLSY_NOEMTT_P,RYANCWF1,VIC1,GENERATOR,0.432,V::N_MLSY_V1
VIC1-NSW1,V-MLSY_NOEMTT_P,BULGANA1,VIC1,GENERATOR,0.432,V::N_MLSY_V2
VIC1-NSW1,V-MLSY_NOEMTT_P,GANNSF1,VIC1,GENERATOR,0.432,V::N_MLSY_V2
VIC1-NSW1,V-MLSY_NOEMTT_P,KIAMSF1,VIC1,GENERATOR,0.432,V::N_MLSY_V2
VIC1-NSW1,V-MLSY_NOEMTT_P,GANNB1,VIC1,BIDIRECTIONAL,0.432,V::N_MLSY_V2
VIC1-NSW1,V-MLSY_NOEMTT_P,HBESS1,VIC1,BIDIRECTIONAL,0.432,V::N_MLSY_V2
VIC1-NSW1,V-MLSY_NOEMTT_R,MCKAY1,VIC1,GENERATOR,0.948,V::N_MLSY_O1
VIC1-NSW1,V-MLSY_NOEMTT_R,DARTM1,VIC1,GENERATOR,0.948,V::N_MLSY_O1
VIC1-NSW1,V-MLSY_NOEMTT_R,WKIEWA1,VIC1,GENERATOR,0.948,V::N_MLSY_O1
VIC1-NSW1,V-MLSY_NOEMTT_R,MURRAY,VIC1,GENERATOR,0.786,V::N_MLSY_V1
VIC1-NSW1,V-MLSY_NOEMTT_R,RYANCWF1,VIC1,GENERATOR,0.432,V::N_MLSY_V1
VIC1-NSW1,V-MLSY_NOEMTT_R,BULGANA1,VIC1,GENERATOR,0.432,V::N_MLSY_V2
VIC1-NSW1,V-MLSY_NOEMTT_R,GANNSF1,VIC1,GENERATOR,0.432,V::N_MLSY_V2
VIC1-NSW1,V-MLSY_NOEMTT_R,KIAMSF1,VIC1,GENERATOR,0.432,V::N_MLSY_V2
VIC1-NSW1,V-MLSY_NOEMTT_R,GANNB1,VIC1,BIDIRECTIONAL,0.432,V::N_MLSY_V2
VIC1-NSW1,V-MLSY_NOEMTT_R,HBESS1,VIC1,BIDIRECTIONAL,0.432,V::N_MLSY_V2
VIC1-NSW1,V-MOTR,DARTM1,VIC1,GENERATOR,1.0482180293501049,V::N_MLTR_V2
VIC1-NSW1,V-MOTR,WKIEWA1,VIC1,GENERATOR,1.0482180293501049,V::N_MLTR_V2
VIC1-NSW1,V-MOTR,MCKAY1,VIC1,GENERATOR,1.0482180293501049,V::N_MLTR_V1
VIC1-NSW1,V-MOTR,MURRAY,VIC1,GENERATOR,0.7840670859538784,V::N_MLTR_V2
VIC1-NSW1,V-MOTR,BROKENH1,NSW1,GENERATOR,-0.715,N^^V_HD_RYC_MAC_1
VIC1-NSW1,V-MOTR,BHB1,NSW1,BIDIRECTIONAL,-0.715,N^^V_HD_RYC_MAC_1
VIC1-NSW1,V-MOTR,STWF1,NSW1,GENERATOR,-0.715,N^^V_HD_RYC_MAC_1
VIC1-NSW1,V-MOTR,UPPTUMUT,NSW1,GENERATOR,-0.598,N^^V_HD_RYC_MAC_1
VIC1-NSW1,V-MOTR,URANQ14,NSW1,GENERATOR,-0.491,N^^V_MOTR_1
VIC1-NSW1,V-MOTR,URANQ11,NSW1,GENERATOR,-0.491,N^^V_HD_RYC_MAC_1
VIC1-NSW1,V-MRKM,BHB1,NSW1,BIDIRECTIONAL,-11.337868480725623,V>>HOKM_X3_BEKG
VIC1-NSW1,V-MRKM,STWF1,NSW1,GENERATOR,-11.337868480725623,V>>HOKM_X3_BEKG
VIC1-NSW1,V-MRKM,BROKENH1,NSW1,GENERATOR,-11.337868480725623,V>>HOKM_X3_BEKG
VIC1-NSW1,V-MRKM,KARSF1,VIC1,GENERATOR,-10.34013605442177,V>>HOKM_X3_BEKG
VIC1-NSW1,V-MRKM,WEMENSF1,VIC1,GENERATOR,-10.34013605442177,V>>HOKM_X3_BEKG
VIC1-NSW1,V-MRKM,YATSF1,VIC1,GENERATOR,-10.34013605442177,V>>HOKM_X3_BEKG
VIC1-NSW1,V-MRKM,BANN1,VIC1,GENERATOR,-10.34013605442177,V>>HOKM_X3_BEKG
VIC1-NSW1,V-MRKM,KERNGSP1,VIC1,GENERATOR,-10.34013605442177,V>>HOKM_X3_BEKG
VIC1-NSW1,V-MRKM,COHUNSF1,VIC1,GENERATOR,-10.34013605442177,V>>HOKM_X3_BEKG
VIC1-NSW1,V-MRKM,KESSB1,VIC1,BIDIRECTIONAL,-10.34013605442177,V>>HOKM_X3_BEKG
VIC1-NSW1,V-RCTS_BUS2,HUMENSW,NSW1,GENERATOR,-4.016064257028113,V^^N_RC_BUS2_1
VIC1-NSW1,V-RCTS_BUS2,GUTHEGA,NSW1,GENERATOR,-1.2578616352201257,N>>0X1_66_65_S
VIC1-NSW1,V-RCTS_BUS2,MURRAY,VIC1,GENERATOR,1.0787486515641855,N>>V_BURC_1A
VIC1-NSW1,V-RCTS_BUS2,DARTM1,VIC1,GENERATOR,0.948,V::N_RC_BUS2_O1
VIC1-NSW1,V-RCTS_BUS2,MCKAY1,VIC1,GENERATOR,0.948,V::N_RC_BUS2_O1
VIC1-NSW1,V-RCTS_BUS2,WKIEWA1,VIC1,GENERATOR,0.948,V::N_RC_BUS2_O2
VIC1-NSW1,V-RCTS_BUS2,WKIEWA2,VIC1,GENERATOR,0.948,V::N_RC_BUS2_O1
VIC1-NSW1,V-RCTS_BUS2,STWF1,NSW1,GENERATOR,-0.722636815920398,N>>0X1_65_66_N
VIC1-NSW1,V-RCTS_BUS2,BROKENH1,NSW1,GENERATOR,-0.722636815920398,N>>0X1_65_66_N
VIC1-NSW1,V-RCTS_BUS2,BHB1,NSW1,BIDIRECTIONAL,-0.722636815920398,N>>0X1_65_66_N
VIC1-NSW1,V-SMSC,WKIEWA1,VIC1,GENERATOR,1.4858841010401187,V>>SMSC_MBEP_DDSM
VIC1-NSW1,V-SMSC,MCKAY1,VIC1,GENERATOR,1.4858841010401187,V>>SMSC_MBEP_DDSM
VIC1-NSW1,V-SMSC,DARTM1,VIC1,GENERATOR,1.4858841010401187,V>>SMSC_MBEP_DDSM
VIC1-NSW1,V-SMSC,MOKOSF1,VIC1,GENERATOR,1.1218424962852898,V>>SMSC_MBEP_DDSM
VIC1-NSW1,V-SMSC,GLRWNSF1,VIC1,GENERATOR,1.1218424962852898,V>>SMSC_MBEP_DDSM
VIC1-NSW1,V-SMSC,WINTSF1,VIC1,GENERATOR,1.1218424962852898,V>>SMSC_MBEP_DDSM
VIC1-NSW1,V-SMSC,GLENSF1,VIC1,GENERATOR,1.102526002971768,V>>SMSC_MBEP_DDSM
VIC1-NSW1,V-SMSC,GOESF1,VIC1,GENERATOR,1.0772659732540861,V>>SMSC_MBEP_DDSM
VIC1-NSW1,V-SMSC,PLBESS1,VIC1,BIDIRECTIONAL,1.038632986627043,V>>SMSC_MBEP_DDSM
VIC1-NSW1,V-SMSC,LANCSF1,VIC1,GENERATOR,1.0237741456166418,V>>SMSC_MBEP_DDSM
