name,direction,GENCONSETID,episodes,treated_hours,match_rate,effect_capacity,placebo_effect_capacity,placebo_ci_lo,placebo_ci_hi,placebo_clean,tier
QNI,forward,CA_BRIS_569B1432,1,3.5,1.0,109.52083000000005,24.1242850000001,11.7343616666667,318.0062916666667,False,unsupported
QNI,reverse,CA_BRIS_569B1432,1,3.5,1.0,-61.66363333333334,120.7152016666667,-41.6068283333334,352.9866916666666,True,unsupported
QNI,forward,CA_BRIS_57A00625,0,,,,,,,,unsupported
QNI,reverse,CA_BRIS_57A00625,0,,,,,,,,unsupported
QNI,forward,CA_BRIS_582D74B3,0,,,,,,,,unsupported
QNI,reverse,CA_BRIS_582D74B3,0,,,,,,,,unsupported
QNI,forward,CA_BRIS_59712B29,1,27.5,1.0,119.44018249999988,59.18093916666666,-80.45557416666657,87.87114833333328,True,unsupported
QNI,reverse,CA_BRIS_59712B29,1,27.5,1.0,-122.28190333333328,-10.814492500000028,-66.19254500000011,52.771773333333385,True,unsupported
QNI,forward,CA_SYDS_566A36E5,0,,,,,,,,unsupported
QNI,reverse,CA_SYDS_566A36E5,0,,,,,,,,unsupported
QNI,forward,CA_SYDS_59839EB2,3,28.0,1.0,7.830809583333348,-71.08416166666672,-387.24429,87.87114833333328,True,indicative
QNI,reverse,CA_SYDS_59839EB2,3,28.0,1.0,3.494372500000054,-2.455004166666697,-62.32234833333314,63.33528333333334,True,indicative
QNI,forward,I-BCDM_ONE,2,13.0,1.0,-479.7489833333334,85.81046416666666,-20.907516666666666,623.2799816666667,True,unsupported
QNI,reverse,I-BCDM_ONE,2,13.0,1.0,-642.8244658333333,4.36627625000002,-79.68110333333334,446.1728883333332,True,unsupported
QNI,forward,I-NQ_950_TEST,0,,,,,,,,unsupported
QNI,reverse,I-NQ_950_TEST,0,,,,,,,,unsupported
QNI,forward,N-ARDM_8C,21,1640.0,0.9182926829268293,-446.92650666666674,15.279049166666688,-26.23721464583334,51.050356666666744,True,supported
QNI,reverse,N-ARDM_8C,21,1640.0,0.9182926829268293,-534.0141550000001,-9.55297749999994,-50.18782833333353,29.893586000000028,True,supported
QNI,forward,N-ARKS_965,3,75.0,1.0,46.69433500000008,24.324308333333335,-12.24939329166679,98.3011076041667,True,indicative
QNI,reverse,N-ARKS_965,3,75.0,1.0,-27.132970000000114,-3.0622883333331856,-58.35233666666659,36.19079700000005,True,indicative
QNI,forward,N-ARSR_8E,10,990.0,0.9570707070707071,-505.57287500000007,0.36798333333331357,-21.24136375000002,25.762128333333294,True,supported
QNI,reverse,N-ARSR_8E,10,990.0,0.9570707070707071,-655.8790283333335,32.90728833333333,-1.4301251666666586,71.5177533333333,True,supported
QNI,forward,N-ARTW_86,12,384.0,0.9361979166666666,-62.61887333333334,-3.0627733333333254,-25.42626512499999,23.995942999999972,True,supported
QNI,reverse,N-ARTW_86,12,384.0,0.9361979166666666,-58.78555666666665,27.5170016666666,-11.093776458333245,66.33308570833339,True,supported
QNI,forward,N-AVMA_17,10,722.0,0.9196675900277008,36.36061666666666,-11.428814166666655,-26.881377958333328,0.5476540833333449,True,supported
QNI,reverse,N-AVMA_17,10,722.0,0.9196675900277008,2.4886808333333192,3.508415416666651,-16.48181741666651,23.197623041666677,True,supported
QNI,forward,N-CHKS_ONE,10,202.5,0.9827160493827161,-48.654988333333336,-4.719603333333339,-48.81741508333336,26.93186833333334,True,supported
QNI,reverse,N-CHKS_ONE,10,202.5,0.9827160493827161,13.72745249999997,-3.892500000000041,-45.61926866666657,36.89122333333307,True,supported
QNI,forward,N-DMSR_8J,9,728.0,0.9581043956043956,-246.18731666666665,54.50639833333332,-12.248648666666647,122.89292166666661,True,supported
QNI,reverse,N-DMSR_8J,9,728.0,0.9581043956043956,-635.4128766666668,3.071834583333441,-50.4289792500001,35.78546716666659,True,supported
QNI,forward,N-DTMN_8_15M,9,383.0,0.8616187989556136,-0.7826316666666546,-5.980238333333332,-21.167502166666587,6.833333333333314,True,supported
QNI,reverse,N-DTMN_8_15M,9,383.0,0.8616187989556136,1.7818158333333827,24.1091183333333,0.0,53.87297254166666,True,supported
QNI,forward,N-DTSS_11,9,536.5,0.902143522833178,14.438940833333334,-34.55015833333334,-116.26104649999999,9.531641666666673,True,supported
QNI,reverse,N-DTSS_11,9,536.5,0.902143522833178,57.919491249999965,0.0,-22.516666041666813,18.053229999999985,True,supported
QNI,forward,N-LDTM_82,13,1450.5,0.8965873836608066,0.0,-17.66221166666662,-48.83721729166666,2.7559799583333007,True,supported
QNI,reverse,N-LDTM_82,13,1450.5,0.8965873836608066,4.038773333333438,8.98087333333342,-9.041071666666653,25.151936708333366,True,supported
QNI,forward,N-LDTW_84,7,226.5,0.9403973509933775,-57.33585166666667,10.576898333333332,-13.523755000000008,35.16409833333333,True,supported
QNI,reverse,N-LDTW_84,7,226.5,0.9403973509933775,-36.601209999999995,-11.599166666666633,-53.20175099999997,21.06682712499997,True,supported
QNI,forward,N-MA_CB172A,2,549.0,0.6238615664845173,0.0,3.338788333333298,-31.637941666666734,38.23876833333327,True,unsupported
QNI,reverse,N-MA_CB172A,2,549.0,0.6238615664845173,26.87621333333334,-16.53992541666662,-54.42364166666664,41.04995333333329,True,unsupported
QNI,forward,N-MPWW_ONE,8,986.0,0.4239350912778905,121.99680583333338,68.01497666666668,-12.688271833333337,171.52822833333335,True,unsupported
QNI,reverse,N-MPWW_ONE,8,986.0,0.4239350912778905,61.51266499999997,-41.94857916666683,-69.50333166666655,-18.08751441666678,False,unsupported
QNI,forward,N-TWUL_85,5,343.0,0.8658892128279884,-570.1900625000001,-0.6105429166666774,-68.30167612500003,69.42310954166666,True,supported
QNI,reverse,N-TWUL_85,5,343.0,0.8658892128279884,-619.643605,7.698918333333268,-24.917108333333317,76.39692666666656,True,supported
QNI,forward,N-X_10+76,2,3.0,1.0,11.524643333333302,12.130973333333333,-9.180230000000023,12.130973333333333,True,unsupported
QNI,reverse,N-X_10+76,2,3.0,1.0,463.4727633333333,-0.4026133333333206,-9.480688333333319,-0.4026133333333206,False,unsupported
QNI,forward,N-X_2+8,0,,,,,,,,unsupported
QNI,reverse,N-X_2+8,0,,,,,,,,unsupported
QNI,forward,N-X_3L+11_WG_CLOSE,2,81.0,0.9012345679012346,-21.49090666666666,8.999050000000011,-15.611124999999902,50.72047533333324,True,unsupported
QNI,reverse,N-X_3L+11_WG_CLOSE,2,81.0,0.9012345679012346,-9.986032916666659,-43.19614833333344,-95.28234166666675,-8.011899999999969,False,unsupported
QNI,forward,N-X_4+17_WG_CLOSE,2,80.0,0.5375,-2.865759166666635,-35.56477250000006,-70.89163833333339,17.473313333333294,True,unsupported
QNI,reverse,N-X_4+17_WG_CLOSE,2,80.0,0.5375,7.492045833333236,-30.688504166666746,-135.01584333333346,84.79649999999992,True,unsupported
QNI,forward,N-X_76_8,2,4.5,1.0,343.4658166666667,-4.509339999999995,-26.988198333333315,18.460513333333353,True,unsupported
QNI,reverse,N-X_76_8,2,4.5,1.0,528.408105,80.35270666666669,32.08324166666668,207.41093666666666,False,unsupported
QNI,forward,N-X_8E+DM+TW+LS_SVC,5,26.5,0.8679245283018868,-202.45844708333334,0.608845833333362,-9.095245166666661,23.82994666666673,True,supported
QNI,reverse,N-X_8E+DM+TW+LS_SVC,5,26.5,0.8679245283018868,-348.9529825,54.147758333333286,-27.52642000000003,218.60964833333333,True,supported
QNI,forward,N-X_8U+DM+TW+LS_SVC,3,28.0,0.9285714285714286,-715.6651875,-30.97001833333337,-167.91401499999995,12.206781666666643,True,indicative
QNI,reverse,N-X_8U+DM+TW+LS_SVC,3,28.0,0.9285714285714286,-482.2123675,34.45616000000001,-23.995249999999942,175.2119783333335,True,indicative
QNI,forward,N-X_AVMA_KCTX,2,35.0,0.9428571428571428,117.28912291666666,6.147966666666662,-6.611173333333227,41.10863333333327,True,unsupported
QNI,reverse,N-X_AVMA_KCTX,2,35.0,0.9428571428571428,-23.507674583333255,-24.036362499999996,-82.65268333333336,-6.774251666666714,False,unsupported
QNI,forward,N-X_AVMA_SSWW,10,102.5,0.8926829268292683,-112.41499999999996,3.529501666666647,-36.06596954166661,78.62761229166667,True,supported
QNI,reverse,N-X_AVMA_SSWW,10,102.5,0.8926829268292683,-46.45105333333345,51.84982833333322,-5.151379333333387,95.78377166666655,True,supported
QNI,forward,N-X_BWWO_BWLD,2,33.5,0.9701492537313433,-149.6292024999999,8.67072708333339,-6.050203333333286,26.39317833333333,True,unsupported
QNI,reverse,N-X_BWWO_BWLD,2,33.5,0.9701492537313433,-167.15890833333322,-6.2711583333333465,-55.74856999999997,21.32272166666678,True,unsupported
QNI,forward,N-X_KCTX_LDTM,2,11.5,1.0,85.20278999999982,-10.268442499999964,-52.4512216666667,-0.522085000000061,False,unsupported
QNI,reverse,N-X_KCTX_LDTM,2,11.5,1.0,96.74409166666658,-22.92560583333335,-46.787599999999884,-20.11691666666684,False,unsupported
QNI,forward,N-X_LPSS_MPWW,5,535.0,0.9682242990654205,47.62023583333334,92.26963666666666,13.35691377083331,169.40054133333334,False,unsupported
QNI,reverse,N-X_LPSS_MPWW,5,535.0,0.9682242990654205,-12.837056666666626,-49.82283333333328,-77.33046083333329,-24.28327504166685,False,unsupported
QNI,forward,Q-BCCP_812,2,21.5,1.0,-123.86088333333339,12.800780833333363,-52.38106333333326,27.72093499999994,True,unsupported
QNI,reverse,Q-BCCP_812,2,21.5,1.0,-23.57901499999997,-15.578351666666677,-129.2367483333333,43.21957166666667,True,unsupported
QNI,forward,Q-BKBM,14,480.5,0.9739854318418314,4.421843333333353,-28.16781125,-58.034516666666676,-3.9147944166667554,False,unsupported
QNI,reverse,Q-BKBM,14,480.5,0.9739854318418314,32.81884750000003,18.955266666666663,-23.332741666666667,56.87422658333336,True,supported
QNI,forward,Q-BRTX1,4,31.5,0.9841269841269841,-5.585689166666668,20.007456666666712,11.593824999999924,29.61279833333333,False,indicative
QNI,reverse,Q-BRTX1,4,31.5,0.9841269841269841,-290.9186533333334,13.410991666666632,-158.30087354166653,132.6762799999999,True,indicative
QNI,forward,Q-CPWO_813/1,7,762.0,0.8412073490813649,-14.302624166666671,2.031039166666659,-22.511673208333338,53.51611981250017,True,supported
QNI,reverse,Q-CPWO_813/1,7,762.0,0.8412073490813649,-26.40611416666664,19.418049999999994,-17.00169750000009,54.717472270833326,True,supported
QNI,forward,Q-LCCP_8859,9,135.5,0.6383763837638377,-161.06151333333335,-5.133256666666682,-25.407821666666667,15.819358333333327,True,supported
QNI,reverse,Q-LCCP_8859,9,135.5,0.6383763837638377,-20.924999999999955,50.21669333333338,-3.312875833333351,162.41765166666667,True,supported
QNI,forward,Q-RGLC_8875,12,183.5,0.9727520435967303,-21.86051333333333,-43.36421416666661,-121.9151,16.362601624999975,True,supported
QNI,reverse,Q-RGLC_8875,12,183.5,0.9727520435967303,-92.90258916666653,-246.78250083333336,-412.95662500000003,-5.4203109583336735,False,unsupported
QNI,forward,Q-X_BRHA_TWO,20,72.0,1.0,-14.927091666666698,-3.6350333333333396,-94.80363166666666,82.98604499999999,True,supported
QNI,reverse,Q-X_BRHA_TWO,20,72.0,1.0,-20.120649166666567,19.085963333333325,-48.369984166666654,63.52278583333327,True,supported
QNI,forward,Q-X_HACL_HATR,28,319.5,0.7871674491392802,-38.063401666666664,34.72851000000003,8.49851666666666,92.77197166666679,False,unsupported
QNI,reverse,Q-X_HACL_HATR,28,319.5,0.7871674491392802,-1.2323416666666844,-27.809326666666607,-66.40295691666681,29.153475249999996,True,supported
QNI,forward,Q-X_HATR2+HA_275BUS,3,80.5,1.0,-70.01517333333334,13.072306666666634,-20.359369999999956,138.91204500000003,True,indicative
QNI,reverse,Q-X_HATR2+HA_275BUS,3,80.5,1.0,-71.53656166666667,-16.988226666666833,-84.43743183333324,55.82333725000011,True,indicative
QNI,forward,Q-X_HATR3+HACL,8,8.0,0.0625,159.27304999999996,60.64547083333338,16.985634166666614,73.36317666666673,False,unsupported
QNI,reverse,Q-X_HATR3+HACL,8,8.0,0.0625,32.0,-88.25937666666658,-132.41538666666656,119.35010166666677,True,unsupported
QNI,forward,Q-X_HATR_TWO,33,374.0,0.7994652406417112,-68.62656499999997,-0.07559166666669626,-18.455125000000066,20.849170000000072,True,supported
QNI,reverse,Q-X_HATR_TWO,33,374.0,0.7994652406417112,-12.707087500000057,2.4457183333333887,-27.949211666666542,36.30406829166674,True,supported
QNI,forward,Q-X_METR+BKSP,1,3.5,0.8571428571428571,-171.24029249999998,339.390185,2.5279649999999947,339.390185,False,unsupported
QNI,reverse,Q-X_METR+BKSP,1,3.5,0.8571428571428571,-97.08973458333334,442.6291450000001,129.54025000000001,442.6291450000001,False,unsupported
QNI,forward,Q-X_METR+MESP,3,12.0,1.0,32.2231875,-14.188033333333347,-69.20930833333341,52.3919391666667,True,indicative
QNI,reverse,Q-X_METR+MESP,3,12.0,1.0,-20.923359166666643,7.359688333333338,-59.151373333333254,61.91130999999996,True,indicative
QNI,forward,Q-X_MRGB_MRGB,25,35.5,1.0,1.0728600000001052,-20.588931666666653,-47.06139974999998,-3.365560000000002,False,unsupported
QNI,reverse,Q-X_MRGB_MRGB,25,35.5,1.0,1.1666666666667425,25.645643749999977,4.503938333333394,90.98017666666658,False,unsupported
QNI,forward,Q-X_WIDEBAY,4,10.5,0.8095238095238095,-157.19487500000002,-120.87455333333332,-142.05953,-100.91480666666666,False,indicative
QNI,reverse,Q-X_WIDEBAY,4,10.5,0.8095238095238095,-11.240007500000047,-18.624233333333336,-39.04520166666657,-16.91939000000002,False,indicative
QNI,forward,Q-X_WIDEBAY_TWO,4,14.0,0.9285714285714286,72.5380875,-6.471663333333311,-207.59196999999995,58.579483604166484,True,indicative
QNI,reverse,Q-X_WIDEBAY_TWO,4,14.0,0.9285714285714286,-242.58963000000006,61.398647499999925,16.540039166666674,91.27534333333347,False,indicative
QNI,forward,Q-X_WOSP_WOPW_O,2,7.0,0.07142857142857142,-568.0765250000001,-90.18342666666672,-610.7664183333334,-36.55633,False,unsupported
QNI,reverse,Q-X_WOSP_WOPW_O,2,7.0,0.07142857142857142,15.820850000000064,-92.02528083333328,-573.1330750000002,41.6737916666666,True,unsupported
Directlink,forward,CA_BRIS_5667C22F,1,24.0,1.0,-109.43251958333333,-2.9011933333333353,-5.172775000000005,-0.8870916666666631,False,unsupported
Directlink,reverse,CA_BRIS_5667C22F,1,24.0,1.0,75.09583416666666,0.9445983333333339,-14.966666666666683,16.900000000000006,True,unsupported
Directlink,forward,CA_BRIS_57A00625,0,,,,,,,,unsupported
Directlink,reverse,CA_BRIS_57A00625,0,,,,,,,,unsupported
Directlink,forward,CA_BRIS_593C7214,1,2.5,1.0,-50.86588916666667,11.857530416666663,-1.1928133333333335,16.766516666666668,True,unsupported
Directlink,reverse,CA_BRIS_593C7214,1,2.5,1.0,45.18542666666667,-16.916505833333325,-40.63319666666667,-16.766515,False,unsupported
Directlink,forward,CA_BRIS_59712B29,1,27.5,1.0,2.1016849999999963,-11.133333333333333,-78.62850333333333,7.049999999999999,True,unsupported
Directlink,reverse,CA_BRIS_59712B29,1,27.5,1.0,-6.033121666666659,-10.149999999999999,-41.216654999999996,4.133333333333336,True,unsupported
Directlink,forward,CA_SYDS_566A36E5,0,,,,,,,,unsupported
Directlink,reverse,CA_SYDS_566A36E5,0,,,,,,,,unsupported
Directlink,forward,CA_SYDS_57B55E34,1,20.5,1.0,-35.146085,-28.358333333333334,-88.41666666666666,16.483333333333327,True,unsupported
Directlink,reverse,CA_SYDS_57B55E34,1,20.5,1.0,51.766666666666666,4.691665833333333,-44.80541666666666,53.00000000000001,True,unsupported
Directlink,forward,CA_SYDS_59839EB2,3,28.0,1.0,7.924968333333332,-10.768377916666658,-78.62850333333333,15.129018333333335,True,indicative
Directlink,reverse,CA_SYDS_59839EB2,3,28.0,1.0,-8.54161666666667,-24.89991916666667,-58.73329000000001,-14.164826666666666,False,indicative
Directlink,forward,N-96L_96R_CB4102,35,846.0,0.943853427895981,-36.652375,0.3195133333333331,-3.599995,3.298101458333332,True,supported
Directlink,reverse,N-96L_96R_CB4102,35,846.0,0.943853427895981,11.678231666666676,-5.216666666666672,-11.841529999999992,0.28483689583334404,True,supported
Directlink,forward,N-ARTW_86,12,384.0,0.9869791666666666,-21.191974166666665,-0.04190000000000538,-10.61990020833333,4.233761125000011,True,supported
Directlink,reverse,N-ARTW_86,12,384.0,0.9869791666666666,11.589299166666656,-2.2666666666666657,-9.666993333333323,1.7067971249999978,True,supported
Directlink,forward,N-AVMA_17,10,722.0,0.8836565096952909,2.247710833333336,2.149249999999995,-1.4169914583333323,7.116090791666675,True,supported
Directlink,reverse,N-AVMA_17,10,722.0,0.8836565096952909,0.16025250000000568,1.7166666666666757,-0.5,5.000109208333333,True,supported
Directlink,forward,N-CHKS_ONE,10,202.5,0.9901234567901235,13.261638333333337,1.1000000000000014,-3.8797136250000053,4.443203666666664,True,supported
Directlink,reverse,N-CHKS_ONE,10,202.5,0.9901234567901235,-2.166668333333334,-9.216593333333336,-16.949846666666673,-2.721736958333341,False,unsupported
Directlink,forward,N-DTMN_8_15M,9,383.0,0.9281984334203656,-0.7832833333333298,-0.10000000000000853,-3.816666666666663,4.3354433333333375,True,supported
Directlink,reverse,N-DTMN_8_15M,9,383.0,0.9281984334203656,-4.553865000000001,2.1333333333333258,-1.5333333333333314,6.716666666666654,True,supported
Directlink,forward,N-LDTM_82,13,1450.5,0.8476387452602551,1.7166149999999973,3.8035516666666673,-0.7449066666666795,10.496446666666664,True,supported
Directlink,reverse,N-LDTM_82,13,1450.5,0.8476387452602551,0.4166666666666714,-1.3663249999999962,-6.150600291666679,3.0833333333333357,True,supported
Directlink,forward,N-LDTW_84,7,226.5,0.9646799116997793,21.925416666666663,-0.39229666666667384,-6.509311666666662,5.716448166666664,True,supported
Directlink,reverse,N-LDTW_84,7,226.5,0.9646799116997793,-44.11819,-2.198146666666659,-9.150000000000006,3.108333333333348,True,supported
Directlink,forward,N-TWUL_85,5,343.0,0.8819241982507289,-12.798216666666647,0.7811508333333315,-3.916506666666667,6.315716666666667,True,supported
Directlink,reverse,N-TWUL_85,5,343.0,0.8819241982507289,-26.124665,3.566417500000007,-2.7262099999999947,11.383268333333348,True,supported
Directlink,forward,N-X_10+76,2,3.0,1.0,-0.5000000000000036,-72.76666583333332,-95.24999833333334,0.0336633333333225,True,unsupported
Directlink,reverse,N-X_10+76,2,3.0,1.0,39.6983025,51.19652416666666,-93.797065,69.32638166666666,True,unsupported
Directlink,forward,N-X_4+17_WG_CLOSE,2,80.0,0.45,-39.28912416666667,-6.616666666666667,-19.83613433333334,18.303873333333335,True,unsupported
Directlink,reverse,N-X_4+17_WG_CLOSE,2,80.0,0.45,-11.158332500000002,6.2333333333333485,0.06666666666666288,12.032794166666676,False,unsupported
Directlink,forward,N-X_96T+9UG+9U2,4,18.0,1.0,0.6272108333333435,-27.84166666666666,-57.03333333333333,0.46666666666666146,True,indicative
Directlink,reverse,N-X_96T+9UG+9U2,4,18.0,1.0,20.836667500000004,22.67683708333333,-16.263143333333336,59.11666000000001,True,indicative
Directlink,forward,N-X_9U6_9G2,5,39.5,0.9620253164556962,18.208765833333334,4.183268333333331,-16.09163416666667,9.751529999999988,True,supported
Directlink,reverse,N-X_9U6_9G2,5,39.5,0.9620253164556962,-14.416509166666664,4.999796666666668,-6.537630000000007,20.641258333333326,True,supported
Directlink,forward,N-X_ARKK_CH_CB892A,14,114.5,0.982532751091703,13.500000000000007,9.00827666666666,0.002883333333329574,26.92976,False,unsupported
Directlink,reverse,N-X_ARKK_CH_CB892A,14,114.5,0.982532751091703,14.216666666666669,0.04999999999999716,-4.816666666666663,6.433333333333337,True,supported
Directlink,forward,N-X_AVMA_KCTX,2,35.0,0.9571428571428572,-3.013485000000003,-3.2186933333333343,-18.304493333333333,26.788085916666514,True,unsupported
Directlink,reverse,N-X_AVMA_KCTX,2,35.0,0.9571428571428572,-4.366666666666667,-10.841666666666669,-20.87948666666667,25.670530833333338,True,unsupported
Directlink,forward,N-X_AVMA_SSWW,10,102.5,0.8341463414634146,-0.1825716666666608,-15.231334999999998,-33.666666666666664,2.0804283333333338,True,supported
Directlink,reverse,N-X_AVMA_SSWW,10,102.5,0.8341463414634146,9.216666666666654,5.883333333333333,-15.825834958333333,14.316666666666663,True,supported
Directlink,forward,N-X_KCTX_LDTM,2,11.5,1.0,-3.491657499999995,0.025259166666657507,-7.12578666666667,0.048304999999999154,True,unsupported
Directlink,reverse,N-X_KCTX_LDTM,2,11.5,1.0,-6.74325833333333,0.6451575000000034,-0.08782666666667183,57.73321833333334,True,unsupported
Directlink,forward,N-X_LPSS_MPWW,5,535.0,0.8682242990654205,-0.2709549999999936,1.0833333333333321,-8.491519999999994,10.54327183333332,True,supported
Directlink,reverse,N-X_LPSS_MPWW,5,535.0,0.8682242990654205,3.316666666666677,-2.6283275000000126,-15.016666666666666,7.30292341666666,True,supported
Directlink,forward,Q-BKBM,14,480.5,0.8959417273673257,-0.10744000000001108,2.7291691666666664,-2.066666666666663,12.7,True,supported
Directlink,reverse,Q-BKBM,14,480.5,0.8959417273673257,28.30000000000001,0.05355166666666733,-2.8253666666666675,3.3499999999999943,True,supported
Directlink,forward,Q-GBMU_835_836,17,2297.0,0.8204179364388332,1.1176733333333146,-5.39877041666667,-16.217722645833334,1.232178562500001,True,supported
Directlink,reverse,Q-GBMU_835_836,17,2297.0,0.8204179364388332,3.0665183333333204,-5.616202083333334,-12.069690979166687,-0.17349543750000465,False,unsupported
Directlink,forward,Q-LCCP_8859,9,135.5,0.8929889298892989,11.849902499999992,-26.139470000000003,-41.99886,-0.02241645833332384,False,unsupported
Directlink,reverse,Q-LCCP_8859,9,135.5,0.8929889298892989,-50.9245725,22.741624166666668,-1.4376088749999927,49.38270333333331,True,supported
Directlink,forward,Q-RGLC_8875,12,183.5,0.9782016348773842,-0.7175616666666684,-4.718651666666673,-19.82745166666667,9.583211666666664,True,supported
Directlink,reverse,Q-RGLC_8875,12,183.5,0.9782016348773842,-20.008148333333338,22.23431166666667,7.5282866666666735,44.79097812499998,False,unsupported
VNI,forward,CA_BRIS_56906542,0,,,,,,,,unsupported
VNI,reverse,CA_BRIS_56906542,0,,,,,,,,unsupported
VNI,forward,CA_BRIS_5699E75F,0,,,,,,,,unsupported
VNI,reverse,CA_BRIS_5699E75F,0,,,,,,,,unsupported
VNI,forward,CA_BRIS_56D513DF,0,,,,,,,,unsupported
VNI,reverse,CA_BRIS_56D513DF,0,,,,,,,,unsupported
VNI,forward,CA_BRIS_58730C07,0,,,,,,,,unsupported
VNI,reverse,CA_BRIS_58730C07,0,,,,,,,,unsupported
VNI,forward,CA_BRIS_5873DCEF,0,,,,,,,,unsupported
VNI,reverse,CA_BRIS_5873DCEF,0,,,,,,,,unsupported
VNI,forward,CA_BRIS_5964121F,1,1.5,1.0,179.75829499999998,-42.52255250000002,-116.41632166666665,124.83698666666669,True,unsupported
VNI,reverse,CA_BRIS_5964121F,1,1.5,1.0,-1210.2121566666667,20.975832916666775,-32.36229166666669,33.90999916666681,True,unsupported
VNI,forward,CA_SYDS_562A9792,1,4.0,0.625,-89.21962833333328,54.09325833333331,-143.73934666666662,245.41557000000003,True,unsupported
VNI,reverse,CA_SYDS_562A9792,1,4.0,0.625,39.8359466666667,125.61874416666672,90.99050999999986,1050.6626449999999,False,unsupported
VNI,forward,CA_SYDS_56F70932,0,,,,,,,,unsupported
VNI,reverse,CA_SYDS_56F70932,0,,,,,,,,unsupported
VNI,forward,CA_SYDS_56FB4FDD,1,3.5,0.8571428571428571,260.04900250000003,-218.71723000000006,-547.0365533333332,-143.1099599999999,False,unsupported
VNI,reverse,CA_SYDS_56FB4FDD,1,3.5,0.8571428571428571,-367.45815749999997,-175.12804250000005,-190.31459000000012,-42.81592833333332,False,unsupported
VNI,forward,CA_SYDS_57BBC96F,2,13.5,0.7777777777777778,67.78260666666642,43.29007166666668,-41.91742333333332,82.93606999999997,True,unsupported
VNI,reverse,CA_SYDS_57BBC96F,2,13.5,0.7777777777777778,-303.14728,-124.00814916666667,-169.96584666666666,39.90898000000004,True,unsupported
VNI,forward,I-6F_NS_000,0,,,,,,,,unsupported
VNI,reverse,I-6F_NS_000,0,,,,,,,,unsupported
VNI,forward,I-6F_NS_050,1,4.5,1.0,-854.7514266666667,92.16970666666657,-569.2764875,578.814715,True,unsupported
VNI,reverse,I-6F_NS_050,1,4.5,1.0,-336.416405,39.10968500000001,-50.21069,87.89721666666674,True,unsupported
VNI,forward,I-BDBU_ONE,27,3306.5,0.5415091486466052,48.046646666666675,-20.14339000000001,-64.029404375,18.32250250000007,True,unsupported
VNI,reverse,I-BDBU_ONE,27,3306.5,0.5415091486466052,2.522825833333343,-7.50071374999996,-55.63108666666665,29.693114999999977,True,unsupported
VNI,forward,I-BURC,16,157.5,0.873015873015873,365.01683,-39.74678791666669,-133.85186500000003,13.92546549999984,True,supported
VNI,reverse,I-BURC,16,157.5,0.873015873015873,-439.56173000000007,46.47175625000003,4.256616500000091,89.48697333333325,False,unsupported
VNI,forward,I-HYSE,15,423.0,0.7387706855791962,-134.36670000000015,73.2082391666666,11.867707375000156,134.84413654166653,False,unsupported
VNI,reverse,I-HYSE,15,423.0,0.7387706855791962,-2.093094999999977,-123.38085,-174.64254037500004,-61.57867606250002,False,unsupported
VNI,forward,I-JNWO_63,2,39.0,0.782051282051282,190.55831333333333,-22.06763,-126.87123333333331,160.90714749999995,True,unsupported
VNI,reverse,I-JNWO_63,2,39.0,0.782051282051282,-46.80160000000001,5.398158333333285,-67.32311916666669,101.95243000000005,True,unsupported
VNI,forward,I-JNWO_RADIAL,1,39.0,0.782051282051282,190.55831333333333,-22.06763,-140.48263833333334,160.90714749999995,True,unsupported
VNI,reverse,I-JNWO_RADIAL,1,39.0,0.782051282051282,-46.80160000000001,14.713915833333232,-67.32311916666669,106.94667666666669,True,unsupported
VNI,forward,I-LTMS,2,58.0,0.75,-40.86177166666653,-37.95201958333337,-175.17921666666678,10.488221666666732,True,unsupported
VNI,reverse,I-LTMS,2,58.0,0.75,-184.62873499999995,63.5257704166666,-22.355263333333312,110.67788833333327,True,unsupported
VNI,forward,I-MURRAY_SRAS_R,3,5.0,0.3,145.86765499999996,-150.26732708333338,-401.49508,290.36226666666664,True,indicative
VNI,reverse,I-MURRAY_SRAS_R,3,5.0,0.3,-14.202388333333317,137.06099208333342,-66.37537999999995,214.19628166666655,True,indicative
VNI,forward,I-X_64_DDSM,1,7.5,1.0,-202.53532333333322,-234.06121958333335,-456.4301149999999,-158.68923416666667,False,unsupported
VNI,reverse,I-X_64_DDSM,1,7.5,1.0,69.01766499999997,130.68857541666668,-220.58478166666671,566.2767600000001,True,unsupported
VNI,forward,I-X_BABU_BURC,5,23.5,0.6808510638297872,-253.27000499999997,-4.842515416666686,-319.4745225,275.4453349999998,True,indicative
VNI,reverse,I-X_BABU_BURC,5,23.5,0.6808510638297872,-5.001339166666668,-49.02296833333335,-520.3880016666667,123.65032583333334,True,indicative
VNI,forward,I-X_BDBU+HYSE,5,42.5,0.25882352941176473,241.08682583333334,24.053043333333292,-80.94976166666663,68.12331499999993,True,unsupported
VNI,reverse,I-X_BDBU+HYSE,5,42.5,0.25882352941176473,-22.248701249999954,-115.70943333333334,-345.37440499999997,64.29000833333333,True,unsupported
VNI,forward,N-4+1_WG_CLOSE,2,8.0,0.9375,196.1219941666667,-487.4415041666666,-604.8976283333334,-117.40333166666659,False,unsupported
VNI,reverse,N-4+1_WG_CLOSE,2,8.0,0.9375,-318.322275,125.48004250000005,30.394525000000044,159.71339166666667,False,unsupported
VNI,forward,N-AVMA_17,10,722.0,0.9092797783933518,35.88189999999997,46.78592333333336,8.58040333333338,88.32997087500001,False,unsupported
VNI,reverse,N-AVMA_17,10,722.0,0.9092797783933518,-59.519815833333325,-12.492656666666676,-61.84096999999997,25.751578624999958,True,supported
VNI,forward,N-BABU,21,514.5,0.8960155490767736,157.96147875000014,59.583201666666696,9.020805062499948,109.82918154166671,False,unsupported
VNI,reverse,N-BABU,21,514.5,0.8960155490767736,-189.81618333333336,-85.1620650000001,-124.81862079166665,-33.3602800000001,False,unsupported
VNI,forward,N-BADP,14,91.0,0.8901098901098901,79.4695216666666,-1.8831391666666946,-132.90367333333336,78.28884499999992,True,supported
VNI,reverse,N-BADP,14,91.0,0.8901098901098901,-130.39219666666665,-35.192350416666756,-128.80361012500003,27.853865000000013,True,supported
VNI,forward,N-BJYS_970,1,68.5,0.8613138686131386,-28.926649166666646,111.49948749999993,73.40571499999999,159.79359166666666,False,unsupported
VNI,reverse,N-BJYS_970,1,68.5,0.8613138686131386,-82.09809500000001,25.215082499999994,-34.37196666666665,64.68555999999995,True,unsupported
VNI,forward,N-BU_330_TX_ONE,4,1097.5,0.371753986332574,-30.098330833333307,-28.263192500000173,-98.4176149166668,45.67968816666653,True,indicative
VNI,reverse,N-BU_330_TX_ONE,4,1097.5,0.371753986332574,49.08589166666661,2.176661666666689,-56.45873658333327,56.931286666666665,True,indicative
VNI,forward,N-CNLT_07,10,895.0,0.8396648044692737,1.9454200000000128,92.53862791666666,24.585464583333323,132.87353254166658,False,unsupported
VNI,reverse,N-CNLT_07,10,895.0,0.8396648044692737,-54.50278666666668,-3.2689524999999833,-55.191028333333406,49.77562166666672,True,supported
VNI,forward,N-CTMN_4_WG_CLOSE,12,1630.0,0.6358895705521472,-11.514466666666749,70.9455916666667,9.809026375000014,122.45321266666674,False,unsupported
VNI,reverse,N-CTMN_4_WG_CLOSE,12,1630.0,0.6358895705521472,-63.61050999999999,8.686452500000087,-47.548204979166584,99.72269833333331,True,supported
VNI,forward,N-CTYS_3L_WG_CLOSE,11,804.0,0.8781094527363185,-63.883002499999975,-19.329671666666684,-68.53156616666669,38.719228499999986,True,supported
VNI,reverse,N-CTYS_3L_WG_CLOSE,11,804.0,0.8781094527363185,-65.78127833333338,3.8728000000000122,-39.00914493749995,50.25673354166656,True,supported
VNI,forward,N-DPWG_63,9,283.0,0.5070671378091873,128.4433233333333,99.73100333333343,45.17692333333338,227.39182845833338,False,unsupported
VNI,reverse,N-DPWG_63,9,283.0,0.5070671378091873,-144.30747666666667,40.091670833333325,-20.18831679166664,92.24166166666669,True,unsupported
VNI,forward,N-DPWG_63_X5,5,276.5,0.4484629294755877,229.32943458333332,90.23424833333331,30.63713166666667,232.55250666666666,False,unsupported
VNI,reverse,N-DPWG_63_X5,5,276.5,0.4484629294755877,-113.29428541666668,48.86662499999997,-25.027023333333318,93.0255966666665,True,unsupported
VNI,forward,N-DTKV_18_WG_CLOSE,5,59.5,0.9831932773109243,-290.65218166666665,-6.505897500000032,-163.66084166666678,84.32763666666665,True,supported
VNI,reverse,N-DTKV_18_WG_CLOSE,5,59.5,0.9831932773109243,-20.51108333333343,30.08396833333333,-24.23690666666658,135.8179683333334,True,supported
VNI,forward,N-DTMN_8_15M,9,383.0,0.8537859007832899,-11.411193333333259,-20.033571666666603,-76.46551079166666,31.657645874999943,True,supported
VNI,reverse,N-DTMN_8_15M,9,383.0,0.8537859007832899,-76.48329833333335,1.4656949999999256,-35.24966491666658,54.05927833333338,True,supported
VNI,forward,N-DTSS_11,9,536.5,0.8574091332712023,-21.574220000000082,6.021062499999999,-43.80756166666663,57.72567166666669,True,supported
VNI,reverse,N-DTSS_11,9,536.5,0.8574091332712023,-21.43283624999998,22.767450833333385,-30.477936666666665,68.7532783333333,True,supported
VNI,forward,N-ER_TX,4,205.5,0.9537712895377128,59.64732083333331,34.96129833333339,-29.79274416666668,113.51945666666666,True,indicative
VNI,reverse,N-ER_TX,4,205.5,0.9537712895377128,-32.03805583333332,27.17691166666657,-31.783936666666705,82.31867833333334,True,indicative
VNI,forward,N-GRYS_3J_15M,3,10.5,1.0,-81.78327499999989,-101.66938333333314,-235.25785999999997,107.52261000000001,True,indicative
VNI,reverse,N-GRYS_3J_15M,3,10.5,1.0,-53.165803333333315,-195.40101666666666,-472.3119533333333,-45.392961666666565,False,indicative
VNI,forward,N-JNWG_RADIAL,3,206.5,0.41404358353510895,152.7668666666666,162.86761500000011,70.52675450000001,333.58929533333344,False,indicative
VNI,reverse,N-JNWG_RADIAL,3,206.5,0.41404358353510895,-192.11624833333332,80.94925749999999,19.350868520833362,120.18540166666668,False,indicative
VNI,forward,N-KVCW_3W_WG_CLOSE,9,249.5,0.905811623246493,-34.44185166666671,-11.014254999999997,-111.14738833333331,74.11702152083326,True,supported
VNI,reverse,N-KVCW_3W_WG_CLOSE,9,249.5,0.905811623246493,12.99838583333326,9.626058333333333,-42.367599208333374,60.06014545833333,True,supported
VNI,forward,N-LTUT_64_15M,9,425.0,0.8152941176470588,15.025150000000053,-4.847463333333394,-76.28947166666671,51.47501081249989,True,supported
VNI,reverse,N-LTUT_64_15M,9,425.0,0.8152941176470588,-6.335049999999967,-55.01063333333333,-109.73747333333336,-13.87260833333329,False,unsupported
VNI,forward,N-LTWG_63,2,18.0,0.7777777777777778,75.40148916666669,74.0128133333335,-286.31537000000014,225.7663316666667,True,unsupported
VNI,reverse,N-LTWG_63,2,18.0,0.7777777777777778,-296.23799916666667,14.041585000000055,-121.42475666666672,28.02953999999994,True,unsupported
VNI,forward,N-LTWG_RADIAL,4,55.5,0.8648648648648649,66.18425166666674,102.32700916666676,4.12620666666669,204.54997000000014,False,indicative
VNI,reverse,N-LTWG_RADIAL,4,55.5,0.8648648648648649,-114.30408999999997,33.95532208333333,-48.1662583333333,138.37595333333343,True,indicative
VNI,forward,N-LTWG_X5,4,219.5,0.8656036446469249,197.8396383333333,83.68328250000019,-19.348633333333396,187.54157583333335,True,indicative
VNI,reverse,N-LTWG_X5,4,219.5,0.8656036446469249,-179.40479000000002,-76.8754358333334,-178.30516916666664,12.894312208333282,True,indicative
VNI,forward,N-MA_CB172A,2,549.0,0.24225865209471767,38.46594083333326,79.70298,-4.6470749999999725,178.0266888541667,True,unsupported
VNI,reverse,N-MA_CB172A,2,549.0,0.24225865209471767,-13.806182916666714,27.87815833333329,-36.35629499999996,101.29919704166657,True,unsupported
VNI,forward,N-MNYS_5_WG_CLOSE,15,2324.0,0.6095094664371773,-45.10114999999996,15.165505000000053,-17.691175833333318,50.65258666666682,True,supported
VNI,reverse,N-MNYS_5_WG_CLOSE,15,2324.0,0.6095094664371773,0.9526800000000435,-39.66035166666666,-76.77530333333337,-1.37716216666666,False,unsupported
VNI,forward,N-MNYS_5_WG_OPEN,3,21.0,0.0,,-11.18924666666669,-131.28009666666674,71.41364499999997,True,unsupported
VNI,reverse,N-MNYS_5_WG_OPEN,3,21.0,0.0,,-140.52799833333333,-280.30081849999993,114.0899516666666,True,unsupported
VNI,forward,N-MPWW_ONE,8,986.0,0.4949290060851927,4.044504999999901,-20.757731666666636,-97.96841074999988,46.34355924999998,True,unsupported
VNI,reverse,N-MPWW_ONE,8,986.0,0.4949290060851927,-137.93621374999998,13.369044166666697,-21.813223333333326,63.2971988333333,True,unsupported
VNI,forward,N-NIL_998,0,,,,,,,,unsupported
VNI,reverse,N-NIL_998,0,,,,,,,,unsupported
VNI,forward,N-TUTBJ_992,2,2.0,1.0,171.18637583333333,-108.94081916666661,-515.1440825,439.05911166666664,True,unsupported
VNI,reverse,N-TUTBJ_992,2,2.0,1.0,-46.43280833333333,246.11658833333334,-79.23525833333338,295.65451333333334,True,unsupported
VNI,forward,N-WAGGA_330_BUSA,8,123.5,0.6963562753036437,-34.62077333333326,84.33439416666678,3.984621666666726,160.29865333333328,False,unsupported
VNI,reverse,N-WAGGA_330_BUSA,8,123.5,0.6963562753036437,-24.792869166666634,-61.3106795833333,-136.16285045833337,18.096733333333304,True,supported
VNI,forward,N-WAGGA_330_BUSB,6,217.5,0.4528735632183908,102.64669499999997,121.64391083333338,58.588186666666616,276.1287163541665,False,unsupported
VNI,reverse,N-WAGGA_330_BUSB,6,217.5,0.4528735632183908,-207.11851166666668,45.51348916666669,-13.415048333333345,81.34954029166664,True,unsupported
VNI,forward,N-WGWA_63,1,132.0,0.9962121212121212,126.58329000000003,-45.83254499999998,-237.10134000000005,63.99614500000007,True,unsupported
VNI,reverse,N-WGWA_63,1,132.0,0.9962121212121212,-125.82361166666666,-36.37622833333336,-98.9185716666667,22.1685915,True,unsupported
VNI,forward,N-WGWA_63_X5,4,174.5,0.2693409742120344,-44.77652166666661,34.45537916666666,-41.35929166666665,104.75106360416666,True,indicative
VNI,reverse,N-WGWA_63_X5,4,174.5,0.2693409742120344,-201.88964958333335,-43.83173750000003,-104.75597087500002,-4.518545000000017,False,indicative
VNI,forward,N-WGWA_RADIAL,1,132.0,0.9924242424242424,121.35213250000004,-16.00407666666672,-147.268609625,85.75342166666678,True,unsupported
VNI,reverse,N-WGWA_RADIAL,1,132.0,0.9924242424242424,-104.17079083333331,-45.713190833333314,-134.7618769166667,3.213624999999979,True,unsupported
VNI,forward,N-WGWA_X5,2,281.5,0.9182948490230906,-25.315163333333317,3.5421266666666043,-91.9533596666668,79.36852333333343,True,unsupported
VNI,reverse,N-WGWA_X5,2,281.5,0.9182948490230906,-228.62300333333332,12.216879999999946,-54.87527166666666,64.82078500000011,True,unsupported
VNI,forward,N-WNMR_991,4,63.5,0.8976377952755905,-575.1307279166667,20.010571666666465,-71.02239333333334,100.26222166666668,True,indicative
VNI,reverse,N-WNMR_991,4,63.5,0.8976377952755905,-188.71844250000004,85.97000833333328,24.788436666666655,153.70508333333328,False,indicative
VNI,forward,N-X_03+4_WG_CLOSE,2,125.5,0.8366533864541833,-168.95783416666666,-9.333294999999907,-171.59107333333338,90.10302000000001,True,unsupported
VNI,reverse,N-X_03+4_WG_CLOSE,2,125.5,0.8366533864541833,-107.25103833333337,-84.84116833333331,-181.45323166666668,-24.977142249999936,False,unsupported
VNI,forward,N-X_051_X5,2,19.5,0.0,,-25.760453333333317,-62.53535000000011,42.25422166666658,True,unsupported
VNI,reverse,N-X_051_X5,2,19.5,0.0,,-28.684131666666644,-90.37267000000003,4.463773333333393,True,unsupported
VNI,forward,N-X_11+14,3,17.0,1.0,37.657245833333405,-364.4923925,-731.6935933333334,-155.126035,False,indicative
VNI,reverse,N-X_11+14,3,17.0,1.0,39.231750833333294,-68.27221666666674,-308.709505,251.58007500000002,True,indicative
VNI,forward,N-X_2+8,0,,,,,,,,unsupported
VNI,reverse,N-X_2+8,0,,,,,,,,unsupported
VNI,forward,N-X_2_5,2,58.5,0.9743589743589743,-237.97464041666666,-60.87573166666675,-380.64217499999995,37.56872999999996,True,unsupported
VNI,reverse,N-X_2_5,2,58.5,0.9743589743589743,-76.49039291666668,-51.17234666666661,-186.33177797916682,110.47814500000004,True,unsupported
VNI,forward,N-X_3L+07_WG_CLOSE,2,56.5,0.9557522123893806,40.00280833333335,51.468611666666675,-153.9767983333333,259.7412483333335,True,unsupported
VNI,reverse,N-X_3L+07_WG_CLOSE,2,56.5,0.9557522123893806,-20.772092499999985,30.15675999999999,-96.55337587500004,123.85288527083311,True,unsupported
VNI,forward,N-X_3L+11_WG_CLOSE,2,81.0,0.9691358024691358,80.58018833333335,168.64178833333335,42.55263833333322,286.54942266666654,False,unsupported
VNI,reverse,N-X_3L+11_WG_CLOSE,2,81.0,0.9691358024691358,-8.477808333333257,-107.27719874999997,-144.39181833333333,-51.18697083333336,False,unsupported
VNI,forward,N-X_3L+2_WG_CLOSE,3,38.5,1.0,-411.25192166666665,-69.90402666666671,-192.53903870833327,123.36695166666664,True,indicative
VNI,reverse,N-X_3L+2_WG_CLOSE,3,38.5,1.0,155.26511499999995,-33.7799,-81.73893166666676,69.99404333333331,True,indicative
VNI,forward,N-X_4+07_WG_CLOSE,4,139.5,0.96415770609319,47.97504833333335,43.708830000000034,-40.127335000000016,124.60921666666673,True,indicative
VNI,reverse,N-X_4+07_WG_CLOSE,4,139.5,0.96415770609319,-162.04008,53.19311333333334,-9.004111666666631,119.43528333333336,True,indicative
VNI,forward,N-X_4+17_WG_CLOSE,2,80.0,0.75,-137.2220429166668,53.969625000000065,-43.39289500000007,206.99213458333344,True,unsupported
VNI,reverse,N-X_4+17_WG_CLOSE,2,80.0,0.75,-1.4094691666666677,6.00533999999999,-111.37868799999994,104.12195833333328,True,unsupported
VNI,forward,N-X_5+07_WG_CLOSE,2,33.5,0.7014925373134329,-525.2595933333333,118.90613000000008,-161.20319083333322,216.76976333333323,True,unsupported
VNI,reverse,N-X_5+07_WG_CLOSE,2,33.5,0.7014925373134329,-21.294733333333284,-78.60043666666661,-124.64669666666668,98.2529333333332,True,unsupported
VNI,forward,N-X_61_76,2,17.5,1.0,-421.32921,-325.4842958333333,-473.4124416666667,-141.71685250000002,False,unsupported
VNI,reverse,N-X_61_76,2,17.5,1.0,261.13296,248.20863250000002,-73.53191695833331,337.4355200000001,True,unsupported
VNI,forward,N-X_AVMA_SSWW,10,102.5,0.9658536585365853,147.50611166666667,9.46660750000001,-80.02541166666674,108.42592960416665,True,supported
VNI,reverse,N-X_AVMA_SSWW,10,102.5,0.9658536585365853,25.027205833333426,-10.251814999999958,-64.1209659166667,60.310225833333334,True,supported
VNI,forward,N-X_BABU_BADP_MNYS,2,8.0,0.125,-19.321480000000065,-125.89795333333336,-339.0735366666667,769.1235183333335,True,unsupported
VNI,reverse,N-X_BABU_BADP_MNYS,2,8.0,0.125,-528.3647991666667,-193.92407916666667,-509.4361483333334,17.350314999999966,True,unsupported
VNI,forward,N-X_BWWO_BWLD,2,33.5,1.0,-81.30029666666655,-33.01267749999994,-157.4946500000001,32.852956666666614,True,unsupported
VNI,reverse,N-X_BWWO_BWLD,2,33.5,1.0,-215.10357333333332,114.15872166666662,48.16470666666669,293.2917583333333,False,unsupported
VNI,forward,N-X_LPSS_MPWW,5,535.0,0.6392523364485981,-3.8421758333333287,65.79576166666675,-22.308137125000002,151.98785462499993,True,supported
VNI,reverse,N-X_LPSS_MPWW,5,535.0,0.6392523364485981,-79.7287916666667,-51.885075,-102.42779999999999,1.208153333333371,True,supported
VNI,forward,N-X_LTYS_MNYS,2,48.5,0.7628865979381443,-459.87094833333333,-16.04352999999992,-222.41264666666677,92.7821988333325,True,unsupported
VNI,reverse,N-X_LTYS_MNYS,2,48.5,0.7628865979381443,-11.794453333333365,-106.69153499999993,-196.29357212499994,-6.100519979167093,False,unsupported
VNI,forward,S-TBSE,48,1023.0,0.7810361681329423,-11.745797499999924,79.47792416666664,19.855188333333444,136.40164714583332,False,unsupported
VNI,reverse,S-TBSE,48,1023.0,0.7810361681329423,-8.959586666666667,-2.4239174999999875,-43.30570666666665,45.11736083333332,True,supported
VNI,forward,S-X_TBSE+BDBU,3,15.5,1.0,-203.68194833333337,-16.50288749999993,-848.2573733333334,503.94587666666666,True,indicative
VNI,reverse,S-X_TBSE+BDBU,3,15.5,1.0,-11.896806666666635,135.14797166666665,-148.78787666666665,276.6887283333334,True,indicative
VNI,forward,V-ARCW,5,29.0,0.9310344827586207,254.1848591666666,17.299186666666667,-226.8623433333334,185.4850600000001,True,supported
VNI,reverse,V-ARCW,5,29.0,0.9310344827586207,-118.42052750000005,60.74077916666681,-96.67110499999995,137.33192083333336,True,supported
VNI,forward,V-AR_WB_BA,16,129.0,0.9341085271317829,-79.88317500000016,-14.296632500000044,-93.03339000000005,63.63794072916657,True,supported
VNI,reverse,V-AR_WB_BA,16,129.0,0.9341085271317829,-9.261984999999981,57.24899833333336,9.96413795833323,144.4294072083333,False,unsupported
VNI,forward,V-BAML1_15M,11,108.0,0.8842592592592593,-52.53349666666665,-40.878420000000006,-132.56659162499992,33.62116591666668,True,supported
VNI,reverse,V-BAML1_15M,11,108.0,0.8842592592592593,-44.99317499999995,32.646460833333435,0.21107833333337567,87.05076166666663,False,unsupported
VNI,forward,V-BEKG,1,8.5,1.0,431.21270333333337,97.9664208333333,-215.9958166666667,242.00156333333325,True,unsupported
VNI,reverse,V-BEKG,1,8.5,1.0,-86.40449833333338,-184.60469333333333,-275.09340833333334,-184.46261000000004,False,unsupported
VNI,forward,V-BUCW,1,10.0,0.85,-175.3991683333333,197.31328749999994,184.22446166666666,400.5593283333335,False,unsupported
VNI,reverse,V-BUCW,1,10.0,0.85,-100.94181166666667,0.3101766666666137,-153.49461833333316,201.62609999999998,True,unsupported
VNI,forward,V-BUHO,2,21.0,0.9523809523809523,58.57367375000007,145.6828641666666,52.54418558333347,162.7985783333333,False,unsupported
VNI,reverse,V-BUHO,2,21.0,0.9523809523809523,37.61541083333327,-126.05730166666665,-373.29141000000016,-9.191728333333288,False,unsupported
VNI,forward,V-CPRC,1,10.5,1.0,34.41965166666671,-2.154719166666723,-278.88131500000003,621.2522966666666,True,unsupported
VNI,reverse,V-CPRC,1,10.5,1.0,-913.572165,-22.54543166666663,-171.59364833333336,-0.4575516666666317,False,unsupported
VNI,forward,V-CRGP,3,162.0,0.9753086419753086,-33.586304166666594,79.79899333333321,2.7846583333333683,128.81740833333333,False,indicative
VNI,reverse,V-CRGP,3,162.0,0.9753086419753086,44.15246583333334,-43.83269333333328,-143.0154483333333,25.078631916666616,True,indicative
VNI,forward,V-CRML,12,150.5,0.9501661129568106,2.261144166666668,-140.37749833333328,-253.13167499999997,-53.40385666666667,False,unsupported
VNI,reverse,V-CRML,12,150.5,0.9501661129568106,-4.06119333333335,86.97076500000003,10.943121666666684,191.06602666666663,False,unsupported
VNI,forward,V-CRMO,4,37.5,0.72,-158.01847833333335,14.545144999999962,-82.26693499999999,127.33662750000002,True,indicative
VNI,reverse,V-CRMO,4,37.5,0.72,143.49037750000005,-18.620979999999975,-137.8181366666667,66.21852500000006,True,indicative
VNI,forward,V-CWHO,2,20.0,1.0,-172.89459041666666,-57.975554999999986,-199.42693666666668,125.23779291666575,True,unsupported
VNI,reverse,V-CWHO,2,20.0,1.0,129.25882750000008,-103.3475566666666,-156.8014816666667,92.50680000000006,True,unsupported
VNI,forward,V-DDMS,9,199.0,0.7537688442211056,-58.27631416666662,18.55767916666673,-27.24117166666656,68.65832474999995,True,supported
VNI,reverse,V-DDMS,9,199.0,0.7537688442211056,-90.83813999999995,32.86406708333331,-27.064482645833337,61.597568333333356,True,supported
VNI,forward,V-DDMS_N-2,0,,,,,,,,unsupported
VNI,reverse,V-DDMS_N-2,0,,,,,,,,unsupported
VNI,forward,V-DDSM,8,99.0,0.6616161616161617,-117.684425,24.558951666666644,-79.9366266666666,120.7095783333333,True,supported
VNI,reverse,V-DDSM,8,99.0,0.6616161616161617,8.81439499999999,-2.982776666666723,-93.8275933333332,84.51140166666664,True,supported
VNI,forward,V-DDSM_N-2,0,,,,,,,,unsupported
VNI,reverse,V-DDSM_N-2,0,,,,,,,,unsupported
VNI,forward,V-DDWO_63,3,30.5,0.2786885245901639,684.7612816666666,-4.529559999999947,-64.87427333333335,89.54009020833334,True,indicative
VNI,reverse,V-DDWO_63,3,30.5,0.2786885245901639,-335.58026000000007,-106.8059725,-244.327785,79.79305999999997,True,indicative
VNI,forward,V-DDWO_RADIAL,3,31.0,0.2903225806451613,650.4858041666666,12.059759166666822,-56.46598833333326,89.53592833333335,True,indicative
VNI,reverse,V-DDWO_RADIAL,3,31.0,0.2903225806451613,-273.93821749999995,-94.40623666666664,-244.327785,79.79305999999997,True,indicative
VNI,forward,V-DDWO_X5,2,21.0,0.0,,-11.18924666666669,-131.28009666666674,71.41364499999997,True,unsupported
VNI,reverse,V-DDWO_X5,2,21.0,0.0,,-140.52799833333333,-280.30081849999993,114.0899516666666,True,unsupported
VNI,forward,V-HGTR,1,12.0,0.75,24.846951666666683,-36.18121124999999,-58.74097333333333,18.446498333333352,True,unsupported
VNI,reverse,V-HGTR,1,12.0,0.75,101.74434083333341,-115.92898499999995,-135.94227333333333,-14.883676666666702,False,unsupported
VNI,forward,V-HOMR,3,43.5,0.7241379310344828,41.2987783333333,-41.92167500000005,-382.9579099583333,124.02336166666663,True,indicative
VNI,reverse,V-HOMR,3,43.5,0.7241379310344828,14.882386666666662,43.82859666666667,-75.14167333333336,216.14501666666672,True,indicative
VNI,forward,V-HYMO,7,67.5,0.9851851851851852,-123.88000833333332,96.81932499999994,1.0101099999999974,174.70411583333333,False,unsupported
VNI,reverse,V-HYMO,7,67.5,0.9851851851851852,148.7032933333333,-42.77864833333342,-130.4514666666667,52.20849666666663,True,supported
VNI,forward,V-HYTR,3,18.0,1.0,34.451534166666704,4.372100000000046,-67.01844166666672,230.73742499999992,True,indicative
VNI,reverse,V-HYTR,3,18.0,1.0,8.848240000000004,108.75973666666667,38.35621666666668,373.21503666666666,False,indicative
VNI,forward,V-KG_WE_RC,7,78.0,0.9551282051282052,134.0636633333333,41.200533333333325,-80.33660312499995,130.2004250000001,True,supported
VNI,reverse,V-KG_WE_RC,7,78.0,0.9551282051282052,-1.7480883333333281,62.71316958333338,-9.430221666666625,175.8167066666667,True,supported
VNI,forward,V-KMRC,20,174.5,0.9169054441260746,119.92435000000003,5.395813333333308,-136.67970833333345,109.13056564583323,True,supported
VNI,reverse,V-KMRC,20,174.5,0.9169054441260746,-94.75094333333334,34.67144041666677,-25.978603333333353,102.32566266666657,True,supported
VNI,forward,V-KOWE,2,271.5,0.7661141804788214,-87.72511166666663,-49.328713333333326,-139.47195833333353,6.924054416666566,True,unsupported
VNI,reverse,V-KOWE,2,271.5,0.7661141804788214,152.5483825,115.72887333333324,0.9358938750000088,205.60797666666667,False,unsupported
VNI,forward,V-MLSY_NOEMTT_P,2,6.5,1.0,49.70756500000016,-51.40109333333328,-92.12113666666664,-28.749413333333223,False,unsupported
VNI,reverse,V-MLSY_NOEMTT_P,2,6.5,1.0,-429.34702999999996,200.8917524999999,-375.6690741666667,256.64385000000004,True,unsupported
VNI,forward,V-MLSY_NOEMTT_R,11,861.0,0.8414634146341463,-24.01727666666659,25.147506666666686,-16.170598166666615,97.25877018749998,True,supported
VNI,reverse,V-MLSY_NOEMTT_R,11,861.0,0.8414634146341463,16.801545000000147,-10.03220333333337,-67.10428000000005,50.724961666666616,True,supported
VNI,forward,V-MOTR,1,11.0,1.0,-257.1622033333333,158.40710500000006,44.76956333333334,188.99708333333336,False,unsupported
VNI,reverse,V-MOTR,1,11.0,1.0,90.83474749999993,-213.48581166666656,-269.74728166666665,-204.43279166666673,False,unsupported
VNI,forward,V-MRKM,11,97.5,0.8769230769230769,-6.2100783333333425,12.508450833333313,-67.88310833333321,131.96897000000013,True,supported
VNI,reverse,V-MRKM,11,97.5,0.8769230769230769,-17.991073333333247,-88.49406333333334,-172.31908833333335,70.62608833333331,True,supported
VNI,forward,V-RCTS_BUS2,4,49.0,1.0,68.8453495833333,-35.785200000000145,-119.09885166666663,172.20560999999998,True,indicative
VNI,reverse,V-RCTS_BUS2,4,49.0,1.0,-15.789745833333342,-137.69808333333322,-263.11386666666664,-66.80973983333365,False,indicative
VNI,forward,V-SMSC,4,1477.0,0.6960054163845633,8.566401666666692,-71.96666666666658,-126.52450647916672,-19.228657958333343,False,indicative
VNI,reverse,V-SMSC,4,1477.0,0.6960054163845633,-73.77528624999994,-14.144539583333284,-68.06681333333333,23.97863943749997,True,indicative
Heywood,forward,CA_BRIS_5873DCEF,0,,,,,,,,unsupported
Heywood,reverse,CA_BRIS_5873DCEF,0,,,,,,,,unsupported
Heywood,forward,CA_BRIS_5964121F,1,1.5,1.0,-376.40409999999997,-12.284425000000041,-336.296245,4.252807500000074,True,unsupported
Heywood,reverse,CA_BRIS_5964121F,1,1.5,1.0,-302.0466633333333,-40.92851916666669,-68.96903500000002,-12.888003333333359,False,unsupported
Heywood,forward,CA_SYDS_562A9792,1,4.0,1.0,-85.48063000000002,-41.4667075,-194.25728166666667,-70.27068666666665,False,unsupported
Heywood,reverse,CA_SYDS_562A9792,1,4.0,1.0,52.17099083333335,-82.33652750000002,-585.4942433333333,-83.93509166666666,False,unsupported
Heywood,forward,CA_SYDS_56BD5936,0,,,,,,,,unsupported
Heywood,reverse,CA_SYDS_56BD5936,0,,,,,,,,unsupported
Heywood,forward,CA_SYDS_594882A3,0,,,,,,,,unsupported
Heywood,reverse,CA_SYDS_594882A3,0,,,,,,,,unsupported
Heywood,forward,CA_SYDS_597A8B26,1,4.5,1.0,128.71298249999995,451.11301416666663,444.9881533333333,457.23787500000003,False,unsupported
Heywood,reverse,CA_SYDS_597A8B26,1,4.5,1.0,-807.215305,-107.86620208333332,-128.0880600000001,-94.32681666666667,False,unsupported
Heywood,forward,CA_SYDS_597B3DBD,1,2.0,1.0,-446.13910833333335,-10.752469166666657,-60.781825833333414,-7.201148333333322,False,unsupported
Heywood,reverse,CA_SYDS_597B3DBD,1,2.0,1.0,-362.29403666666667,-257.5564591666667,-303.9744983333333,-270.4742683333333,False,unsupported
Heywood,forward,CA_SYDS_597B5710,2,7.0,1.0,-526.8447141666666,-8.407155000000017,-86.65600000000006,14.722891666666726,True,unsupported
Heywood,reverse,CA_SYDS_597B5710,2,7.0,1.0,-315.9891083333333,-349.9978316666667,-433.51138333333336,-344.690965,False,unsupported
Heywood,forward,F-I-HYSE,5,6.5,0.9230769230769231,-67.34878833333332,59.079978333333344,-23.554375000000107,206.42845499999999,True,indicative
Heywood,reverse,F-I-HYSE,5,6.5,0.9230769230769231,99.09906124999998,143.2376733333333,50.89515333333338,244.24039499999998,False,unsupported
Heywood,forward,I-6F_NS_000,0,,,,,,,,unsupported
Heywood,reverse,I-6F_NS_000,0,,,,,,,,unsupported
Heywood,forward,I-6F_NS_050,1,4.5,1.0,-212.06956666666665,113.31868500000002,18.627243333333325,233.66511333333318,False,unsupported
Heywood,reverse,I-6F_NS_050,1,4.5,1.0,-276.4824433333333,0.0,-18.40515833333336,0.0,True,unsupported
Heywood,forward,I-6F_SN_050,1,4.5,1.0,-434.4893883333333,113.31868500000002,18.627243333333325,233.66511333333318,False,unsupported
Heywood,reverse,I-6F_SN_050,1,4.5,1.0,-288.76472,0.0,-18.40515833333336,0.0,True,unsupported
Heywood,forward,I-BDBU_ONE,27,3306.5,0.5778013004687736,-34.32265666666672,36.55890708333337,10.946478770833306,61.97959958333333,False,unsupported
Heywood,reverse,I-BDBU_ONE,27,3306.5,0.5778013004687736,1.8612583333333532,0.0,-24.03513047916662,34.83865270833333,True,unsupported
Heywood,forward,I-HYSE,15,423.0,0.8498817966903073,31.19170916666667,-69.68880916666666,-168.45608333333334,-2.469091250000017,False,unsupported
Heywood,reverse,I-HYSE,15,423.0,0.8498817966903073,44.272841666666665,-118.36743,-178.44449745833333,-19.149954125000058,False,unsupported
Heywood,forward,I-JNWO_63,2,39.0,0.9615384615384616,26.274770833333378,62.44805000000004,-26.43256750000006,177.55827333333337,True,unsupported
Heywood,reverse,I-JNWO_63,2,39.0,0.9615384615384616,129.73250000000002,0.0,-153.32051666666666,66.69792333333328,True,unsupported
Heywood,forward,I-JNWO_RADIAL,1,39.0,0.9615384615384616,26.274770833333378,62.44805000000004,-26.43256750000006,177.55827333333337,True,unsupported
Heywood,reverse,I-JNWO_RADIAL,1,39.0,0.9615384615384616,129.73250000000002,0.0,-153.32051666666666,66.69792333333328,True,unsupported
Heywood,forward,I-SV_HEY_250,1,22.0,0.6590909090909091,-325.17852000000005,22.720797500000018,-342.95476791666675,365.61787,True,unsupported
Heywood,reverse,I-SV_HEY_250,1,22.0,0.6590909090909091,-38.177599999999984,-89.05721166666666,-270.7619033333333,-26.435479999999984,False,unsupported
Heywood,forward,I-SV_HEY_550_TEST,0,,,,,,,,unsupported
Heywood,reverse,I-SV_HEY_550_TEST,0,,,,,,,,unsupported
Heywood,forward,I-SV_HEY_600_TEST,0,,,,,,,,unsupported
Heywood,reverse,I-SV_HEY_600_TEST,0,,,,,,,,unsupported
Heywood,forward,I-VS_250,0,,,,,,,,unsupported
Heywood,reverse,I-VS_250,0,,,,,,,,unsupported
Heywood,forward,I-VS_HEY_250,1,22.0,0.6590909090909091,-344.19577833333335,22.720797500000018,-342.95476791666675,365.61787,True,unsupported
Heywood,reverse,I-VS_HEY_250,1,22.0,0.6590909090909091,-49.484309999999994,-89.05721166666666,-270.7619033333333,-26.435479999999984,False,unsupported
Heywood,forward,I-VS_HEY_600_TEST,0,,,,,,,,unsupported
Heywood,reverse,I-VS_HEY_600_TEST,0,,,,,,,,unsupported
Heywood,forward,I-X_BDBU+HYSE,5,42.5,1.0,93.0043425,17.89005833333332,-50.219507499999985,94.59940833333334,True,supported
Heywood,reverse,I-X_BDBU+HYSE,5,42.5,1.0,52.864003333333315,-108.13796083333335,-221.1515758333333,36.170625166666476,True,supported
Heywood,forward,N-BABU,21,514.5,0.8027210884353742,16.863709166666723,0.0,-27.89114666666667,28.966625000000022,True,supported
Heywood,reverse,N-BABU,21,514.5,0.8027210884353742,127.23130749999999,-75.98013000000003,-137.50957112499998,-17.76177999999993,False,unsupported
Heywood,forward,N-JNWG_RADIAL,3,206.5,0.9297820823244553,37.98474833333336,-15.312500833333345,-70.94090329166671,12.089792166666532,True,indicative
Heywood,reverse,N-JNWG_RADIAL,3,206.5,0.9297820823244553,9.683451666666684,-37.085798333333315,-95.16356999999999,0.0,True,indicative
Heywood,forward,N-LTWG_63,2,18.0,0.3055555555555556,104.03596000000005,-52.89955166666669,-293.95349583333336,-1.6035049999999273,False,unsupported
Heywood,reverse,N-LTWG_63,2,18.0,0.3055555555555556,193.08187333333336,43.467379166666674,19.914311666666663,45.172336666666666,False,unsupported
Heywood,forward,N-LTWG_RADIAL,4,55.5,0.7567567567567568,110.85950416666674,-31.39123749999999,-124.38523999999995,23.391360000000077,True,indicative
Heywood,reverse,N-LTWG_RADIAL,4,55.5,0.7567567567567568,18.188904166666703,0.0,0.0,10.536943333333397,True,indicative
Heywood,forward,N-LTWG_X5,4,219.5,0.8451025056947609,129.11225666666667,67.38313583333334,-18.318071875000005,245.19425666666666,True,indicative
Heywood,reverse,N-LTWG_X5,4,219.5,0.8451025056947609,35.297454999999985,19.89312124999998,-67.10098185416665,69.91289166666667,True,indicative
Heywood,forward,N-WGWA_63,1,132.0,0.5909090909090909,0.0,65.5715433333333,24.206851666666694,87.4583366666667,False,unsupported
Heywood,reverse,N-WGWA_63,1,132.0,0.5909090909090909,50.51695499999998,89.82318666666666,-12.703450166666672,224.9180788333333,True,unsupported
Heywood,forward,N-WGWA_63_X5,4,174.5,0.7908309455587392,7.296215000000004,-185.85010041666663,-396.7511855833333,-68.7707783333334,False,indicative
Heywood,reverse,N-WGWA_63_X5,4,174.5,0.7908309455587392,-2.087580416666725,129.90852499999997,27.3322316666667,209.26261,False,indicative
Heywood,forward,N-WGWA_RADIAL,1,132.0,0.7121212121212122,8.265916666666698,5.9128916666666385,-12.894379937499995,66.36126666666667,True,unsupported
Heywood,reverse,N-WGWA_RADIAL,1,132.0,0.7121212121212122,0.0,55.27657500000002,-52.53267499999998,251.0250173333333,True,unsupported
Heywood,forward,N-WGWA_X5,2,281.5,0.8738898756660746,-34.95527250000001,9.104911249999986,-45.57645637500001,65.48600666666664,True,unsupported
Heywood,reverse,N-WGWA_X5,2,281.5,0.8738898756660746,67.41582499999998,-18.48427416666658,-64.2044909583334,10.07984916666669,True,unsupported
Heywood,forward,S-BGDV,5,191.5,0.9608355091383812,-39.28463999999998,33.821436666666614,0.0,91.14936666666665,True,supported
Heywood,reverse,S-BGDV,5,191.5,0.9608355091383812,0.0,8.542494999999917,-79.75029229166667,49.90707333333336,True,supported
Heywood,forward,S-DVLK,1,11.0,0.18181818181818182,16.423979166666584,102.52403666666663,-1.0652950000001056,115.00999999999999,True,unsupported
Heywood,reverse,S-DVLK,1,11.0,0.18181818181818182,514.8904616666666,79.8397,46.13100666666668,171.62574999999993,False,unsupported
Heywood,forward,S-KHKN,4,94.0,0.973404255319149,-14.709409999999991,28.470827500000013,-27.00655674999999,66.903325,True,indicative
Heywood,reverse,S-KHKN,4,94.0,0.973404255319149,44.871170000000006,53.54811999999998,-20.737773333333337,152.29316649999993,True,indicative
Heywood,forward,S-KHTB2,2,61.0,0.7540983606557377,78.44373499999996,-76.1717908333334,-249.05124166666667,-8.635232583333401,False,unsupported
Heywood,reverse,S-KHTB2,2,61.0,0.7540983606557377,-66.85383416666664,99.81782041666668,0.0,271.9618716666667,True,unsupported
Heywood,forward,S-KNPW,7,133.0,0.8759398496240601,-91.51341000000002,-10.036780000000022,-59.164202458333406,42.76490304166661,True,supported
Heywood,reverse,S-KNPW,7,133.0,0.8759398496240601,42.82729166666664,2.532040000000052,-50.75674945833338,92.00587166666668,True,supported
Heywood,forward,S-KNPW_BC-2CP,2,59.0,0.788135593220339,-141.56387833333332,-57.66427875000005,-244.46212333333338,-21.226844999999997,False,unsupported
Heywood,reverse,S-KNPW_BC-2CP,2,59.0,0.788135593220339,5.122085833333415,-30.21660374999999,-249.42228166666663,36.673353333333296,True,unsupported
Heywood,forward,S-MOTB,3,98.5,0.8020304568527918,7.172411666666619,-43.91965666666658,-97.7853946666667,0.0,True,indicative
Heywood,reverse,S-MOTB,3,98.5,0.8020304568527918,5.9572983333333305,-56.17344500000001,-167.22340999999994,45.32405666666668,True,indicative
Heywood,forward,S-PA_VC1,21,569.5,0.8639157155399473,-10.369869999999992,12.320436666666637,0.0,49.28771416666671,True,supported
Heywood,reverse,S-PA_VC1,21,569.5,0.8639157155399473,-61.712803750000006,-24.042788333333363,-86.28277383333334,20.59178804166661,True,supported
Heywood,forward,S-RBTU,13,339.5,0.7790868924889544,4.733400000000003,7.954486666666753,-38.01146833333337,56.019565000000114,True,supported
Heywood,reverse,S-RBTU,13,339.5,0.7790868924889544,-3.8745016666666743,27.29533666666663,-21.34326325000003,87.86589000000009,True,supported
Heywood,forward,S-SECB6611_10,38,1434.5,0.8100383408853259,0.5806483333333254,34.44962625000004,-3.9065654583333203,72.38664500000004,True,supported
Heywood,reverse,S-SECB6611_10,38,1434.5,0.8100383408853259,29.77552750000001,8.6562725,-37.808010624999994,51.14541250000005,True,supported
Heywood,forward,S-SE_1CP,20,307.5,0.767479674796748,-32.542709583333306,16.194371666666655,-7.998281666666685,46.543701666666635,True,supported
Heywood,reverse,S-SE_1CP,20,307.5,0.767479674796748,4.0759166666666715,0.0,-21.026957458333396,38.80327250000004,True,supported
Heywood,forward,S-SE_VC1,14,850.0,0.8988235294117647,20.423742499999975,21.77939333333336,-0.000750541666666706,50.60569120833336,True,supported
Heywood,reverse,S-SE_VC1,14,850.0,0.8988235294117647,-14.140962500000022,5.7211050000000085,-24.10453962499994,44.783214770833325,True,supported
Heywood,forward,S-TB132_E_BUS,3,49.5,0.8181818181818182,-29.158670000000143,6.13973500000003,-87.54996166666666,167.3558466666667,True,indicative
Heywood,reverse,S-TB132_E_BUS,3,49.5,0.8181818181818182,-28.43272833333333,55.02403916666668,-17.352170000000058,214.13105666666667,True,indicative
Heywood,forward,S-TB275_E_BUS,6,99.5,0.5326633165829145,-11.91626166666667,0.8892083333333289,-64.83186833333326,78.22918237500002,True,unsupported
Heywood,reverse,S-TB275_E_BUS,6,99.5,0.5326633165829145,23.34794958333333,112.680935,19.252288499999985,261.9094866666666,False,unsupported
Heywood,forward,S-TB275_W_BUS,31,635.5,0.8505114083398898,16.604886666666687,9.323458333333292,-17.510461666666686,43.99999999999994,True,supported
Heywood,reverse,S-TB275_W_BUS,31,635.5,0.8505114083398898,-4.8350750000000176,-27.597578333333345,-76.56910999999991,15.86619333333337,True,supported
Heywood,forward,S-TB275_W_BUS_BC-2CP,5,85.0,0.9294117647058824,-31.19772416666669,13.815671666666674,-159.64792775,82.65490083333327,True,supported
Heywood,reverse,S-TB275_W_BUS_BC-2CP,5,85.0,0.9294117647058824,-98.14746416666665,-163.50773458333333,-319.67190954166665,23.394268333333287,True,supported
Heywood,forward,S-TBCP1,11,2295.5,0.4768024395556524,15.289341666666644,-3.7437933333333717,-33.646295833333376,10.973549625000002,True,unsupported
Heywood,reverse,S-TBCP1,11,2295.5,0.4768024395556524,7.815951666666663,14.746080000000063,0.0,53.592765354166666,True,unsupported
Heywood,forward,S-TBSE,48,1023.0,0.8475073313782991,-161.10626666666667,26.835758333333388,0.2672816666666762,52.74227999999993,False,unsupported
Heywood,reverse,S-TBSE,48,1023.0,0.8475073313782991,-200.70085916666667,-11.463793333333342,-69.74493833333327,14.979446520833328,True,supported
Heywood,forward,S-TBTU,22,1285.0,0.7431906614785992,-144.19810666666666,-11.177968333333297,-62.145717458333316,21.470931666666672,True,supported
Heywood,reverse,S-TBTU,22,1285.0,0.7431906614785992,-143.2483525,24.988881666666657,-28.16307833333326,71.85510300000004,True,supported
Heywood,forward,S-TBTX4,2,119.5,0.6443514644351465,174.61755999999997,-78.04424416666666,-194.33567525,-27.41965679166666,False,unsupported
Heywood,reverse,S-TBTX4,2,119.5,0.6443514644351465,56.60582750000006,-134.3927125,-310.19077666666664,37.55901666666671,True,unsupported
Heywood,forward,S-TB_CB6536,24,187.5,0.8906666666666667,-14.192633333333305,33.116666666666674,-14.762233333333342,88.57979283333333,True,supported
Heywood,reverse,S-TB_CB6536,24,187.5,0.8906666666666667,-96.64585,-59.78575666666666,-107.37132470833329,-21.05934666666667,False,unsupported
Heywood,forward,S-TB_CB6596,13,438.0,0.9029680365296804,81.51477333333334,-53.645579999999995,-143.95834499999995,30.091651666666678,True,supported
Heywood,reverse,S-TB_CB6596,13,438.0,0.9029680365296804,57.56953166666665,-109.13736333333335,-165.80981500000001,-22.03424029166664,False,unsupported
Heywood,forward,S-TPRS,4,481.0,0.7775467775467776,-58.564000833333324,-15.758864166666697,-92.77503358333334,40.59860333333336,True,indicative
Heywood,reverse,S-TPRS,4,481.0,0.7775467775467776,34.46752416666664,47.50810916666671,-12.368558333333326,168.54097833333338,True,indicative
Heywood,forward,S-WE_MWP4,5,1168.5,0.7385537013264869,25.234234999999984,-11.975238333333323,-86.98518258333337,80.1119167083332,True,supported
Heywood,reverse,S-WE_MWP4,5,1168.5,0.7385537013264869,8.74108166666663,-45.59829500000001,-95.35364166666665,41.955661666666664,True,supported
Heywood,forward,S-X_BDBU+PA_VC1,0,,,,,,,,unsupported
Heywood,reverse,S-X_BDBU+PA_VC1,0,,,,,,,,unsupported
Heywood,forward,S-X_BDBU+SECB6611_10,3,153.0,0.6797385620915033,-183.85821249999998,-16.560704999999928,-99.95135166666671,82.63933333333335,True,indicative
Heywood,reverse,S-X_BDBU+SECB6611_10,3,153.0,0.6797385620915033,214.55975416666666,-64.3262058333334,-202.04672333333332,89.37765333333334,True,indicative
Heywood,forward,S-X_BGBW+BGDV+BGTX,3,453.5,0.7133406835722161,-50.08105166666667,1.476743333333303,-74.67495333333332,64.97988249999992,True,indicative
Heywood,reverse,S-X_BGBW+BGDV+BGTX,3,453.5,0.7133406835722161,-71.14330833333335,-46.32375583333334,-108.93198395833339,18.847426666666593,True,indicative
Heywood,forward,S-X_BRMN_RBTU,5,356.0,0.7092696629213483,5.566455000000019,-3.109064999999987,-78.08432954166663,35.919771666666634,True,supported
Heywood,reverse,S-X_BRMN_RBTU,5,356.0,0.7092696629213483,-12.147979999999961,49.808766666666685,-5.667921666666672,136.24941704166662,True,supported
Heywood,forward,S-X_KNPW+CB36_BC-2CP,6,23.0,0.5,-287.68665999999996,21.14779,-66.19075500000002,77.38779833333328,True,unsupported
Heywood,reverse,S-X_KNPW+CB36_BC-2CP,6,23.0,0.5,-86.10865500000006,64.44184083333332,-42.22634174999995,159.73225833333328,True,unsupported
Heywood,forward,S-X_MGTI+PATI,19,112.0,0.9241071428571429,47.78857000000005,-32.42030666666665,-72.02259666666669,4.88000999999997,True,supported
Heywood,reverse,S-X_MGTI+PATI,19,112.0,0.9241071428571429,-56.78184833333336,-0.20270833333324845,-70.4284315625,0.7570141249999874,True,supported
Heywood,forward,S-X_TBSE+BDBU,3,15.5,1.0,-400.5313283333333,-6.561978333333286,-387.51284666666675,75.180835,True,indicative
Heywood,reverse,S-X_TBSE+BDBU,3,15.5,1.0,-438.46322999999995,75.67716666666666,-28.872733333333258,154.3110416666667,True,indicative
Heywood,forward,S-X_TBTU+BDBU,4,16.5,0.5454545454545454,-381.4089466666667,5.613799999999912,-18.902575000000013,9.081135833333292,True,indicative
Heywood,reverse,S-X_TBTU+BDBU,4,16.5,0.5454545454545454,-139.17059625000002,1.5744216666666375,-35.185314166666615,92.51097333333337,True,indicative
Heywood,forward,V-ARCW,5,29.0,0.9655172413793104,-2.705498333333331,7.274720833333319,-45.06415166666669,55.36892899999978,True,supported
Heywood,reverse,V-ARCW,5,29.0,0.9655172413793104,63.472825833333275,-121.25417666666664,-207.0687624791666,-67.8691383333333,False,unsupported
Heywood,forward,V-AR_WB_BA,16,129.0,0.9302325581395349,42.348665000000004,-7.880903750000016,-50.23193554166664,36.75627166666669,True,supported
Heywood,reverse,V-AR_WB_BA,16,129.0,0.9302325581395349,18.075184166666673,-39.94191625000002,-76.04034166666668,1.4249108333333425,True,supported
Heywood,forward,V-BAML1_15M,11,108.0,0.9537037037037037,18.81596249999999,11.211748333333304,-13.418289999999985,65.08978499999998,True,supported
Heywood,reverse,V-BAML1_15M,11,108.0,0.9537037037037037,-38.83620124999999,0.5760333333333278,-46.13332920833342,54.99097895833325,True,supported
Heywood,forward,V-BUCW,1,10.0,0.9,-472.05007291666664,-61.723844166666666,-204.173955,4.628508333333315,True,unsupported
Heywood,reverse,V-BUCW,1,10.0,0.9,375.36682500000006,-129.58077583333335,-219.30858666666663,-76.20302666666667,False,unsupported
Heywood,forward,V-CPRC,1,10.5,1.0,-557.3863433333335,-61.11315250000003,-74.29338666666666,-30.424615000000017,False,unsupported
Heywood,reverse,V-CPRC,1,10.5,1.0,79.09348750000001,-89.33536500000005,-186.2898316666667,7.788973333333303,True,unsupported
Heywood,forward,V-CRML,12,150.5,0.8338870431893688,-197.32743166666666,-25.954036666666696,-124.39216852083324,17.2018383333334,True,supported
Heywood,reverse,V-CRML,12,150.5,0.8338870431893688,-184.31565999999995,15.836503333333354,-48.79838166666673,61.073285125000005,True,supported
Heywood,forward,V-CRML1,2,21.5,0.9534883720930233,-8.349144999999993,18.6288008333333,-22.669921666666653,106.72615833333333,True,unsupported
Heywood,reverse,V-CRML1,2,21.5,0.9534883720930233,-216.2104283333333,27.46860666666663,2.444008333333386,80.0,False,unsupported
Heywood,forward,V-CRMO,4,37.5,0.9733333333333334,-292.75933999999995,-4.6415950000000095,-49.68838758333329,31.811773333333328,True,indicative
Heywood,reverse,V-CRMO,4,37.5,0.9733333333333334,-246.84485166666667,-36.0365266666667,-185.94418333333329,57.54823666666664,True,indicative
Heywood,forward,V-CWHO,2,20.0,0.975,-66.2609333333333,26.43113166666666,-124.39788999999996,156.58892999999998,True,unsupported
Heywood,reverse,V-CWHO,2,20.0,0.975,247.1786208333334,13.651809166666695,-65.06463500000001,120.34622666666667,True,unsupported
Heywood,forward,V-DDMS,9,199.0,0.9120603015075377,-71.18020833333338,-23.81718916666665,-53.34109000000001,-7.224775000000006,False,unsupported
Heywood,reverse,V-DDMS,9,199.0,0.9120603015075377,-71.63376500000004,-2.8425791666666385,-50.543720625000006,14.345612374999936,True,supported
Heywood,forward,V-HGMO,1,6.0,0.6666666666666666,-143.63057166666667,-144.19998833333332,-164.34443166666665,202.76152666666673,True,unsupported
Heywood,reverse,V-HGMO,1,6.0,0.6666666666666666,-31.375344999999953,136.12409166666666,119.40019749999999,292.39494,False,unsupported
Heywood,forward,V-HGTR,1,12.0,1.0,-306.86412916666666,16.492198333333363,-61.92175500000002,64.50540333333322,True,unsupported
Heywood,reverse,V-HGTR,1,12.0,1.0,-263.5977908333333,-318.0898950000001,-631.8141016666666,-78.80512333333331,False,unsupported
Heywood,forward,V-HYMO,7,67.5,0.9851851851851852,-125.4913683333333,23.729264999999998,-29.08197999999993,121.152179083333,True,supported
Heywood,reverse,V-HYMO,7,67.5,0.9851851851851852,-159.599665,-24.45797166666668,-101.53231833333336,29.246276666666688,True,supported
Heywood,forward,V-HYTR,3,18.0,1.0,-340.35163166666666,-68.46347416666674,-481.36237833333337,108.45072333333337,True,indicative
Heywood,reverse,V-HYTR,3,18.0,1.0,75.71788416666664,90.02673333333337,-265.9080016666667,265.39843916666666,True,indicative
Heywood,forward,V-KG_WE_RC,7,78.0,0.9038461538461539,-15.115859999999998,7.999999999999943,-11.681681666666691,52.048415000000034,True,supported
Heywood,reverse,V-KG_WE_RC,7,78.0,0.9038461538461539,1.3790983333333315,-0.41934166666658257,-62.28888999999998,18.933616604166676,True,supported
Heywood,forward,V-KMRC,20,174.5,0.8997134670487106,-19.161063333333345,12.787229999999909,-18.305107791666654,43.99999999999994,True,supported
Heywood,reverse,V-KMRC,20,174.5,0.8997134670487106,61.32939166666665,39.87573083333331,-4.218071666666674,114.21936937500001,True,supported
Heywood,forward,V-KOWE,2,271.5,0.6813996316758748,-66.74250583333327,11.125734999999963,-41.03486499999997,72.81674916666667,True,unsupported
Heywood,reverse,V-KOWE,2,271.5,0.6813996316758748,44.2243616666667,-80.28432583333336,-210.22156904166667,-5.32733612500004,False,unsupported
Heywood,forward,V-MLSY_NOEMTT_P,2,6.5,0.3076923076923077,-311.07034,69.33585833333336,-54.12614666666667,121.84788333333333,True,unsupported
Heywood,reverse,V-MLSY_NOEMTT_P,2,6.5,0.3076923076923077,-3.511256666666668,23.461209999999937,-386.5542899999999,77.99356583333338,True,unsupported
Heywood,forward,V-MLSY_NOEMTT_R,11,861.0,0.8130081300813008,-131.33220708333332,-2.880010000000027,-36.318877875,17.038200000000018,True,supported
Heywood,reverse,V-MLSY_NOEMTT_R,11,861.0,0.8130081300813008,0.0,7.707531666666682,0.0,48.81163208333332,True,supported
Heywood,forward,V-MOTR,1,11.0,1.0,-103.1759841666667,-17.708559999999977,-51.27606166666669,15.878382500000157,True,unsupported
Heywood,reverse,V-MOTR,1,11.0,1.0,-143.09997916666666,114.77052916666668,-3.16073833333337,203.14774666666668,True,unsupported
Heywood,forward,V-MRKM,11,97.5,0.8717948717948718,25.246429166666644,-12.157669166666693,-79.60796495833334,25.261144999999942,True,supported
Heywood,reverse,V-MRKM,11,97.5,0.8717948717948718,-9.224905833333338,46.8908408333333,0.0,104.38881,True,supported
Heywood,forward,V-RCTS_BUS2,4,49.0,0.9693877551020408,-41.39462,76.64922625000004,36.646270312500086,159.27999999999997,False,indicative
Heywood,reverse,V-RCTS_BUS2,4,49.0,0.9693877551020408,-44.46197833333338,4.721258333333367,-7.377178333333347,56.62065083333334,True,indicative
Heywood,forward,V-SMSC,4,1477.0,0.7146242383209208,8.89344333333338,3.4453758333333298,-10.673673583333365,29.557667666666568,True,indicative
Heywood,reverse,V-SMSC,4,1477.0,0.7146242383209208,10.097794166666631,-69.37406666666666,-129.03775166666662,-19.917195895833387,False,indicative
Murraylink,forward,CA_BRIS_58730C07,0,,,,,,,,unsupported
Murraylink,reverse,CA_BRIS_58730C07,0,,,,,,,,unsupported
Murraylink,forward,CA_BRIS_5873DCEF,0,,,,,,,,unsupported
Murraylink,reverse,CA_BRIS_5873DCEF,0,,,,,,,,unsupported
Murraylink,forward,CA_BRIS_5964121F,1,1.5,1.0,-176.403905,-3.7546841666666566,-7.5,79.267965,True,unsupported
Murraylink,reverse,CA_BRIS_5964121F,1,1.5,1.0,6.674463333333335,-21.622130833333333,-152.66666666666666,7.5,True,unsupported
Murraylink,forward,CA_BRIS_59643BAE,1,6.5,1.0,-62.059365,89.64842999999999,32.33333333333334,133.48470166666667,False,unsupported
Murraylink,reverse,CA_BRIS_59643BAE,1,6.5,1.0,-97.121045,-103.66666666666666,-143.16666666666669,-77.23285,False,unsupported
Murraylink,forward,CA_SYDS_562A9792,1,4.0,0.875,52.41574083333334,10.20215458333334,5.211288333333357,25.794398333333334,False,unsupported
Murraylink,reverse,CA_SYDS_562A9792,1,4.0,0.875,0.0,-10.202153750000008,-55.86003666666667,-9.360426666666683,False,unsupported
Murraylink,forward,CA_SYDS_594882A3,0,,,,,,,,unsupported
Murraylink,reverse,CA_SYDS_594882A3,0,,,,,,,,unsupported
Murraylink,forward,CA_SYDS_597A8B26,1,4.5,0.1111111111111111,-0.7842366666666862,-13.971443333333333,-28.995598333333348,-7.312398333333334,False,unsupported
Murraylink,reverse,CA_SYDS_597A8B26,1,4.5,0.1111111111111111,0.7842449999999985,128.15608916666667,84.48655333333332,161.20248833333335,False,unsupported
Murraylink,forward,CA_SYDS_597B3DBD,1,2.0,0.25,11.215949999999992,27.07553916666666,7.5,213.58395,False,unsupported
Murraylink,reverse,CA_SYDS_597B3DBD,1,2.0,0.25,-11.215936666666664,-103.66666666666666,-196.00495083333334,-100.33333333333333,False,unsupported
Murraylink,forward,CA_SYDS_597B5710,2,7.0,0.07142857142857142,-11.577438333333333,33.02153083333335,20.331168333333352,59.95595166666668,False,unsupported
Murraylink,reverse,CA_SYDS_597B5710,2,7.0,0.07142857142857142,11.577446666666674,-69.66666666666666,-77.83333333333333,-66.33333333333333,False,unsupported
Murraylink,forward,I-6F_NS_000,0,,,,,,,,unsupported
Murraylink,reverse,I-6F_NS_000,0,,,,,,,,unsupported
Murraylink,forward,I-6F_NS_050,1,4.5,1.0,56.36340499999999,6.833333333333314,-0.35167666666669106,31.224545000000013,True,unsupported
Murraylink,reverse,I-6F_NS_050,1,4.5,1.0,32.33333333333333,7.770124166666676,-29.563123333333337,101.69913666666666,True,unsupported
Murraylink,forward,I-BDBU_ONE,27,3306.5,0.4789051867533646,4.9999999999999996e-06,0.6786816666666766,-2.2398991666666745,6.544505375000019,True,unsupported
Murraylink,reverse,I-BDBU_ONE,27,3306.5,0.4789051867533646,-1.5,-1.7075133333333312,-7.337500000000002,0.8712649166666718,True,unsupported
Murraylink,forward,I-BURC,16,157.5,0.8666666666666667,-0.11271833333330505,0.0,-3.685273333333356,3.478836666666666,True,supported
Murraylink,reverse,I-BURC,16,157.5,0.8666666666666667,65.06269833333332,-1.4638912500000032,-11.258515958333307,4.1611216666666735,True,supported
Murraylink,forward,I-BURC_X1,14,888.5,0.8176702307259426,0.055933333333328505,-6.347283333333344,-12.931462874999973,-1.3900865833333325,False,unsupported
Murraylink,reverse,I-BURC_X1,14,888.5,0.8176702307259426,3.6666666666666714,5.93404916666668,1.3333333333333286,12.333333333333334,False,unsupported
Murraylink,forward,I-HYSE,15,423.0,0.7174940898345153,-0.6621549999999843,7.718145000000007,-13.508713333333342,36.97892814583331,True,supported
Murraylink,reverse,I-HYSE,15,423.0,0.7174940898345153,23.24179833333335,-3.1436166666666674,-18.211720000000014,15.549254875,True,supported
Murraylink,forward,I-LTMS,2,58.0,0.8448275862068966,-8.333333333333334e-06,5e-06,0.0,12.65887749999999,True,unsupported
Murraylink,reverse,I-LTMS,2,58.0,0.8448275862068966,0.0,0.0,-5.668413333333348,4.166666666662878e-08,True,unsupported
Murraylink,forward,I-MURRAY_SRAS_R,3,5.0,1.0,55.37102833333334,0.7202358333333336,-17.160544999999985,4.449336666666653,True,indicative
Murraylink,reverse,I-MURRAY_SRAS_R,3,5.0,1.0,-176.05824583333333,-2.576938333333331,-25.830324999999988,-3.6852733333333276,False,indicative
Murraylink,forward,I-SVML_044,12,46.0,0.391304347826087,-121.483965,-0.6999574999999956,-9.459276666666653,4.696713333333321,True,unsupported
Murraylink,reverse,I-SVML_044,12,46.0,0.391304347826087,8.916666666666668,0.29642958333332103,-4.833333333333336,11.716733333333337,True,unsupported
Murraylink,forward,I-SVML_088,9,31.0,0.6290322580645161,10.27697,4.534217500000011,-0.2629016666666928,9.472401666666684,True,supported
Murraylink,reverse,I-SVML_088,9,31.0,0.6290322580645161,0.0,-7.124791666666653,-20.166666666666668,-0.5,False,unsupported
Murraylink,forward,I-SVML_132,10,45.0,0.6444444444444445,82.61666083333333,0.21855499999999495,0.0,6.4517033333333345,True,supported
Murraylink,reverse,I-SVML_132,10,45.0,0.6444444444444445,-8.333333333609971e-06,-0.07871333333334007,-4.652516666666685,0.0,True,supported
Murraylink,forward,I-VSML_044,12,46.0,0.391304347826087,-121.483965,-0.6999574999999956,-9.459276666666653,4.696713333333321,True,unsupported
Murraylink,reverse,I-VSML_044,12,46.0,0.391304347826087,8.916666666666668,0.29642958333332103,-4.833333333333336,11.716733333333337,True,unsupported
Murraylink,forward,I-VSML_088,9,31.0,0.6290322580645161,9.795199999999994,4.534217500000011,-0.2629016666666928,9.472401666666684,True,supported
Murraylink,reverse,I-VSML_088,9,31.0,0.6290322580645161,0.0,-7.124791666666653,-20.166666666666668,-0.5,False,unsupported
Murraylink,forward,I-VSML_132,10,45.0,0.6444444444444445,82.61666083333333,0.21855499999999495,0.0,6.4517033333333345,True,supported
Murraylink,reverse,I-VSML_132,10,45.0,0.6444444444444445,-8.333333333609971e-06,-0.07871333333334007,-4.652516666666685,0.0,True,supported
Murraylink,forward,I-VSML_176,8,29.5,0.8813559322033898,13.199149166666686,0.7079683333333264,-3.205204999999978,4.534217500000011,True,supported
Murraylink,reverse,I-VSML_176,8,29.5,0.8813559322033898,46.03233916666666,-1.4179941666666593,-7.142923624999989,2.543246666666647,True,supported
Murraylink,forward,I-VS_HEY_600_TEST,0,,,,,,,,unsupported
Murraylink,reverse,I-VS_HEY_600_TEST,0,,,,,,,,unsupported
Murraylink,forward,I-X_64_DDSM,1,7.5,1.0,-15.074529999999982,25.097340833333327,-5.548590000000019,31.27847833333334,True,unsupported
Murraylink,reverse,I-X_64_DDSM,1,7.5,1.0,-17.654519999999998,-8.595974583333337,-22.833333333333332,2.6764300000000105,True,unsupported
Murraylink,forward,I-X_6F_KMRC,4,11.0,0.5,-79.62627833333332,-4.251420833333356,-12.446213333333333,30.293806666666654,True,indicative
Murraylink,reverse,I-X_6F_KMRC,4,11.0,0.5,34.16666666666667,9.384387499999974,0.34455666666664797,24.16667833333333,False,indicative
Murraylink,forward,I-X_BABU_BURC,5,23.5,0.7446808510638298,30.568870000000004,-1.269404999999992,-7.699768333333338,0.0,True,indicative
Murraylink,reverse,I-X_BABU_BURC,5,23.5,0.7446808510638298,-34.49999999999999,0.0,0.0,7.0,True,indicative
Murraylink,forward,I-X_BDBU+HYSE,5,42.5,0.788235294117647,-28.887078333333335,-17.92766583333332,-73.49668441666667,42.78225583333334,True,supported
Murraylink,reverse,I-X_BDBU+HYSE,5,42.5,0.788235294117647,42.64210999999999,5.339298333333339,-60.349725,69.69806500000001,True,supported
Murraylink,forward,N-BABU,21,514.5,0.783284742468416,-73.85033000000001,-0.1265899999999931,-6.555760333333319,3.3749999999999626e-06,True,supported
Murraylink,reverse,N-BABU,21,514.5,0.783284742468416,50.854280833333334,1.3333333333333357,0.0,9.207954083333293,True,supported
Murraylink,forward,N-BADP,14,91.0,0.978021978021978,-14.821925833333339,-8.006096666666664,-51.684311666666666,0.0,True,supported
Murraylink,reverse,N-BADP,14,91.0,0.978021978021978,6.792256666666663,3.2370566666666605,0.0,38.28089333333333,True,supported
Murraylink,forward,N-BJYS_970,1,68.5,0.9781021897810219,84.07106416666667,-5.495566666666676,-95.0,0.0,True,unsupported
Murraylink,reverse,N-BJYS_970,1,68.5,0.9781021897810219,-16.360337083333334,0.0,0.0,9.0,True,unsupported
Murraylink,forward,N-BU_7118,1,154.0,0.7987012987012987,11.107245,5e-06,-0.48339666666667824,31.60286541666666,True,unsupported
Murraylink,reverse,N-BU_7118,1,154.0,0.7987012987012987,56.677327500000004,0.0,-38.5,13.178031374999966,True,unsupported
Murraylink,forward,N-CLDE_99L_C,8,326.5,0.7672281776416539,-3.3333333333333337e-06,-3.5220329166666744,-19.19195187499999,9.141138208333329,True,supported
Murraylink,reverse,N-CLDE_99L_C,8,326.5,0.7672281776416539,-12.984585000000003,1.3494791666666615,-14.43699020833333,14.339930166666663,True,supported
Murraylink,forward,N-CNLT_07,10,895.0,0.7670391061452514,7.253271666666663,-3.8995250000000112,-19.000491666666665,4.516338083333347,True,supported
Murraylink,reverse,N-CNLT_07,10,895.0,0.7670391061452514,-1.31688166666666,11.416666666666664,-0.10742333333331544,34.333333333333336,True,supported
Murraylink,forward,N-CTMN_4_WG_CLOSE,12,1630.0,0.6248466257668711,-1.866074999999995,-1.579295000000002,-8.102716666666652,7.0702232499999855,True,supported
Murraylink,reverse,N-CTMN_4_WG_CLOSE,12,1630.0,0.6248466257668711,14.25,0.0,-5.837180416666666,7.527657500000004,True,supported
Murraylink,forward,N-CTYS_3L_WG_CLOSE,11,804.0,0.7879353233830846,3.0,0.019957499999989636,-5.168210458333324,5.649553541666649,True,supported
Murraylink,reverse,N-CTYS_3L_WG_CLOSE,11,804.0,0.7879353233830846,-12.833333333333329,7.481985833333326,-1.4211655833333308,23.754845000000003,True,supported
Murraylink,forward,N-DPWG_63,9,283.0,0.508833922261484,-66.31624083333332,-1.750000000000007,-11.01333333333335,4.166666666662878e-08,True,unsupported
Murraylink,reverse,N-DPWG_63,9,283.0,0.508833922261484,46.68113541666667,8.047286666666665,1.3333333333333357,23.00449379166666,False,unsupported
Murraylink,forward,N-DPWG_63_X5,5,276.5,0.4864376130198915,-62.527554166666675,-2.0,-14.086581541666696,0.0,True,unsupported
Murraylink,reverse,N-DPWG_63_X5,5,276.5,0.4864376130198915,43.818141666666676,8.961400000000012,1.1666666666666679,28.333333333333332,False,unsupported
Murraylink,forward,N-DTKV_18_WG_CLOSE,5,59.5,0.9159663865546218,0.0,-0.7675712499999889,-19.469040749999994,0.0,True,supported
Murraylink,reverse,N-DTKV_18_WG_CLOSE,5,59.5,0.9159663865546218,0.0,5e-06,-1.6666666666666669e-06,21.5,True,supported
Murraylink,forward,N-DTMN_8_15M,9,383.0,0.7323759791122716,-1.0881699999999626,4.234071666666665,0.2808376041666492,9.368061583333324,False,unsupported
Murraylink,reverse,N-DTMN_8_15M,9,383.0,0.7323759791122716,-3.6862366666666446,-3.3376316666666774,-9.879551666666657,0.9742583333333243,True,supported
Murraylink,forward,N-DTSS_11,9,536.5,0.7166821994408201,10.499999999999986,3.987839999999977,0.0,9.0,True,supported
Murraylink,reverse,N-DTSS_11,9,536.5,0.7166821994408201,-12.0,-2.1471216666666635,-7.5,0.0,True,supported
Murraylink,forward,N-GFYC-99J-C,7,354.0,0.8516949152542372,3.3333333333333286,-2.924266666666682,-13.841494208333328,4.0,True,supported
Murraylink,reverse,N-GFYC-99J-C,7,354.0,0.8516949152542372,-9.0,1.0,-7.5,12.73203333333332,True,supported
Murraylink,forward,N-JNWG_RADIAL,3,206.5,0.3414043583535109,-106.87617166666666,-1.2202666666666602,-27.93694329166666,0.0,True,indicative
Murraylink,reverse,N-JNWG_RADIAL,3,206.5,0.3414043583535109,79.97657083333334,7.166666666666665,4.166666666666667e-06,32.0,False,indicative
Murraylink,forward,N-KVCW_3W_WG_CLOSE,9,249.5,0.9378757515030061,-10.17136166666667,4.306304999999995,-4.474663479166648,15.068976666666657,True,supported
Murraylink,reverse,N-KVCW_3W_WG_CLOSE,9,249.5,0.9378757515030061,-2.895256666666665,-3.068997500000009,-19.01996816666666,10.149339999999995,True,supported
Murraylink,forward,N-LTUT_64_15M,9,425.0,0.7447058823529412,5.826681666666673,-2.0,-17.89225666666667,9.593372999999989,True,supported
Murraylink,reverse,N-LTUT_64_15M,9,425.0,0.7447058823529412,12.951436666666652,5.753685000000004,-0.7200986249999924,18.87352641666665,True,supported
Murraylink,forward,N-LTWG_63,2,18.0,0.6388888888888888,-29.333333333333343,-15.732269166666669,-66.56523833333333,-7.216398333333302,False,unsupported
Murraylink,reverse,N-LTWG_63,2,18.0,0.6388888888888888,80.83333333333333,18.042706666666668,-8.312730000000002,23.339231666666663,True,unsupported
Murraylink,forward,N-LTWG_RADIAL,4,55.5,0.7747747747747747,-74.14442666666667,-7.166666666666671,-24.0,18.166666666666657,True,indicative
Murraylink,reverse,N-LTWG_RADIAL,4,55.5,0.7747747747747747,43.333333333333336,18.0,-1.1666666666666714,34.833333333333336,True,indicative
Murraylink,forward,N-LTWG_X5,4,219.5,0.9476082004555809,-23.498279583333336,13.401882499999994,3.7478074999999933,25.088580708333332,False,indicative
Murraylink,reverse,N-LTWG_X5,4,219.5,0.9476082004555809,11.583333333333334,-11.833333333333332,-22.184479333333343,1.5833333333333286,True,indicative
Murraylink,forward,N-MNYS_5_WG_CLOSE,15,2324.0,0.5905765920826161,5.9503183333333425,-3.110727499999994,-9.153370916666695,1.6495746249999983,True,unsupported
Murraylink,reverse,N-MNYS_5_WG_CLOSE,15,2324.0,0.5905765920826161,0.0,6.6666666666666675e-06,-5.833136874999996,5.804794583333337,True,unsupported
Murraylink,forward,N-WGNA_994_C,3,28.5,0.8947368421052632,0.0,-11.23110583333333,-20.733793333333352,18.32085333333334,True,indicative
Murraylink,reverse,N-WGNA_994_C,3,28.5,0.8947368421052632,2.4999999999999998e-06,14.564854166666656,-22.713396666666654,59.757365,True,indicative
Murraylink,forward,N-WGWA_63,1,132.0,0.9734848484848485,-101.02114333333333,5.795339999999996,-1.5,17.0,True,unsupported
Murraylink,reverse,N-WGWA_63,1,132.0,0.9734848484848485,51.66666166666667,-4.666666666666668,-24.750000000000007,7.083333333333332,True,unsupported
Murraylink,forward,N-WGWA_63_X5,4,174.5,0.8624641833810889,-92.76775833333333,8.205728333333326,-21.30708,27.020042583333314,True,indicative
Murraylink,reverse,N-WGWA_63_X5,4,174.5,0.8624641833810889,41.76013499999999,8.663134166666666,-22.261402458333333,36.683333333333316,True,indicative
Murraylink,forward,N-WGWA_RADIAL,1,132.0,0.9772727272727273,-54.59483916666669,10.650457499999993,-2.151139166666667,24.07987666666665,True,unsupported
Murraylink,reverse,N-WGWA_RADIAL,1,132.0,0.9772727272727273,37.087582499999996,-12.96117291666667,-42.26560377083333,3.416666666666667,True,unsupported
Murraylink,forward,N-WGWA_X5,2,281.5,0.8738898756660746,-95.73228166666667,11.5,-2.1132450000000063,26.16667,True,unsupported
Murraylink,reverse,N-WGWA_X5,2,281.5,0.8738898756660746,44.160021666666665,3.1665249999999787,-15.17116202083333,20.336821083333334,True,unsupported
Murraylink,forward,N-WNMR_991,4,63.5,0.9291338582677166,4.732555833333328,2.818729166666671,-9.967814166666642,16.5,True,indicative
Murraylink,reverse,N-WNMR_991,4,63.5,0.9291338582677166,-11.34884416666668,-5.149518333333319,-17.540833083333332,5.684138333333333,True,indicative
Murraylink,forward,N-X_03+4_WG_CLOSE,2,125.5,0.8605577689243028,-19.232303333333334,-60.84965583333333,-136.5,5.781271666666669,True,unsupported
Murraylink,reverse,N-X_03+4_WG_CLOSE,2,125.5,0.8605577689243028,25.916666666666664,28.75222166666667,-12.999996666666666,68.33333333333333,True,unsupported
Murraylink,forward,N-X_051_X5,2,19.5,0.6923076923076923,-137.71281,-39.825489999999995,-96.41840916666666,-36.409313333333344,False,unsupported
Murraylink,reverse,N-X_051_X5,2,19.5,0.6923076923076923,70.46262833333333,35.5,25.997723333333333,48.83333333333333,False,unsupported
Murraylink,forward,N-X_2_5,2,58.5,0.48717948717948717,21.694306666666677,4.924569999999989,-52.492633333333316,22.52916666666664,True,unsupported
Murraylink,reverse,N-X_2_5,2,58.5,0.48717948717948717,-34.496943333333334,-6.0,-60.333333333333336,19.166666666666664,True,unsupported
Murraylink,forward,N-X_3L+07_WG_CLOSE,2,56.5,0.831858407079646,97.00239583333334,-82.18201833333333,-196.65679333333333,-7.96777000000003,False,unsupported
Murraylink,reverse,N-X_3L+07_WG_CLOSE,2,56.5,0.831858407079646,-60.2958975,75.83333333333334,12.5,129.0,False,unsupported
Murraylink,forward,N-X_3L+11_WG_CLOSE,2,81.0,0.9259259259259259,-14.333333333333329,5.0773366666666675,-8.241078333333348,7.833333333333343,True,unsupported
Murraylink,reverse,N-X_3L+11_WG_CLOSE,2,81.0,0.9259259259259259,15.294870000000003,1.5,-21.050646666666665,41.17899837499963,True,unsupported
Murraylink,forward,N-X_3L+2_WG_CLOSE,3,38.5,0.8571428571428571,18.45283583333333,-12.33844666666667,-125.66666666666667,5.239533333333327,True,indicative
Murraylink,reverse,N-X_3L+2_WG_CLOSE,3,38.5,0.8571428571428571,-18.959944999999998,-3.041669166666667,-13.5,17.435416666666573,True,indicative
Murraylink,forward,N-X_4+07_WG_CLOSE,4,139.5,0.9390681003584229,9.387129166666675,3.0833333333333357,-8.374176666666663,21.0,True,indicative
Murraylink,reverse,N-X_4+07_WG_CLOSE,4,139.5,0.9390681003584229,0.2412025,-15.666666666666668,-34.14380666666666,1.5,True,indicative
Murraylink,forward,N-X_5+07_WG_CLOSE,2,33.5,0.9701492537313433,11.472973333333329,-15.027428333333347,-30.565588333333338,1.0595366666666735,True,unsupported
Murraylink,reverse,N-X_5+07_WG_CLOSE,2,33.5,0.9701492537313433,16.349235,6.603413333333338,-2.353120000000004,41.83333333333333,True,unsupported
Murraylink,forward,N-X_LTYS_MNYS,2,48.5,0.7422680412371134,-132.73200749999998,36.78799000000001,-0.44029391666666934,80.95131666666667,True,unsupported
Murraylink,reverse,N-X_LTYS_MNYS,2,48.5,0.7422680412371134,104.80855833333334,-65.00816250000001,-141.12916666666663,-20.89528333333333,False,unsupported
Murraylink,forward,S-BGDV,5,191.5,0.9451697127937336,3.797506666666667,1.1876258333333425,-5.898844916666671,11.735333333333337,True,supported
Murraylink,reverse,S-BGDV,5,191.5,0.9451697127937336,3.793065000000013,-2.473097916666669,-13.518229916666666,7.488845,True,supported
Murraylink,forward,S-BGRH,1,1538.5,0.5680857978550536,5.270105000000015,-6.388278750000001,-17.757719770833337,8.310358333333312,True,unsupported
Murraylink,reverse,S-BGRH,1,1538.5,0.5680857978550536,-7.073488333333344,11.779825833333334,-5.833333333333336,32.36122999999999,True,unsupported
Murraylink,forward,S-BRBG,3,297.0,0.8821548821548821,7.018627500000008,-1.7349616666666634,-12.378968333333319,4.801765833333349,True,indicative
Murraylink,reverse,S-BRBG,3,297.0,0.8821548821548821,-5.205220833333328,2.0997050000000144,-8.166666666666671,16.5,True,indicative
Murraylink,forward,S-BRTW,2,7.5,0.9333333333333333,-238.69011749999999,-7.618312500000002,-179.221385,12.086276666666667,True,unsupported
Murraylink,reverse,S-BRTW,2,7.5,0.9333333333333333,94.345225,6.687556666666659,-18.213939999999994,114.65286000000002,True,unsupported
Murraylink,forward,S-BWMP,2,21.5,0.6511627906976745,-197.02039333333335,4.612641666666633,-19.23567666666669,10.185450833333334,True,unsupported
Murraylink,reverse,S-BWMP,2,21.5,0.6511627906976745,94.14294166666667,7.873613333333331,-29.0,61.17994833333334,True,unsupported
Murraylink,forward,S-DVLK,1,11.0,1.0,-75.29175749999999,15.755526666666668,8.0,32.40773916666663,False,unsupported
Murraylink,reverse,S-DVLK,1,11.0,1.0,89.33882083333333,-13.174231666666685,-37.5,-6.666666666666664,False,unsupported
Murraylink,forward,S-MKRB,3,74.0,0.9121621621621622,68.05690333333332,10.767250000000004,-2.2000950000000046,35.76297666666666,True,indicative
Murraylink,reverse,S-MKRB,3,74.0,0.9121621621621622,-24.5,-8.885458333333334,-47.2489925,7.907290770833333,True,indicative
Murraylink,forward,S-MWPS2-MWPS3,3,735.5,0.8388851121685927,-6.522425833333337,9.428590833333331,-9.3261,26.833341666666666,True,indicative
Murraylink,reverse,S-MWPS2-MWPS3,3,735.5,0.8388851121685927,3.3333333333333337e-06,-0.5833333333333286,-27.14073666666667,21.91875,True,indicative
Murraylink,forward,S-PA_VC1,21,569.5,0.8665496049165935,-1.2499999999999999e-05,0.0,-9.827944124999991,3.0032858749999964,True,supported
Murraylink,reverse,S-PA_VC1,21,569.5,0.8665496049165935,0.0,-5.307639999999992,-14.053094624999998,0.0,True,supported
Murraylink,forward,S-RBTU,13,339.5,0.8365243004418262,-5.874647916666667,0.0,-10.5,9.596973333333352,True,supported
Murraylink,reverse,S-RBTU,13,339.5,0.8365243004418262,8.860152500000002,0.1803570833333339,-10.507604458333335,13.08041687499999,True,supported
Murraylink,forward,S-TBSE,48,1023.0,0.7820136852394917,0.0,0.0,-5.67499999999999,5.575660416666673,True,supported
Murraylink,reverse,S-TBSE,48,1023.0,0.7820136852394917,-19.3709375,0.0,-4.095244999999977,6.004166666666663,True,supported
Murraylink,forward,S-TPRS,4,481.0,0.8367983367983368,-24.013006666666666,-21.583333333333343,-42.32837549999997,-9.832265833333338,False,indicative
Murraylink,reverse,S-TPRS,4,481.0,0.8367983367983368,28.006078333333335,18.189786666666656,7.166666666666671,35.18008497916666,False,indicative
Murraylink,forward,S-WE_MWP4,5,1168.5,0.5635430038510911,1.6666666666666714,10.608965833333322,-8.286731666666654,26.438498333333328,True,unsupported
Murraylink,reverse,S-WE_MWP4,5,1168.5,0.5635430038510911,0.0,5.179169999999999,-8.817830000000015,19.5,True,unsupported
Murraylink,forward,S-X_BGBW+BGDV+BGTX,3,453.5,0.6119073869900772,-15.083333333333334,-1.75,-19.180288333333333,15.128135,True,indicative
Murraylink,reverse,S-X_BGBW+BGDV+BGTX,3,453.5,0.6119073869900772,0.4156250000000057,3.789642500000003,-10.0125,26.845821958333318,True,indicative
Murraylink,forward,S-X_BGRH+BRTX3,2,22.0,0.5909090909090909,-5.737327500000006,0.9764391666666654,-57.083333333333314,8.740974999999992,True,unsupported
Murraylink,reverse,S-X_BGRH+BRTX3,2,22.0,0.5909090909090909,4.8716824999999915,-2.458333333333334,-12.0,57.08333333333333,True,unsupported
Murraylink,forward,S-X_BGRH+RBTX,3,81.5,0.9263803680981595,-12.916666666666671,-11.85386166666666,-53.557039999999986,-2.146031666666687,False,indicative
Murraylink,reverse,S-X_BGRH+RBTX,3,81.5,0.9263803680981595,30.83796666666666,7.622779999999999,-19.333333333333332,41.413735,True,indicative
Murraylink,forward,S-X_BRMN_RBTU,5,356.0,0.8132022471910112,0.41433000000000675,-7.940954583333351,-32.44210554166666,4.814819958333345,True,supported
Murraylink,reverse,S-X_BRMN_RBTU,5,356.0,0.8132022471910112,0.6666666666666643,3.0833333333333357,-7.96601499999997,25.5,True,supported
Murraylink,forward,S-X_BRMN_WEWT,2,74.0,0.8648648648648649,-107.83333333333333,8.306946666666704,3.1668599999999856,25.508333333333326,False,unsupported
Murraylink,reverse,S-X_BRMN_WEWT,2,74.0,0.8648648648648649,-32.5000025,-5.166666666666671,-31.666666666666664,0.666666666666667,True,unsupported
Murraylink,forward,S-X_BWMP+MPPA,3,181.5,0.5867768595041323,54.33333333333333,-9.0595675,-24.47890833333335,3.0,True,indicative
Murraylink,reverse,S-X_BWMP+MPPA,3,181.5,0.5867768595041323,-38.882649166666674,11.47035166666668,-0.5,37.335004999999995,True,indicative
Murraylink,forward,S-X_CNLK_CNRB,3,60.5,0.8512396694214877,-16.895825,11.801524166666667,4.666666666666686,23.796151666666674,False,indicative
Murraylink,reverse,S-X_CNLK_CNRB,3,60.5,0.8512396694214877,52.43913833333332,0.3333333333333357,-26.004166666666674,16.5,True,indicative
Murraylink,forward,S-X_PA6510+BWPA,1,4.0,1.0,32.07364583333334,-8.789850000000001,-276.89269333333334,67.7459075,True,unsupported
Murraylink,reverse,S-X_PA6510+BWPA,1,4.0,1.0,-87.80602666666665,-36.05281749999999,-97.94084749999999,198.22699666666665,True,unsupported
Murraylink,forward,V-ARCW,5,29.0,0.896551724137931,-60.91586583333333,4.79424666666668,-12.248781666666673,78.97877000000001,True,supported
Murraylink,reverse,V-ARCW,5,29.0,0.896551724137931,138.7784725,-4.546965,-169.675735,57.07162833333334,True,supported
Murraylink,forward,V-AR_WB_BA,16,129.0,0.8372093023255814,-55.253805416666665,-1.1529416666666634,-8.20939641666667,3.3573384583333232,True,supported
Murraylink,reverse,V-AR_WB_BA,16,129.0,0.8372093023255814,19.017499166666664,-1.8842233333333311,-11.463385000000017,5.166666666666667,True,supported
Murraylink,forward,V-BAML1_15M,11,108.0,0.9675925925925926,-6.0,4.797239999999974,1.6077566666666598,8.008873916666658,False,unsupported
Murraylink,reverse,V-BAML1_15M,11,108.0,0.9675925925925926,0.2662549999999726,-2.2508016666666606,-7.159841666666665,1.7436816666666672,True,supported
Murraylink,forward,V-BAML2_15M,3,68.0,0.6691176470588235,-140.1484125,10.261772500000006,3.3787433333333468,21.070445000000007,False,indicative
Murraylink,reverse,V-BAML2_15M,3,68.0,0.6691176470588235,57.562453333333316,-10.757370000000009,-31.833333333333336,1.666666666666667e-06,True,indicative
Murraylink,forward,V-BEKG,1,8.5,1.0,-15.84111333333334,0.0,0.0,1.4210799999999892,True,unsupported
Murraylink,reverse,V-BEKG,1,8.5,1.0,3.5,-4.954253333333333,-34.260153333333335,-4.500006666666668,False,unsupported
Murraylink,forward,V-BESH,1,12.0,0.9166666666666666,-88.82002374999999,-3.458398333333335,-6.557430000000011,2.476081666666687,True,unsupported
Murraylink,reverse,V-BESH,1,12.0,0.9166666666666666,122.19659083333333,26.25098583333334,6.542263333333352,48.83462,False,unsupported
Murraylink,forward,V-BUCW,1,10.0,0.7,-82.16240083333334,5.333333333333329,-84.82269666666667,18.013208333333324,True,unsupported
Murraylink,reverse,V-BUCW,1,10.0,0.7,78.92345333333333,5.281909999999996,-28.734649999999988,97.15046333333335,True,unsupported
Murraylink,forward,V-CPRC,1,10.5,0.7619047619047619,-143.03518416666668,85.99918,-22.191051666666667,112.8317333333333,True,unsupported
Murraylink,reverse,V-CPRC,1,10.5,0.7619047619047619,-28.49365416666667,-150.07074,-156.83333333333331,-51.66666666666667,False,unsupported
Murraylink,forward,V-CRML,12,150.5,0.893687707641196,-3.5442583333333175,0.0,-19.680356666666654,12.803713333333349,True,supported
Murraylink,reverse,V-CRML,12,150.5,0.893687707641196,0.0,-1.6666666666666669e-06,-30.0,13.507834687499994,True,supported
Murraylink,forward,V-CRMO,4,37.5,0.8,-10.532604166666658,0.0,-53.06961,35.645555,True,indicative
Murraylink,reverse,V-CRMO,4,37.5,0.8,35.92879833333334,-1.6666666666666669e-06,-94.19279150000001,14.833333333333334,True,indicative
Murraylink,forward,V-CWHO,2,20.0,0.95,-22.105576666666657,7.3536008333333385,-18.854821666666666,9.582021666666662,True,unsupported
Murraylink,reverse,V-CWHO,2,20.0,0.95,63.61958708333333,11.703505416666669,-68.82942666666669,69.16666666666666,True,unsupported
Murraylink,forward,V-DDMS,9,199.0,0.8140703517587939,3.27026833333332,0.0,-8.333333333333334e-06,8.485214687499976,True,supported
Murraylink,reverse,V-DDMS,9,199.0,0.8140703517587939,2.0034774999999883,-3.333333333333332,-14.686596708333331,0.0,True,supported
Murraylink,forward,V-DDSM,8,99.0,0.7727272727272727,-9.782168333333374,3.6331833333333208,-1.0129383333333237,11.912954166666697,True,supported
Murraylink,reverse,V-DDSM,8,99.0,0.7727272727272727,0.0,-3.6681258333333346,-10.764699083333356,1.0,True,supported
Murraylink,forward,V-DDSM_N-2,0,,,,,,,,unsupported
Murraylink,reverse,V-DDSM_N-2,0,,,,,,,,unsupported
Murraylink,forward,V-DDWO_RADIAL,3,31.0,0.9193548387096774,-46.192948333333334,-0.5,-15.563013333333316,20.203685000000007,True,indicative
Murraylink,reverse,V-DDWO_RADIAL,3,31.0,0.9193548387096774,103.10401499999999,15.454341666666664,-5.581646666666671,63.282005833333336,True,indicative
Murraylink,forward,V-DDWO_X5,2,21.0,0.9523809523809523,-27.135574166666665,11.666319166666666,-40.0,26.399133333333324,True,unsupported
Murraylink,reverse,V-DDWO_X5,2,21.0,0.9523809523809523,55.062779166666665,31.491441666666667,-9.360445000000002,106.95494166666667,True,unsupported
Murraylink,forward,V-HOMR,3,43.5,0.6436781609195402,-30.114120833333338,1.7725500000000238,-64.36731583333334,104.811645,True,indicative
Murraylink,reverse,V-HOMR,3,43.5,0.6436781609195402,26.249191250000003,12.639028333333329,-5.5,82.06331999999999,True,indicative
Murraylink,forward,V-HYMO,7,67.5,0.7407407407407407,30.036642500000006,0.0,-12.634718125000003,10.545129083333292,True,supported
Murraylink,reverse,V-HYMO,7,67.5,0.7407407407407407,-54.508530833333324,0.06914999999997917,-7.9138666666666495,16.48718666666667,True,supported
Murraylink,forward,V-KGKO,1,1.5,1.0,-114.09823833333333,0.0,-72.37286833333333,0.0,True,unsupported
Murraylink,reverse,V-KGKO,1,1.5,1.0,0.0,0.0,-8.942576666666696,0.0,True,unsupported
Murraylink,forward,V-KG_WE_RC,7,78.0,0.8974358974358975,-7.679114166666658,0.0,-3.3787433333333468,1.3402099999999848,True,supported
Murraylink,reverse,V-KG_WE_RC,7,78.0,0.8974358974358975,3.2457595833333386,4.9999999999999996e-06,-0.434868333333327,3.2206768333333273,True,supported
Murraylink,forward,V-KMRC,20,174.5,0.8825214899713467,-43.06229583333334,13.63833000000001,1.4999492916666668,36.31940000000003,False,unsupported
Murraylink,reverse,V-KMRC,20,174.5,0.8825214899713467,21.000000000000004,-7.091507083333333,-23.882908333333347,4.777908333333329,True,supported
Murraylink,forward,V-KOWE,2,271.5,0.6887661141804788,-26.960455,0.0,-11.965217666666668,51.6722125,True,unsupported
Murraylink,reverse,V-KOWE,2,271.5,0.6887661141804788,7.2216841666666625,0.0,0.0,20.583333333333343,True,unsupported
Murraylink,forward,V-KO_WE_RC,1,11.5,0.782608695652174,110.25427333333333,-0.3333333333333333,-0.6666666666666666,7.333333333333329,True,unsupported
Murraylink,reverse,V-KO_WE_RC,1,11.5,0.782608695652174,-71.244535,-58.33333416666667,-79.73682166666667,32.666666666666664,True,unsupported
Murraylink,forward,V-MLSY_NOEMTT_P,2,6.5,1.0,-78.23704833333333,67.83333333333334,35.666666666666664,162.86220833333334,False,unsupported
Murraylink,reverse,V-MLSY_NOEMTT_P,2,6.5,1.0,14.5,-50.51356666666665,-152.00988666666666,-19.656648333333337,False,unsupported
Murraylink,forward,V-MLSY_NOEMTT_R,11,861.0,0.8060394889663183,4.141393333333355,4.195953333333364,-3.333894874999977,14.172593333333339,True,supported
Murraylink,reverse,V-MLSY_NOEMTT_R,11,861.0,0.8060394889663183,-4.200459999999983,-1.568220000000025,-12.018749999999999,9.680006749999984,True,supported
Murraylink,forward,V-MOTR,1,11.0,1.0,19.425234999999986,18.43512249999999,15.779028333333343,72.833335,False,unsupported
Murraylink,reverse,V-MOTR,1,11.0,1.0,-16.55813291666665,-13.666666666666671,-30.333333333333343,25.830324999999988,True,unsupported
Murraylink,forward,V-MRKM,11,97.5,0.9128205128205128,-51.72699583333334,-19.472563333333326,-40.33333333333333,0.0441283333333331,True,supported
Murraylink,reverse,V-MRKM,11,97.5,0.9128205128205128,50.916669166666665,19.83333333333333,0.0,44.33333333333333,True,supported
Murraylink,forward,V-RCTS_BUS2,4,49.0,0.9693877551020408,0.0,0.0,-7.3075858333333485,5.771180000000001,True,indicative
Murraylink,reverse,V-RCTS_BUS2,4,49.0,0.9693877551020408,0.0,0.0,-21.5,22.25415691666666,True,indicative
Murraylink,forward,V-RCWT,0,,,,,,,,unsupported
Murraylink,reverse,V-RCWT,0,,,,,,,,unsupported
Murraylink,forward,V-SMSC,4,1477.0,0.7136086662153013,-4.299308333333329,2.5830416666666736,-3.790787666666679,9.561762499999986,True,indicative
Murraylink,reverse,V-SMSC,4,1477.0,0.7136086662153013,1.0817579166666604,-1.9519066666666447,-11.833333333333336,6.426033333333333,True,indicative
Murraylink,forward,V-X_BAML2_MLTG_B2CB,1,9.0,0.6666666666666666,0.3039520833333569,4.563838333333322,1.5,5.084429999999998,False,unsupported
Murraylink,reverse,V-X_BAML2_MLTG_B2CB,1,9.0,0.6666666666666666,-0.30395416666667074,-1.3243091666666666,-15.166666666666671,18.562914999999997,True,unsupported
Murraylink,forward,V-X_RCTS_B2_SMTX,2,19.0,1.0,0.0,1.4492325000000008,-29.801243333333332,8.368685000000013,True,unsupported
Murraylink,reverse,V-X_RCTS_B2_SMTX,2,19.0,1.0,0.0,-2.2456783333333306,-28.5,22.249989999999997,True,unsupported
Basslink,forward,F-I_FFR_GLOBAL,0,,,,,,,,unsupported
Basslink,reverse,F-I_FFR_GLOBAL,0,,,,,,,,unsupported
Basslink,forward,F-T-GO_CB_A752,4,876.0,0.7248858447488584,23.904020000000003,-0.9499950000000013,-13.979651458333368,6.083333333333343,True,indicative
Basslink,reverse,F-T-GO_CB_A752,4,876.0,0.7248858447488584,-27.258933749999983,5.612195833333317,-6.871660000000077,25.248751666666692,True,indicative
Basslink,forward,N-JNWG_RADIAL,3,206.5,0.9346246973365617,-9.61079916666666,6.743126666666683,-9.291176666666672,28.641947083333324,True,indicative
Basslink,reverse,N-JNWG_RADIAL,3,206.5,0.9346246973365617,-0.695062500000013,-24.10614000000001,-50.31454937499998,-2.9106350000000134,False,indicative
Basslink,forward,N-LDTW_84,7,226.5,0.8962472406181016,-11.322283333333289,-17.977622499999995,-44.814595000000025,0.0,True,supported
Basslink,reverse,N-LDTW_84,7,226.5,0.8962472406181016,22.561411666666665,18.49933166666665,0.0,68.41578560416664,True,supported
Basslink,forward,N-LTWG_RADIAL,4,55.5,1.0,59.79525166666667,11.387669999999986,0.0,64.11576833333332,True,indicative
Basslink,reverse,N-LTWG_RADIAL,4,55.5,1.0,-62.10539166666672,-43.69912166666671,-135.8019583333333,0.0,True,indicative
Basslink,forward,N-MMWB_ONE,4,25.5,0.8823529411764706,0.0,-20.83333333333333,-122.500975,0.0,True,indicative
Basslink,reverse,N-MMWB_ONE,4,25.5,0.8823529411764706,0.0,0.0,-12.000554999999963,21.649901666666665,True,indicative
Basslink,forward,N-TWUL_85,5,343.0,0.922740524781341,-43.88668333333331,-4.5127866666666705,-29.581816791666682,8.080436666666667,True,supported
Basslink,reverse,N-TWUL_85,5,343.0,0.922740524781341,41.15816000000001,1.012238333333336,-28.276032791666626,30.488749999999982,True,supported
Basslink,forward,Q-X_BRHA_TWO,20,72.0,0.9861111111111112,20.15106416666667,43.09378083333333,0.0,92.37803833333334,True,supported
Basslink,reverse,Q-X_BRHA_TWO,20,72.0,0.9861111111111112,-28.073334166666655,-28.701068333333325,-108.18651,0.0,True,supported
Basslink,forward,Q-X_BRTX1+BRHA,1,8.0,1.0,-16.041667500000017,2.508334999999988,-3.4083274999999844,9.1333433333333,True,unsupported
Basslink,reverse,Q-X_BRTX1+BRHA,1,8.0,1.0,9.240561666666679,1.1283437500000275,-11.43661499999996,12.660458333333395,True,unsupported
Basslink,forward,S-TBSE,48,1023.0,0.9863147605083089,0.0,0.17879666666665628,0.0,18.11653666666666,True,supported
Basslink,reverse,S-TBSE,48,1023.0,0.9863147605083089,-12.115159999999998,-6.716145000000012,-25.689363333333347,0.0,True,supported
Basslink,forward,V-CRML,12,150.5,0.9634551495016611,18.705180833333344,0.0,-3.319734041666658,11.546573333333342,True,supported
Basslink,reverse,V-CRML,12,150.5,0.9634551495016611,-40.690614999999994,0.0,-14.76009979166669,20.299559999999985,True,supported
Basslink,forward,V-DDMS,9,199.0,0.9170854271356784,3.9666766666666717,-13.349993333333316,-39.265851166666714,0.0,True,supported
Basslink,reverse,V-DDMS,9,199.0,0.9170854271356784,-30.045686666666654,15.89027166666665,0.0,46.94997962500003,True,supported
Basslink,forward,V-HGMO,1,6.0,1.0,98.8555575,67.43703833333333,-7.361744999999999,160.82161333333335,True,unsupported
Basslink,reverse,V-HGMO,1,6.0,1.0,-9.855344999999986,-79.2788275,-210.051495,-8.416666666666657,False,unsupported
Basslink,forward,V-HYMO,7,67.5,1.0,1.5,0.0,-35.80665541666666,9.594196666666647,True,supported
Basslink,reverse,V-HYMO,7,67.5,1.0,9.771526666666688,-6.596488333333326,-62.00746833333335,25.68296833333335,True,supported
Basslink,forward,V-HYTR,3,18.0,1.0,130.36621166666666,0.0,-41.66666666666667,0.0013933333333397968,True,indicative
Basslink,reverse,V-HYTR,3,18.0,1.0,-47.10788000000001,40.477295,0.0,84.90883120833307,True,indicative
Basslink,forward,V-KG_WE_RC,7,78.0,1.0,18.268147500000026,-4.896567916666669,-44.09458999999998,12.807298333333364,True,supported
Basslink,reverse,V-KG_WE_RC,7,78.0,1.0,-24.237416666666633,18.03287583333335,-3.704023333333396,57.48517666666663,True,supported
Basslink,forward,V-MLSY_NOEMTT_R,11,861.0,0.8844367015098722,0.7751799999999918,0.0,-15.097467375000043,17.204161666666636,True,supported
Basslink,reverse,V-MLSY_NOEMTT_R,11,861.0,0.8844367015098722,-5.4992599999999925,0.0,-13.796026666666648,20.83333333333333,True,supported
Basslink,forward,V-MOTR,1,11.0,1.0,-21.606470833333333,0.0,-255.86283166666666,22.266601666666674,True,unsupported
Basslink,reverse,V-MOTR,1,11.0,1.0,34.891872500000005,0.0,-49.15431666666666,199.59895999999998,True,unsupported
Basslink,forward,V-RCTS_BUS2,4,49.0,1.0,13.312756250000021,13.532241666666664,-19.801915687500024,72.428005,True,indicative
Basslink,reverse,V-RCTS_BUS2,4,49.0,1.0,-9.348833333333332,-33.33653666666669,-102.57279437500006,2.6090466666667,True,indicative
