event_id,constraint,version_key,equation,description,limit_type,exact_version,Z_note
QNI-lower-20240919T1735,N>>BYSW_16_8,N>>BYSW_16_8|2024-09-02|1,-0.173 * F_VIC_to_NSW +0.718 * P[NAL11C] +0.725 * P[NBA21B] +0.191 * P[NBAY1] +0.191 * P[NBAY2] +0.282 * P[NBAY3] +0.282 * P[NBAY4] +0.724 * P[NBB21B] +0.374 * P[NBES1B] +0.715 * P[NBK11B] +0.715 * P[NBKB3B] +0.715 * P[NBKW1S] +0.716 * P[NBL21L] +0.736 * P[NBLW8] +0.379 * P[NBOD1B] +0.716 * P[NBSF1L] +0.716 * P[NBSF2S] +0.362 * P[NCDS1C] +0.868 * P[NCKW1C] +0.718 * P[NCLS1C] +0.871 * P[NCLW1C] +0.653 * P[NCMA3B] +0.868 * P[NCW31C] +0.386 * P[NCWF2W] +0.718 * P[NDNH1H] +0.718 * P[NDNS1D] -0.378 * P[NDT13T] -0.378 * P[NDTB1T] +0.519 * P[NFBS1J] +0.719 * P[NFNS1F] +0.177 * P[NGNE1G] +0.853 * P[NGUR1G] +0.853 * P[NGUR2G] +0.853 * P[NGUR3G] +0.713 * P[NGUT8] +0.717 * P[NHUM] -0.713 * P[NLTS3] +0.713 * P[NLTS8] +0.41 * P[NMLS1M] +0.391 * P[NMOS1M] +1 * P[NMR22T] +0.174 * P[NMR41M] +0.358 * P[NMTP1] +0.358 * P[NMTP2] +0.171 * P[NMTZ1M] +0.72 * P[NNRN1A] +0.373 * P[NONF1F] +0.472 * P[NPG11P] +0.472 * P[NPG12G] +0.652 * P[NQBB3Q] +0.652 * P[NQBC1C] -0.652 * P[NQBC2C] +0.652 * P[NQBC3C] +0.718 * P[NRB23R] +0.718 * P[NRBB1R] -0.718 * P[NRBB2R] +0.718 * P[NRBB3R] +0.718 * P[NRDP3D] +0.807 * P[NRPK1R] +0.174 * P[NSAP1S] -0.189 * P[NSHL] +0.189 * P[NSHP1] +0.721 * P[NURQ1U] +0.721 * P[NURQ2U] +0.721 * P[NURQ3U] +0.721 * P[NURQ4U] +0.723 * P[NWGG1W] +0.174 * P[NURR1N] +0.174 * P[NURR2N] +0.712 * P[NUTS8] +0.723 * P[NWGJ1J] +0.723 * P[NWGJ2S] +0.723 * P[NWGJ3W] +0.723 * P[NWGJ4W] +0.723 * P[NWGS1B] +0.381 * P[NWL82N] +0.375 * P[NWLN1W] +0.381 * P[NWLS3N] +0.381 * P[NWLS4W] +0.391 * P[NWLW1S] +0.375 * P[NWOW1W] +0.171 * P[NWRK1W] +0.171 * P[NWRK2W] +0.751 * P[NYS12A] -0.168 * F[N-Q-MNSP1] +0.714 * F[VIC1-NSW1] + Z_unrepresented <= RHS(t),"Out = Bannaby-Sydney West (39), avoid O/L Marulan to Avon (16) on trip of Marulan to Dapto (8) line, Feedback",Thermal,True,Z includes unsupported non-energy/region terms if present; not assumed zero
QNI-lower-20240919T1735,N>>BYSW_8_16,N>>BYSW_8_16|2024-09-02|1,-0.175 * F_VIC_to_NSW +0.704 * P[NAL11C] +0.715 * P[NBA21B] +0.192 * P[NBAY1] +0.192 * P[NBAY2] +0.282 * P[NBAY3] +0.282 * P[NBAY4] +0.714 * P[NBB21B] +0.371 * P[NBES1B] +0.702 * P[NBK11B] +0.702 * P[NBKB3B] +0.702 * P[NBKW1S] +0.702 * P[NBL21L] +0.724 * P[NBLW8] +0.376 * P[NBOD1B] +0.702 * P[NBSF1L] +0.702 * P[NBSF2S] +0.36 * P[NCDS1C] +0.864 * P[NCKW1C] +0.704 * P[NCLS1C] +0.865 * P[NCLW1C] +0.635 * P[NCMA3B] +0.864 * P[NCW31C] +0.353 * P[NCWF2W] +0.704 * P[NDNH1H] +0.704 * P[NDNS1D] -0.455 * P[NDT13T] -0.455 * P[NDTB1T] +0.514 * P[NFBS1J] +0.847 * P[NGUR2G] +0.705 * P[NFNS1F] +0.178 * P[NGNE1G] +0.847 * P[NGUR1G] +0.847 * P[NGUR3G] +0.699 * P[NGUT8] +0.703 * P[NHUM] -0.699 * P[NLTS3] +0.699 * P[NLTS8] +0.407 * P[NMLS1M] +0.388 * P[NMOS1M] +1 * P[NMR22T] +0.175 * P[NMR41M] +0.356 * P[NMTP1] +0.356 * P[NMTP2] +0.172 * P[NMTZ1M] +0.706 * P[NNRN1A] +0.37 * P[NONF1F] +0.467 * P[NPG11P] +0.467 * P[NPG12G] +0.634 * P[NQBB3Q] +0.634 * P[NQBC1C] -0.634 * P[NQBC2C] +0.634 * P[NQBC3C] +0.704 * P[NRB23R] +0.704 * P[NRBB1R] -0.704 * P[NRBB2R] +0.704 * P[NRBB3R] +0.704 * P[NRDP3D] +0.799 * P[NRPK1R] +0.175 * P[NSAP1S] -0.256 * P[NSHL] +0.256 * P[NSHP1] +0.707 * P[NURQ1U] +0.707 * P[NURQ2U] +0.707 * P[NURQ3U] +0.707 * P[NURQ4U] +0.175 * P[NURR1N] +0.175 * P[NURR2N] +0.698 * P[NUTS8] +0.709 * P[NWGG1W] +0.709 * P[NWGJ1J] +0.709 * P[NWGJ2S] +0.709 * P[NWGJ3W] +0.709 * P[NWGJ4W] +0.709 * P[NWGS1B] +0.379 * P[NWL82N] +0.373 * P[NWLN1W] +0.379 * P[NWLS3N] +0.379 * P[NWLS4W] +0.389 * P[NWLW1S] +0.374 * P[NWOW1W] +0.172 * P[NWRK1W] +0.172 * P[NWRK2W] +0.741 * P[NYS12A] -0.169 * F[N-Q-MNSP1] +0.7 * F[VIC1-NSW1] + Z_unrepresented <= RHS(t),"Out = Bannaby-Sydney West (39), avoid O/L Marulan to Dapto (8) on trip of Marulan to Avon (16) line, Feedback",Thermal,True,Z includes unsupported non-energy/region terms if present; not assumed zero
QNI-lower-20240919T1735,Q^^N_DM_SVC_SRAR,Q^^N_DM_SVC_SRAR|2022-12-13|1,unknown IC factor * F + Z_unrepresented nan RHS(t),,,False,Z includes unsupported non-energy/region terms if present; not assumed zero
QNI-lower-20241024T0505,F_Q++85_L60,F_Q++85_L60|2023-03-14|1,unknown IC factor * F + Z_unrepresented nan RHS(t),,,False,Z includes unsupported non-energy/region terms if present; not assumed zero
QNI-lower-20241024T0505,F_Q++85_L6,F_Q++85_L6|2023-03-14|1,unknown IC factor * F + Z_unrepresented nan RHS(t),,,False,Z includes unsupported non-energy/region terms if present; not assumed zero
QNI-lower-20241024T0505,#R031091_023_RAMP_F,#R031091_023_RAMP_F|2024-10-23|1,-1 * F_VIC_to_NSW + Z_unrepresented <= RHS(t),"Hard Ramping constraint for constraint Q:N_960, Effective Date: 02/04/2020, Version: 1",Oscillatory Stability,True,Z includes unsupported non-energy/region terms if present; not assumed zero
QNI-lower-20241107T1655,Q^^NIL_CS,Q^^NIL_CS|2024-10-17|1,-0.0869 * F_VIC_to_NSW +0.53 * P[QBCB3B] +0.891 * P[QBCG] -0.0869 * P[QBCK1] -0.0869 * P[QBCK2] +0.892 * P[QBDR1L] +0.891 * P[QBGH1] +0.891 * P[QBGH2] -0.0869 * P[QBRA1] -0.0869 * P[QBRA2] -0.0869 * P[QBRA3] -0.0869 * P[QBRA4K] -0.0869 * P[QBRA5B] -0.0869 * P[QBRA6B] -0.0869 * P[QBRA7B] -0.0869 * P[QBRA8D] -0.0869 * P[QBRS1D] +0.53 * P[QBSW1C] +0.53 * P[QBSW2C] +0.678 * P[QCAB1] +0.678 * P[QCAB2] +0.678 * P[QCAC3] +0.678 * P[QCAC4] -0.0869 * P[QCBF1D] -0.0869 * P[QCBR1C] -0.0869 * P[QCBS1B] +0.892 * P[QCCK1D] +0.892 * P[QCCK2H] +0.892 * P[QCLA1C] -0.0869 * P[QCND1C] +0.892 * P[QCOS1C] -0.0869 * P[QCPG1C] +0.891 * P[QGAR1] -0.0869 * P[QGBB1G] +0.772 * P[QGLD1] +0.772 * P[QGLD2] +0.772 * P[QGLD3] +0.772 * P[QGLD4] +0.772 * P[QGLD5] +0.772 * P[QGLD6] +0.892 * P[QHAR1H] +0.891 * P[QKAH1] +0.891 * P[QKAH2] +0.891 * P[QKAH3] +0.891 * P[QKAH4] +0.892 * P[QLIS1E] +0.892 * P[QLIS2M] +0.892 * P[QLLV3C] +0.892 * P[QMPL1R] +0.678 * P[QMRR1M] -0.0869 * P[QMRY1Y] -0.0869 * P[QMRY2M] -0.0869 * P[QMRY3W] -0.0869 * P[QMRY4W] +0.891 * P[QMSP1] +0.891 * P[QMSP2] +0.891 * P[QMSP3M] -0.0869 * P[QMSW1M] -0.0869 * P[QOKY1] -0.0869 * P[QOKY2] -0.0869 * P[QORS1E] -0.0869 * P[QRMA7] -0.0869 * P[QRMA8] +0.892 * P[QROG1K] +0.892 * P[QROG3R] +0.892 * P[QROW1K] +0.892 * P[QROW2K] +0.892 * P[QSLD1H] +0.892 * P[QSLS1W] +0.53 * P[QSTN1] +0.53 * P[QSTN2] +0.53 * P[QSTN3] +0.53 * P[QSTN4] -0.0869 * P[QSWE] -0.0869 * P[QTBS1C] -0.0869 * P[QTBS2S] -0.0869 * P[QTKS1O] -0.0869 * P[QTKS2O] +0.892 * P[QTMW1K] -0.0869 * P[QTNT] -0.0869 * P[QTRB1T] -0.0869 * P[QTRN1] -0.0869 * P[QTRN2] -0.0869 * P[QTRN3] -0.0869 * P[QTRN4] -0.0869 * P[QTRS1K] +0.891 * P[QTYP] +0.892 * P[QTZS1S] -0.0869 * P[QWDB1C] +0.0869 * P[QWDB2C] -0.0869 * P[QWDB3C] -0.0869 * P[QWDE1W] +0.0869 * P[QWDE2W] -0.0869 * P[QWDE3W] -0.0869 * P[QWDR1W] -0.0869 * P[QWIV1] -0.0869 * P[QWIV2] +0.892 * P[QWKM1M] -0.0869 * P[QWLS1W] -0.0869 * P[QWSB3W] -0.0869 * P[QWSR1W] -0.0869 * P[QWSS1G] -0.0869 * F[N-Q-MNSP1] + Z_unrepresented <= RHS(t),"Out = Nil, CQ-SQ voltage stability limit, 2008/2009 implementation",Voltage Stability,True,Z includes unsupported non-energy/region terms if present; not assumed zero
QNI-lower-20241108T1510,N>>NIL_85_86_S,N>>NIL_85_86_S|2023-10-24|1,unknown IC factor * F + Z_unrepresented nan RHS(t),,,False,Z includes unsupported non-energy/region terms if present; not assumed zero
QNI-lower-20241108T1510,Q^^NIL_CS,Q^^NIL_CS|2024-10-17|1,-0.0869 * F_VIC_to_NSW +0.53 * P[QBCB3B] +0.891 * P[QBCG] -0.0869 * P[QBCK1] -0.0869 * P[QBCK2] +0.892 * P[QBDR1L] +0.891 * P[QBGH1] +0.891 * P[QBGH2] -0.0869 * P[QBRA1] -0.0869 * P[QBRA2] -0.0869 * P[QBRA3] -0.0869 * P[QBRA4K] -0.0869 * P[QBRA5B] -0.0869 * P[QBRA6B] -0.0869 * P[QBRA7B] -0.0869 * P[QBRA8D] -0.0869 * P[QBRS1D] +0.53 * P[QBSW1C] +0.53 * P[QBSW2C] +0.678 * P[QCAB1] +0.678 * P[QCAB2] +0.678 * P[QCAC3] +0.678 * P[QCAC4] -0.0869 * P[QCBF1D] -0.0869 * P[QCBR1C] -0.0869 * P[QCBS1B] +0.892 * P[QCCK1D] +0.892 * P[QCCK2H] +0.892 * P[QCLA1C] -0.0869 * P[QCND1C] +0.892 * P[QCOS1C] -0.0869 * P[QCPG1C] +0.891 * P[QGAR1] -0.0869 * P[QGBB1G] +0.772 * P[QGLD1] +0.772 * P[QGLD2] +0.772 * P[QGLD3] +0.772 * P[QGLD4] +0.772 * P[QGLD5] +0.772 * P[QGLD6] +0.892 * P[QHAR1H] +0.891 * P[QKAH1] +0.891 * P[QKAH2] +0.891 * P[QKAH3] +0.891 * P[QKAH4] +0.892 * P[QLIS1E] +0.892 * P[QLIS2M] +0.892 * P[QLLV3C] +0.892 * P[QMPL1R] +0.678 * P[QMRR1M] -0.0869 * P[QMRY1Y] -0.0869 * P[QMRY2M] -0.0869 * P[QMRY3W] -0.0869 * P[QMRY4W] +0.891 * P[QMSP1] +0.891 * P[QMSP2] +0.891 * P[QMSP3M] -0.0869 * P[QMSW1M] -0.0869 * P[QOKY1] -0.0869 * P[QOKY2] -0.0869 * P[QORS1E] -0.0869 * P[QRMA7] -0.0869 * P[QRMA8] +0.892 * P[QROG1K] +0.892 * P[QROG3R] +0.892 * P[QROW1K] +0.892 * P[QROW2K] +0.892 * P[QSLD1H] +0.892 * P[QSLS1W] +0.53 * P[QSTN1] +0.53 * P[QSTN2] +0.53 * P[QSTN3] +0.53 * P[QSTN4] -0.0869 * P[QSWE] -0.0869 * P[QTBS1C] -0.0869 * P[QTBS2S] -0.0869 * P[QTKS1O] -0.0869 * P[QTKS2O] +0.892 * P[QTMW1K] -0.0869 * P[QTNT] -0.0869 * P[QTRB1T] -0.0869 * P[QTRN1] -0.0869 * P[QTRN2] -0.0869 * P[QTRN3] -0.0869 * P[QTRN4] -0.0869 * P[QTRS1K] +0.891 * P[QTYP] +0.892 * P[QTZS1S] -0.0869 * P[QWDB1C] +0.0869 * P[QWDB2C] -0.0869 * P[QWDB3C] -0.0869 * P[QWDE1W] +0.0869 * P[QWDE2W] -0.0869 * P[QWDE3W] -0.0869 * P[QWDR1W] -0.0869 * P[QWIV1] -0.0869 * P[QWIV2] +0.892 * P[QWKM1M] -0.0869 * P[QWLS1W] -0.0869 * P[QWSB3W] -0.0869 * P[QWSR1W] -0.0869 * P[QWSS1G] -0.0869 * F[N-Q-MNSP1] + Z_unrepresented <= RHS(t),"Out = Nil, CQ-SQ voltage stability limit, 2008/2009 implementation",Voltage Stability,True,Z includes unsupported non-energy/region terms if present; not assumed zero
QNI-lower-20241111T1800,NRM_QLD1_NSW1,NRM_QLD1_NSW1|2020-09-23|1,unknown IC factor * F + Z_unrepresented nan RHS(t),,,False,Z includes unsupported non-energy/region terms if present; not assumed zero
QNI-lower-20241111T1800,F_Q++LDMU_L6,F_Q++LDMU_L6|2023-03-15|1,unknown IC factor * F + Z_unrepresented nan RHS(t),,,False,Z includes unsupported non-energy/region terms if present; not assumed zero
QNI-lower-20241124T1055,N>>NIL_964_84_S,N>>NIL_964_84_S|2024-10-30|1,-0.746 * F_VIC_to_NSW +0.6 * P[NGNE1G] +0.725 * P[NMR41M] +0.869 * P[NMTZ1M] +0.722 * P[NURR2N] -0.0891 * P[NNEE1H] +0.747 * P[NSAP1S] +0.722 * P[NURR1N] +0.853 * P[NWRK1W] +0.853 * P[NWRK2W] -1 * F[N-Q-MNSP1] + Z_unrepresented <= RHS(t),"Out= NIL, avoid O/L Port Macquarie to Herron Creek Tee (964/2) on trip of Tamworth to Liddell (84) line, Feedback",Thermal,True,Z includes unsupported non-energy/region terms if present; not assumed zero
QNI-lower-20241202T1605,N>>NIL_39_17,N>>NIL_39_17|2024-10-30|1,-0.28 * F_VIC_to_NSW +0.934 * P[NAL11C] +0.898 * P[NBA21B] +0.296 * P[NBAY1] +0.296 * P[NBAY2] +0.403 * P[NBAY3] +0.403 * P[NBAY4] +0.898 * P[NBB21B] +0.544 * P[NBES1B] +0.934 * P[NBK11B] +0.934 * P[NBKB3B] +0.546 * P[NBOD1B] +0.934 * P[NBKW1S] +0.934 * P[NBL21L] +0.929 * P[NBLW8] +0.934 * P[NBSF1L] +0.934 * P[NBSF2S] +0.54 * P[NCDS1C] +1 * P[NCKW1C] +0.118 * P[NCLG1D] +0.118 * P[NCLG2D] +0.118 * P[NCLG3D] +0.118 * P[NCLG4D] +0.934 * P[NCLS1C] +0.96 * P[NCLW1C] +0.925 * P[NCMA3B] +1 * P[NCW31C] +0.876 * P[NCWF2W] +0.934 * P[NDNH1H] +0.934 * P[NDNS1D] +0.734 * P[NDT13T] +0.734 * P[NDTB1T] +0.147 * P[NEPS1] +0.147 * P[NEPS2] +0.169 * P[NEPS3] +0.169 * P[NEPS4] +0.69 * P[NFBS1J] +0.934 * P[NFNS1F] +0.283 * P[NGNE1G] +0.991 * P[NGUR1G] +0.991 * P[NGUR2G] +0.991 * P[NGUR3G] +0.935 * P[NGUT8] +0.934 * P[NHUM] -0.935 * P[NLTS3] +0.935 * P[NLTS8] +0.583 * P[NMLS1M] +0.564 * P[NMOS1M] +0.975 * P[NMR22T] +0.281 * P[NMR41M] +0.54 * P[NMTP1] +0.54 * P[NMTP2] +0.278 * P[NMTZ1M] +0.118 * P[NMWB1W] +0.161 * P[NNEE1H] +0.933 * P[NNRN1A] +0.549 * P[NONF1F] +0.642 * P[NPG11P] +0.642 * P[NPG12G] +0.925 * P[NQBB3Q] +0.925 * P[NQBC3C] +0.933 * P[NRB23R] +0.933 * P[NRBB3R] +0.933 * P[NRDP3D] +0.963 * P[NRPK1R] +0.28 * P[NSAP1S] +0.769 * P[NSHL] -0.769 * P[NSHP1] +0.933 * P[NURQ1U] +0.933 * P[NURQ2U] +0.933 * P[NURQ3U] +0.933 * P[NURQ4U] +0.281 * P[NURR1N] +0.281 * P[NURR2N] +0.935 * P[NUTS8] +0.127 * P[NVPP5] +0.127 * P[NVPP6] +0.933 * P[NWGG1W] +0.933 * P[NWGJ1J] +0.933 * P[NWGJ2S] +0.933 * P[NWGJ3W] +0.933 * P[NWGJ4W] +0.933 * P[NWGS1B] +0.547 * P[NWL82N] +0.538 * P[NWLN1W] +0.547 * P[NWLS3N] +0.547 * P[NWLS4W] +0.558 * P[NWLW1S] +0.52 * P[NWOW1W] +0.278 * P[NWRK1W] +0.278 * P[NWRK2W] +0.925 * P[NYS12A] -0.275 * F[N-Q-MNSP1] +0.934 * F[VIC1-NSW1] + Z_unrepresented <= RHS(t),"Out= Nil, avoid O/L Bannaby to Sydney West (39) on trip of Avon to Macarthur (17) line, Feedback",Thermal,True,Z includes unsupported non-energy/region terms if present; not assumed zero
QNI-lower-20241202T1605,N>>NIL_85_86_S,N>>NIL_85_86_S|2024-11-21|1,-0.986 * F_VIC_to_NSW +0.455 * P[NMR41M] +0.947 * P[NMTZ1M] +0.987 * P[NSAP1S] +1 * P[NURR1N] +1 * P[NURR2N] +0.839 * P[NWRK1W] +0.839 * P[NWRK2W] -0.925 * F[N-Q-MNSP1] + Z_unrepresented <= RHS(t),"Out= NIL, avoid O/L Uralla to Tamworth (85) on trip of Armidale to Tamworth (86) line, Feedback",Thermal,True,Z includes unsupported non-energy/region terms if present; not assumed zero
QNI-lower-20241209T1440,N>>LDTM_964_81_OPEN,N>>LDTM_964_81_OPEN|2024-10-30|1,-0.701 * F_VIC_to_NSW +0.186 * P[NBAY1] +0.186 * P[NBAY2] +0.151 * P[NBAY3] +0.151 * P[NBAY4] +0.078 * P[NBES1B] +0.0806 * P[NBOD1B] +0.0716 * P[NCDS1C] -0.0842 * P[NCLG1D] -0.0842 * P[NCLG2D] -0.0842 * P[NCLG3D] -0.0842 * P[NCLG4D] -0.109 * P[NEPS1] -0.109 * P[NEPS2] +0.528 * P[NGNE1G] +0.0724 * P[NMLS1M] +0.0738 * P[NMOS1M] +0.676 * P[NMR41M] +0.846 * P[NMTZ1M] -0.0842 * P[NMWB1W] -0.189 * P[NNEE1H] +0.0719 * P[NONF1F] +0.701 * P[NSAP1S] +0.0976 * P[NSTB1S] +0.0976 * P[NSTU1S] +0.672 * P[NURR1N] +0.672 * P[NURR2N] -0.0928 * P[NVPP5] -0.0928 * P[NVPP6] +0.082 * P[NWL82N] +0.086 * P[NWLN1W] +0.082 * P[NWLS3N] +0.082 * P[NWLS4W] +0.0805 * P[NWLW1S] +0.106 * P[NWOW1W] +0.827 * P[NWRK1W] +0.827 * P[NWRK2W] -1 * F[N-Q-MNSP1] + Z_unrepresented <= RHS(t),"Out = Liddell to Tomago (82) with Singleton-Kurri 132kV open, avoid O/L Port Macquarie to Herron Creek Tee (964/2) on trip of Liddell to Newcastle (81) line, Feedback",Thermal,True,Z includes unsupported non-energy/region terms if present; not assumed zero
QNI-lower-20241209T1440,Q^^NIL_CS,Q^^NIL_CS|2024-11-26|1,-0.0869 * F_VIC_to_NSW +0.53 * P[QBCB3B] +0.891 * P[QBCG] -0.0869 * P[QBCK1] -0.0869 * P[QBCK2] +0.892 * P[QBDR1L] +0.891 * P[QBGH1] +0.891 * P[QBGH2] -0.0869 * P[QBRA1] -0.0869 * P[QBRA2] -0.0869 * P[QBRA3] -0.0869 * P[QBRA4K] -0.0869 * P[QBRA5B] -0.0869 * P[QBRA6B] -0.0869 * P[QBRA7B] -0.0869 * P[QBRA8D] -0.0869 * P[QBRS1D] +0.53 * P[QBSW1C] +0.53 * P[QBSW2C] +0.678 * P[QCAB1] +0.678 * P[QCAB2] +0.678 * P[QCAC3] +0.678 * P[QCAC4] -0.0869 * P[QCBF1D] -0.0869 * P[QCBR1C] -0.0869 * P[QCBS1B] +0.892 * P[QCCK1D] +0.892 * P[QCCK2H] +0.892 * P[QCLA1C] -0.0869 * P[QCND1C] +0.892 * P[QCOS1C] -0.0869 * P[QCPG1C] +0.891 * P[QGAR1] -0.0869 * P[QGBB1G] +0.772 * P[QGLD1] +0.772 * P[QGLD2] +0.772 * P[QGLD3] +0.772 * P[QGLD4] +0.772 * P[QGLD5] +0.772 * P[QGLD6] +0.892 * P[QHAR1H] +0.891 * P[QKAH1] +0.891 * P[QKAH2] +0.891 * P[QKAH3] +0.891 * P[QKAH4] +0.892 * P[QLIS1E] +0.892 * P[QLIS2M] +0.892 * P[QLLV3C] +0.892 * P[QMPL1R] +0.678 * P[QMRR1M] -0.0869 * P[QMRY1Y] -0.0869 * P[QMRY2M] +0.891 * P[QMSP2] -0.0869 * P[QMRY3W] -0.0869 * P[QMRY4W] +0.891 * P[QMSP1] +0.891 * P[QMSP3M] -0.0869 * P[QMSW1M] -0.0869 * P[QOKY1] -0.0869 * P[QOKY2] -0.0869 * P[QORS1E] -0.0869 * P[QRMA7] -0.0869 * P[QRMA8] +0.892 * P[QROG1K] +0.892 * P[QROG3R] +0.892 * P[QROW1K] +0.892 * P[QROW2K] +0.892 * P[QSLD1H] +0.892 * P[QSLS1W] +0.53 * P[QSTN1] +0.53 * P[QSTN2] +0.53 * P[QSTN3] +0.53 * P[QSTN4] -0.0869 * P[QSWE] -0.0869 * P[QTBS1C] -0.0869 * P[QTBS2S] -0.0869 * P[QTKS1O] -0.0869 * P[QTKS2O] +0.892 * P[QTMW1K] -0.0869 * P[QTNT] -0.0869 * P[QTRB1T] -0.0869 * P[QTRN1] -0.0869 * P[QTRN2] -0.0869 * P[QTRN3] -0.0869 * P[QTRN4] -0.0869 * P[QTRS1K] +0.891 * P[QTYP] +0.892 * P[QTZS1S] -0.0869 * P[QWDB3C] -0.0869 * P[QWDE3W] -0.0869 * P[QWDR1W] -0.0869 * P[QWIV1] -0.0869 * P[QWIV2] +0.892 * P[QWKM1M] -0.0869 * P[QWLS1W] -0.0869 * P[QWSB3W] -0.0869 * P[QWSR1W] -0.0869 * P[QWSS1G] -0.0869 * F[N-Q-MNSP1] + Z_unrepresented <= RHS(t),"Out = Nil, CQ-SQ voltage stability limit, 2008/2009 implementation",Voltage Stability,True,Z includes unsupported non-energy/region terms if present; not assumed zero
QNI-lower-20250115T1350,N>>NIL_964_84_S,N>>NIL_964_84_S|2024-12-19|1,-0.746 * F_VIC_to_NSW +0.6 * P[NGNE1G] +0.725 * P[NMR41M] +0.869 * P[NMTZ1M] -0.0891 * P[NNEE1H] +0.747 * P[NSAP1S] +0.722 * P[NURR1N] +0.722 * P[NURR2N] +0.853 * P[NWRK1W] +0.853 * P[NWRK2W] -1 * F[N-Q-MNSP1] + Z_unrepresented <= RHS(t),"Out= NIL, avoid O/L Port Macquarie to Herons Creek Tee (964/2) on trip of Tamworth to Liddell (84) line, Feedback",Thermal,True,Z includes unsupported non-energy/region terms if present; not assumed zero
QNI-lower-20250115T1350,N>>NIL_85_86_S,N>>NIL_85_86_S|2024-12-19|1,-0.986 * F_VIC_to_NSW +0.455 * P[NMR41M] +0.947 * P[NMTZ1M] +0.987 * P[NSAP1S] +1 * P[NURR1N] +1 * P[NURR2N] +0.839 * P[NWRK1W] +0.839 * P[NWRK2W] -0.925 * F[N-Q-MNSP1] + Z_unrepresented <= RHS(t),"Out= NIL, avoid O/L Uralla to Tamworth (85) on trip of Armidale to Tamworth (86) line, Feedback",Thermal,True,Z includes unsupported non-energy/region terms if present; not assumed zero
QNI-lower-20250122T1430,NRM_QLD1_NSW1,NRM_QLD1_NSW1|2020-09-23|1,unknown IC factor * F + Z_unrepresented nan RHS(t),,,False,Z includes unsupported non-energy/region terms if present; not assumed zero
QNI-lower-20250122T1430,N>>NIL_85_86_S,N>>NIL_85_86_S|2024-12-19|1,-0.986 * F_VIC_to_NSW +0.455 * P[NMR41M] +0.947 * P[NMTZ1M] +0.987 * P[NSAP1S] +1 * P[NURR1N] +1 * P[NURR2N] +0.839 * P[NWRK1W] +0.839 * P[NWRK2W] -0.925 * F[N-Q-MNSP1] + Z_unrepresented <= RHS(t),"Out= NIL, avoid O/L Uralla to Tamworth (85) on trip of Armidale to Tamworth (86) line, Feedback",Thermal,True,Z includes unsupported non-energy/region terms if present; not assumed zero
QNI-lower-20250127T1055,N>>NIL_964_84_S,N>>NIL_964_84_S|2024-12-19|1,-0.746 * F_VIC_to_NSW +0.6 * P[NGNE1G] +0.725 * P[NMR41M] +0.869 * P[NMTZ1M] -0.0891 * P[NNEE1H] +0.747 * P[NSAP1S] +0.722 * P[NURR1N] +0.722 * P[NURR2N] +0.853 * P[NWRK1W] +0.853 * P[NWRK2W] -1 * F[N-Q-MNSP1] + Z_unrepresented <= RHS(t),"Out= NIL, avoid O/L Port Macquarie to Herons Creek Tee (964/2) on trip of Tamworth to Liddell (84) line, Feedback",Thermal,True,Z includes unsupported non-energy/region terms if present; not assumed zero
QNI-lower-20250127T1055,N>>NIL_85_86_S,N>>NIL_85_86_S|2024-12-19|1,-0.986 * F_VIC_to_NSW +0.455 * P[NMR41M] +0.947 * P[NMTZ1M] +0.987 * P[NSAP1S] +1 * P[NURR1N] +1 * P[NURR2N] +0.839 * P[NWRK1W] +0.839 * P[NWRK2W] -0.925 * F[N-Q-MNSP1] + Z_unrepresented <= RHS(t),"Out= NIL, avoid O/L Uralla to Tamworth (85) on trip of Armidale to Tamworth (86) line, Feedback",Thermal,True,Z includes unsupported non-energy/region terms if present; not assumed zero
QNI-lower-20250201T0635,F_Q++86_L6,F_Q++86_L6|2023-03-14|1,unknown IC factor * F + Z_unrepresented nan RHS(t),,,False,Z includes unsupported non-energy/region terms if present; not assumed zero
QNI-lower-20250201T0635,F_Q++86_L5,F_Q++86_L5|2023-03-14|1,unknown IC factor * F + Z_unrepresented nan RHS(t),,,False,Z includes unsupported non-energy/region terms if present; not assumed zero
QNI-lower-20250201T0635,F_Q++86_L60,F_Q++86_L60|2023-03-14|1,unknown IC factor * F + Z_unrepresented nan RHS(t),,,False,Z includes unsupported non-energy/region terms if present; not assumed zero
QNI-lower-20250201T0635,Q^^N_NIL_SRAR,Q^^N_NIL_SRAR|2022-09-20|1,unknown IC factor * F + Z_unrepresented nan RHS(t),,,False,Z includes unsupported non-energy/region terms if present; not assumed zero
QNI-lower-20250201T0635,#R031890_013_RAMP_F,#R031890_013_RAMP_F|2025-02-01|1,-1 * F_VIC_to_NSW +1.04 * P[NSAP1S] + Z_unrepresented <= RHS(t),"Hard Ramping constraint for constraint Q^^N_DM_SVC_SRAR, Effective Date: 13/12/2022, Version: 1",Voltage Stability,True,Z includes unsupported non-energy/region terms if present; not assumed zero
QNI-lower-20250205T1710,Q::N_8C8J_AR_2LG_N-2,Q::N_8C8J_AR_2LG_N-2|2022-09-02|1,unknown IC factor * F + Z_unrepresented nan RHS(t),,,False,Z includes unsupported non-energy/region terms if present; not assumed zero
QNI-lower-20250205T1710,Q^^N_NIL_SRAR,Q^^N_NIL_SRAR|2022-09-20|1,unknown IC factor * F + Z_unrepresented nan RHS(t),,,False,Z includes unsupported non-energy/region terms if present; not assumed zero
QNI-lower-20250304T0845,N>>17_39_11,N>>17_39_11|2024-10-30|2,-0.246 * F_VIC_to_NSW +0.986 * P[NAL11C] +0.93 * P[NBA21B] +0.262 * P[NBAY1] +0.262 * P[NBAY2] +0.364 * P[NBAY3] +0.364 * P[NBAY4] +0.929 * P[NBB21B] +0.488 * P[NBES1B] +0.987 * P[NBK11B] +0.987 * P[NBKB3B] +0.987 * P[NBKW1S] +0.987 * P[NBL21L] +0.974 * P[NBLW8] +0.492 * P[NBOD1B] +0.987 * P[NBSF1L] +0.987 * P[NBSF2S] +0.479 * P[NCDS1C] +0.998 * P[NCKW1C] +0.0855 * P[NCLG1D] +0.0855 * P[NCLG2D] +0.0855 * P[NCLG3D] +0.0855 * P[NCLG4D] +0.985 * P[NCLS1C] +0.995 * P[NCLW1C] +0.991 * P[NCMA3B] +0.998 * P[NCW31C] +0.993 * P[NCWF2W] +0.985 * P[NDNH1H] +0.985 * P[NDNS1D] +0.999 * P[NDT13T] +0.999 * P[NDTB1T] +0.108 * P[NEPS1] +0.108 * P[NEPS2] +0.106 * P[NEPS3] +0.106 * P[NEPS4] +0.671 * P[NFBS1J] +0.985 * P[NFNS1F] +0.25 * P[NGNE1G] +0.997 * P[NGUR1G] +0.997 * P[NGUR2G] +0.997 * P[NGUR3G] +0.989 * P[NGUT8] +0.986 * P[NHUM] -0.99 * P[NLTS3] +0.99 * P[NLTS8] +0.535 * P[NMLS1M] +0.511 * P[NMOS1M] +1 * P[NMR22T] +0.247 * P[NMR41M] +0.475 * P[NMTP1] +0.475 * P[NMTP2] +0.244 * P[NMTZ1M] +0.0855 * P[NMWB1W] +0.124 * P[NNEE1H] +0.984 * P[NNRN1A] +0.491 * P[NONF1F] +0.611 * P[NPG11P] +0.611 * P[NPG12G] +0.991 * P[NQBB3Q] +0.991 * P[NQBC3C] +0.993 * P[NRPK1R] +0.985 * P[NRB23R] +0.985 * P[NRBB3R] +0.985 * P[NRDP3D] +0.246 * P[NSAP1S] +0.997 * P[NSHL] -0.997 * P[NSHP1] +0.477 * P[NSTB1S] +0.477 * P[NSTU1S] +0.984 * P[NURQ1U] +0.984 * P[NURQ2U] +0.984 * P[NURQ3U] +0.984 * P[NURQ4U] +0.247 * P[NURR1N] +0.247 * P[NURR2N] +0.99 * P[NUTS8] +0.0928 * P[NVPP5] +0.0928 * P[NVPP6] +0.983 * P[NWGG1W] +0.983 * P[NWGJ1J] +0.983 * P[NWGJ2S] +0.983 * P[NWGJ3W] +0.983 * P[NWGJ4W] +0.983 * P[NWGS1B] +0.987 * P[NWL21W] +0.494 * P[NWL82N] +0.987 * P[NWLA1W] +0.484 * P[NWLN1W] +0.494 * P[NWLS3N] +0.494 * P[NWLS4W] +0.507 * P[NWLW1S] +0.473 * P[NWOW1W] +0.244 * P[NWRK1W] +0.244 * P[NWRK2W] +0.963 * P[NYS12A] -0.241 * F[N-Q-MNSP1] +0.988 * F[VIC1-NSW1] + Z_unrepresented <= RHS(t),"Out= Avon-Macarthur (17) 330kV line or Kemps Creek-Macarthur (37) 330kV  line, avoid O/L Bannaby to Sydney West (39) 330kV line on trip of Dapto to Sydney South (11) 330kV line, Feedback",Thermal,True,Z includes unsupported non-energy/region terms if present; not assumed zero
QNI-lower-20250304T0845,N>>LDTM_964_81_OPEN,N>>LDTM_964_81_OPEN|2024-10-30|1,-0.701 * F_VIC_to_NSW +0.186 * P[NBAY1] +0.186 * P[NBAY2] +0.151 * P[NBAY3] +0.151 * P[NBAY4] +0.078 * P[NBES1B] +0.0806 * P[NBOD1B] +0.0716 * P[NCDS1C] -0.0842 * P[NCLG1D] -0.0842 * P[NCLG2D] -0.0842 * P[NCLG3D] -0.0842 * P[NCLG4D] -0.109 * P[NEPS1] -0.109 * P[NEPS2] +0.528 * P[NGNE1G] +0.0724 * P[NMLS1M] +0.0738 * P[NMOS1M] +0.676 * P[NMR41M] +0.846 * P[NMTZ1M] -0.0842 * P[NMWB1W] -0.189 * P[NNEE1H] +0.0719 * P[NONF1F] +0.701 * P[NSAP1S] +0.0976 * P[NSTB1S] +0.0976 * P[NSTU1S] +0.672 * P[NURR1N] +0.672 * P[NURR2N] -0.0928 * P[NVPP5] -0.0928 * P[NVPP6] +0.082 * P[NWL82N] +0.086 * P[NWLN1W] +0.082 * P[NWLS3N] +0.082 * P[NWLS4W] +0.0805 * P[NWLW1S] +0.106 * P[NWOW1W] +0.827 * P[NWRK1W] +0.827 * P[NWRK2W] -1 * F[N-Q-MNSP1] + Z_unrepresented <= RHS(t),"Out = Liddell to Tomago (82) with Singleton-Kurri 132kV open, avoid O/L Port Macquarie to Herron Creek Tee (964/2) on trip of Liddell to Newcastle (81) line, Feedback",Thermal,True,Z includes unsupported non-energy/region terms if present; not assumed zero
QNI-lower-20250421T1130,Q::N_8C8J_AR_2LG_N-2,Q::N_8C8J_AR_2LG_N-2|2022-09-02|1,unknown IC factor * F + Z_unrepresented nan RHS(t),,,False,Z includes unsupported non-energy/region terms if present; not assumed zero
QNI-lower-20250421T1130,N>>NIL_85_86_S,N>>NIL_85_86_S|2024-12-19|1,-0.986 * F_VIC_to_NSW +0.455 * P[NMR41M] +0.947 * P[NMTZ1M] +0.987 * P[NSAP1S] +1 * P[NURR1N] +1 * P[NURR2N] +0.839 * P[NWRK1W] +0.839 * P[NWRK2W] -0.925 * F[N-Q-MNSP1] + Z_unrepresented <= RHS(t),"Out= NIL, avoid O/L Uralla to Tamworth (85) on trip of Armidale to Tamworth (86) line, Feedback",Thermal,True,Z includes unsupported non-energy/region terms if present; not assumed zero
QNI-lower-20250513T1715,F_Q++8C_L5,F_Q++8C_L5|2023-03-14|1,unknown IC factor * F + Z_unrepresented nan RHS(t),,,False,Z includes unsupported non-energy/region terms if present; not assumed zero
QNI-lower-20250513T1715,F_Q++8C_L6,F_Q++8C_L6|2023-03-14|1,unknown IC factor * F + Z_unrepresented nan RHS(t),,,False,Z includes unsupported non-energy/region terms if present; not assumed zero
QNI-lower-20250513T1715,F_STHN++8C_R60,F_STHN++8C_R60|2023-03-14|1,unknown IC factor * F + Z_unrepresented nan RHS(t),,,False,Z includes unsupported non-energy/region terms if present; not assumed zero
QNI-lower-20250517T1210,Q^^N_NIL_SRAR,Q^^N_NIL_SRAR|2022-09-20|1,unknown IC factor * F + Z_unrepresented nan RHS(t),,,False,Z includes unsupported non-energy/region terms if present; not assumed zero
QNI-lower-20250517T1210,N>>NIL_85_86_S,N>>NIL_85_86_S|2024-12-19|1,-0.986 * F_VIC_to_NSW +0.455 * P[NMR41M] +0.947 * P[NMTZ1M] +0.987 * P[NSAP1S] +1 * P[NURR1N] +1 * P[NURR2N] +0.839 * P[NWRK1W] +0.839 * P[NWRK2W] -0.925 * F[N-Q-MNSP1] + Z_unrepresented <= RHS(t),"Out= NIL, avoid O/L Uralla to Tamworth (85) on trip of Armidale to Tamworth (86) line, Feedback",Thermal,True,Z includes unsupported non-energy/region terms if present; not assumed zero
QNI-lower-20250519T0640,Q^^N_NIL_SRAR,Q^^N_NIL_SRAR|2022-09-20|1,unknown IC factor * F + Z_unrepresented nan RHS(t),,,False,Z includes unsupported non-energy/region terms if present; not assumed zero
QNI-lower-20250519T0640,N::V_MNYS_MSDD,N::V_MNYS_MSDD|2021-01-12|1,unknown IC factor * F + Z_unrepresented nan RHS(t),,,False,Z includes unsupported non-energy/region terms if present; not assumed zero
QNI-lower-20250519T0640,QN+RAISE_NIL,QN+RAISE_NIL|2025-03-27|1,-1 * F_VIC_to_NSW + Z_unrepresented <= RHS(t),"Out=Nil, limit Qld to NSW on QNI considering Qld Raise FCAS enablement, for loss of a NSW 750 MW unit",Other,True,Z includes unsupported non-energy/region terms if present; not assumed zero
QNI-lower-20250603T0040,Q::N_8C8J_AR_2LG_N-2,Q::N_8C8J_AR_2LG_N-2|2022-09-02|1,unknown IC factor * F + Z_unrepresented nan RHS(t),,,False,Z includes unsupported non-energy/region terms if present; not assumed zero
QNI-lower-20250603T0040,Q^^N_NIL_SRAR,Q^^N_NIL_SRAR|2022-09-20|1,unknown IC factor * F + Z_unrepresented nan RHS(t),,,False,Z includes unsupported non-energy/region terms if present; not assumed zero
QNI-lower-20250612T1910,Q^^N_NIL_SRAR,Q^^N_NIL_SRAR|2022-09-20|1,unknown IC factor * F + Z_unrepresented nan RHS(t),,,False,Z includes unsupported non-energy/region terms if present; not assumed zero
QNI-lower-20250612T1910,QN+RAISE_NIL,QN+RAISE_NIL|2025-03-27|1,-1 * F_VIC_to_NSW + Z_unrepresented <= RHS(t),"Out=Nil, limit Qld to NSW on QNI considering Qld Raise FCAS enablement, for loss of a NSW 750 MW unit",Other,True,Z includes unsupported non-energy/region terms if present; not assumed zero
QNI-lower-20250612T1925,Q^^N_NIL_SRAR,Q^^N_NIL_SRAR|2022-09-20|1,unknown IC factor * F + Z_unrepresented nan RHS(t),,,False,Z includes unsupported non-energy/region terms if present; not assumed zero
QNI-lower-20250612T1925,QN+RAISE_NIL,QN+RAISE_NIL|2025-03-27|1,-1 * F_VIC_to_NSW + Z_unrepresented <= RHS(t),"Out=Nil, limit Qld to NSW on QNI considering Qld Raise FCAS enablement, for loss of a NSW 750 MW unit",Other,True,Z includes unsupported non-energy/region terms if present; not assumed zero
QNI-lower-20250612T1950,QN+RAISE_NIL,QN+RAISE_NIL|2025-03-27|1,-1 * F_VIC_to_NSW + Z_unrepresented <= RHS(t),"Out=Nil, limit Qld to NSW on QNI considering Qld Raise FCAS enablement, for loss of a NSW 750 MW unit",Other,True,Z includes unsupported non-energy/region terms if present; not assumed zero
QNI-lower-20250614T1035,N>>NIL_86_85_S,N>>NIL_86_85_S|2024-12-19|1,-0.999 * F_VIC_to_NSW +0.461 * P[NMR41M] +0.959 * P[NMTZ1M] +1 * P[NSAP1S] +1 * P[NURR1N] +1 * P[NURR2N] +0.85 * P[NWRK1W] +0.85 * P[NWRK2W] -0.937 * F[N-Q-MNSP1] + Z_unrepresented <= RHS(t),"Out= NIL, avoid O/L Armidale to Tamworth (86) on trip of Uralla to Tamworth (85) line, Feedback",Thermal,True,Z includes unsupported non-energy/region terms if present; not assumed zero
QNI-lower-20250614T1035,N>>NIL_964_88_S,N>>NIL_964_88_S|2024-12-19|1,-0.742 * F_VIC_to_NSW +0.593 * P[NGNE1G] +0.72 * P[NMR41M] +0.867 * P[NMTZ1M] -0.0907 * P[NNEE1H] +0.742 * P[NSAP1S] +0.717 * P[NURR1N] +0.717 * P[NURR2N] +0.851 * P[NWRK1W] +0.851 * P[NWRK2W] -1 * F[N-Q-MNSP1] + Z_unrepresented <= RHS(t),"Out= NIL, avoid O/L Port Macquarie to Herons Creek Tee (964/2) on trip of Tamworth to Muswellbrook (88) line, Feedback",Thermal,True,Z includes unsupported non-energy/region terms if present; not assumed zero
QNI-lower-20250614T1035,N>>LDTM_964_81_OPEN,N>>LDTM_964_81_OPEN|2024-10-30|1,-0.701 * F_VIC_to_NSW +0.186 * P[NBAY1] +0.186 * P[NBAY2] +0.151 * P[NBAY3] +0.151 * P[NBAY4] +0.078 * P[NBES1B] +0.0806 * P[NBOD1B] +0.0716 * P[NCDS1C] -0.0842 * P[NCLG1D] -0.0842 * P[NCLG2D] -0.0842 * P[NCLG3D] -0.0842 * P[NCLG4D] -0.109 * P[NEPS1] -0.109 * P[NEPS2] +0.528 * P[NGNE1G] +0.0724 * P[NMLS1M] +0.0738 * P[NMOS1M] +0.676 * P[NMR41M] +0.846 * P[NMTZ1M] -0.0842 * P[NMWB1W] -0.189 * P[NNEE1H] +0.0719 * P[NONF1F] +0.701 * P[NSAP1S] +0.0976 * P[NSTB1S] +0.0976 * P[NSTU1S] +0.672 * P[NURR1N] +0.672 * P[NURR2N] -0.0928 * P[NVPP5] -0.0928 * P[NVPP6] +0.082 * P[NWL82N] +0.086 * P[NWLN1W] +0.082 * P[NWLS3N] +0.082 * P[NWLS4W] +0.0805 * P[NWLW1S] +0.106 * P[NWOW1W] +0.827 * P[NWRK1W] +0.827 * P[NWRK2W] -1 * F[N-Q-MNSP1] + Z_unrepresented <= RHS(t),"Out = Liddell to Tomago (82) with Singleton-Kurri 132kV open, avoid O/L Port Macquarie to Herron Creek Tee (964/2) on trip of Liddell to Newcastle (81) line, Feedback",Thermal,True,Z includes unsupported non-energy/region terms if present; not assumed zero
QNI-lower-20250614T1035,QN+RAISE_NIL,QN+RAISE_NIL|2025-03-27|1,-1 * F_VIC_to_NSW + Z_unrepresented <= RHS(t),"Out=Nil, limit Qld to NSW on QNI considering Qld Raise FCAS enablement, for loss of a NSW 750 MW unit",Other,True,Z includes unsupported non-energy/region terms if present; not assumed zero
QNI-lower-20250626T1950,QN+RAISE_NIL,QN+RAISE_NIL|2025-03-27|1,-1 * F_VIC_to_NSW + Z_unrepresented <= RHS(t),"Out=Nil, limit Qld to NSW on QNI considering Qld Raise FCAS enablement, for loss of a NSW 750 MW unit",Other,True,Z includes unsupported non-energy/region terms if present; not assumed zero
QNI-lower-20250626T2005,QN+RAISE_NIL,QN+RAISE_NIL|2025-03-27|1,-1 * F_VIC_to_NSW + Z_unrepresented <= RHS(t),"Out=Nil, limit Qld to NSW on QNI considering Qld Raise FCAS enablement, for loss of a NSW 750 MW unit",Other,True,Z includes unsupported non-energy/region terms if present; not assumed zero
QNI-lower-20250626T2030,QN+RAISE_NIL,QN+RAISE_NIL|2025-03-27|1,-1 * F_VIC_to_NSW + Z_unrepresented <= RHS(t),"Out=Nil, limit Qld to NSW on QNI considering Qld Raise FCAS enablement, for loss of a NSW 750 MW unit",Other,True,Z includes unsupported non-energy/region terms if present; not assumed zero
QNI-lower-20250722T1910,NRM_QLD1_NSW1,NRM_QLD1_NSW1|2020-09-23|1,unknown IC factor * F + Z_unrepresented nan RHS(t),,,False,Z includes unsupported non-energy/region terms if present; not assumed zero
QNI-lower-20250722T1910,Q^^N_NIL_SRAR,Q^^N_NIL_SRAR|2022-09-20|1,unknown IC factor * F + Z_unrepresented nan RHS(t),,,False,Z includes unsupported non-energy/region terms if present; not assumed zero
QNI-lower-20250828T1250,N>>NIL_86_85_S,N>>NIL_86_85_S|2025-07-31|1,-0.999 * F_VIC_to_NSW +0.461 * P[NMR41M] +0.959 * P[NMTZ1M] +1 * P[NSAP1S] +1 * P[NURR1N] +1 * P[NURR2N] +0.85 * P[NWRK1W] +0.85 * P[NWRK2W] -0.937 * F[N-Q-MNSP1] + Z_unrepresented <= RHS(t),"Out= NIL, avoid O/L Armidale to Tamworth (86) on trip of Uralla to Tamworth (85) line, Feedback",Thermal,True,Z includes unsupported non-energy/region terms if present; not assumed zero
QNI-lower-20250828T1250,N>>NIL_86_8U_S,N>>NIL_86_8U_S|2025-07-31|1,-1 * F_VIC_to_NSW +0.461 * P[NMR41M] +0.96 * P[NMTZ1M] +1 * P[NSAP1S] +0.85 * P[NWRK1W] +0.85 * P[NWRK2W] -0.937 * F[N-Q-MNSP1] + Z_unrepresented <= RHS(t),"Out= NIL, avoid O/L Armidale to Tamworth (86) using 15 min rating on trip of the other Armidale to Uralla line (8U), Feedback",Thermal,True,Z includes unsupported non-energy/region terms if present; not assumed zero
QNI-lower-20250928T0715,#NSW1-QLD1_RAMP_I_F,#NSW1-QLD1_RAMP_I_F|2025-09-28|1,1 * F_VIC_to_NSW + Z_unrepresented >= RHS(t),"NSW1-QLD1 >= MIN(-280, InitialFlow + 200) (Wt=35)",Ramping,True,Z includes unsupported non-energy/region terms if present; not assumed zero
QNI-lower-20250928T0715,F_Q++LDTW_L6,F_Q++LDTW_L6|2025-03-26|1,1 * F_VIC_to_NSW -1 * P[NSAP1S] -1 * P[NURR1N] -1 * P[NURR2N] +1 * F[N-Q-MNSP1] + Z_unrepresented >= RHS(t),"Out = Liddell to Tamworth (84) line, Qld Lower 6 sec Requirement",FCAS,True,Z includes unsupported non-energy/region terms if present; not assumed zero
QNI-lower-20250928T0715,#R033895_018_RAMP_F,#R033895_018_RAMP_F|2025-09-27|1,-1 * F_VIC_to_NSW +1.04 * P[NSAP1S] + Z_unrepresented <= RHS(t),"Hard Ramping constraint for constraint Q^^N_88_SRAR, Effective Date: 29/06/2023, Version: 1",Voltage Stability,True,Z includes unsupported non-energy/region terms if present; not assumed zero
QNI-lower-20250928T0715,Q^^N_AR_SVC_SRAR,Q^^N_AR_SVC_SRAR|2022-09-15|1,unknown IC factor * F + Z_unrepresented nan RHS(t),,,False,Z includes unsupported non-energy/region terms if present; not assumed zero
QNI-lower-20250928T0715,F_Q++LDTW_L5,F_Q++LDTW_L5|2025-03-26|1,1 * F_VIC_to_NSW -1 * P[NSAP1S] -1 * P[NURR1N] -1 * P[NURR2N] +1 * F[N-Q-MNSP1] + Z_unrepresented >= RHS(t),"Out = Liddell to Tamworth (84) line, Qld Lower 5 min Requirement",FCAS,True,Z includes unsupported non-energy/region terms if present; not assumed zero
QNI-lower-20251010T1700,N>>16_8_39,N>>16_8_39|2024-11-20|1,-0.175 * F_VIC_to_NSW +0.704 * P[NAL11C] +0.715 * P[NBA21B] +0.192 * P[NBAY1] +0.192 * P[NBAY2] +0.282 * P[NBAY3] +0.282 * P[NBAY4] +0.714 * P[NBB21B] +0.371 * P[NBES1B] +0.701 * P[NBK11B] +0.701 * P[NBKB3B] +0.701 * P[NBKW1S] +0.702 * P[NBL21L] +0.724 * P[NBLW8] +0.376 * P[NBOD1B] +0.702 * P[NBSF1L] +0.702 * P[NBSF2S] +0.36 * P[NCDS1C] +0.864 * P[NCKW1C] +0.704 * P[NCLS1C] +0.865 * P[NCLW1C] +0.635 * P[NCMA3B] +0.864 * P[NCW31C] +0.353 * P[NCWF2W] +0.704 * P[NDNH1H] +0.704 * P[NDNS1D] -0.455 * P[NDT13T] -0.455 * P[NDTB1T] +0.514 * P[NFBS1J] +0.705 * P[NFNS1F] +0.178 * P[NGNE1G] +0.847 * P[NGUR1G] +0.847 * P[NGUR2G] +0.847 * P[NGUR3G] +0.699 * P[NGUT8] +0.703 * P[NHUM] -0.699 * P[NLTS3] +0.699 * P[NLTS8] +0.407 * P[NMLS1M] +0.388 * P[NMOS1M] +1 * P[NMR22T] +0.175 * P[NMR41M] +0.356 * P[NMTP1] +0.356 * P[NMTP2] +0.172 * P[NMTZ1M] +0.706 * P[NNRN1A] +0.37 * P[NONF1F] +0.467 * P[NPG11P] +0.467 * P[NPG12G] +0.634 * P[NQBB3Q] +0.634 * P[NQBC3C] +0.704 * P[NRB23R] +0.704 * P[NRBB3R] +0.704 * P[NRDP3D] +0.799 * P[NRPK1R] +0.175 * P[NSAP1S] -0.256 * P[NSHL] +0.256 * P[NSHP1] +0.374 * P[NSTB1S] +0.374 * P[NSTU1S] +0.707 * P[NURQ1U] +0.707 * P[NURQ2U] +0.707 * P[NURQ3U] +0.707 * P[NURQ4U] +0.175 * P[NURR1N] +0.175 * P[NURR2N] +0.698 * P[NUTS8] +0.709 * P[NWGG1W] +0.709 * P[NWGJ1J] +0.709 * P[NWGJ2S] +0.709 * P[NWGJ3W] +0.709 * P[NWGJ4W] +0.709 * P[NWGS1B] +0.702 * P[NWL21W] +0.379 * P[NWL82N] +0.702 * P[NWLA1W] +0.373 * P[NWLN1W] +0.379 * P[NWLS3N] +0.379 * P[NWLS4W] +0.389 * P[NWLW1S] +0.374 * P[NWOW1W] +0.172 * P[NWRK1W] +0.172 * P[NWRK2W] +0.741 * P[NYS12A] -0.169 * F[N-Q-MNSP1] +0.7 * F[VIC1-NSW1] + Z_unrepresented <= RHS(t),"Out = Avon-Marulan (16), avoid O/L Marulan to Dapto (8) on trip of Bannaby to Sydney West (39) line, Feedback",Thermal,True,Z includes unsupported non-energy/region terms if present; not assumed zero
QNI-lower-20251010T1700,F_Q++8C_L6,F_Q++8C_L6|2023-03-14|1,unknown IC factor * F + Z_unrepresented nan RHS(t),,,False,Z includes unsupported non-energy/region terms if present; not assumed zero
QNI-lower-20251017T1505,N>>16_8_18,N>>16_8_18|2024-11-20|1,-0.125 * F_VIC_to_NSW +0.935 * P[NAL11C] +0.864 * P[NBA21B] +0.144 * P[NBAY1] +0.144 * P[NBAY2] +0.228 * P[NBAY3] +0.228 * P[NBAY4] +0.864 * P[NBB21B] +0.307 * P[NBES1B] +0.936 * P[NBK11B] +0.936 * P[NBKB3B] +0.936 * P[NBKW1S] +0.936 * P[NBL21L] +0.919 * P[NBLW8] +0.315 * P[NBOD1B] +0.936 * P[NBSF1L] +0.936 * P[NBSF2S] +0.289 * P[NCDS1C] +0.889 * P[NCKW1C] +0.934 * P[NCLS1C] +0.965 * P[NCLW1C] +0.941 * P[NCMA3B] +0.889 * P[NCW31C] +0.941 * P[NCWF2W] +0.934 * P[NDNH1H] +0.934 * P[NDNS1D] -0.894 * P[NDT13T] -0.894 * P[NDTB1T] -0.141 * P[NEPS3] -0.141 * P[NEPS4] +0.538 * P[NFBS1J] +0.934 * P[NFNS1F] +0.129 * P[NGNE1G] +0.899 * P[NGUR1G] +0.899 * P[NGUR2G] +0.899 * P[NGUR3G] +0.939 * P[NGUT8] +0.936 * P[NHUM] -0.939 * P[NLTS3] +0.939 * P[NLTS8] +0.366 * P[NMLS1M] +0.335 * P[NMOS1M] +1 * P[NMR22T] +0.126 * P[NMR41M] +0.277 * P[NMTP1] +0.277 * P[NMTP2] +0.122 * P[NMTZ1M] +0.933 * P[NNRN1A] +0.307 * P[NONF1F] +0.463 * P[NPG11P] +0.463 * P[NPG12G] +0.941 * P[NQBB3Q] +0.941 * P[NQBC3C] +0.934 * P[NRB23R] +0.934 * P[NRBB3R] +0.934 * P[NRDP3D] +0.929 * P[NRPK1R] +0.125 * P[NSAP1S] +0.941 * P[NSHL] -0.941 * P[NSHP1] +0.311 * P[NSTB1S] +0.311 * P[NSTU1S] +0.932 * P[NURQ1U] +0.932 * P[NURQ2U] +0.932 * P[NURQ3U] +0.932 * P[NURQ4U] +0.126 * P[NURR1N] +0.126 * P[NURR2N] +0.94 * P[NUTS8] +0.931 * P[NWGG1W] +0.931 * P[NWGJ1J] +0.931 * P[NWGJ2S] +0.931 * P[NWGJ3W] +0.931 * P[NWGJ4W] +0.931 * P[NWGS1B] +0.936 * P[NWL21W] +0.319 * P[NWL82N] +0.936 * P[NWLA1W] +0.309 * P[NWLN1W] +0.319 * P[NWLS3N] +0.319 * P[NWLS4W] +0.335 * P[NWLW1S] +0.313 * P[NWOW1W] +0.123 * P[NWRK1W] +0.123 * P[NWRK2W] +0.906 * P[NYS12A] -0.119 * F[N-Q-MNSP1] +0.937 * F[VIC1-NSW1] + Z_unrepresented <= RHS(t),"Out = Avon-Marulan (16), avoid O/L Marulan to Dapto (8) on trip of Kangaroo Valley to Dapto (18) line, Feedback",Thermal,True,Z includes unsupported non-energy/region terms if present; not assumed zero
QNI-lower-20251017T1505,F_Q++8C_L6,F_Q++8C_L6|2023-03-14|1,unknown IC factor * F + Z_unrepresented nan RHS(t),,,False,Z includes unsupported non-energy/region terms if present; not assumed zero
QNI-lower-20251017T1505,N>>16_8_39,N>>16_8_39|2024-11-20|1,-0.175 * F_VIC_to_NSW +0.704 * P[NAL11C] +0.715 * P[NBA21B] +0.192 * P[NBAY1] +0.192 * P[NBAY2] +0.282 * P[NBAY3] +0.282 * P[NBAY4] +0.714 * P[NBB21B] +0.371 * P[NBES1B] +0.701 * P[NBK11B] +0.701 * P[NBKB3B] +0.701 * P[NBKW1S] +0.702 * P[NBL21L] +0.724 * P[NBLW8] +0.376 * P[NBOD1B] +0.702 * P[NBSF1L] +0.702 * P[NBSF2S] +0.36 * P[NCDS1C] +0.864 * P[NCKW1C] +0.704 * P[NCLS1C] +0.865 * P[NCLW1C] +0.635 * P[NCMA3B] +0.864 * P[NCW31C] +0.353 * P[NCWF2W] +0.704 * P[NDNH1H] +0.704 * P[NDNS1D] -0.455 * P[NDT13T] -0.455 * P[NDTB1T] +0.514 * P[NFBS1J] +0.705 * P[NFNS1F] +0.178 * P[NGNE1G] +0.847 * P[NGUR1G] +0.847 * P[NGUR2G] +0.847 * P[NGUR3G] +0.699 * P[NGUT8] +0.703 * P[NHUM] -0.699 * P[NLTS3] +0.699 * P[NLTS8] +0.407 * P[NMLS1M] +0.388 * P[NMOS1M] +1 * P[NMR22T] +0.175 * P[NMR41M] +0.356 * P[NMTP1] +0.356 * P[NMTP2] +0.172 * P[NMTZ1M] +0.706 * P[NNRN1A] +0.37 * P[NONF1F] +0.467 * P[NPG11P] +0.467 * P[NPG12G] +0.634 * P[NQBB3Q] +0.634 * P[NQBC3C] +0.704 * P[NRB23R] +0.704 * P[NRBB3R] +0.704 * P[NRDP3D] +0.799 * P[NRPK1R] +0.175 * P[NSAP1S] -0.256 * P[NSHL] +0.256 * P[NSHP1] +0.374 * P[NSTB1S] +0.374 * P[NSTU1S] +0.707 * P[NURQ1U] +0.707 * P[NURQ2U] +0.707 * P[NURQ3U] +0.707 * P[NURQ4U] +0.175 * P[NURR1N] +0.175 * P[NURR2N] +0.698 * P[NUTS8] +0.709 * P[NWGG1W] +0.709 * P[NWGJ1J] +0.709 * P[NWGJ2S] +0.709 * P[NWGJ3W] +0.709 * P[NWGJ4W] +0.709 * P[NWGS1B] +0.702 * P[NWL21W] +0.379 * P[NWL82N] +0.702 * P[NWLA1W] +0.373 * P[NWLN1W] +0.379 * P[NWLS3N] +0.379 * P[NWLS4W] +0.389 * P[NWLW1S] +0.374 * P[NWOW1W] +0.172 * P[NWRK1W] +0.172 * P[NWRK2W] +0.741 * P[NYS12A] -0.169 * F[N-Q-MNSP1] +0.7 * F[VIC1-NSW1] + Z_unrepresented <= RHS(t),"Out = Avon-Marulan (16), avoid O/L Marulan to Dapto (8) on trip of Bannaby to Sydney West (39) line, Feedback",Thermal,True,Z includes unsupported non-energy/region terms if present; not assumed zero
QNI-lower-20251027T1655,Q^^N_NIL_SRAR,Q^^N_NIL_SRAR|2022-09-20|1,unknown IC factor * F + Z_unrepresented nan RHS(t),,,False,Z includes unsupported non-energy/region terms if present; not assumed zero
QNI-lower-20251027T1655,Q^^NIL_CS,Q^^NIL_CS|2025-09-05|1,-0.0869 * F_VIC_to_NSW +0.53 * P[QBCB3B] +0.891 * P[QBCG] -0.0869 * P[QBCK1] -0.0869 * P[QBCK2] +0.892 * P[QBDR1L] +0.891 * P[QBGH1] +0.891 * P[QBGH2] -0.0869 * P[QBRA1] -0.0869 * P[QBRA2] -0.0869 * P[QBRA3] -0.0869 * P[QBRA4K] -0.0869 * P[QBRA5B] -0.0869 * P[QBRA6B] -0.0869 * P[QBRA7B] -0.0869 * P[QBRA8D] -0.0869 * P[QBRS1D] +0.53 * P[QBSW1C] +0.53 * P[QBSW2C] +0.678 * P[QCAB1] +0.678 * P[QCAB2] +0.678 * P[QCAC3] +0.678 * P[QCAC4] -0.0869 * P[QCBF1D] -0.0869 * P[QCBR1C] -0.0869 * P[QCBS1B] +0.892 * P[QCCK1D] +0.892 * P[QCCK2H] +0.892 * P[QCLA1C] -0.0869 * P[QCND1C] +0.892 * P[QCOS1C] -0.0869 * P[QCPG1C] -0.0869 * P[QDMW1W] +0.891 * P[QGAR1] -0.0869 * P[QGBB1G] +0.772 * P[QGLD1] +0.772 * P[QGLD2] +0.772 * P[QGLD3] +0.772 * P[QGLD4] +0.772 * P[QGLD5] +0.772 * P[QGLD6] +0.892 * P[QHAR1H] +0.891 * P[QKAH1] +0.891 * P[QKAH2] +0.891 * P[QKAH3] +0.891 * P[QKAH4] +0.772 * P[QLCS1A] +0.892 * P[QLIS1E] +0.892 * P[QLIS2M] +0.892 * P[QLLV3C] +0.892 * P[QMPL1R] +0.678 * P[QMRR1M] -0.0869 * P[QMRY1Y] -0.0869 * P[QMRY2M] -0.0869 * P[QMRY3W] -0.0869 * P[QMRY4W] +0.891 * P[QMSP1] +0.891 * P[QMSP2] +0.891 * P[QMSP3M] -0.0869 * P[QMSW1M] -0.0869 * P[QOKY1] -0.0869 * P[QOKY2] -0.0869 * P[QORS1E] -0.0869 * P[QRMA7] -0.0869 * P[QRMA8] +0.892 * P[QROG1K] +0.892 * P[QROG3R] +0.892 * P[QROW1K] +0.892 * P[QROW2K] +0.892 * P[QSLD1H] +0.892 * P[QSLS1W] +0.53 * P[QSTN1] +0.53 * P[QSTN2] +0.53 * P[QSTN3] +0.53 * P[QSTN4] -0.0869 * P[QSWE] -0.0869 * P[QTBS1C] -0.0869 * P[QTBS2S] -0.0869 * P[QTKS1O] -0.0869 * P[QTKS2O] +0.892 * P[QTMW1K] -0.0869 * P[QTNT] -0.0869 * P[QTRB1T] -0.0869 * P[QTRN1] -0.0869 * P[QTRN2] -0.0869 * P[QTRN3] -0.0869 * P[QTRN4] -0.0869 * P[QTRS1K] +0.891 * P[QTYP] +0.892 * P[QTZS1S] -0.0869 * P[QWDB3C] -0.0869 * P[QWDE3W] -0.0869 * P[QWDE4W] -0.0869 * P[QWDR1W] -0.0869 * P[QWDS1U] -0.0869 * P[QWIV1] -0.0869 * P[QWIV2] +0.892 * P[QWKM1M] -0.0869 * P[QWLM1M] -0.0869 * P[QWLS1W] -0.0869 * P[QWSB3W] -0.0869 * P[QWSR1W] -0.0869 * P[QWSS1G] -0.0869 * F[N-Q-MNSP1] + Z_unrepresented <= RHS(t),"Out = Nil, CQ-SQ voltage stability limit, 2008/2009 implementation",Voltage Stability,True,Z includes unsupported non-energy/region terms if present; not assumed zero
QNI-lower-20251126T1750,Q::N_8C8J_AR_2LG_N-2,Q::N_8C8J_AR_2LG_N-2|2022-09-02|1,unknown IC factor * F + Z_unrepresented nan RHS(t),,,False,Z includes unsupported non-energy/region terms if present; not assumed zero
QNI-lower-20251126T1750,N>>16_8_39,N>>16_8_39|2024-11-20|1,-0.175 * F_VIC_to_NSW +0.704 * P[NAL11C] +0.715 * P[NBA21B] +0.192 * P[NBAY1] +0.192 * P[NBAY2] +0.282 * P[NBAY3] +0.282 * P[NBAY4] +0.714 * P[NBB21B] +0.371 * P[NBES1B] +0.701 * P[NBK11B] +0.701 * P[NBKB3B] +0.701 * P[NBKW1S] +0.702 * P[NBL21L] +0.724 * P[NBLW8] +0.376 * P[NBOD1B] +0.702 * P[NBSF1L] +0.702 * P[NBSF2S] +0.36 * P[NCDS1C] +0.864 * P[NCKW1C] +0.704 * P[NCLS1C] +0.865 * P[NCLW1C] +0.635 * P[NCMA3B] +0.864 * P[NCW31C] +0.353 * P[NCWF2W] +0.704 * P[NDNH1H] +0.704 * P[NDNS1D] -0.455 * P[NDT13T] -0.455 * P[NDTB1T] +0.514 * P[NFBS1J] +0.705 * P[NFNS1F] +0.178 * P[NGNE1G] +0.847 * P[NGUR1G] +0.847 * P[NGUR2G] +0.847 * P[NGUR3G] +0.699 * P[NGUT8] +0.703 * P[NHUM] -0.699 * P[NLTS3] +0.699 * P[NLTS8] +0.407 * P[NMLS1M] +0.388 * P[NMOS1M] +1 * P[NMR22T] +0.175 * P[NMR41M] +0.356 * P[NMTP1] +0.356 * P[NMTP2] +0.172 * P[NMTZ1M] +0.706 * P[NNRN1A] +0.37 * P[NONF1F] +0.467 * P[NPG11P] +0.467 * P[NPG12G] +0.634 * P[NQBB3Q] +0.634 * P[NQBC3C] +0.704 * P[NRB23R] +0.704 * P[NRBB3R] +0.704 * P[NRDP3D] +0.799 * P[NRPK1R] +0.175 * P[NSAP1S] -0.256 * P[NSHL] +0.256 * P[NSHP1] +0.374 * P[NSTB1S] +0.374 * P[NSTU1S] +0.707 * P[NURQ1U] +0.707 * P[NURQ2U] +0.707 * P[NURQ3U] +0.707 * P[NURQ4U] +0.175 * P[NURR1N] +0.175 * P[NURR2N] +0.698 * P[NUTS8] +0.709 * P[NWGG1W] +0.709 * P[NWGJ1J] +0.709 * P[NWGJ2S] +0.709 * P[NWGJ3W] +0.709 * P[NWGJ4W] +0.709 * P[NWGS1B] +0.702 * P[NWL21W] +0.379 * P[NWL82N] +0.702 * P[NWLA1W] +0.373 * P[NWLN1W] +0.379 * P[NWLS3N] +0.379 * P[NWLS4W] +0.389 * P[NWLW1S] +0.374 * P[NWOW1W] +0.172 * P[NWRK1W] +0.172 * P[NWRK2W] +0.741 * P[NYS12A] -0.169 * F[N-Q-MNSP1] +0.7 * F[VIC1-NSW1] + Z_unrepresented <= RHS(t),"Out = Avon-Marulan (16), avoid O/L Marulan to Dapto (8) on trip of Bannaby to Sydney West (39) line, Feedback",Thermal,True,Z includes unsupported non-energy/region terms if present; not assumed zero
QNI-lower-20251211T1340,Q::N_8C8J_AR_2LG_N-2,Q::N_8C8J_AR_2LG_N-2|2022-09-02|1,unknown IC factor * F + Z_unrepresented nan RHS(t),,,False,Z includes unsupported non-energy/region terms if present; not assumed zero
QNI-lower-20251211T1340,N>>16_8_39,N>>16_8_39|2025-12-02|1,-0.175 * F_VIC_to_NSW +0.704 * P[NAL11C] +0.715 * P[NBA21B] +0.192 * P[NBAY1] +0.192 * P[NBAY2] +0.282 * P[NBAY3] +0.282 * P[NBAY4] +0.714 * P[NBB21B] +0.371 * P[NBES1B] +0.701 * P[NBK11B] +0.701 * P[NBKB3B] +0.701 * P[NBKW1S] +0.702 * P[NBL21L] +0.724 * P[NBLW8] +0.376 * P[NBOD1B] +0.702 * P[NBSF1L] +0.702 * P[NBSF2S] +0.36 * P[NCDS1C] +0.864 * P[NCKW1C] +0.704 * P[NCLS1C] +0.865 * P[NCLW1C] +0.635 * P[NCMA3B] +0.703 * P[NCRN1C] +0.864 * P[NCW31C] +0.353 * P[NCWF2W] +0.704 * P[NDNH1H] +0.704 * P[NDNS1D] -0.455 * P[NDT13T] -0.455 * P[NDTB1T] +0.514 * P[NFBS1J] +0.705 * P[NFNS1F] +0.178 * P[NGNE1G] +0.847 * P[NGUR1G] +0.847 * P[NGUR2G] +0.847 * P[NGUR3G] +0.699 * P[NGUT8] +0.703 * P[NHUM] +0.703 * P[NJDA1G] +0.184 * P[NLDB1L] +0.702 * P[NLMB1L] -0.699 * P[NLTS3] +0.699 * P[NLTS8] +0.407 * P[NMLS1M] +0.388 * P[NMOS1M] +1 * P[NMR22T] +0.175 * P[NMR41M] +0.356 * P[NMTP1] +0.356 * P[NMTP2] +0.172 * P[NMTZ1M] +0.706 * P[NNRN1A] +0.37 * P[NONF1F] +0.467 * P[NPG11P] +0.467 * P[NPG12G] +0.634 * P[NQBB3Q] +0.634 * P[NQBC3C] +0.704 * P[NRB23R] +0.704 * P[NRBB3R] +0.704 * P[NRDP3D] +0.799 * P[NRPK1R] +0.175 * P[NSAP1S] -0.256 * P[NSHL] +0.256 * P[NSHP1] +0.374 * P[NSTB1S] +0.374 * P[NSTU1S] +0.175 * P[NURB1N] +0.175 * P[NURB2N] +0.707 * P[NURQ1U] +0.707 * P[NURQ2U] +0.707 * P[NURQ3U] +0.698 * P[NUTS8] +0.707 * P[NURQ4U] +0.175 * P[NURR1N] +0.175 * P[NURR2N] +0.709 * P[NWGG1W] +0.709 * P[NWGJ1J] +0.709 * P[NWGJ2S] +0.709 * P[NWGJ3W] +0.709 * P[NWGJ4W] +0.709 * P[NWGS1B] +0.702 * P[NWL21W] +0.379 * P[NWL82N] +0.702 * P[NWLA1W] +0.373 * P[NWLN1W] +0.373 * P[NWLO1O] +0.379 * P[NWLS3N] +0.379 * P[NWLS4W] +0.389 * P[NWLW1S] +0.374 * P[NWOW1W] +0.172 * P[NWRK1W] +0.172 * P[NWRK2W] +0.741 * P[NYS12A] -0.169 * F[N-Q-MNSP1] +0.7 * F[VIC1-NSW1] + Z_unrepresented <= RHS(t),"Out = Avon-Marulan (16), avoid O/L Marulan to Dapto (8) on trip of Bannaby to Sydney West (39) line, Feedback",Thermal,True,Z includes unsupported non-energy/region terms if present; not assumed zero
QNI-lower-20260110T1540,N>>16_8_39,N>>16_8_39|2025-12-02|1,-0.175 * F_VIC_to_NSW +0.704 * P[NAL11C] +0.715 * P[NBA21B] +0.192 * P[NBAY1] +0.192 * P[NBAY2] +0.282 * P[NBAY3] +0.282 * P[NBAY4] +0.714 * P[NBB21B] +0.371 * P[NBES1B] +0.701 * P[NBK11B] +0.701 * P[NBKB3B] +0.701 * P[NBKW1S] +0.702 * P[NBL21L] +0.724 * P[NBLW8] +0.376 * P[NBOD1B] +0.702 * P[NBSF1L] +0.702 * P[NBSF2S] +0.36 * P[NCDS1C] +0.864 * P[NCKW1C] +0.704 * P[NCLS1C] +0.865 * P[NCLW1C] +0.635 * P[NCMA3B] +0.703 * P[NCRN1C] +0.864 * P[NCW31C] +0.353 * P[NCWF2W] +0.704 * P[NDNH1H] +0.704 * P[NDNS1D] -0.455 * P[NDT13T] -0.455 * P[NDTB1T] +0.514 * P[NFBS1J] +0.705 * P[NFNS1F] +0.178 * P[NGNE1G] +0.847 * P[NGUR1G] +0.847 * P[NGUR2G] +0.847 * P[NGUR3G] +0.699 * P[NGUT8] +0.703 * P[NHUM] +0.703 * P[NJDA1G] +0.184 * P[NLDB1L] +0.702 * P[NLMB1L] -0.699 * P[NLTS3] +0.699 * P[NLTS8] +0.407 * P[NMLS1M] +0.388 * P[NMOS1M] +1 * P[NMR22T] +0.175 * P[NMR41M] +0.356 * P[NMTP1] +0.356 * P[NMTP2] +0.172 * P[NMTZ1M] +0.706 * P[NNRN1A] +0.37 * P[NONF1F] +0.467 * P[NPG11P] +0.467 * P[NPG12G] +0.634 * P[NQBB3Q] +0.634 * P[NQBC3C] +0.704 * P[NRB23R] +0.704 * P[NRBB3R] +0.704 * P[NRDP3D] +0.799 * P[NRPK1R] +0.175 * P[NSAP1S] -0.256 * P[NSHL] +0.256 * P[NSHP1] +0.374 * P[NSTB1S] +0.374 * P[NSTU1S] +0.175 * P[NURB1N] +0.175 * P[NURB2N] +0.707 * P[NURQ1U] +0.707 * P[NURQ2U] +0.707 * P[NURQ3U] +0.698 * P[NUTS8] +0.707 * P[NURQ4U] +0.175 * P[NURR1N] +0.175 * P[NURR2N] +0.709 * P[NWGG1W] +0.709 * P[NWGJ1J] +0.709 * P[NWGJ2S] +0.709 * P[NWGJ3W] +0.709 * P[NWGJ4W] +0.709 * P[NWGS1B] +0.702 * P[NWL21W] +0.379 * P[NWL82N] +0.702 * P[NWLA1W] +0.373 * P[NWLN1W] +0.373 * P[NWLO1O] +0.379 * P[NWLS3N] +0.379 * P[NWLS4W] +0.389 * P[NWLW1S] +0.374 * P[NWOW1W] +0.172 * P[NWRK1W] +0.172 * P[NWRK2W] +0.741 * P[NYS12A] -0.169 * F[N-Q-MNSP1] +0.7 * F[VIC1-NSW1] + Z_unrepresented <= RHS(t),"Out = Avon-Marulan (16), avoid O/L Marulan to Dapto (8) on trip of Bannaby to Sydney West (39) line, Feedback",Thermal,True,Z includes unsupported non-energy/region terms if present; not assumed zero
QNI-lower-20260205T1420,N>>NIL_964_84_S,N>>NIL_964_84_S|2025-12-02|1,-0.746 * F_VIC_to_NSW +0.6 * P[NGNE1G] +0.725 * P[NMR41M] +0.869 * P[NMTZ1M] +0.747 * P[NSAP1S] +0.722 * P[NURB1N] +0.722 * P[NURB2N] +0.722 * P[NURR1N] +0.722 * P[NURR2N] +0.853 * P[NWRK1W] +0.853 * P[NWRK2W] -1 * F[N-Q-MNSP1] + Z_unrepresented <= RHS(t),"Out= NIL, avoid O/L Port Macquarie to Herons Creek Tee (964/2) on trip of Tamworth to Liddell (84) line, Feedback",Thermal,True,Z includes unsupported non-energy/region terms if present; not assumed zero
QNI-lower-20260205T1420,N>>16_8_39,N>>16_8_39|2025-12-02|1,-0.175 * F_VIC_to_NSW +0.704 * P[NAL11C] +0.715 * P[NBA21B] +0.192 * P[NBAY1] +0.192 * P[NBAY2] +0.282 * P[NBAY3] +0.282 * P[NBAY4] +0.714 * P[NBB21B] +0.371 * P[NBES1B] +0.701 * P[NBK11B] +0.701 * P[NBKB3B] +0.701 * P[NBKW1S] +0.702 * P[NBL21L] +0.724 * P[NBLW8] +0.376 * P[NBOD1B] +0.702 * P[NBSF1L] +0.702 * P[NBSF2S] +0.36 * P[NCDS1C] +0.864 * P[NCKW1C] +0.704 * P[NCLS1C] +0.865 * P[NCLW1C] +0.635 * P[NCMA3B] +0.703 * P[NCRN1C] +0.864 * P[NCW31C] +0.353 * P[NCWF2W] +0.704 * P[NDNH1H] +0.704 * P[NDNS1D] -0.455 * P[NDT13T] -0.455 * P[NDTB1T] +0.514 * P[NFBS1J] +0.705 * P[NFNS1F] +0.178 * P[NGNE1G] +0.847 * P[NGUR1G] +0.847 * P[NGUR2G] +0.847 * P[NGUR3G] +0.699 * P[NGUT8] +0.703 * P[NHUM] +0.703 * P[NJDA1G] +0.184 * P[NLDB1L] +0.702 * P[NLMB1L] -0.699 * P[NLTS3] +0.699 * P[NLTS8] +0.407 * P[NMLS1M] +0.388 * P[NMOS1M] +1 * P[NMR22T] +0.175 * P[NMR41M] +0.356 * P[NMTP1] +0.356 * P[NMTP2] +0.172 * P[NMTZ1M] +0.706 * P[NNRN1A] +0.37 * P[NONF1F] +0.467 * P[NPG11P] +0.467 * P[NPG12G] +0.634 * P[NQBB3Q] +0.634 * P[NQBC3C] +0.704 * P[NRB23R] +0.704 * P[NRBB3R] +0.704 * P[NRDP3D] +0.799 * P[NRPK1R] +0.175 * P[NSAP1S] -0.256 * P[NSHL] +0.256 * P[NSHP1] +0.374 * P[NSTB1S] +0.374 * P[NSTU1S] +0.175 * P[NURB1N] +0.175 * P[NURB2N] +0.707 * P[NURQ1U] +0.707 * P[NURQ2U] +0.707 * P[NURQ3U] +0.698 * P[NUTS8] +0.707 * P[NURQ4U] +0.175 * P[NURR1N] +0.175 * P[NURR2N] +0.709 * P[NWGG1W] +0.709 * P[NWGJ1J] +0.709 * P[NWGJ2S] +0.709 * P[NWGJ3W] +0.709 * P[NWGJ4W] +0.709 * P[NWGS1B] +0.702 * P[NWL21W] +0.379 * P[NWL82N] +0.702 * P[NWLA1W] +0.373 * P[NWLN1W] +0.373 * P[NWLO1O] +0.379 * P[NWLS3N] +0.379 * P[NWLS4W] +0.389 * P[NWLW1S] +0.374 * P[NWOW1W] +0.172 * P[NWRK1W] +0.172 * P[NWRK2W] +0.741 * P[NYS12A] -0.169 * F[N-Q-MNSP1] +0.7 * F[VIC1-NSW1] + Z_unrepresented <= RHS(t),"Out = Avon-Marulan (16), avoid O/L Marulan to Dapto (8) on trip of Bannaby to Sydney West (39) line, Feedback",Thermal,True,Z includes unsupported non-energy/region terms if present; not assumed zero
QNI-lower-20260206T1305,N>>16_8_39,N>>16_8_39|2025-12-02|1,-0.175 * F_VIC_to_NSW +0.704 * P[NAL11C] +0.715 * P[NBA21B] +0.192 * P[NBAY1] +0.192 * P[NBAY2] +0.282 * P[NBAY3] +0.282 * P[NBAY4] +0.714 * P[NBB21B] +0.371 * P[NBES1B] +0.701 * P[NBK11B] +0.701 * P[NBKB3B] +0.701 * P[NBKW1S] +0.702 * P[NBL21L] +0.724 * P[NBLW8] +0.376 * P[NBOD1B] +0.702 * P[NBSF1L] +0.702 * P[NBSF2S] +0.36 * P[NCDS1C] +0.864 * P[NCKW1C] +0.704 * P[NCLS1C] +0.865 * P[NCLW1C] +0.635 * P[NCMA3B] +0.703 * P[NCRN1C] +0.864 * P[NCW31C] +0.353 * P[NCWF2W] +0.704 * P[NDNH1H] +0.704 * P[NDNS1D] -0.455 * P[NDT13T] -0.455 * P[NDTB1T] +0.514 * P[NFBS1J] +0.705 * P[NFNS1F] +0.178 * P[NGNE1G] +0.847 * P[NGUR1G] +0.847 * P[NGUR2G] +0.847 * P[NGUR3G] +0.699 * P[NGUT8] +0.703 * P[NHUM] +0.703 * P[NJDA1G] +0.184 * P[NLDB1L] +0.702 * P[NLMB1L] -0.699 * P[NLTS3] +0.699 * P[NLTS8] +0.407 * P[NMLS1M] +0.388 * P[NMOS1M] +1 * P[NMR22T] +0.175 * P[NMR41M] +0.356 * P[NMTP1] +0.356 * P[NMTP2] +0.172 * P[NMTZ1M] +0.706 * P[NNRN1A] +0.37 * P[NONF1F] +0.467 * P[NPG11P] +0.467 * P[NPG12G] +0.634 * P[NQBB3Q] +0.634 * P[NQBC3C] +0.704 * P[NRB23R] +0.704 * P[NRBB3R] +0.704 * P[NRDP3D] +0.799 * P[NRPK1R] +0.175 * P[NSAP1S] -0.256 * P[NSHL] +0.256 * P[NSHP1] +0.374 * P[NSTB1S] +0.374 * P[NSTU1S] +0.175 * P[NURB1N] +0.175 * P[NURB2N] +0.707 * P[NURQ1U] +0.707 * P[NURQ2U] +0.707 * P[NURQ3U] +0.698 * P[NUTS8] +0.707 * P[NURQ4U] +0.175 * P[NURR1N] +0.175 * P[NURR2N] +0.709 * P[NWGG1W] +0.709 * P[NWGJ1J] +0.709 * P[NWGJ2S] +0.709 * P[NWGJ3W] +0.709 * P[NWGJ4W] +0.709 * P[NWGS1B] +0.702 * P[NWL21W] +0.379 * P[NWL82N] +0.702 * P[NWLA1W] +0.373 * P[NWLN1W] +0.373 * P[NWLO1O] +0.379 * P[NWLS3N] +0.379 * P[NWLS4W] +0.389 * P[NWLW1S] +0.374 * P[NWOW1W] +0.172 * P[NWRK1W] +0.172 * P[NWRK2W] +0.741 * P[NYS12A] -0.169 * F[N-Q-MNSP1] +0.7 * F[VIC1-NSW1] + Z_unrepresented <= RHS(t),"Out = Avon-Marulan (16), avoid O/L Marulan to Dapto (8) on trip of Bannaby to Sydney West (39) line, Feedback",Thermal,True,Z includes unsupported non-energy/region terms if present; not assumed zero
QNI-lower-20260206T1305,N>>NIL_85_86_S,N>>NIL_85_86_S|2025-09-22|1,-0.986 * F_VIC_to_NSW +0.455 * P[NMR41M] +0.947 * P[NMTZ1M] +0.987 * P[NSAP1S] +1 * P[NURB1N] +1 * P[NURB2N] +1 * P[NURR1N] +1 * P[NURR2N] +0.839 * P[NWRK1W] +0.839 * P[NWRK2W] -0.925 * F[N-Q-MNSP1] + Z_unrepresented <= RHS(t),"Out= NIL, avoid O/L Uralla to Tamworth (85) on trip of Armidale to Tamworth (86) line, Feedback",Thermal,True,Z includes unsupported non-energy/region terms if present; not assumed zero
QNI-lower-20260211T1320,N>>NIL_964_88_S,N>>NIL_964_88_S|2025-12-02|1,-0.742 * F_VIC_to_NSW +0.593 * P[NGNE1G] +0.72 * P[NMR41M] +0.867 * P[NMTZ1M] +0.742 * P[NSAP1S] +0.717 * P[NURB1N] +0.717 * P[NURB2N] +0.717 * P[NURR1N] +0.717 * P[NURR2N] +0.851 * P[NWRK1W] +0.851 * P[NWRK2W] -1 * F[N-Q-MNSP1] + Z_unrepresented <= RHS(t),"Out= NIL, avoid O/L Port Macquarie to Herons Creek Tee (964/2) on trip of Tamworth to Muswellbrook (88) line, Feedback",Thermal,True,Z includes unsupported non-energy/region terms if present; not assumed zero
QNI-lower-20260211T1320,N>>NIL_964_84_S,N>>NIL_964_84_S|2025-12-02|1,-0.746 * F_VIC_to_NSW +0.6 * P[NGNE1G] +0.725 * P[NMR41M] +0.869 * P[NMTZ1M] +0.747 * P[NSAP1S] +0.722 * P[NURB1N] +0.722 * P[NURB2N] +0.722 * P[NURR1N] +0.722 * P[NURR2N] +0.853 * P[NWRK1W] +0.853 * P[NWRK2W] -1 * F[N-Q-MNSP1] + Z_unrepresented <= RHS(t),"Out= NIL, avoid O/L Port Macquarie to Herons Creek Tee (964/2) on trip of Tamworth to Liddell (84) line, Feedback",Thermal,True,Z includes unsupported non-energy/region terms if present; not assumed zero
QNI-lower-20260211T1320,N>>16_8_39,N>>16_8_39|2025-12-02|1,-0.175 * F_VIC_to_NSW +0.704 * P[NAL11C] +0.715 * P[NBA21B] +0.192 * P[NBAY1] +0.192 * P[NBAY2] +0.282 * P[NBAY3] +0.282 * P[NBAY4] +0.714 * P[NBB21B] +0.371 * P[NBES1B] +0.701 * P[NBK11B] +0.701 * P[NBKB3B] +0.701 * P[NBKW1S] +0.702 * P[NBL21L] +0.724 * P[NBLW8] +0.376 * P[NBOD1B] +0.702 * P[NBSF1L] +0.702 * P[NBSF2S] +0.36 * P[NCDS1C] +0.864 * P[NCKW1C] +0.704 * P[NCLS1C] +0.865 * P[NCLW1C] +0.635 * P[NCMA3B] +0.703 * P[NCRN1C] +0.864 * P[NCW31C] +0.353 * P[NCWF2W] +0.704 * P[NDNH1H] +0.704 * P[NDNS1D] -0.455 * P[NDT13T] -0.455 * P[NDTB1T] +0.514 * P[NFBS1J] +0.705 * P[NFNS1F] +0.178 * P[NGNE1G] +0.847 * P[NGUR1G] +0.847 * P[NGUR2G] +0.847 * P[NGUR3G] +0.699 * P[NGUT8] +0.703 * P[NHUM] +0.703 * P[NJDA1G] +0.184 * P[NLDB1L] +0.702 * P[NLMB1L] -0.699 * P[NLTS3] +0.699 * P[NLTS8] +0.407 * P[NMLS1M] +0.388 * P[NMOS1M] +1 * P[NMR22T] +0.175 * P[NMR41M] +0.356 * P[NMTP1] +0.356 * P[NMTP2] +0.172 * P[NMTZ1M] +0.706 * P[NNRN1A] +0.37 * P[NONF1F] +0.467 * P[NPG11P] +0.467 * P[NPG12G] +0.634 * P[NQBB3Q] +0.634 * P[NQBC3C] +0.704 * P[NRB23R] +0.704 * P[NRBB3R] +0.704 * P[NRDP3D] +0.799 * P[NRPK1R] +0.175 * P[NSAP1S] -0.256 * P[NSHL] +0.256 * P[NSHP1] +0.374 * P[NSTB1S] +0.374 * P[NSTU1S] +0.175 * P[NURB1N] +0.175 * P[NURB2N] +0.707 * P[NURQ1U] +0.707 * P[NURQ2U] +0.707 * P[NURQ3U] +0.698 * P[NUTS8] +0.707 * P[NURQ4U] +0.175 * P[NURR1N] +0.175 * P[NURR2N] +0.709 * P[NWGG1W] +0.709 * P[NWGJ1J] +0.709 * P[NWGJ2S] +0.709 * P[NWGJ3W] +0.709 * P[NWGJ4W] +0.709 * P[NWGS1B] +0.702 * P[NWL21W] +0.379 * P[NWL82N] +0.702 * P[NWLA1W] +0.373 * P[NWLN1W] +0.373 * P[NWLO1O] +0.379 * P[NWLS3N] +0.379 * P[NWLS4W] +0.389 * P[NWLW1S] +0.374 * P[NWOW1W] +0.172 * P[NWRK1W] +0.172 * P[NWRK2W] +0.741 * P[NYS12A] -0.169 * F[N-Q-MNSP1] +0.7 * F[VIC1-NSW1] + Z_unrepresented <= RHS(t),"Out = Avon-Marulan (16), avoid O/L Marulan to Dapto (8) on trip of Bannaby to Sydney West (39) line, Feedback",Thermal,True,Z includes unsupported non-energy/region terms if present; not assumed zero
QNI-lower-20260219T0815,N>>NIL_964_84_S,N>>NIL_964_84_S|2025-12-02|1,-0.746 * F_VIC_to_NSW +0.6 * P[NGNE1G] +0.725 * P[NMR41M] +0.869 * P[NMTZ1M] +0.747 * P[NSAP1S] +0.722 * P[NURB1N] +0.722 * P[NURB2N] +0.722 * P[NURR1N] +0.722 * P[NURR2N] +0.853 * P[NWRK1W] +0.853 * P[NWRK2W] -1 * F[N-Q-MNSP1] + Z_unrepresented <= RHS(t),"Out= NIL, avoid O/L Port Macquarie to Herons Creek Tee (964/2) on trip of Tamworth to Liddell (84) line, Feedback",Thermal,True,Z includes unsupported non-energy/region terms if present; not assumed zero
QNI-lower-20260219T0815,N>>NIL_85_86_S,N>>NIL_85_86_S|2025-09-22|1,-0.986 * F_VIC_to_NSW +0.455 * P[NMR41M] +0.947 * P[NMTZ1M] +0.987 * P[NSAP1S] +1 * P[NURB1N] +1 * P[NURB2N] +1 * P[NURR1N] +1 * P[NURR2N] +0.839 * P[NWRK1W] +0.839 * P[NWRK2W] -0.925 * F[N-Q-MNSP1] + Z_unrepresented <= RHS(t),"Out= NIL, avoid O/L Uralla to Tamworth (85) on trip of Armidale to Tamworth (86) line, Feedback",Thermal,True,Z includes unsupported non-energy/region terms if present; not assumed zero
QNI-lower-20260321T0630,F_Q++8C_L6,F_Q++8C_L6|2023-03-14|1,unknown IC factor * F + Z_unrepresented nan RHS(t),,,False,Z includes unsupported non-energy/region terms if present; not assumed zero
QNI-lower-20260321T0630,#NSW1-QLD1_RAMP_I_F,#NSW1-QLD1_RAMP_I_F|2026-03-21|1,1 * F_VIC_to_NSW + Z_unrepresented >= RHS(t),"NSW1-QLD1 >= MIN(-595, InitialFlow + 200) (Wt=35)",Ramping,True,Z includes unsupported non-energy/region terms if present; not assumed zero
QNI-lower-20260321T0630,F_STHN++8C_R6,F_STHN++8C_R6|2023-08-22|1,unknown IC factor * F + Z_unrepresented nan RHS(t),,,False,Z includes unsupported non-energy/region terms if present; not assumed zero
QNI-lower-20260321T0630,F_NVS+8C_R60,F_NVS+8C_R60|2023-03-14|1,unknown IC factor * F + Z_unrepresented nan RHS(t),,,False,Z includes unsupported non-energy/region terms if present; not assumed zero
QNI-lower-20260321T0630,F_NVS++8C_R60,F_NVS++8C_R60|2023-03-14|1,unknown IC factor * F + Z_unrepresented nan RHS(t),,,False,Z includes unsupported non-energy/region terms if present; not assumed zero
QNI-lower-20260321T0630,F_Q++8C_L5,F_Q++8C_L5|2023-03-14|1,unknown IC factor * F + Z_unrepresented nan RHS(t),,,False,Z includes unsupported non-energy/region terms if present; not assumed zero
QNI-lower-20260321T0630,Q^^N_NIL_SRAR,Q^^N_NIL_SRAR|2022-09-20|1,unknown IC factor * F + Z_unrepresented nan RHS(t),,,False,Z includes unsupported non-energy/region terms if present; not assumed zero
QNI-lower-20260321T0630,F_NVS+8C_R6,F_NVS+8C_R6|2023-03-14|1,unknown IC factor * F + Z_unrepresented nan RHS(t),,,False,Z includes unsupported non-energy/region terms if present; not assumed zero
QNI-lower-20260321T0630,F_STHN++8C_R60,F_STHN++8C_R60|2023-03-14|1,unknown IC factor * F + Z_unrepresented nan RHS(t),,,False,Z includes unsupported non-energy/region terms if present; not assumed zero
QNI-lower-20260321T0630,#R035211_011_RAMP_F,#R035211_011_RAMP_F|2026-03-20|1,-1 * F_VIC_to_NSW + Z_unrepresented <= RHS(t),"Hard Ramping constraint for constraint Q:N_760, Effective Date: 16/03/2026, Version: 1",Oscillatory Stability,True,Z includes unsupported non-energy/region terms if present; not assumed zero
QNI-lower-20260414T0630,Q:N_1078,Q:N_1078|2013-07-24|1,unknown IC factor * F + Z_unrepresented nan RHS(t),,,False,Z includes unsupported non-energy/region terms if present; not assumed zero
QNI-lower-20260414T0630,#R035393_014_RAMP_F,#R035393_014_RAMP_F|2026-04-14|1,1 * F_VIC_to_NSW -1 * P[NSAP1S] + Z_unrepresented >= RHS(t),"Hard Ramping constraint for constraint F_Q++8E_L6, Effective Date: 13/03/2023, Version: 1",FCAS,True,Z includes unsupported non-energy/region terms if present; not assumed zero
QNI-lower-20260507T0830,F_Q++BCDM_L60,F_Q++BCDM_L60|2019-09-10|1,unknown IC factor * F + Z_unrepresented nan RHS(t),,,False,Z includes unsupported non-energy/region terms if present; not assumed zero
QNI-lower-20260507T0830,Q^^N_NIL_SRAR,Q^^N_NIL_SRAR|2022-09-20|1,unknown IC factor * F + Z_unrepresented nan RHS(t),,,False,Z includes unsupported non-energy/region terms if present; not assumed zero
QNI-lower-20260507T0830,N>>964_86_85_S,N>>964_86_85_S|2026-04-07|1,-0.999 * F_VIC_to_NSW +0.5 * P[NMR41M] +0.982 * P[NMTZ1M] +1 * P[NSAP1S] +1 * P[NURB1N] +1 * P[NURB2N] +1 * P[NURR1N] +1 * P[NURR2N] +0.878 * P[NWRK1W] +0.878 * P[NWRK2W] -0.983 * F[N-Q-MNSP1] + Z_unrepresented <= RHS(t),"Out= Taree to Port Macquarie (964) 132kV line, avoid O/L Armidale to Tamworth (86) on trip of Uralla to Tamworth (85) line, Feedback",Thermal,True,Z includes unsupported non-energy/region terms if present; not assumed zero
QNI-lower-20260507T0830,#R035632_014_RAMP_F,#R035632_014_RAMP_F|2026-05-07|1,1 * F_VIC_to_NSW + Z_unrepresented >= RHS(t),"Hard Ramping constraint for constraint F_Q++BCDM_L6, Effective Date: 10/09/2019, Version: 1",FCAS,True,Z includes unsupported non-energy/region terms if present; not assumed zero
QNI-lower-20260507T0830,F_Q++BCDM_L6,F_Q++BCDM_L6|2019-09-10|1,unknown IC factor * F + Z_unrepresented nan RHS(t),,,False,Z includes unsupported non-energy/region terms if present; not assumed zero
QNI-lower-20260512T2040,F_NVS+8E_R6,F_NVS+8E_R6|2023-03-13|1,unknown IC factor * F + Z_unrepresented nan RHS(t),,,False,Z includes unsupported non-energy/region terms if present; not assumed zero
QNI-lower-20260512T2040,F_Q++8E_L6,F_Q++8E_L6|2023-03-13|1,unknown IC factor * F + Z_unrepresented nan RHS(t),,,False,Z includes unsupported non-energy/region terms if present; not assumed zero
QNI-lower-20260512T2040,F_Q++8E_L5,F_Q++8E_L5|2023-03-13|1,unknown IC factor * F + Z_unrepresented nan RHS(t),,,False,Z includes unsupported non-energy/region terms if present; not assumed zero
QNI-lower-20260616T0705,F_Q++8C_L6,F_Q++8C_L6|2023-03-14|1,unknown IC factor * F + Z_unrepresented nan RHS(t),,,False,Z includes unsupported non-energy/region terms if present; not assumed zero
QNI-lower-20260616T0705,#R036018_013_RAMP_F,#R036018_013_RAMP_F|2026-06-15|1,-1 * F_VIC_to_NSW + Z_unrepresented <= RHS(t),"Hard Ramping constraint for constraint QN_590, Effective Date: 11/05/2026, Version: 1",Discretionary,True,Z includes unsupported non-energy/region terms if present; not assumed zero
QNI-lower-20260716T0700,#R036285_013_RAMP_F,#R036285_013_RAMP_F|2026-07-15|1,-1 * F_VIC_to_NSW + Z_unrepresented <= RHS(t),"Hard Ramping constraint for constraint QN_590, Effective Date: 11/05/2026, Version: 1",Discretionary,True,Z includes unsupported non-energy/region terms if present; not assumed zero
QNI-lower-20260716T0700,F_Q++8C_L5,F_Q++8C_L5|2023-03-14|1,unknown IC factor * F + Z_unrepresented nan RHS(t),,,False,Z includes unsupported non-energy/region terms if present; not assumed zero
QNI-lower-20260716T0700,Q^^N_NIL_SRAR,Q^^N_NIL_SRAR|2022-09-20|1,unknown IC factor * F + Z_unrepresented nan RHS(t),,,False,Z includes unsupported non-energy/region terms if present; not assumed zero
QNI-lower-20260729T1440,N>>NIL_964_84_S,N>>NIL_964_84_S|2026-05-20|1,-0.746 * F_VIC_to_NSW +0.6 * P[NGNE1G] +0.725 * P[NMR41M] +0.869 * P[NMTZ1M] +0.747 * P[NSAP1S] +0.722 * P[NURB1N] +0.722 * P[NURB2N] +0.722 * P[NURR1N] +0.722 * P[NURR2N] +0.853 * P[NWRK1W] +0.853 * P[NWRK2W] -1 * F[N-Q-MNSP1] + Z_unrepresented <= RHS(t),"Out= NIL, avoid O/L Port Macquarie to Herons Creek Tee (964/2) on trip of Tamworth to Liddell (84) line, Feedback",Thermal,True,Z includes unsupported non-energy/region terms if present; not assumed zero
QNI-lower-20260805T1625,N>>9W7_9W2_965,N>>9W7_9W2_965|2026-08-05|2,-0.596 * F_VIC_to_NSW +0.414 * P[NGNE1G] +0.552 * P[NMR41M] +0.696 * P[NMTZ1M] +0.596 * P[NSAP1S] +0.566 * P[NURB1N] +0.566 * P[NURB2N] +0.566 * P[NURR1N] +0.566 * P[NURR2N] +0.702 * P[NWRK1W] +0.702 * P[NWRK2W] -1 * F[N-Q-MNSP1] + Z_unrepresented <= RHS(t),"Out= One of Coffs Harbour to Kempsey (9W5 or 9W6 or 9W7 or 9W8), avoid O/L Raliegh to Kempsey (9W2) 132kV line on trip of Armidale to Kempsey (965) 132kV line, Feedback",Thermal,True,Z includes unsupported non-energy/region terms if present; not assumed zero
QNI-lower-20260805T1625,Q>N-NIL_8L_8M,Q>N-NIL_8L_8M|2013-08-21|1,unknown IC factor * F + Z_unrepresented nan RHS(t),,,False,Z includes unsupported non-energy/region terms if present; not assumed zero
QNI-upper-20240908T1710,N^^Q_DM_TW_SVC_B1,N^^Q_DM_TW_SVC_B1|2023-04-27|1,unknown IC factor * F + Z_unrepresented nan RHS(t),,,False,Z includes unsupported non-energy/region terms if present; not assumed zero
QNI-upper-20240926T1315,Q>>NIL_BCCP_RGLC,Q>>NIL_BCCP_RGLC|2024-08-26|1,unknown IC factor * F + Z_unrepresented nan RHS(t),,,False,Z includes unsupported non-energy/region terms if present; not assumed zero
QNI-upper-20240926T1315,N^^Q_DM_TW_SVC_B1,N^^Q_DM_TW_SVC_B1|2023-04-27|1,unknown IC factor * F + Z_unrepresented nan RHS(t),,,False,Z includes unsupported non-energy/region terms if present; not assumed zero
QNI-upper-20240926T1315,N^^Q_DM_TW_SVC_A,N^^Q_DM_TW_SVC_A|2023-04-27|1,unknown IC factor * F + Z_unrepresented nan RHS(t),,,False,Z includes unsupported non-energy/region terms if present; not assumed zero
QNI-upper-20241019T1530,NQ_850_DYN_TEST,NQ_850_DYN_TEST|2023-10-10|1,unknown IC factor * F + Z_unrepresented nan RHS(t),,,False,Z includes unsupported non-energy/region terms if present; not assumed zero
QNI-upper-20241019T1530,Q>>NIL_BCCP_RGLC,Q>>NIL_BCCP_RGLC|2024-10-17|1,0.077 * F_VIC_to_NSW +1 * P[QBCB3B] +0.878 * P[QBCG] +0.0727 * P[QBCK1] +0.0727 * P[QBCK2] +0.88 * P[QBDR1L] +0.927 * P[QBGH1] +0.927 * P[QBGH2] +0.0889 * P[QBRA1] +0.0889 * P[QBRA2] +0.0889 * P[QBRA3] +0.0902 * P[QBRA4K] +0.0889 * P[QBRA5B] +0.0889 * P[QBRA6B] +0.0889 * P[QBRA7B] +0.0884 * P[QBRA8D] +0.0884 * P[QBRS1D] +0.532 * P[QCAB1] +0.532 * P[QCAB2] +0.532 * P[QCAC3] +0.532 * P[QCAC4] +0.0902 * P[QCBF1D] +0.0902 * P[QCBR1C] +0.0902 * P[QCBS1B] +0.927 * P[QCCK1D] +0.927 * P[QCCK2H] +0.926 * P[QCLA1C] +0.0902 * P[QCND1C] +0.925 * P[QCOS1C] +0.0961 * P[QCPG1C] +0.927 * P[QGAR1] -0.559 * P[QGLD1] -0.559 * P[QGLD2] -0.503 * P[QGLD3] -0.503 * P[QGLD4] -0.559 * P[QGLD5] -0.559 * P[QGLD6] +0.927 * P[QHAR1H] +0.927 * P[QKAH1] +0.927 * P[QKAH2] +0.927 * P[QKAH3] +0.927 * P[QKAH4] +0.858 * P[QLIS1E] +0.876 * P[QLIS2M] +0.878 * P[QLLV3C] +0.916 * P[QMPL1R] +0.628 * P[QMRR1M] +0.927 * P[QMSP1] +0.927 * P[QMSP2] +0.927 * P[QMSP3M] +0.0727 * P[QMSW1M] +0.0902 * P[QORS1E] +0.0902 * P[QRMA7] +0.0902 * P[QRMA8] +0.927 * P[QROG1K] +0.927 * P[QROG3R] +0.927 * P[QROW1K] +0.927 * P[QROW2K] +0.925 * P[QSLD1H] +0.925 * P[QSLS1W] +0.914 * P[QSTN1] +0.914 * P[QSTN2] +0.914 * P[QSTN3] +0.914 * P[QSTN4] -0.316 * P[QTBS1C] -0.298 * P[QTBS2S] +0.927 * P[QTMW1K] +0.0855 * P[QTNT] +0.0855 * P[QTRB1T] +0.0855 * P[QTRN1] +0.0855 * P[QTRN2] +0.0855 * P[QTRN3] +0.0855 * P[QTRN4] +0.0855 * P[QTRS1K] +0.927 * P[QTYP] +0.927 * P[QTZS1S] +0.0902 * P[QWDB1C] -0.0902 * P[QWDB2C] +0.0902 * P[QWDB3C] +0.0902 * P[QWDE1W] -0.0902 * P[QWDE2W] +0.0902 * P[QWDE3W] +0.0902 * P[QWSB3W] +0.0902 * P[QWDR1W] +0.927 * P[QWKM1M] -0.211 * P[QWLS1W] +0.0902 * P[QWSR1W] +0.0902 * P[QWSS1G] + Z_unrepresented <= RHS(t),"Out= Nil, avoid O/L Raglan to Larcom Creek (8875) on trip of Bouldercombe to Calliope River (812) line, Feedback",Thermal,True,Z includes unsupported non-energy/region terms if present; not assumed zero
QNI-upper-20241022T1615,N^^Q_NIL_KPP_1,N^^Q_NIL_KPP_1|2023-05-01|1,unknown IC factor * F + Z_unrepresented nan RHS(t),,,False,Z includes unsupported non-energy/region terms if present; not assumed zero
QNI-upper-20241022T1615,N::Q_NIL_KC,N::Q_NIL_KC|2023-05-01|1,unknown IC factor * F + Z_unrepresented nan RHS(t),,,False,Z includes unsupported non-energy/region terms if present; not assumed zero
QNI-upper-20241105T1120,NQ_850_DYN_TEST,NQ_850_DYN_TEST|2023-10-10|1,unknown IC factor * F + Z_unrepresented nan RHS(t),,,False,Z includes unsupported non-energy/region terms if present; not assumed zero
QNI-upper-20241105T1120,Q>>NIL_BCCP_RGLC,Q>>NIL_BCCP_RGLC|2024-10-17|1,0.077 * F_VIC_to_NSW +1 * P[QBCB3B] +0.878 * P[QBCG] +0.0727 * P[QBCK1] +0.0727 * P[QBCK2] +0.88 * P[QBDR1L] +0.927 * P[QBGH1] +0.927 * P[QBGH2] +0.0889 * P[QBRA1] +0.0889 * P[QBRA2] +0.0889 * P[QBRA3] +0.0902 * P[QBRA4K] +0.0889 * P[QBRA5B] +0.0889 * P[QBRA6B] +0.0889 * P[QBRA7B] +0.0884 * P[QBRA8D] +0.0884 * P[QBRS1D] +0.532 * P[QCAB1] +0.532 * P[QCAB2] +0.532 * P[QCAC3] +0.532 * P[QCAC4] +0.0902 * P[QCBF1D] +0.0902 * P[QCBR1C] +0.0902 * P[QCBS1B] +0.927 * P[QCCK1D] +0.927 * P[QCCK2H] +0.926 * P[QCLA1C] +0.0902 * P[QCND1C] +0.925 * P[QCOS1C] +0.0961 * P[QCPG1C] +0.927 * P[QGAR1] -0.559 * P[QGLD1] -0.559 * P[QGLD2] -0.503 * P[QGLD3] -0.503 * P[QGLD4] -0.559 * P[QGLD5] -0.559 * P[QGLD6] +0.927 * P[QHAR1H] +0.927 * P[QKAH1] +0.927 * P[QKAH2] +0.927 * P[QKAH3] +0.927 * P[QKAH4] +0.858 * P[QLIS1E] +0.876 * P[QLIS2M] +0.878 * P[QLLV3C] +0.916 * P[QMPL1R] +0.628 * P[QMRR1M] +0.927 * P[QMSP1] +0.927 * P[QMSP2] +0.927 * P[QMSP3M] +0.0727 * P[QMSW1M] +0.0902 * P[QORS1E] +0.0902 * P[QRMA7] +0.0902 * P[QRMA8] +0.927 * P[QROG1K] +0.927 * P[QROG3R] +0.927 * P[QROW1K] +0.927 * P[QROW2K] +0.925 * P[QSLD1H] +0.925 * P[QSLS1W] +0.914 * P[QSTN1] +0.914 * P[QSTN2] +0.914 * P[QSTN3] +0.914 * P[QSTN4] -0.316 * P[QTBS1C] -0.298 * P[QTBS2S] +0.927 * P[QTMW1K] +0.0855 * P[QTNT] +0.0855 * P[QTRB1T] +0.0855 * P[QTRN1] +0.0855 * P[QTRN2] +0.0855 * P[QTRN3] +0.0855 * P[QTRN4] +0.0855 * P[QTRS1K] +0.927 * P[QTYP] +0.927 * P[QTZS1S] +0.0902 * P[QWDB1C] -0.0902 * P[QWDB2C] +0.0902 * P[QWDB3C] +0.0902 * P[QWDE1W] -0.0902 * P[QWDE2W] +0.0902 * P[QWDE3W] +0.0902 * P[QWSB3W] +0.0902 * P[QWDR1W] +0.927 * P[QWKM1M] -0.211 * P[QWLS1W] +0.0902 * P[QWSR1W] +0.0902 * P[QWSS1G] + Z_unrepresented <= RHS(t),"Out= Nil, avoid O/L Raglan to Larcom Creek (8875) on trip of Bouldercombe to Calliope River (812) line, Feedback",Thermal,True,Z includes unsupported non-energy/region terms if present; not assumed zero
QNI-upper-20241107T1645,N>>NIL_33_34,N>>NIL_33_34|2024-10-30|1,0.985 * F_VIC_to_NSW +0.097 * P[NAL11C] +0.114 * P[NBA21B] +0.539 * P[NBAY1] +0.539 * P[NBAY2] +0.436 * P[NBAY3] +0.436 * P[NBAY4] +0.114 * P[NBB21B] +0.226 * P[NBES1B] +0.0965 * P[NBK11B] +0.0965 * P[NBKB3B] +0.0965 * P[NBKW1S] +0.0967 * P[NBL21L] +0.102 * P[NBLW8] +0.234 * P[NBOD1B] +0.0967 * P[NBSF1L] +0.0967 * P[NBSF2S] +0.208 * P[NCDS1C] +0.109 * P[NCKW1C] -0.243 * P[NCLG1D] -0.243 * P[NCLG2D] -0.243 * P[NCLG3D] -0.243 * P[NCLG4D] +0.0972 * P[NCLS1C] +0.0995 * P[NCLW1C] +0.0926 * P[NCMA3B] +0.109 * P[NCW31C] +0.0797 * P[NCWF2W] +0.0972 * P[NDNH1H] +0.0972 * P[NDNS1D] -0.317 * P[NEPS1] -0.317 * P[NEPS2] -0.193 * P[NEPS3] -0.193 * P[NEPS4] +0.181 * P[NFBS1J] +0.0973 * P[NFNS1F] -1 * P[NGNE1G] +0.107 * P[NGUR1G] +0.107 * P[NGUR2G] +0.107 * P[NGUR3G] +0.0959 * P[NGUT8] +0.0969 * P[NHUM] -0.0959 * P[NLTS3] +0.0959 * P[NLTS8] +0.21 * P[NMLS1M] +0.214 * P[NMOS1M] +0.101 * P[NMR22T] -0.987 * P[NMR41M] +0.192 * P[NMTP1] +0.192 * P[NMTP2] -0.973 * P[NMTZ1M] -0.243 * P[NMWB1W] -0.401 * P[NNEE1H] +0.0976 * P[NNRN1A] +0.208 * P[NONF1F] +0.197 * P[NPG11P] +0.197 * P[NPG12G] +0.0925 * P[NQBC3C] +0.0926 * P[NQBB3Q] +0.0971 * P[NRB23R] +0.0971 * P[NRBB3R] +0.0971 * P[NRDP3D] +0.101 * P[NRPK1R] -0.985 * P[NSAP1S] +0.0979 * P[NURQ1U] +0.0979 * P[NURQ2U] +0.0979 * P[NURQ3U] +0.0979 * P[NURQ4U] -0.988 * P[NURR1N] -0.988 * P[NURR2N] +0.0957 * P[NUTS8] -0.268 * P[NVPP5] -0.268 * P[NVPP6] +0.0983 * P[NWGG1W] +0.0983 * P[NWGJ1J] +0.0983 * P[NWGJ2S] +0.0983 * P[NWGJ3W] +0.0983 * P[NWGJ4W] +0.0983 * P[NWGS1B] +0.238 * P[NWL82N] +0.249 * P[NWLN1W] +0.238 * P[NWLS3N] +0.238 * P[NWLS4W] +0.233 * P[NWLW1S] +0.306 * P[NWOW1W] -0.975 * P[NWRK1W] -0.975 * P[NWRK2W] +0.106 * P[NYS12A] +0.96 * F[N-Q-MNSP1] +0.0962 * F[VIC1-NSW1] + Z_unrepresented <= RHS(t),"Out= Nil, avoid Bayswater to Liddell (33 or 34) O/L on loss of other Bayswater to Liddell (34 or 33), Feedback",Thermal,True,Z includes unsupported non-energy/region terms if present; not assumed zero
QNI-upper-20241128T1305,Q>>NIL_BCCP_RGLC,Q>>NIL_BCCP_RGLC|2024-11-28|1,0.077 * F_VIC_to_NSW +1 * P[QBCB3B] +0.878 * P[QBCG] +0.0727 * P[QBCK1] +0.0727 * P[QBCK2] +0.88 * P[QBDR1L] +0.927 * P[QBGH1] +0.927 * P[QBGH2] +0.0889 * P[QBRA1] +0.0889 * P[QBRA2] +0.0889 * P[QBRA3] +0.0902 * P[QBRA4K] +0.0889 * P[QBRA5B] +0.0889 * P[QBRA6B] +0.0889 * P[QBRA7B] +0.0884 * P[QBRA8D] +0.0884 * P[QBRS1D] +0.532 * P[QCAB1] +0.532 * P[QCAB2] +0.532 * P[QCAC3] +0.532 * P[QCAC4] +0.0902 * P[QCBF1D] +0.0902 * P[QCBR1C] +0.0902 * P[QCBS1B] +0.927 * P[QCCK1D] +0.927 * P[QCCK2H] +0.926 * P[QCLA1C] +0.0902 * P[QCND1C] +0.925 * P[QCOS1C] +0.0961 * P[QCPG1C] +0.927 * P[QGAR1] -0.559 * P[QGLD1] -0.559 * P[QGLD2] -0.503 * P[QGLD3] -0.503 * P[QGLD4] -0.559 * P[QGLD5] -0.559 * P[QGLD6] +0.927 * P[QHAR1H] +0.927 * P[QKAH1] +0.927 * P[QKAH2] +0.927 * P[QKAH3] +0.927 * P[QKAH4] +0.858 * P[QLIS1E] +0.876 * P[QLIS2M] +0.878 * P[QLLV3C] +0.916 * P[QMPL1R] +0.628 * P[QMRR1M] +0.927 * P[QMSP1] +0.927 * P[QMSP2] +0.927 * P[QMSP3M] +0.0727 * P[QMSW1M] +0.0902 * P[QORS1E] +0.0902 * P[QRMA7] +0.0902 * P[QRMA8] +0.927 * P[QROG1K] +0.927 * P[QROG3R] +0.927 * P[QROW1K] +0.927 * P[QROW2K] +0.925 * P[QSLD1H] +0.925 * P[QSLS1W] +0.914 * P[QSTN1] +0.914 * P[QSTN2] +0.914 * P[QSTN3] +0.914 * P[QSTN4] -0.316 * P[QTBS1C] -0.298 * P[QTBS2S] +0.927 * P[QTMW1K] +0.0855 * P[QTNT] +0.0855 * P[QTRB1T] +0.0855 * P[QTRN1] +0.0855 * P[QTRN2] +0.0855 * P[QTRN3] +0.0855 * P[QTRN4] +0.0855 * P[QTRS1K] +0.927 * P[QTYP] +0.927 * P[QTZS1S] +0.0902 * P[QWDB3C] +0.0902 * P[QWDE3W] +0.0902 * P[QWDR1W] +0.927 * P[QWKM1M] -0.211 * P[QWLS1W] +0.0902 * P[QWSB3W] +0.0902 * P[QWSR1W] +0.0902 * P[QWSS1G] + Z_unrepresented <= RHS(t),"Out= Nil, avoid O/L Raglan to Larcom Creek (8875) on trip of Bouldercombe to Calliope River (812) line, Feedback",Thermal,True,Z includes unsupported non-energy/region terms if present; not assumed zero
QNI-upper-20241128T1305,N::Q_NIL_KC,N::Q_NIL_KC|2023-05-01|1,unknown IC factor * F + Z_unrepresented nan RHS(t),,,False,Z includes unsupported non-energy/region terms if present; not assumed zero
QNI-upper-20241128T1305,N::Q_NIL_LDTW,N::Q_NIL_LDTW|2023-05-01|1,unknown IC factor * F + Z_unrepresented nan RHS(t),,,False,Z includes unsupported non-energy/region terms if present; not assumed zero
QNI-upper-20241128T1330,Q>>NIL_BCCP_RGLC,Q>>NIL_BCCP_RGLC|2024-11-28|1,0.077 * F_VIC_to_NSW +1 * P[QBCB3B] +0.878 * P[QBCG] +0.0727 * P[QBCK1] +0.0727 * P[QBCK2] +0.88 * P[QBDR1L] +0.927 * P[QBGH1] +0.927 * P[QBGH2] +0.0889 * P[QBRA1] +0.0889 * P[QBRA2] +0.0889 * P[QBRA3] +0.0902 * P[QBRA4K] +0.0889 * P[QBRA5B] +0.0889 * P[QBRA6B] +0.0889 * P[QBRA7B] +0.0884 * P[QBRA8D] +0.0884 * P[QBRS1D] +0.532 * P[QCAB1] +0.532 * P[QCAB2] +0.532 * P[QCAC3] +0.532 * P[QCAC4] +0.0902 * P[QCBF1D] +0.0902 * P[QCBR1C] +0.0902 * P[QCBS1B] +0.927 * P[QCCK1D] +0.927 * P[QCCK2H] +0.926 * P[QCLA1C] +0.0902 * P[QCND1C] +0.925 * P[QCOS1C] +0.0961 * P[QCPG1C] +0.927 * P[QGAR1] -0.559 * P[QGLD1] -0.559 * P[QGLD2] -0.503 * P[QGLD3] -0.503 * P[QGLD4] -0.559 * P[QGLD5] -0.559 * P[QGLD6] +0.927 * P[QHAR1H] +0.927 * P[QKAH1] +0.927 * P[QKAH2] +0.927 * P[QKAH3] +0.927 * P[QKAH4] +0.858 * P[QLIS1E] +0.876 * P[QLIS2M] +0.878 * P[QLLV3C] +0.916 * P[QMPL1R] +0.628 * P[QMRR1M] +0.927 * P[QMSP1] +0.927 * P[QMSP2] +0.927 * P[QMSP3M] +0.0727 * P[QMSW1M] +0.0902 * P[QORS1E] +0.0902 * P[QRMA7] +0.0902 * P[QRMA8] +0.927 * P[QROG1K] +0.927 * P[QROG3R] +0.927 * P[QROW1K] +0.927 * P[QROW2K] +0.925 * P[QSLD1H] +0.925 * P[QSLS1W] +0.914 * P[QSTN1] +0.914 * P[QSTN2] +0.914 * P[QSTN3] +0.914 * P[QSTN4] -0.316 * P[QTBS1C] -0.298 * P[QTBS2S] +0.927 * P[QTMW1K] +0.0855 * P[QTNT] +0.0855 * P[QTRB1T] +0.0855 * P[QTRN1] +0.0855 * P[QTRN2] +0.0855 * P[QTRN3] +0.0855 * P[QTRN4] +0.0855 * P[QTRS1K] +0.927 * P[QTYP] +0.927 * P[QTZS1S] +0.0902 * P[QWDB3C] +0.0902 * P[QWDE3W] +0.0902 * P[QWDR1W] +0.927 * P[QWKM1M] -0.211 * P[QWLS1W] +0.0902 * P[QWSB3W] +0.0902 * P[QWSR1W] +0.0902 * P[QWSS1G] + Z_unrepresented <= RHS(t),"Out= Nil, avoid O/L Raglan to Larcom Creek (8875) on trip of Bouldercombe to Calliope River (812) line, Feedback",Thermal,True,Z includes unsupported non-energy/region terms if present; not assumed zero
QNI-upper-20241128T1330,N::Q_NIL_LDTW,N::Q_NIL_LDTW|2023-05-01|1,unknown IC factor * F + Z_unrepresented nan RHS(t),,,False,Z includes unsupported non-energy/region terms if present; not assumed zero
QNI-upper-20241128T1520,Q>>NIL_BCCP_RGLC,Q>>NIL_BCCP_RGLC|2024-11-28|1,0.077 * F_VIC_to_NSW +1 * P[QBCB3B] +0.878 * P[QBCG] +0.0727 * P[QBCK1] +0.0727 * P[QBCK2] +0.88 * P[QBDR1L] +0.927 * P[QBGH1] +0.927 * P[QBGH2] +0.0889 * P[QBRA1] +0.0889 * P[QBRA2] +0.0889 * P[QBRA3] +0.0902 * P[QBRA4K] +0.0889 * P[QBRA5B] +0.0889 * P[QBRA6B] +0.0889 * P[QBRA7B] +0.0884 * P[QBRA8D] +0.0884 * P[QBRS1D] +0.532 * P[QCAB1] +0.532 * P[QCAB2] +0.532 * P[QCAC3] +0.532 * P[QCAC4] +0.0902 * P[QCBF1D] +0.0902 * P[QCBR1C] +0.0902 * P[QCBS1B] +0.927 * P[QCCK1D] +0.927 * P[QCCK2H] +0.926 * P[QCLA1C] +0.0902 * P[QCND1C] +0.925 * P[QCOS1C] +0.0961 * P[QCPG1C] +0.927 * P[QGAR1] -0.559 * P[QGLD1] -0.559 * P[QGLD2] -0.503 * P[QGLD3] -0.503 * P[QGLD4] -0.559 * P[QGLD5] -0.559 * P[QGLD6] +0.927 * P[QHAR1H] +0.927 * P[QKAH1] +0.927 * P[QKAH2] +0.927 * P[QKAH3] +0.927 * P[QKAH4] +0.858 * P[QLIS1E] +0.876 * P[QLIS2M] +0.878 * P[QLLV3C] +0.916 * P[QMPL1R] +0.628 * P[QMRR1M] +0.927 * P[QMSP1] +0.927 * P[QMSP2] +0.927 * P[QMSP3M] +0.0727 * P[QMSW1M] +0.0902 * P[QORS1E] +0.0902 * P[QRMA7] +0.0902 * P[QRMA8] +0.927 * P[QROG1K] +0.927 * P[QROG3R] +0.927 * P[QROW1K] +0.927 * P[QROW2K] +0.925 * P[QSLD1H] +0.925 * P[QSLS1W] +0.914 * P[QSTN1] +0.914 * P[QSTN2] +0.914 * P[QSTN3] +0.914 * P[QSTN4] -0.316 * P[QTBS1C] -0.298 * P[QTBS2S] +0.927 * P[QTMW1K] +0.0855 * P[QTNT] +0.0855 * P[QTRB1T] +0.0855 * P[QTRN1] +0.0855 * P[QTRN2] +0.0855 * P[QTRN3] +0.0855 * P[QTRN4] +0.0855 * P[QTRS1K] +0.927 * P[QTYP] +0.927 * P[QTZS1S] +0.0902 * P[QWDB3C] +0.0902 * P[QWDE3W] +0.0902 * P[QWDR1W] +0.927 * P[QWKM1M] -0.211 * P[QWLS1W] +0.0902 * P[QWSB3W] +0.0902 * P[QWSR1W] +0.0902 * P[QWSS1G] + Z_unrepresented <= RHS(t),"Out= Nil, avoid O/L Raglan to Larcom Creek (8875) on trip of Bouldercombe to Calliope River (812) line, Feedback",Thermal,True,Z includes unsupported non-energy/region terms if present; not assumed zero
QNI-upper-20241128T1520,N::Q_NIL_KC,N::Q_NIL_KC|2023-05-01|1,unknown IC factor * F + Z_unrepresented nan RHS(t),,,False,Z includes unsupported non-energy/region terms if present; not assumed zero
QNI-upper-20241208T1710,N>>NIL_33_34,N>>NIL_33_34|2024-10-30|1,0.985 * F_VIC_to_NSW +0.097 * P[NAL11C] +0.114 * P[NBA21B] +0.539 * P[NBAY1] +0.539 * P[NBAY2] +0.436 * P[NBAY3] +0.436 * P[NBAY4] +0.114 * P[NBB21B] +0.226 * P[NBES1B] +0.0965 * P[NBK11B] +0.0965 * P[NBKB3B] +0.0965 * P[NBKW1S] +0.0967 * P[NBL21L] +0.102 * P[NBLW8] +0.234 * P[NBOD1B] +0.0967 * P[NBSF1L] +0.0967 * P[NBSF2S] +0.208 * P[NCDS1C] +0.109 * P[NCKW1C] -0.243 * P[NCLG1D] -0.243 * P[NCLG2D] -0.243 * P[NCLG3D] -0.243 * P[NCLG4D] +0.0972 * P[NCLS1C] +0.0995 * P[NCLW1C] +0.0926 * P[NCMA3B] +0.109 * P[NCW31C] +0.0797 * P[NCWF2W] +0.0972 * P[NDNH1H] +0.0972 * P[NDNS1D] -0.317 * P[NEPS1] -0.317 * P[NEPS2] -0.193 * P[NEPS3] -0.193 * P[NEPS4] +0.181 * P[NFBS1J] +0.0973 * P[NFNS1F] -1 * P[NGNE1G] +0.107 * P[NGUR1G] +0.107 * P[NGUR2G] +0.107 * P[NGUR3G] +0.0959 * P[NGUT8] +0.0969 * P[NHUM] -0.0959 * P[NLTS3] +0.0959 * P[NLTS8] +0.21 * P[NMLS1M] +0.214 * P[NMOS1M] +0.101 * P[NMR22T] -0.987 * P[NMR41M] +0.192 * P[NMTP1] +0.192 * P[NMTP2] -0.973 * P[NMTZ1M] -0.243 * P[NMWB1W] -0.401 * P[NNEE1H] +0.0976 * P[NNRN1A] +0.208 * P[NONF1F] +0.197 * P[NPG11P] +0.197 * P[NPG12G] +0.0925 * P[NQBC3C] +0.0926 * P[NQBB3Q] +0.0971 * P[NRB23R] +0.0971 * P[NRBB3R] +0.0971 * P[NRDP3D] +0.101 * P[NRPK1R] -0.985 * P[NSAP1S] +0.0979 * P[NURQ1U] +0.0979 * P[NURQ2U] +0.0979 * P[NURQ3U] +0.0979 * P[NURQ4U] -0.988 * P[NURR1N] -0.988 * P[NURR2N] +0.0957 * P[NUTS8] -0.268 * P[NVPP5] -0.268 * P[NVPP6] +0.0983 * P[NWGG1W] +0.0983 * P[NWGJ1J] +0.0983 * P[NWGJ2S] +0.0983 * P[NWGJ3W] +0.0983 * P[NWGJ4W] +0.0983 * P[NWGS1B] +0.238 * P[NWL82N] +0.249 * P[NWLN1W] +0.238 * P[NWLS3N] +0.238 * P[NWLS4W] +0.233 * P[NWLW1S] +0.306 * P[NWOW1W] -0.975 * P[NWRK1W] -0.975 * P[NWRK2W] +0.106 * P[NYS12A] +0.96 * F[N-Q-MNSP1] +0.0962 * F[VIC1-NSW1] + Z_unrepresented <= RHS(t),"Out= Nil, avoid Bayswater to Liddell (33 or 34) O/L on loss of other Bayswater to Liddell (34 or 33), Feedback",Thermal,True,Z includes unsupported non-energy/region terms if present; not assumed zero
QNI-upper-20241208T1725,N>>NIL_33_34,N>>NIL_33_34|2024-10-30|1,0.985 * F_VIC_to_NSW +0.097 * P[NAL11C] +0.114 * P[NBA21B] +0.539 * P[NBAY1] +0.539 * P[NBAY2] +0.436 * P[NBAY3] +0.436 * P[NBAY4] +0.114 * P[NBB21B] +0.226 * P[NBES1B] +0.0965 * P[NBK11B] +0.0965 * P[NBKB3B] +0.0965 * P[NBKW1S] +0.0967 * P[NBL21L] +0.102 * P[NBLW8] +0.234 * P[NBOD1B] +0.0967 * P[NBSF1L] +0.0967 * P[NBSF2S] +0.208 * P[NCDS1C] +0.109 * P[NCKW1C] -0.243 * P[NCLG1D] -0.243 * P[NCLG2D] -0.243 * P[NCLG3D] -0.243 * P[NCLG4D] +0.0972 * P[NCLS1C] +0.0995 * P[NCLW1C] +0.0926 * P[NCMA3B] +0.109 * P[NCW31C] +0.0797 * P[NCWF2W] +0.0972 * P[NDNH1H] +0.0972 * P[NDNS1D] -0.317 * P[NEPS1] -0.317 * P[NEPS2] -0.193 * P[NEPS3] -0.193 * P[NEPS4] +0.181 * P[NFBS1J] +0.0973 * P[NFNS1F] -1 * P[NGNE1G] +0.107 * P[NGUR1G] +0.107 * P[NGUR2G] +0.107 * P[NGUR3G] +0.0959 * P[NGUT8] +0.0969 * P[NHUM] -0.0959 * P[NLTS3] +0.0959 * P[NLTS8] +0.21 * P[NMLS1M] +0.214 * P[NMOS1M] +0.101 * P[NMR22T] -0.987 * P[NMR41M] +0.192 * P[NMTP1] +0.192 * P[NMTP2] -0.973 * P[NMTZ1M] -0.243 * P[NMWB1W] -0.401 * P[NNEE1H] +0.0976 * P[NNRN1A] +0.208 * P[NONF1F] +0.197 * P[NPG11P] +0.197 * P[NPG12G] +0.0925 * P[NQBC3C] +0.0926 * P[NQBB3Q] +0.0971 * P[NRB23R] +0.0971 * P[NRBB3R] +0.0971 * P[NRDP3D] +0.101 * P[NRPK1R] -0.985 * P[NSAP1S] +0.0979 * P[NURQ1U] +0.0979 * P[NURQ2U] +0.0979 * P[NURQ3U] +0.0979 * P[NURQ4U] -0.988 * P[NURR1N] -0.988 * P[NURR2N] +0.0957 * P[NUTS8] -0.268 * P[NVPP5] -0.268 * P[NVPP6] +0.0983 * P[NWGG1W] +0.0983 * P[NWGJ1J] +0.0983 * P[NWGJ2S] +0.0983 * P[NWGJ3W] +0.0983 * P[NWGJ4W] +0.0983 * P[NWGS1B] +0.238 * P[NWL82N] +0.249 * P[NWLN1W] +0.238 * P[NWLS3N] +0.238 * P[NWLS4W] +0.233 * P[NWLW1S] +0.306 * P[NWOW1W] -0.975 * P[NWRK1W] -0.975 * P[NWRK2W] +0.106 * P[NYS12A] +0.96 * F[N-Q-MNSP1] +0.0962 * F[VIC1-NSW1] + Z_unrepresented <= RHS(t),"Out= Nil, avoid Bayswater to Liddell (33 or 34) O/L on loss of other Bayswater to Liddell (34 or 33), Feedback",Thermal,True,Z includes unsupported non-energy/region terms if present; not assumed zero
QNI-upper-20241209T0915,N::Q_LDTM_LDTW,N::Q_LDTM_LDTW|2022-09-26|2,unknown IC factor * F + Z_unrepresented nan RHS(t),,,False,Z includes unsupported non-energy/region terms if present; not assumed zero
QNI-upper-20241209T0915,Q>>NIL_BCCP_RGLC,Q>>NIL_BCCP_RGLC|2024-11-28|1,0.077 * F_VIC_to_NSW +1 * P[QBCB3B] +0.878 * P[QBCG] +0.0727 * P[QBCK1] +0.0727 * P[QBCK2] +0.88 * P[QBDR1L] +0.927 * P[QBGH1] +0.927 * P[QBGH2] +0.0889 * P[QBRA1] +0.0889 * P[QBRA2] +0.0889 * P[QBRA3] +0.0902 * P[QBRA4K] +0.0889 * P[QBRA5B] +0.0889 * P[QBRA6B] +0.0889 * P[QBRA7B] +0.0884 * P[QBRA8D] +0.0884 * P[QBRS1D] +0.532 * P[QCAB1] +0.532 * P[QCAB2] +0.532 * P[QCAC3] +0.532 * P[QCAC4] +0.0902 * P[QCBF1D] +0.0902 * P[QCBR1C] +0.0902 * P[QCBS1B] +0.927 * P[QCCK1D] +0.927 * P[QCCK2H] +0.926 * P[QCLA1C] +0.0902 * P[QCND1C] +0.925 * P[QCOS1C] +0.0961 * P[QCPG1C] +0.927 * P[QGAR1] -0.559 * P[QGLD1] -0.559 * P[QGLD2] -0.503 * P[QGLD3] -0.503 * P[QGLD4] -0.559 * P[QGLD5] -0.559 * P[QGLD6] +0.927 * P[QHAR1H] +0.927 * P[QKAH1] +0.927 * P[QKAH2] +0.927 * P[QKAH3] +0.927 * P[QKAH4] +0.858 * P[QLIS1E] +0.876 * P[QLIS2M] +0.878 * P[QLLV3C] +0.916 * P[QMPL1R] +0.628 * P[QMRR1M] +0.927 * P[QMSP1] +0.927 * P[QMSP2] +0.927 * P[QMSP3M] +0.0727 * P[QMSW1M] +0.0902 * P[QORS1E] +0.0902 * P[QRMA7] +0.0902 * P[QRMA8] +0.927 * P[QROG1K] +0.927 * P[QROG3R] +0.927 * P[QROW1K] +0.927 * P[QROW2K] +0.925 * P[QSLD1H] +0.925 * P[QSLS1W] +0.914 * P[QSTN1] +0.914 * P[QSTN2] +0.914 * P[QSTN3] +0.914 * P[QSTN4] -0.316 * P[QTBS1C] -0.298 * P[QTBS2S] +0.927 * P[QTMW1K] +0.0855 * P[QTNT] +0.0855 * P[QTRB1T] +0.0855 * P[QTRN1] +0.0855 * P[QTRN2] +0.0855 * P[QTRN3] +0.0855 * P[QTRN4] +0.0855 * P[QTRS1K] +0.927 * P[QTYP] +0.927 * P[QTZS1S] +0.0902 * P[QWDB3C] +0.0902 * P[QWDE3W] +0.0902 * P[QWDR1W] +0.927 * P[QWKM1M] -0.211 * P[QWLS1W] +0.0902 * P[QWSB3W] +0.0902 * P[QWSR1W] +0.0902 * P[QWSS1G] + Z_unrepresented <= RHS(t),"Out= Nil, avoid O/L Raglan to Larcom Creek (8875) on trip of Bouldercombe to Calliope River (812) line, Feedback",Thermal,True,Z includes unsupported non-energy/region terms if present; not assumed zero
QNI-upper-20241218T0840,Q>>RGLC_CLWU_BCCP,Q>>RGLC_CLWU_BCCP|2024-11-28|1,0.117 * F_VIC_to_NSW +1 * P[QBCB3B] +0.949 * P[QBCG] +0.11 * P[QBCK1] +0.11 * P[QBCK2] +0.95 * P[QBDR1L] +0.97 * P[QBGH1] +0.97 * P[QBGH2] +0.134 * P[QBRA1] +0.134 * P[QBRA2] +0.134 * P[QBRA3] +0.136 * P[QBRA4K] +0.134 * P[QBRA5B] +0.134 * P[QBRA6B] +0.134 * P[QBRA7B] +0.134 * P[QBRA8D] +0.134 * P[QBRS1D] +0.806 * P[QCAB1] +0.806 * P[QCAB2] +0.806 * P[QCAC3] +0.806 * P[QCAC4] +0.137 * P[QCBF1D] +0.137 * P[QCBR1C] +0.137 * P[QCBS1B] +0.97 * P[QCCK1D] +0.97 * P[QCCK2H] +0.969 * P[QCLA1C] +0.137 * P[QCND1C] +0.969 * P[QCOS1C] +0.145 * P[QCPG1C] +0.97 * P[QGAR1] -0.79 * P[QGLD1] -0.79 * P[QGLD2] -0.781 * P[QGLD3] -0.781 * P[QGLD4] -0.79 * P[QGLD5] -0.79 * P[QGLD6] +0.97 * P[QHAR1H] +0.97 * P[QKAH1] +0.97 * P[QKAH2] +0.97 * P[QKAH3] +0.97 * P[QKAH4] +0.941 * P[QLIS1E] +0.949 * P[QLIS2M] +0.949 * P[QLLV3C] +0.965 * P[QMPL1R] +0.845 * P[QMRR1M] +0.09 * P[QMRY1Y] +0.09 * P[QMRY2M] +0.09 * P[QMRY3W] +0.09 * P[QMRY4W] +0.97 * P[QMSP1] +0.97 * P[QMSP2] +0.97 * P[QMSP3M] +0.11 * P[QMSW1M] +0.09 * P[QOKY1] +0.09 * P[QOKY2] +0.137 * P[QORS1E] +0.137 * P[QRMA7] +0.137 * P[QRMA8] +0.97 * P[QROG1K] +0.97 * P[QROG3R] +0.97 * P[QROW1K] +0.97 * P[QROW2K] +0.969 * P[QSLD1H] +0.969 * P[QSLS1W] +0.964 * P[QSTN1] +0.964 * P[QSTN2] +0.964 * P[QSTN3] +0.964 * P[QSTN4] -0.479 * P[QTBS1C] -0.458 * P[QTBS2S] +0.09 * P[QTKS1O] +0.09 * P[QTKS2O] +0.97 * P[QTMW1K] +0.129 * P[QTNT] +0.129 * P[QTRB1T] +0.129 * P[QTRN1] +0.129 * P[QTRN2] +0.129 * P[QTRN3] +0.129 * P[QTRN4] +0.129 * P[QTRS1K] +0.97 * P[QTYP] +0.97 * P[QTZS1S] +0.136 * P[QWDB3C] +0.136 * P[QWDE3W] +0.136 * P[QWDR1W] +0.97 * P[QWKM1M] -0.319 * P[QWLS1W] +0.137 * P[QWSB3W] +0.137 * P[QWSR1W] +0.137 * P[QWSS1G] + Z_unrepresented <= RHS(t),"Out=  Raglan to Larcom Creek (8875), avoid O/L Bouldercombe to Calliope River (812) on trip of Calvale to Wurdong (871) line, Feedback",Thermal,True,Z includes unsupported non-energy/region terms if present; not assumed zero
QNI-upper-20250115T1345,NQ_850_DYN_TEST,NQ_850_DYN_TEST|2023-10-10|1,unknown IC factor * F + Z_unrepresented nan RHS(t),,,False,Z includes unsupported non-energy/region terms if present; not assumed zero
QNI-upper-20250115T1345,Q>>NIL_CLWU_RGLC,Q>>NIL_CLWU_RGLC|2024-11-29|1,0.117 * F_VIC_to_NSW +1 * P[QBCB3B] +0.949 * P[QBCG] +0.11 * P[QBCK1] +0.11 * P[QBCK2] +0.95 * P[QBDR1L] +0.97 * P[QBGH1] +0.97 * P[QBGH2] +0.135 * P[QBRA1] +0.135 * P[QBRA2] +0.135 * P[QBRA3] +0.137 * P[QBRA4K] +0.135 * P[QBRA5B] +0.135 * P[QBRA6B] +0.135 * P[QBRA7B] +0.134 * P[QBRA8D] +0.134 * P[QBRS1D] +0.806 * P[QCAB1] +0.806 * P[QCAB2] +0.806 * P[QCAC3] +0.806 * P[QCAC4] +0.137 * P[QCBF1D] +0.137 * P[QCBR1C] +0.137 * P[QCBS1B] +0.97 * P[QCCK1D] +0.97 * P[QCCK2H] +0.969 * P[QCLA1C] +0.137 * P[QCND1C] +0.969 * P[QCOS1C] +0.145 * P[QCPG1C] +0.97 * P[QGAR1] -0.79 * P[QGLD1] -0.79 * P[QGLD2] -0.781 * P[QGLD3] -0.781 * P[QGLD4] -0.79 * P[QGLD5] -0.79 * P[QGLD6] +0.97 * P[QHAR1H] +0.97 * P[QKAH1] +0.97 * P[QKAH2] +0.97 * P[QKAH3] +0.97 * P[QKAH4] +0.941 * P[QLIS1E] +0.949 * P[QLIS2M] +0.949 * P[QLLV3C] +0.965 * P[QMPL1R] +0.845 * P[QMRR1M] +0.0896 * P[QMRY1Y] +0.0896 * P[QMRY2M] +0.0896 * P[QMRY3W] +0.0896 * P[QMRY4W] +0.97 * P[QMSP1] +0.97 * P[QMSP2] +0.97 * P[QMSP3M] +0.11 * P[QMSW1M] +0.0896 * P[QOKY1] +0.0896 * P[QOKY2] +0.137 * P[QORS1E] +0.137 * P[QRMA7] +0.137 * P[QRMA8] +0.97 * P[QROG1K] +0.97 * P[QROG3R] +0.97 * P[QROW1K] +0.97 * P[QROW2K] +0.969 * P[QSLD1H] +0.969 * P[QSLS1W] +0.964 * P[QSTN1] +0.964 * P[QSTN2] +0.964 * P[QSTN3] +0.0896 * P[QTKS1O] +0.964 * P[QSTN4] -0.479 * P[QTBS1C] -0.458 * P[QTBS2S] +0.0896 * P[QTKS2O] +0.97 * P[QTMW1K] +0.129 * P[QTNT] +0.129 * P[QTRB1T] +0.129 * P[QTRN1] +0.129 * P[QTRN2] +0.129 * P[QTRN3] +0.129 * P[QTRN4] +0.129 * P[QTRS1K] +0.97 * P[QTYP] +0.97 * P[QTZS1S] +0.137 * P[QWDB3C] +0.137 * P[QWDE3W] +0.137 * P[QWDR1W] +0.97 * P[QWKM1M] -0.319 * P[QWLS1W] +0.137 * P[QWSB3W] +0.137 * P[QWSR1W] +0.137 * P[QWSS1G] + Z_unrepresented <= RHS(t),"Out= Nil, avoid O/L Raglan to Larcom Creek (8875) on trip of Calvale to Wurdong (871) line, Feedback",Thermal,True,Z includes unsupported non-energy/region terms if present; not assumed zero
QNI-upper-20250115T1345,Q>>NIL_CLWU_RGLC,Q>>NIL_CLWU_RGLC|2025-01-15|1,0.117 * F_VIC_to_NSW +1 * P[QBCB3B] +0.949 * P[QBCG] +0.11 * P[QBCK1] +0.11 * P[QBCK2] +0.95 * P[QBDR1L] +0.97 * P[QBGH1] +0.97 * P[QBGH2] +0.135 * P[QBRA1] +0.135 * P[QBRA2] +0.135 * P[QBRA3] +0.137 * P[QBRA4K] +0.135 * P[QBRA5B] +0.135 * P[QBRA6B] +0.135 * P[QBRA7B] +0.134 * P[QBRA8D] +0.134 * P[QBRS1D] +0.968 * P[QBSW1C] +0.968 * P[QBSW2C] +0.806 * P[QCAB1] +0.806 * P[QCAB2] +0.806 * P[QCAC3] +0.806 * P[QCAC4] +0.137 * P[QCBF1D] +0.137 * P[QCBR1C] +0.137 * P[QCBS1B] +0.97 * P[QCCK1D] +0.97 * P[QCCK2H] +0.969 * P[QCLA1C] +0.137 * P[QCND1C] +0.969 * P[QCOS1C] +0.145 * P[QCPG1C] +0.97 * P[QGAR1] -0.79 * P[QGLD1] -0.79 * P[QGLD2] -0.781 * P[QGLD3] -0.781 * P[QGLD4] -0.79 * P[QGLD5] -0.79 * P[QGLD6] +0.97 * P[QHAR1H] +0.97 * P[QKAH1] +0.97 * P[QKAH2] +0.97 * P[QKAH3] +0.97 * P[QKAH4] +0.941 * P[QLIS1E] +0.949 * P[QLIS2M] +0.949 * P[QLLV3C] +0.965 * P[QMPL1R] +0.845 * P[QMRR1M] +0.0896 * P[QMRY1Y] +0.0896 * P[QMRY2M] +0.0896 * P[QMRY3W] +0.0896 * P[QMRY4W] +0.97 * P[QMSP1] +0.97 * P[QMSP2] +0.97 * P[QMSP3M] +0.11 * P[QMSW1M] +0.0896 * P[QOKY1] +0.0896 * P[QOKY2] +0.137 * P[QORS1E] +0.137 * P[QRMA7] +0.137 * P[QRMA8] +0.97 * P[QROG1K] +0.97 * P[QROG3R] +0.97 * P[QROW1K] +0.97 * P[QROW2K] +0.969 * P[QSLD1H] +0.969 * P[QSLS1W] +0.964 * P[QSTN1] +0.964 * P[QSTN2] +0.964 * P[QSTN3] +0.964 * P[QSTN4] -0.479 * P[QTBS1C] -0.458 * P[QTBS2S] +0.0896 * P[QTKS1O] +0.0896 * P[QTKS2O] +0.97 * P[QTMW1K] +0.129 * P[QTNT] +0.129 * P[QTRB1T] +0.129 * P[QTRN1] +0.129 * P[QTRN2] +0.129 * P[QTRN3] +0.129 * P[QTRN4] +0.129 * P[QTRS1K] +0.97 * P[QTYP] +0.97 * P[QTZS1S] +0.97 * P[QWKM1M] +0.137 * P[QWDB3C] +0.137 * P[QWDE3W] +0.137 * P[QWDR1W] -0.319 * P[QWLS1W] +0.137 * P[QWSB3W] +0.137 * P[QWSR1W] +0.137 * P[QWSS1G] + Z_unrepresented <= RHS(t),"Out= Nil, avoid O/L Raglan to Larcom Creek (8875) on trip of Calvale to Wurdong (871) line, Feedback",Thermal,True,Z includes unsupported non-energy/region terms if present; not assumed zero
QNI-upper-20250115T1345,N::Q_NIL_LDTW,N::Q_NIL_LDTW|2023-05-01|1,unknown IC factor * F + Z_unrepresented nan RHS(t),,,False,Z includes unsupported non-energy/region terms if present; not assumed zero
QNI-upper-20250115T1345,Q>>NIL_BCCP_RGLC,Q>>NIL_BCCP_RGLC|2024-11-28|1,0.077 * F_VIC_to_NSW +1 * P[QBCB3B] +0.878 * P[QBCG] +0.0727 * P[QBCK1] +0.0727 * P[QBCK2] +0.88 * P[QBDR1L] +0.927 * P[QBGH1] +0.927 * P[QBGH2] +0.0889 * P[QBRA1] +0.0889 * P[QBRA2] +0.0889 * P[QBRA3] +0.0902 * P[QBRA4K] +0.0889 * P[QBRA5B] +0.0889 * P[QBRA6B] +0.0889 * P[QBRA7B] +0.0884 * P[QBRA8D] +0.0884 * P[QBRS1D] +0.532 * P[QCAB1] +0.532 * P[QCAB2] +0.532 * P[QCAC3] +0.532 * P[QCAC4] +0.0902 * P[QCBF1D] +0.0902 * P[QCBR1C] +0.0902 * P[QCBS1B] +0.927 * P[QCCK1D] +0.927 * P[QCCK2H] +0.926 * P[QCLA1C] +0.0902 * P[QCND1C] +0.925 * P[QCOS1C] +0.0961 * P[QCPG1C] +0.927 * P[QGAR1] -0.559 * P[QGLD1] -0.559 * P[QGLD2] -0.503 * P[QGLD3] -0.503 * P[QGLD4] -0.559 * P[QGLD5] -0.559 * P[QGLD6] +0.927 * P[QHAR1H] +0.927 * P[QKAH1] +0.927 * P[QKAH2] +0.927 * P[QKAH3] +0.927 * P[QKAH4] +0.858 * P[QLIS1E] +0.876 * P[QLIS2M] +0.878 * P[QLLV3C] +0.916 * P[QMPL1R] +0.628 * P[QMRR1M] +0.927 * P[QMSP1] +0.927 * P[QMSP2] +0.927 * P[QMSP3M] +0.0727 * P[QMSW1M] +0.0902 * P[QORS1E] +0.0902 * P[QRMA7] +0.0902 * P[QRMA8] +0.927 * P[QROG1K] +0.927 * P[QROG3R] +0.927 * P[QROW1K] +0.927 * P[QROW2K] +0.925 * P[QSLD1H] +0.925 * P[QSLS1W] +0.914 * P[QSTN1] +0.914 * P[QSTN2] +0.914 * P[QSTN3] +0.914 * P[QSTN4] -0.316 * P[QTBS1C] -0.298 * P[QTBS2S] +0.927 * P[QTMW1K] +0.0855 * P[QTNT] +0.0855 * P[QTRB1T] +0.0855 * P[QTRN1] +0.0855 * P[QTRN2] +0.0855 * P[QTRN3] +0.0855 * P[QTRN4] +0.0855 * P[QTRS1K] +0.927 * P[QTYP] +0.927 * P[QTZS1S] +0.0902 * P[QWDB3C] +0.0902 * P[QWDE3W] +0.0902 * P[QWDR1W] +0.927 * P[QWKM1M] -0.211 * P[QWLS1W] +0.0902 * P[QWSB3W] +0.0902 * P[QWSR1W] +0.0902 * P[QWSS1G] + Z_unrepresented <= RHS(t),"Out= Nil, avoid O/L Raglan to Larcom Creek (8875) on trip of Bouldercombe to Calliope River (812) line, Feedback",Thermal,True,Z includes unsupported non-energy/region terms if present; not assumed zero
QNI-upper-20250115T1345,Q>>NIL_BCCP_RGLC,Q>>NIL_BCCP_RGLC|2025-01-15|1,0.077 * F_VIC_to_NSW +1 * P[QBCB3B] +0.878 * P[QBCG] +0.0727 * P[QBCK1] +0.0727 * P[QBCK2] +0.88 * P[QBDR1L] +0.927 * P[QBGH1] +0.927 * P[QBGH2] +0.0889 * P[QBRA1] +0.0889 * P[QBRA2] +0.0889 * P[QBRA3] +0.0902 * P[QBRA4K] +0.0889 * P[QBRA5B] +0.0889 * P[QBRA6B] +0.0889 * P[QBRA7B] +0.0884 * P[QBRA8D] +0.0884 * P[QBRS1D] +0.532 * P[QCAB2] +0.923 * P[QBSW1C] +0.923 * P[QBSW2C] +0.532 * P[QCAB1] +0.532 * P[QCAC3] +0.532 * P[QCAC4] +0.0902 * P[QCBF1D] +0.0902 * P[QCBR1C] +0.0902 * P[QCBS1B] +0.927 * P[QCCK1D] +0.927 * P[QCCK2H] +0.926 * P[QCLA1C] +0.0902 * P[QCND1C] +0.925 * P[QCOS1C] +0.0961 * P[QCPG1C] +0.927 * P[QGAR1] -0.559 * P[QGLD1] -0.559 * P[QGLD2] -0.503 * P[QGLD3] -0.503 * P[QGLD4] -0.559 * P[QGLD5] -0.559 * P[QGLD6] +0.927 * P[QHAR1H] +0.927 * P[QKAH1] +0.927 * P[QKAH2] +0.927 * P[QKAH3] +0.927 * P[QKAH4] +0.858 * P[QLIS1E] +0.876 * P[QLIS2M] +0.878 * P[QLLV3C] +0.916 * P[QMPL1R] +0.628 * P[QMRR1M] +0.927 * P[QMSP1] +0.927 * P[QMSP2] +0.927 * P[QMSP3M] +0.0727 * P[QMSW1M] +0.0902 * P[QORS1E] +0.0902 * P[QRMA7] +0.0902 * P[QRMA8] +0.927 * P[QROG1K] +0.927 * P[QROG3R] +0.927 * P[QROW1K] +0.927 * P[QROW2K] +0.925 * P[QSLD1H] +0.925 * P[QSLS1W] +0.914 * P[QSTN1] +0.914 * P[QSTN2] +0.914 * P[QSTN3] +0.914 * P[QSTN4] -0.316 * P[QTBS1C] -0.298 * P[QTBS2S] +0.927 * P[QTMW1K] +0.0855 * P[QTNT] +0.0855 * P[QTRB1T] +0.0855 * P[QTRN1] +0.0855 * P[QTRN2] +0.0855 * P[QTRN3] +0.0855 * P[QTRN4] +0.0855 * P[QTRS1K] +0.927 * P[QTYP] +0.927 * P[QTZS1S] +0.0902 * P[QWDB3C] +0.0902 * P[QWDE3W] +0.0902 * P[QWDR1W] +0.927 * P[QWKM1M] -0.211 * P[QWLS1W] +0.0902 * P[QWSB3W] +0.0902 * P[QWSR1W] +0.0902 * P[QWSS1G] + Z_unrepresented <= RHS(t),"Out= Nil, avoid O/L Raglan to Larcom Creek (8875) on trip of Bouldercombe to Calliope River (812) line, Feedback",Thermal,True,Z includes unsupported non-energy/region terms if present; not assumed zero
QNI-upper-20250122T1635,Q>>NIL_CLWU_RGLC,Q>>NIL_CLWU_RGLC|2025-01-15|1,0.117 * F_VIC_to_NSW +1 * P[QBCB3B] +0.949 * P[QBCG] +0.11 * P[QBCK1] +0.11 * P[QBCK2] +0.95 * P[QBDR1L] +0.97 * P[QBGH1] +0.97 * P[QBGH2] +0.135 * P[QBRA1] +0.135 * P[QBRA2] +0.135 * P[QBRA3] +0.137 * P[QBRA4K] +0.135 * P[QBRA5B] +0.135 * P[QBRA6B] +0.135 * P[QBRA7B] +0.134 * P[QBRA8D] +0.134 * P[QBRS1D] +0.968 * P[QBSW1C] +0.968 * P[QBSW2C] +0.806 * P[QCAB1] +0.806 * P[QCAB2] +0.806 * P[QCAC3] +0.806 * P[QCAC4] +0.137 * P[QCBF1D] +0.137 * P[QCBR1C] +0.137 * P[QCBS1B] +0.97 * P[QCCK1D] +0.97 * P[QCCK2H] +0.969 * P[QCLA1C] +0.137 * P[QCND1C] +0.969 * P[QCOS1C] +0.145 * P[QCPG1C] +0.97 * P[QGAR1] -0.79 * P[QGLD1] -0.79 * P[QGLD2] -0.781 * P[QGLD3] -0.781 * P[QGLD4] -0.79 * P[QGLD5] -0.79 * P[QGLD6] +0.97 * P[QHAR1H] +0.97 * P[QKAH1] +0.97 * P[QKAH2] +0.97 * P[QKAH3] +0.97 * P[QKAH4] +0.941 * P[QLIS1E] +0.949 * P[QLIS2M] +0.949 * P[QLLV3C] +0.965 * P[QMPL1R] +0.845 * P[QMRR1M] +0.0896 * P[QMRY1Y] +0.0896 * P[QMRY2M] +0.0896 * P[QMRY3W] +0.0896 * P[QMRY4W] +0.97 * P[QMSP1] +0.97 * P[QMSP2] +0.97 * P[QMSP3M] +0.11 * P[QMSW1M] +0.0896 * P[QOKY1] +0.0896 * P[QOKY2] +0.137 * P[QORS1E] +0.137 * P[QRMA7] +0.137 * P[QRMA8] +0.97 * P[QROG1K] +0.97 * P[QROG3R] +0.97 * P[QROW1K] +0.97 * P[QROW2K] +0.969 * P[QSLD1H] +0.969 * P[QSLS1W] +0.964 * P[QSTN1] +0.964 * P[QSTN2] +0.964 * P[QSTN3] +0.964 * P[QSTN4] -0.479 * P[QTBS1C] -0.458 * P[QTBS2S] +0.0896 * P[QTKS1O] +0.0896 * P[QTKS2O] +0.97 * P[QTMW1K] +0.129 * P[QTNT] +0.129 * P[QTRB1T] +0.129 * P[QTRN1] +0.129 * P[QTRN2] +0.129 * P[QTRN3] +0.129 * P[QTRN4] +0.129 * P[QTRS1K] +0.97 * P[QTYP] +0.97 * P[QTZS1S] +0.97 * P[QWKM1M] +0.137 * P[QWDB3C] +0.137 * P[QWDE3W] +0.137 * P[QWDR1W] -0.319 * P[QWLS1W] +0.137 * P[QWSB3W] +0.137 * P[QWSR1W] +0.137 * P[QWSS1G] + Z_unrepresented <= RHS(t),"Out= Nil, avoid O/L Raglan to Larcom Creek (8875) on trip of Calvale to Wurdong (871) line, Feedback",Thermal,True,Z includes unsupported non-energy/region terms if present; not assumed zero
QNI-upper-20250122T1635,N^^Q_LS_SVC_KPP_1,N^^Q_LS_SVC_KPP_1|2023-01-30|1,unknown IC factor * F + Z_unrepresented nan RHS(t),,,False,Z includes unsupported non-energy/region terms if present; not assumed zero
QNI-upper-20250122T1635,NRM_NSW1_QLD1,NRM_NSW1_QLD1|2020-09-23|1,unknown IC factor * F + Z_unrepresented nan RHS(t),,,False,Z includes unsupported non-energy/region terms if present; not assumed zero
QNI-upper-20250213T1640,N^^Q_NIL_KPP_1,N^^Q_NIL_KPP_1|2023-05-01|1,unknown IC factor * F + Z_unrepresented nan RHS(t),,,False,Z includes unsupported non-energy/region terms if present; not assumed zero
QNI-upper-20250213T1640,Q>>NIL_BCRG_CLWU,Q>>NIL_BCRG_CLWU|2025-01-22|1,0.14 * F_VIC_to_NSW +0.553 * P[QBCB3B] +0.669 * P[QBCG] +0.131 * P[QBCK1] +0.131 * P[QBCK2] +0.667 * P[QBDR1L] +0.622 * P[QBGH1] +0.622 * P[QBGH2] +0.164 * P[QBRA1] +0.164 * P[QBRA2] +0.164 * P[QBRA3] +0.167 * P[QBRA4K] +0.164 * P[QBRA5B] +0.164 * P[QBRA6B] +0.164 * P[QBRA7B] +0.163 * P[QBRA8D] +0.163 * P[QBRS1D] +0.626 * P[QBSW1C] +0.626 * P[QBSW2C] +1 * P[QCAB1] +0.167 * P[QCBF1D] +1 * P[QCAB2] +1 * P[QCAC3] +1 * P[QCAC4] +0.167 * P[QCBR1C] +0.167 * P[QCBS1B] +0.622 * P[QCCK1D] +0.622 * P[QCCK2H] +0.623 * P[QCLA1C] +0.167 * P[QCND1C] +0.624 * P[QCOS1C] +0.179 * P[QCPG1C] +0.623 * P[QGAR1] -0.905 * P[QGLD1] -0.905 * P[QGLD2] -0.994 * P[QGLD3] -0.994 * P[QGLD4] -0.905 * P[QGLD5] -0.905 * P[QGLD6] +0.622 * P[QHAR1H] +0.622 * P[QKAH1] +0.622 * P[QKAH2] +0.622 * P[QKAH3] +0.622 * P[QKAH4] +0.689 * P[QLIS1E] +0.671 * P[QLIS2M] +0.669 * P[QLLV3C] +0.633 * P[QMPL1R] +0.909 * P[QMRR1M] +0.113 * P[QMRY1Y] +0.113 * P[QMRY2M] +0.113 * P[QMRY3W] +0.113 * P[QMRY4W] +0.623 * P[QMSP1] +0.623 * P[QMSP2] +0.623 * P[QMSP3M] +0.129 * P[QMSW1M] +0.113 * P[QOKY1] +0.113 * P[QOKY2] +0.167 * P[QORS1E] +0.167 * P[QRMA7] +0.167 * P[QRMA8] +0.623 * P[QROG1K] +0.623 * P[QROG3R] +0.623 * P[QROW1K] +0.623 * P[QROW2K] +0.624 * P[QSLD1H] +0.624 * P[QSLS1W] +0.635 * P[QSTN1] +0.635 * P[QSTN2] +0.635 * P[QSTN3] +0.635 * P[QSTN4] +0.0721 * P[QSWE] -0.595 * P[QTBS1C] -0.578 * P[QTBS2S] +0.113 * P[QTKS1O] +0.113 * P[QTKS2O] +0.622 * P[QTMW1K] +0.16 * P[QTNT] +0.16 * P[QTRN1] +0.16 * P[QTRN2] +0.16 * P[QTRN3] +0.16 * P[QTRN4] +0.16 * P[QTRS1K] +0.623 * P[QTYP] +0.623 * P[QTZS1S] +0.167 * P[QWDB3C] +0.167 * P[QWDE3W] +0.167 * P[QWDR1W] +0.622 * P[QWKM1M] -0.397 * P[QWLS1W] +0.167 * P[QWSB3W] +0.167 * P[QWSR1W] +0.167 * P[QWSS1G] +0.0738 * F[N-Q-MNSP1] + Z_unrepresented <= RHS(t),"Out= Nil, avoid O/L Calvale to Wurdong (871) 275kV line on trip of Bouldercombe to Raglan (811) 275kV line, Feedback",Thermal,True,Z includes unsupported non-energy/region terms if present; not assumed zero
QNI-upper-20250213T1640,Q>>NIL_CLWU_RGLC,Q>>NIL_CLWU_RGLC|2025-01-15|1,0.117 * F_VIC_to_NSW +1 * P[QBCB3B] +0.949 * P[QBCG] +0.11 * P[QBCK1] +0.11 * P[QBCK2] +0.95 * P[QBDR1L] +0.97 * P[QBGH1] +0.97 * P[QBGH2] +0.135 * P[QBRA1] +0.135 * P[QBRA2] +0.135 * P[QBRA3] +0.137 * P[QBRA4K] +0.135 * P[QBRA5B] +0.135 * P[QBRA6B] +0.135 * P[QBRA7B] +0.134 * P[QBRA8D] +0.134 * P[QBRS1D] +0.968 * P[QBSW1C] +0.968 * P[QBSW2C] +0.806 * P[QCAB1] +0.806 * P[QCAB2] +0.806 * P[QCAC3] +0.806 * P[QCAC4] +0.137 * P[QCBF1D] +0.137 * P[QCBR1C] +0.137 * P[QCBS1B] +0.97 * P[QCCK1D] +0.97 * P[QCCK2H] +0.969 * P[QCLA1C] +0.137 * P[QCND1C] +0.969 * P[QCOS1C] +0.145 * P[QCPG1C] +0.97 * P[QGAR1] -0.79 * P[QGLD1] -0.79 * P[QGLD2] -0.781 * P[QGLD3] -0.781 * P[QGLD4] -0.79 * P[QGLD5] -0.79 * P[QGLD6] +0.97 * P[QHAR1H] +0.97 * P[QKAH1] +0.97 * P[QKAH2] +0.97 * P[QKAH3] +0.97 * P[QKAH4] +0.941 * P[QLIS1E] +0.949 * P[QLIS2M] +0.949 * P[QLLV3C] +0.965 * P[QMPL1R] +0.845 * P[QMRR1M] +0.0896 * P[QMRY1Y] +0.0896 * P[QMRY2M] +0.0896 * P[QMRY3W] +0.0896 * P[QMRY4W] +0.97 * P[QMSP1] +0.97 * P[QMSP2] +0.97 * P[QMSP3M] +0.11 * P[QMSW1M] +0.0896 * P[QOKY1] +0.0896 * P[QOKY2] +0.137 * P[QORS1E] +0.137 * P[QRMA7] +0.137 * P[QRMA8] +0.97 * P[QROG1K] +0.97 * P[QROG3R] +0.97 * P[QROW1K] +0.97 * P[QROW2K] +0.969 * P[QSLD1H] +0.969 * P[QSLS1W] +0.964 * P[QSTN1] +0.964 * P[QSTN2] +0.964 * P[QSTN3] +0.964 * P[QSTN4] -0.479 * P[QTBS1C] -0.458 * P[QTBS2S] +0.0896 * P[QTKS1O] +0.0896 * P[QTKS2O] +0.97 * P[QTMW1K] +0.129 * P[QTNT] +0.129 * P[QTRB1T] +0.129 * P[QTRN1] +0.129 * P[QTRN2] +0.129 * P[QTRN3] +0.129 * P[QTRN4] +0.129 * P[QTRS1K] +0.97 * P[QTYP] +0.97 * P[QTZS1S] +0.97 * P[QWKM1M] +0.137 * P[QWDB3C] +0.137 * P[QWDE3W] +0.137 * P[QWDR1W] -0.319 * P[QWLS1W] +0.137 * P[QWSB3W] +0.137 * P[QWSR1W] +0.137 * P[QWSS1G] + Z_unrepresented <= RHS(t),"Out= Nil, avoid O/L Raglan to Larcom Creek (8875) on trip of Calvale to Wurdong (871) line, Feedback",Thermal,True,Z includes unsupported non-energy/region terms if present; not assumed zero
QNI-upper-20250213T1640,N::Q_NIL_KC,N::Q_NIL_KC|2023-05-01|1,unknown IC factor * F + Z_unrepresented nan RHS(t),,,False,Z includes unsupported non-energy/region terms if present; not assumed zero
QNI-upper-20250225T1540,Q>>X_HATR2_HATR_HATR,Q>>X_HATR2_HATR_HATR|2025-01-31|1,0.529 * F_VIC_to_NSW +0.575 * P[QBCB3B] +0.592 * P[QBCG] +0.419 * P[QBCK1] +0.419 * P[QBCK2] +0.591 * P[QBDR1L] +0.585 * P[QBGH1] +0.585 * P[QBGH2] +0.82 * P[QBRA1] +0.82 * P[QBRA2] +0.82 * P[QBRA3] +0.853 * P[QBRA4K] +0.82 * P[QBRA5B] +0.82 * P[QBRA6B] +0.82 * P[QBRA7B] +0.809 * P[QBRA8D] +0.809 * P[QBRS1D] +0.585 * P[QBSW1C] +0.585 * P[QBSW2C] +0.639 * P[QCAB1] +0.639 * P[QCAB2] +0.639 * P[QCAC3] +0.639 * P[QCAC4] +0.854 * P[QCBF1D] +0.854 * P[QCBR1C] +0.854 * P[QCBS1B] +0.585 * P[QCCK1D] +0.585 * P[QCCK2H] +0.585 * P[QCLA1C] +0.854 * P[QCND1C] +0.585 * P[QCOS1C] +1 * P[QCPG1C] +0.585 * P[QGAR1] +0.479 * P[QGLD1] +0.479 * P[QGLD2] +0.481 * P[QGLD3] +0.481 * P[QGLD4] +0.479 * P[QGLD5] +0.479 * P[QGLD6] +0.585 * P[QHAR1H] +0.585 * P[QKAH1] +0.585 * P[QKAH2] +0.585 * P[QKAH3] +0.585 * P[QKAH4] +0.594 * P[QLIS1E] +0.592 * P[QLIS2M] +0.592 * P[QLLV3C] +0.586 * P[QMPL1R] +0.626 * P[QMRR1M] +0.235 * P[QMRY1Y] +0.235 * P[QMRY2M] +0.235 * P[QMRY3W] +0.235 * P[QMRY4W] +0.585 * P[QMSP1] +0.585 * P[QMSP2] +0.585 * P[QMSP3M] +0.388 * P[QMSW1M] +0.235 * P[QOKY1] +0.235 * P[QOKY2] +0.853 * P[QORS1E] +0.854 * P[QRMA7] +0.854 * P[QRMA8] +0.585 * P[QROG1K] +0.585 * P[QROG3R] +0.585 * P[QROW1K] +0.585 * P[QROW2K] +0.585 * P[QSLD1H] +0.585 * P[QSLS1W] +0.587 * P[QSTN1] +0.587 * P[QSTN2] +0.587 * P[QSTN3] +0.587 * P[QSTN4] +0.294 * P[QTBS1C] +0.282 * P[QTBS2S] +0.235 * P[QTKS1O] +0.235 * P[QTKS2O] +0.585 * P[QTMW1K] -0.189 * P[QTNT] -0.189 * P[QTRN1] -0.189 * P[QTRN2] -0.189 * P[QTRN3] -0.189 * P[QTRN4] -0.189 * P[QTRS1K] +0.585 * P[QTYP] +0.585 * P[QTZS1S] +0.853 * P[QWDB3C] +0.853 * P[QWDE3W] +0.853 * P[QWDR1W] +0.585 * P[QWKM1M] +0.196 * P[QWLS1W] +0.853 * P[QWSB3W] +0.853 * P[QWSR1W] +0.853 * P[QWSS1G] + Z_unrepresented <= RHS(t),"Out= Any two 275kV fdrs between S2 Halys to H18 Tarong(8868,8869,8870,8871), avoid O/L remaining feeder(8868 or 8869 or 8870 or 8871) 275kV line on trip of another feeder(8868 or 886 or 8870 or 8871)275kV line, Swamp out if 3 or more Fdrs IS. Feedback",Thermal,True,Z includes unsupported non-energy/region terms if present; not assumed zero
QNI-upper-20250321T1335,Q^^TR_TRBK_-700,Q^^TR_TRBK_-700|2025-03-03|1,0.255 * F_VIC_to_NSW +0.968 * P[QBCB3B] +0.996 * P[QBCG] +0.236 * P[QBCK1] +0.236 * P[QBCK2] +0.993 * P[QBDR1L] +0.985 * P[QBGH1] +0.985 * P[QBGH2] +0.234 * P[QBRA1] +0.234 * P[QBRA2] +0.234 * P[QBRA3] +0.234 * P[QBRA4K] +0.234 * P[QBRA5B] +0.234 * P[QBRS1D] +0.234 * P[QBRA6B] +0.234 * P[QBRA7B] +0.234 * P[QBRA8D] +0.988 * P[QBSW1C] +0.988 * P[QBSW2C] +0.92 * P[QCAB1] +0.92 * P[QCAB2] +0.92 * P[QCAC3] +0.92 * P[QCAC4] +0.237 * P[QCBF1D] +0.237 * P[QCBR1C] +0.237 * P[QCBS1B] +0.985 * P[QCCK1D] +0.985 * P[QCCK2H] +0.985 * P[QCLA1C] +0.237 * P[QCND1C] +0.985 * P[QCOS1C] +0.232 * P[QCPG1C] +0.232 * P[QDMW1W] +0.985 * P[QGAR1] +0.2026 * P[QGBB1G] +0.808 * P[QGLD1] +0.808 * P[QGLD2] +0.812 * P[QGLD3] +0.812 * P[QGLD4] +0.808 * P[QGLD5] +0.808 * P[QGLD6] +0.985 * P[QHAR1H] +0.985 * P[QKAH1] +0.985 * P[QKAH2] +0.985 * P[QKAH3] +0.985 * P[QKAH4] +0.8504 * P[QLCS1A] +1 * P[QLIS1E] +0.996 * P[QLIS2M] +0.996 * P[QLLV3C] +0.987 * P[QMPL1R] +1 * P[QMRR1M] +0.106 * P[QMRY1Y] +0.106 * P[QMRY2M] +0.106 * P[QMRY3W] +0.106 * P[QMRY4W] +0.985 * P[QMSP1] +0.985 * P[QMSP2] +0.985 * P[QMSP3M] +0.236 * P[QMSW1M] +0.106 * P[QOKY1] +0.106 * P[QOKY2] +0.235 * P[QORS1E] +0.237 * P[QRMA7] +0.237 * P[QRMA8] +0.985 * P[QROG1K] +0.985 * P[QROG3R] +0.985 * P[QROW1K] +0.985 * P[QROW2K] +0.985 * P[QSLD1H] +0.985 * P[QSLS1W] +0.988 * P[QSTN1] +0.988 * P[QSTN2] +0.988 * P[QSTN3] +0.988 * P[QSTN4] +0.196 * P[QSWE] +0.465 * P[QTBS1C] +0.436 * P[QTBS2S] +0.106 * P[QTKS1O] +0.106 * P[QTKS2O] +0.985 * P[QTMW1K] +0.252 * P[QTNT] +0.252 * P[QTRB1T] +0.252 * P[QTRN1] +0.252 * P[QTRN2] +0.252 * P[QTRN3] +0.252 * P[QTRN4] +0.252 * P[QTRS1K] +0.985 * P[QTYP] +0.985 * P[QTZS1S] +0.234 * P[QWDB3C] +0.234 * P[QWDE3W] +0.234 * P[QWDR1W] +0.192 * P[QWIV1] +0.192 * P[QWIV2] +0.985 * P[QWKM1M] +0.293 * P[QWLS1W] +0.235 * P[QWSB3W] +0.235 * P[QWSR1W] +0.235 * P[QWSS1G] +0.319 * F[N-Q-MNSP1] + Z_unrepresented <= RHS(t),"Nominated offset -700 MW, Tarong voltage stability limit, Tarong-Blackwall contingency equation",Voltage Stability,True,Z includes unsupported non-energy/region terms if present; not assumed zero
QNI-upper-20250321T1335,NQ_850_DYN_TEST,NQ_850_DYN_TEST|2023-10-10|1,unknown IC factor * F + Z_unrepresented nan RHS(t),,,False,Z includes unsupported non-energy/region terms if present; not assumed zero
QNI-upper-20250322T1445,N::Q_NIL_KC,N::Q_NIL_KC|2023-05-01|1,unknown IC factor * F + Z_unrepresented nan RHS(t),,,False,Z includes unsupported non-energy/region terms if present; not assumed zero
QNI-upper-20250322T1445,N>>NIL_33_34,N>>NIL_33_34|2024-12-19|1,0.985 * F_VIC_to_NSW +0.097 * P[NAL11C] +0.114 * P[NBA21B] +0.539 * P[NBAY1] +0.539 * P[NBAY2] +0.436 * P[NBAY3] +0.436 * P[NBAY4] +0.114 * P[NBB21B] +0.226 * P[NBES1B] +0.0965 * P[NBK11B] +0.0965 * P[NBKB3B] +0.0965 * P[NBKW1S] +0.0967 * P[NBL21L] +0.102 * P[NBLW8] +0.234 * P[NBOD1B] +0.0967 * P[NBSF1L] +0.0967 * P[NBSF2S] +0.208 * P[NCDS1C] +0.109 * P[NCKW1C] -0.243 * P[NCLG1D] -0.243 * P[NCLG2D] -0.243 * P[NCLG3D] -0.243 * P[NCLG4D] +0.0972 * P[NCLS1C] +0.0995 * P[NCLW1C] +0.0926 * P[NCMA3B] +0.109 * P[NCW31C] +0.0797 * P[NCWF2W] +0.0972 * P[NDNH1H] +0.0972 * P[NDNS1D] -0.317 * P[NEPS1] -0.317 * P[NEPS2] -0.193 * P[NEPS3] -0.193 * P[NEPS4] +0.181 * P[NFBS1J] +0.0973 * P[NFNS1F] -1 * P[NGNE1G] +0.107 * P[NGUR1G] +0.107 * P[NGUR2G] +0.107 * P[NGUR3G] +0.0959 * P[NGUT8] +0.0969 * P[NHUM] -0.0959 * P[NLTS3] +0.0959 * P[NLTS8] +0.21 * P[NMLS1M] +0.214 * P[NMOS1M] +0.101 * P[NMR22T] -0.987 * P[NMR41M] +0.192 * P[NMTP1] +0.192 * P[NMTP2] -0.973 * P[NMTZ1M] -0.243 * P[NMWB1W] -0.401 * P[NNEE1H] +0.0976 * P[NNRN1A] +0.208 * P[NONF1F] +0.197 * P[NPG11P] +0.197 * P[NPG12G] +0.0926 * P[NQBB3Q] +0.0925 * P[NQBC3C] +0.0971 * P[NRB23R] +0.0971 * P[NRBB3R] +0.0971 * P[NRDP3D] +0.101 * P[NRPK1R] -0.985 * P[NSAP1S] +0.283 * P[NSTB1S] +0.283 * P[NSTU1S] +0.0979 * P[NURQ1U] +0.0979 * P[NURQ2U] +0.0979 * P[NURQ3U] +0.0979 * P[NURQ4U] -0.988 * P[NURR1N] -0.988 * P[NURR2N] +0.0957 * P[NUTS8] -0.268 * P[NVPP5] -0.268 * P[NVPP6] +0.0983 * P[NWGG1W] +0.0983 * P[NWGJ1J] +0.0983 * P[NWGJ2S] +0.0983 * P[NWGJ3W] +0.0983 * P[NWGJ4W] +0.0983 * P[NWGS1B] +0.0967 * P[NWL21W] +0.238 * P[NWL82N] +0.0967 * P[NWLA1W] +0.249 * P[NWLN1W] +0.238 * P[NWLS3N] +0.238 * P[NWLS4W] -0.975 * P[NWRK2W] +0.233 * P[NWLW1S] +0.306 * P[NWOW1W] -0.975 * P[NWRK1W] +0.106 * P[NYS12A] +0.96 * F[N-Q-MNSP1] +0.0962 * F[VIC1-NSW1] + Z_unrepresented <= RHS(t),"Out= Nil, avoid Bayswater to Liddell (33 or 34) O/L on loss of other Bayswater to Liddell (34 or 33), Feedback",Thermal,True,Z includes unsupported non-energy/region terms if present; not assumed zero
QNI-upper-20250430T1125,Q>>NIL_BCCP_RGLC,Q>>NIL_BCCP_RGLC|2025-03-03|1,0.077 * F_VIC_to_NSW +1 * P[QBCB3B] +0.878 * P[QBCG] +0.0727 * P[QBCK1] +0.0727 * P[QBCK2] +0.88 * P[QBDR1L] +0.927 * P[QBGH1] +0.927 * P[QBGH2] +0.0889 * P[QBRA1] +0.0889 * P[QBRA2] +0.0889 * P[QBRA3] +0.0902 * P[QBRA4K] +0.0889 * P[QBRA5B] +0.0889 * P[QBRA6B] +0.0889 * P[QBRA7B] +0.0884 * P[QBRA8D] +0.0884 * P[QBRS1D] +0.923 * P[QBSW1C] +0.923 * P[QBSW2C] +0.532 * P[QCAB1] +0.532 * P[QCAB2] +0.532 * P[QCAC3] +0.532 * P[QCAC4] +0.0902 * P[QCBF1D] +0.0902 * P[QCBR1C] +0.0902 * P[QCBS1B] +0.927 * P[QCCK1D] +0.927 * P[QCCK2H] +0.926 * P[QCLA1C] +0.0902 * P[QCND1C] +0.925 * P[QCOS1C] -0.559 * P[QGLD1] +0.0961 * P[QCPG1C] +0.0991 * P[QDMW1W] +0.927 * P[QGAR1] -0.559 * P[QGLD2] -0.503 * P[QGLD3] -0.503 * P[QGLD4] -0.559 * P[QGLD5] -0.559 * P[QGLD6] +0.927 * P[QHAR1H] +0.927 * P[QKAH1] +0.927 * P[QKAH2] +0.927 * P[QKAH3] +0.927 * P[QKAH4] -0.766 * P[QLCS1A] +0.858 * P[QLIS1E] +0.876 * P[QLIS2M] +0.878 * P[QLLV3C] +0.916 * P[QMPL1R] +0.628 * P[QMRR1M] +0.927 * P[QMSP1] +0.927 * P[QMSP2] +0.927 * P[QMSP3M] +0.0727 * P[QMSW1M] +0.0902 * P[QORS1E] +0.0902 * P[QRMA7] +0.0902 * P[QRMA8] +0.927 * P[QROG1K] +0.927 * P[QROG3R] +0.927 * P[QROW1K] +0.927 * P[QROW2K] +0.925 * P[QSLD1H] +0.925 * P[QSLS1W] +0.914 * P[QSTN1] +0.914 * P[QSTN2] +0.914 * P[QSTN3] +0.914 * P[QSTN4] -0.316 * P[QTBS1C] -0.298 * P[QTBS2S] +0.927 * P[QTMW1K] +0.0855 * P[QTNT] +0.0855 * P[QTRB1T] +0.0855 * P[QTRN1] +0.0855 * P[QTRN2] +0.0855 * P[QTRN3] +0.0855 * P[QTRN4] +0.0855 * P[QTRS1K] +0.927 * P[QTYP] +0.927 * P[QTZS1S] +0.0902 * P[QWDB3C] +0.0902 * P[QWDE3W] +0.0902 * P[QWDR1W] +0.927 * P[QWKM1M] -0.211 * P[QWLS1W] +0.0902 * P[QWSB3W] +0.0902 * P[QWSR1W] +0.0902 * P[QWSS1G] + Z_unrepresented <= RHS(t),"Out= Nil, avoid O/L Raglan to Larcom Creek (8875) on trip of Bouldercombe to Calliope River (812) line, Feedback",Thermal,True,Z includes unsupported non-energy/region terms if present; not assumed zero
QNI-upper-20250430T1125,N::Q_NIL_KC,N::Q_NIL_KC|2023-05-01|1,unknown IC factor * F + Z_unrepresented nan RHS(t),,,False,Z includes unsupported non-energy/region terms if present; not assumed zero
QNI-upper-20250529T0630,#R032894_004_RAMP_F,#R032894_004_RAMP_F|2025-05-28|1,0.974 * F_VIC_to_NSW -0.975 * P[NSAP1S] -1 * P[NGNE1G] -0.979 * P[NMR41M] -0.954 * P[NMTZ1M] -0.979 * P[NURR1N] -0.979 * P[NURR2N] -0.957 * P[NWRK1W] -0.957 * P[NWRK2W] +0.932 * F[N-Q-MNSP1] + Z_unrepresented <= RHS(t),"Hard Ramping constraint for constraint N>>84_83_QGEN_N, Effective Date: 13/11/2023, Version: 1",Thermal,True,Z includes unsupported non-energy/region terms if present; not assumed zero
QNI-upper-20250529T0630,F_Q++LDTW_R60,F_Q++LDTW_R60|2023-03-16|1,unknown IC factor * F + Z_unrepresented nan RHS(t),,,False,Z includes unsupported non-energy/region terms if present; not assumed zero
QNI-upper-20250529T0630,N::Q_NIL_KC,N::Q_NIL_KC|2023-05-01|1,unknown IC factor * F + Z_unrepresented nan RHS(t),,,False,Z includes unsupported non-energy/region terms if present; not assumed zero
QNI-upper-20250610T1800,Q>>TRSP_BKSP_MESP,Q>>TRSP_BKSP_MESP|2025-06-05|1,0.954 * F_VIC_to_NSW +0.52 * P[QBCB3B] +0.535 * P[QBCG] +0.959 * P[QBCK1] +0.959 * P[QBCK2] +0.535 * P[QBDR1L] +0.529 * P[QBGH1] +0.529 * P[QBGH2] +0.949 * P[QBRA1] +0.949 * P[QBRA2] +0.949 * P[QBRA3] +0.948 * P[QBRA4K] +0.949 * P[QBRA5B] +0.949 * P[QBRA6B] +0.949 * P[QBRA7B] +0.949 * P[QBRA8D] +0.949 * P[QBRS1D] +0.531 * P[QBSW1C] +0.531 * P[QBSW2C] +0.578 * P[QCAB1] +0.578 * P[QCAB2] +0.578 * P[QCAC3] +0.578 * P[QCAC4] +0.949 * P[QCBF1D] +0.949 * P[QCBR1C] +0.949 * P[QCBS1B] +0.529 * P[QCCK1D] +0.529 * P[QCCK2H] +0.529 * P[QCLA1C] +0.949 * P[QCND1C] +0.529 * P[QCOS1C] +0.945 * P[QCPG1C] +0.945 * P[QDMW1W] +0.529 * P[QGAR1] +0.986 * P[QGBB1G] +0.433 * P[QGLD1] +0.433 * P[QGLD2] +0.435 * P[QGLD3] +0.435 * P[QGLD4] +0.433 * P[QGLD5] +0.433 * P[QGLD6] +0.529 * P[QHAR1H] +0.529 * P[QKAH1] +0.529 * P[QKAH2] +0.529 * P[QKAH3] +0.529 * P[QKAH4] +0.5 * P[QLCS1A] +0.538 * P[QLIS1E] +0.535 * P[QLIS2M] +0.958 * P[QMRY1Y] +0.535 * P[QLLV3C] +0.53 * P[QMPL1R] +0.566 * P[QMRR1M] +0.958 * P[QMRY2M] +0.957 * P[QMRY3W] +0.957 * P[QMRY4W] +0.529 * P[QMSP1] +0.529 * P[QMSP2] +0.529 * P[QMSP3M] +0.959 * P[QMSW1M] +0.958 * P[QOKY1] +0.958 * P[QOKY2] +0.949 * P[QORS1E] +0.949 * P[QRMA7] +0.949 * P[QRMA8] +0.529 * P[QROG1K] +0.529 * P[QROG3R] +0.529 * P[QROW1K] +0.529 * P[QROW2K] +0.529 * P[QSLD1H] +0.529 * P[QSLS1W] +0.531 * P[QSTN1] +0.531 * P[QSTN2] +0.531 * P[QSTN3] +0.531 * P[QSTN4] +0.989 * P[QSWE] +0.266 * P[QTBS1C] +0.255 * P[QTBS2S] +0.958 * P[QTKS1O] +0.958 * P[QTKS2O] +0.529 * P[QTMW1K] +0.955 * P[QTNT] +0.955 * P[QTRB1T] +0.955 * P[QTRN1] +0.955 * P[QTRN2] +0.955 * P[QTRN3] +0.955 * P[QTRN4] +0.955 * P[QTRS1K] +0.529 * P[QTYP] +0.529 * P[QTZS1S] +0.948 * P[QWDB3C] +0.948 * P[QWDE3W] +0.948 * P[QWDR1W] +0.948 * P[QWDS1U] -1 * P[QWIP1] -1 * P[QWIP2] +1 * P[QWIV1] +1 * P[QWIV2] +0.529 * P[QWKM1M] +0.177 * P[QWLS1W] +0.949 * P[QWSB3W] +0.949 * P[QWSR1W] +0.949 * P[QWSS1G] +0.982 * F[N-Q-MNSP1] + Z_unrepresented <= RHS(t),"Out= 832 (H18 Tarong to H2 South Pine) 275 kV feeder, avoid O/L 838 (H36 Blackwall to H2 South Pine) 275 kV feeder on trip of 825 (H12 Mt England to H2 South Pine) 275 kV feeder, Feedback",Thermal,True,Z includes unsupported non-energy/region terms if present; not assumed zero
QNI-upper-20250612T1935,Q>>TRSP_BKSP_MESP,Q>>TRSP_BKSP_MESP|2025-06-05|1,0.954 * F_VIC_to_NSW +0.52 * P[QBCB3B] +0.535 * P[QBCG] +0.959 * P[QBCK1] +0.959 * P[QBCK2] +0.535 * P[QBDR1L] +0.529 * P[QBGH1] +0.529 * P[QBGH2] +0.949 * P[QBRA1] +0.949 * P[QBRA2] +0.949 * P[QBRA3] +0.948 * P[QBRA4K] +0.949 * P[QBRA5B] +0.949 * P[QBRA6B] +0.949 * P[QBRA7B] +0.949 * P[QBRA8D] +0.949 * P[QBRS1D] +0.531 * P[QBSW1C] +0.531 * P[QBSW2C] +0.578 * P[QCAB1] +0.578 * P[QCAB2] +0.578 * P[QCAC3] +0.578 * P[QCAC4] +0.949 * P[QCBF1D] +0.949 * P[QCBR1C] +0.949 * P[QCBS1B] +0.529 * P[QCCK1D] +0.529 * P[QCCK2H] +0.529 * P[QCLA1C] +0.949 * P[QCND1C] +0.529 * P[QCOS1C] +0.945 * P[QCPG1C] +0.945 * P[QDMW1W] +0.529 * P[QGAR1] +0.986 * P[QGBB1G] +0.433 * P[QGLD1] +0.433 * P[QGLD2] +0.435 * P[QGLD3] +0.435 * P[QGLD4] +0.433 * P[QGLD5] +0.433 * P[QGLD6] +0.529 * P[QHAR1H] +0.529 * P[QKAH1] +0.529 * P[QKAH2] +0.529 * P[QKAH3] +0.529 * P[QKAH4] +0.5 * P[QLCS1A] +0.538 * P[QLIS1E] +0.535 * P[QLIS2M] +0.958 * P[QMRY1Y] +0.535 * P[QLLV3C] +0.53 * P[QMPL1R] +0.566 * P[QMRR1M] +0.958 * P[QMRY2M] +0.957 * P[QMRY3W] +0.957 * P[QMRY4W] +0.529 * P[QMSP1] +0.529 * P[QMSP2] +0.529 * P[QMSP3M] +0.959 * P[QMSW1M] +0.958 * P[QOKY1] +0.958 * P[QOKY2] +0.949 * P[QORS1E] +0.949 * P[QRMA7] +0.949 * P[QRMA8] +0.529 * P[QROG1K] +0.529 * P[QROG3R] +0.529 * P[QROW1K] +0.529 * P[QROW2K] +0.529 * P[QSLD1H] +0.529 * P[QSLS1W] +0.531 * P[QSTN1] +0.531 * P[QSTN2] +0.531 * P[QSTN3] +0.531 * P[QSTN4] +0.989 * P[QSWE] +0.266 * P[QTBS1C] +0.255 * P[QTBS2S] +0.958 * P[QTKS1O] +0.958 * P[QTKS2O] +0.529 * P[QTMW1K] +0.955 * P[QTNT] +0.955 * P[QTRB1T] +0.955 * P[QTRN1] +0.955 * P[QTRN2] +0.955 * P[QTRN3] +0.955 * P[QTRN4] +0.955 * P[QTRS1K] +0.529 * P[QTYP] +0.529 * P[QTZS1S] +0.948 * P[QWDB3C] +0.948 * P[QWDE3W] +0.948 * P[QWDR1W] +0.948 * P[QWDS1U] -1 * P[QWIP1] -1 * P[QWIP2] +1 * P[QWIV1] +1 * P[QWIV2] +0.529 * P[QWKM1M] +0.177 * P[QWLS1W] +0.949 * P[QWSB3W] +0.949 * P[QWSR1W] +0.949 * P[QWSS1G] +0.982 * F[N-Q-MNSP1] + Z_unrepresented <= RHS(t),"Out= 832 (H18 Tarong to H2 South Pine) 275 kV feeder, avoid O/L 838 (H36 Blackwall to H2 South Pine) 275 kV feeder on trip of 825 (H12 Mt England to H2 South Pine) 275 kV feeder, Feedback",Thermal,True,Z includes unsupported non-energy/region terms if present; not assumed zero
QNI-upper-20250626T0730,N::Q_NIL_KC,N::Q_NIL_KC|2023-05-01|1,unknown IC factor * F + Z_unrepresented nan RHS(t),,,False,Z includes unsupported non-energy/region terms if present; not assumed zero
QNI-upper-20250626T0730,#R033112_001_RAMP_F,#R033112_001_RAMP_F|2025-06-25|1,0.506 * F_VIC_to_NSW +0.551 * P[QBCB3B] +0.567 * P[QBCG] +0.401 * P[QBCK1] +0.401 * P[QBCK2] +0.567 * P[QBDR1L] +0.561 * P[QBGH1] +0.561 * P[QBGH2] +0.797 * P[QBRA1] +0.797 * P[QBRA2] +0.797 * P[QBRA3] +0.807 * P[QBRA4K] +0.797 * P[QBRA5B] +0.797 * P[QBRA6B] +0.797 * P[QBRA7B] +0.762 * P[QBRA8D] +0.762 * P[QBRS1D] +0.561 * P[QBSW1C] +0.561 * P[QBSW2C] +0.613 * P[QCAB1] +0.613 * P[QCAB2] +0.613 * P[QCAC3] +0.613 * P[QCAC4] +0.807 * P[QCBF1D] +0.807 * P[QCBR1C] +0.807 * P[QCBS1B] +0.561 * P[QCCK1D] +0.561 * P[QCCK2H] +0.561 * P[QCLA1C] +0.807 * P[QCND1C] +0.561 * P[QCOS1C] +0.956 * P[QCPG1C] +1 * P[QDMW1W] +0.561 * P[QGAR1] +0.459 * P[QGLD1] +0.459 * P[QGLD2] +0.461 * P[QGLD3] +0.461 * P[QGLD4] +0.459 * P[QGLD5] +0.459 * P[QGLD6] +0.561 * P[QHAR1H] +0.561 * P[QKAH4] +0.561 * P[QKAH1] +0.561 * P[QKAH2] +0.561 * P[QKAH3] +0.474 * P[QLCS1A] +0.57 * P[QLIS1E] +0.567 * P[QLIS2M] +0.567 * P[QLLV3C] +0.562 * P[QMPL1R] +0.6 * P[QMRR1M] +0.224 * P[QMRY1Y] +0.224 * P[QMRY2M] +0.224 * P[QMRY3W] +0.224 * P[QMRY4W] +0.561 * P[QMSP1] +0.561 * P[QMSP2] +0.561 * P[QMSP3M] +0.372 * P[QMSW1M] +0.224 * P[QOKY1] +0.224 * P[QOKY2] +0.807 * P[QORS1E] +0.807 * P[QRMA7] +0.807 * P[QRMA8] +0.561 * P[QROG1K] +0.561 * P[QROG3R] +0.561 * P[QROW1K] +0.561 * P[QROW2K] +0.561 * P[QSLD1H] +0.561 * P[QSLS1W] +0.562 * P[QSTN1] +0.562 * P[QSTN2] +0.562 * P[QSTN3] +0.562 * P[QSTN4] +0.282 * P[QTBS1C] +0.27 * P[QTBS2S] +0.224 * P[QTKS1O] +0.224 * P[QTKS2O] +0.561 * P[QTMW1K] -0.181 * P[QTNT] -0.181 * P[QTRB1T] -0.181 * P[QTRN1] -0.181 * P[QTRN2] -0.181 * P[QTRN3] -0.181 * P[QTRN4] -0.181 * P[QTRS1K] +0.561 * P[QTYP] +0.561 * P[QTZS1S] +0.807 * P[QWDB3C] +0.807 * P[QWDE3W] +0.807 * P[QWDR1W] +0.807 * P[QWDS1U] +0.561 * P[QWKM1M] +0.188 * P[QWLS1W] +0.807 * P[QWSB3W] +0.807 * P[QWSR1W] +0.807 * P[QWSS1G] + Z_unrepresented <= RHS(t),"Hard Ramping constraint for constraint Q>>X_HATR2_HATR_HATR, Effective Date: 25/06/2025, Version: 1",Thermal,True,Z includes unsupported non-energy/region terms if present; not assumed zero
QNI-upper-20250627T0730,#R033118_001_RAMP_F,#R033118_001_RAMP_F|2025-06-27|1,0.0814 * F_VIC_to_NSW +0.656 * P[QBCB3B] +0.637 * P[QBCG] +0.0762 * P[QBCK1] +0.0762 * P[QBCK2] +0.637 * P[QBDR1L] +0.645 * P[QBGH1] +0.645 * P[QBGH2] +0.0955 * P[QBRA1] +0.0955 * P[QBRA2] +0.0955 * P[QBRA3] +0.097 * P[QBRA4K] +0.0955 * P[QBRA5B] +0.0955 * P[QBRA6B] +0.0955 * P[QBRA7B] +0.0949 * P[QBRA8D] +0.0949 * P[QBRS1D] +0.644 * P[QBSW1C] +0.644 * P[QBSW2C] +0.581 * P[QCAB1] +0.581 * P[QCAB2] +0.581 * P[QCAC3] +0.581 * P[QCAC4] +0.0971 * P[QCBF1D] +0.0971 * P[QCBR1C] +0.0971 * P[QCBS1B] +0.645 * P[QCCK1D] +0.645 * P[QCCK2H] +0.644 * P[QCLA1C] +0.0971 * P[QCND1C] +0.644 * P[QCOS1C] +0.104 * P[QCPG1C] +0.107 * P[QDMW1W] +0.645 * P[QGAR1] +0.769 * P[QGLD1] +0.769 * P[QGLD2] +0.766 * P[QGLD3] +0.766 * P[QGLD4] +0.769 * P[QGLD5] +0.769 * P[QGLD6] +0.645 * P[QHAR1H] +0.645 * P[QKAH1] +0.645 * P[QKAH2] +0.645 * P[QKAH3] +0.645 * P[QKAH4] +0.751 * P[QLCS1A] +0.633 * P[QLIS1E] +0.636 * P[QLIS2M] +0.637 * P[QLLV3C] +0.643 * P[QMPL1R] +0.596 * P[QMRR1M] +0.645 * P[QMSP1] +0.645 * P[QMSP2] +0.645 * P[QMSP3M] +0.0747 * P[QMSW1M] +0.097 * P[QORS1E] +0.0971 * P[QRMA7] +0.0971 * P[QRMA8] +0.645 * P[QROG1K] +0.645 * P[QROG3R] +0.645 * P[QROW1K] +0.645 * P[QROW2K] +0.644 * P[QSLD1H] +0.644 * P[QSLS1W] +0.642 * P[QSTN1] +0.642 * P[QSTN2] +0.642 * P[QSTN3] +0.642 * P[QSTN4] +0.986 * P[QTBS1C] +1 * P[QTBS2S] +0.645 * P[QTMW1K] +0.0929 * P[QTNT] +0.0929 * P[QTRN1] +0.0929 * P[QTRN2] +0.0929 * P[QTRN3] +0.0929 * P[QTRN4] +0.0929 * P[QTRS1K] +0.645 * P[QTYP] +0.645 * P[QTZS1S] +0.097 * P[QWDB3C] +0.097 * P[QWDE3W] +0.097 * P[QWDR1W] +0.097 * P[QWDS1U] +0.645 * P[QWKM1M] +0.0971 * P[QWSB3W] +0.0971 * P[QWSR1W] +0.0971 * P[QWSS1G] + Z_unrepresented <= RHS(t),"Hard Ramping constraint for constraint Q>WOCY_WOGP_WOPW, Effective Date: 29/05/2025, Version: 1",Thermal,True,Z includes unsupported non-energy/region terms if present; not assumed zero
QNI-upper-20250627T0730,N::Q_NIL_KC,N::Q_NIL_KC|2023-05-01|1,unknown IC factor * F + Z_unrepresented nan RHS(t),,,False,Z includes unsupported non-energy/region terms if present; not assumed zero
QNI-upper-20250701T0910,Q>>NIL_WOSP_PWSP,Q>>NIL_WOSP_PWSP|2025-05-29|1,0.0763 * F_VIC_to_NSW +0.596 * P[QBCB3B] +0.578 * P[QBCG] +0.072 * P[QBCK1] +0.072 * P[QBCK2] +0.578 * P[QBDR1L] +0.585 * P[QBGH1] +0.585 * P[QBGH2] +0.088 * P[QBRA1] +0.088 * P[QBRA2] +0.088 * P[QBRA3] +0.0893 * P[QBRA4K] +0.088 * P[QBRA5B] +0.088 * P[QBRA6B] +0.088 * P[QBRA7B] +0.0875 * P[QBRA8D] +0.0875 * P[QBRS1D] +0.583 * P[QBSW1C] +0.583 * P[QBSW2C] +0.527 * P[QCAB1] +0.527 * P[QCAB2] +0.527 * P[QCAC3] +0.527 * P[QCAC4] +0.0894 * P[QCBF1D] +0.0894 * P[QCBR1C] +0.0894 * P[QCBS1B] +0.585 * P[QCCK1D] +0.585 * P[QCCK2H] +0.585 * P[QCLA1C] +0.0894 * P[QCND1C] +0.585 * P[QCOS1C] +0.0951 * P[QCPG1C] +0.0981 * P[QDMW1W] +0.585 * P[QGAR1] +0.698 * P[QGLD1] +0.698 * P[QGLD2] +0.695 * P[QGLD3] +0.695 * P[QGLD4] +0.698 * P[QGLD5] +0.698 * P[QGLD6] +0.585 * P[QHAR1H] +0.585 * P[QKAH1] +0.585 * P[QKAH2] +0.585 * P[QKAH3] +0.585 * P[QKAH4] +0.681 * P[QLCS1A] +0.575 * P[QLIS1E] +0.578 * P[QLIS2M] +0.578 * P[QLLV3C] +0.584 * P[QMPL1R] +0.541 * P[QMRR1M] +0.585 * P[QMSP1] +0.585 * P[QMSP2] +0.585 * P[QMSP3M] +0.072 * P[QMSW1M] +0.0893 * P[QORS1E] +0.0894 * P[QRMA7] +0.0894 * P[QRMA8] +0.585 * P[QROG1K] +0.585 * P[QROG3R] +0.585 * P[QROW1K] +0.585 * P[QROW2K] +0.585 * P[QSLD1H] +0.585 * P[QSLS1W] +0.583 * P[QSTN1] +0.583 * P[QSTN2] +0.583 * P[QSTN3] +0.583 * P[QSTN4] +0.895 * P[QTBS1C] +0.908 * P[QTBS2S] +0.585 * P[QTMW1K] +0.0846 * P[QTNT] +0.0846 * P[QTRB1T] +0.0846 * P[QTRN1] +0.0846 * P[QTRN2] +0.0846 * P[QTRN3] +0.0846 * P[QTRN4] +0.0846 * P[QTRS1K] +0.585 * P[QTYP] +0.585 * P[QTZS1S] +0.0893 * P[QWDB3C] +0.0893 * P[QWDE3W] +0.0893 * P[QWDR1W] +0.0893 * P[QWDS1U] +0.585 * P[QWKM1M] +1 * P[QWLS1W] +0.0893 * P[QWSB3W] +0.0893 * P[QWSR1W] +0.0893 * P[QWSS1G] + Z_unrepresented <= RHS(t),"Out= Nil, avoid O/L H9_Palmwoods to H2 South Pine (808) on trip of H5 Woolooga to H2 South Pine (807) line, Feedback",Thermal,True,Z includes unsupported non-energy/region terms if present; not assumed zero
QNI-upper-20250701T0910,N::Q_NIL_LDTW,N::Q_NIL_LDTW|2023-05-01|1,unknown IC factor * F + Z_unrepresented nan RHS(t),,,False,Z includes unsupported non-energy/region terms if present; not assumed zero
QNI-upper-20250704T1615,Q>>NIL_BCCP_RGLC,Q>>NIL_BCCP_RGLC|2025-05-29|1,0.077 * F_VIC_to_NSW +1 * P[QBCB3B] +0.878 * P[QBCG] +0.0727 * P[QBCK1] +0.0727 * P[QBCK2] +0.88 * P[QBDR1L] +0.927 * P[QBGH1] +0.927 * P[QBGH2] +0.0889 * P[QBRA1] +0.0889 * P[QBRA2] +0.0889 * P[QBRA3] +0.0902 * P[QBRA4K] +0.0889 * P[QBRA5B] +0.0889 * P[QBRA6B] +0.0889 * P[QBRA7B] +0.0884 * P[QBRA8D] +0.0884 * P[QBRS1D] +0.923 * P[QBSW1C] +0.923 * P[QBSW2C] +0.532 * P[QCAB1] +0.532 * P[QCAB2] +0.532 * P[QCAC3] +0.532 * P[QCAC4] +0.0902 * P[QCBF1D] +0.0902 * P[QCBR1C] +0.0902 * P[QCBS1B] +0.927 * P[QCCK1D] +0.927 * P[QCCK2H] +0.926 * P[QCLA1C] +0.0902 * P[QCND1C] +0.925 * P[QCOS1C] +0.0961 * P[QCPG1C] +0.0991 * P[QDMW1W] +0.927 * P[QGAR1] -0.559 * P[QGLD1] -0.559 * P[QGLD2] -0.503 * P[QGLD3] -0.503 * P[QGLD4] -0.559 * P[QGLD5] -0.559 * P[QGLD6] +0.927 * P[QHAR1H] +0.927 * P[QKAH1] +0.927 * P[QKAH2] +0.927 * P[QKAH3] +0.927 * P[QKAH4] -0.766 * P[QLCS1A] +0.916 * P[QMPL1R] +0.858 * P[QLIS1E] +0.876 * P[QLIS2M] +0.878 * P[QLLV3C] +0.628 * P[QMRR1M] +0.927 * P[QMSP1] +0.927 * P[QMSP2] +0.927 * P[QMSP3M] +0.0727 * P[QMSW1M] +0.0902 * P[QORS1E] +0.0902 * P[QRMA7] +0.0902 * P[QRMA8] +0.927 * P[QROG1K] +0.927 * P[QROG3R] +0.927 * P[QROW1K] +0.927 * P[QROW2K] +0.925 * P[QSLD1H] +0.925 * P[QSLS1W] +0.914 * P[QSTN1] +0.914 * P[QSTN2] +0.914 * P[QSTN3] +0.914 * P[QSTN4] -0.316 * P[QTBS1C] -0.298 * P[QTBS2S] +0.927 * P[QTMW1K] +0.0855 * P[QTNT] +0.0855 * P[QTRB1T] +0.0855 * P[QTRN1] +0.0855 * P[QTRN2] +0.0855 * P[QTRN3] +0.0855 * P[QTRN4] +0.0855 * P[QTRS1K] +0.927 * P[QTYP] +0.927 * P[QTZS1S] +0.0902 * P[QWDB3C] +0.0902 * P[QWDE3W] +0.0902 * P[QWDR1W] +0.0902 * P[QWDS1U] +0.927 * P[QWKM1M] -0.211 * P[QWLS1W] +0.0902 * P[QWSB3W] +0.0902 * P[QWSR1W] +0.0902 * P[QWSS1G] + Z_unrepresented <= RHS(t),"Out= Nil, avoid O/L Raglan to Larcom Creek (8875) on trip of Bouldercombe to Calliope River (812) line, Feedback",Thermal,True,Z includes unsupported non-energy/region terms if present; not assumed zero
QNI-upper-20250704T1615,N::Q_NIL_KC,N::Q_NIL_KC|2023-05-01|1,unknown IC factor * F + Z_unrepresented nan RHS(t),,,False,Z includes unsupported non-energy/region terms if present; not assumed zero
QNI-upper-20250712T1610,Q>>NIL_LCCP_BCCP,Q>>NIL_LCCP_BCCP|2025-05-29|1,0.0746 * F_VIC_to_NSW +1 * P[QBCB3B] +0.878 * P[QBCG] +0.88 * P[QBDR1L] +0.927 * P[QBGH1] +0.927 * P[QBGH2] +0.0875 * P[QBRA1] +0.0875 * P[QBRA2] +0.0875 * P[QBRA3] +0.0889 * P[QBRA4K] +0.0875 * P[QBRA5B] +0.0875 * P[QBRA6B] +0.0875 * P[QBRA7B] +0.087 * P[QBRA8D] +0.087 * P[QBRS1D] +0.923 * P[QBSW1C] +0.923 * P[QBSW2C] +0.532 * P[QCAC4] +0.532 * P[QCAB1] +0.532 * P[QCAB2] +0.532 * P[QCAC3] +0.089 * P[QCBF1D] +0.089 * P[QCBR1C] +0.089 * P[QCBS1B] +0.927 * P[QCCK1D] +0.927 * P[QCCK2H] +0.926 * P[QCLA1C] +0.089 * P[QCND1C] +0.925 * P[QCOS1C] +0.0954 * P[QCPG1C] +0.0973 * P[QDMW1W] +0.927 * P[QGAR1] -0.56 * P[QGLD1] -0.56 * P[QGLD2] -0.504 * P[QGLD3] -0.504 * P[QGLD4] -0.56 * P[QGLD5] -0.56 * P[QGLD6] +0.927 * P[QHAR1H] +0.927 * P[QKAH1] +0.927 * P[QKAH2] +0.927 * P[QKAH3] +0.927 * P[QKAH4] +1 * P[QLCS1A] +0.858 * P[QLIS1E] +0.876 * P[QLIS2M] +0.878 * P[QLLV3C] +0.916 * P[QMPL1R] +0.628 * P[QMRR1M] +0.927 * P[QMSP1] +0.927 * P[QMSP2] +0.927 * P[QMSP3M] +0.0889 * P[QORS1E] +0.089 * P[QRMA7] +0.089 * P[QRMA8] +0.927 * P[QROG1K] +0.927 * P[QROG3R] +0.927 * P[QROW1K] +0.927 * P[QROW2K] +0.925 * P[QSLD1H] +0.925 * P[QSLS1W] +0.914 * P[QSTN1] +0.914 * P[QSTN2] +0.914 * P[QSTN3] +0.914 * P[QSTN4] -0.316 * P[QTBS1C] -0.298 * P[QTBS2S] +0.927 * P[QTMW1K] +0.0851 * P[QTNT] +0.0851 * P[QTRB1T] +0.0851 * P[QTRN1] +0.0851 * P[QTRN2] +0.0851 * P[QTRN3] +0.0851 * P[QTRN4] +0.0851 * P[QTRS1K] +0.927 * P[QTYP] +0.927 * P[QTZS1S] +0.0889 * P[QWDB3C] +0.0889 * P[QWDE3W] +0.0889 * P[QWDR1W] +0.0889 * P[QWDS1U] +0.927 * P[QWKM1M] -0.211 * P[QWLS1W] +0.089 * P[QWSB3W] +0.089 * P[QWSR1W] +0.089 * P[QWSS1G] + Z_unrepresented <= RHS(t),"Out= Nil, avoid O/L Bouldercombe to Calliope River (812) 275kV line on trip of Larcom Creek to Calliope River (8859) 275kV line, Feedback",Thermal,True,Z includes unsupported non-energy/region terms if present; not assumed zero
QNI-upper-20250712T1610,Q>>NIL_BCCP_RGLC,Q>>NIL_BCCP_RGLC|2025-05-29|1,0.077 * F_VIC_to_NSW +1 * P[QBCB3B] +0.878 * P[QBCG] +0.0727 * P[QBCK1] +0.0727 * P[QBCK2] +0.88 * P[QBDR1L] +0.927 * P[QBGH1] +0.927 * P[QBGH2] +0.0889 * P[QBRA1] +0.0889 * P[QBRA2] +0.0889 * P[QBRA3] +0.0902 * P[QBRA4K] +0.0889 * P[QBRA5B] +0.0889 * P[QBRA6B] +0.0889 * P[QBRA7B] +0.0884 * P[QBRA8D] +0.0884 * P[QBRS1D] +0.923 * P[QBSW1C] +0.923 * P[QBSW2C] +0.532 * P[QCAB1] +0.532 * P[QCAB2] +0.532 * P[QCAC3] +0.532 * P[QCAC4] +0.0902 * P[QCBF1D] +0.0902 * P[QCBR1C] +0.0902 * P[QCBS1B] +0.927 * P[QCCK1D] +0.927 * P[QCCK2H] +0.926 * P[QCLA1C] +0.0902 * P[QCND1C] +0.925 * P[QCOS1C] +0.0961 * P[QCPG1C] +0.0991 * P[QDMW1W] +0.927 * P[QGAR1] -0.559 * P[QGLD1] -0.559 * P[QGLD2] -0.503 * P[QGLD3] -0.503 * P[QGLD4] -0.559 * P[QGLD5] -0.559 * P[QGLD6] +0.927 * P[QHAR1H] +0.927 * P[QKAH1] +0.927 * P[QKAH2] +0.927 * P[QKAH3] +0.927 * P[QKAH4] -0.766 * P[QLCS1A] +0.916 * P[QMPL1R] +0.858 * P[QLIS1E] +0.876 * P[QLIS2M] +0.878 * P[QLLV3C] +0.628 * P[QMRR1M] +0.927 * P[QMSP1] +0.927 * P[QMSP2] +0.927 * P[QMSP3M] +0.0727 * P[QMSW1M] +0.0902 * P[QORS1E] +0.0902 * P[QRMA7] +0.0902 * P[QRMA8] +0.927 * P[QROG1K] +0.927 * P[QROG3R] +0.927 * P[QROW1K] +0.927 * P[QROW2K] +0.925 * P[QSLD1H] +0.925 * P[QSLS1W] +0.914 * P[QSTN1] +0.914 * P[QSTN2] +0.914 * P[QSTN3] +0.914 * P[QSTN4] -0.316 * P[QTBS1C] -0.298 * P[QTBS2S] +0.927 * P[QTMW1K] +0.0855 * P[QTNT] +0.0855 * P[QTRB1T] +0.0855 * P[QTRN1] +0.0855 * P[QTRN2] +0.0855 * P[QTRN3] +0.0855 * P[QTRN4] +0.0855 * P[QTRS1K] +0.927 * P[QTYP] +0.927 * P[QTZS1S] +0.0902 * P[QWDB3C] +0.0902 * P[QWDE3W] +0.0902 * P[QWDR1W] +0.0902 * P[QWDS1U] +0.927 * P[QWKM1M] -0.211 * P[QWLS1W] +0.0902 * P[QWSB3W] +0.0902 * P[QWSR1W] +0.0902 * P[QWSS1G] + Z_unrepresented <= RHS(t),"Out= Nil, avoid O/L Raglan to Larcom Creek (8875) on trip of Bouldercombe to Calliope River (812) line, Feedback",Thermal,True,Z includes unsupported non-energy/region terms if present; not assumed zero
QNI-upper-20250712T1610,N::Q_NIL_KC,N::Q_NIL_KC|2023-05-01|1,unknown IC factor * F + Z_unrepresented nan RHS(t),,,False,Z includes unsupported non-energy/region terms if present; not assumed zero
QNI-upper-20250826T0730,#R033612_001_RAMP_V,#R033612_001_RAMP_V|2025-08-26|1,0.0814 * F_VIC_to_NSW +0.656 * P[QBCB3B] +0.637 * P[QBCG] +0.0762 * P[QBCK1] +0.0762 * P[QBCK2] +0.637 * P[QBDR1L] +0.645 * P[QBGH1] +0.645 * P[QBGH2] +0.0955 * P[QBRA1] +0.0955 * P[QBRA2] +0.0955 * P[QBRA3] +0.097 * P[QBRA4K] +0.0955 * P[QBRA5B] +0.0955 * P[QBRA6B] +0.0955 * P[QBRA7B] +0.0949 * P[QBRA8D] +0.0949 * P[QBRS1D] +0.644 * P[QBSW1C] +0.644 * P[QBSW2C] +0.581 * P[QCAB1] +0.581 * P[QCAB2] +0.581 * P[QCAC3] +0.581 * P[QCAC4] +0.0971 * P[QCBF1D] +0.0971 * P[QCBR1C] +0.0971 * P[QCBS1B] +0.645 * P[QCCK1D] +0.645 * P[QCCK2H] +0.644 * P[QCLA1C] +0.0971 * P[QCND1C] +0.644 * P[QCOS1C] +0.104 * P[QCPG1C] +0.107 * P[QDMW1W] +0.645 * P[QGAR1] +0.769 * P[QGLD1] +0.769 * P[QGLD2] +0.766 * P[QGLD3] +0.766 * P[QGLD4] +0.769 * P[QGLD5] +0.769 * P[QGLD6] +0.645 * P[QHAR1H] +0.645 * P[QKAH1] +0.645 * P[QKAH2] +0.645 * P[QKAH3] +0.645 * P[QKAH4] +0.751 * P[QLCS1A] +0.633 * P[QLIS1E] +0.636 * P[QLIS2M] +0.637 * P[QLLV3C] +0.643 * P[QMPL1R] +0.596 * P[QMRR1M] +0.645 * P[QMSP1] +0.645 * P[QMSP2] +0.645 * P[QMSP3M] +0.0747 * P[QMSW1M] +0.097 * P[QORS1E] +0.0971 * P[QRMA7] +0.0971 * P[QRMA8] +0.645 * P[QROG1K] +0.645 * P[QROG3R] +0.645 * P[QROW1K] +0.645 * P[QROW2K] +0.644 * P[QSLD1H] +0.644 * P[QSLS1W] +0.642 * P[QSTN1] +0.642 * P[QSTN2] +0.642 * P[QSTN3] +0.642 * P[QSTN4] +0.986 * P[QTBS1C] +1 * P[QTBS2S] +0.645 * P[QTMW1K] +0.0929 * P[QTNT] +0.0929 * P[QTRN1] +0.0929 * P[QTRN2] +0.0929 * P[QTRN3] +0.645 * P[QTZS1S] +0.0929 * P[QTRN4] +0.0929 * P[QTRS1K] +0.645 * P[QTYP] +0.097 * P[QWDB3C] +0.097 * P[QWDE3W] +0.097 * P[QWDR1W] +0.097 * P[QWDS1U] +0.645 * P[QWKM1M] +0.0971 * P[QWSB3W] +0.0971 * P[QWSR1W] +0.0971 * P[QWSS1G] + Z_unrepresented <= RHS(t),"Soft Ramping constraint for constraint Q>WOCY_WOGP_WOPW, Effective Date: 29/05/2025, Version: 1",Thermal,True,Z includes unsupported non-energy/region terms if present; not assumed zero
QNI-upper-20250826T0730,#R033612_001_RAMP_F,#R033612_001_RAMP_F|2025-08-26|1,0.0814 * F_VIC_to_NSW +0.656 * P[QBCB3B] +0.637 * P[QBCG] +0.0762 * P[QBCK1] +0.0762 * P[QBCK2] +0.637 * P[QBDR1L] +0.645 * P[QBGH1] +0.645 * P[QBGH2] +0.0955 * P[QBRA1] +0.0955 * P[QBRA2] +0.0955 * P[QBRA3] +0.097 * P[QBRA4K] +0.0955 * P[QBRA5B] +0.0955 * P[QBRA6B] +0.0955 * P[QBRA7B] +0.0949 * P[QBRA8D] +0.0949 * P[QBRS1D] +0.644 * P[QBSW1C] +0.644 * P[QBSW2C] +0.581 * P[QCAB1] +0.581 * P[QCAB2] +0.581 * P[QCAC3] +0.581 * P[QCAC4] +0.0971 * P[QCBF1D] +0.0971 * P[QCBR1C] +0.0971 * P[QCBS1B] +0.645 * P[QCCK1D] +0.645 * P[QCCK2H] +0.644 * P[QCLA1C] +0.0971 * P[QCND1C] +0.644 * P[QCOS1C] +0.104 * P[QCPG1C] +0.107 * P[QDMW1W] +0.645 * P[QGAR1] +0.769 * P[QGLD1] +0.769 * P[QGLD2] +0.766 * P[QGLD3] +0.766 * P[QGLD4] +0.769 * P[QGLD5] +0.769 * P[QGLD6] +0.645 * P[QHAR1H] +0.645 * P[QKAH1] +0.645 * P[QKAH2] +0.633 * P[QLIS1E] +0.645 * P[QKAH3] +0.645 * P[QKAH4] +0.751 * P[QLCS1A] +0.636 * P[QLIS2M] +0.637 * P[QLLV3C] +0.643 * P[QMPL1R] +0.596 * P[QMRR1M] +0.645 * P[QMSP1] +0.645 * P[QMSP2] +0.645 * P[QMSP3M] +0.0747 * P[QMSW1M] +0.097 * P[QORS1E] +0.0971 * P[QRMA7] +0.0971 * P[QRMA8] +0.645 * P[QROG1K] +0.645 * P[QROG3R] +0.645 * P[QROW1K] +0.645 * P[QROW2K] +0.644 * P[QSLD1H] +0.644 * P[QSLS1W] +0.642 * P[QSTN1] +0.642 * P[QSTN2] +0.642 * P[QSTN3] +0.642 * P[QSTN4] +0.986 * P[QTBS1C] +1 * P[QTBS2S] +0.645 * P[QTMW1K] +0.0929 * P[QTNT] +0.0929 * P[QTRN1] +0.0929 * P[QTRN2] +0.0929 * P[QTRN3] +0.0929 * P[QTRN4] +0.0929 * P[QTRS1K] +0.645 * P[QTYP] +0.645 * P[QTZS1S] +0.097 * P[QWDB3C] +0.097 * P[QWDE3W] +0.097 * P[QWDR1W] +0.097 * P[QWDS1U] +0.645 * P[QWKM1M] +0.0971 * P[QWSB3W] +0.0971 * P[QWSR1W] +0.0971 * P[QWSS1G] + Z_unrepresented <= RHS(t),"Hard Ramping constraint for constraint Q>WOCY_WOGP_WOPW, Effective Date: 29/05/2025, Version: 1",Thermal,True,Z includes unsupported non-energy/region terms if present; not assumed zero
QNI-upper-20250826T0730,N::Q_BWMP_KC,N::Q_BWMP_KC|2022-11-04|1,unknown IC factor * F + Z_unrepresented nan RHS(t),,,False,Z includes unsupported non-energy/region terms if present; not assumed zero
QNI-upper-20250902T0605,N>>NIL_33_34,N>>NIL_33_34|2024-12-19|1,0.985 * F_VIC_to_NSW +0.097 * P[NAL11C] +0.114 * P[NBA21B] +0.539 * P[NBAY1] +0.539 * P[NBAY2] +0.436 * P[NBAY3] +0.436 * P[NBAY4] +0.114 * P[NBB21B] +0.226 * P[NBES1B] +0.0965 * P[NBK11B] +0.0965 * P[NBKB3B] +0.0965 * P[NBKW1S] +0.0967 * P[NBL21L] +0.102 * P[NBLW8] +0.234 * P[NBOD1B] +0.0967 * P[NBSF1L] +0.0967 * P[NBSF2S] +0.208 * P[NCDS1C] +0.109 * P[NCKW1C] -0.243 * P[NCLG1D] -0.243 * P[NCLG2D] -0.243 * P[NCLG3D] -0.243 * P[NCLG4D] +0.0972 * P[NCLS1C] +0.0995 * P[NCLW1C] +0.0926 * P[NCMA3B] +0.109 * P[NCW31C] +0.0797 * P[NCWF2W] +0.0972 * P[NDNH1H] +0.0972 * P[NDNS1D] -0.317 * P[NEPS1] -0.317 * P[NEPS2] -0.193 * P[NEPS3] -0.193 * P[NEPS4] +0.181 * P[NFBS1J] +0.0973 * P[NFNS1F] -1 * P[NGNE1G] +0.107 * P[NGUR1G] +0.107 * P[NGUR2G] +0.107 * P[NGUR3G] +0.0959 * P[NGUT8] +0.0969 * P[NHUM] -0.0959 * P[NLTS3] +0.0959 * P[NLTS8] +0.21 * P[NMLS1M] +0.214 * P[NMOS1M] +0.101 * P[NMR22T] -0.987 * P[NMR41M] +0.192 * P[NMTP1] +0.192 * P[NMTP2] -0.973 * P[NMTZ1M] -0.243 * P[NMWB1W] -0.401 * P[NNEE1H] +0.0976 * P[NNRN1A] +0.208 * P[NONF1F] +0.197 * P[NPG11P] +0.197 * P[NPG12G] +0.0926 * P[NQBB3Q] +0.0925 * P[NQBC3C] +0.0971 * P[NRB23R] +0.0971 * P[NRBB3R] +0.0971 * P[NRDP3D] +0.101 * P[NRPK1R] -0.985 * P[NSAP1S] +0.283 * P[NSTB1S] +0.283 * P[NSTU1S] +0.0979 * P[NURQ1U] +0.0979 * P[NURQ2U] +0.0979 * P[NURQ3U] +0.0979 * P[NURQ4U] -0.988 * P[NURR1N] -0.988 * P[NURR2N] +0.0957 * P[NUTS8] -0.268 * P[NVPP5] -0.268 * P[NVPP6] +0.0983 * P[NWGG1W] +0.0983 * P[NWGJ1J] +0.0983 * P[NWGJ2S] +0.0983 * P[NWGJ3W] +0.0983 * P[NWGJ4W] +0.0983 * P[NWGS1B] +0.0967 * P[NWL21W] +0.238 * P[NWL82N] +0.0967 * P[NWLA1W] +0.249 * P[NWLN1W] +0.238 * P[NWLS3N] +0.238 * P[NWLS4W] -0.975 * P[NWRK2W] +0.233 * P[NWLW1S] +0.306 * P[NWOW1W] -0.975 * P[NWRK1W] +0.106 * P[NYS12A] +0.96 * F[N-Q-MNSP1] +0.0962 * F[VIC1-NSW1] + Z_unrepresented <= RHS(t),"Out= Nil, avoid Bayswater to Liddell (33 or 34) O/L on loss of other Bayswater to Liddell (34 or 33), Feedback",Thermal,True,Z includes unsupported non-energy/region terms if present; not assumed zero
QNI-upper-20250929T0930,#R033913_002_RAMP_V,#R033913_002_RAMP_V|2025-09-29|1,0.117 * F_VIC_to_NSW +0.11 * P[QBCK2] +1 * P[QBCB3B] +0.949 * P[QBCG] +0.11 * P[QBCK1] +0.95 * P[QBDR1L] +0.97 * P[QBGH1] +0.97 * P[QBGH2] +0.135 * P[QBRA1] +0.135 * P[QBRA2] +0.135 * P[QBRA3] +0.136 * P[QBRA4K] +0.135 * P[QBRA5B] +0.135 * P[QBRA6B] +0.135 * P[QBRA7B] +0.134 * P[QBRA8D] +0.134 * P[QBRS1D] +0.968 * P[QBSW1C] +0.968 * P[QBSW2C] +0.806 * P[QCAB1] +0.806 * P[QCAB2] +0.806 * P[QCAC3] +0.806 * P[QCAC4] +0.137 * P[QCBF1D] +0.137 * P[QCBR1C] +0.137 * P[QCBS1B] +0.97 * P[QCCK1D] +0.97 * P[QCCK2H] +0.969 * P[QCLA1C] +0.137 * P[QCND1C] +0.969 * P[QCOS1C] +0.145 * P[QCPG1C] +0.147 * P[QDMW1W] +0.97 * P[QGAR1] -0.79 * P[QGLD1] -0.79 * P[QGLD2] -0.781 * P[QGLD3] -0.781 * P[QGLD4] -0.79 * P[QGLD5] -0.79 * P[QGLD6] +0.97 * P[QHAR1H] +0.97 * P[QKAH1] +0.97 * P[QKAH2] +0.97 * P[QKAH3] +0.97 * P[QKAH4] +1 * P[QLCS1A] +0.941 * P[QLIS1E] +0.949 * P[QLIS2M] +0.949 * P[QLLV3C] +0.965 * P[QMPL1R] +0.845 * P[QMRR1M] +0.09 * P[QMRY1Y] +0.09 * P[QMRY2M] +0.09 * P[QMRY3W] +0.09 * P[QMRY4W] +0.97 * P[QMSP1] +0.97 * P[QMSP2] +0.97 * P[QMSP3M] +0.11 * P[QMSW1M] +0.09 * P[QOKY1] +0.09 * P[QOKY2] +0.137 * P[QORS1E] +0.137 * P[QRMA7] +0.137 * P[QRMA8] +0.97 * P[QROG1K] +0.97 * P[QROG3R] +0.97 * P[QROW1K] +0.97 * P[QROW2K] +0.969 * P[QSLD1H] +0.969 * P[QSLS1W] +0.964 * P[QSTN1] +0.964 * P[QSTN2] +0.964 * P[QSTN3] +0.964 * P[QSTN4] -0.479 * P[QTBS1C] -0.458 * P[QTBS2S] +0.09 * P[QTKS1O] +0.09 * P[QTKS2O] +0.97 * P[QTMW1K] +0.129 * P[QTNT] +0.129 * P[QTRB1T] +0.129 * P[QTRN1] +0.129 * P[QTRN2] +0.129 * P[QTRN3] +0.129 * P[QTRN4] +0.129 * P[QTRS1K] +0.97 * P[QTYP] +0.97 * P[QTZS1S] +0.136 * P[QWDB3C] +0.136 * P[QWDE3W] +0.136 * P[QWDR1W] +0.136 * P[QWDS1U] +0.97 * P[QWKM1M] -0.319 * P[QWLS1W] +0.137 * P[QWSB3W] +0.137 * P[QWSR1W] +0.137 * P[QWSS1G] + Z_unrepresented <= RHS(t),"Soft Ramping constraint for constraint Q>>LCCP_CLWU_BCCP, Effective Date: 29/05/2025, Version: 1",Thermal,True,Z includes unsupported non-energy/region terms if present; not assumed zero
QNI-upper-20250929T0930,N::Q_AR_VC_KC,N::Q_AR_VC_KC|2024-05-24|1,unknown IC factor * F + Z_unrepresented nan RHS(t),,,False,Z includes unsupported non-energy/region terms if present; not assumed zero
QNI-upper-20251012T1230,Q>>NIL_BCCP_RGLC,Q>>NIL_BCCP_RGLC|2025-09-05|1,0.077 * F_VIC_to_NSW +1 * P[QBCB3B] +0.878 * P[QBCG] +0.0727 * P[QBCK1] +0.0727 * P[QBCK2] +0.88 * P[QBDR1L] +0.927 * P[QBGH1] +0.927 * P[QBGH2] +0.0889 * P[QBRA1] +0.0889 * P[QBRA2] +0.0889 * P[QBRA3] +0.0902 * P[QBRA4K] +0.0889 * P[QBRA5B] +0.0889 * P[QBRA6B] +0.0889 * P[QBRA7B] +0.0884 * P[QBRA8D] +0.0884 * P[QBRS1D] +0.923 * P[QBSW1C] +0.923 * P[QBSW2C] +0.532 * P[QCAB1] +0.532 * P[QCAB2] +0.532 * P[QCAC3] +0.532 * P[QCAC4] +0.0902 * P[QCBF1D] +0.0902 * P[QCBR1C] +0.0902 * P[QCBS1B] +0.927 * P[QCCK1D] +0.927 * P[QCCK2H] +0.926 * P[QCLA1C] +0.0902 * P[QCND1C] +0.925 * P[QCOS1C] +0.0961 * P[QCPG1C] +0.0991 * P[QDMW1W] +0.927 * P[QGAR1] -0.559 * P[QGLD1] -0.559 * P[QGLD2] -0.503 * P[QGLD3] -0.503 * P[QGLD4] -0.559 * P[QGLD5] -0.559 * P[QGLD6] +0.927 * P[QHAR1H] +0.927 * P[QKAH1] +0.927 * P[QKAH2] +0.927 * P[QKAH3] +0.927 * P[QKAH4] -0.766 * P[QLCS1A] +0.858 * P[QLIS1E] +0.876 * P[QLIS2M] +0.878 * P[QLLV3C] +0.916 * P[QMPL1R] +0.628 * P[QMRR1M] +0.927 * P[QMSP1] +0.927 * P[QMSP2] +0.927 * P[QMSP3M] +0.0727 * P[QMSW1M] +0.0902 * P[QORS1E] +0.927 * P[QROG3R] +0.0902 * P[QRMA7] +0.0902 * P[QRMA8] +0.927 * P[QROG1K] +0.927 * P[QROW1K] +0.927 * P[QROW2K] +0.925 * P[QSLD1H] +0.925 * P[QSLS1W] +0.914 * P[QSTN1] +0.914 * P[QSTN2] +0.914 * P[QSTN3] +0.914 * P[QSTN4] -0.316 * P[QTBS1C] -0.298 * P[QTBS2S] +0.927 * P[QTMW1K] +0.0855 * P[QTNT] +0.0855 * P[QTRB1T] +0.0855 * P[QTRN1] +0.0855 * P[QTRN2] +0.0855 * P[QTRN3] +0.0855 * P[QTRN4] +0.0855 * P[QTRS1K] +0.927 * P[QTYP] +0.927 * P[QTZS1S] +0.0902 * P[QWDB3C] +0.0902 * P[QWDE3W] +0.0902 * P[QWDE4W] +0.0902 * P[QWDR1W] +0.0902 * P[QWDS1U] +0.927 * P[QWKM1M] -0.211 * P[QWLM1M] -0.211 * P[QWLS1W] +0.0902 * P[QWSB3W] +0.0902 * P[QWSR1W] +0.0902 * P[QWSS1G] + Z_unrepresented <= RHS(t),"Out= Nil, avoid O/L Raglan to Larcom Creek (8875) on trip of Bouldercombe to Calliope River (812) line, Feedback",Thermal,True,Z includes unsupported non-energy/region terms if present; not assumed zero
QNI-upper-20251012T1230,NQ_950_DYN_TEST,NQ_950_DYN_TEST|2025-10-02|1,1 * F_VIC_to_NSW + Z_unrepresented <= RHS(t),"NSW to QLD on QNI upper transfer limit of 950 MW, dynamic headroom with Max calc on the QNI, DS formulation only, limit for testing of QNI minor interconnection upgrade.",Transient Stability,True,Z includes unsupported non-energy/region terms if present; not assumed zero
QNI-upper-20251122T1630,Q>>NIL_CPWU_CLWU,Q>>NIL_CPWU_CLWU|2025-11-17|1,0.0804 * F_VIC_to_NSW +0.668 * P[QAFH2K] +0.668 * P[QAFH1K] -0.668 * P[QAFH3K] -0.668 * P[QAFH4K] +0.689 * P[QBCB3B] +0.654 * P[QBCG] +0.0759 * P[QBCK1] +0.0759 * P[QBCK2] +0.655 * P[QBDR1L] +0.668 * P[QBGH1] +0.668 * P[QBGH2] +0.0805 * P[QBLG1G] +0.0932 * P[QBRA1] +0.0932 * P[QBRA2] +0.0932 * P[QBRA3] +0.0936 * P[QBRA4K] +0.0932 * P[QBRA5B] +0.0932 * P[QBRA6B] +0.0932 * P[QBRA7B] +0.0917 * P[QBRA8D] +0.0917 * P[QBRS1D] +0.667 * P[QBSS1B] +0.667 * P[QBSW1C] +0.667 * P[QBSW2C] +0.555 * P[QCAB1] +0.555 * P[QCAB2] +0.555 * P[QCAC3] +0.555 * P[QCAC4] +0.0937 * P[QCBF1D] +0.0937 * P[QCBR1C] +0.0937 * P[QCBS1B] +0.668 * P[QCCK1D] +0.668 * P[QCCK2H] +0.668 * P[QCLA1C] +0.0937 * P[QCND1C] +0.667 * P[QCOS1C] +0.1 * P[QCPG1C] +0.102 * P[QDMW1W] +0.668 * P[QGAR1] +0.887 * P[QGLD1] +0.887 * P[QGLD2] -1 * P[QGLD3] -1 * P[QGLD4] +0.887 * P[QGLD5] +0.887 * P[QGLD6] +0.668 * P[QHAR1H] +0.668 * P[QKAH1] +0.668 * P[QKAH2] +0.668 * P[QKAH3] +0.668 * P[QKAH4] +0.855 * P[QLCS1A] +0.648 * P[QLIS1E] +0.654 * P[QLIS2M] +0.654 * P[QLLV3C] +0.665 * P[QMPL1R] +0.582 * P[QMRR1M] +0.668 * P[QMSP1] +0.668 * P[QMSP2] +0.668 * P[QMSP3M] +0.0733 * P[QMSW1M] +0.0936 * P[QORS1E] +0.0937 * P[QRMA7] +0.0937 * P[QRMA8] +0.668 * P[QROG1K] +0.668 * P[QROG3R] +0.668 * P[QROW1K] +0.668 * P[QROW2K] +0.668 * P[QSLD1H] +0.668 * P[QSLS1W] +0.664 * P[QSTN1] +0.664 * P[QSTN2] +0.664 * P[QSTN3] +0.664 * P[QSTN4] -0.341 * P[QTBS1C] -0.495 * P[QTBS2S] +0.668 * P[QTMW1K] +0.0891 * P[QTNT] +0.0891 * P[QTRB1T] +0.0891 * P[QTRN1] +0.0891 * P[QTRN2] +0.0891 * P[QTRN3] +0.0891 * P[QTRN4] +0.0891 * P[QTRS1K] +0.668 * P[QTYP] +0.668 * P[QTZS1S] +0.0936 * P[QWDB3C] +0.0936 * P[QWDE3W] +0.0936 * P[QWDE4W] +0.0936 * P[QWDR1W] +0.0936 * P[QWDS1U] +0.668 * P[QWKM1M] -0.22 * P[QWLM1M] -0.22 * P[QWLS1W] +0.0936 * P[QWSB3W] +0.0936 * P[QWSR1W] +0.0936 * P[QWSS1G] + Z_unrepresented <= RHS(t),"Out= Nil, avoid O/L Calliope River to Wurdong (818) 275kV line on trip of Calvale to Wurdong (871) 275kV line, Feedback.  [DS RHS to swamp if 8810+8811 lines O/S]",Thermal,True,Z includes unsupported non-energy/region terms if present; not assumed zero
QNI-upper-20251122T1630,N::Q_NIL_KC,N::Q_NIL_KC|2023-05-01|1,unknown IC factor * F + Z_unrepresented nan RHS(t),,,False,Z includes unsupported non-energy/region terms if present; not assumed zero
QNI-upper-20251206T0630,#R034526_002_RAMP_F,#R034526_002_RAMP_F|2025-12-05|1,0.255 * F_VIC_to_NSW +0.968 * P[QBCB3B] +0.996 * P[QBCG] +0.236 * P[QBCK1] +0.236 * P[QBCK2] +0.993 * P[QBDR1L] +0.985 * P[QBGH1] +0.985 * P[QBGH2] +0.196 * P[QBKB1S] +0.255 * P[QBLG1G] +0.234 * P[QBRA1] +0.234 * P[QBRA2] +0.234 * P[QBRA3] +0.234 * P[QBRA4K] +0.234 * P[QBRA5B] +0.234 * P[QBRA6B] +0.234 * P[QBRA7B] +0.234 * P[QBRA8D] +0.234 * P[QBRS1D] +0.988 * P[QBSW1C] +0.988 * P[QBSW2C] +0.92 * P[QCAB1] +0.92 * P[QCAB2] +0.92 * P[QCAC3] +0.92 * P[QCAC4] +0.237 * P[QCBF1D] +0.237 * P[QCBR1C] +0.237 * P[QCBS1B] +0.985 * P[QCCK1D] +0.985 * P[QCCK2H] +0.985 * P[QCLA1C] +0.237 * P[QCND1C] +0.985 * P[QCOS1C] +0.232 * P[QCPG1C] +0.232 * P[QDMW1W] +0.985 * P[QGAR1] +0.2026 * P[QGBB1G] +0.808 * P[QGLD1] +0.808 * P[QGLD2] +0.812 * P[QGLD3] +0.812 * P[QGLD4] +0.808 * P[QGLD5] +0.808 * P[QGLD6] +0.985 * P[QHAR1H] +0.985 * P[QKAH1] +0.985 * P[QKAH2] +0.985 * P[QKAH3] +0.985 * P[QKAH4] +0.8504 * P[QLCS1A] +1 * P[QLIS1E] +0.996 * P[QLIS2M] +0.996 * P[QLLV3C] +0.987 * P[QMPL1R] +1 * P[QMRR1M] +0.985 * P[QMSP1] +0.985 * P[QMSP2] +0.985 * P[QMSP3M] +0.236 * P[QMSW1M] +0.235 * P[QORS1E] +0.237 * P[QRMA7] +0.237 * P[QRMA8] +0.985 * P[QROG1K] +0.985 * P[QROG3R] +0.985 * P[QROW1K] +0.985 * P[QROW2K] +0.985 * P[QSLD1H] +0.985 * P[QSLS1W] +0.988 * P[QSTN1] +0.988 * P[QSTN2] +0.988 * P[QSTN3] +0.988 * P[QSTN4] +0.196 * P[QSWE] +0.465 * P[QTBS1C] +0.436 * P[QTBS2S] +0.985 * P[QTMW1K] +0.252 * P[QTNT] +0.252 * P[QTRB1T] +0.252 * P[QTRN1] +0.252 * P[QTRN2] +0.252 * P[QTRN3] +0.252 * P[QTRN4] +0.252 * P[QTRS1K] +0.985 * P[QTYP] +0.985 * P[QTZS1S] +0.234 * P[QWDB3C] +0.234 * P[QWDE3W] +0.234 * P[QWDE4W] +0.234 * P[QWDR1W] +0.234 * P[QWDS1U] +0.192 * P[QWIV1] +0.192 * P[QWIV2] +0.985 * P[QWKM1M] +0.293 * P[QWLM1M] +0.293 * P[QWLS1W] +0.235 * P[QWSB3W] +0.235 * P[QWSR1W] +0.235 * P[QWSS1G] +0.319 * F[N-Q-MNSP1] + Z_unrepresented <= RHS(t),"Hard Ramping constraint for constraint Q^^TR_TRBK_-1200, Effective Date: 05/12/2025, Version: 2",Voltage Stability,True,Z includes unsupported non-energy/region terms if present; not assumed zero
QNI-upper-20251206T0630,N::Q_NIL_KC,N::Q_NIL_KC|2023-05-01|1,unknown IC factor * F + Z_unrepresented nan RHS(t),,,False,Z includes unsupported non-energy/region terms if present; not assumed zero
QNI-upper-20260110T1605,N>>NIL_33_34,N>>NIL_33_34|2025-12-02|1,0.958 * F_VIC_to_NSW +0.525 * P[NBAY1] +0.525 * P[NBAY2] +0.424 * P[NBAY3] +0.424 * P[NBAY4] +0.22 * P[NBES1B] +0.227 * P[NBOD1B] +0.202 * P[NCDS1C] -0.236 * P[NCLG1D] -0.236 * P[NCLG2D] -0.236 * P[NCLG3D] -0.236 * P[NCLG4D] -0.309 * P[NEPS1] -0.309 * P[NEPS2] -0.188 * P[NEPS3] -0.188 * P[NEPS4] -0.309 * P[NERB1E] +0.176 * P[NFBS1J] -0.973 * P[NGNE1G] -1 * P[NLDB1L] +0.204 * P[NMLS1M] +0.208 * P[NMOS1M] -0.96 * P[NMR41M] +0.187 * P[NMTP1] +0.187 * P[NMTP2] -0.946 * P[NMTZ1M] -0.236 * P[NMWB1W] -0.389 * P[NNCP1H] -0.389 * P[NNCP2H] -0.39 * P[NNEE1H] +0.203 * P[NONF1F] +0.192 * P[NPG11P] +0.192 * P[NPG12G] -0.958 * P[NSAP1S] +0.275 * P[NSTB1S] +0.275 * P[NSTU1S] -0.961 * P[NURB1N] -0.961 * P[NURB2N] -0.961 * P[NURR1N] -0.961 * P[NURR2N] -0.261 * P[NVPP5] -0.261 * P[NVPP6] +0.231 * P[NWL82N] +0.242 * P[NWLN1W] +0.242 * P[NWLO1O] +0.231 * P[NWLS3N] +0.231 * P[NWLS4W] +0.227 * P[NWLW1S] +0.298 * P[NWOW1W] -0.948 * P[NWRK1W] -0.948 * P[NWRK2W] +0.934 * F[N-Q-MNSP1] + Z_unrepresented <= RHS(t),"Out= Nil, avoid Bayswater to Liddell (33 or 34) O/L on loss of other Bayswater to Liddell (34 or 33), Feedback",Thermal,True,Z includes unsupported non-energy/region terms if present; not assumed zero
QNI-upper-20260110T1605,NRM_NSW1_QLD1,NRM_NSW1_QLD1|2025-11-19|1,1 * F_VIC_to_NSW +1 * F[N-Q-MNSP1] + Z_unrepresented <= RHS(t),Negative Residue Management constraint for NSW to QLD flow.,Negative Residue,True,Z includes unsupported non-energy/region terms if present; not assumed zero
QNI-upper-20260124T1845,N>>NIL_33_34,N>>NIL_33_34|2025-12-02|1,0.958 * F_VIC_to_NSW +0.525 * P[NBAY1] +0.525 * P[NBAY2] +0.424 * P[NBAY3] +0.424 * P[NBAY4] +0.22 * P[NBES1B] +0.227 * P[NBOD1B] +0.202 * P[NCDS1C] -0.236 * P[NCLG1D] -0.236 * P[NCLG2D] -0.236 * P[NCLG3D] -0.236 * P[NCLG4D] -0.309 * P[NEPS1] -0.309 * P[NEPS2] -0.188 * P[NEPS3] -0.188 * P[NEPS4] -0.309 * P[NERB1E] +0.176 * P[NFBS1J] -0.973 * P[NGNE1G] -1 * P[NLDB1L] +0.204 * P[NMLS1M] +0.208 * P[NMOS1M] -0.96 * P[NMR41M] +0.187 * P[NMTP1] +0.187 * P[NMTP2] -0.946 * P[NMTZ1M] -0.236 * P[NMWB1W] -0.389 * P[NNCP1H] -0.389 * P[NNCP2H] -0.39 * P[NNEE1H] +0.203 * P[NONF1F] +0.192 * P[NPG11P] +0.192 * P[NPG12G] -0.958 * P[NSAP1S] +0.275 * P[NSTB1S] +0.275 * P[NSTU1S] -0.961 * P[NURB1N] -0.961 * P[NURB2N] -0.961 * P[NURR1N] -0.961 * P[NURR2N] -0.261 * P[NVPP5] -0.261 * P[NVPP6] +0.231 * P[NWL82N] +0.242 * P[NWLN1W] +0.242 * P[NWLO1O] +0.231 * P[NWLS3N] +0.231 * P[NWLS4W] +0.227 * P[NWLW1S] +0.298 * P[NWOW1W] -0.948 * P[NWRK1W] -0.948 * P[NWRK2W] +0.934 * F[N-Q-MNSP1] + Z_unrepresented <= RHS(t),"Out= Nil, avoid Bayswater to Liddell (33 or 34) O/L on loss of other Bayswater to Liddell (34 or 33), Feedback",Thermal,True,Z includes unsupported non-energy/region terms if present; not assumed zero
QNI-upper-20260205T1550,N::Q_NIL_KC,N::Q_NIL_KC|2023-05-01|1,unknown IC factor * F + Z_unrepresented nan RHS(t),,,False,Z includes unsupported non-energy/region terms if present; not assumed zero
QNI-upper-20260205T1550,N>>NIL_33_34,N>>NIL_33_34|2025-12-02|1,0.958 * F_VIC_to_NSW +0.525 * P[NBAY1] +0.525 * P[NBAY2] +0.424 * P[NBAY3] +0.424 * P[NBAY4] +0.22 * P[NBES1B] +0.227 * P[NBOD1B] +0.202 * P[NCDS1C] -0.236 * P[NCLG1D] -0.236 * P[NCLG2D] -0.236 * P[NCLG3D] -0.236 * P[NCLG4D] -0.309 * P[NEPS1] -0.309 * P[NEPS2] -0.188 * P[NEPS3] -0.188 * P[NEPS4] -0.309 * P[NERB1E] +0.176 * P[NFBS1J] -0.973 * P[NGNE1G] -1 * P[NLDB1L] +0.204 * P[NMLS1M] +0.208 * P[NMOS1M] -0.96 * P[NMR41M] +0.187 * P[NMTP1] +0.187 * P[NMTP2] -0.946 * P[NMTZ1M] -0.236 * P[NMWB1W] -0.389 * P[NNCP1H] -0.389 * P[NNCP2H] -0.39 * P[NNEE1H] +0.203 * P[NONF1F] +0.192 * P[NPG11P] +0.192 * P[NPG12G] -0.958 * P[NSAP1S] +0.275 * P[NSTB1S] +0.275 * P[NSTU1S] -0.961 * P[NURB1N] -0.961 * P[NURB2N] -0.961 * P[NURR1N] -0.961 * P[NURR2N] -0.261 * P[NVPP5] -0.261 * P[NVPP6] +0.231 * P[NWL82N] +0.242 * P[NWLN1W] +0.242 * P[NWLO1O] +0.231 * P[NWLS3N] +0.231 * P[NWLS4W] +0.227 * P[NWLW1S] +0.298 * P[NWOW1W] -0.948 * P[NWRK1W] -0.948 * P[NWRK2W] +0.934 * F[N-Q-MNSP1] + Z_unrepresented <= RHS(t),"Out= Nil, avoid Bayswater to Liddell (33 or 34) O/L on loss of other Bayswater to Liddell (34 or 33), Feedback",Thermal,True,Z includes unsupported non-energy/region terms if present; not assumed zero
QNI-upper-20260303T0600,#R035050_001_RAMP_F,#R035050_001_RAMP_F|2026-03-02|1,1 * F_VIC_to_NSW -0.5 * P[NSAP1S] +1 * F[N-Q-MNSP1] + Z_unrepresented <= RHS(t),"Hard Ramping constraint for constraint N::Q_MUTW_1, Effective Date: 27/04/2023, Version: 1",Transient Stability,True,Z includes unsupported non-energy/region terms if present; not assumed zero
QNI-upper-20260303T0600,F_Q++MUTW_R6,F_Q++MUTW_R6|2023-03-15|1,unknown IC factor * F + Z_unrepresented nan RHS(t),,,False,Z includes unsupported non-energy/region terms if present; not assumed zero
QNI-upper-20260303T0600,F_Q++MUTW_R60,F_Q++MUTW_R60|2023-03-15|1,unknown IC factor * F + Z_unrepresented nan RHS(t),,,False,Z includes unsupported non-energy/region terms if present; not assumed zero
QNI-upper-20260303T0600,N::Q_NIL_KC,N::Q_NIL_KC|2023-05-01|1,unknown IC factor * F + Z_unrepresented nan RHS(t),,,False,Z includes unsupported non-energy/region terms if present; not assumed zero
QNI-upper-20260303T0600,#R035050_004_RAMP_F,#R035050_004_RAMP_F|2026-03-02|1,0.999 * F_VIC_to_NSW -1 * P[NGNE1G] -1 * P[NMR41M] -1 * P[NMTZ1M] -1 * P[NSAP1S] -1 * P[NURR1N] -1 * P[NURR2N] -1 * P[NWRK1W] -1 * P[NWRK2W] +1 * F[N-Q-MNSP1] + Z_unrepresented <= RHS(t),"Hard Ramping constraint for constraint N>>88_84_QGEN_N, Effective Date: 13/11/2023, Version: 1",Thermal,True,Z includes unsupported non-energy/region terms if present; not assumed zero
QNI-upper-20260413T1350,Q^^TR_TRBK_-1300,Q^^TR_TRBK_-1300|2026-03-13|1,0.255 * F_VIC_to_NSW +0.968 * P[QBCB3B] +0.996 * P[QBCG] +0.236 * P[QBCK1] +0.236 * P[QBCK2] +0.993 * P[QBDR1L] +0.985 * P[QBGH1] +0.985 * P[QBGH2] +0.196 * P[QBKB1S] +0.255 * P[QBLG1G] +0.234 * P[QBRA1] +0.234 * P[QBRA2] +0.234 * P[QBRA3] +0.234 * P[QBRA4K] +0.234 * P[QBRA5B] +0.234 * P[QBRA6B] +0.234 * P[QBRA7B] +0.234 * P[QBRA8D] +0.234 * P[QBRS1D] +0.988 * P[QBSS1B] +0.988 * P[QBSW1C] +0.988 * P[QBSW2C] +0.92 * P[QCAB1] +0.92 * P[QCAB2] +0.92 * P[QCAC3] +0.92 * P[QCAC4] +0.237 * P[QCBF1D] +0.237 * P[QCBR1C] +0.237 * P[QCBS1B] +0.985 * P[QCCK1D] +0.985 * P[QCCK2H] +0.985 * P[QCLA1C] +0.237 * P[QCND1C] +0.985 * P[QCOS1C] +0.232 * P[QCPG1C] +0.232 * P[QDMW1W] +0.985 * P[QGAR1] +0.2026 * P[QGBB1G] +0.808 * P[QGLD1] +0.808 * P[QGLD2] +0.812 * P[QGLD3] +0.812 * P[QGLD4] +0.808 * P[QGLD5] +0.808 * P[QGLD6] +0.985 * P[QHAR1H] +0.985 * P[QKAH1] +0.985 * P[QKAH2] +0.985 * P[QKAH3] +0.985 * P[QKAH4] +0.8504 * P[QLCS1A] +1 * P[QLIS1E] +0.996 * P[QLIS2M] +0.996 * P[QLLV3C] +0.987 * P[QMPL1R] +1 * P[QMRR1M] +0.985 * P[QMSP1] +0.985 * P[QMSP2] +0.985 * P[QMSP3M] +0.236 * P[QMSW1M] +0.235 * P[QORS1E] +0.237 * P[QRMA7] +0.237 * P[QRMA8] +0.985 * P[QROG1K] +0.985 * P[QROG3R] +0.985 * P[QROW1K] +0.985 * P[QROW2K] +0.985 * P[QSLD1H] +0.985 * P[QSLS1W] +0.988 * P[QSTN1] +0.988 * P[QSTN2] +0.988 * P[QSTN3] +0.988 * P[QSTN4] +0.196 * P[QSWE] +0.465 * P[QTBS1C] +0.436 * P[QTBS2S] +0.985 * P[QTMW1K] +0.252 * P[QTNT] +0.252 * P[QTRB1T] +0.252 * P[QTRN1] +0.252 * P[QTRN2] +0.252 * P[QTRN3] +0.252 * P[QTRN4] +0.252 * P[QTRS1K] +0.985 * P[QTYP] +0.985 * P[QTZS1S] +0.234 * P[QWDB3C] +0.234 * P[QWDS1U] +0.234 * P[QWDE3W] +0.234 * P[QWDE4W] +0.234 * P[QWDR1W] +0.192 * P[QWIV1] +0.192 * P[QWIV2] +0.985 * P[QWKM1M] +0.293 * P[QWLM1M] +0.293 * P[QWLS1W] +0.235 * P[QWSB3W] +0.235 * P[QWSR1W] +0.235 * P[QWSS1G] +0.319 * F[N-Q-MNSP1] + Z_unrepresented <= RHS(t),"Nominated offset -1300 MW, Tarong voltage stability limit, Tarong-Blackwall contingency equation",Voltage Stability,True,Z includes unsupported non-energy/region terms if present; not assumed zero
QNI-upper-20260413T1350,NQ_950_DYN_TEST,NQ_950_DYN_TEST|2025-10-02|1,1 * F_VIC_to_NSW + Z_unrepresented <= RHS(t),"NSW to QLD on QNI upper transfer limit of 950 MW, dynamic headroom with Max calc on the QNI, DS formulation only, limit for testing of QNI minor interconnection upgrade.",Transient Stability,True,Z includes unsupported non-energy/region terms if present; not assumed zero
QNI-upper-20260413T1350,N::Q_BWMP_LDTW,N::Q_BWMP_LDTW|2022-11-04|1,unknown IC factor * F + Z_unrepresented nan RHS(t),,,False,Z includes unsupported non-energy/region terms if present; not assumed zero
QNI-upper-20260511T1040,#R035670_002_RAMP_V,#R035670_002_RAMP_V|2026-05-11|1,0.255 * F_VIC_to_NSW +0.968 * P[QBCB3B] +0.996 * P[QBCG] +0.236 * P[QBCK1] +0.236 * P[QBCK2] +0.993 * P[QBDR1L] +0.985 * P[QBGH1] +0.985 * P[QBGH2] +0.196 * P[QBKB1S] +0.255 * P[QBLG1G] +0.234 * P[QBRA1] +0.234 * P[QBRA2] +0.234 * P[QBRA3] +0.234 * P[QBRA4K] +0.234 * P[QBRA5B] +0.234 * P[QBRA6B] +0.234 * P[QBRA7B] +0.234 * P[QBRA8D] +0.234 * P[QBRS1D] +0.988 * P[QBSS1B] +0.988 * P[QBSW1C] +0.988 * P[QBSW2C] +0.92 * P[QCAB1] +0.92 * P[QCAB2] +0.92 * P[QCAC3] +0.92 * P[QCAC4] +0.237 * P[QCBF1D] +0.237 * P[QCBR1C] +0.237 * P[QCBS1B] +0.985 * P[QCCK1D] +0.985 * P[QCCK2H] +0.985 * P[QCLA1C] +0.237 * P[QCND1C] +0.985 * P[QCOS1C] +0.232 * P[QCPG1C] +0.232 * P[QDMW1W] +0.985 * P[QGAR1] +0.2026 * P[QGBB1G] +0.808 * P[QGLD1] +0.808 * P[QGLD2] +0.812 * P[QGLD3] +0.812 * P[QGLD4] +0.808 * P[QGLD5] +0.808 * P[QGLD6] +0.985 * P[QHAR1H] +0.985 * P[QKAH1] +0.985 * P[QKAH2] +0.985 * P[QKAH3] +0.985 * P[QKAH4] +0.8504 * P[QLCS1A] +1 * P[QLIS1E] +0.996 * P[QLIS2M] +0.996 * P[QLLV3C] +0.987 * P[QMPL1R] +1 * P[QMRR1M] +0.985 * P[QMSP1] +0.985 * P[QMSP2] +0.985 * P[QMSP3M] +0.236 * P[QMSW1M] +0.235 * P[QORS1E] +0.237 * P[QRMA7] +0.237 * P[QRMA8] +0.985 * P[QROG1K] +0.985 * P[QROG3R] +0.985 * P[QROW1K] +0.985 * P[QROW2K] +0.988 * P[QSTN2] +0.985 * P[QSLD1H] +0.985 * P[QSLS1W] +0.988 * P[QSTN1] +0.988 * P[QSTN3] +0.988 * P[QSTN4] +0.196 * P[QSWE] +0.465 * P[QTBS1C] +0.436 * P[QTBS2S] +0.985 * P[QTMW1K] +0.252 * P[QTNT] +0.252 * P[QTRB1T] +0.252 * P[QTRN1] +0.252 * P[QTRN2] +0.252 * P[QTRN3] +0.252 * P[QTRN4] +0.252 * P[QTRS1K] +0.985 * P[QTYP] +0.985 * P[QTZS1S] +0.234 * P[QWDB3C] +0.234 * P[QWDE3W] +0.234 * P[QWDE4W] +0.234 * P[QWDR1W] +0.234 * P[QWDS1U] +0.192 * P[QWIV1] +0.192 * P[QWIV2] +0.985 * P[QWKM1M] +0.293 * P[QWLM1M] +0.293 * P[QWLS1W] +0.235 * P[QWSB3W] +0.235 * P[QWSR1W] +0.235 * P[QWSS1G] +0.319 * F[N-Q-MNSP1] + Z_unrepresented <= RHS(t),"Soft Ramping constraint for constraint Q^^TR_TRBK_-1300, Effective Date: 13/03/2026, Version: 1",Voltage Stability,True,Z includes unsupported non-energy/region terms if present; not assumed zero
QNI-upper-20260511T1040,F_Q++BCDM_R60,F_Q++BCDM_R60|2019-09-10|1,unknown IC factor * F + Z_unrepresented nan RHS(t),,,False,Z includes unsupported non-energy/region terms if present; not assumed zero
QNI-upper-20260528T0645,N::Q_ARSR_1,N::Q_ARSR_1|2023-04-27|1,unknown IC factor * F + Z_unrepresented nan RHS(t),,,False,Z includes unsupported non-energy/region terms if present; not assumed zero
QNI-upper-20260630T0730,N>>NIL_33_34,N>>NIL_33_34|2026-05-20|2,0.958 * F_VIC_to_NSW +0.525 * P[NBAY1] +0.525 * P[NBAY2] +0.424 * P[NBAY3] +0.424 * P[NBAY4] +0.22 * P[NBES1B] +0.227 * P[NBOD1B] +0.202 * P[NCDS1C] -0.236 * P[NCLG1D] -0.236 * P[NCLG2D] -0.236 * P[NCLG3D] -0.236 * P[NCLG4D] -0.309 * P[NEPS1] -0.309 * P[NEPS2] -0.188 * P[NEPS3] -0.188 * P[NEPS4] -0.309 * P[NER21E] -0.309 * P[NERB1E] +0.177 * P[NFBS1J] -0.973 * P[NGNE1G] -1 * P[NLDB1L] +0.204 * P[NMLS1M] +0.208 * P[NMOS1M] -0.96 * P[NMR41M] +0.187 * P[NMTP1] -0.389 * P[NNCP1H] +0.187 * P[NMTP2] -0.946 * P[NMTZ1M] -0.236 * P[NMWB1W] -0.389 * P[NNCP2H] -0.39 * P[NNEE1H] +0.203 * P[NONF1F] +0.192 * P[NPG11P] +0.192 * P[NPG12G] +0.192 * P[NPKQ1Q] +0.192 * P[NPKQ2Q] -0.958 * P[NSAP1S] +0.275 * P[NSTB1S] +0.275 * P[NSTU1S] +0.249 * P[NUGS1U] -0.961 * P[NURB1N] -0.961 * P[NURB2N] -0.961 * P[NURR1N] -0.961 * P[NURR2N] -0.261 * P[NVPP5] -0.261 * P[NVPP6] +0.231 * P[NWL82N] +0.242 * P[NWLN1W] +0.242 * P[NWLO1O] +0.231 * P[NWLS3N] +0.231 * P[NWLS4W] +0.227 * P[NWLW1S] +0.298 * P[NWOW1W] -0.948 * P[NWRK1W] -0.948 * P[NWRK2W] +0.934 * F[N-Q-MNSP1] + Z_unrepresented <= RHS(t),"Out= Nil, avoid Bayswater to Liddell (33 or 34) O/L on loss of other Bayswater to Liddell (34 or 33), Feedback",Thermal,True,Z includes unsupported non-energy/region terms if present; not assumed zero
QNI-upper-20260630T0730,#R036125_003_RAMP_F,#R036125_003_RAMP_F|2026-06-29|1,0.255 * F_VIC_to_NSW +0.968 * P[QBCB3B] +0.996 * P[QBCG] +0.236 * P[QBCK1] +0.236 * P[QBCK2] +0.993 * P[QBDR1L] +0.985 * P[QBGH1] +0.985 * P[QBGH2] +0.196 * P[QBKB1S] +0.255 * P[QBLG1G] +0.234 * P[QBRA1] +0.234 * P[QBRA2] +0.234 * P[QBRA3] +0.234 * P[QBRA4K] +0.234 * P[QBRA5B] +0.234 * P[QBRA6B] +0.234 * P[QBRA7B] +0.234 * P[QBRA8D] +0.234 * P[QBRS1D] +0.988 * P[QBSS1B] +0.988 * P[QBSS2B] +0.988 * P[QBSW1C] +0.988 * P[QBSW2C] +0.92 * P[QCAB1] +0.92 * P[QCAB2] +0.92 * P[QCAC3] +0.92 * P[QCAC4] +0.237 * P[QCBF1D] +0.237 * P[QCBR1C] +0.237 * P[QCBS1B] +0.985 * P[QCCK1D] +0.985 * P[QCCK2H] +0.985 * P[QCLA1C] +0.237 * P[QCND1C] +0.985 * P[QCOS1C] +0.232 * P[QCPG1C] +0.232 * P[QDMR1W] +0.232 * P[QDMW1W] +0.985 * P[QGAR1] +0.2026 * P[QGBB1G] +0.808 * P[QGLD1] +0.808 * P[QGLD2] +0.812 * P[QGLD3] +0.812 * P[QGLD4] +0.808 * P[QGLD5] +0.808 * P[QGLD6] +0.985 * P[QHAR1H] +0.985 * P[QKAH1] +0.985 * P[QKAH2] +0.985 * P[QKAH3] +0.985 * P[QKAH4] +0.8504 * P[QLCS1A] +1 * P[QLIS1E] +0.996 * P[QLIS2M] +0.996 * P[QLLV3C] +0.987 * P[QMPL1R] +1 * P[QMRR1M] +0.985 * P[QMSP1] +0.985 * P[QMSP2] +0.985 * P[QMSP3M] +0.236 * P[QMSW1M] +0.235 * P[QORS1E] +0.237 * P[QRMA7] +0.237 * P[QRMA8] +0.985 * P[QROG1K] +0.985 * P[QROG3R] +0.985 * P[QROW1K] +0.985 * P[QROW2K] +0.985 * P[QSLD1H] +0.985 * P[QSLS1W] +0.988 * P[QSTB1S] +0.988 * P[QSTN1] +0.988 * P[QSTN2] +0.988 * P[QSTN3] +0.988 * P[QSTN4] +0.196 * P[QSWE] +0.465 * P[QTBS1C] +0.436 * P[QTBS2S] +0.985 * P[QTMW1K] +0.252 * P[QTNT] +0.252 * P[QTRB1T] +0.252 * P[QTRN1] +0.252 * P[QTRN2] +0.252 * P[QTRN3] +0.252 * P[QTRN4] +0.252 * P[QTRS1K] +0.985 * P[QTYP] +0.985 * P[QTZS1S] +0.234 * P[QWDB3C] +0.234 * P[QWDE3W] +0.234 * P[QWDE4W] +0.234 * P[QWDR1W] +0.234 * P[QWDS1U] +0.192 * P[QWIV1] +0.192 * P[QWIV2] +0.985 * P[QWKM1M] +0.293 * P[QWLB1W] +0.293 * P[QWLM1M] +0.293 * P[QWLS1W] +0.235 * P[QWSB3W] +0.235 * P[QWSR1W] +0.235 * P[QWSR2W] +0.235 * P[QWSS1G] +0.319 * F[N-Q-MNSP1] + Z_unrepresented <= RHS(t),"Hard Ramping constraint for constraint Q^^TR_TRBK_-750, Effective Date: 12/06/2026, Version: 1",Voltage Stability,True,Z includes unsupported non-energy/region terms if present; not assumed zero
QNI-upper-20260702T0700,N>>85_86_QGEN_N,N>>85_86_QGEN_N|2026-04-07|1,0.999 * F_VIC_to_NSW -1 * P[NMR41M] -1 * P[NMTZ1M] -1 * P[NSAP1S] -1 * P[NURB1N] -1 * P[NURB2N] -1 * P[NURR1N] -1 * P[NURR2N] -1 * P[NWRK1W] -1 * P[NWRK2W] +1 * F[N-Q-MNSP1] + Z_unrepresented <= RHS(t),"Out = Uralla to Tamworth (85) line, avoid O/L Tamworth to Armidale (86) on trip of QLD maximum generation, [Note: Assumed Armidale-Moree-Tamworth parrellel open (96M OPEN),Armidale-Kempsey-Newcastle 132kV parrallel open (964 OPEN)]",Thermal,True,Z includes unsupported non-energy/region terms if present; not assumed zero
QNI-upper-20260702T0700,N::Q_NIL_KC,N::Q_NIL_KC|2023-05-01|1,unknown IC factor * F + Z_unrepresented nan RHS(t),,,False,Z includes unsupported non-energy/region terms if present; not assumed zero
QNI-upper-20260702T0700,#R036152_008_RAMP_F,#R036152_008_RAMP_F|2026-07-01|1,1 * F_VIC_to_NSW +1 * P[QBRA4K] +1 * F[N-Q-MNSP1] + Z_unrepresented <= RHS(t),"Hard Ramping constraint for constraint N^^Q_ARTW_B1, Effective Date: 27/04/2023, Version: 1",Voltage Stability,True,Z includes unsupported non-energy/region terms if present; not assumed zero
QNI-upper-20260721T0440,N::Q_NIL_LDTW,N::Q_NIL_LDTW|2023-05-01|1,unknown IC factor * F + Z_unrepresented nan RHS(t),,,False,Z includes unsupported non-energy/region terms if present; not assumed zero
QNI-upper-20260721T0440,N>>NIL_33_34,N>>NIL_33_34|2026-05-20|2,0.958 * F_VIC_to_NSW +0.525 * P[NBAY1] +0.525 * P[NBAY2] +0.424 * P[NBAY3] +0.424 * P[NBAY4] +0.22 * P[NBES1B] +0.227 * P[NBOD1B] +0.202 * P[NCDS1C] -0.236 * P[NCLG1D] -0.236 * P[NCLG2D] -0.236 * P[NCLG3D] -0.236 * P[NCLG4D] -0.309 * P[NEPS1] -0.309 * P[NEPS2] -0.188 * P[NEPS3] -0.188 * P[NEPS4] -0.309 * P[NER21E] -0.309 * P[NERB1E] +0.177 * P[NFBS1J] -0.973 * P[NGNE1G] -1 * P[NLDB1L] +0.204 * P[NMLS1M] +0.208 * P[NMOS1M] -0.96 * P[NMR41M] +0.187 * P[NMTP1] -0.389 * P[NNCP1H] +0.187 * P[NMTP2] -0.946 * P[NMTZ1M] -0.236 * P[NMWB1W] -0.389 * P[NNCP2H] -0.39 * P[NNEE1H] +0.203 * P[NONF1F] +0.192 * P[NPG11P] +0.192 * P[NPG12G] +0.192 * P[NPKQ1Q] +0.192 * P[NPKQ2Q] -0.958 * P[NSAP1S] +0.275 * P[NSTB1S] +0.275 * P[NSTU1S] +0.249 * P[NUGS1U] -0.961 * P[NURB1N] -0.961 * P[NURB2N] -0.961 * P[NURR1N] -0.961 * P[NURR2N] -0.261 * P[NVPP5] -0.261 * P[NVPP6] +0.231 * P[NWL82N] +0.242 * P[NWLN1W] +0.242 * P[NWLO1O] +0.231 * P[NWLS3N] +0.231 * P[NWLS4W] +0.227 * P[NWLW1S] +0.298 * P[NWOW1W] -0.948 * P[NWRK1W] -0.948 * P[NWRK2W] +0.934 * F[N-Q-MNSP1] + Z_unrepresented <= RHS(t),"Out= Nil, avoid Bayswater to Liddell (33 or 34) O/L on loss of other Bayswater to Liddell (34 or 33), Feedback",Thermal,True,Z includes unsupported non-energy/region terms if present; not assumed zero
QNI-upper-20260815T1130,N::Q_LDTM_LDTW,N::Q_LDTM_LDTW|2022-09-26|2,unknown IC factor * F + Z_unrepresented nan RHS(t),,,False,Z includes unsupported non-energy/region terms if present; not assumed zero
QNI-upper-20260815T1130,#R036522_001_RAMP_F,#R036522_001_RAMP_F|2026-08-14|1,0.954 * F_VIC_to_NSW -0.528 * P[QAFH4K] +0.528 * P[QAFH1K] +0.528 * P[QAFH2K] -0.528 * P[QAFH3K] +0.52 * P[QBCB3B] +0.533 * P[QBCG] +0.959 * P[QBCK1] +0.959 * P[QBCK2] +0.533 * P[QBDR1L] +0.528 * P[QBGH1] +0.528 * P[QBGH2] +0.989 * P[QBKB1S] +0.956 * P[QBLG1G] +0.949 * P[QBRA1] +0.949 * P[QBRA2] +0.949 * P[QBRA3] +0.949 * P[QBRA4K] +0.949 * P[QBRA5B] +0.949 * P[QBRA6B] +0.949 * P[QBRA7B] +0.95 * P[QBRA8D] +0.95 * P[QBRS1D] +0.529 * P[QBSS1B] +0.529 * P[QBSS2B] +0.529 * P[QBSW1C] +0.529 * P[QBSW2C] +0.579 * P[QCAB1] +0.579 * P[QCAB2] +0.579 * P[QCAC3] +0.579 * P[QCAC4] +0.95 * P[QCBF1D] +0.95 * P[QCBR1C] +0.95 * P[QCBS1B] +0.528 * P[QCCK1D] +0.528 * P[QCCK2H] +0.528 * P[QCLA1C] +0.95 * P[QCND1C] +0.528 * P[QCOS1C] +0.945 * P[QCPG1C] +0.944 * P[QDMR1W] +0.944 * P[QDMW1W] +0.528 * P[QGAR1] +0.986 * P[QGBB1G] +0.433 * P[QGLD1] +0.433 * P[QGLD2] +0.435 * P[QGLD3] +0.435 * P[QGLD4] +0.433 * P[QGLD5] +0.433 * P[QGLD6] +0.291 * P[QGNS1B] +0.528 * P[QHAR1H] +0.528 * P[QKAH1] +0.528 * P[QKAH2] +0.528 * P[QKAH3] +0.528 * P[QKAH4] +0.447 * P[QLCS1A] +0.535 * P[QLIS1E] +0.533 * P[QLIS2M] +0.533 * P[QLLV3C] +0.529 * P[QMPL1R] +0.57 * P[QMRR1M] +0.958 * P[QMRY1Y] +0.958 * P[QMRY2M] +0.957 * P[QMRY3W] +0.957 * P[QMRY4W] +0.528 * P[QMSP1] +0.528 * P[QMSP2] +0.528 * P[QMSP3M] +0.96 * P[QMSW1M] +0.958 * P[QOKY1] +0.958 * P[QOKY2] +0.949 * P[QORS1E] +0.95 * P[QRMA7] +0.95 * P[QRMA8] +0.528 * P[QROG1K] +0.528 * P[QROG3R] +0.528 * P[QROW1K] +0.528 * P[QROW2K] +0.528 * P[QSLD1H] +0.528 * P[QSLS1W] +0.53 * P[QSTN1] +0.53 * P[QSTN2] +0.53 * P[QSTN3] +0.53 * P[QSTN4] +0.989 * P[QSWE] +0.266 * P[QTBS1C] +0.255 * P[QTBS2S] +0.958 * P[QTKS1O] +0.958 * P[QTKS2O] +0.528 * P[QTMW1K] +0.955 * P[QTNT] +0.955 * P[QTRB1T] +0.955 * P[QTRN1] +0.955 * P[QTRN2] +0.955 * P[QTRN3] +0.955 * P[QTRN4] +0.955 * P[QTRS1K] +0.528 * P[QTYP] +0.528 * P[QTZS1S] +0.949 * P[QWDB3C] +0.949 * P[QWDE3W] +0.949 * P[QWDE4W] +0.949 * P[QWDR1W] +0.949 * P[QWDS1U] -1 * P[QWIP1] -1 * P[QWIP2] +1 * P[QWIV1] +1 * P[QWIV2] +0.528 * P[QWKM1M] +0.177 * P[QWLB1W] +0.177 * P[QWLM1M] +0.177 * P[QWLS1W] +0.949 * P[QWSB3W] +0.949 * P[QWSR1W] +0.949 * P[QWSR2W] +0.949 * P[QWSS1G] +0.982 * F[N-Q-MNSP1] + Z_unrepresented <= RHS(t),"Hard Ramping constraint for constraint Q>>TRSP_BKSP_MESP, Effective Date: 12/06/2026, Version: 1",Thermal,True,Z includes unsupported non-energy/region terms if present; not assumed zero
