season,direction,DUID,contribution_rows,total_abs_impact,mean_abs_impact,p95_abs_impact,total_tightening,total_relief,contraction_rows,reversal_rows,forced_rows,contraction_onsets,forced_onsets,contraction_abs_impact,contraction_tightening,contraction_relief,contraction_positive_rows
Autumn,lower,AVLSF1,97,12273.305890064628,134.73194031146332,403.8397999999993,3932.1946184960016,8341.111271568627,55,6,13,13,2,6459.7468431372545,2073.0152115686274,4386.731631568628,14
Autumn,lower,BANGOWF1,97,5806.827720039796,27.056628708103293,356.0945426829268,3663.7349964027803,2143.0927236370158,55,6,13,13,2,2617.0762590028694,668.0019500000001,1949.0743090028693,17
Autumn,lower,BANGOWF2,97,5368.028714441702,24.950364329157708,245.66536422764233,3211.0132826542326,2157.015431787469,55,6,13,13,2,2619.237875942133,906.2196450119561,1713.018230930177,20
Autumn,lower,BERYLSF1,493,3399.670617764639,21.35585704096355,86.21159954471543,1321.48327833399,2078.1873394306485,110,29,13,31,2,1997.2778372903842,680.2039404233209,1317.0738968670635,49
Autumn,lower,BHB1,97,3285.9878048780492,9.713615576496675,200.609756097561,2327.0731707317073,958.9146341463415,55,6,13,13,2,1921.8414634146343,1195.6341463414635,726.2073170731708,14
Autumn,lower,BLOWERNG,97,0.0,0.0,0.0,0.0,0.0,55,6,13,13,2,0.0,0.0,0.0,0
Autumn,lower,BOCORWF1,97,4354.898274491743,28.98388185113643,152.83999634146338,2372.428988236363,1982.4692862553802,55,6,13,13,2,2095.4635091009086,882.3565894308942,1213.1069196700143,29
Autumn,lower,BODWF1,493,2261.4075339371016,9.719000269124454,38.98559999999999,1632.5599924686107,628.8475414684904,110,29,13,31,2,820.6859116962322,558.7878182505664,261.89809344566584,51
Autumn,lower,BOMENSF1,97,4301.879425720419,55.12527315972844,162.03878291869918,1091.6722701919641,3210.2071555284556,55,6,13,13,2,2316.4746620564324,806.1176591702535,1510.357002886179,22
Autumn,lower,BROKENH1,97,3064.529194165418,31.384799376997428,127.85180731707317,492.60499538492985,2571.924198780488,55,6,13,13,2,1927.4034892682928,199.52477829268292,1727.87871097561,7
Autumn,lower,BW01,643,2144.6334868132803,39.21570397555111,114.59242892682927,1317.634296235739,826.9991905775414,127,36,13,37,2,694.1828404904934,597.6888222180414,96.49401827245197,12
Autumn,lower,BW02,643,1838.0730408620614,19.359279579755476,76.2655870098039,945.6824044539661,892.3906364080951,127,36,13,37,2,241.35857155970209,208.93601333034425,32.42255822935783,5
Autumn,lower,BW03,602,6533.770780211191,36.72149141869372,154.0958073495935,4363.908069648586,2169.862710562605,114,30,13,34,2,3412.9615690224186,2341.6200331584378,1071.3415358639807,35
Autumn,lower,BW04,602,6000.787873188167,43.78229823520686,119.68173216260163,4114.520453900828,1886.2674192873394,114,30,13,34,2,2312.4904783708344,1834.3897967284427,478.10068164239163,32
Autumn,lower,CAPBES1,97,227.07974653275943,11.537810856049736,177.25203252032514,227.07974653275943,0.0,55,6,13,13,2,5.514705882352942,5.514705882352942,0.0,1
Autumn,lower,CG1,493,0.0,0.0,0.0,0.0,0.0,110,29,13,31,2,0.0,0.0,0.0,0
Autumn,lower,CG2,493,884.6938790067326,0.6133956629210493,17.61009299999979,414.7498489345013,469.9440300722313,110,29,13,31,2,467.36550993850256,319.9800619815769,147.38544795692565,10
Autumn,lower,CG3,493,986.6674835362201,0.7704270175570613,17.694159633095566,471.9747136976619,514.6927698385582,110,29,13,31,2,467.1465882311855,319.96606222547933,147.18052600570616,10
Autumn,lower,CG4,493,908.9390454311438,0.6468382576568033,15.014265335235379,513.3458293101842,395.59321612095965,110,29,13,31,2,418.8236031988623,360.4738719949202,58.349731203942106,10
Autumn,lower,COLEASF1,97,7779.158079952864,62.77706842616659,236.73124028455263,2425.4398330016447,5353.718246951219,55,6,13,13,2,4040.460206600909,1803.7117960318028,2236.7484105691055,26
Autumn,lower,COLWF01,97,8368.183316898667,56.717409555487855,421.3382730589422,4913.152856551889,3455.030460346778,55,6,13,13,2,3974.1009785031088,1183.0495738283118,2791.0514046747967,21
Autumn,lower,CROOKWF2,97,2760.3079186537675,19.81511544041897,128.12818943089428,1276.9775121951218,1483.3304064586453,55,6,13,13,2,1266.8758048780487,215.2109918699187,1051.66481300813,14
Autumn,lower,CROOKWF3,97,1887.3546020092094,11.116135683834328,76.97399552845515,881.7597666547106,1005.5948353544989,55,6,13,13,2,966.5491975490196,164.83470161406024,801.7144959349594,16
Autumn,lower,CRURWF1,493,2055.826244522065,18.105515361593838,64.10110406504066,1382.7234950732286,673.1027494488361,110,29,13,31,2,1025.6610301626595,763.8845259946766,261.77650416798303,55
Autumn,lower,CRWASF1,97,1738.7750724831712,13.884427541040889,56.00706058536584,454.9204795934959,1283.8545928896754,55,6,13,13,2,1042.4994402253706,351.801152601626,690.6982876237446,15
Autumn,lower,CUSF1,1,283.73146332402234,283.73146332402234,283.73146332402234,283.73146332402234,0.0,0,0,0,0,0,0.0,0.0,0.0,0
Autumn,lower,DARLSF1,97,12177.93765732836,94.97702563350111,344.04248370934954,3176.456832392924,9001.480824935437,55,6,13,13,2,5893.660797699665,2383.338232723577,3510.322564976088,23
Autumn,lower,DPNTB1,97,4040.0994237804875,13.177007786516073,100.10162601626016,2118.1482042682924,1921.951219512195,55,6,13,13,2,2282.3148709349593,1481.5018628048779,800.8130081300812,16
Autumn,lower,ER01,493,4757.670087731669,39.27332183804539,189.810264745098,3119.8906924761104,1637.7793952555585,110,29,13,31,2,2021.3421791571582,1482.5818406849407,538.7603384722174,68
Autumn,lower,ER02,493,3755.139376435754,8.168945873802056,30.672653268292688,2348.5685505546085,1406.5708258811455,110,29,13,31,2,1212.4882157861593,852.0254621565011,360.4627536296581,42
Autumn,lower,ER03,97,395.8338233763752,28.39220746293642,112.20729893137262,395.8338233763752,0.0,55,6,13,13,2,345.1701538641802,345.1701538641802,0.0,6
Autumn,lower,ER04,97,1275.422482517934,37.98532253869579,138.98296899019616,1261.3934083715926,14.029074146341442,55,6,13,13,2,768.0295420301293,757.6298173959829,10.39972463414633,26
Autumn,lower,ERB01,1,82.87709497206704,82.87709497206704,82.87709497206704,0.0,82.87709497206704,0,0,0,0,0,0.0,0.0,0.0,0
Autumn,lower,FINLYSF1,97,7654.983717073171,68.51944743625278,336.31343495934954,2655.3511880081305,4999.63252906504,55,6,13,13,2,4743.672671341464,2333.8717329268293,2409.800938414634,20
Autumn,lower,FLYCRKWF,493,2446.8574712717254,8.979303787694326,55.37921138211382,1929.2642747686348,517.5931965030909,110,29,13,31,2,851.9971274835368,630.4830684115607,221.51405907197613,31
Autumn,lower,GESF1,1,0.0,0.0,0.0,0.0,0.0,0,0,0,0,0,0.0,0.0,0.0,0
Autumn,lower,GNNDHSF1,6087,51012.930001264256,8.328473192327348,49.83988713136729,33139.79177846733,17873.13822279693,853,190,31,333,15,11738.70980434443,8921.444423852166,2817.265380492262,429
Autumn,lower,GOONSF1,97,2867.946046200316,39.9865884980785,104.08856910569106,984.4070427880729,1883.5390034122431,55,6,13,13,2,1765.2431195504544,732.0290905284553,1033.214029021999,22
Autumn,lower,GULLRSF1,97,455.1144120545888,3.43658643035554,16.240359959349586,148.92193208089205,306.1924799736968,55,6,13,13,2,243.66858871353418,48.58486890243902,195.08371981109514,12
Autumn,lower,GULLRWF1,97,5724.704229630826,28.678712059707316,271.7513456869917,3420.841351829268,2303.862877801558,55,6,13,13,2,2321.355441270923,364.64598174796737,1956.7094595229555,19
Autumn,lower,GULLRWF2,97,5134.041214263267,23.40860214665505,323.26772176016226,3067.630716910569,2066.4104973526973,55,6,13,13,2,2170.2719128652557,279.48102589430897,1890.7908869709468,17
Autumn,lower,GUNNING1,97,1231.1243099651472,15.732721001543613,45.3988264390244,819.8575269512195,411.2667830139278,55,6,13,13,2,670.8609409373505,401.1991097560975,269.661831181253,24
Autumn,lower,GUTHEGA,97,0.0,0.0,0.0,0.0,0.0,55,6,13,13,2,0.0,0.0,0.0,0
Autumn,lower,HEZ1,3173,68.92622768315393,0.01263878193314128,0.0,37.187264195528044,31.738963487625877,598,99,13,204,2,0.0,0.0,0.0,0
Autumn,lower,HILLSTN1,97,6170.206909191294,60.67533562941309,310.67941056910564,2206.0071230961235,3964.1997860951697,55,6,13,13,2,3066.375948816356,970.7388206480153,2095.6371281683405,19
Autumn,lower,HUMENSW,97,0.697763322242303,0.14920322843639272,0.5463377094972048,0.6226186163599502,0.07514470588235282,55,6,13,13,2,0.1514256127450982,0.07628090686274536,0.07514470588235282,1
Autumn,lower,HUNTER1,1,0.0,0.0,0.0,0.0,0.0,0,0,0,0,0,0.0,0.0,0.0,0
Autumn,lower,HUNTER2,1,0.0,0.0,0.0,0.0,0.0,0,0,0,0,0,0.0,0.0,0.0,0
Autumn,lower,JEMALNG1,97,3415.1998700382196,23.47022388124696,115.80365397154473,1364.6181692658615,2050.581700772358,55,6,13,13,2,2241.234121934481,621.7944153897657,1619.4397065447158,18
Autumn,lower,JUNEESF1,97,1470.8146147885325,13.856606585449095,62.5280166239836,287.2681119884367,1183.5465028000956,55,6,13,13,2,822.5178485628885,161.32152206360593,661.1963264992827,17
Autumn,lower,LDBESS1,1,0.0,0.0,0.0,0.0,0.0,0,0,0,0,0,0.0,0.0,0.0,0
Autumn,lower,LIMBESS1,4,18.504901960784316,3.084150326797386,16.654411764705884,18.504901960784316,0.0,3,0,0,1,0,18.504901960784316,18.504901960784316,0.0,1
Autumn,lower,LIMOSF11,97,18433.32052259436,128.84551064928263,579.1682939512195,6665.417821374846,11767.902701219515,55,6,13,13,2,8962.122935243902,2996.802943536585,5965.319991707317,22
Autumn,lower,LIMOSF21,97,2675.405056985618,21.453461350461588,79.73163740243899,983.5307935422896,1691.8742634433288,55,6,13,13,2,1189.7482867049262,348.46107423720713,841.2872124677189,23
Autumn,lower,MANSLR1,493,2024.2190167541846,9.871730067330068,34.75923272357721,835.6559661358592,1188.5630506183256,110,29,13,31,2,1101.6650941362814,414.4034577539194,687.2616363823621,40
Autumn,lower,METZSF1,21491,197474.6508324821,10.195570153146344,57.01560254691689,109258.74482874988,88215.90600373223,1489,836,31,577,15,28788.003144476497,22973.369675078706,5814.633469397789,970
Autumn,lower,MOLNGSF1,493,1128.5486979642678,2.042896200239011,20.78637906504065,608.9312306131667,519.6174673511013,110,29,13,31,2,607.7907740321259,370.0243807124781,237.7663933196479,37
Autumn,lower,MOREESF1,21491,55935.39857381804,2.7298790267227644,15.705697785076866,32438.763509334713,23496.635064483326,1489,836,31,577,15,8862.574802155856,6794.465718062514,2068.109084093343,954
Autumn,lower,MP1,97,8470.208727642277,24.06309297625647,262.3393709857723,6983.462048780488,1486.7466788617885,55,6,13,13,2,4979.166530487805,4040.412599593496,938.753930894309,24
Autumn,lower,MP2,97,8250.166349483636,34.77987251061266,248.5686363313008,6726.083531394203,1524.0828180894307,55,6,13,13,2,5001.660954165472,4053.667307824008,947.9936463414633,28
Autumn,lower,NESBESS1,5397,18136.49280891149,3.1157966178962364,50.709939148073026,9917.425881403917,8219.066927507572,380,169,18,182,13,533.4163266400645,501.6875592314648,31.728767408599754,16
Autumn,lower,NESBESS2,5397,110.21545137630929,0.03710957958798292,0.0,47.74949480311411,62.465956573195186,380,169,18,182,13,0.0,0.0,0.0,0
Autumn,lower,NEVERSF1,493,3142.5864471119357,17.504723698644607,54.72441335195532,896.2536576160148,2246.3327894959207,110,29,13,31,2,1641.2148467137165,530.9704620179072,1110.2443846958095,48
Autumn,lower,NEWENSF1,20403,353841.79864667944,18.90552104343998,94.1584598639715,198413.5578698107,155428.24077686877,1487,820,31,576,15,73028.89486983519,68492.22962976755,4536.665240067638,1214
Autumn,lower,NEWENSF2,20403,366760.9818385675,19.482051416828423,97.66802781323972,204132.3726846148,162628.6091539527,1487,820,31,576,15,75071.61391248982,69920.46376060261,5151.150151887217,1204
Autumn,lower,NYNGAN1,493,2503.109297365944,25.317483373749987,105.32642276422764,892.2122161394933,1610.8970812264506,110,29,13,31,2,1371.4286586925557,553.2332337411132,818.1954249514428,50
Autumn,lower,ORABESS1,1,0.0,0.0,0.0,0.0,0.0,0,0,0,0,0,0.0,0.0,0.0,0
Autumn,lower,PARSF1,97,2332.8356803133943,34.31460427250043,67.26960975609757,992.0211752727439,1340.8145050406506,55,6,13,13,2,1502.9074153252034,731.3288249186992,771.5785904065042,21
Autumn,lower,QBYNB1,97,592.1829268292682,4.342033906134516,28.19918699186992,290.04878048780483,302.1341463414634,55,6,13,13,2,390.760162601626,221.5650406504065,169.1951219512195,8
Autumn,lower,QPSFB1,3,0.9046027941176471,0.30153426470588235,0.3350373529411765,0.9046027941176471,0.0,3,0,0,1,0,0.9046027941176471,0.9046027941176471,0.0,3
Autumn,lower,QPSFB2,3,0.0,0.0,0.0,0.0,0.0,3,0,0,1,0,0.0,0.0,0.0,0
Autumn,lower,RESS1,97,4116.1993626016265,11.693748189209167,240.2439024390244,3619.6747967479673,496.52456585365854,55,6,13,13,2,2238.2826081300814,2042.0731707317073,196.20943739837398,10
Autumn,lower,RIVNB2,97,10802.923915447152,39.94270005543237,260.2642276422764,5705.767056910569,5097.156858536585,55,6,13,13,2,6466.544539837399,4108.150230894309,2358.394308943089,22
Autumn,lower,RYEPARK1,97,19105.61403011645,81.17037551213664,1072.8810918109748,11652.723773639409,7452.8902564770415,55,6,13,13,2,8336.74006059063,1436.8867053467243,6899.853355243903,18
Autumn,lower,SAPHWF1,21710,269085.7838558382,12.120828359802182,46.45904999999999,124196.88444647538,144888.89940936278,1569,843,31,594,15,24745.543944667603,12795.885831330936,11949.658113336669,648
Autumn,lower,SEBSF1,97,4688.6007735698895,57.51381775762654,182.74609349593499,928.3561524747188,3760.24462109517,55,6,13,13,2,2517.9228143208993,585.8237117623147,1932.0991025585843,19
Autumn,lower,SHGEN,94,10332.235817777171,99.74416394494062,486.3414634146341,9499.869918699187,832.3658990779852,52,6,13,12,2,3631.349593495935,3631.349593495935,0.0,7
Autumn,lower,SHPUMP,94,2674.9151728455286,56.0664803255728,324.2276422764228,1961.6143598373985,713.30081300813,52,6,13,12,2,1523.9070427642275,810.6062297560976,713.30081300813,4
Autumn,lower,SNOWYP,97,1553.4146341463415,77.67073170731707,776.7073170731708,1553.4146341463415,0.0,55,6,13,13,2,0.0,0.0,0.0,0
Autumn,lower,STUBSF1,393,3161.4450912934285,31.361210142468572,147.42772792682928,900.0508692659724,2261.3942220274557,100,23,13,29,2,1532.6692405375286,400.348404086253,1132.3208364512757,15
Autumn,lower,STUBSF2,393,3094.644451270003,16.78614707851711,59.073197286585334,810.7456064669954,2283.8988448030077,100,23,13,29,2,1485.57646719948,218.92591196705052,1266.6505552324295,32
Autumn,lower,STWF1,97,5193.280934562611,21.33997661494591,217.77448853658527,2751.3463209040747,2441.934613658537,55,6,13,13,2,3066.0940748780495,1034.1592612195125,2031.9348136585368,25
Autumn,lower,SUNRSF1,97,10604.142360999456,99.97102565826175,290.1227119512195,3362.731995145797,7241.410365853659,55,6,13,13,2,5211.402890365855,1785.808308780488,3425.594581585366,21
Autumn,lower,SUNTPSF1,493,5873.372795125253,11.092662358706855,98.5599756097561,2131.8034390761472,3741.569356049106,110,29,13,31,2,3496.4883545051243,1426.234333349028,2070.254021156096,55
Autumn,lower,TALWA1,94,5431.884020121952,32.832081007483374,496.86036585365787,5375.030361585366,56.85365853658537,52,6,13,12,2,3202.4084103658543,3145.5547518292688,56.85365853658537,12
Autumn,lower,TALWB1,94,0.0,0.0,0.0,0.0,0.0,52,6,13,12,2,0.0,0.0,0.0,0
Autumn,lower,TARALGA1,97,3292.8797988648944,13.720234833319985,155.11788617886162,2053.20764439335,1239.6721544715447,55,6,13,13,2,1457.6332608883308,700.5830982867049,757.0501626016261,35
Autumn,lower,TUMUT3,97,119407.77785253468,354.12168581843815,5976.219512195122,79884.16311351028,39523.61473902439,55,6,13,13,2,79476.56586716881,72174.5069647298,7302.058902439025,22
Autumn,lower,UPPTUMUT,97,42473.40697989267,262.3348987675558,1540.929027804877,29760.07951829268,12713.327461599993,55,6,13,13,2,29440.450725968436,21753.922232926827,7686.528493041606,23
Autumn,lower,URANQ11,97,0.0,0.0,0.0,0.0,0.0,55,6,13,13,2,0.0,0.0,0.0,0
Autumn,lower,URANQ12,97,0.0,0.0,0.0,0.0,0.0,55,6,13,13,2,0.0,0.0,0.0,0
Autumn,lower,URANQ13,97,0.0,0.0,0.0,0.0,0.0,55,6,13,13,2,0.0,0.0,0.0,0
Autumn,lower,URANQ14,97,0.0,0.0,0.0,0.0,0.0,55,6,13,13,2,0.0,0.0,0.0,0
Autumn,lower,VP5,493,998.1646383417294,16.967946955954943,56.858583333333286,626.0589966293161,372.1056417124134,110,29,13,31,2,462.7251712839306,375.0750012829236,87.65017000100698,29
Autumn,lower,VP6,493,705.3200602974787,30.699183499893508,162.07405882352938,537.7348441254791,167.58521617199966,110,29,13,31,2,436.1437926321188,436.1437926321188,0.0,20
Autumn,lower,WAGGNSF1,97,1976.2567640411285,16.84615011897309,88.27817913821139,556.3040272716403,1419.9527367694884,55,6,13,13,2,1072.6559916834049,353.24635662123376,719.4096350621712,19
Autumn,lower,WELLSF1,493,6379.190110086702,36.372749121920904,110.9130406504065,2179.6919598019745,4199.498150284727,110,29,13,31,2,3751.3728019125306,1111.2571352922553,2640.1156666202755,56
Autumn,lower,WELNSF1,493,12829.538805932896,72.14891163739341,242.46343983739823,3832.944151507511,8996.594654425386,110,29,13,31,2,6998.335204268623,1664.2273719732962,5334.107832295327,45
Autumn,lower,WLWLSF1,97,3998.48539227275,49.722979949273984,141.9521615365854,163.56052875051097,3834.9248635222384,55,6,13,13,2,1893.202973278336,47.6809268292683,1845.5220464490678,4
Autumn,lower,WLWLSF2,97,7307.296741448828,62.16612571477293,213.10714207317025,1440.9008076468183,5866.395933802009,55,6,13,13,2,3856.041433802009,866.7665487804879,2989.274885021521,16
Autumn,lower,WOLARSF1,493,469.9340755532461,12.279413497131477,34.955399329608944,287.1509607276118,182.78311482563424,110,29,13,31,2,93.70442255744594,22.271557175463627,71.43286538198231,10
Autumn,lower,WOODLWN1,94,40.99598781850388,3.531885370395603,17.987831707317067,11.403780501430706,29.59220731707317,52,6,13,12,2,12.561853658536586,4.363548780487803,8.198304878048784,1
Autumn,lower,WRSF1,21491,36379.390617040386,1.9774456059096572,10.722930361930292,19290.677852831657,17088.71276420873,1489,836,31,577,15,4254.108808672993,2835.026634510955,1419.0821741620377,784
Autumn,lower,WRWF1,21491,178998.48545219447,8.342961158831812,33.459382372654154,84083.05687810085,94915.4285740936,1489,836,31,577,15,18560.263429977906,12045.915271555938,6514.34815842197,577
Autumn,lower,WSTWYSF1,97,5397.084696939732,54.67646752864961,214.70757926829205,1693.0000840607258,3704.0846128790054,55,6,13,13,2,2558.736888244859,551.4656772764229,2007.2712109684362,21
Autumn,lower,WTAHB1,493,1866.2671564137645,61.58070867826821,656.3725490196078,1292.3320497034624,573.9351067103019,110,29,13,31,2,985.7348338737378,758.6701979194987,227.064635954239,10
Autumn,lower,WYASF1,97,3766.6965494307074,41.448984723141,141.52693150203234,977.9939507171731,2788.7025987135344,55,6,13,13,2,1789.2237225753229,308.89120682926824,1480.3325157460545,17
Autumn,upper,ALDGASF1,1574,74204.17869487243,84.59771881293368,1613.133333333333,37395.08013883501,36809.09855603742,233,50,554,99,57,16041.186832748506,10501.210402838724,5539.976429909783,72
Autumn,upper,AVLSF1,15367,14616.449284918508,0.9242499711347196,7.035721421319789,7337.621640109114,7278.827644809394,604,625,209,183,10,1480.2871986127461,438.59340831215997,1041.6937903005862,125
Autumn,upper,BANGOWF1,15842,15082.89495751886,1.3706803570435753,8.210778754109644,7518.43152995297,7564.463427565891,617,652,229,187,11,629.1843695767438,353.4883020080976,275.6960675686463,288
Autumn,upper,BANGOWF2,15842,10080.378879405662,0.8438805728452619,4.431629140861946,5055.88268004289,5024.496199362773,617,652,229,187,11,521.5478056340606,266.10930948071467,255.43849615334597,296
Autumn,upper,BARCALDN,1591,0.0,0.0,0.0,0.0,0.0,241,50,563,101,59,0.0,0.0,0.0,0
Autumn,upper,BARRON-1,1591,4276.084356833195,6.495878423081425,134.5703135897436,1912.7819108825706,2363.3024459506237,241,50,563,101,59,869.5966534015223,593.781253801461,275.81539960006126,24
Autumn,upper,BARRON-2,1591,3866.6288684476594,4.514336241756836,134.5703135897436,1796.6830002311774,2069.9458682164823,241,50,563,101,59,718.1817137333474,442.8008729568155,275.38084077653184,19
Autumn,upper,BBATTERY1,1591,21345.025249625964,43.975032957141515,371.33804533268335,10625.495450917912,10719.52979870805,241,50,563,101,59,6800.329450999371,2844.9489568010104,3955.3804941983603,59
Autumn,upper,BERYLSF1,21111,23735.969119607893,1.1418589445385674,8.289457275574113,11352.124234448705,12383.844885159187,1056,922,1205,339,63,2962.137308704877,795.818575184989,2166.318733519888,241
Autumn,upper,BHB1,15341,3287.3290719694196,0.2551178349156981,2.449238578680203,1637.9814885734802,1649.3475833959392,595,622,208,182,9,129.4366824568528,106.84556710152285,22.59111535532995,98
Autumn,upper,BLOWERNG,15394,39.76446700507614,0.0017747233142945344,0.0,11.183756345177663,28.58071065989848,605,625,229,183,11,0.41421319796954315,0.41421319796954315,0.0,1
Autumn,upper,BLUEGSF1,1669,14090.371811139088,12.692788332950832,66.31293281754844,7428.67373309691,6661.698078042178,245,50,563,101,59,2557.676523578499,1356.4846971025638,1201.1918264759354,91
Autumn,upper,BOCORWF1,15307,8906.28291471066,0.651062988324601,2.7434041699492373,4454.524026590863,4451.758888119797,590,622,208,177,9,492.69918905583756,234.78368060913704,257.9155084467005,226
Autumn,upper,BODWF1,21111,30872.763597836314,1.4697788324491199,5.6824699112734764,16265.654555557183,14607.10904227913,1056,922,1205,339,63,1552.557592671493,875.2557462633528,677.3018464081401,482
Autumn,upper,BOMENSF1,15367,4773.597409550962,0.35286200631022524,2.6003462127583656,2362.2389809258884,2411.3584286250743,604,625,209,183,10,613.6457596736502,153.84402579187818,459.801733881772,113
Autumn,upper,BRAEMAR1,1669,2494.9964731969926,1.7080815764174397,30.176387523629508,2098.2896499685708,396.70682322842197,245,50,563,101,59,1072.4543900807275,965.847318078631,106.60707200209643,12
Autumn,upper,BRAEMAR2,1669,558.5863681623449,1.551628800450958,43.28016550789176,234.53513834272826,324.05122981961665,245,50,563,101,59,0.0,0.0,0.0,0
Autumn,upper,BRAEMAR3,1669,0.0,0.0,0.0,0.0,0.0,245,50,563,101,59,0.0,0.0,0.0,0
Autumn,upper,BRAEMAR5,1669,2469.733067469905,2.546760172794043,92.60612612232238,1394.5734002330469,1075.1596672368587,245,50,563,101,59,388.500059360587,388.500059360587,0.0,6
Autumn,upper,BRAEMAR6,1669,0.0,0.0,0.0,0.0,0.0,245,50,563,101,59,0.0,0.0,0.0,0
Autumn,upper,BRAEMAR7,1669,8.076662908680946,0.022435174746335964,0.6730552423900789,4.038331454340473,4.038331454340473,245,50,563,101,59,0.0,0.0,0.0,0
Autumn,upper,BRDDBES1,2,0.0,0.0,0.0,0.0,0.0,0,0,0,0,0,0.0,0.0,0.0,0
Autumn,upper,BRDDSF01,1218,3936.8903047561716,53.891002930082095,398.4483890196078,1220.3495037500056,2716.540801006166,118,31,453,44,41,1792.7332013940065,25.185501467505244,1767.5476999265013,9
Autumn,upper,BROKENH1,15341,3404.018594842516,0.28006770737646025,1.6194365482233497,1639.7491624010154,1764.2694324415008,595,622,208,182,9,335.9732013313937,67.4830133248731,268.49018800652055,86
Autumn,upper,BUSF1,1153,1799.4063002079426,1.3497008761254572,7.9036164308176104,918.060733836478,881.3455663714645,83,25,422,29,28,166.06183732704403,95.47304003144653,70.58879729559749,37
Autumn,upper,BW01,21111,228703.33383922066,10.610253817143446,45.61125058716077,122249.63733287214,106453.69650634854,1056,922,1205,339,63,21960.713989821023,19986.510324427967,1974.2036653930588,658
Autumn,upper,BW02,21111,203340.39871433424,10.190503264358908,51.94273825678497,111041.24598449771,92299.15272983653,1056,922,1205,339,63,18717.0419848469,17122.446164814308,1594.5958200325908,549
Autumn,upper,BW03,21111,139167.31543201796,6.966236568254893,38.481915512690364,73518.43856827231,65648.87686374565,1056,922,1205,339,63,11018.091514002794,9532.491938306812,1485.5995756959824,412
Autumn,upper,BW04,21111,203113.2527567282,9.456046201902835,40.710024960334046,107493.52333535952,95619.7294213687,1056,922,1205,339,63,19393.387824848825,17624.589455855894,1768.7983689929315,688
Autumn,upper,CALL_B_1,1669,41417.770319993535,40.172588880303046,358.4882276398467,17597.77521213933,23819.9951078542,245,50,563,101,59,12719.145340913237,3795.2009293641545,8923.944411549082,65
Autumn,upper,CALL_B_2,1669,33922.203426335385,26.014157044493285,349.75497083333204,13476.335744244127,20445.86768209126,245,50,563,101,59,11192.916064419547,3853.519336001369,7339.396728418177,61
Autumn,upper,CAPBES1,15307,15104.856002588833,1.0338131005859525,7.9822335025380715,7505.014933527919,7599.841069060914,590,622,208,177,9,716.4484670050762,420.0763089847716,296.3721580203046,119
Autumn,upper,CG1,21111,3345.2120126192895,0.0779669225116783,0.0,1830.680058426396,1514.5319541928934,1056,922,1205,339,63,92.51269035532995,0.0,92.51269035532995,0
Autumn,upper,CG2,21111,3930.1735714413453,0.09115353337780481,0.0,2290.770046000869,1639.4035254404755,1056,922,1205,339,63,381.03992893173336,103.41068652395516,277.62924240777824,7
Autumn,upper,CG3,21111,4939.001172125781,0.11446755602299347,0.0,2935.864306829538,2003.1368652962428,1056,922,1205,339,63,444.20893056396403,186.31572876532286,257.8932017986412,10
Autumn,upper,CG4,21111,3989.8622066375656,0.09237039663995729,0.0,2106.027208557527,1883.8349980800385,1056,922,1205,339,63,352.60303224928464,103.46769847094802,249.13533377833662,7
Autumn,upper,CHBESS1,1669,18723.359275064904,14.212198923623612,112.75213675213676,9603.36388221668,9119.995392848225,245,50,563,101,59,3742.7669628698195,2606.644028387268,1136.1229344825515,63
Autumn,upper,CHILDSF1,1591,9878.890532790336,22.517080397287085,149.5897264957263,4768.052414323356,5110.838118466979,241,50,563,101,59,2834.3618726792115,1318.1187082149777,1516.2431644642338,85
Autumn,upper,CLARESF1,1591,37186.07347591989,46.91171372439543,386.87398113207547,16292.540187112352,20893.533288807535,241,50,563,101,59,12443.715207311012,5662.985399919377,6780.729807391635,87
Autumn,upper,CLERMSF1,1591,28592.124684752343,37.82969096078971,271.3752407478848,13760.390378553031,14831.734306199314,241,50,563,101,59,12314.211065549915,4829.727787191258,7484.483278358656,99
Autumn,upper,CLRKCWF1,1591,67871.93902034222,120.90318185878492,1051.198544827586,29005.91686200531,38866.022158336906,241,50,563,101,59,25087.00856723091,6965.346401513888,18121.66216571702,112
Autumn,upper,CLRKCWF2,1362,10649.028509981796,14.442761576788357,152.66206896551725,2957.689081707574,7691.339428274222,157,31,543,62,48,2910.428418386491,849.6458315697131,2060.782586816778,72
Autumn,upper,COLEASF1,15367,7842.588780498792,0.634995785056526,5.0095852339628415,3889.7307797116746,3952.8580007871165,604,625,209,183,10,831.0133235779831,213.72451850558372,617.2888050723994,95
Autumn,upper,COLUMSF1,1669,24687.05557316335,13.33325175099426,67.55769654088053,13710.745083424596,10976.310489738751,245,50,563,101,59,4182.2754593753425,2509.3843001652103,1672.8911592101315,105
Autumn,upper,COLWF01,15367,17350.27147331513,2.045364704611339,14.886591615853657,8537.369970215008,8812.901503100122,604,625,209,183,10,861.5296671410616,413.02840131032025,448.5012658307415,287
Autumn,upper,COOPGWF1,1591,40984.27561525538,29.47495882300846,151.3269291050995,20914.609516314336,20069.66609894104,241,50,563,101,59,7115.109864289748,4806.62251004656,2308.4873542431874,128
Autumn,upper,CPP_3,1841,55430.76283811676,30.637394446383087,645.9120374999997,21915.080300828828,33515.68253728794,258,52,563,107,59,16185.919811080787,4804.923782843389,11380.996028237398,63
Autumn,upper,CPP_4,1835,56955.963441805434,39.21151274886804,671.2813291666665,19387.657154988927,37568.3062868165,250,50,563,103,59,18689.64555774413,3735.314790513049,14954.33076723108,52
Autumn,upper,CPSA,1669,1025.8220240825035,0.556653365946026,8.576597942502818,950.7455852690875,75.076438813416,245,50,563,101,59,488.2323481613285,472.8917856613285,15.340562499999997,17
Autumn,upper,CROOKWF2,15842,9994.733656466311,0.9016929720788559,4.074116232924766,5071.7824260343805,4922.95123043193,617,652,229,187,11,492.5010449903364,195.43371751794766,297.06732747238874,268
Autumn,upper,CROOKWF3,15842,6666.512069789072,0.6003820178000024,3.1631986693044842,3373.4815438998126,3293.030525889259,617,652,229,187,11,305.4702072975693,143.82877385924058,161.6414334383287,307
Autumn,upper,CRURWF1,21111,30242.066792579702,1.532276620322399,6.091944676409188,15367.902772868896,14874.164019710803,1056,922,1205,339,63,1744.2529740365496,837.9788821473451,906.2740918892046,428
Autumn,upper,CRWASF1,15341,2387.8747506677187,0.11954094803264842,1.0251089989847715,1201.6863237969542,1186.1884268707647,595,622,208,182,9,248.8685518153605,66.56791623350253,182.30063558185796,142
Autumn,upper,CSPVPS1,1591,12870.610471529628,24.113026310839874,115.74716028333332,7036.504134831781,5834.106336697847,241,50,563,101,59,4993.517660826253,2562.671054085609,2430.8466067406434,99
Autumn,upper,DARLSF1,15367,15321.798696311853,0.9949976603712104,7.498415943959388,7585.1638167837555,7736.634879528098,604,625,209,183,10,1519.5189305787449,407.18065223147204,1112.3382783472728,122
Autumn,upper,DAYDSF1,1591,51690.49157040981,52.549963486853926,504.92131829999994,26109.108383010815,25581.383187398995,241,50,563,101,59,18832.817647814638,9194.020942109912,9638.796705704724,112
Autumn,upper,DDPS1,1682,23512.138171229766,9.35548747881999,106.41079033596387,14612.30377726584,8899.834393963927,245,50,563,101,59,2770.5859218997844,2720.6529420638,49.93297983598472,93
Autumn,upper,DDSF1,1682,14460.95434379517,12.001573186085828,85.14220553359681,7652.04946247316,6808.9048813220115,245,50,563,101,59,2098.662191125087,1142.4624567196777,956.1997344054092,107
Autumn,upper,DPNTB1,15367,5814.684483129446,0.677118302350044,3.918495297805643,2926.0805334266465,2888.6039497027987,604,625,209,183,10,274.6373817135977,146.36770697666566,128.26967473693202,91
Autumn,upper,DULAWF1,1669,18624.793880107984,10.66767825996566,68.78125112732096,9549.651021496,9075.142858611984,245,50,563,101,59,2941.4465815189565,1567.2950965282216,1374.1514849907348,113
Autumn,upper,EDENVSF1,1669,22324.950560711324,13.647545008715495,129.73119668841719,11925.813832037507,10399.136728673817,245,50,563,101,59,4200.392832169941,1852.9767534284772,2347.416078741464,86
Autumn,upper,EMERASF1,1591,31799.849610237605,44.9836300473207,267.75056749999993,15636.179410571835,16163.670199665767,241,50,563,101,59,12545.73267481491,4770.575461483788,7775.157213331123,90
Autumn,upper,ER01,21111,130259.73965728005,6.208659246791362,35.60197424060914,66887.8079765248,63371.93168075526,1056,922,1205,339,63,11972.354798734563,2970.247867993296,9002.106930741265,258
Autumn,upper,ER02,21111,135148.62692858753,6.207328091894163,37.76657736243652,68648.11141059958,66500.51551798794,1056,922,1205,339,63,13140.963256452516,3513.601776307429,9627.361480145088,249
Autumn,upper,ER03,21111,58451.05313322185,3.5480877794525525,23.33094659290188,29301.523181782322,29149.529951439526,1056,922,1205,339,63,5002.302594488517,1075.3846796117334,3926.9179148767835,228
Autumn,upper,ER04,21111,77295.12257989202,3.5052410672356626,19.922859201015218,39199.29683692487,38095.82574296716,1056,922,1205,339,63,6807.871412106493,1911.280797971179,4896.590614135314,244
Autumn,upper,ERB01,5356,117551.82308418873,22.312419513301624,94.40059440187893,61799.24506285423,55752.57802133449,454,273,997,158,54,13661.082330152403,6090.302474539004,7570.7798556134,126
Autumn,upper,FINLYSF1,15367,6707.295748607705,0.41071823780265876,3.5538413080203033,3262.75932146802,3444.5364271396843,604,625,209,183,10,717.1900413755964,202.78934587309644,514.4006955024998,125
Autumn,upper,FLYCRKWF,21111,28619.799763411836,1.1893046325532892,5.914802030456848,15167.222138296995,13452.577625114842,1056,922,1205,339,63,1378.228637787406,693.8561904895703,684.3724472978355,453
Autumn,upper,GANGARR1,1669,16254.65046733738,14.762979687910253,127.60807114624504,8511.466847028998,7743.183620308381,245,50,563,101,59,3227.9097004046293,1706.587056488688,1521.3226439159414,85
Autumn,upper,GNNDHSF1,37376,141986.79767612793,3.816040290609381,36.097715736040605,77535.59650010595,64451.201176021976,1510,1391,3518,483,313,18432.902716157703,13271.228782659484,5161.673933498219,691
Autumn,upper,GOONSF1,21111,17674.847849739148,0.8179272295171981,5.529599999999996,8336.01398765399,9338.833862085155,1056,922,1205,339,63,1949.2007582908911,726.3726858618813,1222.8280724290098,326
Autumn,upper,GREENB1,1517,29538.42304187883,15.888458136757052,112.2,14666.825983113107,14871.597058765721,219,41,536,89,57,5694.9832875853035,2590.537324516574,3104.44596306873,38
Autumn,upper,GSTONE1,1591,23583.51786184326,22.73947245034931,392.71089265517236,12053.191052291175,11530.326809552085,241,50,563,101,59,5221.648855522776,3411.009169879876,1810.6396856428998,45
Autumn,upper,GSTONE2,1591,25571.605634177424,17.43199639242611,419.0320633333334,17340.50488044412,8231.1007537333,241,50,563,101,59,12978.698867482439,8535.933766615819,4442.765100866619,75
Autumn,upper,GSTONE3,1591,25175.74699705294,18.683746133793267,389.5,15473.695839681357,9702.051157371581,241,50,563,101,59,10954.752087268424,6076.747641586189,4878.004445682235,40
Autumn,upper,GSTONE4,1591,25337.12709128911,25.20830460867907,411.25723408930145,12633.241172091384,12703.885919197719,241,50,563,101,59,4990.002744304028,3079.8739449607665,1910.1287993432616,33
Autumn,upper,GSTONE5,1591,44152.08903399409,39.49447310713238,452.08333333333337,27796.496942092323,16355.59209190177,241,50,563,101,59,15968.277531466036,11840.389355790528,4127.888175675508,81
Autumn,upper,GSTONE6,1591,29921.225480300247,30.566478719004365,396.6112258965517,15673.772861385667,14247.45261891458,241,50,563,101,59,9869.541141171336,5789.106153686646,4080.4349874846894,66
Autumn,upper,GULLRSF1,15842,924.4721752971863,0.0492244824496285,0.35719532994923847,460.0246570548554,464.4475182423308,617,652,229,187,11,75.97461306293349,20.662654406860206,55.31195865607329,121
Autumn,upper,GULLRWF1,15842,12040.044385519997,1.0803942957429835,4.724067772689044,6122.291224488965,5917.753161031033,617,652,229,187,11,633.4712587352315,274.05539105776586,359.41586767746566,290
Autumn,upper,GULLRWF2,15842,12165.68445460327,1.0581942640829982,6.000784329460196,6153.7075568974715,6011.976897705799,617,652,229,187,11,613.3476684769557,304.87730340976924,308.47036506718644,282
Autumn,upper,GUNNING1,15842,5071.21213048955,0.47336058740367604,2.3692591463414634,2576.608667823439,2494.6034626661108,617,652,229,187,11,231.9961465958195,107.04803634664873,124.94811024917078,285
Autumn,upper,GUSF1,1218,7043.56969746025,12.907925073294825,79.769533,3827.6771081228176,3215.8925893374326,118,31,453,44,41,1357.4617480712786,432.04734863731653,925.4143994339622,33
Autumn,upper,GUTHEGA,15341,1523.5053241904668,0.3539211682793284,4.820121951219512,741.6006217337131,781.9047024567539,595,622,208,182,9,82.14863070583138,70.38749364999381,11.761137055837564,26
Autumn,upper,HAMISF1,1591,21436.986618783358,21.724657017337282,231.08906907957552,10911.750103607941,10525.236515175417,241,50,563,101,59,6785.541128603842,3430.203065493384,3355.338063110457,102
Autumn,upper,HAUGHT11,1591,21442.910427290517,33.27780507898864,247.46530344827573,12381.169418536132,9061.741008754389,241,50,563,101,59,6820.01764242673,5089.021995318935,1730.9956471077953,83
Autumn,upper,HAYMSF1,1591,22573.855567893057,95.98256589044568,452.1796648793566,12011.662887211896,10562.192680681159,241,50,563,101,59,7013.090294933194,3488.546994879161,3524.5433000540324,105
Autumn,upper,HEZ1,21156,543.0568774888368,0.018583193689381428,0.0,304.32160272091306,238.7352747679237,1056,923,1205,339,63,33.38233417759079,14.248493583290061,19.133840594300732,5
Autumn,upper,HILLSTN1,15367,8421.32351497981,0.5295205942453487,4.144568527918781,4157.697274875902,4263.6262401039085,604,625,209,183,10,750.9455425471585,189.7777598468564,561.167782700302,100
Autumn,upper,HUMENSW,15341,84.41673537177995,0.005260828366637555,0.019980247967479603,38.41657215939499,46.00016321238496,595,622,208,182,9,8.139475367145392,3.156461555924229,4.983013811221163,7
Autumn,upper,HUNTER1,5295,394.1046788935282,0.06618046664878728,0.0,368.0011912212944,26.103487672233822,448,273,977,153,53,0.0,0.0,0.0,0
Autumn,upper,HUNTER2,5295,878.8174751461379,0.14757640220757984,0.0,852.7139874739041,26.103487672233822,448,273,977,153,53,0.0,0.0,0.0,0
Autumn,upper,JEMALNG1,21111,11891.70528209807,0.5739243637060164,3.924208893528179,5615.513254184152,6276.192027913917,1056,922,1205,339,63,1345.2372229226903,387.1871095729816,958.0501133497086,244
Autumn,upper,JUNEESF1,15367,2081.576834732474,0.12998298668837333,0.9644966467005074,1053.8349091441623,1027.7419255883115,604,625,209,183,10,237.96354527705765,75.95468550862944,162.0088597684282,148
Autumn,upper,KABANWF1,1591,32047.687289167825,55.42969537354904,489.8823333333331,15305.479566731543,16742.207722436284,241,50,563,101,59,9861.21668667985,4932.268052699223,4928.948633980628,87
Autumn,upper,KAREEYA1,1591,6327.154916950219,6.6524012439325295,119.0621608547008,3046.507169521376,3280.647747428844,241,50,563,101,59,1927.8963779858702,892.2021170434706,1035.6942609423995,33
Autumn,upper,KAREEYA2,1591,6775.22533500387,7.124882043485869,119.0621608547008,3110.421216900033,3664.804118103838,241,50,563,101,59,2376.4157369233217,902.5611596398194,1473.854577283502,34
Autumn,upper,KAREEYA3,1591,5527.1310439004565,5.726047270602113,119.0621608547008,2821.0404625150445,2706.090581385412,241,50,563,101,59,1735.1178857353439,971.7671580279195,763.3507277074244,44
Autumn,upper,KAREEYA4,1591,6627.904593250754,7.013601729942159,119.0621608547008,3031.322573326471,3596.5820199242835,241,50,563,101,59,2323.8132468557087,895.0625693761278,1428.7506774795806,33
Autumn,upper,KEPSF1,1591,4133.691751426426,6.424333481697615,78.42689182131541,2027.3873522943613,2106.3043991320646,241,50,563,101,59,1380.1431473291577,634.756584191802,745.3865631373559,62
Autumn,upper,KEPWF1,1591,11194.640367808577,20.125632965912995,133.13764846153842,4934.925289868097,6259.715077940479,241,50,563,101,59,3873.9795610638143,2013.9512178040304,1860.0283432597837,72
Autumn,upper,KIDSPHG1,1153,0.0,0.0,0.0,0.0,0.0,83,25,422,29,28,0.0,0.0,0.0,0
Autumn,upper,KIDSPHG2,1153,0.0,0.0,0.0,0.0,0.0,83,25,422,29,28,0.0,0.0,0.0,0
Autumn,upper,KIDSPHL1,1153,0.0,0.0,0.0,0.0,0.0,83,25,422,29,28,0.0,0.0,0.0,0
Autumn,upper,KIDSPHL2,1153,0.0,0.0,0.0,0.0,0.0,83,25,422,29,28,0.0,0.0,0.0,0
Autumn,upper,KINGASF1,1669,7404.651049668565,4.414444374200514,21.61513364779875,3853.8468033748477,3550.804246293717,245,50,563,101,59,1054.771905690266,480.69268935053407,574.0792163397319,90
Autumn,upper,KPP_1,16222,189743.50667837702,14.065165968238412,119.77959719456032,105628.6128793917,84114.89379898531,697,475,2757,234,301,45062.30516450832,44294.04360156211,768.2615629462106,385
Autumn,upper,KSP1,1591,22244.508546285426,38.02915190807829,267.5827636363636,12964.915675729175,9279.592870556253,241,50,563,101,59,6151.530323647389,3559.303248864801,2592.227074782588,94
Autumn,upper,LDBESS1,5295,64303.13447737035,12.094694276257853,78.28810020876827,47741.13825607599,16561.996221294365,448,273,977,153,53,13010.449320794149,11407.109028518575,1603.340292275574,49
Autumn,upper,LILYSF1,1591,40628.098714047905,63.420917024484254,462.24404442742235,20053.936750804547,20574.161963243354,241,50,563,101,59,15947.671558353897,6894.859765999191,9052.811792354707,106
Autumn,upper,LIMBESS1,34,24.727642276422763,0.7272835963653754,7.621747967479673,24.414634146341463,0.3130081300813008,5,0,0,5,0,0.0,0.0,0.0,0
Autumn,upper,LIMOSF11,15341,14478.58506021758,0.7943087868435942,7.704211715736024,7117.723803185068,7360.861257032511,595,622,208,182,9,1167.206105311675,373.86758841319795,793.3385168984771,104
Autumn,upper,LIMOSF21,15341,2252.878611000157,0.12966634344168484,1.145531565076142,1138.0982893403739,1114.7803216597829,595,622,208,182,9,180.17362359452767,65.34584572284263,114.82777787168503,110
Autumn,upper,MANSLR1,21111,10965.803734421903,0.5471255824027789,4.651844260960333,5044.048805126186,5921.754929295717,1056,922,1205,339,63,1326.0857981332842,636.6699725043937,689.4158256288905,310
Autumn,upper,MARYRSF1,1447,4459.70827475801,2.650737178778008,17.612310805835545,2188.3918517266657,2271.316423031344,136,34,512,49,35,546.474776687483,306.6349118157036,239.83986487177935,56
Autumn,upper,MCINTYR1,1658,29289.072635039855,15.609134351144945,59.10737106918241,15879.173019940394,13409.899615099463,242,50,563,98,59,4379.464415024731,3003.129814642166,1376.334600382565,130
Autumn,upper,METZSF1,46483,203060.58794277644,4.2470843940869445,34.70942893401013,106452.16286259527,96608.42508018117,1884,1791,3522,583,314,21852.359831020178,17882.842375440407,3969.517455579772,1053
Autumn,upper,MEWF1,1591,46473.42031086143,74.03814985557959,693.7402996905392,23457.942493200975,23015.477817660463,241,50,563,101,59,10025.36044246759,6573.093299645233,3452.2671428223584,117
Autumn,upper,MIDDLSF1,1591,12149.927056572555,19.635435873348126,157.35120643431634,5849.2699879041575,6300.657068668396,241,50,563,101,59,4513.372587516431,1112.7211465419534,3400.651440974477,86
Autumn,upper,MOLNGSF1,21111,8082.246408795727,0.3968944186343612,3.9047223382045906,3778.8099644891527,4303.436444306574,1056,922,1205,339,63,934.2506685870541,434.69692245797455,499.5537461290795,287
Autumn,upper,MOREESF1,31037,78933.9084922175,2.7889099279716967,22.831565762004175,41768.709246511695,37165.1992457058,1455,1365,1222,445,66,9618.589168717039,6960.6060070513295,2657.98316166571,789
Autumn,upper,MOUSF1,1591,45672.03680691743,60.47250604009304,454.1826879333332,20052.44831995777,25619.588486959663,241,50,563,101,59,17288.601537633924,5351.642254367642,11936.95928326628,81
Autumn,upper,MP1,21111,68871.20517360707,3.3068641663769944,21.972323345511484,34869.52963454599,34001.67553906109,1056,922,1205,339,63,5677.1062106627905,4843.810574948057,833.2956357147339,337
Autumn,upper,MP2,21111,104886.92285450695,4.829406743378397,24.570292092901877,54018.196636342,50868.72621816495,1056,922,1205,339,63,9372.464310839872,8408.807983460023,963.6563273798497,552
Autumn,upper,MPP_1,2243,22694.793391854753,11.004133911385068,71.7747032312409,12123.768149305377,10571.025242549376,254,58,632,105,66,3260.6611061380763,2481.1815757289014,779.4795304091749,75
Autumn,upper,MPP_2,1882,19422.67899356233,4.836570594625929,72.74198959119494,9031.486055812016,10391.192937750315,246,51,627,102,64,2798.274679942128,2047.3407596299119,750.9339203122161,74
Autumn,upper,MSTUART1,1591,512.9980035220127,0.07295193451678224,0.0,479.7904563522013,33.20754716981133,241,50,563,101,59,228.64913811320758,228.64913811320758,0.0,9
Autumn,upper,MSTUART2,1591,1628.3333333333335,1.1851043182920913,0.0,488.50000000000006,1139.8333333333335,241,50,563,101,59,1221.2500000000002,488.50000000000006,732.7500000000001,2
Autumn,upper,MSTUART3,1591,0.0,0.0,0.0,0.0,0.0,241,50,563,101,59,0.0,0.0,0.0,0
Autumn,upper,MUCRKSF1,1242,4625.836381873008,12.318709856752681,105.15154699999998,2386.996923314559,2238.8394585584483,124,31,453,45,41,953.5794965604883,479.9499855562141,473.62951100427426,42
Autumn,upper,NESBESS1,5365,14435.225722536268,2.4001939427955783,50.15657620041753,10201.820645020876,4233.405077515393,454,274,997,158,54,865.8531555114821,728.2734864300626,137.57966908141964,27
Autumn,upper,NESBESS2,5365,16.05010438413361,0.0026034232577670092,0.0,0.0,16.05010438413361,454,274,997,158,54,0.0,0.0,0.0,0
Autumn,upper,NEVERSF1,21111,28546.490488081614,1.363716741336946,9.924208858559497,13746.598998878606,14799.89148920301,1056,922,1205,339,63,3574.5762445586593,1092.1013746560377,2482.4748699026213,282
Autumn,upper,NEWENSF1,31477,354298.8571656773,10.11365465284826,73.03303303303296,185814.54013765167,168484.31702802566,1507,1378,1662,466,77,38711.518465246685,32220.050404433983,6491.468060812701,827
Autumn,upper,NEWENSF2,31477,356894.1253340697,10.041058203841958,73.00450450450448,186175.17014013056,170718.95519393912,1507,1378,1662,466,77,37530.44822979761,30731.117508616204,6799.330721181396,842
Autumn,upper,NYNGAN1,21111,24953.803137096875,1.2464535224154323,7.117560908141963,11835.06054351327,13118.742593583604,1056,922,1205,339,63,3038.012227092755,853.3075150214152,2184.7047120713396,234
Autumn,upper,OAKEY1,1447,0.0,0.0,0.0,0.0,0.0,136,34,512,49,35,0.0,0.0,0.0,0
Autumn,upper,OAKEY1SF,1447,3387.1118966043196,1.8287171042121557,15.0058329872679,1775.4297176841094,1611.6821789202097,136,34,512,49,35,387.7987533306097,299.188506486826,88.61024684378376,75
Autumn,upper,OAKEY2,1447,153.26086956521738,0.28121260470682086,19.990548204158788,0.0,153.26086956521738,136,34,512,49,35,99.95274102079394,0.0,99.95274102079394,0
Autumn,upper,OAKEY2SF,1447,7205.628528741604,3.684728443990386,32.061262931034484,3727.4802178808095,3478.1483108607954,136,34,512,49,35,818.4193084627215,606.3105083707438,212.10880009197777,73
Autumn,upper,ORABESS1,5356,16203.920294383712,2.760741144004433,51.78496868475991,9516.072572072022,6687.8477223116915,454,273,997,158,54,2067.8361222079698,1592.5739717486797,475.2621504592902,38
Autumn,upper,PARSF1,21111,14236.231771799363,0.6727025440724992,4.681883924843417,6777.681312601508,7458.550459197855,1056,922,1205,339,63,1528.1751179220803,506.96628998187606,1021.2088279402044,304
Autumn,upper,PUMP1,1151,21120.335125786165,18.34955267227295,253.6687631027254,9565.169654088051,11555.165471698114,83,25,422,29,28,1346.702211740042,1346.702211740042,0.0,7
Autumn,upper,PUMP2,1151,13506.906834381552,11.734932088950089,51.346032494758916,5322.420461215934,8184.486373165619,83,25,422,29,28,611.7248113207547,100.19441299790357,511.53039832285117,1
Autumn,upper,QBYNB1,15307,1463.0952465664975,0.09062323530402543,0.6580710659898477,725.6980126558376,737.3972339106599,590,622,208,177,9,87.40505257055838,47.92078861116751,39.484263959390866,132
Autumn,upper,QPSFB1,5112,1142.5060863109904,0.19735588884533037,3.6147903131524006,639.5285046997446,502.9775816112459,441,271,917,149,47,110.96690304801672,37.359049352818374,73.60785369519833,44
Autumn,upper,QPSFB2,5112,507.3775525678497,0.10115522057268972,1.794098204592902,262.60735665970776,244.77019590814197,441,271,917,149,47,29.70354237995825,24.684171356993737,5.01937102296451,18
Autumn,upper,RESS1,15367,8531.337458485605,0.8383418978794528,7.053291536050157,4075.0967150539964,4456.240743431608,604,625,209,183,10,370.43449935279347,239.8103862279204,130.6241131248731,80
Autumn,upper,RIVNB2,15367,14835.545949971494,1.756624018645695,10.188087774294672,7451.307807903772,7384.238142067722,604,625,209,183,10,676.2897020768769,330.5475841127318,345.7421179641451,102
Autumn,upper,ROMA_7,1669,721.2275561606428,0.18393259406705206,4.853438556933484,364.09400331308234,357.1335528475605,245,50,563,101,59,10.299999999999999,7.725,2.5749999999999997,3
Autumn,upper,ROMA_8,1669,687.0968041516567,0.11512105752673794,0.0,363.19270823970703,323.9040959119497,245,50,563,101,59,10.299999999999999,7.725,2.5749999999999997,3
Autumn,upper,RRSF1,1591,38472.37568162103,78.73698973982738,900.0424100832143,21676.965879633204,16795.409801987826,241,50,563,101,59,13781.87049900902,7562.870513492117,6218.999985516902,108
Autumn,upper,RUGBYR1,1591,25385.95320043922,29.346000927796222,235.10823691666656,11047.933457934336,14338.019742504885,241,50,563,101,59,8914.58525998426,4312.473326601617,4602.111933382643,100
Autumn,upper,RYEPARK1,15394,29575.478838281815,2.8794002820162037,15.072666717861969,14919.226403792672,14656.252434489144,605,625,229,183,11,1366.0910064691168,719.9347197208924,646.1562867482245,281
Autumn,upper,SAPHWF1,47298,455019.7335122418,9.27168585775674,44.946199999999834,220604.30258283223,234415.43092940957,2042,1814,4020,627,334,24143.826842651502,14444.60444669332,9699.222395958182,916
Autumn,upper,SEBSF1,15367,5757.385455422542,0.4111361896336392,2.7783472081218266,2855.0748400030457,2902.3106154194966,604,625,209,183,10,659.0263231510812,181.70107217969544,477.32525097138586,154
Autumn,upper,SMCSF1,1591,37535.30215659253,68.44924648401047,326.91330913590264,21501.549491961952,16033.752664630576,241,50,563,101,59,11773.789048390652,6195.710332140767,5578.078716249887,91
Autumn,upper,SNOWYP,15341,18500.706706765483,0.7871642166384342,18.560788985583734,9505.880609137057,8994.826097628425,595,622,208,182,9,2526.57069035533,2318.1999492385785,208.37074111675125,84
Autumn,upper,SRSF1,1591,14286.64125177812,26.540298120515533,188.94865703896102,6393.792100452804,7892.849151325315,241,50,563,101,59,3790.229852484304,1470.744027755063,2319.4858247292414,85
Autumn,upper,STAN-1,1591,46377.03328180841,65.40523447567023,612.6005361930295,27452.316498808676,18924.71678299974,241,50,563,101,59,13571.536470884212,8735.200058021675,4836.336412862536,91
Autumn,upper,STAN-2,1591,46541.142997347895,58.66184246223386,492.15124753315644,28066.210585188812,18474.932412159087,241,50,563,101,59,17667.375434413552,11916.556532707948,5750.818901705606,95
Autumn,upper,STAN-3,1591,42434.16157449244,55.980057432039985,502.0687438160918,26733.387061218757,15700.774513273682,241,50,563,101,59,13289.44759784667,9129.26607383268,4160.181524013992,79
Autumn,upper,STAN-4,1591,41383.35172996429,101.24560795140108,612.6005361930295,25214.476023919164,16168.875706045126,241,50,563,101,59,14908.73534363671,10396.310181612922,4512.425162023788,74
Autumn,upper,STUBSF1,20897,51291.66866031905,2.913427134579966,24.918961377870527,24378.14588836136,26913.522771957687,1034,915,1185,331,62,7000.022426088224,2636.060004380679,4363.962421707545,262
Autumn,upper,STUBSF2,20897,45497.734073726584,2.7749084567845252,23.455878131523992,21574.163951280258,23923.57012244633,1034,915,1185,331,62,6279.124514235527,2158.6820422061464,4120.442472029381,269
Autumn,upper,STWF1,15341,12228.522289567372,0.7260472113352705,2.903552741116749,6327.81500039433,5900.707289173043,595,622,208,182,9,599.917105051628,296.9693645177665,302.9477405338616,285
Autumn,upper,SUNRSF1,15341,10888.83844468298,0.6250004406829903,5.621166091370556,5450.818402491857,5438.020042191123,595,622,208,182,9,922.9788901401676,258.13581303654826,664.8430771036193,116
Autumn,upper,SUNTPSF1,21111,42079.114154004674,2.0821083028338,13.016182132567844,20537.021881449986,21542.09227255469,1056,922,1205,339,63,4968.067658970695,1829.008880399344,3139.0587785713515,315
Autumn,upper,SWANBBF1,1216,3507.9715131335556,21.337050498392845,107.6078431372549,2699.7106918238997,808.260821309656,118,31,453,44,41,445.8039215686275,415.0588235294118,30.745098039215687,5
Autumn,upper,SWAN_E,1532,16514.49798995251,5.071765679978083,91.18253806236899,9247.037351792926,7267.460638159585,219,41,536,89,57,1388.1947898552348,991.5643797683438,396.63041008689106,16
Autumn,upper,TARALGA1,15394,8690.284388865504,0.8513847139387515,4.646272922764227,4325.629983213053,4364.654405652452,605,625,229,183,11,407.31094906460737,178.08752789463912,229.22342116996825,302
Autumn,upper,TARBESS1,1654,42568.20298112112,16.305913157361413,221.4635294117646,21700.48432608593,20867.71865503519,245,50,563,101,59,5602.599238105168,4105.0807545082525,1497.5184835969155,48
Autumn,upper,TARONG#1,1669,18639.583096665847,8.357965703038563,54.89247352987423,8908.064406329328,9731.518690336521,245,50,563,101,59,3300.618223914278,1930.0579540042463,1370.560269910032,85
Autumn,upper,TARONG#2,1669,19255.439202531288,8.58111886546912,55.05765199161425,9708.561756116935,9546.877446414352,245,50,563,101,59,3847.62686385979,2618.188408013406,1229.4384558463842,87
Autumn,upper,TARONG#3,1669,4356.236125986841,4.367176645272836,49.35841666666666,2293.3538717387164,2062.8822542481244,245,50,563,101,59,1463.1233212353798,1071.7076912884902,391.41562994688945,60
Autumn,upper,TARONG#4,1669,19988.253216132,9.012462149588787,54.153350777479886,9830.332666436047,10157.920549695955,245,50,563,101,59,3348.057003035858,2323.8520620861104,1024.2049409497483,100
Autumn,upper,TNPS1,1669,5323.4126617569955,5.360327723601695,64.0867402207444,2913.3578740079206,2410.0547877490744,245,50,563,101,59,1306.495825912833,964.598988013679,341.8968378991542,34
Autumn,upper,TUMUT3,15341,64072.40619354099,4.10665727738742,38.8719512195122,29901.72237066282,34170.68382287817,595,622,208,182,9,6072.007564235756,5080.5817812682435,991.4257829675128,119
Autumn,upper,ULPBESS1,1344,35817.846584054336,28.516169212247192,180.6551724137931,18297.0767613686,17520.769822685732,151,31,542,58,47,3125.0702346316093,1931.460047467567,1193.6101871640426,49
Autumn,upper,UPPTUMUT,15341,43476.771094473355,4.176194564319932,23.170731707317074,22407.71566471599,21069.05542975736,595,622,208,182,9,3920.789859996418,2602.336308509108,1318.4535514873096,180
Autumn,upper,URANQ11,15367,5599.467846963452,0.23733483316218093,5.052830702538068,2664.8079253187816,2934.65992164467,604,625,209,183,10,344.8694098964467,273.5340620395939,71.33534785685279,43
Autumn,upper,URANQ12,15367,4328.60739690863,0.18844119021306777,1.9878172588832488,1951.0411437614214,2377.566253147208,604,625,209,183,10,311.563563528934,311.563563528934,0.0,45
Autumn,upper,URANQ13,15367,5112.937275220304,0.19581709398622632,4.543582731979695,2386.2793630862943,2726.6579121340105,604,625,209,183,10,311.85798908223353,297.1767629532995,14.681226128934009,35
Autumn,upper,URANQ14,15367,7359.229264311675,0.3134208789461753,6.828423422538067,3618.9234091218277,3740.305855189848,604,625,209,183,10,321.47659749035535,321.47659749035535,0.0,64
Autumn,upper,VP5,21111,90627.25061527919,4.609933353251751,27.24425887265136,47589.462667563166,43037.78794771602,1056,922,1205,339,63,7102.85186521678,1586.052730517301,5516.7991346994795,123
Autumn,upper,VP6,21111,98286.11991523037,5.275208581499911,27.861444183194152,51310.24554058371,46975.87437464666,1056,922,1205,339,63,7606.190730141913,1585.684859930811,6020.505870211102,121
Autumn,upper,W/HOE#1,1365,16230.574662073377,7.574133724746223,217.25,9600.10251552306,6630.472146550314,192,41,473,79,52,3693.8354477725366,3517.196108149895,176.6393396226415,24
Autumn,upper,W/HOE#2,1365,19610.114999955975,6.829043352890774,167.71488469601678,10779.617482404612,8830.497517551365,192,41,473,79,52,3546.0881388134176,3220.9590070062895,325.12913180712786,30
Autumn,upper,WAGGNSF1,15367,2849.106357547053,0.20379884956350286,1.6337729451776644,1440.597173284264,1408.5091842627892,604,625,209,183,10,353.2136559630327,105.36498865888325,247.8486673041495,127
Autumn,upper,WAMBOWF1,1344,17532.37719665143,19.326684038295753,103.09286068965517,9259.130707436914,8273.246489214516,151,31,542,58,47,2713.315891200524,1514.7204213145187,1198.5954698860055,76
Autumn,upper,WAMBOWF2,2,1.1236693711967538,0.5618346855983769,0.6595275862068962,0.6703823529411762,0.4532870182555777,0,0,0,0,0,0.0,0.0,0.0,0
Autumn,upper,WANDB1,1669,15544.286109432654,13.689962872284497,72.56143667296786,8431.635032919787,7112.651076512869,245,50,563,101,59,2185.2199234803393,1215.6975866014072,969.522336878932,41
Autumn,upper,WANDSF1,1669,22040.28746355886,13.54309547684523,139.95116601485412,11741.857507270803,10298.429956288055,245,50,563,101,59,4049.8265565067077,2181.696149702188,1868.13040680452,93
Autumn,upper,WARWSF1,1447,3554.5403276554853,2.195543616050891,18.401750291777176,1779.265950403652,1775.2743772518334,136,34,512,49,35,404.6780789123775,173.96448236751866,230.71359654485886,45
Autumn,upper,WARWSF2,1447,3219.0582041051084,1.6825476968139363,16.501663580901855,1620.8805966070531,1598.1776074980553,136,34,512,49,35,400.87781931226266,189.21584757941636,211.66197173284633,47
Autumn,upper,WDBESS1,1669,69540.05757167938,42.483095895060536,223.599604743083,37643.38724468822,31896.670326991156,245,50,563,101,59,9916.184884846734,6185.26464726481,3730.9202375819236,90
Autumn,upper,WDBESS2,1244,42847.68556976162,49.8793584470387,287.07509881422925,22579.674153072523,20268.011416689103,124,31,453,45,41,5957.8036054458025,4877.6671216293025,1080.1364838165002,48
Autumn,upper,WDGPH1,1669,58306.469400965565,35.04458161697075,297.1004849119675,32766.890279106177,25539.579121859395,245,50,563,101,59,11188.554811599708,5989.233339849886,5199.321471749822,102
Autumn,upper,WELLSF1,21111,44920.05791405136,2.1423514115958904,13.480319999999999,21908.25143704718,23011.80647700418,1056,922,1205,339,63,5467.576489891907,1843.7103775594735,3623.8661123324337,272
Autumn,upper,WELNSF1,21111,94681.18435748984,4.605772251249418,29.989003857868013,45842.87074985333,48838.31360763651,1056,922,1205,339,63,11780.153304189434,3812.955895613189,7967.197408576245,256
Autumn,upper,WHITSF1,1591,28401.194763762825,114.30705387363973,512.453471849866,15548.629089753984,12852.565674008842,241,50,563,101,59,9004.271534061672,5375.778029545051,3628.493504516621,103
Autumn,upper,WLWLSF1,15154,7659.482818320226,0.4418628708150701,2.8260746802030456,3706.145655980083,3953.3371623401426,574,615,208,174,9,727.3761640071066,144.04828617258883,583.3278778345177,102
Autumn,upper,WLWLSF2,15154,9989.81627403266,0.5726287638224244,4.123518705583756,4868.702727699113,5121.113546333548,574,615,208,174,9,891.298738786802,179.9136957218274,711.3850430649746,103
Autumn,upper,WOLARSF1,21111,41057.691034447336,2.8186149156138796,30.745202030271376,18950.05944855773,22107.6315858896,1056,922,1205,339,63,5762.524319773196,1650.5614437497536,4111.962876023443,160
Autumn,upper,WOODLWN1,15307,2876.1495430467003,0.21720989857834563,0.9224809746192891,1436.0574710680203,1440.09207197868,590,622,208,177,9,136.48213068324873,70.24571898477157,66.23641169847716,212
Autumn,upper,WOOLGSF1,1589,19943.724261704614,33.094492910119705,178.10630409804665,10446.854468909985,9496.869792794629,241,50,563,101,59,6078.866335283578,3486.885892427908,2591.980442855671,101
Autumn,upper,WRSF1,46483,33833.49169419069,0.6927008510267253,6.394916604421679,17329.344937666665,16504.146756524027,1884,1791,3522,583,314,3228.908490031543,2433.260772834502,795.6477171970407,902
Autumn,upper,WRWF1,46483,293846.469211179,6.1151076437983045,29.448959390862914,142665.36210774945,151181.10710342953,1884,1791,3522,583,314,16535.89436489822,8918.136260377678,7617.7581045205425,871
Autumn,upper,WSTWYSF1,15367,5633.915900916101,0.4136643094600045,4.065529925835308,2769.036380819289,2864.8795200968125,604,625,209,183,10,634.083223039648,155.13879047918783,478.9444325604602,152
Autumn,upper,WTAHB1,21111,73380.51570377732,5.174605134903636,70.32345059498957,41077.79766572641,32302.7180380509,1056,922,1205,339,63,5767.053425343302,2529.9013934352856,3237.1520319080164,179
Autumn,upper,WYASF1,15367,3618.3396620088884,0.303039036308692,2.7234283414634137,1719.7131562558375,1898.6265057530507,604,625,209,183,10,419.2207802779127,121.5834328071066,297.6373474708061,165
Autumn,upper,YABULU,1591,11163.66009755019,5.971520765624728,119.12735546666664,9519.765446567559,1643.8946509826305,241,50,563,101,59,3909.8663461648066,3838.1142088805036,71.75213728430299,15
Autumn,upper,YABULU2,1591,0.0,0.0,0.0,0.0,0.0,241,50,563,101,59,0.0,0.0,0.0,0
Autumn,upper,YARANSF1,1447,12171.886046510572,6.376298390397862,42.14474793103443,6442.690602291143,5729.195444219428,136,34,512,49,35,2038.7582433840694,1066.089187659418,972.6690557246512,53
Spring,lower,ALDGASF1,12,10476.846646720367,681.0332589182967,1979.7207088607588,191.9588216340621,10284.887825086305,5,1,0,2,0,6712.126904487916,0.0,6712.126904487916,0
Spring,lower,AVLSF1,757,144780.2556387651,159.9829126631306,845.6211911999998,68766.77000902827,76013.48562973684,240,63,167,93,50,53993.44437784999,32550.114049960306,21443.330327889686,78
Spring,lower,BANGOWF1,757,83429.34802004384,117.26460569693397,583.6229376046242,42262.50204567131,41166.84597437251,240,63,167,93,50,36246.62453751953,16966.82725058884,19279.797286930683,95
Spring,lower,BANGOWF2,757,52815.5473423205,54.01300641029573,343.16344508670517,30263.000225441843,22552.547116878646,240,63,167,93,50,14566.092637261268,7822.244477738175,6743.848159523095,57
Spring,lower,BARCALDN,236,1311.3797468354428,32.78449367088607,379.3670886075949,1311.3797468354428,0.0,100,14,49,32,23,747.4556962025315,747.4556962025315,0.0,3
Spring,lower,BARRON-1,236,307.5949367088607,33.32278481012658,197.373417721519,307.5949367088607,0.0,100,14,49,32,23,0.0,0.0,0.0,0
Spring,lower,BARRON-2,236,0.0,0.0,0.0,0.0,0.0,100,14,49,32,23,0.0,0.0,0.0,0
Spring,lower,BBATTERY1,236,25414.032012658226,59.34463198821552,304.9482163406214,12025.675360184121,13388.356652474109,100,14,49,32,23,10178.577239355582,5379.390340621404,4799.186898734177,36
Spring,lower,BERYLSF1,2020,12841.729898171883,23.128546817807457,169.59011114068443,4864.745340758799,7976.984557413083,319,122,167,107,50,3768.601342357035,1761.7478231095222,2006.8535192475124,82
Spring,lower,BHB1,757,21231.881893841597,18.892853852329676,336.96000000000004,14547.53209067911,6684.349803162488,240,63,167,93,50,5383.852765930207,3242.2104496847096,2141.642316245498,49
Spring,lower,BLOWERNG,757,2143.6124022504323,2.208567333911986,60.40228571428569,1610.589714285714,533.0226879647182,240,63,167,93,50,251.4665476508232,41.78514285714285,209.68140479368037,1
Spring,lower,BLUEGSF1,392,8136.000327027027,27.825283115388018,127.14500000000001,5267.873191891892,2868.1271351351347,119,20,49,40,23,3170.088,2435.334,734.754,77
Spring,lower,BOCORWF1,757,43210.99409624602,50.689548102835765,762.036856,20366.612121553506,22844.381974692515,240,63,167,93,50,17805.181577806732,8543.291202227094,9261.89037557964,125
Spring,lower,BODWF1,2020,16394.843785806355,12.212437711130457,65.18956114285703,8274.572835996478,8120.270949809874,319,122,167,107,50,4932.482149919371,2542.840136120335,2389.6420137990362,161
Spring,lower,BOMENSF1,757,39770.007037473304,49.392277298797474,235.01196491085716,13108.534178777954,26661.47285869535,240,63,167,93,50,14231.021944385338,4503.0425398818015,9727.979404503538,69
Spring,lower,BRAEMAR1,392,6546.067414285715,27.53080274012103,143.99144,1509.2494914285714,5036.817922857143,119,20,49,40,23,1607.983637142857,499.2548428571428,1108.7287942857142,9
Spring,lower,BRAEMAR2,392,4826.46222,16.09879063680111,133.0,175.87620285714289,4650.586017142858,119,20,49,40,23,1468.2561157142857,34.0,1434.2561157142857,5
Spring,lower,BRAEMAR3,392,1175.0,1.3791079812206573,35.79999999999984,0.0,1175.0,119,20,49,40,23,294.0,0.0,294.0,0
Spring,lower,BRAEMAR5,392,2047.8575742857142,2.762066234071093,90.096584,969.9287871428571,1077.9287871428571,119,20,49,40,23,1090.8594914285713,254.64499,836.2145014285715,2
Spring,lower,BRAEMAR6,392,5031.6676396139,8.890729721275507,80.0,513.8294747027027,4517.838164911196,119,20,49,40,23,1689.5027147258686,110.32111,1579.1816047258687,3
Spring,lower,BRAEMAR7,392,3040.130823513514,4.795616559513574,90.94999999999995,23.29256000000001,3016.8382635135135,119,20,49,40,23,1758.52475,10.0,1748.52475,1
Spring,lower,BROKENH1,757,22973.955043959948,19.527575575227324,169.48657828571464,8060.755739513661,14913.199304446287,240,63,167,93,50,8613.8378831261,3366.0277724334137,5247.810110692685,51
Spring,lower,BW01,2829,35017.72464383952,21.786505113868966,107.41545764571424,25829.916191676963,9187.808452162559,368,154,173,130,56,8177.14409597462,5766.839046685277,2410.3050492893426,139
Spring,lower,BW02,2829,23395.131441145313,26.04822087447992,112.26769689599999,19347.664901803553,4047.466539341762,368,154,173,130,56,6341.34214557095,4280.375900721219,2060.96624484973,92
Spring,lower,BW03,2432,51748.672521013024,37.009093944033175,150.57407403428567,41253.899913290064,10494.772607722962,348,131,167,120,50,13108.989153129685,9299.672894879945,3809.3162582497416,162
Spring,lower,BW04,2432,14839.33337461152,4.536390221895082,47.18219507857136,9658.536800479409,5180.79657413211,348,131,167,120,50,3275.404220834245,2296.633961490413,978.7702593438316,53
Spring,lower,CALL_B_1,236,958.8747245109325,51.04506348676642,269.24952507479867,958.8747245109325,0.0,100,14,49,32,23,0.0,0.0,0.0,0
Spring,lower,CALL_B_2,236,21155.337833371694,94.87348924285646,760.7410017376287,11819.758597008056,9335.579236363636,100,14,49,32,23,10555.715526352129,7801.218111852705,2754.4974144994244,21
Spring,lower,CAPBES1,757,62357.17458567847,62.26928419341141,722.688,38894.70150387737,23462.473081801098,240,63,167,93,50,22392.662700452034,13514.23286807313,8878.429832378908,54
Spring,lower,CAPBES1G,85,0.0,0.0,0.0,0.0,0.0,25,0,14,8,1,0.0,0.0,0.0,0
Spring,lower,CAPBES1L,85,0.0,0.0,0.0,0.0,0.0,25,0,14,8,1,0.0,0.0,0.0,0
Spring,lower,CG1,1519,930.7964159537975,1.564573354327514,54.19812778052393,545.4796147428231,385.3168012109744,139,78,54,36,6,167.66566428561606,125.81314878892732,41.85251549668874,4
Spring,lower,CG2,1519,882.2088130687199,0.8497625202766844,27.550327152317845,537.3928721415676,344.8159409271523,139,78,54,36,6,346.02649006622516,220.19867549668874,125.82781456953643,4
Spring,lower,CG3,1519,996.4733093859868,1.1614192466469369,18.43598615916955,314.88184273672846,681.5914666492582,139,78,54,36,6,527.7183599514196,36.8719723183391,490.8463876330805,2
Spring,lower,CG4,1519,1543.4145309357777,1.8707826350326844,59.967599682119165,874.646503435475,668.7680275003028,139,78,54,36,6,501.2073007337474,318.98801530740855,182.21928542633884,7
Spring,lower,CHBESS1,392,7297.04428286633,11.427284900714941,96.29874999999997,3447.6286284123285,3849.4156544540006,119,20,49,40,23,3315.0493432023695,1303.2616018719211,2011.7877413304486,17
Spring,lower,CHBESSG1,224,0.0,0.0,0.0,0.0,0.0,95,13,49,30,23,0.0,0.0,0.0,0
Spring,lower,CHBESSL1,224,0.0,0.0,0.0,0.0,0.0,95,13,49,30,23,0.0,0.0,0.0,0
Spring,lower,CHILDSF1,236,2196.7646699999996,9.299964595390524,34.210342999999966,1320.71056,876.05411,100,14,49,32,23,1068.3909199999998,686.6573,381.73362,68
Spring,lower,CLARESF1,236,26395.528594706557,115.36727216471759,740.5755581127733,7925.953147065592,18469.575447640967,100,14,49,32,23,11101.544999769849,2269.6719309551204,8831.87306881473,36
Spring,lower,CLERMSF1,236,24593.88670287687,52.910099456019864,442.74277321058685,9844.899916225548,14748.986786651321,100,14,49,32,23,7586.128143153049,2337.3159143843495,5248.812228768699,40
Spring,lower,CLRKCWF1,236,3859.704873417721,178.34661814204782,730.2517937284229,3339.0301898734174,520.6746835443034,100,14,49,32,23,1235.009781357882,927.7927502876867,307.21703107019533,7
Spring,lower,CLRKCWF2,12,400.04936708860754,25.62571346375144,95.6421288837744,261.53578826237054,138.51357882623702,5,1,0,2,0,71.05903337169156,9.282623705408506,61.77640966628305,1
Spring,lower,COLEASF1,757,78781.84275980428,80.91842422293367,573.6966574698596,30865.06359177192,47916.77916803236,240,63,167,93,50,25157.23282008255,14137.8019988696,11019.430821212947,63
Spring,lower,COLUMSF1,392,9371.695734217814,30.782560705305304,141.4155,6397.252074758355,2974.4436594594595,119,20,49,40,23,3951.7913467181465,3175.387152123552,776.4041945945946,90
Spring,lower,COLWF01,757,117664.5133661981,110.18147508231556,1096.9015962800001,53261.31854941418,64403.19481678392,240,63,167,93,50,42226.241780350494,18998.191109199302,23228.050671151195,109
Spring,lower,COOPGWF1,392,7193.145837479696,57.897509586706654,343.67945,2554.2481119771,4638.897725502596,119,20,49,40,23,1781.162307555585,990.9799260018638,790.1823815537211,61
Spring,lower,CPP_3,236,45673.86189804373,53.60781912915931,654.2427863751435,33259.10157997699,12414.760318066745,100,14,49,32,23,17599.55169735328,11675.59176662831,5923.959930724972,49
Spring,lower,CPP_4,236,21516.161007134637,102.63702375962336,545.0137407134632,14528.724293440737,6987.436713693901,100,14,49,32,23,6209.863012197929,4758.288418411968,1451.5745937859604,17
Spring,lower,CPSA,392,1529.04198,6.073124317306871,62.46,164.3125,1364.72948,119,20,49,40,23,852.35259,79.63,772.7225900000001,8
Spring,lower,CROOKWF2,757,42213.58191560652,54.26097788907896,448.98969600000004,19816.1710098364,22397.41090577012,240,63,167,93,50,14289.745005656016,7525.897461286668,6763.847544369347,101
Spring,lower,CROOKWF3,757,35191.68550920883,32.26103500066337,337.1088,12422.745617838154,22768.93989137068,240,63,167,93,50,11078.383310155008,4258.061425029143,6820.321885125865,89
Spring,lower,CRURWF1,2020,31139.878935206165,34.37357339880409,266.45032924904945,15595.255074838722,15544.623860367445,319,122,167,107,50,12654.782161682591,7349.430974905665,5305.351186776927,171
Spring,lower,CRWASF1,757,22187.634285222317,20.378596486679896,119.4565584457143,10283.98843064612,11903.645854576196,240,63,167,93,50,7199.763152676518,3236.3831162362176,3963.380036440301,72
Spring,lower,CSPVPS1,236,9072.03631898734,33.94944136880073,107.5048510701956,3849.2727484464904,5222.763570540851,100,14,49,32,23,3527.036773302647,1891.5642168009203,1635.4725565017263,43
Spring,lower,CUSF1,121,23555.027608389613,159.7850997749208,778.7306224277457,12124.938770986011,11430.088837403604,40,9,33,12,4,9632.215440344233,2765.0631131094883,6867.152327234746,10
Spring,lower,DARLSF1,757,170208.6572489615,164.0484341042663,888.1867938742859,72153.29713892964,98055.36011003188,240,63,167,93,50,61786.217104287425,39938.823501425424,21847.39360286201,104
Spring,lower,DAYDSF1,236,26465.270266513235,148.10708375091778,734.227843866513,11469.021593095513,14996.248673417722,100,14,49,32,23,11204.958901726122,5910.501831990794,5294.457069735328,35
Spring,lower,DDPS1,392,13089.000847375182,43.49770259512413,139.06705199999993,273.2887868685927,12815.71206050659,119,20,49,40,23,4407.252323529623,56.84248342364532,4350.409840105977,2
Spring,lower,DDSF1,392,4280.85270860205,11.473980393933415,61.410500000000006,2447.49221997071,1833.3604886313406,119,20,49,40,23,1398.6435700718946,944.7281654773,453.91540459459463,79
Spring,lower,DPNTB1,757,23911.65860860177,24.584712640961744,186.8,15425.819207456236,8485.839401145537,240,63,167,93,50,9101.799430974192,5546.962291326185,3554.837139648007,64
Spring,lower,DULAWF1,392,3560.058824711756,14.839236225404745,77.735,1349.6245975796833,2210.434227132073,119,20,49,40,23,995.8363050194382,542.0798789901478,453.7564260292904,53
Spring,lower,EDENVSF1,392,8403.372470911729,23.696162665640422,100.79323999999997,5584.135738479297,2819.2367324324327,119,20,49,40,23,3230.7195959195847,2495.692123514179,735.0274724054054,72
Spring,lower,EMERASF1,236,23937.28396317606,95.35281219785006,433.0747044418872,9004.696067203682,14932.587895972381,100,14,49,32,23,7782.470687226696,2154.0683203682393,5628.402366858458,34
Spring,lower,ER01,1519,5513.161266664484,7.516125074188826,59.71104536538461,2701.3431921866672,2811.8180744778174,139,78,54,36,6,1093.1666034380082,913.5623900053583,179.60421343264994,45
Spring,lower,ER02,1519,9213.890109995411,11.165186878583325,68.49406380509592,4115.796527332683,5098.093582662728,139,78,54,36,6,1390.1171184650275,1004.3441399588255,385.7729785062021,59
Spring,lower,ER03,314,4457.943483039392,11.29857793632427,111.09368568,3018.0912713096195,1439.852211729773,82,32,65,32,16,2413.8614989244625,1606.6895786720406,807.1719202524218,35
Spring,lower,ER04,314,2732.741809172926,19.54651047160061,140.83096521568623,1063.2274849704913,1669.5143242024349,82,32,65,32,16,293.05689864510344,274.23215069808356,18.82474794701985,15
Spring,lower,ERB01,110,3034.105960264901,13.917917248921565,198.14569536423807,2265.0529801324506,769.0529801324503,34,7,29,11,3,1572.7814569536426,1238.41059602649,334.3708609271523,6
Spring,lower,FINLYSF1,757,75972.54465364083,71.28648539445463,513.6859646754284,27658.061433618586,48314.483220022244,240,63,167,93,50,28025.215272472764,12452.399088829792,15572.816183642972,88
Spring,lower,FLYCRKWF,2020,25516.7135108713,16.801016627555473,146.23541046357605,13503.720876619158,12012.992634252143,319,122,167,107,50,8199.355818476484,4841.941496695024,3357.4143217814603,124
Spring,lower,GANGARR1,392,6509.177017901744,15.256993723231025,75.20999999999987,4843.613050228997,1665.5639676727467,119,20,49,40,23,2440.4534330595125,1732.5284230595125,707.9250099999999,67
Spring,lower,GESF1,77,251.72254268211924,3.2691239309366136,12.059950728476823,73.06376860927153,178.6587740728477,28,2,25,10,2,124.80443592715233,12.059950728476823,112.7444851986755,1
Spring,lower,GNNDHSF1,27407,177221.03092799487,9.845978849692157,69.50562202018486,97969.25596369183,79251.77496430304,1589,1296,765,683,225,20219.150151617087,14309.407111929348,5909.74303968774,699
Spring,lower,GOONSF1,757,21576.65311285272,30.736974129863984,150.80000006857145,11451.730990062897,10124.922122789823,240,63,167,93,50,6882.8298190349615,4059.217709392556,2823.612109642406,80
Spring,lower,GREENB1,168,11252.06987617068,66.51933571191859,231.54450048108103,4677.257977610438,6574.811898560244,24,7,0,10,0,996.8548961392623,367.7086939155904,629.1462022236719,2
Spring,lower,GSTONE1,236,16147.731577445338,159.40953127090123,688.7747620943614,13588.796769620252,2558.934807825087,100,14,49,32,23,7901.475345914844,6038.901772612197,1862.5735733026472,31
Spring,lower,GSTONE2,236,2500.0759820483313,144.53630746835444,632.3623767779052,2233.56274844649,266.5132336018412,100,14,49,32,23,266.5132336018412,0.0,266.5132336018412,0
Spring,lower,GSTONE3,236,46477.34426052934,278.8154550371623,608.1175524280778,38086.18407318756,8391.160187341771,100,14,49,32,23,19737.14699884925,17248.18683958573,2488.9601592635217,48
Spring,lower,GSTONE4,236,45854.58669643268,255.48303405517598,831.6075369620252,37164.132858458,8690.453837974683,100,14,49,32,23,18660.201490909087,16619.292985960874,2040.9085049482158,47
Spring,lower,GSTONE5,236,43745.208898504025,205.92741146983377,803.2189426467198,34612.53036271576,9132.678535788262,100,14,49,32,23,19404.93869735328,16071.691976064441,3333.2467212888373,49
Spring,lower,GSTONE6,236,16184.404509090906,58.34078661242483,373.1185270425773,10626.169036593783,5558.235472497122,100,14,49,32,23,5508.819032911391,3995.20189689298,1513.617136018412,23
Spring,lower,GULLRSF1,757,5565.411554611924,5.7315612649411625,44.044968,2746.702580595502,2818.708974016422,240,63,167,93,50,1977.2841984589036,1012.3401589303633,964.9440395285402,64
Spring,lower,GULLRWF1,757,60595.049804094684,60.079635316373846,579.776229568,28013.416379775386,32581.633424319294,240,63,167,93,50,22674.020748200703,12548.239108347305,10125.781639853398,98
Spring,lower,GULLRWF2,757,44890.89230120898,45.665036463919705,482.77785058034675,20618.990827380116,24271.901473828864,240,63,167,93,50,16062.676108027208,9213.819938121682,6848.856169905526,109
Spring,lower,GUNNING1,757,18018.7314373995,19.579071433895546,151.83132179098257,6922.411430779342,11096.320006620157,240,63,167,93,50,6427.394778481414,1794.7401383475374,4632.6546401338765,90
Spring,lower,GUSF1,66,0.0,0.0,0.0,0.0,0.0,9,4,0,2,0,0.0,0.0,0.0,0
Spring,lower,GUTHEGA,757,14732.608672986617,16.696611573842905,135.8057142857143,11856.240789324169,2876.3678836624485,240,63,167,93,50,4028.7475078940824,2414.042490329647,1614.7050175644358,26
Spring,lower,HAMISF1,236,10929.669738550057,55.55572495306883,163.46708342922898,4031.7752299194476,6897.894508630609,100,14,49,32,23,4370.741594016111,2060.15201150748,2310.5895825086304,40
Spring,lower,HAUGHT11,236,31896.605608745685,137.95745824590253,722.3774955581127,11353.486447871117,20543.11916087457,100,14,49,32,23,12795.462340621403,4144.047851783659,8651.414488837745,35
Spring,lower,HAYMSF1,236,13405.977524050631,68.5595225488503,234.8208989643265,7749.499636823935,5656.477887226697,100,14,49,32,23,6451.35356041427,4906.556447871117,1544.7971125431532,44
Spring,lower,HEZ1,26880,329.2800257737931,0.014735158642770073,0.0,160.53266272306857,168.74736305072457,1405,1251,652,611,181,72.73218077441987,6.5428864724966225,66.18929430192324,3
Spring,lower,HILLSTN1,757,65554.60281819812,70.9261371627787,341.9428571428572,34582.541725921554,30972.061092276574,240,63,167,93,50,24246.58889522391,13617.151387287455,10629.437507936454,79
Spring,lower,HUMENSW,757,1707.8581997324636,4.399305569016937,79.01538461538462,988.2726874771374,719.5855122553262,240,63,167,93,50,330.2928601142857,62.03742005714285,268.25544005714283,1
Spring,lower,HUNTER1,112,0.0,0.0,0.0,0.0,0.0,34,7,29,11,3,0.0,0.0,0.0,0
Spring,lower,HUNTER2,112,0.0,0.0,0.0,0.0,0.0,34,7,29,11,3,0.0,0.0,0.0,0
Spring,lower,JEMALNG1,757,29797.001245342348,26.50720548376945,143.92000000000002,14285.893275951283,15511.107969391067,240,63,167,93,50,11038.4514380394,6196.013418273253,4842.4380197661485,100
Spring,lower,JUNEESF1,757,20671.019945305903,18.88776784878998,107.77309536457142,9959.217129411973,10711.802815893934,240,63,167,93,50,6667.794306643147,3943.31097031366,2724.4833363294874,100
Spring,lower,KABANWF1,236,19908.218401380895,52.866762366636266,276.55243636363605,7373.634240276178,12534.584161104718,100,14,49,32,23,10171.430835443036,3468.5934260069043,6702.837409436133,36
Spring,lower,KAREEYA1,236,10917.834254430378,13.791538986450346,184.55696202531644,5824.170786075949,5093.66346835443,100,14,49,32,23,5677.249089873417,2564.0599215189873,3113.18916835443,27
Spring,lower,KAREEYA2,236,10808.694854430378,69.9704091415582,225.56962025316454,6843.0016025316445,3965.6932518987337,100,14,49,32,23,4892.6821670886075,2689.65452278481,2203.0276443037974,24
Spring,lower,KAREEYA3,236,10968.83021392405,13.851393399001603,184.55696202531644,5950.907794936708,5017.922418987341,100,14,49,32,23,5806.822124050633,2564.0599215189873,3242.762202531645,27
Spring,lower,KAREEYA4,236,8279.699730379747,63.19449246300588,225.56962025316454,5436.826837974683,2842.872892405063,100,14,49,32,23,3863.443875949367,2330.845029113924,1532.5988468354428,24
Spring,lower,KEPSF1,236,4611.59545132336,27.145666312454352,119.17284234752589,1789.0877873417721,2822.507663981588,100,14,49,32,23,2565.23033141542,766.1515281933256,1799.0788032220944,29
Spring,lower,KEPWF1,236,5500.006203452243,57.75940537452844,239.09192635212878,2361.326111392405,3138.6800920598384,100,14,49,32,23,2300.7542817031067,1010.5261680092059,1290.228113693901,27
Spring,lower,KINGASF1,392,1010.1801438157769,2.626853176961819,10.413675999999993,701.6170994914526,308.5630443243243,119,20,49,40,23,403.6977203035282,260.66904030352816,143.02868,61
Spring,lower,KPP_1,392,1016.9998575739581,6.3301767798389275,49.8322168824324,46.85457716296101,970.1452804109971,119,20,49,40,23,361.4890716025829,0.0,361.4890716025829,0
Spring,lower,KSP1,236,18099.292185040274,99.0593223504924,403.61306329113916,8511.254498043727,9588.037686996548,100,14,49,32,23,7844.149151208286,4247.507328883774,3596.641822324511,31
Spring,lower,LDBESS1,3,0.0,0.0,0.0,0.0,0.0,0,0,0,0,0,0.0,0.0,0.0,0
Spring,lower,LILYSF1,236,28066.882236133486,131.81968251771676,543.822324510932,11100.86989228999,16966.012343843497,100,14,49,32,23,8867.710631530495,4533.600675258918,4334.109956271575,53
Spring,lower,LIMBESS1,88,0.0,0.0,0.0,0.0,0.0,34,4,29,11,3,0.0,0.0,0.0,0
Spring,lower,LIMOSF11,757,133219.3402526141,156.13033813088768,873.6811200000001,60448.24574783799,72771.09450477612,240,63,167,93,50,52352.359860684286,27050.01693846544,25302.342922218842,86
Spring,lower,LIMOSF21,757,19002.25999547878,24.784984541485642,116.33142857142857,9156.854729072304,9845.405266406475,240,63,167,93,50,7446.0907352348095,4051.3975336079884,3394.6932016268215,86
Spring,lower,MANSLR1,2020,13218.322105735175,8.425567514906293,85.2804700990728,7249.328108799898,5968.993996935277,319,122,167,107,50,4579.98488291875,3102.663138932322,1477.3217439864295,120
Spring,lower,MARYRSF1,392,1751.3788138203968,5.366268826176624,19.465247108108105,1226.1459358474237,525.232877972973,119,20,49,40,23,724.6180958314472,508.2955509665823,216.32254486486485,58
Spring,lower,MCINTYR1,392,7568.124814058048,22.975763689059377,179.29564256756757,3465.95311927706,4102.171694780987,119,20,49,40,23,867.842607908401,391.24423478897614,476.5983731194249,39
Spring,lower,METZSF1,37596,395803.56199203257,11.938473691945253,98.08557302231237,203725.4776865955,192078.08430543708,2013,1841,982,889,267,43982.166178600586,33839.41234547891,10142.753833121677,1003
Spring,lower,MEWF1,236,12453.044275258917,53.24715986082972,144.5696939010356,6786.6187917146135,5666.425483544303,100,14,49,32,23,4814.849609666282,3782.9775429228994,1031.8720667433831,70
Spring,lower,MIDDLSF1,236,13755.302379286533,30.778875094925656,239.08063521288838,4927.889721058688,8827.412658227848,100,14,49,32,23,6826.496324050633,1574.3235443037972,5252.172779746836,24
Spring,lower,MOLNGSF1,2020,9792.596669860786,5.484521568254134,60.35794514285708,5048.201060810561,4744.395609050224,319,122,167,107,50,3277.748075773933,1793.0559974181247,1484.6920783558085,118
Spring,lower,MOREESF1,37596,116013.32442430027,3.345001055029457,19.907000000000004,61742.79117617597,54270.5332481243,2013,1841,982,889,267,13362.64277781231,9782.334443634983,3580.3083341773267,1098
Spring,lower,MOUSF1,236,24614.465433831996,99.68071583457962,441.4887113924051,8128.511962025317,16485.953471806675,100,14,49,32,23,11685.417695281934,4588.927919447641,7096.489775834291,33
Spring,lower,MP1,757,57221.677729566465,60.16219685494654,328.04352749714286,52401.12732795985,4820.550401606617,240,63,167,93,50,18988.84277387364,17041.592486873342,1947.250287000297,114
Spring,lower,MP2,757,49709.669115091616,42.894664539698574,329.9410006628571,45590.48510604738,4119.18400904424,240,63,167,93,50,16240.172075160215,15011.291762007075,1228.8803131531395,112
Spring,lower,MPP_1,392,7020.417606164026,17.344920956545167,96.63949826600982,1354.3320065514579,5666.085599612568,119,20,49,40,23,1726.7479689657835,356.63587147783255,1370.112097487951,28
Spring,lower,MPP_2,392,5353.49135031527,13.719139628454567,67.00322101621619,970.2546165080548,4383.236733807216,119,20,49,40,23,1374.30013053628,179.41131000000001,1194.88882053628,21
Spring,lower,MSTUART1,236,19425.25318101266,151.05440662774114,871.5189873417721,19425.25318101266,0.0,100,14,49,32,23,10425.29427341772,10425.29427341772,0.0,18
Spring,lower,MSTUART2,236,16200.167331645569,147.26909459796755,871.5189873417721,16200.167331645569,0.0,100,14,49,32,23,9810.535955696203,9810.535955696203,0.0,17
Spring,lower,MSTUART3,236,18063.638464556963,139.26502431927582,974.0506329113923,16486.902102531647,1576.7363620253163,100,14,49,32,23,10930.980862025315,9494.243874683543,1436.736987341772,18
Spring,lower,MUCRKSF1,12,257.15880000000004,24.85794,57.0,156.65550000000002,100.5033,5,1,0,2,0,75.74040000000001,75.74040000000001,0.0,5
Spring,lower,NEVERSF1,2020,31005.16524013399,30.29255647474281,200.55676841142858,13413.880502422311,17591.28473771168,319,122,167,107,50,9144.06894621078,4937.736168874057,4206.332777336722,141
Spring,lower,NEWENSF1,36875,625308.0913386535,18.84588428354135,102.54342715231788,327458.8799747942,297849.21136385924,2008,1785,982,889,267,103528.51809396165,91806.47983092761,11722.038263034043,1320
Spring,lower,NEWENSF2,36875,639611.2039424019,19.39543945563533,109.82758620689656,334166.10113163944,305445.1028107626,2008,1785,982,889,267,101999.08052091059,90303.81264232029,11695.267878590284,1355
Spring,lower,NYNGAN1,2020,24106.926704305868,15.081175233457659,159.45677828571428,8980.266515162097,15126.660189143771,319,122,167,107,50,8106.905129380556,4399.000986113366,3707.90414326719,141
Spring,lower,OAKEY1,392,2232.31025,2.9716233309859157,90.0,178.59037,2053.71988,119,20,49,40,23,893.32908,79.07105,814.2580300000001,2
Spring,lower,OAKEY1SF,392,1634.9167557668752,3.6988219156863167,20.921263000000003,1227.4171919597923,407.4995638070829,119,20,49,40,23,637.5931867947011,462.7115467947011,174.88164,71
Spring,lower,OAKEY2,392,4195.380582068965,9.090573103657261,120.60621048275861,972.5356910344826,3222.8448910344828,119,20,49,40,23,1031.2181479310343,211.8234238423645,819.3947240886699,6
Spring,lower,OAKEY2SF,392,3818.689167808547,8.518246169223488,56.82822556756756,2926.72950551125,891.9596622972973,119,20,49,40,23,1609.269176180269,1216.763336180269,392.50584,70
Spring,lower,PARSF1,757,18257.318374240233,23.195955264581425,111.56760281368821,7773.680836784631,10483.637537455601,240,63,167,93,50,6041.612503648029,2503.221712868618,3538.3907907794114,74
Spring,lower,PUMP1,156,139.5097297297297,1.0568918918918917,0.0,0.0,139.5097297297297,19,6,0,8,0,0.0,0.0,0.0,0
Spring,lower,PUMP2,156,126.9605911330049,0.7053366174055827,0.0,0.0,126.9605911330049,19,6,0,8,0,84.64039408866994,0.0,84.64039408866994,0
Spring,lower,QBYNB1,757,980.918332879955,3.5059851446799324,31.576923076923077,578.5818436376755,402.33648924227947,240,63,167,93,50,123.38417827334297,78.82307190907952,44.561106364263445,6
Spring,lower,RESS1,672,47719.85069152509,64.00296306570118,448.32000000000005,32877.76123915722,14842.089452367869,215,63,153,85,49,15135.039216608164,9498.31611193717,5636.723104670994,66
Spring,lower,RESS1G,85,917.2114285714287,10.790722689075631,96.5485714285711,917.2114285714287,0.0,25,0,14,8,1,450.56000000000006,450.56000000000006,0.0,2
Spring,lower,RESS1L,85,1142.4914285714285,13.4410756302521,123.0994285714285,933.3028571428572,209.18857142857144,25,0,14,8,1,840.7771428571428,712.0457142857143,128.73142857142858,5
Spring,lower,RIVNB2,757,61078.47853958099,58.447784653066684,485.68,39568.05676173324,21510.421777847758,240,63,167,93,50,22694.177827600353,14152.786260069444,8541.39156753091,72
Spring,lower,ROMA_7,392,288.7248,0.5152862569355527,9.786399999999897,72.9288,215.796,119,20,49,40,23,66.79599999999999,9.0,57.796,2
Spring,lower,ROMA_8,392,274.99280999999996,0.5376313390951771,8.0,28.0,246.99281,119,20,49,40,23,85.99281,17.0,68.99281,3
Spring,lower,RRSF1,236,31362.59743981588,94.2353708137306,428.3332471346374,8814.186320368239,22548.411119447643,100,14,49,32,23,11768.674160644417,3239.4717808975834,8529.202379746836,30
Spring,lower,RUGBYR1,236,15053.111877100117,117.67776653339013,485.79154517836594,4585.744695972382,10467.36718112773,100,14,49,32,23,4061.0650609896434,957.3662527042576,3103.6988082853854,35
Spring,lower,RYEPARK1,757,146919.154546837,137.53715344549758,1517.4374692000001,70247.5591722527,76671.59537458429,240,63,167,93,50,61233.48337889922,28370.510245868012,32862.973133031206,100
Spring,lower,SAPHWF1,37795,425386.5131249188,11.448991533519541,45.97610020283976,206984.45938977622,218402.05373514257,2066,1850,982,898,267,29595.351622786085,19568.892496694283,10026.459126091799,871
Spring,lower,SEBSF1,757,57118.85448156415,56.86249567339544,286.6444054857145,25113.097352402583,32005.757129161575,240,63,167,93,50,20826.469747173564,12563.89123327817,8262.578513895392,85
Spring,lower,SHGEN,757,23556.471127693898,21.45302915211559,598.46689112,15797.677668749355,7758.793458944542,240,63,167,93,50,2773.5996568,958.4548571428572,1815.144799657143,4
Spring,lower,SHPUMP,757,14431.047750988033,19.502161420893835,165.4923076923077,8334.649299429988,6096.398451558043,240,63,167,93,50,5138.606546791462,3241.165922023841,1897.4406247676216,22
Spring,lower,SMCSF1,236,34852.28291921749,125.46888355679356,423.99890724971215,11611.11698780207,23241.16593141542,100,14,49,32,23,15374.318510932106,5846.430980897583,9527.887530034523,36
Spring,lower,SNOWYP,757,85780.81254978232,82.21131417333409,1525.817142857143,81927.92454978231,3852.8880000000004,240,63,167,93,50,26111.2755884579,24960.921302743613,1150.3542857142857,22
Spring,lower,SRSF1,236,2820.57507,14.333183242424244,38.44449649999998,1887.74581,932.8292600000001,100,14,49,32,23,1249.08849,778.51191,470.57658,62
Spring,lower,STAN-1,236,32893.69055696203,123.20649880538068,413.47800575374,28091.120196777905,4802.57036018412,100,14,49,32,23,14385.676254315304,11507.63524626007,2878.0410080552356,62
Spring,lower,STAN-2,236,31928.109782508633,112.47181601650388,482.36550287686975,24909.417426927503,7018.692355581128,100,14,49,32,23,14343.565650172612,10159.172225546607,4184.393424626007,55
Spring,lower,STAN-3,236,33440.865667433834,101.13986197518305,396.4314370540852,27802.143460299194,5638.722207134637,100,14,49,32,23,15526.841210586883,13349.043155350979,2177.798055235903,65
Spring,lower,STAN-4,236,32629.56618527043,104.16932277711147,411.3831517836593,27119.066896432683,5510.499288837745,100,14,49,32,23,15150.389102416571,13050.09821058688,2100.29089182969,66
Spring,lower,STUBSF1,659,61332.16742191724,98.45732680379558,428.1981993142858,26315.01076280311,35017.15665911413,203,59,141,77,46,21561.08012196379,8918.224937565174,12642.855184398615,67
Spring,lower,STUBSF2,659,57517.93965965291,71.95525834592776,385.68165705142866,24597.166003238333,32920.773656414574,203,59,141,77,46,20530.288688503686,8643.786985264876,11886.501703238811,67
Spring,lower,STWF1,757,41330.51591512062,36.369646205136064,483.6392390630251,19853.206426824065,21477.309488296556,240,63,167,93,50,10650.448219437601,4973.153189296028,5677.295030141573,40
Spring,lower,SUNRSF1,757,98615.24198580338,102.34621787351021,761.0408836457143,32180.0593405221,66435.18264528128,240,63,167,93,50,38387.73331129269,15395.633350154018,22992.09996113868,95
Spring,lower,SUNTPSF1,2020,42479.053679771954,38.11006092640877,263.52268437878365,19282.95300280871,23196.10067696324,319,122,167,107,50,14797.139312492625,7963.264822129899,6833.874490362727,132
Spring,lower,SWANBBF1,66,0.0,0.0,0.0,0.0,0.0,9,4,0,2,0,0.0,0.0,0.0,0
Spring,lower,SWAN_E,392,598.5867964864865,1.5284822998139607,77.12654449999997,0.0,598.5867964864865,119,20,49,40,23,360.10031,0.0,360.10031,0
Spring,lower,TALWA1,757,8456.055528192992,4.285520793202953,159.12000000000012,2895.955395603395,5560.100132589595,240,63,167,93,50,2655.0153891834016,1146.9795510331126,1508.0358381502892,9
Spring,lower,TALWB1,757,14072.861322304054,20.225705599149407,419.42857142857133,9137.832230036827,4935.029092267227,240,63,167,93,50,6606.723675178529,3562.070072667014,3044.6536025115156,11
Spring,lower,TARALGA1,757,57818.34913739241,63.60269083859712,797.1065359999999,21178.43163473979,36639.91750265262,240,63,167,93,50,21472.098560956372,7448.141849523689,14023.956711432684,97
Spring,lower,TARBESS1,168,374.28885968108114,2.7521239682432435,25.08648648648649,205.43750832972975,168.85135135135138,24,7,0,10,0,0.0,0.0,0.0,0
Spring,lower,TARONG#1,392,34.12971999999999,0.04005835680751173,0.0,9.129719999999992,25.0,119,20,49,40,23,0.0,0.0,0.0,0
Spring,lower,TARONG#2,392,461.8258703421116,1.517500530329047,13.312241215945948,49.27600192972973,412.54986841238184,119,20,49,40,23,79.0131389945946,13.299839767567567,65.71329922702704,2
Spring,lower,TARONG#3,392,6005.78907538895,15.041324070971957,75.0,1236.2074090970978,4769.581666291852,119,20,49,40,23,3175.439556688097,457.6416043349754,2717.797952353122,18
Spring,lower,TARONG#4,392,6650.301192531221,16.059380347394253,73.01817399999993,1595.1626350949944,5055.138557436227,119,20,49,40,23,3398.4370893306213,535.3762356428572,2863.0608536877644,24
Spring,lower,TNPS1,392,2415.8430102278257,10.87767101200502,63.0,0.0,2415.8430102278257,119,20,49,40,23,1334.2798186386633,0.0,1334.2798186386633,0
Spring,lower,TUMUT3,757,778824.0913051863,696.8271874966837,13514.088,602902.6144103999,175921.47689478638,240,63,167,93,50,233656.70566047454,178034.4835758021,55622.22208467244,40
Spring,lower,ULPBESS1,168,2296.6790141871916,11.483395070935957,79.42167487684728,844.699113004926,1451.9799011822658,24,7,0,10,0,145.29689438423642,103.91133004926107,41.38556433497536,3
Spring,lower,UPPTUMUT,757,234944.0616746539,249.07843218110392,2821.6628976,167430.0316028072,67514.03007184668,240,63,167,93,50,76481.81646094352,58523.17798825381,17958.638472689712,70
Spring,lower,URANQ11,757,31602.69862289233,33.3356787939042,565.9892835664739,24458.109292823192,7144.589330069139,240,63,167,93,50,7712.805015143445,5180.693043638966,2532.1119715044792,27
Spring,lower,URANQ12,757,39076.28625287325,36.8938411909599,634.1786230719999,32190.827654562123,6885.45859831113,240,63,167,93,50,12759.679558902526,10713.489044662525,2046.19051424,35
Spring,lower,URANQ13,757,49385.119037419296,43.934671271733556,613.0615644799999,41488.04072451041,7897.078312908894,240,63,167,93,50,16107.773592622416,13662.912225244505,2444.86136737791,50
Spring,lower,URANQ14,757,39135.6524460797,39.45124251627376,642.36,30623.875541098063,8511.776904981642,240,63,167,93,50,11981.76671852288,9174.497518982338,2807.269199540541,40
Spring,lower,VP5,1519,10729.998456204992,4.553893815473091,27.993600480805036,4268.78580320497,6461.212653000022,139,78,54,36,6,742.5430444944062,600.3297546217408,142.21328987266534,41
Spring,lower,VP6,1519,4330.318957047908,5.113115273933989,45.225637807947024,2518.6858230233006,1811.6331340246074,139,78,54,36,6,863.2934389190026,857.5941301012778,5.69930881772491,33
Spring,lower,W/HOE#1,392,4752.263067011756,8.677609153108826,165.0,201.25570574063372,4551.007361271122,119,20,49,40,23,1502.0329225123153,20.985221674876843,1481.0477008374385,2
Spring,lower,W/HOE#2,392,6038.726650613274,9.805393404167003,165.0,449.46342393042204,5589.263226682851,119,20,49,40,23,1806.6094469601119,20.797789426361334,1785.8116575337506,4
Spring,lower,WAGGNSF1,757,30383.521945152293,27.16090255811075,163.72458641714283,13428.464574779582,16955.05737037271,240,63,167,93,50,10819.543833742246,5166.614192724255,5652.92964101799,78
Spring,lower,WAMBOWF1,78,141.74383783783784,1.4887061605723373,4.394687837837838,35.551972972972976,106.19186486486487,14,5,0,4,0,20.621486486486486,0.16300000000000026,20.458486486486485,1
Spring,lower,WANDB1,392,2363.1478932206096,10.093687625075546,62.5,956.2907434249767,1406.857149795633,119,20,49,40,23,952.7761680069232,548.0379331287445,404.7382348781787,19
Spring,lower,WANDSF1,392,7275.340267919051,15.149384187993697,78.56976799999997,5340.895897919052,1934.44437,119,20,49,40,23,2973.0553193809083,1984.1613893809078,988.8939300000001,71
Spring,lower,WARWSF1,392,2793.331297723339,7.3521601439553015,29.958700675675672,1942.6928184402875,850.6384792830515,119,20,49,40,23,922.8035642251364,683.122149765677,239.68141445945946,77
Spring,lower,WARWSF2,392,2583.357054228465,6.7814208820902895,26.415608108108103,1719.5839268665957,863.7731273618692,119,20,49,40,23,877.9554542823859,596.7835433364398,281.17191094594597,72
Spring,lower,WDBESS1,381,6222.230302446545,25.265327249257428,113.62827670135134,2712.409073898948,3509.8212285475965,118,20,49,40,23,1035.6171682586873,397.9579218201305,637.6592464385567,7
Spring,lower,WDBESS2,78,3078.4250294864864,103.0535537168124,451.4999999999999,1713.9505778918917,1364.4744515945945,14,5,0,4,0,1172.8162162162162,760.0,412.8162162162162,2
Spring,lower,WDBESSG1,224,1556.6967900000002,4.843462857447717,63.294274,543.23073,1013.46606,95,13,49,30,23,515.77415,129.68422,386.08993,3
Spring,lower,WDBESSL1,224,11513.4899,50.9034534997866,199.39999999999998,5741.12734,5772.36256,95,13,49,30,23,5232.44771,2911.3005,2321.14721,25
Spring,lower,WDGPH1,392,23666.407330964586,68.196019213599,287.50873,15739.505017829448,7926.902313135135,119,20,49,40,23,9271.730272178538,6733.574312178538,2538.1559599999996,73
Spring,lower,WELLSF1,2020,52163.20803042276,33.64184970734754,304.6997571428571,19110.92402427154,33052.284006151225,319,122,167,107,50,18096.075608522475,7340.138867336081,10755.936741186391,139
Spring,lower,WELNSF1,2020,103841.4150238206,100.65542960789385,701.8553967142858,37315.52531656365,66525.88970725695,319,122,167,107,50,36577.170265797016,15882.3877278812,20694.78253791582,133
Spring,lower,WHITSF1,236,16080.180179976984,60.01300222581084,276.6233447180649,8679.59214269275,7400.588037284235,100,14,49,32,23,7191.607218411968,5149.972059378596,2041.6351590333718,47
Spring,lower,WLWLSF1,592,90274.44781277931,99.55872707016934,546.7249850400001,38331.53466979461,51942.91314298472,192,57,141,77,46,36071.467800323655,12176.444158675771,23895.02364164788,70
Spring,lower,WLWLSF2,592,87028.90061072947,85.25288722924398,551.7419824799999,36132.19379713128,50896.70681359818,192,57,141,77,46,35468.38767035342,12189.404825548505,23278.982844804916,70
Spring,lower,WOLARSF1,664,67530.26598746172,85.6831352582024,447.3744893828572,24254.661585847854,43275.60440161387,207,60,141,79,46,25480.13744607324,12661.65907134096,12818.47837473228,88
Spring,lower,WOODLWN1,757,11174.56701888823,12.232570629686293,90.10052685714288,6503.631368376999,4670.935650511233,240,63,167,93,50,3814.265735631446,2703.414729529535,1110.851006101911,127
Spring,lower,WOOLGSF1,236,8841.72733,35.72650924615877,100.89930199999998,6618.852320000001,2222.8750099999997,100,14,49,32,23,4059.7098800000003,3062.15567,997.55421,71
Spring,lower,WRSF1,37596,51638.842658918606,1.6219692730442443,9.511503042596349,26626.65003513218,25012.192623786425,2013,1841,982,889,267,5174.97112268946,3044.9683359435526,2130.0027867459075,820
Spring,lower,WRWF1,37596,328097.9010813347,9.112641608412316,58.34690990990992,168393.69444681506,159704.20663451965,2013,1841,982,889,267,25259.37615448999,16471.055682902945,8788.320471587043,809
Spring,lower,WSTWYSF1,757,48720.307685569845,52.66493448620028,312.6158574114286,15688.666447779598,33031.64123779024,240,63,167,93,50,16292.14239638533,7227.500725942884,9064.641670442446,95
Spring,lower,WTAHB1,1506,1642.5996318231123,35.515271439268446,354.3463878326996,332.2763081552599,1310.3233236678523,139,78,41,36,6,1041.1741775362032,156.1752560782786,884.9989214579246,8
Spring,lower,WYASF1,757,32861.09024047175,33.1624061145706,181.47060812571425,11171.251405616946,21689.83883485481,240,63,167,93,50,11754.835207486587,4945.527511098832,6809.307696387754,103
Spring,lower,YABULU,236,23266.50315949367,114.04453817630755,1230.3797468354421,23071.693032911393,194.81012658227846,100,14,49,32,23,7994.684825316456,7830.634192405063,164.05063291139237,16
Spring,lower,YABULU2,236,12816.45569620253,15.042788375824566,410.126582278481,12816.45569620253,0.0,100,14,49,32,23,6500.506329113924,6500.506329113924,0.0,29
Spring,lower,YARANSF1,392,6344.276307807216,17.357875563127664,75.2816216216216,4770.919659601917,1573.3566482052988,119,20,49,40,23,2519.099492833178,1665.7558166169617,853.3436762162162,55
Spring,upper,ALDGASF1,662,195852.13201641245,498.18956126797156,2720.4016601815824,52977.131328433476,142875.000687979,206,32,294,70,39,103598.79312608315,21147.77783525276,82451.0152908304,49
Spring,upper,AVLSF1,37985,47950.50755443764,1.2509561019378104,9.220738944162438,22356.087852919492,25594.419701518145,1446,1705,5883,441,351,4565.55220624092,1705.680023695366,2859.872182545554,332
Spring,upper,BANGOWF1,38729,42162.25355898822,1.153891650282367,5.065722749238578,20889.492422310712,21272.7611366775,1487,1739,6080,456,359,2133.972855932005,976.142523777318,1157.830332154687,610
Spring,upper,BANGOWF2,38729,29205.303215945973,0.7832560022207337,3.6687167512690357,14780.390637730405,14424.912578215568,1487,1739,6080,456,359,2028.1964657474366,1247.3253454615874,780.8711202858494,581
Spring,upper,BARCALDN,1731,3675.128184372164,1.6024218862793724,0.0,2882.1996189469774,792.9285654251871,489,61,649,175,113,435.7662173054906,363.92985366912694,71.83636363636364,5
Spring,upper,BARRON-1,1731,12149.186802344553,12.769138465451945,214.7443519619501,9765.667904106762,2383.5188982377904,489,61,649,175,113,5167.4795850899845,4719.058860288173,448.42072480181196,40
Spring,upper,BARRON-2,1731,6599.92106111783,4.207064239241066,125.09320045300113,3982.9555877823555,2616.965473335474,489,61,649,175,113,1325.2115317231116,778.5806415758864,546.6308901472253,24
Spring,upper,BBATRYL1,5,0.0,0.0,0.0,0.0,0.0,0,1,0,0,0,0.0,0.0,0.0,0
Spring,upper,BBATTERY,5,0.0,0.0,0.0,0.0,0.0,0,1,0,0,0,0.0,0.0,0.0,0
Spring,upper,BBATTERY1,1726,189665.53258264088,93.18536233571047,649.3506493506493,103566.44825795219,86099.0843246887,489,60,649,175,113,73836.2223665629,45237.22740863798,28598.994957924922,157
Spring,upper,BERYLSF1,38729,40139.00603209702,0.94912214257239,6.937062428426388,19279.281157995196,20859.724874101827,1487,1739,6080,456,359,3541.770803543665,828.0665306949503,2713.7042728487145,282
Spring,upper,BHB1,37985,10541.471080324842,0.2885570604088574,3.7160886192893363,5269.141572960122,5272.32950736472,1446,1705,5883,441,351,416.56561451601794,374.09054875967274,42.47506575634518,271
Spring,upper,BLOWERNG,37985,1105.421116751269,0.029899575622929612,0.0,639.4105583756345,466.01055837563456,1446,1705,5883,441,351,119.61441624365483,104.45421319796954,15.160203045685279,65
Spring,upper,BLUEGSF1,1861,30849.087999558502,17.856071268774926,103.23712142857144,13053.676786931313,17795.41121262719,506,67,649,182,113,10968.629266947795,3738.385090939891,7230.244176007905,163
Spring,upper,BOCORWF1,37985,28267.844726765055,0.7658445270673256,3.136817949238577,14008.499426983313,14259.345299781744,1446,1705,5883,441,351,1254.61871603303,665.0780876538431,589.5406283791867,704
Spring,upper,BODWF1,38729,50129.37794634844,1.3709799736455752,6.085231842779303,25218.865753141436,24910.512193207,1487,1739,6080,456,359,1965.9464793226175,901.4174172188532,1064.5290621037643,611
Spring,upper,BOMENSF1,37985,17658.932244351286,0.4519433550305429,3.2445646477157353,8109.840451730903,9549.091792620384,1446,1705,5883,441,351,1637.6575909528035,414.53230955334186,1223.1252813994615,318
Spring,upper,BRAEMAR1,1861,10043.469030120401,4.34911550687923,74.03607666290867,8200.04518439495,1843.4238457254505,506,67,649,182,113,3058.9294141314876,2992.5515260284296,66.37788810305776,53
Spring,upper,BRAEMAR2,1861,8180.492278336348,4.132269818142508,89.89604293968432,6664.697814155397,1515.7944641809497,506,67,649,182,113,1730.8765068337984,1674.0277306211065,56.84877621269209,20
Spring,upper,BRAEMAR3,1861,3238.1365665253866,0.5944949702936286,11.545454545454545,1797.627994870973,1440.5085716544133,506,67,649,182,113,340.1217080102631,340.1217080102631,0.0,5
Spring,upper,BRAEMAR5,1861,6565.289631310274,1.6688914254127898,1.9895178197064989,4459.051996981734,2106.237634328539,506,67,649,182,113,2341.0599109201676,2303.1809486474403,37.87896227272727,21
Spring,upper,BRAEMAR6,1861,6625.817454744834,2.460101386364619,31.407370872770514,5266.987786289999,1358.8296684548366,506,67,649,182,113,1481.8684976761233,1481.8684976761233,0.0,24
Spring,upper,BRAEMAR7,1861,7791.737555384582,5.020820347378336,82.93997734994332,4952.0209510228215,2839.716604361761,506,67,649,182,113,1767.1013385101537,1640.4079009110596,126.69343759909398,28
Spring,upper,BROKENH1,37985,9097.110250420292,0.2354877189771597,2.3205653807106597,4172.497456930725,4924.612793489567,1446,1705,5883,441,351,859.385818703104,285.1669863035512,574.2188323995529,214
Spring,upper,BW01,38729,379976.4422574688,9.566809371455676,50.62152648071065,200812.743391977,179163.6988654918,1487,1739,6080,456,359,34211.34786108683,31442.548592646526,2768.799268440305,889
Spring,upper,BW02,38729,175925.167367058,5.586105633731026,51.98289574416246,99826.99520837721,76098.17215868078,1487,1739,6080,456,359,18410.672445023167,16945.422691073927,1465.2497539492388,453
Spring,upper,BW03,38729,332049.7674175156,8.325613980665404,39.5707044507614,176136.9600024537,155912.80741506192,1487,1739,6080,456,359,30070.775357609644,27880.040463983885,2190.73489362576,921
Spring,upper,BW04,38729,242520.75921161115,5.163576269746797,39.18300152081219,120299.49872611235,122221.26048549882,1487,1739,6080,456,359,17145.131315492945,15190.977118303514,1954.1541971894317,516
Spring,upper,CALL_B_1,1849,14606.551794404486,17.691467077543006,345.0064850843061,13200.109567322095,1406.442227082391,496,64,649,179,113,8394.055065725,7891.668204821992,502.3868609030079,41
Spring,upper,CALL_B_2,1849,70523.64038551915,35.603572002233285,285.25469168900804,43327.674515502964,27195.965870016174,496,64,649,179,113,26351.811244249537,15032.901509206002,11318.909735043537,85
Spring,upper,CAPBES1,37985,27171.353980815366,0.8980758621924686,9.390862944162437,14079.665277556669,13091.688703258693,1446,1705,5883,441,351,1496.2102787783879,946.8718131564808,549.3384656219068,223
Spring,upper,CAPBES1G,16051,270.4568527918782,0.016823641004719968,0.0,135.2284263959391,135.2284263959391,672,590,3622,203,107,0.0,0.0,0.0,0
Spring,upper,CAPBES1L,16051,337.3197969543147,0.020982818919775735,0.0,168.65989847715736,168.65989847715736,672,590,3622,203,107,11.081218274111675,5.634517766497462,5.446700507614213,3
Spring,upper,CG1,38729,4970.349303370496,0.12966257417982047,0.0,2547.196219390801,2423.153083979695,1487,1739,6080,456,359,15.908240467005076,15.908240467005076,0.0,1
Spring,upper,CG2,38729,10847.25024972208,0.29329978566652287,0.2467005076142132,5695.270905752536,5151.979343969543,1487,1739,6080,456,359,349.9878574416244,180.75130921827412,169.23654822335024,9
Spring,upper,CG3,38729,12801.185641228954,0.36385374166334733,1.7269035532994923,6760.525362301101,6040.660278927852,1487,1739,6080,456,359,612.5872217531371,466.66387149932996,145.9233502538071,23
Spring,upper,CG4,38729,10438.917947269034,0.2863302749165528,0.2467005076142132,5181.47958590863,5257.438361360406,1487,1739,6080,456,359,119.43728278172588,14.836267553299491,104.60101522842639,1
Spring,upper,CHBESS1,1856,26784.557026099777,13.451936039132073,115.41358281358264,14685.636225995086,12098.92080010469,506,66,649,182,113,8759.392150037544,4847.307903497716,3912.0842465398273,97
Spring,upper,CHBESSG1,1101,600.4207436173297,1.205664143809899,23.214242359075534,313.0512764422612,287.3694671750684,258,30,319,98,63,0.0,0.0,0.0,0
Spring,upper,CHBESSL1,1101,719.9736696556611,1.445730260352733,28.18877799726204,520.2264681526816,199.74720150297955,258,30,319,98,63,49.47737155741665,49.47737155741665,0.0,2
Spring,upper,CHILDSF1,1731,38406.05791858936,28.224487263816698,191.0595506493506,18751.782006192963,19654.2759123964,489,61,649,175,113,11759.901670467947,5751.73588298064,6008.165787487308,195
Spring,upper,CLARESF1,1731,81743.64256193531,64.8834817845776,1158.3626943699733,48892.73421290618,32850.90834902912,489,61,649,175,113,27620.759396105554,17645.141277189858,9975.618118915696,187
Spring,upper,CLERMSF1,1731,63805.68672798079,45.59857367321403,464.08697997402567,26738.238199776573,37067.44852820422,489,61,649,175,113,21076.17886670436,7308.586904399648,13767.591962304708,165
Spring,upper,CLRKCWF1,1107,114428.51602065834,167.96813569620227,1275.7564401421323,83461.6310615831,30966.884959075236,244,36,364,85,42,50030.49054966572,41710.74694657414,8319.743603091585,125
Spring,upper,CLRKCWF2,662,14398.456177048518,27.743219110408784,136.53439294904788,9717.460514163276,4680.9956628852415,206,32,294,70,39,5476.119564112441,4500.13969018474,975.9798739276998,125
Spring,upper,COLEASF1,37985,29311.766251227677,0.775111085983213,5.436383911675126,13282.125556910003,16029.640694317673,1446,1705,5883,441,351,2517.100864666753,752.1239519343428,1764.9769127324098,284
Spring,upper,COLUMSF1,1861,32354.15838765064,18.336130463452616,123.39389285714287,14234.915579555145,18119.242808095496,506,67,649,182,113,11925.720878986118,4600.294216311125,7325.426662674995,139
Spring,upper,COLWF01,37985,50034.95558850451,1.3825604310725652,6.704418253499778,24022.32477403958,26012.630814464934,1446,1705,5883,441,351,2196.3783034539706,756.06845645148,1440.3098470024906,583
Spring,upper,COOPGWF1,1743,39379.77671730167,31.983511670070047,337.67393974675304,19897.525497165192,19482.25122013648,499,64,649,178,113,12824.305933178679,6833.379455380089,5990.926477798591,149
Spring,upper,CPP_3,1862,146395.85910726344,76.8173772923396,593.9400069090909,101247.26005119715,45148.599056066305,499,64,651,180,114,49748.51927648024,38721.05108798689,11027.46818849335,122
Spring,upper,CPP_4,1849,133254.32189772854,72.59583084376558,688.8053784695202,89455.75579226173,43798.56610546682,496,64,649,179,113,56397.59333735151,42216.0867438257,14181.50659352581,141
Spring,upper,CPSA,1861,3754.3797641130486,1.3657757037051261,16.774517338125133,3062.7004160038705,691.679348109178,506,67,649,182,113,933.8680482518689,817.4778339661545,116.3902142857143,46
Spring,upper,CROOKWF2,38729,22231.307285556784,0.6117212496405576,2.577888730964466,10870.137204502074,11361.170081054706,1487,1739,6080,456,359,936.5207893601845,301.1684418776213,635.3523474825631,516
Spring,upper,CROOKWF3,38729,11451.806361588322,0.3380699676953685,1.8436824365482214,5631.014305811767,5820.792055776555,1487,1739,6080,456,359,541.9104565740436,188.53321543408046,353.377241139963,543
Spring,upper,CRURWF1,38729,56263.010233577974,1.5421147031938105,6.630963979695421,27620.741503411205,28642.26873016677,1487,1739,6080,456,359,2491.084492303837,1157.4439884213969,1333.6405038824405,568
Spring,upper,CRWASF1,37985,8251.747050688426,0.2150834291169512,1.4236724959390796,3971.580650018778,4280.166400669647,1446,1705,5883,441,351,793.0012407364962,295.1860466251603,497.81519411133604,411
Spring,upper,CSPVPS1,1731,38619.637454863645,25.16978310851303,180.13846428571418,16771.345075148016,21848.29237971563,489,61,649,175,113,14053.230289874544,6181.815300812965,7871.41498906158,146
Spring,upper,CUSF1,508,472.07186781315244,0.9292753303408513,5.223361145929016,179.89674271085596,292.1751251022965,32,19,0,12,0,124.21736998643007,49.12152211482255,75.09584787160752,9
Spring,upper,DARLSF1,37985,50071.17525040136,1.320988527570918,8.942551967512689,22945.628136267424,27125.547114133933,1446,1705,5883,441,351,4690.488573337003,1358.2442983744113,3332.244274962591,308
Spring,upper,DAYDSF1,1731,122687.21204383446,99.21257027137021,930.413539051948,57179.18370024146,65508.02834359299,489,61,649,175,113,41178.85688549584,17421.102165179083,23757.754720316756,162
Spring,upper,DDPS1,1861,49145.00420431235,26.663226906822157,231.96000913043474,40746.51843762574,8398.485766686612,506,67,649,182,113,14053.294857191446,13767.001142253423,286.29371493802375,191
Spring,upper,DDSF1,1861,21898.788754127727,11.835275685717283,73.72108015564199,8915.269937858959,12983.518816268768,506,67,649,182,113,8453.556216092502,3204.7348259562887,5248.821390136212,176
Spring,upper,DPNTB1,37985,12475.205931571822,0.34450292337529603,2.464467005076142,6298.716385354732,6176.48954621709,1446,1705,5883,441,351,475.3786659616354,280.2692701531109,195.10939580852454,154
Spring,upper,DULAWF1,1861,20937.175606895642,11.200128556453679,95.735,10152.04663880127,10785.128968094372,506,67,649,182,113,6289.799414632455,3418.292129195233,2871.507285437222,202
Spring,upper,EDENVSF1,1861,35718.1785717172,21.338951792158355,118.98068746611126,16092.266714109857,19625.911857607345,506,67,649,182,113,13189.367929530377,5280.945475946156,7908.422453584221,186
Spring,upper,EMERASF1,1731,86828.38415625574,61.44061515955838,655.6680557142856,43529.6757474789,43298.70840877683,489,61,649,175,113,35334.96166880302,17389.31516595155,17945.646502851472,186
Spring,upper,ER01,38729,243322.3644090207,6.030584841411529,38.18721882284261,115837.67719666602,127484.68721235466,1487,1739,6080,456,359,18760.492869336416,3404.611562113292,15355.881307223124,304
Spring,upper,ER02,38729,258574.4447560637,6.215880390446085,38.029804024873094,124236.50288934531,134337.94186671838,1487,1739,6080,456,359,21756.4637372958,2412.35398158224,19344.109755713558,232
Spring,upper,ER03,38729,53237.44791337538,1.6616908255610385,22.745308149746187,23750.601158573423,29486.84675480195,1487,1739,6080,456,359,5061.178261746498,345.27046400711623,4715.907797739382,109
Spring,upper,ER04,38729,116838.73439747065,2.4863172980148014,23.12081218274112,58505.479893248645,58333.254504222,1487,1739,6080,456,359,8198.906491616364,1374.4173889051522,6824.489102711211,197
Spring,upper,ERB01,508,4974.821072755742,9.792954867629412,96.76409185803759,2577.4283421920672,2397.392730563675,32,19,0,12,0,783.9580554488518,783.9580554488518,0.0,13
Spring,upper,FINLYSF1,37985,24511.284443499026,0.6490027083410492,4.756813775981363,11226.27237500882,13285.012068490207,1446,1705,5883,441,351,2235.512911573827,791.7096348760234,1443.8032766978033,384
Spring,upper,FLYCRKWF,38729,60953.86665553009,1.5617161211423982,7.976599390862931,30683.743016573997,30270.123638956087,1487,1739,6080,456,359,2753.811365293892,1385.5090364105638,1368.3023288833283,592
Spring,upper,GANGARR1,1861,27229.41232116757,14.641411202238345,102.7053988043478,13117.257109186503,14112.155211981062,506,67,649,182,113,9797.997579969486,4280.599723715772,5517.397856253713,184
Spring,upper,GESF1,508,25.60369060960334,0.05040096576693571,0.3290867557411274,11.077967683716075,14.525722925887266,32,19,0,12,0,5.660199473903967,1.6037439425887265,4.05645553131524,6
Spring,upper,GNNDHSF1,39238,231429.0878509275,5.902805695973986,41.20812182741117,122088.70041461862,109340.38743630888,1488,1764,6082,456,360,25641.43157308988,20436.113842758754,5205.3177303311295,768
Spring,upper,GOONSF1,38729,35082.62468501159,0.8740639614150343,6.4248,16948.10282497214,18134.52186003946,1487,1739,6080,456,359,3018.5401755897037,1251.1865885491563,1767.3535870405472,470
Spring,upper,GREENB1,241,2912.5906419005632,19.439084891489657,111.4040755922432,1156.9700960356317,1755.620545864932,34,7,48,11,7,808.5789838456734,251.4883677710981,557.0906160745753,8
Spring,upper,GSTONE1,1731,69606.325228546,49.8109085252843,446.56866696517415,33538.80595418112,36067.51927436489,489,61,649,175,113,22588.357662132825,10894.269921287641,11694.087740845183,59
Spring,upper,GSTONE2,1731,73600.87528563286,57.89883360210816,584.5246623781208,50391.439026971275,23209.436258661586,489,61,649,175,113,30052.11182984573,16498.287671564212,13553.824158281519,87
Spring,upper,GSTONE3,1731,75926.71198432505,48.017340075714465,418.0227651883116,30788.35675159225,45138.35523273279,489,61,649,175,113,24888.868205152194,7345.2323938732525,17543.635811278942,53
Spring,upper,GSTONE4,1731,106743.07675774053,64.74930251028884,683.360306342016,56865.19218017145,49877.88457756907,489,61,649,175,113,33699.24051521756,11684.684120197247,22014.55639502032,76
Spring,upper,GSTONE5,1731,112856.28797870644,54.984952857246945,510.66734711961925,63803.35848194211,49052.92949676433,489,61,649,175,113,38735.241430857255,18910.40711653378,19824.834314323478,88
Spring,upper,GSTONE6,1731,76665.39634823521,42.35935432590143,407.80357134767837,28915.469056126614,47749.9272921086,489,61,649,175,113,30305.931260100737,4249.666758020204,26056.264502080536,51
Spring,upper,GULLRSF1,38729,2666.854932664023,0.06386860190325082,0.44179593908629317,1301.989421355235,1364.8655113087884,1487,1739,6080,456,359,213.87124678818273,50.69448031554091,163.17676647264182,292
Spring,upper,GULLRWF1,38729,33410.68159295223,0.8958727584915813,3.2789151695431475,16260.53908180694,17150.142511145285,1487,1739,6080,456,359,1656.2392272723794,633.1934939766269,1023.0457332957525,531
Spring,upper,GULLRWF2,38729,31285.95467797986,0.8216381911011013,3.181594270050761,15338.478176317032,15947.476501662826,1487,1739,6080,456,359,1543.4453889954893,621.7871851988085,921.6582037966806,554
Spring,upper,GUNNING1,38729,12468.128857724601,0.3309004918552081,1.4072495431472074,6103.8508455234805,6364.278012201121,1487,1739,6080,456,359,560.8082843437671,226.5566015647985,334.25168277896853,574
Spring,upper,GUSF1,116,0.0,0.0,0.0,0.0,0.0,48,15,36,17,14,0.0,0.0,0.0,0
Spring,upper,GUTHEGA,37985,7250.476064297927,0.20387603299912463,3.0181725888324875,4104.559880608378,3145.9161836895482,1446,1705,5883,441,351,804.0189985903734,739.310703613711,64.70829497666247,261
Spring,upper,HAMISF1,1731,43634.26882606695,34.29604701467985,278.9612540531778,21016.22364365203,22618.04518241492,489,61,649,175,113,16662.496284543522,9798.193372182192,6864.3029123613305,236
Spring,upper,HAUGHT11,1731,128806.87074968612,68.31357819066709,630.0185129182884,62459.343241694616,66347.5275079915,489,61,649,175,113,48101.26150525172,19212.202310680397,28889.059194571328,150
Spring,upper,HAYMSF1,1731,54279.5043794861,45.21600042549981,511.49873571428566,29153.909991400935,25125.594388085166,489,61,649,175,113,17996.811656490587,9138.531269107903,8858.280387382683,193
Spring,upper,HEZ1,39187,880.9024298682806,0.021471305471677984,0.0,437.58182214239235,443.32060772588835,1487,1761,6081,456,360,56.719316761421325,0.0,56.719316761421325,0
Spring,upper,HILLSTN1,37985,25832.226431625197,0.6619440700803345,8.387817258883247,12309.61279590658,13522.613635718619,1446,1705,5883,441,351,2713.4620813443235,1196.996022397147,1516.4660589471762,326
Spring,upper,HUMENSW,37985,570.5149111492386,0.014013953475227216,0.0,275.8663079634518,294.6486031857868,1446,1705,5883,441,351,19.730932449746195,9.207196979695432,10.523735470050761,7
Spring,upper,HUNTER1,508,0.0,0.0,0.0,0.0,0.0,32,19,0,12,0,0.0,0.0,0.0,0
Spring,upper,HUNTER2,508,0.0,0.0,0.0,0.0,0.0,32,19,0,12,0,0.0,0.0,0.0,0
Spring,upper,JEMALNG1,38729,27117.562180158784,0.6906884159998276,4.577288624482045,12919.893681308558,14197.668498850224,1487,1739,6080,456,359,2592.3887704915924,957.8009009875958,1634.5878695039962,404
Spring,upper,JUNEESF1,37985,7155.26223318376,0.187731050924679,1.3839876553299475,3342.7430804285905,3812.5191527551697,1446,1705,5883,441,351,671.0814716674438,243.3174767475282,427.76399491991566,417
Spring,upper,KABANWF1,1731,72970.22473376055,43.23066900935435,214.09389367748915,37051.93549089844,35918.28924286211,489,61,649,175,113,23164.266350799837,10287.963950568123,12876.302400231712,162
Spring,upper,KAREEYA1,1731,35320.65360491186,16.376592691218473,216.54671282025367,18394.952581107376,16925.701023804482,489,61,649,175,113,15196.832012067289,7139.955203507056,8056.876808560233,77
Spring,upper,KAREEYA2,1731,45122.64124558507,26.289060929282318,268.6915358100345,25709.093480577983,19413.547765007086,489,61,649,175,113,16935.007042938185,7978.329905332999,8956.677137605186,86
Spring,upper,KAREEYA3,1731,33915.0211398561,14.140941821910994,156.5064935064935,17579.106334280837,16335.914805575263,489,61,649,175,113,14492.313902479129,6710.816350192058,7781.49755228707,79
Spring,upper,KAREEYA4,1731,36349.824669967835,24.535306676718548,268.50259751097946,20950.040118895453,15399.784551072378,489,61,649,175,113,13467.865279316491,6513.250172925842,6954.615106390649,92
Spring,upper,KEPSF1,1731,21354.349522090717,11.58627874413152,101.9639805194805,9565.597635147711,11788.751886943004,489,61,649,175,113,8524.944003352957,2861.132865869634,5663.811137483323,98
Spring,upper,KEPWF1,1731,31625.75516664803,25.98777924563748,150.6543545454545,14848.69219614306,16777.06297050497,489,61,649,175,113,11160.652857705874,5608.061324259956,5552.591533445918,177
Spring,upper,KIDSPHG1,83,0.0,0.0,0.0,0.0,0.0,35,9,27,14,10,0.0,0.0,0.0,0
Spring,upper,KIDSPHG2,83,0.0,0.0,0.0,0.0,0.0,35,9,27,14,10,0.0,0.0,0.0,0
Spring,upper,KIDSPHL1,83,0.0,0.0,0.0,0.0,0.0,35,9,27,14,10,0.0,0.0,0.0,0
Spring,upper,KIDSPHL2,83,0.0,0.0,0.0,0.0,0.0,35,9,27,14,10,0.0,0.0,0.0,0
Spring,upper,KINGASF1,1849,6141.885109367713,3.572147612935583,29.852479403938965,2530.030118179867,3611.854991187846,496,64,649,179,113,2293.5990026837744,646.6959656071801,1646.903037076594,105
Spring,upper,KPP_1,2164,29152.28020845539,26.027671584903725,237.68275348199998,15397.93511814631,13754.34509030908,549,77,690,189,116,7804.547980930573,6726.957679737324,1077.5903011932494,89
Spring,upper,KSP1,1731,92562.337119899,57.40493938964761,541.0505836575876,50889.15768918113,41673.17943071789,489,61,649,175,113,37218.23895678663,19237.48692043669,17980.75203634993,135
Spring,upper,LDBESS1,508,0.0,0.0,0.0,0.0,0.0,32,19,0,12,0,0.0,0.0,0.0,0
Spring,upper,LILYSF1,1731,110282.83913905593,77.76796628849054,652.2751257142854,55270.425594808956,55012.41354424697,489,61,649,175,113,44968.64340445369,25536.25739704684,19432.38600740685,222
Spring,upper,LIMBESS1,508,0.0,0.0,0.0,0.0,0.0,32,19,0,12,0,0.0,0.0,0.0,0
Spring,upper,LIMOSF11,37985,54307.62118122545,1.3896887574597834,13.262875982994922,25269.244727930796,29038.376453294655,1446,1705,5883,441,351,4813.821018662667,2016.0946403410678,2797.7263783215985,333
Spring,upper,LIMOSF21,37985,8098.28569748471,0.20791655079890625,1.9692905913705583,3787.2420504611564,4311.043647023553,1446,1705,5883,441,351,731.4301746862182,286.5313377513199,444.8988369348982,326
Spring,upper,MANSLR1,38729,17752.51364638585,0.46072056505453096,3.8260814619289305,8593.731309109919,9158.782337275932,1487,1739,6080,456,359,2075.019054798218,1117.8576213655717,957.1614334326459,420
Spring,upper,MARYRSF1,781,1706.7207125407986,2.08387406494032,22.406600125786145,944.0525378478211,762.6681746929775,106,16,138,35,14,340.3697936774483,208.202759038513,132.16703463893526,39
Spring,upper,MCINTYR1,1846,10664.344804907201,7.7688735999204965,69.65202722948871,4709.067852875269,5955.276952031932,504,66,649,180,113,3192.314500911034,1500.7171418429775,1691.5973590680564,124
Spring,upper,METZSF1,40268,268942.04513285786,6.708018996593829,49.47399532390865,144907.984755883,124034.06037697489,1505,1806,6103,464,362,32192.633495827693,26033.20324070986,6159.430255117832,949
Spring,upper,MEWF1,1731,91370.87917833615,80.14632865153894,306.2328268482496,50666.70412675734,40704.175051578815,489,61,649,175,113,33154.9949485869,19399.511729441925,13755.483219144975,252
Spring,upper,MIDDLSF1,1731,36349.3676735371,29.43747488913465,288.96865369649805,16015.968090029359,20333.399583507737,489,61,649,175,113,12301.450260336062,4209.038250703178,8092.412009632883,131
Spring,upper,MOLNGSF1,38729,13775.007207255694,0.36364015682623724,3.2588832487309647,6620.021265377977,7154.985941877716,1487,1739,6080,456,359,1292.0535335179702,701.9101284527501,590.14340506522,460
Spring,upper,MOREESF1,40268,109993.37456403545,2.799513421763155,19.74480974619288,61274.17680397259,48719.19776006285,1505,1806,6103,464,362,12163.909726104881,10474.170864199468,1689.7388619054113,1076
Spring,upper,MOUSF1,1731,98893.99149153451,61.646936796397284,433.38432861309695,47772.28143265283,51121.71005888168,489,61,649,175,113,37935.36200103925,19053.836284081695,18881.52571695755,188
Spring,upper,MP1,38729,199971.83995846042,5.386226121673052,26.398884353299472,105705.64569967311,94266.19425878729,1487,1739,6080,456,359,17622.520257328848,16143.898241755058,1478.6220155737903,913
Spring,upper,MP2,38729,150728.4349530114,4.305617025428998,24.011366692385785,80147.07383953437,70581.36111347702,1487,1739,6080,456,359,11669.488695029628,10759.603524178294,909.8851708513325,661
Spring,upper,MPP_1,1846,18457.02378127081,14.95563585301773,80.43486950965973,13030.876089068659,5426.147692202152,504,66,649,180,113,6360.670604554472,5132.975801050982,1227.6948035034902,171
Spring,upper,MPP_2,1846,15199.851098480902,14.562724803340805,69.91884271347675,10618.468527025703,4581.3825714552,504,66,649,180,113,6414.366566999803,4445.636424610166,1968.7301423896374,155
Spring,upper,MSTUART1,1731,11403.95357577633,5.301307583685651,107.602106455266,10598.979212274258,804.9743635020692,489,61,649,175,113,7656.976273326798,7648.580050758664,8.396222568134169,16
Spring,upper,MSTUART2,1731,18056.336332574476,10.059230673270356,425.7561630804077,11511.577929090021,6544.758403484452,489,61,649,175,113,7585.288980655165,7585.288980655165,0.0,18
Spring,upper,MSTUART3,1731,16310.872044759417,5.968176344629529,269.5356738391846,13552.220474485075,2758.6515702743413,489,61,649,175,113,6998.197766269361,6570.756404841397,427.4413614279626,18
Spring,upper,MUCRKSF1,347,8135.889973891199,14.440482989596418,118.78631840796015,4564.877317790131,3571.012656101067,112,27,73,38,21,3430.66712959005,2184.8603863918497,1245.8067431982004,39
Spring,upper,NEVERSF1,38729,59688.69756407471,1.5168879179231889,8.82469351065989,28260.96821446195,31427.72934961276,1487,1739,6080,456,359,5882.755199961355,1470.4170300573023,4412.338169904053,346
Spring,upper,NEWENSF1,40337,498699.8483969672,12.227139605503007,85.87776243654822,272641.2910762118,226058.55732075544,1538,1809,6141,475,370,57196.39581633407,50483.93953676656,6712.456279567518,1068
Spring,upper,NEWENSF2,40337,502598.3647514412,12.32281231304537,87.18222335025374,274513.8373186382,228084.52743280298,1538,1809,6141,475,370,57059.10196946418,49647.766345570606,7411.335623893576,1046
Spring,upper,NYNGAN1,38729,36676.3395629019,0.9232551478047578,5.7810079187817225,17393.236403365037,19283.103159536862,1487,1739,6080,456,359,3565.6974158722473,939.883113620867,2625.8143022513805,353
Spring,upper,OAKEY1,781,1994.6674182638108,1.2377746509782903,45.18867924528302,1008.4599774520857,986.207440811725,106,16,138,35,14,699.7730581761007,699.7730581761007,0.0,12
Spring,upper,OAKEY1SF,781,1416.0797563078916,2.111453218661476,17.225230769230766,812.6520242650141,603.4277320428776,106,16,138,35,14,315.24528648469516,202.75872582150075,112.4865606631944,38
Spring,upper,OAKEY2,781,2144.943095129651,1.5359815486429689,45.18867924528302,1017.8624577226607,1127.0806374069898,106,16,138,35,14,550.7760211111112,550.7760211111112,0.0,7
Spring,upper,OAKEY2SF,781,2096.406288180296,3.490799270775773,23.605224405797106,1095.4948938005023,1000.9113943797938,106,16,138,35,14,540.8966711779578,190.8240989607806,350.0725722171772,36
Spring,upper,PARSF1,38729,25227.32763175549,0.6466975062025311,4.133957999999995,11881.327655931904,13345.999975823586,1487,1739,6080,456,359,2265.2851233253145,924.8691621103599,1340.4159612149547,487
Spring,upper,PUMP1,519,6.289308176100629,0.061659884079417936,1.0482180293501049,6.289308176100629,0.0,45,8,69,16,3,0.0,0.0,0.0,0
Spring,upper,PUMP2,519,3708.595387840671,3.6946407885228574,4.1928721174004195,1597.4842767295597,2111.1111111111113,45,8,69,16,3,2085.9538784067086,1540.880503144654,545.0733752620545,6
Spring,upper,QBYNB1,37985,3476.3817418721305,0.07645288859072465,0.9401015228426396,1748.6178124315134,1727.7639294406174,1446,1705,5883,441,351,191.01685749035533,106.17482344365483,84.8420340467005,220
Spring,upper,RESS1,29947,15218.067436112477,0.5646791018366135,5.914594631472082,7688.20708841283,7529.860347699647,1091,1403,5531,350,307,843.1016576522684,647.7275051252907,195.37415252697775,189
Spring,upper,RESS1G,16051,3520.9807176243658,0.2194981523162533,2.464467005076142,1733.6091474944164,1787.3715701299493,672,590,3622,203,107,221.68739330964468,202.10240611573604,19.58498719390863,55
Spring,upper,RESS1L,16051,4642.112353830457,0.2894594596145867,3.5289820927918667,2315.4976686852797,2326.6146851451776,672,590,3622,203,107,285.0260289035533,178.6951656497462,106.33086325380711,95
Spring,upper,RIVNB2,37985,30885.686526769256,0.8590084355165182,6.40761421319797,15639.66298669467,15246.023540074588,1446,1705,5883,441,351,1366.6981202798027,797.4156196471372,569.2825006326653,178
Spring,upper,ROMA_7,1861,1087.4161541111052,0.3491884244437901,1.1654228855721394,842.4066754285477,245.00947868255756,506,67,649,182,113,182.57924352660908,179.84576181232336,2.733481714285713,19
Spring,upper,ROMA_8,1861,1612.5238916362605,0.6924759805353332,30.912124371460916,1105.3927568683773,507.1311347678834,506,67,649,182,113,255.21049637238684,244.27701465810114,10.933481714285714,20
Spring,upper,RRSF1,1731,163210.30319975968,77.0959677561703,524.7169551233766,73153.64206026949,90056.6611394902,489,61,649,175,113,65170.71042716599,26122.391258069583,39048.319169096416,182
Spring,upper,RUGBYR1,1731,71322.48495611668,56.55555616386664,650.6449314225753,33749.61350042359,37572.87145569308,489,61,649,175,113,27069.677179972074,15193.790714146366,11875.886465825712,212
Spring,upper,RYEPARK1,37985,79594.93695920407,2.155425821671552,8.825017527918774,38922.685946388476,40672.2510128156,1446,1705,5883,441,351,3411.5454332385316,1237.9979977281935,2173.547435510338,566
Spring,upper,SAPHWF1,40906,489760.85601965646,12.782349914105803,64.59789999999997,240939.24206825683,248821.6139513996,1666,1839,6160,504,373,16455.825233040927,11113.471590898784,5342.353642142142,811
Spring,upper,SEBSF1,37985,20891.525223959434,0.5520998697649018,3.9738149238578675,9706.422575286682,11185.10264867275,1446,1705,5883,441,351,2046.3526754530228,648.180212673656,1398.172462779367,378
Spring,upper,SHGEN,4,0.0,0.0,0.0,0.0,0.0,0,0,0,0,0,0.0,0.0,0.0,0
Spring,upper,SHPUMP,4,0.0,0.0,0.0,0.0,0.0,0,0,0,0,0,0.0,0.0,0.0,0
Spring,upper,SMCSF1,1731,130460.94326440262,73.00952952486783,401.22126126126125,58647.08780479477,71813.85545960785,489,61,649,175,113,50078.16572073316,24007.076786554906,26071.088934178257,163
Spring,upper,SNB01,126,0.0,0.0,0.0,0.0,0.0,10,4,0,3,0,0.0,0.0,0.0,0
Spring,upper,SNOWYP,37985,42913.87204431784,1.0730046257693833,18.790558375634518,24782.084203512943,18131.787840804893,1446,1705,5883,441,351,6226.142132556466,5799.761969146313,426.3801634101523,257
Spring,upper,SRSF1,1731,46721.605450155075,34.825487632523,189.25130597014905,23458.33150441028,23263.2739457448,489,61,649,175,113,15878.66388046576,7922.549676893603,7956.114203572159,233
Spring,upper,STAN-1,1731,212147.1727927641,157.12478572695204,893.2052951818177,155610.35419634468,56536.81859641941,489,61,649,175,113,86818.39731333235,67264.07324914147,19554.32406419088,209
Spring,upper,STAN-2,1731,223619.97599582264,158.0108647575568,774.7407284155843,161150.08919170592,62469.88680411674,489,61,649,175,113,90966.23162857318,72301.16821096491,18665.063417608264,194
Spring,upper,STAN-3,1731,160685.69139982524,133.61831898308125,955.0875642857137,121656.51571126963,39029.175688555595,489,61,649,175,113,61093.07453408862,48444.29791591123,12648.776618177399,165
Spring,upper,STAN-4,1731,170220.04136048118,124.82815044900862,592.7367055771725,127778.97095890627,42441.07040157488,489,61,649,175,113,69016.20004965505,55710.363606113424,13305.836443541613,182
Spring,upper,STUBSF1,15043,53978.138242928406,3.6616238387313764,25.55863778705626,24027.355609105292,29950.782633823117,717,700,1672,211,207,7498.3731987838355,2140.950566435811,5357.422632348024,160
Spring,upper,STUBSF2,15043,46921.41531472996,3.319822928488317,25.36276569746191,20442.233117700092,26479.182197029862,717,700,1672,211,207,7061.950370232669,2140.125100015032,4921.825270217638,167
Spring,upper,STWF1,37985,31522.354422811328,0.8933528382030652,4.679671229645081,16489.257705173848,15033.09671763748,1446,1705,5883,441,351,1269.5685811291607,622.3152281325414,647.2533529966195,411
Spring,upper,SUNRSF1,37985,41348.26219745796,1.072968983255451,8.244265508121828,18719.084587001067,22629.177610456896,1446,1705,5883,441,351,3275.437154018363,1170.9896011230398,2104.4475528953235,360
Spring,upper,SUNTPSF1,38729,77633.47699492892,1.9771693212799457,13.058314448730957,36822.55527470137,40810.921720227554,1487,1739,6080,456,359,7362.803270623788,2064.428959875657,5298.374310748131,389
Spring,upper,SWANBBF1,19,0.0,0.0,0.0,0.0,0.0,8,1,4,0,2,0.0,0.0,0.0,0
Spring,upper,SWAN_E,748,8136.17527320722,6.462021350468861,104.11768305765186,3293.7933712750482,4842.381901932172,78,12,104,29,9,1831.148883925454,1272.7688516088917,558.3800323165619,14
Spring,upper,TALWA1,4,0.0,0.0,0.0,0.0,0.0,0,0,0,0,0,0.0,0.0,0.0,0
Spring,upper,TALWB1,4,0.0,0.0,0.0,0.0,0.0,0,0,0,0,0,0.0,0.0,0.0,0
Spring,upper,TARALGA1,37985,21815.61338854045,0.5955055623574513,2.3678829644670034,10546.42197269538,11269.191415845069,1446,1705,5883,441,351,868.4443429782543,332.7940014205886,535.6503415576657,600
Spring,upper,TARBESS1,667,2099.1513393746586,2.6605213426801755,55.41044776119403,931.3920454467354,1167.7592939279234,201,34,290,69,38,641.7624436763758,247.1433309803714,394.61911269600444,12
Spring,upper,TARONG#1,1849,4853.704516875331,2.940939924716373,35.186426425576485,2748.8207942573135,2104.8837226180176,496,64,649,179,113,2014.0112749467476,1652.2730442723487,361.738230674399,47
Spring,upper,TARONG#2,1849,8854.228308182212,7.443298842061272,69.18748982462685,6060.671040734829,2793.557267447382,496,64,649,179,113,3428.834636212192,3024.178162568621,404.6564736435715,89
Spring,upper,TARONG#3,1849,23919.28333259425,12.759411105523982,63.43866592551415,16439.011331630834,7480.272000963414,496,64,649,179,113,8490.547415994157,6971.543738546681,1519.0036774474763,209
Spring,upper,TARONG#4,1849,26582.465243544833,14.264318222445523,68.54942814149823,17950.754676864777,8631.710566680058,496,64,649,179,113,9535.612042060442,7773.387671447377,1762.2243706130664,213
Spring,upper,TNPS1,1900,11569.088158650826,5.421005568523923,81.61363636363635,8908.164210167959,2660.9239484828663,498,68,666,181,115,3555.1909186140374,2246.9545066035207,1308.2364120105171,60
Spring,upper,TUMUT3,37985,175233.7438664778,4.972794409977698,39.06671270578669,87136.69999585212,88097.04387062571,1446,1705,5883,441,351,10999.648159850127,9437.142827758627,1562.5053320914978,331
Spring,upper,ULPBESS1,685,7841.112318629979,10.100931986634208,180.44776119402985,4371.085010109624,3470.0273085203553,216,37,294,73,39,3404.3173576480203,1752.3652985880751,1651.952059059945,20
Spring,upper,UPPTUMUT,37985,134824.00468180716,3.574602492852584,26.140333358984766,68099.9795956536,66724.02508615356,1446,1705,5883,441,351,6340.966978720147,5163.439382580413,1177.527596139735,370
Spring,upper,URANQ11,37985,10393.252331770558,0.3458194134436956,6.988097030456846,4965.91139215533,5427.340939615228,1446,1705,5883,441,351,578.7384351563452,512.3905307411168,66.34790441522843,85
Spring,upper,URANQ12,37985,11034.123455149238,0.3477664939233595,7.0633806395938965,5099.520019591879,5934.603435557361,1446,1705,5883,441,351,887.3725941350253,787.4187227025382,99.95387143248732,112
Spring,upper,URANQ13,37985,16911.659265134094,0.5462311375774187,7.951269035532995,8452.77646253862,8458.882802595474,1446,1705,5883,441,351,855.911404362072,752.7709624727319,103.14044188934011,126
Spring,upper,URANQ14,37985,17836.412554101607,0.5297700872556422,7.951269035532995,8844.0833936706,8992.329160431005,1446,1705,5883,441,351,994.9920305979696,874.3029113360407,120.68911926192894,124
Spring,upper,VP5,38729,158576.91039079818,3.314589596760429,32.105887807106534,79200.59221382943,79376.31817696877,1487,1739,6080,456,359,10358.840938632226,807.553790571643,9551.287148060583,88
Spring,upper,VP6,38729,86468.30585643099,2.6746431472315755,22.462785541116766,37613.2282829108,48855.07757352019,1487,1739,6080,456,359,8458.477207906435,455.96632206470764,8002.510885841729,50
Spring,upper,W/HOE#1,560,1140.0,3.015873015873016,27.5,0.0,1140.0,54,8,69,19,3,30.0,0.0,30.0,0
Spring,upper,W/HOE#2,560,4937.739215944444,5.928981041858466,112.15932914046122,2047.7306470555557,2890.0085688888894,54,8,69,19,3,977.5767030607967,854.2976939203355,123.27900914046121,5
Spring,upper,WAGGNSF1,37985,10747.736667073748,0.27928464246974677,1.9166030025380711,5009.915018875349,5737.821648198398,1446,1705,5883,441,351,957.5772898140225,280.3914235697763,677.1858662442462,326
Spring,upper,WAMBOWF1,662,3379.077771102544,4.646741923832621,43.2203342106375,1922.3474129023261,1456.730358200218,206,32,294,70,39,1334.1844629516286,745.4754195970634,588.709043354565,79
Spring,upper,WANDB1,1861,18484.437828608825,9.170811148264043,66.78577075098809,9888.185604448992,8596.252224159834,506,67,649,182,113,5188.682487695893,3316.378199102289,1872.3042885936038,99
Spring,upper,WANDSF1,1861,31852.473708938793,18.365444981656495,130.32868656716414,15718.86396803127,16133.609740907523,506,67,649,182,113,11124.436014530005,5187.5794582971275,5936.856556232876,199
Spring,upper,WARWSF1,781,1799.2724359343856,2.654020165463901,20.549961538461538,1021.2273933281189,778.0450426062667,106,16,138,35,14,438.747477103199,241.4628945177336,197.28458258546544,25
Spring,upper,WARWSF2,781,1643.8548816018774,2.7558332477214655,21.909499999999994,944.520909432342,699.3339721695354,106,16,138,35,14,422.5965801002893,249.91539038811868,172.68118971217064,31
Spring,upper,WDBESS1,1690,39390.5010280052,49.7635581866674,292.34500648508435,22923.08887918927,16467.41214881593,476,62,624,166,107,17805.629839251993,11695.337233075144,6110.2926061768485,108
Spring,upper,WDBESS2,409,15521.523496196221,24.086732261643366,296.86567164179104,9034.47699425246,6487.046501943761,129,31,85,45,26,4859.89791378419,3356.7390596318123,1503.1588541523784,20
Spring,upper,WDBESSG1,1101,9671.80688665931,6.072329962386655,85.51428571428572,4694.053111691701,4977.753774967608,258,30,319,98,63,1526.9050226255922,1074.8367534174613,452.0682692081312,13
Spring,upper,WDBESSL1,1101,43220.17708592109,22.21707348486198,171.02857142857144,22776.658860483538,20443.518225437554,258,30,319,98,63,11028.357534433608,6938.792795241445,4089.5647391921625,83
Spring,upper,WDGPH1,1861,102702.3542943826,63.98220468029231,257.246997,47464.10413320779,55238.250161174816,506,67,649,182,113,36622.12678506836,15973.82656491986,20648.3002201485,178
Spring,upper,WELLSF1,38729,97467.70751820652,2.4499984668565786,16.547403045685265,45374.26845692722,52093.43906127929,1487,1739,6080,456,359,10287.007032701356,2129.481608895878,8157.525423805478,319
Spring,upper,WELNSF1,38729,184709.7467173984,4.665215422132248,33.740044260913706,84956.15047320015,99753.59624419824,1487,1739,6080,456,359,20213.486520974995,4607.478872903104,15606.007648071893,326
Spring,upper,WHITSF1,1731,69652.96973116833,39.20186146855431,546.9741184651475,39484.246693305686,30168.72303786264,489,61,649,175,113,26355.224995936696,16429.096963810593,9926.128032126106,211
Spring,upper,WLWLSF1,14859,12231.229898958425,0.6158124836000867,5.382678753669337,5316.243370601649,6914.986528356776,712,684,1672,208,207,1698.6059251909858,604.368276870873,1094.2376483201128,185
Spring,upper,WLWLSF2,14859,11980.283030200328,0.6732047213768912,5.1325401067420415,5202.391496585369,6777.89153361496,712,684,1672,208,207,1637.7365191789304,613.6355175717198,1024.1010016072105,183
Spring,upper,WOLARSF1,15043,54614.34650825957,3.7627611812074755,22.87668426395939,20951.89695212628,33662.449556133295,717,700,1672,211,207,8521.198787973282,1716.9324394884738,6804.266348484809,113
Spring,upper,WOODLWN1,37985,9583.843615466487,0.2619885030327249,1.1609364969543134,4650.292179526133,4933.551435940354,1446,1705,5883,441,351,470.5611215954346,310.0406851873467,160.5204364080879,676
Spring,upper,WOOLGSF1,1725,100870.12833206951,55.29978167938365,316.9100798701299,57468.03466134329,43402.09367072622,484,61,645,174,112,32393.097137140965,17971.83676622594,14421.260370915024,214
Spring,upper,WRSF1,40268,32475.47036073845,0.7848504235133831,5.032583756345177,17307.97793784072,15167.492422897729,1505,1806,6103,464,362,2671.8312745307917,2183.679533445329,488.15174108546296,815
Spring,upper,WRWF1,40268,313090.62406241515,8.345284099243573,48.49150126903547,157449.55068653537,155641.07337587982,1505,1806,6103,464,362,15681.643520131034,9886.8349681871,5794.808551943933,779
Spring,upper,WSTWYSF1,37985,20101.93838610226,0.5199818017535471,3.900735111167513,9139.406427087193,10962.531959015068,1446,1705,5883,441,351,1843.3866356194164,540.8176867211259,1302.5689488982907,370
Spring,upper,WTAHB1,38729,97869.15534217015,3.079372444855464,50.326903553299495,52644.02728449578,45225.12805767438,1487,1739,6080,456,359,7541.459046197074,4686.347245414813,2855.1118007822606,148
Spring,upper,WYASF1,37985,12322.692183334702,0.3217296545415766,2.4683102555837566,5597.270824368187,6725.421358966515,1446,1705,5883,441,351,1068.118670736721,356.64617197589735,711.4724987608237,424
Spring,upper,YABULU,1731,67524.16789383316,39.22538596253381,769.8915584415573,58726.97286211595,8797.195031717201,489,61,649,175,113,28691.492652026893,27765.84165768941,925.6509943374858,44
Spring,upper,YABULU2,1731,8610.749893345102,5.990552089642191,300.9740259740246,8361.221591458308,249.5283018867925,489,61,649,175,113,3937.2208609001063,3937.2208609001063,0.0,16
Spring,upper,YARANSF1,781,2617.900130574619,6.165344596373321,61.53846153846153,1592.8007423430226,1025.0993882315965,106,16,138,35,14,1056.7331917339318,667.9305357685911,388.8026559653407,30
Summer,lower,AVLSF1,1083,132456.9559039162,121.10313014694617,660.5311794285714,39746.00469135066,92710.95121256556,366,67,276,124,43,50070.43443709469,15587.79324489743,34482.64119219726,117
Summer,lower,BANGOWF1,1083,54378.232132946236,50.10272815225022,237.91567528517095,26640.572792712333,27737.659340233906,366,67,276,124,43,19030.628190020783,9323.342278922588,9707.285911098194,161
Summer,lower,BANGOWF2,1083,39881.56935388729,36.52483020436729,224.3088947825203,18671.579190946577,21209.990162940714,366,67,276,124,43,16610.99383488302,7576.432905134784,9034.560929748233,151
Summer,lower,BARCALDN,16,789.4936708860758,96.12341772151898,379.3670886075949,789.4936708860758,0.0,8,1,3,4,2,379.3670886075949,379.3670886075949,0.0,1
Summer,lower,BARRON-1,16,0.0,0.0,0.0,0.0,0.0,8,1,3,4,2,0.0,0.0,0.0,0
Summer,lower,BARRON-2,16,0.0,0.0,0.0,0.0,0.0,8,1,3,4,2,0.0,0.0,0.0,0
Summer,lower,BBATTERY1,16,1600.5231530494823,137.08728011123898,315.3164556962025,1210.1894361334867,390.3337169159954,8,1,3,4,2,975.3000840046029,670.3518676639816,304.9482163406214,6
Summer,lower,BERYLSF1,2885,33555.24435992168,19.83306423404073,120.12787609999985,11205.142315089422,22350.102044832252,504,159,285,178,44,11364.767273168894,3616.8102603837024,7747.957012785191,177
Summer,lower,BHB1,1083,18170.57171030953,17.142265191177028,180.20394141925067,12082.741882106217,6087.829828203316,366,67,276,124,43,5446.211045109949,3554.182008078005,1892.0290370319444,70
Summer,lower,BLOWERNG,1083,941.0107740824297,0.9730962383329328,8.43381898454742,928.9577939499794,12.052980132450331,366,67,276,124,43,537.7914096499527,525.7384295175024,12.052980132450331,10
Summer,lower,BLUEGSF1,35,435.0179618951028,15.998903157139917,66.42835,303.51234366850184,131.50561822660097,16,1,3,7,2,278.78048652564473,189.67148652564475,89.109,12
Summer,lower,BOCORWF1,1083,41959.19120044357,39.063952095253974,177.465137804878,23456.36868648439,18502.82251395918,366,67,276,124,43,12545.33211374257,6928.93427305542,5616.39784068715,169
Summer,lower,BODWF1,2885,23765.1268856445,13.653923093513255,98.24384754285704,12512.430396588237,11252.69648905626,504,159,285,178,44,7880.654004551991,4564.58812205432,3316.0658824976717,194
Summer,lower,BOMENSF1,1083,59541.531627413904,54.68557326638444,289.0532228571429,21903.452942001095,37638.0786854128,366,67,276,124,43,25483.330349086275,8364.806257432505,17118.52409165377,149
Summer,lower,BRAEMAR1,35,768.5973371428572,29.958212890786754,120.74949649999998,39.70956714285714,728.88777,16,1,3,7,2,383.57142857142856,24.57142857142857,359.0,6
Summer,lower,BRAEMAR2,35,722.0758228571428,25.880271511387164,122.14999999999998,0.0,722.0758228571428,16,1,3,7,2,221.07582285714287,0.0,221.07582285714287,0
Summer,lower,BRAEMAR3,35,279.42857142857144,6.074534161490684,83.88571428571424,0.0,279.42857142857144,16,1,3,7,2,87.42857142857143,0.0,87.42857142857143,0
Summer,lower,BRAEMAR5,35,274.56010000000003,11.400149094202899,58.064967499999995,0.0,274.56010000000003,16,1,3,7,2,190.88066,0.0,190.88066,0
Summer,lower,BRAEMAR6,35,4.0,0.08695652173913043,1.7999999999999972,4.0,0.0,16,1,3,7,2,0.0,0.0,0.0,0
Summer,lower,BRAEMAR7,35,90.0,3.75,40.499999999999936,0.0,90.0,16,1,3,7,2,0.0,0.0,0.0,0
Summer,lower,BROKENH1,1083,28578.502265675736,27.115132815464946,199.10266159695817,9871.132032757121,18707.370232918613,366,67,276,124,43,11137.162711939303,4484.122468085986,6653.040243853317,86
Summer,lower,BW01,3234,37918.75520576841,17.258810290285165,100.14362605714288,24161.806639353526,13756.948566414878,547,195,285,192,44,10147.613745269995,6332.777449090494,3814.8362961795,179
Summer,lower,BW02,3234,22705.34691331842,13.109091237270993,105.7457488457141,15012.584144591117,7692.762768727302,547,195,285,192,44,7360.561673468447,4899.70032685819,2460.861346610256,114
Summer,lower,BW03,3229,53753.4228685324,25.807904495591274,144.64288244571435,37086.94408877546,16666.478779756933,547,195,285,192,44,16074.727393829558,10387.324310021031,5687.403083808527,177
Summer,lower,BW04,3229,51031.156517985364,23.628256003097448,169.0583264228571,37998.66531026318,13032.491207722185,547,195,285,192,44,14095.578640958654,9612.122107807776,4483.456533150878,152
Summer,lower,CALL_B_1,16,0.0,0.0,0.0,0.0,0.0,8,1,3,4,2,0.0,0.0,0.0,0
Summer,lower,CALL_B_2,16,972.528349367089,40.52201455696204,316.2960074913695,883.1945544303799,89.33379493670903,8,1,3,4,2,972.528349367089,883.1945544303799,89.33379493670903,3
Summer,lower,CAPBES1,1083,63131.96678108437,54.72154261406731,350.76273075474774,38499.58778684857,24632.3789942358,366,67,276,124,43,22889.299843801142,14702.815553879025,8186.48428992212,70
Summer,lower,CG1,2410,1717.3587505306123,2.8899672099788165,58.89187152317881,992.6533244934847,724.7054260371276,326,123,161,114,18,882.9157407214364,823.7386903471432,59.17705037429319,21
Summer,lower,CG2,2410,3384.021467147631,4.147104285066049,62.913907284768214,2346.070365438132,1037.9511017094992,326,123,161,114,18,1586.0282662297366,1310.8376156652125,275.19065056452393,32
Summer,lower,CG3,2410,4364.617548285016,5.604261599427653,62.913907284768214,2566.598527621533,1798.0190206634832,326,123,161,114,18,1712.5733188063646,1332.0230470472527,380.5502717591118,29
Summer,lower,CG4,2410,5029.798396226992,6.132669330354372,62.913907284768214,3035.6597669474454,1994.1386292795466,326,123,161,114,18,1471.3672484743868,1384.2379788018566,87.12926967253016,30
Summer,lower,CHBESS1,35,74.60192,2.5036490760869565,20.330753499999975,4.165660000000003,70.43626,16,1,3,7,2,40.08809,0.0,40.08809,0
Summer,lower,CHILDSF1,16,117.30687999999999,8.596181666666666,16.696140999999997,96.57504999999999,20.73182999999999,8,1,3,4,2,42.26921999999998,41.161039999999986,1.1081799999999973,6
Summer,lower,CLARESF1,16,1379.1613348676642,98.72903720751823,262.8577215189873,400.4248561565018,978.7364787111622,8,1,3,4,2,664.2269275028768,400.4248561565018,263.80207134637516,3
Summer,lower,CLERMSF1,16,3062.3506563866513,218.71621448024547,542.2069833371692,0.0,3062.3506563866513,8,1,3,4,2,926.4041012658225,0.0,926.4041012658225,0
Summer,lower,CLRKCWF1,16,183.24338319907943,22.90542289988493,84.20108170310702,157.09712313003453,26.146260069044896,8,1,3,4,2,0.9697353279631912,0.0,0.9697353279631912,0
Summer,lower,COLEASF1,1083,74926.20528319408,73.78189481069747,492.95413376000005,20480.55426891067,54445.65101428341,366,67,276,124,43,29817.835600463448,8530.352500009427,21287.483100454017,100
Summer,lower,COLUMSF1,35,785.1713129527674,27.152673469987697,88.11715,541.6818449724717,243.4894679802956,16,1,3,7,2,316.96057403651116,246.1525247754274,70.80804926108372,11
Summer,lower,COLWF01,1083,97615.74114627083,87.51960543183507,617.8571428571429,43997.07645649229,53618.66468977855,366,67,276,124,43,39768.82121911665,11690.144826705697,28078.676392410955,123
Summer,lower,COOPGWF1,34,131.73877931034482,4.721146499477534,16.121414999999992,85.55387192118226,46.18490738916256,15,1,3,7,2,67.2248684729064,41.11815714285714,26.10671133004926,8
Summer,lower,CPP_3,16,1702.997279171462,83.96167220943616,693.9844936708862,1548.516110471807,154.48116869965492,8,1,3,4,2,1392.474683544304,1392.474683544304,0.0,2
Summer,lower,CPP_4,16,230.35607848101273,16.099896058688152,69.83824822784803,230.35607848101273,0.0,8,1,3,4,2,12.873339700805545,12.873339700805545,0.0,1
Summer,lower,CPSA,35,373.86691651743456,11.737066119944231,41.9469635,0.0,373.86691651743456,16,1,3,7,2,203.65367902974984,0.0,203.65367902974984,0
Summer,lower,CROOKWF2,1083,47359.39941462983,42.68788826135384,251.78441142857145,22743.088879533418,24616.31053509641,366,67,276,124,43,16301.555877071447,6799.680630755146,9501.8752463163,149
Summer,lower,CROOKWF3,1083,34548.16864623707,31.09540672417273,211.1023542857143,15386.94749640721,19161.221149829857,366,67,276,124,43,12905.26689775182,4597.672483702494,8307.594414049327,132
Summer,lower,CRURWF1,2885,29975.11922037729,18.771764736065936,150.68396571428477,14830.28232708557,15144.836893291726,504,159,285,178,44,9946.164251221515,5781.1447908319005,4165.019460389614,254
Summer,lower,CRWASF1,1083,20303.338417549567,19.200777201677067,115.93673142857143,5930.985394984104,14372.353022565461,366,67,276,124,43,7917.41253248477,2462.987252404955,5454.425280079815,111
Summer,lower,CSPVPS1,16,749.8500998849252,47.96189393939394,69.87898745684694,45.46212980437283,704.3879700805523,8,1,3,4,2,358.68459378596083,45.46212980437283,313.222463981588,1
Summer,lower,CUSF1,640,141194.72375821965,216.63612326596845,1095.9319678285713,72345.80565258335,68848.91810563629,234,47,153,78,31,62148.440967613555,39716.905866584726,22431.535101028832,95
Summer,lower,DARLSF1,1083,139480.78329611712,137.56475383384534,835.7078339657138,42161.27353608368,97319.50976003343,366,67,276,124,43,58304.57813793783,16526.847972366675,41777.73016557115,92
Summer,lower,DAYDSF1,16,2758.1524814729573,234.2836802454929,659.2495726352129,548.0367935558113,2210.115687917146,8,1,3,4,2,839.585813118527,0.0,839.585813118527,0
Summer,lower,DDPS1,35,1056.0812622660098,27.287558907956736,92.89296237931033,10.0,1046.0812622660098,16,1,3,7,2,242.1584761822661,10.0,232.1584761822661,2
Summer,lower,DDSF1,35,459.0850418719212,15.38405888127365,59.379399999999976,450.0530418719212,9.031999999999996,16,1,3,7,2,221.1983842364532,212.16638423645315,9.031999999999996,15
Summer,lower,DPNTB1,1083,21558.459902851682,20.620472171905103,229.7668038408779,11950.146636053982,9608.313266797699,366,67,276,124,43,8986.564652144738,5263.127461146447,3723.437190998291,67
Summer,lower,DULAWF1,35,107.9284593837535,2.9984991170381194,10.181470588235292,36.77635467980295,71.15210470395054,16,1,3,7,2,74.86101110789143,28.836453201970443,46.024557905920986,7
Summer,lower,EDENVSF1,35,656.6026793006857,23.58731000291346,86.6042345,568.3978275765478,88.20485172413795,16,1,3,7,2,240.45144363566118,152.30568038442965,88.14576325123154,13
Summer,lower,EMERASF1,16,976.9101882623704,53.37126490218642,198.87596777905634,8.571001150747922,968.3391871116224,8,1,3,4,2,365.59846628308395,8.571001150747922,357.02746513233603,1
Summer,lower,ER01,2410,13385.217779038476,7.516225794827032,73.91157352649007,8808.414560345522,4576.803218692953,326,123,161,114,18,2635.3092070240614,1926.2812612088107,709.0279458152509,145
Summer,lower,ER02,2410,12137.641770573982,8.360278697351506,79.89034743377483,7469.667912246179,4667.973858327803,326,123,161,114,18,3232.911409956125,2081.5934918605676,1151.3179180955578,90
Summer,lower,ER03,626,6515.732580725012,13.216462508876191,100.8460183443708,5127.908136328239,1387.8244443967722,199,31,152,62,17,2227.6239589341208,1452.5632057747275,775.0607531593935,68
Summer,lower,ER04,626,5785.5238589749,11.120528995270528,93.35597201986755,4804.118365946717,981.405493028183,199,31,152,62,17,1737.3099143175828,1293.8410403862672,443.46887393131556,56
Summer,lower,ERB01,184,3409.5693529139076,43.488518237786735,208.06199328476822,2145.31700397351,1264.2523489403977,69,11,29,18,5,923.9796937086094,679.5738145033113,244.40587920529805,7
Summer,lower,FINLYSF1,1083,48161.09487033226,48.80430510764055,364.04722010288054,13990.219476946902,34170.87539338535,366,67,276,124,43,18218.108845512586,4874.547100849324,13343.56174466326,63
Summer,lower,FLYCRKWF,2872,28611.14336685358,17.353980254467817,104.43453287197227,14559.60967979363,14051.53368705995,499,158,282,175,43,8382.432860643421,5199.070406739199,3183.362453904221,230
Summer,lower,GANGARR1,35,290.66846290930164,9.635857889332645,32.666099999999986,259.16691364821787,31.50154926108374,16,1,3,7,2,170.79458113590263,163.5050146334396,7.289566502463048,13
Summer,lower,GESF1,640,32146.564233398974,49.433897532254115,241.02463462857142,13807.52832781942,18339.035905579552,234,47,153,78,31,12734.833616270364,5555.389847280916,7179.443768989448,63
Summer,lower,GNNDHSF1,12527,113742.75756285814,9.359523849899496,52.48627017627884,72352.8496675563,41389.907895301854,1620,668,294,566,45,25077.74644174766,18394.944389032797,6682.802052714861,879
Summer,lower,GOONSF1,1083,34301.13236711324,30.379365095580074,155.22207377142857,16924.319564678157,17376.812802435088,366,67,276,124,43,11810.738936825182,5974.4632541430965,5836.275682682087,150
Summer,lower,GREENB1,35,0.0,0.0,0.0,0.0,0.0,16,1,3,7,2,0.0,0.0,0.0,0
Summer,lower,GSTONE1,16,205.18569574223235,8.549403989259682,92.33356308400441,205.18569574223235,0.0,8,1,3,4,2,0.0,0.0,0.0,0
Summer,lower,GSTONE2,16,4728.709301726121,278.46415339470656,621.8642117376294,4684.290429459148,44.41887226697353,8,1,3,4,2,2889.916082393556,2845.497210126582,44.41887226697353,6
Summer,lower,GSTONE3,16,4127.215762485615,260.8050679708477,519.7008055235902,4082.796890218642,44.41887226697353,8,1,3,4,2,2587.174638895282,2542.7557666283083,44.41887226697353,6
Summer,lower,GSTONE4,16,3131.5234766398157,134.18171754890676,621.8642117376294,3087.1046043728425,44.41887226697353,8,1,3,4,2,2226.1957008055238,2181.77682853855,44.41887226697353,4
Summer,lower,GSTONE5,16,755.12082853855,94.39010356731875,363.6254278250862,755.12082853855,0.0,8,1,3,4,2,47.748599769850365,47.748599769850365,0.0,1
Summer,lower,GSTONE6,16,0.0,0.0,0.0,0.0,0.0,8,1,3,4,2,0.0,0.0,0.0,0
Summer,lower,GULLRSF1,1083,7373.015255720957,6.327468388097226,42.33548,3128.4748740581417,4244.540381662815,366,67,276,124,43,2958.0838200600147,1319.1306240752708,1638.953195984744,104
Summer,lower,GULLRWF1,1083,56999.2204587429,51.41019511281322,260.8276259016393,23658.307498354403,33340.9129603885,366,67,276,124,43,20307.62080272465,6745.40053311066,13562.22026961399,123
Summer,lower,GULLRWF2,1083,51346.27547990612,46.81528367175784,238.73440507306125,23484.759754499428,27861.515725406694,366,67,276,124,43,15984.004778919112,5953.334812157504,10030.669966761609,143
Summer,lower,GUNNING1,1083,21167.137159179932,20.181394686511922,104.15138597560973,9554.249547470743,11612.887611709193,366,67,276,124,43,7457.78478014756,3053.668668706616,4404.116111440944,148
Summer,lower,GUTHEGA,1083,15114.877454682493,12.86433653656121,123.82285714285715,11054.91930301612,4059.9581516663743,366,67,276,124,43,4523.344629838032,3838.553788286471,684.790841551561,51
Summer,lower,HAMISF1,16,645.7914738780208,45.632835577291914,118.63393680092061,186.78007825086308,459.01139562715764,8,1,3,4,2,332.5153256616802,69.45467157652479,263.06065408515536,2
Summer,lower,HAUGHT11,16,1100.987593555811,72.73544466820096,139.13519159953972,3.0794016110471514,1097.9081919447638,8,1,3,4,2,476.34893993095505,3.0794016110471514,473.2695383199079,1
Summer,lower,HAYMSF1,16,905.9473284234751,73.57989357499041,169.57270538550057,179.28512266973536,726.6622057537398,8,1,3,4,2,468.4330301495971,0.0,468.4330301495971,0
Summer,lower,HEZ1,6324,277.3716687913412,0.017045930116653712,0.0,138.55066573390613,138.82100305743506,792,330,170,266,19,38.238321976176955,17.444758866043486,20.79356311013347,3
Summer,lower,HILLSTN1,1083,80668.84237723166,74.50351675302564,341.9428571428572,28967.0394858781,51701.80289135357,366,67,276,124,43,31736.746518205764,11078.305651665141,20658.440866540623,106
Summer,lower,HUMENSW,1083,1509.731921234834,1.4753461108505344,51.80745523540183,548.869227174914,960.86269405992,366,67,276,124,43,606.3634772294952,233.50611633949077,372.8573608900044,73
Summer,lower,HUNTER1,302,0.0,0.0,0.0,0.0,0.0,87,24,29,24,5,0.0,0.0,0.0,0
Summer,lower,HUNTER2,302,0.0,0.0,0.0,0.0,0.0,87,24,29,24,5,0.0,0.0,0.0,0
Summer,lower,JEMALNG1,1083,32762.416025106213,29.61706576376235,123.68041291428572,14174.478208657083,18587.937816449128,366,67,276,124,43,13225.094719061164,6019.156098371892,7205.938620689272,133
Summer,lower,JUNEESF1,1083,21772.996155312336,19.727733065399708,113.1564,9038.687320594305,12734.30883471803,366,67,276,124,43,9836.038858296535,4309.323040673983,5526.715817622553,153
Summer,lower,KABANWF1,16,742.0801537399309,49.6255577675489,88.71670331415417,453.32384349827385,288.75631024165705,8,1,3,4,2,300.3065298043728,243.87782968929804,56.4287001150748,5
Summer,lower,KAREEYA1,16,1154.5530835443037,48.106378481012655,225.56962025316454,1104.3170886075948,50.23599493670886,8,1,3,4,2,943.2911392405063,943.2911392405063,0.0,5
Summer,lower,KAREEYA2,16,307.59493670886076,19.651898734177216,105.60759493670875,123.03797468354429,184.55696202531644,8,1,3,4,2,41.0126582278481,41.0126582278481,0.0,1
Summer,lower,KAREEYA3,16,1289.18164556962,53.71590189873417,225.56962025316454,1104.6246835443037,184.55696202531644,8,1,3,4,2,943.2911392405063,943.2911392405063,0.0,5
Summer,lower,KAREEYA4,16,240.95152025316452,16.875089715189873,75.61805753164552,123.03797468354429,117.91354556962024,8,1,3,4,2,41.0126582278481,41.0126582278481,0.0,1
Summer,lower,KEPSF1,16,619.5961334867663,47.20722669735328,117.42784810126582,492.51949367088605,127.0766398158803,8,1,3,4,2,371.139746835443,269.84796317606447,101.29178365937857,4
Summer,lower,KEPWF1,16,407.83584672036824,26.060287245876488,73.49505178365938,157.3778490218642,250.45799769850402,8,1,3,4,2,233.00805523590333,18.47640966628308,214.53164556962025,3
Summer,lower,KINGASF1,34,20.049813110837434,0.45567757070085074,3.1100319434729053,15.408983344827584,4.640829766009851,15,1,3,7,2,10.455964201970442,9.369158852216747,1.0868053497536945,5
Summer,lower,KPP_1,35,28.14893704433497,0.611933414007282,5.173880364532012,0.0,28.14893704433497,16,1,3,7,2,0.0,0.0,0.0,0
Summer,lower,KSP1,16,339.308998849252,17.822036823935555,66.07472036823933,116.46296892980442,222.8460299194476,8,1,3,4,2,224.52943613348674,83.0617261219793,141.46771001150745,4
Summer,lower,LDBESS1,758,217.94089234285715,0.2524524309855419,5.257142857142857,124.48914285714285,93.45174948571429,252,60,153,84,31,99.88571428571429,56.35657142857143,43.52914285714286,13
Summer,lower,LILYSF1,16,1122.5445339470657,54.21457614115842,198.87802071346374,355.46559263521283,767.0789413118526,8,1,3,4,2,484.38987341772145,354.95235903337164,129.43751438434978,2
Summer,lower,LIMBESS1,640,7224.574042157497,12.366663411440525,200.57142857142858,2719.027787932583,4505.546254224914,234,47,153,78,31,4209.766980975323,1317.0746486751516,2892.692332300172,8
Summer,lower,LIMOSF11,1083,150722.13958465244,144.43150186490251,659.8939085609755,47481.219450881916,103240.92013377053,366,67,276,124,43,50350.97822499494,12975.216943243502,37375.76128175144,103
Summer,lower,LIMOSF21,1083,22917.077250171435,21.672113011719674,103.96463234348835,7777.115142507974,15139.962107663461,366,67,276,124,43,7742.415193113285,2150.4701491809406,5591.945043932344,113
Summer,lower,MANSLR1,2885,16541.85207406045,9.676901437120447,68.14476200234621,9361.477146599198,7180.374927461255,504,159,285,178,44,4700.250227679162,2513.12611441398,2187.124113265182,152
Summer,lower,MARYRSF1,35,195.2682943349754,6.440451126847291,15.9364095,112.44568931034482,82.82260502463055,16,1,3,7,2,122.2375651231527,75.16755512315271,47.07001,11
Summer,lower,MCINTYR1,35,541.2715089346083,11.76677193336105,64.48803743842363,21.500513860716705,519.7709950738915,16,1,3,7,2,295.1677256833768,16.94368627450981,278.224039408867,1
Summer,lower,METZSF1,38962,408991.0803848209,11.037145358009226,73.42586546639546,213408.17733403156,195582.90305078932,2260,1813,309,821,49,53769.01307070123,42450.48116303365,11318.531907667586,1317
Summer,lower,MEWF1,16,1794.0437762945915,179.3143,574.2713039355581,1652.6376543153049,141.40612197928652,8,1,3,4,2,811.765472497123,695.1189712313003,116.64650126582275,5
Summer,lower,MIDDLSF1,16,80.71111622554659,10.003350594553124,29.950260069044873,0.0,80.71111622554659,8,1,3,4,2,22.725983889528198,0.0,22.725983889528198,0
Summer,lower,MOLNGSF1,2885,15870.465557346735,9.52043458246389,63.443542857142866,7564.277033636465,8306.18852371027,504,159,285,178,44,5574.2895545544025,2736.8517942064564,2837.4377603479456,196
Summer,lower,MOREESF1,38962,118252.22157907001,3.226726970360525,19.01696111516584,66807.84558348462,51444.3759955854,2260,1813,309,821,49,16253.100186291314,12980.346920601247,3272.7532656900685,1392
Summer,lower,MOUSF1,16,961.5705742232449,62.63470043153049,185.05869952819336,300.8967120828537,660.6738621403912,8,1,3,4,2,249.03072635212862,142.151555350978,106.87917100115062,4
Summer,lower,MP1,1083,56366.23138262489,52.30442799260326,288.6881557142846,49915.92804268063,6450.303339944259,366,67,276,124,43,21833.755814148837,19621.263440373168,2212.492373775669,137
Summer,lower,MP2,1083,48861.32827060375,45.72640176281192,258.3745431314286,42415.15604608996,6446.1722245137935,366,67,276,124,43,19809.416234203385,17008.148673214462,2801.2675609889266,132
Summer,lower,MPP_1,35,403.53672681477184,12.178299948871851,53.70688449999998,0.0,403.53672681477184,16,1,3,7,2,243.09604986895906,0.0,243.09604986895906,0
Summer,lower,MPP_2,35,448.79945345729095,15.595052194723717,56.33887450000001,28.395424836601308,420.4040286206896,16,1,3,7,2,282.1027661173895,8.395424836601308,273.7073412807881,1
Summer,lower,MSTUART1,16,4500.462224050632,294.06865870253165,692.0570381012658,4500.462224050632,0.0,8,1,3,4,2,2355.175070886076,2355.175070886076,0.0,5
Summer,lower,MSTUART2,16,2610.9136025316457,108.78806677215191,631.1290636708859,2610.9136025316457,0.0,8,1,3,4,2,1025.3164556962024,1025.3164556962024,0.0,4
Summer,lower,MSTUART3,16,4572.924618987341,279.40038749999997,821.2784810126581,4572.924618987341,0.0,8,1,3,4,2,3086.215758227848,3086.215758227848,0.0,5
Summer,lower,NESBESS1,3263,882.7729178820375,0.711913643453256,0.0,314.7646394906166,568.0082783914208,350,199,20,136,13,56.771585871313675,56.771585871313675,0.0,2
Summer,lower,NESBESS2,3263,843.373087533512,0.6801395867205742,0.0,273.3976882037533,569.9753993297587,350,199,20,136,13,55.20321991957104,55.20321991957104,0.0,2
Summer,lower,NEVERSF1,2885,37578.86550289765,23.79386696545853,140.86802760670938,12960.83109807341,24618.03440482424,504,159,285,178,44,13273.40604027184,5489.02817899453,7784.377861277309,218
Summer,lower,NEWENSF1,35282,646823.1813859993,19.97637453209143,87.2178633305961,347598.56117915787,299224.62020684144,2247,1634,309,816,49,127449.10804535108,119430.4990488642,8018.608996486868,1762
Summer,lower,NEWENSF2,35282,670261.7132008317,20.850495103677883,94.77023266753302,359318.3003245364,310943.4128762952,2247,1634,309,816,49,128930.57696371216,119859.22196362058,9071.355000091566,1763
Summer,lower,NYNGAN1,2885,32278.02486357284,20.25046349594489,133.97779942857142,9776.269527185126,22501.755336387716,504,159,285,178,44,10708.382758861155,3466.6747280625386,7241.708030798616,182
Summer,lower,OAKEY1,35,220.0,4.782608695652174,93.19999999999987,14.0,206.0,16,1,3,7,2,14.0,14.0,0.0,1
Summer,lower,OAKEY1SF,35,85.27517946392351,2.578683539070801,8.193002999999997,61.4206594639235,23.854520000000004,16,1,3,7,2,59.27862301072153,46.655553010721526,12.623070000000002,14
Summer,lower,OAKEY2,35,265.0,6.657608695652174,93.19999999999987,14.0,251.0,16,1,3,7,2,14.0,14.0,0.0,1
Summer,lower,OAKEY2SF,35,270.55984869409826,9.102188902770251,33.341590499999995,191.16180593547762,79.39804275862068,16,1,3,7,2,174.01705652661065,117.44341652661063,56.57364,12
Summer,lower,ORABESS1,640,5091.06225165563,8.158753608422483,153.46285714285716,2941.371428571429,2149.690823084201,234,47,153,78,31,3050.9824030274367,2093.0628571428574,957.9195458845791,16
Summer,lower,PARSF1,1083,21619.596884398634,21.30952679732833,85.65729749638318,10543.975707951544,11075.621176447088,366,67,276,124,43,8105.782757050165,4325.6563143858,3780.1264426643656,140
Summer,lower,PUMP1,18,42.84482758620689,2.3802681992337162,6.4267241379309725,0.0,42.84482758620689,7,0,0,3,0,0.0,0.0,0.0,0
Summer,lower,PUMP2,18,42.14532019704433,2.341406677613574,6.321798029556589,0.0,42.14532019704433,7,0,0,3,0,42.14532019704433,0.0,42.14532019704433,0
Summer,lower,QBYNB1,1083,3646.3716345964854,4.220728142978055,55.18983739837394,1811.223881027746,1835.1477535687393,366,67,276,124,43,1056.5993564200262,637.5598749015187,419.0394815185076,25
Summer,lower,QPSFB1,1,0.0,0.0,0.0,0.0,0.0,0,0,0,0,0,0.0,0.0,0.0,0
Summer,lower,QPSFB2,1,0.0,0.0,0.0,0.0,0.0,0,0,0,0,0,0.0,0.0,0.0,0
Summer,lower,RESS1,1083,51779.89622650148,52.70583116063921,450.337334121673,31758.591786713503,20021.30443978798,366,67,276,124,43,20424.546608858218,11656.501362114743,8768.045246743477,88
Summer,lower,RIVNB2,1083,56177.11610327798,53.5093197270832,597.3878079561042,31277.748703636003,24899.367399641967,366,67,276,124,43,24607.055982170532,14657.951883669226,9949.104098501306,75
Summer,lower,ROMA_7,35,30.63816,1.256662463768116,13.700987999999983,0.0,30.63816,16,1,3,7,2,3.638159999999999,0.0,3.638159999999999,0
Summer,lower,ROMA_8,35,28.7223,1.1768349637681161,12.747264999999985,0.0,28.7223,16,1,3,7,2,2.7223000000000006,0.0,2.7223000000000006,0
Summer,lower,RRSF1,16,2921.933330264672,230.21058995013422,423.5203682393555,0.0,2921.933330264672,8,1,3,4,2,966.0924556962024,0.0,966.0924556962024,0
Summer,lower,RUGBYR1,16,1702.7101615650172,145.78822167242038,446.7579741772151,216.60829136939003,1486.101870195627,8,1,3,4,2,1046.0931539700805,1.5137311852704096,1044.57942278481,1
Summer,lower,RYEPARK1,1083,162315.96466183313,150.8307840811684,713.9363362567897,78736.9875202752,83578.97714155795,366,67,276,124,43,58461.807428408385,26250.07040099951,32211.73702740888,178
Summer,lower,SAPHWF1,39477,523111.1607329501,12.328038263411882,63.126981288032454,258666.46502959862,264444.69570335146,2337,1855,342,833,58,32844.04213319239,18891.685405018332,13952.35672817406,884
Summer,lower,SEBSF1,1083,36548.78322063329,36.65976808597594,234.53317219581737,13211.695317043605,23337.087903589687,366,67,276,124,43,15023.922098857625,5899.049555859671,9124.872542997955,85
Summer,lower,SHGEN,1070,35638.873641609716,37.71548061300573,486.3414634146341,26477.836789261586,9161.03685234813,361,66,273,121,42,13376.738563639201,8662.670673999004,4714.067889640197,47
Summer,lower,SHPUMP,1070,11391.967957625744,10.550433035801044,166.9657794676806,7095.024666717201,4296.943290908543,361,66,273,121,42,2595.662327786761,1130.526105377512,1465.1362224092488,8
Summer,lower,SMCSF1,16,2138.4714591484467,140.86413446490218,196.99979615650173,48.33028446490219,2090.1411746835443,8,1,3,4,2,1037.3531963176065,46.23629136939003,991.1169049482164,1
Summer,lower,SNOWYP,1083,60689.33803901746,48.262758033811984,774.8914285714286,53356.097489210224,7333.240549807236,366,67,276,124,43,32374.69902439024,30037.02857142857,2337.6704529616727,35
Summer,lower,SRSF1,16,211.23546,13.544810833333333,22.347949499999988,175.76001,35.475449999999995,8,1,3,4,2,105.32182,69.84637,35.475449999999995,6
Summer,lower,STAN-1,16,2552.415655926352,120.07332206559263,434.729124223245,2546.3166915995394,6.098964326812428,8,1,3,4,2,1762.613559263521,1756.5145949367086,6.098964326812428,7
Summer,lower,STAN-2,16,2489.9159090909093,117.46916594744917,441.0221911392404,2483.8169447640967,6.098964326812428,8,1,3,4,2,1822.0930989643266,1815.9941346375142,6.098964326812428,7
Summer,lower,STAN-3,16,2551.705431530495,120.0437293824319,434.729124223245,2545.6064672036823,6.098964326812428,8,1,3,4,2,1761.9033348676637,1755.8043705408513,6.098964326812428,7
Summer,lower,STAN-4,16,2554.831272727273,120.17397276563099,434.729124223245,2548.73230840046,6.098964326812428,8,1,3,4,2,1765.0291760644416,1758.9302117376292,6.098964326812428,7
Summer,lower,STUBSF1,2078,45350.137098920786,39.265980267654406,304.32287936423813,14991.692458491973,30358.444640428814,380,111,232,133,35,16471.7583763377,7623.577716295162,8848.180660042539,111
Summer,lower,STUBSF2,2078,40766.70445909397,34.20144985069154,289.1437875118259,12920.46056274897,27846.243896345004,380,111,232,133,35,14120.38156632904,6251.647200129713,7868.734366199327,128
Summer,lower,STWF1,1083,77557.19633433699,74.09304968188891,467.60400519985154,38335.56886923886,39221.627465098136,366,67,276,124,43,27170.20116549466,13841.929660922604,13328.271504572056,131
Summer,lower,SUNRSF1,1083,117099.09869034789,115.12613715711217,598.172646584362,39101.88594563968,77997.2127447082,366,67,276,124,43,41867.761349009525,10805.256271427406,31062.505077582122,109
Summer,lower,SUNTPSF1,2885,64057.77634645493,36.94875928853894,309.8898702285714,24472.285762707597,39585.49058374733,504,159,285,178,44,26654.337292578915,13408.900222327422,13245.437070251495,254
Summer,lower,SWAN_E,35,1492.5883469361538,37.83688824861204,279.14913551627535,204.07414261083747,1288.5142043253163,16,1,3,7,2,783.1516945716218,147.6847290640394,635.4669655075824,5
Summer,lower,TALWA1,1070,56110.14557702163,55.461208385551494,611.7611989360635,29083.130008648517,27027.015568373114,361,66,273,121,42,21535.74260484023,12824.745212543037,8710.997392297193,57
Summer,lower,TALWB1,1070,34511.01399826519,29.816274020894383,419.42857142857133,23927.681724109647,10583.332274155537,361,66,273,121,42,9762.468920978694,6659.046003707171,3103.422917271523,23
Summer,lower,TARALGA1,1083,51287.793463345486,45.25691009296438,375.6857142857143,22090.076633776647,29197.71682956884,366,67,276,124,43,21017.5615850759,5779.179278009331,15238.382307066568,116
Summer,lower,TARONG#1,34,495.41634123645315,17.898350937192117,83.8650045,51.066756261083725,444.34958497536945,15,1,3,7,2,313.31033849753703,15.034477108374372,298.2758613891626,3
Summer,lower,TARONG#2,34,145.57950605172408,3.3086251375391837,17.983608246305415,51.6539142783251,93.92559177339899,15,1,3,7,2,36.515170034482736,15.015528645320178,21.499641389162562,3
Summer,lower,TARONG#3,34,467.27886566256154,16.72352706051276,65.25332499999999,50.95309578817732,416.32576987438426,15,1,3,7,2,236.4209120541872,14.845060665024615,221.5758513891626,3
Summer,lower,TARONG#4,34,491.1939328128078,17.73864184423048,71.79500449999999,50.10076535714283,441.09316745566497,15,1,3,7,2,261.33983483497536,14.864003445812793,246.47583138916258,3
Summer,lower,TNPS1,34,214.70317999999997,8.945965833333332,51.708382499999985,0.0,214.70317999999997,15,1,3,7,2,150.71486999999996,0.0,150.71486999999996,0
Summer,lower,TUMUT3,1083,727770.3955311608,748.010517024774,6951.022633744855,570186.3622990714,157584.0332320894,366,67,276,124,43,401033.2464019033,349650.35994852474,51382.886453378545,132
Summer,lower,UPPTUMUT,1083,243694.05677141607,219.85555085759287,1656.5342978048761,202953.64164527127,40740.415126144784,366,67,276,124,43,112423.15109087637,98289.23712473143,14133.913966144952,140
Summer,lower,URANQ11,1083,33521.870526663406,30.314175556840837,396.48595753999916,26838.059728723194,6683.810797940212,366,67,276,124,43,15861.316749702964,14015.905511244906,1845.4112384580578,64
Summer,lower,URANQ12,1083,54386.88579674026,54.94568280289568,571.6201859999999,43200.25324768346,11186.632549056802,366,67,276,124,43,25123.963359676796,21453.74318580896,3670.2201738678377,81
Summer,lower,URANQ13,1083,50611.05862225822,51.48773603817053,630.1999999999999,40482.73263936869,10128.325982889535,366,67,276,124,43,23366.77868059388,19669.83627463706,3696.9424059568237,73
Summer,lower,URANQ14,1083,46000.82030881992,44.232069645206856,511.160957730038,36568.34431833526,9432.475990484665,366,67,276,124,43,25188.364577531538,21592.957473444,3595.407104087536,89
Summer,lower,VP5,2410,7151.690930718396,6.831320717086325,45.81299049668875,4299.524743609772,2852.1661871086244,326,123,161,114,18,1643.791248114662,985.2938435953204,658.4974045193417,79
Summer,lower,VP6,2410,12754.10157425938,10.487315897394927,46.94494723509936,7847.85895648304,4906.242617776341,326,123,161,114,18,2789.3660654165596,2262.9948733976794,526.3711920188806,132
Summer,lower,W/HOE#1,34,421.91512,17.201008787878788,189.553316,0.0,421.91512,15,1,3,7,2,0.0,0.0,0.0,0
Summer,lower,W/HOE#2,34,486.84743000000003,11.064714318181819,164.59237149999998,0.0,486.84743000000003,15,1,3,7,2,165.0,0.0,165.0,0
Summer,lower,WAGGNSF1,1083,32656.80976789096,29.74388208200504,160.64867991999998,12347.496686538863,20309.3130813521,366,67,276,124,43,13747.201841881753,5812.518688948096,7934.683152933658,161
Summer,lower,WANDB1,35,371.5779562315271,10.070535280395516,45.24999999999997,141.89408866995075,229.68386756157633,16,1,3,7,2,121.28571428571428,118.28571428571428,3.0,6
Summer,lower,WANDSF1,35,481.0904871370617,16.688458814573806,62.39772649999996,399.392051964648,81.6984351724138,16,1,3,7,2,243.675054649377,221.55086085627352,22.124193793103444,14
Summer,lower,WARWSF1,35,405.6917254097041,10.095345479921104,32.91054827586206,345.85527959689614,59.836445812807874,16,1,3,7,2,166.7625852372903,150.4395852372903,16.323,13
Summer,lower,WARWSF2,35,371.6183348180881,9.079679380103364,32.59234135714285,301.82312792153635,69.79520689655172,16,1,3,7,2,172.94032496587138,160.23132496587138,12.709,13
Summer,lower,WDBESS1,35,1767.2529984371681,54.630350219648584,184.99999999999997,620.6866641021926,1146.5663343349752,16,1,3,7,2,640.0907731169709,527.8149110480053,112.27586206896552,11
Summer,lower,WDGPH1,35,1201.1873776166328,35.23253329963695,88.25904999999997,990.3539263851059,210.83345123152708,16,1,3,7,2,357.2537373210664,357.1537373210664,0.10000000000000142,15
Summer,lower,WELLSF1,2885,65110.6531363108,38.08425556082331,212.88281432,23610.406797294105,41500.246339016696,504,159,285,178,44,22112.632862126746,10678.809951621308,11433.822910505438,218
Summer,lower,WELNSF1,2885,124968.75234092138,69.98198019887556,646.9759600000001,43889.66285549611,81079.08948542527,504,159,285,178,44,42298.48929821835,20622.9334425335,21675.555855684852,218
Summer,lower,WHITSF1,16,600.0778596087458,25.00324415036441,73.5014877330265,0.0,600.0778596087458,8,1,3,4,2,369.32905868814737,0.0,369.32905868814737,0
Summer,lower,WLWLSF1,921,90189.41773093135,95.00178260242922,470.4351912,34877.92443586393,55311.49329506742,318,60,232,108,35,38328.73736337155,16093.556953973966,22235.180409397588,113
Summer,lower,WLWLSF2,921,91518.25054792405,93.11324422614491,470.5154598857143,36754.18050645249,54764.07004147157,318,60,232,108,35,39795.22238425069,17157.22581704066,22637.996567210022,106
Summer,lower,WOLARSF1,2885,56457.880984262534,43.80713861910632,342.2354202511258,14297.361219896371,42160.51976436616,504,159,285,178,44,23775.417470813103,8026.118659867812,15749.298810945289,114
Summer,lower,WOODLWN1,1083,19933.981473387335,19.1002658603653,117.15844648656041,10424.960285941524,9509.021187445811,366,67,276,124,43,6636.459417973292,3995.543379681871,2640.916038291421,193
Summer,lower,WOOLGSF1,16,684.13401,41.44608458333333,104.37499999999999,678.93401,5.200000000000017,8,1,3,4,2,364.12701,358.92700999999994,5.200000000000017,6
Summer,lower,WRSF1,38962,60964.61157691883,1.7653371827222577,10.199763843813384,31788.269706416264,29176.341870502572,2260,1813,309,821,49,6391.471846422305,4366.047625882013,2025.4242205402934,1204
Summer,lower,WRWF1,38962,309896.08683113306,7.9389856423855605,33.92324260951502,153682.57516346336,156213.5116676697,2260,1813,309,821,49,22430.148255553388,13646.812083611305,8783.336171942083,816
Summer,lower,WSTWYSF1,1083,59564.22021076982,54.79970346618524,288.3306586742854,20831.118254274214,38733.1019564956,366,67,276,124,43,25788.33434424636,9782.96463518836,16005.369709057999,164
Summer,lower,WTAHB1,2410,3129.0693436877614,4.02020611790714,49.35365853658537,1641.6018956506946,1487.4674480370668,326,123,161,114,18,922.038206660317,698.6055511930334,223.43265546728355,43
Summer,lower,WYASF1,1083,34256.33902339209,31.89897777763099,165.6629548,13166.824783062195,21089.51424032989,366,67,276,124,43,14138.894837741182,5388.556978095969,8750.337859645213,131
Summer,lower,YABULU,16,2881.139240506329,120.04746835443036,628.0063291139238,2819.6202531645567,61.518987341772146,8,1,3,4,2,2050.632911392405,2050.632911392405,0.0,4
Summer,lower,YABULU2,16,943.2911392405063,39.303797468354425,193.78481012658224,922.7848101265822,20.50632911392405,8,1,3,4,2,686.9620253164557,686.9620253164557,0.0,4
Summer,lower,YARANSF1,35,414.156,16.195139492753622,55.53805,158.441,255.715,16,1,3,7,2,290.31000000000006,81.62,208.69,3
Summer,upper,ALDGASF1,115,25732.653773120936,337.80349967234883,1124.6806792156863,13853.43155131493,11879.222221806003,63,6,43,17,6,15222.891339100148,10951.760502540288,4271.130836559858,36
Summer,upper,AVLSF1,16404,24430.623078048848,1.3715823666988614,8.338391471816278,10927.428908027432,13503.194170021416,480,637,130,148,26,1696.7282473483224,541.0722789847716,1155.655968363551,118
Summer,upper,BANGOWF1,17575,19257.756388474143,1.3836991169002477,5.693778601252606,9876.594889363018,9381.161499111127,498,695,130,151,26,666.3645539092428,401.67123674941416,264.6933171598286,228
Summer,upper,BANGOWF2,17575,10108.270732627496,0.7076024657130914,3.3439850730688914,5206.930040454101,4901.340692173395,498,695,130,151,26,453.52125379030616,281.1458196343377,172.37543415596846,202
Summer,upper,BARCALDN,1783,496.8771266540642,0.09573740397958848,0.0,248.4385633270321,248.43856332703209,473,71,452,168,61,106.42570888468808,106.42570888468808,0.0,4
Summer,upper,BARRON-1,1783,1676.2763861599856,0.3229819626512496,16.58790170132325,833.0027677289838,843.2736184310019,473,71,452,168,61,775.0577194706993,318.2140122873346,456.8437071833648,20
Summer,upper,BARRON-2,1783,950.9855808006226,3.8246454606452622,77.25490196078431,908.9628964906037,42.0226843100189,473,71,452,168,61,275.0352339986656,275.0352339986656,0.0,8
Summer,upper,BBATTERY1,1783,109515.7434939332,53.0284066500601,427.35042735042737,60942.748804737676,48572.994689195526,473,71,452,168,61,34708.097664557754,19819.307378314963,14888.790286242793,145
Summer,upper,BERYLSF1,23748,34636.069703223955,1.6043221850339944,8.329856784968687,14243.699835994015,20392.369867229936,1224,1042,583,372,73,4248.535053391657,937.1369506640591,3311.398102727598,258
Summer,upper,BHB1,16404,4760.093923740103,0.32752836587935713,2.449238578680203,2368.4951255799474,2391.598798160155,480,637,130,148,26,130.2151082791878,125.07882181218275,5.1362864670050765,88
Summer,upper,BLOWERNG,16404,512.5140126284512,0.023136025078078173,0.0,281.07238826296896,231.44162436548223,480,637,130,148,26,26.14279889397879,24.900159300070158,1.2426395939086294,5
Summer,upper,BLUEGSF1,2165,45289.78391486783,11.47063912259942,91.85296206896555,23028.949594210688,22260.834320657144,489,95,487,173,63,12530.865676612415,6352.962144827858,6177.9035317845555,214
Summer,upper,BOCORWF1,16404,12131.062740924961,0.9034426033524819,5.642630062630475,5779.747361792531,6351.315379132429,480,637,130,148,26,512.9792907749742,215.57121495398457,297.4080758209896,203
Summer,upper,BODWF1,23748,39292.478459039325,1.7047567716832361,6.686784968684762,21532.189356421506,17760.289102617815,1224,1042,583,372,73,2042.0640518107875,1305.9430151747983,736.1210366359892,511
Summer,upper,BOMENSF1,16404,9620.353791925283,0.4944202698441783,2.9561412205583757,4391.974318774337,5228.379473150946,480,637,130,148,26,676.5162252253807,161.72024957724403,514.7959756481366,125
Summer,upper,BRAEMAR1,2148,16930.948161355922,5.187909740436866,86.80529300567107,10795.44580261552,6135.502358740402,482,91,486,171,62,4858.549070162036,4609.002618221093,249.5464519409426,47
Summer,upper,BRAEMAR2,2148,862.444169219738,0.23698376101663543,0.0,811.2910501271103,51.1531190926276,482,91,486,171,62,51.1531190926276,51.1531190926276,0.0,1
Summer,upper,BRAEMAR3,2148,9188.874845983128,1.6214815766681092,72.84782809073664,5171.6637125923435,4017.2111333907847,482,91,486,171,62,2920.0221799871206,2887.989838941399,32.032341045721765,21
Summer,upper,BRAEMAR5,2148,18090.335208602814,3.958999787776509,103.92294435121464,11565.642730626334,6524.6924779764795,482,91,486,171,62,6183.622327937543,5417.041957281734,766.5803706558091,58
Summer,upper,BRAEMAR6,2148,3367.8717255691704,1.0917369152258678,11.850355435738429,3280.1465276234235,87.72519794574697,482,91,486,171,62,1464.7565740449243,1460.1411894295397,4.615384615384616,12
Summer,upper,BRAEMAR7,2148,7903.018066351585,1.4916767339760293,50.61058601134212,4148.560611163391,3754.457455188194,482,91,486,171,62,2031.229161436673,2028.128972400756,3.100189035916824,24
Summer,upper,BROKENH1,16404,5100.415479322687,0.26154746796544764,1.877026888324873,2192.163112499689,2908.2523668229987,480,637,130,148,26,361.1984389234039,106.94370674338657,254.25473218001736,86
Summer,upper,BW01,23748,254594.23814316455,11.613460776631433,48.28721668841338,146756.8243848148,107837.41375834974,1224,1042,583,372,73,24379.742479268727,22630.406689101786,1749.3357901669406,777
Summer,upper,BW02,23748,109792.69183400933,7.456867860443242,50.502855336638845,74413.90024247274,35378.791591536596,1224,1042,583,372,73,19316.84540652965,17833.22121547061,1483.6241910590384,560
Summer,upper,BW03,23748,222452.23854099622,10.188161213636262,39.96380022964507,129907.53649005835,92544.70205093788,1224,1042,583,372,73,23018.32815003585,21593.850301169492,1424.4778488663565,804
Summer,upper,BW04,23748,201568.81847236154,7.8493347786014525,39.34302638830898,112327.88298191363,89240.93549044791,1224,1042,583,372,73,17547.06383642974,15989.648429051085,1557.415407378655,610
Summer,upper,CALL_B_1,2044,47099.070293097124,56.22223517683708,268.7215578544062,25095.584220410372,22003.486072686756,482,88,486,171,62,16543.850547543207,7982.481765412729,8561.368782130477,99
Summer,upper,CALL_B_2,2044,73152.7490205719,40.34143652519202,316.3572896015327,40688.68378866755,32464.065231904344,482,88,486,171,62,20716.429730391057,10885.44854666545,9830.981183725607,134
Summer,upper,CAPBES1,16404,2960.8630938487568,0.4378890364157161,8.455114822546973,1435.9017941216212,1524.9612997271356,480,637,130,148,26,92.74482577504024,92.74482577504024,0.0,11
Summer,upper,CG1,23748,7898.735212501149,0.3037080092236976,0.24634655532359082,3930.3853145057064,3968.349897995443,1224,1042,583,372,73,725.4028544810149,122.7162428857921,602.6866115952228,13
Summer,upper,CG2,23748,10731.372368962404,0.42115202720401174,0.0,5382.561778972465,5348.810589989939,1224,1042,583,372,73,888.6595900948663,415.72169853779417,472.93789155707213,20
Summer,upper,CG3,23748,15263.805209912933,0.6494932306893069,1.7244258872651357,8082.1275818722015,7181.677628040732,1224,1042,583,372,73,1207.5698762723775,579.9379615320662,627.6319147403113,36
Summer,upper,CG4,23748,11028.229416022468,0.518726085383498,0.0,5715.6308736392,5312.598542383268,1224,1042,583,372,73,860.8355774621797,533.0092377701394,327.82633969204034,34
Summer,upper,CHBESS1,2194,22578.54871091517,12.115568551574341,91.76470588235294,11305.49049767318,11273.058213241986,489,95,487,173,63,5094.243785693721,2898.2773951847175,2195.9663905090033,67
Summer,upper,CHILDSF1,1783,32328.66936607882,23.983328198559658,119.79060765517241,17475.043571677772,14853.625794401045,473,71,452,168,61,11488.926825081893,4426.314448785046,7062.612376296847,175
Summer,upper,CLARESF1,1783,153100.92629144518,101.21423586728962,693.2049799358973,91738.79197555468,61362.1343158905,473,71,452,168,61,54832.53436007149,35920.60540874721,18911.92895132428,214
Summer,upper,CLERMSF1,1783,66541.61847355704,47.29579929644706,341.4955862068966,36260.9820616945,30280.63641186254,473,71,452,168,61,22148.884775797902,14016.705541328021,8132.179234469881,208
Summer,upper,CLRKCWF1,1184,8735.432070718816,18.418012529373673,241.34902745098037,3732.1918744968743,5003.240196221944,287,39,206,94,26,4494.926923849245,1246.728526457132,3248.1983973921133,74
Summer,upper,CLRKCWF2,115,1191.954564014441,9.76270033764994,49.54723137254902,411.26289131105926,780.691672703382,63,6,43,17,6,811.4276578973045,299.30342585377673,512.1242320435276,25
Summer,upper,COLEASF1,16404,14896.436110853781,0.8885775912680379,5.945483776096027,6653.087821724288,8243.348289129493,480,637,130,148,26,1082.3635671059965,380.32915267650117,702.0344144294952,116
Summer,upper,COLUMSF1,2165,54947.11194098818,16.17394516685855,169.9398373846149,27058.89379860144,27888.21814238674,489,95,487,173,63,13798.277192761598,6706.844264610493,7091.432928151105,206
Summer,upper,COLWF01,16404,20567.638175230004,1.3772179631322712,4.970592200507616,10274.102012281573,10293.536162948432,480,637,130,148,26,735.9555538550617,451.77556394665925,284.1799899084025,235
Summer,upper,COOPGWF1,1901,63175.32424888764,27.087141931843373,147.76980151228733,33038.51397205265,30136.810276835004,480,78,453,170,62,13263.045785774311,7530.350432190632,5732.695353583681,208
Summer,upper,CPP_3,2078,204846.3550862513,75.83830520970973,645.274868501916,124676.19200712949,80170.1630791218,482,90,486,171,62,67281.63571341318,42300.25980588606,24981.375907527126,210
Summer,upper,CPP_4,2044,168182.51587628986,119.77477547501958,582.6779869463602,92378.5108833719,75804.00499291797,482,88,486,171,62,56084.72452152516,30173.499790040787,25911.224731484377,203
Summer,upper,CPSA,2165,6356.961329392507,1.475915846892115,28.31149456527902,5301.419327556492,1055.542001836014,489,95,487,173,63,2281.0820207087454,2281.0820207087454,0.0,59
Summer,upper,CROOKWF2,17575,12499.726653099608,0.7641537553165931,2.7035518984771576,6252.803396786231,6246.9232563133755,498,695,130,151,26,405.08433561999243,208.3295454995008,196.75479012049163,204
Summer,upper,CROOKWF3,17575,8314.089713187692,0.4958364149917358,1.6616413705583755,4189.887179383568,4124.202533804123,498,695,130,151,26,288.207278053035,156.89540557662735,131.3118724764077,232
Summer,upper,CRURWF1,23748,41402.793503865636,1.9404322697171148,9.436014613778706,21485.2973582136,19917.49614565204,1224,1042,583,372,73,2813.597212883968,1342.2025198733465,1471.3946930106217,550
Summer,upper,CRWASF1,16404,3781.623928827475,0.20329940136162095,1.26229792893401,1706.470325515355,2075.15360331212,480,637,130,148,26,239.16051882664766,47.60398736667905,191.55653145996862,96
Summer,upper,CSPVPS1,1783,49237.50453375987,35.44473341610779,212.32997166666664,26083.765746856378,23153.73878690349,473,71,452,168,61,16859.287174852045,9678.740207915193,7180.546966936851,206
Summer,upper,CUSF1,133,163.28980085177452,1.2857464633997993,8.851032346659691,48.25989713465553,115.029903717119,0,11,0,0,0,0.0,0.0,0.0,0
Summer,upper,DARLSF1,16404,26956.193462399056,1.5084787296793536,8.521075251776649,12204.805527648605,14751.38793475045,480,637,130,148,26,1815.3247816968592,436.03877675586637,1379.2860049409928,105
Summer,upper,DAYDSF1,1783,160734.26256233462,124.12128373189148,727.51455,79456.4816764759,81277.78088585872,473,71,452,168,61,54184.017383769286,28246.832840390114,25937.18454337917,205
Summer,upper,DDPS1,2194,69684.12105323875,17.871824440114803,171.8347870623817,56008.815041337344,13675.306011901397,489,95,487,173,63,17451.922684625402,16155.134190722085,1296.7884939033174,210
Summer,upper,DDSF1,2194,34054.26462700687,15.815519082529148,79.11652329501918,16451.676165960092,17602.588461046777,489,95,487,173,63,7980.415847878272,4269.859058399963,3710.55678947831,234
Summer,upper,DPNTB1,16404,5466.235641943871,0.3921961154001487,2.4660751565762005,2731.3826505014345,2734.852991442437,480,637,130,148,26,155.19622434581322,92.06299418274112,63.1332301630721,55
Summer,upper,DULAWF1,2165,27667.078355995647,7.883393724731532,62.69834239697539,14239.619332725144,13427.459023270501,489,95,487,173,63,7012.901846287045,4058.3254659915196,2954.5763802955253,230
Summer,upper,EDENVSF1,2165,47428.4451197497,23.667122125561395,170.16376313793106,25481.934662992004,21946.510456757693,489,95,487,173,63,14874.31906899757,10589.87189898469,4284.447170012883,237
Summer,upper,EMERASF1,1783,69500.63046168521,53.48082354342296,279.04186666666664,33892.43130099141,35608.199160693795,473,71,452,168,61,22395.463543267317,11084.903843246284,11310.559700021035,217
Summer,upper,ER01,23748,122666.62084432763,5.340719025026807,33.34341121033399,56907.48173068602,65759.1391136416,1224,1042,583,372,73,9080.380920567663,1882.181223995781,7198.199696571882,286
Summer,upper,ER02,23748,92557.97177004341,3.6670721783376177,33.30685851776649,46303.31741362013,46254.654356423285,1224,1042,583,372,73,6030.902466557045,1744.2419230073124,4286.660543549732,160
Summer,upper,ER03,23748,77884.58957968096,3.3675156155702877,20.145835236040615,35530.72544396816,42353.86413571281,1224,1042,583,372,73,6004.12461831392,1276.1292290300396,4727.99538928388,332
Summer,upper,ER04,23748,62944.6989899569,2.5872093122607414,21.789774848730968,29060.3051042629,33884.39388569399,1224,1042,583,372,73,4735.018743043265,900.4313704128278,3834.587372630437,190
Summer,upper,ERB01,6296,124973.22311007309,18.504985490920877,99.9831622546973,54683.8779264927,70289.34518358039,724,357,453,219,47,14166.127939540711,6366.09667565762,7800.03126388309,153
Summer,upper,FINLYSF1,16404,12869.529855163162,0.8093437063132155,7.689227530062628,5715.318376172967,7154.211478990194,480,637,130,148,26,796.5338913772358,156.70454354207834,639.8293478351575,108
Summer,upper,FLYCRKWF,23748,45763.24188122689,1.9593020695672996,10.59498956158664,24349.684952704018,21413.556928522867,1224,1042,583,372,73,2651.8551329799657,1221.5180279151105,1430.3371050648552,506
Summer,upper,GANGARR1,2165,38007.82565818494,15.201503527445135,102.4129366910866,20114.86169718281,17892.96396100213,489,95,487,173,63,10859.11670495842,5911.564839868095,4947.551865090324,208
Summer,upper,GESF1,133,2.537891733820459,0.019983399478901254,0.16379126544885161,0.5485921951983299,1.9892995386221295,0,11,0,0,0,0.0,0.0,0.0,0
Summer,upper,GNNDHSF1,40318,205475.85326221734,5.256639958830091,42.38299492385789,117948.6405228501,87527.21273936723,1588,1992,583,488,73,26873.46398489937,21470.014927186774,5403.449057712596,841
Summer,upper,GOONSF1,23748,30071.33701920133,1.3960076783833804,7.472895131524,13741.45905001069,16329.877969190644,1224,1042,583,372,73,3274.068836700949,1558.6197661934762,1715.4490705074725,468
Summer,upper,GREENB1,595,3577.1063878989225,9.607029804133413,151.7129440017265,1912.9030045758996,1664.2033833230234,135,30,175,45,12,1108.597562720264,506.54818378413097,602.0493789361332,17
Summer,upper,GSTONE1,1783,25966.175127144503,9.668380567077135,200.10985615384615,11896.801478116739,14069.373649027762,473,71,452,168,61,8704.021365557302,5831.439114557219,2872.5822510000844,55
Summer,upper,GSTONE2,1783,72960.14147197186,62.549049777676174,315.60582029803925,28137.85111764093,44822.29035433093,473,71,452,168,61,24916.48632394388,7588.904341824351,17327.581982119525,100
Summer,upper,GSTONE3,1783,69184.45986129706,61.698496392544776,347.8987188078431,29014.58198593768,40169.87787535938,473,71,452,168,61,24985.025030074503,9464.364503655428,15520.660526419073,109
Summer,upper,GSTONE4,1783,66175.16870910939,30.84054481555468,317.49420765517243,27138.158465715926,39037.010243393466,473,71,452,168,61,22494.985046253205,7256.871359577593,15238.113686675611,64
Summer,upper,GSTONE5,1783,23851.879418150715,16.082539909813093,331.62162542735047,7176.9031887404,16674.976229410313,473,71,452,168,61,11541.27371986906,2400.1481350489753,9141.125584820084,76
Summer,upper,GSTONE6,1783,30090.71527018933,45.68605101482743,335.49163187450984,13620.131975145358,16470.583295043973,473,71,452,168,61,10633.584088488531,4545.713633816311,6087.870454672219,38
Summer,upper,GULLRSF1,17575,1110.9608830859188,0.04956744201392811,0.37626629208773754,517.6278926625698,593.3329904233489,498,695,130,151,26,54.71276040331231,10.564601029385488,44.14815937392682,94
Summer,upper,GULLRWF1,17575,15053.826558661538,0.9016694347222588,3.4732170020876807,7632.511650965285,7421.314907696253,498,695,130,151,26,553.3508555269034,259.0879108472924,294.262944679611,225
Summer,upper,GULLRWF2,17575,15610.174024203205,0.9211574527114724,3.6320533527918784,8034.399051312784,7575.774972890421,498,695,130,151,26,620.2531211333851,323.6426794405431,296.610441692842,229
Summer,upper,GUNNING1,17575,6079.959164962729,0.3967050669289017,1.6087137787056367,3060.0378082450047,3019.9213567177244,498,695,130,151,26,223.8327402780421,117.39647554815824,106.4362647298839,227
Summer,upper,GUSF1,64,276.12646,6.8205502564102565,30.15967,133.19406999999998,142.93239,39,4,34,12,4,175.15197,44.772079999999995,130.37989,3
Summer,upper,GUTHEGA,16404,1298.7557954213198,0.05878783562470834,0.07788832487309652,661.2964655695432,637.4593298517767,480,637,130,148,26,40.404568527918784,32.888345177664974,7.516223350253807,16
Summer,upper,HAMISF1,1783,65507.5926881328,48.52836181858203,302.08813487012986,35216.0422067049,30291.550481427897,473,71,452,168,61,24131.02777088295,14592.763087701593,9538.264683181356,221
Summer,upper,HAUGHT11,1783,120863.88162106853,77.07700604536906,555.8843103448276,60653.043733791805,60210.83788727672,473,71,452,168,61,43821.82958892124,23091.642032939504,20730.187555981738,195
Summer,upper,HAYMSF1,1783,57185.54303553897,45.30798187260279,236.04839512231064,27796.253941762032,29389.289093776933,473,71,452,168,61,21003.025950153202,9906.650975148706,11096.374975004495,194
Summer,upper,HEZ1,23783,1173.9811460123033,0.04030908059569215,0.0,602.139230493332,571.8419155189714,1224,1042,583,372,73,46.43149772474381,29.71844260992126,16.71305511482255,5
Summer,upper,HILLSTN1,16404,11619.228979672103,0.6834844837958938,4.581911540101522,5430.0114259292395,6189.217553742864,480,637,130,148,26,1041.218438529784,501.00461865005974,540.2138198797243,129
Summer,upper,HUMENSW,16404,78.21192305786802,0.0037351604518446324,0.0,50.65482521725889,27.55709784060914,480,637,130,148,26,2.668894565482234,1.0603309553299494,1.6085636101522844,1
Summer,upper,HUNTER1,6296,1223.4949085386222,0.13589857920011353,0.0,694.3528183716077,529.1420901670147,724,357,453,219,47,0.0,0.0,0.0,0
Summer,upper,HUNTER2,6296,12730.423046889355,2.574747566806352,19.69363256784969,4040.956826158664,8689.46622073069,724,357,453,219,47,747.1398747390398,484.4227557411274,262.71711899791234,7
Summer,upper,JEMALNG1,23748,20430.771387264347,1.017165279222873,6.773096,8947.049140099618,11483.72224716473,1224,1042,583,372,73,2345.357967449591,933.6903564151476,1411.667611034443,336
Summer,upper,JUNEESF1,16404,3745.999413294946,0.19945051828642332,1.3402848225888324,1746.2222588593377,1999.777154435608,480,637,130,148,26,232.05802821148944,72.9703624554909,159.0876657559985,151
Summer,upper,KABANWF1,1783,44971.89830173485,28.038699521860973,234.1854482758621,19170.31045721038,25801.587844524467,473,71,452,168,61,13896.070387694746,4568.045060802023,9328.025326892724,155
Summer,upper,KAREEYA1,1783,23563.84284559936,11.598142386794699,126.9506319658118,10718.820512993057,12845.022332606302,473,71,452,168,61,8095.312282649365,2990.051306486774,5105.260976162592,70
Summer,upper,KAREEYA2,1783,22799.17840830849,14.11626631488962,149.23076923076923,10612.485742888186,12186.692665420303,473,71,452,168,61,8606.852670309429,3778.1428626953875,4828.709807614041,77
Summer,upper,KAREEYA3,1783,22406.87310566936,11.073482631640859,124.28859592543472,9791.523384285669,12615.349721383694,473,71,452,168,61,6506.858085225073,2253.056232242509,4253.801852982564,68
Summer,upper,KAREEYA4,1783,15808.464721518334,11.3665868383327,96.66966940170937,7244.087511149856,8564.377210368479,473,71,452,168,61,6965.183090263221,3077.8538843247866,3887.3292059384344,74
Summer,upper,KEPSF1,1783,22529.129091243838,12.23462109609047,83.45793103448277,10590.434480616304,11938.694610627532,473,71,452,168,61,7693.96486353515,3611.984103079308,4081.980760455841,174
Summer,upper,KEPWF1,1783,23307.187286443463,11.571068079332852,112.98529411764706,9113.507657808997,14193.679628634465,473,71,452,168,61,8384.291829846967,3100.1265399983067,5284.165289848661,192
Summer,upper,KINGASF1,2044,4282.25902025968,7.42225168773821,39.47011764705883,2412.538148567055,1869.7208716926252,482,88,486,171,62,1939.5026980115672,1286.435668427147,653.0670295844202,105
Summer,upper,KPP_1,19039,241144.91029125074,13.34836377041279,134.63033650251336,116558.49083109944,124586.41946015133,938,1051,497,304,67,41660.357893641754,39636.3008428907,2024.0570507510581,361
Summer,upper,KSP1,1783,64855.33269952727,42.079183653991954,254.50615427350425,35328.250864954614,29527.08183457266,473,71,452,168,61,22873.626476048878,14880.993202574382,7992.633273474495,229
Summer,upper,LDBESS1,6296,11863.76803757829,1.3981080971885742,10.438413361169104,6455.795344467641,5407.972693110647,724,357,453,219,47,1848.5283611691025,1544.5519206680585,303.97644050104384,39
Summer,upper,LILYSF1,1783,100175.24163039637,77.53325031314931,378.081958443855,54489.75954161551,45685.48208878086,473,71,452,168,61,35051.47178250672,21878.705653200665,13172.766129306057,206
Summer,upper,LIMBESS1,133,0.0,0.0,0.0,0.0,0.0,0,11,0,0,0,0.0,0.0,0.0,0
Summer,upper,LIMOSF11,16404,27290.916250149745,1.5188871862331486,9.511043632567844,12537.92515725701,14752.991092892735,480,637,130,148,26,1652.258318004061,716.4767025360405,935.7816154680203,146
Summer,upper,LIMOSF21,16404,4286.217380524729,0.23109014726046698,1.557371416497462,1970.3507213017083,2315.866659223021,480,637,130,148,26,275.86858585150424,132.92378749595147,142.9447983555528,159
Summer,upper,MANSLR1,23748,16319.514032928404,0.7593906763261334,5.082167248434236,7750.504996300483,8569.009036627922,1224,1042,583,372,73,1985.4918926362336,1198.4183344063833,787.0735582298504,392
Summer,upper,MARYRSF1,1973,4986.050542355915,3.404222342768954,24.233748864779876,2433.787304875362,2552.263237480553,394,88,407,131,46,1427.7659599193191,757.8931951010214,669.8727648182977,159
Summer,upper,MCINTYR1,2194,5333.204794407606,17.087394861704663,181.5327140171224,2510.701569246036,2822.5032251615703,489,95,487,173,63,1303.694881686826,782.41131069999,521.2835709868359,95
Summer,upper,METZSF1,45619,293440.83615651616,6.447147066123804,44.617783147147136,156490.88908592556,136949.94707059057,1682,2263,606,527,82,31757.07002241727,26719.629966724686,5037.440055692584,1075
Summer,upper,MEWF1,1783,66077.16486986875,50.33349217671891,632.8424452332658,30975.300188005545,35101.8646818632,473,71,452,168,61,29032.483578707102,13261.727350852634,15770.75622785447,212
Summer,upper,MIDDLSF1,1783,23437.624919241964,23.689565316088732,138.09166666666667,11232.320889059483,12205.304030182482,473,71,452,168,61,7716.523070626751,4013.7147731547325,3702.8082974720187,132
Summer,upper,MOLNGSF1,23748,12478.94466393232,0.6106942604152882,3.8990001670146137,5798.495830286067,6680.448833646252,1224,1042,583,372,73,1490.150766253549,814.3376653104256,675.8131009431233,419
Summer,upper,MOREESF1,29342,101182.37969896369,3.9448563219485564,21.454697286012525,59320.20455300783,41862.175145955865,1320,1347,606,412,82,11385.209948771477,9681.369442055488,1703.84050671599,972
Summer,upper,MOUSF1,1783,110248.04432832942,91.60542610640084,362.96979042145597,53845.77681593676,56402.267512392646,473,71,452,168,61,38085.20369063245,20526.346101602554,17558.857589029893,197
Summer,upper,MP1,23748,117743.26831422345,5.200430504193347,24.37263504488518,66913.25846701844,50830.009847205,1224,1042,583,372,73,9499.911545011671,8802.438998956877,697.4725460547957,677
Summer,upper,MP2,23748,107907.71180581248,4.306087498840175,20.624222484864287,59979.17140306412,47928.54040274836,1224,1042,583,372,73,8307.61318058534,7778.391349156893,529.2218314284468,620
Summer,upper,MPP_1,2241,17455.555426081908,15.080555821741362,68.57410815686275,12640.236016856217,4815.319409225694,489,96,487,173,63,5055.826954544637,3828.8079709708327,1227.0189835738047,128
Summer,upper,MPP_2,2293,13162.5205420187,10.709389149919582,51.88264351372545,7937.572353678453,5224.948188340248,489,97,487,173,63,4164.35942270275,2472.145195879362,1692.2142268233874,121
Summer,upper,MSTUART1,1783,1997.1163136380526,0.4699513214087611,0.0,1081.4641397250093,915.6521739130435,473,71,452,168,61,527.3275593572778,527.3275593572778,0.0,5
Summer,upper,MSTUART2,1783,1831.3043478260868,0.35285247549635584,0.0,915.6521739130434,915.6521739130434,473,71,452,168,61,532.1842758034026,532.1842758034026,0.0,5
Summer,upper,MSTUART3,1783,2339.4151720356267,0.5973283193030096,0.0,1589.6420151358157,749.7731568998109,473,71,452,168,61,84.04860879017014,84.04860879017014,0.0,3
Summer,upper,MUCRKSF1,64,1681.3747778823529,40.278017708990355,132.95857411764703,365.7985042352941,1315.5762736470588,39,4,34,12,4,1156.2459415294118,271.35943364705884,884.8865078823529,7
Summer,upper,NESBESS1,3007,401.25260960334026,0.3988594528860241,0.0,401.25260960334026,0.0,307,169,243,96,27,0.0,0.0,0.0,0
Summer,upper,NESBESS2,3007,401.25260960334026,0.3988594528860241,0.0,401.25260960334026,0.0,307,169,243,96,27,0.0,0.0,0.0,0
Summer,upper,NEVERSF1,23748,42501.07153328358,2.004542182268318,10.540058596033404,18066.58369305206,24434.487840231526,1224,1042,583,372,73,5153.290742875957,1245.5338412679698,3907.756901607987,290
Summer,upper,NEWENSF1,29321,466223.0690456738,16.60145515808124,84.46146192893401,263104.8388167039,203118.23022896994,1318,1347,606,411,82,58130.56476295764,52855.83101992553,5274.733743032111,1005
Summer,upper,NEWENSF2,29321,478900.8288823948,17.06932674032309,88.95220220220219,270546.48177191935,208354.3471104755,1318,1347,606,411,82,59441.21941722106,54385.15318409242,5056.066233128634,1011
Summer,upper,NYNGAN1,23748,31273.607179536717,1.452547788398612,8.44898173277662,12402.899651286796,18870.70752824992,1224,1042,583,372,73,3760.4499216501317,794.4439313851966,2966.005990264935,254
Summer,upper,OAKEY1,1973,2002.9191760337294,0.4638990623935359,14.10372040586246,1076.63107731099,926.2880987227395,394,88,407,131,46,621.283269420808,569.9650711221312,51.31819829867675,18
Summer,upper,OAKEY1SF,1973,4556.480182615227,5.350836955546676,28.185915848155034,2307.183849783522,2249.296332831705,394,88,407,131,46,1155.3281444815461,647.6662736354436,507.66187084610226,183
Summer,upper,OAKEY2,1973,2038.1241555288534,0.4277647334552112,15.981589914933835,1022.3382515850569,1015.7859039437964,394,88,407,131,46,626.4389970591113,551.3234460194137,75.11555103969754,21
Summer,upper,OAKEY2SF,1973,8806.084705487225,12.647676146481748,65.83488186886116,4370.652408926042,4435.432296561182,394,88,407,131,46,2229.384488142746,1175.4795614897473,1053.9049266529983,153
Summer,upper,ORABESS1,6296,1422.181962421712,0.15805439061031573,0.0,802.1567432150313,620.0252192066806,724,357,453,219,47,308.211503131524,196.87634655532358,111.3351565762004,17
Summer,upper,PARSF1,23748,21376.41890039865,0.9125757879688159,4.777954070981211,9658.966482572041,11717.452417826611,1224,1042,583,372,73,2046.644874167459,833.7069213589007,1212.9379528085585,397
Summer,upper,PUMP1,63,3462.549083769634,66.58748238018526,692.5098167539268,3462.549083769634,0.0,15,1,1,5,1,0.0,0.0,0.0,0
Summer,upper,PUMP2,63,532.4947589098533,7.195875120403423,62.89308176100526,6.289308176100629,526.2054507337526,15,1,1,5,1,526.2054507337526,0.0,526.2054507337526,0
Summer,upper,QBYNB1,16404,1340.8588130149642,0.061681594302013344,0.6580710659898477,679.3711887209772,661.487624293987,480,637,130,148,26,59.61406082793116,32.07696707970781,27.53709374822335,72
Summer,upper,RESS1,16404,9771.689596464645,0.6221105994302113,5.914594631472082,4873.072183331838,4898.617413132806,480,637,130,148,26,581.507798308968,415.45741082406016,166.05038748490776,107
Summer,upper,RIVNB2,16404,13830.797902169692,0.9710903613602643,6.411732275574113,6894.921931318915,6935.875970850776,480,637,130,148,26,457.55973073322605,257.3412603746193,200.21847035860677,58
Summer,upper,ROMA_7,2165,2002.7554992764492,0.3504571818672016,3.029818647125137,1036.941840205155,965.8136590712944,489,95,487,173,63,675.0030133544539,541.3902899896145,133.6127233648393,28
Summer,upper,ROMA_8,2165,2157.6211549496106,0.4028754703621165,3.6054114994363022,1113.4219617302933,1044.1991932193173,489,95,487,173,63,804.6174164674356,607.9282776160021,196.6891388514336,24
Summer,upper,RRSF1,1783,143337.05236204682,79.26269641125877,595.4878665782493,75625.9392070763,67711.11315497052,473,71,452,168,61,48609.9830437168,29339.87311425159,19270.10992946521,223
Summer,upper,RUGBYR1,1783,82125.31263494976,60.11831417925769,352.3709871794871,43749.787960566246,38375.52467438351,473,71,452,168,61,26349.477473794945,15238.948157167617,11110.529316627328,205
Summer,upper,RYEPARK1,16404,38224.4836627849,2.6490711961341815,11.196530986430053,19736.178140206837,18488.305522578063,480,637,130,148,26,1123.5954859636624,606.881957029095,516.7135289345673,212
Summer,upper,SAPHWF1,46396,509768.8088932056,10.826718495430748,60.80374999999999,242846.01710441985,266922.7917887858,1761,2304,607,543,83,20243.74925119101,10183.726609001049,10060.02264218996,771
Summer,upper,SEBSF1,16404,10913.107658959654,0.5844212300209581,4.087403318274111,5111.847328156549,5801.260330803105,480,637,130,148,26,704.9310412620775,254.8281216954067,450.10291956667083,168
Summer,upper,SHGEN,49,62.81600616869918,1.2819593095652895,11.768292682926829,58.84146341463414,3.9745427540650407,9,0,0,3,0,18.04471544715447,18.04471544715447,0.0,2
Summer,upper,SHPUMP,49,0.0,0.0,0.0,0.0,0.0,9,0,0,3,0,0.0,0.0,0.0,0
Summer,upper,SMCSF1,1783,124109.93404952323,89.90626093751303,525.4806551724139,68574.53133717568,55535.40271234754,473,71,452,168,61,43164.55179450119,27171.16655999472,15993.385234506475,215
Summer,upper,SNOWYP,16404,18557.039446492385,0.8319304160533434,18.790558375634518,10662.28856852792,7894.750877964468,480,637,130,148,26,1587.831390862944,1522.0352284263959,65.79616243654823,66
Summer,upper,SRSF1,1783,41954.19986025148,25.886068063077946,158.11177777777777,21514.351051471887,20439.848808779592,473,71,452,168,61,15065.001507381661,6217.0482881473845,8847.953219234278,195
Summer,upper,STAN-1,1783,168618.74485069013,94.6747621229354,697.8704713852815,103981.88343229325,64636.86141839685,473,71,452,168,61,57058.00918027272,36050.27120477206,21007.73797550066,220
Summer,upper,STAN-2,1783,188545.98755987707,93.0736226891781,712.2077922077923,119088.56083665891,69457.42672321814,473,71,452,168,61,66134.1618586065,41824.877144750826,24309.28471385567,223
Summer,upper,STAN-3,1783,177969.64483116037,112.90834192808036,661.3416234926187,104967.43948140887,73002.20534975152,473,71,452,168,61,55815.59921002629,31636.179376102868,24179.41983392342,226
Summer,upper,STAN-4,1783,173911.98353536596,95.62698001290575,656.4586394405594,105576.52396413582,68335.45957123014,473,71,452,168,61,58934.78434215173,36158.390570724594,22776.393771427138,223
Summer,upper,STUBSF1,20207,43166.63197345866,3.2565712595556846,30.144506784968687,14496.360707739472,28670.271265719188,1176,868,508,341,56,6385.950141123926,1874.9302734922587,4511.019867631668,261
Summer,upper,STUBSF2,20207,40993.515236829124,3.0790702410189943,28.07770093945721,13905.099821317268,27088.415415511852,1176,868,508,341,56,6296.913957080074,1801.5881700085524,4495.325787071522,374
Summer,upper,STWF1,16404,18395.27462297074,1.1273365644273674,4.540721776649747,10233.796996145278,8161.477626825462,480,637,130,148,26,786.6473622363501,489.8715708769758,296.7757913593744,248
Summer,upper,SUNRSF1,16404,23085.202916706596,1.3171936003971305,7.500155572081219,10390.583895022271,12694.619021684324,480,637,130,148,26,1339.643118718856,617.4760188566671,722.1670998621888,157
Summer,upper,SUNTPSF1,23748,64541.12561296891,3.041796626629521,16.526186693110617,28081.646626833048,36459.47898613587,1224,1042,583,372,73,6773.92531981231,2436.9689883828014,4336.956331429508,406
Summer,upper,SWANBBF1,64,0.0,0.0,0.0,0.0,0.0,39,4,34,12,4,0.0,0.0,0.0,0
Summer,upper,SWAN_E,662,2186.2013108721794,1.9716569746288506,33.62287777577176,1270.3971068501414,915.804204022038,156,32,179,54,12,430.7615318300472,342.890153019576,87.8713788104712,9
Summer,upper,TALWA1,49,0.0,0.0,0.0,0.0,0.0,9,0,0,3,0,0.0,0.0,0.0,0
Summer,upper,TALWB1,49,0.0,0.0,0.0,0.0,0.0,9,0,0,3,0,0.0,0.0,0.0,0
Summer,upper,TARALGA1,16404,10672.93298521455,0.669422117410629,2.5209753807106603,5234.608019484948,5438.324965729602,480,637,130,148,26,375.29384707484223,193.75065710915771,181.54318996568446,221
Summer,upper,TARBESS1,115,5417.113141338744,50.31282485840327,331.03448275862075,3712.5289628397572,1704.5841784989861,63,6,43,17,6,4517.867705233266,2862.6952914401627,1655.1724137931037,17
Summer,upper,TARONG#1,2044,15011.87123003713,4.53580200744726,53.331025641025605,9211.134769658565,5800.7364603785645,482,88,486,171,62,4363.267881277475,3048.6724956814915,1314.595385595983,151
Summer,upper,TARONG#2,2044,15402.25574958045,14.096014002507774,59.294117647058826,9685.102637630367,5717.153111950084,482,88,486,171,62,4756.323448884428,3644.251724978358,1112.07172390607,148
Summer,upper,TARONG#3,2044,17439.74668309106,7.117931649270478,53.368321525641,11079.103864371998,6360.642818719063,482,88,486,171,62,5568.051805894305,4012.2113543724968,1555.8404515218085,168
Summer,upper,TARONG#4,2044,18245.868421664207,15.841611468816893,59.294117647058826,11476.940750461119,6768.92767120309,482,88,486,171,62,6196.425458923691,4542.282295588579,1654.143163335112,189
Summer,upper,TNPS1,2050,7975.0959300750155,10.480706061171768,77.36029411764707,4688.7760583363515,3286.3198717386645,482,88,486,171,62,2959.3818602635633,1992.2151976855353,967.1666625780282,49
Summer,upper,TUMUT3,16404,70997.95802598729,3.8433970122729724,25.725923701522838,35029.6735874687,35968.28443851858,480,637,130,148,26,3316.1693426243655,2368.534669711675,947.6346729126903,86
Summer,upper,ULPBESS1,147,3379.1768416269165,11.65479594437081,115.2839067702551,1830.2233806972079,1548.9534609297089,63,6,43,17,6,550.7425721101714,313.5869008891781,237.1556712209933,16
Summer,upper,UPPTUMUT,16404,47662.16172364305,2.7383059817403264,20.203888641624363,23420.888941464968,24241.272782178075,480,637,130,148,26,2842.352648261987,2272.817815105625,569.5348331563616,153
Summer,upper,URANQ11,16404,3445.024487919797,0.15580018032206636,0.09939086294416244,1637.9619162862946,1807.0625716335026,480,637,130,148,26,134.14711122944163,66.50220872994925,67.64490249949239,33
Summer,upper,URANQ12,16404,4176.344409499492,0.18846795820162587,0.4167637786802043,1971.4946015979694,2204.849807901523,480,637,130,148,26,102.49080333096447,52.10165842233502,50.38914490862944,30
Summer,upper,URANQ13,16404,6432.245405841624,0.2965449018392018,1.440316229949239,3052.468685747208,3379.7767200944163,480,637,130,148,26,209.64084358375635,161.69605096649747,47.944792617258884,41
Summer,upper,URANQ14,16404,7122.406937956345,0.32897825504795825,3.3489741329949236,3381.272031773604,3741.1349061827414,480,637,130,148,26,212.62301474314722,177.04280924670053,35.58020549644671,54
Summer,upper,VP5,23748,106923.47776732752,4.067883948737738,23.472614438578677,50829.63690762962,56093.840859697906,1224,1042,583,372,73,6373.302454672904,899.3652943420082,5473.937160330896,111
Summer,upper,VP6,23748,125376.73342438001,5.170162584371491,23.128968472032575,58541.00884766549,66835.72457671454,1224,1042,583,372,73,7818.597250141751,895.2457159168794,6923.351534224872,122
Summer,upper,W/HOE#1,139,0.0,0.0,0.0,0.0,0.0,59,5,35,20,5,0.0,0.0,0.0,0
Summer,upper,W/HOE#2,139,349.7631623529412,5.015625729564553,99.58746352941176,349.7631623529412,0.0,59,5,35,20,5,199.17492705882353,199.17492705882353,0.0,2
Summer,upper,WAGGNSF1,16404,5805.172404613064,0.29937759390048285,1.9661711517766496,2699.9404995573814,3105.2319050556816,480,637,130,148,26,371.7525210532872,97.22796954542528,274.5245515078618,130
Summer,upper,WAMBOWF1,115,381.2472400108862,3.9933134110732866,22.2316047058823,156.41760228311668,224.8296377277695,63,6,43,17,6,209.00971410650575,82.65467182313394,126.3550422833718,43
Summer,upper,WANDB1,2165,30375.43755579303,10.479844550602486,87.41379310344828,16216.550270332555,14158.887285460478,489,95,487,173,63,7065.376247648794,4673.754960924701,2391.621286724093,107
Summer,upper,WANDSF1,2165,44101.97949677319,19.414585348604295,145.6896551724138,23680.316958768806,20421.662538004377,489,95,487,173,63,13041.974621054516,7390.746481344494,5651.228139710021,211
Summer,upper,WARWSF1,1973,6245.663659923969,2.88224312542317,24.706096486662318,3231.6937774656317,3013.9698824583375,394,88,407,131,46,1815.9365761103995,1060.6988432642056,755.237732846194,178
Summer,upper,WARWSF2,1973,5979.352405817221,2.778953007422293,21.40233103448276,3025.5223982105813,2953.83000760664,394,88,407,131,46,1736.75945604692,976.0332164478644,760.7262395990555,178
Summer,upper,WDBESS1,2194,99005.52408711029,35.46056183523085,204.13696334195924,52948.66926288419,46056.854824226095,489,95,487,173,63,25334.434542656687,18671.85775957119,6662.5767830854975,227
Summer,upper,WDBESS2,96,4271.4240324003895,46.87728210549204,240.8823529411765,2956.4897789979987,1314.9342534023904,39,4,34,12,4,1977.5294117647059,1425.1058823529413,552.4235294117648,8
Summer,upper,WDGPH1,2194,170756.37081755223,80.111303785142,429.60147049572646,82329.03125254998,88427.33956500226,489,95,487,173,63,48211.35974330015,31956.445078242043,16254.914665058106,254
Summer,upper,WELLSF1,23748,70762.20165294019,3.28186568634306,16.020173472338186,30096.92093943584,40665.28071350435,1224,1042,583,372,73,8098.609722398063,2595.555775507041,5503.053946891023,334
Summer,upper,WELNSF1,23748,145935.52411105263,6.712272148179069,35.43731294363255,60485.61013052438,85449.91398052825,1224,1042,583,372,73,16102.010005858814,4535.253987643677,11566.756018215137,337
Summer,upper,WHITSF1,1783,61301.23442461256,49.322246648,262.65559999999965,34756.23201822033,26545.002406392225,473,71,452,168,61,21971.44522292426,12942.976000178865,9028.469222745396,183
Summer,upper,WLWLSF1,12863,11815.631822267529,0.827065442089113,4.6930444,5194.75930815629,6620.872514111238,432,463,55,117,9,837.5118374637943,191.25462656243653,646.2572109013577,78
Summer,upper,WLWLSF2,12863,10054.993664837244,0.7140875428596412,4.364385152284264,4512.811751890842,5542.181912946403,432,463,55,117,9,749.0056387714745,161.71364244467003,587.2919963268045,72
Summer,upper,WOLARSF1,23748,51548.98509489362,4.036968505157997,42.022821503131524,16176.319380257017,35372.665714636605,1224,1042,583,372,73,10100.632120441496,2587.2849002451903,7513.347220196307,232
Summer,upper,WOODLWN1,16404,3931.778355500851,0.27046246286774406,1.4157785751565761,1878.4199142839766,2053.3584412168743,480,637,130,148,26,150.86568327121455,79.63192147064504,71.23376180056951,192
Summer,upper,WOOLGSF1,1776,67641.40367950826,43.36502627068365,253.67043589743588,35289.587311082,32351.81636842626,473,71,452,168,61,24638.4525858166,11799.395218964371,12839.057366852232,217
Summer,upper,WRSF1,45619,36741.743425846114,0.8091671637130786,5.6224224224224235,19944.3421764255,16797.401249420607,1682,2263,606,527,82,3367.3899231226806,2691.853474321206,675.5364488014745,1035
Summer,upper,WRWF1,45619,299146.8811714718,6.574042030199428,33.917923857868,143338.61540525427,155808.26576621755,1682,2263,606,527,82,14717.947383304905,6384.873569462949,8333.073813841957,742
Summer,upper,WSTWYSF1,16404,10284.632169280634,0.5255074596230641,3.5981420134517763,4694.461261436272,5590.170907844363,480,637,130,148,26,689.5967369863563,215.8456308067104,473.75110617964594,161
Summer,upper,WTAHB1,23748,22503.27722238777,1.4475217084170489,18.47599164926931,10967.36198515993,11535.915237227839,1224,1042,583,372,73,1334.2091723604651,743.7302259380326,590.4789464224325,182
Summer,upper,WYASF1,16404,6194.769827793626,0.3113291894551075,2.354377062690355,2831.6666261769055,3363.103201616721,480,637,130,148,26,409.9126739182865,159.8537050001981,250.0589689180884,180
Summer,upper,YABULU,1783,27277.082446504206,9.365099756315479,204.58270251149628,21867.81569422608,5409.266752278125,473,71,452,168,61,9820.91173160735,9285.481949308867,535.4297822984828,30
Summer,upper,YABULU2,1783,4577.88300795756,1.3456446231503705,0.0,4577.88300795756,0.0,473,71,452,168,61,1973.598585322723,1973.598585322723,0.0,8
Summer,upper,YARANSF1,1973,11649.570364257279,10.339151112692024,69.10007963897,5620.653488747913,6028.916875509366,394,88,407,131,46,3376.7984299685772,1896.739602923179,1480.0588270453982,121
Winter,lower,AVLSF1,29,50.99152792355586,2.3859459625115216,11.557126256983228,13.010622895622896,37.98090502793296,17,0,0,5,0,17.469150837988828,0.0,17.469150837988828,0
Winter,lower,BANGOWF1,29,2318.33090550759,56.0290575040912,282.04889678770934,1221.2776535466398,1097.0532519609505,17,0,0,5,0,1130.3290676034087,33.275815642458085,1097.0532519609505,2
Winter,lower,BANGOWF2,29,2201.647885108064,45.74501345973704,186.34086033519554,1136.3113844214963,1065.336500686568,17,0,0,5,0,1289.6767030904953,372.9424022346369,916.7343008558585,2
Winter,lower,BERYLSF1,168,176.32717564339458,1.0085464250670062,4.244581412268189,88.59489974591372,87.73227589748086,36,1,0,11,0,41.89254170339206,24.058439008439127,17.83410269495294,12
Winter,lower,BHB1,29,1481.3515038654702,34.86642401670335,119.2877094972067,715.7262569832402,765.6252468822302,17,0,0,5,0,1078.4241295637944,715.7262569832402,362.69787258055413,6
Winter,lower,BLOWERNG,29,0.0,0.0,0.0,0.0,0.0,17,0,0,5,0,0.0,0.0,0.0,0
Winter,lower,BOCORWF1,29,65.64246299494,3.860174997272539,11.10931447811449,50.57572556477244,15.066737430167557,17,0,0,5,0,41.9462583262794,31.09220804694983,10.85405027932957,10
Winter,lower,BODWF1,168,636.2143652259814,7.592778143661714,34.77598114525139,384.3418097286109,251.87255549737046,36,1,0,11,0,338.11816419531266,246.3448795554345,91.77328463987817,23
Winter,lower,BOMENSF1,29,14.402623023531403,0.7134233695615372,3.4434787878787865,4.051151515151515,10.351471508379888,17,0,0,5,0,2.527691061452514,0.0,2.527691061452514,0
Winter,lower,BROKENH1,29,76.73380726256984,1.5346761452513968,15.464988826815617,12.450986033519554,64.28282122905028,17,0,0,5,0,23.05168715083799,3.6767122905027922,19.374974860335197,1
Winter,lower,BW01,1810,13986.853736414938,10.414185135470067,30.79506075420877,5029.572168324543,8957.281568090397,346,16,0,106,0,3454.7508502922683,660.1568542462667,2794.5939960460014,58
Winter,lower,BW02,1810,14952.440853986715,10.396393877500012,29.21442237037032,5343.010369838999,9609.430484147715,346,16,0,106,0,3694.8810362390504,613.0419622634263,3081.839073975624,53
Winter,lower,BW03,1449,7651.381455844513,11.994811060861764,50.76020878114477,3941.063708141232,3710.3177477032814,241,11,0,76,0,1171.3571252972906,382.07698466961597,789.2801406276747,37
Winter,lower,BW04,1449,8698.407455634424,10.569087982112826,50.76020878114477,3781.465783209316,4916.941672425107,241,11,0,76,0,1882.7998333040343,544.0533943739345,1338.7464389300999,56
Winter,lower,CAPBES1,29,2014.7704230385796,97.40303472339787,291.7944444444444,1508.062806839343,506.7076161992363,17,0,0,5,0,1023.5698324022346,760.4413407821229,263.12849162011173,4
Winter,lower,CG1,164,0.0,0.0,0.0,0.0,0.0,34,1,0,9,0,0.0,0.0,0.0,0
Winter,lower,CG2,164,0.0,0.0,0.0,0.0,0.0,34,1,0,9,0,0.0,0.0,0.0,0
Winter,lower,CG3,164,0.0,0.0,0.0,0.0,0.0,34,1,0,9,0,0.0,0.0,0.0,0
Winter,lower,CG4,164,0.0,0.0,0.0,0.0,0.0,34,1,0,9,0,0.0,0.0,0.0,0
Winter,lower,COLEASF1,29,56.15189705396611,1.2497977026954838,17.688326173184333,1.207235824915825,54.94466122905028,17,0,0,5,0,19.519816648044692,0.0,19.519816648044692,0
Winter,lower,COLWF01,29,733.5702509984392,34.373092977039505,110.36365623737379,611.515822364991,122.05442863344818,17,0,0,5,0,525.015153091248,507.05656292365006,17.958590167597812,16
Winter,lower,CROOKWF2,29,857.3763224799202,17.664772712224657,204.87653631284888,717.8838137802607,139.49250869965957,17,0,0,5,0,371.9576565656565,247.7835836201869,124.17407294546963,9
Winter,lower,CROOKWF3,29,819.0681961138386,16.617758871771724,141.9324525139663,400.02431343227425,419.04388268156424,17,0,0,5,0,422.65280505238604,4.824006169704478,417.8287988826816,4
Winter,lower,CRURWF1,168,625.2100471535972,6.772091357793294,33.29712290502791,433.2225587443973,191.9874884091998,36,1,0,11,0,250.5181930242369,186.6421833493112,63.87600967492569,22
Winter,lower,CRWASF1,29,26.47275378308222,0.5836977044495231,6.369041195530716,0.5165964646464647,25.956157318435753,17,0,0,5,0,15.325952374301675,0.0,15.325952374301675,0
Winter,lower,CUSF1,4,7.463979797979798,1.8659949494949495,3.9646161616161613,7.463979797979798,0.0,2,0,0,2,0,0.46525252525252536,0.46525252525252536,0.0,1
Winter,lower,DARLSF1,29,22.260095353535355,2.7825119191919194,18.921081050505045,22.260095353535355,0.0,17,0,0,5,0,0.0,0.0,0.0,0
Winter,lower,DPNTB1,29,860.6145251396647,17.212290502793294,66.20111731843575,397.20670391061446,463.4078212290502,17,0,0,5,0,304.52513966480444,264.804469273743,39.720670391061454,4
Winter,lower,ER01,164,728.2306685476451,4.463133328034731,20.760271002139813,633.2387280879668,94.99194045967835,34,1,0,9,0,157.95857953187362,157.6635593043456,0.2950202275280285,25
Winter,lower,ER02,164,940.7719719539526,5.725690276345924,20.635672340228247,628.7602093069759,312.01176264697676,34,1,0,9,0,132.3872184309725,132.3061669198034,0.08105151116908614,22
Winter,lower,ER03,25,61.344336089385735,2.4537734435754293,11.574863016759748,60.247618324022355,1.0967177653633753,15,0,0,3,0,40.64591910614535,39.861282681564305,0.7846364245810413,9
Winter,lower,ER04,25,0.0,0.0,0.0,0.0,0.0,15,0,0,3,0,0.0,0.0,0.0,0
Winter,lower,FINLYSF1,29,0.0,0.0,0.0,0.0,0.0,17,0,0,5,0,0.0,0.0,0.0,0
Winter,lower,FLYCRKWF,168,828.1434127686784,3.4421764346140193,49.28508100558658,755.7694778584464,72.373934910232,36,1,0,11,0,415.2542573960583,390.7699287896779,24.48432860638034,24
Winter,lower,GESF1,4,5.353727272727273,1.3384318181818182,4.55066818181818,5.353727272727273,0.0,2,0,0,2,0,0.0,0.0,0.0,0
Winter,lower,GNNDHSF1,9773,86841.29305712055,9.362815996998476,45.259123820080845,54305.93403996329,32535.359017157254,1040,142,0,410,0,13655.648829532287,11150.713657124757,2504.935172407532,636
Winter,lower,GOONSF1,29,52.25463959896921,2.2556756202622124,8.769357541899442,11.52936026936027,40.725279329608945,17,0,0,5,0,10.832505219795722,2.529292929292929,8.303212290502794,1
Winter,lower,GULLRSF1,29,3.5380850967778343,0.2209159443597991,1.1876720538720533,1.430040404040404,2.1080446927374306,17,0,0,5,0,0.9148940898745369,0.013427609427609427,0.9014664804469275,1
Winter,lower,GULLRWF1,29,209.7482029309861,5.943066093468215,14.752379681564289,166.3125652634354,43.435637667550715,17,0,0,5,0,117.92665513571481,100.02979949325673,17.89685564245807,12
Winter,lower,GULLRWF2,29,270.8709805123864,6.765233698126514,30.023748871508374,270.8709805123864,0.0,17,0,0,5,0,230.12927227216298,230.12927227216298,0.0,12
Winter,lower,GUNNING1,29,49.26205200985651,1.3349316967627887,6.812093854748606,42.79310988845628,6.46894212140023,17,0,0,5,0,23.77732409758666,22.48976244756691,1.2875616500197513,11
Winter,lower,GUTHEGA,29,0.0,0.0,0.0,0.0,0.0,17,0,0,5,0,0.0,0.0,0.0,0
Winter,lower,HEZ1,4926,15.049061662198392,0.0026873324396782844,0.0,12.899195710455764,2.1498659517426275,674,52,0,259,0,0.0,0.0,0.0,0
Winter,lower,HILLSTN1,29,87.67669392246486,1.7660829693583884,14.781072625698318,0.11951515151515152,87.55717877094972,17,0,0,5,0,16.624124597934653,0.02987878787878788,16.594245810055867,2
Winter,lower,HUMENSW,29,0.6746826262626262,0.08433532828282828,0.3593161868686867,0.28623000000000015,0.3884526262626261,17,0,0,5,0,0.28623000000000015,0.28623000000000015,0.0,2
Winter,lower,HUNTER1,710,0.0,0.0,0.0,0.0,0.0,154,6,0,51,0,0.0,0.0,0.0,0
Winter,lower,HUNTER2,710,0.0,0.0,0.0,0.0,0.0,154,6,0,51,0,0.0,0.0,0.0,0
Winter,lower,JEMALNG1,29,16.183355083798883,0.3236671016759777,2.0197076424580995,0.0,16.183355083798883,17,0,0,5,0,3.748621983240224,0.0,3.748621983240224,0
Winter,lower,JUNEESF1,29,2.052053872053872,0.256506734006734,1.7442457912457905,2.052053872053872,0.0,17,0,0,5,0,0.0,0.0,0.0,0
Winter,lower,LDBESS1,683,17806.73267789879,18.128669588798754,249.385838150289,15740.029991340365,2066.702686558426,151,5,0,51,0,9461.307011930272,9193.501327647704,267.8056842825691,56
Winter,lower,LIMBESS1,4,13.292929292929294,3.3232323232323235,11.298989898989895,0.0,13.292929292929294,2,0,0,2,0,0.0,0.0,0.0,0
Winter,lower,LIMOSF11,29,104.87775418994414,2.097555083798883,17.684270391061393,0.0,104.87775418994414,17,0,0,5,0,22.105337988826818,0.0,22.105337988826818,0
Winter,lower,LIMOSF21,29,18.17746848371988,0.363898309068337,3.3660340782122886,0.0033232323232323235,18.17414525139665,17,0,0,5,0,4.583298882681564,0.0,4.583298882681564,0
Winter,lower,MANSLR1,168,63.94956054515493,0.39536882384513955,1.5838485300998575,25.425736996959614,38.52382354819532,36,1,0,11,0,10.179658448792228,2.4523057403708988,7.72735270842133,6
Winter,lower,METZSF1,15710,189052.6683913837,11.557835458597244,51.394192342342336,102755.95549992779,86296.71289145589,1478,239,28,592,9,26614.12037701542,21521.40470958509,5092.715667430332,999
Winter,lower,MOLNGSF1,168,105.13319862513569,0.4508295145340014,1.501113792582026,35.95940068438066,69.17379794075504,36,1,0,11,0,16.68458951247619,3.387430527817404,13.297158984658786,10
Winter,lower,MOREESF1,15710,46030.27640683623,2.9200610325959357,19.88139830325494,26556.383340561515,19473.893066274715,1478,239,28,592,9,6607.6723120028755,5035.441682090676,1572.2306299121988,754
Winter,lower,MP1,29,3394.2151554139155,81.16856252646014,282.59083315083797,2436.185924305626,958.0292311082894,17,0,0,5,0,2304.469861456464,1941.6019197804862,362.8679416759776,10
Winter,lower,MP2,29,865.3107789385474,17.30621557877095,231.6719096983239,865.3107789385474,0.0,17,0,0,5,0,285.48957810055873,285.48957810055873,0.0,2
Winter,lower,MULWASF1,4,0.0,0.0,0.0,0.0,0.0,2,0,0,2,0,0.0,0.0,0.0,0
Winter,lower,NESBESS1,7487,81676.61551555622,12.685082654514742,96.7828418230563,40059.15242342463,41617.46309213159,751,123,0,286,0,11227.591670950853,9676.751776161487,1550.8398947893652,115
Winter,lower,NESBESS2,7487,30626.44305840322,3.656570791560388,48.39142091152815,14855.336628198202,15771.106430205018,751,123,0,286,0,3522.4521797819484,2588.759382451559,933.6927973303893,60
Winter,lower,NEVERSF1,168,227.82121745646685,0.9156529997329915,5.676072987161199,97.04659760342369,130.77461985304313,36,1,0,11,0,28.864743561233354,15.0058034807418,13.858940080491557,9
Winter,lower,NEWENSF1,15478,275869.0000137694,17.409262586387975,87.21721721721718,156408.0888663249,119460.91114744445,1518,243,27,614,8,52055.40363579351,48749.476854541535,3305.9267812519747,1206
Winter,lower,NEWENSF2,15478,299992.7613851284,18.9171717866266,93.8680552560647,168787.91881932146,131204.84256580696,1518,243,27,614,8,54106.51942362505,50920.664199491555,3185.8552241335024,1191
Winter,lower,NYNGAN1,168,317.3751339576507,2.9801792512050373,8.449554713804714,191.7181798859734,125.65695407167733,36,1,0,11,0,52.573029803047255,27.277762525973003,25.295267277074256,12
Winter,lower,ORABESS1,4,0.0,0.0,0.0,0.0,0.0,2,0,0,2,0,0.0,0.0,0.0,0
Winter,lower,PARSF1,29,43.80985539755093,1.9484592291631397,7.237737430167598,10.212020202020202,33.59783519553073,17,0,0,5,0,8.711861915241805,1.8653535353535353,6.846508379888269,1
Winter,lower,QBYNB1,29,161.8286966499257,7.795765852190433,22.629050279329594,69.52987980362282,92.29881684630287,17,0,0,5,0,80.55995711302974,11.942704512536915,68.61725260049282,3
Winter,lower,QPSFB1,4,1.60322,0.400805,1.3627369999999994,1.60322,0.0,2,0,0,2,0,0.0,0.0,0.0,0
Winter,lower,QPSFB2,4,0.0,0.0,0.0,0.0,0.0,2,0,0,2,0,0.0,0.0,0.0,0
Winter,lower,RESS1,29,1493.2671705419184,44.85453533003029,158.88200366480447,317.77553162011174,1175.4916389218065,17,0,0,5,0,337.9437084227753,79.45150927374303,258.4921991490322,4
Winter,lower,RIVNB2,29,2062.808173407821,41.256163468156416,172.1212102793296,1030.0809117318436,1032.7272616759776,17,0,0,5,0,945.340092067039,857.9580067039105,87.38208536312847,5
Winter,lower,RYEPARK1,29,961.529376304949,30.437565465492902,91.03466748603348,837.3707647649682,124.15861153998091,17,0,0,5,0,624.464931962079,529.9814908131597,94.48344114891938,13
Winter,lower,SAPHWF1,16317,183803.86490371256,11.28427054538192,42.065599999999996,78013.44553787819,105790.41936583437,1538,267,28,618,9,20958.057061284882,10760.748550123006,10197.308511161878,674
Winter,lower,SEBSF1,29,29.46809816977973,2.1737295896582207,9.884280134680132,15.089215488215487,14.378882681564244,17,0,0,5,0,5.186750540789647,1.2146835016835016,3.972067039106145,1
Winter,lower,SHGEN,29,422.99441340782124,8.459888268156424,158.16312849161974,422.99441340782124,0.0,17,0,0,5,0,183.91061452513966,183.91061452513966,0.0,1
Winter,lower,SHPUMP,29,0.0,0.0,0.0,0.0,0.0,17,0,0,5,0,0.0,0.0,0.0,0
Winter,lower,SNOWYP,29,0.0,0.0,0.0,0.0,0.0,17,0,0,5,0,0.0,0.0,0.0,0
Winter,lower,STUBSF1,143,331.7897238359439,2.402388957180436,10.174059994293867,247.28107219543034,84.50865164051356,21,1,0,8,0,66.09723096186785,61.269869523922054,4.827361437945789,16
Winter,lower,STUBSF2,143,378.3179136512438,3.453996496707217,11.624296127946126,295.2234344957517,83.09447915549217,21,1,0,8,0,82.70384784491613,79.98839725433125,2.7154505905848807,15
Winter,lower,STWF1,29,1367.4042918994414,27.34808583798883,127.75178217877085,485.2523290502794,882.151962849162,17,0,0,5,0,958.1141111731845,416.2674513966481,541.8466597765364,7
Winter,lower,SUNRSF1,29,110.13028363128491,2.2026056726256984,20.435564536312846,0.0,110.13028363128491,17,0,0,5,0,22.893617681564244,0.0,22.893617681564244,0
Winter,lower,SUNTPSF1,168,297.1134171131956,6.174901832558747,34.55169866666666,169.66699593913458,127.44642117406102,36,1,0,11,0,87.6681030336019,41.410623176414646,46.257479857187256,15
Winter,lower,TALWA1,29,2350.927374301676,47.01854748603352,356.20111731843576,2284.1396648044692,66.7877094972067,17,0,0,5,0,1509.4022346368715,1442.614525139665,66.7877094972067,6
Winter,lower,TALWB1,29,0.0,0.0,0.0,0.0,0.0,17,0,0,5,0,0.0,0.0,0.0,0
Winter,lower,TARALGA1,29,30.270774147527355,1.7330377051727643,4.710383838383797,13.565453885126864,16.705320262400495,17,0,0,5,0,15.025395945488377,6.743156948253461,8.282238997234916,10
Winter,lower,TUMUT3,29,12886.84344273743,520.2368688547486,2441.340782122902,9678.072625698325,3208.770817039106,17,0,0,5,0,8563.984969739291,5607.3091247672255,2956.675844972067,12
Winter,lower,UPPTUMUT,29,5808.582501396648,317.338525027933,906.9463237430163,3740.4958472998137,2068.0866540968345,17,0,0,5,0,2618.2263947858473,1556.6108766294228,1061.6155181564245,3
Winter,lower,URANQ11,29,1032.7374301675977,20.654748603351955,253.67909081564218,1000.9608938547485,31.77653631284916,17,0,0,5,0,370.72027240223457,338.9437360893854,31.77653631284916,7
Winter,lower,URANQ12,29,648.4617905027933,12.969235810055865,87.9490899888267,600.7969860335196,47.66480446927374,17,0,0,5,0,180.3547491620112,132.68994469273747,47.66480446927374,7
Winter,lower,URANQ13,29,658.8287001117318,13.176574002234636,122.31345975418978,642.9404319553073,15.88826815642458,17,0,0,5,0,151.02625072625696,135.1379825698324,15.88826815642458,3
Winter,lower,URANQ14,29,1233.9828422346368,24.679656844692737,401.44237850279285,1233.9828422346368,0.0,17,0,0,5,0,481.9441340782123,481.9441340782123,0.0,3
Winter,lower,VP5,164,927.9220114667794,5.70817353378951,30.136941754189973,656.2980364351167,271.6239750316627,34,1,0,9,0,403.5240263373473,389.9195292982412,13.604497039106143,25
Winter,lower,VP6,164,564.8458973257677,3.4719839498287417,16.604128897966998,410.7626359734139,154.0832613523538,34,1,0,9,0,166.69763546097752,166.69763546097752,0.0,14
Winter,lower,WAGGNSF1,29,6.909771857494874,0.24419063917009948,1.5787006927374283,1.0094781144781144,5.90029374301676,17,0,0,5,0,1.701951284916201,0.0,1.701951284916201,0
Winter,lower,WELLSF1,168,258.13169476909803,1.9382064628000943,5.934244427609428,165.96112009923294,92.17057466986509,36,1,0,11,0,52.14844980844717,34.60720922635773,17.541240582089436,15
Winter,lower,WELNSF1,168,487.10920684329943,2.3704154413429888,12.595098716119827,319.41786339937653,167.6913434439229,36,1,0,11,0,111.77535236623038,70.90178635916944,40.87356600706094,16
Winter,lower,WILLBES1,4,0.0,,,0.0,0.0,2,0,0,2,0,0.0,0.0,0.0,0
Winter,lower,WLWLSF1,4,7.859444444444446,1.9648611111111114,5.191719696969696,7.859444444444446,0.0,2,0,0,2,0,0.0,0.0,0.0,0
Winter,lower,WLWLSF2,4,7.859444444444445,1.9648611111111112,5.040512626262625,7.859444444444445,0.0,2,0,0,2,0,0.0,0.0,0.0,0
Winter,lower,WOLARSF1,168,455.5796086122005,5.7738899273497735,22.394355878787877,332.41764089569017,123.16196771651036,36,1,0,11,0,94.96318735695723,90.31321953572818,4.64996782122905,21
Winter,lower,WOODLWN1,29,12.456364001279072,0.7621567850760856,2.0175857239057144,8.640877967759529,3.8154860335195426,17,0,0,5,0,5.874065244625031,2.232813847976985,3.6412513966480455,3
Winter,lower,WRSF1,15710,32194.829912356076,2.095354725180033,9.661311260053616,16881.155568564955,15313.674343791121,1478,239,28,592,9,3706.6750135056027,2603.828730482692,1102.8462830229107,818
Winter,lower,WRWF1,15710,137512.3530585541,8.919462417900872,56.200579043126595,63426.39713965716,74085.95591889693,1478,239,28,592,9,17616.799405051504,11628.417276158158,5988.382128893348,586
Winter,lower,WSTWYSF1,29,22.794840810338016,1.4713656040855483,8.220461616161613,9.671131313131314,13.123709497206704,17,0,0,5,0,6.074614525139665,0.0,6.074614525139665,0
Winter,lower,WTAHB1,164,733.2117694607704,4.365642707628559,25.92663338088444,431.2890994664765,301.92266999429387,34,1,0,9,0,11.604494447931526,11.604494447931526,0.0,2
Winter,lower,WYASF1,29,20.74217297782292,0.6525507322837312,5.256792402234624,2.2638787878787876,18.478294189944133,17,0,0,5,0,1.9535824351522677,0.14231986531986532,1.8112625698324023,1
Winter,upper,ALDGASF1,4578,280481.9591074676,173.24839692269737,1924.3879985831773,164577.67378180483,115904.28532566279,798,57,1302,276,148,142934.6059470426,78115.96497580594,64818.64097123668,331
Winter,upper,AVLSF1,19825,15449.955989586935,0.4355052137685114,5.947159390862945,7514.318770142721,7935.637219444214,545,544,602,168,67,987.7132279374696,130.11675784771575,857.596470089754,51
Winter,upper,BANGOWF1,19839,18131.662804277974,1.1165580156740018,5.02645783699059,9146.377982836208,8985.284821441766,545,546,602,168,67,599.7956927854492,302.9727609615924,296.82293182385683,232
Winter,upper,BANGOWF2,19839,12111.31320358512,0.7975473813952919,4.042126018808777,6122.303920832584,5989.009282752535,545,546,602,168,67,486.3947313499106,282.40176714194115,203.99296420796944,272
Winter,upper,BARCALDN,4578,1124.814202710429,0.6541418584557599,9.195024570024565,348.3782315763448,776.4359711340844,798,57,1302,276,148,677.6910370919804,150.24877664972004,527.4422604422605,6
Winter,upper,BARRON-1,4578,29309.665780404426,13.042013171077803,214.92921492921494,15289.077722912252,14020.588057492174,798,57,1302,276,148,14922.835516415773,9192.175197242837,5730.660319172936,127
Winter,upper,BARRON-2,4578,26995.233734471592,11.598818015586131,261.4864864864865,11707.565726029468,15287.668008442124,798,57,1302,276,148,14477.486356541685,6704.0598730519,7773.426483489786,132
Winter,upper,BBATTERY1,4578,96125.88124284025,33.86669680653839,434.50450450450444,50473.93004304142,45651.95119979883,798,57,1302,276,148,41651.21506736547,23458.914949802293,18192.300117563176,227
Winter,upper,BERYLSF1,31908,23476.908187578312,0.7152177098576772,4.877818802030457,11756.533397965479,11720.374789612833,1503,778,1398,476,151,2026.7160938736602,520.0668265327524,1506.6492673409077,285
Winter,upper,BHB1,19514,5325.592163070526,0.26903290249945994,2.449238578680203,2711.3293553566714,2614.262807713855,517,528,521,157,57,263.4938045076142,243.98051893401015,19.513285573604062,102
Winter,upper,BLOWERNG,19825,0.0,0.0,0.0,0.0,0.0,545,544,602,168,67,0.0,0.0,0.0,0
Winter,upper,BLUEGSF1,4836,54708.97979558191,11.789072761770093,79.34644594594596,28658.31495388183,26050.664841700087,802,57,1302,277,148,17234.532284403296,10150.66726531134,7083.865019091955,360
Winter,upper,BOCORWF1,19366,10197.31592295508,0.7471280363496156,4.560440229885056,5173.935527994286,5023.3803949607955,510,525,480,153,56,336.93092969778735,183.67510968540648,153.2558200123808,236
Winter,upper,BODWF1,31908,43666.412513770294,1.3358759120465227,5.525359061185871,22356.306544645955,21310.105969124343,1503,778,1398,476,151,2029.4239265682372,1067.7043119752411,961.719614592996,627
Winter,upper,BOMENSF1,19825,5660.868618451131,0.14754125190741887,2.132933359390863,2803.066774793993,2857.801843657138,545,544,602,168,67,298.56155889841153,26.172947834517764,272.3886110638938,35
Winter,upper,BRAEMAR1,4839,36926.21264393462,4.545051352208621,90.92444717444717,18545.353762345912,18380.8588815887,802,57,1302,277,148,9109.761204624616,7601.91173323047,1507.849471394144,75
Winter,upper,BRAEMAR2,4839,2780.433715082711,0.18537792964904995,0.0,1213.5760906980636,1566.8576243846476,802,57,1302,277,148,361.53278825995807,361.53278825995807,0.0,5
Winter,upper,BRAEMAR3,4839,13659.783534542483,0.7455015782734385,0.9947589098532494,7067.586899976991,6592.196634565492,802,57,1302,277,148,1637.9673550104822,1388.0514578721175,249.91589713836476,20
Winter,upper,BRAEMAR5,4839,23123.174013252195,1.196314674232308,50.47667385167712,11644.794899693146,11478.379113559047,802,57,1302,277,148,3672.1463264209624,2986.9713527869753,685.1749736339868,39
Winter,upper,BRAEMAR6,4839,18135.213031587376,1.8162075607791,65.97686429512494,7679.4101046440655,10455.80292694331,802,57,1302,277,148,5552.018260596974,2963.544613200079,2588.4736473968956,35
Winter,upper,BRAEMAR7,4839,18530.84454511023,2.190615564644553,76.7117117117117,8765.961158519489,9764.883386590742,802,57,1302,277,148,4142.0408032536225,2964.1359078082714,1177.904895445351,41
Winter,upper,BRDDBES1,175,299.56580693554906,3.3670797592383197,16.635220125786166,0.0,299.56580693554906,49,0,61,16,12,33.27044025157233,0.0,33.27044025157233,0
Winter,upper,BRDDSF01,276,4656.527396721997,15.841793535371488,105.84289019607826,3147.475424585714,1509.0519721362832,76,0,116,28,17,1423.5834947663488,781.9618088776374,641.6216858887113,19
Winter,upper,BROKENH1,19514,4157.202137394349,0.18963376110567975,1.0991203045685278,1979.3548156698698,2177.8473217244796,517,528,521,157,57,323.989142630378,48.058179553299496,275.9309630770785,51
Winter,upper,BUSF1,255,820.0635199257592,3.4524636745548256,14.711598369011217,481.705800790491,338.3577191352682,61,0,100,24,15,230.03519188159947,164.00050465447273,66.03468722712672,35
Winter,upper,BW01,31908,317501.5178415193,9.809148010074404,46.999700111675104,167500.54676639533,150000.97107512402,1503,778,1398,476,151,32329.1962844696,30509.42827037301,1819.768014096587,896
Winter,upper,BW02,31908,317619.6034170173,10.144060496790088,47.886786038071044,168472.9904639307,149146.61295308662,1503,778,1398,476,151,34182.523940811145,31971.719862438717,2210.8040783724277,883
Winter,upper,BW03,31908,251608.73773420145,7.297974429099185,39.83756345177665,129370.1175163303,122238.62021787114,1503,778,1398,476,151,23192.37124697875,21823.953995699587,1368.417251279164,833
Winter,upper,BW04,31908,281876.1815407537,8.684818897215177,40.61228012182742,150479.76919369414,131396.41234705955,1503,778,1398,476,151,29238.73609677753,27635.904793550777,1602.8313032267533,923
Winter,upper,CALL_B_1,4835,99149.01190496387,30.854443641816946,417.93719642857155,53529.354513888524,45619.65739107534,802,57,1302,277,148,43214.41677098206,28003.4095729921,15211.007197989957,186
Winter,upper,CALL_B_2,4835,62480.005895983595,22.866862451068126,285.7142857142857,31520.060157460033,30959.945738523562,802,57,1302,277,148,30546.452138700162,16714.603051803388,13831.849086896771,114
Winter,upper,CAPBES1,19366,26728.073536963817,1.6537823482738037,11.922675026123303,13466.619836777825,13261.453700185992,510,525,480,153,56,1075.356518668771,880.7351126657172,194.62140600305395,204
Winter,upper,CG1,31908,6768.204170120941,0.21110680928677064,0.0,3684.7600865747313,3083.4440835462096,1503,778,1398,476,151,27.48498458082087,0.0,27.48498458082087,0
Winter,upper,CG2,31908,8876.515256974726,0.31585277775049825,1.3337449720811956,4495.00961116249,4381.505645812235,1503,778,1398,476,151,187.43838623867407,187.43838623867407,0.0,7
Winter,upper,CG3,31908,11912.97243259771,0.3835977102954085,7.401015228426396,6393.481812237948,5519.490620359761,1503,778,1398,476,151,201.53129598098965,4.934010152284264,196.5972858287054,3
Winter,upper,CG4,31908,6829.295629684664,0.24008402786267316,0.9868020304568528,3450.117550352723,3379.1780793319413,1503,778,1398,476,151,15.418781725888325,0.0,15.418781725888325,0
Winter,upper,CHBESS1,4839,65753.33157376955,13.794616974324157,89.37346437346439,31816.028153147803,33937.30342062175,802,57,1302,277,148,13262.80316776841,6982.419514588175,6280.383653180236,183
Winter,upper,CHILDSF1,4578,42559.440596357585,18.195862204195727,192.7000122850123,22441.89731002684,20117.543286330747,798,57,1302,276,148,19671.76611413155,13220.12879929394,6451.637314837613,324
Winter,upper,CLARESF1,4578,101246.14412749778,41.20876402666111,382.63370249016873,61568.77884711244,39677.365280385355,798,57,1302,276,148,41764.97473359752,30019.048333170256,11745.926400427263,381
Winter,upper,CLERMSF1,4578,45030.14683358787,21.91627268689864,219.13909698546686,26065.03468057115,18965.112153016722,798,57,1302,276,148,22334.92568976341,12805.296183251276,9529.629506512138,359
Winter,upper,CLRKCWF1,4578,151618.69790185668,59.4937490373999,557.1496505170433,85052.78333646258,66565.9145653941,798,57,1302,276,148,63405.501480927844,38636.46889672374,24769.032584204106,345
Winter,upper,CLRKCWF2,4578,6782.425259059391,6.063823961691572,54.472586872586874,2926.786379280845,3855.6388797785457,798,57,1302,276,148,3145.7009642440876,1617.4212472596857,1528.2797169844018,181
Winter,upper,COLEASF1,19825,9271.710133924613,0.2559072483781785,3.80367381928934,4533.787686468835,4737.922447455778,545,544,602,168,67,562.7865803505417,49.448607760538145,513.3379725900037,45
Winter,upper,COLUMSF1,4836,55789.48036914448,14.652873634917299,79.12200707850707,29140.202688819132,26649.277680325347,802,57,1302,277,148,17877.183358270115,10364.000882547543,7513.1824757225695,349
Winter,upper,COLWF01,19825,22347.239657994047,1.511319224208479,7.7001428617886125,11295.653936859075,11051.585721134972,545,544,602,168,67,872.035393000824,292.43144018414546,579.6039528166785,195
Winter,upper,COOPGWF1,4579,103238.64729568752,20.86795454262803,94.04722407404466,47923.214951923066,55315.432343764456,798,57,1302,276,148,20876.915652818818,10908.017257965319,9968.898394853495,364
Winter,upper,CPP_3,4942,167910.74562801485,34.24282435327986,587.2549788514237,83433.70744714864,84477.03818086618,802,61,1302,277,148,74297.94418398262,41091.866447173226,33206.077736809384,229
Winter,upper,CPP_4,4836,141164.88305039794,61.206948919726976,714.9999285714285,71494.54448356626,69670.33856683169,802,57,1302,277,148,64688.62916018695,36382.543457342916,28306.085702844037,216
Winter,upper,CPSA,4836,12460.201420099478,0.8301524773383958,29.979458609538767,6374.047867876913,6086.153552222565,802,57,1302,277,148,1359.3694623754477,1359.3694623754477,0.0,40
Winter,upper,CROOKWF2,19839,10973.466412455988,0.7323454944067622,3.5565550679205766,5626.003393998572,5347.463018457416,545,546,602,168,67,390.30524466307446,195.1726547758034,195.13258988727102,222
Winter,upper,CROOKWF3,19839,7267.2646434699745,0.4194489881405721,2.038878160919539,3684.9927862962177,3582.2718571737564,545,546,602,168,67,233.3123466253914,105.40468792751882,127.90765869787258,227
Winter,upper,CRURWF1,30475,41562.36937268252,1.3394287522921904,5.190229749478073,21009.32513775533,20553.044234927187,1429,745,1391,454,148,1989.5888482985883,1033.9185165373187,955.6703317612696,681
Winter,upper,CRWASF1,19768,2579.9244888712064,0.08436744909710094,0.9846730964467004,1272.4002323441273,1307.524256527079,531,536,576,162,62,122.84184094842101,7.68676943147208,115.15507151694894,48
Winter,upper,CSPVPS1,4578,34713.98080573609,14.384738329522705,108.1514317889318,19242.488826687368,15471.491979048724,798,57,1302,276,148,14311.870929842758,8308.141427754816,6003.729502087944,340
Winter,upper,CUSF1,314,105.84394827586208,0.2846688591580833,2.0756952978056376,28.336626959247653,77.50732131661444,19,13,95,6,8,1.1252664576802511,0.007373040752351099,1.1178934169279,1
Winter,upper,DARLSF1,19825,15068.577007663614,0.4431531461363218,6.253422688324871,7389.700828549984,7678.876179113631,545,544,602,168,67,1032.1574744614338,125.66386938883248,906.4936050726014,41
Winter,upper,DAYDSF1,4578,124058.07011369712,57.87631366417864,607.3061389961389,74087.53928081194,49970.53083288519,798,57,1302,276,148,59179.55431289632,40466.22519413936,18713.32911875696,351
Winter,upper,DDPS1,4839,139365.1129126239,24.299251930557876,208.32129161639423,76142.23118753392,63222.88172508998,802,57,1302,277,148,31389.39398261377,23769.812794764974,7619.581187848796,311
Winter,upper,DDSF1,4839,38634.70831413431,10.208186246443981,43.03077966818705,19932.237136101645,18702.471178032665,802,57,1302,277,148,10530.306464799916,5716.790849899556,4813.5156149003615,359
Winter,upper,DPNTB1,19825,9332.974181198902,0.35002027560757387,3.9126016260162597,4711.380294031002,4621.593887167898,545,544,602,168,67,409.25438480301705,334.16438565329474,75.08999914972233,161
Winter,upper,DULAWF1,4836,51063.70463383708,11.128784810483594,53.47809577981645,24642.227421616626,26421.477212220452,802,57,1302,277,148,9325.740093161508,4510.9340476960115,4814.806045465497,359
Winter,upper,EDENVSF1,4836,66133.13262732216,15.383961346524424,86.86949793074189,34710.18492534157,31422.9477019806,802,57,1302,277,148,19583.173535098933,11729.06014900229,7854.113386096643,340
Winter,upper,EMERASF1,4578,54997.74363023458,28.43902775906916,351.2175637065637,29375.21689549167,25622.52673474291,798,57,1302,276,148,27823.651412830102,14592.06055539099,13231.590857439114,326
Winter,upper,ER01,31908,133169.6718067824,4.015871291437645,35.196110773096436,68676.84117943395,64492.83062734846,1503,778,1398,476,151,7623.382467386038,1326.6447297951452,6296.737737590894,180
Winter,upper,ER02,31908,158009.30874786736,4.900431967596615,34.97755423807106,79745.08459800197,78264.22414986542,1503,778,1398,476,151,10018.470360366737,2200.9397874135702,7817.530572953168,243
Winter,upper,ER03,28669,101061.25205711681,3.385337880780714,21.77703126446699,51591.23653040439,49470.01552671242,1350,734,1391,422,148,6469.783183848103,1263.3690023368608,5206.414181511243,345
Winter,upper,ER04,28669,88485.50337239279,2.9596857235077665,23.775991653444674,45663.27898305553,42822.22438933726,1350,734,1391,422,148,6026.243190265746,1650.5874959828143,4375.655694282932,307
Winter,upper,ERB01,12601,281603.4593828997,22.35945507568859,97.57873391022963,142627.42057139307,138976.0388115066,998,256,958,324,98,31051.646534356623,14788.274199978889,16263.372334377738,274
Winter,upper,ERB02,4029,0.3225469728601253,0.00012162404708149521,0.0,0.0,0.3225469728601253,344,61,63,111,11,0.0,0.0,0.0,0
Winter,upper,FINLYSF1,19825,7491.117482085331,0.2025061572545336,3.353837157360406,3714.9828478135337,3776.1346342717975,545,544,602,168,67,527.2288649486302,39.03695558781726,488.191909360813,41
Winter,upper,FLYCRKWF,30475,36781.025318895816,1.1048788033688144,5.334091370558375,18656.642332276955,18124.382986618868,1429,745,1391,454,148,1521.012311130572,834.194551301963,686.8177598286093,666
Winter,upper,GANGARR1,4836,49868.97064134688,11.403097404778144,86.47272513302751,26253.125902759206,23615.844738587675,802,57,1302,277,148,13243.522586396772,7836.0625397072745,5407.460046689496,350
Winter,upper,GESF1,314,14.600263322884015,0.04533309245613321,0.35422257053291467,3.650927899686521,10.949335423197494,19,13,95,6,8,0.9184702194357368,0.0,0.9184702194357368,0
Winter,upper,GNNDHSF1,39217,185669.12969483447,4.691111565081633,39.22131979695429,95309.53816816024,90359.59152667422,1577,907,2233,499,232,19608.930413219252,16517.0049153251,3091.925497894151,799
Winter,upper,GOONSF1,28669,14761.585700277803,0.5170315423726369,4.076499999999995,7161.216196171649,7600.369504106153,1350,734,1391,422,148,1260.0809303293324,350.31511259290187,909.7658177364306,268
Winter,upper,GREENB1,3792,29814.71764806615,23.22077588798525,145.45396344654077,15505.822914058552,14308.894734007601,458,54,989,165,81,6476.330597273881,5036.774001366433,1439.5565959074488,63
Winter,upper,GSTONE1,4578,3965.3150832154615,4.92218676924841,63.15130594509806,899.6875279090671,3065.6275553063942,798,57,1302,276,148,1590.1069749825924,330.33450667508936,1259.772468307503,14
Winter,upper,GSTONE2,4578,91594.72600672266,41.525544192238605,749.9182311132563,49060.53067107846,42534.1953356442,798,57,1302,276,148,45735.00620135224,31249.800083558224,14485.20611779402,198
Winter,upper,GSTONE3,4578,87619.34571025638,22.05463235728672,456.5055162166664,40366.37639585985,47252.96931439653,798,57,1302,276,148,43899.385643998634,21152.436270757342,22746.94937324129,117
Winter,upper,GSTONE4,4578,116374.59395030247,55.56032223305425,796.2881917631919,50360.98029198907,66013.61365831339,798,57,1302,276,148,55871.65527480458,23705.716412259964,32165.93886254462,163
Winter,upper,GSTONE5,4578,104986.79336451218,44.32793271622452,671.0675555984556,51259.793609571185,53726.99975494099,798,57,1302,276,148,45353.386539280415,28638.3567110986,16715.029828181818,186
Winter,upper,GSTONE6,4578,69356.41210510707,34.48149479542969,744.2025606499357,37307.04119561236,32049.370909494715,798,57,1302,276,148,36578.5189709077,24088.803893012493,12489.715077895204,150
Winter,upper,GULLRSF1,19839,1084.4603802513582,0.03160026860548442,0.3808548223350253,549.7103145783784,534.7500656729796,545,546,602,168,67,32.62839430195704,4.043668442520779,28.58472585943626,40
Winter,upper,GULLRWF1,19839,15712.44629384621,1.2076037626089466,4.60742582113821,8037.133391994166,7675.312901852043,545,546,602,168,67,495.97380916556,205.60154241635547,290.3722667492045,250
Winter,upper,GULLRWF2,19839,12979.937819839673,0.9903985487671024,4.3664386457680235,6596.594231486586,6383.343588353088,545,546,602,168,67,431.42551411861604,235.20061584659805,196.224898272018,257
Winter,upper,GUNNING1,19839,5654.242344587773,0.43435390159541803,1.7603231707317062,2876.4217886456913,2777.8205559420817,545,546,602,168,67,200.14685173514098,88.72461525573668,111.42223647940429,252
Winter,upper,GUSF1,276,3206.617054708326,13.56599473144717,51.107652775681345,2114.7814943309677,1091.8355603773584,76,0,116,28,17,971.1477338945626,732.1399263325832,239.00780756197952,50
Winter,upper,GUTHEGA,19514,3680.340182741117,0.1392148251823259,3.0181725888324875,1776.9442436548225,1903.3959390862944,517,528,521,157,57,409.62443654822334,409.62443654822334,0.0,153
Winter,upper,HAMISF1,4578,45157.952785827445,19.073872278271324,166.42128574646074,25957.61094878578,19200.341837041662,798,57,1302,276,148,20010.234506382465,13580.395254067138,6429.839252315328,345
Winter,upper,HAUGHT11,4578,79083.90654563761,32.79375387231554,318.6773894342542,49836.07582046428,29247.83072517333,798,57,1302,276,148,32010.699893831756,21147.808007572417,10862.89188625934,377
Winter,upper,HAYMSF1,4578,47862.42450218817,18.128794970148032,196.01410222804702,27853.510257817474,20008.914244370702,798,57,1302,276,148,19488.597635646882,13283.344104878886,6205.253530767996,352
Winter,upper,HEZ1,31923,141.1809493502538,0.004394798577420264,0.0,57.447186720812184,83.73376262944163,1503,778,1398,476,151,4.885279187817259,0.0,4.885279187817259,0
Winter,upper,HILLSTN1,19825,7485.391817768827,0.21397585831219926,2.873074111675126,3723.2423434700877,3762.1494742987397,545,544,602,168,67,412.4971639139563,60.11469684356253,352.3824670703937,64
Winter,upper,HUMENSW,19768,23.368480144068137,0.0023625281605987904,0.027483699059561124,11.97089786453891,11.397582279529228,531,536,576,162,62,0.7391691917161869,0.027481191222570568,0.7116880004936164,4
Winter,upper,HUNTER1,11472,2574.384133611691,0.27861300147312673,0.0,1242.526096033403,1331.858037578288,933,239,913,304,96,0.0,0.0,0.0,0
Winter,upper,HUNTER2,11472,0.0,0.0,0.0,0.0,0.0,933,239,913,304,96,0.0,0.0,0.0,0
Winter,upper,JEMALNG1,28669,11330.551646055646,0.39228708586972943,3.4713245786802034,5585.903789436782,5744.647856618863,1350,734,1391,422,148,919.5518075469428,237.29316619090494,682.2586413560377,237
Winter,upper,JUNEESF1,19825,1598.0008858310248,0.0494011649605052,0.9507655837563452,781.2084334625936,816.7924523684313,545,544,602,168,67,113.70487215416136,12.091805158375635,101.61306699578573,41
Winter,upper,KABANWF1,4578,72128.45033194216,37.78073474199855,653.8687500000001,32698.609042445096,39429.841289497075,798,57,1302,276,148,30798.75143100383,15138.189402845028,15660.562028158804,342
Winter,upper,KAREEYA1,4578,17546.828523147105,3.6035588744349787,138.0078636959371,9082.090613546427,8464.737909600679,798,57,1302,276,148,6948.130683927296,3421.3186899331226,3526.8119939941735,96
Winter,upper,KAREEYA2,4578,29654.530962838875,12.172836301508417,223.67292225201072,16123.186815209654,13531.344147629223,798,57,1302,276,148,13649.606561864237,6842.794564506359,6806.811997357875,121
Winter,upper,KAREEYA3,4578,20790.982648224937,10.589803802472222,189.13770913770912,11522.67109970022,9268.311548524716,798,57,1302,276,148,9038.530589038557,5211.739407548847,3826.7911814897097,130
Winter,upper,KAREEYA4,4578,27121.568308476835,10.25371075690639,161.54155495978551,14614.557720162486,12507.010588314348,798,57,1302,276,148,12440.090194203472,6241.657627310296,6198.432566893176,119
Winter,upper,KEPSF1,4578,3770.421601991633,1.6403501811838908,32.08033462033462,1864.9428331083652,1905.478768883268,798,57,1302,276,148,1614.457341024723,714.4086981543661,900.0486428703567,159
Winter,upper,KEPWF1,4578,15085.891612462075,3.2150296537421705,36.96201818181817,4833.292975547072,10252.598636915003,798,57,1302,276,148,6003.4971228854165,1788.310823113253,4215.186299772164,193
Winter,upper,KIDSPHG1,255,0.0,0.0,0.0,0.0,0.0,61,0,100,24,15,0.0,0.0,0.0,0
Winter,upper,KIDSPHG2,255,0.0,0.0,0.0,0.0,0.0,61,0,100,24,15,0.0,0.0,0.0,0
Winter,upper,KIDSPHL1,255,0.0,0.0,0.0,0.0,0.0,61,0,100,24,15,0.0,0.0,0.0,0
Winter,upper,KIDSPHL2,255,0.0,0.0,0.0,0.0,0.0,61,0,100,24,15,0.0,0.0,0.0,0
Winter,upper,KINGASF1,4835,16571.47311973623,5.707761607729854,27.613816991614254,8600.8102247384,7970.662894997831,802,57,1302,277,148,4860.589741689979,2921.687136609327,1938.9026050806515,335
Winter,upper,KPP_1,10388,134703.16575642812,11.526900277444176,165.41583604709254,74642.7012801976,60060.46447623053,898,138,2156,306,233,32888.9613056459,26739.963972406407,6148.997333239495,240
Winter,upper,KSP1,4578,59475.583740279326,18.74025860416421,285.0261074705109,34580.585549288735,24894.998190990587,798,57,1302,276,148,23806.475054293267,15090.814777912517,8715.66027638075,370
Winter,upper,LDBESS1,11472,465607.65125108254,40.67998692311693,391.4405010438414,329928.1689967762,135679.48225430635,933,239,913,304,96,167314.76873712635,167206.75115889334,108.01757823298716,347
Winter,upper,LILYSF1,4578,73389.04588635509,35.94533210864492,450.2037533512065,41415.54586276931,31973.500023585777,798,57,1302,276,148,37096.748401815625,19346.403565566132,17750.34483624949,336
Winter,upper,LIMBESS1,221,972.8281215398093,4.401937201537598,15.650406504065039,438.6078634097917,534.2202581300176,12,8,81,5,4,40.925975482325356,7.825203252032519,33.10077223029283,1
Winter,upper,LIMOSF11,19514,6779.845851833149,0.33922626089104035,4.615608807106598,3262.664172334314,3517.181679498835,517,528,521,157,57,253.14127484989135,33.41222675837563,219.7290480915157,26
Winter,upper,LIMOSF21,19514,2111.9504114487077,0.08567247718641828,0.7686913705583757,1021.8193234893537,1090.1310879593539,517,528,521,157,57,120.82003731471163,24.339766982741114,96.48027033197052,76
Winter,upper,MANSLR1,30475,8464.100290277634,0.29074927852718946,1.9901324342379947,4140.7668607875175,4323.333429490118,1429,745,1391,454,148,820.2343503958978,256.9413223967251,563.2930279991726,270
Winter,upper,MARYRSF1,4186,8428.860890428094,3.0587443835207813,20.86009853249476,4333.990529337386,4094.870361090708,473,44,977,176,80,1474.1702371060874,771.3986057097236,702.7716313963639,206
Winter,upper,MCINTYR1,4705,84962.0738783067,19.944953840063008,183.4105245700246,45489.59882358654,39472.47505472016,751,55,1283,253,137,14157.900005259833,7878.152435275479,6279.747569984355,350
Winter,upper,METZSF1,40958,182942.6811501423,4.428262771676377,34.619833908629445,94077.2460098056,88865.43514033672,1595,920,2252,504,235,16938.36121428831,14066.220363984236,2872.140850304076,755
Winter,upper,MEWF1,4578,65558.94334147789,25.593898525233143,273.0189070323147,28152.482552996124,37406.46078848176,798,57,1302,276,148,26442.612923551344,11527.911512864992,14914.701410686352,348
Winter,upper,MIDDLSF1,4578,32817.96068774274,14.487243366945505,208.15530566280563,19005.89365094553,13812.067036797212,798,57,1302,276,148,14995.439767724467,9595.354463666905,5400.085304057562,344
Winter,upper,MOLNGSF1,30475,8450.823296453045,0.28256618941815004,2.1848684759916486,4230.57424340103,4220.249053052015,1429,745,1391,454,148,678.5895670624266,211.72712269696268,466.86244436546394,255
Winter,upper,MOREESF1,34303,75026.52561567984,2.173043802526596,17.215159011115723,38085.324153346475,36941.20146233337,1521,809,1417,481,154,8178.665533338724,6739.32299011872,1439.3425432200054,717
Winter,upper,MOUSF1,4578,68173.50828747188,31.760802587138457,302.95090665145665,35462.837838721665,32710.67044875022,798,57,1302,276,148,36526.00660844874,19466.099890546626,17059.906717902115,354
Winter,upper,MP1,28669,158597.22959027017,5.7016751845347535,27.804746767223378,79524.71232166108,79072.51726860908,1350,734,1391,422,148,13101.28110094423,11658.33787753613,1442.9432234080991,669
Winter,upper,MP2,28669,122993.38457265147,4.47684480430792,24.359726774530273,61822.064414509725,61171.32015814175,1350,734,1391,422,148,11518.027479803159,10217.010105922407,1301.0173738807516,584
Winter,upper,MPP_1,5016,47053.14486698946,11.69757486958776,81.09350442138364,23415.186506039146,23637.958360950313,751,57,1283,253,137,9501.898846645407,6697.388093726572,2804.5107529188354,162
Winter,upper,MPP_2,5337,7354.10696081622,3.5990758887278766,74.70918709538788,4210.459719725556,3143.647241090663,751,77,1283,253,137,624.6812916544444,327.81081723368743,296.8704744207569,22
Winter,upper,MSTUART1,4578,1071.036087166667,0.2262433644205042,0.0,1071.036087166667,0.0,798,57,1302,276,148,1071.036087166667,1071.036087166667,0.0,1
Winter,upper,MSTUART2,4578,4096.1946114023585,0.8652713585556313,0.0,0.0,4096.1946114023585,798,57,1302,276,148,4096.1946114023585,0.0,4096.1946114023585,0
Winter,upper,MSTUART3,4578,7172.752863022113,6.446378395615985,382.3356555589681,1729.100404791155,5443.6524582309585,798,57,1302,276,148,2703.746751228501,1729.100404791155,974.6463464373464,3
Winter,upper,MUCRKSF1,276,1775.2985658937514,5.891894980852328,27.559658793547996,1070.018412162548,705.2801537312037,76,0,116,28,17,605.0614153742212,410.74424621664565,194.3171691575755,47
Winter,upper,MULWASF1,314,1.5155297805642634,0.003254322219055762,0.007288401253918496,0.009717868338557995,1.5058119122257054,19,13,95,6,8,0.17035235109717872,0.0,0.17035235109717872,0
Winter,upper,NESBESS1,13132,97698.16832484273,7.362944486939166,100.31315240083507,54367.35969937031,43330.80862547243,1009,265,1269,329,107,13908.247824463666,8884.898609119642,5023.349215344024,118
Winter,upper,NESBESS2,13132,39930.51392591109,3.0432753061896847,50.15657620041753,21744.517825073122,18185.996100837965,1009,265,1269,329,107,7000.879365732929,4303.188322435888,2697.691043297041,96
Winter,upper,NEVERSF1,31908,21106.946739098512,0.6889981718926843,5.376953362734864,10262.452296453219,10844.494442645295,1503,778,1398,476,151,2202.5616445560117,565.3521845551172,1637.2094600008945,233
Winter,upper,NEWENSF1,34761,282762.2545059137,7.821426297327117,61.90797969543147,145661.98675871803,137100.26774719567,1520,817,1709,484,160,26134.91926281069,23100.301590002393,3034.6176728082983,753
Winter,upper,NEWENSF2,34761,295146.85210866295,8.142806632228021,62.457147208121825,152042.56655379102,143104.28555487195,1520,817,1709,484,160,27233.5948250406,23799.534960965386,3434.059864075212,757
Winter,upper,NYNGAN1,31908,29271.109214478067,0.916250947875355,5.693517746938816,14261.763469120997,15009.34574535707,1503,778,1398,476,151,2553.694626363942,744.4734118961544,1809.2212144677876,254
Winter,upper,OAKEY1,4186,7302.198571715235,0.43131710405878526,0.0,3721.542102784417,3580.6564689308175,473,44,977,176,80,1349.9622054088052,1238.4967966037736,111.46540880503144,19
Winter,upper,OAKEY1SF,4186,7783.262626451449,2.6594054797956916,16.301882314465416,3995.0537588116235,3788.2088676398257,473,44,977,176,80,1711.4171254597495,1100.9739395268564,610.4431859328931,224
Winter,upper,OAKEY2,4186,21150.423795180443,1.2492866978842554,45.18867924528302,9834.16532159816,11316.258473582282,473,44,977,176,80,3825.413661393343,2452.7927157023064,1372.6209456910367,25
Winter,upper,OAKEY2SF,4186,14676.037129742937,6.732566221833959,40.36271006079665,7653.977220145409,7022.0599095975285,473,44,977,176,80,3290.855374016046,2058.8571696186395,1231.9982043974064,222
Winter,upper,ORABESS1,12601,124080.93995775125,9.99022278409972,66.94154488517745,65339.844787727605,58741.09517002366,998,256,958,324,98,13319.369429011465,11293.484719747503,2025.884709263961,309
Winter,upper,PARSF1,28669,11195.905009962202,0.3930849526577176,2.9295071398747394,5449.87745756246,5746.027552399742,1350,734,1391,422,148,1001.3626394116684,290.7424775909669,710.6201618207015,263
Winter,upper,PUMP1,3343,21473.0957442348,1.6913276421104915,1.0482180293501049,10618.09923480084,10854.996509433962,357,42,895,127,59,7458.770094339623,7378.406708595388,80.3633857442348,35
Winter,upper,PUMP2,3343,39815.59228511531,22.926152884673314,255.76519916142558,18646.789853249476,21168.802431865828,357,42,895,127,59,12150.786289308176,11383.4906918239,767.2955974842768,57
Winter,upper,QBYNB1,19366,2852.300027960465,0.1403416405591525,0.9401015228426396,1440.4738762423058,1411.826151718159,510,525,480,153,56,105.21865279412079,72.58958278781725,32.629070006303536,150
Winter,upper,QPSFB1,9362,4863.033815576797,0.5344815765235831,4.514685795407086,2432.787380470285,2430.246435106511,845,212,951,270,95,740.0034031564367,280.58879939860776,459.41460375782884,134
Winter,upper,QPSFB2,9362,2421.7769500487566,0.30672261478059853,3.8079331941544887,1217.9191516997926,1203.8577983489636,845,212,951,270,95,392.61391863212066,266.599531691023,126.01438694109768,103
Winter,upper,RESS1,19825,16393.36281594213,1.0800422350384615,7.189523510971771,8329.365370022679,8063.997445919454,545,544,602,168,67,693.2419605223835,608.812631895231,84.42932862715243,180
Winter,upper,RIVNB2,19825,23651.859018890606,0.8882673014167924,10.172764227642276,11911.494115525014,11740.364903365593,545,544,602,168,67,930.7047756499976,792.8002024244547,137.90457322554303,156
Winter,upper,ROMA_7,4836,0.0,0.0,0.0,0.0,0.0,802,57,1302,277,148,0.0,0.0,0.0,0
Winter,upper,ROMA_8,4836,970.751223619051,0.1598995742329298,1.5948616600790515,457.9669520102015,512.7842716088494,802,57,1302,277,148,243.2938157772954,185.87879601444956,57.41501976284585,13
Winter,upper,RRSF1,4578,92069.21361313958,40.75319541933649,317.51415120643435,51668.90352292235,40400.31009021722,798,57,1302,276,148,43680.104250385266,23096.83197188457,20583.27227850069,359
Winter,upper,RUGBYR1,4578,65673.2507180137,29.651643207224748,315.89519501123107,38436.90294796603,27236.34777004766,798,57,1302,276,148,28986.105499438152,20022.15108004275,8963.954419395404,339
Winter,upper,RYEPARK1,19825,32332.390310425126,2.448162217319284,13.631529258098224,16438.571975677674,15893.818334747451,545,544,602,168,67,961.598253410367,597.3827806625675,364.2154727477995,282
Winter,upper,SAPHWF1,41972,475708.1495345289,11.29541476983322,45.391999999999996,234570.64863718342,241137.50089734545,1646,938,2574,518,245,20858.846300648904,13180.298505819352,7678.547794829553,800
Winter,upper,SEBSF1,19825,6212.324387900141,0.1795362418217423,2.776850253807107,3050.754878651759,3161.569509248383,545,544,602,168,67,403.3598298577077,45.253973686593575,358.10585617111417,46
Winter,upper,SHGEN,5,0.0,0.0,0.0,0.0,0.0,1,1,0,1,0,0.0,0.0,0.0,0
Winter,upper,SHPUMP,5,0.0,0.0,0.0,0.0,0.0,1,1,0,1,0,0.0,0.0,0.0,0
Winter,upper,SMCSF1,4578,105350.4263135722,42.35761876243354,371.73200257680605,58491.32808815177,46859.098225420435,798,57,1302,276,148,40303.61235065149,25185.807536546152,15117.80481410534,367
Winter,upper,SNOWYP,19514,25621.7733894731,1.0746704488244685,18.790558375634518,13427.986154231472,12193.787235241623,517,528,521,157,57,1413.4686395939086,1346.3970558375636,67.07158375634518,52
Winter,upper,SRSF1,4578,52444.60424270502,24.097064695861288,234.5901412776413,29071.725338175853,23372.87890452917,798,57,1302,276,148,23384.872356491655,15464.726115197198,7920.146241294458,336
Winter,upper,STABESS1,107,0.0,0.0,0.0,0.0,0.0,35,0,38,13,7,0.0,0.0,0.0,0
Winter,upper,STAN-1,4578,115056.84883607017,41.33794293920642,635.2417613837507,71712.51349865383,43344.33533741635,798,57,1302,276,148,62451.93362714669,43022.510121769505,19429.423505377188,236
Winter,upper,STAN-2,4578,149143.67192143024,51.57242530344368,689.2585918295256,83783.74313714374,65359.928784286494,798,57,1302,276,148,74757.90427308342,45748.26903605501,29009.63523702841,233
Winter,upper,STAN-3,4578,111618.52902525249,36.43658744248189,553.0143655083655,66068.36771891307,45550.16130633942,798,57,1302,276,148,55837.086269997104,36772.17669052221,19064.909579474886,217
Winter,upper,STAN-4,4578,122425.04719282007,39.7329148017454,615.9353943371942,76027.33817908897,46397.7090137311,798,57,1302,276,148,68109.31674369061,45520.01032852139,22589.30641516921,213
Winter,upper,STUBSF1,31700,75834.83658129223,2.3702745546440083,17.902485187817256,38002.603761931045,37832.232819361176,1470,774,1297,470,147,8004.0199965666325,2267.110530528153,5736.90946603848,330
Winter,upper,STUBSF2,31700,77116.46603627694,2.401669341460096,17.842153753807104,38875.6240932259,38240.84194305103,1470,774,1297,470,147,7931.7186640588925,2271.6301237747457,5660.088540284147,325
Winter,upper,STWF1,19514,14994.368338368331,0.6272424235455122,3.021801979695432,7714.323310170773,7280.045028197557,517,528,521,157,57,414.56926802876484,249.83109614667163,164.73817188209318,240
Winter,upper,SUNRSF1,19514,12232.993482589485,0.505595876607812,5.24114,5909.5973963702045,6323.396086219281,517,528,521,157,57,845.2665288510245,139.06368685482232,706.2028419962023,77
Winter,upper,SUNTPSF1,31908,44797.32371930283,1.3746373019681961,9.603857868020304,22398.683387006487,22398.64033229635,1503,778,1398,476,151,3958.2174811776254,1074.111590724894,2884.105890452731,268
Winter,upper,SWANBBF1,190,7432.414744550007,36.07166616239839,259.1719077568134,2609.8987107162416,4822.5160338337655,56,0,94,19,12,2998.59212742422,1720.8099764094216,1277.7821510147985,11
Winter,upper,SWAN_E,3797,64582.77640505492,8.454538118730406,128.6507288499996,33225.942617499306,31356.83378755562,460,54,990,166,82,13322.530210102886,11042.946821102127,2279.5833890007593,128
Winter,upper,TALWA1,5,0.0,0.0,0.0,0.0,0.0,1,1,0,1,0,0.0,0.0,0.0,0
Winter,upper,TALWB1,5,0.0,0.0,0.0,0.0,0.0,1,1,0,1,0,0.0,0.0,0.0,0
Winter,upper,TARALGA1,19825,11378.956408975147,0.6956831121014243,3.49379944827586,5794.347514904715,5584.608894070432,545,544,602,168,67,354.9828317716765,145.468946281473,209.5138854902035,240
Winter,upper,TARBESS1,4781,8275.944862378763,9.101055331711214,160.167714884696,3499.9562225410373,4775.988639837725,762,57,1259,270,141,1882.2041426686264,1122.2606883379358,759.9434543306904,16
Winter,upper,TARONG#1,4835,35767.22162405605,11.906553388518276,70.0733752620545,16975.836273032444,18791.385351023604,802,57,1302,277,148,8646.716596409231,5344.530794033146,3302.1858023760856,227
Winter,upper,TARONG#2,4835,46975.938920713204,15.338288296476337,77.77317636705502,23199.4489349131,23776.489985800104,802,57,1302,277,148,13944.045380309206,8842.95246399854,5101.092916310666,258
Winter,upper,TARONG#3,4835,41289.70127840292,8.058999878883425,78.48518273575523,21535.607567856096,19754.093710546826,802,57,1302,277,148,13246.22432759363,8710.035005174077,4536.189322419555,262
Winter,upper,TARONG#4,4835,44560.585584343804,14.179667373182193,70.0733752620545,22005.29461845836,22555.290965885448,802,57,1302,277,148,13310.997661510826,8363.062344558753,4947.935316952073,262
Winter,upper,TNPS1,5205,7022.667103936911,6.874329595996181,143.17016235883528,4573.1862739929975,2449.480829943914,802,64,1302,277,148,2054.0116237645248,1384.5199760052028,669.491647759322,27
Winter,upper,TUMUT3,19514,91620.60856168196,7.647801420569966,43.62591431556949,46466.63549729678,45153.97306438519,517,528,521,157,57,6005.392634797722,5580.059868903362,425.3327658943611,234
Winter,upper,ULPBESS1,4839,15939.877036528263,26.83935043391214,147.72169811320754,7316.776239766872,8623.100796761391,802,57,1302,277,148,5876.60352158923,2577.6588813930402,3298.944640196189,58
Winter,upper,UPPTUMUT,19514,79136.01171367103,5.420329742075621,35.52845528455285,39691.74058529241,39444.27112837862,517,528,521,157,57,3346.2460277062523,2917.1876001441956,429.05842756205686,224
Winter,upper,URANQ11,19825,8458.942820691796,0.28452511177436696,5.568410268629439,4306.472747793042,4152.470072898755,545,544,602,168,67,653.9361586609137,641.6232955390863,12.312863121827414,71
Winter,upper,URANQ12,19825,10665.882577338602,0.3472511210278914,7.76100565324871,5555.269677227518,5110.612900111084,545,544,602,168,67,700.4440963350254,694.4827307725889,5.961365562436552,89
Winter,upper,URANQ13,19825,17380.32025874077,0.5729860862351589,10.146102106040605,8828.378403034785,8551.941855705982,545,544,602,168,67,1101.9821901370474,1064.8037745949155,37.17841554213198,153
Winter,upper,URANQ14,19825,14258.586203988063,0.4318487258678802,10.089527683857849,7530.352284033057,6728.233919955007,545,544,602,168,67,1063.5912632913705,1031.4942394101522,32.09702388121828,125
Winter,upper,VP5,31908,154925.02748011705,4.931515350399486,27.24425887265136,80003.99124689761,74921.03623321942,1503,778,1398,476,151,11946.093684224621,2110.956600894069,9835.137083330552,178
Winter,upper,VP6,31908,144348.58073214203,4.4112847720465105,25.639119228426402,73970.466905718,70378.11382642403,1503,778,1398,476,151,11717.989694776046,2241.5222127031366,9476.467482072909,168
Winter,upper,W/HOE#1,3535,26714.532261439635,11.079041733683354,217.25,13495.286128253421,13219.246133186214,454,54,989,164,81,5844.053718819769,3914.79584592348,1929.257872896288,40
Winter,upper,W/HOE#2,3535,57531.506585919786,15.171049693656784,217.25,29720.2671255312,27811.23946038858,454,54,989,164,81,13572.210521969419,10576.695373985694,2995.515147983722,85
Winter,upper,WAGGNSF1,19825,3578.1823839485455,0.10227792941089499,1.3611396416243655,1764.7368776942942,1813.4455062542513,545,544,602,168,67,177.24089267873794,21.454476623848745,155.78641605488917,37
Winter,upper,WAMBOWF1,4578,5516.403457615362,5.400370553290565,40.63820653741849,2265.6538611177493,3250.7495964976124,798,57,1302,276,148,1683.5306834983016,544.284103427006,1139.2465800712955,131
Winter,upper,WAMBOWF2,276,124.81987547260321,0.3178074373904149,2.2158984239733623,60.71635882296373,64.10351664963949,76,0,116,28,17,30.935219651514174,5.775972248979218,25.159247402534955,13
Winter,upper,WANDB1,4836,53627.212527245036,11.676101974610285,85.75863862466363,26248.849660381562,27378.362866863474,802,57,1302,277,148,10398.804190211247,5139.311386433558,5259.49280377769,171
Winter,upper,WANDSF1,4836,61930.879338388746,19.165858637861103,114.20647390566036,33583.586111342855,28347.29322704589,802,57,1302,277,148,16387.57887309752,10445.453028609734,5942.125844487783,348
Winter,upper,WANDSF2,190,477.2155724528302,4.078765576519916,58.28208893081761,414.45426320754717,62.761309245283016,56,0,94,19,12,60.009686729559746,57.25806421383648,2.751622515723271,1
Winter,upper,WARWSF1,4186,8986.056103372788,2.8919494018505363,19.91784939937107,4654.6018593324325,4331.454244040356,473,44,977,176,80,2035.4418560579907,1284.1561639909257,751.285692067065,194
Winter,upper,WARWSF2,4186,8821.738418640638,2.5503369488750085,15.755701915094345,4546.619704667634,4275.118713973004,473,44,977,176,80,2004.68532554849,1309.517407088641,695.1679184598489,200
Winter,upper,WDBESS1,4839,210277.4130356195,50.614875128784455,245.13023715414957,103320.90916834425,106956.50386727527,802,57,1302,277,148,44234.18764046307,28439.763597946323,15794.42404251674,331
Winter,upper,WDBESS2,279,14456.081170721427,53.98195543930384,244.71069182389937,5758.35370318025,8697.727467541177,76,0,116,28,17,3820.954801114469,1981.5356207114985,1839.4191804029706,25
Winter,upper,WDGPH1,4839,132734.87575992593,37.347474078476964,213.31319296244294,71687.30411346005,61047.571646465854,802,57,1302,277,148,44871.50015788424,29872.399879292185,14999.100278592057,368
Winter,upper,WELLSF1,31908,45755.92686466126,1.4376574945041438,9.670085348642996,22488.20457056434,23267.722294096922,1503,778,1398,476,151,4485.881333438837,1116.5019429469228,3369.379390491914,269
Winter,upper,WELNSF1,31908,95407.6568610126,2.894075554215915,22.828623350253814,47360.660608132384,48046.99625288021,1503,778,1398,476,151,8842.14124295735,1610.841547200398,7231.299695756952,239
Winter,upper,WHITSF1,4578,56774.88730783252,22.33158452090683,268.53155300440244,33393.77680864439,23381.110499188126,798,57,1302,276,148,26430.887881713108,17546.079054212078,8884.80882750103,343
Winter,upper,WILLBES1,60,0.0,,,0.0,0.0,5,5,40,1,3,0.0,0.0,0.0,0
Winter,upper,WLWLSF1,19560,10140.314741752849,0.34567266376214867,3.594967304568528,5059.441125789198,5080.873615963651,498,532,475,156,58,495.05867186621134,56.48948934010152,438.5691825261097,49
Winter,upper,WLWLSF2,19560,10051.8801582385,0.34134257457677153,3.547466497461929,5035.436275425528,5016.443882812971,498,532,475,156,58,502.13161784927087,66.46627868020305,435.66533916906786,54
Winter,upper,WOLARSF1,31908,89464.66319084853,2.749321972650891,17.68418735025381,46101.60216339681,43363.06102745172,1503,778,1398,476,151,7855.032994030205,2595.197410358548,5259.835583671658,272
Winter,upper,WOODLWN1,19366,4104.769073623634,0.21433941442739557,0.8862680456852792,2040.6342295792151,2064.1348440444185,510,525,480,153,56,122.35247632834981,52.39553112181926,69.95694520653055,183
Winter,upper,WOOLES1,276,0.26353333333333334,0.0010583668005354752,0.03443893081761006,0.23145440251572325,0.03207893081761007,76,0,116,28,17,0.05160088050314465,0.04258389937106917,0.009016981132075476,5
Winter,upper,WOOLGSF1,4529,56838.54883531462,23.338517961139672,272.7627785058976,33676.968621804925,23161.580213509693,760,57,1260,270,142,30098.111232521944,19863.49434626316,10234.616886258786,320
Winter,upper,WRSF1,40958,27153.04940378161,0.6391284041550274,4.578439269218456,13710.303782276327,13442.745621505283,1595,920,2252,504,235,1998.79992076091,1596.4564893154293,402.34343144548063,542
Winter,upper,WRWF1,40958,286658.46491062094,6.696112719858387,30.78495685279187,140981.2239715084,145677.24093911253,1595,920,2252,504,235,10867.909563705554,6240.054155106767,4627.855408598787,689
Winter,upper,WSTWYSF1,19825,6375.732814445902,0.2107101538015991,2.7789459898477156,3064.3728420573007,3311.3599723886014,545,544,602,168,67,421.64773959353806,54.28568300101524,367.36205659252283,54
Winter,upper,WTAHB1,31908,238079.31782666175,8.145649458206487,60.35423498176048,120013.21853426527,118066.09929239648,1503,778,1398,476,151,18143.806196152185,7217.218599829306,10926.58759632288,214
Winter,upper,WYASF1,19825,4546.292305533164,0.12635420083698756,1.8909706538071067,2140.073842899253,2406.2184626339113,545,544,602,168,67,325.3264833559777,32.41482418781726,292.91165916816044,45
Winter,upper,YABULU,4578,20081.18741078741,14.049197636059153,1048.854568854569,16225.987410787413,3855.2,798,57,1302,276,148,11972.168105768107,11809.50143910144,162.66666666666666,12
Winter,upper,YABULU2,4578,0.0,0.0,0.0,0.0,0.0,798,57,1302,276,148,0.0,0.0,0.0,0
Winter,upper,YARANSF1,4186,29437.35603198108,9.960209284532754,52.378700209643654,15221.945640501463,14215.410391479616,473,44,977,176,80,6598.438422534247,4131.7463142741735,2466.6921082600734,231
