event_id,DUID,net_tightening_mw,gross_tightening_mw,gross_relief_mw
VNI-lower-20240904T2110,ARWF1,-134.20626113207547,0.0,134.20626113207544
VNI-lower-20240904T2110,BALB1,0.0,0.0,-0.0
VNI-lower-20240904T2110,BANN1,0.0,0.0,-0.0
VNI-lower-20240904T2110,BHB1,0.0,0.0,-0.0
VNI-lower-20240904T2110,BROKENH1,0.0,0.0,-0.0
VNI-lower-20240904T2110,BRYB1WF1,-10.280955974842833,7.44483018867914,17.725786163521974
VNI-lower-20240904T2110,BRYB2WF2,-13.110264150943408,24.850188679245353,37.96045283018876
VNI-lower-20240904T2110,BULBESG1,0.0,0.0,-0.0
VNI-lower-20240904T2110,BULBESL1,0.0,0.0,-0.0
VNI-lower-20240904T2110,BULGANA1,-53.2675471698113,0.0,53.2675471698113
VNI-lower-20240904T2110,COHUNSF1,0.0,0.0,-0.0
VNI-lower-20240904T2110,CROWLWF1,13.927622641509503,19.35470440251573,5.427081761006227
VNI-lower-20240904T2110,DARTM1,0.0,0.0,-0.0
VNI-lower-20240904T2110,ELAINWF1,7.801509433962125,91.69899371069181,83.8974842767297
VNI-lower-20240904T2110,GANNB1,0.0,79.47599333333334,79.47599333333334
VNI-lower-20240904T2110,GANNSF1,0.0,0.0,-0.0
VNI-lower-20240904T2110,GIRGSF,0.0,0.0,-0.0
VNI-lower-20240904T2110,GLENSF1,0.0,0.0,-0.0
VNI-lower-20240904T2110,GLRWNSF1,0.0,0.0,-0.0
VNI-lower-20240904T2110,HUMEV,0.0,0.0,-0.0
VNI-lower-20240904T2110,KARSF1,0.0,0.0,-0.0
VNI-lower-20240904T2110,KIAMSF1,0.0,0.0,-0.0
VNI-lower-20240904T2110,KIATAWF1,-0.8029132075471892,3.275376100628941,4.07828930817613
VNI-lower-20240904T2110,LIMOSF11,0.0,0.0,-0.0
VNI-lower-20240904T2110,LIMOSF21,0.0,0.0,-0.0
VNI-lower-20240904T2110,MCKAY1,0.0,0.0,-0.0
VNI-lower-20240904T2110,MERCER01,475.4325786163522,1465.9316981132074,990.4991194968553
VNI-lower-20240904T2110,MOORAWF1,219.11949685534609,278.86792452830275,59.74842767295669
VNI-lower-20240904T2110,MRTLSWF1,20.875924528301862,20.880716981131936,0.004792452830075353
VNI-lower-20240904T2110,MTGELWF1,4.815376603773591,16.55152150943395,11.736144905660359
VNI-lower-20240904T2110,MURRAY,0.0,0.0,-0.0
VNI-lower-20240904T2110,MUWAWF1,3.109974842767447,4.582364779874251,1.4723899371068037
VNI-lower-20240904T2110,MUWAWF2,2.1547888050313464,10.77365672955977,8.618867924528423
VNI-lower-20240904T2110,NUMURSF1,0.0,0.0,-0.0
VNI-lower-20240904T2110,OAKLAND1,12.124528301886771,26.045283018867877,13.920754716981104
VNI-lower-20240904T2110,SALTCRK1,18.440509433962276,40.49188301886792,22.051373584905637
VNI-lower-20240904T2110,STWF1,26.124211320754693,81.36659119496845,55.24237987421375
VNI-lower-20240904T2110,SUNRSF1,0.0,0.0,-0.0
VNI-lower-20240904T2110,WEMENSF1,0.0,0.0,-0.0
VNI-lower-20240904T2110,WINTSF1,0.0,0.0,-0.0
VNI-lower-20240904T2110,WKIEWA1,0.0,0.0,-0.0
VNI-lower-20240904T2110,WKIEWA2,-28.867924528301888,0.0,28.867924528301888
VNI-lower-20240904T2110,YATSF1,0.0,0.0,-0.0
VNI-lower-20240904T2110,YENDWF1,41.872670188679194,51.10597433962245,9.233304150943251
VNI-lower-20241019T0945,BHB1,0.0,0.0,-0.0
VNI-lower-20241019T0945,BROKENH1,0.0,0.0,-0.0
VNI-lower-20241019T0945,COLEASF1,0.0,2.2800000000000002,2.2800000000000002
VNI-lower-20241019T0945,CROOKWF2,0.5792620000000003,0.9604020000000003,0.38114000000000003
VNI-lower-20241019T0945,DARLSF1,-3.460321800000001,7.11860080000001,10.578922600000011
VNI-lower-20241019T0945,FINLYSF1,10.254098600000003,24.579729999999998,14.325631399999997
VNI-lower-20241019T0945,GULLRSF1,-0.007079999999999995,0.12236599999999997,0.12944599999999998
VNI-lower-20241019T0945,GULLRWF1,-0.23519287999999938,1.1839246799999998,1.4191175599999992
VNI-lower-20241019T0945,GUNNING1,-0.1136339999999999,0.08507800000000021,0.1987120000000001
VNI-lower-20241019T0945,LIMOSF11,-9.002542000000002,6.940183200000003,15.942725200000005
VNI-lower-20241019T0945,LIMOSF21,0.43617159999999966,0.855,0.4188284000000002
VNI-lower-20241019T0945,MCKAY1,0.0,0.0,-0.0
VNI-lower-20241019T0945,MURRAY,0.0,0.0,-0.0
VNI-lower-20241019T0945,SNOWYP,0.0,0.0,-0.0
VNI-lower-20241019T0945,STWF1,0.0,0.0,-0.0
VNI-lower-20241019T0945,SUNRSF1,19.690916,19.898183200000002,0.2072671999999997
VNI-lower-20241019T0945,TARALGA1,-0.37724599999999975,0.963588,1.3408339999999999
VNI-lower-20241019T0945,TUMUT3,0.0,0.0,-0.0
VNI-lower-20241019T0945,UPPTUMUT,37.623660359999995,56.8664512,19.242790839999998
VNI-lower-20241019T0945,URANQ11,0.0,0.0,-0.0
VNI-lower-20241019T0945,URANQ12,0.0,0.0,-0.0
VNI-lower-20241019T0945,URANQ13,0.0,0.0,-0.0
VNI-lower-20241019T0945,URANQ14,0.0,0.0,-0.0
VNI-lower-20241019T0945,WLWLSF1,0.0,0.0,-0.0
VNI-lower-20241019T0945,WLWLSF2,0.0,0.0,-0.0
VNI-lower-20241019T0945,WOODLWN1,0.09853000000000003,0.21570399999999995,0.11717399999999993
VNI-lower-20241028T1535,BHB1,-0.6794931,0.021278400000000006,0.7007715
VNI-lower-20241028T1535,BROKENH1,0.0,0.0,-0.0
VNI-lower-20241028T1535,COLEASF1,0.0,0.0,-0.0
VNI-lower-20241028T1535,CROOKWF2,3.0886499999999995,4.5182199999999995,1.42957
VNI-lower-20241028T1535,DARLSF1,-57.03334120000001,0.0,57.03334120000001
VNI-lower-20241028T1535,FINLYSF1,6.259169999999997,11.328742399999998,5.069572400000001
VNI-lower-20241028T1535,GULLRSF1,-0.11457799999999996,0.957334,1.071912
VNI-lower-20241028T1535,GULLRWF1,-0.4261676199999993,1.3229829599999998,1.749150579999999
VNI-lower-20241028T1535,GUNNING1,-0.63158084,1.0050059999999998,1.6365868399999999
VNI-lower-20241028T1535,LIMOSF11,103.02491599999999,166.9569862,63.9320702
VNI-lower-20241028T1535,LIMOSF21,20.790525799999998,22.03658,1.2460542000000001
VNI-lower-20241028T1535,MCKAY1,0.0,0.0,-0.0
VNI-lower-20241028T1535,MURRAY,0.0,0.0,-0.0
VNI-lower-20241028T1535,SNOWYP,0.0,0.0,-0.0
VNI-lower-20241028T1535,STWF1,0.0,0.0,-0.0
VNI-lower-20241028T1535,SUNRSF1,-26.752212799999995,75.2399924,101.9922052
VNI-lower-20241028T1535,TARALGA1,-1.2849822399999997,8.25205034,9.53703258
VNI-lower-20241028T1535,TUMUT3,460.2741234,460.27412340000006,-0.0
VNI-lower-20241028T1535,UPPTUMUT,89.77660977999999,89.77660977999999,-0.0
VNI-lower-20241028T1535,URANQ11,0.0,0.0,-0.0
VNI-lower-20241028T1535,URANQ12,0.0,0.0,-0.0
VNI-lower-20241028T1535,URANQ13,0.0,0.0,-0.0
VNI-lower-20241028T1535,URANQ14,0.0,0.0,-0.0
VNI-lower-20241028T1535,WLWLSF1,0.0,0.0,-0.0
VNI-lower-20241028T1535,WLWLSF2,0.0,0.0,-0.0
VNI-lower-20241028T1535,WOODLWN1,-1.2098539999999998,1.874312,3.0841659999999997
VNI-lower-20241106T1655,ARWF1,-13.50179923811317,16.53470439000001,30.036503628113177
VNI-lower-20241106T1655,BALB1,0.0,0.0,-0.0
VNI-lower-20241106T1655,BANN1,-33.23101911949686,0.0,33.23101911949686
VNI-lower-20241106T1655,BHB1,0.0,0.0,-0.0
VNI-lower-20241106T1655,BROKENH1,9.896981132075476,12.241981132075479,2.3450000000000024
VNI-lower-20241106T1655,BRYB1WF1,80.16145911949693,80.16145911949693,-0.0
VNI-lower-20241106T1655,BRYB2WF2,-6.817610062893082,0.0,6.817610062893082
VNI-lower-20241106T1655,BULBES1,-71.66037735849056,0.0,71.66037735849056
VNI-lower-20241106T1655,BULGANA1,-119.3564694339623,17.91222000000001,137.2686894339623
VNI-lower-20241106T1655,COHUNSF1,0.0,0.0,-0.0
VNI-lower-20241106T1655,COLEASF1,2.2599036000000137,52.51010360000001,50.25019999999999
VNI-lower-20241106T1655,CROOKWF2,4.0831518,4.0831517999999996,-0.0
VNI-lower-20241106T1655,CROWLWF1,33.687960660377364,33.687960660377364,-0.0
VNI-lower-20241106T1655,DARLSF1,-5.100320000000007,33.423662,38.523982000000004
VNI-lower-20241106T1655,DARTM1,0.0,0.0,-0.0
VNI-lower-20241106T1655,ELAINWF1,106.4994968553459,106.4994968553459,-0.0
VNI-lower-20241106T1655,FINLYSF1,13.650886,16.596024619999998,2.94513862
VNI-lower-20241106T1655,GANNB1,0.0,0.0,-0.0
VNI-lower-20241106T1655,GANNSF1,-31.20922754716982,0.0,31.20922754716982
VNI-lower-20241106T1655,GIRGSF,-7.151698113207547,0.0,7.151698113207547
VNI-lower-20241106T1655,GLENSF1,-20.169056603773587,0.0,20.169056603773587
VNI-lower-20241106T1655,GLRWNSF1,5.747924528301887,5.747924528301887,-0.0
VNI-lower-20241106T1655,GULLRSF1,0.10775960000000002,0.1802901,0.0725305
VNI-lower-20241106T1655,GULLRWF1,4.167707046,4.167707046,-0.0
VNI-lower-20241106T1655,GULLRWF2,0.2070038489999999,1.7501816879999994,1.5431778389999995
VNI-lower-20241106T1655,GUNNING1,0.7653094000000001,1.1491354,0.383826
VNI-lower-20241106T1655,KARSF1,-9.373496855345913,0.0,9.373496855345913
VNI-lower-20241106T1655,KIAMSF1,64.48589999999993,64.48589999999993,-0.0
VNI-lower-20241106T1655,KIATAWF1,-32.14651572327041,0.0,32.14651572327041
VNI-lower-20241106T1655,LIMOSF11,28.42626037735849,37.32535493735849,8.89909456
VNI-lower-20241106T1655,LIMOSF21,-2.0278118633962254,1.41522836,3.443040223396226
VNI-lower-20241106T1655,MCKAY1,0.0,0.0,-0.0
VNI-lower-20241106T1655,MERCER01,18.414591194968555,18.414591194968555,-0.0
VNI-lower-20241106T1655,MOORAWF1,267.52201257861634,267.52201257861634,-0.0
VNI-lower-20241106T1655,MRTLSWF1,41.41637735849055,41.41637735849055,-0.0
VNI-lower-20241106T1655,MTGELWF1,0.4141783647798764,0.4141783647798764,-0.0
VNI-lower-20241106T1655,MURRAY,0.0,18.419999999999998,18.419999999999998
VNI-lower-20241106T1655,MUWAWF1,52.13008758490567,78.02911158490566,25.899023999999997
VNI-lower-20241106T1655,MUWAWF2,-220.36253786163522,32.946,253.30853786163522
VNI-lower-20241106T1655,NUMURSF1,-18.469433962264148,0.0,18.469433962264148
VNI-lower-20241106T1655,OAKLAND1,-8.981132075471697,0.0,8.981132075471697
VNI-lower-20241106T1655,SALTCRK1,-0.7315132075471719,0.0,0.7315132075471719
VNI-lower-20241106T1655,SNOWYP,0.0,0.0,-0.0
VNI-lower-20241106T1655,STWF1,-35.68065157232705,16.9311,52.61175157232705
VNI-lower-20241106T1655,SUNRSF1,-6.332267094339624,6.41021872,12.742485814339622
VNI-lower-20241106T1655,TARALGA1,-2.718317901,0.16384324599999983,2.8821611469999997
VNI-lower-20241106T1655,TUMUT3,-35.104646640000006,98.0,133.10464664
VNI-lower-20241106T1655,UPPTUMUT,0.0,65.4,65.4
VNI-lower-20241106T1655,URANQ11,0.0,0.0,-0.0
VNI-lower-20241106T1655,URANQ12,0.0,0.0,-0.0
VNI-lower-20241106T1655,URANQ13,0.0,0.0,-0.0
VNI-lower-20241106T1655,URANQ14,0.0,0.0,-0.0
VNI-lower-20241106T1655,WEMENSF1,-55.24339622641508,0.0,55.24339622641508
VNI-lower-20241106T1655,WINTSF1,-1.608050314465408,0.0,1.608050314465408
VNI-lower-20241106T1655,WKIEWA1,0.0,0.0,-0.0
VNI-lower-20241106T1655,WKIEWA2,0.0,0.0,-0.0
VNI-lower-20241106T1655,WLWLSF1,0.0,0.0,-0.0
VNI-lower-20241106T1655,WLWLSF2,0.272712878,0.411543463,0.138830585
VNI-lower-20241106T1655,WOODLWN1,-0.02684979999999998,0.40076480000000003,0.4276146
VNI-lower-20241106T1655,YATSF1,6.0293207547169825,6.0293207547169825,-0.0
VNI-lower-20241106T1655,YENDWF1,0.11760603773588381,0.11760603773588381,-0.0
VNI-lower-20241201T1420,BHB1,0.715,0.715,-0.0
VNI-lower-20241201T1420,BROKENH1,0.0,0.0,-0.0
VNI-lower-20241201T1420,COLEASF1,-12.1254542,20.692729,32.8181832
VNI-lower-20241201T1420,CROOKWF2,1.7499400000000005,2.27032,0.5203799999999996
VNI-lower-20241201T1420,DARLSF1,36.6145048,40.3312468,3.716742000000001
VNI-lower-20241201T1420,FINLYSF1,3.2023587999999967,11.033106200000002,7.830747400000005
VNI-lower-20241201T1420,GULLRSF1,0.16685199999999997,0.18254599999999999,0.015694
VNI-lower-20241201T1420,GULLRWF1,4.551647040000001,7.1649423,2.6132952599999992
VNI-lower-20241201T1420,GUNNING1,0.608762,1.0047700000000002,0.39600799999999997
VNI-lower-20241201T1420,LIMOSF11,22.310761399999997,26.807328000000005,4.4965666000000075
VNI-lower-20241201T1420,LIMOSF21,0.0003800000000004659,0.10087480000000035,0.10049479999999988
VNI-lower-20241201T1420,MCKAY1,0.0,0.0,-0.0
VNI-lower-20241201T1420,MURRAY,0.0,0.0,-0.0
VNI-lower-20241201T1420,SNOWYP,75.27,75.27,-0.0
VNI-lower-20241201T1420,STWF1,-4.755679499999995,5.434929500000006,10.190609
VNI-lower-20241201T1420,SUNRSF1,15.549774800000009,21.380551799999992,5.8307769999999834
VNI-lower-20241201T1420,TARALGA1,-4.056014,0.0,4.056014000000001
VNI-lower-20241201T1420,TUMUT3,0.0,0.0,-0.0
VNI-lower-20241201T1420,UPPTUMUT,0.0,0.0,-0.0
VNI-lower-20241201T1420,URANQ11,0.0,0.0,-0.0
VNI-lower-20241201T1420,URANQ12,0.0,0.0,-0.0
VNI-lower-20241201T1420,URANQ13,0.0,0.0,-0.0
VNI-lower-20241201T1420,URANQ14,0.0,0.0,-0.0
VNI-lower-20241201T1420,WLWLSF1,-1.5631932,5.5314187399999994,7.094611939999999
VNI-lower-20241201T1420,WLWLSF2,-2.802264,5.899763999999999,8.702027999999999
VNI-lower-20241201T1420,WOODLWN1,-2.534758,0.0,2.5347579999999996
VNI-lower-20250115T1955,ARWF1,149.64164988865403,732.2424869487479,582.6008370600939
VNI-lower-20250115T1955,BALB1,0.0,0.0,-0.0
VNI-lower-20250115T1955,BANN1,-0.24419321685508738,0.06906326824254883,0.3132564850976362
VNI-lower-20250115T1955,BHB1,0.0,0.0,-0.0
VNI-lower-20250115T1955,BROKENH1,0.0,0.0,-0.0
VNI-lower-20250115T1955,BRYB1WF1,87.77672955974842,97.3282012578617,9.551471698113279
VNI-lower-20250115T1955,BRYB2WF2,7.7107169811320775,8.583371069182395,0.8726540880503153
VNI-lower-20250115T1955,BULBES1,1.4630010277492294,1.4630010277492294,-0.0
VNI-lower-20250115T1955,BULGANA1,4.020766022222807,8.693497934805821,4.672731912583014
VNI-lower-20250115T1955,COHUNSF1,0.0,0.0,-0.0
VNI-lower-20250115T1955,CROWLWF1,-0.3919568086770937,80.05130139075803,80.44325819943512
VNI-lower-20250115T1955,DARTM1,0.0,0.0,-0.0
VNI-lower-20250115T1955,ELAINWF1,0.0,0.0,-0.0
VNI-lower-20250115T1955,GANNB1,-139.89981534591195,0.0,139.89981534591195
VNI-lower-20250115T1955,GANNSF1,-0.07626104830421378,0.0,0.07626104830421378
VNI-lower-20250115T1955,GIRGSF,0.0,0.0,-0.0
VNI-lower-20250115T1955,GLENSF1,0.0,0.0,-0.0
VNI-lower-20250115T1955,GLRWNSF1,0.0,0.0,-0.0
VNI-lower-20250115T1955,GUTHEGA,0.0,0.0,-0.0
VNI-lower-20250115T1955,KARSF1,-0.26303105858170606,0.0,0.26303105858170606
VNI-lower-20250115T1955,KERNGSP1,0.0,0.0,-0.0
VNI-lower-20250115T1955,KIAMSF1,-1.051312004110997,0.0,1.051312004110997
VNI-lower-20250115T1955,KIATAWF1,1.3091785840330379,1.3365417906106327,0.027363206577594917
VNI-lower-20250115T1955,LIMOSF11,0.025133895169578646,0.13164480986639257,0.10651091469681392
VNI-lower-20250115T1955,LIMOSF21,0.23091971223021582,0.23091971223021582,-0.0
VNI-lower-20250115T1955,MCKAY1,0.0,0.0,-0.0
VNI-lower-20250115T1955,MERCER01,-378.5241509433962,154.29018867924526,532.8143396226415
VNI-lower-20250115T1955,MOKOSF1,0.0,0.0,-0.0
VNI-lower-20250115T1955,MOORAWF1,12.66679245282991,402.7169811320753,390.0501886792454
VNI-lower-20250115T1955,MRTLSWF1,-76.82301886792462,6.230188679245338,83.05320754716993
VNI-lower-20250115T1955,MTGELWF1,18.449590188679245,24.366120754716952,5.916530566037707
VNI-lower-20250115T1955,MUWAWF1,106.34469194968543,885.4051691823896,779.0604772327042
VNI-lower-20250115T1955,MUWAWF2,10.235099252134718,23.930590312849507,13.695491060714788
VNI-lower-20250115T1955,NUMURSF1,0.0,0.0,-0.0
VNI-lower-20250115T1955,OAKLAND1,-0.8936226415094559,16.61958490566038,17.513207547169834
VNI-lower-20250115T1955,SALTCRK1,6.410283018867899,28.990196226415073,22.579913207547175
VNI-lower-20250115T1955,STWF1,5.910923944617874,14.327336523234186,8.416412578616313
VNI-lower-20250115T1955,SUNRSF1,0.3408377389516958,0.3408377389516958,-0.0
VNI-lower-20250115T1955,WEMENSF1,-0.3067989311408017,0.0,0.3067989311408017
VNI-lower-20250115T1955,WINTSF1,0.0,0.0,-0.0
VNI-lower-20250115T1955,WKIEWA1,0.0,0.0,-0.0
VNI-lower-20250115T1955,WKIEWA2,0.0,0.0,-0.0
VNI-lower-20250115T1955,WUNUSF1,0.0,0.0,-0.0
VNI-lower-20250115T1955,YATSF1,0.10818499486125387,0.20473381294964033,0.09654881808838646
VNI-lower-20250115T1955,YENDWF1,377.4306621383648,377.4306621383648,-0.0
VNI-lower-20250212T1935,ARWF1,-15.74681079,8.67966705,24.42647784
VNI-lower-20250212T1935,AVLSF1,0.0,0.0,-0.0
VNI-lower-20250212T1935,BANN1,0.34240000000000004,0.34240000000000004,-0.0
VNI-lower-20250212T1935,BHB1,0.0,0.0,-0.0
VNI-lower-20250212T1935,BROKENH1,0.0,0.0,-0.0
VNI-lower-20250212T1935,BULBES1,0.0,22.483333333333334,22.483333333333334
VNI-lower-20250212T1935,BULGANA1,-19.281747093333337,5.08718319,24.36893028333334
VNI-lower-20250212T1935,CAPBES1,0.0,0.0,-0.0
VNI-lower-20250212T1935,COHUNSF1,0.0,0.0,-0.0
VNI-lower-20250212T1935,COLEASF1,0.038000000000000006,0.038000000000000006,-0.0
VNI-lower-20250212T1935,CROOKWF2,-3.7992799999999995,1.3150963,5.1143763
VNI-lower-20250212T1935,CROWLWF1,4.607540110000005,12.780836773333336,8.173296663333328
VNI-lower-20250212T1935,DARLSF1,0.0,0.0,-0.0
VNI-lower-20250212T1935,DPNTB1,-23.296666666666667,65.779791,89.07645766666667
VNI-lower-20250212T1935,FINLYSF1,0.15200000000000002,0.15200000000000002,-0.0
VNI-lower-20250212T1935,GANNB1,0.0,30.6,30.6
VNI-lower-20250212T1935,GANNSF1,0.623754,0.623754,-0.0
VNI-lower-20250212T1935,GULLRSF1,0.0,0.0,-0.0
VNI-lower-20250212T1935,GULLRWF1,0.5628790479999999,2.611583506000001,2.0487044580000005
VNI-lower-20250212T1935,GULLRWF2,-1.1241686899999999,0.23182189400000025,1.3559905840000004
VNI-lower-20250212T1935,GUNNING1,-0.06938600000000102,1.1576987000000005,1.2270847000000016
VNI-lower-20250212T1935,HILLSTN1,0.0,0.0,-0.0
VNI-lower-20250212T1935,HUMEV,0.0,0.0,-0.0
VNI-lower-20250212T1935,KARSF1,0.0,0.0,-0.0
VNI-lower-20250212T1935,KERNGSP1,0.0,0.0,-0.0
VNI-lower-20250212T1935,KIAMSF1,0.0,0.0,-0.0
VNI-lower-20250212T1935,KIATAWF1,-13.864012500000001,4.6314125,18.495425
VNI-lower-20250212T1935,LIMOSF11,0.3683910000000001,0.3683910000000001,-0.0
VNI-lower-20250212T1935,LIMOSF21,0.7350666666666668,0.7350666666666668,-0.0
VNI-lower-20250212T1935,MCKAY1,-11.76,0.0,11.76
VNI-lower-20250212T1935,MURRAY,-210.6183333333333,0.0,210.6183333333333
VNI-lower-20250212T1935,MUWAWF1,9.055806666666662,30.871640000000006,21.815833333333337
VNI-lower-20250212T1935,MUWAWF2,-3.593030893333337,39.973471023333325,43.56650191666667
VNI-lower-20250212T1935,QBYNB1,0.0,0.354,0.354
VNI-lower-20250212T1935,RESS1,-96.99841706666666,0.0,96.99841706666666
VNI-lower-20250212T1935,RIVNB2,52.59666666666667,175.5964234666667,122.9997568
VNI-lower-20250212T1935,SNOWYP,0.0,0.0,-0.0
VNI-lower-20250212T1935,STWF1,-17.846547,7.999829500000002,25.8463765
VNI-lower-20250212T1935,SUNRSF1,0.038000000000000006,0.038000000000000006,-0.0
VNI-lower-20250212T1935,TARALGA1,-1.6737965999999997,1.6701434990000017,3.3439400990000014
VNI-lower-20250212T1935,TUMUT3,64.87358280000002,87.7028061,22.82922329999998
VNI-lower-20250212T1935,UPPTUMUT,347.58,347.5799999999999,-0.0
VNI-lower-20250212T1935,URANQ11,-1.4729999999999999,2.455,3.928
VNI-lower-20250212T1935,URANQ12,46.66904274,50.597042740000006,3.928
VNI-lower-20250212T1935,URANQ13,-0.4910000000000001,2.9459999999999997,3.437
VNI-lower-20250212T1935,URANQ14,0.491,0.982,0.491
VNI-lower-20250212T1935,WEMENSF1,0.0,0.0,-0.0
VNI-lower-20250212T1935,WLWLSF1,0.0,0.0,-0.0
VNI-lower-20250212T1935,WLWLSF2,0.0070799999999999995,0.0070799999999999995,-0.0
VNI-lower-20250212T1935,WOODLWN1,1.8438327000000003,2.6697963,0.8259635999999997
VNI-lower-20250212T1935,YATSF1,0.32706666666666667,0.32706666666666667,-0.0
VNI-lower-20250215T0750,ARWF1,44.33457857142858,59.89589571428573,15.561317142857147
VNI-lower-20250215T0750,AVLSF1,-85.00511357142857,1.4445098214285712,86.44962339285713
VNI-lower-20250215T0750,BALB1,0.7642857142857142,1.5285714285714285,0.7642857142857142
VNI-lower-20250215T0750,BANN1,92.22499999999998,141.754475,49.52947500000002
VNI-lower-20250215T0750,BHB1,0.0,0.0,-0.0
VNI-lower-20250215T0750,BROKENH1,54.92325892857143,54.92325892857142,-0.0
VNI-lower-20250215T0750,BULBES1,0.0,78.88392857142856,78.88392857142856
VNI-lower-20250215T0750,BULGANA1,24.5638700892857,37.30107991071428,12.737209821428582
VNI-lower-20250215T0750,COHUNSF1,0.0,0.0,-0.0
VNI-lower-20250215T0750,COLEASF1,3.168830178571433,41.65993910714285,38.49110892857141
VNI-lower-20250215T0750,CROWLWF1,32.74463080357141,38.11517919642856,5.37054839285714
VNI-lower-20250215T0750,DARLSF1,84.20950446428574,91.65641026785717,7.4469058035714335
VNI-lower-20250215T0750,DPNTB1,0.0,0.0,-0.0
VNI-lower-20250215T0750,DUNDWF1,-10.91330357142858,24.20164285714285,35.11494642857143
VNI-lower-20250215T0750,DUNDWF2,-3.277896428571429,1.2545357142857145,4.532432142857143
VNI-lower-20250215T0750,DUNDWF3,6.766103571428573,18.806753571428573,12.040650000000003
VNI-lower-20250215T0750,GANNB1,-22.589285714285715,0.0,22.589285714285715
VNI-lower-20250215T0750,GANNSF1,37.50571392857142,51.2533725,13.747658571428575
VNI-lower-20250215T0750,GLRWNSF1,4.455357142857142,40.5,36.04464285714286
VNI-lower-20250215T0750,HILLSTN1,-8.578169642857148,22.93370535714286,31.511875000000007
VNI-lower-20250215T0750,HUMEV,0.0,0.0,-0.0
VNI-lower-20250215T0750,KARSF1,15.21187500000002,296.4619642857143,281.25008928571435
VNI-lower-20250215T0750,KERNGSP1,0.0,0.0,-0.0
VNI-lower-20250215T0750,KESSB1,0.0,0.0,-0.0
VNI-lower-20250215T0750,KIAMSF1,318.7341512499999,397.91495375,79.18080250000007
VNI-lower-20250215T0750,KIATAWF1,-63.38929464285714,0.0,63.38929464285714
VNI-lower-20250215T0750,LIMOSF11,514.70020125,754.8278689285714,240.1276676785715
VNI-lower-20250215T0750,LIMOSF21,97.55710714285716,99.22751839285715,1.6704112499999921
VNI-lower-20250215T0750,MACARTH1,31.204642857142865,71.93062500000002,40.72598214285715
VNI-lower-20250215T0750,MOKOSF1,1.9711160714285718,9.885473214285716,7.914357142857143
VNI-lower-20250215T0750,MORTLK11,0.0,0.0,-0.0
VNI-lower-20250215T0750,MORTLK12,0.0,0.0,-0.0
VNI-lower-20250215T0750,MURRAY,0.0,0.0,-0.0
VNI-lower-20250215T0750,MUWAWF1,0.0,0.0,-0.0
VNI-lower-20250215T0750,MUWAWF2,37.813384285714285,42.92646910714283,5.113084821428542
VNI-lower-20250215T0750,NUMURSF1,12.7996875,12.799687500000001,-0.0
VNI-lower-20250215T0750,RESS1,0.0,0.0,-0.0
VNI-lower-20250215T0750,RIVNB2,0.0,7.9375,7.9375
VNI-lower-20250215T0750,STOCKYD1,-29.262514241071404,16.10393246428573,45.366446705357134
VNI-lower-20250215T0750,STWF1,108.96640714285714,154.2937821428572,45.32737500000005
VNI-lower-20250215T0750,SUNRSF1,432.4675162500001,489.7695021428572,57.30198589285715
VNI-lower-20250215T0750,WEMENSF1,251.79408999999998,373.48536499999994,121.69127499999995
VNI-lower-20250215T0750,YATSF1,-27.18750000000002,60.99107142857142,88.17857142857143
VNI-lower-20250215T0750,YENDWF1,-32.96635178571429,69.83671082142857,102.80306260714286
VNI-lower-20250301T1405,ARWF1,0.0,0.0,-0.0
VNI-lower-20250301T1405,AVLSF1,-0.029175000000001103,0.006946428571422253,0.03612142857142336
VNI-lower-20250301T1405,BALB1,0.0,11.464285714285714,11.464285714285714
VNI-lower-20250301T1405,BANN1,90.75769249999995,90.75769249999995,-0.0
VNI-lower-20250301T1405,BHB1,-8.366071428571429,0.715,9.081071428571429
VNI-lower-20250301T1405,BROKENH1,29.159846071428554,42.54556035714285,13.385714285714299
VNI-lower-20250301T1405,BULBES1,0.0,0.0,-0.0
VNI-lower-20250301T1405,BULGANA1,0.0,0.0,-0.0
VNI-lower-20250301T1405,CAPBES1,0.0,0.0,-0.0
VNI-lower-20250301T1405,COHUNSF1,-0.04969642857142911,0.09035714285714294,0.14005357142857205
VNI-lower-20250301T1405,COLEASF1,13.145983592857137,18.29385292857143,5.147869335714291
VNI-lower-20250301T1405,CROOKWF2,-0.018880000000000008,0.177,0.19588
VNI-lower-20250301T1405,CROWLWF1,-0.34667133928571436,0.6822045535714285,1.0288758928571429
VNI-lower-20250301T1405,DARLSF1,70.75750091785714,71.18203691785715,0.4245359999999988
VNI-lower-20250301T1405,DPNTB1,0.0,0.0,-0.0
VNI-lower-20250301T1405,DUNDWF1,-8.755039285714284,0.0,8.755039285714284
VNI-lower-20250301T1405,DUNDWF2,-0.5739428571428573,2.30715,2.8810928571428573
VNI-lower-20250301T1405,DUNDWF3,-1.871292857142857,2.0219142857142858,3.893207142857143
VNI-lower-20250301T1405,FINLYSF1,0.0,0.08291219999999726,0.08291219999999726
VNI-lower-20250301T1405,GANNB1,0.0,0.0,-0.0
VNI-lower-20250301T1405,GANNSF1,-7.887952678571431,0.14502321428571338,8.032975892857145
VNI-lower-20250301T1405,GLRWNSF1,0.26785714285714035,0.26785714285714035,-0.0
VNI-lower-20250301T1405,GULLRSF1,0.03304000000000013,0.03304000000000013,-0.0
VNI-lower-20250301T1405,GULLRWF1,0.26196,0.5817399999999997,0.3197799999999997
VNI-lower-20250301T1405,GUNNING1,0.1576479999999999,0.44238199999999994,0.28473400000000004
VNI-lower-20250301T1405,HILLSTN1,0.0,0.0,-0.0
VNI-lower-20250301T1405,HUMEV,0.0,0.0,-0.0
VNI-lower-20250301T1405,KARSF1,-121.39714285714285,0.0,121.39714285714285
VNI-lower-20250301T1405,KERNGSP1,0.0,0.0,-0.0
VNI-lower-20250301T1405,KESSB1,0.0,0.0,-0.0
VNI-lower-20250301T1405,KIAMSF1,-67.91703875000002,27.689806249999982,95.606845
VNI-lower-20250301T1405,KIATAWF1,2.572383928571427,4.4126249999999985,1.840241071428571
VNI-lower-20250301T1405,LIMOSF11,5.3296837071429195,271.1672561857143,265.83757247857136
VNI-lower-20250301T1405,LIMOSF21,-87.88714705,1.0235832000000007,88.91073025
VNI-lower-20250301T1405,MACARTH1,-2.6475892857142846,1.832767857142858,4.480357142857143
VNI-lower-20250301T1405,MCKAY1,0.0,0.0,-0.0
VNI-lower-20250301T1405,MOKOSF1,0.6467321428571442,0.6467321428571442,-0.0
VNI-lower-20250301T1405,MORTLK11,0.0,0.0,-0.0
VNI-lower-20250301T1405,MORTLK12,0.0,0.0,-0.0
VNI-lower-20250301T1405,MURRAY,0.0,0.0,-0.0
VNI-lower-20250301T1405,MUWAWF1,-53.09587160714286,7.185714285714276,60.28158589285714
VNI-lower-20250301T1405,MUWAWF2,-37.50623991071429,0.0,37.50623991071429
VNI-lower-20250301T1405,NUMURSF1,1.372767857142857,1.372767857142857,-0.0
VNI-lower-20250301T1405,QBYNB1,-0.354,0.0,0.354
VNI-lower-20250301T1405,RESS1,-0.38,0.38,0.76
VNI-lower-20250301T1405,RIVNB2,0.0,0.0,-0.0
VNI-lower-20250301T1405,SNOWYP,0.0,0.0,-0.0
VNI-lower-20250301T1405,STOCKYD1,-2.127463232142858,2.311842812499999,4.439306044642857
VNI-lower-20250301T1405,STWF1,0.0,0.0,-0.0
VNI-lower-20250301T1405,SUNRSF1,-94.79625000000001,8.429091600000001,103.22534160000001
VNI-lower-20250301T1405,TARALGA1,0.13760452,0.77125154,0.63364702
VNI-lower-20250301T1405,TUMUT3,0.0,0.0,-0.0
VNI-lower-20250301T1405,UPPTUMUT,0.0,0.0,-0.0
VNI-lower-20250301T1405,URANQ11,0.0,0.0,-0.0
VNI-lower-20250301T1405,URANQ12,0.0,0.0,-0.0
VNI-lower-20250301T1405,URANQ13,0.0,0.0,-0.0
VNI-lower-20250301T1405,URANQ14,0.0,0.0,-0.0
VNI-lower-20250301T1405,WEMENSF1,14.115540000000015,14.115540000000015,-0.0
VNI-lower-20250301T1405,WLWLSF1,0.387157999999999,0.40981399999999985,0.022656000000000856
VNI-lower-20250301T1405,WLWLSF2,0.15670400000000034,0.21570400000000034,0.059
VNI-lower-20250301T1405,WOODLWN1,0.0,0.0,-0.0
VNI-lower-20250301T1405,YATSF1,-25.714285714285737,37.85714285714281,63.57142857142855
VNI-lower-20250301T1405,YENDWF1,1.715816142857143,2.7444891964285714,1.0286730535714284
VNI-lower-20250309T0800,ARWF1,16.410752,213.33133963636368,196.92058763636368
VNI-lower-20250309T0800,AVLSF1,21.16733727272727,46.29167181818185,25.12433454545458
VNI-lower-20250309T0800,BALB1,0.0,0.0,-0.0
VNI-lower-20250309T0800,BANN1,305.91839345454537,1215.6343156363632,909.7159221818182
VNI-lower-20250309T0800,BHB1,-34.10909090909091,213.1818181818182,247.2909090909091
VNI-lower-20250309T0800,BROKENH1,-28.319072727272726,0.0,28.319072727272726
VNI-lower-20250309T0800,BULBES1,7.745454545454544,38.72727272727273,30.981818181818177
VNI-lower-20250309T0800,BULGANA1,20.667970909090904,69.15056618181818,48.48259527272727
VNI-lower-20250309T0800,COHUNSF1,0.0,0.0,-0.0
VNI-lower-20250309T0800,COLEASF1,48.0677961818182,339.79745181818186,291.7296556363636
VNI-lower-20250309T0800,CROWLWF1,-62.122454545454545,39.24711363636365,101.36956818181821
VNI-lower-20250309T0800,DARLSF1,-96.54997199999998,519.3851805454545,615.9351525454546
VNI-lower-20250309T0800,DPNTB1,-17.318181818181817,46.181183181818184,63.499365
VNI-lower-20250309T0800,DUNDWF1,37.272054545454544,85.08480545454545,47.8127509090909
VNI-lower-20250309T0800,DUNDWF2,20.628943636363637,35.68085272727272,15.051909090909087
VNI-lower-20250309T0800,DUNDWF3,34.11739636363637,75.02370909090907,40.90631272727269
VNI-lower-20250309T0800,GANNB1,-1.4210854715202004e-14,329.05474399999997,329.05474399999997
VNI-lower-20250309T0800,GANNSF1,71.28937399999998,333.3648519999999,262.0754779999999
VNI-lower-20250309T0800,GLRWNSF1,-48.62836363636363,0.0,48.62836363636363
VNI-lower-20250309T0800,HILLSTN1,-12.18045454545454,195.63195454545453,207.81240909090909
VNI-lower-20250309T0800,HUMEV,0.0,0.0,-0.0
VNI-lower-20250309T0800,KARSF1,192.67300000000003,835.4546363636364,642.7816363636364
VNI-lower-20250309T0800,KERNGSP1,16.167620000000003,62.34669800000001,46.179078
VNI-lower-20250309T0800,KESSB1,0.0,0.0,-0.0
VNI-lower-20250309T0800,KIAMSF1,810.5722723636362,1683.4537045454542,872.881432181818
VNI-lower-20250309T0800,KIATAWF1,0.0,257.08773272727274,257.0877327272727
VNI-lower-20250309T0800,LIMOSF11,956.012876,1982.114558909091,1026.1016829090909
VNI-lower-20250309T0800,LIMOSF21,79.63555927272728,215.08561563636363,135.45005636363635
VNI-lower-20250309T0800,MACARTH1,59.66216363636363,88.81680909090909,29.15464545454546
VNI-lower-20250309T0800,MOKOSF1,-1.7649581363636364,3.8829060909090907,5.647864227272727
VNI-lower-20250309T0800,MORTLK11,0.0,0.0,-0.0
VNI-lower-20250309T0800,MORTLK12,0.0,0.0,-0.0
VNI-lower-20250309T0800,MURRAY,0.0,0.0,-0.0
VNI-lower-20250309T0800,MUWAWF1,-1.1368683772161603e-13,576.432909090909,576.4329090909091
VNI-lower-20250309T0800,MUWAWF2,-782.1106605454545,18.222508727272803,800.3331692727272
VNI-lower-20250309T0800,NUMURSF1,31.387272727272734,133.37372727272728,101.98645454545452
VNI-lower-20250309T0800,RESS1,-69.27272727272727,0.0,69.27272727272727
VNI-lower-20250309T0800,RIVNB2,-43.87272727272727,129.3090909090909,173.1818181818182
VNI-lower-20250309T0800,STOCKYD1,17.174028000000014,61.048232709090854,43.87420470909085
VNI-lower-20250309T0800,STWF1,-2.9393509090909093,0.0,2.9393509090909093
VNI-lower-20250309T0800,SUNRSF1,587.9504021818182,1288.783877454545,700.8334752727271
VNI-lower-20250309T0800,WEMENSF1,24.310549454545445,1018.0317483636363,993.7211989090908
VNI-lower-20250309T0800,YATSF1,245.30645454545456,766.1545454545455,520.848090909091
VNI-lower-20250309T0800,YENDWF1,7.079565000000006,72.70420136363637,65.62463636363638
VNI-lower-20250421T1335,ARWF1,-52.115030000000004,103.24057999999997,155.35560999999996
VNI-lower-20250421T1335,AVLSF1,34.73214285714285,131.25713716071425,96.52499430357142
VNI-lower-20250421T1335,BALB1,-1.5285714285714285,0.0,1.5285714285714285
VNI-lower-20250421T1335,BANN1,151.75910499999998,543.204475,391.44537
VNI-lower-20250421T1335,BHB1,0.0,16.732142857142858,16.732142857142858
VNI-lower-20250421T1335,BROKENH1,2.5600178571428716,506.54889285714285,503.988875
VNI-lower-20250421T1335,BULBES1,-7.63392857142857,2.5446428571428568,10.178571428571427
VNI-lower-20250421T1335,BULGANA1,-61.38579374999997,57.13392455357142,118.5197183035714
VNI-lower-20250421T1335,COHUNSF1,0.0,0.0,-0.0
VNI-lower-20250421T1335,COLEASF1,-54.06818874999998,0.0,54.06818874999999
VNI-lower-20250421T1335,CROWLWF1,90.84855357142858,91.40209821428573,0.5535446428571426
VNI-lower-20250421T1335,DARLSF1,-41.66154491071429,4.5002563392856985,46.161801249999996
VNI-lower-20250421T1335,DPNTB1,-17.00892857142857,28.347590625,45.356519196428565
VNI-lower-20250421T1335,DUNDWF1,0.0,0.0,-0.0
VNI-lower-20250421T1335,DUNDWF2,-0.28928571428571126,3.8267678571428565,4.1160535714285675
VNI-lower-20250421T1335,DUNDWF3,4.99692857142856,20.02966071428572,15.032732142857157
VNI-lower-20250421T1335,GANNB1,-54.21428571428572,94.87500000000001,149.08928571428572
VNI-lower-20250421T1335,GANNSF1,-48.75965089285714,38.507458392857146,87.26710928571428
VNI-lower-20250421T1335,GLRWNSF1,3.7455357142857086,7.526785714285708,3.78125
VNI-lower-20250421T1335,HILLSTN1,25.587098214285714,28.830133928571428,3.2430357142857136
VNI-lower-20250421T1335,HUMEV,0.0,0.0,-0.0
VNI-lower-20250421T1335,KARSF1,-100.0,411.80357142857144,511.80357142857144
VNI-lower-20250421T1335,KERNGSP1,2.9817857142857154,15.315535714285717,12.333750000000002
VNI-lower-20250421T1335,KESSB1,0.0,0.0,-0.0
VNI-lower-20250421T1335,KIAMSF1,103.92849999999997,357.48837499999996,253.55987500000003
VNI-lower-20250421T1335,KIATAWF1,0.0,0.0,-0.0
VNI-lower-20250421T1335,LIMOSF11,305.43021642857144,591.9226633928571,286.49244696428576
VNI-lower-20250421T1335,LIMOSF21,45.41448053571429,105.59233767857145,60.17785714285715
VNI-lower-20250421T1335,MACARTH1,92.27794642857143,244.30862857142856,152.03068214285713
VNI-lower-20250421T1335,MOKOSF1,0.0,0.0,-0.0
VNI-lower-20250421T1335,MORTLK11,0.0,0.0,-0.0
VNI-lower-20250421T1335,MORTLK12,0.0,0.0,-0.0
VNI-lower-20250421T1335,MURRAY,0.0,0.0,-0.0
VNI-lower-20250421T1335,MUWAWF1,0.0,0.0,-0.0
VNI-lower-20250421T1335,MUWAWF2,0.0,0.0,-0.0
VNI-lower-20250421T1335,NUMURSF1,29.371741071428573,48.996830357142855,19.62508928571428
VNI-lower-20250421T1335,RESS1,65.76772107142857,73.70535714285714,7.937636071428574
VNI-lower-20250421T1335,RIVNB2,-7.9375,73.70535714285714,81.64285714285714
VNI-lower-20250421T1335,STOCKYD1,-89.40609112499997,16.63984469642857,106.04593582142856
VNI-lower-20250421T1335,STWF1,-69.49026250000003,139.9526624999999,209.44292499999992
VNI-lower-20250421T1335,SUNRSF1,253.53406928571428,347.0552164285714,93.52114714285712
VNI-lower-20250421T1335,WEMENSF1,-154.45075749999995,219.57021000000003,374.0209675
VNI-lower-20250421T1335,YATSF1,-4.642857142857135,347.4821428571429,352.125
VNI-lower-20250421T1335,YENDWF1,30.174550017857143,50.472738642857145,20.29818862500001
VNI-lower-20250506T0835,ARWF1,-4.419703571428578,0.0,4.419703571428578
VNI-lower-20250506T0835,AVLSF1,-16.68276514285714,25.205963535714286,41.888728678571425
VNI-lower-20250506T0835,BALB1,0.0,0.0,-0.0
VNI-lower-20250506T0835,BANN1,65.66365750000001,65.66365750000001,-0.0
VNI-lower-20250506T0835,BHB1,0.0,0.0,-0.0
VNI-lower-20250506T0835,BROKENH1,15.577624999999987,30.56125892857142,14.983633928571432
VNI-lower-20250506T0835,BULBES1,0.0,0.0,-0.0
VNI-lower-20250506T0835,BULGANA1,23.230706250000004,23.230706250000004,-0.0
VNI-lower-20250506T0835,COHUNSF1,0.0,0.0,-0.0
VNI-lower-20250506T0835,COLEASF1,11.982142857142856,11.982142857142856,-0.0
VNI-lower-20250506T0835,CROWLWF1,0.45742508928571435,1.2352561607142898,0.7778310714285754
VNI-lower-20250506T0835,DARLSF1,25.838580892857134,25.838580892857134,-0.0
VNI-lower-20250506T0835,DPNTB1,1.1339285714285714,1.1339285714285714,-0.0
VNI-lower-20250506T0835,DUNDWF1,5.703750000000006,5.703750000000006,-0.0
VNI-lower-20250506T0835,DUNDWF2,-0.6392250000000005,0.5184000000000012,1.1576250000000017
VNI-lower-20250506T0835,DUNDWF3,17.379128571428577,17.379128571428577,-0.0
VNI-lower-20250506T0835,GANNB1,0.0,0.0,-0.0
VNI-lower-20250506T0835,GANNSF1,8.016485714285714,10.078345357142855,2.06185964285714
VNI-lower-20250506T0835,GLRWNSF1,-1.522321428571427,3.6517857142857144,5.1741071428571415
VNI-lower-20250506T0835,HILLSTN1,4.734151785714291,4.734151785714291,-0.0
VNI-lower-20250506T0835,HUMEV,0.0,0.0,-0.0
VNI-lower-20250506T0835,KARSF1,76.24517857142862,76.24517857142862,-0.0
VNI-lower-20250506T0835,KERNGSP1,13.14696428571428,13.14696428571428,-0.0
VNI-lower-20250506T0835,KESSB1,0.0,0.0,-0.0
VNI-lower-20250506T0835,KIAMSF1,170.63072874999997,170.63072874999997,-0.0
VNI-lower-20250506T0835,KIATAWF1,-0.6135357142857085,0.8624642857142915,1.476
VNI-lower-20250506T0835,LIMOSF11,-169.1711357142857,0.0,169.1711357142857
VNI-lower-20250506T0835,LIMOSF21,-24.499285714285723,9.80619589285713,34.30548160714285
VNI-lower-20250506T0835,MACARTH1,-12.454464285714277,4.355000000000011,16.809464285714288
VNI-lower-20250506T0835,MOKOSF1,5.549107142857142,5.549107142857142,-0.0
VNI-lower-20250506T0835,MORTLK11,0.0,0.0,-0.0
VNI-lower-20250506T0835,MORTLK12,0.0,0.0,-0.0
VNI-lower-20250506T0835,MURRAY,0.0,0.0,-0.0
VNI-lower-20250506T0835,MUWAWF1,10.264343750000023,165.93610714285717,155.67176339285714
VNI-lower-20250506T0835,MUWAWF2,4.935822232142853,5.981523303571438,1.0457010714285853
VNI-lower-20250506T0835,NUMURSF1,3.591160714285717,3.591160714285717,-0.0
VNI-lower-20250506T0835,RESS1,0.0,0.0,-0.0
VNI-lower-20250506T0835,RIVNB2,0.0,0.0,-0.0
VNI-lower-20250506T0835,STOCKYD1,-28.85492640178571,0.0,28.85492640178571
VNI-lower-20250506T0835,STWF1,-72.10549642857148,62.31133660714283,134.41683303571432
VNI-lower-20250506T0835,SUNRSF1,118.60419374999998,118.60419374999998,-0.0
VNI-lower-20250506T0835,WEMENSF1,17.271572499999976,19.77978250000001,2.5082100000000356
VNI-lower-20250506T0835,YATSF1,44.553571428571416,70.4375,25.88392857142858
VNI-lower-20250506T0835,YENDWF1,-2.1669785892857103,2.8076211428571485,4.974599732142859
VNI-lower-20250602T0600,BHB1,0.0,0.0,-0.0
VNI-lower-20250602T0600,BROKENH1,0.0,0.0,-0.0
VNI-lower-20250602T0600,CAPBES1,0.0,0.0,-0.0
VNI-lower-20250602T0600,COLEASF1,0.0,0.0,-0.0
VNI-lower-20250602T0600,CROOKWF2,0.18880000000000025,1.6296979999999994,1.4408979999999993
VNI-lower-20250602T0600,DARLSF1,0.0,0.0,-0.0
VNI-lower-20250602T0600,DPNTB1,0.0,0.0,-0.0
VNI-lower-20250602T0600,FINLYSF1,0.0,0.0,-0.0
VNI-lower-20250602T0600,GULLRSF1,0.0,0.0,-0.0
VNI-lower-20250602T0600,GULLRWF1,0.2193395799999998,2.4556059599999998,2.2362663799999996
VNI-lower-20250602T0600,GUNNING1,1.0608199999999999,1.4424320000000002,0.38161199999999995
VNI-lower-20250602T0600,LIMOSF11,0.0,0.0,-0.0
VNI-lower-20250602T0600,LIMOSF21,0.0,0.0,-0.0
VNI-lower-20250602T0600,MCKAY1,0.0,0.0,-0.0
VNI-lower-20250602T0600,MURRAY,498.04476414,577.26231381,79.21754966999998
VNI-lower-20250602T0600,QBYNB1,-0.59,0.826,1.416
VNI-lower-20250602T0600,RESS1,0.0,0.0,-0.0
VNI-lower-20250602T0600,RIVNB2,0.0,0.0,-0.0
VNI-lower-20250602T0600,SNOWYP,0.0,0.0,-0.0
VNI-lower-20250602T0600,STWF1,0.0,0.0,-0.0
VNI-lower-20250602T0600,SUNRSF1,0.0,0.0,-0.0
VNI-lower-20250602T0600,TARALGA1,-2.0087446800000004,2.3323065799999996,4.341051259999999
VNI-lower-20250602T0600,TUMUT3,0.0,0.0,-0.0
VNI-lower-20250602T0600,UPPTUMUT,0.0,38.41046091999999,38.41046091999999
VNI-lower-20250602T0600,URANQ11,0.0,0.0,-0.0
VNI-lower-20250602T0600,URANQ12,0.0,0.0,-0.0
VNI-lower-20250602T0600,URANQ13,-84.452,0.0,84.452
VNI-lower-20250602T0600,URANQ14,-83.961,0.0,83.961
VNI-lower-20250602T0600,WLWLSF1,0.0,0.0,-0.0
VNI-lower-20250602T0600,WLWLSF2,0.0,0.0,-0.0
VNI-lower-20250602T0600,WOODLWN1,-0.532062,0.4728259999999999,1.004888
VNI-lower-20250606T1815,ARWF1,0.0,0.0,-0.0
VNI-lower-20250606T1815,BALB1,94.76144199999999,94.76144199999999,-0.0
VNI-lower-20250606T1815,BALDHWF1,0.6015812499999974,0.6015812499999974,-0.0
VNI-lower-20250606T1815,BANN1,0.0,0.0,-0.0
VNI-lower-20250606T1815,BDL01,0.0,0.0,-0.0
VNI-lower-20250606T1815,BDL02,0.0,0.0,-0.0
VNI-lower-20250606T1815,BHB1,0.0,0.0,-0.0
VNI-lower-20250606T1815,BROKENH1,0.0,0.0,-0.0
VNI-lower-20250606T1815,BRYB1WF1,4.410175000000064,4.410175000000064,-0.0
VNI-lower-20250606T1815,BRYB2WF2,3.215299999999993,3.215299999999993,-0.0
VNI-lower-20250606T1815,BULBES1,0.0,0.0,-0.0
VNI-lower-20250606T1815,BULGANA1,0.0,0.0,-0.0
VNI-lower-20250606T1815,COHUNSF1,0.0,0.0,-0.0
VNI-lower-20250606T1815,CROWLWF1,0.0,0.0,-0.0
VNI-lower-20250606T1815,CRWASF1,0.0,0.0,-0.0
VNI-lower-20250606T1815,DARTM1,0.0,0.0,-0.0
VNI-lower-20250606T1815,DUNDWF1,-0.3891624999999582,0.0,0.3891624999999582
VNI-lower-20250606T1815,DUNDWF2,-0.07162500000000271,0.0,0.07162500000000271
VNI-lower-20250606T1815,DUNDWF3,-0.9998849999999769,0.0,0.9998849999999769
VNI-lower-20250606T1815,ELAINWF1,4.399797250000004,4.399797250000004,-0.0
VNI-lower-20250606T1815,GANNB1,0.4984466249999975,0.4984466249999975,-0.0
VNI-lower-20250606T1815,GANNSF1,0.0,0.0,-0.0
VNI-lower-20250606T1815,GIRGSF,0.0,0.0,-0.0
VNI-lower-20250606T1815,GLENSF1,0.0,0.0,-0.0
VNI-lower-20250606T1815,GLRWNSF1,0.0,0.0,-0.0
VNI-lower-20250606T1815,GPWFEST1,0.0,0.0,-0.0
VNI-lower-20250606T1815,GPWFEST2,0.0,0.0,-0.0
VNI-lower-20250606T1815,GPWFEST3,0.0,0.0,-0.0
VNI-lower-20250606T1815,GUTHEGA,0.0,0.0,-0.0
VNI-lower-20250606T1815,HBESS1,0.0,0.0,-0.0
VNI-lower-20250606T1815,HD1WF1,0.0,0.0,-0.0
VNI-lower-20250606T1815,HUMENSW,0.0,0.0,-0.0
VNI-lower-20250606T1815,HUMEV,0.0,0.0,-0.0
VNI-lower-20250606T1815,JLA01,0.0,0.0,-0.0
VNI-lower-20250606T1815,JLA02,0.0,0.0,-0.0
VNI-lower-20250606T1815,JLA03,0.0,0.0,-0.0
VNI-lower-20250606T1815,JLA04,0.0,0.0,-0.0
VNI-lower-20250606T1815,JLB01,0.0,0.0,-0.0
VNI-lower-20250606T1815,JLB02,0.0,0.0,-0.0
VNI-lower-20250606T1815,JLB03,0.0,0.0,-0.0
VNI-lower-20250606T1815,KARSF1,0.0,0.0,-0.0
VNI-lower-20250606T1815,KERNGSP1,0.0,0.0,-0.0
VNI-lower-20250606T1815,KESSB1,0.0,0.0,-0.0
VNI-lower-20250606T1815,KIAMSF1,0.0,0.0,-0.0
VNI-lower-20250606T1815,KIATAWF1,-0.6642868749999935,0.0,0.6642868749999935
VNI-lower-20250606T1815,LIMOSF11,0.0,0.0,-0.0
VNI-lower-20250606T1815,LIMOSF21,0.0,0.0,-0.0
VNI-lower-20250606T1815,LNGS1,0.0,0.0,-0.0
VNI-lower-20250606T1815,LNGS2,0.0,0.0,-0.0
VNI-lower-20250606T1815,LOYYB1,0.0,0.0,-0.0
VNI-lower-20250606T1815,LOYYB2,0.0,0.0,-0.0
VNI-lower-20250606T1815,LVES1,0.0,0.0,-0.0
VNI-lower-20250606T1815,LYA1,0.0,0.0,-0.0
VNI-lower-20250606T1815,LYA2,0.0,0.0,-0.0
VNI-lower-20250606T1815,LYA3,0.0,0.0,-0.0
VNI-lower-20250606T1815,LYA4,0.0,0.0,-0.0
VNI-lower-20250606T1815,MACARTH1,0.0,0.0,-0.0
VNI-lower-20250606T1815,MCKAY1,0.0,0.0,-0.0
VNI-lower-20250606T1815,MERCER01,-1.1649999999999339,0.0,1.1649999999999339
VNI-lower-20250606T1815,MOKOSF1,0.0,0.0,-0.0
VNI-lower-20250606T1815,MOORAWF1,4.7417829999998675,4.7417829999998675,-0.0
VNI-lower-20250606T1815,MORTLK11,0.0,0.0,-0.0
VNI-lower-20250606T1815,MORTLK12,0.0,0.0,-0.0
VNI-lower-20250606T1815,MRTLSWF1,3.198687500000071,3.198687500000071,-0.0
VNI-lower-20250606T1815,MTGELWF1,0.0,0.0,-0.0
VNI-lower-20250606T1815,MURRAY,-4.78125,0.0,4.78125
VNI-lower-20250606T1815,MUWAWF1,0.0,0.0,-0.0
VNI-lower-20250606T1815,MUWAWF2,0.0,0.0,-0.0
VNI-lower-20250606T1815,NPS,0.0,0.0,-0.0
VNI-lower-20250606T1815,NUMURSF1,0.0,0.0,-0.0
VNI-lower-20250606T1815,OAKLAND1,2.140625,2.140625,-0.0
VNI-lower-20250606T1815,PIBESS1,3.15625,3.15625,-0.0
VNI-lower-20250606T1815,RYANCWF1,0.0,0.0,-0.0
VNI-lower-20250606T1815,SALTCRK1,1.4744625000000011,1.4744625000000011,-0.0
VNI-lower-20250606T1815,STOCKYD1,30.042134999999973,30.042134999999973,-0.0
VNI-lower-20250606T1815,STWF1,0.0,0.0,-0.0
VNI-lower-20250606T1815,SUNRSF1,0.0,0.0,-0.0
VNI-lower-20250606T1815,VBB1,168.75,168.75,-0.0
VNI-lower-20250606T1815,VPGS1,0.0,0.0,-0.0
VNI-lower-20250606T1815,VPGS2,0.0,0.0,-0.0
VNI-lower-20250606T1815,VPGS3,0.0,0.0,-0.0
VNI-lower-20250606T1815,VPGS4,0.0,0.0,-0.0
VNI-lower-20250606T1815,VPGS5,0.0,0.0,-0.0
VNI-lower-20250606T1815,VPGS6,0.0,0.0,-0.0
VNI-lower-20250606T1815,WEMENSF1,0.0,0.0,-0.0
VNI-lower-20250606T1815,WINTSF1,0.0,0.0,-0.0
VNI-lower-20250606T1815,WKIEWA1,0.0,0.0,-0.0
VNI-lower-20250606T1815,WKIEWA2,0.0,0.0,-0.0
VNI-lower-20250606T1815,WLWLSF1,0.0,0.0,-0.0
VNI-lower-20250606T1815,WLWLSF2,0.0,0.0,-0.0
VNI-lower-20250606T1815,WUNUSF1,0.0,0.0,-0.0
VNI-lower-20250606T1815,YATSF1,0.0,0.0,-0.0
VNI-lower-20250606T1815,YENDWF1,-4.853755875000028,0.0,4.853755875000028
VNI-lower-20250708T0730,ARWF1,-70.66601658776582,178.91856116223417,249.58457775
VNI-lower-20250708T0730,BALB1,0.0,0.0,-0.0
VNI-lower-20250708T0730,BALDHWF1,9.336818749999997,9.336818749999997,-0.0
VNI-lower-20250708T0730,BANN1,0.0,0.0,-0.0
VNI-lower-20250708T0730,BDL01,0.0,0.0,-0.0
VNI-lower-20250708T0730,BDL02,0.0,0.0,-0.0
VNI-lower-20250708T0730,BHB1,0.0,0.0,-0.0
VNI-lower-20250708T0730,BROKENH1,0.0,0.0,-0.0
VNI-lower-20250708T0730,BRYB1WF1,-205.61990638297877,929.2108374999998,1134.8307438829786
VNI-lower-20250708T0730,BRYB2WF2,-1.1368683772161603e-13,570.2812499999999,570.28125
VNI-lower-20250708T0730,BULBES1,0.0,0.0,-0.0
VNI-lower-20250708T0730,BULGANA1,-13.624058510638415,4.850937499999941,18.474996010638357
VNI-lower-20250708T0730,COHUNSF1,0.0,0.0,-0.0
VNI-lower-20250708T0730,CROWLWF1,2.125771276595704,2.7594087765957034,0.6336374999999994
VNI-lower-20250708T0730,DARTM1,0.0,0.0,-0.0
VNI-lower-20250708T0730,DUNDWF1,-1.1498200000000347,2.5068749999999596,3.6566949999999943
VNI-lower-20250708T0730,DUNDWF2,0.0,0.013608749999993732,0.013608749999993732
VNI-lower-20250708T0730,DUNDWF3,-1.8295412500000028,2.6513187499999704,4.480859999999973
VNI-lower-20250708T0730,ELAINWF1,11.447972872340364,12.910047872340392,1.4620750000000278
VNI-lower-20250708T0730,GANNB1,0.0,0.0,-0.0
VNI-lower-20250708T0730,GANNSF1,0.0,0.0,-0.0
VNI-lower-20250708T0730,GIRGSF,0.0,0.0,-0.0
VNI-lower-20250708T0730,GLENSF1,0.0,0.0,-0.0
VNI-lower-20250708T0730,GLRWNSF1,0.0,0.0,-0.0
VNI-lower-20250708T0730,GPWFEST1,6.774625000000032,7.722125000000046,0.9475000000000134
VNI-lower-20250708T0730,GPWFEST2,14.686249999999973,14.686249999999973,-0.0
VNI-lower-20250708T0730,GPWFEST3,0.0,0.0,-0.0
VNI-lower-20250708T0730,HBESS1,0.0,0.0,-0.0
VNI-lower-20250708T0730,HD1WF1,0.0,0.0,-0.0
VNI-lower-20250708T0730,HUMEV,0.0,0.0,-0.0
VNI-lower-20250708T0730,JLA01,0.0,0.0,-0.0
VNI-lower-20250708T0730,JLA02,0.0,0.0,-0.0
VNI-lower-20250708T0730,JLA03,0.0,0.0,-0.0
VNI-lower-20250708T0730,JLA04,0.0,0.0,-0.0
VNI-lower-20250708T0730,JLB01,0.0,0.0,-0.0
VNI-lower-20250708T0730,JLB02,0.0,0.0,-0.0
VNI-lower-20250708T0730,JLB03,0.0,0.0,-0.0
VNI-lower-20250708T0730,KARSF1,0.0,0.0,-0.0
VNI-lower-20250708T0730,KERNGSP1,0.3507047872340425,0.3507047872340425,-0.0
VNI-lower-20250708T0730,KESSB1,0.0,0.0,-0.0
VNI-lower-20250708T0730,KIAMSF1,0.0,0.0,-0.0
VNI-lower-20250708T0730,KIATAWF1,0.0,0.0,-0.0
VNI-lower-20250708T0730,LIMOSF11,0.0,0.0,-0.0
VNI-lower-20250708T0730,LIMOSF21,0.0,0.0,-0.0
VNI-lower-20250708T0730,LNGS1,0.0,0.0,-0.0
VNI-lower-20250708T0730,LNGS2,0.0,0.0,-0.0
VNI-lower-20250708T0730,LOYYB1,-32.825,19.253125,52.078125
VNI-lower-20250708T0730,LOYYB2,-32.825,19.253125,52.078125
VNI-lower-20250708T0730,LVES1,0.0,0.0,-0.0
VNI-lower-20250708T0730,LYA1,47.093623500000014,47.09362350000002,-0.0
VNI-lower-20250708T0730,LYA2,36.2941164375,41.662499999999994,5.3683835624999965
VNI-lower-20250708T0730,LYA3,44.568623500000015,44.568623500000015,-0.0
VNI-lower-20250708T0730,LYA4,42.925,42.925000000000004,-0.0
VNI-lower-20250708T0730,MACARTH1,0.0,0.0,-0.0
VNI-lower-20250708T0730,MCKAY1,0.0,0.0,-0.0
VNI-lower-20250708T0730,MERCER01,710.4501021276596,732.534525,22.084422872340408
VNI-lower-20250708T0730,MOKOSF1,0.0,0.0,-0.0
VNI-lower-20250708T0730,MOORAWF1,-9.352351063829701,39.69414893617039,49.046500000000094
VNI-lower-20250708T0730,MORTLK11,0.0,0.0,-0.0
VNI-lower-20250708T0730,MORTLK12,0.0,0.0,-0.0
VNI-lower-20250708T0730,MREHA1,0.0,0.0,-0.0
VNI-lower-20250708T0730,MREHA2,0.0,0.0,-0.0
VNI-lower-20250708T0730,MRTLSWF1,0.0,0.02097500000010015,0.02097500000010015
VNI-lower-20250708T0730,MTGELWF1,-287.42827312500003,0.0,287.42827312500003
VNI-lower-20250708T0730,MURRAY,0.0,0.0,-0.0
VNI-lower-20250708T0730,MUWAWF1,34.26893749999998,34.26893749999998,-0.0
VNI-lower-20250708T0730,MUWAWF2,-7.523614295212729,4.292126250000024,11.815740545212753
VNI-lower-20250708T0730,NPS,0.0,0.0,-0.0
VNI-lower-20250708T0730,NUMURSF1,0.0,0.0,-0.0
VNI-lower-20250708T0730,OAKLAND1,17.73483843085109,25.357843750000008,7.623005319148916
VNI-lower-20250708T0730,PIBESS1,0.0,0.0,-0.0
VNI-lower-20250708T0730,RYANCWF1,29.333347625000012,39.440837312499966,10.107489687499953
VNI-lower-20250708T0730,SALTCRK1,-4.52926941489366,1.777574999999964,6.306844414893623
VNI-lower-20250708T0730,STOCKYD1,7.740125000000035,15.356750000000154,7.61662500000012
VNI-lower-20250708T0730,STWF1,-53.225188829787186,64.44782187499995,117.67301070478715
VNI-lower-20250708T0730,SUNRSF1,0.0,0.0,-0.0
VNI-lower-20250708T0730,VBB1,0.0,0.0,-0.0
VNI-lower-20250708T0730,VPGS1,0.0,0.0,-0.0
VNI-lower-20250708T0730,VPGS2,0.0,0.0,-0.0
VNI-lower-20250708T0730,VPGS3,0.0,0.0,-0.0
VNI-lower-20250708T0730,VPGS4,0.0,0.0,-0.0
VNI-lower-20250708T0730,VPGS5,0.0,0.0,-0.0
VNI-lower-20250708T0730,VPGS6,0.0,0.0,-0.0
VNI-lower-20250708T0730,WEMENSF1,0.0,0.0,-0.0
VNI-lower-20250708T0730,WINTSF1,0.7898936170212766,0.7898936170212766,-0.0
VNI-lower-20250708T0730,WKIEWA1,0.0,0.0,-0.0
VNI-lower-20250708T0730,WKIEWA2,0.0,0.0,-0.0
VNI-lower-20250708T0730,WUNUSF1,0.0,0.0,-0.0
VNI-lower-20250708T0730,YATSF1,0.0,0.0,-0.0
VNI-lower-20250708T0730,YENDWF1,29.668890957446862,41.57264999999991,11.903759042553052
VNI-lower-20250708T0730,YWPS1,0.0,0.0,-0.0
VNI-lower-20250827T1210,BHB1,0.0,0.0,-0.0
VNI-lower-20250827T1210,BROKENH1,0.0,2.145,2.145
VNI-lower-20250827T1210,CAPBES1,0.0,0.0,-0.0
VNI-lower-20250827T1210,COLEASF1,6.953620000000004,11.969240000000003,5.015619999999999
VNI-lower-20250827T1210,CROOKWF2,-0.024897999999999823,0.32013399999999925,0.3450319999999991
VNI-lower-20250827T1210,DARLSF1,29.603006999999998,36.8758574,7.272850400000003
VNI-lower-20250827T1210,DPNTB1,0.0,0.0,-0.0
VNI-lower-20250827T1210,FINLYSF1,-2.3749999999999996,7.354520000000001,9.72952
VNI-lower-20250827T1210,GULLRSF1,0.02006000000000001,0.22774,0.20767999999999998
VNI-lower-20250827T1210,GULLRWF1,0.9528275800000016,0.9910914399999997,0.038263859999998144
VNI-lower-20250827T1210,GUNNING1,-0.43388599999999994,0.05286400000000004,0.48674999999999996
VNI-lower-20250827T1210,LIMOSF11,4.040159999999997,18.779600000000002,14.739440000000002
VNI-lower-20250827T1210,LIMOSF21,-3.3219600000000002,0.05509999999999984,3.37706
VNI-lower-20250827T1210,MCKAY1,0.0,0.0,-0.0
VNI-lower-20250827T1210,MURRAY,0.0,0.0,-0.0
VNI-lower-20250827T1210,QBYNB1,0.0,0.0,-0.0
VNI-lower-20250827T1210,RESS1,0.0,0.0,-0.0
VNI-lower-20250827T1210,RIVNB2,0.0,0.0,-0.0
VNI-lower-20250827T1210,SNOWYP,0.0,0.0,-0.0
VNI-lower-20250827T1210,STWF1,0.0,0.0,-0.0
VNI-lower-20250827T1210,SUNRSF1,0.0,22.0381,22.0381
VNI-lower-20250827T1210,TARALGA1,0.8078881799999993,1.0277056599999992,0.21981747999999973
VNI-lower-20250827T1210,TUMUT3,0.0,0.0,-0.0
VNI-lower-20250827T1210,UPPTUMUT,0.0,0.0,-0.0
VNI-lower-20250827T1210,URANQ11,0.0,0.0,-0.0
VNI-lower-20250827T1210,URANQ12,0.0,0.0,-0.0
VNI-lower-20250827T1210,URANQ13,0.0,0.0,-0.0
VNI-lower-20250827T1210,URANQ14,0.0,0.0,-0.0
VNI-lower-20250827T1210,WLWLSF1,-3.9028500000000004,1.59123,5.49408
VNI-lower-20250827T1210,WLWLSF2,-3.49516,1.8236899999999996,5.318849999999999
VNI-lower-20250827T1210,WOODLWN1,-0.13909840000000032,0.4399748,0.5790732000000003
VNI-lower-20250926T2020,ARWF1,18.30345283018867,19.830450566037737,1.526997735849065
VNI-lower-20250926T2020,BALB1,0.0,0.0,-0.0
VNI-lower-20250926T2020,BANN1,0.0,0.0,-0.0
VNI-lower-20250926T2020,BHB1,0.0,0.0,-0.0
VNI-lower-20250926T2020,BROKENH1,0.0,0.0,-0.0
VNI-lower-20250926T2020,BULBES1,0.0,0.0,-0.0
VNI-lower-20250926T2020,BULGANA1,27.784537735849064,27.784537735849064,-0.0
VNI-lower-20250926T2020,COHUNSF1,0.0,0.0,-0.0
VNI-lower-20250926T2020,COLEASF1,0.0,0.0,-0.0
VNI-lower-20250926T2020,CROWLWF1,-11.193876886792449,7.263174811320758,18.457051698113204
VNI-lower-20250926T2020,DARLSF1,0.0,0.0,-0.0
VNI-lower-20250926T2020,DUNDWF1,32.53405188679244,32.53405188679244,-0.0
VNI-lower-20250926T2020,DUNDWF2,3.734929245283017,4.320650943396225,0.585721698113208
VNI-lower-20250926T2020,DUNDWF3,11.360702830188671,11.360702830188671,-0.0
VNI-lower-20250926T2020,GANNB1,0.0,0.0,-0.0
VNI-lower-20250926T2020,GANNSF1,0.0,0.0,-0.0
VNI-lower-20250926T2020,GIRGSF,0.0,0.0,-0.0
VNI-lower-20250926T2020,GLENSF1,0.0,0.0,-0.0
VNI-lower-20250926T2020,GLRWNSF1,0.0,0.0,-0.0
VNI-lower-20250926T2020,HD1WF1,-5.542641509433949,5.723773584905671,11.26641509433962
VNI-lower-20250926T2020,HUMEV,0.0,0.0,-0.0
VNI-lower-20250926T2020,KARSF1,0.0,0.0,-0.0
VNI-lower-20250926T2020,KERNGSP1,0.0,0.0,-0.0
VNI-lower-20250926T2020,KESSB1,938.9622641509435,938.9622641509436,-0.0
VNI-lower-20250926T2020,KIAMSF1,0.0,0.0,-0.0
VNI-lower-20250926T2020,KIATAWF1,20.496105660377367,20.496105660377367,-0.0
VNI-lower-20250926T2020,LIMOSF11,0.0,0.0,-0.0
VNI-lower-20250926T2020,LIMOSF21,0.0,0.0,-0.0
VNI-lower-20250926T2020,MACARTH1,-19.92452830188679,1.9320754716981063,21.856603773584897
VNI-lower-20250926T2020,MOKOSF1,0.0,0.0,-0.0
VNI-lower-20250926T2020,MORTLK11,0.0,0.0,-0.0
VNI-lower-20250926T2020,MORTLK12,0.0,0.0,-0.0
VNI-lower-20250926T2020,MURRAY,-102.11320754716982,0.0,102.11320754716982
VNI-lower-20250926T2020,MUWAWF1,32.65952830188678,55.062735849056565,22.403207547169785
VNI-lower-20250926T2020,MUWAWF2,25.77068377358495,58.88829622641511,33.11761245283016
VNI-lower-20250926T2020,NUMURSF1,0.0,0.0,-0.0
VNI-lower-20250926T2020,RESS1,0.0,0.0,-0.0
VNI-lower-20250926T2020,RYANCWF1,20.51622641509433,20.51622641509433,-0.0
VNI-lower-20250926T2020,STOCKYD1,-26.78204087735849,0.0,26.78204087735849
VNI-lower-20250926T2020,STWF1,-57.75697075471699,32.86443962264153,90.62141037735852
VNI-lower-20250926T2020,SUNRSF1,0.0,0.0,-0.0
VNI-lower-20250926T2020,WEMENSF1,0.0,0.0,-0.0
VNI-lower-20250926T2020,WINTSF1,0.0,0.0,-0.0
VNI-lower-20250926T2020,WUNUSF1,0.0,0.0,-0.0
VNI-lower-20250926T2020,YATSF1,0.0,0.0,-0.0
VNI-lower-20250926T2020,YENDWF1,-10.243123339622635,5.227286811320758,15.470410150943392
VNI-lower-20251006T0425,ARWF1,31.180871320754743,31.180871320754743,-0.0
VNI-lower-20251006T0425,BALB1,0.0,0.0,-0.0
VNI-lower-20251006T0425,BANN1,0.0,0.0,-0.0
VNI-lower-20251006T0425,BHB1,0.0,0.0,-0.0
VNI-lower-20251006T0425,BROKENH1,0.0,0.0,-0.0
VNI-lower-20251006T0425,BULBES1,0.0,0.0,-0.0
VNI-lower-20251006T0425,BULGANA1,41.31381292452831,41.31381292452831,-0.0
VNI-lower-20251006T0425,COHUNSF1,0.0,0.0,-0.0
VNI-lower-20251006T0425,COLEASF1,0.0,0.0,-0.0
VNI-lower-20251006T0425,CROWLWF1,9.909942924528291,9.909942924528291,-0.0
VNI-lower-20251006T0425,DARLSF1,0.0,0.0,-0.0
VNI-lower-20251006T0425,DUNDWF1,-3.3193867924528293,0.0,3.3193867924528293
VNI-lower-20251006T0425,DUNDWF2,0.1361037735849052,0.1361037735849052,-0.0
VNI-lower-20251006T0425,DUNDWF3,-3.928783018867925,0.0,3.928783018867925
VNI-lower-20251006T0425,GANNB1,0.0,0.0,-0.0
VNI-lower-20251006T0425,GANNSF1,0.0,0.0,-0.0
VNI-lower-20251006T0425,GIRGSF,0.0,0.0,-0.0
VNI-lower-20251006T0425,GLENSF1,0.0,0.0,-0.0
VNI-lower-20251006T0425,GLRWNSF1,0.0,0.0,-0.0
VNI-lower-20251006T0425,HD1WF1,-2.354716981132079,0.0,2.354716981132079
VNI-lower-20251006T0425,HUMEV,0.0,0.0,-0.0
VNI-lower-20251006T0425,KARSF1,0.0,0.0,-0.0
VNI-lower-20251006T0425,KERNGSP1,0.0,0.0,-0.0
VNI-lower-20251006T0425,KESSB1,0.0,0.0,-0.0
VNI-lower-20251006T0425,KIAMSF1,0.0,0.0,-0.0
VNI-lower-20251006T0425,KIATAWF1,0.0,0.0,-0.0
VNI-lower-20251006T0425,LIMOSF11,0.0,0.0,-0.0
VNI-lower-20251006T0425,LIMOSF21,0.0,0.0,-0.0
VNI-lower-20251006T0425,MACARTH1,-8.211320754716986,0.0,8.211320754716986
VNI-lower-20251006T0425,MOKOSF1,0.0,0.0,-0.0
VNI-lower-20251006T0425,MORTLK11,0.0,0.0,-0.0
VNI-lower-20251006T0425,MORTLK12,0.0,0.0,-0.0
VNI-lower-20251006T0425,MURRAY,0.0,0.0,-0.0
VNI-lower-20251006T0425,MUWAWF1,0.0,0.0,-0.0
VNI-lower-20251006T0425,MUWAWF2,6.7977665094340125,6.7977665094340125,-0.0
VNI-lower-20251006T0425,NUMURSF1,0.0,0.0,-0.0
VNI-lower-20251006T0425,RESS1,0.0,0.0,-0.0
VNI-lower-20251006T0425,RYANCWF1,2.6686792452830286,2.6686792452830286,-0.0
VNI-lower-20251006T0425,STOCKYD1,-4.226300245283015,0.0,4.226300245283015
VNI-lower-20251006T0425,STWF1,0.0008896226415389663,0.0008896226415389663,-0.0
VNI-lower-20251006T0425,SUNRSF1,0.0,0.0,-0.0
VNI-lower-20251006T0425,WEMENSF1,0.0,0.0,-0.0
VNI-lower-20251006T0425,WINTSF1,0.0,0.0,-0.0
VNI-lower-20251006T0425,WUNUSF1,0.0,0.0,-0.0
VNI-lower-20251006T0425,YATSF1,0.0,0.0,-0.0
VNI-lower-20251006T0425,YENDWF1,89.57593018867925,89.57593018867925,-0.0
VNI-lower-20251104T1715,ARWF1,-6.372836603773578,14.460426792452834,20.833263396226414
VNI-lower-20251104T1715,BALB1,0.0,0.0,-0.0
VNI-lower-20251104T1715,BANN1,-129.45483018867924,0.0,129.45483018867924
VNI-lower-20251104T1715,BHB1,0.0,0.0,-0.0
VNI-lower-20251104T1715,BROKENH1,-97.78393264150942,4.22565,102.00958264150941
VNI-lower-20251104T1715,BULBES1,24.910570471698115,24.910570471698115,-0.0
VNI-lower-20251104T1715,BULGANA1,6.270780094339608,19.12634452830189,12.85556443396228
VNI-lower-20251104T1715,CAPBES1,-0.944,0.0,0.944
VNI-lower-20251104T1715,COHUNSF1,-13.218056603773583,0.0,13.218056603773585
VNI-lower-20251104T1715,COLEASF1,-0.5281317320754733,7.09403297735849,7.622164709433963
VNI-lower-20251104T1715,CROOKWF2,0.45559799999999884,0.6868779999999981,0.23127999999999924
VNI-lower-20251104T1715,CROWLWF1,-17.318195283018866,0.0,17.318195283018866
VNI-lower-20251104T1715,DARLSF1,-11.072556766037735,0.0,11.072556766037735
VNI-lower-20251104T1715,DPNTB1,0.0,0.0,-0.0
VNI-lower-20251104T1715,DUNDWF1,-7.593084905660383,0.0,7.593084905660382
VNI-lower-20251104T1715,DUNDWF2,-10.978245283018868,9.282693396226417,20.260938679245285
VNI-lower-20251104T1715,DUNDWF3,-2.7273056603773487,11.85055754716981,14.577863207547159
VNI-lower-20251104T1715,FINLYSF1,2.9704257999999997,4.4536,1.4831741999999997
VNI-lower-20251104T1715,GANNB1,0.0,0.0,-0.0
VNI-lower-20251104T1715,GANNSF1,-0.03752037735848468,20.15560301886793,20.19312339622641
VNI-lower-20251104T1715,GIRGSF,-59.1261603773585,8.70383962264151,67.83000000000001
VNI-lower-20251104T1715,GLENSF1,-4.419744528301887,0.0,4.419744528301887
VNI-lower-20251104T1715,GLRWNSF1,-1.2718867924528305,0.08176415094339609,1.3536509433962267
VNI-lower-20251104T1715,GULLRSF1,0.10100799999999997,0.12661399999999998,0.025606
VNI-lower-20251104T1715,GULLRWF1,-0.7342007199999991,0.0,0.7342007199999991
VNI-lower-20251104T1715,GULLRWF2,-0.02974189999999964,0.03551681999999985,0.06525871999999949
VNI-lower-20251104T1715,GUNNING1,-0.8558540000000003,0.0,0.8558540000000003
VNI-lower-20251104T1715,HD1WF1,107.47169811320754,107.47169811320754,-0.0
VNI-lower-20251104T1715,HUMEV,0.0,0.0,-0.0
VNI-lower-20251104T1715,KARSF1,19.382452830188697,170.41160377358494,151.02915094339625
VNI-lower-20251104T1715,KERNGSP1,38.22209433962264,38.22209433962264,-0.0
VNI-lower-20251104T1715,KESSB1,0.0,0.0,-0.0
VNI-lower-20251104T1715,KIAMSF1,-90.16627358490567,28.70377358490565,118.87004716981131
VNI-lower-20251104T1715,KIATAWF1,0.0,118.73584905660378,118.73584905660378
VNI-lower-20251104T1715,LIMOSF11,-187.34628,20.872271320754713,208.21855132075473
VNI-lower-20251104T1715,LIMOSF21,-21.50577909056604,1.1358542,22.641633290566038
VNI-lower-20251104T1715,MACARTH1,-66.60226415094336,0.0,66.60226415094336
VNI-lower-20251104T1715,MCKAY1,0.0,0.0,-0.0
VNI-lower-20251104T1715,MOKOSF1,-0.21440377358490548,0.7949292452830188,1.0093330188679244
VNI-lower-20251104T1715,MORTLK11,0.0,0.0,-0.0
VNI-lower-20251104T1715,MORTLK12,0.0,0.0,-0.0
VNI-lower-20251104T1715,MURRAY,0.0,0.0,-0.0
VNI-lower-20251104T1715,MUWAWF1,-51.01692452830184,723.0328018867924,774.0497264150943
VNI-lower-20251104T1715,MUWAWF2,0.0,0.0,-0.0
VNI-lower-20251104T1715,NUMURSF1,-13.320141509433963,1.6951886792452828,15.015330188679245
VNI-lower-20251104T1715,QBYNB1,0.0,0.0,-0.0
VNI-lower-20251104T1715,RESS1,0.0,0.0,-0.0
VNI-lower-20251104T1715,RIVNB2,0.0,0.0,-0.0
VNI-lower-20251104T1715,RYANCWF1,0.0,0.0,-0.0
VNI-lower-20251104T1715,SNOWYP,0.0,0.0,-0.0
VNI-lower-20251104T1715,STOCKYD1,-248.3242094339623,0.0,248.32420943396227
VNI-lower-20251104T1715,STWF1,111.24806993396237,121.4020852075472,10.154015273584838
VNI-lower-20251104T1715,SUNRSF1,-147.9543861283019,2.7636374,150.7180235283019
VNI-lower-20251104T1715,TARALGA1,-0.31425287999999885,0.1472486600000007,0.46150153999999954
VNI-lower-20251104T1715,TUMUT3,0.0,0.0,-0.0
VNI-lower-20251104T1715,UPPTUMUT,0.0,0.0,-0.0
VNI-lower-20251104T1715,URANQ11,0.0,0.0,-0.0
VNI-lower-20251104T1715,URANQ12,0.0,0.0,-0.0
VNI-lower-20251104T1715,URANQ13,0.0,0.0,-0.0
VNI-lower-20251104T1715,URANQ14,0.0,0.0,-0.0
VNI-lower-20251104T1715,WEMENSF1,33.773224905660385,33.773224905660385,-0.0
VNI-lower-20251104T1715,WINTSF1,0.2543773584905662,0.8994056603773586,0.6450283018867924
VNI-lower-20251104T1715,WLWLSF1,0.0,0.0,-0.0
VNI-lower-20251104T1715,WLWLSF2,0.2637299999999999,0.43601,0.1722800000000001
VNI-lower-20251104T1715,WOODLWN1,0.0016755999999994477,0.02371800000000006,0.02204240000000061
VNI-lower-20251104T1715,WUNUSF1,-19.511509433962267,0.0,19.511509433962267
VNI-lower-20251104T1715,YATSF1,-121.9811320754717,0.0,121.9811320754717
VNI-lower-20251104T1715,YENDWF1,5.076620754716981,74.16467169811321,69.08805094339623
VNI-lower-20251107T0655,ARWF1,7.703603773584887,7.703603773584887,-0.0
VNI-lower-20251107T0655,BALB1,0.0,0.0,-0.0
VNI-lower-20251107T0655,BANN1,39.08227320754717,39.08227320754717,-0.0
VNI-lower-20251107T0655,BHB1,0.0,0.0,-0.0
VNI-lower-20251107T0655,BROKENH1,38.71501179245283,39.60304179245283,0.88803
VNI-lower-20251107T0655,BULBES1,-53.01886792452831,0.0,53.01886792452831
VNI-lower-20251107T0655,BULGANA1,4.74847584905661,4.74847584905661,-0.0
VNI-lower-20251107T0655,CAPBES1,-11.328,5.31,16.637999999999998
VNI-lower-20251107T0655,COHUNSF1,-11.79075471698113,0.0,11.79075471698113
VNI-lower-20251107T0655,COLEASF1,0.7991615924528301,3.11370739245283,2.3145458
VNI-lower-20251107T0655,CROOKWF2,-0.36226,0.027258000000000192,0.3895180000000002
VNI-lower-20251107T0655,CROWLWF1,8.315721037735859,8.315721037735859,-0.0
VNI-lower-20251107T0655,DARLSF1,-3.6455189924528297,1.1759404000000002,4.82145939245283
VNI-lower-20251107T0655,DPNTB1,0.0,0.0,-0.0
VNI-lower-20251107T0655,DUNDWF1,0.333424528301891,0.333424528301891,-0.0
VNI-lower-20251107T0655,DUNDWF2,0.397712264150942,0.397712264150942,-0.0
VNI-lower-20251107T0655,DUNDWF3,0.6152405660377342,0.6152405660377342,-0.0
VNI-lower-20251107T0655,FINLYSF1,-1.2747251999999998,0.11399999999999993,1.3887251999999997
VNI-lower-20251107T0655,GANNB1,0.0,0.0,-0.0
VNI-lower-20251107T0655,GANNSF1,-0.2799707547169816,0.0,0.2799707547169816
VNI-lower-20251107T0655,GIRGSF,0.7093073584905664,0.7093073584905664,-0.0
VNI-lower-20251107T0655,GLENSF1,-33.45233698113207,0.0,33.45233698113207
VNI-lower-20251107T0655,GLRWNSF1,8.185499999999992,8.185499999999992,-0.0
VNI-lower-20251107T0655,GULLRSF1,-0.032567999999999986,0.0,0.032567999999999986
VNI-lower-20251107T0655,GULLRWF1,0.17232011999999983,0.2221491599999999,0.049829040000000074
VNI-lower-20251107T0655,GULLRWF2,0.62404182,0.62404182,-0.0
VNI-lower-20251107T0655,GUNNING1,-0.16968400000000006,0.0,0.16968400000000006
VNI-lower-20251107T0655,HD1WF1,-2.656603773584909,0.0,2.656603773584909
VNI-lower-20251107T0655,HUMEV,0.0,0.0,-0.0
VNI-lower-20251107T0655,KARSF1,-116.89537735849058,0.0,116.89537735849058
VNI-lower-20251107T0655,KERNGSP1,-10.88377358490566,0.0,10.88377358490566
VNI-lower-20251107T0655,KESSB1,0.0,0.0,-0.0
VNI-lower-20251107T0655,KIAMSF1,393.39619103773583,393.39619103773583,-0.0
VNI-lower-20251107T0655,KIATAWF1,-31.566844716981137,0.0,31.566844716981137
VNI-lower-20251107T0655,LIMOSF11,87.66353056603775,88.37489056603775,0.7113599999999993
VNI-lower-20251107T0655,LIMOSF21,10.205503396226417,10.514443396226417,0.30894000000000005
VNI-lower-20251107T0655,MACARTH1,-26.20377358490568,0.0,26.20377358490568
VNI-lower-20251107T0655,MCKAY1,0.0,0.0,-0.0
VNI-lower-20251107T0655,MOKOSF1,6.068716981132075,6.068716981132075,-0.0
VNI-lower-20251107T0655,MORTLK11,0.0,0.0,-0.0
VNI-lower-20251107T0655,MORTLK12,0.0,0.0,-0.0
VNI-lower-20251107T0655,MURRAY,0.0,0.0,-0.0
VNI-lower-20251107T0655,MUWAWF1,-884.2360270754716,0.0,884.2360270754716
VNI-lower-20251107T0655,MUWAWF2,-114.1251532075472,0.0,114.1251532075472
VNI-lower-20251107T0655,NUMURSF1,5.287641509433963,5.287641509433963,-0.0
VNI-lower-20251107T0655,QBYNB1,0.0,0.0,-0.0
VNI-lower-20251107T0655,RESS1,0.0,0.0,-0.0
VNI-lower-20251107T0655,RIVNB2,0.0,0.0,-0.0
VNI-lower-20251107T0655,RYANCWF1,-10.928301886792466,0.0,10.928301886792466
VNI-lower-20251107T0655,SNOWYP,0.0,0.0,-0.0
VNI-lower-20251107T0655,STOCKYD1,-1.3571269056603825,0.0,1.3571269056603825
VNI-lower-20251107T0655,STWF1,-16.415808198113265,0.5979544999999958,17.013762698113258
VNI-lower-20251107T0655,SUNRSF1,78.00556509811321,80.73465669811321,2.7290916000000003
VNI-lower-20251107T0655,TARALGA1,-0.32501919999999984,0.23311962000000003,0.5581388199999999
VNI-lower-20251107T0655,TUMUT3,46.800000000000004,46.800000000000004,-0.0
VNI-lower-20251107T0655,UPPTUMUT,59.8,59.8,-0.0
VNI-lower-20251107T0655,URANQ11,0.0,0.0,-0.0
VNI-lower-20251107T0655,URANQ12,0.0,0.0,-0.0
VNI-lower-20251107T0655,URANQ13,-9.279404089999998,0.0,9.279404089999998
VNI-lower-20251107T0655,URANQ14,-8.824364929999998,0.0,8.824364929999998
VNI-lower-20251107T0655,WEMENSF1,-6.1321743396226465,0.0,6.1321743396226465
VNI-lower-20251107T0655,WINTSF1,18.524122641509432,18.524122641509432,-0.0
VNI-lower-20251107T0655,WLWLSF1,0.0,0.0,-0.0
VNI-lower-20251107T0655,WLWLSF2,-3.5382299999999995,1.5729399999999998,5.1111699999999995
VNI-lower-20251107T0655,WOODLWN1,0.4469839999999999,0.4469839999999999,-0.0
VNI-lower-20251107T0655,WUNUSF1,-1.7973490566037746,0.0,1.7973490566037746
VNI-lower-20251107T0655,YATSF1,36.0566037735849,36.0566037735849,-0.0
VNI-lower-20251107T0655,YENDWF1,-4.073169811320741,0.0,4.073169811320741
VNI-lower-20251119T2035,ARWF1,9.57289380000001,57.01633893,47.44344512999999
VNI-lower-20251119T2035,BHB1,0.0,2.0,2.0
VNI-lower-20251119T2035,BROKENH1,0.0,0.0,-0.0
VNI-lower-20251119T2035,BULGANA1,5.164155449999996,28.568274240000004,23.40411879000001
VNI-lower-20251119T2035,CAPBES1,9.01,29.506754394999998,20.496754395
VNI-lower-20251119T2035,COLEASF1,0.0,0.0,-0.0
VNI-lower-20251119T2035,CROOKWF2,0.6389891999999999,1.2073400000000003,0.5683507999999999
VNI-lower-20251119T2035,CROWLWF1,4.828401030000002,24.88698356999999,20.058582539999993
VNI-lower-20251119T2035,DARLSF1,0.0,0.0,-0.0
VNI-lower-20251119T2035,DPNTB1,6.526,10.542,4.016
VNI-lower-20251119T2035,FINLYSF1,0.0,0.0,-0.0
VNI-lower-20251119T2035,GULLRSF1,0.0,0.0,-0.0
VNI-lower-20251119T2035,GULLRWF1,0.4112182019999999,1.6755464520000003,1.2643282500000004
VNI-lower-20251119T2035,GULLRWF2,-0.10236170900000002,1.1298440889999999,1.2322057980000003
VNI-lower-20251119T2035,GUNNING1,0.27678719999999996,0.5390683000000001,0.26228110000000004
VNI-lower-20251119T2035,LIMOSF11,0.0,0.0,-0.0
VNI-lower-20251119T2035,LIMOSF21,0.0,0.0,-0.0
VNI-lower-20251119T2035,MURRAY,92.72796849999997,298.80677478999996,206.07880629
VNI-lower-20251119T2035,MUWAWF1,-46.66800900000002,51.693141,98.36115000000001
VNI-lower-20251119T2035,MUWAWF2,-19.14622109999999,73.99922163,93.14544272999998
VNI-lower-20251119T2035,QBYNB1,0.0,0.0,-0.0
VNI-lower-20251119T2035,RESS1,0.0,0.0,-0.0
VNI-lower-20251119T2035,RIVNB2,15.059999999999999,29.618,14.558
VNI-lower-20251119T2035,SNOWYP,0.0,0.0,-0.0
VNI-lower-20251119T2035,STWF1,-154.2138,21.383800000000036,175.59760000000003
VNI-lower-20251119T2035,SUNRSF1,0.0,0.0,-0.0
VNI-lower-20251119T2035,TARALGA1,0.810913515,2.3645609739999998,1.553647459
VNI-lower-20251119T2035,TUMUT3,260.24880784000004,299.68402352,39.43521567999999
VNI-lower-20251119T2035,UPPTUMUT,129.056,133.71619907999997,4.660199079999994
VNI-lower-20251119T2035,URANQ11,77.49785138,127.69785137999999,50.2
VNI-lower-20251119T2035,URANQ12,77.44576386,77.44576386,-0.0
VNI-lower-20251119T2035,URANQ13,64.51145776,114.71145776,50.2
VNI-lower-20251119T2035,URANQ14,77.70927370000001,127.9092737,50.2
VNI-lower-20251119T2035,WLWLSF1,0.0,0.0,-0.0
VNI-lower-20251119T2035,WLWLSF2,0.0,0.0,-0.0
VNI-lower-20251119T2035,WOODLWN1,-0.06357456000000003,0.39225034999999997,0.45582491
VNI-lower-20251215T0205,ARWF1,13.50476914641509,28.202079335094336,14.697310188679246
VNI-lower-20251215T0205,BALB1,0.0,0.0,-0.0
VNI-lower-20251215T0205,BANN1,0.0,0.0,-0.0
VNI-lower-20251215T0205,BHB1,0.0,177.9245283018868,177.9245283018868
VNI-lower-20251215T0205,BROKENH1,0.0,0.0,-0.0
VNI-lower-20251215T0205,BULBES1,0.0,0.0,-0.0
VNI-lower-20251215T0205,BULGANA1,39.13934022377357,39.19686569547168,0.057525471698101585
VNI-lower-20251215T0205,COHUNSF1,0.0,0.0,-0.0
VNI-lower-20251215T0205,COLEASF1,0.0,0.0,-0.0
VNI-lower-20251215T0205,CROWLWF1,4.3001318488679035,13.258273431132071,8.958141582264167
VNI-lower-20251215T0205,DARLSF1,0.0,0.0,-0.0
VNI-lower-20251215T0205,DPNTB1,0.0,0.0,-0.0
VNI-lower-20251215T0205,DUNDWF1,-3.918877358490561,2.584485849056609,6.50336320754717
VNI-lower-20251215T0205,DUNDWF2,5.563712264150943,7.802985849056602,2.239273584905659
VNI-lower-20251215T0205,DUNDWF3,11.928495283018869,13.190674528301889,1.2621792452830194
VNI-lower-20251215T0205,FINLYSF1,0.0,0.0,-0.0
VNI-lower-20251215T0205,GANNB1,114.56603773584905,114.56603773584905,-0.0
VNI-lower-20251215T0205,GANNSF1,0.0,0.0,-0.0
VNI-lower-20251215T0205,GIRGSF,0.0,0.0,-0.0
VNI-lower-20251215T0205,GLENSF1,0.0,0.0,-0.0
VNI-lower-20251215T0205,GLRWNSF1,0.0,0.0,-0.0
VNI-lower-20251215T0205,HD1WF1,-8.34415094339623,5.663396226415092,14.007547169811321
VNI-lower-20251215T0205,HUMEV,0.0,0.0,-0.0
VNI-lower-20251215T0205,KARSF1,0.0,0.0,-0.0
VNI-lower-20251215T0205,KERNGSP1,0.0,0.0,-0.0
VNI-lower-20251215T0205,KESSB1,0.0,0.0,-0.0
VNI-lower-20251215T0205,KIAMSF1,0.0,0.0,-0.0
VNI-lower-20251215T0205,KIATAWF1,4.875447169811321,8.539022641509428,3.663575471698107
VNI-lower-20251215T0205,LIMOSF11,0.0,0.0,-0.0
VNI-lower-20251215T0205,LIMOSF21,0.0,0.0,-0.0
VNI-lower-20251215T0205,MACARTH1,-16.060377358490577,8.090566037735835,24.150943396226413
VNI-lower-20251215T0205,MOKOSF1,0.0,0.0,-0.0
VNI-lower-20251215T0205,MORTLK11,0.0,0.0,-0.0
VNI-lower-20251215T0205,MORTLK12,0.0,0.0,-0.0
VNI-lower-20251215T0205,MURRAY,0.0,0.0,-0.0
VNI-lower-20251215T0205,MUWAWF1,61.77882566037732,105.52282754716981,43.74400188679248
VNI-lower-20251215T0205,MUWAWF2,46.623917729999995,59.130862824339616,12.506945094339628
VNI-lower-20251215T0205,NUMURSF1,0.0,0.0,-0.0
VNI-lower-20251215T0205,RESS1,0.0,0.0,-0.0
VNI-lower-20251215T0205,RIVNB2,0.0,0.0,-0.0
VNI-lower-20251215T0205,RYANCWF1,12.437735849056617,32.048301886792444,19.610566037735826
VNI-lower-20251215T0205,SNOWYP,0.0,0.0,-0.0
VNI-lower-20251215T0205,STOCKYD1,-12.753241849056622,1.130681009433967,13.883922858490589
VNI-lower-20251215T0205,STWF1,-9.761393396226431,18.32682735849061,28.088220754717042
VNI-lower-20251215T0205,SUNRSF1,0.0,0.0,-0.0
VNI-lower-20251215T0205,TUMUT3,0.0,0.0,-0.0
VNI-lower-20251215T0205,UPPTUMUT,-40.01080875999999,0.0,40.01080875999999
VNI-lower-20251215T0205,URANQ11,0.0,0.0,-0.0
VNI-lower-20251215T0205,URANQ12,0.0,0.0,-0.0
VNI-lower-20251215T0205,URANQ13,0.0,0.0,-0.0
VNI-lower-20251215T0205,URANQ14,0.0,0.0,-0.0
VNI-lower-20251215T0205,WEMENSF1,0.0,0.0,-0.0
VNI-lower-20251215T0205,WINTSF1,0.0,0.0,-0.0
VNI-lower-20251215T0205,WUNUSF1,0.0,0.0,-0.0
VNI-lower-20251215T0205,YATSF1,0.0,0.0,-0.0
VNI-lower-20251215T0205,YENDWF1,8.271667924528304,12.005057867924531,3.733389943396228
VNI-lower-20260106T1640,BHB1,-21.45,0.0,21.45
VNI-lower-20260106T1640,BROKENH1,25.394654999999997,25.394655,-0.0
VNI-lower-20260106T1640,COLEASF1,17.825454200000003,55.639847,37.8143928
VNI-lower-20260106T1640,DARLSF1,31.2118548,67.1174088,35.905554
VNI-lower-20260106T1640,DPNTB1,0.0,9.5,9.5
VNI-lower-20260106T1640,FINLYSF1,22.1229008,24.405823000000005,2.2829222000000042
VNI-lower-20260106T1640,LIMOSF11,34.4590916,79.14597440000003,44.686882800000035
VNI-lower-20260106T1640,LIMOSF21,4.173091599999999,9.8298818,5.656790200000001
VNI-lower-20260106T1640,MCKAY1,0.0,0.0,-0.0
VNI-lower-20260106T1640,MURRAY,419.06305370999996,568.6110738,149.54802009000002
VNI-lower-20260106T1640,RESS1,-22.7995136,0.0009728000000009729,22.8004864
VNI-lower-20260106T1640,RIVNB2,0.0,24.32,24.32
VNI-lower-20260106T1640,SNOWYP,0.0,0.0,-0.0
VNI-lower-20260106T1640,STWF1,-12.746591,12.326099499999998,25.072690499999997
VNI-lower-20260106T1640,SUNRSF1,24.230114799999996,39.6542122,15.4240974
VNI-lower-20260106T1640,TUMUT3,0.0,0.0,-0.0
VNI-lower-20260106T1640,UPPTUMUT,0.0,0.0,-0.0
VNI-lower-20260106T1640,URANQ11,0.0,0.0,-0.0
VNI-lower-20260106T1640,URANQ12,0.0,0.0,-0.0
VNI-lower-20260106T1640,URANQ13,0.0,0.0,-0.0
VNI-lower-20260106T1640,URANQ14,0.0,0.0,-0.0
VNI-lower-20260111T0015,ARWF1,27.31119509433966,43.40177886792459,16.09058377358494
VNI-lower-20260111T0015,BALB1,0.0,0.0,-0.0
VNI-lower-20260111T0015,BANN1,0.0,0.0,-0.0
VNI-lower-20260111T0015,BHB1,0.0,0.0,-0.0
VNI-lower-20260111T0015,BROKENH1,0.0,0.0,-0.0
VNI-lower-20260111T0015,BULBES1,0.0,0.0,-0.0
VNI-lower-20260111T0015,BULGANA1,9.960919811320778,25.0470675471698,15.086147735849023
VNI-lower-20260111T0015,COHUNSF1,0.0,0.0,-0.0
VNI-lower-20260111T0015,COLEASF1,0.0,0.0,-0.0
VNI-lower-20260111T0015,CROWLWF1,4.362579245283035,15.28713292452831,10.924553679245275
VNI-lower-20260111T0015,DARLSF1,0.0,0.0,-0.0
VNI-lower-20260111T0015,DUNDWF1,-0.5390660377358458,7.347028301886787,7.886094339622632
VNI-lower-20260111T0015,DUNDWF2,-2.3010849056603777,3.008448113207548,5.309533018867926
VNI-lower-20260111T0015,DUNDWF3,-1.4314669811320724,5.9717264150943405,7.403193396226413
VNI-lower-20260111T0015,GANNB1,-119.13655433962265,0.0,119.13655433962265
VNI-lower-20260111T0015,GANNSF1,0.0,0.0,-0.0
VNI-lower-20260111T0015,GIRGSF,0.0,0.0,-0.0
VNI-lower-20260111T0015,GLENSF1,0.0,0.0,-0.0
VNI-lower-20260111T0015,GLRWNSF1,0.0,0.0,-0.0
VNI-lower-20260111T0015,HD1WF1,-2.9222641509433944,8.35622641509434,11.278490566037735
VNI-lower-20260111T0015,HUMEV,0.0,0.0,-0.0
VNI-lower-20260111T0015,KARSF1,0.0,0.0,-0.0
VNI-lower-20260111T0015,KERNGSP1,0.0,0.0,-0.0
VNI-lower-20260111T0015,KESSB1,0.0,0.0,-0.0
VNI-lower-20260111T0015,KIAMSF1,0.0,0.0,-0.0
VNI-lower-20260111T0015,KIATAWF1,4.678192452830193,104.39140943396227,99.71321698113206
VNI-lower-20260111T0015,LIMOSF11,0.0,0.0,-0.0
VNI-lower-20260111T0015,LIMOSF21,0.0,0.0,-0.0
VNI-lower-20260111T0015,MACARTH1,-11.713207547169812,0.0,11.713207547169812
VNI-lower-20260111T0015,MOKOSF1,0.0,0.0,-0.0
VNI-lower-20260111T0015,MORTLK11,0.0,0.0,-0.0
VNI-lower-20260111T0015,MORTLK12,0.0,0.0,-0.0
VNI-lower-20260111T0015,MURRAY,0.0,0.0,-0.0
VNI-lower-20260111T0015,MUWAWF1,0.0,0.0,-0.0
VNI-lower-20260111T0015,MUWAWF2,0.0,0.0,-0.0
VNI-lower-20260111T0015,NUMURSF1,0.0,0.0,-0.0
VNI-lower-20260111T0015,RESS1,0.0,0.0,-0.0
VNI-lower-20260111T0015,RYANCWF1,10.65056603773584,15.09433962264151,4.443773584905669
VNI-lower-20260111T0015,STOCKYD1,-30.484632075471694,5.962339622641516,36.44697169811322
VNI-lower-20260111T0015,STWF1,0.0,0.0,-0.0
VNI-lower-20260111T0015,SUNRSF1,0.0,0.0,-0.0
VNI-lower-20260111T0015,URANQ11,0.0,0.0,-0.0
VNI-lower-20260111T0015,URANQ12,0.0,0.0,-0.0
VNI-lower-20260111T0015,URANQ13,0.0,0.0,-0.0
VNI-lower-20260111T0015,URANQ14,0.0,0.0,-0.0
VNI-lower-20260111T0015,WEMENSF1,0.0,0.0,-0.0
VNI-lower-20260111T0015,WINTSF1,0.0,0.0,-0.0
VNI-lower-20260111T0015,WUNUSF1,0.0,0.0,-0.0
VNI-lower-20260111T0015,YATSF1,0.0,0.0,-0.0
VNI-lower-20260111T0015,YENDWF1,-2.0395944339622636,2.171898245283019,4.211492679245282
VNI-lower-20260212T1435,BHB1,1.43,1.43,-0.0
VNI-lower-20260212T1435,BROKENH1,0.0,0.0,-0.0
VNI-lower-20260212T1435,COLEASF1,2.2800000000000002,2.2800000000000002,-0.0
VNI-lower-20260212T1435,DARLSF1,-1.621847599999992,0.0,1.621847599999992
VNI-lower-20260212T1435,DPNTB1,0.0,0.0,-0.0
VNI-lower-20260212T1435,FINLYSF1,0.0,0.0,-0.0
VNI-lower-20260212T1435,LIMOSF11,55.17581760000001,91.32359500000001,36.147777399999995
VNI-lower-20260212T1435,LIMOSF21,7.786382400000001,12.5513164,4.764933999999999
VNI-lower-20260212T1435,MCKAY1,0.0,0.0,-0.0
VNI-lower-20260212T1435,MURRAY,0.0,0.0,-0.0
VNI-lower-20260212T1435,RESS1,0.0,0.0,-0.0
VNI-lower-20260212T1435,RIVNB2,0.0,0.0,-0.0
VNI-lower-20260212T1435,SNOWYP,0.0,0.0,-0.0
VNI-lower-20260212T1435,STWF1,-0.4711850000000043,0.0,0.4711850000000043
VNI-lower-20260212T1435,SUNRSF1,27.6519084,60.51352180000001,32.8616134
VNI-lower-20260212T1435,TUMUT3,0.0,0.0,-0.0
VNI-lower-20260212T1435,UPPTUMUT,-32.89,35.879999999999995,68.77
VNI-lower-20260212T1435,URANQ11,0.0,0.0,-0.0
VNI-lower-20260212T1435,URANQ12,0.0,0.0,-0.0
VNI-lower-20260212T1435,URANQ13,0.0,0.0,-0.0
VNI-lower-20260212T1435,URANQ14,0.0,0.0,-0.0
VNI-lower-20260307T1215,BHB1,0.0,0.0,-0.0
VNI-lower-20260307T1215,BROKENH1,0.0,0.0,-0.0
VNI-lower-20260307T1215,COLEASF1,7.980007600000001,15.264607599999998,7.284599999999996
VNI-lower-20260307T1215,DARLSF1,14.319809799999996,32.62798179999999,18.308171999999995
VNI-lower-20260307T1215,DPNTB1,0.0,0.0,-0.0
VNI-lower-20260307T1215,FINLYSF1,0.0,0.0,-0.0
VNI-lower-20260307T1215,LIMOSF11,16.445199199999998,48.33548699999999,31.8902878
VNI-lower-20260307T1215,LIMOSF21,3.7154728000000006,8.0680878,4.352615000000001
VNI-lower-20260307T1215,MCKAY1,0.0,0.0,-0.0
VNI-lower-20260307T1215,MURRAY,0.0,0.0,-0.0
VNI-lower-20260307T1215,RESS1,0.0,0.0,-0.0
VNI-lower-20260307T1215,RIVNB2,0.0,0.0,-0.0
VNI-lower-20260307T1215,SNOWYP,0.0,0.0,-0.0
VNI-lower-20260307T1215,STWF1,-12.42255299999999,2.745099500000006,15.167652499999996
VNI-lower-20260307T1215,SUNRSF1,6.221318199999993,16.007632999999995,9.786314800000001
VNI-lower-20260307T1215,TUMUT3,0.0,0.0,-0.0
VNI-lower-20260307T1215,UPPTUMUT,0.0,0.0,-0.0
VNI-lower-20260307T1215,URANQ11,0.0,0.0,-0.0
VNI-lower-20260307T1215,URANQ12,0.0,0.0,-0.0
VNI-lower-20260307T1215,URANQ13,0.0,0.0,-0.0
VNI-lower-20260307T1215,URANQ14,0.0,0.0,-0.0
VNI-lower-20260409T1710,ARWF1,-229.3913258490566,93.29881075471694,322.69013660377357
VNI-lower-20260409T1710,BALB1,0.0,0.0,-0.0
VNI-lower-20260409T1710,BANN1,-1.8655367295597496,3.735129937106918,5.600666666666668
VNI-lower-20260409T1710,BHB1,0.0,0.0,-0.0
VNI-lower-20260409T1710,BROKENH1,-16.123509433962262,6.696176100628933,22.819685534591194
VNI-lower-20260409T1710,BRYB1WF1,-3.6672893081760582,5.383427672955893,9.050716981131952
VNI-lower-20260409T1710,BRYB2WF2,-2.251748427672989,0.0,2.251748427672989
VNI-lower-20260409T1710,BULBES1,-5.125786163522012,97.38993710691824,102.51572327044025
VNI-lower-20260409T1710,BULGANA1,16.556289308176193,39.97088050314474,23.414591194968544
VNI-lower-20260409T1710,COHUNSF1,-4.104163522012579,0.0908805031446541,4.195044025157232
VNI-lower-20260409T1710,CROWLWF1,24.85717396226413,24.857173962264135,-0.0
VNI-lower-20260409T1710,CRWARP1,4.463408301886792,4.463408301886792,-0.0
VNI-lower-20260409T1710,DUNDWF1,0.0,0.0,-0.0
VNI-lower-20260409T1710,DUNDWF2,-0.16937735849057245,1.4417496855345855,1.6111270440251577
VNI-lower-20260409T1710,DUNDWF3,3.3491069182390394,19.94688679245285,16.59777987421381
VNI-lower-20260409T1710,ELAINWF1,-35.63247018867924,0.005861635220153775,35.6383318238994
VNI-lower-20260409T1710,GANNB1,0.0,0.0,-0.0
VNI-lower-20260409T1710,GANNSF1,-1.062174968553459,0.8717984905660374,1.9339734591194961
VNI-lower-20260409T1710,GIRGSF,0.4927418867924529,2.299986666666667,1.8072447798742142
VNI-lower-20260409T1710,GLENSF1,0.9195552201257859,4.33396327044025,3.4144080503144645
VNI-lower-20260409T1710,GLRWNSF1,2.8018867924528306,6.143396226415095,3.341509433962264
VNI-lower-20260409T1710,GOESF1,-7.41926037735849,0.0,7.41926037735849
VNI-lower-20260409T1710,GPWFEST1,915.3141974842767,933.4873031446541,18.173105660377356
VNI-lower-20260409T1710,GPWFEST2,957.7238704402515,976.8813672955974,19.15749685534591
VNI-lower-20260409T1710,GPWFEST3,-523.8981132075471,17.637735849056593,541.5358490566038
VNI-lower-20260409T1710,GPWFWST1,0.0,0.0,-0.0
VNI-lower-20260409T1710,GPWFWST2,0.0,0.0,-0.0
VNI-lower-20260409T1710,HD1WF1,73.90473660377359,288.84813283018866,214.94339622641508
VNI-lower-20260409T1710,HUMEV,0.0,0.0,-0.0
VNI-lower-20260409T1710,KARSF1,-4.869594716981133,0.0,4.869594716981132
VNI-lower-20260409T1710,KERNGSP1,-3.0281383647798745,3.2898742138364776,6.318012578616352
VNI-lower-20260409T1710,KESSB1,0.0,0.0,-0.0
VNI-lower-20260409T1710,KIAMSF1,-18.671365283018865,4.019838742138365,22.691204025157234
VNI-lower-20260409T1710,KIATAWF1,-45.11293081761007,0.0,45.11293081761008
VNI-lower-20260409T1710,LANCSF1,0.0,0.0,-0.0
VNI-lower-20260409T1710,LIMBESS1,0.0,0.0,-0.0
VNI-lower-20260409T1710,LIMOSF11,-9.47188679245283,4.144150943396228,13.616037735849057
VNI-lower-20260409T1710,LIMOSF21,-1.2573584905660378,0.7056603773584905,1.9630188679245282
VNI-lower-20260409T1710,LNGS1,0.0,0.0,-0.0
VNI-lower-20260409T1710,LNGS2,0.0,0.0,-0.0
VNI-lower-20260409T1710,MACARTH1,64.59894339622639,103.48196226415112,38.88301886792472
VNI-lower-20260409T1710,MERCER01,-68.97972327044025,54.72422641509425,123.7039496855345
VNI-lower-20260409T1710,MLB01,0.0,0.0,-0.0
VNI-lower-20260409T1710,MOKOSF1,1.8623899371069184,3.874213836477987,2.011823899371069
VNI-lower-20260409T1710,MOORAWF1,2.2835758490567413,35.37367899371077,33.09010314465402
VNI-lower-20260409T1710,MORTLK11,0.0,0.0,-0.0
VNI-lower-20260409T1710,MORTLK12,0.0,0.0,-0.0
VNI-lower-20260409T1710,MREHA1,0.0,0.0,-0.0
VNI-lower-20260409T1710,MREHA2,0.0,0.0,-0.0
VNI-lower-20260409T1710,MREHA3,0.0,0.0,-0.0
VNI-lower-20260409T1710,MRTLSWF1,624.4566763522012,626.1495944654088,1.692918113207588
VNI-lower-20260409T1710,MTGELWF1,0.07044905660379991,0.6263216981132933,0.5558726415094933
VNI-lower-20260409T1710,MURRAY,0.0,0.0,-0.0
VNI-lower-20260409T1710,MUWAWF1,53.60071698113208,106.19690566037738,52.5961886792453
VNI-lower-20260409T1710,MUWAWF2,-19.947603396226214,187.80939660377368,207.75699999999992
VNI-lower-20260409T1710,NPS,0.0,0.0,-0.0
VNI-lower-20260409T1710,NUMURSF1,0.09616352201257872,3.1786415094339624,3.0824779874213837
VNI-lower-20260409T1710,OAKLAND1,1.8955974842767231,25.008962264150945,23.113364779874225
VNI-lower-20260409T1710,RYANCWF1,0.0,0.0,-0.0
VNI-lower-20260409T1710,SALTCRK1,205.04548742138365,207.8199528301887,2.7744654088050553
VNI-lower-20260409T1710,STOCKYD1,20.069762075471793,23.68583547169823,3.6160733962264353
VNI-lower-20260409T1710,STWF1,-80.96924276729561,13.38154465408806,94.35078742138367
VNI-lower-20260409T1710,SUNRSF1,-12.830188679245284,0.0,12.830188679245284
VNI-lower-20260409T1710,TRGBESS1,0.0,0.0,-0.0
VNI-lower-20260409T1710,VBB1,1415.0943396226414,1415.0943396226414,-0.0
VNI-lower-20260409T1710,WEMENSF1,19.68683761006289,46.85290025157232,27.166062641509434
VNI-lower-20260409T1710,WINTSF1,-1.0654088050314467,5.90817610062893,6.973584905660377
VNI-lower-20260409T1710,WUNUSF1,2.919874213836478,2.919874213836478,-0.0
VNI-lower-20260409T1710,YATSF1,-6.318056603773585,0.05988679245283024,6.377943396226415
VNI-lower-20260409T1710,YENDWF1,111.87487207547173,111.87487207547173,-0.0
VNI-lower-20260425T2315,ARWF1,4.264027379999995,12.547267349999998,8.283239970000002
VNI-lower-20260425T2315,BHB1,0.0,0.0,-0.0
VNI-lower-20260425T2315,BROKENH1,0.0,0.0,-0.0
VNI-lower-20260425T2315,BULGANA1,-6.627348000000004,6.87617700000001,13.503525000000014
VNI-lower-20260425T2315,COLEASF1,0.0,0.0,-0.0
VNI-lower-20260425T2315,CROWLWF1,2.380374510000002,6.096535920000004,3.7161614100000024
VNI-lower-20260425T2315,DARLSF1,0.0,0.0,-0.0
VNI-lower-20260425T2315,DPNTB1,0.0,0.0,-0.0
VNI-lower-20260425T2315,FINLYSF1,0.0,0.0,-0.0
VNI-lower-20260425T2315,LIMOSF11,0.0,0.0,-0.0
VNI-lower-20260425T2315,LIMOSF21,0.0,0.0,-0.0
VNI-lower-20260425T2315,MURRAY,0.0,0.0,-0.0
VNI-lower-20260425T2315,MUWAWF1,153.82908762000002,471.11717925000005,317.28809163
VNI-lower-20260425T2315,MUWAWF2,-2.4592108200000147,4.2873236699999975,6.746534490000012
VNI-lower-20260425T2315,RESS1,0.0,0.0,-0.0
VNI-lower-20260425T2315,RIVNB2,0.0,0.0,-0.0
VNI-lower-20260425T2315,SNOWYP,0.0,0.0,-0.0
VNI-lower-20260425T2315,STWF1,-12.377600000000001,5.649699999999996,18.027299999999997
VNI-lower-20260425T2315,SUNRSF1,0.0,0.0,-0.0
VNI-lower-20260425T2315,TUMUT3,0.0,0.0,-0.0
VNI-lower-20260425T2315,UPPTUMUT,13.08,13.080000000000002,-0.0
VNI-lower-20260425T2315,URANQ11,0.0,0.0,-0.0
VNI-lower-20260425T2315,URANQ12,0.0,0.0,-0.0
VNI-lower-20260425T2315,URANQ13,0.0,0.0,-0.0
VNI-lower-20260425T2315,URANQ14,0.0,0.0,-0.0
VNI-lower-20260503T0930,ARWF1,-2.9498461199999984,30.851059230000008,33.80090535000001
VNI-lower-20260503T0930,BHB1,0.0,0.0,-0.0
VNI-lower-20260503T0930,BROKENH1,-10.041999999999998,7.494999999999994,17.536999999999992
VNI-lower-20260503T0930,BULGANA1,-13.577220000000002,21.379353000000002,34.956573000000006
VNI-lower-20260503T0930,COLEASF1,-0.6389104599999997,15.3794477,16.018358160000002
VNI-lower-20260503T0930,CROWLWF1,-3.1971318600000007,19.912276289999998,23.109408149999993
VNI-lower-20260503T0930,DARLSF1,46.585871080000004,68.89988654000001,22.314015459999997
VNI-lower-20260503T0930,DPNTB1,12.55,12.55,-0.0
VNI-lower-20260503T0930,FINLYSF1,1.6925181000000018,29.345414,27.6528959
VNI-lower-20260503T0930,LIMOSF11,-1.4869240000000006,18.223102,19.710026
VNI-lower-20260503T0930,LIMOSF21,-1.919648,2.918126,4.8377740000000005
VNI-lower-20260503T0930,MURRAY,-32.235,0.0,32.235
VNI-lower-20260503T0930,MUWAWF1,57.889589999999984,95.412483,37.52289300000001
VNI-lower-20260503T0930,MUWAWF2,0.0,0.0,-0.0
VNI-lower-20260503T0930,RESS1,0.0,0.0,-0.0
VNI-lower-20260503T0930,RIVNB2,32.63,32.63,-0.0
VNI-lower-20260503T0930,SNOWYP,150.92000000000002,150.92000000000002,-0.0
VNI-lower-20260503T0930,STWF1,30.2474,36.78383,6.536430000000002
VNI-lower-20260503T0930,SUNRSF1,-12.097195999999999,16.464595999999997,28.561791999999997
VNI-lower-20260503T0930,TUMUT3,0.0,0.0,-0.0
VNI-lower-20260503T0930,UPPTUMUT,0.0,0.0,-0.0
VNI-lower-20260503T0930,URANQ11,0.0,0.0,-0.0
VNI-lower-20260503T0930,URANQ12,0.0,0.0,-0.0
VNI-lower-20260503T0930,URANQ13,0.0,0.0,-0.0
VNI-lower-20260503T0930,URANQ14,0.0,0.0,-0.0
VNI-lower-20260603T1715,ARWF1,206.05302849056602,376.92889471698106,170.87586622641507
VNI-lower-20260603T1715,BALB1,-145.1069182389937,264.3018867924528,409.4088050314465
VNI-lower-20260603T1715,BANN1,0.0,0.0,-0.0
VNI-lower-20260603T1715,BHB1,-33.77358490566038,0.0,33.77358490566038
VNI-lower-20260603T1715,BROKENH1,-5.1786163522012565,4.50314465408805,9.681761006289307
VNI-lower-20260603T1715,BRYB1WF1,3.601704402515678,13.390251572326825,9.788547169811146
VNI-lower-20260603T1715,BRYB2WF2,2.951320754717015,9.531672955974841,6.580352201257826
VNI-lower-20260603T1715,BULBES1,-35.880503144654085,189.65408805031447,225.53459119496856
VNI-lower-20260603T1715,BULGANA1,0.0,0.0,-0.0
VNI-lower-20260603T1715,COHUNSF1,0.0,0.0,-0.0
VNI-lower-20260603T1715,CROWLWF1,0.0,0.0,-0.0
VNI-lower-20260603T1715,CRWARP1,-25.26314465408805,14.061886792452832,39.32503144654088
VNI-lower-20260603T1715,DUNDWF1,0.0,0.0,-0.0
VNI-lower-20260603T1715,DUNDWF2,0.0,0.0,-0.0
VNI-lower-20260603T1715,DUNDWF3,0.0,0.0,-0.0
VNI-lower-20260603T1715,ELAINWF1,-3.8100628930817946,3.204555974842775,7.01461886792457
VNI-lower-20260603T1715,GANNB1,0.0,0.0,-0.0
VNI-lower-20260603T1715,GANNSF1,0.0,0.0,-0.0
VNI-lower-20260603T1715,GIRGSF,-0.058817106918239,0.0,0.058817106918239
VNI-lower-20260603T1715,GLENSF1,-0.6189162264150943,0.0,0.6189162264150943
VNI-lower-20260603T1715,GLRWNSF1,0.0,0.0,-0.0
VNI-lower-20260603T1715,GOESF1,0.0,0.17962264150943394,0.17962264150943394
VNI-lower-20260603T1715,GPWFEST1,501.88679245283015,501.88679245283015,-0.0
VNI-lower-20260603T1715,GPWFEST2,604.6301886792453,604.6301886792454,-0.0
VNI-lower-20260603T1715,GPWFEST3,573.5849056603773,573.5849056603773,-0.0
VNI-lower-20260603T1715,GPWFWST1,-129.67891949685537,0.0,129.67891949685537
VNI-lower-20260603T1715,GPWFWST2,0.0,0.0,-0.0
VNI-lower-20260603T1715,HD1WF1,0.0,0.0,-0.0
VNI-lower-20260603T1715,HUMEV,0.0,0.0,-0.0
VNI-lower-20260603T1715,KARSF1,-9.587942012578615,1.8449789937106917,11.432921006289305
VNI-lower-20260603T1715,KERNGSP1,0.0,0.0,-0.0
VNI-lower-20260603T1715,KESSB1,0.0,660.597573899371,660.597573899371
VNI-lower-20260603T1715,KIAMSF1,-19.249507169811316,0.0,19.249507169811316
VNI-lower-20260603T1715,KIATAWF1,0.0,0.0,-0.0
VNI-lower-20260603T1715,LANCSF1,0.0,0.0,-0.0
VNI-lower-20260603T1715,LIMBESS1,-54.52830188679246,105.84905660377359,160.37735849056605
VNI-lower-20260603T1715,LIMOSF11,0.0,0.0,-0.0
VNI-lower-20260603T1715,LIMOSF21,0.0,0.0,-0.0
VNI-lower-20260603T1715,LNGS1,0.0,0.0,-0.0
VNI-lower-20260603T1715,LNGS2,0.0,0.0,-0.0
VNI-lower-20260603T1715,MACARTH1,48.516830188679236,100.94128301886789,52.42445283018866
VNI-lower-20260603T1715,MERCER01,-9.531018867924477,68.58113207547156,78.11215094339602
VNI-lower-20260603T1715,MLB01,0.0,0.0,-0.0
VNI-lower-20260603T1715,MOKOSF1,0.0,0.0,-0.0
VNI-lower-20260603T1715,MOORAWF1,-24.64043874213815,40.50706465408854,65.1475033962267
VNI-lower-20260603T1715,MORTLK11,0.0,0.0,-0.0
VNI-lower-20260603T1715,MORTLK12,0.0,0.0,-0.0
VNI-lower-20260603T1715,MREHA1,0.0,0.0,-0.0
VNI-lower-20260603T1715,MREHA2,0.0,0.0,-0.0
VNI-lower-20260603T1715,MREHA3,0.0,0.0,-0.0
VNI-lower-20260603T1715,MRTLSWF1,13.771871194968616,58.63612490566041,44.864253710691784
VNI-lower-20260603T1715,MTGELWF1,-0.11662924528305456,3.52393207547171,3.640561320754764
VNI-lower-20260603T1715,MURRAY,0.0,0.0,-0.0
VNI-lower-20260603T1715,MUWAWF1,0.0,0.0,-0.0
VNI-lower-20260603T1715,MUWAWF2,0.0,0.0,-0.0
VNI-lower-20260603T1715,NPS,0.0,0.0,-0.0
VNI-lower-20260603T1715,NUMURSF1,0.0,0.0,-0.0
VNI-lower-20260603T1715,OAKLAND1,-6.031446540880498,37.278647798742135,43.31009433962264
VNI-lower-20260603T1715,RYANCWF1,0.0,0.0,-0.0
VNI-lower-20260603T1715,SALTCRK1,-2.59783018867925,19.33983333333334,21.937663522012592
VNI-lower-20260603T1715,STOCKYD1,-21.408246226415066,63.53781245283021,84.94605867924527
VNI-lower-20260603T1715,STWF1,0.0,0.0,-0.0
VNI-lower-20260603T1715,SUNRSF1,-2.478551886792453,0.0,2.478551886792453
VNI-lower-20260603T1715,TRGBESS1,0.0,0.0,-0.0
VNI-lower-20260603T1715,VBB1,210.3716352201258,1926.645786163522,1716.274150943396
VNI-lower-20260603T1715,WEMENSF1,0.0,0.0,-0.0
VNI-lower-20260603T1715,WINTSF1,0.0,0.0,-0.0
VNI-lower-20260603T1715,WUNUSF1,0.0,0.0,-0.0
VNI-lower-20260603T1715,YATSF1,0.0,2.671616352201258,2.671616352201258
VNI-lower-20260603T1715,YENDWF1,3.909049433962252,149.41545698113202,145.50640754716977
VNI-lower-20260622T0635,BHB1,0.0,0.0,-0.0
VNI-lower-20260622T0635,BROKENH1,0.0,3.5892999999999997,3.5892999999999997
VNI-lower-20260622T0635,COLEASF1,-4.525458,0.06909160000000003,4.594549600000001
VNI-lower-20260622T0635,DARLSF1,-10.0976336,0.0,10.0976336
VNI-lower-20260622T0635,DPNTB1,-2.053668199999999,21.0977368,23.151404999999997
VNI-lower-20260622T0635,FINLYSF1,-2.1556374000000003,0.4698206,2.625458
VNI-lower-20260622T0635,LIMOSF11,0.0,0.0,-0.0
VNI-lower-20260622T0635,LIMOSF21,-1.1742000000000001,0.16796000000000005,1.34216
VNI-lower-20260622T0635,MCKAY1,53.89999999999999,53.89999999999999,-0.0
VNI-lower-20260622T0635,MURRAY,338.09999999999997,340.515,2.415
VNI-lower-20260622T0635,RESS1,-22.0395136,1.9004864000000006,23.94
VNI-lower-20260622T0635,RIVNB2,45.4928742,70.1928742,24.7
VNI-lower-20260622T0635,SNOWYP,0.0,0.0,-0.0
VNI-lower-20260622T0635,STWF1,6.755749,21.12539,14.369641000000001
VNI-lower-20260622T0635,SUNRSF1,-4.4563626,0.0,4.4563626
VNI-lower-20260622T0635,TUMUT3,0.0,0.0,-0.0
VNI-lower-20260622T0635,UPPTUMUT,212.99587322,449.0922891,236.09641588
VNI-lower-20260622T0635,URANQ11,0.0,0.0,-0.0
VNI-lower-20260622T0635,URANQ12,0.0,0.0,-0.0
VNI-lower-20260622T0635,URANQ13,-13.260373169999996,0.491,13.751373169999995
VNI-lower-20260622T0635,URANQ14,-55.58706745,27.88293255,83.47
VNI-lower-20260714T1510,ARWF1,-301.9832830188679,605.7668530188678,907.7501360377355
VNI-lower-20260714T1510,BALB1,8.881784197001252e-16,41.459119496855344,41.459119496855344
VNI-lower-20260714T1510,BANN1,-96.25224603773584,170.37827949685536,266.6305255345912
VNI-lower-20260714T1510,BHB1,1.4299999999999997,12.687861635220125,11.257861635220126
VNI-lower-20260714T1510,BROKENH1,-35.45197050314464,191.64294018867926,227.0949106918239
VNI-lower-20260714T1510,BRYB1WF1,-62.5843962264152,206.8383962264151,269.42279245283027
VNI-lower-20260714T1510,BRYB2WF2,-67.33383647798746,106.48255974842769,173.81639622641515
VNI-lower-20260714T1510,BULBES1,71.76100628930817,343.4276729559748,271.6666666666667
VNI-lower-20260714T1510,BULGANA1,-260.23119150943404,161.69430849056604,421.92550000000006
VNI-lower-20260714T1510,COHUNSF1,0.0,0.0,-0.0
VNI-lower-20260714T1510,COLEASF1,16.409091599999996,16.409091599999996,-0.0
VNI-lower-20260714T1510,CROWLWF1,612.0731194968554,1182.3232411320753,570.25012163522
VNI-lower-20260714T1510,CRWARP1,6.744880503144714,702.3085283018869,695.5636477987422
VNI-lower-20260714T1510,DARLSF1,-0.6424279999999847,5.216526000000011,5.858953999999995
VNI-lower-20260714T1510,DPNTB1,0.0,0.0,-0.0
VNI-lower-20260714T1510,DUNDWF1,0.0,0.0,-0.0
VNI-lower-20260714T1510,DUNDWF2,0.0,0.0,-0.0
VNI-lower-20260714T1510,DUNDWF3,0.0,0.0,-0.0
VNI-lower-20260714T1510,ELAINWF1,487.38658641509437,874.0186387421386,386.6320523270441
VNI-lower-20260714T1510,FINLYSF1,0.3834541999999992,3.098725199999999,2.715271
VNI-lower-20260714T1510,GANNB1,18.176100628930815,18.176100628930815,-0.0
VNI-lower-20260714T1510,GANNSF1,-79.69994742138364,139.654251572327,219.3541989937107
VNI-lower-20260714T1510,GIRGSF,91.28699987421385,324.0027056603774,232.71570578616357
VNI-lower-20260714T1510,GLENSF1,-158.06427572327044,169.58721610062895,327.65149182389933
VNI-lower-20260714T1510,GLRWNSF1,-139.81069182389933,120.13522012578616,259.9459119496855
VNI-lower-20260714T1510,GOESF1,90.76075471698113,994.1126188679244,903.3518641509434
VNI-lower-20260714T1510,GPWFEST1,573.5849056603774,1217.024303144654,643.4393974842767
VNI-lower-20260714T1510,GPWFEST2,573.2216352201258,1355.4547421383647,782.2331069182388
VNI-lower-20260714T1510,GPWFEST3,-185.61207547169806,1033.3760628930818,1218.9881383647796
VNI-lower-20260714T1510,GPWFWST1,83.63235974842765,512.3355974842767,428.7032377358491
VNI-lower-20260714T1510,GPWFWST2,96.92277610062894,239.05106918238994,142.128293081761
VNI-lower-20260714T1510,HD1WF1,214.94339622641508,635.8726037735848,420.92920754716977
VNI-lower-20260714T1510,HUMEV,0.0,0.0,-0.0
VNI-lower-20260714T1510,KARSF1,-48.93775672955974,269.3084436477987,318.2462003773585
VNI-lower-20260714T1510,KERNGSP1,25.86095597484276,82.24322012578615,56.38226415094339
VNI-lower-20260714T1510,KESSB1,14.465408805031446,39.77987421383648,25.31446540880503
VNI-lower-20260714T1510,KIAMSF1,-366.28064150943385,623.7215220125786,990.0021635220126
VNI-lower-20260714T1510,KIATAWF1,-36.6171823899371,43.479647798742135,80.09683018867923
VNI-lower-20260714T1510,LANCSF1,3.535792830188679,3.535792830188679,-0.0
VNI-lower-20260714T1510,LIMBESS1,93.01886792452831,99.43396226415095,6.415094339622642
VNI-lower-20260714T1510,LIMOSF11,-176.98949509433962,92.6179245283019,269.6074196226415
VNI-lower-20260714T1510,LIMOSF21,-11.294355094339618,23.8171320754717,35.11148716981132
VNI-lower-20260714T1510,LNGS1,0.0,0.0,-0.0
VNI-lower-20260714T1510,LNGS2,0.0,0.0,-0.0
VNI-lower-20260714T1510,MACARTH1,-137.66037735849048,195.31109433962266,332.97147169811313
VNI-lower-20260714T1510,MCKAY1,0.0,0.0,-0.0
VNI-lower-20260714T1510,MERCER01,786.4055977358491,1349.0240447798742,562.6184470440252
VNI-lower-20260714T1510,MLB01,-720.7547169811321,0.0,720.7547169811321
VNI-lower-20260714T1510,MOKOSF1,2.310691823899372,97.06566037735848,94.75496855345912
VNI-lower-20260714T1510,MOORAWF1,-432.18715723270435,689.8281235220128,1122.0152807547174
VNI-lower-20260714T1510,MORTLK11,0.0,0.0,-0.0
VNI-lower-20260714T1510,MORTLK12,0.0,0.0,-0.0
VNI-lower-20260714T1510,MREHA1,112.10691823899371,155.9748427672956,43.867924528301884
VNI-lower-20260714T1510,MREHA2,120.88050314465409,183.27044025157232,62.38993710691825
VNI-lower-20260714T1510,MREHA3,-1.4210854715202004e-14,195.68020817610062,195.68020817610062
VNI-lower-20260714T1510,MRTLSWF1,-224.83149987421368,175.90958691823892,400.7410867924527
VNI-lower-20260714T1510,MTGELWF1,-0.10225283018868406,1.4611707547169934,1.5634235849056775
VNI-lower-20260714T1510,MURRAY,0.0,0.0,-0.0
VNI-lower-20260714T1510,MUWAWF1,940.1928301886792,1046.0929433962265,105.90011320754722
VNI-lower-20260714T1510,MUWAWF2,-29.396150943396233,77.94226415094342,107.33841509433965
VNI-lower-20260714T1510,NPS,0.0,0.0,-0.0
VNI-lower-20260714T1510,NUMURSF1,24.297899371069185,34.21323270440252,9.915333333333335
VNI-lower-20260714T1510,OAKLAND1,0.0,3.9290566037735815,3.9290566037735815
VNI-lower-20260714T1510,RESS1,3.04,3.04,-0.0
VNI-lower-20260714T1510,RIVNB2,0.0,0.0,-0.0
VNI-lower-20260714T1510,RYANCWF1,35.32558490566038,1045.9290566037735,1010.6034716981133
VNI-lower-20260714T1510,SALTCRK1,159.33660062893082,211.2587389937107,51.92213836477988
VNI-lower-20260714T1510,SNOWYP,0.0,0.0,-0.0
VNI-lower-20260714T1510,STOCKYD1,-435.54352867924536,152.4559518867922,587.9994805660376
VNI-lower-20260714T1510,STWF1,57.210396276729554,163.85014322955973,106.63974695283018
VNI-lower-20260714T1510,SUNRSF1,-167.6315600679245,56.15505840000005,223.7866184679246
VNI-lower-20260714T1510,TRGBESS1,0.0,0.0,-0.0
VNI-lower-20260714T1510,TUMUT3,0.0,0.0,-0.0
VNI-lower-20260714T1510,UPPTUMUT,0.0,0.0,-0.0
VNI-lower-20260714T1510,URANQ11,0.0,0.0,-0.0
VNI-lower-20260714T1510,URANQ12,0.0,0.0,-0.0
VNI-lower-20260714T1510,URANQ13,0.0,0.0,-0.0
VNI-lower-20260714T1510,URANQ14,0.0,0.0,-0.0
VNI-lower-20260714T1510,VBB1,150.94339622641508,1081.2395597484276,930.2961635220124
VNI-lower-20260714T1510,WEMENSF1,-264.9483825157233,179.0495295597484,443.99791207547173
VNI-lower-20260714T1510,WINTSF1,-108.28427672955974,47.11320754716981,155.39748427672956
VNI-lower-20260714T1510,WUNUSF1,14.756729559748425,107.68740880503145,92.93067924528305
VNI-lower-20260714T1510,YATSF1,94.57788050314468,282.16301056603777,187.58513006289306
VNI-lower-20260714T1510,YENDWF1,-131.6271701886793,468.9578241509432,600.5849943396225
VNI-lower-20260810T1610,ARWF1,512.9218120754715,898.2270764150942,385.3052643396226
VNI-lower-20260810T1610,BALB1,0.0,0.0,-0.0
VNI-lower-20260810T1610,BANN1,30.995343773584903,94.25656113207548,63.261217358490555
VNI-lower-20260810T1610,BHB1,-2.251572327044025,6.754716981132075,9.0062893081761
VNI-lower-20260810T1610,BROKENH1,-7.740905660377361,22.493207547169806,30.234113207547168
VNI-lower-20260810T1610,BRYB1WF1,-72.12153459119494,110.95326415094347,183.07479874213843
VNI-lower-20260810T1610,BRYB2WF2,-65.08208805031447,21.35881761006282,86.4409056603773
VNI-lower-20260810T1610,BULBES1,7.105427357601002e-15,235.78616352201257,235.78616352201257
VNI-lower-20260810T1610,BULGANA1,-104.0322383647799,14.51453490566039,118.5467732704403
VNI-lower-20260810T1610,COHUNSF1,-4.64217610062893,2.0575345911949676,6.699710691823897
VNI-lower-20260810T1610,CROWLWF1,-97.87935220125783,3.806100628930838,101.68545283018865
VNI-lower-20260810T1610,CRWARP1,16.760528301886808,566.5458364779875,549.7853081761007
VNI-lower-20260810T1610,DUNDWF1,0.0,0.0,-0.0
VNI-lower-20260810T1610,DUNDWF2,0.0,0.0,-0.0
VNI-lower-20260810T1610,DUNDWF3,0.0,0.0,-0.0
VNI-lower-20260810T1610,ELAINWF1,-74.33755094339621,129.54243144654092,203.8799823899371
VNI-lower-20260810T1610,GANNB1,0.0,0.0,-0.0
VNI-lower-20260810T1610,GANNSF1,-17.99797484276729,12.479710691823897,30.47768553459119
VNI-lower-20260810T1610,GIRGSF,29.05409471698114,310.17108666666667,281.11699194968554
VNI-lower-20260810T1610,GLENSF1,-12.054299371069181,2.641467169811321,14.695766540880502
VNI-lower-20260810T1610,GLRWNSF1,-11.567295597484275,10.11446540880503,21.681761006289303
VNI-lower-20260810T1610,GOESF1,-7.400754716981126,28.801509433962266,36.20226415094339
VNI-lower-20260810T1610,GPWFEST1,-100.68996226415094,407.55136226415084,508.24132452830185
VNI-lower-20260810T1610,GPWFEST2,-24.40269182389931,544.6869572327045,569.0896490566038
VNI-lower-20260810T1610,GPWFEST3,-77.5202389937107,84.86833962264147,162.38857861635216
VNI-lower-20260810T1610,GPWFWST1,-35.61962264150944,272.91652578616356,308.53614842767297
VNI-lower-20260810T1610,GPWFWST2,126.68817610062891,309.48351949685525,182.79534339622634
VNI-lower-20260810T1610,HD1WF1,-9.723169811320787,78.32875471698111,88.0519245283019
VNI-lower-20260810T1610,HUMEV,0.0,0.0,-0.0
VNI-lower-20260810T1610,KARSF1,-86.1099213207547,255.17399616352202,341.28391748427674
VNI-lower-20260810T1610,KERNGSP1,29.925132075471694,81.29806289308175,51.372930817610055
VNI-lower-20260810T1610,KESSB1,21.698113207547166,65.09433962264151,43.39622641509434
VNI-lower-20260810T1610,KIAMSF1,331.3032830188679,667.6463144654086,336.3430314465408
VNI-lower-20260810T1610,KIATAWF1,0.0,4.52654088050314,4.52654088050314
VNI-lower-20260810T1610,LANCSF1,-14.143153836477987,6.60013962264151,20.7432934591195
VNI-lower-20260810T1610,LIMBESS1,0.0,160.37735849056605,160.37735849056605
VNI-lower-20260810T1610,LIMOSF11,28.27132075471698,92.34207547169812,64.07075471698114
VNI-lower-20260810T1610,LIMOSF21,6.670094339622642,16.579811320754718,9.909716981132075
VNI-lower-20260810T1610,LNGS1,0.0,0.0,-0.0
VNI-lower-20260810T1610,LNGS2,0.0,0.0,-0.0
VNI-lower-20260810T1610,MACARTH1,-115.89313207547168,31.719849056603877,147.61298113207556
VNI-lower-20260810T1610,MERCER01,-119.57735849056601,144.16258062893078,263.7399391194968
VNI-lower-20260810T1610,MLB01,0.0,0.0,-0.0
VNI-lower-20260810T1610,MOKOSF1,-5.367169811320754,2.536226415094339,7.903396226415094
VNI-lower-20260810T1610,MOORAWF1,161.26419446540865,425.660167798742,264.39597333333336
VNI-lower-20260810T1610,MORTLK11,0.0,0.0,-0.0
VNI-lower-20260810T1610,MORTLK12,0.0,0.0,-0.0
VNI-lower-20260810T1610,MREHA1,1.949685534591195,16.572327044025158,14.622641509433961
VNI-lower-20260810T1610,MREHA2,73.11320754716981,73.11320754716982,-0.0
VNI-lower-20260810T1610,MREHA3,0.0,0.0,-0.0
VNI-lower-20260810T1610,MRTLSWF1,25.719748427672922,173.81911949685536,148.09937106918244
VNI-lower-20260810T1610,MTGELWF1,0.0,5.755188679245304,5.755188679245304
VNI-lower-20260810T1610,MURRAY,0.0,0.0,-0.0
VNI-lower-20260810T1610,MUWAWF1,-28.91671698113207,153.2316603773586,182.14837735849065
VNI-lower-20260810T1610,MUWAWF2,-233.94423094339615,93.44533207547174,327.3895630188679
VNI-lower-20260810T1610,NPS,0.0,0.0,-0.0
VNI-lower-20260810T1610,NUMURSF1,3.6629559748427676,20.162867924528303,16.499911949685536
VNI-lower-20260810T1610,OAKLAND1,-52.58990566037737,47.95861635220129,100.54852201257866
VNI-lower-20260810T1610,PLBESS1,0.0,0.0,-0.0
VNI-lower-20260810T1610,RYANCWF1,-46.005132075471714,29.089811320754755,75.09494339622647
VNI-lower-20260810T1610,SALTCRK1,3.7175251572327177,80.99672641509441,77.27920125786169
VNI-lower-20260810T1610,STOCKYD1,-105.07213207547181,0.0,105.07213207547181
VNI-lower-20260810T1610,STWF1,-37.71090943396226,32.026815094339646,69.73772452830191
VNI-lower-20260810T1610,SUNRSF1,57.98764150943397,73.8890566037736,15.901415094339633
VNI-lower-20260810T1610,TRGBESS1,0.0,0.0,-0.0
VNI-lower-20260810T1610,VBB1,847.4523899371069,1993.7106918238992,1146.2583018867924
VNI-lower-20260810T1610,WEMENSF1,27.744059622641508,261.2860646540881,233.5420050314466
VNI-lower-20260810T1610,WINTSF1,-7.333333333333333,11.470440251572326,18.80377358490566
VNI-lower-20260810T1610,WUNUSF1,-0.43361006289308146,19.449509433962263,19.883119496855347
VNI-lower-20260810T1610,YATSF1,20.374817610062877,30.249484276729554,9.874666666666679
VNI-lower-20260810T1610,YENDWF1,120.57168377358497,153.39481584905667,32.82313207547171
VNI-upper-20240908T1800,AVLSF1,-1.8764408163265305,0.0,1.8764408163265305
VNI-upper-20240908T1800,BANGOWF1,-1.7188918367346917,0.0,1.7188918367346917
VNI-upper-20240908T1800,BANGOWF2,-2.5744897959183723,3.26516326530612,5.839653061224492
VNI-upper-20240908T1800,BHB1,0.0,49.655159714285716,49.655159714285716
VNI-upper-20240908T1800,BLOWERNG,0.0,0.0,-0.0
VNI-upper-20240908T1800,BOCORWF1,0.23921428571428527,0.9055969387755063,0.6663826530612211
VNI-upper-20240908T1800,BOMENSF1,-0.21595367346938776,0.0,0.21595367346938776
VNI-upper-20240908T1800,BROKENH1,-5.757119387755102,0.0,5.757119387755102
VNI-upper-20240908T1800,CAPBES1G,0.0,0.0,-0.0
VNI-upper-20240908T1800,CAPBES1L,0.0,0.0,-0.0
VNI-upper-20240908T1800,COLEASF1,-1.1769862857142857,0.0,1.1769862857142857
VNI-upper-20240908T1800,COLWF01,-5.970085714285739,5.083600000000001,11.053685714285738
VNI-upper-20240908T1800,CROOKWF2,0.0,0.0,-0.0
VNI-upper-20240908T1800,CROOKWF3,0.08775510204081573,0.08775510204081573,-0.0
VNI-upper-20240908T1800,CRWASF1,-0.09878666326530612,0.0,0.09878666326530612
VNI-upper-20240908T1800,DARLSF1,-3.694857142857143,0.0,3.694857142857143
VNI-upper-20240908T1800,DPNTB1,-14.923469387755102,24.872448979591837,39.79591836734694
VNI-upper-20240908T1800,FINLYSF1,-0.3256002551020408,0.0,0.3256002551020408
VNI-upper-20240908T1800,GOONSF1,-0.05871428571428572,0.0,0.05871428571428572
VNI-upper-20240908T1800,GULLRSF1,0.0,0.0,-0.0
VNI-upper-20240908T1800,GULLRWF1,14.960834693877555,19.648379591836747,4.687544897959192
VNI-upper-20240908T1800,GULLRWF2,-15.031886183673462,0.8234314693877616,15.855317653061224
VNI-upper-20240908T1800,GUNNING1,1.357159183673469,1.6831061224489712,0.3259469387755023
VNI-upper-20240908T1800,GUTHEGA,0.0,0.0,-0.0
VNI-upper-20240908T1800,HILLSTN1,-2.435020408163265,0.0,2.435020408163265
VNI-upper-20240908T1800,HUMENSW,0.0,0.0,-0.0
VNI-upper-20240908T1800,JEMALNG1,-0.07805865306122461,1.1642665918367345,1.2423252448979591
VNI-upper-20240908T1800,JUNEESF1,-0.03238612244897959,0.0,0.03238612244897959
VNI-upper-20240908T1800,LIMOSF11,-11.77691632653061,0.019959183673469386,11.79687551020408
VNI-upper-20240908T1800,LIMOSF21,-2.6817857755102037,0.0,2.6817857755102037
VNI-upper-20240908T1800,MANSLR1,0.0,0.0,-0.0
VNI-upper-20240908T1800,MOLNGSF1,-0.01282857142857143,0.0,0.01282857142857143
VNI-upper-20240908T1800,PARSF1,-0.13979591836734695,0.0,0.13979591836734695
VNI-upper-20240908T1800,QBYNB1,7.035714285714286,13.066326530612244,6.030612244897959
VNI-upper-20240908T1800,RESS1G,0.0,0.0,-0.0
VNI-upper-20240908T1800,RESS1L,0.0,0.0,-0.0
VNI-upper-20240908T1800,RIVNB2,0.0,129.3354612244898,129.3354612244898
VNI-upper-20240908T1800,RYEPARK1,-6.0506173469388,151.6323094897959,157.68292683673468
VNI-upper-20240908T1800,SEBSF1,-1.4451020408163264,0.0,1.4451020408163264
VNI-upper-20240908T1800,SHGEN,0.0,0.0,-0.0
VNI-upper-20240908T1800,SHPUMP,0.0,0.0,-0.0
VNI-upper-20240908T1800,SNOWYP,0.0,0.0,-0.0
VNI-upper-20240908T1800,STWF1,2.092762346938778,8.181642857142869,6.08888051020409
VNI-upper-20240908T1800,SUNRSF1,-14.152867530612246,0.0,14.152867530612244
VNI-upper-20240908T1800,SUNTPSF1,-0.01579591836734694,0.0,0.01579591836734694
VNI-upper-20240908T1800,TUMUT3,1604.8979591836733,1604.8979591836733,-0.0
VNI-upper-20240908T1800,UPPTUMUT,40.12244897959183,50.15306122448979,10.03061224489796
VNI-upper-20240908T1800,URANQ11,0.0,0.0,-0.0
VNI-upper-20240908T1800,URANQ12,0.0,0.0,-0.0
VNI-upper-20240908T1800,URANQ13,0.0,0.0,-0.0
VNI-upper-20240908T1800,URANQ14,45.341112122448976,45.341112122448976,-0.0
VNI-upper-20240908T1800,WAGGNSF1,-0.12236846938775511,0.17151183673469386,0.293880306122449
VNI-upper-20240908T1800,WOODLWN1,0.0,0.0482448979591855,0.0482448979591855
VNI-upper-20240908T1800,WSTWYSF1,0.0,0.0,-0.0
VNI-upper-20240908T1800,WYASF1,-0.17005683673469385,0.0,0.17005683673469385
VNI-upper-20240929T1720,ARWF1,-7.027794557097124,0.0,7.027794557097124
VNI-upper-20240929T1720,AVLSF1,19.71720544181608,22.54819370222163,2.830988260405552
VNI-upper-20240929T1720,BANGOWF1,-4.440892098500626e-16,5.30200814663951,5.302008146639511
VNI-upper-20240929T1720,BANGOWF2,-4.654810590631364,1.889629327902242,6.544439918533605
VNI-upper-20240929T1720,BANN1,-30.044823906083245,0.0,30.044823906083245
VNI-upper-20240929T1720,BHB1,0.0,0.0,-0.0
VNI-upper-20240929T1720,BLOWERNG,0.0,0.0,-0.0
VNI-upper-20240929T1720,BOCORWF1,17.6224032586558,34.53103869653768,16.908635437881877
VNI-upper-20240929T1720,BOMENSF1,-0.9561558044806517,0.0,0.9561558044806517
VNI-upper-20240929T1720,BROKENH1,-40.60738087387271,4.592268709774881,45.19964958364759
VNI-upper-20240929T1720,BULBES1,0.0,0.0,-0.0
VNI-upper-20240929T1720,BULBESG1,0.0,0.0,-0.0
VNI-upper-20240929T1720,BULBESL1,0.0,0.0,-0.0
VNI-upper-20240929T1720,BULGANA1,22.49327641408751,22.49327641408751,-0.0
VNI-upper-20240929T1720,CAPBES1,50.407331975560076,50.407331975560076,-0.0
VNI-upper-20240929T1720,CAPBES1G,0.0,0.0,-0.0
VNI-upper-20240929T1720,CAPBES1L,0.0,0.0,-0.0
VNI-upper-20240929T1720,COHUNSF1,0.0,0.0,-0.0
VNI-upper-20240929T1720,COLEASF1,13.846924297982687,14.084950774561099,0.23802647657841153
VNI-upper-20240929T1720,COLWF01,1.289852342158856,16.487413441955187,15.19756109979633
VNI-upper-20240929T1720,CROOKWF2,-5.788187372708758,1.6680244399185333,7.456211812627291
VNI-upper-20240929T1720,CROOKWF3,-1.6680244399185329,0.5386965376782085,2.2067209775967416
VNI-upper-20240929T1720,CROWLWF1,3.3719850586979696,3.3719850586979696,-0.0
VNI-upper-20240929T1720,CRWASF1,-0.29808655804480655,0.0,0.29808655804480655
VNI-upper-20240929T1720,DARLSF1,3.146154057995902,19.062564587331845,15.916410529335943
VNI-upper-20240929T1720,DPNTB1,0.0,0.0,-0.0
VNI-upper-20240929T1720,FINLYSF1,-0.01591853360488804,1.7599928716904276,1.7759114052953155
VNI-upper-20240929T1720,GANNB1,0.0,0.0,-0.0
VNI-upper-20240929T1720,GANNSF1,-6.716542155816435,0.04354322305228976,6.760085378868725
VNI-upper-20240929T1720,GOONSF1,-0.1730651731160896,0.09857433808553971,0.2716395112016293
VNI-upper-20240929T1720,GULLRSF1,0.023374745417515275,0.02743991853360489,0.004065173116089614
VNI-upper-20240929T1720,GULLRWF1,1.7663177189409365,7.137427698574335,5.371109979633398
VNI-upper-20240929T1720,GULLRWF2,4.637773075356415,4.637773075356414,-0.0
VNI-upper-20240929T1720,GUNNING1,3.7039674134419562,3.7039674134419562,-0.0
VNI-upper-20240929T1720,GUTHEGA,0.0,0.0,-0.0
VNI-upper-20240929T1720,HILLSTN1,-4.2923902496810245,0.7768228105906312,5.069213060271656
VNI-upper-20240929T1720,HUMENSW,0.0,0.0,-0.0
VNI-upper-20240929T1720,JEMALNG1,-0.9592240325865581,0.2009877800407332,1.1602118126272913
VNI-upper-20240929T1720,JUNEESF1,-0.8481547861507128,0.13673523421588596,0.9848900203665988
VNI-upper-20240929T1720,KARSF1,-2.646702241195309,0.0,2.646702241195309
VNI-upper-20240929T1720,KIAMSF1,-171.36747065101383,0.0,171.36747065101383
VNI-upper-20240929T1720,KIATAWF1,1.2181696905015944,2.988874066168619,1.7707043756670247
VNI-upper-20240929T1720,LIMOSF11,698.1797718158442,786.4127046060682,88.23293279022403
VNI-upper-20240929T1720,LIMOSF21,83.10683896041228,92.07952735145096,8.972688391038698
VNI-upper-20240929T1720,MANSLR1,0.0,0.0,-0.0
VNI-upper-20240929T1720,MOLNGSF1,-0.0225040733197556,0.0,0.022504073319755603
VNI-upper-20240929T1720,MURRAY,-143.1163287086446,0.0,143.1163287086446
VNI-upper-20240929T1720,MUWAWF1,25.301045891141953,25.301045891141953,-0.0
VNI-upper-20240929T1720,MUWAWF2,-117.13447171824973,0.0,117.13447171824973
VNI-upper-20240929T1720,PARSF1,-0.18762729124236252,0.0,0.18762729124236252
VNI-upper-20240929T1720,QBYNB1,0.0,0.0,-0.0
VNI-upper-20240929T1720,RESS1G,-32.62241369191879,47.80448065173116,80.42689434364995
VNI-upper-20240929T1720,RESS1L,0.0,0.0,-0.0
VNI-upper-20240929T1720,RIVNB2,0.0,0.0,-0.0
VNI-upper-20240929T1720,RYEPARK1,43.50631283095723,73.52442942973524,30.018116598778015
VNI-upper-20240929T1720,SEBSF1,-0.6143177189409368,0.7579887983706722,1.3723065173116091
VNI-upper-20240929T1720,SNOWYP,0.0,0.0,-0.0
VNI-upper-20240929T1720,STWF1,135.51747858518434,146.49768571349392,10.980207128309571
VNI-upper-20240929T1720,SUNRSF1,460.9501703447541,537.4859748254058,76.53580448065173
VNI-upper-20240929T1720,SUNTPSF1,0.0,0.1454080448065173,0.1454080448065173
VNI-upper-20240929T1720,TUMUT3,-245.74847250509168,93.28411405295317,339.03258655804484
VNI-upper-20240929T1720,UPPTUMUT,114.73846726069246,114.73846726069246,-0.0
VNI-upper-20240929T1720,URANQ11,0.0,0.0,-0.0
VNI-upper-20240929T1720,URANQ12,0.0,0.0,-0.0
VNI-upper-20240929T1720,URANQ13,0.0,0.0,-0.0
VNI-upper-20240929T1720,URANQ14,156.87372708757636,156.87372708757638,-0.0
VNI-upper-20240929T1720,WAGGNSF1,-0.7718604887983707,0.24572708757637476,1.0175875763747455
VNI-upper-20240929T1720,WEMENSF1,62.82230522945572,62.82230522945572,-0.0
VNI-upper-20240929T1720,WSTWYSF1,-1.6091160896130348,0.0,1.6091160896130348
VNI-upper-20240929T1720,WYASF1,-0.3378747454175146,0.15159775967413489,0.48947250509164947
VNI-upper-20240929T1720,YATSF1,106.46304162219852,123.39971184631804,16.936670224119524
VNI-upper-20241111T1735,AVLSF1,27.072060265577115,55.54050970377937,28.468449438202256
VNI-upper-20241111T1735,BANGOWF1,0.0,0.0,-0.0
VNI-upper-20241111T1735,BANGOWF2,0.0,0.0,-0.0
VNI-upper-20241111T1735,BHB1,0.0,0.0,-0.0
VNI-upper-20241111T1735,BLOWERNG,0.0,0.0,-0.0
VNI-upper-20241111T1735,BOCORWF1,-39.3201491317671,8.280909417773238,47.60105854954034
VNI-upper-20241111T1735,BOMENSF1,-42.46179775280899,0.0,42.461797752809
VNI-upper-20241111T1735,BROKENH1,-2.8370990806945855,13.211491317671094,16.048590398365675
VNI-upper-20241111T1735,CAPBES1,0.0,0.0,-0.0
VNI-upper-20241111T1735,COLEASF1,-13.671183094994891,1.0004456077630235,14.671628702757918
VNI-upper-20241111T1735,COLWF01,3.0702870275791643,22.863343207354443,19.79305617977528
VNI-upper-20241111T1735,CROOKWF2,4.928498467824311,4.94994892747702,0.021450459652707653
VNI-upper-20241111T1735,CROOKWF3,0.0,0.0,-0.0
VNI-upper-20241111T1735,CRWASF1,-7.186998815117466,4.346639427987744,11.533638243105209
VNI-upper-20241111T1735,DARLSF1,-56.49124106230848,8.360699693564863,64.85194075587334
VNI-upper-20241111T1735,DPNTB1,21.91011235955056,47.80388151174668,25.893769152196118
VNI-upper-20241111T1735,FINLYSF1,-11.973086516853932,8.084488518896835,20.057575035750766
VNI-upper-20241111T1735,GOONSF1,-1.083122839632278,0.0027987742594484197,1.0859216138917263
VNI-upper-20241111T1735,GULLRSF1,-0.10489376915219614,0.2953319713993871,0.4002257405515832
VNI-upper-20241111T1735,GULLRWF1,3.8352420837589376,10.679815117466804,6.844573033707866
VNI-upper-20241111T1735,GULLRWF2,10.110567834525023,12.405531481103164,2.2949636465781413
VNI-upper-20241111T1735,GUNNING1,4.200187946884576,4.200187946884576,-0.0
VNI-upper-20241111T1735,GUTHEGA,0.0,0.0,-0.0
VNI-upper-20241111T1735,HILLSTN1,-3.8741062308478034,2.5843973442288055,6.45850357507661
VNI-upper-20241111T1735,HUMENSW,0.0,0.0,-0.0
VNI-upper-20241111T1735,JEMALNG1,0.6290538304392235,1.9800065168539325,1.350952686414709
VNI-upper-20241111T1735,JUNEESF1,-8.19146475995914,14.082668028600612,22.27413278855975
VNI-upper-20241111T1735,LIMOSF11,-91.40378886619,36.21804865168539,127.62183751787539
VNI-upper-20241111T1735,LIMOSF21,-12.035362614913177,25.56313015321757,37.598492768130754
VNI-upper-20241111T1735,MANSLR1,-0.09854954034729316,0.059129724208375894,0.15767926455566905
VNI-upper-20241111T1735,MOLNGSF1,-0.10789836567926454,0.055556179775280906,0.16345454545454544
VNI-upper-20241111T1735,PARSF1,-0.6325229826353423,0.20431052093973445,0.8368335035750768
VNI-upper-20241111T1735,QBYNB1,1.0071501532175688,1.0071501532175688,-0.0
VNI-upper-20241111T1735,RESS1,-3.885780586188048e-15,59.75612665985699,59.756126659856996
VNI-upper-20241111T1735,RIVNB2,64.73378549540347,64.73506026557713,0.0012747701736549294
VNI-upper-20241111T1735,RYEPARK1,0.0,0.0,-0.0
VNI-upper-20241111T1735,SEBSF1,-16.470030643513788,27.659555669050054,44.129586312563845
VNI-upper-20241111T1735,SNOWYP,0.0,0.0,-0.0
VNI-upper-20241111T1735,STWF1,54.88687844739528,72.39667477017363,17.509796322778364
VNI-upper-20241111T1735,SUNRSF1,-47.44831935648621,64.68577286006129,112.1340922165475
VNI-upper-20241111T1735,SUNTPSF1,-0.4930255362614913,0.07133810010214503,0.5643636363636364
VNI-upper-20241111T1735,TUMUT3,1150.3282410623085,1164.5431675178754,14.214926455566886
VNI-upper-20241111T1735,UPPTUMUT,1.0040858018386107,2.0081716036772215,1.0040858018386107
VNI-upper-20241111T1735,URANQ11,0.0,0.0,-0.0
VNI-upper-20241111T1735,URANQ12,0.0,0.0,-0.0
VNI-upper-20241111T1735,URANQ13,0.0,0.0,-0.0
VNI-upper-20241111T1735,URANQ14,0.0,0.0,-0.0
VNI-upper-20241111T1735,WAGGNSF1,-15.14822160367722,2.801993656792648,17.950215260469864
VNI-upper-20241111T1735,WLWLSF1,0.0,0.0,-0.0
VNI-upper-20241111T1735,WLWLSF2,0.0,0.0,-0.0
VNI-upper-20241111T1735,WSTWYSF1,-11.842783452502553,3.6711144024514812,15.513897854954037
VNI-upper-20241111T1735,WYASF1,-8.199927425944841,0.8683091215526049,9.068236547497447
VNI-upper-20241117T1550,AVLSF1,95.12143411644536,95.12143411644536,-0.0
VNI-upper-20241117T1550,BANGOWF1,-6.920044943820225,0.0,6.920044943820225
VNI-upper-20241117T1550,BANGOWF2,-11.998617640449439,0.06885426966292266,12.06747191011236
VNI-upper-20241117T1550,BHB1,0.9989785495403473,0.9989785495403473,-0.0
VNI-upper-20241117T1550,BLOWERNG,0.0,0.0,-0.0
VNI-upper-20241117T1550,BOCORWF1,-0.0010071501532223778,0.0,0.0010071501532223778
VNI-upper-20241117T1550,BOMENSF1,0.6748555464759942,11.97640449438202,11.301548947906026
VNI-upper-20241117T1550,BROKENH1,-4.232672114402446,0.0,4.232672114402446
VNI-upper-20241117T1550,CAPBES1,0.0,0.0,-0.0
VNI-upper-20241117T1550,COLEASF1,-48.0259604187947,24.082978038815106,72.10893845760981
VNI-upper-20241117T1550,COLWF01,-7.845612870275792,11.335820224719102,19.181433094994894
VNI-upper-20241117T1550,CROOKWF2,-29.705822267620018,0.0,29.705822267620018
VNI-upper-20241117T1550,CROOKWF3,0.0,0.0,-0.0
VNI-upper-20241117T1550,CRWASF1,-10.388976670071502,1.6440366087844733,12.033013278855975
VNI-upper-20241117T1550,DARLSF1,38.68658580183859,54.11840577119509,15.431819969356503
VNI-upper-20241117T1550,DARTM1,0.0,0.0,-0.0
VNI-upper-20241117T1550,DPNTB1,0.0,0.0,-0.0
VNI-upper-20241117T1550,FINLYSF1,-26.93732802860061,1.7023211848825364,28.639649213483146
VNI-upper-20241117T1550,GOONSF1,-0.2267007150153218,0.0,0.2267007150153218
VNI-upper-20241117T1550,GULLRSF1,-0.01629417773237998,0.0,0.01629417773237998
VNI-upper-20241117T1550,GULLRWF1,-23.47176302349336,0.0,23.47176302349336
VNI-upper-20241117T1550,GULLRWF2,-16.715534984678243,0.0,16.715534984678243
VNI-upper-20241117T1550,GUNNING1,-4.2544514811031675,0.0,4.2544514811031675
VNI-upper-20241117T1550,GUTHEGA,3.0091930541368743,3.0091930541368743,-0.0
VNI-upper-20241117T1550,HILLSTN1,0.0,21.05860572012258,21.05860572012258
VNI-upper-20241117T1550,HUMENSW,0.0,0.0,-0.0
VNI-upper-20241117T1550,JEMALNG1,0.10215397344228805,0.11326478038815116,0.011110806945863125
VNI-upper-20241117T1550,JUNEESF1,-11.514174668028598,0.0,11.514174668028598
VNI-upper-20241117T1550,LIMOSF11,-3.465645536261479,2.957585577119536,6.423231113381015
VNI-upper-20241117T1550,LIMOSF21,0.007983656792644678,0.008981613891726591,0.0009979570990819142
VNI-upper-20241117T1550,MANSLR1,0.0,0.0,-0.0
VNI-upper-20241117T1550,MCKAY1,0.0,0.0,-0.0
VNI-upper-20241117T1550,MOLNGSF1,-0.06703472931562818,0.0018365679264555684,0.06887129724208375
VNI-upper-20241117T1550,MURRAY,0.0,0.0,-0.0
VNI-upper-20241117T1550,PARSF1,0.0,0.0,-0.0
VNI-upper-20241117T1550,QBYNB1,0.0,0.0,-0.0
VNI-upper-20241117T1550,RESS1,-59.7535771195097,0.0,59.7535771195097
VNI-upper-20241117T1550,RIVNB2,0.0,0.0,-0.0
VNI-upper-20241117T1550,RYEPARK1,-10.024718283963228,0.0,10.024718283963228
VNI-upper-20241117T1550,SEBSF1,25.254376915219613,25.254376915219616,-0.0
VNI-upper-20241117T1550,SNOWYP,0.0,0.0,-0.0
VNI-upper-20241117T1550,STWF1,12.396524616956075,12.396524616956075,-0.0
VNI-upper-20241117T1550,SUNRSF1,-0.04889989785496062,0.0419141981613624,0.09081409601632302
VNI-upper-20241117T1550,SUNTPSF1,0.17557099080694588,0.23937895812053117,0.0638079673135853
VNI-upper-20241117T1550,TUMUT3,0.0,0.0,-0.0
VNI-upper-20241117T1550,UPPTUMUT,176.59557848825332,176.59557848825332,-0.0
VNI-upper-20241117T1550,URANQ11,0.0,0.0,-0.0
VNI-upper-20241117T1550,URANQ12,0.0,0.0,-0.0
VNI-upper-20241117T1550,URANQ13,99.09644249233912,101.26844053115423,2.1719980388151052
VNI-upper-20241117T1550,URANQ14,136.08041699693564,136.08041699693564,-0.0
VNI-upper-20241117T1550,WAGGNSF1,1.275932482124618,2.9603593360572007,1.6844268539325826
VNI-upper-20241117T1550,WKIEWA1,0.0,0.0,-0.0
VNI-upper-20241117T1550,WKIEWA2,0.0,0.0,-0.0
VNI-upper-20241117T1550,WLWLSF1,-25.171531787538306,0.31902692543411465,25.490558712972422
VNI-upper-20241117T1550,WLWLSF2,0.0,0.0,-0.0
VNI-upper-20241117T1550,WSTWYSF1,-5.171629213483147,0.0,5.171629213483147
VNI-upper-20241117T1550,WYASF1,-7.354650612870277,0.0,7.354650612870277
VNI-upper-20241121T1750,AVLSF1,-3.664608784473953,0.025814096016343206,3.6904228804902965
VNI-upper-20241121T1750,BANGOWF1,0.0,0.0,-0.0
VNI-upper-20241121T1750,BANGOWF2,0.0,0.0,-0.0
VNI-upper-20241121T1750,BHB1,-19.95914198161389,28.940755873340144,48.89989785495404
VNI-upper-20241121T1750,BLOWERNG,0.0,0.0,-0.0
VNI-upper-20241121T1750,BOCORWF1,-5.568533197139935,39.87408171603677,45.442614913176705
VNI-upper-20241121T1750,BOMENSF1,-27.516036772216548,6.55956582226762,34.07560259448417
VNI-upper-20241121T1750,BROKENH1,-5.366015321756896,8.165284984678246,13.531300306435142
VNI-upper-20241121T1750,CAPBES1,0.0,0.0,-0.0
VNI-upper-20241121T1750,COLEASF1,-0.8049677221654745,16.73102179775281,17.53598951991828
VNI-upper-20241121T1750,COLWF01,20.251753207354444,21.2376531052094,0.9858998978549554
VNI-upper-20241121T1750,CROOKWF2,4.7967313585291125,7.330949948927477,2.5342185903983654
VNI-upper-20241121T1750,CROOKWF3,1.9897854954034724,7.893769152196118,5.903983656792645
VNI-upper-20241121T1750,CRWASF1,-2.715230592441265,17.19037538304392,19.905605975485187
VNI-upper-20241121T1750,DARLSF1,-6.7937743615934645,22.729240122574055,29.52301448416752
VNI-upper-20241121T1750,DPNTB1,0.0,18.90296220633299,18.90296220633299
VNI-upper-20241121T1750,FINLYSF1,-2.568454913176712,16.421421123595504,18.989876036772216
VNI-upper-20241121T1750,GOONSF1,-5.4128294177732394,6.683472931562821,12.09630234933606
VNI-upper-20241121T1750,GULLRSF1,-0.40429928498467826,0.7220357507660878,1.126335035750766
VNI-upper-20241121T1750,GULLRWF1,17.03454443309499,35.46224106230847,18.427696629213482
VNI-upper-20241121T1750,GULLRWF2,6.811984678243105,16.415365679264553,9.60338100102145
VNI-upper-20241121T1750,GUNNING1,5.5158406537282945,5.948044943820225,0.43220429009193034
VNI-upper-20241121T1750,GUTHEGA,0.0,0.0,-0.0
VNI-upper-20241121T1750,HILLSTN1,-7.834780388151175,18.99747701736466,26.832257405515833
VNI-upper-20241121T1750,HUMENSW,0.0,0.0,-0.0
VNI-upper-20241121T1750,JEMALNG1,-7.155817037793667,7.213535669050052,14.369352706843717
VNI-upper-20241121T1750,JUNEESF1,-1.2282347191011236,3.1969972522982637,4.425231971399387
VNI-upper-20241121T1750,LIMOSF11,65.5700526659857,124.68258441266599,59.112531746680276
VNI-upper-20241121T1750,LIMOSF21,11.951534218590398,30.07671048008172,18.12517626149132
VNI-upper-20241121T1750,MANSLR1,-1.704770173646578,1.1778038815117469,2.882574055158325
VNI-upper-20241121T1750,MOLNGSF1,-0.9245466598569969,0.5394651981613892,1.464011858018386
VNI-upper-20241121T1750,PARSF1,-6.004770173646579,2.301991828396323,8.306762002042902
VNI-upper-20241121T1750,QBYNB1,9.064351378958118,10.071501532175688,1.0071501532175688
VNI-upper-20241121T1750,RESS1,59.69229139938712,119.38585626149131,59.69356486210418
VNI-upper-20241121T1750,RIVNB2,0.0,0.0,-0.0
VNI-upper-20241121T1750,RYEPARK1,-1.900815117466803,4.636031052093973,6.536846169560776
VNI-upper-20241121T1750,SEBSF1,4.755919305413685,29.752951991828397,24.997032686414713
VNI-upper-20241121T1750,SNOWYP,0.0,0.0,-0.0
VNI-upper-20241121T1750,STWF1,20.73994361593462,68.32952379979571,47.58958018386109
VNI-upper-20241121T1750,SUNRSF1,54.50660046986721,121.09956914198162,66.5929686721144
VNI-upper-20241121T1750,SUNTPSF1,-4.599722165474975,2.5376547497446373,7.137376915219612
VNI-upper-20241121T1750,TUMUT3,1452.3986530949949,1479.4767865168537,27.07813342185904
VNI-upper-20241121T1750,UPPTUMUT,214.53196296220634,365.8869609397344,151.3549979775281
VNI-upper-20241121T1750,URANQ11,0.0,0.0,-0.0
VNI-upper-20241121T1750,URANQ12,0.0,0.0,-0.0
VNI-upper-20241121T1750,URANQ13,0.0,0.0,-0.0
VNI-upper-20241121T1750,URANQ14,144.80694586312563,144.80694586312563,-0.0
VNI-upper-20241121T1750,WAGGNSF1,-2.0873685291113375,7.315049295199183,9.40241782431052
VNI-upper-20241121T1750,WLWLSF1,-2.800856414708887,4.336822165474975,7.137678580183861
VNI-upper-20241121T1750,WLWLSF2,-1.7314555669050056,3.028799795709908,4.760255362614913
VNI-upper-20241121T1750,WOODLWN1,1.7813442288049022,8.112310520939735,6.330966292134834
VNI-upper-20241121T1750,WSTWYSF1,-44.60567313585291,3.4444535240040826,48.05012665985699
VNI-upper-20241121T1750,WYASF1,-24.54938240040858,1.2759225842696644,25.82530498467824
VNI-upper-20241122T1800,AVLSF1,-25.723746680286002,1.930100102145046,27.65384678243105
VNI-upper-20241122T1800,BANGOWF1,0.0,5.095047303370787,5.095047303370787
VNI-upper-20241122T1800,BANGOWF2,0.0,3.470674157303371,3.470674157303371
VNI-upper-20241122T1800,BHB1,-42.912155260469866,44.2825299897855,87.19468525025536
VNI-upper-20241122T1800,BLOWERNG,0.0,0.0,-0.0
VNI-upper-20241122T1800,BOCORWF1,-25.759879468845757,51.98002655771195,77.73990602655772
VNI-upper-20241122T1800,BOMENSF1,-21.721288100102147,3.122317936670072,24.84360603677222
VNI-upper-20241122T1800,BROKENH1,-6.455784473953014,5.844036772216548,12.29982124616956
VNI-upper-20241122T1800,CAPBES1,0.0,0.0,-0.0
VNI-upper-20241122T1800,COLEASF1,-20.8023020020429,0.0,20.8023020020429
VNI-upper-20241122T1800,COLWF01,53.98921728294177,72.96274924412666,18.973531961184882
VNI-upper-20241122T1800,CROOKWF2,35.980592441266595,45.329928498467815,9.349336057201223
VNI-upper-20241122T1800,CROOKWF3,4.890704800817161,17.818181818181817,12.927477017364657
VNI-upper-20241122T1800,CRWASF1,-6.08955720122574,0.17817900919305413,6.267736210418795
VNI-upper-20241122T1800,DARLSF1,-44.778441205311545,32.59825781409602,77.37669901940757
VNI-upper-20241122T1800,DPNTB1,0.0,24.87231869254341,24.87231869254341
VNI-upper-20241122T1800,FINLYSF1,-27.947432686414707,5.363367313585291,33.31079999999999
VNI-upper-20241122T1800,GOONSF1,-4.130990806945864,0.1987129724208377,4.329703779366701
VNI-upper-20241122T1800,GULLRSF1,-0.7586976506639428,0.0,0.7586976506639427
VNI-upper-20241122T1800,GULLRWF1,21.85456588355465,25.744800817160368,3.89023493360572
VNI-upper-20241122T1800,GULLRWF2,0.0,0.0,-0.0
VNI-upper-20241122T1800,GUNNING1,6.382153217568948,6.502104187946885,0.11995097037793667
VNI-upper-20241122T1800,GUTHEGA,34.06945863125638,34.06945863125638,-0.0
VNI-upper-20241122T1800,HILLSTN1,-9.2823493360572,4.974463738508683,14.256813074565883
VNI-upper-20241122T1800,HUMENSW,0.0,0.0,-0.0
VNI-upper-20241122T1800,JEMALNG1,-3.6865168539325843,0.9328661899897854,4.619383043922369
VNI-upper-20241122T1800,JUNEESF1,-8.546342451481102,0.13524429009193056,8.681586741573033
VNI-upper-20241122T1800,LIMOSF11,-45.46147658835547,11.041028100102139,56.502504688457606
VNI-upper-20241122T1800,LIMOSF21,-5.456100909090909,2.3950072216547498,7.851108130745658
VNI-upper-20241122T1800,MANSLR1,-0.742132788559755,2.304827374872319,3.046960163432074
VNI-upper-20241122T1800,MOLNGSF1,-0.15886312563840652,0.04132277834525027,0.2001859039836568
VNI-upper-20241122T1800,PARSF1,-2.485311542390195,0.28687436159346275,2.772185903983658
VNI-upper-20241122T1800,QBYNB1,-10.071501532175688,0.0,10.071501532175688
VNI-upper-20241122T1800,RESS1,-59.69356486210418,0.005093850868237985,59.69865871297242
VNI-upper-20241122T1800,RIVNB2,0.0,76.60737830439224,76.60737830439223
VNI-upper-20241122T1800,RYEPARK1,-3.765400204290092,1.2622986721144025,5.027698876404495
VNI-upper-20241122T1800,SEBSF1,-13.055270684371807,0.0,13.055270684371807
VNI-upper-20241122T1800,SNOWYP,0.0,0.0,-0.0
VNI-upper-20241122T1800,STWF1,-18.130984371807966,44.703288661899904,62.83427303370787
VNI-upper-20241122T1800,SUNRSF1,-43.36576668028601,46.63181081716036,89.99757749744637
VNI-upper-20241122T1800,SUNTPSF1,-3.6445842696629214,0.0,3.644584269662921
VNI-upper-20241122T1800,TUMUT3,1318.999750806946,2482.495398161389,1163.4956473544432
VNI-upper-20241122T1800,UPPTUMUT,-3.3306690738754696e-15,166.86669605720118,166.86669605720118
VNI-upper-20241122T1800,URANQ11,0.0,0.0,-0.0
VNI-upper-20241122T1800,URANQ12,0.0,0.0,-0.0
VNI-upper-20241122T1800,URANQ13,0.0,0.0,-0.0
VNI-upper-20241122T1800,URANQ14,-10.910112359550562,1.9836567926455566,12.893769152196118
VNI-upper-20241122T1800,WAGGNSF1,-10.434130633299285,0.0,10.434130633299285
VNI-upper-20241122T1800,WLWLSF1,-10.93237053115424,0.4969227579162409,11.42929328907048
VNI-upper-20241122T1800,WLWLSF2,-11.181111338100104,2.1815342185903983,13.362645556690502
VNI-upper-20241122T1800,WOODLWN1,5.39570990806946,66.61193871297243,61.21622880490296
VNI-upper-20241122T1800,WSTWYSF1,-18.831658835546477,1.4233115423901943,20.25497037793667
VNI-upper-20241122T1800,WYASF1,-15.73758937691522,0.772032686414709,16.509622063329928
VNI-upper-20241123T1740,AVLSF1,-62.71956265834493,97.77416963316254,160.49373229150748
VNI-upper-20241123T1740,BANGOWF1,0.9835056179775282,0.9835056179775282,-0.0
VNI-upper-20241123T1740,BANGOWF2,1.385300097319296,2.939919578872866,1.5546194815535697
VNI-upper-20241123T1740,BERYLSF1,0.0,1.5098267716535434,1.5098267716535434
VNI-upper-20241123T1740,BHB1,29.96935648621042,89.90806945863126,59.93871297242084
VNI-upper-20241123T1740,BLOWERNG,0.0,0.0,-0.0
VNI-upper-20241123T1740,BOCORWF1,-29.01156104976152,1.8027987742594473,30.814359824020972
VNI-upper-20241123T1740,BODWF1,0.0,0.0,-0.0
VNI-upper-20241123T1740,BOMENSF1,-31.403358268359966,16.954748396322778,48.358106664682744
VNI-upper-20241123T1740,BROKENH1,-4.859031664964249,2.354592441266598,7.213624106230848
VNI-upper-20241123T1740,CAPBES1,0.0,0.0,-0.0
VNI-upper-20241123T1740,COLEASF1,-64.20892147659913,28.320119146163933,92.52904062276306
VNI-upper-20241123T1740,COLWF01,-2.8516427210796804,5.098035628192033,7.949678349271714
VNI-upper-20241123T1740,CROOKWF2,1.0990806945863125,1.2308478038815118,0.13176710929519916
VNI-upper-20241123T1740,CROOKWF3,0.9254341164453523,1.13585291113381,0.21041879468845764
VNI-upper-20241123T1740,CRURWF1,0.0,0.0,-0.0
VNI-upper-20241123T1740,CRWASF1,-2.578161620969494,29.918553466899375,32.49671508786887
VNI-upper-20241123T1740,DARLSF1,0.0,0.0,-0.0
VNI-upper-20241123T1740,DPNTB1,24.897854954034727,24.897854954034727,-0.0
VNI-upper-20241123T1740,FINLYSF1,-7.753140613513707,61.58284721063595,69.33598782414964
VNI-upper-20241123T1740,FLYCRKWF,0.0,0.0,-0.0
VNI-upper-20241123T1740,GOONSF1,8.76401068099378,14.814960629921258,6.050949948927479
VNI-upper-20241123T1740,GULLRSF1,-1.8290214504596525,0.9033084780388149,2.7323299284984675
VNI-upper-20241123T1740,GULLRWF1,3.136629213483146,3.737477017364658,0.6008478038815117
VNI-upper-20241123T1740,GULLRWF2,-1.146702757916241,1.4002808988764042,2.546983656792645
VNI-upper-20241123T1740,GUNNING1,-0.47599591419816134,0.336053115423902,0.8120490296220634
VNI-upper-20241123T1740,GUTHEGA,0.0,0.0,-0.0
VNI-upper-20241123T1740,HILLSTN1,-59.658851632310004,10.277834525025536,69.93668615733554
VNI-upper-20241123T1740,HUMENSW,0.0,0.0,-0.0
VNI-upper-20241123T1740,JEMALNG1,6.595009771822443,10.236505190094343,3.641495418271899
VNI-upper-20241123T1740,JUNEESF1,-14.188405507467849,2.023487773237998,16.211893280705844
VNI-upper-20241123T1740,LIMOSF11,1.6165178905841575,6.1672022623921245,4.550684371807968
VNI-upper-20241123T1740,LIMOSF21,1.5986021317751524,2.595842360033137,0.9972402282579844
VNI-upper-20241123T1740,MANSLR1,-3.78951874401808,3.99062122686656,7.78013997088464
VNI-upper-20241123T1740,MOLNGSF1,-0.08786623824728765,2.008576049801742,2.0964422880490297
VNI-upper-20241123T1740,NEVERSF1,2.6116988976377957,2.6116988976377957,-0.0
VNI-upper-20241123T1740,NYNGAN1,1.9015748031496065,1.9015748031496065,-0.0
VNI-upper-20241123T1740,PARSF1,5.381902149871715,12.371840862844136,6.989938712972423
VNI-upper-20241123T1740,QBYNB1,10.071501532175688,10.071501532175688,-0.0
VNI-upper-20241123T1740,RESS1,59.7535771195097,59.7562629133054,0.0026857937956965084
VNI-upper-20241123T1740,RIVNB2,64.73378549540347,64.73512839230133,0.0013428968978557087
VNI-upper-20241123T1740,RYEPARK1,10.79520456355111,24.218679576620847,13.423475013069737
VNI-upper-20241123T1740,SEBSF1,-17.08175464277385,46.084412665985695,63.16616730875955
VNI-upper-20241123T1740,SNOWYP,0.0,0.0,-0.0
VNI-upper-20241123T1740,STWF1,78.87584116043206,116.20489160882468,37.32905044839262
VNI-upper-20241123T1740,SUNRSF1,1.8794708117716135,4.913260392976926,3.033789581205312
VNI-upper-20241123T1740,SUNTPSF1,4.177136657202835,10.001150667964257,5.824014010761424
VNI-upper-20241123T1740,TUMUT3,799.7664015185028,799.7664015185028,-0.0
VNI-upper-20241123T1740,UPPTUMUT,205.30493189989784,205.30493189989784,-0.0
VNI-upper-20241123T1740,URANQ11,0.0,0.0,-0.0
VNI-upper-20241123T1740,URANQ12,0.0,0.0,-0.0
VNI-upper-20241123T1740,URANQ13,0.0,0.0,-0.0
VNI-upper-20241123T1740,URANQ14,96.77048076729427,96.77048076729429,-0.0
VNI-upper-20241123T1740,WAGGNSF1,-16.37894307673747,9.136630725229827,25.5155738019673
VNI-upper-20241123T1740,WELLSF1,0.42921259842519693,0.4400787401574804,0.010866141732283466
VNI-upper-20241123T1740,WELNSF1,4.180386614173228,4.302311811023622,0.1219251968503937
VNI-upper-20241123T1740,WLWLSF1,-11.061757600154426,13.688049427987742,24.74980702814217
VNI-upper-20241123T1740,WLWLSF2,-13.27052737406803,15.738781409601634,29.009308783669663
VNI-upper-20241123T1740,WOODLWN1,0.2807181102362206,0.8117881889763781,0.5310700787401574
VNI-upper-20241123T1740,WSTWYSF1,-11.6334732532795,17.669530382118985,29.30300363539849
VNI-upper-20241123T1740,WYASF1,-6.876855979345791,24.858007415730334,31.734863395076122
VNI-upper-20241127T1450,AVLSF1,-23.650231413276234,0.0,23.650231413276234
VNI-upper-20241127T1450,BANGOWF1,4.8595068094218385,4.8595068094218385,-0.0
VNI-upper-20241127T1450,BANGOWF2,-5.2851241970021405,0.0,5.2851241970021405
VNI-upper-20241127T1450,BERYLSF1,11.977103554603856,11.977103554603856,-0.0
VNI-upper-20241127T1450,BHB1,1.0,1.0,-0.0
VNI-upper-20241127T1450,BLOWERNG,0.0,0.0,-0.0
VNI-upper-20241127T1450,BOCORWF1,0.03070128479657973,0.03070128479657973,-0.0
VNI-upper-20241127T1450,BODWF1,2.5166274089935756,2.5166274089935756,-0.0
VNI-upper-20241127T1450,BOMENSF1,-0.4722238650963583,0.0,0.4722238650963583
VNI-upper-20241127T1450,BROKENH1,-0.2989999999999995,0.0,0.2989999999999995
VNI-upper-20241127T1450,BW01,0.0,0.0,-0.0
VNI-upper-20241127T1450,BW02,0.0,0.0,-0.0
VNI-upper-20241127T1450,BW03,0.0,0.0,-0.0
VNI-upper-20241127T1450,BW04,0.0,0.0,-0.0
VNI-upper-20241127T1450,CAPBES1,0.0,0.0,-0.0
VNI-upper-20241127T1450,CG1,0.0,0.0,-0.0
VNI-upper-20241127T1450,CG2,0.0,0.0,-0.0
VNI-upper-20241127T1450,CG3,4.674518201284796,4.674518201284796,-0.0
VNI-upper-20241127T1450,CG4,0.0,0.0,-0.0
VNI-upper-20241127T1450,COLEASF1,-64.54546,0.0,64.54546
VNI-upper-20241127T1450,COLWF01,-9.690213276231258,0.0,9.690213276231258
VNI-upper-20241127T1450,CROOKWF2,-0.1081370449678791,0.0,0.1081370449678791
VNI-upper-20241127T1450,CROOKWF3,-2.9496788008565313,0.0,2.9496788008565313
VNI-upper-20241127T1450,CRURWF1,-3.8632548179871535,0.0,3.8632548179871535
VNI-upper-20241127T1450,CRWASF1,1.3672700000000013,1.3672700000000013,-0.0
VNI-upper-20241127T1450,DARLSF1,-1.02997000000002,0.0,1.02997000000002
VNI-upper-20241127T1450,DPNTB1,-24.97323340471092,0.0,24.97323340471092
VNI-upper-20241127T1450,ER01,3.052832730192727,3.052832730192727,-0.0
VNI-upper-20241127T1450,ER02,0.0,0.0,-0.0
VNI-upper-20241127T1450,ER03,0.0,0.0,-0.0
VNI-upper-20241127T1450,ER04,0.9121657387580306,0.9121657387580306,-0.0
VNI-upper-20241127T1450,FINLYSF1,42.28180999999999,42.28180999999999,-0.0
VNI-upper-20241127T1450,FLYCRKWF,7.933461456102788,7.933461456102788,-0.0
VNI-upper-20241127T1450,GNNDHSF1,0.20906852248394364,0.20906852248394364,-0.0
VNI-upper-20241127T1450,GOONSF1,2.8456959314775156,2.8456959314775156,-0.0
VNI-upper-20241127T1450,GULLRSF1,-0.06578372591006407,0.0,0.06578372591006407
VNI-upper-20241127T1450,GULLRWF1,-2.9429941327623172,0.0,2.9429941327623172
VNI-upper-20241127T1450,GULLRWF2,-5.492442430406859,0.0,5.492442430406859
VNI-upper-20241127T1450,GUNNING1,0.0,0.0,-0.0
VNI-upper-20241127T1450,GUTHEGA,0.0,0.0,-0.0
VNI-upper-20241127T1450,HEZ1,0.0,0.0,-0.0
VNI-upper-20241127T1450,HILLSTN1,2.1099999999999994,2.1099999999999994,-0.0
VNI-upper-20241127T1450,HUMENSW,0.0,0.0,-0.0
VNI-upper-20241127T1450,JEMALNG1,-1.265965310492505,0.0,1.265965310492505
VNI-upper-20241127T1450,JUNEESF1,0.0,0.0,-0.0
VNI-upper-20241127T1450,LIMOSF11,58.345470000000006,58.345470000000006,-0.0
VNI-upper-20241127T1450,LIMOSF21,13.83455,13.83455,-0.0
VNI-upper-20241127T1450,MANSLR1,-0.19537366167023534,0.0,0.19537366167023534
VNI-upper-20241127T1450,METZSF1,-2.873338351177733,0.0,2.873338351177733
VNI-upper-20241127T1450,MOLNGSF1,1.2016702355460385,1.2016702355460385,-0.0
VNI-upper-20241127T1450,MOREESF1,-1.6637366167023557,0.0,1.6637366167023557
VNI-upper-20241127T1450,MP1,4.587508137044995,4.587508137044995,-0.0
VNI-upper-20241127T1450,MP2,4.164053319057816,4.164053319057816,-0.0
VNI-upper-20241127T1450,NEVERSF1,-1.2169871520342608,0.0,1.2169871520342608
VNI-upper-20241127T1450,NEWENSF1,-10.775176659528906,0.0,10.775176659528906
VNI-upper-20241127T1450,NEWENSF2,2.4700321199143493,2.4700321199143493,-0.0
VNI-upper-20241127T1450,NYNGAN1,-3.636905781584583,0.0,3.636905781584583
VNI-upper-20241127T1450,PARSF1,8.743297644539615,8.743297644539615,-0.0
VNI-upper-20241127T1450,QBYNB1,0.0,0.0,-0.0
VNI-upper-20241127T1450,RESS1,0.0,0.0,-0.0
VNI-upper-20241127T1450,RIVNB2,-64.9304068522484,0.0,64.9304068522484
VNI-upper-20241127T1450,RYEPARK1,8.579773233404723,8.579773233404723,-0.0
VNI-upper-20241127T1450,SAPHWF1,-0.8486937901498938,0.0,0.8486937901498938
VNI-upper-20241127T1450,SEBSF1,0.0,0.0,-0.0
VNI-upper-20241127T1450,SHGEN,0.0,0.0,-0.0
VNI-upper-20241127T1450,SHPUMP,0.0,0.0,-0.0
VNI-upper-20241127T1450,SNOWYP,0.0,0.0,-0.0
VNI-upper-20241127T1450,STWF1,-0.44489999999998986,0.0,0.44489999999998986
VNI-upper-20241127T1450,SUNRSF1,26.818179999999984,26.818179999999984,-0.0
VNI-upper-20241127T1450,SUNTPSF1,6.9869486081370455,6.9869486081370455,-0.0
VNI-upper-20241127T1450,TALWA1,0.0,0.0,-0.0
VNI-upper-20241127T1450,TALWB1,0.0,0.0,-0.0
VNI-upper-20241127T1450,TARALGA1,1.0115364025695868,1.0115364025695868,-0.0
VNI-upper-20241127T1450,TUMUT3,-36.10856879014995,0.0,36.10856879014995
VNI-upper-20241127T1450,UPPTUMUT,0.0,0.0,-0.0
VNI-upper-20241127T1450,URANQ11,54.93546953961456,54.93546953961456,-0.0
VNI-upper-20241127T1450,URANQ12,0.0,0.0,-0.0
VNI-upper-20241127T1450,URANQ13,55.398852880085656,55.398852880085656,-0.0
VNI-upper-20241127T1450,URANQ14,55.19763854389721,55.19763854389721,-0.0
VNI-upper-20241127T1450,VP5,2.231236349036408,2.231236349036408,-0.0
VNI-upper-20241127T1450,VP6,0.0,0.0,-0.0
VNI-upper-20241127T1450,WAGGNSF1,1.1178918308351178,1.1178918308351178,-0.0
VNI-upper-20241127T1450,WELLSF1,12.284073875802996,12.284073875802996,-0.0
VNI-upper-20241127T1450,WELNSF1,-13.941918629550322,0.0,13.941918629550322
VNI-upper-20241127T1450,WOODLWN1,1.8354732334047115,1.8354732334047115,-0.0
VNI-upper-20241127T1450,WRSF1,0.0,0.0,-0.0
VNI-upper-20241127T1450,WRWF1,2.5469443254817987,2.5469443254817987,-0.0
VNI-upper-20241127T1450,WSTWYSF1,0.0,0.0,-0.0
VNI-upper-20241127T1450,WTAHB1,3.2489556531049244,3.2489556531049244,-0.0
VNI-upper-20241127T1450,WYASF1,0.0,0.0,-0.0
VNI-upper-20241127T1500,AVLSF1,-23.650231413276234,0.0,23.650231413276234
VNI-upper-20241127T1500,BANGOWF1,4.8595068094218385,4.8595068094218385,-0.0
VNI-upper-20241127T1500,BANGOWF2,-5.2851241970021405,0.0,5.2851241970021405
VNI-upper-20241127T1500,BERYLSF1,11.977103554603856,11.977103554603856,-0.0
VNI-upper-20241127T1500,BHB1,1.0,1.0,-0.0
VNI-upper-20241127T1500,BLOWERNG,0.0,0.0,-0.0
VNI-upper-20241127T1500,BOCORWF1,0.03070128479657973,0.03070128479657973,-0.0
VNI-upper-20241127T1500,BODWF1,2.5166274089935756,2.5166274089935756,-0.0
VNI-upper-20241127T1500,BOMENSF1,-0.4722238650963583,0.0,0.4722238650963583
VNI-upper-20241127T1500,BROKENH1,-0.2989999999999995,0.0,0.2989999999999995
VNI-upper-20241127T1500,BW01,0.0,0.0,-0.0
VNI-upper-20241127T1500,BW02,0.0,0.0,-0.0
VNI-upper-20241127T1500,BW03,0.0,0.0,-0.0
VNI-upper-20241127T1500,BW04,0.0,0.0,-0.0
VNI-upper-20241127T1500,CAPBES1,0.0,0.0,-0.0
VNI-upper-20241127T1500,CG1,0.0,0.0,-0.0
VNI-upper-20241127T1500,CG2,0.0,0.0,-0.0
VNI-upper-20241127T1500,CG3,4.674518201284796,4.674518201284796,-0.0
VNI-upper-20241127T1500,CG4,0.0,0.0,-0.0
VNI-upper-20241127T1500,COLEASF1,-64.54546,0.0,64.54546
VNI-upper-20241127T1500,COLWF01,-9.690213276231258,0.0,9.690213276231258
VNI-upper-20241127T1500,CROOKWF2,-0.1081370449678791,0.0,0.1081370449678791
VNI-upper-20241127T1500,CROOKWF3,-2.9496788008565313,0.0,2.9496788008565313
VNI-upper-20241127T1500,CRURWF1,-3.8632548179871535,0.0,3.8632548179871535
VNI-upper-20241127T1500,CRWASF1,1.3672700000000013,1.3672700000000013,-0.0
VNI-upper-20241127T1500,DARLSF1,-1.02997000000002,0.0,1.02997000000002
VNI-upper-20241127T1500,DPNTB1,-24.97323340471092,0.0,24.97323340471092
VNI-upper-20241127T1500,ER01,3.052832730192727,3.052832730192727,-0.0
VNI-upper-20241127T1500,ER02,0.0,0.0,-0.0
VNI-upper-20241127T1500,ER03,0.0,0.0,-0.0
VNI-upper-20241127T1500,ER04,0.9121657387580306,0.9121657387580306,-0.0
VNI-upper-20241127T1500,FINLYSF1,42.28180999999999,42.28180999999999,-0.0
VNI-upper-20241127T1500,FLYCRKWF,7.933461456102788,7.933461456102788,-0.0
VNI-upper-20241127T1500,GNNDHSF1,0.20906852248394364,0.20906852248394364,-0.0
VNI-upper-20241127T1500,GOONSF1,2.8456959314775156,2.8456959314775156,-0.0
VNI-upper-20241127T1500,GULLRSF1,-0.06578372591006407,0.0,0.06578372591006407
VNI-upper-20241127T1500,GULLRWF1,-2.9429941327623172,0.0,2.9429941327623172
VNI-upper-20241127T1500,GULLRWF2,-5.492442430406859,0.0,5.492442430406859
VNI-upper-20241127T1500,GUNNING1,0.0,0.0,-0.0
VNI-upper-20241127T1500,GUTHEGA,0.0,0.0,-0.0
VNI-upper-20241127T1500,HEZ1,0.0,0.0,-0.0
VNI-upper-20241127T1500,HILLSTN1,2.1099999999999994,2.1099999999999994,-0.0
VNI-upper-20241127T1500,HUMENSW,0.0,0.0,-0.0
VNI-upper-20241127T1500,JEMALNG1,-1.265965310492505,0.0,1.265965310492505
VNI-upper-20241127T1500,JUNEESF1,0.0,0.0,-0.0
VNI-upper-20241127T1500,LIMOSF11,58.345470000000006,58.345470000000006,-0.0
VNI-upper-20241127T1500,LIMOSF21,13.83455,13.83455,-0.0
VNI-upper-20241127T1500,MANSLR1,-0.19537366167023534,0.0,0.19537366167023534
VNI-upper-20241127T1500,METZSF1,-2.873338351177733,0.0,2.873338351177733
VNI-upper-20241127T1500,MOLNGSF1,1.2016702355460385,1.2016702355460385,-0.0
VNI-upper-20241127T1500,MOREESF1,-1.6637366167023557,0.0,1.6637366167023557
VNI-upper-20241127T1500,MP1,4.587508137044995,4.587508137044995,-0.0
VNI-upper-20241127T1500,MP2,4.164053319057816,4.164053319057816,-0.0
VNI-upper-20241127T1500,NEVERSF1,-1.2169871520342608,0.0,1.2169871520342608
VNI-upper-20241127T1500,NEWENSF1,-10.775176659528906,0.0,10.775176659528906
VNI-upper-20241127T1500,NEWENSF2,2.4700321199143493,2.4700321199143493,-0.0
VNI-upper-20241127T1500,NYNGAN1,-3.636905781584583,0.0,3.636905781584583
VNI-upper-20241127T1500,PARSF1,8.743297644539615,8.743297644539615,-0.0
VNI-upper-20241127T1500,QBYNB1,0.0,0.0,-0.0
VNI-upper-20241127T1500,RESS1,0.0,0.0,-0.0
VNI-upper-20241127T1500,RIVNB2,-64.9304068522484,0.0,64.9304068522484
VNI-upper-20241127T1500,RYEPARK1,8.579773233404723,8.579773233404723,-0.0
VNI-upper-20241127T1500,SAPHWF1,-0.8486937901498938,0.0,0.8486937901498938
VNI-upper-20241127T1500,SEBSF1,0.0,0.0,-0.0
VNI-upper-20241127T1500,SHGEN,0.0,0.0,-0.0
VNI-upper-20241127T1500,SHPUMP,0.0,0.0,-0.0
VNI-upper-20241127T1500,SNOWYP,0.0,0.0,-0.0
VNI-upper-20241127T1500,STWF1,-0.44489999999998986,0.0,0.44489999999998986
VNI-upper-20241127T1500,SUNRSF1,26.818179999999984,26.818179999999984,-0.0
VNI-upper-20241127T1500,SUNTPSF1,6.9869486081370455,6.9869486081370455,-0.0
VNI-upper-20241127T1500,TALWA1,0.0,0.0,-0.0
VNI-upper-20241127T1500,TALWB1,0.0,0.0,-0.0
VNI-upper-20241127T1500,TARALGA1,1.0115364025695868,1.0115364025695868,-0.0
VNI-upper-20241127T1500,TUMUT3,-36.10856879014995,0.0,36.10856879014995
VNI-upper-20241127T1500,UPPTUMUT,0.0,0.0,-0.0
VNI-upper-20241127T1500,URANQ11,54.93546953961456,54.93546953961456,-0.0
VNI-upper-20241127T1500,URANQ12,0.0,0.0,-0.0
VNI-upper-20241127T1500,URANQ13,55.398852880085656,55.398852880085656,-0.0
VNI-upper-20241127T1500,URANQ14,55.19763854389721,55.19763854389721,-0.0
VNI-upper-20241127T1500,VP5,2.231236349036408,2.231236349036408,-0.0
VNI-upper-20241127T1500,VP6,0.0,0.0,-0.0
VNI-upper-20241127T1500,WAGGNSF1,1.1178918308351178,1.1178918308351178,-0.0
VNI-upper-20241127T1500,WELLSF1,12.284073875802996,12.284073875802996,-0.0
VNI-upper-20241127T1500,WELNSF1,-13.941918629550322,0.0,13.941918629550322
VNI-upper-20241127T1500,WOODLWN1,1.8354732334047115,1.8354732334047115,-0.0
VNI-upper-20241127T1500,WRSF1,0.0,0.0,-0.0
VNI-upper-20241127T1500,WRWF1,2.5469443254817987,2.5469443254817987,-0.0
VNI-upper-20241127T1500,WSTWYSF1,0.0,0.0,-0.0
VNI-upper-20241127T1500,WTAHB1,3.2489556531049244,3.2489556531049244,-0.0
VNI-upper-20241127T1500,WYASF1,0.0,0.0,-0.0
VNI-upper-20241129T0615,AVLSF1,-1.421006783225275,4.187963377416073,5.608970160641348
VNI-upper-20241129T0615,BANGOWF1,0.619892166836216,0.7069257375381479,0.08703357070193195
VNI-upper-20241129T0615,BANGOWF2,-4.888699898270603,0.0,4.888699898270603
VNI-upper-20241129T0615,BANN1,-0.3877203358208956,0.0,0.3877203358208956
VNI-upper-20241129T0615,BHB1,-9.979654120040692,0.0,9.979654120040692
VNI-upper-20241129T0615,BLOWERNG,0.0,0.0,-0.0
VNI-upper-20241129T0615,BOCORWF1,0.0,0.0,-0.0
VNI-upper-20241129T0615,BOMENSF1,0.9253565952030267,1.9691688230768833,1.0438122278738566
VNI-upper-20241129T0615,BROKENH1,-2.3013082400813833,0.60576500508647,2.907073245167853
VNI-upper-20241129T0615,CAPBES1,0.0,0.0,-0.0
VNI-upper-20241129T0615,COHUNSF1,0.0,0.0,-0.0
VNI-upper-20241129T0615,COLEASF1,-6.229300711321317,3.3465309460834183,9.575831657404734
VNI-upper-20241129T0615,COLWF01,14.664174364191247,15.006513072227866,0.3423387080366191
VNI-upper-20241129T0615,CROOKWF2,-0.1261444557477116,1.9908443540183103,2.116988809766022
VNI-upper-20241129T0615,CROOKWF3,0.5991861648016272,1.9654120040691756,1.3662258392675484
VNI-upper-20241129T0615,CRWASF1,7.760761562457297,9.346094207421691,1.5853326449643936
VNI-upper-20241129T0615,DARLSF1,-1.693201037665184,8.747660325508772,10.440861363173955
VNI-upper-20241129T0615,DPNTB1,0.0,0.0,-0.0
VNI-upper-20241129T0615,FINLYSF1,32.14905033160747,43.03451713123092,10.88546679962345
VNI-upper-20241129T0615,GANNB1,-1.1477611940298504,0.0,1.1477611940298504
VNI-upper-20241129T0615,GANNSF1,-0.21594839925373138,0.0,0.21594839925373138
VNI-upper-20241129T0615,GOONSF1,14.653611393692778,24.369532044760938,9.715920651068158
VNI-upper-20241129T0615,GULLRSF1,0.4061037639877925,0.6710864699898271,0.2649827060020346
VNI-upper-20241129T0615,GULLRWF1,1.3605592878942008,2.3505488911495425,0.9899896032553416
VNI-upper-20241129T0615,GULLRWF2,50.50060716174975,50.552395544252285,0.051788382502541204
VNI-upper-20241129T0615,GUNNING1,0.8274506612411019,1.5330213631739602,0.7055707019328583
VNI-upper-20241129T0615,GUTHEGA,0.0,0.0,-0.0
VNI-upper-20241129T0615,HILLSTN1,16.261861648016275,16.261861648016275,-0.0
VNI-upper-20241129T0615,HUMENSW,0.0,0.0,-0.0
VNI-upper-20241129T0615,HUMEV,0.0,0.0,-0.0
VNI-upper-20241129T0615,JEMALNG1,0.5325560935910477,0.9856610478128178,0.45310495422177016
VNI-upper-20241129T0615,JUNEESF1,5.425104754660066,5.46923992878942,0.04413517412935322
VNI-upper-20241129T0615,KARSF1,-0.8349802985074627,0.0,0.8349802985074627
VNI-upper-20241129T0615,KIAMSF1,-1.04511592039801,0.0,1.04511592039801
VNI-upper-20241129T0615,LIMOSF11,63.17689160125113,63.17689160125113,-0.0
VNI-upper-20241129T0615,LIMOSF21,9.50639889435073,9.506398894350728,-0.0
VNI-upper-20241129T0615,MANSLR1,0.17345371312309266,0.24953713123092583,0.07608341810783319
VNI-upper-20241129T0615,MOLNGSF1,0.11378229908443542,0.11378229908443542,-0.0
VNI-upper-20241129T0615,MURRAY,-2.596873233830852,0.0,2.596873233830852
VNI-upper-20241129T0615,MUWAWF1,0.720463930348259,0.720463930348259,-0.0
VNI-upper-20241129T0615,MUWAWF2,0.10739383706467633,0.10739383706467633,-0.0
VNI-upper-20241129T0615,PARSF1,0.4965666327568668,0.5721007121057986,0.07553407934893185
VNI-upper-20241129T0615,QBYNB1,0.0,0.0,-0.0
VNI-upper-20241129T0615,RESS1,-34.770218148524926,23.79036238046795,58.56058052899287
VNI-upper-20241129T0615,RIVNB2,0.0,0.0,-0.0
VNI-upper-20241129T0615,RYEPARK1,-48.947637334689716,0.9633770091556499,49.911014343845366
VNI-upper-20241129T0615,SEBSF1,14.99141459538523,15.02110940718584,0.029694811800610347
VNI-upper-20241129T0615,SNOWYP,0.0,0.0,-0.0
VNI-upper-20241129T0615,STWF1,-0.06804107982468288,7.887339998506979,7.955381078331661
VNI-upper-20241129T0615,SUNRSF1,41.80440327504136,44.251452308612066,2.4470490335707105
VNI-upper-20241129T0615,SUNTPSF1,1.159228077314344,1.159228077314344,-0.0
VNI-upper-20241129T0615,TUMUT3,0.0,0.0,-0.0
VNI-upper-20241129T0615,UPPTUMUT,189.11311477984194,194.3854463566476,5.2723315768056755
VNI-upper-20241129T0615,URANQ11,0.0,0.0,-0.0
VNI-upper-20241129T0615,URANQ12,0.0,0.0,-0.0
VNI-upper-20241129T0615,URANQ13,0.0,0.0,-0.0
VNI-upper-20241129T0615,URANQ14,0.0,0.0,-0.0
VNI-upper-20241129T0615,WAGGNSF1,7.792354145789364,7.792354145789364,-0.0
VNI-upper-20241129T0615,WEMENSF1,-0.6669033582089551,0.0,0.6669033582089551
VNI-upper-20241129T0615,WLWLSF1,-3.5229891437395917,1.5849670820996744,5.107956225839266
VNI-upper-20241129T0615,WLWLSF2,-4.542550987433129,4.251520223146729,8.794071210579858
VNI-upper-20241129T0615,WSTWYSF1,2.4650339616768653,2.5075965252577403,0.04256256358087502
VNI-upper-20241129T0615,WYASF1,1.3379129192794927,1.4116946283334093,0.07378170905391641
VNI-upper-20241129T0615,YATSF1,-1.2157910447761193,0.0,1.2157910447761193
VNI-upper-20241203T1135,ARWF1,14.222260145681572,14.222260145681572,-0.0
VNI-upper-20241203T1135,AVLSF1,-87.30851289355337,0.0,87.30851289355337
VNI-upper-20241203T1135,BANGOWF1,16.569584269662922,20.475202247191017,3.9056179775280953
VNI-upper-20241203T1135,BANGOWF2,34.81858426966292,34.81858426966292,-0.0
VNI-upper-20241203T1135,BANN1,26.96142580645161,26.96142580645161,-0.0
VNI-upper-20241203T1135,BHB1,0.0,0.0,-0.0
VNI-upper-20241203T1135,BLOWERNG,0.0,0.0,-0.0
VNI-upper-20241203T1135,BOCORWF1,0.0,2.603483146067409,2.603483146067409
VNI-upper-20241203T1135,BOMENSF1,8.035256813074565,8.035256813074565,-0.0
VNI-upper-20241203T1135,BROKENH1,-52.945863125638404,0.0,52.945863125638404
VNI-upper-20241203T1135,BULBES1,0.0,0.0,-0.0
VNI-upper-20241203T1135,BULGANA1,-9.880541103017688,0.0,9.880541103017688
VNI-upper-20241203T1135,CAPBES1,0.0,0.0,-0.0
VNI-upper-20241203T1135,COHUNSF1,0.0,0.0,-0.0
VNI-upper-20241203T1135,COLEASF1,14.95466667765001,31.704140886025897,16.749474208375887
VNI-upper-20241203T1135,COLWF01,1.3046292134831408,1.3046292134831408,-0.0
VNI-upper-20241203T1135,CROOKWF2,0.49948927477017335,1.4800817160367719,0.9805924412665985
VNI-upper-20241203T1135,CROOKWF3,-3.3452502553626147,0.0,3.3452502553626147
VNI-upper-20241203T1135,CROWLWF1,-2.8783766909469515,0.0,2.8783766909469515
VNI-upper-20241203T1135,CRWASF1,-14.874279877425947,0.0,14.874279877425947
VNI-upper-20241203T1135,DARLSF1,-10.724350151304336,61.601326608784476,72.32567676008881
VNI-upper-20241203T1135,DPNTB1,0.0,0.0,-0.0
VNI-upper-20241203T1135,FINLYSF1,3.5945176506639474,11.441246700715023,7.846729050051076
VNI-upper-20241203T1135,GANNB1,0.0,0.0,-0.0
VNI-upper-20241203T1135,GANNSF1,-0.5866389177939483,0.0,0.5866389177939483
VNI-upper-20241203T1135,GOONSF1,4.273728294177733,4.273728294177733,-0.0
VNI-upper-20241203T1135,GULLRSF1,-1.785230847803881,0.0,1.785230847803881
VNI-upper-20241203T1135,GULLRWF1,7.5859581205311555,7.5859581205311555,-0.0
VNI-upper-20241203T1135,GULLRWF2,-0.6712590194075558,0.0,0.6712590194075558
VNI-upper-20241203T1135,GUNNING1,-0.48837180796731355,0.0,0.48837180796731355
VNI-upper-20241203T1135,GUTHEGA,-34.10418794688458,0.0,34.10418794688458
VNI-upper-20241203T1135,HILLSTN1,4.628813618772586,14.376021450459652,9.747207831687065
VNI-upper-20241203T1135,HUMENSW,0.0,0.0,-0.0
VNI-upper-20241203T1135,JEMALNG1,1.6767658631256384,1.8667338508682325,0.18996798774259424
VNI-upper-20241203T1135,JUNEESF1,6.34721724208376,8.067642594484166,1.7204253524004067
VNI-upper-20241203T1135,KARSF1,2.3786623309053465,2.3786623309053465,-0.0
VNI-upper-20241203T1135,KIAMSF1,-17.71475078043707,0.0,17.71475078043707
VNI-upper-20241203T1135,KIATAWF1,20.545298647242454,20.545298647242454,-0.0
VNI-upper-20241203T1135,LIMOSF11,104.9714802968371,143.32050666047348,38.34902636363638
VNI-upper-20241203T1135,LIMOSF21,13.837097587771932,20.188555626587053,6.351458038815119
VNI-upper-20241203T1135,MANSLR1,-0.8157711950970379,0.0,0.8157711950970379
VNI-upper-20241203T1135,MOLNGSF1,-0.5679586312563839,0.0,0.5679586312563839
VNI-upper-20241203T1135,MURRAY,0.0,0.0,-0.0
VNI-upper-20241203T1135,MUWAWF1,0.0,0.0,-0.0
VNI-upper-20241203T1135,MUWAWF2,23.431841831425583,23.431841831425583,-0.0
VNI-upper-20241203T1135,PARSF1,3.057660878447396,3.057660878447396,-0.0
VNI-upper-20241203T1135,QBYNB1,0.0,8.05720122574055,8.05720122574055
VNI-upper-20241203T1135,RESS1,0.0,0.0,-0.0
VNI-upper-20241203T1135,RIVNB2,0.0,0.0,-0.0
VNI-upper-20241203T1135,RYEPARK1,19.083537895812054,19.083537895812054,-0.0
VNI-upper-20241203T1135,SEBSF1,8.625980592441264,8.625980592441264,-0.0
VNI-upper-20241203T1135,SNOWYP,0.0,0.0,-0.0
VNI-upper-20241203T1135,STWF1,-0.09440347293156282,0.02357589376915219,0.117979366700715
VNI-upper-20241203T1135,SUNRSF1,95.4285165953706,121.81278580885373,26.38426921348314
VNI-upper-20241203T1135,SUNTPSF1,0.16685188968335068,0.17874157303370808,0.011889683350357396
VNI-upper-20241203T1135,TUMUT3,250.76608784473953,250.76608784473953,-0.0
VNI-upper-20241203T1135,UPPTUMUT,207.46231065372828,207.46231065372828,-0.0
VNI-upper-20241203T1135,URANQ11,0.0,0.0,-0.0
VNI-upper-20241203T1135,URANQ12,0.0,0.0,-0.0
VNI-upper-20241203T1135,URANQ13,0.0,0.0,-0.0
VNI-upper-20241203T1135,URANQ14,0.0,0.0,-0.0
VNI-upper-20241203T1135,WAGGNSF1,8.099137568947906,9.845663564862104,1.746525995914198
VNI-upper-20241203T1135,WEMENSF1,-61.40826118626429,0.0,61.40826118626429
VNI-upper-20241203T1135,WLWLSF1,-19.877030071501533,0.0,19.877030071501533
VNI-upper-20241203T1135,WLWLSF2,-20.60382226762002,0.0,20.60382226762002
VNI-upper-20241203T1135,WSTWYSF1,-9.748149897854956,0.0,9.748149897854956
VNI-upper-20241203T1135,WYASF1,2.5199344841675195,3.0713142900919284,0.5513798059244087
VNI-upper-20241203T1135,YATSF1,-169.41852237252857,0.0,169.41852237252857
VNI-upper-20241206T1425,AVLSF1,-15.68837906483923,0.028822267620016814,15.717201332459245
VNI-upper-20241206T1425,BANGOWF1,-0.9755168539325845,0.3532808988764045,1.328797752808989
VNI-upper-20241206T1425,BANGOWF2,-0.6222359550561796,0.26451685393258434,0.8867528089887639
VNI-upper-20241206T1425,BANN1,0.9772388059701493,0.9772388059701493,-0.0
VNI-upper-20241206T1425,BHB1,0.0,0.0,-0.0
VNI-upper-20241206T1425,BLOWERNG,0.0,0.0,-0.0
VNI-upper-20241206T1425,BOCORWF1,25.059910112359553,31.680915219611848,6.621005107252295
VNI-upper-20241206T1425,BOMENSF1,-60.02246298525248,0.0,60.02246298525249
VNI-upper-20241206T1425,BROKENH1,-25.416854893052616,4.756136874361596,30.17299176741421
VNI-upper-20241206T1425,CAPBES1,0.0,0.0,-0.0
VNI-upper-20241206T1425,COHUNSF1,0.0,0.0,-0.0
VNI-upper-20241206T1425,COLEASF1,-30.043378378790422,16.32095895522388,46.3643373340143
VNI-upper-20241206T1425,COLWF01,3.826845352400409,4.345480694586312,0.518635342185904
VNI-upper-20241206T1425,CROOKWF2,-1.2441266598569969,0.132788559754852,1.3769152196118488
VNI-upper-20241206T1425,CROOKWF3,0.0,0.43309499489274766,0.43309499489274766
VNI-upper-20241206T1425,CRWASF1,10.683569900751603,18.453278855975483,7.76970895522388
VNI-upper-20241206T1425,DARLSF1,10.72125740843789,31.504144282799498,20.78288687436161
VNI-upper-20241206T1425,DPNTB1,0.9959141981613892,0.9959141981613892,-0.0
VNI-upper-20241206T1425,FINLYSF1,-21.364221466010093,15.714579673135855,37.07880113914595
VNI-upper-20241206T1425,GANNB1,0.0,0.0,-0.0
VNI-upper-20241206T1425,GANNSF1,-0.08873533084577105,0.0,0.08873533084577105
VNI-upper-20241206T1425,GOONSF1,-0.764065372829418,0.16792645556690494,0.9319918283963229
VNI-upper-20241206T1425,GULLRSF1,-1.7597711950970376,0.5366894790602654,2.296460674157303
VNI-upper-20241206T1425,GULLRWF1,-3.622837293156281,0.7941476710929523,4.416984964249234
VNI-upper-20241206T1425,GULLRWF2,-8.811331205311543,0.0,8.811331205311543
VNI-upper-20241206T1425,GUNNING1,-0.19515832482124618,0.0,0.19515832482124618
VNI-upper-20241206T1425,GUTHEGA,0.0,0.0,-0.0
VNI-upper-20241206T1425,HILLSTN1,9.265398009950248,9.265398009950248,-0.0
VNI-upper-20241206T1425,HUMENSW,0.0,0.0,-0.0
VNI-upper-20241206T1425,HUMEV,0.0,0.0,-0.0
VNI-upper-20241206T1425,JEMALNG1,9.541931828396322,9.598921041879468,0.05698921348314576
VNI-upper-20241206T1425,JUNEESF1,8.84915119975963,10.689251516409271,1.8401003166496426
VNI-upper-20241206T1425,KARSF1,-0.20149223880597025,0.0,0.20149223880597025
VNI-upper-20241206T1425,KIAMSF1,3.158188308457712,3.158188308457712,-0.0
VNI-upper-20241206T1425,LIMOSF11,15.334563715144913,32.51159606741573,17.177032352270817
VNI-upper-20241206T1425,LIMOSF21,2.0520011480010574,3.7735452400408582,1.7215440920398006
VNI-upper-20241206T1425,MANSLR1,-4.380390194075588,0.26238815117466824,4.642778345250256
VNI-upper-20241206T1425,MOLNGSF1,0.37420071501532165,0.4645589387129724,0.09035822369765069
VNI-upper-20241206T1425,MURRAY,49.975124378109456,49.975124378109456,-0.0
VNI-upper-20241206T1425,MUWAWF1,-0.8170010161691537,0.0,0.8170010161691537
VNI-upper-20241206T1425,MUWAWF2,0.8967052599502489,0.8967052599502489,-0.0
VNI-upper-20241206T1425,PARSF1,-0.7262819203268639,0.15113381001021428,0.8774157303370782
VNI-upper-20241206T1425,QBYNB1,-2.0143003064351377,0.0,2.0143003064351377
VNI-upper-20241206T1425,RESS1,0.0,0.0,-0.0
VNI-upper-20241206T1425,RIVNB2,-0.9959141981613892,0.0,0.9959141981613892
VNI-upper-20241206T1425,RYEPARK1,-6.903788764044943,0.1605626149131767,7.06435137895812
VNI-upper-20241206T1425,SEBSF1,-43.577535093899755,23.425994017438356,67.00352911133811
VNI-upper-20241206T1425,SNOWYP,0.0,0.0,-0.0
VNI-upper-20241206T1425,STWF1,7.294906953231797,22.12784035466182,14.832933401430026
VNI-upper-20241206T1425,SUNRSF1,-4.841907294477557,4.862765515832484,9.70467281031004
VNI-upper-20241206T1425,SUNTPSF1,0.0,0.12127477017364667,0.12127477017364667
VNI-upper-20241206T1425,TUMUT3,1319.5892116036773,1319.5892116036773,-0.0
VNI-upper-20241206T1425,UPPTUMUT,341.3891726251276,341.3891726251276,-0.0
VNI-upper-20241206T1425,URANQ11,0.0,0.0,-0.0
VNI-upper-20241206T1425,URANQ12,0.0,0.0,-0.0
VNI-upper-20241206T1425,URANQ13,0.0,0.0,-0.0
VNI-upper-20241206T1425,URANQ14,0.0,0.0,-0.0
VNI-upper-20241206T1425,WAGGNSF1,-24.349795854003734,1.398592899826706,25.74838875383044
VNI-upper-20241206T1425,WEMENSF1,1.1996882462686562,1.1996882462686562,-0.0
VNI-upper-20241206T1425,WLWLSF1,-31.23103490570641,47.79101782431053,79.02205273001694
VNI-upper-20241206T1425,WLWLSF2,-22.795407224602222,21.736503575076608,44.531910799678826
VNI-upper-20241206T1425,WSTWYSF1,21.116824456662055,21.116824456662055,-0.0
VNI-upper-20241206T1425,WYASF1,-11.551441146933868,4.397725832482129,15.949166979415997
VNI-upper-20241206T1425,YATSF1,-0.6092537313432833,0.0,0.6092537313432833
VNI-upper-20241208T1805,AVLSF1,-39.474228690228706,0.0,39.474228690228706
VNI-upper-20241208T1805,BANGOWF1,0.12205821205820566,6.253409563409566,6.13135135135136
VNI-upper-20241208T1805,BANGOWF2,-5.516320166320164,1.4232224532224582,6.939542619542623
VNI-upper-20241208T1805,BERYLSF1,-28.983607276507268,0.0,28.98360727650727
VNI-upper-20241208T1805,BHB1,-19.395587162162165,30.093555093555096,49.48914225571726
VNI-upper-20241208T1805,BLOWERNG,0.0,0.0,-0.0
VNI-upper-20241208T1805,BOCORWF1,8.989515592515591,12.822501039501038,3.8329854469854467
VNI-upper-20241208T1805,BODWF1,11.189189189189195,14.178648648648654,2.989459459459458
VNI-upper-20241208T1805,BOMENSF1,-16.4548069022869,0.0,16.4548069022869
VNI-upper-20241208T1805,BROKENH1,-2.7565696465696465,1.1786642411642412,3.935233887733888
VNI-upper-20241208T1805,BW01,-160.9870296257797,0.0,160.9870296257797
VNI-upper-20241208T1805,BW02,0.0,79.29877817047823,79.29877817047823
VNI-upper-20241208T1805,BW03,-152.90501871101873,0.0,152.90501871101873
VNI-upper-20241208T1805,BW04,-161.4253742203743,0.0,161.4253742203743
VNI-upper-20241208T1805,CAPBES1,0.0,0.0,-0.0
VNI-upper-20241208T1805,CG1,0.0,0.0,-0.0
VNI-upper-20241208T1805,CG2,0.0,0.0,-0.0
VNI-upper-20241208T1805,CG3,0.0,0.0,-0.0
VNI-upper-20241208T1805,CG4,0.0,0.0,-0.0
VNI-upper-20241208T1805,COLEASF1,-25.90286033264033,0.0,25.90286033264033
VNI-upper-20241208T1805,COLWF01,13.145997920997928,13.145997920997928,-0.0
VNI-upper-20241208T1805,CROOKWF2,2.710270270270274,5.419407484407486,2.709137214137212
VNI-upper-20241208T1805,CROOKWF3,3.5090748440748456,4.434781704781707,0.9257068607068609
VNI-upper-20241208T1805,CRURWF1,3.128648648648647,3.9243243243243233,0.7956756756756764
VNI-upper-20241208T1805,CRWASF1,-7.911620478170478,0.0,7.911620478170478
VNI-upper-20241208T1805,DARLSF1,-55.374961247401245,0.0,55.374961247401245
VNI-upper-20241208T1805,DPNTB1,0.0,0.0,-0.0
VNI-upper-20241208T1805,ER01,0.0,83.81592037422028,83.81592037422028
VNI-upper-20241208T1805,ER02,0.0,90.44563596673598,90.44563596673598
VNI-upper-20241208T1805,ER03,75.96981559251552,75.96981559251552,-0.0
VNI-upper-20241208T1805,ER04,-2.1773288981289216,5.674942307692159,7.85227120582108
VNI-upper-20241208T1805,FINLYSF1,-25.065198118503123,0.0,25.065198118503123
VNI-upper-20241208T1805,FLYCRKWF,-15.714594594594594,81.26702702702704,96.98162162162163
VNI-upper-20241208T1805,GNNDHSF1,611.4864864864866,622.920997920998,11.434511434511522
VNI-upper-20241208T1805,GOONSF1,-44.66288981288981,0.0,44.66288981288981
VNI-upper-20241208T1805,GULLRSF1,-0.979906444906445,0.0,0.979906444906445
VNI-upper-20241208T1805,GULLRWF1,-6.061850311850308,4.097588357588355,10.159438669438664
VNI-upper-20241208T1805,GULLRWF2,-20.112885654885652,0.0,20.112885654885652
VNI-upper-20241208T1805,GUNNING1,-6.288378378378379,0.0,6.288378378378379
VNI-upper-20241208T1805,GUTHEGA,0.0,0.0,-0.0
VNI-upper-20241208T1805,HEZ1,0.0,83.36798336798338,83.36798336798338
VNI-upper-20241208T1805,HILLSTN1,8.861164241164243,10.08879417879418,1.2276299376299373
VNI-upper-20241208T1805,HUMENSW,0.0,0.0,-0.0
VNI-upper-20241208T1805,JEMALNG1,-8.052806652806655,13.802661122661123,21.855467775467776
VNI-upper-20241208T1805,JUNEESF1,-5.5392458731808745,1.1453789293139298,6.684624802494804
VNI-upper-20241208T1805,LIMOSF11,-48.185509480249465,3.59127917879418,51.77678865904364
VNI-upper-20241208T1805,LIMOSF21,-2.184052931392932,0.461767629937633,2.6458205613305648
VNI-upper-20241208T1805,MANSLR1,0.0,0.0,-0.0
VNI-upper-20241208T1805,METZSF1,408.366683991684,670.0247920997921,261.6581081081081
VNI-upper-20241208T1805,MOLNGSF1,-0.9454261954261973,21.366632016632018,22.31205821205821
VNI-upper-20241208T1805,MOREESF1,73.15291060291061,120.45093555093558,47.29802494802496
VNI-upper-20241208T1805,MP1,-9.989089397089415,45.55170062370066,55.54079002079008
VNI-upper-20241208T1805,MP2,-15.836387525987618,44.62590935550926,60.462296881496876
VNI-upper-20241208T1805,NEVERSF1,-26.50342765072766,43.641555301455305,70.14498295218297
VNI-upper-20241208T1805,NEWENSF1,679.481081081081,701.4594594594594,21.978378378378384
VNI-upper-20241208T1805,NEWENSF2,690.0594594594594,709.881081081081,19.821621621621617
VNI-upper-20241208T1805,NYNGAN1,-10.875758835758838,14.997463617463616,25.873222453222454
VNI-upper-20241208T1805,PARSF1,-39.48191268191268,0.0,39.48191268191268
VNI-upper-20241208T1805,QBYNB1,0.0,0.0,-0.0
VNI-upper-20241208T1805,RESS1,0.0,0.0,-0.0
VNI-upper-20241208T1805,RIVNB2,0.0,0.0,-0.0
VNI-upper-20241208T1805,RYEPARK1,-0.8763482328482297,19.73290124740126,20.60924948024949
VNI-upper-20241208T1805,SAPHWF1,94.48638097713098,94.48638097713098,-0.0
VNI-upper-20241208T1805,SEBSF1,-21.24383575883576,0.0,21.24383575883576
VNI-upper-20241208T1805,SNOWYP,192.3981288981289,192.3981288981289,-0.0
VNI-upper-20241208T1805,STWF1,5.893020270270277,17.52468087318088,11.631660602910605
VNI-upper-20241208T1805,SUNRSF1,-41.7613826923077,0.0,41.7613826923077
VNI-upper-20241208T1805,SUNTPSF1,-76.56060291060294,0.0,76.56060291060294
VNI-upper-20241208T1805,TARALGA1,1.3806133056133072,2.723430353430355,1.342817047817048
VNI-upper-20241208T1805,TUMUT3,1495.3222453222456,1495.3222453222456,-0.0
VNI-upper-20241208T1805,UPPTUMUT,353.8927008212059,414.6599923596674,60.767291538461535
VNI-upper-20241208T1805,URANQ11,0.0,0.0,-0.0
VNI-upper-20241208T1805,URANQ12,0.0,0.0,-0.0
VNI-upper-20241208T1805,URANQ13,0.0,0.0,-0.0
VNI-upper-20241208T1805,URANQ14,2.0353430353430353,2.0353430353430353,-0.0
VNI-upper-20241208T1805,VP5,-119.99861580041588,1.5002149688148962,121.49883076923078
VNI-upper-20241208T1805,VP6,-163.62556133056128,0.0,163.62556133056128
VNI-upper-20241208T1805,WAGGNSF1,-8.752429677754678,0.0,8.752429677754678
VNI-upper-20241208T1805,WELLSF1,-70.3238045738046,0.0,70.3238045738046
VNI-upper-20241208T1805,WELNSF1,-172.0403638253638,245.2650517671518,417.3054155925156
VNI-upper-20241208T1805,WOODLWN1,-2.7820436590436595,7.789390852390852,10.57143451143451
VNI-upper-20241208T1805,WRSF1,0.0,0.0,-0.0
VNI-upper-20241208T1805,WRWF1,-24.96283783783784,6.993243243243244,31.95608108108108
VNI-upper-20241208T1805,WSTWYSF1,44.43834407484409,60.639451143451154,16.201107068607065
VNI-upper-20241208T1805,WTAHB1,0.0,0.0,-0.0
VNI-upper-20241208T1805,WYASF1,16.878774189189183,32.69761483367983,15.818840644490644
VNI-upper-20241213T1315,AVLSF1,39.67364253393666,102.35916289592761,62.68552036199095
VNI-upper-20241213T1315,BANGOWF1,-0.33894570135746704,26.731701357466058,27.07064705882352
VNI-upper-20241213T1315,BANGOWF2,-5.375168552036199,22.178648190045248,27.55381674208145
VNI-upper-20241213T1315,BHB1,0.0,2.7828054298642533,2.7828054298642533
VNI-upper-20241213T1315,BLOWERNG,0.0,0.0,-0.0
VNI-upper-20241213T1315,BOMENSF1,-4.3106813348416315,18.19904660633484,22.50972794117647
VNI-upper-20241213T1315,BROKENH1,-2.220446049250313e-16,13.937444457013573,13.937444457013573
VNI-upper-20241213T1315,COLEASF1,-76.94774072398191,244.18350226244345,321.1312429864253
VNI-upper-20241213T1315,CRWASF1,2.5348760180995478,2.8199095022624423,0.28503348416289465
VNI-upper-20241213T1315,DARLSF1,-210.93659547511305,3.93906787330319,214.87566334841625
VNI-upper-20241213T1315,DPNTB1,0.0,0.0,-0.0
VNI-upper-20241213T1315,FINLYSF1,22.968670814479644,88.19489932126694,65.22622850678731
VNI-upper-20241213T1315,GUNNING1,9.291481900452485,15.065565610859725,5.774083710407238
VNI-upper-20241213T1315,HILLSTN1,0.0,0.0,-0.0
VNI-upper-20241213T1315,HUMENSW,0.0,0.0,-0.0
VNI-upper-20241213T1315,JUNEESF1,-1.2932114253393663,1.8764643665158354,3.169675791855201
VNI-upper-20241213T1315,LIMOSF11,55.08845429864251,94.8943058823529,39.80585158371038
VNI-upper-20241213T1315,LIMOSF21,1.0142552036199102,2.1737972850678724,1.1595420814479622
VNI-upper-20241213T1315,RESS1,63.800904977375566,63.800904977375566,-0.0
VNI-upper-20241213T1315,RIVNB2,0.0,0.0,-0.0
VNI-upper-20241213T1315,SEBSF1,-3.8796108597284986,5.629416515837106,9.509027375565605
VNI-upper-20241213T1315,STWF1,11.155988687782804,11.415067873303165,0.25907918552036185
VNI-upper-20241213T1315,SUNRSF1,3.4059909502262515,29.765500452488666,26.359509502262412
VNI-upper-20241213T1315,URANQ11,334.4775479638009,334.4775479638009,-0.0
VNI-upper-20241213T1315,URANQ12,0.0,0.0,-0.0
VNI-upper-20241213T1315,URANQ13,350.1809954751131,350.1809954751131,-0.0
VNI-upper-20241213T1315,URANQ14,350.1809954751131,350.1809954751131,-0.0
VNI-upper-20241213T1315,WAGGNSF1,-2.0691101809954757,3.0023664027149253,5.071476583710401
VNI-upper-20241213T1315,WLWLSF1,5.820736199095041,20.43409547511312,14.61335927601808
VNI-upper-20241213T1315,WLWLSF2,-0.8823076923076938,17.44022624434389,18.322533936651585
VNI-upper-20241213T1315,WSTWYSF1,-3.8796108597284986,5.629416515837106,9.509027375565605
VNI-upper-20241213T1315,WYASF1,-2.2846571266968345,3.3150909502262444,5.599748076923079
VNI-upper-20250114T1740,AVLSF1,-123.06213789581207,40.49329826353423,163.5554361593463
VNI-upper-20250114T1740,BANGOWF1,0.0,0.0,-0.0
VNI-upper-20250114T1740,BANGOWF2,0.0,0.0,-0.0
VNI-upper-20250114T1740,BHB1,0.0,49.948927477017364,49.948927477017364
VNI-upper-20250114T1740,BLOWERNG,0.0,0.0,-0.0
VNI-upper-20250114T1740,BOCORWF1,18.162945863125636,25.487948927477017,7.325003064351382
VNI-upper-20250114T1740,BOMENSF1,-26.03423880490296,0.0,26.034238804902962
VNI-upper-20250114T1740,BROKENH1,-12.331391215526047,5.210672114402449,17.542063329928496
VNI-upper-20250114T1740,CAPBES1,0.0,0.0,-0.0
VNI-upper-20250114T1740,COLEASF1,-35.56318973442288,0.5432213993871321,36.10641113381001
VNI-upper-20250114T1740,COLWF01,-7.4652401123595515,1.5301125842696628,8.995352696629213
VNI-upper-20250114T1740,CROOKWF2,-4.3554647599591405,2.3973442288049034,6.752808988764045
VNI-upper-20250114T1740,CROOKWF3,1.8253319713993876,7.8682328907048005,6.0429009193054135
VNI-upper-20250114T1740,CRWASF1,-6.607779203268642,1.5307548110316656,8.138534014300307
VNI-upper-20250114T1740,DARLSF1,-225.30238253319712,0.0,225.30238253319712
VNI-upper-20250114T1740,DPNTB1,0.0,0.0,-0.0
VNI-upper-20250114T1740,FINLYSF1,-3.543370214504594,28.497051235955063,32.04042145045966
VNI-upper-20250114T1740,GOONSF1,-1.5701123595505622,5.001409601634321,6.571521961184883
VNI-upper-20250114T1740,GULLRSF1,-0.4104096016343209,1.8371685393258423,2.2475781409601634
VNI-upper-20250114T1740,GULLRWF1,-6.24337897854954,1.265100326864147,7.508479305413687
VNI-upper-20250114T1740,GULLRWF2,0.3052408682328907,3.030676322778345,2.725435454545454
VNI-upper-20250114T1740,GUNNING1,-1.1102230246251565e-16,0.9634157303370787,0.9634157303370788
VNI-upper-20250114T1740,GUTHEGA,0.0,0.0,-0.0
VNI-upper-20250114T1740,HILLSTN1,-0.542773237997952,30.300699438202248,30.8434726762002
VNI-upper-20250114T1740,HUMENSW,0.0,0.0,-0.0
VNI-upper-20250114T1740,JEMALNG1,5.488553319713994,12.49795058222676,7.009397262512768
VNI-upper-20250114T1740,JUNEESF1,-5.105531338100102,7.721098896833503,12.826630234933607
VNI-upper-20250114T1740,LIMOSF11,141.95485663942802,330.64679859039836,188.69194195097037
VNI-upper-20250114T1740,LIMOSF21,24.279388079673137,33.10823469867212,8.82884661899898
VNI-upper-20250114T1740,MANSLR1,-0.4013156281920329,1.9834354239019412,2.384751052093974
VNI-upper-20250114T1740,MOLNGSF1,1.4893280286006128,2.0661389172625126,0.5768108886619
VNI-upper-20250114T1740,PARSF1,-2.9163227783452497,0.9697752808988775,3.8860980592441274
VNI-upper-20250114T1740,QBYNB1,0.0,0.0,-0.0
VNI-upper-20250114T1740,RESS1,0.0,0.0,-0.0
VNI-upper-20250114T1740,RIVNB2,0.0,0.0,-0.0
VNI-upper-20250114T1740,RYEPARK1,-5.559644535240041,2.482816751787538,8.042461287027578
VNI-upper-20250114T1740,SEBSF1,-24.91950278855975,6.1449149846782465,31.064417773237995
VNI-upper-20250114T1740,SNOWYP,0.0,0.0,-0.0
VNI-upper-20250114T1740,STWF1,-0.42756281920326433,20.06158712972421,20.489149948927476
VNI-upper-20250114T1740,SUNRSF1,-24.70650373850866,3.0845855975485237,27.79108933605718
VNI-upper-20250114T1740,SUNTPSF1,-7.830260894790602,3.547401168539325,11.377662063329927
VNI-upper-20250114T1740,TUMUT3,1273.8917262512766,1278.9070480081714,5.0153217568947905
VNI-upper-20250114T1740,UPPTUMUT,233.4454104596527,316.2870275791624,82.8416171195097
VNI-upper-20250114T1740,URANQ11,101.26844053115423,101.26844053115423,-0.0
VNI-upper-20250114T1740,URANQ12,101.26844053115423,101.26844053115423,-0.0
VNI-upper-20250114T1740,URANQ13,134.72903914198162,134.72903914198162,-0.0
VNI-upper-20250114T1740,URANQ14,155.87742594484166,155.87742594484166,-0.0
VNI-upper-20250114T1740,WAGGNSF1,-19.301826741573038,0.0,19.301826741573038
VNI-upper-20250114T1740,WLWLSF1,-50.41694233912155,61.80141737487233,112.21835971399388
VNI-upper-20250114T1740,WLWLSF2,1.0568365679264566,74.41466700715016,73.35783043922369
VNI-upper-20250114T1740,WSTWYSF1,-26.685606741573032,5.137976506639431,31.823583248212465
VNI-upper-20250114T1740,WYASF1,-5.938633789581202,22.356502737487233,28.295136527068436
VNI-upper-20250115T1345,ARWF1,-6.746591363163379,12.328779292403759,19.075370655567138
VNI-upper-20250115T1345,AVLSF1,23.419845103043205,102.82359120085798,79.40374609781476
VNI-upper-20250115T1345,BANGOWF1,6.163775280898872,6.163775280898872,-0.0
VNI-upper-20250115T1345,BANGOWF2,0.2671797752809006,0.2671797752809006,-0.0
VNI-upper-20250115T1345,BANN1,-63.16011134235171,75.5274330905307,138.68754443288242
VNI-upper-20250115T1345,BHB1,7.835607061507048,21.50886408544045,13.673257023933402
VNI-upper-20250115T1345,BLOWERNG,0.0,0.0,-0.0
VNI-upper-20250115T1345,BOCORWF1,1.1682941777323763,1.1682941777323763,-0.0
VNI-upper-20250115T1345,BOMENSF1,0.17996279877425955,0.17996279877425955,-0.0
VNI-upper-20250115T1345,BROKENH1,0.0,251.5879292403746,251.5879292403746
VNI-upper-20250115T1345,BULBES1,0.0,0.0,-0.0
VNI-upper-20250115T1345,BULGANA1,-31.921748178980224,11.780645161290336,43.70239334027056
VNI-upper-20250115T1345,CAPBES1,0.0,0.0,-0.0
VNI-upper-20250115T1345,COHUNSF1,0.0,0.0,-0.0
VNI-upper-20250115T1345,COLEASF1,-70.51549011499554,20.938403225806443,91.45389334080198
VNI-upper-20250115T1345,COLWF01,1.0759596220633272,1.0759596220633272,-0.0
VNI-upper-20250115T1345,CROOKWF2,-7.409601634320739,0.0,7.409601634320739
VNI-upper-20250115T1345,CROOKWF3,7.440245148110315,7.440245148110315,-0.0
VNI-upper-20250115T1345,CROWLWF1,-0.0015400624349588554,17.236378772112392,17.23791883454735
VNI-upper-20250115T1345,CRWASF1,0.02809364657813995,0.02809364657813995,-0.0
VNI-upper-20250115T1345,DARLSF1,22.53668811179405,73.50345793489498,50.96676982310093
VNI-upper-20250115T1345,DPNTB1,0.0,0.0,-0.0
VNI-upper-20250115T1345,FINLYSF1,31.800393626149127,31.800393626149127,-0.0
VNI-upper-20250115T1345,GANNB1,0.0,0.0,-0.0
VNI-upper-20250115T1345,GANNSF1,7.10582684703433,7.105826847034331,-0.0
VNI-upper-20250115T1345,GOONSF1,-0.7332788559754846,0.0,0.7332788559754846
VNI-upper-20250115T1345,GULLRSF1,-3.4696414708886616,0.0,3.4696414708886616
VNI-upper-20250115T1345,GULLRWF1,4.588796884576096,4.588796884576096,-0.0
VNI-upper-20250115T1345,GULLRWF2,9.286021338100115,9.286021338100115,-0.0
VNI-upper-20250115T1345,GUNNING1,-7.899628192032686,0.0,7.899628192032686
VNI-upper-20250115T1345,GUTHEGA,0.0,0.0,-0.0
VNI-upper-20250115T1345,HILLSTN1,8.785311733712852,62.95920915712799,54.17389742341513
VNI-upper-20250115T1345,HUMENSW,0.0,0.0,-0.0
VNI-upper-20250115T1345,JEMALNG1,-2.713363146067415,0.0,2.713363146067415
VNI-upper-20250115T1345,JUNEESF1,-0.6442810725229815,0.0,0.6442810725229815
VNI-upper-20250115T1345,KARSF1,-115.84659521331943,216.394918314256,332.2415135275754
VNI-upper-20250115T1345,KERNGSP1,0.0,0.0,-0.0
VNI-upper-20250115T1345,KIAMSF1,-202.59794224765864,438.2645707596254,640.8625130072841
VNI-upper-20250115T1345,KIATAWF1,-0.3182559833506776,0.3177752341311158,0.6360312174817935
VNI-upper-20250115T1345,LIMOSF11,708.4718259631451,1131.9920132680356,423.52018730489067
VNI-upper-20250115T1345,LIMOSF21,48.685962379320586,139.16836628511967,90.48240390579907
VNI-upper-20250115T1345,MANSLR1,-0.7062717058222677,0.0,0.7062717058222677
VNI-upper-20250115T1345,MOLNGSF1,1.0555968008171603,1.0555968008171603,-0.0
VNI-upper-20250115T1345,MURRAY,0.0,0.0,-0.0
VNI-upper-20250115T1345,MUWAWF1,485.48751300728406,485.48751300728406,-0.0
VNI-upper-20250115T1345,MUWAWF2,29.217481789802278,73.76690946930282,44.54942767950054
VNI-upper-20250115T1345,PARSF1,-4.338100102145046,0.0,4.338100102145046
VNI-upper-20250115T1345,QBYNB1,-2.0143003064351377,0.0,2.0143003064351377
VNI-upper-20250115T1345,RESS1,0.0,0.0,-0.0
VNI-upper-20250115T1345,RIVNB2,0.0,0.0,-0.0
VNI-upper-20250115T1345,RYEPARK1,23.7442941777324,23.7442941777324,-0.0
VNI-upper-20250115T1345,SEBSF1,13.604601634320733,13.604601634320733,-0.0
VNI-upper-20250115T1345,SNOWYP,0.0,0.0,-0.0
VNI-upper-20250115T1345,STWF1,87.34334509528405,147.5186655947637,60.17532049947963
VNI-upper-20250115T1345,SUNRSF1,688.6249128684688,1073.643227124452,385.01831425598334
VNI-upper-20250115T1345,SUNTPSF1,0.2775884371807976,0.2775884371807976,-0.0
VNI-upper-20250115T1345,TUMUT3,0.0,0.0,-0.0
VNI-upper-20250115T1345,UPPTUMUT,0.0,0.0,-0.0
VNI-upper-20250115T1345,URANQ11,0.0,0.0,-0.0
VNI-upper-20250115T1345,URANQ12,0.0,0.0,-0.0
VNI-upper-20250115T1345,URANQ13,0.0,0.0,-0.0
VNI-upper-20250115T1345,URANQ14,0.0,0.0,-0.0
VNI-upper-20250115T1345,WAGGNSF1,1.5456787231869256,1.5456787231869256,-0.0
VNI-upper-20250115T1345,WEMENSF1,-71.77350280957336,49.33910010405827,121.11260291363162
VNI-upper-20250115T1345,WLWLSF1,3.2615034320735448,3.2615034320735448,-0.0
VNI-upper-20250115T1345,WLWLSF2,5.96179570990807,5.96179570990807,-0.0
VNI-upper-20250115T1345,WSTWYSF1,-5.23710352400408,0.0,5.23710352400408
VNI-upper-20250115T1345,WYASF1,-7.343980725229829,0.0,7.343980725229829
VNI-upper-20250115T1345,YATSF1,-123.4341311134235,76.66477627471382,200.09890738813732
VNI-upper-20250115T1400,ARWF1,-4.51155525494277,0.0,4.51155525494277
VNI-upper-20250115T1400,AVLSF1,0.0,0.0,-0.0
VNI-upper-20250115T1400,BANN1,-138.68754443288242,0.0,138.68754443288242
VNI-upper-20250115T1400,BHB1,-6.836628511966701,0.0,6.836628511966701
VNI-upper-20250115T1400,BROKENH1,251.5879292403746,251.5879292403746,-0.0
VNI-upper-20250115T1400,BULBES1,0.0,0.0,-0.0
VNI-upper-20250115T1400,BULGANA1,9.068678459937566,9.068678459937566,-0.0
VNI-upper-20250115T1400,COHUNSF1,0.0,0.0,-0.0
VNI-upper-20250115T1400,COLEASF1,-45.25483870967741,0.0,45.25483870967741
VNI-upper-20250115T1400,CROWLWF1,5.29473465140479,5.29473465140479,-0.0
VNI-upper-20250115T1400,DARLSF1,-48.78826056191468,0.0,48.78826056191468
VNI-upper-20250115T1400,DPNTB1,0.0,0.0,-0.0
VNI-upper-20250115T1400,GANNB1,0.0,0.0,-0.0
VNI-upper-20250115T1400,GANNSF1,2.5073381893860502,2.5073381893860502,-0.0
VNI-upper-20250115T1400,HILLSTN1,0.2848074921956324,0.2848074921956324,-0.0
VNI-upper-20250115T1400,KARSF1,-332.2415135275754,0.0,332.2415135275754
VNI-upper-20250115T1400,KERNGSP1,0.0,0.0,-0.0
VNI-upper-20250115T1400,KIAMSF1,-346.2305135275754,0.0,346.2305135275754
VNI-upper-20250115T1400,KIATAWF1,-0.3182559833506776,0.0,0.3182559833506776
VNI-upper-20250115T1400,LIMOSF11,1051.8951092611865,1051.8951092611865,-0.0
VNI-upper-20250115T1400,LIMOSF21,138.6588969823101,138.6588969823101,-0.0
VNI-upper-20250115T1400,MURRAY,0.0,0.0,-0.0
VNI-upper-20250115T1400,MUWAWF1,150.00718002081163,150.00718002081163,-0.0
VNI-upper-20250115T1400,MUWAWF2,1.1571279916753547,1.1571279916753547,-0.0
VNI-upper-20250115T1400,RESS1,0.0,0.0,-0.0
VNI-upper-20250115T1400,RIVNB2,0.0,0.0,-0.0
VNI-upper-20250115T1400,STWF1,-7.781450572320483,0.0,7.781450572320483
VNI-upper-20250115T1400,SUNRSF1,956.2683662851196,956.2683662851196,-0.0
VNI-upper-20250115T1400,WEMENSF1,-21.206328824141508,0.0,21.206328824141508
VNI-upper-20250115T1400,YATSF1,-167.01352757544223,0.0,167.01352757544223
VNI-upper-20250122T0705,AVLSF1,100.05653086419753,321.63625925925925,221.57972839506172
VNI-upper-20250122T0705,BANGOWF1,-32.40689300411522,10.47763683127572,42.88452983539094
VNI-upper-20250122T0705,BANGOWF2,-8.603150205761315,12.026318930041159,20.62946913580247
VNI-upper-20250122T0705,BHB1,-24.97427983539095,0.0,24.97427983539095
VNI-upper-20250122T0705,BLOWERNG,0.0,0.0,-0.0
VNI-upper-20250122T0705,BOCORWF1,30.649146090534984,41.951952890946515,11.302806800411528
VNI-upper-20250122T0705,BOMENSF1,19.83922109053498,62.38194899176955,42.54272790123457
VNI-upper-20250122T0705,BROKENH1,19.73068004115226,43.353351851851855,23.62267181069959
VNI-upper-20250122T0705,CAPBES1,0.0,75.46296296296296,75.46296296296296
VNI-upper-20250122T0705,COLEASF1,106.559670781893,148.9266904526749,42.36701967078188
VNI-upper-20250122T0705,COLWF01,-49.88721193415639,38.23132716049382,88.11853909465022
VNI-upper-20250122T0705,CROOKWF2,-8.857314814814817,6.882552469135784,15.739867283950602
VNI-upper-20250122T0705,CROOKWF3,-0.8479320987654306,13.748759259259266,14.596691358024696
VNI-upper-20250122T0705,CRWASF1,13.045072777777778,39.62542067901234,26.580347901234568
VNI-upper-20250122T0705,DARLSF1,194.08454773662552,265.9593643621399,71.87481662551438
VNI-upper-20250122T0705,DPNTB1,0.0,0.0,-0.0
VNI-upper-20250122T0705,FINLYSF1,16.568878446502048,132.13920694444442,115.5703284979424
VNI-upper-20250122T0705,GOONSF1,2.7647736625514403,3.2740740740740737,0.5093004115226337
VNI-upper-20250122T0705,GULLRSF1,4.528333333333334,8.77148148148148,4.243148148148148
VNI-upper-20250122T0705,GULLRWF1,-8.11859074074074,27.271719444444443,35.390310185185186
VNI-upper-20250122T0705,GULLRWF2,4.0995370370370425,37.190908333333375,33.09137129629633
VNI-upper-20250122T0705,GUNNING1,-3.181352880658433,10.142644032921808,13.323996913580242
VNI-upper-20250122T0705,GUTHEGA,0.0,0.0,-0.0
VNI-upper-20250122T0705,HILLSTN1,-12.010370370370374,86.66687242798355,98.67724279835392
VNI-upper-20250122T0705,HUMENSW,0.0,0.0,-0.0
VNI-upper-20250122T0705,JEMALNG1,14.236409465020575,34.440553919753086,20.204144454732514
VNI-upper-20250122T0705,JUNEESF1,11.908184300411524,17.606312201646094,5.698127901234569
VNI-upper-20250122T0705,LIMOSF11,83.99950514403291,269.6841202674897,185.68461512345675
VNI-upper-20250122T0705,LIMOSF21,15.70761316872428,32.56493580246914,16.857322633744857
VNI-upper-20250122T0705,MANSLR1,-2.133883744855967,1.0463487654320989,3.180232510288066
VNI-upper-20250122T0705,MOLNGSF1,0.3564650205761317,3.9881820987654333,3.631717078189301
VNI-upper-20250122T0705,PARSF1,1.6958024691358022,2.198106995884774,0.5023045267489713
VNI-upper-20250122T0705,QBYNB1,0.0,0.0,-0.0
VNI-upper-20250122T0705,RESS1,0.0,0.0,-0.0
VNI-upper-20250122T0705,RIVNB2,0.0,0.0,-0.0
VNI-upper-20250122T0705,RYEPARK1,-84.4134351851852,98.56658055555559,182.98001574074075
VNI-upper-20250122T0705,SEBSF1,29.00483444444444,47.194047386831265,18.189212942386824
VNI-upper-20250122T0705,SNOWYP,0.0,0.0,-0.0
VNI-upper-20250122T0705,STWF1,-52.90621368312756,208.72176452674898,261.6279782098766
VNI-upper-20250122T0705,SUNRSF1,100.06640751028806,219.49409485596706,119.427687345679
VNI-upper-20250122T0705,SUNTPSF1,4.24807098765432,8.739341563786008,4.491270576131687
VNI-upper-20250122T0705,TUMUT3,0.0,0.0,-0.0
VNI-upper-20250122T0705,UPPTUMUT,0.0,0.0,-0.0
VNI-upper-20250122T0705,URANQ11,0.0,0.0,-0.0
VNI-upper-20250122T0705,URANQ12,0.0,0.0,-0.0
VNI-upper-20250122T0705,URANQ13,0.0,0.0,-0.0
VNI-upper-20250122T0705,URANQ14,0.0,0.0,-0.0
VNI-upper-20250122T0705,WAGGNSF1,11.048777839506172,32.319023415637865,21.270245576131693
VNI-upper-20250122T0705,WLWLSF1,133.55518847736624,191.99378652263374,58.43859804526748
VNI-upper-20250122T0705,WLWLSF2,128.9850514403292,195.40111111111108,66.41605967078189
VNI-upper-20250122T0705,WSTWYSF1,17.71782304526749,44.27926656378602,26.561443518518523
VNI-upper-20250122T0705,WYASF1,14.488561255144031,30.344726255144028,15.856164999999997
VNI-upper-20250204T1515,ARWF1,-3.8216699999999832,0.0,3.8216699999999832
VNI-upper-20250204T1515,AVLSF1,37.64559077289758,50.119765772897566,12.47417499999998
VNI-upper-20250204T1515,BANGOWF1,0.0,0.0,-0.0
VNI-upper-20250204T1515,BANGOWF2,-1.0953483146067415,0.0,1.0953483146067415
VNI-upper-20250204T1515,BANN1,171.924864,171.924864,-0.0
VNI-upper-20250204T1515,BHB1,-8.801021450459652,0.9989785495403473,9.799999999999999
VNI-upper-20250204T1515,BLOWERNG,0.0,0.0,-0.0
VNI-upper-20250204T1515,BOCORWF1,1.0688280286006107,1.0688280286006107,-0.0
VNI-upper-20250204T1515,BOMENSF1,-40.099179775280895,0.0,40.099179775280895
VNI-upper-20250204T1515,BROKENH1,-0.9213689479060496,0.87710000000001,1.7984689479060596
VNI-upper-20250204T1515,BULBES1,0.0,0.0,-0.0
VNI-upper-20250204T1515,BULGANA1,-0.8191388333333443,0.35499999999999665,1.174138833333341
VNI-upper-20250204T1515,CAPBES1,0.0,0.0,-0.0
VNI-upper-20250204T1515,COHUNSF1,0.0,0.0,-0.0
VNI-upper-20250204T1515,COLEASF1,74.48659290602656,74.48659290602656,-0.0
VNI-upper-20250204T1515,COLWF01,12.153957916241069,12.153957916241069,-0.0
VNI-upper-20250204T1515,CROOKWF2,-14.713993871297241,0.0,14.713993871297241
VNI-upper-20250204T1515,CROOKWF3,-4.109295199182839,0.0,4.109295199182839
VNI-upper-20250204T1515,CROWLWF1,5.790506666666669,5.790506666666669,-0.0
VNI-upper-20250204T1515,CRWASF1,0.1413754443309495,0.1413754443309495,-0.0
VNI-upper-20250204T1515,DARLSF1,58.62601470497104,95.55597716666666,36.92996246169563
VNI-upper-20250204T1515,DPNTB1,0.0,0.0,-0.0
VNI-upper-20250204T1515,FINLYSF1,10.039105484048351,11.486244900715016,1.4471394166666647
VNI-upper-20250204T1515,GANNB1,0.0,0.0,-0.0
VNI-upper-20250204T1515,GANNSF1,17.828856000000005,27.167832,9.338975999999995
VNI-upper-20250204T1515,GOONSF1,-0.411419816138918,0.0,0.411419816138918
VNI-upper-20250204T1515,GULLRSF1,-8.294754851889682,0.0,8.294754851889682
VNI-upper-20250204T1515,GULLRWF1,-20.90106115423902,0.0,20.90106115423902
VNI-upper-20250204T1515,GULLRWF2,-15.778731787538304,0.0,15.778731787538304
VNI-upper-20250204T1515,GUNNING1,0.8701205311542388,0.8701205311542388,-0.0
VNI-upper-20250204T1515,GUTHEGA,3.0091930541368743,3.0091930541368743,-0.0
VNI-upper-20250204T1515,HILLSTN1,-33.056742934967666,2.7847570650323417,35.8415
VNI-upper-20250204T1515,HUMENSW,0.0,0.0,-0.0
VNI-upper-20250204T1515,HUMEV,0.0,0.0,-0.0
VNI-upper-20250204T1515,JEMALNG1,-7.2586925434116445,0.0,7.2586925434116445
VNI-upper-20250204T1515,JUNEESF1,-11.714477558733403,0.0,11.714477558733403
VNI-upper-20250204T1515,KARSF1,-14.089548833333321,0.5406263333333331,14.630175166666655
VNI-upper-20250204T1515,KERNGSP1,0.0,0.0,-0.0
VNI-upper-20250204T1515,KIAMSF1,-54.644537000000014,0.0,54.644537000000014
VNI-upper-20250204T1515,KIATAWF1,-0.8849749999999987,1.4290250000000009,2.3139999999999996
VNI-upper-20250204T1515,LIMOSF11,-17.506571681988646,20.530333333333317,38.03690501532196
VNI-upper-20250204T1515,LIMOSF21,47.16016462376574,47.16016462376574,-0.0
VNI-upper-20250204T1515,MANSLR1,0.20202655771195097,0.20202655771195097,-0.0
VNI-upper-20250204T1515,MOLNGSF1,0.2557420837589377,0.2557420837589377,-0.0
VNI-upper-20250204T1515,MURRAY,-93.97887811666666,0.0,93.97887811666666
VNI-upper-20250204T1515,MUWAWF1,86.03741666666666,86.03741666666666,-0.0
VNI-upper-20250204T1515,MUWAWF2,-52.35136124999999,0.0,52.35136124999999
VNI-upper-20250204T1515,PARSF1,0.0,0.0,-0.0
VNI-upper-20250204T1515,QBYNB1,0.0,0.0,-0.0
VNI-upper-20250204T1515,RESS1,0.0,0.0,-0.0
VNI-upper-20250204T1515,RIVNB2,0.0,0.0,-0.0
VNI-upper-20250204T1515,RYEPARK1,-15.19893180796731,0.0,15.19893180796731
VNI-upper-20250204T1515,SEBSF1,13.822354443309496,13.822354443309496,-0.0
VNI-upper-20250204T1515,SNOWYP,0.0,0.0,-0.0
VNI-upper-20250204T1515,STWF1,0.0,0.0,-0.0
VNI-upper-20250204T1515,SUNRSF1,78.19296337759607,78.19296337759609,-0.0
VNI-upper-20250204T1515,SUNTPSF1,0.0,0.0,-0.0
VNI-upper-20250204T1515,TUMUT3,1802.9580183861083,1802.9580183861083,-0.0
VNI-upper-20250204T1515,UPPTUMUT,34.13891726251276,34.13891726251276,-0.0
VNI-upper-20250204T1515,URANQ11,0.0,0.0,-0.0
VNI-upper-20250204T1515,URANQ12,0.0,0.0,-0.0
VNI-upper-20250204T1515,URANQ13,0.0,0.0,-0.0
VNI-upper-20250204T1515,URANQ14,0.0,0.0,-0.0
VNI-upper-20250204T1515,WAGGNSF1,0.0,0.0,-0.0
VNI-upper-20250204T1515,WEMENSF1,1.3461119999999995,2.8935360000000006,1.547424000000001
VNI-upper-20250204T1515,WLWLSF1,13.78167776302349,13.78167776302349,-0.0
VNI-upper-20250204T1515,WLWLSF2,-25.996892206332998,0.0,25.996892206332998
VNI-upper-20250204T1515,WSTWYSF1,0.850225740551578,0.850225740551578,-0.0
VNI-upper-20250204T1515,WYASF1,0.5497862512768096,0.5497862512768096,-0.0
VNI-upper-20250204T1515,YATSF1,-0.7693500000000555,0.0,0.7693500000000555
VNI-upper-20250205T1630,ARWF1,-3.8277100000000104,0.0,3.8277100000000104
VNI-upper-20250205T1630,AVLSF1,-7.527214581205302,382.07629716547495,389.60351174668034
VNI-upper-20250205T1630,BANGOWF1,-44.01276404494383,95.70006741573036,139.7128314606742
VNI-upper-20250205T1630,BANGOWF2,-7.976337078651692,57.97978651685394,65.95612359550563
VNI-upper-20250205T1630,BANN1,-1.5709119999999985,0.0,1.5709119999999985
VNI-upper-20250205T1630,BHB1,24.974463738508682,49.948927477017364,24.974463738508682
VNI-upper-20250205T1630,BLOWERNG,0.0,0.0,-0.0
VNI-upper-20250205T1630,BOCORWF1,0.0,0.0,-0.0
VNI-upper-20250205T1630,BOMENSF1,-1.3407139427987742,0.49183431052093973,1.832548253319714
VNI-upper-20250205T1630,BROKENH1,-27.43344504596526,0.0,27.43344504596526
VNI-upper-20250205T1630,BULBES1,-12.8155,0.0,12.8155
VNI-upper-20250205T1630,BULGANA1,-4.4375,0.0,4.4375
VNI-upper-20250205T1630,CAPBES1,0.0,0.0,-0.0
VNI-upper-20250205T1630,COHUNSF1,0.0,0.0,-0.0
VNI-upper-20250205T1630,COLEASF1,-31.2229241297242,118.76991879468848,149.99284292441268
VNI-upper-20250205T1630,COLWF01,-190.95866843718082,45.42044494382025,236.37911338100108
VNI-upper-20250205T1630,CROOKWF2,-56.85801838610827,37.069458631256396,93.92747701736467
VNI-upper-20250205T1630,CROOKWF3,-36.22574055158325,37.2829417773238,73.50868232890706
VNI-upper-20250205T1630,CROWLWF1,-3.707733333333332,0.0,3.707733333333332
VNI-upper-20250205T1630,CRWASF1,-4.154500020429011,1.9828352196118524,6.137335240040864
VNI-upper-20250205T1630,DARLSF1,-90.68919386925434,40.71725485188968,131.40644872114402
VNI-upper-20250205T1630,DPNTB1,24.897854954034727,49.795709908069455,24.897854954034727
VNI-upper-20250205T1630,FINLYSF1,-25.913143336738173,133.65156367722165,159.5647070139598
VNI-upper-20250205T1630,GANNB1,0.0,0.0,-0.0
VNI-upper-20250205T1630,GANNSF1,-0.7387379999999979,0.0,0.7387379999999979
VNI-upper-20250205T1630,GOONSF1,-9.005243697650664,26.245639959141986,35.25088365679265
VNI-upper-20250205T1630,GULLRSF1,-0.10591215526046985,0.018330949948927474,0.12424310520939733
VNI-upper-20250205T1630,GULLRWF1,-124.49582790602655,61.358221297242096,185.85404920326866
VNI-upper-20250205T1630,GULLRWF2,-15.96707211440247,95.61094554647599,111.57801766087844
VNI-upper-20250205T1630,GUNNING1,32.79707048008172,43.53839427987742,10.741323799795707
VNI-upper-20250205T1630,GUTHEGA,0.0,0.0,-0.0
VNI-upper-20250205T1630,HILLSTN1,0.8680621382362951,10.991529962546815,10.12346782431052
VNI-upper-20250205T1630,HUMENSW,0.0,0.0,-0.0
VNI-upper-20250205T1630,HUMEV,0.0,0.0,-0.0
VNI-upper-20250205T1630,JEMALNG1,-2.1323365474974474,33.04707654749744,35.17941309499489
VNI-upper-20250205T1630,JUNEESF1,0.15296145045965276,1.7884137180796733,1.6354522676200207
VNI-upper-20250205T1630,KARSF1,26.917475166666645,26.917475166666645,-0.0
VNI-upper-20250205T1630,KERNGSP1,0.0,0.0,-0.0
VNI-upper-20250205T1630,KIAMSF1,28.164368000000035,28.164368000000035,-0.0
VNI-upper-20250205T1630,KIATAWF1,0.5006625,0.5006625,-0.0
VNI-upper-20250205T1630,LIMOSF11,-75.26349909090908,21.556422216547528,96.81992130745661
VNI-upper-20250205T1630,LIMOSF21,-5.787845331971403,5.540128896833506,11.327974228804909
VNI-upper-20250205T1630,MANSLR1,4.718332992849846,6.126519693564862,1.4081867007150153
VNI-upper-20250205T1630,MOLNGSF1,0.18365679264555657,1.2810061287027577,1.097349336057201
VNI-upper-20250205T1630,MURRAY,0.0,0.0,-0.0
VNI-upper-20250205T1630,MUWAWF1,0.0,0.0,-0.0
VNI-upper-20250205T1630,MUWAWF2,-1.3708333333333318,0.0,1.3708333333333318
VNI-upper-20250205T1630,PARSF1,-6.5009340755873355,17.844511685393257,24.345445760980596
VNI-upper-20250205T1630,QBYNB1,0.0,0.0,-0.0
VNI-upper-20250205T1630,RESS1,59.7535771195097,59.7535771195097,-0.0
VNI-upper-20250205T1630,RIVNB2,64.73378549540347,89.6316404494382,24.897854954034727
VNI-upper-20250205T1630,RYEPARK1,-27.201153789581213,202.30112400408572,229.5022777936669
VNI-upper-20250205T1630,SEBSF1,6.245546475995914,6.92849846782431,0.6829519918283967
VNI-upper-20250205T1630,SNOWYP,0.0,0.0,-0.0
VNI-upper-20250205T1630,STWF1,-28.594704116445385,34.33639121552605,62.931095331971434
VNI-upper-20250205T1630,SUNRSF1,-72.10945268641458,65.7476091930541,137.8570618794687
VNI-upper-20250205T1630,SUNTPSF1,-2.905179922369766,5.615235873340145,8.52041579570991
VNI-upper-20250205T1630,TUMUT3,1775.423901940756,1775.423901940756,-0.0
VNI-upper-20250205T1630,UPPTUMUT,228.66990810010208,582.2762143922369,353.60630629213483
VNI-upper-20250205T1630,URANQ11,0.0,0.0,-0.0
VNI-upper-20250205T1630,URANQ12,0.0,0.0,-0.0
VNI-upper-20250205T1630,URANQ13,-5.82754725229827,8.926455566905005,14.754002819203276
VNI-upper-20250205T1630,URANQ14,-2.7280438406537204,12.89376915219612,15.62181299284984
VNI-upper-20250205T1630,WAGGNSF1,-0.15836567926455566,0.14598346271705823,0.3043491419816139
VNI-upper-20250205T1630,WEMENSF1,-41.294399999999996,0.0,41.294399999999996
VNI-upper-20250205T1630,WLWLSF1,54.105242083758945,153.85404800817162,99.74880592441265
VNI-upper-20250205T1630,WLWLSF2,49.30207456588356,148.8762379979571,99.57416343207355
VNI-upper-20250205T1630,WSTWYSF1,-6.029773237997957,10.766886618998978,16.796659856996936
VNI-upper-20250205T1630,WYASF1,-24.850732492339123,61.04132852911134,85.89206102145046
VNI-upper-20250205T1630,YATSF1,-3.2818166666667032,0.0,3.2818166666667032
VNI-upper-20250205T1645,AVLSF1,100.15042288049032,372.9293329928498,272.7789101123596
VNI-upper-20250205T1645,BANGOWF1,-45.43476404494383,80.83919101123598,126.2739550561798
VNI-upper-20250205T1645,BANGOWF2,6.15401123595505,57.97978651685394,51.82577528089889
VNI-upper-20250205T1645,BHB1,24.974463738508682,49.948927477017364,24.974463738508682
VNI-upper-20250205T1645,BLOWERNG,0.0,0.0,-0.0
VNI-upper-20250205T1645,BOCORWF1,0.0,0.0,-0.0
VNI-upper-20250205T1645,BOMENSF1,-1.2147340449438202,0.49183431052093973,1.7065683554647602
VNI-upper-20250205T1645,BROKENH1,-18.68089887640449,0.0,18.680898876404495
VNI-upper-20250205T1645,CAPBES1,0.0,0.0,-0.0
VNI-upper-20250205T1645,COLEASF1,4.4019407558733405,113.75594892747705,109.3540081716037
VNI-upper-20250205T1645,COLWF01,-192.6841260061287,36.19688727272729,228.88101327885602
VNI-upper-20250205T1645,CROOKWF2,-82.81920326864146,11.108273748723201,93.92747701736467
VNI-upper-20250205T1645,CROOKWF3,-47.691521961184876,24.204290091930552,71.89581205311543
VNI-upper-20250205T1645,CRWASF1,-4.924862104187948,1.2124731358529153,6.137335240040864
VNI-upper-20250205T1645,DARLSF1,-29.945735699693564,40.71725485188968,70.66299055158325
VNI-upper-20250205T1645,DPNTB1,24.897854954034727,49.795709908069455,24.897854954034727
VNI-upper-20250205T1645,FINLYSF1,-36.910520939734425,120.26573940755874,157.17626034729315
VNI-upper-20250205T1645,GOONSF1,-11.100243779366703,18.484227517875382,29.58447129724209
VNI-upper-20250205T1645,GULLRSF1,0.0,0.018330949948927474,0.018330949948927477
VNI-upper-20250205T1645,GULLRWF1,-160.3746907252298,25.479358478038815,185.85404920326863
VNI-upper-20250205T1645,GULLRWF2,-107.92783670071502,1.70775203268641,109.63558873340142
VNI-upper-20250205T1645,GUNNING1,22.09953830439224,32.84086210418795,10.741323799795707
VNI-upper-20250205T1645,GUTHEGA,0.0,0.0,-0.0
VNI-upper-20250205T1645,HILLSTN1,-3.2516598569969353,4.197778345250256,7.449438202247191
VNI-upper-20250205T1645,HUMENSW,0.0,0.0,-0.0
VNI-upper-20250205T1645,JEMALNG1,-6.012050541368743,16.301292563840654,22.313343105209395
VNI-upper-20250205T1645,JUNEESF1,-1.3128118896833503,0.3226403779366702,1.6354522676200207
VNI-upper-20250205T1645,LIMOSF11,-45.10566496424924,21.49872033707869,66.60438530132792
VNI-upper-20250205T1645,LIMOSF21,-6.190148253319713,3.431615199182843,9.621763452502556
VNI-upper-20250205T1645,MANSLR1,4.718332992849846,5.568120204290092,0.849787211440245
VNI-upper-20250205T1645,MOLNGSF1,0.18365679264555657,1.2810061287027577,1.097349336057201
VNI-upper-20250205T1645,PARSF1,-7.988689703779368,12.050875444330952,20.03956514811032
VNI-upper-20250205T1645,QBYNB1,0.0,0.0,-0.0
VNI-upper-20250205T1645,RESS1,59.7535771195097,59.7535771195097,-0.0
VNI-upper-20250205T1645,RIVNB2,64.73378549540347,89.6316404494382,24.897854954034727
VNI-upper-20250205T1645,RYEPARK1,-75.5120326455567,138.14631787538295,213.65835052093962
VNI-upper-20250205T1645,SEBSF1,4.384749744637385,5.067701736465781,0.6829519918283967
VNI-upper-20250205T1645,SNOWYP,0.0,0.0,-0.0
VNI-upper-20250205T1645,STWF1,-8.42918120531154,24.593453319713994,33.02263452502554
VNI-upper-20250205T1645,SUNRSF1,-16.058007926455566,61.21144509703777,77.26945302349333
VNI-upper-20250205T1645,SUNTPSF1,-1.6047109295199187,4.891531456588357,6.496242386108276
VNI-upper-20250205T1645,TUMUT3,1775.423901940756,1775.423901940756,-0.0
VNI-upper-20250205T1645,UPPTUMUT,275.14013362614907,455.5423720837589,180.4022384576098
VNI-upper-20250205T1645,URANQ11,0.0,0.0,-0.0
VNI-upper-20250205T1645,URANQ12,0.0,0.0,-0.0
VNI-upper-20250205T1645,URANQ13,-5.82754725229827,8.926455566905005,14.754002819203276
VNI-upper-20250205T1645,URANQ14,-2.7280438406537204,12.89376915219612,15.62181299284984
VNI-upper-20250205T1645,WAGGNSF1,-0.15836567926455566,0.11989271705822269,0.2782583963227784
VNI-upper-20250205T1645,WLWLSF1,55.23093769152197,152.41798774259448,97.18705005107252
VNI-upper-20250205T1645,WLWLSF2,49.846959141981614,148.1467313585291,98.29977221654748
VNI-upper-20250205T1645,WSTWYSF1,-4.778684371807969,7.227413687436158,12.006098059244126
VNI-upper-20250205T1645,WYASF1,-27.042741144024518,41.17534385086823,68.21808499489273
VNI-upper-20250205T1655,AVLSF1,100.15042288049032,372.9293329928498,272.7789101123596
VNI-upper-20250205T1655,BANGOWF1,-45.43476404494383,80.83919101123598,126.2739550561798
VNI-upper-20250205T1655,BANGOWF2,6.15401123595505,57.97978651685394,51.82577528089889
VNI-upper-20250205T1655,BHB1,24.974463738508682,49.948927477017364,24.974463738508682
VNI-upper-20250205T1655,BLOWERNG,0.0,0.0,-0.0
VNI-upper-20250205T1655,BOCORWF1,0.0,0.0,-0.0
VNI-upper-20250205T1655,BOMENSF1,-1.2147340449438202,0.49183431052093973,1.7065683554647602
VNI-upper-20250205T1655,BROKENH1,-18.68089887640449,0.0,18.680898876404495
VNI-upper-20250205T1655,CAPBES1,0.0,0.0,-0.0
VNI-upper-20250205T1655,COLEASF1,4.4019407558733405,113.75594892747705,109.3540081716037
VNI-upper-20250205T1655,COLWF01,-192.6841260061287,36.19688727272729,228.88101327885602
VNI-upper-20250205T1655,CROOKWF2,-82.81920326864146,11.108273748723201,93.92747701736467
VNI-upper-20250205T1655,CROOKWF3,-47.691521961184876,24.204290091930552,71.89581205311543
VNI-upper-20250205T1655,CRWASF1,-4.924862104187948,1.2124731358529153,6.137335240040864
VNI-upper-20250205T1655,DARLSF1,-29.945735699693564,40.71725485188968,70.66299055158325
VNI-upper-20250205T1655,DPNTB1,24.897854954034727,49.795709908069455,24.897854954034727
VNI-upper-20250205T1655,FINLYSF1,-36.910520939734425,120.26573940755874,157.17626034729315
VNI-upper-20250205T1655,GOONSF1,-11.100243779366703,18.484227517875382,29.58447129724209
VNI-upper-20250205T1655,GULLRSF1,0.0,0.018330949948927474,0.018330949948927477
VNI-upper-20250205T1655,GULLRWF1,-160.3746907252298,25.479358478038815,185.85404920326863
VNI-upper-20250205T1655,GULLRWF2,-107.92783670071502,1.70775203268641,109.63558873340142
VNI-upper-20250205T1655,GUNNING1,22.09953830439224,32.84086210418795,10.741323799795707
VNI-upper-20250205T1655,GUTHEGA,0.0,0.0,-0.0
VNI-upper-20250205T1655,HILLSTN1,-3.2516598569969353,4.197778345250256,7.449438202247191
VNI-upper-20250205T1655,HUMENSW,0.0,0.0,-0.0
VNI-upper-20250205T1655,JEMALNG1,-6.012050541368743,16.301292563840654,22.313343105209395
VNI-upper-20250205T1655,JUNEESF1,-1.3128118896833503,0.3226403779366702,1.6354522676200207
VNI-upper-20250205T1655,LIMOSF11,-45.10566496424924,21.49872033707869,66.60438530132792
VNI-upper-20250205T1655,LIMOSF21,-6.190148253319713,3.431615199182843,9.621763452502556
VNI-upper-20250205T1655,MANSLR1,4.718332992849846,5.568120204290092,0.849787211440245
VNI-upper-20250205T1655,MOLNGSF1,0.18365679264555657,1.2810061287027577,1.097349336057201
VNI-upper-20250205T1655,PARSF1,-7.988689703779368,12.050875444330952,20.03956514811032
VNI-upper-20250205T1655,QBYNB1,0.0,0.0,-0.0
VNI-upper-20250205T1655,RESS1,59.7535771195097,59.7535771195097,-0.0
VNI-upper-20250205T1655,RIVNB2,64.73378549540347,89.6316404494382,24.897854954034727
VNI-upper-20250205T1655,RYEPARK1,-75.5120326455567,138.14631787538295,213.65835052093962
VNI-upper-20250205T1655,SEBSF1,4.384749744637385,5.067701736465781,0.6829519918283967
VNI-upper-20250205T1655,SNOWYP,0.0,0.0,-0.0
VNI-upper-20250205T1655,STWF1,-8.42918120531154,24.593453319713994,33.02263452502554
VNI-upper-20250205T1655,SUNRSF1,-16.058007926455566,61.21144509703777,77.26945302349333
VNI-upper-20250205T1655,SUNTPSF1,-1.6047109295199187,4.891531456588357,6.496242386108276
VNI-upper-20250205T1655,TUMUT3,1775.423901940756,1775.423901940756,-0.0
VNI-upper-20250205T1655,UPPTUMUT,275.14013362614907,455.5423720837589,180.4022384576098
VNI-upper-20250205T1655,URANQ11,0.0,0.0,-0.0
VNI-upper-20250205T1655,URANQ12,0.0,0.0,-0.0
VNI-upper-20250205T1655,URANQ13,-5.82754725229827,8.926455566905005,14.754002819203276
VNI-upper-20250205T1655,URANQ14,-2.7280438406537204,12.89376915219612,15.62181299284984
VNI-upper-20250205T1655,WAGGNSF1,-0.15836567926455566,0.11989271705822269,0.2782583963227784
VNI-upper-20250205T1655,WLWLSF1,55.23093769152197,152.41798774259448,97.18705005107252
VNI-upper-20250205T1655,WLWLSF2,49.846959141981614,148.1467313585291,98.29977221654748
VNI-upper-20250205T1655,WSTWYSF1,-4.778684371807969,7.227413687436158,12.006098059244126
VNI-upper-20250205T1655,WYASF1,-27.042741144024518,41.17534385086823,68.21808499489273
VNI-upper-20250208T1435,AVLSF1,-0.0598337662337903,0.0,0.0598337662337903
VNI-upper-20250208T1435,BANGOWF1,23.06389090909091,23.06389090909091,-0.0
VNI-upper-20250208T1435,BANGOWF2,3.7388337662337654,3.7388337662337654,-0.0
VNI-upper-20250208T1435,BANN1,-0.964956093506494,0.0,0.964956093506494
VNI-upper-20250208T1435,BHB1,0.0,0.0,-0.0
VNI-upper-20250208T1435,BLOWERNG,0.0,0.0,-0.0
VNI-upper-20250208T1435,BROKENH1,0.0,0.0,-0.0
VNI-upper-20250208T1435,COLEASF1,-34.6380488831169,0.0,34.6380488831169
VNI-upper-20250208T1435,CRWASF1,-1.4670129870129882,0.0,1.4670129870129882
VNI-upper-20250208T1435,DARLSF1,-8.333606025974044,0.0,8.333606025974044
VNI-upper-20250208T1435,DPNTB1,0.0,0.0,-0.0
VNI-upper-20250208T1435,FINLYSF1,0.20657610389611838,0.20657610389611838,-0.0
VNI-upper-20250208T1435,GOONSF1,-0.5304935064935065,0.0,0.5304935064935065
VNI-upper-20250208T1435,GUNNING1,0.0,0.0,-0.0
VNI-upper-20250208T1435,GUTHEGA,0.0,0.0,-0.0
VNI-upper-20250208T1435,HILLSTN1,0.0,0.0,-0.0
VNI-upper-20250208T1435,HUMENSW,0.0,0.0,-0.0
VNI-upper-20250208T1435,HUMEV,0.0,0.0,-0.0
VNI-upper-20250208T1435,JEMALNG1,0.9745178181818184,0.9745178181818184,-0.0
VNI-upper-20250208T1435,JUNEESF1,0.9539480519480519,0.9539480519480519,-0.0
VNI-upper-20250208T1435,KARSF1,0.0,0.0,-0.0
VNI-upper-20250208T1435,KIAMSF1,0.0,0.0,-0.0
VNI-upper-20250208T1435,LIMOSF11,13.577038597402607,13.577038597402607,-0.0
VNI-upper-20250208T1435,LIMOSF21,0.05225122077921819,0.05225122077921819,-0.0
VNI-upper-20250208T1435,MURRAY,0.0,0.0,-0.0
VNI-upper-20250208T1435,PARSF1,-0.41661038961038965,0.0,0.41661038961038965
VNI-upper-20250208T1435,RESS1,2.0961038961038962,2.0961038961038962,-0.0
VNI-upper-20250208T1435,RIVNB2,0.0,0.0,-0.0
VNI-upper-20250208T1435,SEBSF1,0.7532467532467534,0.7532467532467534,-0.0
VNI-upper-20250208T1435,SNOWYP,0.0,0.0,-0.0
VNI-upper-20250208T1435,STWF1,-2.4669755844155836,0.0,2.4669755844155836
VNI-upper-20250208T1435,SUNRSF1,5.498477974026001,5.498477974026001,-0.0
VNI-upper-20250208T1435,TUMUT3,1.8152363376623377,1.8152363376623377,-0.0
VNI-upper-20250208T1435,UPPTUMUT,47.80660945454545,47.80660945454545,-0.0
VNI-upper-20250208T1435,URANQ11,0.0,0.0,-0.0
VNI-upper-20250208T1435,URANQ12,0.0,0.0,-0.0
VNI-upper-20250208T1435,URANQ13,0.0,0.0,-0.0
VNI-upper-20250208T1435,URANQ14,0.0,0.0,-0.0
VNI-upper-20250208T1435,WEMENSF1,-0.964956093506494,0.0,0.964956093506494
VNI-upper-20250208T1435,WLWLSF1,9.662800000000027,9.662800000000027,-0.0
VNI-upper-20250208T1435,WLWLSF2,7.344457142857146,7.344457142857146,-0.0
VNI-upper-20250208T1435,WSTWYSF1,-13.831168831168831,0.0,13.831168831168831
VNI-upper-20250208T1435,WYASF1,-2.070623376623378,0.0,2.070623376623378
VNI-upper-20250208T1435,YATSF1,-0.0064519480519469674,0.0,0.0064519480519469674
VNI-upper-20250210T1205,AVLSF1,-19.265293488372095,35.415624550050545,54.68091803842264
VNI-upper-20250210T1205,BANGOWF1,1.7773629929221388,3.6761253791708772,1.8987623862487384
VNI-upper-20250210T1205,BANGOWF2,-2.236404448938319,0.0,2.236404448938319
VNI-upper-20250210T1205,BERYLSF1,-0.1114256825075834,0.0,0.1114256825075834
VNI-upper-20250210T1205,BHB1,0.0,0.0,-0.0
VNI-upper-20250210T1205,BLOWERNG,0.0,0.0,-0.0
VNI-upper-20250210T1205,BOCORWF1,0.0,0.0,-0.0
VNI-upper-20250210T1205,BODWF1,-10.952930232558144,4.774325581395349,15.727255813953493
VNI-upper-20250210T1205,BOMENSF1,0.0,0.0,-0.0
VNI-upper-20250210T1205,BROKENH1,0.0,0.0,-0.0
VNI-upper-20250210T1205,BW01,1.429187593528813,1.429187593528813,-0.0
VNI-upper-20250210T1205,BW02,0.0,0.0,-0.0
VNI-upper-20250210T1205,BW03,13.83798050556118,13.83798050556118,-0.0
VNI-upper-20250210T1205,BW04,14.244404044489396,14.244404044489396,-0.0
VNI-upper-20250210T1205,CAPBES1,0.0,0.0,-0.0
VNI-upper-20250210T1205,CG1,0.0,0.0,-0.0
VNI-upper-20250210T1205,CG2,0.0,0.0,-0.0
VNI-upper-20250210T1205,CG3,0.0,0.0,-0.0
VNI-upper-20250210T1205,CG4,0.0,0.0,-0.0
VNI-upper-20250210T1205,COLEASF1,-10.43338838220425,24.802850930232545,35.236239312436794
VNI-upper-20250210T1205,COLWF01,84.63637007077857,84.63637007077857,-0.0
VNI-upper-20250210T1205,CROOKWF2,9.407840242669364,9.407840242669364,-0.0
VNI-upper-20250210T1205,CROOKWF3,0.0,0.0,-0.0
VNI-upper-20250210T1205,CRURWF1,-2.8538008088978764,0.9614438827098077,3.815244691607684
VNI-upper-20250210T1205,CRWASF1,1.4586036804853366,2.456693468149646,0.9980897876643096
VNI-upper-20250210T1205,DARLSF1,-16.316467249747205,1.0097039939332721,17.326171243680477
VNI-upper-20250210T1205,DPNTB1,0.0,0.0,-0.0
VNI-upper-20250210T1205,ER01,0.0,0.0,-0.0
VNI-upper-20250210T1205,ER02,0.0,0.0,-0.0
VNI-upper-20250210T1205,ER03,-2.6636722446916083,0.0,2.6636722446916083
VNI-upper-20250210T1205,ER04,-0.004689484327601515,0.0,0.004689484327601515
VNI-upper-20250210T1205,FINLYSF1,42.07461242669362,56.34645279069767,14.271840364004047
VNI-upper-20250210T1205,FLYCRKWF,-7.773434782608696,0.0,7.773434782608696
VNI-upper-20250210T1205,GNNDHSF1,0.4831512133468173,0.5239490293225482,0.040797815975730824
VNI-upper-20250210T1205,GOONSF1,-9.713650151668354,0.0,9.713650151668354
VNI-upper-20250210T1205,GULLRSF1,2.953700707785642,2.953700707785642,-0.0
VNI-upper-20250210T1205,GULLRWF1,8.770353953488371,8.770353953488371,-0.0
VNI-upper-20250210T1205,GULLRWF2,0.0,0.0,-0.0
VNI-upper-20250210T1205,GUNNING1,0.22217997977755344,0.930806875631952,0.7086268958543985
VNI-upper-20250210T1205,GUTHEGA,0.0,0.0,-0.0
VNI-upper-20250210T1205,HEZ1,0.0,0.0,-0.0
VNI-upper-20250210T1205,HILLSTN1,20.95753286147624,20.95753286147624,-0.0
VNI-upper-20250210T1205,HUMENSW,0.0,0.0,-0.0
VNI-upper-20250210T1205,JEMALNG1,6.200250697674418,6.200250697674418,-0.0
VNI-upper-20250210T1205,JUNEESF1,0.0,0.0,-0.0
VNI-upper-20250210T1205,LIMOSF11,109.88877654196158,109.88877654196158,-0.0
VNI-upper-20250210T1205,LIMOSF21,13.985844287158747,13.985844287158747,-0.0
VNI-upper-20250210T1205,MANSLR1,1.306319514661274,1.306319514661274,-0.0
VNI-upper-20250210T1205,METZSF1,-0.0013144590495437966,0.028918099089989744,0.03023255813953354
VNI-upper-20250210T1205,MOLNGSF1,0.5803842264914054,0.5803842264914054,-0.0
VNI-upper-20250210T1205,MOREESF1,-0.4030738119312436,0.0,0.4030738119312436
VNI-upper-20250210T1205,MP1,0.0,0.0,-0.0
VNI-upper-20250210T1205,MP2,0.0,0.0,-0.0
VNI-upper-20250210T1205,NEVERSF1,0.0,0.0,-0.0
VNI-upper-20250210T1205,NEWENSF1,22.522640808897872,24.786978685540948,2.2643378766430753
VNI-upper-20250210T1205,NEWENSF2,14.540303174924166,16.782084934277048,2.2417817593528815
VNI-upper-20250210T1205,NYNGAN1,0.0,0.0,-0.0
VNI-upper-20250210T1205,PARSF1,-0.2461678463094037,6.786248736097068,7.032416582406472
VNI-upper-20250210T1205,QBYNB1,-8.024266936299293,0.0,8.024266936299293
VNI-upper-20250210T1205,RESS1,-59.8785455611729,0.0,59.8785455611729
VNI-upper-20250210T1205,RIVNB2,0.0,0.0,-0.0
VNI-upper-20250210T1205,RYEPARK1,6.327930637007075,24.38094054600606,18.053009908998984
VNI-upper-20250210T1205,SAPHWF1,0.33799089989888775,0.33799089989888775,-0.0
VNI-upper-20250210T1205,SEBSF1,0.0,0.0,-0.0
VNI-upper-20250210T1205,SHGEN,-1.045518523761375,0.0,1.045518523761375
VNI-upper-20250210T1205,SHPUMP,0.0,0.0,-0.0
VNI-upper-20250210T1205,SNOWYP,0.0,0.0,-0.0
VNI-upper-20250210T1205,STWF1,-7.092221638018203,0.0,7.092221638018203
VNI-upper-20250210T1205,SUNRSF1,19.153633731041463,21.490268715874628,2.3366349848331636
VNI-upper-20250210T1205,SUNTPSF1,-4.618832153690597,0.0,4.618832153690597
VNI-upper-20250210T1205,TALWA1,80.80889787664307,80.80889787664307,-0.0
VNI-upper-20250210T1205,TALWB1,0.0,0.0,-0.0
VNI-upper-20250210T1205,TARALGA1,-2.1577350859454,0.11627906976744029,2.27401415571284
VNI-upper-20250210T1205,TUMUT3,-193.2800807987867,0.0,193.2800807987867
VNI-upper-20250210T1205,UPPTUMUT,289.20166623862485,289.20166623862485,-0.0
VNI-upper-20250210T1205,URANQ11,-30.188139676440862,0.0,30.188139676440862
VNI-upper-20250210T1205,URANQ12,79.75733063700707,79.75733063700707,-0.0
VNI-upper-20250210T1205,URANQ13,0.0,0.0,-0.0
VNI-upper-20250210T1205,URANQ14,-29.555305136501516,0.0,29.555305136501516
VNI-upper-20250210T1205,VP5,0.0,0.0,-0.0
VNI-upper-20250210T1205,VP6,0.0,0.0,-0.0
VNI-upper-20250210T1205,WAGGNSF1,0.0,0.0,-0.0
VNI-upper-20250210T1205,WELLSF1,6.911102123356927,6.911102123356927,-0.0
VNI-upper-20250210T1205,WELNSF1,9.256077856420628,9.256077856420628,-0.0
VNI-upper-20250210T1205,WOLARSF1,0.0,0.0,-0.0
VNI-upper-20250210T1205,WOODLWN1,-4.05740950455005,6.091642062689587,10.149051567239637
VNI-upper-20250210T1205,WRSF1,0.0,0.0,-0.0
VNI-upper-20250210T1205,WRWF1,0.13749342770475226,0.13749342770475226,-0.0
VNI-upper-20250210T1205,WSTWYSF1,0.0,0.0,-0.0
VNI-upper-20250210T1205,WTAHB1,0.0,0.0,-0.0
VNI-upper-20250210T1205,WYASF1,0.0,0.0,-0.0
VNI-upper-20250306T1535,AVLSF1,-0.08103981251567298,0.01093279022405654,0.09197260273972951
VNI-upper-20250306T1535,BANGOWF1,98.55559726780682,98.55559726780682,-0.0
VNI-upper-20250306T1535,BANGOWF2,-72.11977401445192,0.9847739307535657,73.10454794520548
VNI-upper-20250306T1535,BHB1,0.0,0.0,-0.0
VNI-upper-20250306T1535,BLOWERNG,0.0,0.0,-0.0
VNI-upper-20250306T1535,BOCORWF1,0.47536456211812755,0.47536456211812755,-0.0
VNI-upper-20250306T1535,BOMENSF1,-2.178485000139479,0.3383292464358546,2.5168142465753336
VNI-upper-20250306T1535,BROKENH1,-12.714482752001793,19.155313686354376,31.86979643835617
VNI-upper-20250306T1535,CAPBES1,0.0,0.0,-0.0
VNI-upper-20250306T1535,COLEASF1,6.608258675194588,6.608258675194588,-0.0
VNI-upper-20250306T1535,COLWF01,11.833609979633403,11.833609979633403,-0.0
VNI-upper-20250306T1535,CROOKWF2,-0.2036659877800364,0.0,0.2036659877800364
VNI-upper-20250306T1535,CROOKWF3,-38.425661914460285,0.0,38.425661914460285
VNI-upper-20250306T1535,CRWASF1,-0.7319800450576068,0.0,0.7319800450576068
VNI-upper-20250306T1535,DARLSF1,-1.434280785648483,0.0,1.434280785648483
VNI-upper-20250306T1535,DPNTB1,0.0,0.0,-0.0
VNI-upper-20250306T1535,FINLYSF1,1.4974671977791894,1.4974671977791894,-0.0
VNI-upper-20250306T1535,GOONSF1,7.593701777613485,7.8077176680244404,0.2140158904109552
VNI-upper-20250306T1535,GULLRSF1,1.1717861507128309,1.1717861507128309,-0.0
VNI-upper-20250306T1535,GULLRWF1,-4.901033686354386,0.0,4.901033686354386
VNI-upper-20250306T1535,GULLRWF2,1.6191686150712823,1.6191686150712823,-0.0
VNI-upper-20250306T1535,GUNNING1,-40.46542956783752,0.0,40.46542956783752
VNI-upper-20250306T1535,GUTHEGA,0.0,0.0,-0.0
VNI-upper-20250306T1535,HILLSTN1,-0.0018159752253147157,0.023082191780800926,0.02489816700611564
VNI-upper-20250306T1535,HUMENSW,0.0,0.0,-0.0
VNI-upper-20250306T1535,JEMALNG1,-1.1251244489858407,0.0,1.1251244489858407
VNI-upper-20250306T1535,JUNEESF1,-0.6535573462042766,0.1014958044806529,0.7550531506849295
VNI-upper-20250306T1535,LIMOSF11,-10.385880716178868,0.19051120162932708,10.576391917808195
VNI-upper-20250306T1535,LIMOSF21,0.043536861730324616,0.07983706720977427,0.03630020547944965
VNI-upper-20250306T1535,MANSLR1,-3.980029469491952,0.0,3.980029469491952
VNI-upper-20250306T1535,MOLNGSF1,3.4694383561643836,3.4694383561643836,-0.0
VNI-upper-20250306T1535,MURRAY,0.0,0.0,-0.0
VNI-upper-20250306T1535,PARSF1,5.635229727561856,5.635229727561856,-0.0
VNI-upper-20250306T1535,QBYNB1,0.0,0.0,-0.0
VNI-upper-20250306T1535,RESS1,0.0,0.0,-0.0
VNI-upper-20250306T1535,RIVNB2,0.0,0.0,-0.0
VNI-upper-20250306T1535,RYEPARK1,51.36760702647657,51.36760702647657,-0.0
VNI-upper-20250306T1535,SEBSF1,-1.9606325514047294,0.3044973116089644,2.265129863013694
VNI-upper-20250306T1535,SNOWYP,193.58961303462323,193.58961303462323,-0.0
VNI-upper-20250306T1535,STWF1,14.087525154144487,46.94311768839106,32.855592534246576
VNI-upper-20250306T1535,SUNRSF1,12.380753156822822,12.380753156822822,-0.0
VNI-upper-20250306T1535,SUNTPSF1,-1.7516144979772885,0.0,1.7516144979772885
VNI-upper-20250306T1535,TUMUT3,0.0,0.0,-0.0
VNI-upper-20250306T1535,UPPTUMUT,0.0,0.0,-0.0
VNI-upper-20250306T1535,URANQ11,0.0,0.0,-0.0
VNI-upper-20250306T1535,URANQ12,0.0,0.0,-0.0
VNI-upper-20250306T1535,URANQ13,0.0,0.0,-0.0
VNI-upper-20250306T1535,URANQ14,0.0,0.0,-0.0
VNI-upper-20250306T1535,WAGGNSF1,-1.0456621437937688,0.16239922606924878,1.2080613698630176
VNI-upper-20250306T1535,WLWLSF1,-0.43329765923612373,0.07865753424656986,0.5119551934826936
VNI-upper-20250306T1535,WLWLSF2,-13.97263951985045,1.6700067123287634,15.642646232179214
VNI-upper-20250306T1535,WSTWYSF1,-7.4722608096420435,1.5545863136456208,9.026847123287665
VNI-upper-20250306T1535,WYASF1,3.400822042797748,3.400822042797748,-0.0
VNI-upper-20250315T1620,AVLSF1,-79.71941062308478,13.680638406537277,93.40004902962205
VNI-upper-20250315T1620,BANGOWF1,15.439617977528094,22.433337078651686,6.9937191011235935
VNI-upper-20250315T1620,BANGOWF2,3.325101123595506,10.759089887640453,7.433988764044946
VNI-upper-20250315T1620,BHB1,0.0,0.0,-0.0
VNI-upper-20250315T1620,BLOWERNG,0.0,0.0,-0.0
VNI-upper-20250315T1620,BOCORWF1,-1.9216424923391227,4.391174668028599,6.312817160367723
VNI-upper-20250315T1620,BOMENSF1,-5.245873023493363,25.374487385086823,30.62036040858019
VNI-upper-20250315T1620,BROKENH1,-3.1727558733401424,10.08968335035751,13.262439223697651
VNI-upper-20250315T1620,CAPBES1,-6.04290091930541,66.47191011235954,72.51481103166495
VNI-upper-20250315T1620,COLEASF1,-7.949207865168537,12.2406917773238,20.189899642492335
VNI-upper-20250315T1620,COLWF01,-17.82002892747702,28.28045148110316,46.10048040858018
VNI-upper-20250315T1620,CROOKWF2,7.344228804902959,19.584269662921344,12.240040858018386
VNI-upper-20250315T1620,CROOKWF3,6.219611848825332,10.638406537282941,4.41879468845761
VNI-upper-20250315T1620,CRWASF1,16.701393748723188,28.129905127681308,11.42851137895812
VNI-upper-20250315T1620,DARLSF1,-31.365122574055157,4.620125638406537,35.9852482124617
VNI-upper-20250315T1620,DPNTB1,0.0,5.975485188968335,5.975485188968335
VNI-upper-20250315T1620,FINLYSF1,-43.267616976506645,25.827992768130745,69.09560974463739
VNI-upper-20250315T1620,GOONSF1,4.38847524004086,13.196220633299287,8.807745393258429
VNI-upper-20250315T1620,GULLRSF1,-1.0153309499489274,4.61023391215526,5.625564862104188
VNI-upper-20250315T1620,GULLRWF1,-14.1057780081716,6.40863249233912,20.51441050051072
VNI-upper-20250315T1620,GULLRWF2,-3.1685658018386125,13.284082992849847,16.452648794688457
VNI-upper-20250315T1620,GUNNING1,-1.1633340143003075,9.331423901940758,10.494757916241063
VNI-upper-20250315T1620,GUTHEGA,34.10418794688457,34.10418794688457,-0.0
VNI-upper-20250315T1620,HILLSTN1,-31.226889683350354,15.899770173646589,47.12665985699694
VNI-upper-20250315T1620,HUMENSW,0.0,0.0,-0.0
VNI-upper-20250315T1620,JEMALNG1,-1.020471235955058,4.002658345250255,5.023129581205314
VNI-upper-20250315T1620,JUNEESF1,-16.85604698672115,14.762393319713997,31.618440306435144
VNI-upper-20250315T1620,LIMOSF11,75.08266955056179,134.47928974463738,59.396620194075595
VNI-upper-20250315T1620,LIMOSF21,6.560380357507659,21.478940827374874,14.918560469867213
VNI-upper-20250315T1620,MANSLR1,1.4768647803881516,3.481930459652707,2.005065679264556
VNI-upper-20250315T1620,MOLNGSF1,0.0,0.0,-0.0
VNI-upper-20250315T1620,PARSF1,-5.582155260469867,3.3067517875383063,8.888907048008173
VNI-upper-20250315T1620,QBYNB1,7.050051072522981,7.050051072522981,-0.0
VNI-upper-20250315T1620,RESS1,0.0,0.0,-0.0
VNI-upper-20250315T1620,RIVNB2,27.885597548518895,27.885597548518895,-0.0
VNI-upper-20250315T1620,RYEPARK1,-65.8987926455567,11.22202492339122,77.12081756894791
VNI-upper-20250315T1620,SEBSF1,6.646409601634318,40.71977528089887,34.073365679264555
VNI-upper-20250315T1620,SNOWYP,0.0,0.0,-0.0
VNI-upper-20250315T1620,STWF1,-12.039889274770173,10.31185617977528,22.35174545454545
VNI-upper-20250315T1620,SUNRSF1,44.236683840653725,118.62986483146068,74.39318099080694
VNI-upper-20250315T1620,SUNTPSF1,1.781074565883554,5.997156281920327,4.216081716036772
VNI-upper-20250315T1620,TUMUT3,1799.4974463738508,1799.4974463738508,-0.0
VNI-upper-20250315T1620,UPPTUMUT,241.98467824310518,241.98467824310518,-0.0
VNI-upper-20250315T1620,URANQ11,133.89683350357507,133.89683350357507,-0.0
VNI-upper-20250315T1620,URANQ12,45.34073093973442,45.34073093973442,-0.0
VNI-upper-20250315T1620,URANQ13,45.34073093973442,45.34073093973442,-0.0
VNI-upper-20250315T1620,URANQ14,91.53158775280899,91.53158775280899,-0.0
VNI-upper-20250315T1620,WAGGNSF1,-5.5532410112359525,10.842476537282943,16.395717548518896
VNI-upper-20250315T1620,WLWLSF1,-5.4189070480081725,10.608283963227782,16.027191011235953
VNI-upper-20250315T1620,WLWLSF2,-6.813053115423903,18.01611950970378,24.829172625127683
VNI-upper-20250315T1620,WSTWYSF1,3.975968335035746,19.410683350357495,15.434715015321752
VNI-upper-20250315T1620,WYASF1,4.688079407558739,40.72445696629214,36.0363775587334
VNI-upper-20250409T1635,AVLSF1,-105.03082617586912,3.3826145194273995,108.41344069529653
VNI-upper-20250409T1635,BANGOWF1,0.0,0.5571196319018406,0.5571196319018406
VNI-upper-20250409T1635,BANGOWF2,5.551115123125783e-17,1.6303844580777096,1.6303844580777096
VNI-upper-20250409T1635,BHB1,0.0,0.0,-0.0
VNI-upper-20250409T1635,BLOWERNG,0.0,0.0,-0.0
VNI-upper-20250409T1635,BOCORWF1,24.180188139059304,28.65650715746421,4.476319018404906
VNI-upper-20250409T1635,BOMENSF1,-18.947016359918194,9.339873701431495,28.28689006134969
VNI-upper-20250409T1635,BROKENH1,0.0,0.0,-0.0
VNI-upper-20250409T1635,CAPBES1,25.20620280163599,110.90149932515338,85.69529652351738
VNI-upper-20250409T1635,COLEASF1,-13.015427024539878,15.800614652351737,28.816041676891615
VNI-upper-20250409T1635,COLWF01,1.685276073619632,1.685276073619632,-0.0
VNI-upper-20250409T1635,CROOKWF2,3.2801635991820044,3.412065439672802,0.13190184049079756
VNI-upper-20250409T1635,CROOKWF3,5.878323108384458,8.373210633946831,2.4948875255623726
VNI-upper-20250409T1635,CRWASF1,-5.8479836400818,5.887461513292434,11.735445153374233
VNI-upper-20250409T1635,DARLSF1,-45.91709371165644,3.8900301226993825,49.80712383435582
VNI-upper-20250409T1635,DPNTB1,0.0,0.0,-0.0
VNI-upper-20250409T1635,FINLYSF1,-34.3086963190184,0.0,34.3086963190184
VNI-upper-20250409T1635,GOONSF1,-6.628670756646217,2.661554192229039,9.290224948875258
VNI-upper-20250409T1635,GULLRSF1,-2.29778936605317,0.3669938650306748,2.664783231083845
VNI-upper-20250409T1635,GULLRWF1,0.0,0.0,-0.0
VNI-upper-20250409T1635,GULLRWF2,0.0,0.1393455316973415,0.1393455316973415
VNI-upper-20250409T1635,GUNNING1,-8.326672684688674e-17,0.8710102249488754,0.8710102249488755
VNI-upper-20250409T1635,GUTHEGA,0.0,0.0,-0.0
VNI-upper-20250409T1635,HILLSTN1,-49.426012269938646,16.321129856850714,65.74714212678936
VNI-upper-20250409T1635,HUMENSW,0.0,0.0,-0.0
VNI-upper-20250409T1635,JEMALNG1,-10.124988241308795,0.0,10.124988241308795
VNI-upper-20250409T1635,JUNEESF1,1.3625540286298574,8.167890961145194,6.8053369325153374
VNI-upper-20250409T1635,LIMOSF11,0.0,0.0,-0.0
VNI-upper-20250409T1635,LIMOSF21,-0.6132932515337425,0.2594683026584865,0.8727615541922289
VNI-upper-20250409T1635,MANSLR1,1.7216191206543967,3.6139238241308798,1.8923047034764826
VNI-upper-20250409T1635,MOLNGSF1,0.6048486707566463,0.8769386503067486,0.2720899795501022
VNI-upper-20250409T1635,PARSF1,-2.168469059304704,4.684332576687118,6.852801635991822
VNI-upper-20250409T1635,QBYNB1,0.0,0.0,-0.0
VNI-upper-20250409T1635,RESS1,59.69325153374233,89.53987730061348,29.846625766871163
VNI-upper-20250409T1635,RIVNB2,0.0,0.0,-0.0
VNI-upper-20250409T1635,RYEPARK1,-0.3410519427402866,5.292063394683027,5.633115337423313
VNI-upper-20250409T1635,SEBSF1,-26.21419222903885,20.329979550102255,46.54417177914111
VNI-upper-20250409T1635,SNOWYP,0.0,0.0,-0.0
VNI-upper-20250409T1635,STWF1,0.0,0.0,-0.0
VNI-upper-20250409T1635,SUNRSF1,0.0,0.0,-0.0
VNI-upper-20250409T1635,SUNTPSF1,-4.079157464212679,2.512875255623722,6.592032719836401
VNI-upper-20250409T1635,TUMUT3,1202.4539877300613,1322.6993865030677,120.24539877300613
VNI-upper-20250409T1635,UPPTUMUT,618.2510642740285,618.2510642740285,-0.0
VNI-upper-20250409T1635,URANQ11,101.44901707566463,101.44901707566461,-0.0
VNI-upper-20250409T1635,URANQ12,149.7648261758691,149.7648261758691,-0.0
VNI-upper-20250409T1635,URANQ13,104.424477198364,104.424477198364,-0.0
VNI-upper-20250409T1635,URANQ14,1.983640081799591,1.983640081799591,-0.0
VNI-upper-20250409T1635,WAGGNSF1,-11.167334969325156,3.752692515337424,14.92002748466258
VNI-upper-20250409T1635,WLWLSF1,-23.68147239263804,6.230233128834355,29.911705521472392
VNI-upper-20250409T1635,WLWLSF2,-32.35569734151329,2.749366053169737,35.10506339468303
VNI-upper-20250409T1635,WOODLWN1,2.017472392638037,2.017472392638037,-0.0
VNI-upper-20250409T1635,WSTWYSF1,-39.79804319018405,12.067337423312884,51.86538061349693
VNI-upper-20250409T1635,WYASF1,-15.022677055214725,11.085480572597138,26.108157627811867
VNI-upper-20250409T1650,AVLSF1,-105.03082617586912,3.3826145194273995,108.41344069529653
VNI-upper-20250409T1650,BANGOWF1,0.0,0.5571196319018406,0.5571196319018406
VNI-upper-20250409T1650,BANGOWF2,5.551115123125783e-17,1.6303844580777096,1.6303844580777096
VNI-upper-20250409T1650,BHB1,0.0,0.0,-0.0
VNI-upper-20250409T1650,BLOWERNG,0.0,0.0,-0.0
VNI-upper-20250409T1650,BOCORWF1,24.180188139059304,28.65650715746421,4.476319018404906
VNI-upper-20250409T1650,BOMENSF1,-18.947016359918194,9.339873701431495,28.28689006134969
VNI-upper-20250409T1650,BROKENH1,0.0,0.0,-0.0
VNI-upper-20250409T1650,CAPBES1,25.20620280163599,110.90149932515338,85.69529652351738
VNI-upper-20250409T1650,COLEASF1,-13.015427024539878,15.800614652351737,28.816041676891615
VNI-upper-20250409T1650,COLWF01,1.685276073619632,1.685276073619632,-0.0
VNI-upper-20250409T1650,CROOKWF2,3.2801635991820044,3.412065439672802,0.13190184049079756
VNI-upper-20250409T1650,CROOKWF3,5.878323108384458,8.373210633946831,2.4948875255623726
VNI-upper-20250409T1650,CRWASF1,-5.8479836400818,5.887461513292434,11.735445153374233
VNI-upper-20250409T1650,DARLSF1,-45.91709371165644,3.8900301226993825,49.80712383435582
VNI-upper-20250409T1650,DPNTB1,0.0,0.0,-0.0
VNI-upper-20250409T1650,FINLYSF1,-34.3086963190184,0.0,34.3086963190184
VNI-upper-20250409T1650,GOONSF1,-6.628670756646217,2.661554192229039,9.290224948875258
VNI-upper-20250409T1650,GULLRSF1,-2.29778936605317,0.3669938650306748,2.664783231083845
VNI-upper-20250409T1650,GULLRWF1,0.0,0.0,-0.0
VNI-upper-20250409T1650,GULLRWF2,0.0,0.1393455316973415,0.1393455316973415
VNI-upper-20250409T1650,GUNNING1,-8.326672684688674e-17,0.8710102249488754,0.8710102249488755
VNI-upper-20250409T1650,GUTHEGA,0.0,0.0,-0.0
VNI-upper-20250409T1650,HILLSTN1,-49.426012269938646,16.321129856850714,65.74714212678936
VNI-upper-20250409T1650,HUMENSW,0.0,0.0,-0.0
VNI-upper-20250409T1650,JEMALNG1,-10.124988241308795,0.0,10.124988241308795
VNI-upper-20250409T1650,JUNEESF1,1.3625540286298574,8.167890961145194,6.8053369325153374
VNI-upper-20250409T1650,LIMOSF11,0.0,0.0,-0.0
VNI-upper-20250409T1650,LIMOSF21,-0.6132932515337425,0.2594683026584865,0.8727615541922289
VNI-upper-20250409T1650,MANSLR1,1.7216191206543967,3.6139238241308798,1.8923047034764826
VNI-upper-20250409T1650,MOLNGSF1,0.6048486707566463,0.8769386503067486,0.2720899795501022
VNI-upper-20250409T1650,PARSF1,-2.168469059304704,4.684332576687118,6.852801635991822
VNI-upper-20250409T1650,QBYNB1,0.0,0.0,-0.0
VNI-upper-20250409T1650,RESS1,59.69325153374233,89.53987730061348,29.846625766871163
VNI-upper-20250409T1650,RIVNB2,0.0,0.0,-0.0
VNI-upper-20250409T1650,RYEPARK1,-0.3410519427402866,5.292063394683027,5.633115337423313
VNI-upper-20250409T1650,SEBSF1,-26.21419222903885,20.329979550102255,46.54417177914111
VNI-upper-20250409T1650,SNOWYP,0.0,0.0,-0.0
VNI-upper-20250409T1650,STWF1,0.0,0.0,-0.0
VNI-upper-20250409T1650,SUNRSF1,0.0,0.0,-0.0
VNI-upper-20250409T1650,SUNTPSF1,-4.079157464212679,2.512875255623722,6.592032719836401
VNI-upper-20250409T1650,TUMUT3,1202.4539877300613,1322.6993865030677,120.24539877300613
VNI-upper-20250409T1650,UPPTUMUT,618.2510642740285,618.2510642740285,-0.0
VNI-upper-20250409T1650,URANQ11,101.44901707566463,101.44901707566461,-0.0
VNI-upper-20250409T1650,URANQ12,149.7648261758691,149.7648261758691,-0.0
VNI-upper-20250409T1650,URANQ13,104.424477198364,104.424477198364,-0.0
VNI-upper-20250409T1650,URANQ14,1.983640081799591,1.983640081799591,-0.0
VNI-upper-20250409T1650,WAGGNSF1,-11.167334969325156,3.752692515337424,14.92002748466258
VNI-upper-20250409T1650,WLWLSF1,-23.68147239263804,6.230233128834355,29.911705521472392
VNI-upper-20250409T1650,WLWLSF2,-32.35569734151329,2.749366053169737,35.10506339468303
VNI-upper-20250409T1650,WOODLWN1,2.017472392638037,2.017472392638037,-0.0
VNI-upper-20250409T1650,WSTWYSF1,-39.79804319018405,12.067337423312884,51.86538061349693
VNI-upper-20250409T1650,WYASF1,-15.022677055214725,11.085480572597138,26.108157627811867
VNI-upper-20250411T1705,AVLSF1,-70.55397385680823,21.238658722884207,91.79263257969242
VNI-upper-20250411T1705,BANGOWF1,4.508444444444445,6.4062222222222225,1.8977777777777778
VNI-upper-20250411T1705,BANGOWF2,12.069423464711273,13.427444546287807,1.3580210815765352
VNI-upper-20250411T1705,BHB1,0.0,0.0,-0.0
VNI-upper-20250411T1705,BLOWERNG,0.0,0.0,-0.0
VNI-upper-20250411T1705,BOCORWF1,3.1686074956716617,9.940334046236899,6.771726550565237
VNI-upper-20250411T1705,BOMENSF1,-18.466583435176698,6.795136413076688,25.261719848253385
VNI-upper-20250411T1705,BROKENH1,-10.985192789489766,0.06789611976779852,11.053088909257564
VNI-upper-20250411T1705,CAPBES1,85.67522150931866,85.67522150931866,-0.0
VNI-upper-20250411T1705,COLEASF1,-17.193569917506874,0.0,17.193569917506874
VNI-upper-20250411T1705,COLWF01,18.151326851003155,43.8519172094918,25.700590358488643
VNI-upper-20250411T1705,CROOKWF2,0.0,0.0,-0.0
VNI-upper-20250411T1705,CROOKWF3,3.7641307668805393,11.201751705876365,7.437620938995826
VNI-upper-20250411T1705,CRWASF1,-10.202366791934004,0.0,10.202366791934004
VNI-upper-20250411T1705,DARLSF1,-18.66880649760668,0.0,18.66880649760668
VNI-upper-20250411T1705,DPNTB1,0.0,0.0,-0.0
VNI-upper-20250411T1705,FINLYSF1,-16.71516753233527,0.0,16.71516753233527
VNI-upper-20250411T1705,GOONSF1,-11.100707811386087,0.0,11.100707811386087
VNI-upper-20250411T1705,GULLRSF1,-1.0161930950198594,1.6675728689275893,2.683765963947449
VNI-upper-20250411T1705,GULLRWF1,-0.5659585823403577,9.26521167736022,9.831170259700578
VNI-upper-20250411T1705,GULLRWF2,10.674620690498012,15.313186501680418,4.6385658111824055
VNI-upper-20250411T1705,GUNNING1,9.402741521539868,12.456941032691718,3.0541995111518507
VNI-upper-20250411T1705,GUTHEGA,34.07964151135553,34.07964151135553,-0.0
VNI-upper-20250411T1705,HILLSTN1,-25.94819991852531,0.0,25.94819991852531
VNI-upper-20250411T1705,HUMENSW,0.0,0.0,-0.0
VNI-upper-20250411T1705,JEMALNG1,-9.038033981057135,0.0,9.038033981057136
VNI-upper-20250411T1705,JUNEESF1,-11.753509726041347,2.4928687239026384,14.246378449943986
VNI-upper-20250411T1705,LIMOSF11,-1.7776462694775468,15.037423676545473,16.81506994602302
VNI-upper-20250411T1705,LIMOSF21,0.0,0.0,-0.0
VNI-upper-20250411T1705,MANSLR1,-0.4438419390976679,1.2006933496282715,1.6445352887259395
VNI-upper-20250411T1705,MOLNGSF1,-1.1885076891740503,0.0,1.1885076891740503
VNI-upper-20250411T1705,PARSF1,-2.2621366737957023,0.0,2.2621366737957023
VNI-upper-20250411T1705,QBYNB1,0.0,0.0,-0.0
VNI-upper-20250411T1705,RESS1,59.71152783786536,59.71280171096853,0.0012738731031686026
VNI-upper-20250411T1705,RIVNB2,0.0,0.0,-0.0
VNI-upper-20250411T1705,RYEPARK1,125.43355559629288,125.43355559629288,-0.0
VNI-upper-20250411T1705,SEBSF1,-32.52213565536205,0.0,32.52213565536204
VNI-upper-20250411T1705,SNOWYP,0.0,0.0,-0.0
VNI-upper-20250411T1705,STWF1,0.0,1.1396563397494626,1.1396563397494628
VNI-upper-20250411T1705,SUNRSF1,0.0,0.0,-0.0
VNI-upper-20250411T1705,SUNTPSF1,-4.178462878093491,0.0,4.178462878093491
VNI-upper-20250411T1705,TUMUT3,1082.749770852429,1087.762501273042,5.012730420613098
VNI-upper-20250411T1705,UPPTUMUT,219.82523678582345,285.3176390915572,65.49240230573378
VNI-upper-20250411T1705,URANQ11,101.19787993482024,101.19787993482024,-0.0
VNI-upper-20250411T1705,URANQ12,146.83939301354516,146.83939301354513,-0.0
VNI-upper-20250411T1705,URANQ13,101.19787993482024,101.19787993482024,-0.0
VNI-upper-20250411T1705,URANQ14,146.83939301354516,146.83939301354516,-0.0
VNI-upper-20250411T1705,WAGGNSF1,-10.109790499032487,2.2824401110092682,12.392230610041755
VNI-upper-20250411T1705,WSTWYSF1,-35.12489652714126,0.0,35.12489652714126
VNI-upper-20250411T1705,WYASF1,-23.61988165800998,0.0,23.61988165800998
VNI-upper-20250513T1615,AVLSF1,-92.53127160493827,25.621858024691356,118.15312962962963
VNI-upper-20250513T1615,BANGOWF1,7.454473251028807,8.316585390946502,0.8621121399176944
VNI-upper-20250513T1615,BANGOWF2,1.1209458641975307,6.457018518518518,5.336072654320986
VNI-upper-20250513T1615,BHB1,0.0,0.0,-0.0
VNI-upper-20250513T1615,BLOWERNG,0.0,0.0,-0.0
VNI-upper-20250513T1615,BOCORWF1,-6.073425925925926,6.8620648148148184,12.935490740740743
VNI-upper-20250513T1615,BOMENSF1,-14.386808971193414,7.908679197530865,22.29548816872428
VNI-upper-20250513T1615,BROKENH1,2.3276028806584366,18.957476337448558,16.62987345679012
VNI-upper-20250513T1615,CAPBES1,85.5246913580247,95.58641975308643,10.061728395061728
VNI-upper-20250513T1615,COLEASF1,-47.780748888888894,32.61069506172839,80.39144395061729
VNI-upper-20250513T1615,COLWF01,-4.153199588477367,6.813693415637859,10.966893004115226
VNI-upper-20250513T1615,CROOKWF2,0.867597993827161,21.201622685185185,20.334024691358024
VNI-upper-20250513T1615,CROOKWF3,-2.2138179012345667,10.523552469135804,12.737370370370371
VNI-upper-20250513T1615,CRWASF1,-14.129256172839506,15.799086419753085,29.928342592592593
VNI-upper-20250513T1615,DARLSF1,-80.15365654320988,13.545845432098773,93.69950197530864
VNI-upper-20250513T1615,DPNTB1,24.871399176954732,24.871399176954732,-0.0
VNI-upper-20250513T1615,FINLYSF1,-29.3840658436214,46.27075102880657,75.65481687242796
VNI-upper-20250513T1615,GOONSF1,-1.7881481481481483,2.644444444444444,4.432592592592592
VNI-upper-20250513T1615,GULLRSF1,-2.3884259259259264,0.7669444444444445,3.155370370370371
VNI-upper-20250513T1615,GULLRWF1,9.404918518518521,21.712747222222227,12.307828703703706
VNI-upper-20250513T1615,GULLRWF2,-0.2165370370370372,9.647122222222222,9.863659259259261
VNI-upper-20250513T1615,GUNNING1,5.166486625514404,5.809799382716049,0.6433127572016462
VNI-upper-20250513T1615,GUTHEGA,34.06995884773662,34.06995884773662,-0.0
VNI-upper-20250513T1615,HILLSTN1,-37.57971193415638,24.41411522633745,61.99382716049382
VNI-upper-20250513T1615,HUMENSW,0.0,0.0,-0.0
VNI-upper-20250513T1615,JEMALNG1,-12.876995884773663,0.0,12.876995884773663
VNI-upper-20250513T1615,JUNEESF1,1.295532921810699,4.6100781893004115,3.314545267489712
VNI-upper-20250513T1615,LIMOSF11,-87.9277257201646,0.0,87.9277257201646
VNI-upper-20250513T1615,LIMOSF21,-11.1147829218107,0.0,11.1147829218107
VNI-upper-20250513T1615,MANSLR1,-2.0706676954732512,1.930005144032922,4.000672839506173
VNI-upper-20250513T1615,MOLNGSF1,-0.1292194886831274,1.333389564814815,1.4626090534979426
VNI-upper-20250513T1615,PARSF1,-7.55275720164609,0.6562139917695474,8.208971193415637
VNI-upper-20250513T1615,QBYNB1,8.05761316872428,14.606710216049384,6.549097047325104
VNI-upper-20250513T1615,RESS1,59.69008460905349,59.69008460905349,-0.0
VNI-upper-20250513T1615,RIVNB2,64.66500115226337,64.66500115226337,-0.0
VNI-upper-20250513T1615,RYEPARK1,-5.356643518518517,14.939358333333335,20.29600185185185
VNI-upper-20250513T1615,SEBSF1,-16.562829218106994,36.40655349794238,52.96938271604938
VNI-upper-20250513T1615,SNOWYP,0.0,0.0,-0.0
VNI-upper-20250513T1615,STWF1,1.063504732510288,2.8391760288065844,1.7756712962962964
VNI-upper-20250513T1615,SUNRSF1,-70.10999331275721,0.0,70.10999331275721
VNI-upper-20250513T1615,SUNTPSF1,-1.8842026748971188,3.474902263374486,5.359104938271606
VNI-upper-20250513T1615,TUMUT3,1639.0432098765432,1736.1139891975308,97.07077932098765
VNI-upper-20250513T1615,UPPTUMUT,198.81481481481484,198.81481481481484,-0.0
VNI-upper-20250513T1615,URANQ11,171.57613168724282,171.57613168724282,-0.0
VNI-upper-20250513T1615,URANQ12,171.5761316872428,171.57613168724282,-0.0
VNI-upper-20250513T1615,URANQ13,171.57613168724282,171.57613168724282,-0.0
VNI-upper-20250513T1615,URANQ14,171.5761316872428,171.57613168724282,-0.0
VNI-upper-20250513T1615,WAGGNSF1,-15.539378004115228,4.919759053497942,20.459137057613173
VNI-upper-20250513T1615,WLWLSF1,-56.90866255144033,13.279619341563784,70.18828189300412
VNI-upper-20250513T1615,WLWLSF2,-38.21720164609053,15.818384773662551,54.03558641975308
VNI-upper-20250513T1615,WSTWYSF1,2.1932016460905333,12.473339506172838,10.280137860082306
VNI-upper-20250513T1615,WYASF1,-2.710722016460905,1.2005205761316875,3.911242592592593
VNI-upper-20250528T1630,AVLSF1,0.0,0.0,-0.0
VNI-upper-20250528T1630,BANGOWF1,-20.672000000000004,36.11377777777778,56.78577777777778
VNI-upper-20250528T1630,BANGOWF2,-17.0538670944088,25.734899175068747,42.78876626947755
VNI-upper-20250528T1630,BHB1,0.0,0.0,-0.0
VNI-upper-20250528T1630,BLOWERNG,0.0,0.0,-0.0
VNI-upper-20250528T1630,BOCORWF1,-21.221504226499658,107.80826591302576,129.02977013952543
VNI-upper-20250528T1630,BOMENSF1,-5.733103055300947,5.580105464914961,11.313208520215909
VNI-upper-20250528T1630,BROKENH1,0.0,0.0,-0.0
VNI-upper-20250528T1630,CAPBES1,0.0,0.0,-0.0
VNI-upper-20250528T1630,COLEASF1,-46.694107919340055,0.0,46.694107919340055
VNI-upper-20250528T1630,COLWF01,-31.619480362562385,127.14324499338016,158.76272535594256
VNI-upper-20250528T1630,CROOKWF2,-18.938792137692232,38.72288420409411,57.66167634178634
VNI-upper-20250528T1630,CROOKWF3,-14.24992361747632,33.166310214889506,47.416233832365826
VNI-upper-20250528T1630,CRWASF1,-5.2606416131989,1.855452208982585,7.116093822181485
VNI-upper-20250528T1630,DARLSF1,0.0,0.0,-0.0
VNI-upper-20250528T1630,DPNTB1,24.88033404623689,99.52133618494756,74.64100213871066
VNI-upper-20250528T1630,FINLYSF1,-45.2928404114472,7.942167226805177,53.23500763825237
VNI-upper-20250528T1630,GOONSF1,5.204170427930421e-18,0.09238924534066606,0.09238924534066606
VNI-upper-20250528T1630,GULLRSF1,0.0,0.0,-0.0
VNI-upper-20250528T1630,GULLRWF1,0.0,0.0,-0.0
VNI-upper-20250528T1630,GULLRWF2,0.0,0.0,-0.0
VNI-upper-20250528T1630,GUNNING1,-4.434068744271309,20.045268866483347,24.479337610754662
VNI-upper-20250528T1630,GUTHEGA,34.07964151135553,34.07964151135553,-0.0
VNI-upper-20250528T1630,HILLSTN1,-28.277714125674716,4.883020164986252,33.16073429066097
VNI-upper-20250528T1630,HUMENSW,0.0,0.0,-0.0
VNI-upper-20250528T1630,JEMALNG1,-2.1525267338832874,0.249945411956411,2.402472145839699
VNI-upper-20250528T1630,JUNEESF1,-10.084337101537834,0.1467010673184642,10.231038168856298
VNI-upper-20250528T1630,LIMOSF11,-12.806292143802832,4.779687784906814,17.585979928709648
VNI-upper-20250528T1630,LIMOSF21,-2.4243079743354725,1.4701881495060598,3.8944961238415328
VNI-upper-20250528T1630,MANSLR1,-0.19656582951420717,0.045728212648945915,0.2422940421631531
VNI-upper-20250528T1630,MOLNGSF1,-0.6872854669518281,0.029402586821468582,0.7166880537732968
VNI-upper-20250528T1630,PARSF1,-0.05179397087279761,0.34435991445157343,0.39615388532437107
VNI-upper-20250528T1630,QBYNB1,1.008147469192382,11.089622161116205,10.081474691923821
VNI-upper-20250528T1630,RESS1,59.71152783786536,59.72044494958754,0.008917111722180219
VNI-upper-20250528T1630,RIVNB2,64.6888685202159,64.6888685202159,-0.0
VNI-upper-20250528T1630,RYEPARK1,-78.24669178124043,102.65538586414092,180.90207764538135
VNI-upper-20250528T1630,SEBSF1,-2.8413555351868824,4.153131174253997,6.99448670944088
VNI-upper-20250528T1630,SNOWYP,0.0,0.0,-0.0
VNI-upper-20250528T1630,STWF1,21.39536535288726,46.56845084020776,25.1730854873205
VNI-upper-20250528T1630,SUNRSF1,-11.872125471025564,4.253642884204091,16.125768355229656
VNI-upper-20250528T1630,SUNTPSF1,-0.5590314695997555,0.3627757409104797,0.9218072105102351
VNI-upper-20250528T1630,TUMUT3,1503.8191261839293,1656.679262544047,152.86013636011808
VNI-upper-20250528T1630,UPPTUMUT,364.36785823403613,940.258806509828,575.890948275792
VNI-upper-20250528T1630,URANQ11,171.64334453610346,273.02138053162236,101.37803599551887
VNI-upper-20250528T1630,URANQ12,171.64334453610346,273.97921984519803,102.3358753090946
VNI-upper-20250528T1630,URANQ13,171.64334453610346,281.5821667522151,109.93882221611159
VNI-upper-20250528T1630,URANQ14,126.2875432141766,239.58741992056213,113.29987670638556
VNI-upper-20250528T1630,WAGGNSF1,-7.830152142784397,0.0,7.830152142784397
VNI-upper-20250528T1630,WSTWYSF1,-4.915446073938282,0.8375563703024747,5.753002444240757
VNI-upper-20250528T1630,WYASF1,-2.3879266727772683,0.5276803136775641,2.915606986454832
VNI-upper-20250615T0635,AVLSF1,0.0,0.0,-0.0
VNI-upper-20250615T0635,BANGOWF1,4.264927234927235,6.854220374220377,2.5892931392931424
VNI-upper-20250615T0635,BANGOWF2,2.6070686070686078,2.6070686070686078,-0.0
VNI-upper-20250615T0635,BERYLSF1,0.0,0.0,-0.0
VNI-upper-20250615T0635,BHB1,0.0,0.0,-0.0
VNI-upper-20250615T0635,BLOWERNG,0.0,0.0,-0.0
VNI-upper-20250615T0635,BOCORWF1,9.240748440748444,13.643580041580043,4.4028316008315995
VNI-upper-20250615T0635,BODWF1,-3.7994594594594604,2.9967567567567572,6.796216216216218
VNI-upper-20250615T0635,BOMENSF1,0.0,0.0,-0.0
VNI-upper-20250615T0635,BROKENH1,0.0,0.0,-0.0
VNI-upper-20250615T0635,BW01,-28.01455301455302,56.02910602910604,84.04365904365906
VNI-upper-20250615T0635,BW02,-56.02910602910604,56.02910602910604,112.05821205821208
VNI-upper-20250615T0635,BW03,-33.909424116424155,22.66112266112266,56.57054677754682
VNI-upper-20250615T0635,BW04,0.0,0.0,-0.0
VNI-upper-20250615T0635,CAPBES1,-3.8461538461538463,5.769230769230769,9.615384615384615
VNI-upper-20250615T0635,CG1,0.0,0.0,-0.0
VNI-upper-20250615T0635,CG2,0.0,0.0,-0.0
VNI-upper-20250615T0635,CG3,0.0,0.0,-0.0
VNI-upper-20250615T0635,CG4,0.0,0.0,-0.0
VNI-upper-20250615T0635,COLEASF1,0.0,0.0,-0.0
VNI-upper-20250615T0635,COLWF01,0.0,0.0,-0.0
VNI-upper-20250615T0635,CROOKWF2,-5.665280665280662,0.0,5.665280665280662
VNI-upper-20250615T0635,CROOKWF3,-1.472972972972972,2.4802598752598755,3.9532328482328474
VNI-upper-20250615T0635,CRURWF1,-5.4054054054054035,0.0,5.4054054054054035
VNI-upper-20250615T0635,CRWASF1,0.0,0.0,-0.0
VNI-upper-20250615T0635,DARLSF1,0.0,0.0,-0.0
VNI-upper-20250615T0635,DPNTB1,0.0,0.0,-0.0
VNI-upper-20250615T0635,ER01,-0.7039245322245049,0.6234882536382628,1.3274127858627676
VNI-upper-20250615T0635,ER02,0.0,0.0,-0.0
VNI-upper-20250615T0635,ER03,0.0,0.9336826403325535,0.9336826403325535
VNI-upper-20250615T0635,ER04,-0.09796455301468608,0.09796455301468608,0.19592910602937216
VNI-upper-20250615T0635,FINLYSF1,0.0,0.0,-0.0
VNI-upper-20250615T0635,FLYCRKWF,33.49189189189191,33.49189189189191,-0.0
VNI-upper-20250615T0635,GNNDHSF1,0.0,0.0,-0.0
VNI-upper-20250615T0635,GOONSF1,0.0,0.0,-0.0
VNI-upper-20250615T0635,GULLRSF1,0.0,0.0,-0.0
VNI-upper-20250615T0635,GULLRWF1,10.468059147609145,10.866217047817047,0.3981579002079021
VNI-upper-20250615T0635,GULLRWF2,2.590334303534301,4.238612577962575,1.6482782744282738
VNI-upper-20250615T0635,GUNNING1,2.8075675675675678,2.8075675675675678,-0.0
VNI-upper-20250615T0635,GUTHEGA,0.0,0.0,-0.0
VNI-upper-20250615T0635,HEZ1,0.0,0.0,-0.0
VNI-upper-20250615T0635,HILLSTN1,0.0,0.0,-0.0
VNI-upper-20250615T0635,HUMENSW,0.0,0.0,-0.0
VNI-upper-20250615T0635,JEMALNG1,0.0,0.0,-0.0
VNI-upper-20250615T0635,JUNEESF1,0.0,0.0,-0.0
VNI-upper-20250615T0635,LIMOSF11,0.0,0.0,-0.0
VNI-upper-20250615T0635,LIMOSF21,0.0,0.0,-0.0
VNI-upper-20250615T0635,MANSLR1,0.0,0.0,-0.0
VNI-upper-20250615T0635,METZSF1,0.0,0.0,-0.0
VNI-upper-20250615T0635,MOLNGSF1,0.0,0.0,-0.0
VNI-upper-20250615T0635,MOREESF1,0.0,0.0,-0.0
VNI-upper-20250615T0635,MP1,111.87117505197494,111.87117505197494,-0.0
VNI-upper-20250615T0635,MP2,50.38794511434503,50.38794511434503,-0.0
VNI-upper-20250615T0635,NEVERSF1,0.0,0.0,-0.0
VNI-upper-20250615T0635,NEWENSF1,0.0,0.0,-0.0
VNI-upper-20250615T0635,NEWENSF2,0.0,0.0,-0.0
VNI-upper-20250615T0635,NYNGAN1,0.0,0.0,-0.0
VNI-upper-20250615T0635,PARSF1,0.0,0.0,-0.0
VNI-upper-20250615T0635,QBYNB1,0.0,0.0,-0.0
VNI-upper-20250615T0635,RESS1,0.0,0.0,-0.0
VNI-upper-20250615T0635,RIVNB2,0.0,39.36486486486487,39.36486486486487
VNI-upper-20250615T0635,RYEPARK1,4.619542619542626,16.463209979209985,11.84366735966736
VNI-upper-20250615T0635,SAPHWF1,0.0,0.0,-0.0
VNI-upper-20250615T0635,SEBSF1,0.0,0.0,-0.0
VNI-upper-20250615T0635,SNOWYP,0.0,0.0,-0.0
VNI-upper-20250615T0635,STUBSF1,0.0,0.0,-0.0
VNI-upper-20250615T0635,STUBSF2,0.013443970893970893,0.013443970893970893,-0.0
VNI-upper-20250615T0635,STWF1,-9.806185550935552,2.643217255717254,12.449402806652806
VNI-upper-20250615T0635,SUNRSF1,0.0,0.0,-0.0
VNI-upper-20250615T0635,SUNTPSF1,0.0,0.0,-0.0
VNI-upper-20250615T0635,TARALGA1,1.4688045738045732,2.953357588357588,1.4845530145530146
VNI-upper-20250615T0635,TUMUT3,124.61018711018713,124.61018711018713,-0.0
VNI-upper-20250615T0635,UPPTUMUT,0.0,0.0,-0.0
VNI-upper-20250615T0635,URANQ11,0.0,0.0,-0.0
VNI-upper-20250615T0635,URANQ12,0.0,0.0,-0.0
VNI-upper-20250615T0635,URANQ13,0.0,0.0,-0.0
VNI-upper-20250615T0635,URANQ14,0.0,0.0,-0.0
VNI-upper-20250615T0635,VP5,-102.5856361746363,0.0,102.5856361746363
VNI-upper-20250615T0635,VP6,-100.27306361746378,0.0,100.27306361746378
VNI-upper-20250615T0635,WAGGNSF1,0.0,0.0,-0.0
VNI-upper-20250615T0635,WELLSF1,0.0,0.0,-0.0
VNI-upper-20250615T0635,WELNSF1,0.0,0.0,-0.0
VNI-upper-20250615T0635,WLWLSF1,0.0,0.0,-0.0
VNI-upper-20250615T0635,WLWLSF2,0.0,0.0,-0.0
VNI-upper-20250615T0635,WOLARSF1,0.0,0.0,-0.0
VNI-upper-20250615T0635,WOODLWN1,0.0,1.4332744282744283,1.4332744282744283
VNI-upper-20250615T0635,WRSF1,0.0,0.0,-0.0
VNI-upper-20250615T0635,WRWF1,0.0,0.0,-0.0
VNI-upper-20250615T0635,WSTWYSF1,0.0,0.0,-0.0
VNI-upper-20250615T0635,WTAHB1,0.0,0.0,-0.0
VNI-upper-20250615T0635,WYASF1,0.0,0.0,-0.0
VNI-upper-20250626T2005,ARWF1,0.0,0.0,-0.0
VNI-upper-20250626T2005,AVLSF1,0.0,0.0,-0.0
VNI-upper-20250626T2005,BALB1,0.0,0.0,-0.0
VNI-upper-20250626T2005,BALDHWF1,0.8955359999999999,0.8955359999999999,-0.0
VNI-upper-20250626T2005,BANGOWF1,0.19541566201907962,0.6723503511898523,0.4769346891707727
VNI-upper-20250626T2005,BANGOWF2,-0.19465352762344057,0.12369346891707726,0.31834699654051785
VNI-upper-20250626T2005,BANN1,0.0,0.0,-0.0
VNI-upper-20250626T2005,BHB1,0.0,0.0,-0.0
VNI-upper-20250626T2005,BLOWERNG,0.0,0.0,-0.0
VNI-upper-20250626T2005,BOMENSF1,0.0,0.0,-0.0
VNI-upper-20250626T2005,BROKENH1,0.0,0.0,-0.0
VNI-upper-20250626T2005,BRYB1WF1,0.0,0.0,-0.0
VNI-upper-20250626T2005,BRYB2WF2,0.0,0.0,-0.0
VNI-upper-20250626T2005,BULBES1,1.2960000000000003,6.912,5.616
VNI-upper-20250626T2005,BULGANA1,0.0,0.0,-0.0
VNI-upper-20250626T2005,CHYTWF1,-0.15983999999999984,0.0,0.15983999999999984
VNI-upper-20250626T2005,COHUNSF1,0.0,0.0,-0.0
VNI-upper-20250626T2005,COLEASF1,0.0,0.0,-0.0
VNI-upper-20250626T2005,CROWLWF1,0.0,0.0,-0.0
VNI-upper-20250626T2005,CRWASF1,0.0,0.0,-0.0
VNI-upper-20250626T2005,DARLSF1,0.0,0.0,-0.0
VNI-upper-20250626T2005,DARTM1,0.0,0.0,-0.0
VNI-upper-20250626T2005,EILDON1,0.0,0.0,-0.0
VNI-upper-20250626T2005,EILDON2,0.0,0.0,-0.0
VNI-upper-20250626T2005,ELAINWF1,0.0,0.0,-0.0
VNI-upper-20250626T2005,FINLYSF1,0.0,0.0,-0.0
VNI-upper-20250626T2005,GANNB1,0.0,0.0,-0.0
VNI-upper-20250626T2005,GANNSF1,0.0,0.0,-0.0
VNI-upper-20250626T2005,GIRGSF,0.0,0.0,-0.0
VNI-upper-20250626T2005,GLENSF1,0.0,0.0,-0.0
VNI-upper-20250626T2005,GLRWNSF1,0.0,0.0,-0.0
VNI-upper-20250626T2005,GUNNING1,-0.06287577314183876,0.32881559911940456,0.39169137226124334
VNI-upper-20250626T2005,GUTHEGA,0.0,0.0,-0.0
VNI-upper-20250626T2005,HBESS1,-0.432,0.0,0.432
VNI-upper-20250626T2005,HD1WF1,0.41904000000000025,0.4535999999999999,0.03455999999999965
VNI-upper-20250626T2005,HILLSTN1,0.0,0.0,-0.0
VNI-upper-20250626T2005,HUMENSW,0.0,0.0,-0.0
VNI-upper-20250626T2005,HUMEV,0.0,0.0,-0.0
VNI-upper-20250626T2005,JEMALNG1,0.0,0.0,-0.0
VNI-upper-20250626T2005,JUNEESF1,0.0,0.0,-0.0
VNI-upper-20250626T2005,KARSF1,0.0,0.0,-0.0
VNI-upper-20250626T2005,KERNGSP1,0.0,0.0,-0.0
VNI-upper-20250626T2005,KESSB1,33.847,33.847,-0.0
VNI-upper-20250626T2005,KIAMSF1,0.0,0.0,-0.0
VNI-upper-20250626T2005,KIATAWF1,0.0,0.0,-0.0
VNI-upper-20250626T2005,LIMOSF11,0.0,0.0,-0.0
VNI-upper-20250626T2005,LIMOSF21,0.0,0.0,-0.0
VNI-upper-20250626T2005,MACARTH1,-1.5551999999999997,0.0,1.5551999999999997
VNI-upper-20250626T2005,MCKAY1,0.0,0.0,-0.0
VNI-upper-20250626T2005,MERCER01,0.0,0.0,-0.0
VNI-upper-20250626T2005,MOKOSF1,0.0,0.0,-0.0
VNI-upper-20250626T2005,MOORAWF1,0.0,0.0,-0.0
VNI-upper-20250626T2005,MRTLSWF1,0.0,0.0,-0.0
VNI-upper-20250626T2005,MTGELWF1,0.0,0.0,-0.0
VNI-upper-20250626T2005,MURRAY,201.58386372000004,201.58386372000004,-0.0
VNI-upper-20250626T2005,MUWAWF1,0.0,0.0,-0.0
VNI-upper-20250626T2005,MUWAWF2,0.0,0.0,-0.0
VNI-upper-20250626T2005,NUMURSF1,0.0,0.0,-0.0
VNI-upper-20250626T2005,OAKLAND1,0.0,0.0,-0.0
VNI-upper-20250626T2005,PIBESS1,-1.728,0.0,1.728
VNI-upper-20250626T2005,RANGEB1,0.0,0.0,-0.0
VNI-upper-20250626T2005,RYANCWF1,0.47563200000000044,0.7348320000000003,0.2591999999999998
VNI-upper-20250626T2005,SALTCRK1,0.0,0.0,-0.0
VNI-upper-20250626T2005,SEBSF1,0.0,0.0,-0.0
VNI-upper-20250626T2005,SNOWYP,0.0,0.0,-0.0
VNI-upper-20250626T2005,STWF1,5.524321357500794,40.23909835385261,34.714776996351816
VNI-upper-20250626T2005,SUNRSF1,0.0,0.0,-0.0
VNI-upper-20250626T2005,TUMUT3,-160.99591152112382,466.5698077534332,627.5657192745571
VNI-upper-20250626T2005,UPPTUMUT,0.0,0.0,-0.0
VNI-upper-20250626T2005,URANQ11,-18.016062715169294,60.36280299402455,78.37886570919383
VNI-upper-20250626T2005,URANQ12,-18.399826313030704,61.70165182933222,80.10147814236294
VNI-upper-20250626T2005,URANQ13,-17.80052083446902,2.009522146975578,19.810042981444596
VNI-upper-20250626T2005,URANQ14,-18.08966133137645,0.8590754334835955,18.948736764860048
VNI-upper-20250626T2005,VBB1,-66.52799999999999,0.0,66.52799999999999
VNI-upper-20250626T2005,WAGGNSF1,0.0,0.0,-0.0
VNI-upper-20250626T2005,WEMENSF1,0.0,0.0,-0.0
VNI-upper-20250626T2005,WINTSF1,0.0,0.0,-0.0
VNI-upper-20250626T2005,WKIEWA1,0.0,0.0,-0.0
VNI-upper-20250626T2005,WKIEWA2,0.0,0.0,-0.0
VNI-upper-20250626T2005,WSTWYSF1,0.0,0.0,-0.0
VNI-upper-20250626T2005,WUNUSF1,0.0,0.0,-0.0
VNI-upper-20250626T2005,WYASF1,0.0,0.0,-0.0
VNI-upper-20250626T2005,YATSF1,0.0,0.0,-0.0
VNI-upper-20250626T2005,YENDWF1,0.0,0.0,-0.0
VNI-upper-20250626T2005,YWPS2,0.0,0.0,-0.0
VNI-upper-20250626T2005,YWPS3,0.0,0.0,-0.0
VNI-upper-20250626T2005,YWPS4,0.0,0.0,-0.0
VNI-upper-20250716T1035,AGLSOM,0.0,0.0,-0.0
VNI-upper-20250716T1035,ARWF1,-0.6666209999999998,6.512113500000002,7.178734500000001
VNI-upper-20250716T1035,BALB1,8.925,10.625,1.7
VNI-upper-20250716T1035,BALDHWF1,4.597649999999999,17.033149999999992,12.435499999999996
VNI-upper-20250716T1035,BANN1,0.0,0.004249999999999155,0.004249999999999155
VNI-upper-20250716T1035,BRYB1WF1,-6.557749999999998,6.108950000000001,12.666699999999999
VNI-upper-20250716T1035,BRYB2WF2,1.034875,5.9342749999999995,4.8994
VNI-upper-20250716T1035,BULBES1,0.0,18.7,18.700000000000003
VNI-upper-20250716T1035,BULGANA1,0.7501037500000007,11.6107195,10.86061575
VNI-upper-20250716T1035,CHYTWF1,-0.23374999999999954,5.155249999999998,5.388999999999998
VNI-upper-20250716T1035,COHUNSF1,0.5996749999999991,0.8164249999999997,0.21675000000000066
VNI-upper-20250716T1035,CROWLWF1,-1.1042945000000004,6.051498500000001,7.155793000000001
VNI-upper-20250716T1035,DARTM1,101.53,101.53,-0.0
VNI-upper-20250716T1035,ELAINWF1,0.015627249999998538,7.649056500000002,7.633429250000003
VNI-upper-20250716T1035,GANNB1,0.0,0.0,-0.0
VNI-upper-20250716T1035,GANNSF1,0.0,0.0,-0.0
VNI-upper-20250716T1035,GIRGSF,-7.041476500000001,11.223366,18.2648425
VNI-upper-20250716T1035,GLENSF1,-3.8876492500000017,31.46457325,35.352222499999996
VNI-upper-20250716T1035,GLRWNSF1,-4.175625,26.949250000000003,31.124875000000003
VNI-upper-20250716T1035,HBESS1,-34.0,73.95,107.95
VNI-upper-20250716T1035,HD1WF1,-6.44725,3.1279999999999997,9.57525
VNI-upper-20250716T1035,KARSF1,0.0,0.0,-0.0
VNI-upper-20250716T1035,KERNGSP1,-4.700500000000001,6.277249999999997,10.977749999999997
VNI-upper-20250716T1035,KESSB1,25.5,91.98155575,66.48155575
VNI-upper-20250716T1035,KIAMSF1,0.0,0.0,-0.0
VNI-upper-20250716T1035,KIATAWF1,0.0,0.0,-0.0
VNI-upper-20250716T1035,LNGS1,0.0,0.0,-0.0
VNI-upper-20250716T1035,LNGS2,0.0,0.0,-0.0
VNI-upper-20250716T1035,MACARTH1,-11.559999999999999,6.884999999999998,18.444999999999997
VNI-upper-20250716T1035,MCKAY1,0.0,0.0,-0.0
VNI-upper-20250716T1035,MERCER01,0.7650000000000002,4.420000000000001,3.6550000000000002
VNI-upper-20250716T1035,MOKOSF1,0.17382499999999856,18.884024999999998,18.710199999999997
VNI-upper-20250716T1035,MOORAWF1,7.995661000000002,28.849565250000012,20.85390425000001
VNI-upper-20250716T1035,MRTLSWF1,0.0,0.0,-0.0
VNI-upper-20250716T1035,MTGELWF1,3.469423749999999,13.11161975,9.642196
VNI-upper-20250716T1035,MURRAY,345.64022199,365.60495795,19.96473596000002
VNI-upper-20250716T1035,MUWAWF1,0.0,3.02365825,3.02365825
VNI-upper-20250716T1035,MUWAWF2,0.0,3.02365825,3.02365825
VNI-upper-20250716T1035,NPS,0.0,0.0,-0.0
VNI-upper-20250716T1035,NUMURSF1,-8.956874999999998,16.719500000000004,25.676375
VNI-upper-20250716T1035,OAKLAND1,0.7224999999999996,3.8675,3.1450000000000005
VNI-upper-20250716T1035,PIBESS1,-5.551115123125783e-17,3.3999999999999995,3.4
VNI-upper-20250716T1035,RANGEB1,42.5,227.45272825,184.95272825
VNI-upper-20250716T1035,RYANCWF1,-6.260250000000001,5.448499999999999,11.708750000000002
VNI-upper-20250716T1035,SALTCRK1,-0.5541999999999998,6.509597499999998,7.063797499999999
VNI-upper-20250716T1035,VBB1,23.375,157.67499999999998,134.3
VNI-upper-20250716T1035,WEMENSF1,0.0,0.0,-0.0
VNI-upper-20250716T1035,WINTSF1,-0.16574999999999962,37.761250000000004,37.927
VNI-upper-20250716T1035,WKIEWA1,0.0,0.0,-0.0
VNI-upper-20250716T1035,WKIEWA2,10.649999999999999,10.649999999999999,-0.0
VNI-upper-20250716T1035,WUNUSF1,-8.827675000000001,9.318550000000002,18.146225
VNI-upper-20250716T1035,YATSF1,0.004249999999999155,0.021249999999995772,0.01699999999999662
VNI-upper-20250716T1035,YENDWF1,-0.6529912499999992,10.82819675,11.481188
VNI-upper-20250716T1035,YWPS1,0.0,0.0,-0.0
VNI-upper-20250716T1035,YWPS2,0.0,0.0,-0.0
VNI-upper-20250716T1035,YWPS3,0.0,0.0,-0.0
VNI-upper-20250716T1035,YWPS4,0.0,0.0,-0.0
VNI-upper-20250728T2235,ARWF1,3.153599999999999,3.153599999999999,-0.0
VNI-upper-20250728T2235,AVLSF1,0.0,0.0,-0.0
VNI-upper-20250728T2235,BALB1,0.0,0.0,-0.0
VNI-upper-20250728T2235,BALDHWF1,-1.513296,0.3533759999999991,1.866671999999999
VNI-upper-20250728T2235,BANGOWF1,1.3236798336798392,5.235467775467784,3.911787941787945
VNI-upper-20250728T2235,BANGOWF2,4.345509355509358,4.345509355509358,-0.0
VNI-upper-20250728T2235,BANN1,0.0,0.0,-0.0
VNI-upper-20250728T2235,BERYLSF1,0.0,0.0,-0.0
VNI-upper-20250728T2235,BHB1,0.0,0.0,-0.0
VNI-upper-20250728T2235,BLOWERNG,0.0,0.0,-0.0
VNI-upper-20250728T2235,BOCORWF1,5.878463617463617,5.878463617463617,-0.0
VNI-upper-20250728T2235,BODWF1,0.5691891891891893,0.5959459459459442,0.026756756756754894
VNI-upper-20250728T2235,BOMENSF1,0.0,0.0,-0.0
VNI-upper-20250728T2235,BROKENH1,0.0,0.0,-0.0
VNI-upper-20250728T2235,BRYB1WF1,0.16070399999999996,0.36115200000000014,0.20044800000000018
VNI-upper-20250728T2235,BRYB2WF2,0.08164800000000003,0.12916799999999978,0.04751999999999976
VNI-upper-20250728T2235,BULBES1,0.0,0.0,-0.0
VNI-upper-20250728T2235,BULGANA1,0.4158475200000007,1.4181696000000008,1.0023220800000001
VNI-upper-20250728T2235,BW01,-101.02215904365912,0.0,101.02215904365912
VNI-upper-20250728T2235,BW02,-82.71083866943857,0.0,82.71083866943857
VNI-upper-20250728T2235,BW03,-45.32224532224532,0.0,45.32224532224532
VNI-upper-20250728T2235,BW04,-45.32224532224532,0.0,45.32224532224532
VNI-upper-20250728T2235,CAPBES1,0.0,0.0,-0.0
VNI-upper-20250728T2235,CG1,0.0,0.0,-0.0
VNI-upper-20250728T2235,CG2,0.0,0.0,-0.0
VNI-upper-20250728T2235,CG3,0.0,0.0,-0.0
VNI-upper-20250728T2235,CG4,0.0,0.0,-0.0
VNI-upper-20250728T2235,CHYTWF1,0.8208000000000002,1.5379199999999995,0.7171199999999993
VNI-upper-20250728T2235,COHUNSF1,0.0,0.0,-0.0
VNI-upper-20250728T2235,COLEASF1,0.0,0.0,-0.0
VNI-upper-20250728T2235,COLWF01,31.939137993763005,31.939137993763005,-0.0
VNI-upper-20250728T2235,CROOKWF2,-0.46455301455301057,1.6655925155925144,2.130145530145525
VNI-upper-20250728T2235,CROOKWF3,2.1596049896049885,2.1596049896049885,-0.0
VNI-upper-20250728T2235,CROWLWF1,0.5545929599999997,0.5545929599999997,-0.0
VNI-upper-20250728T2235,CRURWF1,-4.30054054054052,0.0,4.30054054054052
VNI-upper-20250728T2235,CRWASF1,0.0,0.0,-0.0
VNI-upper-20250728T2235,DARLSF1,0.0,0.0,-0.0
VNI-upper-20250728T2235,DARTM1,0.0,0.0,-0.0
VNI-upper-20250728T2235,DPNTB1,0.0,0.0,-0.0
VNI-upper-20250728T2235,ELAINWF1,0.4280212800000003,0.5024894400000001,0.0744681599999998
VNI-upper-20250728T2235,ER01,0.24134178794159541,0.24134178794159541,-0.0
VNI-upper-20250728T2235,ER02,0.0,0.16090550935535328,0.16090550935535328
VNI-upper-20250728T2235,ER03,0.0,0.0,-0.0
VNI-upper-20250728T2235,ER04,0.0,0.09796455301468608,0.09796455301468608
VNI-upper-20250728T2235,FINLYSF1,0.0,0.0,-0.0
VNI-upper-20250728T2235,FLYCRKWF,4.9945945945946,4.9945945945946,-0.0
VNI-upper-20250728T2235,GANNB1,0.0,0.0,-0.0
VNI-upper-20250728T2235,GANNSF1,0.0,0.0,-0.0
VNI-upper-20250728T2235,GIRGSF,0.0,0.0,-0.0
VNI-upper-20250728T2235,GLENSF1,0.0,0.0,-0.0
VNI-upper-20250728T2235,GLRWNSF1,0.0,0.0,-0.0
VNI-upper-20250728T2235,GNNDHSF1,0.0,0.0,-0.0
VNI-upper-20250728T2235,GOONSF1,0.0,0.0,-0.0
VNI-upper-20250728T2235,GULLRSF1,0.0,0.0,-0.0
VNI-upper-20250728T2235,GULLRWF1,-14.676551559251537,0.0,14.676551559251537
VNI-upper-20250728T2235,GULLRWF2,2.783512681912685,2.783512681912685,-0.0
VNI-upper-20250728T2235,GUNNING1,0.12451143451143401,0.12451143451143401,-0.0
VNI-upper-20250728T2235,GUTHEGA,0.0,0.0,-0.0
VNI-upper-20250728T2235,HBESS1,0.0,0.0,-0.0
VNI-upper-20250728T2235,HD1WF1,0.33264,0.33264,-0.0
VNI-upper-20250728T2235,HEZ1,0.0,0.0,-0.0
VNI-upper-20250728T2235,HILLSTN1,0.0,0.0,-0.0
VNI-upper-20250728T2235,HUMENSW,0.0,0.0,-0.0
VNI-upper-20250728T2235,JEMALNG1,0.0,0.0,-0.0
VNI-upper-20250728T2235,JUNEESF1,0.0,0.0,-0.0
VNI-upper-20250728T2235,KARSF1,0.0,0.0,-0.0
VNI-upper-20250728T2235,KERNGSP1,0.0,0.0,-0.0
VNI-upper-20250728T2235,KESSB1,0.0,0.0,-0.0
VNI-upper-20250728T2235,KIAMSF1,0.0,0.0,-0.0
VNI-upper-20250728T2235,KIATAWF1,0.04091040000000001,0.2534112000000001,0.2125008000000001
VNI-upper-20250728T2235,LIMOSF11,0.0,0.0,-0.0
VNI-upper-20250728T2235,LIMOSF21,0.0,0.0,-0.0
VNI-upper-20250728T2235,MACARTH1,0.0,0.0,-0.0
VNI-upper-20250728T2235,MANSLR1,0.0,0.0,-0.0
VNI-upper-20250728T2235,MCKAY1,0.0,0.0,-0.0
VNI-upper-20250728T2235,MERCER01,1.5983999999999996,1.5983999999999996,-0.0
VNI-upper-20250728T2235,METZSF1,0.0,0.0,-0.0
VNI-upper-20250728T2235,MOKOSF1,0.0,0.0,-0.0
VNI-upper-20250728T2235,MOLNGSF1,0.0,0.0,-0.0
VNI-upper-20250728T2235,MOORAWF1,0.20087135999999872,0.5268715200000013,0.32600016000000254
VNI-upper-20250728T2235,MOREESF1,0.0,0.0,-0.0
VNI-upper-20250728T2235,MP1,0.0,0.0,-0.0
VNI-upper-20250728T2235,MP2,0.0,0.0,-0.0
VNI-upper-20250728T2235,MRTLSWF1,0.1036800000000001,0.9979200000000003,0.8942400000000001
VNI-upper-20250728T2235,MTGELWF1,-0.23813567999999996,0.0,0.23813567999999996
VNI-upper-20250728T2235,MURRAY,44.10924318000004,44.10924318000004,-0.0
VNI-upper-20250728T2235,MUWAWF1,1.771199999999999,1.771199999999999,-0.0
VNI-upper-20250728T2235,MUWAWF2,-0.8244158399999998,0.0,0.8244158399999998
VNI-upper-20250728T2235,NEVERSF1,0.0,0.0,-0.0
VNI-upper-20250728T2235,NEWENSF1,0.0,0.0,-0.0
VNI-upper-20250728T2235,NEWENSF2,0.0,0.0,-0.0
VNI-upper-20250728T2235,NUMURSF1,0.0,0.0,-0.0
VNI-upper-20250728T2235,NYNGAN1,0.0,0.0,-0.0
VNI-upper-20250728T2235,OAKLAND1,0.5615999999999999,0.5615999999999999,-0.0
VNI-upper-20250728T2235,PARSF1,0.0,0.0,-0.0
VNI-upper-20250728T2235,PIBESS1,0.0,0.0,-0.0
VNI-upper-20250728T2235,QBYNB1,0.0,0.0,-0.0
VNI-upper-20250728T2235,RANGEB1,0.0,0.0,-0.0
VNI-upper-20250728T2235,RESS1,0.0,0.0,-0.0
VNI-upper-20250728T2235,RIVNB2,2.018711018711019,2.018711018711019,-0.0
VNI-upper-20250728T2235,RYANCWF1,-0.9676800000000001,0.0,0.9676800000000001
VNI-upper-20250728T2235,RYEPARK1,3.759362785862825,13.138294178794219,9.378931392931394
VNI-upper-20250728T2235,SALTCRK1,0.377568,0.4525199999999999,0.0749519999999999
VNI-upper-20250728T2235,SAPHWF1,175.10883575883582,175.10883575883582,-0.0
VNI-upper-20250728T2235,SEBSF1,0.0,0.0,-0.0
VNI-upper-20250728T2235,SNOWYP,0.0,0.0,-0.0
VNI-upper-20250728T2235,STUBSF1,0.0,0.0,-0.0
VNI-upper-20250728T2235,STUBSF2,0.0,0.0,-0.0
VNI-upper-20250728T2235,STWF1,2.3578636935550916,4.043612546361747,1.6857488528066555
VNI-upper-20250728T2235,SUNRSF1,0.0,0.0,-0.0
VNI-upper-20250728T2235,SUNTPSF1,0.0,0.0,-0.0
VNI-upper-20250728T2235,TARALGA1,-0.5028897089397197,0.0,0.5028897089397197
VNI-upper-20250728T2235,TUMUT3,747.6611226611227,747.6611226611227,-0.0
VNI-upper-20250728T2235,UPPTUMUT,0.0,0.0,-0.0
VNI-upper-20250728T2235,URANQ11,0.0,0.0,-0.0
VNI-upper-20250728T2235,URANQ12,0.0,0.0,-0.0
VNI-upper-20250728T2235,URANQ13,0.0,0.0,-0.0
VNI-upper-20250728T2235,URANQ14,0.0,0.0,-0.0
VNI-upper-20250728T2235,VBB1,-2.1599999999999984,14.688,16.848
VNI-upper-20250728T2235,VP5,7.880982952183061,45.001796673596736,37.120813721413676
VNI-upper-20250728T2235,VP6,0.0,0.0,-0.0
VNI-upper-20250728T2235,WAGGNSF1,0.0,0.0,-0.0
VNI-upper-20250728T2235,WELLSF1,0.0,0.0,-0.0
VNI-upper-20250728T2235,WELNSF1,0.0,0.0,-0.0
VNI-upper-20250728T2235,WEMENSF1,0.0,0.0,-0.0
VNI-upper-20250728T2235,WINTSF1,0.0,0.0,-0.0
VNI-upper-20250728T2235,WKIEWA1,0.0,0.0,-0.0
VNI-upper-20250728T2235,WKIEWA2,0.0,0.0,-0.0
VNI-upper-20250728T2235,WLWLSF1,0.0,0.0,-0.0
VNI-upper-20250728T2235,WLWLSF2,0.0,0.0,-0.0
VNI-upper-20250728T2235,WOLARSF1,0.0,0.0,-0.0
VNI-upper-20250728T2235,WOODLWN1,1.769638253638256,1.9958139293139343,0.22617567567567837
VNI-upper-20250728T2235,WRSF1,0.0,0.0,-0.0
VNI-upper-20250728T2235,WRWF1,-54.36486486486491,0.0,54.36486486486491
VNI-upper-20250728T2235,WSTWYSF1,0.0,0.0,-0.0
VNI-upper-20250728T2235,WTAHB1,0.0,0.0,-0.0
VNI-upper-20250728T2235,WUNUSF1,0.0,0.0,-0.0
VNI-upper-20250728T2235,WYASF1,0.0,0.0,-0.0
VNI-upper-20250728T2235,YATSF1,0.0,0.0,-0.0
VNI-upper-20250728T2235,YENDWF1,-0.5528347199999999,0.3217579200000005,0.8745926400000004
VNI-upper-20250728T2235,YWPS2,0.0,0.0,-0.0
VNI-upper-20250728T2235,YWPS3,0.0,0.0,-0.0
VNI-upper-20250728T2235,YWPS4,0.0,0.0,-0.0
VNI-upper-20250829T0625,AVLSF1,0.03478571428571429,0.03478571428571429,-0.0
VNI-upper-20250829T0625,BANGOWF1,0.38518265306125155,1.7005704081633084,1.315387755102057
VNI-upper-20250829T0625,BANGOWF2,0.6063367346938711,1.0608673469387693,0.4545306122448984
VNI-upper-20250829T0625,BANN1,0.0,0.0,-0.0
VNI-upper-20250829T0625,BERYLSF1,0.0,0.0,-0.0
VNI-upper-20250829T0625,BHB1,0.0,0.0,-0.0
VNI-upper-20250829T0625,BLOWERNG,0.0,0.0,-0.0
VNI-upper-20250829T0625,BOCORWF1,-0.9790280612245036,0.0,0.9790280612245035
VNI-upper-20250829T0625,BODWF1,5.795785714285714,5.795785714285714,-0.0
VNI-upper-20250829T0625,BOMENSF1,0.0,0.17096744897959182,0.17096744897959182
VNI-upper-20250829T0625,BROKENH1,0.0,0.0,-0.0
VNI-upper-20250829T0625,CAPBES1,-15.227040816326518,84.42857142857143,99.65561224489795
VNI-upper-20250829T0625,COHUNSF1,0.0,0.0,-0.0
VNI-upper-20250829T0625,COLEASF1,0.0,0.0,-0.0
VNI-upper-20250829T0625,COLWF01,0.4566010000000136,6.871958142857145,6.415357142857132
VNI-upper-20250829T0625,CROOKWF2,-0.10510204081632085,0.4836734693877444,0.5887755102040653
VNI-upper-20250829T0625,CROOKWF3,0.0,0.0,-0.0
VNI-upper-20250829T0625,CRURWF1,0.13499999999999712,0.13499999999999712,-0.0
VNI-upper-20250829T0625,CRWASF1,0.0,0.0579425306122449,0.0579425306122449
VNI-upper-20250829T0625,DARLSF1,4.863706775510203,4.863706775510203,-0.0
VNI-upper-20250829T0625,DARTM1,0.0,0.0,-0.0
VNI-upper-20250829T0625,DPNTB1,-9.770408163265309,24.872448979591837,34.642857142857146
VNI-upper-20250829T0625,EILDON1,0.0,0.0,-0.0
VNI-upper-20250829T0625,EILDON2,0.0,0.0,-0.0
VNI-upper-20250829T0625,FINLYSF1,0.0,0.0,-0.0
VNI-upper-20250829T0625,FLYCRKWF,11.159107142857145,11.159107142857145,-0.0
VNI-upper-20250829T0625,GANNB1,0.0,0.0,-0.0
VNI-upper-20250829T0625,GANNSF1,0.0,0.0,-0.0
VNI-upper-20250829T0625,GOONSF1,0.3243265306122449,0.34669387755102044,0.022367346938775533
VNI-upper-20250829T0625,GULLRSF1,0.453886224489796,0.45475408163265313,0.0008678571428571428
VNI-upper-20250829T0625,GULLRWF1,-1.1934406173469472,2.549582239795919,3.7430228571428663
VNI-upper-20250829T0625,GULLRWF2,0.0,0.0,-0.0
VNI-upper-20250829T0625,GUNNING1,0.003523979591827875,0.8803403061224417,0.8768163265306139
VNI-upper-20250829T0625,GUTHEGA,0.0,0.0,-0.0
VNI-upper-20250829T0625,HILLSTN1,0.6164683673469389,0.6284193877551022,0.011951020408163265
VNI-upper-20250829T0625,HUMENSW,0.0,0.0,-0.0
VNI-upper-20250829T0625,HUMEV,0.0,0.0,-0.0
VNI-upper-20250829T0625,JEMALNG1,0.0,0.0,-0.0
VNI-upper-20250829T0625,JUNEESF1,0.07126530612244898,0.14846938775510204,0.07720408163265306
VNI-upper-20250829T0625,KARSF1,0.0,0.0,-0.0
VNI-upper-20250829T0625,KERNGSP1,0.0,0.0,-0.0
VNI-upper-20250829T0625,KESSB1,0.0,0.0,-0.0
VNI-upper-20250829T0625,KIAMSF1,0.0,0.0,-0.0
VNI-upper-20250829T0625,LIMOSF11,0.0,0.0,-0.0
VNI-upper-20250829T0625,LIMOSF21,0.009979591836734695,0.009979591836734695,-0.0
VNI-upper-20250829T0625,MANSLR1,0.011061836734693877,0.03704142857142857,0.025979591836734695
VNI-upper-20250829T0625,MCKAY1,0.0,0.0,-0.0
VNI-upper-20250829T0625,MOLNGSF1,-0.3416125,0.03848571428571428,0.3800982142857142
VNI-upper-20250829T0625,MURRAY,0.0,0.0,-0.0
VNI-upper-20250829T0625,NEVERSF1,0.0,0.0,-0.0
VNI-upper-20250829T0625,NYNGAN1,0.0,0.0,-0.0
VNI-upper-20250829T0625,PARSF1,0.067530612244898,0.2921734693877551,0.2246428571428571
VNI-upper-20250829T0625,QBYNB1,1.108418367346939,4.020408163265306,2.911989795918367
VNI-upper-20250829T0625,RESS1,0.0012734693877563758,0.0025469387755127516,0.0012734693877563758
VNI-upper-20250829T0625,RIVNB2,-50.076458775510204,64.6677306122449,114.74418938775511
VNI-upper-20250829T0625,RYEPARK1,-6.176284897959169,2.4080234693877594,8.584308367346928
VNI-upper-20250829T0625,SEBSF1,4.018571428571429,4.018571428571429,-0.0
VNI-upper-20250829T0625,SHGEN,0.0,0.0,-0.0
VNI-upper-20250829T0625,SHPUMP,0.0,0.0,-0.0
VNI-upper-20250829T0625,SNOWYP,0.0,0.0,-0.0
VNI-upper-20250829T0625,STWF1,-1.8730835979591633,2.083810714285739,3.9568943122449025
VNI-upper-20250829T0625,SUNRSF1,0.0,0.0,-0.0
VNI-upper-20250829T0625,SUNTPSF1,-0.21087474489795918,0.5339020408163265,0.7447767857142857
VNI-upper-20250829T0625,TUMUT3,1047.9604591836735,1047.9604591836735,-0.0
VNI-upper-20250829T0625,UPPTUMUT,208.61015357142858,208.61015357142855,-0.0
VNI-upper-20250829T0625,URANQ11,0.0,0.0,-0.0
VNI-upper-20250829T0625,URANQ12,0.0,0.0,-0.0
VNI-upper-20250829T0625,URANQ13,97.50944774744897,97.50944774744897,-0.0
VNI-upper-20250829T0625,URANQ14,143.551025497449,143.551025497449,-0.0
VNI-upper-20250829T0625,WAGGNSF1,0.0,0.0,-0.0
VNI-upper-20250829T0625,WELLSF1,-0.7700892857142858,0.0,0.7700892857142858
VNI-upper-20250829T0625,WELNSF1,0.0,0.0,-0.0
VNI-upper-20250829T0625,WEMENSF1,0.0,0.0,-0.0
VNI-upper-20250829T0625,WKIEWA1,0.0,0.0,-0.0
VNI-upper-20250829T0625,WKIEWA2,0.0,0.0,-0.0
VNI-upper-20250829T0625,WLWLSF1,2.7344081632653063,2.7344081632653063,-0.0
VNI-upper-20250829T0625,WLWLSF2,2.8142448979591834,2.8142448979591834,-0.0
VNI-upper-20250829T0625,WOODLWN1,-0.4785880102040784,0.019942602040814703,0.4985306122448931
VNI-upper-20250829T0625,WSTWYSF1,10.80897193877551,10.80897193877551,-0.0
VNI-upper-20250829T0625,WYASF1,0.25635714285714284,0.25635714285714284,-0.0
VNI-upper-20250829T0625,YATSF1,0.0,0.0,-0.0
VNI-upper-20250914T1540,ARWF1,-5.302059999999983,0.0,5.302059999999983
VNI-upper-20250914T1540,AVLSF1,0.0,0.0,-0.0
VNI-upper-20250914T1540,BANN1,0.4222399999999884,0.5119999999999891,0.08976000000000076
VNI-upper-20250914T1540,BHB1,4.337,4.8999999999999995,0.563
VNI-upper-20250914T1540,BOMENSF1,0.4500045000000008,1.1,0.6499954999999993
VNI-upper-20250914T1540,BROKENH1,23.524954999999995,23.524954999999995,-0.0
VNI-upper-20250914T1540,BULBES1,9.721604000000001,9.721604000000001,-0.0
VNI-upper-20250914T1540,BULGANA1,-8.405891166666665,0.0,8.405891166666665
VNI-upper-20250914T1540,COHUNSF1,0.0,0.0,-0.0
VNI-upper-20250914T1540,COLEASF1,-25.3681745,3.3000000000000003,28.6681745
VNI-upper-20250914T1540,CROWLWF1,0.0,0.0,-0.0
VNI-upper-20250914T1540,CRWASF1,0.0,0.0,-0.0
VNI-upper-20250914T1540,DARLSF1,52.892634333333305,71.96553433333331,19.0729
VNI-upper-20250914T1540,DARTM1,0.0,0.0,-0.0
VNI-upper-20250914T1540,DPNTB1,0.0,0.0,-0.0
VNI-upper-20250914T1540,EILDON1,0.0,0.0,-0.0
VNI-upper-20250914T1540,EILDON2,0.0,0.0,-0.0
VNI-upper-20250914T1540,FINLYSF1,-0.188681383333335,0.0799920000000043,0.2686733833333393
VNI-upper-20250914T1540,GANNB1,0.0,0.0,-0.0
VNI-upper-20250914T1540,GANNSF1,0.29380127000000195,0.31201133000000214,0.018210060000000212
VNI-upper-20250914T1540,GUTHEGA,0.0,0.0,-0.0
VNI-upper-20250914T1540,HILLSTN1,0.0,0.0,-0.0
VNI-upper-20250914T1540,HUMENSW,0.0,0.0,-0.0
VNI-upper-20250914T1540,HUMEV,0.0,0.0,-0.0
VNI-upper-20250914T1540,JEMALNG1,-0.20899999999999752,0.0,0.20899999999999752
VNI-upper-20250914T1540,JUNEESF1,0.0,0.0,-0.0
VNI-upper-20250914T1540,KARSF1,94.07680967333333,96.22443361333333,2.14762394
VNI-upper-20250914T1540,KERNGSP1,-0.1498180000000003,0.0020569999999998567,0.15187500000000015
VNI-upper-20250914T1540,KESSB1,0.0,0.0,-0.0
VNI-upper-20250914T1540,KIAMSF1,3.1599945099999607,3.1599945099999602,-0.0
VNI-upper-20250914T1540,KIATAWF1,0.0,0.0,-0.0
VNI-upper-20250914T1540,LIMOSF11,0.0,0.0,-0.0
VNI-upper-20250914T1540,LIMOSF21,0.0,0.0,-0.0
VNI-upper-20250914T1540,MCKAY1,0.0,0.0,-0.0
VNI-upper-20250914T1540,MURRAY,0.0,0.0,-0.0
VNI-upper-20250914T1540,MUWAWF1,0.0,0.0,-0.0
VNI-upper-20250914T1540,MUWAWF2,0.0,0.0,-0.0
VNI-upper-20250914T1540,RESS1,0.0,0.0,-0.0
VNI-upper-20250914T1540,RIVNB2,0.0,0.0,-0.0
VNI-upper-20250914T1540,SEBSF1,0.0,0.0,-0.0
VNI-upper-20250914T1540,SNOWYP,0.0,0.0,-0.0
VNI-upper-20250914T1540,STWF1,40.325100199999994,40.325100199999994,-0.0
VNI-upper-20250914T1540,SUNRSF1,3.2664887400000513,8.333500000000054,5.067011260000003
VNI-upper-20250914T1540,URANQ11,0.0,0.0,-0.0
VNI-upper-20250914T1540,URANQ12,0.0,0.0,-0.0
VNI-upper-20250914T1540,URANQ13,0.0,0.0,-0.0
VNI-upper-20250914T1540,URANQ14,0.0,0.0,-0.0
VNI-upper-20250914T1540,WAGGNSF1,0.0,0.0,-0.0
VNI-upper-20250914T1540,WEMENSF1,-0.2670070900000086,0.0,0.2670070900000086
VNI-upper-20250914T1540,WKIEWA1,0.0,0.0,-0.0
VNI-upper-20250914T1540,WKIEWA2,0.0,0.0,-0.0
VNI-upper-20250914T1540,WSTWYSF1,-0.01648900000000103,0.2914285000000014,0.30791750000000245
VNI-upper-20250914T1540,WYASF1,-0.009712999999999639,0.17161650000000003,0.18132949999999967
VNI-upper-20250914T1540,YATSF1,0.0,0.0,-0.0
VNI-upper-20250930T1325,ARWF1,1.3199499999999986,17.732510000000005,16.412560000000006
VNI-upper-20250930T1325,AVLSF1,-32.63661275000001,62.54112433333333,95.17773708333334
VNI-upper-20250930T1325,BANN1,-58.386784000000034,47.419391999999974,105.806176
VNI-upper-20250930T1325,BHB1,122.5,122.49999999999999,-0.0
VNI-upper-20250930T1325,BROKENH1,0.0,0.0,-0.0
VNI-upper-20250930T1325,BULBES1,0.0,0.0,-0.0
VNI-upper-20250930T1325,BULGANA1,-1.269716666666663,7.466833333333336,8.73655
VNI-upper-20250930T1325,COHUNSF1,0.0,16.776,16.776
VNI-upper-20250930T1325,COLEASF1,-134.28637350000002,29.872731499999993,164.159105
VNI-upper-20250930T1325,CROWLWF1,-6.482677333333337,6.58776533333333,13.070442666666667
VNI-upper-20250930T1325,DARLSF1,-79.18354116666669,153.86768883333326,233.05122999999998
VNI-upper-20250930T1325,DPNTB1,0.0,24.25,24.25
VNI-upper-20250930T1325,FINLYSF1,5.770221166666668,11.186299366666669,5.4160782
VNI-upper-20250930T1325,GANNB1,0.0,9.0,9.0
VNI-upper-20250930T1325,GANNSF1,-16.543637999999994,56.424348,72.967986
VNI-upper-20250930T1325,HILLSTN1,1.632833333333334,90.54950000000002,88.91666666666667
VNI-upper-20250930T1325,HUMEV,0.0,0.0,-0.0
VNI-upper-20250930T1325,KARSF1,-27.435764333333353,49.397807833333296,76.83357216666664
VNI-upper-20250930T1325,KERNGSP1,51.9066,78.183,26.276400000000002
VNI-upper-20250930T1325,KIAMSF1,298.81185200000004,422.783611,123.97175899999993
VNI-upper-20250930T1325,KIATAWF1,33.00342500000001,51.96360000000001,18.960175000000003
VNI-upper-20250930T1325,LIMOSF11,-202.17499999999998,192.22499999999982,394.3999999999998
VNI-upper-20250930T1325,LIMOSF21,161.50833333333333,190.82500000000002,29.316666666666674
VNI-upper-20250930T1325,MURRAY,0.0,0.0,-0.0
VNI-upper-20250930T1325,MUWAWF1,180.34879166666667,180.34879166666667,-0.0
VNI-upper-20250930T1325,MUWAWF2,-8.710568749999988,75.38194875,84.09251749999999
VNI-upper-20250930T1325,RESS1,0.0,0.0,-0.0
VNI-upper-20250930T1325,RIVNB2,4.849999999999994,105.08333333333333,100.23333333333333
VNI-upper-20250930T1325,STWF1,724.3522999999999,724.3522999999999,-0.0
VNI-upper-20250930T1325,SUNRSF1,-509.09075,150.75774999999987,659.8485
VNI-upper-20250930T1325,WEMENSF1,-12.777376000000046,13.59910399999999,26.376480000000036
VNI-upper-20250930T1325,YATSF1,-271.98566666666665,108.11783333333332,380.10349999999994
VNI-upper-20251010T1735,AVLSF1,52.543921312700114,52.543921312700114,-0.0
VNI-upper-20251010T1735,BANGOWF1,-2.3706979722518655,0.0,2.3706979722518655
VNI-upper-20251010T1735,BANGOWF2,-1.4283201707577302,0.0,1.4283201707577302
VNI-upper-20251010T1735,BERYLSF1,-1.3307319637139805,0.0,1.3307319637139805
VNI-upper-20251010T1735,BHB1,0.0,0.0,-0.0
VNI-upper-20251010T1735,BLOWERNG,0.0,0.0,-0.0
VNI-upper-20251010T1735,BOCORWF1,-0.07833297758804991,0.0,0.07833297758804991
VNI-upper-20251010T1735,BODWF1,-0.10287086446104561,0.0,0.10287086446104561
VNI-upper-20251010T1735,BOMENSF1,0.0,0.0,-0.0
VNI-upper-20251010T1735,BROKENH1,-1.268644610458911,0.0,1.268644610458911
VNI-upper-20251010T1735,BW01,-1.5946286446104454,0.0,1.5946286446104454
VNI-upper-20251010T1735,BW02,-1.4220268943436545,0.0,1.4220268943436545
VNI-upper-20251010T1735,BW03,-1.4138944290288147,0.0,1.4138944290288147
VNI-upper-20251010T1735,BW04,0.0,0.0,-0.0
VNI-upper-20251010T1735,CAPBES1,95.40554962646743,95.40554962646743,-0.0
VNI-upper-20251010T1735,COLEASF1,-8.336862070437563,0.0,8.336862070437563
VNI-upper-20251010T1735,COLWF01,-2.486136606189955,0.0,2.486136606189955
VNI-upper-20251010T1735,CROOKWF2,0.0,0.0,-0.0
VNI-upper-20251010T1735,CROOKWF3,0.0,0.0,-0.0
VNI-upper-20251010T1735,CRURWF1,-1.2068911419423682,0.0,1.2068911419423682
VNI-upper-20251010T1735,CRWASF1,-1.2083253468516544,0.0,1.2083253468516544
VNI-upper-20251010T1735,DARLSF1,-13.084173745997862,0.0,13.084173745997862
VNI-upper-20251010T1735,DPNTB1,0.0,0.0,-0.0
VNI-upper-20251010T1735,ER03,0.0,0.0,-0.0
VNI-upper-20251010T1735,ER04,0.0,0.0,-0.0
VNI-upper-20251010T1735,FINLYSF1,-7.285688431163289,0.0,7.285688431163289
VNI-upper-20251010T1735,FLYCRKWF,0.32213703308431163,0.32213703308431163,-0.0
VNI-upper-20251010T1735,GNNDHSF1,-0.39443436499466383,0.0,0.39443436499466383
VNI-upper-20251010T1735,GOONSF1,-1.9814621131270018,0.0,1.9814621131270018
VNI-upper-20251010T1735,GULLRSF1,-0.3914535752401281,0.0,0.3914535752401281
VNI-upper-20251010T1735,GULLRWF1,0.4634311419423656,0.4634311419423656,-0.0
VNI-upper-20251010T1735,GULLRWF2,4.155126189967981,4.155126189967981,-0.0
VNI-upper-20251010T1735,GUNNING1,-0.049312700106718586,0.0,0.049312700106718586
VNI-upper-20251010T1735,GUTHEGA,0.0,0.0,-0.0
VNI-upper-20251010T1735,HILLSTN1,-4.884311632870863,0.0,4.884311632870863
VNI-upper-20251010T1735,HUMENSW,0.0,0.0,-0.0
VNI-upper-20251010T1735,JEMALNG1,-1.4030718463180365,0.0,1.4030718463180365
VNI-upper-20251010T1735,JUNEESF1,0.0,0.0,-0.0
VNI-upper-20251010T1735,LIMOSF11,-15.22073852721451,0.0,15.22073852721451
VNI-upper-20251010T1735,LIMOSF21,-1.5253703308431175,0.0,1.5253703308431175
VNI-upper-20251010T1735,MANSLR1,-0.36717182497331885,0.0,0.36717182497331885
VNI-upper-20251010T1735,METZSF1,-0.9646723585912486,0.0,0.9646723585912486
VNI-upper-20251010T1735,MOLNGSF1,-0.4898078975453576,0.0,0.4898078975453576
VNI-upper-20251010T1735,MOREESF1,-0.2460832443970117,0.0,0.2460832443970117
VNI-upper-20251010T1735,MP1,7.865836264674485,7.865836264674485,-0.0
VNI-upper-20251010T1735,MP2,8.183401835645693,8.183401835645693,-0.0
VNI-upper-20251010T1735,NEVERSF1,-0.4295843970117396,0.0,0.4295843970117396
VNI-upper-20251010T1735,NEWENSF1,-0.43434364994663827,0.0,0.43434364994663827
VNI-upper-20251010T1735,NEWENSF2,-0.5069583778014941,0.0,0.5069583778014941
VNI-upper-20251010T1735,NYNGAN1,-25.64222091782284,0.0,25.64222091782284
VNI-upper-20251010T1735,PARSF1,-1.2377961579509076,0.0,1.2377961579509076
VNI-upper-20251010T1735,QBYNB1,0.0,0.0,-0.0
VNI-upper-20251010T1735,RESS1,0.0,0.0,-0.0
VNI-upper-20251010T1735,RIVNB2,-0.0006379509071546596,0.0,0.0006379509071546596
VNI-upper-20251010T1735,RYEPARK1,-6.087379082177197,0.0,6.087379082177197
VNI-upper-20251010T1735,SAPHWF1,-0.07937566702241196,0.0,0.07937566702241196
VNI-upper-20251010T1735,SEBSF1,0.0,0.0,-0.0
VNI-upper-20251010T1735,SHGEN,0.0,0.0,-0.0
VNI-upper-20251010T1735,SHPUMP,0.0,0.0,-0.0
VNI-upper-20251010T1735,SNOWYP,0.0,0.0,-0.0
VNI-upper-20251010T1735,STUBSF1,-3.697142774813232,0.0,3.697142774813232
VNI-upper-20251010T1735,STUBSF2,-3.831400512273213,0.0,3.831400512273213
VNI-upper-20251010T1735,STWF1,0.0,0.0,-0.0
VNI-upper-20251010T1735,SUNRSF1,-13.803442732123788,0.0,13.803442732123788
VNI-upper-20251010T1735,SUNTPSF1,-2.736846318036285,0.0,2.736846318036285
VNI-upper-20251010T1735,TALWA1,0.0,0.0,-0.0
VNI-upper-20251010T1735,TALWB1,0.0,0.0,-0.0
VNI-upper-20251010T1735,TARALGA1,0.03948772678762661,0.03948772678762661,-0.0
VNI-upper-20251010T1735,TUMUT3,0.0,0.0,-0.0
VNI-upper-20251010T1735,UPPTUMUT,153.84368046958375,153.84368046958375,-0.0
VNI-upper-20251010T1735,URANQ11,37.167821814300964,37.167821814300964,-0.0
VNI-upper-20251010T1735,URANQ12,27.403386125933828,27.403386125933828,-0.0
VNI-upper-20251010T1735,URANQ13,-13.957311718249732,0.0,13.957311718249732
VNI-upper-20251010T1735,URANQ14,-1.4739624759871939,0.0,1.4739624759871939
VNI-upper-20251010T1735,WAGGNSF1,0.0,0.0,-0.0
VNI-upper-20251010T1735,WELLSF1,-2.023964781216649,0.0,2.023964781216649
VNI-upper-20251010T1735,WELNSF1,-6.010824973319102,0.0,6.010824973319102
VNI-upper-20251010T1735,WLWLSF1,-1.2836286019210248,0.0,1.2836286019210248
VNI-upper-20251010T1735,WLWLSF2,-5.289348986125936,0.0,5.289348986125936
VNI-upper-20251010T1735,WOLARSF1,-3.921084951974387,0.0,3.921084951974387
VNI-upper-20251010T1735,WOODLWN1,0.2510672358591248,0.2510672358591248,-0.0
VNI-upper-20251010T1735,WRSF1,0.0,0.0,-0.0
VNI-upper-20251010T1735,WRWF1,-0.43844183564567774,0.0,0.43844183564567774
VNI-upper-20251010T1735,WSTWYSF1,0.0,0.0,-0.0
VNI-upper-20251010T1735,WYASF1,0.0,0.0,-0.0
VNI-upper-20251126T1040,AVLSF1,50.381264128571424,57.33132984285714,6.950065714285721
VNI-upper-20251126T1040,BANGOWF1,31.99216428571428,31.99216428571428,-0.0
VNI-upper-20251126T1040,BANGOWF2,-9.8633694,4.759320000000004,14.622689400000004
VNI-upper-20251126T1040,BERYLSF1,0.0,0.0,-0.0
VNI-upper-20251126T1040,BHB1,25.035714285714285,25.035714285714285,-0.0
VNI-upper-20251126T1040,BLOWERNG,0.0,0.0,-0.0
VNI-upper-20251126T1040,BOCORWF1,13.162642857142863,13.162642857142863,-0.0
VNI-upper-20251126T1040,BODWF1,-0.4635542857142855,0.0,0.4635542857142855
VNI-upper-20251126T1040,BOMENSF1,31.026984122857144,65.23422684285714,34.207242719999996
VNI-upper-20251126T1040,BROKENH1,0.6057859999999993,0.6057859999999993,-0.0
VNI-upper-20251126T1040,BW01,8.074134857142864,8.074134857142864,-0.0
VNI-upper-20251126T1040,BW02,7.022778514285716,7.022778514285716,-0.0
VNI-upper-20251126T1040,BW03,11.69167568571428,11.69167568571428,-0.0
VNI-upper-20251126T1040,BW04,0.0,0.0,-0.0
VNI-upper-20251126T1040,CAPBES1,44.38,70.64571428571429,26.26571428571429
VNI-upper-20251126T1040,COLEASF1,0.0,0.0,-0.0
VNI-upper-20251126T1040,COLWF01,30.464978714285714,36.90428585714284,6.439307142857124
VNI-upper-20251126T1040,CROOKWF2,-0.08516571428569997,0.6183771428571488,0.7035428571428488
VNI-upper-20251126T1040,CROOKWF3,-67.45741714285715,1.661348571428576,69.11876571428573
VNI-upper-20251126T1040,CRURWF1,0.6197142857142923,5.832514285714283,5.212799999999991
VNI-upper-20251126T1040,CRWASF1,24.431991211428574,34.57598755428572,10.143996342857145
VNI-upper-20251126T1040,CUSF1,0.0,15.515846120000006,15.515846120000006
VNI-upper-20251126T1040,DARLSF1,1.9006978828571368,9.96989714285715,8.069199260000012
VNI-upper-20251126T1040,DPNTB1,25.142857142857146,25.142857142857146,-0.0
VNI-upper-20251126T1040,FINLYSF1,17.730800982857136,67.32095481714285,49.590153834285715
VNI-upper-20251126T1040,FLYCRKWF,0.0,0.0,-0.0
VNI-upper-20251126T1040,GESF1,1.4863214,1.4863214,-0.0
VNI-upper-20251126T1040,GNNDHSF1,-1.0610300285714285,0.0,1.0610300285714285
VNI-upper-20251126T1040,GOONSF1,0.0,4.792634200000001,4.792634200000001
VNI-upper-20251126T1040,GULLRSF1,-1.7302999999999997,0.0,1.7302999999999997
VNI-upper-20251126T1040,GULLRWF1,-20.023939099999982,0.0,20.023939099999982
VNI-upper-20251126T1040,GULLRWF2,-1.346125000000014,4.761870299999979,6.107995299999993
VNI-upper-20251126T1040,GUNNING1,-3.604435714285716,0.0,3.604435714285716
VNI-upper-20251126T1040,GUTHEGA,0.0,0.0,-0.0
VNI-upper-20251126T1040,HILLSTN1,5.071657142857141,41.916,36.844342857142856
VNI-upper-20251126T1040,HUMENSW,0.0,0.0,-0.0
VNI-upper-20251126T1040,JEMALNG1,-35.68962671428572,1.0026304285714254,36.692257142857144
VNI-upper-20251126T1040,JUNEESF1,14.632996222857145,37.90037297714285,23.267376754285714
VNI-upper-20251126T1040,LIMBESS1,0.0,0.0,-0.0
VNI-upper-20251126T1040,LIMOSF11,215.16113257142857,217.362404,2.2012714285714217
VNI-upper-20251126T1040,LIMOSF21,26.59225546285714,29.244121814285712,2.6518663514285703
VNI-upper-20251126T1040,MANSLR1,0.0,0.0,-0.0
VNI-upper-20251126T1040,METZSF1,1.1069428571428561,1.303514285714284,0.19657142857142787
VNI-upper-20251126T1040,MOLNGSF1,-7.3664571428571435,0.0,7.3664571428571435
VNI-upper-20251126T1040,MOREESF1,0.0,0.3100000000000005,0.3100000000000005
VNI-upper-20251126T1040,MP1,2.5688553142857273,2.5688553142857273,-0.0
VNI-upper-20251126T1040,MP2,2.606103085714298,2.606103085714298,-0.0
VNI-upper-20251126T1040,NEVERSF1,-11.03800682857143,0.0,11.03800682857143
VNI-upper-20251126T1040,NEWENSF1,0.41499999999999915,4.924999999999997,4.509999999999998
VNI-upper-20251126T1040,NEWENSF2,0.3375000000000057,8.757500000000007,8.420000000000002
VNI-upper-20251126T1040,NYNGAN1,-0.026530000000001053,38.55133857142857,38.577868571428574
VNI-upper-20251126T1040,PARSF1,0.0,3.4034626428571433,3.4034626428571433
VNI-upper-20251126T1040,QBYNB1,0.0,0.0,-0.0
VNI-upper-20251126T1040,RESS1,120.68430628571429,120.68430628571429,-0.0
VNI-upper-20251126T1040,RIVNB2,65.37078491428572,65.37078491428572,-0.0
VNI-upper-20251126T1040,RYEPARK1,17.70138842857142,380.0397842857143,362.33839585714287
VNI-upper-20251126T1040,SAPHWF1,0.15975,0.15975,-0.0
VNI-upper-20251126T1040,SEBSF1,48.7786783,101.98889174000001,53.21021344
VNI-upper-20251126T1040,SHGEN,0.0,0.0,-0.0
VNI-upper-20251126T1040,SHPUMP,-16.091428571428573,0.0,16.091428571428573
VNI-upper-20251126T1040,SNOWYP,-14.256,0.0,14.256
VNI-upper-20251126T1040,STUBSF1,-55.88928305714286,49.25541531428573,105.14469837142859
VNI-upper-20251126T1040,STUBSF2,-42.09905888571429,5.840838142857145,47.93989702857144
VNI-upper-20251126T1040,STWF1,0.0,0.0,-0.0
VNI-upper-20251126T1040,SUNRSF1,-24.074337885714296,45.43101142857141,69.50534931428571
VNI-upper-20251126T1040,SUNTPSF1,-1.8526180571428572,29.953589057142857,31.806207114285712
VNI-upper-20251126T1040,TALWA1,0.0,0.0,-0.0
VNI-upper-20251126T1040,TALWB1,0.0,0.0,-0.0
VNI-upper-20251126T1040,TARALGA1,-1.45857142857143,2.4042857142857246,3.862857142857154
VNI-upper-20251126T1040,TUMUT3,1198.2857142857142,1198.2857142857142,-0.0
VNI-upper-20251126T1040,UPPTUMUT,169.5142857142857,169.5142857142857,-0.0
VNI-upper-20251126T1040,URANQ11,0.0,0.0,-0.0
VNI-upper-20251126T1040,URANQ12,0.0,0.0,-0.0
VNI-upper-20251126T1040,URANQ13,0.0,0.0,-0.0
VNI-upper-20251126T1040,URANQ14,0.0,0.0,-0.0
VNI-upper-20251126T1040,WAGGNSF1,5.416114388571424,26.8815791,21.465464711428574
VNI-upper-20251126T1040,WELLSF1,88.01950142857143,89.56798714285715,1.5484857142857145
VNI-upper-20251126T1040,WELNSF1,172.73949714285718,172.73949714285718,-0.0
VNI-upper-20251126T1040,WLWLSF1,-16.113039908571423,47.28410603428572,63.39714594285714
VNI-upper-20251126T1040,WLWLSF2,-25.293221051428574,42.985142891428566,68.27836394285714
VNI-upper-20251126T1040,WOLARSF1,-8.294785714285695,106.38964285714289,114.68442857142858
VNI-upper-20251126T1040,WOODLWN1,-0.5933929999999985,1.868176857142857,2.4615698571428553
VNI-upper-20251126T1040,WRSF1,1.239628571428572,1.7145942857142862,0.47496571428571427
VNI-upper-20251126T1040,WRWF1,1.4821485714285714,1.4821485714285714,-0.0
VNI-upper-20251126T1040,WSTWYSF1,-55.54916686285716,9.261656871428578,64.81082373428573
VNI-upper-20251126T1040,WYASF1,-32.71228049428571,5.454083785714286,38.166364279999996
VNI-upper-20251126T1420,AVLSF1,0.0,0.0,-0.0
VNI-upper-20251126T1420,BANGOWF1,174.98003381675088,174.98003381675088,-0.0
VNI-upper-20251126T1420,BANGOWF2,97.53449214137214,97.53449214137214,-0.0
VNI-upper-20251126T1420,BERYLSF1,0.0,0.0,-0.0
VNI-upper-20251126T1420,BHB1,0.0,1.0031185031185033,1.0031185031185033
VNI-upper-20251126T1420,BLOWERNG,0.0,0.0,-0.0
VNI-upper-20251126T1420,BOCORWF1,-45.98234927234928,0.0,45.98234927234928
VNI-upper-20251126T1420,BODWF1,31.203245405405408,39.27405621621622,8.070810810810812
VNI-upper-20251126T1420,BOMENSF1,9.492518257380457,21.03919185405406,11.546673596673601
VNI-upper-20251126T1420,BROKENH1,-0.10815428571428269,0.3019386694386714,0.41009295515295413
VNI-upper-20251126T1420,BW01,0.0,0.0,-0.0
VNI-upper-20251126T1420,BW02,0.0,0.0,-0.0
VNI-upper-20251126T1420,BW03,5.421854885654779,5.421854885654779,-0.0
VNI-upper-20251126T1420,BW04,0.0,0.0,-0.0
VNI-upper-20251126T1420,CAPBES1,43.269230769230774,43.269230769230774,-0.0
VNI-upper-20251126T1420,CG1,0.0,0.0,-0.0
VNI-upper-20251126T1420,CG2,0.0,0.0,-0.0
VNI-upper-20251126T1420,CG3,0.0,0.0,-0.0
VNI-upper-20251126T1420,CG4,0.0,0.0,-0.0
VNI-upper-20251126T1420,COLEASF1,0.0,0.0,-0.0
VNI-upper-20251126T1420,COLWF01,-1.2380731808731857,0.7684756756756687,2.0065488565488545
VNI-upper-20251126T1420,CROOKWF2,-0.942040843480842,13.324740124740122,14.266780968220964
VNI-upper-20251126T1420,CROOKWF3,0.0,0.6163825363825409,0.6163825363825409
VNI-upper-20251126T1420,CRURWF1,293.00809402316605,294.27459459459465,1.2665005714285682
VNI-upper-20251126T1420,CRWASF1,0.0,0.0,-0.0
VNI-upper-20251126T1420,DARLSF1,181.6931191170775,259.8496503118503,78.15653119477284
VNI-upper-20251126T1420,DPNTB1,17.15904365904366,17.15904365904366,-0.0
VNI-upper-20251126T1420,ER01,0.0,0.0,-0.0
VNI-upper-20251126T1420,ER02,7.454574636174701,7.454574636174701,-0.0
VNI-upper-20251126T1420,ER03,0.0,0.0,-0.0
VNI-upper-20251126T1420,ER04,-80.40253607068603,0.0,80.40253607068603
VNI-upper-20251126T1420,FINLYSF1,30.10421507142857,30.25084273255123,0.14662766112266187
VNI-upper-20251126T1420,FLYCRKWF,3.5987257142857176,3.5987257142857176,-0.0
VNI-upper-20251126T1420,GNNDHSF1,-456.80770209682214,0.0,456.80770209682214
VNI-upper-20251126T1420,GOONSF1,-11.519562385714288,0.0,11.519562385714288
VNI-upper-20251126T1420,GULLRSF1,-1.4084399999999997,0.0,1.4084399999999997
VNI-upper-20251126T1420,GULLRWF1,-4.007998344490668,10.839942299999999,14.847940644490667
VNI-upper-20251126T1420,GULLRWF2,-3.353370685239086,0.5469683999999959,3.900339085239082
VNI-upper-20251126T1420,GUNNING1,13.786383342322548,29.65883656477577,15.872453222453222
VNI-upper-20251126T1420,GUTHEGA,0.0,0.0,-0.0
VNI-upper-20251126T1420,HEZ1,0.0,0.0,-0.0
VNI-upper-20251126T1420,HILLSTN1,0.0,0.0,-0.0
VNI-upper-20251126T1420,HUMENSW,0.0,0.0,-0.0
VNI-upper-20251126T1420,JEMALNG1,55.52512322191862,184.28321205821206,128.75808883629344
VNI-upper-20251126T1420,JUNEESF1,3.0010248142857145,3.0010248142857145,-0.0
VNI-upper-20251126T1420,LIMOSF11,0.0,0.0,-0.0
VNI-upper-20251126T1420,LIMOSF21,0.0,0.0,-0.0
VNI-upper-20251126T1420,MANSLR1,19.45155912857143,19.45155912857143,-0.0
VNI-upper-20251126T1420,METZSF1,-2.2667142857142846,0.0,2.2667142857142846
VNI-upper-20251126T1420,MOLNGSF1,0.0,0.0,-0.0
VNI-upper-20251126T1420,MOREESF1,-151.52059147609148,266.36412785862785,417.8847193347193
VNI-upper-20251126T1420,MP1,0.0,0.0,-0.0
VNI-upper-20251126T1420,MP2,0.0,0.0,-0.0
VNI-upper-20251126T1420,NEVERSF1,6.309613657142857,6.309613657142857,-0.0
VNI-upper-20251126T1420,NEWENSF1,15.855,2046.492837837838,2030.6378378378377
VNI-upper-20251126T1420,NEWENSF2,18.33125,2008.2988175675673,1989.9675675675674
VNI-upper-20251126T1420,NYNGAN1,-16.249875123255116,11.189958419958412,27.439833543213528
VNI-upper-20251126T1420,PARSF1,-21.50657437053758,0.010239085239075928,21.516813455776656
VNI-upper-20251126T1420,QBYNB1,0.0,0.0,-0.0
VNI-upper-20251126T1420,RESS1,0.00012112266112524762,0.00012112266112524762,-0.0
VNI-upper-20251126T1420,RIVNB2,26.243243243243246,26.243243243243246,-0.0
VNI-upper-20251126T1420,RYEPARK1,-4.46257784258989,0.0,4.462577842589889
VNI-upper-20251126T1420,SAPHWF1,-29.842620062370063,20.05836798336799,49.90098804573806
VNI-upper-20251126T1420,SEBSF1,0.0,0.0,-0.0
VNI-upper-20251126T1420,SHGEN,0.0,0.0,-0.0
VNI-upper-20251126T1420,SHPUMP,0.0,0.0,-0.0
VNI-upper-20251126T1420,SNOWYP,0.0,0.0,-0.0
VNI-upper-20251126T1420,STUBSF1,0.0,0.0,-0.0
VNI-upper-20251126T1420,STUBSF2,0.0,0.0,-0.0
VNI-upper-20251126T1420,STWF1,0.0,0.0,-0.0
VNI-upper-20251126T1420,SUNRSF1,191.99037310181174,191.99037310181174,-0.0
VNI-upper-20251126T1420,SUNTPSF1,47.08895569999999,47.08895569999999,-0.0
VNI-upper-20251126T1420,TALWA1,0.65,0.65,-0.0
VNI-upper-20251126T1420,TALWB1,20.3059935,20.3059935,-0.0
VNI-upper-20251126T1420,TARALGA1,-11.591902286902286,1.096091476091473,12.68799376299376
VNI-upper-20251126T1420,TUMUT3,0.0,0.0,-0.0
VNI-upper-20251126T1420,UPPTUMUT,141.95371582857146,141.95371582857146,-0.0
VNI-upper-20251126T1420,URANQ11,0.0,0.0,-0.0
VNI-upper-20251126T1420,URANQ12,0.0,0.0,-0.0
VNI-upper-20251126T1420,URANQ13,0.0,0.0,-0.0
VNI-upper-20251126T1420,URANQ14,0.0,0.0,-0.0
VNI-upper-20251126T1420,VP5,0.0,0.0,-0.0
VNI-upper-20251126T1420,VP6,0.0,0.0,-0.0
VNI-upper-20251126T1420,WAGGNSF1,4.801641728571426,4.801641728571426,-0.0
VNI-upper-20251126T1420,WELLSF1,343.9780131095931,345.06905261063264,1.0910395010395073
VNI-upper-20251126T1420,WELNSF1,446.83897454707454,851.4707042768041,404.63172972972967
VNI-upper-20251126T1420,WLWLSF1,0.0,0.0,-0.0
VNI-upper-20251126T1420,WLWLSF2,0.00402079002078065,0.00402079002078065,-0.0
VNI-upper-20251126T1420,WOLARSF1,411.3532871101871,890.612681912682,479.25939480249485
VNI-upper-20251126T1420,WOODLWN1,6.763507912087912,10.09679698544698,3.3332890733590683
VNI-upper-20251126T1420,WRSF1,0.0,0.0,-0.0
VNI-upper-20251126T1420,WRWF1,-698.5786406177606,1.860548571428572,700.4391891891892
VNI-upper-20251126T1420,WSTWYSF1,57.31289555512326,84.77602517050788,27.463129615384616
VNI-upper-20251126T1420,WTAHB1,0.0,0.0,-0.0
VNI-upper-20251126T1420,WYASF1,28.15175815438076,73.8099520940897,45.65819393970894
VNI-upper-20251205T1550,AVLSF1,108.96605714285714,144.04026825714286,35.07421111428572
VNI-upper-20251205T1550,BANGOWF1,29.117864285714287,85.59469285714286,56.47682857142858
VNI-upper-20251205T1550,BANGOWF2,11.135339999999998,41.94138000000001,30.806040000000007
VNI-upper-20251205T1550,BERYLSF1,6.938893903907228e-18,0.13780000000000273,0.1378000000000027
VNI-upper-20251205T1550,BHB1,1.0014285714285713,2.0028571428571427,1.0014285714285713
VNI-upper-20251205T1550,BLOWERNG,10.342857142857142,10.342857142857142,-0.0
VNI-upper-20251205T1550,BOCORWF1,0.4381500000000038,6.418942857142852,5.980792857142848
VNI-upper-20251205T1550,BODWF1,-1.2590628571428573,2.1740319999999995,3.433094857142857
VNI-upper-20251205T1550,BOMENSF1,-57.72365027142857,2.4860983714285734,60.20974864285715
VNI-upper-20251205T1550,BROKENH1,-28.038998571428564,58.83092428571428,86.86992285714285
VNI-upper-20251205T1550,BW01,2.742857142857143,2.742857142857143,-0.0
VNI-upper-20251205T1550,BW02,0.0,0.0,-0.0
VNI-upper-20251205T1550,BW03,14.100000000000001,14.100000000000001,-0.0
VNI-upper-20251205T1550,BW04,0.0,0.0,-0.0
VNI-upper-20251205T1550,CAPBES1,90.57142857142857,157.84955222857144,67.27812365714287
VNI-upper-20251205T1550,COLEASF1,-23.923840914285716,18.468565028571437,42.39240594285715
VNI-upper-20251205T1550,COLWF01,7.3529942857142885,41.493382714285715,34.14038842857143
VNI-upper-20251205T1550,CROOKWF2,-10.053257142857143,9.79776,19.851017142857145
VNI-upper-20251205T1550,CROOKWF3,-2.454994285714287,15.77417142857143,18.229165714285717
VNI-upper-20251205T1550,CRURWF1,0.9766285714285718,7.013828571428572,6.0371999999999995
VNI-upper-20251205T1550,CRWASF1,7.386699885714286,31.174407314285716,23.78770742857143
VNI-upper-20251205T1550,CUSF1,-75.22981762857145,137.88814737142857,213.11796500000003
VNI-upper-20251205T1550,DARLSF1,-154.17192685714286,60.619529142857154,214.79145600000004
VNI-upper-20251205T1550,DPNTB1,25.142857142857146,25.142857142857146,-0.0
VNI-upper-20251205T1550,FINLYSF1,-58.1433642857143,106.57338964285714,164.71675392857145
VNI-upper-20251205T1550,FLYCRKWF,1.229245714285714,4.314622857142858,3.0853771428571437
VNI-upper-20251205T1550,GESF1,1.7945581428571427,2.0044337714285714,0.20987562857142872
VNI-upper-20251205T1550,GNNDHSF1,0.9968762857142854,8.169732114285717,7.17285582857143
VNI-upper-20251205T1550,GOONSF1,0.0,16.102139985714288,16.102139985714288
VNI-upper-20251205T1550,GULLRSF1,1.8573500000000007,7.849270000000001,5.99192
VNI-upper-20251205T1550,GULLRWF1,-8.832068300000003,18.4152925,27.247360800000003
VNI-upper-20251205T1550,GULLRWF2,-14.342408299999997,33.2448589,47.58726719999999
VNI-upper-20251205T1550,GUNNING1,5.567027142857145,18.282587142857142,12.715559999999998
VNI-upper-20251205T1550,GUTHEGA,5.991428571428571,5.991428571428571,-0.0
VNI-upper-20251205T1550,HILLSTN1,-45.72982857142858,0.0,45.72982857142858
VNI-upper-20251205T1550,HUMENSW,0.0,0.0,-0.0
VNI-upper-20251205T1550,JEMALNG1,4.458700342857146,76.39743542857144,71.93873508571428
VNI-upper-20251205T1550,JUNEESF1,-8.53028285714286,11.18700714285714,19.71729
VNI-upper-20251205T1550,LDBESS1,0.0,0.0,-0.0
VNI-upper-20251205T1550,LIMBESS1,0.0,0.0,-0.0
VNI-upper-20251205T1550,LIMOSF11,45.04332857142856,196.53292285714286,151.4895942857143
VNI-upper-20251205T1550,LIMOSF21,5.869452085714288,20.39447391428572,14.52502182857143
VNI-upper-20251205T1550,MANSLR1,0.0,0.0,-0.0
VNI-upper-20251205T1550,METZSF1,0.13391428571428654,6.852917371428572,6.719003085714286
VNI-upper-20251205T1550,MOLNGSF1,2.7069873142857137,25.55795354285715,22.85096622857143
VNI-upper-20251205T1550,MOREESF1,0.9275000000000002,2.130000000000001,1.2025000000000006
VNI-upper-20251205T1550,MP1,41.18373285714284,41.18373285714284,-0.0
VNI-upper-20251205T1550,MP2,28.049804514285686,28.049804514285686,-0.0
VNI-upper-20251205T1550,NEVERSF1,-5.767194271428571,0.6881124000000022,6.4553066714285725
VNI-upper-20251205T1550,NEWENSF1,-18.63125,11.25,29.88125
VNI-upper-20251205T1550,NEWENSF2,-2.1310000000000002,9.708499999999994,11.839499999999994
VNI-upper-20251205T1550,NYNGAN1,-13.977520000000002,17.10156285714286,31.079082857142858
VNI-upper-20251205T1550,PARSF1,0.0,0.0,-0.0
VNI-upper-20251205T1550,QBYNB1,0.0,0.0,-0.0
VNI-upper-20251205T1550,RESS1,0.0,0.0,-0.0
VNI-upper-20251205T1550,RIVNB2,65.37078491428572,65.37078491428572,-0.0
VNI-upper-20251205T1550,RYEPARK1,49.72473771428569,277.59851042857144,227.87377271428574
VNI-upper-20251205T1550,SAPHWF1,0.0,0.0,-0.0
VNI-upper-20251205T1550,SEBSF1,-67.33474285714286,0.18289161428571735,67.51763447142858
VNI-upper-20251205T1550,SHGEN,0.0,0.0,-0.0
VNI-upper-20251205T1550,SHPUMP,0.0,0.0,-0.0
VNI-upper-20251205T1550,SNOWYP,0.0,0.0,-0.0
VNI-upper-20251205T1550,STUBSF1,18.08008965714287,92.82024965714288,74.74016
VNI-upper-20251205T1550,STUBSF2,15.524045428571432,24.047831342857144,8.523785914285714
VNI-upper-20251205T1550,STWF1,-19.63791414285714,24.354041857142853,43.991956
VNI-upper-20251205T1550,SUNRSF1,30.729197571428568,76.22241788571428,45.49322031428571
VNI-upper-20251205T1550,SUNTPSF1,0.0,0.25562857142857587,0.25562857142857587
VNI-upper-20251205T1550,TALWA1,-32.5,0.0,32.5
VNI-upper-20251205T1550,TALWB1,0.0,0.0,-0.0
VNI-upper-20251205T1550,TARALGA1,7.5486857142857176,34.056985714285716,26.5083
VNI-upper-20251205T1550,TUMUT3,1198.2857142857142,1198.2857142857142,-0.0
VNI-upper-20251205T1550,UPPTUMUT,643.1571428571428,643.1571428571428,-0.0
VNI-upper-20251205T1550,URANQ11,96.3435768,118.56129419999999,22.217717399999994
VNI-upper-20251205T1550,URANQ12,-59.1964232,3.0300000000000002,62.226423200000006
VNI-upper-20251205T1550,URANQ13,-59.1964232,3.0300000000000002,62.2264232
VNI-upper-20251205T1550,URANQ14,96.3435768,118.56129419999999,22.217717399999994
VNI-upper-20251205T1550,WAGGNSF1,-39.848636,9.17415614285714,49.02279214285714
VNI-upper-20251205T1550,WELLSF1,-7.464675714285718,12.354858571428567,19.819534285714287
VNI-upper-20251205T1550,WELNSF1,-0.32077999999998696,0.10923571428570582,0.4300157142856928
VNI-upper-20251205T1550,WLWLSF1,34.82421428571429,163.30967974285716,128.48546545714285
VNI-upper-20251205T1550,WLWLSF2,34.85931428571428,149.84092722857142,114.98161294285714
VNI-upper-20251205T1550,WOLARSF1,-6.850077142857145,160.5667485714286,167.41682571428572
VNI-upper-20251205T1550,WOODLWN1,-10.260197142857145,6.168876714285715,16.42907385714286
VNI-upper-20251205T1550,WRSF1,1.9037942857142858,4.999794285714286,3.096
VNI-upper-20251205T1550,WRWF1,0.3250799999999999,0.9116,0.58652
VNI-upper-20251205T1550,WSTWYSF1,-74.71618237142859,20.496612671428572,95.21279504285715
VNI-upper-20251205T1550,WYASF1,-40.08179571428572,0.19682852857142938,40.27862424285715
VNI-upper-20260110T1505,AVLSF1,44.52943714285714,94.18342571428572,49.65398857142858
VNI-upper-20260110T1505,BANGOWF1,-6.736740214285714,32.967209785714275,39.70394999999999
VNI-upper-20260110T1505,BANGOWF2,-5.1000000000000005,7.39806,12.49806
VNI-upper-20260110T1505,BERYLSF1,-0.10600000000000151,0.05300529999999867,0.15900530000000018
VNI-upper-20260110T1505,BHB1,-1.0014285714285713,1.0014285714285713,2.0028571428571427
VNI-upper-20260110T1505,BLOWERNG,0.0,0.0,-0.0
VNI-upper-20260110T1505,BOCORWF1,-0.16845642857142612,0.9830707142857211,1.1515271428571472
VNI-upper-20260110T1505,BODWF1,-5.956753142857143,6.287257142857143,12.244010285714287
VNI-upper-20260110T1505,BOMENSF1,0.0,74.50945822857145,74.50945822857143
VNI-upper-20260110T1505,BROKENH1,0.0,0.0,-0.0
VNI-upper-20260110T1505,BW01,10.787695542857135,22.566470399999986,11.778774857142853
VNI-upper-20260110T1505,BW02,12.482325942857148,22.968674742857143,10.486348799999995
VNI-upper-20260110T1505,BW03,16.700116542857135,33.478919142857144,16.77880260000001
VNI-upper-20260110T1505,BW04,0.0,0.0,-0.0
VNI-upper-20260110T1505,CAPBES1,0.0,0.0,-0.0
VNI-upper-20260110T1505,COLEASF1,0.0,30.171428571428574,30.171428571428574
VNI-upper-20260110T1505,COLWF01,0.0,154.46428571428572,154.46428571428572
VNI-upper-20260110T1505,CROOKWF2,3.552713678800501e-15,104.01325714285716,104.01325714285716
VNI-upper-20260110T1505,CROOKWF3,0.0,21.808149942857145,21.808149942857145
VNI-upper-20260110T1505,CRURWF1,-4.922228571428572,12.404057142857152,17.326285714285724
VNI-upper-20260110T1505,CRWASF1,-1.4258413714285736,0.4036836571428564,1.82952502857143
VNI-upper-20260110T1505,CUSF1,-114.82458534285713,318.25240838571426,433.0769937285714
VNI-upper-20260110T1505,DARLSF1,0.0,0.0,-0.0
VNI-upper-20260110T1505,DPNTB1,-25.142857142857146,75.42857142857144,100.57142857142858
VNI-upper-20260110T1505,FINLYSF1,0.0,0.0,-0.0
VNI-upper-20260110T1505,FLYCRKWF,17.26830171428572,56.05965671428572,38.791354999999996
VNI-upper-20260110T1505,GESF1,0.0,44.42156571428571,44.42156571428571
VNI-upper-20260110T1505,GNNDHSF1,20.48533342857143,21.503628199999998,1.0182947714285684
VNI-upper-20260110T1505,GOONSF1,-46.032857142857154,46.032857142857154,92.06571428571431
VNI-upper-20260110T1505,GULLRSF1,8.881784197001252e-16,11.00616,11.006159999999998
VNI-upper-20260110T1505,GULLRWF1,-2.842170943040401e-14,183.92694539999997,183.9269454
VNI-upper-20260110T1505,GULLRWF2,7.105427357601002e-15,108.93225860000001,108.93225860000001
VNI-upper-20260110T1505,GUNNING1,3.1386642857142824,3.209588571428568,0.0709242857142859
VNI-upper-20260110T1505,GUTHEGA,0.0,0.0,-0.0
VNI-upper-20260110T1505,HILLSTN1,64.36571428571429,149.82651702857143,85.46080274285714
VNI-upper-20260110T1505,HUMENSW,-0.030891828571427582,0.7661695714285697,0.7970613999999974
VNI-upper-20260110T1505,JEMALNG1,-36.710614285714286,33.104272800000004,69.81488708571429
VNI-upper-20260110T1505,JUNEESF1,0.0,29.612904285714283,29.612904285714286
VNI-upper-20260110T1505,LDBESS1,0.0,0.0,-0.0
VNI-upper-20260110T1505,LIMBESS1,0.0,0.0,-0.0
VNI-upper-20260110T1505,LIMOSF11,50.142857142857146,50.142857142857146,-0.0
VNI-upper-20260110T1505,LIMOSF21,24.300141171428574,25.18994622857143,0.8898050571428545
VNI-upper-20260110T1505,MANSLR1,0.0,21.794588357142857,21.794588357142857
VNI-upper-20260110T1505,METZSF1,-3.469446951953614e-18,0.056022857142856645,0.05602285714285665
VNI-upper-20260110T1505,MOLNGSF1,0.0,16.62857142857143,16.62857142857143
VNI-upper-20260110T1505,MOREESF1,-0.28749999999999964,0.0,0.28749999999999964
VNI-upper-20260110T1505,MP1,0.0,0.0,-0.0
VNI-upper-20260110T1505,MP2,0.0,0.0,-0.0
VNI-upper-20260110T1505,NEVERSF1,46.825200942857144,46.82520094285715,-0.0
VNI-upper-20260110T1505,NEWENSF1,0.0049999999999954525,0.09500000000000597,0.09000000000001052
VNI-upper-20260110T1505,NEWENSF2,0.4200000000000017,0.5037500000000037,0.08375000000000199
VNI-upper-20260110T1505,NYNGAN1,-4.942701428571424,0.0,4.942701428571423
VNI-upper-20260110T1505,ORABESS1,0.0,0.0,-0.0
VNI-upper-20260110T1505,PARSF1,0.0,0.0,-0.0
VNI-upper-20260110T1505,QBYNB1,0.0,0.0,-0.0
VNI-upper-20260110T1505,RESS1,0.0,0.0,-0.0
VNI-upper-20260110T1505,RIVNB2,-65.37142857142858,196.11428571428576,261.4857142857143
VNI-upper-20260110T1505,RYEPARK1,-122.68561675714291,242.95743168571425,365.64304844285715
VNI-upper-20260110T1505,SAPHWF1,-0.7417499999999999,0.5394999999999999,1.2812499999999998
VNI-upper-20260110T1505,SEBSF1,0.0,0.0,-0.0
VNI-upper-20260110T1505,SHGEN,0.0,0.0,-0.0
VNI-upper-20260110T1505,SHPUMP,0.0,0.0,-0.0
VNI-upper-20260110T1505,SNOWYP,0.0,0.0,-0.0
VNI-upper-20260110T1505,STUBSF1,51.193654285714295,156.35016571428577,105.15651142857145
VNI-upper-20260110T1505,STUBSF2,46.10885714285715,145.11200000000002,99.00314285714288
VNI-upper-20260110T1505,STWF1,16.01604742857143,28.10288971428571,12.086842285714278
VNI-upper-20260110T1505,SUNRSF1,0.0,0.0,-0.0
VNI-upper-20260110T1505,SUNTPSF1,77.87785001428571,222.40557629999998,144.52772628571427
VNI-upper-20260110T1505,TALWA1,0.0,0.0,-0.0
VNI-upper-20260110T1505,TALWB1,0.0,0.0,-0.0
VNI-upper-20260110T1505,TARALGA1,0.0,143.54857142857142,143.54857142857142
VNI-upper-20260110T1505,TUMUT3,694.1390441571427,694.1390441571427,-0.0
VNI-upper-20260110T1505,UPPTUMUT,123.64571428571428,123.64571428571428,-0.0
VNI-upper-20260110T1505,URANQ11,53.5322826,53.5322826,-0.0
VNI-upper-20260110T1505,URANQ12,0.0,0.0,-0.0
VNI-upper-20260110T1505,URANQ13,53.53228260000001,53.53228260000001,-0.0
VNI-upper-20260110T1505,URANQ14,0.0,0.0,-0.0
VNI-upper-20260110T1505,WAGGNSF1,0.0,30.57079367142857,30.57079367142857
VNI-upper-20260110T1505,WELLSF1,-3.7949053428571324,92.51817187142856,96.3130772142857
VNI-upper-20260110T1505,WELNSF1,118.7267206,287.6903920285714,168.96367142857144
VNI-upper-20260110T1505,WLWLSF1,25.71827142857143,110.51263080000001,84.79435937142858
VNI-upper-20260110T1505,WLWLSF2,26.67098571428572,116.83063080000002,90.1596450857143
VNI-upper-20260110T1505,WOLARSF1,-1.1317026285714227,0.6702828000000107,1.8019854285714336
VNI-upper-20260110T1505,WOODLWN1,-0.18946014285714388,1.1122021428571396,1.3016622857142837
VNI-upper-20260110T1505,WRSF1,-0.5948742857142856,0.0,0.5948742857142856
VNI-upper-20260110T1505,WRWF1,2.7817314285714287,5.914588571428571,3.132857142857143
VNI-upper-20260110T1505,WSTWYSF1,0.0,72.73428428571428,72.73428428571428
VNI-upper-20260110T1505,WYASF1,0.0,57.72945394285715,57.72945394285715
VNI-upper-20260112T0710,ARWF1,1.3208831999999995,1.3208831999999995,-0.0
VNI-upper-20260112T0710,AVLSF1,-79.211289893617,79.70027952127657,158.91156941489356
VNI-upper-20260112T0710,BALB1,0.0,0.0,-0.0
VNI-upper-20260112T0710,BALDHWF1,2.682288,2.682288,-0.0
VNI-upper-20260112T0710,BANGOWF1,-15.309558510638299,7.1043829787233985,22.413941489361697
VNI-upper-20260112T0710,BANGOWF2,1.5037180851063827,7.058718085106385,5.555000000000002
VNI-upper-20260112T0710,BANN1,-1.810473120000001,0.0,1.810473120000001
VNI-upper-20260112T0710,BHB1,0.0,0.0,-0.0
VNI-upper-20260112T0710,BLOWERNG,0.0,0.0,-0.0
VNI-upper-20260112T0710,BOMENSF1,60.163178457446804,68.40440186170208,8.241223404255276
VNI-upper-20260112T0710,BROKENH1,28.216436170212766,30.409468085106383,2.1930319148936186
VNI-upper-20260112T0710,BRYB1WF1,0.8778240000000015,0.8778240000000015,-0.0
VNI-upper-20260112T0710,BRYB2WF2,-1.376352,0.0,1.376352
VNI-upper-20260112T0710,BULBES1,8.64,8.64,-0.0
VNI-upper-20260112T0710,BULGANA1,1.3164292799999986,1.3164292799999986,-0.0
VNI-upper-20260112T0710,CHYTWF1,0.0,0.0,-0.0
VNI-upper-20260112T0710,COHUNSF1,-0.5853599999999994,0.0,0.5853599999999994
VNI-upper-20260112T0710,COLEASF1,81.95215409574466,107.78753590425538,25.83538180851071
VNI-upper-20260112T0710,CROWLWF1,-0.8999769600000008,0.0,0.8999769600000008
VNI-upper-20260112T0710,CRWASF1,11.905599734042553,34.267157712765965,22.361557978723404
VNI-upper-20260112T0710,CUSF1,-231.63656212765954,201.38833117021278,433.0248932978723
VNI-upper-20260112T0710,DARLSF1,187.68444148936177,447.2217287234043,259.53728723404254
VNI-upper-20260112T0710,DARTM1,0.0,0.0,-0.0
VNI-upper-20260112T0710,DPNTB1,0.0,0.0,-0.0
VNI-upper-20260112T0710,ELAINWF1,-0.6350399999999995,0.0,0.6350399999999995
VNI-upper-20260112T0710,FINLYSF1,0.0,0.0,-0.0
VNI-upper-20260112T0710,GANNB1,0.432,0.432,-0.0
VNI-upper-20260112T0710,GANNSF1,-0.8040772800000001,0.0,0.8040772800000001
VNI-upper-20260112T0710,GESF1,22.380898723404254,136.80280595744682,114.42190723404255
VNI-upper-20260112T0710,GIRGSF,-1.0576137600000002,0.0,1.0576137600000002
VNI-upper-20260112T0710,GLENSF1,-1.1386094399999989,0.0,1.1386094399999989
VNI-upper-20260112T0710,GLRWNSF1,-1.5746399999999983,0.0,1.5746399999999983
VNI-upper-20260112T0710,GUNNING1,-1.6912340425531927,4.995000000000002,6.6862340425531945
VNI-upper-20260112T0710,HBESS1,-1.728,0.0,1.728
VNI-upper-20260112T0710,HD1WF1,0.5745599999999993,0.5745599999999993,-0.0
VNI-upper-20260112T0710,HILLSTN1,68.43085106382979,157.03085106382977,88.59999999999998
VNI-upper-20260112T0710,HUMENSW,-0.23504361702127533,2.4122230851063806,2.6472667021276557
VNI-upper-20260112T0710,JUNEESF1,7.927407606382981,11.167656861702133,3.240249255319149
VNI-upper-20260112T0710,KARSF1,12.29257510468085,15.739566063829791,3.446990959148941
VNI-upper-20260112T0710,KERNGSP1,-1.278287999999999,0.0,1.278287999999999
VNI-upper-20260112T0710,KESSB1,0.0,0.0,-0.0
VNI-upper-20260112T0710,KIAMSF1,-4.339634399999995,0.0,4.339634399999995
VNI-upper-20260112T0710,KIATAWF1,0.06143040000000033,0.06143040000000033,-0.0
VNI-upper-20260112T0710,LIMBESS1,0.0,0.0,-0.0
VNI-upper-20260112T0710,LIMOSF11,74.22149585106379,120.05737372340425,45.835877872340454
VNI-upper-20260112T0710,LIMOSF21,14.230029468085103,28.406019627659575,14.175990159574472
VNI-upper-20260112T0710,MACARTH1,2.16,2.16,-0.0
VNI-upper-20260112T0710,MCKAY1,0.0,0.0,-0.0
VNI-upper-20260112T0710,MERCER01,-0.864,0.0,0.864
VNI-upper-20260112T0710,MOKOSF1,-0.4354560000000004,0.0,0.4354560000000004
VNI-upper-20260112T0710,MOORAWF1,-0.9130536,0.0,0.9130536
VNI-upper-20260112T0710,MRTLSWF1,-0.33000048,0.0,0.33000048
VNI-upper-20260112T0710,MTGELWF1,0.11594016000000022,0.11594016000000022,-0.0
VNI-upper-20260112T0710,MURRAY,0.0,0.0,-0.0
VNI-upper-20260112T0710,MUWAWF1,0.38015999999999806,0.38015999999999806,-0.0
VNI-upper-20260112T0710,MUWAWF2,1.3110465599999999,1.3110465599999999,-0.0
VNI-upper-20260112T0710,NUMURSF1,-1.0130400000000026,0.0,1.0130400000000026
VNI-upper-20260112T0710,OAKLAND1,0.1295999999999999,0.1295999999999999,-0.0
VNI-upper-20260112T0710,PIBESS1,0.0,0.0,-0.0
VNI-upper-20260112T0710,RANGEB1,43.2,43.2,-0.0
VNI-upper-20260112T0710,RESS1,0.0,0.0,-0.0
VNI-upper-20260112T0710,RIVNB2,0.0,0.0,-0.0
VNI-upper-20260112T0710,RYANCWF1,-3.0715200000000014,0.0,3.0715200000000014
VNI-upper-20260112T0710,SALTCRK1,0.005745600000000039,0.005745600000000039,-0.0
VNI-upper-20260112T0710,SEBSF1,0.0,0.0,-0.0
VNI-upper-20260112T0710,STWF1,0.0,0.0,-0.0
VNI-upper-20260112T0710,SUNRSF1,34.02750000000002,60.69184255319154,26.664342553191524
VNI-upper-20260112T0710,URANQ11,0.0,0.0,-0.0
VNI-upper-20260112T0710,URANQ12,0.0,0.0,-0.0
VNI-upper-20260112T0710,URANQ13,0.0,0.0,-0.0
VNI-upper-20260112T0710,URANQ14,0.0,0.0,-0.0
VNI-upper-20260112T0710,VBB1,0.0,0.0,-0.0
VNI-upper-20260112T0710,WAGGNSF1,23.34286571808511,33.14492688829789,9.802061170212777
VNI-upper-20260112T0710,WEMENSF1,-2.3637744000000023,0.0,2.3637744000000023
VNI-upper-20260112T0710,WINTSF1,-1.1015999999999988,0.0,1.1015999999999988
VNI-upper-20260112T0710,WKIEWA1,0.0,0.0,-0.0
VNI-upper-20260112T0710,WKIEWA2,0.0,0.0,-0.0
VNI-upper-20260112T0710,WLWLSF1,-145.8192021276596,13.170970744680861,158.99017287234045
VNI-upper-20260112T0710,WLWLSF2,-143.13017287234044,11.800093085106381,154.9302659574468
VNI-upper-20260112T0710,WSTWYSF1,19.39769218085104,23.98707965425533,4.589387473404294
VNI-upper-20260112T0710,WUNUSF1,-1.8239040000000006,0.0,1.8239040000000006
VNI-upper-20260112T0710,WYASF1,-18.01943497340425,4.002737234042558,22.022172207446808
VNI-upper-20260112T0710,YATSF1,12.682907489361702,14.29474468085107,1.611837191489367
VNI-upper-20260112T0710,YENDWF1,-0.4958150399999998,0.0,0.4958150399999998
VNI-upper-20260112T0710,YWPS2,0.0,0.0,-0.0
VNI-upper-20260112T0710,YWPS3,0.0,0.0,-0.0
VNI-upper-20260112T0710,YWPS4,0.0,0.0,-0.0
VNI-upper-20260205T1340,AVLSF1,-201.34439499954408,144.21853325714284,345.562928256687
VNI-upper-20260205T1340,BANGOWF1,-18.733097112462012,29.689864285714282,48.42296139817629
VNI-upper-20260205T1340,BANGOWF2,-21.056537234042555,37.64106000000001,58.69759723404256
VNI-upper-20260205T1340,BERYLSF1,-0.07708320000000368,6.591276099999999,6.668359300000002
VNI-upper-20260205T1340,BHB1,-3.4390273556231,2.0028571428571427,5.441884498480242
VNI-upper-20260205T1340,BLOWERNG,0.0,0.0,-0.0
VNI-upper-20260205T1340,BOCORWF1,0.9555842857142953,9.209858571428565,8.25427428571427
VNI-upper-20260205T1340,BODWF1,41.42741142857143,44.101416,2.674004571428571
VNI-upper-20260205T1340,BOMENSF1,-7.36544869376898,134.92164443480243,142.28709312857146
VNI-upper-20260205T1340,BROKENH1,0.0,0.0,-0.0
VNI-upper-20260205T1340,BW01,19.378919314285714,19.378919314285717,-0.0
VNI-upper-20260205T1340,BW02,17.906517942857143,28.958306742857154,11.051788800000015
VNI-upper-20260205T1340,BW03,25.385511085714274,37.6319694,12.246458314285727
VNI-upper-20260205T1340,BW04,-4.92637080000001,24.972099085714287,29.8984698857143
VNI-upper-20260205T1340,CAPBES1,-17.20857142857143,0.0,17.20857142857143
VNI-upper-20260205T1340,COLEASF1,0.9560741887537905,10.098922188753797,9.142848000000004
VNI-upper-20260205T1340,COLWF01,3.971585714285723,209.38437142857143,205.41278571428572
VNI-upper-20260205T1340,CROOKWF2,25.549714285714288,33.63305142857143,8.083337142857138
VNI-upper-20260205T1340,CROOKWF3,18.64512,44.219519999999996,25.574400000000004
VNI-upper-20260205T1340,CRURWF1,64.68582857142859,68.02765714285715,3.341828571428572
VNI-upper-20260205T1340,CRWASF1,0.08087969604863665,0.22167969604863721,0.1408000000000006
VNI-upper-20260205T1340,CUSF1,235.68071620820672,840.1548042367782,604.4740880285714
VNI-upper-20260205T1340,DARLSF1,1.575689671732455,35.61862544316101,34.04293577142855
VNI-upper-20260205T1340,DPNTB1,0.0,0.0,-0.0
VNI-upper-20260205T1340,FINLYSF1,0.0,0.0,-0.0
VNI-upper-20260205T1340,FLYCRKWF,-0.9304971428571429,18.197022857142855,19.127519999999997
VNI-upper-20260205T1340,GESF1,-57.1887315556231,120.51231731428571,177.70104886990882
VNI-upper-20260205T1340,GNNDHSF1,-11.738217628571428,9.702197685714285,21.440415314285715
VNI-upper-20260205T1340,GOONSF1,13.232244857142856,19.401961985714284,6.169717128571431
VNI-upper-20260205T1340,GULLRSF1,-8.65513,0.5989499999999996,9.25408
VNI-upper-20260205T1340,GULLRWF1,-15.377490699999997,2.1873653999999947,17.564856099999993
VNI-upper-20260205T1340,GULLRWF2,36.2410125,65.8191963,29.578183799999998
VNI-upper-20260205T1340,GUNNING1,2.2105277507598764,19.845269179331307,17.63474142857143
VNI-upper-20260205T1340,GUTHEGA,0.0,0.0,-0.0
VNI-upper-20260205T1340,HILLSTN1,-43.245714285714286,78.44571428571429,121.69142857142857
VNI-upper-20260205T1340,HUMENSW,0.08662997993920646,0.8249808370820662,0.7383508571428596
VNI-upper-20260205T1340,JEMALNG1,-0.9418903142857147,21.965151171428573,22.907041485714288
VNI-upper-20260205T1340,JUNEESF1,-2.2096271161094188,40.47650791246201,42.686135028571435
VNI-upper-20260205T1340,KARSF1,1.9500041489361668,1.9500041489361668,-0.0
VNI-upper-20260205T1340,LDBESS1,0.0,0.0,-0.0
VNI-upper-20260205T1340,LIMBESS1,0.0,0.0,-0.0
VNI-upper-20260205T1340,LIMOSF11,-14.747959796352603,60.35625231793311,75.10421211428572
VNI-upper-20260205T1340,LIMOSF21,-1.650447182674771,7.805452703039519,9.455899885714288
VNI-upper-20260205T1340,MANSLR1,11.71905334285714,37.9529942,26.233940857142862
VNI-upper-20260205T1340,METZSF1,0.08108571428571665,17.658257142857146,17.577171428571425
VNI-upper-20260205T1340,MOLNGSF1,6.129590742857145,22.742287428571434,16.612696685714287
VNI-upper-20260205T1340,MOREESF1,-0.5025000000000013,3.2299999999999986,3.7325
VNI-upper-20260205T1340,MP1,43.45806937142859,62.531547485714285,19.073478114285685
VNI-upper-20260205T1340,MP2,43.07316725714286,61.73476354285714,18.661596285714275
VNI-upper-20260205T1340,MURRAY,0.0,0.0,-0.0
VNI-upper-20260205T1340,NEVERSF1,-46.42307111428572,36.523791442857146,82.94686255714286
VNI-upper-20260205T1340,NEWENSF1,-10.84375,1.605000000000004,12.448750000000004
VNI-upper-20260205T1340,NEWENSF2,-0.26249999999999574,11.601250000000014,11.86375000000001
VNI-upper-20260205T1340,NYNGAN1,-2.796478571428571,3.8441428571428577,6.6406214285714285
VNI-upper-20260205T1340,ORABESS1,0.0,0.0,-0.0
VNI-upper-20260205T1340,PARSF1,9.396807214285715,13.77820788571429,4.381400671428574
VNI-upper-20260205T1340,QBYNB1,0.0,0.0,-0.0
VNI-upper-20260205T1340,RESS1,0.0,1.0057142857142858,1.0057142857142858
VNI-upper-20260205T1340,RIVNB2,0.0,0.0,-0.0
VNI-upper-20260205T1340,RYEPARK1,-192.62406142857142,104.27589200000006,296.8999534285715
VNI-upper-20260205T1340,SAPHWF1,-0.9277499999999999,2.201,3.12875
VNI-upper-20260205T1340,SEBSF1,-6.628881348328268,121.4295136088146,128.0583949571429
VNI-upper-20260205T1340,SHGEN,0.0,0.0,-0.0
VNI-upper-20260205T1340,SHPUMP,0.0,0.0,-0.0
VNI-upper-20260205T1340,SNOWYP,0.0,0.0,-0.0
VNI-upper-20260205T1340,STUBSF1,-0.028851428571414484,0.10258285714284586,0.13143428571426036
VNI-upper-20260205T1340,STUBSF2,0.09563714285714396,0.33980571428572726,0.24416857142858325
VNI-upper-20260205T1340,STWF1,2.9682860699088156,13.65247571428571,10.684189644376897
VNI-upper-20260205T1340,SUNRSF1,-5.577089506686939,40.031840828571426,45.608930335258364
VNI-upper-20260205T1340,SUNTPSF1,-2.669679214285712,48.5998706,51.26954981428572
VNI-upper-20260205T1340,TALWA1,-12.35,0.65,13.000000000000002
VNI-upper-20260205T1340,TALWB1,0.0,0.0,-0.0
VNI-upper-20260205T1340,TARALGA1,-77.53194285714285,50.749485714285726,128.2814285714286
VNI-upper-20260205T1340,TUMUT3,1797.4285714285713,1902.2785714285712,104.85
VNI-upper-20260205T1340,UPPTUMUT,464.66857142857145,523.3932957428572,58.72472431428571
VNI-upper-20260205T1340,URANQ11,46.1714329,46.1714329,-0.0
VNI-upper-20260205T1340,URANQ12,110.846086,136.341213,25.495127
VNI-upper-20260205T1340,URANQ13,110.45155980000001,136.72341720000003,26.271857400000002
VNI-upper-20260205T1340,URANQ14,46.1714329,46.1714329,-0.0
VNI-upper-20260205T1340,WAGGNSF1,-3.5354344363221957,64.76237350653496,68.29780794285716
VNI-upper-20260205T1340,WELLSF1,-47.463604785714296,20.013165385714288,67.47677017142858
VNI-upper-20260205T1340,WELNSF1,-121.32464428571427,96.48444285714288,217.80908714285715
VNI-upper-20260205T1340,WLWLSF1,-212.76853836109424,293.0526478285714,505.8211861896657
VNI-upper-20260205T1340,WLWLSF2,-212.76853836109422,296.45233354285716,509.2208719039514
VNI-upper-20260205T1340,WOLARSF1,32.474836742857136,61.10282168571428,28.627984942857154
VNI-upper-20260205T1340,WOODLWN1,-5.606446857142855,28.676005428571433,34.28245228571429
VNI-upper-20260205T1340,WRSF1,-0.08378857142857168,0.046440000000000016,0.1302285714285717
VNI-upper-20260205T1340,WRWF1,-1.966697142857143,0.9076685714285714,2.874365714285714
VNI-upper-20260205T1340,WSTWYSF1,-6.628881348328268,121.4295136088146,128.0583949571429
VNI-upper-20260205T1340,WYASF1,-3.9037056223404205,87.24908194908815,91.15278757142858
VNI-upper-20260205T1340,YATSF1,0.0,0.0,-0.0
VNI-upper-20260205T1415,AVLSF1,19.26281665714285,131.3976942857143,112.13487762857145
VNI-upper-20260205T1415,BANGOWF1,9.89355714285714,11.327642857142859,1.4340857142857177
VNI-upper-20260205T1415,BANGOWF2,-2.086919999999999,9.977640000000001,12.06456
VNI-upper-20260205T1415,BERYLSF1,-0.385458400000004,0.20717700000000108,0.592635400000005
VNI-upper-20260205T1415,BHB1,-1.0014285714285713,0.0,1.0014285714285713
VNI-upper-20260205T1415,BLOWERNG,0.0,0.0,-0.0
VNI-upper-20260205T1415,BOCORWF1,1.1615057142857146,3.314155714285719,2.1526500000000044
VNI-upper-20260205T1415,BODWF1,36.071828571428576,36.071828571428576,-0.0
VNI-upper-20260205T1415,BOMENSF1,-19.49197992857143,0.0,19.49197992857143
VNI-upper-20260205T1415,BROKENH1,0.0,0.0,-0.0
VNI-upper-20260205T1415,BW01,9.047007085714286,9.047007085714286,-0.0
VNI-upper-20260205T1415,BW02,-2.466837942857154,2.0625270857142874,4.5293650285714415
VNI-upper-20260205T1415,BW03,-4.7837553428571455,0.04917677142857461,4.83293211428572
VNI-upper-20260205T1415,BW04,-20.142857142857142,0.0,20.142857142857142
VNI-upper-20260205T1415,CAPBES1,0.0,0.0,-0.0
VNI-upper-20260205T1415,COLEASF1,-1.3714121142857119,0.0,1.3714121142857119
VNI-upper-20260205T1415,COLWF01,50.88300714285715,50.88300714285715,-0.0
VNI-upper-20260205T1415,CROOKWF2,4.9840457142857195,4.9840457142857195,-0.0
VNI-upper-20260205T1415,CROOKWF3,18.19954285714286,18.19954285714286,-0.0
VNI-upper-20260205T1415,CRURWF1,60.94388571428573,60.94388571428573,-0.0
VNI-upper-20260205T1415,CRWASF1,0.05933714285714392,0.05933714285714392,-0.0
VNI-upper-20260205T1415,CUSF1,0.0,153.94897575714285,153.94897575714285
VNI-upper-20260205T1415,DARLSF1,0.6641737142857522,25.152733257142877,24.488559542857125
VNI-upper-20260205T1415,DPNTB1,0.0,0.0,-0.0
VNI-upper-20260205T1415,FINLYSF1,0.0,0.0,-0.0
VNI-upper-20260205T1415,FLYCRKWF,-7.787812857142857,0.0,7.787812857142857
VNI-upper-20260205T1415,GESF1,0.0,0.0,-0.0
VNI-upper-20260205T1415,GNNDHSF1,0.8189398571428579,1.0185872000000014,0.19964734285714344
VNI-upper-20260205T1415,GOONSF1,0.12365492857142839,0.12365492857142839,-0.0
VNI-upper-20260205T1415,GULLRSF1,0.3025,0.3025,-0.0
VNI-upper-20260205T1415,GULLRWF1,0.9406176999999972,1.6934433999999936,0.7528256999999964
VNI-upper-20260205T1415,GULLRWF2,20.7949995,20.7949995,-0.0
VNI-upper-20260205T1415,GUNNING1,-11.415634285714287,0.0,11.415634285714287
VNI-upper-20260205T1415,GUTHEGA,0.0,0.0,-0.0
VNI-upper-20260205T1415,HILLSTN1,-43.245714285714286,0.0,43.245714285714286
VNI-upper-20260205T1415,HUMENSW,-0.12048415714285748,0.11739095714285686,0.23787511428571434
VNI-upper-20260205T1415,JEMALNG1,5.333579742857143,5.333579742857143,-0.0
VNI-upper-20260205T1415,JUNEESF1,-5.847599042857143,0.0,5.847599042857143
VNI-upper-20260205T1415,LDBESS1,0.0,0.0,-0.0
VNI-upper-20260205T1415,LIMBESS1,0.0,0.0,-0.0
VNI-upper-20260205T1415,LIMOSF11,6.978321257142856,32.234315657142865,25.25599440000001
VNI-upper-20260205T1415,LIMOSF21,0.9307115999999986,4.249075628571428,3.3183640285714295
VNI-upper-20260205T1415,MANSLR1,-6.984172328571429,2.7430113857142877,9.727183714285717
VNI-upper-20260205T1415,METZSF1,-8.209314285714285,1.4681428571428574,9.677457142857142
VNI-upper-20260205T1415,MOLNGSF1,6.129590742857145,6.129590742857145,-0.0
VNI-upper-20260205T1415,MOREESF1,2.0374999999999996,2.0374999999999996,-0.0
VNI-upper-20260205T1415,MP1,-19.073478114285685,0.0,19.073478114285685
VNI-upper-20260205T1415,MP2,-18.661596285714275,0.0,18.661596285714275
VNI-upper-20260205T1415,NEVERSF1,-1.3604638142857146,0.1092711142857146,1.4697349285714292
VNI-upper-20260205T1415,NEWENSF1,-10.873750000000001,0.0,10.873750000000001
VNI-upper-20260205T1415,NEWENSF2,11.228750000000005,11.228750000000005,-0.0
VNI-upper-20260205T1415,NYNGAN1,0.3465142857142861,0.5468428571428581,0.200328571428572
VNI-upper-20260205T1415,ORABESS1,0.0,0.0,-0.0
VNI-upper-20260205T1415,PARSF1,0.034304485714281144,0.034304485714281144,-0.0
VNI-upper-20260205T1415,QBYNB1,0.0,0.0,-0.0
VNI-upper-20260205T1415,RESS1,0.0,0.0,-0.0
VNI-upper-20260205T1415,RIVNB2,0.0,0.0,-0.0
VNI-upper-20260205T1415,RYEPARK1,-91.2535617142857,68.79755257142858,160.05111428571428
VNI-upper-20260205T1415,SAPHWF1,-0.98275,0.3665,1.34925
VNI-upper-20260205T1415,SEBSF1,-17.542787,0.0,17.542787
VNI-upper-20260205T1415,SHGEN,0.0,0.0,-0.0
VNI-upper-20260205T1415,SHPUMP,0.0,0.0,-0.0
VNI-upper-20260205T1415,SNOWYP,0.0,0.0,-0.0
VNI-upper-20260205T1415,STUBSF1,0.07373142857143138,0.10258285714284586,0.028851428571414484
VNI-upper-20260205T1415,STUBSF2,0.16188857142857,0.16883428571428707,0.006945714285717081
VNI-upper-20260205T1415,STWF1,1.2249474285714292,4.497115285714286,3.2721678571428567
VNI-upper-20260205T1415,SUNRSF1,5.014285714285714,16.346270571428573,11.331984857142858
VNI-upper-20260205T1415,SUNTPSF1,-17.967198685714283,0.0,17.967198685714283
VNI-upper-20260205T1415,TALWA1,-0.65,0.0,0.65
VNI-upper-20260205T1415,TALWB1,0.0,0.0,-0.0
VNI-upper-20260205T1415,TARALGA1,13.018814285714285,13.018814285714285,-0.0
VNI-upper-20260205T1415,TUMUT3,1652.6357142857141,1652.6357142857141,-0.0
VNI-upper-20260205T1415,UPPTUMUT,285.18285714285713,285.18285714285713,-0.0
VNI-upper-20260205T1415,URANQ11,46.1714329,46.1714329,-0.0
VNI-upper-20260205T1415,URANQ12,30.046086,55.541213,25.495127
VNI-upper-20260205T1415,URANQ13,29.6515598,55.9234172,26.271857400000002
VNI-upper-20260205T1415,URANQ14,46.1714329,46.1714329,-0.0
VNI-upper-20260205T1415,WAGGNSF1,-9.356156442857142,0.0,9.356156442857142
VNI-upper-20260205T1415,WELLSF1,1.5849076142857146,1.5849076142857146,-0.0
VNI-upper-20260205T1415,WELNSF1,-4.75788142857143,2.0637557142857132,6.821637142857144
VNI-upper-20260205T1415,WLWLSF1,-124.06233394285715,10.980714085714286,135.04304802857143
VNI-upper-20260205T1415,WLWLSF2,-124.06233394285715,10.980714085714286,135.04304802857143
VNI-upper-20260205T1415,WOLARSF1,8.218281342857129,25.941975714285697,17.723694371428568
VNI-upper-20260205T1415,WOODLWN1,-7.48718042857143,0.0,7.48718042857143
VNI-upper-20260205T1415,WRSF1,-0.056268571428572105,0.0009828571428565983,0.0572514285714287
VNI-upper-20260205T1415,WRWF1,-0.6005257142857143,0.010565714285714288,0.6110914285714286
VNI-upper-20260205T1415,WSTWYSF1,-17.542787,0.0,17.542787
VNI-upper-20260205T1415,WYASF1,-10.330747842857143,0.0,10.330747842857143
VNI-upper-20260206T1255,AVLSF1,-44.788559314285706,3.5250176571428526,48.31357697142857
VNI-upper-20260206T1255,BANGOWF1,-5.955950000000004,20.747257142857137,26.703207142857142
VNI-upper-20260206T1255,BANGOWF2,15.787560000000006,32.30238,16.514819999999997
VNI-upper-20260206T1255,BERYLSF1,-3.0691717000000027,0.07226550000000387,3.1414372000000066
VNI-upper-20260206T1255,BHB1,0.0,1.0014285714285713,1.0014285714285713
VNI-upper-20260206T1255,BLOWERNG,0.0,0.0,-0.0
VNI-upper-20260206T1255,BOCORWF1,-3.5569071428571624,5.952217857142866,9.50912500000003
VNI-upper-20260206T1255,BODWF1,2.870706285714286,6.256854857142857,3.3861485714285706
VNI-upper-20260206T1255,BOMENSF1,-69.07554042857141,4.6236422142857245,73.69918264285714
VNI-upper-20260206T1255,BROKENH1,22.815547142857138,47.37558285714285,24.56003571428571
VNI-upper-20260206T1255,BW01,-15.18292662857143,3.113886171428572,18.2968128
VNI-upper-20260206T1255,BW02,-11.218570971428578,5.075975314285706,16.294546285714283
VNI-upper-20260206T1255,BW03,-16.74636857142858,7.081583999999995,23.827952571428575
VNI-upper-20260206T1255,BW04,-4.118932285714297,13.522468028571414,17.64140031428571
VNI-upper-20260206T1255,CAPBES1,-90.57142857142858,9.962857142857144,100.53428571428573
VNI-upper-20260206T1255,COLEASF1,-0.5942665142857162,1.4171620571428556,2.0114285714285716
VNI-upper-20260206T1255,COLWF01,-107.7607485,33.43128614285716,141.19203464285715
VNI-upper-20260206T1255,CROOKWF2,6.472594285714269,11.049325714285695,4.576731428571427
VNI-upper-20260206T1255,CROOKWF3,-58.1225142857143,10.996251428571428,69.11876571428573
VNI-upper-20260206T1255,CRURWF1,2.273657142857145,6.910457142857145,4.636799999999999
VNI-upper-20260206T1255,CRWASF1,-0.3157942857142822,0.10057142857143,0.41636571428571223
VNI-upper-20260206T1255,CUSF1,-140.07983021428566,0.0,140.0798302142857
VNI-upper-20260206T1255,DARLSF1,-38.34254537142859,39.02174445714286,77.36428982857144
VNI-upper-20260206T1255,DPNTB1,0.0,0.0,-0.0
VNI-upper-20260206T1255,FINLYSF1,0.0,0.0,-0.0
VNI-upper-20260206T1255,FLYCRKWF,-1.1011728571428572,7.369924285714287,8.471097142857143
VNI-upper-20260206T1255,GESF1,60.256158657142855,60.256158657142855,-0.0
VNI-upper-20260206T1255,GNNDHSF1,0.44728094285714415,1.7518175142857126,1.3045365714285684
VNI-upper-20260206T1255,GOONSF1,-4.048429671428573,3.858881042857144,7.907310714285716
VNI-upper-20260206T1255,GULLRSF1,7.871049999999999,10.097449999999998,2.2264
VNI-upper-20260206T1255,GULLRWF1,-29.39632080000001,0.0,29.396320800000005
VNI-upper-20260206T1255,GULLRWF2,-24.358558399999993,8.997414800000014,33.35597320000001
VNI-upper-20260206T1255,GUNNING1,6.912471428571427,15.028665600000004,8.116194171428576
VNI-upper-20260206T1255,GUTHEGA,38.94428571428571,38.94428571428571,-0.0
VNI-upper-20260206T1255,HILLSTN1,-14.426971428571429,1.5360073142857191,15.962978742857148
VNI-upper-20260206T1255,HUMENSW,0.4417852857142854,0.735277742857144,0.29349245714285854
VNI-upper-20260206T1255,JEMALNG1,-1.0587004857142834,0.5046598857142867,1.56336037142857
VNI-upper-20260206T1255,JUNEESF1,-20.684001371428568,6.156317900000004,26.840319271428573
VNI-upper-20260206T1255,LDBESS1,0.0,0.0,-0.0
VNI-upper-20260206T1255,LIMBESS1,0.0,0.0,-0.0
VNI-upper-20260206T1255,LIMOSF11,-2.051334257142858,0.774927771428564,2.826262028571422
VNI-upper-20260206T1255,LIMOSF21,-0.04468731428571471,1.1295781714285733,1.174265485714288
VNI-upper-20260206T1255,MANSLR1,0.0,0.0,-0.0
VNI-upper-20260206T1255,METZSF1,-2.5074553142857128,0.28896737142857426,2.796422685714287
VNI-upper-20260206T1255,MOLNGSF1,0.0,0.0,-0.0
VNI-upper-20260206T1255,MOREESF1,-0.02499999999999858,0.1750000000000007,0.1999999999999993
VNI-upper-20260206T1255,MP1,24.602483600000006,24.602483600000006,-0.0
VNI-upper-20260206T1255,MP2,26.849865828571442,26.849865828571442,-0.0
VNI-upper-20260206T1255,NEVERSF1,2.9838832428571456,7.470176628571428,4.486293385714283
VNI-upper-20260206T1255,NEWENSF1,4.906250000000002,8.97625,4.0699999999999985
VNI-upper-20260206T1255,NEWENSF2,9.212499999999999,10.566249999999998,1.3537499999999998
VNI-upper-20260206T1255,NYNGAN1,2.8986353142857135,7.256750900000001,4.3581155857142875
VNI-upper-20260206T1255,ORABESS1,0.0,0.0,-0.0
VNI-upper-20260206T1255,PARSF1,-2.874972085714287,2.5617151571428574,5.436687242857144
VNI-upper-20260206T1255,QBYNB1,0.0,0.0,-0.0
VNI-upper-20260206T1255,RESS1,41.325685028571435,61.34728411428572,20.021599085714286
VNI-upper-20260206T1255,RIVNB2,0.0,0.0,-0.0
VNI-upper-20260206T1255,RYEPARK1,108.39633500000001,326.4652362857143,218.0689012857143
VNI-upper-20260206T1255,SAPHWF1,-0.23575000000000002,0.71675,0.9525
VNI-upper-20260206T1255,SEBSF1,-16.027451428571432,0.0,16.027451428571432
VNI-upper-20260206T1255,SHGEN,0.0,0.0,-0.0
VNI-upper-20260206T1255,SHPUMP,-22.15801782857143,0.0,22.15801782857143
VNI-upper-20260206T1255,SNOWYP,0.0,0.0,-0.0
VNI-upper-20260206T1255,STUBSF1,0.0,0.0,-0.0
VNI-upper-20260206T1255,STUBSF2,-8.667182857142862,0.708997142857142,9.376180000000005
VNI-upper-20260206T1255,STWF1,-0.019227428571428593,0.0,0.019227428571428593
VNI-upper-20260206T1255,SUNRSF1,-6.472961485714288,13.40180177142857,19.874763257142856
VNI-upper-20260206T1255,SUNTPSF1,-6.123410157142856,37.47140861428572,43.59481877142857
VNI-upper-20260206T1255,TALWA1,0.0,0.0,-0.0
VNI-upper-20260206T1255,TALWB1,0.0,0.0,-0.0
VNI-upper-20260206T1255,TARALGA1,-143.0393714285714,0.0,143.0393714285714
VNI-upper-20260206T1255,TUMUT3,1797.4285714285716,1797.4285714285716,-0.0
VNI-upper-20260206T1255,UPPTUMUT,446.5523304285714,446.5523304285714,-0.0
VNI-upper-20260206T1255,URANQ11,0.0,0.0,-0.0
VNI-upper-20260206T1255,URANQ12,80.80000000000001,80.80000000000001,-0.0
VNI-upper-20260206T1255,URANQ13,80.80000000000001,80.80000000000001,-0.0
VNI-upper-20260206T1255,URANQ14,0.0,0.0,-0.0
VNI-upper-20260206T1255,WAGGNSF1,-33.09439814285715,9.850106614285709,42.94450475714286
VNI-upper-20260206T1255,WELLSF1,6.300284842857149,41.96415777142859,35.663872928571436
VNI-upper-20260206T1255,WELNSF1,0.9841871428571021,1.207987142857141,0.2238000000000388
VNI-upper-20260206T1255,WLWLSF1,-5.073494399999991,43.47109928571429,48.54459368571428
VNI-upper-20260206T1255,WLWLSF2,-5.073494399999991,43.47109928571429,48.54459368571428
VNI-upper-20260206T1255,WOLARSF1,14.479174914285714,59.252291057142855,44.77311614285715
VNI-upper-20260206T1255,WOODLWN1,12.031147714285717,15.247784571428575,3.2166368571428587
VNI-upper-20260206T1255,WRSF1,-1.8841371428571425,1.3548685714285713,3.239005714285714
VNI-upper-20260206T1255,WRWF1,0.0,0.0,-0.0
VNI-upper-20260206T1255,WSTWYSF1,-62.05200411428573,18.46894357142856,80.52094768571429
VNI-upper-20260206T1255,WYASF1,-36.54173845714286,8.124248685714274,44.66598714285714
VNI-upper-20260304T1555,AVLSF1,-13.587903092472997,95.90127659574469,109.48917968821769
VNI-upper-20260304T1555,BANGOWF1,-10.40281665727781,2.669673116089613,13.072489773367424
VNI-upper-20260304T1555,BANGOWF2,-3.895915543614854,0.8832127659574469,4.779128309572301
VNI-upper-20260304T1555,BHB1,1.4361702127659575,1.4361702127659575,-0.0
VNI-upper-20260304T1555,BLOWERNG,0.0,0.0,-0.0
VNI-upper-20260304T1555,BOCORWF1,0.0,0.0,-0.0
VNI-upper-20260304T1555,BOMENSF1,-28.186050407331976,0.0,28.186050407331976
VNI-upper-20260304T1555,BROKENH1,-1.0390427265242503,0.7202657841140495,1.7593085106383
VNI-upper-20260304T1555,CAPBES1,-3.024439918533605,0.0,3.024439918533605
VNI-upper-20260304T1555,COLEASF1,0.0,0.0,-0.0
VNI-upper-20260304T1555,COLWF01,-2.798706008146638,0.0,2.798706008146638
VNI-upper-20260304T1555,CROOKWF2,-19.244287169042767,2.734215885947049,21.978503054989815
VNI-upper-20260304T1555,CROOKWF3,-14.146639511201629,0.0,14.146639511201629
VNI-upper-20260304T1555,CRWASF1,25.9136666378862,42.12751647452008,16.213849836633877
VNI-upper-20260304T1555,CUSF1,87.85715409281967,89.62708757637475,1.7699334835550755
VNI-upper-20260304T1555,DARLSF1,37.0334560952464,89.89424004506651,52.86078394982012
VNI-upper-20260304T1555,DPNTB1,2.6595744680851063,2.6595744680851063,-0.0
VNI-upper-20260304T1555,FINLYSF1,0.0,0.0,-0.0
VNI-upper-20260304T1555,GESF1,0.0,0.0,-0.0
VNI-upper-20260304T1555,GOONSF1,-0.21451120162932746,0.6396130346232186,0.8541242362525461
VNI-upper-20260304T1555,GULLRSF1,-1.1534928716904276,1.2114215885947048,2.3649144602851324
VNI-upper-20260304T1555,GULLRWF1,-0.7817734419551934,0.911665885947047,1.6934393279022404
VNI-upper-20260304T1555,GULLRWF2,-4.970558309572302,0.912661853360491,5.883220162932792
VNI-upper-20260304T1555,GUNNING1,0.09765957446808506,0.09765957446808506,-0.0
VNI-upper-20260304T1555,GUTHEGA,-31.06313645621181,0.0,31.06313645621181
VNI-upper-20260304T1555,HILLSTN1,-64.67444285132383,76.4952824162586,141.16972526758244
VNI-upper-20260304T1555,HUMENSW,-0.2635170095766357,0.08902830957230098,0.3525453191489367
VNI-upper-20260304T1555,JEMALNG1,-0.6771199490835031,2.079380162932792,2.7565001120162953
VNI-upper-20260304T1555,JUNEESF1,-6.465019362406292,1.4076009574468094,7.872620319853102
VNI-upper-20260304T1555,KARSF1,0.0,0.0,-0.0
VNI-upper-20260304T1555,LIMBESS1,0.0,0.0,-0.0
VNI-upper-20260304T1555,LIMOSF11,44.73736142566194,87.37120142566192,42.63383999999998
VNI-upper-20260304T1555,LIMOSF21,4.750035812172289,10.369956822810586,5.619921010638297
VNI-upper-20260304T1555,MURRAY,0.0,0.0,-0.0
VNI-upper-20260304T1555,PARSF1,4.031894857433808,4.118707484725051,0.086812627291243
VNI-upper-20260304T1555,QBYNB1,0.0,0.0,-0.0
VNI-upper-20260304T1555,RESS1,2.659574468085107,7.9787234042553195,5.319148936170213
VNI-upper-20260304T1555,RIVNB2,7.9787234042553195,7.9787234042553195,-0.0
VNI-upper-20260304T1555,RYEPARK1,13.41634368635438,85.04455213849288,71.6282084521385
VNI-upper-20260304T1555,SEBSF1,-94.3811240629198,2.742631364562119,97.12375542748191
VNI-upper-20260304T1555,SNOWYP,0.0,0.0,-0.0
VNI-upper-20260304T1555,STWF1,-3.8510168717770927,2.341693413355289,6.192710285132382
VNI-upper-20260304T1555,SUNRSF1,-19.190260745980837,19.567785743380856,38.75804648936169
VNI-upper-20260304T1555,TUMUT3,1715.8260060081468,1715.8260060081468,-0.0
VNI-upper-20260304T1555,UPPTUMUT,218.66598778004078,218.66598778004078,-0.0
VNI-upper-20260304T1555,URANQ11,0.0,0.0,-0.0
VNI-upper-20260304T1555,URANQ12,0.0,0.0,-0.0
VNI-upper-20260304T1555,URANQ13,0.0,0.0,-0.0
VNI-upper-20260304T1555,URANQ14,0.0,0.0,-0.0
VNI-upper-20260304T1555,WAGGNSF1,-18.835288908274478,2.3978207739307535,21.23310968220523
VNI-upper-20260304T1555,WLWLSF1,9.448473832170555,9.448473832170555,-0.0
VNI-upper-20260304T1555,WLWLSF2,4.967016049529832,25.56279049486502,20.595774445335188
VNI-upper-20260304T1555,WSTWYSF1,68.39302913615288,94.51441304653983,26.121383910386964
VNI-upper-20260304T1555,WYASF1,-88.72759615672531,34.275688686354385,123.0032848430797
VNI-upper-20260304T1555,YATSF1,-0.10579787234042363,0.0,0.10579787234042363
VNI-upper-20260406T1055,AVLSF1,-14.709507978723442,816.9867686170213,831.6962765957446
VNI-upper-20260406T1055,BANGOWF1,-0.5705425531914894,4.2070797872340435,4.777622340425532
VNI-upper-20260406T1055,BANGOWF2,-1.2334893617021274,4.113063829787234,5.346553191489361
VNI-upper-20260406T1055,BHB1,35.90425531914894,35.90425531914894,-0.0
VNI-upper-20260406T1055,BLOWERNG,0.0,0.0,-0.0
VNI-upper-20260406T1055,BOMENSF1,16.609811170212755,88.93778457446808,72.32797340425532
VNI-upper-20260406T1055,BROKENH1,7.19808510638298,7.515478723404262,0.3173936170212818
VNI-upper-20260406T1055,COLEASF1,171.11411271276594,360.2529085638298,189.13879585106383
VNI-upper-20260406T1055,CRWASF1,26.509102659574474,71.5612380319149,45.05213537234042
VNI-upper-20260406T1055,CUSF1,-83.27170138297869,444.44889106382976,527.7205924468085
VNI-upper-20260406T1055,DARLSF1,270.6797606382978,893.4456914893617,622.7659308510638
VNI-upper-20260406T1055,DPNTB1,66.48936170212764,199.46808510638294,132.9787234042553
VNI-upper-20260406T1055,FINLYSF1,46.36284066489361,295.5739133776596,249.211072712766
VNI-upper-20260406T1055,GESF1,0.0,0.0,-0.0
VNI-upper-20260406T1055,GUNNING1,0.0,0.0,-0.0
VNI-upper-20260406T1055,HILLSTN1,6.1835106382978795,11.885638297872324,5.702127659574445
VNI-upper-20260406T1055,HUMENSW,0.29069808510638195,2.2328339361702083,1.9421358510638262
VNI-upper-20260406T1055,JUNEESF1,55.726977845744685,83.1488995212766,27.42192167553192
VNI-upper-20260406T1055,KARSF1,0.027988723404260174,6.477696702127659,6.449707978723399
VNI-upper-20260406T1055,LIMBESS1,185.63829787234042,185.63829787234042,-0.0
VNI-upper-20260406T1055,LIMOSF11,3.6699206382978726,261.9317955851064,258.26187494680846
VNI-upper-20260406T1055,LIMOSF21,1.57421276595745,78.0536643617021,76.47945159574466
VNI-upper-20260406T1055,MURRAY,0.0,0.0,-0.0
VNI-upper-20260406T1055,RESS1,159.57414893617022,398.93553191489355,239.36138297872338
VNI-upper-20260406T1055,RIVNB2,172.87234042553192,518.6170212765958,345.74468085106383
VNI-upper-20260406T1055,SEBSF1,78.47143085106381,263.0084807712766,184.53704992021275
VNI-upper-20260406T1055,STWF1,20.000106382978725,33.619164893617025,13.6190585106383
VNI-upper-20260406T1055,SUNRSF1,-16.707428244680848,97.03818765957452,113.74561590425537
VNI-upper-20260406T1055,URANQ11,0.0,0.0,-0.0
VNI-upper-20260406T1055,URANQ12,0.0,0.0,-0.0
VNI-upper-20260406T1055,URANQ13,0.0,0.0,-0.0
VNI-upper-20260406T1055,URANQ14,0.0,0.0,-0.0
VNI-upper-20260406T1055,WAGGNSF1,24.542038643617026,79.66288699468085,55.12084835106382
VNI-upper-20260406T1055,WLWLSF1,30.15930851063831,172.66309574468085,142.50378723404253
VNI-upper-20260406T1055,WLWLSF2,15.258922872340431,88.49542553191492,73.23650265957448
VNI-upper-20260406T1055,WSTWYSF1,92.68629255319149,506.6262369414894,413.93994438829793
VNI-upper-20260406T1055,WYASF1,60.22678571808511,195.35912481382982,135.1323390957447
VNI-upper-20260406T1055,YATSF1,-1.5765957446808527,0.07260638297872517,1.6492021276595779
VNI-upper-20260407T0925,AVLSF1,29.639069148936148,62.73611702127654,33.0970478723404
VNI-upper-20260407T0925,BANGOWF1,3.556489361702127,26.59577127659574,23.03928191489362
VNI-upper-20260407T0925,BANGOWF2,2.637819148936172,15.899978723404256,13.262159574468084
VNI-upper-20260407T0925,BHB1,0.0,0.0,-0.0
VNI-upper-20260407T0925,BLOWERNG,0.0,0.0,-0.0
VNI-upper-20260407T0925,BOMENSF1,37.27780053191489,406.45321747340427,369.1754169414894
VNI-upper-20260407T0925,BROKENH1,-11.489361702127667,217.40313829787237,228.89250000000004
VNI-upper-20260407T0925,COLEASF1,9.252633138297867,43.13893909574469,33.88630595744682
VNI-upper-20260407T0925,CRWASF1,2.4021885638297924,74.28126542553191,71.8790768617021
VNI-upper-20260407T0925,CUSF1,-483.2067740425532,470.4396289361702,953.6464029787234
VNI-upper-20260407T0925,DARLSF1,34.79598404255312,140.16101063829782,105.36502659574471
VNI-upper-20260407T0925,DPNTB1,66.48936170212765,66.48936170212765,-0.0
VNI-upper-20260407T0925,FINLYSF1,17.67309670212767,31.898863138297887,14.225766436170218
VNI-upper-20260407T0925,GESF1,0.0,0.0,-0.0
VNI-upper-20260407T0925,GUNNING1,-2.38231914893617,11.11595744680851,13.49827659574468
VNI-upper-20260407T0925,HILLSTN1,1.063829787234019,14.50797872340425,13.444148936170231
VNI-upper-20260407T0925,HUMENSW,-0.4144126595744659,2.5853993617021302,2.999812021276596
VNI-upper-20260407T0925,JUNEESF1,32.53435212765959,139.4761630851064,106.9418109574468
VNI-upper-20260407T0925,KARSF1,-11.941397553191491,14.785294148936165,26.726691702127656
VNI-upper-20260407T0925,LIMBESS1,0.0,185.63829787234042,185.63829787234042
VNI-upper-20260407T0925,LIMOSF11,47.961510638297895,110.76109042553189,62.799579787234
VNI-upper-20260407T0925,LIMOSF21,4.559276595744682,38.77612765957446,34.21685106382978
VNI-upper-20260407T0925,MURRAY,0.0,0.0,-0.0
VNI-upper-20260407T0925,RESS1,0.0,0.0,-0.0
VNI-upper-20260407T0925,RIVNB2,172.87234042553192,172.87234042553192,-0.0
VNI-upper-20260407T0925,SEBSF1,-46.76704484042551,188.80333148936168,235.57037632978722
VNI-upper-20260407T0925,STWF1,-90.74542021276595,119.26948404255319,210.01490425531915
VNI-upper-20260407T0925,SUNRSF1,13.887601063829806,226.47738680851066,212.5897857446809
VNI-upper-20260407T0925,URANQ11,0.0,0.0,-0.0
VNI-upper-20260407T0925,URANQ12,0.0,0.0,-0.0
VNI-upper-20260407T0925,URANQ13,0.0,0.0,-0.0
VNI-upper-20260407T0925,URANQ14,0.0,0.0,-0.0
VNI-upper-20260407T0925,WAGGNSF1,-2.6844661436170294,112.28354720744682,114.96801335106386
VNI-upper-20260407T0925,WLWLSF1,-33.47075840425532,0.0,33.47075840425532
VNI-upper-20260407T0925,WLWLSF2,-33.47075840425532,0.0,33.47075840425532
VNI-upper-20260407T0925,WSTWYSF1,111.11981154255324,251.5305543351064,140.41074279255315
VNI-upper-20260407T0925,WYASF1,68.39126585106384,130.71049819148936,62.31923234042553
VNI-upper-20260407T0925,YATSF1,-7.941893617021279,29.328414893617015,37.27030851063829
VNI-upper-20260504T0845,AVLSF1,25.054627659574493,282.38063829787234,257.3260106382979
VNI-upper-20260504T0845,BANGOWF1,-2.89692712765957,23.05112255319148,25.94804968085105
VNI-upper-20260504T0845,BANGOWF2,-7.577148936170212,12.646489361702129,20.22363829787234
VNI-upper-20260504T0845,BHB1,0.0,0.0,-0.0
VNI-upper-20260504T0845,BLOWERNG,0.0,0.0,-0.0
VNI-upper-20260504T0845,BOMENSF1,125.64868882978725,294.5787845744681,168.93009574468087
VNI-upper-20260504T0845,BROKENH1,34.689255319148934,34.689255319148934,-0.0
VNI-upper-20260504T0845,COLEASF1,255.70988382978726,376.11455781914896,120.4046739893617
VNI-upper-20260504T0845,CRWASF1,26.561968085106386,66.19164893617021,39.629680851063824
VNI-upper-20260504T0845,CUSF1,74.85948936170213,204.13809574468084,129.27860638297875
VNI-upper-20260504T0845,DARLSF1,192.5873670212766,219.0630319148936,26.475664893617
VNI-upper-20260504T0845,DPNTB1,0.0,0.0,-0.0
VNI-upper-20260504T0845,FINLYSF1,109.4841172606383,257.56847319148943,148.0843559308511
VNI-upper-20260504T0845,GESF1,38.677191489361704,167.97438297872338,129.2971914893617
VNI-upper-20260504T0845,GUNNING1,-7.227957446808508,9.814212765957446,17.042170212765953
VNI-upper-20260504T0845,HILLSTN1,126.72872340425533,229.48138297872342,102.75265957446808
VNI-upper-20260504T0845,HUMENSW,-4.298684361702128,4.181142446808516,8.479826808510644
VNI-upper-20260504T0845,JUNEESF1,5.615844335106383,11.54655335106383,5.930709015957445
VNI-upper-20260504T0845,KARSF1,13.344484787234045,14.151639574468081,0.8071547872340399
VNI-upper-20260504T0845,LIMBESS1,0.0,0.0,-0.0
VNI-upper-20260504T0845,LIMOSF11,44.194909574468085,81.06399356382977,36.8690839893617
VNI-upper-20260504T0845,LIMOSF21,11.192132978723404,27.069758031914894,15.877625053191494
VNI-upper-20260504T0845,MURRAY,0.0,0.0,-0.0
VNI-upper-20260504T0845,RESS1,0.0,0.0,-0.0
VNI-upper-20260504T0845,RIVNB2,0.0,0.0,-0.0
VNI-upper-20260504T0845,SEBSF1,66.37930851063828,122.5794574468085,56.20014893617021
VNI-upper-20260504T0845,STWF1,-28.579787234042552,19.317063829787237,47.8968510638298
VNI-upper-20260504T0845,SUNRSF1,65.4467819148936,80.45820010638298,15.011418191489371
VNI-upper-20260504T0845,URANQ11,0.0,0.0,-0.0
VNI-upper-20260504T0845,URANQ12,0.0,0.0,-0.0
VNI-upper-20260504T0845,URANQ13,0.0,0.0,-0.0
VNI-upper-20260504T0845,URANQ14,0.0,0.0,-0.0
VNI-upper-20260504T0845,WAGGNSF1,77.19891103723405,123.63768047872342,46.43876944148937
VNI-upper-20260504T0845,WLWLSF1,19.930452127659585,103.21654255319152,83.28609042553192
VNI-upper-20260504T0845,WLWLSF2,0.0,0.0,-0.0
VNI-upper-20260504T0845,WSTWYSF1,95.43586436170212,190.32231382978725,94.88644946808512
VNI-upper-20260504T0845,WYASF1,52.10950531914894,81.44985893617022,29.34035361702128
VNI-upper-20260504T0845,YATSF1,10.07776595744681,10.634553191489362,0.5567872340425527
VNI-upper-20260714T1430,AVLSF1,25.117499999999986,139.15482712765953,114.03732712765955
VNI-upper-20260714T1430,BANGOWF1,-4.674473404255323,0.0,4.674473404255324
VNI-upper-20260714T1430,BANGOWF2,2.028595744680849,3.4748297872340403,1.4462340425531917
VNI-upper-20260714T1430,BHB1,-1.4361702127659575,1.4361702127659575,2.872340425531915
VNI-upper-20260714T1430,BLOWERNG,0.0,0.0,-0.0
VNI-upper-20260714T1430,BOMENSF1,-10.646362021276603,40.30155534574469,50.94791736702129
VNI-upper-20260714T1430,BROKENH1,5.265000000000001,59.02515957446809,53.76015957446809
VNI-upper-20260714T1430,COLEASF1,-95.41054398936174,0.0,95.41054398936174
VNI-upper-20260714T1430,CRWASF1,34.91067686170213,34.91067686170213,-0.0
VNI-upper-20260714T1430,CUSF1,347.3610744680851,348.8015106382978,1.440436170212708
VNI-upper-20260714T1430,DARLSF1,400.47904255319145,411.8950531914893,11.416010638297854
VNI-upper-20260714T1430,DPNTB1,0.0,0.0,-0.0
VNI-upper-20260714T1430,FINLYSF1,30.092553191489365,45.73502058510639,15.642467393617023
VNI-upper-20260714T1430,GESF1,-67.89991489361702,0.0,67.89991489361702
VNI-upper-20260714T1430,GUNNING1,-0.06663829787234021,1.8348510638297886,1.9014893617021287
VNI-upper-20260714T1430,HILLSTN1,-35.84840425531915,21.74468085106383,57.593085106382986
VNI-upper-20260714T1430,HUMENSW,0.0,0.0,-0.0
VNI-upper-20260714T1430,JUNEESF1,-11.5581410106383,14.085024973404254,25.643165984042554
VNI-upper-20260714T1430,KARSF1,1.1315269148936187,1.565281595744682,0.43375468085106317
VNI-upper-20260714T1430,LIMBESS1,0.0,0.0,-0.0
VNI-upper-20260714T1430,LIMOSF11,-91.77214893617021,20.134329787234048,111.90647872340426
VNI-upper-20260714T1430,LIMOSF21,-16.40485638297872,21.72153723404255,38.12639361702127
VNI-upper-20260714T1430,MULWASF1,0.0,0.0,-0.0
VNI-upper-20260714T1430,MURRAY,0.0,0.0,-0.0
VNI-upper-20260714T1430,RESS1,0.0,0.0,-0.0
VNI-upper-20260714T1430,RIVNB2,0.0,0.0,-0.0
VNI-upper-20260714T1430,SEBSF1,117.961875,117.961875,-0.0
VNI-upper-20260714T1430,STWF1,0.8540904255319148,5.6698563829787245,4.815765957446811
VNI-upper-20260714T1430,SUNRSF1,39.32155154255318,66.49224111702128,27.170689574468103
VNI-upper-20260714T1430,URANQ11,0.0,0.0,-0.0
VNI-upper-20260714T1430,URANQ12,0.0,0.0,-0.0
VNI-upper-20260714T1430,URANQ13,0.0,0.0,-0.0
VNI-upper-20260714T1430,URANQ14,0.0,0.0,-0.0
VNI-upper-20260714T1430,WAGGNSF1,40.9291619680851,69.37157186170212,28.442409893617025
VNI-upper-20260714T1430,WLWLSF1,52.24098404255319,52.926422872340424,0.6854388297872401
VNI-upper-20260714T1430,WLWLSF2,98.81918882978724,98.81918882978722,-0.0
VNI-upper-20260714T1430,WSTWYSF1,-48.94370178191489,6.515810904255323,55.459512686170214
VNI-upper-20260714T1430,WYASF1,10.752174335106384,19.007033218085105,8.254858882978722
VNI-upper-20260714T1430,YATSF1,-0.19790425531914757,0.4007872340425536,0.5986914893617012
VNI-upper-20260722T2335,ARWF1,-7.77602592,4.175146079999999,11.951172
VNI-upper-20260722T2335,BALB1,1.0422993599999995,22.464,21.421700639999997
VNI-upper-20260722T2335,BALDHWF1,6.250175999999995,38.22811199999999,31.977936
VNI-upper-20260722T2335,BANN1,0.0,0.0,-0.0
VNI-upper-20260722T2335,BRYB1WF1,-13.608432000000002,22.54953600000001,36.15796800000001
VNI-upper-20260722T2335,BRYB2WF2,-5.790095999999998,12.108096000000003,17.898191999999998
VNI-upper-20260722T2335,BULBES1,8.64,9.504,0.864
VNI-upper-20260722T2335,BULGANA1,3.333407040000001,13.674804479999997,10.341397439999996
VNI-upper-20260722T2335,CHYTWF1,-1.2959999999999998,6.143040000000001,7.43904
VNI-upper-20260722T2335,COHUNSF1,0.0,0.0,-0.0
VNI-upper-20260722T2335,CROWLWF1,-3.4428283200000003,5.3988552,8.841683520000002
VNI-upper-20260722T2335,DARTM1,0.0,0.0,-0.0
VNI-upper-20260722T2335,ELAINWF1,-1.1637129599999998,10.824395040000002,11.988108
VNI-upper-20260722T2335,GANNB1,10.8,31.536,20.735999999999997
VNI-upper-20260722T2335,GANNSF1,0.0,0.0,-0.0
VNI-upper-20260722T2335,GIRGSF,0.0,0.0,-0.0
VNI-upper-20260722T2335,GLENSF1,0.0,0.0,-0.0
VNI-upper-20260722T2335,GLRWNSF1,0.0,0.0,-0.0
VNI-upper-20260722T2335,HBESS1,0.0,0.0,-0.0
VNI-upper-20260722T2335,HD1WF1,-10.770192,13.124159999999998,23.894351999999998
VNI-upper-20260722T2335,KARSF1,0.0,0.0,-0.0
VNI-upper-20260722T2335,KERNGSP1,0.0,0.0,-0.0
VNI-upper-20260722T2335,KESSB1,0.0,0.0,-0.0
VNI-upper-20260722T2335,KIAMSF1,0.0,0.0,-0.0
VNI-upper-20260722T2335,KIATAWF1,-4.2977951999999995,8.547552,12.845347199999999
VNI-upper-20260722T2335,LANCSF1,0.0,0.0,-0.0
VNI-upper-20260722T2335,MACARTH1,-15.811199999999996,43.4592,59.2704
VNI-upper-20260722T2335,MCKAY1,268.8,268.79999999999995,-0.0
VNI-upper-20260722T2335,MERCER01,-4.752000000000002,8.467199999999998,13.219199999999999
VNI-upper-20260722T2335,MOKOSF1,0.0,0.0,-0.0
VNI-upper-20260722T2335,MOORAWF1,-29.83293936,15.200671679999994,45.03361104
VNI-upper-20260722T2335,MRNBESS1,0.0,0.0,-0.0
VNI-upper-20260722T2335,MRTLSWF1,-2.267295840000001,35.14724784,37.41454368
VNI-upper-20260722T2335,MTGELWF1,-9.97812,12.15495504,22.133075040000005
VNI-upper-20260722T2335,MURRAY,506.97,613.0799999999999,106.11000000000001
VNI-upper-20260722T2335,MUWAWF1,-53.965439999999994,18.91728,72.88271999999999
VNI-upper-20260722T2335,MUWAWF2,-37.7568,4.881600000000001,42.63839999999999
VNI-upper-20260722T2335,NUMURSF1,0.0,0.0,-0.0
VNI-upper-20260722T2335,OAKLAND1,-1.5552000000000006,6.047999999999998,7.603200000000001
VNI-upper-20260722T2335,PIBESS1,1.296,1.296,-0.0
VNI-upper-20260722T2335,RANGEB1,0.0,0.0,-0.0
VNI-upper-20260722T2335,RYANCWF1,1.8489600000000008,62.436960000000006,60.588
VNI-upper-20260722T2335,SALTCRK1,-0.6498576000000001,7.9486272,8.598484800000001
VNI-upper-20260722T2335,TRGBESS1,0.0,0.0,-0.0
VNI-upper-20260722T2335,VBB1,0.0,0.0,-0.0
VNI-upper-20260722T2335,WEMENSF1,0.0,0.0,-0.0
VNI-upper-20260722T2335,WINTSF1,0.0,0.0,-0.0
VNI-upper-20260722T2335,WKIEWA1,8.96,8.96,-0.0
VNI-upper-20260722T2335,WUNUSF1,0.0,0.0,-0.0
VNI-upper-20260722T2335,YATSF1,0.0,0.0,-0.0
VNI-upper-20260722T2335,YENDWF1,-7.80326352,13.56535296,21.368616480000004
VNI-upper-20260722T2335,YWPS2,0.0,0.0,-0.0
VNI-upper-20260722T2335,YWPS3,-7.199999999999999,0.0,7.199999999999999
VNI-upper-20260722T2335,YWPS4,0.0,0.0,-0.0
VNI-upper-20260801T1320,AVLSF1,22.18083776595748,22.18083776595748,-0.0
VNI-upper-20260801T1320,BANGOWF1,2.5260744680851066,3.3437446808510636,0.8176702127659572
VNI-upper-20260801T1320,BANGOWF2,-0.4238776595744681,2.614718085106383,3.038595744680851
VNI-upper-20260801T1320,BHB1,56.01063829787234,56.01063829787234,-0.0
VNI-upper-20260801T1320,BLOWERNG,0.0,0.0,-0.0
VNI-upper-20260801T1320,BOMENSF1,95.04335736702129,159.5189432712766,64.47558590425533
VNI-upper-20260801T1320,BROKENH1,-1.1489361702127618,0.0,1.1489361702127618
VNI-upper-20260801T1320,COLEASF1,7.930851063829788,22.470718244680842,14.539867180851058
VNI-upper-20260801T1320,CRWASF1,-0.08224946808510747,39.57563058510639,39.65788005319149
VNI-upper-20260801T1320,CUSF1,-297.3707263829787,369.2333958510638,666.6041222340425
VNI-upper-20260801T1320,DARLSF1,15.191409574468107,15.191409574468105,-0.0
VNI-upper-20260801T1320,DPNTB1,0.0,0.0,-0.0
VNI-upper-20260801T1320,FINLYSF1,4.407508191489351,13.365368670212767,8.957860478723415
VNI-upper-20260801T1320,GESF1,24.538553191489356,257.68221276595744,233.14365957446807
VNI-upper-20260801T1320,GUNNING1,1.5924255319148937,1.5924255319148937,-0.0
VNI-upper-20260801T1320,HILLSTN1,4.86702127659574,6.170212765957428,1.3031914893616885
VNI-upper-20260801T1320,HUMENSW,0.0,0.0,-0.0
VNI-upper-20260801T1320,JUNEESF1,38.16605457446809,59.4739125,21.30785792553191
VNI-upper-20260801T1320,KARSF1,0.5393658510638297,1.6180892553191497,1.0787234042553198
VNI-upper-20260801T1320,LIMBESS1,278.4574468085106,371.27659574468083,92.81914893617021
VNI-upper-20260801T1320,LIMOSF11,3.8705585106382596,3.8705585106382596,-0.0
VNI-upper-20260801T1320,LIMOSF21,0.0,0.0,-0.0
VNI-upper-20260801T1320,MULWASF1,0.0,0.0,-0.0
VNI-upper-20260801T1320,MURRAY,0.0,0.0,-0.0
VNI-upper-20260801T1320,RESS1,0.0,79.7872340425532,79.7872340425532
VNI-upper-20260801T1320,RIVNB2,0.0,0.0,-0.0
VNI-upper-20260801T1320,SEBSF1,134.95937329787233,189.0328870212766,54.073513723404254
VNI-upper-20260801T1320,STWF1,0.0,4.712218085106383,4.712218085106383
VNI-upper-20260801T1320,SUNRSF1,1.8526702127659396,1.8526702127659396,-0.0
VNI-upper-20260801T1320,URANQ11,0.0,0.0,-0.0
VNI-upper-20260801T1320,URANQ12,0.0,0.0,-0.0
VNI-upper-20260801T1320,URANQ13,0.0,0.0,-0.0
VNI-upper-20260801T1320,URANQ14,0.0,0.0,-0.0
VNI-upper-20260801T1320,WAGGNSF1,61.513415505319145,90.35262781914894,28.83921231382979
VNI-upper-20260801T1320,WLWLSF1,-181.0868436968085,47.36044867021277,228.44729236702128
VNI-upper-20260801T1320,WLWLSF2,-182.78462295212768,49.61712420212768,232.4017471542554
VNI-upper-20260801T1320,WSTWYSF1,112.94531744680852,167.01883117021276,54.073513723404254
VNI-upper-20260801T1320,WYASF1,87.91444938829788,119.75773747340426,31.843288085106384
VNI-upper-20260801T1320,YATSF1,0.07053191489361772,0.09542553191489525,0.02489361702127754
