event_id,constraint,version_key,equation,description,limit_type,exact_version,Z_note
VNI-lower-20240904T2110,V>>NIL_ELML_BAML2,V>>NIL_ELML_BAML2|2024-09-04|1,-0.0795 * F_VIC_to_NSW +0.338 * P[NBK11B] +0.338 * P[NBKB3B] +0.338 * P[NBKW1S] +0.24 * P[NBL21L] +0.24 * P[NBSF1L] +0.24 * P[NBSF2S] +0.0738 * P[NMUR8] +0.648 * P[VART1A] +0.653 * P[VBA21B] -0.653 * P[VBA22B] +0.653 * P[VBA23B] +0.652 * P[VBAW1Y] +0.542 * P[VBBT1B] +0.542 * P[VBBT2B] +0.633 * P[VBGT1B] +0.633 * P[VBGT2B] -0.633 * P[VBGT3B] +0.633 * P[VBGT4B] +0.643 * P[VCWL1C] +1 * P[VELT3E] +0.0765 * P[VDPS] +1 * P[VELT1M] +1 * P[VELT2M] +0.136 * P[VGN21G] +0.136 * P[VGNS1G] +0.136 * P[VGNS2W] +0.143 * P[VGTW1M] +0.596 * P[VHOG1K] +0.0718 * P[VHUM] +0.449 * P[VKGB1G] -0.449 * P[VKGB2G] +0.449 * P[VKGB3G] +0.449 * P[VKGS1G] +0.449 * P[VKGS2C] +0.523 * P[VKMT1K] +0.0765 * P[VMKP1] +0.571 * P[VMRT1M] +0.571 * P[VMRT2M] +0.433 * P[VRCS1K] +0.433 * P[VRCS2Y] +0.184 * P[VSHS1N] +0.184 * P[VSHS2G] +0.184 * P[VSHS2W] +0.381 * P[VTG21M] +0.357 * P[VTG61S] +0.357 * P[VTGT3A] +0.437 * P[VWES1B] +0.437 * P[VWES2W] +0.0765 * P[VWKP1] +0.0765 * P[VWKP2] -0.433 * F[V-S-MNSP1] + Z_unrepresented <= RHS(t),"Out= Nil, avoid O/L Elaine to Moorabool 220kV line on trip of Ballarat to Moorabool No.2 220kV line, Feedback",Thermal,True,Z includes unsupported non-energy/region terms if present; not assumed zero
VNI-lower-20240904T2110,N^^V_NIL_ARWBBA,N^^V_NIL_ARWBBA|2024-09-04|1,-1 * F_VIC_to_NSW -1 * P[NBK11B] -1 * P[NBKB3B] -1 * P[NBKW1S] -0.502 * P[NBL21L] -0.502 * P[NBSF1L] -0.502 * P[NBSF2S] -0.0901 * P[NCKW1C] -0.502 * P[NCLS1C] -0.0901 * P[NCWF2W] -0.502 * P[NDNS1D] -0.502 * P[NFNS1F] -0.0901 * P[NGUR1G] -0.0901 * P[NGUR2G] -0.0901 * P[NGUR3G] +0.392 * P[NLTS3] -0.392 * P[NLTS8] -0.0901 * P[NMR22T] +0.307 * P[NMUR8] -0.502 * P[NURQ1U] -0.502 * P[NURQ2U] -0.502 * P[NURQ3U] -0.502 * P[NURQ4U] -0.436 * P[NUTS8] -0.0901 * P[NYS12A] +0.867 * P[VART1A] +0.867 * P[VBGT1B] +0.867 * P[VCWL1C] +0.867 * P[VMRT1M] +0.867 * P[VMRT2M] + Z_unrepresented <= RHS(t),"Out = Nil, avoid voltage collapse in southern NSW for loss of Ballarat to Waubra to Ararat 220kV lines (this also trips Waubra, Ararat and Crowlands, Bulgana and Murra Warra WFs)",Voltage Stability,True,Z includes unsupported non-energy/region terms if present; not assumed zero
VNI-lower-20241019T0945,NRM_NSW1_VIC1,NRM_NSW1_VIC1|2020-09-23|1,unknown IC factor * F + Z_unrepresented nan RHS(t),,,False,Z includes unsupported non-energy/region terms if present; not assumed zero
VNI-lower-20241019T0945,N^^V_CTMN_1,N^^V_CTMN_1|2024-09-05|1,-1 * F_VIC_to_NSW -0.715 * P[NBK11B] -0.715 * P[NBKB3B] -0.715 * P[NBKW1S] -0.38 * P[NBL21L] -0.38 * P[NBSF1L] -0.38 * P[NBSF2S] -0.118 * P[NCKW1C] -0.38 * P[NCLS1C] -0.118 * P[NCWF2W] -0.38 * P[NDNS1D] -0.38 * P[NFNS1F] -0.118 * P[NGUR1G] -0.118 * P[NGUR2G] +0.39 * P[NLTS3] -0.39 * P[NLTS8] -0.118 * P[NMR22T] +0.483 * P[NMUR8] -0.491 * P[NURQ1U] -0.491 * P[NURQ2U] -0.491 * P[NURQ3U] -0.491 * P[NURQ4U] -0.598 * P[NUTS8] -0.118 * P[NWL21W] -0.118 * P[NWLA1W] -0.118 * P[NYS12A] +0.245 * P[VMKP1] -0.119 * F[V-S-MNSP1] + Z_unrepresented <= RHS(t),"Out = Collector - Marulan (4) or Collector - Yass (3L) or Marulan - Yass (5), avoid voltage collapse at Southern NSW for loss of the largest Vic generating unit or Basslink",Voltage Stability,True,Z includes unsupported non-energy/region terms if present; not assumed zero
VNI-lower-20241028T1535,N^^V_NIL_1,N^^V_NIL_1|2024-09-05|1,-1 * F_VIC_to_NSW -0.715 * P[NBK11B] -0.715 * P[NBKB3B] -0.715 * P[NBKW1S] -0.38 * P[NBL21L] -0.38 * P[NBSF1L] -0.38 * P[NBSF2S] -0.118 * P[NCKW1C] -0.38 * P[NCLS1C] -0.118 * P[NCWF2W] -0.118 * P[NGUR2G] -0.38 * P[NDNS1D] -0.38 * P[NFNS1F] -0.118 * P[NGUR1G] +0.39 * P[NLTS3] -0.39 * P[NLTS8] -0.118 * P[NMR22T] +0.483 * P[NMUR8] -0.491 * P[NURQ1U] -0.491 * P[NURQ2U] -0.491 * P[NURQ3U] -0.491 * P[NURQ4U] -0.598 * P[NUTS8] -0.118 * P[NWL21W] -0.118 * P[NWLA1W] -0.118 * P[NYS12A] +0.245 * P[VMKP1] -0.119 * F[V-S-MNSP1] + Z_unrepresented <= RHS(t),"Out = Nil, avoid voltage collapse at Southern NSW for loss of the largest Vic generating unit or Basslink",Voltage Stability,True,Z includes unsupported non-energy/region terms if present; not assumed zero
VNI-lower-20241028T1535,NRM_NSW1_VIC1,NRM_NSW1_VIC1|2020-09-23|1,unknown IC factor * F + Z_unrepresented nan RHS(t),,,False,Z includes unsupported non-energy/region terms if present; not assumed zero
VNI-lower-20241028T1535,N^^V_CTMN_1,N^^V_CTMN_1|2024-09-05|1,-1 * F_VIC_to_NSW -0.715 * P[NBK11B] -0.715 * P[NBKB3B] -0.715 * P[NBKW1S] -0.38 * P[NBL21L] -0.38 * P[NBSF1L] -0.38 * P[NBSF2S] -0.118 * P[NCKW1C] -0.38 * P[NCLS1C] -0.118 * P[NCWF2W] -0.38 * P[NDNS1D] -0.38 * P[NFNS1F] -0.118 * P[NGUR1G] -0.118 * P[NGUR2G] +0.39 * P[NLTS3] -0.39 * P[NLTS8] -0.118 * P[NMR22T] +0.483 * P[NMUR8] -0.491 * P[NURQ1U] -0.491 * P[NURQ2U] -0.491 * P[NURQ3U] -0.491 * P[NURQ4U] -0.598 * P[NUTS8] -0.118 * P[NWL21W] -0.118 * P[NWLA1W] -0.118 * P[NYS12A] +0.245 * P[VMKP1] -0.119 * F[V-S-MNSP1] + Z_unrepresented <= RHS(t),"Out = Collector - Marulan (4) or Collector - Yass (3L) or Marulan - Yass (5), avoid voltage collapse at Southern NSW for loss of the largest Vic generating unit or Basslink",Voltage Stability,True,Z includes unsupported non-energy/region terms if present; not assumed zero
VNI-lower-20241106T1655,N^^V_NIL_ARWBBA,N^^V_NIL_ARWBBA|2024-09-05|1,-1 * F_VIC_to_NSW -1 * P[NBK11B] -1 * P[NBKB3B] -1 * P[NBKW1S] -0.502 * P[NBL21L] -0.502 * P[NBSF1L] -0.502 * P[NBSF2S] -0.502 * P[NDNS1D] -0.0901 * P[NCKW1C] -0.502 * P[NCLS1C] -0.0901 * P[NCWF2W] -0.502 * P[NFNS1F] -0.0901 * P[NGUR1G] -0.0901 * P[NGUR2G] -0.0901 * P[NGUR3G] +0.392 * P[NLTS3] -0.392 * P[NLTS8] -0.0901 * P[NMR22T] +0.307 * P[NMUR8] -0.502 * P[NURQ1U] -0.502 * P[NURQ2U] -0.502 * P[NURQ3U] -0.502 * P[NURQ4U] -0.436 * P[NUTS8] -0.0901 * P[NWL21W] -0.0901 * P[NWLA1W] -0.0901 * P[NYS12A] +0.867 * P[VART1A] +0.867 * P[VBGT1B] +0.867 * P[VCWL1C] +0.867 * P[VMRT1M] +0.867 * P[VMRT2M] + Z_unrepresented <= RHS(t),"Out = Nil, avoid voltage collapse in southern NSW for loss of Ballarat to Waubra to Ararat 220kV lines (this also trips Waubra, Ararat and Crowlands, Bulgana and Murra Warra WFs)",Voltage Stability,True,Z includes unsupported non-energy/region terms if present; not assumed zero
VNI-lower-20241106T1655,V>>BDBU_ELML_BAML2,V>>BDBU_ELML_BAML2|2024-10-31|1,-0.0795 * F_VIC_to_NSW +0.338 * P[NBK11B] +0.338 * P[NBKB3B] +0.338 * P[NBKW1S] +0.24 * P[NBL21L] +0.24 * P[NBSF1L] +0.24 * P[NBSF2S] +0.648 * P[VART1A] +0.653 * P[VBA23B] +0.652 * P[VBAW1Y] +0.542 * P[VBBT1B] +0.542 * P[VBBT2B] +0.633 * P[VBGT1B] +0.633 * P[VBGT4B] +0.643 * P[VCWL1C] +0.0765 * P[VDPS] +1 * P[VELT1M] +1 * P[VELT2M] +1 * P[VELT3E] +0.136 * P[VGN21G] +0.136 * P[VGN61M] +0.136 * P[VGNS1G] +0.136 * P[VGNS2W] +0.143 * P[VGTW1M] +0.596 * P[VHOG1K] +0.449 * P[VKGB3G] +0.449 * P[VKGP1K] +0.449 * P[VKGS1G] +0.449 * P[VKGS2C] +0.523 * P[VKMT1K] +0.0765 * P[VMKP1] +0.571 * P[VMRT1M] +0.571 * P[VMRT2M] +0.433 * P[VRCS1K] +0.433 * P[VRCS2Y] +0.184 * P[VSHS1N] +0.184 * P[VSHS2G] +0.184 * P[VSHS2W] +0.381 * P[VTG21M] +0.357 * P[VTG61S] +0.357 * P[VTGT3A] +0.437 * P[VWES1B] +0.437 * P[VWES2W] +0.0765 * P[VWKP1] +0.0765 * P[VWKP2] -0.433 * F[V-S-MNSP1] + Z_unrepresented <= RHS(t),"Out = Bundey to Buronga (6F) 330kV line, avoid O/L Elaine to Moorabool 220kV line on trip of Ballarat to Moorabool No.2 220kV line, Feedback",Thermal,True,Z includes unsupported non-energy/region terms if present; not assumed zero
VNI-lower-20241201T1420,N^^V_NIL_1,N^^V_NIL_1|2024-09-05|1,-1 * F_VIC_to_NSW -0.715 * P[NBK11B] -0.715 * P[NBKB3B] -0.715 * P[NBKW1S] -0.38 * P[NBL21L] -0.38 * P[NBSF1L] -0.38 * P[NBSF2S] -0.118 * P[NCKW1C] -0.38 * P[NCLS1C] -0.118 * P[NCWF2W] -0.118 * P[NGUR2G] -0.38 * P[NDNS1D] -0.38 * P[NFNS1F] -0.118 * P[NGUR1G] +0.39 * P[NLTS3] -0.39 * P[NLTS8] -0.118 * P[NMR22T] +0.483 * P[NMUR8] -0.491 * P[NURQ1U] -0.491 * P[NURQ2U] -0.491 * P[NURQ3U] -0.491 * P[NURQ4U] -0.598 * P[NUTS8] -0.118 * P[NWL21W] -0.118 * P[NWLA1W] -0.118 * P[NYS12A] +0.245 * P[VMKP1] -0.119 * F[V-S-MNSP1] + Z_unrepresented <= RHS(t),"Out = Nil, avoid voltage collapse at Southern NSW for loss of the largest Vic generating unit or Basslink",Voltage Stability,True,Z includes unsupported non-energy/region terms if present; not assumed zero
VNI-lower-20241201T1420,V>>BDBU_ELML_BAML2,V>>BDBU_ELML_BAML2|2024-10-31|1,-0.0795 * F_VIC_to_NSW +0.338 * P[NBK11B] +0.338 * P[NBKB3B] +0.338 * P[NBKW1S] +0.24 * P[NBL21L] +0.24 * P[NBSF1L] +0.24 * P[NBSF2S] +0.648 * P[VART1A] +0.653 * P[VBA23B] +0.652 * P[VBAW1Y] +0.542 * P[VBBT1B] +0.542 * P[VBBT2B] +0.633 * P[VBGT1B] +0.633 * P[VBGT4B] +0.643 * P[VCWL1C] +0.0765 * P[VDPS] +1 * P[VELT1M] +1 * P[VELT2M] +1 * P[VELT3E] +0.136 * P[VGN21G] +0.136 * P[VGN61M] +0.136 * P[VGNS1G] +0.136 * P[VGNS2W] +0.143 * P[VGTW1M] +0.596 * P[VHOG1K] +0.449 * P[VKGB3G] +0.449 * P[VKGP1K] +0.449 * P[VKGS1G] +0.449 * P[VKGS2C] +0.523 * P[VKMT1K] +0.0765 * P[VMKP1] +0.571 * P[VMRT1M] +0.571 * P[VMRT2M] +0.433 * P[VRCS1K] +0.433 * P[VRCS2Y] +0.184 * P[VSHS1N] +0.184 * P[VSHS2G] +0.184 * P[VSHS2W] +0.381 * P[VTG21M] +0.357 * P[VTG61S] +0.357 * P[VTGT3A] +0.437 * P[VWES1B] +0.437 * P[VWES2W] +0.0765 * P[VWKP1] +0.0765 * P[VWKP2] -0.433 * F[V-S-MNSP1] + Z_unrepresented <= RHS(t),"Out = Bundey to Buronga (6F) 330kV line, avoid O/L Elaine to Moorabool 220kV line on trip of Ballarat to Moorabool No.2 220kV line, Feedback",Thermal,True,Z includes unsupported non-energy/region terms if present; not assumed zero
VNI-lower-20241220T0910,NRM_NSW1_VIC1,NRM_NSW1_VIC1|2020-09-23|1,unknown IC factor * F + Z_unrepresented nan RHS(t),,,False,Z includes unsupported non-energy/region terms if present; not assumed zero
VNI-lower-20250115T1955,N^^V_NIL_ARWBBA,N^^V_NIL_ARWBBA|2024-09-05|1,-1 * F_VIC_to_NSW -1 * P[NBK11B] -1 * P[NBKB3B] -1 * P[NBKW1S] -0.502 * P[NBL21L] -0.502 * P[NBSF1L] -0.502 * P[NBSF2S] -0.502 * P[NDNS1D] -0.0901 * P[NCKW1C] -0.502 * P[NCLS1C] -0.0901 * P[NCWF2W] -0.502 * P[NFNS1F] -0.0901 * P[NGUR1G] -0.0901 * P[NGUR2G] -0.0901 * P[NGUR3G] +0.392 * P[NLTS3] -0.392 * P[NLTS8] -0.0901 * P[NMR22T] +0.307 * P[NMUR8] -0.502 * P[NURQ1U] -0.502 * P[NURQ2U] -0.502 * P[NURQ3U] -0.502 * P[NURQ4U] -0.436 * P[NUTS8] -0.0901 * P[NWL21W] -0.0901 * P[NWLA1W] -0.0901 * P[NYS12A] +0.867 * P[VART1A] +0.867 * P[VBGT1B] +0.867 * P[VCWL1C] +0.867 * P[VMRT1M] +0.867 * P[VMRT2M] + Z_unrepresented <= RHS(t),"Out = Nil, avoid voltage collapse in southern NSW for loss of Ballarat to Waubra to Ararat 220kV lines (this also trips Waubra, Ararat and Crowlands, Bulgana and Murra Warra WFs)",Voltage Stability,True,Z includes unsupported non-energy/region terms if present; not assumed zero
VNI-lower-20250115T1955,V>>BDBU_ELML_BAML2,V>>BDBU_ELML_BAML2|2024-10-31|1,-0.0795 * F_VIC_to_NSW +0.338 * P[NBK11B] +0.338 * P[NBKB3B] +0.338 * P[NBKW1S] +0.24 * P[NBL21L] +0.24 * P[NBSF1L] +0.24 * P[NBSF2S] +0.648 * P[VART1A] +0.653 * P[VBA23B] +0.652 * P[VBAW1Y] +0.542 * P[VBBT1B] +0.542 * P[VBBT2B] +0.633 * P[VBGT1B] +0.633 * P[VBGT4B] +0.643 * P[VCWL1C] +0.0765 * P[VDPS] +1 * P[VELT1M] +1 * P[VELT2M] +1 * P[VELT3E] +0.136 * P[VGN21G] +0.136 * P[VGN61M] +0.136 * P[VGNS1G] +0.136 * P[VGNS2W] +0.143 * P[VGTW1M] +0.596 * P[VHOG1K] +0.449 * P[VKGB3G] +0.449 * P[VKGP1K] +0.449 * P[VKGS1G] +0.449 * P[VKGS2C] +0.523 * P[VKMT1K] +0.0765 * P[VMKP1] +0.571 * P[VMRT1M] +0.571 * P[VMRT2M] +0.433 * P[VRCS1K] +0.433 * P[VRCS2Y] +0.184 * P[VSHS1N] +0.184 * P[VSHS2G] +0.184 * P[VSHS2W] +0.381 * P[VTG21M] +0.357 * P[VTG61S] +0.357 * P[VTGT3A] +0.437 * P[VWES1B] +0.437 * P[VWES2W] +0.0765 * P[VWKP1] +0.0765 * P[VWKP2] -0.433 * F[V-S-MNSP1] + Z_unrepresented <= RHS(t),"Out = Bundey to Buronga (6F) 330kV line, avoid O/L Elaine to Moorabool 220kV line on trip of Ballarat to Moorabool No.2 220kV line, Feedback",Thermal,True,Z includes unsupported non-energy/region terms if present; not assumed zero
VNI-lower-20250115T1955,N>>66_060_65_S,N>>66_060_65_S|2024-12-12|1,-0.973 * F_VIC_to_NSW -0.653 * P[NBK11B] -0.653 * P[NBKB3B] -0.653 * P[NBKW1S] -0.456 * P[NBL21L] -0.456 * P[NBSF1L] -0.456 * P[NBSF2S] -1 * P[NGUT8] +0.0794 * P[VART1A] +0.0949 * P[VBGT1B] +0.0949 * P[VBGT4B] +0.0848 * P[VCWL1C] +0.132 * P[VHOG1K] +0.149 * P[VKGB3G] +0.149 * P[VKGP1K] +0.149 * P[VKGS1G] +0.149 * P[VKGS2C] +0.254 * P[VKMT1K] +0.16 * P[VKOT1K] +0.159 * P[VMRT1M] +0.159 * P[VMRT2M] +0.306 * P[VRCS1K] +0.306 * P[VRCS2Y] +0.264 * P[VWES1B] +0.264 * P[VWES2W] -0.306 * F[V-S-MNSP1] + Z_unrepresented <= RHS(t),"Out= Lower Tumut - Murray (66) line, avoid O/L Jindera to Wodonga (060) 330kV line on trip of Upper Tumut to Murray (65) 330kV line, Feedback",Thermal,True,Z includes unsupported non-energy/region terms if present; not assumed zero
VNI-lower-20250115T1955,N^^V_LTMS_1,N^^V_LTMS_1|2024-09-05|1,-1 * F_VIC_to_NSW -0.715 * P[NBK11B] -0.715 * P[NBKB3B] -0.715 * P[NBKW1S] -0.38 * P[NBL21L] -0.38 * P[NBSF1L] -0.38 * P[NBSF2S] -0.118 * P[NCKW1C] -0.38 * P[NCLS1C] -0.118 * P[NCWF2W] -0.38 * P[NDNS1D] -0.38 * P[NFNS1F] -0.118 * P[NGUR1G] -0.118 * P[NGUR2G] +0.39 * P[NLTS3] -0.39 * P[NLTS8] -0.118 * P[NMR22T] +0.483 * P[NMUR8] -0.491 * P[NURQ1U] -0.491 * P[NURQ2U] -0.491 * P[NURQ3U] -0.491 * P[NURQ4U] -0.118 * P[NYS12A] -0.598 * P[NUTS8] -0.118 * P[NWL21W] -0.118 * P[NWLA1W] +0.245 * P[VMKP1] -0.119 * F[V-S-MNSP1] + Z_unrepresented <= RHS(t),"Out = Murray to Lower Tumut 330 kV line, avoid voltage collapse at Southern NSW for loss of the largest Vic generating unit or Basslink",Voltage Stability,True,Z includes unsupported non-energy/region terms if present; not assumed zero
VNI-lower-20250212T1935,N^^V_NIL_ARWBBA,N^^V_NIL_ARWBBA|2025-02-07|1,-1 * F_VIC_to_NSW -1 * P[NBK11B] -1 * P[NBKB3B] -1 * P[NBKW1S] -0.502 * P[NBL21L] -0.502 * P[NBSF1L] -0.502 * P[NBSF2S] -0.0901 * P[NCKW1C] -0.502 * P[NCLS1C] -0.0901 * P[NCWF2W] -0.502 * P[NDNS1D] -0.502 * P[NFNS1F] -0.0901 * P[NGUR1G] -0.0901 * P[NGUR2G] -0.0901 * P[NGUR3G] +0.392 * P[NLTS3] -0.392 * P[NLTS8] -0.0901 * P[NMR22T] +0.307 * P[NMUR8] -0.0901 * P[NQBB3Q] -0.0901 * P[NQBC3C] -0.502 * P[NRB23R] -0.502 * P[NRBB3R] -0.502 * P[NRDP3D] -0.502 * P[NURQ1U] -0.502 * P[NURQ2U] -0.502 * P[NURQ3U] -0.502 * P[NURQ4U] -0.436 * P[NUTS8] -0.0901 * P[NWL21W] -0.0901 * P[NWLA1W] -0.0901 * P[NYS12A] +0.867 * P[VART1A] +0.867 * P[VBGT1B] +0.867 * P[VCWL1C] +0.867 * P[VMRT1M] +0.867 * P[VMRT2M] + Z_unrepresented <= RHS(t),"Out = Nil, avoid voltage collapse in southern NSW for loss of Ballarat to Waubra to Ararat 220kV lines (this also trips Waubra, Ararat and Crowlands, Bulgana and Murra Warra WFs)",Voltage Stability,True,Z includes unsupported non-energy/region terms if present; not assumed zero
VNI-lower-20250212T1935,V::V_1900,V::V_1900|2018-08-24|1,unknown IC factor * F + Z_unrepresented nan RHS(t),,,False,Z includes unsupported non-energy/region terms if present; not assumed zero
VNI-lower-20250212T1935,N>>NIL_DPTX_HV,N>>NIL_DPTX_HV|2024-11-27|1,-0.12 * F_VIC_to_NSW -1 * P[NBL21L] -0.588 * P[NBKB3B] +0.186 * P[NCLS1C] +0.194 * P[NDNH1H] +0.194 * P[NDNS1D] +0.0806 * P[NFNS1F] +0.0967 * P[NMUR8] +0.119 * P[NNRN1A] +0.194 * P[NRB23R] +0.194 * P[NRBB3R] +0.194 * P[NRDP3D] -0.12 * P[VART1A] -0.142 * P[VBGT1B] -0.142 * P[VBGT4B] -0.128 * P[VCWL1C] -0.195 * P[VHOG1K] +0.0885 * P[VHUM] -0.216 * P[VKGB3G] -0.216 * P[VKGP1K] -0.216 * P[VKGS1G] -0.216 * P[VKGS2C] -0.372 * P[VKMT1K] -0.235 * P[VMRT1M] -0.235 * P[VMRT2M] -0.446 * P[VRCS1K] -0.446 * P[VRCS2Y] -0.384 * P[VWES1B] -0.384 * P[VWES2W] +0.446 * F[V-S-MNSP1] + Z_unrepresented <= RHS(t),"Out = Nil, avoid Darlington Point Tx3 or Tx4 O/L on trip of the other, managing 330kV to 220kV flow on Transformer",Thermal,True,Z includes unsupported non-energy/region terms if present; not assumed zero
VNI-lower-20250212T1935,N^^V_CTMN_1,N^^V_CTMN_1|2025-02-07|1,-1 * F_VIC_to_NSW -0.715 * P[NBK11B] -0.715 * P[NBKB3B] -0.715 * P[NBKW1S] -0.38 * P[NBL21L] -0.38 * P[NBSF1L] -0.38 * P[NBSF2S] -0.118 * P[NCKW1C] -0.38 * P[NCLS1C] -0.118 * P[NCWF2W] -0.38 * P[NDNS1D] -0.38 * P[NFNS1F] -0.118 * P[NGUR1G] -0.118 * P[NGUR2G] +0.39 * P[NLTS3] -0.39 * P[NLTS8] -0.118 * P[NMR22T] +0.483 * P[NMUR8] -0.118 * P[NQBB3Q] -0.118 * P[NQBC3C] -0.38 * P[NRB23R] -0.38 * P[NRBB3R] -0.38 * P[NRDP3D] -0.491 * P[NURQ1U] -0.491 * P[NURQ2U] -0.491 * P[NURQ3U] -0.491 * P[NURQ4U] -0.598 * P[NUTS8] -0.118 * P[NWL21W] -0.118 * P[NWLA1W] -0.118 * P[NYS12A] +0.245 * P[VMKP1] -0.119 * F[V-S-MNSP1] + Z_unrepresented <= RHS(t),"Out = Collector - Marulan (4) or Collector - Yass (3L) or Marulan - Yass (5), avoid voltage collapse at Southern NSW for loss of the largest Vic generating unit or Basslink",Voltage Stability,True,Z includes unsupported non-energy/region terms if present; not assumed zero
VNI-lower-20250215T0750,I_6F_NS_150,I_6F_NS_150|2025-02-14|1,-0.112 * F_VIC_to_NSW +0.937 * P[NBK11B] +0.937 * P[NBKB3B] +0.937 * P[NBKW1S] +0.666 * P[NBL21L] +0.666 * P[NBSF1L] +0.666 * P[NBSF2S] +0.122 * P[NCLS1C] +0.127 * P[NDNH1H] +0.127 * P[NDNS1D] +0.0961 * P[NMUR8] +0.0778 * P[NNRN1A] +0.127 * P[NRB23R] +0.127 * P[NRBB3R] +0.127 * P[NRDP3D] +0.232 * P[VART1A] +0.0856 * P[VBA23B] +0.0858 * P[VBAW1Y] +0.285 * P[VBGT1B] +0.285 * P[VBGT4B] +0.251 * P[VCWL1C] +0.1 * P[VGN61M] +0.1 * P[VGNS1G] -0.0793 * P[VHGT1S] +0.41 * P[VHOG1K] +0.0907 * P[VHUM] +0.506 * P[VKGB3G] +0.506 * P[VKGP1K] +0.506 * P[VKGS1G] +0.506 * P[VKGS2C] +0.826 * P[VKMT1K] +0.538 * P[VKOT1K] -0.108 * P[VM051D] -0.108 * P[VM052D] -0.108 * P[VM053D] -0.108 * P[VM0P1O] -0.108 * P[VM0P2O] +0.503 * P[VMRT1M] +0.503 * P[VMRT2M] +1 * P[VRCS1K] +1 * P[VRCS2Y] +0.123 * P[VSHS1N] -0.13 * P[VTRT1M] +0.868 * P[VWES1B] +0.868 * P[VWES2W] -1 * F[V-S-MNSP1] +1 * F[V-SA] + Z_unrepresented <= RHS(t),Discretionary limit of 150 MW on Buronga to Bundey (6F) 330 kV Line (NSW to SA),Discretionary,True,Z includes unsupported non-energy/region terms if present; not assumed zero
VNI-lower-20250215T0750,N^^V_CTMN_1,N^^V_CTMN_1|2025-02-07|1,-1 * F_VIC_to_NSW -0.715 * P[NBK11B] -0.715 * P[NBKB3B] -0.715 * P[NBKW1S] -0.38 * P[NBL21L] -0.38 * P[NBSF1L] -0.38 * P[NBSF2S] -0.118 * P[NCKW1C] -0.38 * P[NCLS1C] -0.118 * P[NCWF2W] -0.38 * P[NDNS1D] -0.38 * P[NFNS1F] -0.118 * P[NGUR1G] -0.118 * P[NGUR2G] +0.39 * P[NLTS3] -0.39 * P[NLTS8] -0.118 * P[NMR22T] +0.483 * P[NMUR8] -0.118 * P[NQBB3Q] -0.118 * P[NQBC3C] -0.38 * P[NRB23R] -0.38 * P[NRBB3R] -0.38 * P[NRDP3D] -0.491 * P[NURQ1U] -0.491 * P[NURQ2U] -0.491 * P[NURQ3U] -0.491 * P[NURQ4U] -0.598 * P[NUTS8] -0.118 * P[NWL21W] -0.118 * P[NWLA1W] -0.118 * P[NYS12A] +0.245 * P[VMKP1] -0.119 * F[V-S-MNSP1] + Z_unrepresented <= RHS(t),"Out = Collector - Marulan (4) or Collector - Yass (3L) or Marulan - Yass (5), avoid voltage collapse at Southern NSW for loss of the largest Vic generating unit or Basslink",Voltage Stability,True,Z includes unsupported non-energy/region terms if present; not assumed zero
VNI-lower-20250301T1405,I_6F_NS_150,I_6F_NS_150|2025-02-14|1,-0.112 * F_VIC_to_NSW +0.937 * P[NBK11B] +0.937 * P[NBKB3B] +0.937 * P[NBKW1S] +0.666 * P[NBL21L] +0.666 * P[NBSF1L] +0.666 * P[NBSF2S] +0.122 * P[NCLS1C] +0.127 * P[NDNH1H] +0.127 * P[NDNS1D] +0.0961 * P[NMUR8] +0.0778 * P[NNRN1A] +0.127 * P[NRB23R] +0.127 * P[NRBB3R] +0.127 * P[NRDP3D] +0.232 * P[VART1A] +0.0856 * P[VBA23B] +0.0858 * P[VBAW1Y] +0.285 * P[VBGT1B] +0.285 * P[VBGT4B] +0.251 * P[VCWL1C] +0.1 * P[VGN61M] +0.1 * P[VGNS1G] -0.0793 * P[VHGT1S] +0.41 * P[VHOG1K] +0.0907 * P[VHUM] +0.506 * P[VKGB3G] +0.506 * P[VKGP1K] +0.506 * P[VKGS1G] +0.506 * P[VKGS2C] +0.826 * P[VKMT1K] +0.538 * P[VKOT1K] -0.108 * P[VM051D] -0.108 * P[VM052D] -0.108 * P[VM053D] -0.108 * P[VM0P1O] -0.108 * P[VM0P2O] +0.503 * P[VMRT1M] +0.503 * P[VMRT2M] +1 * P[VRCS1K] +1 * P[VRCS2Y] +0.123 * P[VSHS1N] -0.13 * P[VTRT1M] +0.868 * P[VWES1B] +0.868 * P[VWES2W] -1 * F[V-S-MNSP1] +1 * F[V-SA] + Z_unrepresented <= RHS(t),Discretionary limit of 150 MW on Buronga to Bundey (6F) 330 kV Line (NSW to SA),Discretionary,True,Z includes unsupported non-energy/region terms if present; not assumed zero
VNI-lower-20250301T1405,N^^V_NIL_1,N^^V_NIL_1|2025-02-07|1,-1 * F_VIC_to_NSW -0.715 * P[NBK11B] -0.715 * P[NBKB3B] -0.715 * P[NBKW1S] -0.38 * P[NBL21L] -0.38 * P[NBSF1L] -0.38 * P[NBSF2S] -0.118 * P[NCKW1C] -0.38 * P[NCLS1C] -0.118 * P[NCWF2W] -0.38 * P[NDNS1D] -0.38 * P[NFNS1F] -0.118 * P[NGUR1G] -0.118 * P[NGUR2G] +0.39 * P[NLTS3] -0.39 * P[NLTS8] -0.118 * P[NMR22T] +0.483 * P[NMUR8] -0.118 * P[NQBB3Q] -0.118 * P[NQBC3C] -0.38 * P[NRB23R] -0.38 * P[NRBB3R] -0.38 * P[NRDP3D] -0.491 * P[NURQ1U] -0.491 * P[NURQ2U] -0.491 * P[NURQ3U] -0.491 * P[NURQ4U] -0.598 * P[NUTS8] -0.118 * P[NWL21W] -0.118 * P[NWLA1W] -0.118 * P[NYS12A] +0.245 * P[VMKP1] -0.119 * F[V-S-MNSP1] + Z_unrepresented <= RHS(t),"Out = Nil, avoid voltage collapse at Southern NSW for loss of the largest Vic generating unit or Basslink",Voltage Stability,True,Z includes unsupported non-energy/region terms if present; not assumed zero
VNI-lower-20250309T0800,N>>NIL_BU_PST_ML_W,N>>NIL_BU_PST_ML_W|2025-03-03|1,-0.11 * F_VIC_to_NSW +0.938 * P[NBK11B] +0.938 * P[NBKB3B] +0.938 * P[NBKW1S] +0.668 * P[NBL21L] +0.668 * P[NBSF1L] +0.668 * P[NBSF2S] +0.123 * P[NCLS1C] +0.127 * P[NDNH1H] +0.127 * P[NDNS1D] +0.0951 * P[NMUR8] +0.0783 * P[NNRN1A] +0.127 * P[NRB23R] +0.127 * P[NRBB3R] +0.127 * P[NRDP3D] +0.232 * P[VART1A] +0.0848 * P[VBA23B] +0.085 * P[VBAW1Y] +0.284 * P[VBGT1B] +0.284 * P[VBGT4B] +0.25 * P[VCWL1C] +0.0995 * P[VGN61M] +0.0995 * P[VGNS1G] -0.0802 * P[VHGT1S] +0.409 * P[VHOG1K] +0.0898 * P[VHUM] +0.506 * P[VKGB3G] +0.506 * P[VKGP1K] +0.506 * P[VKGS1G] +0.506 * P[VKGS2C] +0.826 * P[VKMT1K] +0.538 * P[VKOT1K] -0.109 * P[VM051D] -0.109 * P[VM052D] -0.109 * P[VM053D] -0.109 * P[VM0P1O] -0.109 * P[VM0P2O] +0.502 * P[VMRT1M] +0.502 * P[VMRT2M] +1 * P[VRCS1K] +1 * P[VRCS2Y] +0.122 * P[VSHS1N] -0.131 * P[VTRT1M] +0.868 * P[VWES1B] +0.868 * P[VWES2W] + Z_unrepresented <= RHS(t),"Out= Nil, avoid O/L Buronga 330kV PST (#5) on trip of Murraylink (from Buronga to Bundey), Feedback",Thermal,True,Z includes unsupported non-energy/region terms if present; not assumed zero
VNI-lower-20250421T1335,I_6F_NS_150,I_6F_NS_150|2025-02-14|1,-0.112 * F_VIC_to_NSW +0.937 * P[NBK11B] +0.937 * P[NBKB3B] +0.937 * P[NBKW1S] +0.666 * P[NBL21L] +0.666 * P[NBSF1L] +0.666 * P[NBSF2S] +0.122 * P[NCLS1C] +0.127 * P[NDNH1H] +0.127 * P[NDNS1D] +0.0961 * P[NMUR8] +0.0778 * P[NNRN1A] +0.127 * P[NRB23R] +0.127 * P[NRBB3R] +0.127 * P[NRDP3D] +0.232 * P[VART1A] +0.0856 * P[VBA23B] +0.0858 * P[VBAW1Y] +0.285 * P[VBGT1B] +0.285 * P[VBGT4B] +0.251 * P[VCWL1C] +0.1 * P[VGN61M] +0.1 * P[VGNS1G] -0.0793 * P[VHGT1S] +0.41 * P[VHOG1K] +0.0907 * P[VHUM] +0.506 * P[VKGB3G] +0.506 * P[VKGP1K] +0.506 * P[VKGS1G] +0.506 * P[VKGS2C] +0.826 * P[VKMT1K] +0.538 * P[VKOT1K] -0.108 * P[VM051D] -0.108 * P[VM052D] -0.108 * P[VM053D] -0.108 * P[VM0P1O] -0.108 * P[VM0P2O] +0.503 * P[VMRT1M] +0.503 * P[VMRT2M] +1 * P[VRCS1K] +1 * P[VRCS2Y] +0.123 * P[VSHS1N] -0.13 * P[VTRT1M] +0.868 * P[VWES1B] +0.868 * P[VWES2W] -1 * F[V-S-MNSP1] +1 * F[V-SA] + Z_unrepresented <= RHS(t),Discretionary limit of 150 MW on Buronga to Bundey (6F) 330 kV Line (NSW to SA),Discretionary,True,Z includes unsupported non-energy/region terms if present; not assumed zero
VNI-lower-20250421T1335,N^^V_NIL_1,N^^V_NIL_1|2025-02-07|1,-1 * F_VIC_to_NSW -0.715 * P[NBK11B] -0.715 * P[NBKB3B] -0.715 * P[NBKW1S] -0.38 * P[NBL21L] -0.38 * P[NBSF1L] -0.38 * P[NBSF2S] -0.118 * P[NCKW1C] -0.38 * P[NCLS1C] -0.118 * P[NCWF2W] -0.38 * P[NDNS1D] -0.38 * P[NFNS1F] -0.118 * P[NGUR1G] -0.118 * P[NGUR2G] +0.39 * P[NLTS3] -0.39 * P[NLTS8] -0.118 * P[NMR22T] +0.483 * P[NMUR8] -0.118 * P[NQBB3Q] -0.118 * P[NQBC3C] -0.38 * P[NRB23R] -0.38 * P[NRBB3R] -0.38 * P[NRDP3D] -0.491 * P[NURQ1U] -0.491 * P[NURQ2U] -0.491 * P[NURQ3U] -0.491 * P[NURQ4U] -0.598 * P[NUTS8] -0.118 * P[NWL21W] -0.118 * P[NWLA1W] -0.118 * P[NYS12A] +0.245 * P[VMKP1] -0.119 * F[V-S-MNSP1] + Z_unrepresented <= RHS(t),"Out = Nil, avoid voltage collapse at Southern NSW for loss of the largest Vic generating unit or Basslink",Voltage Stability,True,Z includes unsupported non-energy/region terms if present; not assumed zero
VNI-lower-20250506T0835,I_6F_NS_150,I_6F_NS_150|2025-02-14|1,-0.112 * F_VIC_to_NSW +0.937 * P[NBK11B] +0.937 * P[NBKB3B] +0.937 * P[NBKW1S] +0.666 * P[NBL21L] +0.666 * P[NBSF1L] +0.666 * P[NBSF2S] +0.122 * P[NCLS1C] +0.127 * P[NDNH1H] +0.127 * P[NDNS1D] +0.0961 * P[NMUR8] +0.0778 * P[NNRN1A] +0.127 * P[NRB23R] +0.127 * P[NRBB3R] +0.127 * P[NRDP3D] +0.232 * P[VART1A] +0.0856 * P[VBA23B] +0.0858 * P[VBAW1Y] +0.285 * P[VBGT1B] +0.285 * P[VBGT4B] +0.251 * P[VCWL1C] +0.1 * P[VGN61M] +0.1 * P[VGNS1G] -0.0793 * P[VHGT1S] +0.41 * P[VHOG1K] +0.0907 * P[VHUM] +0.506 * P[VKGB3G] +0.506 * P[VKGP1K] +0.506 * P[VKGS1G] +0.506 * P[VKGS2C] +0.826 * P[VKMT1K] +0.538 * P[VKOT1K] -0.108 * P[VM051D] -0.108 * P[VM052D] -0.108 * P[VM053D] -0.108 * P[VM0P1O] -0.108 * P[VM0P2O] +0.503 * P[VMRT1M] +0.503 * P[VMRT2M] +1 * P[VRCS1K] +1 * P[VRCS2Y] +0.123 * P[VSHS1N] -0.13 * P[VTRT1M] +0.868 * P[VWES1B] +0.868 * P[VWES2W] -1 * F[V-S-MNSP1] +1 * F[V-SA] + Z_unrepresented <= RHS(t),Discretionary limit of 150 MW on Buronga to Bundey (6F) 330 kV Line (NSW to SA),Discretionary,True,Z includes unsupported non-energy/region terms if present; not assumed zero
VNI-lower-20250602T0600,V>>6Y+X5+63_67_68_S,V>>6Y+X5+63_67_68_S|2025-03-26|2,-1 * F_VIC_to_NSW -0.998 * P[NAL11C] -0.999 * P[NBK11B] -0.999 * P[NBKB3B] -0.999 * P[NBKW1S] -0.999 * P[NBL21L] -0.999 * P[NBSF1L] -0.999 * P[NBSF2S] -0.998 * P[NHUM] +0.999 * P[NMUR8] -0.998 * P[NWL21W] -0.998 * P[NWLA1W] + Z_unrepresented <= RHS(t)," Out = Wagga to Walla Walla (6Y), Wagga-Yass 132kV split, X5 and 63 Open, 9R4 Open, and with 2 Yass TXs in service, avoid overload one Murray to Dederang (67 or 68) for loss of the parallel 330kV line. Swamp if VBB/SIPS available",Thermal,True,Z includes unsupported non-energy/region terms if present; not assumed zero
VNI-lower-20250602T0600,N^^V_JNWG_63_X5_1,N^^V_JNWG_63_X5_1|2025-02-07|1,-1 * F_VIC_to_NSW -0.715 * P[NBK11B] -0.715 * P[NBKB3B] -0.715 * P[NBKW1S] -0.38 * P[NBL21L] -0.38 * P[NBSF1L] -0.38 * P[NBSF2S] -0.118 * P[NCKW1C] -0.38 * P[NCLS1C] -0.118 * P[NCWF2W] -0.38 * P[NDNS1D] -0.38 * P[NFNS1F] -0.118 * P[NGUR1G] -0.118 * P[NGUR2G] +0.39 * P[NLTS3] -0.118 * P[NQBB3Q] -0.39 * P[NLTS8] -0.118 * P[NMR22T] +0.483 * P[NMUR8] -0.118 * P[NQBC3C] -0.38 * P[NRB23R] -0.38 * P[NRBB3R] -0.38 * P[NRDP3D] -0.491 * P[NURQ1U] -0.491 * P[NURQ2U] -0.491 * P[NURQ3U] -0.491 * P[NURQ4U] -0.598 * P[NUTS8] -0.118 * P[NWL21W] -0.118 * P[NWLA1W] -0.118 * P[NYS12A] +0.245 * P[VMKP1] -0.119 * F[V-S-MNSP1] + Z_unrepresented <= RHS(t),"Out = Jindera to Wagga(62) 330kV line, 63 + X5 open, avoid voltage collapse at Southern NSW for loss of the largest Vic generating unit or Basslink",Voltage Stability,True,Z includes unsupported non-energy/region terms if present; not assumed zero
VNI-lower-20250606T1815,V>>6Y+X5+63_67_68_S,V>>6Y+X5+63_67_68_S|2025-03-26|2,-1 * F_VIC_to_NSW -0.998 * P[NAL11C] -0.999 * P[NBK11B] -0.999 * P[NBKB3B] -0.999 * P[NBKW1S] -0.999 * P[NBL21L] -0.999 * P[NBSF1L] -0.999 * P[NBSF2S] -0.998 * P[NHUM] +0.999 * P[NMUR8] -0.998 * P[NWL21W] -0.998 * P[NWLA1W] + Z_unrepresented <= RHS(t)," Out = Wagga to Walla Walla (6Y), Wagga-Yass 132kV split, X5 and 63 Open, 9R4 Open, and with 2 Yass TXs in service, avoid overload one Murray to Dederang (67 or 68) for loss of the parallel 330kV line. Swamp if VBB/SIPS available",Thermal,True,Z includes unsupported non-energy/region terms if present; not assumed zero
VNI-lower-20250606T1815,N>>V_6Y+X5+63_65_66,N>>V_6Y+X5+63_65_66|2025-03-26|2,-0.999 * F_VIC_to_NSW -1 * P[NAL11C] -0.999 * P[NBK11B] -0.999 * P[NBKB3B] -0.999 * P[NBKW1S] -0.999 * P[NBL21L] -0.999 * P[NBSF1L] -0.999 * P[NBSF2S] -1 * P[NGUT8] -1 * P[NHUM] -1 * P[NWL21W] -1 * P[NWLA1W] + Z_unrepresented <= RHS(t),"Out= Wagga to Walla Walla (6Y), Wagga-Yass 132kV split, X5 and 63 Open, 9R4 Open, and with 2 Yass TXs in service, avoid O/L Upper Tumut to Murray (65) 330kV line on trip of Lower Tumut to Murray (66) 330kV line, Feedback",Thermal,True,Z includes unsupported non-energy/region terms if present; not assumed zero
VNI-lower-20250606T1815,V>>NIL_MLGT_MLGT_R2,V>>NIL_MLGT_MLGT_R2|2025-02-25|1,-0.16 * F_VIC_to_NSW +0.365 * P[NBK11B] +0.365 * P[NBKB3B] +0.365 * P[NBKW1S] +0.259 * P[NBL21L] +0.259 * P[NBSF1L] +0.259 * P[NBSF2S] +0.153 * P[NMUR8] +0.838 * P[VART1A] -0.564 * P[VAT21L] -0.564 * P[VAT22L] +0.824 * P[VBA23B] +0.822 * P[VBAW1Y] +0.869 * P[VBBT1B] +0.831 * P[VCWL1C] +0.869 * P[VBBT2B] +0.817 * P[VBGT1B] +0.817 * P[VBGT4B] +0.141 * P[VDPS] +0.932 * P[VELT1M] +0.932 * P[VELT2M] +0.932 * P[VELT3E] +0.225 * P[VGN21G] +0.221 * P[VGN61M] +0.221 * P[VGNS1G] +0.221 * P[VGNS2W] +0.379 * P[VGPT1G] +0.379 * P[VGPT2G] +0.379 * P[VGPT3G] -0.735 * P[VGTW1M] +0.38 * P[VHGT1S] +0.763 * P[VHOG1K] +0.151 * P[VHUM] +0.101 * P[VHW23H] +0.101 * P[VJLGA1] +0.101 * P[VJLGA2] +0.101 * P[VJLGA3] +0.101 * P[VJLGA4] +0.101 * P[VJLGB1] +0.101 * P[VJLGB2] +0.101 * P[VJLGB3] +0.582 * P[VKGB3G] +0.582 * P[VKGP1K] +0.582 * P[VKGS1G] +0.582 * P[VKGS2C] +0.604 * P[VKMT1K] +0.579 * P[VKOT1K] +0.101 * P[VLYP010] +0.101 * P[VLYP011] +0.101 * P[VLYP012] +0.101 * P[VLYP07] +0.101 * P[VLYP08] +0.101 * P[VLYP09] +0.101 * P[VLYP1] +0.101 * P[VLYP2] +0.101 * P[VLYP3] +0.101 * P[VLYP4] +0.101 * P[VLYP5] +0.101 * P[VLYP6] +0.382 * P[VM051D] +0.382 * P[VM052D] +0.382 * P[VM053D] +0.382 * P[VM0P1O] +0.382 * P[VM0P2O] +0.141 * P[VMKP1] +1 * P[VMLB3V] +0.73 * P[VMRT1M] +0.73 * P[VMRT2M] +0.101 * P[VMW61L] +0.101 * P[VMWT12] +0.101 * P[VMWT2] +0.101 * P[VMWT3] +0.101 * P[VMWT9B] -0.186 * P[VNPS] +0.536 * P[VRCS1K] +0.536 * P[VRCS2Y] +0.279 * P[VSHS1N] +0.279 * P[VSHS2G] +0.279 * P[VSHS2W] +0.839 * P[VTG21M] +0.685 * P[VTG61S] +0.685 * P[VTGT3A] +0.383 * P[VTR11H] +0.383 * P[VTR31R] +0.383 * P[VTRT1M] +0.548 * P[VWES1B] +0.548 * P[VWES2W] +0.141 * P[VWKP1] +0.141 * P[VWKP2] +0.101 * F[T-V-MNSP1] -0.536 * F[V-S-MNSP1] -0.427 * F[V-SA] + Z_unrepresented <= RHS(t),"Out = NIL, avoid O/L Moorabool to Geelong #1 or #2 on trip of other Moorabool to Geelong line, Yallourn W Unit 1 in 220 kV mode, Feedback",Thermal,True,Z includes unsupported non-energy/region terms if present; not assumed zero
VNI-lower-20250708T0730,V>>NIL_MLGT_MLGT_R5,V>>NIL_MLGT_MLGT_R5|2025-06-16|1,-0.16 * F_VIC_to_NSW +0.365 * P[NBK11B] +0.365 * P[NBKB3B] +0.365 * P[NBKW1S] +0.259 * P[NBL21L] +0.259 * P[NBSF1L] +0.259 * P[NBSF2S] +0.153 * P[NMUR8] +0.838 * P[VART1A] -0.564 * P[VAT21L] -0.564 * P[VAT22L] +0.824 * P[VBA23B] +0.822 * P[VBAW1Y] +0.869 * P[VBBT1B] +0.869 * P[VBBT2B] +0.817 * P[VBGT1B] +0.817 * P[VBGT4B] +0.831 * P[VCWL1C] +0.141 * P[VDPS] +0.932 * P[VELT1M] +0.932 * P[VELT2M] +0.932 * P[VELT3E] +0.225 * P[VGN21G] +0.221 * P[VGN61M] +0.221 * P[VGNS1G] +0.221 * P[VGNS2W] +0.379 * P[VGPT1G] +0.379 * P[VGPT2G] +0.379 * P[VGPT3G] -0.735 * P[VGTW1M] +0.38 * P[VHGT1S] +0.763 * P[VHOG1K] +0.151 * P[VHUM] +0.101 * P[VHW23H] +0.101 * P[VJLGA1] +0.101 * P[VJLGA2] +0.101 * P[VJLGA3] +0.101 * P[VJLGA4] +0.101 * P[VJLGB1] +0.101 * P[VJLGB2] +0.101 * P[VJLGB3] +0.582 * P[VKGB3G] +0.582 * P[VKGP1K] +0.582 * P[VKGS1G] +0.582 * P[VKGS2C] +0.604 * P[VKMT1K] +0.579 * P[VKOT1K] +0.101 * P[VLYP010] +0.101 * P[VLYP011] +0.101 * P[VLYP012] +0.101 * P[VLYP07] +0.101 * P[VLYP08] +0.101 * P[VLYP09] +0.101 * P[VLYP1] +0.101 * P[VLYP2] +0.101 * P[VLYP3] +0.101 * P[VLYP4] +0.101 * P[VLYP5] +0.101 * P[VLYP6] +0.382 * P[VM051D] +0.382 * P[VM052D] +0.382 * P[VM053D] +0.382 * P[VM0P1O] +0.382 * P[VM0P2O] +0.141 * P[VMKP1] +1 * P[VMLB3V] +0.73 * P[VMRT1M] +0.73 * P[VMRT2M] +0.101 * P[VMW61L] +0.101 * P[VMWT12] +0.101 * P[VMWT2] +0.101 * P[VMWT3] +0.101 * P[VMWT9B] -0.186 * P[VNPS] +0.155 * P[VPR21M] +0.155 * P[VPR31M] +0.155 * P[VPRT1M] +0.536 * P[VRCS1K] +0.536 * P[VRCS2Y] +0.279 * P[VSHS1N] +0.279 * P[VSHS2G] +0.279 * P[VSHS2W] +0.839 * P[VTG21M] +0.685 * P[VTG61S] +0.685 * P[VTGT3A] +0.383 * P[VTR11H] +0.383 * P[VTR31R] +0.383 * P[VTRT1M] +0.141 * P[VWKP2] +0.548 * P[VWES1B] +0.548 * P[VWES2W] +0.141 * P[VWKP1] +0.101 * P[VYP21] +0.101 * F[T-V-MNSP1] -0.536 * F[V-S-MNSP1] -0.427 * F[V-SA] + Z_unrepresented <= RHS(t),"Out = NIL, avoid O/L Moorabool to Geelong #1 or #2 on trip of other Moorabool to Geelong line, Yallourn W Unit 1 in 500 kV mode, Feedback",Thermal,True,Z includes unsupported non-energy/region terms if present; not assumed zero
VNI-lower-20250708T0730,N^^V_NIL_ARWBBA,N^^V_NIL_ARWBBA|2025-02-07|1,-1 * F_VIC_to_NSW -1 * P[NBK11B] -1 * P[NBKB3B] -1 * P[NBKW1S] -0.502 * P[NBL21L] -0.502 * P[NBSF1L] -0.502 * P[NBSF2S] -0.0901 * P[NCKW1C] -0.502 * P[NCLS1C] -0.0901 * P[NCWF2W] -0.502 * P[NDNS1D] -0.502 * P[NFNS1F] -0.0901 * P[NGUR1G] -0.0901 * P[NGUR2G] -0.0901 * P[NGUR3G] +0.392 * P[NLTS3] -0.392 * P[NLTS8] -0.0901 * P[NMR22T] +0.307 * P[NMUR8] -0.0901 * P[NQBB3Q] -0.0901 * P[NQBC3C] -0.502 * P[NRB23R] -0.502 * P[NRBB3R] -0.502 * P[NRDP3D] -0.502 * P[NURQ1U] -0.502 * P[NURQ2U] -0.502 * P[NURQ3U] -0.502 * P[NURQ4U] -0.436 * P[NUTS8] -0.0901 * P[NWL21W] -0.0901 * P[NWLA1W] -0.0901 * P[NYS12A] +0.867 * P[VART1A] +0.867 * P[VBGT1B] +0.867 * P[VCWL1C] +0.867 * P[VMRT1M] +0.867 * P[VMRT2M] + Z_unrepresented <= RHS(t),"Out = Nil, avoid voltage collapse in southern NSW for loss of Ballarat to Waubra to Ararat 220kV lines (this also trips Waubra, Ararat and Crowlands, Bulgana and Murra Warra WFs)",Voltage Stability,True,Z includes unsupported non-energy/region terms if present; not assumed zero
VNI-lower-20250708T0730,V>>BDBU_ELML_BAML2,V>>BDBU_ELML_BAML2|2025-04-20|1,-0.0752 * F_VIC_to_NSW +0.346 * P[NBK11B] +0.346 * P[NBKB3B] +0.246 * P[NBSF2S] +0.346 * P[NBKW1S] +0.246 * P[NBL21L] +0.246 * P[NBSF1L] +0.648 * P[VART1A] +0.653 * P[VBA23B] +0.652 * P[VBAW1Y] +0.543 * P[VBBT1B] +0.543 * P[VBBT2B] +0.632 * P[VBGT1B] +0.632 * P[VBGT4B] +0.642 * P[VCWL1C] +0.0732 * P[VDPS] +1 * P[VELT1M] +1 * P[VELT2M] +1 * P[VELT3E] +0.135 * P[VGN21G] +0.132 * P[VGN61M] +0.132 * P[VGNS1G] +0.132 * P[VGNS2W] +0.145 * P[VGTW1M] +0.594 * P[VHOG1K] +0.447 * P[VKGB3G] +0.447 * P[VKGP1K] +0.447 * P[VKGS1G] +0.447 * P[VKGS2C] +0.478 * P[VKMT1K] +0.445 * P[VKOT1K] +0.0732 * P[VMKP1] +0.57 * P[VMRT1M] +0.57 * P[VMRT2M] +0.429 * P[VRCS1K] +0.429 * P[VRCS2Y] +0.181 * P[VSHS1N] +0.181 * P[VSHS2G] +0.181 * P[VSHS2W] +0.382 * P[VTG21M] +0.359 * P[VTG61S] +0.359 * P[VTGT3A] +0.434 * P[VWES1B] +0.434 * P[VWES2W] +0.0732 * P[VWKP1] +0.0732 * P[VWKP2] -0.429 * F[V-S-MNSP1] + Z_unrepresented <= RHS(t),"Out = Bundey to Buronga (6F) 330kV line, avoid O/L Elaine to Moorabool 220kV line on trip of Ballarat to Moorabool No.2 220kV line, Feedback",Thermal,True,Z includes unsupported non-energy/region terms if present; not assumed zero
VNI-lower-20250827T1210,I_6F_NS_150,I_6F_NS_150|2025-05-30|2,-0.106 * F_VIC_to_NSW +0.671 * P[NBL21L] +0.943 * P[NBK11B] +0.943 * P[NBKB3B] +0.943 * P[NBKW1S] +0.671 * P[NBSF1L] +0.671 * P[NBSF2S] +0.122 * P[NCLS1C] +0.126 * P[NDNS1D] +0.0902 * P[NMUR8] +0.126 * P[NRBB3R] +0.228 * P[VART1A] +0.0872 * P[VBA23B] +0.0874 * P[VBAW1Y] +0.281 * P[VBGT1B] +0.281 * P[VBGT4B] +0.247 * P[VCWL1C] +0.098 * P[VGN21G] +0.0963 * P[VGN61M] +0.0963 * P[VGNS1G] +0.0963 * P[VGNS2W] -0.0767 * P[VHGT1S] +0.406 * P[VHOG1K] +0.0847 * P[VHUM] +0.506 * P[VKGB3G] +0.506 * P[VKGP1K] +0.506 * P[VKGS1G] +0.506 * P[VKGS2C] +0.825 * P[VKMT1K] +0.538 * P[VKOT1K] -0.105 * P[VM051D] -0.105 * P[VM052D] -0.105 * P[VM053D] -0.105 * P[VM0P1O] -0.105 * P[VM0P2O] +0.501 * P[VMRT1M] +0.501 * P[VMRT2M] +1 * P[VRCS1K] +1 * P[VRCS2Y] +0.119 * P[VSHS1N] +0.119 * P[VSHS2G] +0.119 * P[VSHS2W] -0.128 * P[VTR11H] -0.128 * P[VTR31R] -0.128 * P[VTRT1M] +0.868 * P[VWES1B] +0.868 * P[VWES2W] -1 * F[V-S-MNSP1] +0.979 * F[V-SA] + Z_unrepresented <= RHS(t),Discretionary limit of 150 MW on Buronga to Bundey (6F) 330 kV Line (NSW to SA),Other,True,Z includes unsupported non-energy/region terms if present; not assumed zero
VNI-lower-20250827T1210,N^^V_NIL_1,N^^V_NIL_1|2025-02-07|1,-1 * F_VIC_to_NSW -0.715 * P[NBK11B] -0.715 * P[NBKB3B] -0.715 * P[NBKW1S] -0.38 * P[NBL21L] -0.38 * P[NBSF1L] -0.38 * P[NBSF2S] -0.118 * P[NCKW1C] -0.38 * P[NCLS1C] -0.118 * P[NCWF2W] -0.38 * P[NDNS1D] -0.38 * P[NFNS1F] -0.118 * P[NGUR1G] -0.118 * P[NGUR2G] +0.39 * P[NLTS3] -0.39 * P[NLTS8] -0.118 * P[NMR22T] +0.483 * P[NMUR8] -0.118 * P[NQBB3Q] -0.118 * P[NQBC3C] -0.38 * P[NRB23R] -0.38 * P[NRBB3R] -0.38 * P[NRDP3D] -0.491 * P[NURQ1U] -0.491 * P[NURQ2U] -0.491 * P[NURQ3U] -0.491 * P[NURQ4U] -0.598 * P[NUTS8] -0.118 * P[NWL21W] -0.118 * P[NWLA1W] -0.118 * P[NYS12A] +0.245 * P[VMKP1] -0.119 * F[V-S-MNSP1] + Z_unrepresented <= RHS(t),"Out = Nil, avoid voltage collapse at Southern NSW for loss of the largest Vic generating unit or Basslink",Voltage Stability,True,Z includes unsupported non-energy/region terms if present; not assumed zero
VNI-lower-20250926T2020,I_6F_NS_150,I_6F_NS_150|2025-05-30|2,-0.106 * F_VIC_to_NSW +0.671 * P[NBL21L] +0.943 * P[NBK11B] +0.943 * P[NBKB3B] +0.943 * P[NBKW1S] +0.671 * P[NBSF1L] +0.671 * P[NBSF2S] +0.122 * P[NCLS1C] +0.126 * P[NDNS1D] +0.0902 * P[NMUR8] +0.126 * P[NRBB3R] +0.228 * P[VART1A] +0.0872 * P[VBA23B] +0.0874 * P[VBAW1Y] +0.281 * P[VBGT1B] +0.281 * P[VBGT4B] +0.247 * P[VCWL1C] +0.098 * P[VGN21G] +0.0963 * P[VGN61M] +0.0963 * P[VGNS1G] +0.0963 * P[VGNS2W] -0.0767 * P[VHGT1S] +0.406 * P[VHOG1K] +0.0847 * P[VHUM] +0.506 * P[VKGB3G] +0.506 * P[VKGP1K] +0.506 * P[VKGS1G] +0.506 * P[VKGS2C] +0.825 * P[VKMT1K] +0.538 * P[VKOT1K] -0.105 * P[VM051D] -0.105 * P[VM052D] -0.105 * P[VM053D] -0.105 * P[VM0P1O] -0.105 * P[VM0P2O] +0.501 * P[VMRT1M] +0.501 * P[VMRT2M] +1 * P[VRCS1K] +1 * P[VRCS2Y] +0.119 * P[VSHS1N] +0.119 * P[VSHS2G] +0.119 * P[VSHS2W] -0.128 * P[VTR11H] -0.128 * P[VTR31R] -0.128 * P[VTRT1M] +0.868 * P[VWES1B] +0.868 * P[VWES2W] -1 * F[V-S-MNSP1] +0.979 * F[V-SA] + Z_unrepresented <= RHS(t),Discretionary limit of 150 MW on Buronga to Bundey (6F) 330 kV Line (NSW to SA),Other,True,Z includes unsupported non-energy/region terms if present; not assumed zero
VNI-lower-20250926T2020,N^^V_NIL_1,N^^V_NIL_1|2025-02-07|1,-1 * F_VIC_to_NSW -0.715 * P[NBK11B] -0.715 * P[NBKB3B] -0.715 * P[NBKW1S] -0.38 * P[NBL21L] -0.38 * P[NBSF1L] -0.38 * P[NBSF2S] -0.118 * P[NCKW1C] -0.38 * P[NCLS1C] -0.118 * P[NCWF2W] -0.38 * P[NDNS1D] -0.38 * P[NFNS1F] -0.118 * P[NGUR1G] -0.118 * P[NGUR2G] +0.39 * P[NLTS3] -0.39 * P[NLTS8] -0.118 * P[NMR22T] +0.483 * P[NMUR8] -0.118 * P[NQBB3Q] -0.118 * P[NQBC3C] -0.38 * P[NRB23R] -0.38 * P[NRBB3R] -0.38 * P[NRDP3D] -0.491 * P[NURQ1U] -0.491 * P[NURQ2U] -0.491 * P[NURQ3U] -0.491 * P[NURQ4U] -0.598 * P[NUTS8] -0.118 * P[NWL21W] -0.118 * P[NWLA1W] -0.118 * P[NYS12A] +0.245 * P[VMKP1] -0.119 * F[V-S-MNSP1] + Z_unrepresented <= RHS(t),"Out = Nil, avoid voltage collapse at Southern NSW for loss of the largest Vic generating unit or Basslink",Voltage Stability,True,Z includes unsupported non-energy/region terms if present; not assumed zero
VNI-lower-20251006T0425,I_6F_NS_150,I_6F_NS_150|2025-05-30|2,-0.106 * F_VIC_to_NSW +0.671 * P[NBL21L] +0.943 * P[NBK11B] +0.943 * P[NBKB3B] +0.943 * P[NBKW1S] +0.671 * P[NBSF1L] +0.671 * P[NBSF2S] +0.122 * P[NCLS1C] +0.126 * P[NDNS1D] +0.0902 * P[NMUR8] +0.126 * P[NRBB3R] +0.228 * P[VART1A] +0.0872 * P[VBA23B] +0.0874 * P[VBAW1Y] +0.281 * P[VBGT1B] +0.281 * P[VBGT4B] +0.247 * P[VCWL1C] +0.098 * P[VGN21G] +0.0963 * P[VGN61M] +0.0963 * P[VGNS1G] +0.0963 * P[VGNS2W] -0.0767 * P[VHGT1S] +0.406 * P[VHOG1K] +0.0847 * P[VHUM] +0.506 * P[VKGB3G] +0.506 * P[VKGP1K] +0.506 * P[VKGS1G] +0.506 * P[VKGS2C] +0.825 * P[VKMT1K] +0.538 * P[VKOT1K] -0.105 * P[VM051D] -0.105 * P[VM052D] -0.105 * P[VM053D] -0.105 * P[VM0P1O] -0.105 * P[VM0P2O] +0.501 * P[VMRT1M] +0.501 * P[VMRT2M] +1 * P[VRCS1K] +1 * P[VRCS2Y] +0.119 * P[VSHS1N] +0.119 * P[VSHS2G] +0.119 * P[VSHS2W] -0.128 * P[VTR11H] -0.128 * P[VTR31R] -0.128 * P[VTRT1M] +0.868 * P[VWES1B] +0.868 * P[VWES2W] -1 * F[V-S-MNSP1] +0.979 * F[V-SA] + Z_unrepresented <= RHS(t),Discretionary limit of 150 MW on Buronga to Bundey (6F) 330 kV Line (NSW to SA),Other,True,Z includes unsupported non-energy/region terms if present; not assumed zero
VNI-lower-20251104T1715,I_6F_NS_150,I_6F_NS_150|2025-05-30|2,-0.106 * F_VIC_to_NSW +0.671 * P[NBL21L] +0.943 * P[NBK11B] +0.943 * P[NBKB3B] +0.943 * P[NBKW1S] +0.671 * P[NBSF1L] +0.671 * P[NBSF2S] +0.122 * P[NCLS1C] +0.126 * P[NDNS1D] +0.0902 * P[NMUR8] +0.126 * P[NRBB3R] +0.228 * P[VART1A] +0.0872 * P[VBA23B] +0.0874 * P[VBAW1Y] +0.281 * P[VBGT1B] +0.281 * P[VBGT4B] +0.247 * P[VCWL1C] +0.098 * P[VGN21G] +0.0963 * P[VGN61M] +0.0963 * P[VGNS1G] +0.0963 * P[VGNS2W] -0.0767 * P[VHGT1S] +0.406 * P[VHOG1K] +0.0847 * P[VHUM] +0.506 * P[VKGB3G] +0.506 * P[VKGP1K] +0.506 * P[VKGS1G] +0.506 * P[VKGS2C] +0.825 * P[VKMT1K] +0.538 * P[VKOT1K] -0.105 * P[VM051D] -0.105 * P[VM052D] -0.105 * P[VM053D] -0.105 * P[VM0P1O] -0.105 * P[VM0P2O] +0.501 * P[VMRT1M] +0.501 * P[VMRT2M] +1 * P[VRCS1K] +1 * P[VRCS2Y] +0.119 * P[VSHS1N] +0.119 * P[VSHS2G] +0.119 * P[VSHS2W] -0.128 * P[VTR11H] -0.128 * P[VTR31R] -0.128 * P[VTRT1M] +0.868 * P[VWES1B] +0.868 * P[VWES2W] -1 * F[V-S-MNSP1] +0.979 * F[V-SA] + Z_unrepresented <= RHS(t),Discretionary limit of 150 MW on Buronga to Bundey (6F) 330 kV Line (NSW to SA),Other,True,Z includes unsupported non-energy/region terms if present; not assumed zero
VNI-lower-20251104T1715,N^^V_NIL_1,N^^V_NIL_1|2025-10-30|1,-1 * F_VIC_to_NSW -0.38 * P[NBL21L] -0.715 * P[NBK11B] -0.715 * P[NBKB3B] -0.715 * P[NBKW1S] -0.38 * P[NBSF1L] -0.38 * P[NBSF2S] -0.118 * P[NCKW1C] -0.38 * P[NCLS1C] -0.118 * P[NCWF2W] -0.38 * P[NDNS1D] -0.38 * P[NFNS1F] -0.118 * P[NGUR1G] -0.118 * P[NGUR2G] -0.118 * P[NGUR3G] +0.39 * P[NLTS3] -0.39 * P[NLTS8] -0.118 * P[NMR22T] +0.483 * P[NMUR8] -0.118 * P[NQBB3Q] -0.118 * P[NQBC3C] -0.38 * P[NRB23R] -0.38 * P[NRBB3R] -0.38 * P[NRDP3D] -0.491 * P[NURQ1U] -0.491 * P[NURQ2U] -0.491 * P[NURQ3U] -0.491 * P[NURQ4U] -0.598 * P[NUTS8] -0.118 * P[NWL21W] -0.118 * P[NWLA1W] -0.118 * P[NYS12A] +0.245 * P[VMKP1] -0.119 * F[V-S-MNSP1] + Z_unrepresented <= RHS(t),"Out = Nil, avoid voltage collapse at Southern NSW for loss of the largest Vic generating unit or Basslink",Voltage Stability,True,Z includes unsupported non-energy/region terms if present; not assumed zero
VNI-lower-20251107T0655,I_6F_NS_150,I_6F_NS_150|2025-05-30|2,-0.106 * F_VIC_to_NSW +0.671 * P[NBL21L] +0.943 * P[NBK11B] +0.943 * P[NBKB3B] +0.943 * P[NBKW1S] +0.671 * P[NBSF1L] +0.671 * P[NBSF2S] +0.122 * P[NCLS1C] +0.126 * P[NDNS1D] +0.0902 * P[NMUR8] +0.126 * P[NRBB3R] +0.228 * P[VART1A] +0.0872 * P[VBA23B] +0.0874 * P[VBAW1Y] +0.281 * P[VBGT1B] +0.281 * P[VBGT4B] +0.247 * P[VCWL1C] +0.098 * P[VGN21G] +0.0963 * P[VGN61M] +0.0963 * P[VGNS1G] +0.0963 * P[VGNS2W] -0.0767 * P[VHGT1S] +0.406 * P[VHOG1K] +0.0847 * P[VHUM] +0.506 * P[VKGB3G] +0.506 * P[VKGP1K] +0.506 * P[VKGS1G] +0.506 * P[VKGS2C] +0.825 * P[VKMT1K] +0.538 * P[VKOT1K] -0.105 * P[VM051D] -0.105 * P[VM052D] -0.105 * P[VM053D] -0.105 * P[VM0P1O] -0.105 * P[VM0P2O] +0.501 * P[VMRT1M] +0.501 * P[VMRT2M] +1 * P[VRCS1K] +1 * P[VRCS2Y] +0.119 * P[VSHS1N] +0.119 * P[VSHS2G] +0.119 * P[VSHS2W] -0.128 * P[VTR11H] -0.128 * P[VTR31R] -0.128 * P[VTRT1M] +0.868 * P[VWES1B] +0.868 * P[VWES2W] -1 * F[V-S-MNSP1] +0.979 * F[V-SA] + Z_unrepresented <= RHS(t),Discretionary limit of 150 MW on Buronga to Bundey (6F) 330 kV Line (NSW to SA),Other,True,Z includes unsupported non-energy/region terms if present; not assumed zero
VNI-lower-20251107T0655,N^^V_NIL_1,N^^V_NIL_1|2025-10-30|1,-1 * F_VIC_to_NSW -0.38 * P[NBL21L] -0.715 * P[NBK11B] -0.715 * P[NBKB3B] -0.715 * P[NBKW1S] -0.38 * P[NBSF1L] -0.38 * P[NBSF2S] -0.118 * P[NCKW1C] -0.38 * P[NCLS1C] -0.118 * P[NCWF2W] -0.38 * P[NDNS1D] -0.38 * P[NFNS1F] -0.118 * P[NGUR1G] -0.118 * P[NGUR2G] -0.118 * P[NGUR3G] +0.39 * P[NLTS3] -0.39 * P[NLTS8] -0.118 * P[NMR22T] +0.483 * P[NMUR8] -0.118 * P[NQBB3Q] -0.118 * P[NQBC3C] -0.38 * P[NRB23R] -0.38 * P[NRBB3R] -0.38 * P[NRDP3D] -0.491 * P[NURQ1U] -0.491 * P[NURQ2U] -0.491 * P[NURQ3U] -0.491 * P[NURQ4U] -0.598 * P[NUTS8] -0.118 * P[NWL21W] -0.118 * P[NWLA1W] -0.118 * P[NYS12A] +0.245 * P[VMKP1] -0.119 * F[V-S-MNSP1] + Z_unrepresented <= RHS(t),"Out = Nil, avoid voltage collapse at Southern NSW for loss of the largest Vic generating unit or Basslink",Voltage Stability,True,Z includes unsupported non-energy/region terms if present; not assumed zero
VNI-lower-20251107T0655,N^^V_NIL_ARWBBA,N^^V_NIL_ARWBBA|2025-02-07|1,-1 * F_VIC_to_NSW -1 * P[NBK11B] -1 * P[NBKB3B] -1 * P[NBKW1S] -0.502 * P[NBL21L] -0.502 * P[NBSF1L] -0.502 * P[NBSF2S] -0.0901 * P[NCKW1C] -0.502 * P[NCLS1C] -0.0901 * P[NCWF2W] -0.502 * P[NDNS1D] -0.502 * P[NFNS1F] -0.0901 * P[NGUR1G] -0.0901 * P[NGUR2G] -0.0901 * P[NGUR3G] +0.392 * P[NLTS3] -0.392 * P[NLTS8] -0.0901 * P[NMR22T] +0.307 * P[NMUR8] -0.0901 * P[NQBB3Q] -0.0901 * P[NQBC3C] -0.502 * P[NRB23R] -0.502 * P[NRBB3R] -0.502 * P[NRDP3D] -0.502 * P[NURQ1U] -0.502 * P[NURQ2U] -0.502 * P[NURQ3U] -0.502 * P[NURQ4U] -0.436 * P[NUTS8] -0.0901 * P[NWL21W] -0.0901 * P[NWLA1W] -0.0901 * P[NYS12A] +0.867 * P[VART1A] +0.867 * P[VBGT1B] +0.867 * P[VCWL1C] +0.867 * P[VMRT1M] +0.867 * P[VMRT2M] + Z_unrepresented <= RHS(t),"Out = Nil, avoid voltage collapse in southern NSW for loss of Ballarat to Waubra to Ararat 220kV lines (this also trips Waubra, Ararat and Crowlands, Bulgana and Murra Warra WFs)",Voltage Stability,True,Z includes unsupported non-energy/region terms if present; not assumed zero
VNI-lower-20251119T2035,N^^V_NIL_ARWBBA,N^^V_NIL_ARWBBA|2025-11-14|1,-1 * F_VIC_to_NSW -1 * P[NBK11B] -1 * P[NBKB3B] -1 * P[NBKW1S] -0.502 * P[NBL21L] -0.502 * P[NBSF1L] -0.502 * P[NBSF2S] -0.0901 * P[NCKW1C] -0.502 * P[NCLS1C] -0.0901 * P[NCWF2W] -0.502 * P[NDNS1D] -0.502 * P[NFNS1F] -0.0901 * P[NGUR1G] -0.0901 * P[NGUR2G] -0.0901 * P[NGUR3G] +0.392 * P[NLTS3] -0.392 * P[NLTS8] -0.0901 * P[NMR22T] +0.307 * P[NMUR8] -0.0901 * P[NQBB3Q] -0.0901 * P[NQBC3C] -0.502 * P[NRB23R] -0.502 * P[NRBB3R] -0.502 * P[NRDP3D] -0.502 * P[NURQ1U] -0.502 * P[NURQ2U] -0.502 * P[NURQ3U] -0.502 * P[NURQ4U] -0.436 * P[NUTS8] -0.0901 * P[NWL21W] -0.0901 * P[NWLA1W] -0.0901 * P[NYS12A] +0.867 * P[VART1A] +0.867 * P[VBGT1B] +0.867 * P[VCWL1C] +0.867 * P[VMRT1M] +0.867 * P[VMRT2M] + Z_unrepresented <= RHS(t),"Out = Nil, avoid voltage collapse in southern NSW for loss of Ballarat to Waubra to Ararat 220kV lines (this also trips Waubra, Ararat and Crowlands, Bulgana and Murra Warra WFs)",Voltage Stability,True,Z includes unsupported non-energy/region terms if present; not assumed zero
VNI-lower-20251215T0205,I_6F_NS_150,I_6F_NS_150|2025-05-30|2,-0.106 * F_VIC_to_NSW +0.671 * P[NBL21L] +0.943 * P[NBK11B] +0.943 * P[NBKB3B] +0.943 * P[NBKW1S] +0.671 * P[NBSF1L] +0.671 * P[NBSF2S] +0.122 * P[NCLS1C] +0.126 * P[NDNS1D] +0.0902 * P[NMUR8] +0.126 * P[NRBB3R] +0.228 * P[VART1A] +0.0872 * P[VBA23B] +0.0874 * P[VBAW1Y] +0.281 * P[VBGT1B] +0.281 * P[VBGT4B] +0.247 * P[VCWL1C] +0.098 * P[VGN21G] +0.0963 * P[VGN61M] +0.0963 * P[VGNS1G] +0.0963 * P[VGNS2W] -0.0767 * P[VHGT1S] +0.406 * P[VHOG1K] +0.0847 * P[VHUM] +0.506 * P[VKGB3G] +0.506 * P[VKGP1K] +0.506 * P[VKGS1G] +0.506 * P[VKGS2C] +0.825 * P[VKMT1K] +0.538 * P[VKOT1K] -0.105 * P[VM051D] -0.105 * P[VM052D] -0.105 * P[VM053D] -0.105 * P[VM0P1O] -0.105 * P[VM0P2O] +0.501 * P[VMRT1M] +0.501 * P[VMRT2M] +1 * P[VRCS1K] +1 * P[VRCS2Y] +0.119 * P[VSHS1N] +0.119 * P[VSHS2G] +0.119 * P[VSHS2W] -0.128 * P[VTR11H] -0.128 * P[VTR31R] -0.128 * P[VTRT1M] +0.868 * P[VWES1B] +0.868 * P[VWES2W] -1 * F[V-S-MNSP1] +0.979 * F[V-SA] + Z_unrepresented <= RHS(t),Discretionary limit of 150 MW on Buronga to Bundey (6F) 330 kV Line (NSW to SA),Other,True,Z includes unsupported non-energy/region terms if present; not assumed zero
VNI-lower-20251215T0205,N^^V_NIL_ARWBBA,N^^V_NIL_ARWBBA|2025-12-02|1,-1 * F_VIC_to_NSW -1 * P[NBK11B] -1 * P[NBKB3B] -1 * P[NBKW1S] -0.502 * P[NBL21L] -0.502 * P[NBSF1L] -0.502 * P[NBSF2S] -0.502 * P[NCLS1C] -0.502 * P[NDNS1D] -0.502 * P[NFNS1F] +0.392 * P[NLTS3] -0.392 * P[NLTS8] +0.307 * P[NMUR8] -0.502 * P[NRB23R] -0.502 * P[NRBB3R] -0.502 * P[NRDP3D] -0.502 * P[NURQ1U] -0.502 * P[NURQ2U] -0.502 * P[NURQ3U] -0.502 * P[NURQ4U] -0.436 * P[NUTS8] +0.867 * P[VART1A] +0.867 * P[VBGT1B] +0.867 * P[VCWL1C] +0.867 * P[VMRT1M] +0.867 * P[VMRT2M] + Z_unrepresented <= RHS(t),"Out = Nil, avoid voltage collapse in southern NSW for loss of Ballarat to Waubra to Ararat 220kV lines (this also trips Waubra, Ararat and Crowlands, Bulgana and Murra Warra WFs)",Voltage Stability,True,Z includes unsupported non-energy/region terms if present; not assumed zero
VNI-lower-20260106T1640,N^^V_NIL_1,N^^V_NIL_1|2025-12-02|1,-1 * F_VIC_to_NSW -0.715 * P[NBK11B] -0.715 * P[NBKB3B] -0.715 * P[NBKW1S] -0.38 * P[NBL21L] -0.38 * P[NBSF1L] -0.38 * P[NBSF2S] -0.38 * P[NCLS1C] -0.38 * P[NDNS1D] -0.38 * P[NFNS1F] +0.39 * P[NLTS3] -0.39 * P[NLTS8] +0.483 * P[NMUR8] -0.38 * P[NRB23R] -0.38 * P[NRBB3R] -0.38 * P[NRDP3D] -0.491 * P[NURQ1U] -0.491 * P[NURQ2U] -0.491 * P[NURQ3U] -0.491 * P[NURQ4U] -0.598 * P[NUTS8] +0.245 * P[VMKP1] + Z_unrepresented <= RHS(t),"Out = Nil, avoid voltage collapse at Southern NSW for loss of the largest Vic generating unit or Basslink",Voltage Stability,True,Z includes unsupported non-energy/region terms if present; not assumed zero
VNI-lower-20260111T0015,N^^V_DDSM1,N^^V_DDSM1|2025-12-02|1,-1 * F_VIC_to_NSW -0.715 * P[NBK11B] -0.715 * P[NBKB3B] -0.715 * P[NBKW1S] -0.38 * P[NBL21L] -0.38 * P[NBSF1L] -0.38 * P[NBSF2S] -0.38 * P[NCLS1C] -0.38 * P[NDNS1D] -0.38 * P[NFNS1F] +0.39 * P[NLTS3] -0.39 * P[NLTS8] +0.483 * P[NMUR8] -0.38 * P[NRB23R] -0.38 * P[NRBB3R] -0.38 * P[NRDP3D] -0.491 * P[NURQ1U] -0.491 * P[NURQ2U] -0.491 * P[NURQ3U] -0.491 * P[NURQ4U] -0.598 * P[NUTS8] +0.245 * P[VMKP1] + Z_unrepresented <= RHS(t),"Out = Dederang to South Morang 330 kV line, avoid voltage collapse at Southern NSW for loss of the largest Vic generating unit or Basslink or the parallel Dederang to South Morang 330kV line",Voltage Stability,True,Z includes unsupported non-energy/region terms if present; not assumed zero
VNI-lower-20260111T0015,I_6F_NS_150,I_6F_NS_150|2025-05-30|2,-0.106 * F_VIC_to_NSW +0.671 * P[NBL21L] +0.943 * P[NBK11B] +0.943 * P[NBKB3B] +0.943 * P[NBKW1S] +0.671 * P[NBSF1L] +0.671 * P[NBSF2S] +0.122 * P[NCLS1C] +0.126 * P[NDNS1D] +0.0902 * P[NMUR8] +0.126 * P[NRBB3R] +0.228 * P[VART1A] +0.0872 * P[VBA23B] +0.0874 * P[VBAW1Y] +0.281 * P[VBGT1B] +0.281 * P[VBGT4B] +0.247 * P[VCWL1C] +0.098 * P[VGN21G] +0.0963 * P[VGN61M] +0.0963 * P[VGNS1G] +0.0963 * P[VGNS2W] -0.0767 * P[VHGT1S] +0.406 * P[VHOG1K] +0.0847 * P[VHUM] +0.506 * P[VKGB3G] +0.506 * P[VKGP1K] +0.506 * P[VKGS1G] +0.506 * P[VKGS2C] +0.825 * P[VKMT1K] +0.538 * P[VKOT1K] -0.105 * P[VM051D] -0.105 * P[VM052D] -0.105 * P[VM053D] -0.105 * P[VM0P1O] -0.105 * P[VM0P2O] +0.501 * P[VMRT1M] +0.501 * P[VMRT2M] +1 * P[VRCS1K] +1 * P[VRCS2Y] +0.119 * P[VSHS1N] +0.119 * P[VSHS2G] +0.119 * P[VSHS2W] -0.128 * P[VTR11H] -0.128 * P[VTR31R] -0.128 * P[VTRT1M] +0.868 * P[VWES1B] +0.868 * P[VWES2W] -1 * F[V-S-MNSP1] +0.979 * F[V-SA] + Z_unrepresented <= RHS(t),Discretionary limit of 150 MW on Buronga to Bundey (6F) 330 kV Line (NSW to SA),Other,True,Z includes unsupported non-energy/region terms if present; not assumed zero
VNI-lower-20260111T0015,N^^V_NIL_ARWBBA,N^^V_NIL_ARWBBA|2025-12-02|1,-1 * F_VIC_to_NSW -1 * P[NBK11B] -1 * P[NBKB3B] -1 * P[NBKW1S] -0.502 * P[NBL21L] -0.502 * P[NBSF1L] -0.502 * P[NBSF2S] -0.502 * P[NCLS1C] -0.502 * P[NDNS1D] -0.502 * P[NFNS1F] +0.392 * P[NLTS3] -0.392 * P[NLTS8] +0.307 * P[NMUR8] -0.502 * P[NRB23R] -0.502 * P[NRBB3R] -0.502 * P[NRDP3D] -0.502 * P[NURQ1U] -0.502 * P[NURQ2U] -0.502 * P[NURQ3U] -0.502 * P[NURQ4U] -0.436 * P[NUTS8] +0.867 * P[VART1A] +0.867 * P[VBGT1B] +0.867 * P[VCWL1C] +0.867 * P[VMRT1M] +0.867 * P[VMRT2M] + Z_unrepresented <= RHS(t),"Out = Nil, avoid voltage collapse in southern NSW for loss of Ballarat to Waubra to Ararat 220kV lines (this also trips Waubra, Ararat and Crowlands, Bulgana and Murra Warra WFs)",Voltage Stability,True,Z includes unsupported non-energy/region terms if present; not assumed zero
VNI-lower-20260111T0015,N^^V_MSDD2,N^^V_MSDD2|2025-12-02|1,-0.55 * F_VIC_to_NSW -0.541 * P[NBK11B] -0.541 * P[NBKB3B] -0.541 * P[NBKW1S] +0.526 * P[NMUR8] -0.26 * P[NURQ1U] -0.26 * P[NURQ2U] -0.26 * P[NURQ3U] -0.26 * P[NURQ4U] -1 * P[VHUM] + Z_unrepresented <= RHS(t),"Out = Dederang to Murray 330 kV line, avoid voltage collapse at Darlington Point for loss of the remaining Dederang to Murray 330 kV line",Voltage Stability,True,Z includes unsupported non-energy/region terms if present; not assumed zero
VNI-lower-20260212T1435,N^^V_NIL_1,N^^V_NIL_1|2025-12-02|1,-1 * F_VIC_to_NSW -0.715 * P[NBK11B] -0.715 * P[NBKB3B] -0.715 * P[NBKW1S] -0.38 * P[NBL21L] -0.38 * P[NBSF1L] -0.38 * P[NBSF2S] -0.38 * P[NCLS1C] -0.38 * P[NDNS1D] -0.38 * P[NFNS1F] +0.39 * P[NLTS3] -0.39 * P[NLTS8] +0.483 * P[NMUR8] -0.38 * P[NRB23R] -0.38 * P[NRBB3R] -0.38 * P[NRDP3D] -0.491 * P[NURQ1U] -0.491 * P[NURQ2U] -0.491 * P[NURQ3U] -0.491 * P[NURQ4U] -0.598 * P[NUTS8] +0.245 * P[VMKP1] + Z_unrepresented <= RHS(t),"Out = Nil, avoid voltage collapse at Southern NSW for loss of the largest Vic generating unit or Basslink",Voltage Stability,True,Z includes unsupported non-energy/region terms if present; not assumed zero
VNI-lower-20260212T1435,NRM_NSW1_VIC1,NRM_NSW1_VIC1|2025-11-19|1,-1 * F_VIC_to_NSW + Z_unrepresented <= RHS(t),Negative Residue Management constraint for NSW to VIC flow,Negative Residue,True,Z includes unsupported non-energy/region terms if present; not assumed zero
VNI-lower-20260307T1215,N^^V_NIL_1,N^^V_NIL_1|2025-12-02|1,-1 * F_VIC_to_NSW -0.715 * P[NBK11B] -0.715 * P[NBKB3B] -0.715 * P[NBKW1S] -0.38 * P[NBL21L] -0.38 * P[NBSF1L] -0.38 * P[NBSF2S] -0.38 * P[NCLS1C] -0.38 * P[NDNS1D] -0.38 * P[NFNS1F] +0.39 * P[NLTS3] -0.39 * P[NLTS8] +0.483 * P[NMUR8] -0.38 * P[NRB23R] -0.38 * P[NRBB3R] -0.38 * P[NRDP3D] -0.491 * P[NURQ1U] -0.491 * P[NURQ2U] -0.491 * P[NURQ3U] -0.491 * P[NURQ4U] -0.598 * P[NUTS8] +0.245 * P[VMKP1] + Z_unrepresented <= RHS(t),"Out = Nil, avoid voltage collapse at Southern NSW for loss of the largest Vic generating unit or Basslink",Voltage Stability,True,Z includes unsupported non-energy/region terms if present; not assumed zero
VNI-lower-20260307T1215,NRM_NSW1_VIC1,NRM_NSW1_VIC1|2025-11-19|1,-1 * F_VIC_to_NSW + Z_unrepresented <= RHS(t),Negative Residue Management constraint for NSW to VIC flow,Negative Residue,True,Z includes unsupported non-energy/region terms if present; not assumed zero
VNI-lower-20260409T1710,N^^V_NIL_1,N^^V_NIL_1|2025-12-02|1,-1 * F_VIC_to_NSW -0.715 * P[NBK11B] -0.715 * P[NBKB3B] -0.715 * P[NBKW1S] -0.38 * P[NBL21L] -0.38 * P[NBSF1L] -0.38 * P[NBSF2S] -0.38 * P[NCLS1C] -0.38 * P[NDNS1D] -0.38 * P[NFNS1F] +0.39 * P[NLTS3] -0.39 * P[NLTS8] +0.483 * P[NMUR8] -0.38 * P[NRB23R] -0.38 * P[NRBB3R] -0.38 * P[NRDP3D] -0.491 * P[NURQ1U] -0.491 * P[NURQ2U] -0.491 * P[NURQ3U] -0.491 * P[NURQ4U] -0.598 * P[NUTS8] +0.245 * P[VMKP1] + Z_unrepresented <= RHS(t),"Out = Nil, avoid voltage collapse at Southern NSW for loss of the largest Vic generating unit or Basslink",Voltage Stability,True,Z includes unsupported non-energy/region terms if present; not assumed zero
VNI-lower-20260409T1710,N^^V_NIL_ARWBBA,N^^V_NIL_ARWBBA|2025-12-02|1,-1 * F_VIC_to_NSW -1 * P[NBK11B] -1 * P[NBKB3B] -1 * P[NBKW1S] -0.502 * P[NBL21L] -0.502 * P[NBSF1L] -0.502 * P[NBSF2S] -0.502 * P[NCLS1C] -0.502 * P[NDNS1D] -0.502 * P[NFNS1F] +0.392 * P[NLTS3] -0.392 * P[NLTS8] +0.307 * P[NMUR8] -0.502 * P[NRB23R] -0.502 * P[NRBB3R] -0.502 * P[NRDP3D] -0.502 * P[NURQ1U] -0.502 * P[NURQ2U] -0.502 * P[NURQ3U] -0.502 * P[NURQ4U] -0.436 * P[NUTS8] +0.867 * P[VART1A] +0.867 * P[VBGT1B] +0.867 * P[VCWL1C] +0.867 * P[VMRT1M] +0.867 * P[VMRT2M] + Z_unrepresented <= RHS(t),"Out = Nil, avoid voltage collapse in southern NSW for loss of Ballarat to Waubra to Ararat 220kV lines (this also trips Waubra, Ararat and Crowlands, Bulgana and Murra Warra WFs)",Voltage Stability,True,Z includes unsupported non-energy/region terms if present; not assumed zero
VNI-lower-20260409T1710,V>>NIL_MLGT_MLGT,V>>NIL_MLGT_MLGT|2026-02-09|1,-0.159 * F_VIC_to_NSW +0.358 * P[NBK11B] +0.358 * P[NBKB3B] +0.358 * P[NBKW1S] +0.255 * P[NBL21L] +0.255 * P[NBSF1L] +0.255 * P[NBSF2S] +0.255 * P[NLMB1L] +0.153 * P[NMUR8] +0.837 * P[VART1A] -0.564 * P[VAT21L] -0.564 * P[VAT22L] +0.824 * P[VBA23B] +0.822 * P[VBAW1Y] +0.869 * P[VBBT1B] +0.869 * P[VBBT2B] +0.815 * P[VBGT1B] +0.815 * P[VBGT4B] +0.548 * P[VCPT1C] +0.829 * P[VCWL1C] +0.932 * P[VELT1M] +0.932 * P[VELT2M] +0.932 * P[VELT3E] +0.24 * P[VGET1G] +0.224 * P[VGN21G] +0.22 * P[VGN61M] +0.22 * P[VGNS1G] +0.22 * P[VGNS2W] +0.38 * P[VGP21G] +0.38 * P[VGP22G] +0.38 * P[VGPT1G] +0.38 * P[VGPT2G] +0.38 * P[VGPT3G] -0.735 * P[VGTW1M] +0.381 * P[VHGT1S] +0.76 * P[VHOG1K] +0.151 * P[VHUM] +0.578 * P[VKGB3G] +0.578 * P[VKGP1K] +0.578 * P[VKGS1G] +0.578 * P[VKGS2C] +0.598 * P[VKMT1K] +0.575 * P[VKOT1K] +0.382 * P[VM041M] +0.382 * P[VM051D] +0.382 * P[VM052D] +0.382 * P[VM053D] +0.382 * P[VM0P1O] +0.382 * P[VM0P2O] +1 * P[VMLB3V] +0.726 * P[VMRT1M] +0.726 * P[VMRT2M] -0.186 * P[VNPS] +0.155 * P[VPR21M] +0.155 * P[VPR31M] +0.155 * P[VPRT1M] +0.529 * P[VRCS1K] +0.529 * P[VRCS2Y] +0.278 * P[VSHS1N] +0.278 * P[VSHS2G] +0.278 * P[VSHS2W] +0.278 * P[VSHS3L] +0.838 * P[VTG21M] +0.838 * P[VTG31T] +0.685 * P[VTG61S] +0.685 * P[VTGT3A] +0.384 * P[VTR11H] +0.384 * P[VTR31R] +0.384 * P[VTRT1M] +0.542 * P[VWES1B] +0.542 * P[VWES2W] -0.529 * F[V-S-MNSP1] -0.433 * F[V-SA] + Z_unrepresented <= RHS(t),"Out = NIL, avoid O/L Moorabool to Geelong #1 or #2 on trip of other Moorabool to Geelong line, Feedback",Thermal,True,Z includes unsupported non-energy/region terms if present; not assumed zero
VNI-lower-20260425T2315,N^^V_NIL_ARWBBA,N^^V_NIL_ARWBBA|2025-12-02|1,-1 * F_VIC_to_NSW -1 * P[NBK11B] -1 * P[NBKB3B] -1 * P[NBKW1S] -0.502 * P[NBL21L] -0.502 * P[NBSF1L] -0.502 * P[NBSF2S] -0.502 * P[NCLS1C] -0.502 * P[NDNS1D] -0.502 * P[NFNS1F] +0.392 * P[NLTS3] -0.392 * P[NLTS8] +0.307 * P[NMUR8] -0.502 * P[NRB23R] -0.502 * P[NRBB3R] -0.502 * P[NRDP3D] -0.502 * P[NURQ1U] -0.502 * P[NURQ2U] -0.502 * P[NURQ3U] -0.502 * P[NURQ4U] -0.436 * P[NUTS8] +0.867 * P[VART1A] +0.867 * P[VBGT1B] +0.867 * P[VCWL1C] +0.867 * P[VMRT1M] +0.867 * P[VMRT2M] + Z_unrepresented <= RHS(t),"Out = Nil, avoid voltage collapse in southern NSW for loss of Ballarat to Waubra to Ararat 220kV lines (this also trips Waubra, Ararat and Crowlands, Bulgana and Murra Warra WFs)",Voltage Stability,True,Z includes unsupported non-energy/region terms if present; not assumed zero
VNI-lower-20260503T0930,#R035582_001_RAMP_F,#R035582_001_RAMP_F|2026-05-03|1,-1 * F_VIC_to_NSW -0.535 * P[NURQ4U] -0.535 * P[NURQ1U] -0.535 * P[NURQ2U] -0.535 * P[NURQ3U] + Z_unrepresented <= RHS(t),"Hard Ramping constraint for constraint N::V_DDMS, Effective Date: 02/09/2024, Version: 1",Transient Stability,True,Z includes unsupported non-energy/region terms if present; not assumed zero
VNI-lower-20260503T0930,#R035586_001_RAMP_V,#R035586_001_RAMP_V|2026-05-03|1,-1 * F_VIC_to_NSW -0.535 * P[NURQ1U] -0.535 * P[NURQ2U] -0.535 * P[NURQ3U] -0.535 * P[NURQ4U] + Z_unrepresented <= RHS(t),"Soft Ramping constraint for constraint N::V_DDMS, Effective Date: 02/09/2024, Version: 1",Transient Stability,True,Z includes unsupported non-energy/region terms if present; not assumed zero
VNI-lower-20260503T0930,N^^V_NIL_1,N^^V_NIL_1|2025-12-02|1,-1 * F_VIC_to_NSW -0.715 * P[NBK11B] -0.715 * P[NBKB3B] -0.715 * P[NBKW1S] -0.38 * P[NBL21L] -0.38 * P[NBSF1L] -0.38 * P[NBSF2S] -0.38 * P[NCLS1C] -0.38 * P[NDNS1D] -0.38 * P[NFNS1F] +0.39 * P[NLTS3] -0.39 * P[NLTS8] +0.483 * P[NMUR8] -0.38 * P[NRB23R] -0.38 * P[NRBB3R] -0.38 * P[NRDP3D] -0.491 * P[NURQ1U] -0.491 * P[NURQ2U] -0.491 * P[NURQ3U] -0.491 * P[NURQ4U] -0.598 * P[NUTS8] +0.245 * P[VMKP1] + Z_unrepresented <= RHS(t),"Out = Nil, avoid voltage collapse at Southern NSW for loss of the largest Vic generating unit or Basslink",Voltage Stability,True,Z includes unsupported non-energy/region terms if present; not assumed zero
VNI-lower-20260503T0930,N^^V_NIL_ARWBBA,N^^V_NIL_ARWBBA|2025-12-02|1,-1 * F_VIC_to_NSW -1 * P[NBK11B] -1 * P[NBKB3B] -1 * P[NBKW1S] -0.502 * P[NBL21L] -0.502 * P[NBSF1L] -0.502 * P[NBSF2S] -0.502 * P[NCLS1C] -0.502 * P[NDNS1D] -0.502 * P[NFNS1F] +0.392 * P[NLTS3] -0.392 * P[NLTS8] +0.307 * P[NMUR8] -0.502 * P[NRB23R] -0.502 * P[NRBB3R] -0.502 * P[NRDP3D] -0.502 * P[NURQ1U] -0.502 * P[NURQ2U] -0.502 * P[NURQ3U] -0.502 * P[NURQ4U] -0.436 * P[NUTS8] +0.867 * P[VART1A] +0.867 * P[VBGT1B] +0.867 * P[VCWL1C] +0.867 * P[VMRT1M] +0.867 * P[VMRT2M] + Z_unrepresented <= RHS(t),"Out = Nil, avoid voltage collapse in southern NSW for loss of Ballarat to Waubra to Ararat 220kV lines (this also trips Waubra, Ararat and Crowlands, Bulgana and Murra Warra WFs)",Voltage Stability,True,Z includes unsupported non-energy/region terms if present; not assumed zero
VNI-lower-20260603T1715,N^^V_NIL_1,N^^V_NIL_1|2025-12-02|1,-1 * F_VIC_to_NSW -0.715 * P[NBK11B] -0.715 * P[NBKB3B] -0.715 * P[NBKW1S] -0.38 * P[NBL21L] -0.38 * P[NBSF1L] -0.38 * P[NBSF2S] -0.38 * P[NCLS1C] -0.38 * P[NDNS1D] -0.38 * P[NFNS1F] +0.39 * P[NLTS3] -0.39 * P[NLTS8] +0.483 * P[NMUR8] -0.38 * P[NRB23R] -0.38 * P[NRBB3R] -0.38 * P[NRDP3D] -0.491 * P[NURQ1U] -0.491 * P[NURQ2U] -0.491 * P[NURQ3U] -0.491 * P[NURQ4U] -0.598 * P[NUTS8] +0.245 * P[VMKP1] + Z_unrepresented <= RHS(t),"Out = Nil, avoid voltage collapse at Southern NSW for loss of the largest Vic generating unit or Basslink",Voltage Stability,True,Z includes unsupported non-energy/region terms if present; not assumed zero
VNI-lower-20260603T1715,V>>NIL_MLGT_MLGT,V>>NIL_MLGT_MLGT|2026-05-28|1,-0.159 * F_VIC_to_NSW +0.358 * P[NBK11B] +0.358 * P[NBKB3B] +0.358 * P[NBKW1S] +0.255 * P[NBL21L] +0.255 * P[NBSF1L] +0.255 * P[NBSF2S] +0.255 * P[NLMB1L] +0.153 * P[NMUR8] +0.837 * P[VART1A] -0.564 * P[VAT21L] -0.564 * P[VAT22L] +0.824 * P[VBA23B] +0.822 * P[VBAW1Y] +0.869 * P[VBBT1B] +0.869 * P[VBBT2B] +0.815 * P[VBGT1B] +0.815 * P[VBGT4B] +0.548 * P[VCPT1C] +0.829 * P[VCWL1C] +0.932 * P[VELT1M] +0.932 * P[VELT2M] +0.932 * P[VELT3E] +0.24 * P[VGET1G] +0.224 * P[VGN21G] +0.22 * P[VGN61M] +0.22 * P[VGNS1G] +0.22 * P[VGNS2W] +0.38 * P[VGP21G] +0.38 * P[VGP22G] +0.38 * P[VGPT1G] +0.38 * P[VGPT2G] +0.38 * P[VGPT3G] -0.735 * P[VGTW1M] +0.381 * P[VHGT1S] +0.76 * P[VHOG1K] +0.151 * P[VHUM] +0.578 * P[VKGB3G] +0.578 * P[VKGP1K] +0.578 * P[VKGS1G] +0.578 * P[VKGS2C] +0.598 * P[VKMT1K] +0.575 * P[VKOT1K] +0.382 * P[VM041M] +0.382 * P[VM051D] +0.382 * P[VM052D] +0.382 * P[VM053D] +0.382 * P[VM0P1O] +0.382 * P[VM0P2O] +1 * P[VMLB3V] +0.726 * P[VMRT1M] +0.726 * P[VMRT2M] -0.186 * P[VNPS] +0.268 * P[VPLT1P] +0.155 * P[VPR21M] +0.155 * P[VPR31M] +0.155 * P[VPRT1M] +0.529 * P[VRCS1K] +0.529 * P[VRCS2Y] +0.278 * P[VSHS1N] +0.278 * P[VSHS2G] +0.278 * P[VSHS2W] +0.278 * P[VSHS3L] +0.838 * P[VTG21M] +0.838 * P[VTG31T] +0.685 * P[VTG61S] +0.685 * P[VTGT3A] +0.384 * P[VTR11H] +0.384 * P[VTR31R] +0.384 * P[VTRT1M] +0.542 * P[VWES1B] +0.542 * P[VWES2W] -0.529 * F[V-S-MNSP1] -0.433 * F[V-SA] + Z_unrepresented <= RHS(t),"Out = NIL, avoid O/L Moorabool to Geelong #1 or #2 on trip of other Moorabool to Geelong line, Feedback",Thermal,True,Z includes unsupported non-energy/region terms if present; not assumed zero
VNI-lower-20260622T0635,#R036061_020_RAMP_F,#R036061_020_RAMP_F|2026-06-22|1,-1 * F_VIC_to_NSW -0.715 * P[NBK11B] -0.715 * P[NBKB3B] -0.715 * P[NBKW1S] -0.38 * P[NBL21L] -0.38 * P[NBSF1L] -0.38 * P[NBSF2S] -0.38 * P[NCLS1C] -0.38 * P[NDNS1D] -0.38 * P[NFNS1F] +0.39 * P[NLTS3] -0.39 * P[NLTS8] +0.483 * P[NMUR8] -0.38 * P[NRB23R] -0.38 * P[NRBB3R] -0.38 * P[NRDP3D] -0.491 * P[NURQ1U] -0.491 * P[NURQ2U] -0.491 * P[NURQ3U] -0.491 * P[NURQ4U] -0.598 * P[NUTS8] +0.245 * P[VMKP1] + Z_unrepresented <= RHS(t),"Hard Ramping constraint for constraint N^^V_CNCW_1, Effective Date: 02/12/2025, Version: 1",Voltage Stability,True,Z includes unsupported non-energy/region terms if present; not assumed zero
VNI-lower-20260622T0635,N^^V_NIL_1,N^^V_NIL_1|2025-12-02|1,-1 * F_VIC_to_NSW -0.715 * P[NBK11B] -0.715 * P[NBKB3B] -0.715 * P[NBKW1S] -0.38 * P[NBL21L] -0.38 * P[NBSF1L] -0.38 * P[NBSF2S] -0.38 * P[NCLS1C] -0.38 * P[NDNS1D] -0.38 * P[NFNS1F] +0.39 * P[NLTS3] -0.39 * P[NLTS8] +0.483 * P[NMUR8] -0.38 * P[NRB23R] -0.38 * P[NRBB3R] -0.38 * P[NRDP3D] -0.491 * P[NURQ1U] -0.491 * P[NURQ2U] -0.491 * P[NURQ3U] -0.491 * P[NURQ4U] -0.598 * P[NUTS8] +0.245 * P[VMKP1] + Z_unrepresented <= RHS(t),"Out = Nil, avoid voltage collapse at Southern NSW for loss of the largest Vic generating unit or Basslink",Voltage Stability,True,Z includes unsupported non-energy/region terms if present; not assumed zero
VNI-lower-20260622T0635,N^^V_CNCW_1,N^^V_CNCW_1|2025-12-02|1,-1 * F_VIC_to_NSW -0.715 * P[NBK11B] -0.715 * P[NBKB3B] -0.715 * P[NBKW1S] -0.38 * P[NBL21L] -0.38 * P[NBSF1L] -0.38 * P[NBSF2S] -0.38 * P[NCLS1C] -0.38 * P[NDNS1D] -0.38 * P[NFNS1F] +0.39 * P[NLTS3] -0.39 * P[NLTS8] +0.483 * P[NMUR8] -0.38 * P[NRB23R] -0.38 * P[NRBB3R] -0.38 * P[NRDP3D] -0.491 * P[NURQ1U] -0.491 * P[NURQ2U] -0.491 * P[NURQ3U] -0.491 * P[NURQ4U] -0.598 * P[NUTS8] +0.245 * P[VMKP1] + Z_unrepresented <= RHS(t),"Out = Canberra-Capital (6) or Kangaroo Valley to Capital (3W) or Dapto-Kangaroo Valley (18), avoid voltage collapse at Darlington Point for loss of the largest Vic generating unit or Basslink",Voltage Stability,True,Z includes unsupported non-energy/region terms if present; not assumed zero
VNI-lower-20260622T0635,#R036061_020_RAMP_V,#R036061_020_RAMP_V|2026-06-22|1,-1 * F_VIC_to_NSW -0.715 * P[NBK11B] -0.715 * P[NBKB3B] -0.715 * P[NBKW1S] -0.38 * P[NBL21L] -0.38 * P[NBSF1L] -0.38 * P[NBSF2S] -0.38 * P[NCLS1C] -0.38 * P[NDNS1D] -0.38 * P[NFNS1F] +0.39 * P[NLTS3] -0.39 * P[NLTS8] +0.483 * P[NMUR8] -0.38 * P[NRB23R] -0.38 * P[NRBB3R] -0.38 * P[NRDP3D] -0.491 * P[NURQ1U] -0.491 * P[NURQ2U] -0.491 * P[NURQ3U] -0.491 * P[NURQ4U] -0.598 * P[NUTS8] +0.245 * P[VMKP1] + Z_unrepresented <= RHS(t),"Soft Ramping constraint for constraint N^^V_CNCW_1, Effective Date: 02/12/2025, Version: 1",Voltage Stability,True,Z includes unsupported non-energy/region terms if present; not assumed zero
VNI-lower-20260622T0635,N^^V_BADP_1,N^^V_BADP_1|2025-12-18|1,-1 * F_VIC_to_NSW -0.715 * P[NBK11B] -0.715 * P[NBKB3B] -0.715 * P[NBKW1S] -0.38 * P[NBL21L] -0.38 * P[NBSF1L] -0.38 * P[NBSF2S] -0.38 * P[NCLS1C] -0.38 * P[NDNS1D] -0.38 * P[NFNS1F] +0.39 * P[NLTS3] -0.39 * P[NLTS8] +0.483 * P[NMUR8] -0.38 * P[NRB23R] -0.38 * P[NRBB3R] -0.38 * P[NRDP3D] -0.491 * P[NURQ1U] -0.491 * P[NURQ2U] -0.491 * P[NURQ3U] -0.491 * P[NURQ4U] -0.598 * P[NUTS8] +0.245 * P[VMKP1] + Z_unrepresented <= RHS(t),"Out = Balranald to Darlington Point (X5) 220kV line, avoid voltage collapse at Darlington Point for loss of the largest Vic generating unit or Basslink",Voltage Stability,True,Z includes unsupported non-energy/region terms if present; not assumed zero
VNI-lower-20260714T1510,N^^V_NIL_1,N^^V_NIL_1|2025-12-02|1,-1 * F_VIC_to_NSW -0.715 * P[NBK11B] -0.715 * P[NBKB3B] -0.715 * P[NBKW1S] -0.38 * P[NBL21L] -0.38 * P[NBSF1L] -0.38 * P[NBSF2S] -0.38 * P[NCLS1C] -0.38 * P[NDNS1D] -0.38 * P[NFNS1F] +0.39 * P[NLTS3] -0.39 * P[NLTS8] +0.483 * P[NMUR8] -0.38 * P[NRB23R] -0.38 * P[NRBB3R] -0.38 * P[NRDP3D] -0.491 * P[NURQ1U] -0.491 * P[NURQ2U] -0.491 * P[NURQ3U] -0.491 * P[NURQ4U] -0.598 * P[NUTS8] +0.245 * P[VMKP1] + Z_unrepresented <= RHS(t),"Out = Nil, avoid voltage collapse at Southern NSW for loss of the largest Vic generating unit or Basslink",Voltage Stability,True,Z includes unsupported non-energy/region terms if present; not assumed zero
VNI-lower-20260714T1510,V>>NIL_MLGT_MLGT,V>>NIL_MLGT_MLGT|2026-07-04|1,-0.159 * F_VIC_to_NSW +0.358 * P[NBK11B] +0.358 * P[NBKB3B] +0.358 * P[NBKW1S] +0.255 * P[NBL21L] +0.255 * P[NBSF1L] +0.255 * P[NBSF2S] +0.255 * P[NLMB1L] +0.153 * P[NMUR8] +0.837 * P[VART1A] -0.564 * P[VAT21L] -0.564 * P[VAT22L] +0.824 * P[VBA23B] +0.822 * P[VBAW1Y] +0.869 * P[VBBT1B] +0.869 * P[VBBT2B] +0.815 * P[VBGT1B] +0.815 * P[VBGT4B] +0.548 * P[VCPT1C] +0.829 * P[VCWL1C] +0.932 * P[VELT1M] +0.932 * P[VELT2M] +0.932 * P[VELT3E] +0.24 * P[VGET1G] +0.224 * P[VGN21G] +0.22 * P[VGN61M] +0.22 * P[VGNS1G] +0.22 * P[VGNS2W] +0.38 * P[VGP21G] +0.38 * P[VGP22G] +0.38 * P[VGPT1G] +0.38 * P[VGPT2G] +0.38 * P[VGPT3G] -0.735 * P[VGTW1M] +0.381 * P[VHGT1S] +0.76 * P[VHOG1K] +0.151 * P[VHUM] +0.578 * P[VKGB3G] +0.578 * P[VKGP1K] +0.578 * P[VKGS1G] +0.578 * P[VKGS2C] +0.598 * P[VKMT1K] +0.575 * P[VKOT1K] +0.382 * P[VM041M] +0.382 * P[VM051D] +0.382 * P[VM052D] +0.382 * P[VM053D] +0.382 * P[VM0P1O] +0.382 * P[VM0P2O] +1 * P[VMLB3V] +0.726 * P[VMRT1M] +0.726 * P[VMRT2M] -0.186 * P[VNPS] +0.268 * P[VPLT1P] +0.155 * P[VPR21M] +0.155 * P[VPR31M] +0.155 * P[VPRT1M] +0.529 * P[VRCS1K] +0.529 * P[VRCS2Y] +0.278 * P[VSHS1N] +0.278 * P[VSHS2G] +0.278 * P[VSHS2W] +0.278 * P[VSHS3L] +0.838 * P[VTG21M] +0.838 * P[VTG31T] +0.685 * P[VTG61S] +0.685 * P[VTGT3A] +0.384 * P[VTR11H] +0.384 * P[VTR31R] +0.384 * P[VTRT1M] +0.542 * P[VWES1B] +0.542 * P[VWES2W] -0.529 * F[V-S-MNSP1] -0.433 * F[V-SA] + Z_unrepresented <= RHS(t),"Out = NIL, avoid O/L Moorabool to Geelong #1 or #2 on trip of other Moorabool to Geelong line, Feedback",Thermal,True,Z includes unsupported non-energy/region terms if present; not assumed zero
VNI-lower-20260810T1610,V>>NIL_MLGT_MLGT,V>>NIL_MLGT_MLGT|2026-08-06|1,-0.159 * F_VIC_to_NSW +0.358 * P[NBK11B] +0.358 * P[NBKB3B] +0.358 * P[NBKW1S] +0.255 * P[NBL21L] +0.255 * P[NBSF1L] +0.255 * P[NBSF2S] +0.255 * P[NLMB1L] +0.153 * P[NMUR8] +0.837 * P[VART1A] -0.564 * P[VAT21L] -0.564 * P[VAT22L] +0.824 * P[VBA23B] +0.822 * P[VBAW1Y] +0.869 * P[VBBT1B] +0.869 * P[VBBT2B] +0.815 * P[VBGT1B] +0.815 * P[VBGT4B] +0.548 * P[VCPT1C] +0.829 * P[VCWL1C] +0.932 * P[VELT1M] +0.932 * P[VELT2M] +0.932 * P[VELT3E] +0.24 * P[VGET1G] +0.224 * P[VGN21G] +0.22 * P[VGN61M] +0.22 * P[VGNS1G] +0.22 * P[VGNS2W] +0.38 * P[VGP21G] +0.38 * P[VGP22G] +0.38 * P[VGPT1G] +0.38 * P[VGPT2G] +0.38 * P[VGPT3G] -0.735 * P[VGTW1M] +0.381 * P[VHGT1S] +0.76 * P[VHOG1K] +0.151 * P[VHUM] +0.578 * P[VKGB3G] +0.578 * P[VKGP1K] +0.578 * P[VKGS1G] +0.578 * P[VKGS2C] +0.598 * P[VKMT1K] +0.575 * P[VKOT1K] +0.382 * P[VM041M] +0.382 * P[VM051D] +0.382 * P[VM052D] +0.382 * P[VM053D] +0.382 * P[VM0P1O] +0.382 * P[VM0P2O] +1 * P[VMLB3V] +0.726 * P[VMRT1M] +0.726 * P[VMRT2M] -0.186 * P[VNPS] +0.268 * P[VPLT1P] +0.155 * P[VPR21M] +0.155 * P[VPR31M] +0.155 * P[VPRT1M] +0.529 * P[VRCS1K] +0.529 * P[VRCS2Y] +0.278 * P[VSHS1N] +0.278 * P[VSHS2G] +0.278 * P[VSHS2W] +0.278 * P[VSHS3L] +0.838 * P[VTG21M] +0.838 * P[VTG31T] +0.685 * P[VTG61S] +0.685 * P[VTGT3A] +0.384 * P[VTR11H] +0.384 * P[VTR31R] +0.384 * P[VTRT1M] +0.542 * P[VWES1B] +0.542 * P[VWES2W] -0.529 * F[V-S-MNSP1] -0.433 * F[V-SA] + Z_unrepresented <= RHS(t),"Out = NIL, avoid O/L Moorabool to Geelong #1 or #2 on trip of other Moorabool to Geelong line, Feedback",Thermal,True,Z includes unsupported non-energy/region terms if present; not assumed zero
VNI-upper-20240908T1800,N::N_DTKV_2,N::N_DTKV_2|2024-09-04|1,0.98 * F_VIC_to_NSW +0.977 * P[NAL11C] +0.871 * P[NBA21B] +0.87 * P[NBB21B] +0.979 * P[NBK11B] +0.979 * P[NBKB3B] +0.979 * P[NBKW1S] +0.978 * P[NBL21L] +0.953 * P[NBLW8] +0.978 * P[NBSF1L] +0.978 * P[NBSF2S] +1 * P[NCKW1C] +0.976 * P[NCLS1C] +0.994 * P[NCLW1C] +0.985 * P[NCMA3B] +1 * P[NCW31C] +0.985 * P[NCWF2W] +0.976 * P[NDNH1H] +0.976 * P[NDNS1D] +0.386 * P[NFBS1J] +0.975 * P[NFNS1F] +0.998 * P[NGUR1G] +0.998 * P[NGUR2G] +0.998 * P[NGUR3G] +0.982 * P[NGUT8] +0.977 * P[NHUM] -0.983 * P[NLTS3] +0.983 * P[NLTS8] +0.134 * P[NMLS1M] +0.0898 * P[NMOS1M] +0.974 * P[NNRN1A] +0.274 * P[NPG11P] +0.274 * P[NPG12G] +0.985 * P[NQBB3Q] +0.985 * P[NQBC1C] -0.985 * P[NQBC2C] +0.985 * P[NQBC3C] +0.975 * P[NRB23R] +0.975 * P[NRBB1R] -0.975 * P[NRBB2R] +0.975 * P[NRBB3R] +0.975 * P[NRDP3D] +0.99 * P[NRPK1R] +0.985 * P[NSHL] -0.985 * P[NSHP1] +0.972 * P[NURQ1U] +0.972 * P[NURQ2U] +0.972 * P[NURQ3U] +0.972 * P[NURQ4U] +0.983 * P[NUTS8] +0.97 * P[NWGG1W] +0.97 * P[NWGJ1J] +0.97 * P[NWGJ2S] +0.97 * P[NWGJ3W] +0.97 * P[NWGJ4W] +0.97 * P[NWGS1B] +0.0774 * P[NWLW1S] +0.934 * P[NYS12A] + Z_unrepresented <= RHS(t),"Out = Dapto - Kangaroo Valley (18) 330kV line, transient stability limit (Snowy-NSW) for loss of one 330kV line between Yass and Bannaby/Marulan with  summated flow on 4+5+61 <=1500",Transient Stability,True,Z includes unsupported non-energy/region terms if present; not assumed zero
VNI-upper-20240929T1720,N^^N_BDBU_X5_BEKG,N^^N_BDBU_X5_BEKG|2024-09-25|1,0.0937 * F_VIC_to_NSW +1 * P[NBL21L] +0.665 * P[NBK11B] +0.665 * P[NBKB3B] +0.665 * P[NBKW1S] +1 * P[NBSF1L] +1 * P[NBSF2S] -0.151 * P[NCLS1C] -0.157 * P[NDNH1H] -0.157 * P[NDNS1D] -0.0745 * P[NMUR8] -0.0966 * P[NNRN1A] -0.157 * P[NRB23R] -0.157 * P[NRBB1R] +0.157 * P[NRBB2R] -0.157 * P[NRBB3R] -0.157 * P[NRDP3D] +0.135 * P[VART1A] +0.162 * P[VBGT1B] +0.162 * P[VBGT2B] -0.162 * P[VBGT3B] +0.162 * P[VBGT4B] +0.145 * P[VCWL1C] +0.225 * P[VHOG1K] +0.255 * P[VKGB3G] +0.255 * P[VKGS1G] +0.255 * P[VKGS2C] +0.434 * P[VKMT1K] +0.271 * P[VMRT1M] +0.271 * P[VMRT2M] +0.521 * P[VRCS1K] +0.521 * P[VRCS2Y] +0.45 * P[VWES1B] +0.45 * P[VWES2W] -0.521 * F[V-S-MNSP1] + Z_unrepresented <= RHS(t),"Out = Bundey to Buronga (6F) 330kV line, limit power flow on line X5 from Balranald to Darlington Point (X5) to avoid voltage collapse at Balranald for contingency trip of Bendigo to Kerang 220kV line and other nearby lines in NW Victoria",Voltage Stability,True,Z includes unsupported non-energy/region terms if present; not assumed zero
VNI-upper-20240929T1720,N::N_SDUT_2,N::N_SDUT_2|2024-09-04|1,0.982 * F_VIC_to_NSW +0.979 * P[NAL11C] +0.873 * P[NBA21B] +0.872 * P[NBB21B] +0.981 * P[NBK11B] +0.981 * P[NBKB3B] +0.981 * P[NBKW1S] +0.98 * P[NBL21L] +0.955 * P[NBLW8] +0.98 * P[NBSF1L] +0.98 * P[NBSF2S] +1 * P[NCKW1C] +0.978 * P[NCLS1C] +0.995 * P[NCLW1C] +0.99 * P[NCMA3B] +1 * P[NCW31C] +0.978 * P[NDNH1H] +0.978 * P[NDNS1D] +0.387 * P[NFBS1J] +0.977 * P[NFNS1F] +0.998 * P[NGUR1G] +0.998 * P[NGUR2G] +0.998 * P[NGUR3G] +0.984 * P[NGUT8] +0.98 * P[NHUM] -0.985 * P[NLTS3] +0.985 * P[NLTS8] +0.135 * P[NMLS1M] +0.0902 * P[NMOS1M] +0.976 * P[NNRN1A] +0.275 * P[NPG11P] +0.275 * P[NPG12G] +0.99 * P[NQBB3Q] +0.99 * P[NQBC1C] -0.99 * P[NQBC2C] +0.99 * P[NQBC3C] +0.978 * P[NRB23R] +0.978 * P[NRBB1R] -0.978 * P[NRBB2R] +0.978 * P[NRBB3R] +0.978 * P[NRDP3D] +0.991 * P[NRPK1R] +0.975 * P[NURQ1U] +0.975 * P[NURQ2U] +0.975 * P[NURQ3U] +0.975 * P[NURQ4U] +0.985 * P[NUTS8] +0.973 * P[NWGG1W] +0.973 * P[NWGJ1J] +0.973 * P[NWGJ2S] +0.973 * P[NWGJ3W] +0.973 * P[NWGJ4W] +0.973 * P[NWGS1B] +0.0779 * P[NWLW1S] +0.936 * P[NYS12A] + Z_unrepresented <= RHS(t),"Out = Upper Tumut-Stockdill (1), stability limit (Snowy-NSW) for fault of various location between Yass-South Morang area",Transient Stability,True,Z includes unsupported non-energy/region terms if present; not assumed zero
VNI-upper-20241028T1505,N>>BDBU_970_051,N>>BDBU_970_051|2024-10-04|1,0.0883 * F_VIC_to_NSW +0.1639 * P[NAL11C] -0.08112 * P[NBA21B] -0.08105 * P[NBB21B] +0.1239 * P[NBK11B] +0.1239 * P[NBKB3B] +0.1239 * P[NBKW1S] +0.1447 * P[NBL21L] +1 * P[NBLW8] +0.1447 * P[NBSF1L] +0.1447 * P[NBSF2S] +0.1882 * P[NCLS1C] +0.1884 * P[NDNH1H] +0.1884 * P[NDNS1D] +0.1848 * P[NFNS1F] +0.151 * P[NHUM] +0.2062 * P[NNRN1A] +0.1884 * P[NRB23R] +0.1884 * P[NRBB1R] -0.1884 * P[NRBB2R] +0.1884 * P[NRBB3R] +0.1884 * P[NRDP3D] +0.2184 * P[NURQ1U] +0.2184 * P[NURQ2U] +0.2184 * P[NURQ3U] +0.2184 * P[NURQ4U] +0.2073 * P[NWGG1W] +0.2073 * P[NWGJ1J] +0.2073 * P[NWGJ2S] +0.2073 * P[NWGJ3W] +0.2073 * P[NWGJ4W] +0.2073 * P[NWGS1B] -0.08694 * P[NYS12A] + Z_unrepresented <= RHS(t),"Out = Bundey to Buronga (6F) 330kV line, avoid O/L Burrinjuck to Yass (970) on trip of Wagga to Lower Tumut (051) line, Feedback",Thermal,True,Z includes unsupported non-energy/region terms if present; not assumed zero
VNI-upper-20241028T1505,N::N_MNYS_2,N::N_MNYS_2|2024-10-22|1,0.979 * F_VIC_to_NSW +0.976 * P[NAL11C] +0.869 * P[NBA21B] +0.869 * P[NBB21B] +0.978 * P[NBK11B] +0.978 * P[NBKB3B] +0.978 * P[NBKW1S] +0.977 * P[NBL21L] +0.952 * P[NBLW8] +0.977 * P[NBSF1L] +0.977 * P[NBSF2S] +1 * P[NCKW1C] +0.975 * P[NCLS1C] +0.993 * P[NCLW1C] +0.986 * P[NCMA3B] +1 * P[NCW31C] +0.975 * P[NDNH1H] +0.975 * P[NDNS1D] +0.386 * P[NFBS1J] +0.974 * P[NFNS1F] +0.997 * P[NGUR1G] +0.997 * P[NGUR2G] +0.997 * P[NGUR3G] +0.982 * P[NGUT8] +0.977 * P[NHUM] -0.982 * P[NLTS3] +0.982 * P[NLTS8] +0.134 * P[NMLS1M] +0.0899 * P[NMOS1M] +0.973 * P[NNRN1A] +0.274 * P[NPG11P] +0.274 * P[NPG12G] +0.986 * P[NQBB3Q] +0.986 * P[NQBC3C] +0.975 * P[NRB23R] +0.975 * P[NRBB1R] -0.975 * P[NRBB2R] +0.975 * P[NRBB3R] +0.975 * P[NRDP3D] +0.988 * P[NRPK1R] +0.972 * P[NURQ1U] +0.972 * P[NURQ2U] +0.972 * P[NURQ3U] +0.972 * P[NURQ4U] +0.983 * P[NUTS8] +0.969 * P[NWGG1W] +0.969 * P[NWGJ1J] +0.969 * P[NWGJ2S] +0.969 * P[NWGJ3W] +0.969 * P[NWGJ4W] +0.969 * P[NWGS1B] +0.977 * P[NWL21W] +0.977 * P[NWLA1W] +0.0776 * P[NWLW1S] +0.932 * P[NYS12A] + Z_unrepresented <= RHS(t),"Out = Marulan-Yass (5), stability limit (Snowy-NSW) for loss of a 330kV line between Yass and Bannaby/Marulan (3H, 3J, 3L, 3P, 4 or 61)",Transient Stability,True,Z includes unsupported non-energy/region terms if present; not assumed zero
VNI-upper-20241111T1735,N::N_MNYS_2,N::N_MNYS_2|2024-10-30|1,0.979 * F_VIC_to_NSW +0.976 * P[NAL11C] +0.869 * P[NBA21B] +0.869 * P[NBB21B] +0.978 * P[NBK11B] +0.978 * P[NBKB3B] +0.978 * P[NBKW1S] +0.977 * P[NBL21L] +0.952 * P[NBLW8] +0.977 * P[NBSF1L] +0.977 * P[NBSF2S] +1 * P[NCKW1C] +0.975 * P[NCLS1C] +0.993 * P[NCLW1C] +0.986 * P[NCMA3B] +1 * P[NCW31C] +0.975 * P[NDNH1H] +0.975 * P[NDNS1D] +0.386 * P[NFBS1J] +0.974 * P[NFNS1F] +0.997 * P[NGUR1G] +0.997 * P[NGUR2G] +0.997 * P[NGUR3G] +0.982 * P[NGUT8] +0.977 * P[NHUM] -0.982 * P[NLTS3] +0.982 * P[NLTS8] +0.134 * P[NMLS1M] +0.0899 * P[NMOS1M] +0.973 * P[NNRN1A] +0.274 * P[NPG11P] +0.274 * P[NPG12G] +0.986 * P[NQBB3Q] +0.986 * P[NQBC3C] +0.975 * P[NRB23R] +0.975 * P[NRBB3R] +0.975 * P[NRDP3D] +0.988 * P[NRPK1R] +0.972 * P[NURQ1U] +0.972 * P[NURQ2U] +0.972 * P[NURQ3U] +0.972 * P[NURQ4U] +0.983 * P[NUTS8] +0.969 * P[NWGG1W] +0.969 * P[NWGJ1J] +0.969 * P[NWGJ2S] +0.969 * P[NWGJ3W] +0.977 * P[NWLA1W] +0.969 * P[NWGJ4W] +0.969 * P[NWGS1B] +0.977 * P[NWL21W] +0.0776 * P[NWLW1S] +0.932 * P[NYS12A] + Z_unrepresented <= RHS(t),"Out = Marulan-Yass (5), stability limit (Snowy-NSW) for loss of a 330kV line between Yass and Bannaby/Marulan (3H, 3J, 3L, 3P, 4 or 61)",Transient Stability,True,Z includes unsupported non-energy/region terms if present; not assumed zero
VNI-upper-20241117T1550,V^^N_MNYS_1,V^^N_MNYS_1|2024-09-05|1,0.249 * F_VIC_to_NSW -0.229 * P[NGUT8] +1 * P[NHUM] -0.0933 * P[NMUR8] -0.0833 * P[VDPS] -0.0833 * P[VMKP1] -0.0833 * P[VWKP1] -0.0833 * P[VWKP2] + Z_unrepresented <= RHS(t),"Out = Marulan to Yass (4 or 5) 330kV line, avoid voltage collapse around Murray for loss of all APD potlines",Voltage Stability,True,Z includes unsupported non-energy/region terms if present; not assumed zero
VNI-upper-20241117T1550,N^^N_BDBU_X5_BESH,N^^N_BDBU_X5_BESH|2024-11-15|1,0.0961 * F_VIC_to_NSW +0.657 * P[NBK11B] +0.657 * P[NBKB3B] +0.657 * P[NBKW1S] +1 * P[NBL21L] +1 * P[NBSF1L] +1 * P[NBSF2S] -0.155 * P[NCLS1C] -0.161 * P[NDNH1H] -0.161 * P[NDNS1D] -0.0764 * P[NMUR8] -0.0991 * P[NNRN1A] -0.161 * P[NRB23R] -0.161 * P[NRBB3R] -0.161 * P[NRDP3D] +0.139 * P[VART1A] +0.166 * P[VBGT1B] +0.166 * P[VBGT4B] +0.148 * P[VCWL1C] +0.231 * P[VHOG1K] +0.261 * P[VKGB3G] +0.261 * P[VKGP1K] +0.261 * P[VKGS1G] +0.261 * P[VKGS2C] +0.445 * P[VKMT1K] +0.279 * P[VKOT1K] +0.278 * P[VMRT1M] +0.278 * P[VMRT2M] +0.535 * P[VRCS1K] +0.535 * P[VRCS2Y] +0.462 * P[VWES1B] +0.462 * P[VWES2W] -0.535 * F[V-S-MNSP1] + Z_unrepresented <= RHS(t),"Out = Bundey to Buronga (6F) 330kV line, limit power flow on line X5 from Balranald to Darlington Point (X5) to avoid voltage collapse at Balranald for contingency trip of Bendigo to Shepparton 220kV line in NW Victoria",Voltage Stability,True,Z includes unsupported non-energy/region terms if present; not assumed zero
VNI-upper-20241117T1550,N^^N_BDBU_X5_BEKG,N^^N_BDBU_X5_BEKG|2024-11-15|1,0.0961 * F_VIC_to_NSW +0.657 * P[NBK11B] +0.657 * P[NBKB3B] +0.657 * P[NBKW1S] +1 * P[NBL21L] +1 * P[NBSF1L] +1 * P[NBSF2S] -0.155 * P[NCLS1C] -0.161 * P[NDNH1H] -0.161 * P[NDNS1D] -0.0764 * P[NMUR8] -0.0991 * P[NNRN1A] -0.161 * P[NRB23R] -0.161 * P[NRBB3R] -0.161 * P[NRDP3D] +0.139 * P[VART1A] +0.166 * P[VBGT1B] +0.166 * P[VBGT4B] +0.148 * P[VCWL1C] +0.231 * P[VHOG1K] +0.261 * P[VKGB3G] +0.261 * P[VKGP1K] +0.261 * P[VKGS1G] +0.261 * P[VKGS2C] +0.445 * P[VKMT1K] +0.279 * P[VKOT1K] +0.278 * P[VMRT1M] +0.278 * P[VMRT2M] +0.535 * P[VRCS1K] +0.535 * P[VRCS2Y] +0.462 * P[VWES1B] +0.462 * P[VWES2W] -0.535 * F[V-S-MNSP1] + Z_unrepresented <= RHS(t),"Out = Bundey to Buronga (6F) 330kV line, limit power flow on line X5 from Balranald to Darlington Point (X5) to avoid voltage collapse at Balranald for contingency trip of Bendigo to Kerang 220kV line and other nearby lines in NW Victoria",Voltage Stability,True,Z includes unsupported non-energy/region terms if present; not assumed zero
VNI-upper-20241117T1550,N::N_MNYS_2,N::N_MNYS_2|2024-10-30|1,0.979 * F_VIC_to_NSW +0.976 * P[NAL11C] +0.869 * P[NBA21B] +0.869 * P[NBB21B] +0.978 * P[NBK11B] +0.978 * P[NBKB3B] +0.978 * P[NBKW1S] +0.977 * P[NBL21L] +0.952 * P[NBLW8] +0.977 * P[NBSF1L] +0.977 * P[NBSF2S] +1 * P[NCKW1C] +0.975 * P[NCLS1C] +0.993 * P[NCLW1C] +0.986 * P[NCMA3B] +1 * P[NCW31C] +0.975 * P[NDNH1H] +0.975 * P[NDNS1D] +0.386 * P[NFBS1J] +0.974 * P[NFNS1F] +0.997 * P[NGUR1G] +0.997 * P[NGUR2G] +0.997 * P[NGUR3G] +0.982 * P[NGUT8] +0.977 * P[NHUM] -0.982 * P[NLTS3] +0.982 * P[NLTS8] +0.134 * P[NMLS1M] +0.0899 * P[NMOS1M] +0.973 * P[NNRN1A] +0.274 * P[NPG11P] +0.274 * P[NPG12G] +0.986 * P[NQBB3Q] +0.986 * P[NQBC3C] +0.975 * P[NRB23R] +0.975 * P[NRBB3R] +0.975 * P[NRDP3D] +0.988 * P[NRPK1R] +0.972 * P[NURQ1U] +0.972 * P[NURQ2U] +0.972 * P[NURQ3U] +0.972 * P[NURQ4U] +0.983 * P[NUTS8] +0.969 * P[NWGG1W] +0.969 * P[NWGJ1J] +0.969 * P[NWGJ2S] +0.969 * P[NWGJ3W] +0.977 * P[NWLA1W] +0.969 * P[NWGJ4W] +0.969 * P[NWGS1B] +0.977 * P[NWL21W] +0.0776 * P[NWLW1S] +0.932 * P[NYS12A] + Z_unrepresented <= RHS(t),"Out = Marulan-Yass (5), stability limit (Snowy-NSW) for loss of a 330kV line between Yass and Bannaby/Marulan (3H, 3J, 3L, 3P, 4 or 61)",Transient Stability,True,Z includes unsupported non-energy/region terms if present; not assumed zero
VNI-upper-20241121T1750,N::N_2_5_2,N::N_2_5_2|2024-11-19|1,0.979 * F_VIC_to_NSW +0.975 * P[NAL11C] +0.869 * P[NBA21B] +0.869 * P[NBB21B] +0.977 * P[NBK11B] +0.977 * P[NBKB3B] +0.977 * P[NBKW1S] +0.977 * P[NBL21L] +0.952 * P[NBLW8] +0.977 * P[NBSF1L] +0.977 * P[NBSF2S] +1 * P[NCKW1C] +0.974 * P[NCLS1C] +0.993 * P[NCLW1C] +0.986 * P[NCMA3B] +1 * P[NCW31C] +0.992 * P[NCWF2W] +0.974 * P[NDNH1H] +0.974 * P[NDNS1D] +0.386 * P[NFBS1J] +0.974 * P[NFNS1F] +0.997 * P[NGUR1G] +0.997 * P[NGUR2G] +0.997 * P[NGUR3G] +0.981 * P[NGUT8] +0.976 * P[NHUM] -0.982 * P[NLTS3] +0.982 * P[NLTS8] +0.134 * P[NMLS1M] +0.0899 * P[NMOS1M] +0.972 * P[NNRN1A] +0.274 * P[NPG11P] +0.274 * P[NPG12G] +0.986 * P[NQBB3Q] +0.985 * P[NQBC3C] +0.974 * P[NRB23R] +0.974 * P[NRBB3R] +0.974 * P[NRDP3D] +0.988 * P[NRPK1R] +0.971 * P[NURQ1U] +0.971 * P[NURQ2U] +0.971 * P[NURQ3U] +0.971 * P[NURQ4U] +0.982 * P[NUTS8] +0.969 * P[NWGJ3W] +0.969 * P[NWGG1W] +0.969 * P[NWGJ1J] +0.969 * P[NWGJ2S] +0.969 * P[NWGJ4W] +0.969 * P[NWGS1B] +0.977 * P[NWL21W] +0.977 * P[NWLA1W] +0.0776 * P[NWLW1S] +0.932 * P[NYS12A] + Z_unrepresented <= RHS(t),"Out= Ravine-Yass (2) 330kV line and Marulan to Yass (5) 330kV line, stability limit (Snowy-NSW) for fault at various location between Yass and South Morang area",Transient Stability,True,Z includes unsupported non-energy/region terms if present; not assumed zero
VNI-upper-20241121T1750,V>>N_BDBU_65_66,V>>N_BDBU_65_66|2024-11-15|1,0.804 * F_VIC_to_NSW +0.474 * P[NAL11C] +0.641 * P[NBK11B] +0.641 * P[NBKB3B] +0.641 * P[NBKW1S] +0.541 * P[NBL21L] +0.184 * P[NBLW8] +0.541 * P[NBSF1L] +0.541 * P[NBSF2S] +0.349 * P[NCLS1C] +0.346 * P[NDNH1H] +0.346 * P[NDNS1D] +0.196 * P[NMUR8] +0.398 * P[NFNS1F] +1 * P[NGUT8] +0.522 * P[NHUM] +0.321 * P[NNRN1A] +0.346 * P[NRB23R] +0.346 * P[NRBB3R] +0.346 * P[NRDP3D] +0.305 * P[NURQ1U] +0.305 * P[NURQ2U] +0.305 * P[NURQ3U] +0.305 * P[NURQ4U] -0.0719 * P[NUTS8] +0.287 * P[NWGG1W] +0.287 * P[NWGJ1J] +0.287 * P[NWGJ2S] +0.287 * P[NWGJ3W] +0.287 * P[NWGJ4W] +0.287 * P[NWGS1B] +0.511 * P[NWL21W] +0.511 * P[NWLA1W] -0.108 * P[VHUM] -0.0769 * P[VKGB3G] -0.0769 * P[VKGP1K] -0.0769 * P[VKGS1G] -0.0769 * P[VKGS2C] -0.13 * P[VKMT1K] -0.082 * P[VKOT1K] -0.0817 * P[VMRT1M] -0.0817 * P[VMRT2M] -0.156 * P[VRCS1K] -0.156 * P[VRCS2Y] -0.135 * P[VWES1B] -0.135 * P[VWES2W] +0.156 * F[V-S-MNSP1] + Z_unrepresented <= RHS(t),"Out = Bundey to Buronga (6F) 330kV line, avoid Murray to Upper Tumut(65) O/L on Murray to Lower Tumut(66) trip; Feedback",Thermal,True,Z includes unsupported non-energy/region terms if present; not assumed zero
VNI-upper-20241122T1800,N::N_2_5_2,N::N_2_5_2|2024-11-19|1,0.979 * F_VIC_to_NSW +0.975 * P[NAL11C] +0.869 * P[NBA21B] +0.869 * P[NBB21B] +0.977 * P[NBK11B] +0.977 * P[NBKB3B] +0.977 * P[NBKW1S] +0.977 * P[NBL21L] +0.952 * P[NBLW8] +0.977 * P[NBSF1L] +0.977 * P[NBSF2S] +1 * P[NCKW1C] +0.974 * P[NCLS1C] +0.993 * P[NCLW1C] +0.986 * P[NCMA3B] +1 * P[NCW31C] +0.992 * P[NCWF2W] +0.974 * P[NDNH1H] +0.974 * P[NDNS1D] +0.386 * P[NFBS1J] +0.974 * P[NFNS1F] +0.997 * P[NGUR1G] +0.997 * P[NGUR2G] +0.997 * P[NGUR3G] +0.981 * P[NGUT8] +0.976 * P[NHUM] -0.982 * P[NLTS3] +0.982 * P[NLTS8] +0.134 * P[NMLS1M] +0.0899 * P[NMOS1M] +0.972 * P[NNRN1A] +0.274 * P[NPG11P] +0.274 * P[NPG12G] +0.986 * P[NQBB3Q] +0.985 * P[NQBC3C] +0.974 * P[NRB23R] +0.974 * P[NRBB3R] +0.974 * P[NRDP3D] +0.988 * P[NRPK1R] +0.971 * P[NURQ1U] +0.971 * P[NURQ2U] +0.971 * P[NURQ3U] +0.971 * P[NURQ4U] +0.982 * P[NUTS8] +0.969 * P[NWGJ3W] +0.969 * P[NWGG1W] +0.969 * P[NWGJ1J] +0.969 * P[NWGJ2S] +0.969 * P[NWGJ4W] +0.969 * P[NWGS1B] +0.977 * P[NWL21W] +0.977 * P[NWLA1W] +0.0776 * P[NWLW1S] +0.932 * P[NYS12A] + Z_unrepresented <= RHS(t),"Out= Ravine-Yass (2) 330kV line and Marulan to Yass (5) 330kV line, stability limit (Snowy-NSW) for fault at various location between Yass and South Morang area",Transient Stability,True,Z includes unsupported non-energy/region terms if present; not assumed zero
VNI-upper-20241123T1740,V>>N_NIL_65_66,V>>N_NIL_65_66|2024-11-15|1,0.8 * F_VIC_to_NSW +0.476 * P[NAL11C] +0.675 * P[NBK11B] +0.675 * P[NBKB3B] +0.675 * P[NBKW1S] +0.566 * P[NBL21L] +0.185 * P[NBLW8] +0.566 * P[NBSF1L] +0.566 * P[NBSF2S] +0.354 * P[NCLS1C] +0.35 * P[NDNH1H] +0.35 * P[NDNS1D] +0.4 * P[NFNS1F] +1 * P[NGUT8] +0.522 * P[NHUM] +0.2 * P[NMUR8] +0.324 * P[NNRN1A] +0.351 * P[NRB23R] +0.351 * P[NRBB3R] +0.351 * P[NRDP3D] +0.306 * P[NURQ1U] +0.306 * P[NURQ2U] +0.306 * P[NURQ3U] +0.306 * P[NURQ4U] -0.0723 * P[NUTS8] +0.289 * P[NWGG1W] +0.289 * P[NWGJ1J] +0.289 * P[NWGJ2S] +0.289 * P[NWGJ3W] +0.289 * P[NWGJ4W] +0.289 * P[NWGS1B] +0.512 * P[NWL21W] +0.512 * P[NWLA1W] -0.105 * P[VHUM] -0.0997 * P[VKMT1K] -0.119 * P[VRCS1K] -0.119 * P[VRCS2Y] -0.103 * P[VWES1B] -0.103 * P[VWES2W] +0.119 * F[V-S-MNSP1] + Z_unrepresented <= RHS(t),"Out = Nil, avoid Murray to Upper Tumut(65) O/L on Murray to Lower Tumut(66) trip; Feedback",Thermal,True,Z includes unsupported non-energy/region terms if present; not assumed zero
VNI-upper-20241123T1740,N>>5_998_4,N>>5_998_4|2024-10-30|1,0.127 * F_VIC_to_NSW +0.138 * P[NAL11C] +0.416 * P[NBA21B] +0.418 * P[NBB21B] -0.114 * P[NBES1B] +0.132 * P[NBK11B] +0.132 * P[NBKB3B] +0.132 * P[NBKW1S] +0.134 * P[NBL21L] +0.201 * P[NBLW8] -0.13 * P[NBOD1B] +0.134 * P[NBSF1L] +0.134 * P[NBSF2S] -0.0763 * P[NCDS1C] +0.14 * P[NCLS1C] +0.119 * P[NCLW1C] +0.11 * P[NCMA3B] +0.0857 * P[NCWF2W] +0.14 * P[NDNH1H] +0.14 * P[NDNS1D] -1 * P[NFBS1J] -0.122 * P[NLTS3] +0.142 * P[NFNS1F] +0.123 * P[NGUT8] +0.136 * P[NHUM] +0.122 * P[NLTS8] -0.349 * P[NMLS1M] -0.234 * P[NMOS1M] +0.145 * P[NNRN1A] -0.144 * P[NONF1F] -0.71 * P[NPG11P] -0.71 * P[NPG12G] +0.11 * P[NQBB3Q] +0.11 * P[NQBC3C] +0.14 * P[NRB23R] +0.14 * P[NRBB3R] +0.14 * P[NRDP3D] +0.102 * P[NRPK1R] +0.149 * P[NURQ1U] +0.149 * P[NURQ2U] +0.149 * P[NURQ3U] +0.149 * P[NURQ4U] +0.12 * P[NUTS8] +0.155 * P[NWGG1W] +0.155 * P[NWGJ1J] +0.155 * P[NWGJ2S] +0.155 * P[NWGJ3W] +0.155 * P[NWGJ4W] +0.155 * P[NWGS1B] +0.134 * P[NWL21W] -0.138 * P[NWL82N] +0.134 * P[NWLA1W] -0.0837 * P[NWLN1W] -0.138 * P[NWLS3N] -0.138 * P[NWLS4W] -0.202 * P[NWLW1S] +0.254 * P[NYS12A] + Z_unrepresented <= RHS(t),"Out= Marulan-Yass (5), avoid O/L Cowra to Forbes (998) 132kV line on trip of Collector to Marulan (4) 330kV line, [Wagga-Yass 132kV parallel lines CLOSED], Feedback",Thermal,True,Z includes unsupported non-energy/region terms if present; not assumed zero
VNI-upper-20241123T1740,N::N_MNYS_2,N::N_MNYS_2|2024-10-30|1,0.979 * F_VIC_to_NSW +0.976 * P[NAL11C] +0.869 * P[NBA21B] +0.869 * P[NBB21B] +0.978 * P[NBK11B] +0.978 * P[NBKB3B] +0.978 * P[NBKW1S] +0.977 * P[NBL21L] +0.952 * P[NBLW8] +0.977 * P[NBSF1L] +0.977 * P[NBSF2S] +1 * P[NCKW1C] +0.975 * P[NCLS1C] +0.993 * P[NCLW1C] +0.986 * P[NCMA3B] +1 * P[NCW31C] +0.975 * P[NDNH1H] +0.975 * P[NDNS1D] +0.386 * P[NFBS1J] +0.974 * P[NFNS1F] +0.997 * P[NGUR1G] +0.997 * P[NGUR2G] +0.997 * P[NGUR3G] +0.982 * P[NGUT8] +0.977 * P[NHUM] -0.982 * P[NLTS3] +0.982 * P[NLTS8] +0.134 * P[NMLS1M] +0.0899 * P[NMOS1M] +0.973 * P[NNRN1A] +0.274 * P[NPG11P] +0.274 * P[NPG12G] +0.986 * P[NQBB3Q] +0.986 * P[NQBC3C] +0.975 * P[NRB23R] +0.975 * P[NRBB3R] +0.975 * P[NRDP3D] +0.988 * P[NRPK1R] +0.972 * P[NURQ1U] +0.972 * P[NURQ2U] +0.972 * P[NURQ3U] +0.972 * P[NURQ4U] +0.983 * P[NUTS8] +0.969 * P[NWGG1W] +0.969 * P[NWGJ1J] +0.969 * P[NWGJ2S] +0.969 * P[NWGJ3W] +0.977 * P[NWLA1W] +0.969 * P[NWGJ4W] +0.969 * P[NWGS1B] +0.977 * P[NWL21W] +0.0776 * P[NWLW1S] +0.932 * P[NYS12A] + Z_unrepresented <= RHS(t),"Out = Marulan-Yass (5), stability limit (Snowy-NSW) for loss of a 330kV line between Yass and Bannaby/Marulan (3H, 3J, 3L, 3P, 4 or 61)",Transient Stability,True,Z includes unsupported non-energy/region terms if present; not assumed zero
VNI-upper-20241127T1450,N>>NIL_4,N>>NIL_4|2024-10-30|1,0.4683 * F_VIC_to_NSW +0.4685 * P[NAL11C] +0.4368 * P[NBA21B] +0.4364 * P[NBB21B] +0.4684 * P[NBK11B] +0.4684 * P[NBKB3B] +0.4684 * P[NBKW1S] +0.4684 * P[NBL21L] +0.4685 * P[NBLW8] +0.4684 * P[NBSF1L] +0.4684 * P[NBSF2S] +0.1657 * P[NCKW1C] +0.4685 * P[NCLS1C] +1 * P[NCLW1C] +0.4442 * P[NCMA3B] +0.1657 * P[NCW31C] +0.3324 * P[NCWF2W] +0.4685 * P[NDNH1H] +0.4685 * P[NDNS1D] +0.1917 * P[NFBS1J] +0.4685 * P[NFNS1F] +0.2295 * P[NGUR1G] +0.2295 * P[NGUR2G] +0.2295 * P[NGUR3G] +0.4685 * P[NGUT8] +0.4685 * P[NHUM] +0.135 * P[NPG11P] -0.4687 * P[NLTS3] +0.4687 * P[NLTS8] +0.4685 * P[NNRN1A] +0.135 * P[NPG12G] +0.4438 * P[NQBB3Q] +0.4437 * P[NQBC3C] +0.4684 * P[NRB23R] +0.4684 * P[NRBB3R] +0.4684 * P[NRDP3D] +0.4188 * P[NRPK1R] +0.09179 * P[NSHL] -0.09179 * P[NSHP1] +0.4685 * P[NURQ1U] +0.4685 * P[NURQ2U] +0.4685 * P[NURQ3U] +0.4685 * P[NURQ4U] +0.4684 * P[NUTS8] +0.4685 * P[NWGG1W] +0.4685 * P[NWGJ1J] +0.4685 * P[NWGJ2S] +0.4685 * P[NWGJ3W] +0.4685 * P[NWGJ4W] +0.4685 * P[NWGS1B] +0.4685 * P[NYS12A] + Z_unrepresented <= RHS(t),"Out= Nil, avoid O/L Collector to Marulan (4) on trip of Nil, Feedback",Thermal,True,Z includes unsupported non-energy/region terms if present; not assumed zero
VNI-upper-20241127T1450,N>>NIL_998_18,N>>NIL_998_18|2024-11-08|1,0.0861 * F_VIC_to_NSW +0.096 * P[NAL11C] +0.37 * P[NBA21B] +0.372 * P[NBB21B] -0.113 * P[NBES1B] +0.089 * P[NBK11B] +0.089 * P[NBKB3B] +0.089 * P[NBKW1S] +0.0916 * P[NBL21L] +0.157 * P[NBLW8] -0.129 * P[NBOD1B] +0.0916 * P[NBSF1L] +0.0916 * P[NBSF2S] -0.0752 * P[NCDS1C] +0.0979 * P[NCLS1C] +0.0749 * P[NCMA3B] +0.0748 * P[NCWF2W] +0.0978 * P[NDNH1H] +0.0978 * P[NDNS1D] -1 * P[NFBS1J] +0.0995 * P[NFNS1F] +0.0816 * P[NGUT8] +0.0938 * P[NHUM] -0.0804 * P[NLTS3] +0.0804 * P[NLTS8] -0.348 * P[NMLS1M] -0.233 * P[NMOS1M] +0.103 * P[NNRN1A] -0.143 * P[NONF1F] -0.71 * P[NPG11P] -0.71 * P[NPG12G] +0.0748 * P[NQBB3Q] +0.0748 * P[NQBC3C] +0.0978 * P[NRB23R] +0.0978 * P[NRBB3R] +0.0978 * P[NRDP3D] +0.0748 * P[NSHL] -0.0748 * P[NSHP1] +0.107 * P[NURQ1U] +0.107 * P[NURQ2U] +0.107 * P[NURQ3U] +0.107 * P[NURQ4U] +0.0789 * P[NUTS8] +0.112 * P[NWGG1W] +0.112 * P[NWGJ1J] +0.112 * P[NWGJ2S] +0.112 * P[NWGJ3W] +0.112 * P[NWGJ4W] +0.112 * P[NWGS1B] +0.0922 * P[NWL21W] -0.137 * P[NWL82N] +0.0922 * P[NWLA1W] -0.201 * P[NWLW1S] -0.0826 * P[NWLN1W] -0.137 * P[NWLS3N] -0.137 * P[NWLS4W] +0.207 * P[NYS12A] + Z_unrepresented <= RHS(t),"Out= Nil, avoid O/L Cowra to Forbes (998) 132kV line on trip of Kangaroo Valley to Dapto (18) 330kV line, Feedback",Thermal,True,Z includes unsupported non-energy/region terms if present; not assumed zero
VNI-upper-20241127T1450,N>>BDBU_970_051,N>>BDBU_970_051|2024-11-15|1,0.0884 * F_VIC_to_NSW +0.164 * P[NAL11C] -0.0812 * P[NBA21B] -0.0811 * P[NBB21B] +0.123 * P[NBK11B] +0.123 * P[NBKB3B] +0.123 * P[NBKW1S] +0.144 * P[NBL21L] +1 * P[NBLW8] +0.144 * P[NBSF1L] +0.144 * P[NBSF2S] +0.188 * P[NCLS1C] +0.188 * P[NDNH1H] +0.188 * P[NDNS1D] +0.185 * P[NFNS1F] +0.151 * P[NHUM] +0.206 * P[NNRN1A] +0.188 * P[NRB23R] +0.188 * P[NRBB3R] +0.188 * P[NRDP3D] +0.218 * P[NURQ1U] +0.218 * P[NURQ2U] +0.218 * P[NURQ3U] +0.218 * P[NURQ4U] +0.207 * P[NWGG1W] +0.207 * P[NWGJ1J] +0.207 * P[NWGJ2S] +0.207 * P[NWGJ3W] +0.207 * P[NWGJ4W] +0.207 * P[NWGS1B] +0.148 * P[NWL21W] +0.148 * P[NWLA1W] -0.087 * P[NYS12A] + Z_unrepresented <= RHS(t),"Out = Bundey to Buronga (6F) 330kV line, avoid O/L Burrinjuck to Yass (970) on trip of Wagga to Lower Tumut (051) line, Feedback",Thermal,True,Z includes unsupported non-energy/region terms if present; not assumed zero
VNI-upper-20241127T1450,N>>NIL_990_051,N>>NIL_990_051|2024-11-15|1,0.385 * F_VIC_to_NSW +0.706 * P[NAL11C] -0.351 * P[NBA21B] -0.351 * P[NBB21B] +0.498 * P[NBK11B] +0.498 * P[NBKB3B] +0.498 * P[NBKW1S] +0.598 * P[NBL21L] +0.301 * P[NBLW8] +0.598 * P[NBSF1L] +0.598 * P[NBSF2S] +0.806 * P[NCLS1C] +0.807 * P[NDNH1H] +0.807 * P[NDNS1D] -0.156 * P[NFBS1J] +0.795 * P[NFNS1F] +0.204 * P[NGUT8] +0.651 * P[NHUM] -0.111 * P[NLTS3] +0.111 * P[NLTS8] -0.181 * P[NMUR8] +0.886 * P[NNRN1A] -0.111 * P[NPG11P] -0.111 * P[NPG12G] +0.807 * P[NRB23R] +0.807 * P[NRBB3R] +0.807 * P[NRDP3D] +0.94 * P[NURQ1U] +0.94 * P[NURQ2U] +0.94 * P[NURQ3U] +0.94 * P[NURQ4U] +0.122 * P[NUTS8] +1 * P[NWGJ1J] +1 * P[NWGJ2S] +1 * P[NWGJ3W] +1 * P[NWGJ4W] +0.638 * P[NWL21W] +0.638 * P[NWLA1W] -0.377 * P[NYS12A] +0.0923 * P[VHUM] +0.0899 * P[VKMT1K] +0.108 * P[VRCS1K] +0.108 * P[VRCS2Y] +0.0928 * P[VWES1B] +0.0928 * P[VWES2W] -0.108 * F[V-S-MNSP1] + Z_unrepresented <= RHS(t),"Out= NIL, avoid O/L Wagga to Yass (990) on trip of Wagga to Lower Tumut (051) line, Feedback",Thermal,True,Z includes unsupported non-energy/region terms if present; not assumed zero
VNI-upper-20241127T1450,N>>NIL_39_17,N>>NIL_39_17|2024-10-30|1,0.934 * F_VIC_to_NSW +0.934 * P[NAL11C] +0.898 * P[NBA21B] +0.296 * P[NBAY1] +0.296 * P[NBAY2] +0.403 * P[NBAY3] +0.403 * P[NBAY4] +0.898 * P[NBB21B] +0.544 * P[NBES1B] +0.934 * P[NBK11B] +0.934 * P[NBKB3B] +0.546 * P[NBOD1B] +0.934 * P[NBKW1S] +0.934 * P[NBL21L] +0.929 * P[NBLW8] +0.934 * P[NBSF1L] +0.934 * P[NBSF2S] +0.54 * P[NCDS1C] +1 * P[NCKW1C] +0.118 * P[NCLG1D] +0.118 * P[NCLG2D] +0.118 * P[NCLG3D] +0.118 * P[NCLG4D] +0.934 * P[NCLS1C] +0.96 * P[NCLW1C] +0.925 * P[NCMA3B] +1 * P[NCW31C] +0.876 * P[NCWF2W] +0.934 * P[NDNH1H] +0.934 * P[NDNS1D] +0.734 * P[NDT13T] +0.734 * P[NDTB1T] +0.147 * P[NEPS1] +0.147 * P[NEPS2] +0.169 * P[NEPS3] +0.169 * P[NEPS4] +0.69 * P[NFBS1J] +0.934 * P[NFNS1F] +0.283 * P[NGNE1G] +0.991 * P[NGUR1G] +0.991 * P[NGUR2G] +0.991 * P[NGUR3G] +0.935 * P[NGUT8] +0.934 * P[NHUM] -0.935 * P[NLTS3] +0.935 * P[NLTS8] +0.583 * P[NMLS1M] +0.564 * P[NMOS1M] +0.975 * P[NMR22T] +0.281 * P[NMR41M] +0.54 * P[NMTP1] +0.54 * P[NMTP2] +0.278 * P[NMTZ1M] +0.118 * P[NMWB1W] +0.161 * P[NNEE1H] +0.933 * P[NNRN1A] +0.549 * P[NONF1F] +0.642 * P[NPG11P] +0.642 * P[NPG12G] +0.925 * P[NQBB3Q] +0.925 * P[NQBC3C] +0.933 * P[NRB23R] +0.933 * P[NRBB3R] +0.933 * P[NRDP3D] +0.963 * P[NRPK1R] +0.28 * P[NSAP1S] +0.769 * P[NSHL] -0.769 * P[NSHP1] +0.933 * P[NURQ1U] +0.933 * P[NURQ2U] +0.933 * P[NURQ3U] +0.933 * P[NURQ4U] +0.281 * P[NURR1N] +0.281 * P[NURR2N] +0.935 * P[NUTS8] +0.127 * P[NVPP5] +0.127 * P[NVPP6] +0.933 * P[NWGG1W] +0.933 * P[NWGJ1J] +0.933 * P[NWGJ2S] +0.933 * P[NWGJ3W] +0.933 * P[NWGJ4W] +0.933 * P[NWGS1B] +0.547 * P[NWL82N] +0.538 * P[NWLN1W] +0.547 * P[NWLS3N] +0.547 * P[NWLS4W] +0.558 * P[NWLW1S] +0.52 * P[NWOW1W] +0.278 * P[NWRK1W] +0.278 * P[NWRK2W] +0.925 * P[NYS12A] -0.275 * F[N-Q-MNSP1] -0.28 * F[NSW1-QLD1] + Z_unrepresented <= RHS(t),"Out= Nil, avoid O/L Bannaby to Sydney West (39) on trip of Avon to Macarthur (17) line, Feedback",Thermal,True,Z includes unsupported non-energy/region terms if present; not assumed zero
VNI-upper-20241127T1500,N>>NIL_4,N>>NIL_4|2024-10-30|1,0.4683 * F_VIC_to_NSW +0.4685 * P[NAL11C] +0.4368 * P[NBA21B] +0.4364 * P[NBB21B] +0.4684 * P[NBK11B] +0.4684 * P[NBKB3B] +0.4684 * P[NBKW1S] +0.4684 * P[NBL21L] +0.4685 * P[NBLW8] +0.4684 * P[NBSF1L] +0.4684 * P[NBSF2S] +0.1657 * P[NCKW1C] +0.4685 * P[NCLS1C] +1 * P[NCLW1C] +0.4442 * P[NCMA3B] +0.1657 * P[NCW31C] +0.3324 * P[NCWF2W] +0.4685 * P[NDNH1H] +0.4685 * P[NDNS1D] +0.1917 * P[NFBS1J] +0.4685 * P[NFNS1F] +0.2295 * P[NGUR1G] +0.2295 * P[NGUR2G] +0.2295 * P[NGUR3G] +0.4685 * P[NGUT8] +0.4685 * P[NHUM] +0.135 * P[NPG11P] -0.4687 * P[NLTS3] +0.4687 * P[NLTS8] +0.4685 * P[NNRN1A] +0.135 * P[NPG12G] +0.4438 * P[NQBB3Q] +0.4437 * P[NQBC3C] +0.4684 * P[NRB23R] +0.4684 * P[NRBB3R] +0.4684 * P[NRDP3D] +0.4188 * P[NRPK1R] +0.09179 * P[NSHL] -0.09179 * P[NSHP1] +0.4685 * P[NURQ1U] +0.4685 * P[NURQ2U] +0.4685 * P[NURQ3U] +0.4685 * P[NURQ4U] +0.4684 * P[NUTS8] +0.4685 * P[NWGG1W] +0.4685 * P[NWGJ1J] +0.4685 * P[NWGJ2S] +0.4685 * P[NWGJ3W] +0.4685 * P[NWGJ4W] +0.4685 * P[NWGS1B] +0.4685 * P[NYS12A] + Z_unrepresented <= RHS(t),"Out= Nil, avoid O/L Collector to Marulan (4) on trip of Nil, Feedback",Thermal,True,Z includes unsupported non-energy/region terms if present; not assumed zero
VNI-upper-20241127T1500,N>>NIL_998_18,N>>NIL_998_18|2024-11-08|1,0.0861 * F_VIC_to_NSW +0.096 * P[NAL11C] +0.37 * P[NBA21B] +0.372 * P[NBB21B] -0.113 * P[NBES1B] +0.089 * P[NBK11B] +0.089 * P[NBKB3B] +0.089 * P[NBKW1S] +0.0916 * P[NBL21L] +0.157 * P[NBLW8] -0.129 * P[NBOD1B] +0.0916 * P[NBSF1L] +0.0916 * P[NBSF2S] -0.0752 * P[NCDS1C] +0.0979 * P[NCLS1C] +0.0749 * P[NCMA3B] +0.0748 * P[NCWF2W] +0.0978 * P[NDNH1H] +0.0978 * P[NDNS1D] -1 * P[NFBS1J] +0.0995 * P[NFNS1F] +0.0816 * P[NGUT8] +0.0938 * P[NHUM] -0.0804 * P[NLTS3] +0.0804 * P[NLTS8] -0.348 * P[NMLS1M] -0.233 * P[NMOS1M] +0.103 * P[NNRN1A] -0.143 * P[NONF1F] -0.71 * P[NPG11P] -0.71 * P[NPG12G] +0.0748 * P[NQBB3Q] +0.0748 * P[NQBC3C] +0.0978 * P[NRB23R] +0.0978 * P[NRBB3R] +0.0978 * P[NRDP3D] +0.0748 * P[NSHL] -0.0748 * P[NSHP1] +0.107 * P[NURQ1U] +0.107 * P[NURQ2U] +0.107 * P[NURQ3U] +0.107 * P[NURQ4U] +0.0789 * P[NUTS8] +0.112 * P[NWGG1W] +0.112 * P[NWGJ1J] +0.112 * P[NWGJ2S] +0.112 * P[NWGJ3W] +0.112 * P[NWGJ4W] +0.112 * P[NWGS1B] +0.0922 * P[NWL21W] -0.137 * P[NWL82N] +0.0922 * P[NWLA1W] -0.201 * P[NWLW1S] -0.0826 * P[NWLN1W] -0.137 * P[NWLS3N] -0.137 * P[NWLS4W] +0.207 * P[NYS12A] + Z_unrepresented <= RHS(t),"Out= Nil, avoid O/L Cowra to Forbes (998) 132kV line on trip of Kangaroo Valley to Dapto (18) 330kV line, Feedback",Thermal,True,Z includes unsupported non-energy/region terms if present; not assumed zero
VNI-upper-20241127T1500,N>>BDBU_970_051,N>>BDBU_970_051|2024-11-15|1,0.0884 * F_VIC_to_NSW +0.164 * P[NAL11C] -0.0812 * P[NBA21B] -0.0811 * P[NBB21B] +0.123 * P[NBK11B] +0.123 * P[NBKB3B] +0.123 * P[NBKW1S] +0.144 * P[NBL21L] +1 * P[NBLW8] +0.144 * P[NBSF1L] +0.144 * P[NBSF2S] +0.188 * P[NCLS1C] +0.188 * P[NDNH1H] +0.188 * P[NDNS1D] +0.185 * P[NFNS1F] +0.151 * P[NHUM] +0.206 * P[NNRN1A] +0.188 * P[NRB23R] +0.188 * P[NRBB3R] +0.188 * P[NRDP3D] +0.218 * P[NURQ1U] +0.218 * P[NURQ2U] +0.218 * P[NURQ3U] +0.218 * P[NURQ4U] +0.207 * P[NWGG1W] +0.207 * P[NWGJ1J] +0.207 * P[NWGJ2S] +0.207 * P[NWGJ3W] +0.207 * P[NWGJ4W] +0.207 * P[NWGS1B] +0.148 * P[NWL21W] +0.148 * P[NWLA1W] -0.087 * P[NYS12A] + Z_unrepresented <= RHS(t),"Out = Bundey to Buronga (6F) 330kV line, avoid O/L Burrinjuck to Yass (970) on trip of Wagga to Lower Tumut (051) line, Feedback",Thermal,True,Z includes unsupported non-energy/region terms if present; not assumed zero
VNI-upper-20241127T1500,N>>NIL_990_051,N>>NIL_990_051|2024-11-15|1,0.385 * F_VIC_to_NSW +0.706 * P[NAL11C] -0.351 * P[NBA21B] -0.351 * P[NBB21B] +0.498 * P[NBK11B] +0.498 * P[NBKB3B] +0.498 * P[NBKW1S] +0.598 * P[NBL21L] +0.301 * P[NBLW8] +0.598 * P[NBSF1L] +0.598 * P[NBSF2S] +0.806 * P[NCLS1C] +0.807 * P[NDNH1H] +0.807 * P[NDNS1D] -0.156 * P[NFBS1J] +0.795 * P[NFNS1F] +0.204 * P[NGUT8] +0.651 * P[NHUM] -0.111 * P[NLTS3] +0.111 * P[NLTS8] -0.181 * P[NMUR8] +0.886 * P[NNRN1A] -0.111 * P[NPG11P] -0.111 * P[NPG12G] +0.807 * P[NRB23R] +0.807 * P[NRBB3R] +0.807 * P[NRDP3D] +0.94 * P[NURQ1U] +0.94 * P[NURQ2U] +0.94 * P[NURQ3U] +0.94 * P[NURQ4U] +0.122 * P[NUTS8] +1 * P[NWGJ1J] +1 * P[NWGJ2S] +1 * P[NWGJ3W] +1 * P[NWGJ4W] +0.638 * P[NWL21W] +0.638 * P[NWLA1W] -0.377 * P[NYS12A] +0.0923 * P[VHUM] +0.0899 * P[VKMT1K] +0.108 * P[VRCS1K] +0.108 * P[VRCS2Y] +0.0928 * P[VWES1B] +0.0928 * P[VWES2W] -0.108 * F[V-S-MNSP1] + Z_unrepresented <= RHS(t),"Out= NIL, avoid O/L Wagga to Yass (990) on trip of Wagga to Lower Tumut (051) line, Feedback",Thermal,True,Z includes unsupported non-energy/region terms if present; not assumed zero
VNI-upper-20241127T1500,N>>NIL_39_17,N>>NIL_39_17|2024-10-30|1,0.934 * F_VIC_to_NSW +0.934 * P[NAL11C] +0.898 * P[NBA21B] +0.296 * P[NBAY1] +0.296 * P[NBAY2] +0.403 * P[NBAY3] +0.403 * P[NBAY4] +0.898 * P[NBB21B] +0.544 * P[NBES1B] +0.934 * P[NBK11B] +0.934 * P[NBKB3B] +0.546 * P[NBOD1B] +0.934 * P[NBKW1S] +0.934 * P[NBL21L] +0.929 * P[NBLW8] +0.934 * P[NBSF1L] +0.934 * P[NBSF2S] +0.54 * P[NCDS1C] +1 * P[NCKW1C] +0.118 * P[NCLG1D] +0.118 * P[NCLG2D] +0.118 * P[NCLG3D] +0.118 * P[NCLG4D] +0.934 * P[NCLS1C] +0.96 * P[NCLW1C] +0.925 * P[NCMA3B] +1 * P[NCW31C] +0.876 * P[NCWF2W] +0.934 * P[NDNH1H] +0.934 * P[NDNS1D] +0.734 * P[NDT13T] +0.734 * P[NDTB1T] +0.147 * P[NEPS1] +0.147 * P[NEPS2] +0.169 * P[NEPS3] +0.169 * P[NEPS4] +0.69 * P[NFBS1J] +0.934 * P[NFNS1F] +0.283 * P[NGNE1G] +0.991 * P[NGUR1G] +0.991 * P[NGUR2G] +0.991 * P[NGUR3G] +0.935 * P[NGUT8] +0.934 * P[NHUM] -0.935 * P[NLTS3] +0.935 * P[NLTS8] +0.583 * P[NMLS1M] +0.564 * P[NMOS1M] +0.975 * P[NMR22T] +0.281 * P[NMR41M] +0.54 * P[NMTP1] +0.54 * P[NMTP2] +0.278 * P[NMTZ1M] +0.118 * P[NMWB1W] +0.161 * P[NNEE1H] +0.933 * P[NNRN1A] +0.549 * P[NONF1F] +0.642 * P[NPG11P] +0.642 * P[NPG12G] +0.925 * P[NQBB3Q] +0.925 * P[NQBC3C] +0.933 * P[NRB23R] +0.933 * P[NRBB3R] +0.933 * P[NRDP3D] +0.963 * P[NRPK1R] +0.28 * P[NSAP1S] +0.769 * P[NSHL] -0.769 * P[NSHP1] +0.933 * P[NURQ1U] +0.933 * P[NURQ2U] +0.933 * P[NURQ3U] +0.933 * P[NURQ4U] +0.281 * P[NURR1N] +0.281 * P[NURR2N] +0.935 * P[NUTS8] +0.127 * P[NVPP5] +0.127 * P[NVPP6] +0.933 * P[NWGG1W] +0.933 * P[NWGJ1J] +0.933 * P[NWGJ2S] +0.933 * P[NWGJ3W] +0.933 * P[NWGJ4W] +0.933 * P[NWGS1B] +0.547 * P[NWL82N] +0.538 * P[NWLN1W] +0.547 * P[NWLS3N] +0.547 * P[NWLS4W] +0.558 * P[NWLW1S] +0.52 * P[NWOW1W] +0.278 * P[NWRK1W] +0.278 * P[NWRK2W] +0.925 * P[NYS12A] -0.275 * F[N-Q-MNSP1] -0.28 * F[NSW1-QLD1] + Z_unrepresented <= RHS(t),"Out= Nil, avoid O/L Bannaby to Sydney West (39) on trip of Avon to Macarthur (17) line, Feedback",Thermal,True,Z includes unsupported non-energy/region terms if present; not assumed zero
VNI-upper-20241129T0615,V>>N_NIL_65_66,V>>N_NIL_65_66|2024-11-15|1,0.8 * F_VIC_to_NSW +0.476 * P[NAL11C] +0.675 * P[NBK11B] +0.675 * P[NBKB3B] +0.675 * P[NBKW1S] +0.566 * P[NBL21L] +0.185 * P[NBLW8] +0.566 * P[NBSF1L] +0.566 * P[NBSF2S] +0.354 * P[NCLS1C] +0.35 * P[NDNH1H] +0.35 * P[NDNS1D] +0.4 * P[NFNS1F] +1 * P[NGUT8] +0.522 * P[NHUM] +0.2 * P[NMUR8] +0.324 * P[NNRN1A] +0.351 * P[NRB23R] +0.351 * P[NRBB3R] +0.351 * P[NRDP3D] +0.306 * P[NURQ1U] +0.306 * P[NURQ2U] +0.306 * P[NURQ3U] +0.306 * P[NURQ4U] -0.0723 * P[NUTS8] +0.289 * P[NWGG1W] +0.289 * P[NWGJ1J] +0.289 * P[NWGJ2S] +0.289 * P[NWGJ3W] +0.289 * P[NWGJ4W] +0.289 * P[NWGS1B] +0.512 * P[NWL21W] +0.512 * P[NWLA1W] -0.105 * P[VHUM] -0.0997 * P[VKMT1K] -0.119 * P[VRCS1K] -0.119 * P[VRCS2Y] -0.103 * P[VWES1B] -0.103 * P[VWES2W] +0.119 * F[V-S-MNSP1] + Z_unrepresented <= RHS(t),"Out = Nil, avoid Murray to Upper Tumut(65) O/L on Murray to Lower Tumut(66) trip; Feedback",Thermal,True,Z includes unsupported non-energy/region terms if present; not assumed zero
VNI-upper-20241129T0615,N^^N_BDBU_X5_BESH,N^^N_BDBU_X5_BESH|2024-11-15|1,0.0961 * F_VIC_to_NSW +0.657 * P[NBK11B] +0.657 * P[NBKB3B] +0.657 * P[NBKW1S] +1 * P[NBL21L] +1 * P[NBSF1L] +1 * P[NBSF2S] -0.155 * P[NCLS1C] -0.161 * P[NDNH1H] -0.161 * P[NDNS1D] -0.0764 * P[NMUR8] -0.0991 * P[NNRN1A] -0.161 * P[NRB23R] -0.161 * P[NRBB3R] -0.161 * P[NRDP3D] +0.139 * P[VART1A] +0.166 * P[VBGT1B] +0.166 * P[VBGT4B] +0.148 * P[VCWL1C] +0.231 * P[VHOG1K] +0.261 * P[VKGB3G] +0.261 * P[VKGP1K] +0.261 * P[VKGS1G] +0.261 * P[VKGS2C] +0.445 * P[VKMT1K] +0.279 * P[VKOT1K] +0.278 * P[VMRT1M] +0.278 * P[VMRT2M] +0.535 * P[VRCS1K] +0.535 * P[VRCS2Y] +0.462 * P[VWES1B] +0.462 * P[VWES2W] -0.535 * F[V-S-MNSP1] + Z_unrepresented <= RHS(t),"Out = Bundey to Buronga (6F) 330kV line, limit power flow on line X5 from Balranald to Darlington Point (X5) to avoid voltage collapse at Balranald for contingency trip of Bendigo to Shepparton 220kV line in NW Victoria",Voltage Stability,True,Z includes unsupported non-energy/region terms if present; not assumed zero
VNI-upper-20241129T0615,V>>N_BDBU_65_66,V>>N_BDBU_65_66|2024-11-15|1,0.804 * F_VIC_to_NSW +0.474 * P[NAL11C] +0.641 * P[NBK11B] +0.641 * P[NBKB3B] +0.641 * P[NBKW1S] +0.541 * P[NBL21L] +0.184 * P[NBLW8] +0.541 * P[NBSF1L] +0.541 * P[NBSF2S] +0.349 * P[NCLS1C] +0.346 * P[NDNH1H] +0.346 * P[NDNS1D] +0.196 * P[NMUR8] +0.398 * P[NFNS1F] +1 * P[NGUT8] +0.522 * P[NHUM] +0.321 * P[NNRN1A] +0.346 * P[NRB23R] +0.346 * P[NRBB3R] +0.346 * P[NRDP3D] +0.305 * P[NURQ1U] +0.305 * P[NURQ2U] +0.305 * P[NURQ3U] +0.305 * P[NURQ4U] -0.0719 * P[NUTS8] +0.287 * P[NWGG1W] +0.287 * P[NWGJ1J] +0.287 * P[NWGJ2S] +0.287 * P[NWGJ3W] +0.287 * P[NWGJ4W] +0.287 * P[NWGS1B] +0.511 * P[NWL21W] +0.511 * P[NWLA1W] -0.108 * P[VHUM] -0.0769 * P[VKGB3G] -0.0769 * P[VKGP1K] -0.0769 * P[VKGS1G] -0.0769 * P[VKGS2C] -0.13 * P[VKMT1K] -0.082 * P[VKOT1K] -0.0817 * P[VMRT1M] -0.0817 * P[VMRT2M] -0.156 * P[VRCS1K] -0.156 * P[VRCS2Y] -0.135 * P[VWES1B] -0.135 * P[VWES2W] +0.156 * F[V-S-MNSP1] + Z_unrepresented <= RHS(t),"Out = Bundey to Buronga (6F) 330kV line, avoid Murray to Upper Tumut(65) O/L on Murray to Lower Tumut(66) trip; Feedback",Thermal,True,Z includes unsupported non-energy/region terms if present; not assumed zero
VNI-upper-20241129T0615,#R031450_002_RAMP_F,#R031450_002_RAMP_F|2024-11-28|1,0.983 * F_VIC_to_NSW +0.979 * P[NAL11C] +0.873 * P[NBA21B] +0.872 * P[NBB21B] +0.981 * P[NBK11B] +0.981 * P[NBKB3B] +0.981 * P[NBKW1S] +0.98 * P[NBL21L] +0.956 * P[NBLW8] +0.98 * P[NBSF1L] +0.98 * P[NBSF2S] +1 * P[NCKW1C] +0.978 * P[NCLS1C] +0.995 * P[NCLW1C] +0.988 * P[NCMA3B] +1 * P[NCW31C] +0.978 * P[NDNH1H] +0.978 * P[NDNS1D] +0.387 * P[NFBS1J] +0.978 * P[NFNS1F] +0.998 * P[NGUR1G] +0.998 * P[NGUR2G] +0.998 * P[NGUR3G] +0.986 * P[NLTS8] +0.985 * P[NGUT8] +0.98 * P[NHUM] -0.986 * P[NLTS3] +0.135 * P[NMLS1M] +0.0902 * P[NMOS1M] +0.976 * P[NNRN1A] +0.275 * P[NPG11P] +0.275 * P[NPG12G] +0.989 * P[NQBB3Q] +0.989 * P[NQBC3C] +0.978 * P[NRB23R] +0.978 * P[NRBB3R] +0.978 * P[NRDP3D] +0.991 * P[NRPK1R] +0.975 * P[NURQ1U] +0.975 * P[NURQ2U] +0.975 * P[NURQ3U] +0.975 * P[NURQ4U] +0.986 * P[NUTS8] +0.973 * P[NWGG1W] +0.973 * P[NWGJ1J] +0.973 * P[NWGJ2S] +0.973 * P[NWGJ3W] +0.973 * P[NWGJ4W] +0.973 * P[NWGS1B] +0.981 * P[NWL21W] +0.981 * P[NWLA1W] +0.0779 * P[NWLW1S] +0.936 * P[NYS12A] + Z_unrepresented <= RHS(t),"Hard Ramping constraint for constraint N::N_CNSD_2, Effective Date: 28/11/2024, Version: 1",Transient Stability,True,Z includes unsupported non-energy/region terms if present; not assumed zero
VNI-upper-20241129T0615,N^^N_BDBU_X5_BEKG,N^^N_BDBU_X5_BEKG|2024-11-15|1,0.0961 * F_VIC_to_NSW +0.657 * P[NBK11B] +0.657 * P[NBKB3B] +0.657 * P[NBKW1S] +1 * P[NBL21L] +1 * P[NBSF1L] +1 * P[NBSF2S] -0.155 * P[NCLS1C] -0.161 * P[NDNH1H] -0.161 * P[NDNS1D] -0.0764 * P[NMUR8] -0.0991 * P[NNRN1A] -0.161 * P[NRB23R] -0.161 * P[NRBB3R] -0.161 * P[NRDP3D] +0.139 * P[VART1A] +0.166 * P[VBGT1B] +0.166 * P[VBGT4B] +0.148 * P[VCWL1C] +0.231 * P[VHOG1K] +0.261 * P[VKGB3G] +0.261 * P[VKGP1K] +0.261 * P[VKGS1G] +0.261 * P[VKGS2C] +0.445 * P[VKMT1K] +0.279 * P[VKOT1K] +0.278 * P[VMRT1M] +0.278 * P[VMRT2M] +0.535 * P[VRCS1K] +0.535 * P[VRCS2Y] +0.462 * P[VWES1B] +0.462 * P[VWES2W] -0.535 * F[V-S-MNSP1] + Z_unrepresented <= RHS(t),"Out = Bundey to Buronga (6F) 330kV line, limit power flow on line X5 from Balranald to Darlington Point (X5) to avoid voltage collapse at Balranald for contingency trip of Bendigo to Kerang 220kV line and other nearby lines in NW Victoria",Voltage Stability,True,Z includes unsupported non-energy/region terms if present; not assumed zero
VNI-upper-20241129T0615,N::N_CNSD_2,N::N_CNSD_2|2024-11-28|1,0.983 * F_VIC_to_NSW +0.979 * P[NAL11C] +0.873 * P[NBA21B] +0.872 * P[NBB21B] +0.981 * P[NBK11B] +0.981 * P[NBKB3B] +0.981 * P[NBKW1S] +0.98 * P[NBL21L] +0.956 * P[NBLW8] +0.98 * P[NBSF1L] +0.98 * P[NBSF2S] +1 * P[NCKW1C] +0.978 * P[NCLS1C] +0.995 * P[NCLW1C] +0.988 * P[NCMA3B] +1 * P[NCW31C] +0.978 * P[NDNH1H] +0.978 * P[NDNS1D] +0.387 * P[NFBS1J] +0.978 * P[NFNS1F] +0.998 * P[NGUR1G] +0.98 * P[NHUM] +0.998 * P[NGUR2G] +0.998 * P[NGUR3G] +0.985 * P[NGUT8] -0.986 * P[NLTS3] +0.986 * P[NLTS8] +0.135 * P[NMLS1M] +0.0902 * P[NMOS1M] +0.976 * P[NNRN1A] +0.275 * P[NPG11P] +0.275 * P[NPG12G] +0.989 * P[NQBB3Q] +0.989 * P[NQBC3C] +0.978 * P[NRB23R] +0.978 * P[NRBB3R] +0.978 * P[NRDP3D] +0.991 * P[NRPK1R] +0.975 * P[NURQ1U] +0.975 * P[NURQ2U] +0.975 * P[NURQ3U] +0.975 * P[NURQ4U] +0.986 * P[NUTS8] +0.973 * P[NWGG1W] +0.973 * P[NWGJ1J] +0.973 * P[NWGJ2S] +0.973 * P[NWGJ3W] +0.973 * P[NWGJ4W] +0.973 * P[NWGS1B] +0.981 * P[NWL21W] +0.981 * P[NWLA1W] +0.0779 * P[NWLW1S] +0.936 * P[NYS12A] + Z_unrepresented <= RHS(t),"Out = Canberra - Stockdill (3C), stability limit (Snowy-NSW) for fault of various location between Yass-South Morang area",Transient Stability,True,Z includes unsupported non-energy/region terms if present; not assumed zero
VNI-upper-20241129T0615,N^^N_NIL_X5_BEKG,N^^N_NIL_X5_BEKG|2024-10-31|1,0.12 * F_VIC_to_NSW +0.588 * P[NBK11B] +0.588 * P[NBKB3B] +0.588 * P[NBKW1S] +1 * P[NBL21L] +1 * P[NBSF1L] +1 * P[NBSF2S] -0.186 * P[NCLS1C] -0.194 * P[NDNH1H] -0.194 * P[NDNS1D] -0.0806 * P[NFNS1F] -0.0967 * P[NMUR8] -0.119 * P[NNRN1A] -0.194 * P[NRB23R] -0.194 * P[NRBB3R] -0.194 * P[NRDP3D] +0.12 * P[VART1A] +0.142 * P[VBGT1B] +0.142 * P[VBGT4B] +0.128 * P[VCWL1C] +0.195 * P[VHOG1K] -0.0885 * P[VHUM] +0.216 * P[VKGB3G] +0.216 * P[VKGP1K] +0.216 * P[VKGS1G] +0.216 * P[VKGS2C] +0.372 * P[VKMT1K] +0.235 * P[VMRT1M] +0.235 * P[VMRT2M] +0.446 * P[VRCS1K] +0.446 * P[VRCS2Y] +0.384 * P[VWES1B] +0.384 * P[VWES2W] -0.446 * F[V-S-MNSP1] + Z_unrepresented <= RHS(t),"Out= Nil, limit power flow on line X5 from Balranald to Darlington Point (X5) to avoid voltage collapse at Balranald for contingency trip of Bendigo to Kerang 220kV line and other nearby lines in NW Victoria",Voltage Stability,True,Z includes unsupported non-energy/region terms if present; not assumed zero
VNI-upper-20241203T1135,N^^N_NIL_X5_BESH,N^^N_NIL_X5_BESH|2024-11-13|1,0.12 * F_VIC_to_NSW +0.588 * P[NBK11B] +0.588 * P[NBKB3B] +0.588 * P[NBKW1S] +1 * P[NBL21L] +1 * P[NBSF1L] +1 * P[NBSF2S] -0.186 * P[NCLS1C] -0.194 * P[NDNH1H] -0.194 * P[NDNS1D] -0.0806 * P[NFNS1F] -0.0967 * P[NMUR8] -0.119 * P[NNRN1A] -0.194 * P[NRB23R] -0.194 * P[NRBB3R] -0.194 * P[NRDP3D] +0.12 * P[VART1A] +0.142 * P[VBGT1B] +0.142 * P[VBGT4B] +0.128 * P[VCWL1C] +0.195 * P[VHOG1K] -0.0885 * P[VHUM] +0.216 * P[VKGB3G] +0.216 * P[VKGP1K] +0.216 * P[VKGS1G] +0.216 * P[VKGS2C] +0.372 * P[VKMT1K] +0.235 * P[VMRT1M] +0.235 * P[VMRT2M] +0.446 * P[VRCS1K] +0.446 * P[VRCS2Y] +0.384 * P[VWES1B] +0.384 * P[VWES2W] -0.446 * F[V-S-MNSP1] + Z_unrepresented <= RHS(t),"Out= Nil, limit power flow on line X5 from Balranald to Darlington Point (X5) to avoid voltage collapse at Balranald for contingency trip of Bendigo to Shepparton 220kV line in NW Victoria",Voltage Stability,True,Z includes unsupported non-energy/region terms if present; not assumed zero
VNI-upper-20241203T1135,N^^N_BDBU_X5_BESH,N^^N_BDBU_X5_BESH|2024-11-15|1,0.0961 * F_VIC_to_NSW +0.657 * P[NBK11B] +0.657 * P[NBKB3B] +0.657 * P[NBKW1S] +1 * P[NBL21L] +1 * P[NBSF1L] +1 * P[NBSF2S] -0.155 * P[NCLS1C] -0.161 * P[NDNH1H] -0.161 * P[NDNS1D] -0.0764 * P[NMUR8] -0.0991 * P[NNRN1A] -0.161 * P[NRB23R] -0.161 * P[NRBB3R] -0.161 * P[NRDP3D] +0.139 * P[VART1A] +0.166 * P[VBGT1B] +0.166 * P[VBGT4B] +0.148 * P[VCWL1C] +0.231 * P[VHOG1K] +0.261 * P[VKGB3G] +0.261 * P[VKGP1K] +0.261 * P[VKGS1G] +0.261 * P[VKGS2C] +0.445 * P[VKMT1K] +0.279 * P[VKOT1K] +0.278 * P[VMRT1M] +0.278 * P[VMRT2M] +0.535 * P[VRCS1K] +0.535 * P[VRCS2Y] +0.462 * P[VWES1B] +0.462 * P[VWES2W] -0.535 * F[V-S-MNSP1] + Z_unrepresented <= RHS(t),"Out = Bundey to Buronga (6F) 330kV line, limit power flow on line X5 from Balranald to Darlington Point (X5) to avoid voltage collapse at Balranald for contingency trip of Bendigo to Shepparton 220kV line in NW Victoria",Voltage Stability,True,Z includes unsupported non-energy/region terms if present; not assumed zero
VNI-upper-20241203T1135,N::N_CTMN_2,N::N_CTMN_2|2024-11-27|1,0.979 * F_VIC_to_NSW +0.976 * P[NAL11C] +0.869 * P[NBA21B] +0.869 * P[NBB21B] +0.978 * P[NBK11B] +0.978 * P[NBKB3B] +0.978 * P[NBKW1S] +0.977 * P[NBL21L] +0.952 * P[NBLW8] +0.977 * P[NBSF1L] +0.977 * P[NBSF2S] +1 * P[NCKW1C] +0.975 * P[NCLS1C] +0.984 * P[NCLW1C] +0.986 * P[NCMA3B] +1 * P[NCW31C] +0.975 * P[NDNH1H] +0.975 * P[NDNS1D] +0.386 * P[NFBS1J] +0.974 * P[NFNS1F] +0.997 * P[NGUR1G] +0.997 * P[NGUR2G] +0.997 * P[NGUR3G] +0.982 * P[NGUT8] +0.977 * P[NHUM] -0.982 * P[NLTS3] +0.982 * P[NLTS8] +0.134 * P[NMLS1M] +0.0899 * P[NMOS1M] +0.973 * P[NNRN1A] +0.274 * P[NPG11P] +0.274 * P[NPG12G] +0.986 * P[NQBB3Q] +0.986 * P[NQBC3C] +0.975 * P[NRB23R] +0.975 * P[NRBB3R] +0.975 * P[NRDP3D] +0.988 * P[NRPK1R] +0.971 * P[NURQ1U] +0.971 * P[NURQ2U] +0.971 * P[NURQ3U] +0.971 * P[NURQ4U] +0.983 * P[NUTS8] +0.969 * P[NWGG1W] +0.969 * P[NWGJ1J] +0.969 * P[NWGJ2S] +0.969 * P[NWGJ3W] +0.969 * P[NWGJ4W] +0.969 * P[NWGS1B] +0.977 * P[NWL21W] +0.977 * P[NWLA1W] +0.0776 * P[NWLW1S] +0.932 * P[NYS12A] + Z_unrepresented <= RHS(t),"Out = Collector - Marulan (4), stability limit (Snowy-NSW) for loss of 330kV line between Yass and Bannaby/Marulan (5, 6, or 61)",Transient Stability,True,Z includes unsupported non-energy/region terms if present; not assumed zero
VNI-upper-20241206T1425,V>>N_NIL_65_66,V>>N_NIL_65_66|2024-11-15|1,0.8 * F_VIC_to_NSW +0.476 * P[NAL11C] +0.675 * P[NBK11B] +0.675 * P[NBKB3B] +0.675 * P[NBKW1S] +0.566 * P[NBL21L] +0.185 * P[NBLW8] +0.566 * P[NBSF1L] +0.566 * P[NBSF2S] +0.354 * P[NCLS1C] +0.35 * P[NDNH1H] +0.35 * P[NDNS1D] +0.4 * P[NFNS1F] +1 * P[NGUT8] +0.522 * P[NHUM] +0.2 * P[NMUR8] +0.324 * P[NNRN1A] +0.351 * P[NRB23R] +0.351 * P[NRBB3R] +0.351 * P[NRDP3D] +0.306 * P[NURQ1U] +0.306 * P[NURQ2U] +0.306 * P[NURQ3U] +0.306 * P[NURQ4U] -0.0723 * P[NUTS8] +0.289 * P[NWGG1W] +0.289 * P[NWGJ1J] +0.289 * P[NWGJ2S] +0.289 * P[NWGJ3W] +0.289 * P[NWGJ4W] +0.289 * P[NWGS1B] +0.512 * P[NWL21W] +0.512 * P[NWLA1W] -0.105 * P[VHUM] -0.0997 * P[VKMT1K] -0.119 * P[VRCS1K] -0.119 * P[VRCS2Y] -0.103 * P[VWES1B] -0.103 * P[VWES2W] +0.119 * F[V-S-MNSP1] + Z_unrepresented <= RHS(t),"Out = Nil, avoid Murray to Upper Tumut(65) O/L on Murray to Lower Tumut(66) trip; Feedback",Thermal,True,Z includes unsupported non-energy/region terms if present; not assumed zero
VNI-upper-20241206T1425,N::N_CTMN_2,N::N_CTMN_2|2024-11-27|1,0.979 * F_VIC_to_NSW +0.976 * P[NAL11C] +0.869 * P[NBA21B] +0.869 * P[NBB21B] +0.978 * P[NBK11B] +0.978 * P[NBKB3B] +0.978 * P[NBKW1S] +0.977 * P[NBL21L] +0.952 * P[NBLW8] +0.977 * P[NBSF1L] +0.977 * P[NBSF2S] +1 * P[NCKW1C] +0.975 * P[NCLS1C] +0.984 * P[NCLW1C] +0.986 * P[NCMA3B] +1 * P[NCW31C] +0.975 * P[NDNH1H] +0.975 * P[NDNS1D] +0.386 * P[NFBS1J] +0.974 * P[NFNS1F] +0.997 * P[NGUR1G] +0.997 * P[NGUR2G] +0.997 * P[NGUR3G] +0.982 * P[NGUT8] +0.977 * P[NHUM] -0.982 * P[NLTS3] +0.982 * P[NLTS8] +0.134 * P[NMLS1M] +0.0899 * P[NMOS1M] +0.973 * P[NNRN1A] +0.274 * P[NPG11P] +0.274 * P[NPG12G] +0.986 * P[NQBB3Q] +0.986 * P[NQBC3C] +0.975 * P[NRB23R] +0.975 * P[NRBB3R] +0.975 * P[NRDP3D] +0.988 * P[NRPK1R] +0.971 * P[NURQ1U] +0.971 * P[NURQ2U] +0.971 * P[NURQ3U] +0.971 * P[NURQ4U] +0.983 * P[NUTS8] +0.969 * P[NWGG1W] +0.969 * P[NWGJ1J] +0.969 * P[NWGJ2S] +0.969 * P[NWGJ3W] +0.969 * P[NWGJ4W] +0.969 * P[NWGS1B] +0.977 * P[NWL21W] +0.977 * P[NWLA1W] +0.0776 * P[NWLW1S] +0.932 * P[NYS12A] + Z_unrepresented <= RHS(t),"Out = Collector - Marulan (4), stability limit (Snowy-NSW) for loss of 330kV line between Yass and Bannaby/Marulan (5, 6, or 61)",Transient Stability,True,Z includes unsupported non-energy/region terms if present; not assumed zero
VNI-upper-20241206T1425,V>>N_BDBU_65_66,V>>N_BDBU_65_66|2024-11-15|1,0.804 * F_VIC_to_NSW +0.474 * P[NAL11C] +0.641 * P[NBK11B] +0.641 * P[NBKB3B] +0.641 * P[NBKW1S] +0.541 * P[NBL21L] +0.184 * P[NBLW8] +0.541 * P[NBSF1L] +0.541 * P[NBSF2S] +0.349 * P[NCLS1C] +0.346 * P[NDNH1H] +0.346 * P[NDNS1D] +0.196 * P[NMUR8] +0.398 * P[NFNS1F] +1 * P[NGUT8] +0.522 * P[NHUM] +0.321 * P[NNRN1A] +0.346 * P[NRB23R] +0.346 * P[NRBB3R] +0.346 * P[NRDP3D] +0.305 * P[NURQ1U] +0.305 * P[NURQ2U] +0.305 * P[NURQ3U] +0.305 * P[NURQ4U] -0.0719 * P[NUTS8] +0.287 * P[NWGG1W] +0.287 * P[NWGJ1J] +0.287 * P[NWGJ2S] +0.287 * P[NWGJ3W] +0.287 * P[NWGJ4W] +0.287 * P[NWGS1B] +0.511 * P[NWL21W] +0.511 * P[NWLA1W] -0.108 * P[VHUM] -0.0769 * P[VKGB3G] -0.0769 * P[VKGP1K] -0.0769 * P[VKGS1G] -0.0769 * P[VKGS2C] -0.13 * P[VKMT1K] -0.082 * P[VKOT1K] -0.0817 * P[VMRT1M] -0.0817 * P[VMRT2M] -0.156 * P[VRCS1K] -0.156 * P[VRCS2Y] -0.135 * P[VWES1B] -0.135 * P[VWES2W] +0.156 * F[V-S-MNSP1] + Z_unrepresented <= RHS(t),"Out = Bundey to Buronga (6F) 330kV line, avoid Murray to Upper Tumut(65) O/L on Murray to Lower Tumut(66) trip; Feedback",Thermal,True,Z includes unsupported non-energy/region terms if present; not assumed zero
VNI-upper-20241208T1805,N>>NIL_33_34,N>>NIL_33_34|2024-10-30|1,0.0962 * F_VIC_to_NSW +0.097 * P[NAL11C] +0.114 * P[NBA21B] +0.539 * P[NBAY1] +0.539 * P[NBAY2] +0.436 * P[NBAY3] +0.436 * P[NBAY4] +0.114 * P[NBB21B] +0.226 * P[NBES1B] +0.0965 * P[NBK11B] +0.0965 * P[NBKB3B] +0.0965 * P[NBKW1S] +0.0967 * P[NBL21L] +0.102 * P[NBLW8] +0.234 * P[NBOD1B] +0.0967 * P[NBSF1L] +0.0967 * P[NBSF2S] +0.208 * P[NCDS1C] +0.109 * P[NCKW1C] -0.243 * P[NCLG1D] -0.243 * P[NCLG2D] -0.243 * P[NCLG3D] -0.243 * P[NCLG4D] +0.0972 * P[NCLS1C] +0.0995 * P[NCLW1C] +0.0926 * P[NCMA3B] +0.109 * P[NCW31C] +0.0797 * P[NCWF2W] +0.0972 * P[NDNH1H] +0.0972 * P[NDNS1D] -0.317 * P[NEPS1] -0.317 * P[NEPS2] -0.193 * P[NEPS3] -0.193 * P[NEPS4] +0.181 * P[NFBS1J] +0.0973 * P[NFNS1F] -1 * P[NGNE1G] +0.107 * P[NGUR1G] +0.107 * P[NGUR2G] +0.107 * P[NGUR3G] +0.0959 * P[NGUT8] +0.0969 * P[NHUM] -0.0959 * P[NLTS3] +0.0959 * P[NLTS8] +0.21 * P[NMLS1M] +0.214 * P[NMOS1M] +0.101 * P[NMR22T] -0.987 * P[NMR41M] +0.192 * P[NMTP1] +0.192 * P[NMTP2] -0.973 * P[NMTZ1M] -0.243 * P[NMWB1W] -0.401 * P[NNEE1H] +0.0976 * P[NNRN1A] +0.208 * P[NONF1F] +0.197 * P[NPG11P] +0.197 * P[NPG12G] +0.0925 * P[NQBC3C] +0.0926 * P[NQBB3Q] +0.0971 * P[NRB23R] +0.0971 * P[NRBB3R] +0.0971 * P[NRDP3D] +0.101 * P[NRPK1R] -0.985 * P[NSAP1S] +0.0979 * P[NURQ1U] +0.0979 * P[NURQ2U] +0.0979 * P[NURQ3U] +0.0979 * P[NURQ4U] -0.988 * P[NURR1N] -0.988 * P[NURR2N] +0.0957 * P[NUTS8] -0.268 * P[NVPP5] -0.268 * P[NVPP6] +0.0983 * P[NWGG1W] +0.0983 * P[NWGJ1J] +0.0983 * P[NWGJ2S] +0.0983 * P[NWGJ3W] +0.0983 * P[NWGJ4W] +0.0983 * P[NWGS1B] +0.238 * P[NWL82N] +0.249 * P[NWLN1W] +0.238 * P[NWLS3N] +0.238 * P[NWLS4W] +0.233 * P[NWLW1S] +0.306 * P[NWOW1W] -0.975 * P[NWRK1W] -0.975 * P[NWRK2W] +0.106 * P[NYS12A] +0.96 * F[N-Q-MNSP1] +0.985 * F[NSW1-QLD1] + Z_unrepresented <= RHS(t),"Out= Nil, avoid Bayswater to Liddell (33 or 34) O/L on loss of other Bayswater to Liddell (34 or 33), Feedback",Thermal,True,Z includes unsupported non-energy/region terms if present; not assumed zero
VNI-upper-20241213T1315,N>>NIL_970_051,N>>NIL_970_051|2024-11-15|1,0.0891 * F_VIC_to_NSW +0.163 * P[NAL11C] -0.0813 * P[NBA21B] -0.0813 * P[NBB21B] +0.115 * P[NBK11B] +0.115 * P[NBKB3B] +0.115 * P[NBKW1S] +0.138 * P[NBL21L] +1 * P[NBLW8] +0.138 * P[NBSF1L] +0.138 * P[NBSF2S] +0.187 * P[NCLS1C] +0.187 * P[NDNH1H] +0.187 * P[NDNS1D] +0.184 * P[NFNS1F] +0.151 * P[NHUM] +0.205 * P[NNRN1A] +0.187 * P[NRB23R] +0.187 * P[NRBB3R] +0.187 * P[NRDP3D] +0.218 * P[NURQ1U] +0.218 * P[NURQ2U] +0.218 * P[NURQ3U] +0.218 * P[NURQ4U] +0.207 * P[NWGG1W] +0.207 * P[NWGJ1J] +0.207 * P[NWGJ2S] +0.207 * P[NWGJ3W] +0.207 * P[NWGJ4W] +0.207 * P[NWGS1B] +0.148 * P[NWL21W] +0.148 * P[NWLA1W] -0.0872 * P[NYS12A] + Z_unrepresented <= RHS(t),"Out= NIL, avoid O/L Burrinjuck to Yass (970) on trip of Wagga to Lower Tumut (051) line, Feedback",Thermal,True,Z includes unsupported non-energy/region terms if present; not assumed zero
VNI-upper-20241213T1315,N>>BDBU_970_051,N>>BDBU_970_051|2024-11-15|1,0.0884 * F_VIC_to_NSW +0.164 * P[NAL11C] -0.0812 * P[NBA21B] -0.0811 * P[NBB21B] +0.123 * P[NBK11B] +0.123 * P[NBKB3B] +0.123 * P[NBKW1S] +0.144 * P[NBL21L] +1 * P[NBLW8] +0.144 * P[NBSF1L] +0.144 * P[NBSF2S] +0.188 * P[NCLS1C] +0.188 * P[NDNH1H] +0.188 * P[NDNS1D] +0.185 * P[NFNS1F] +0.151 * P[NHUM] +0.206 * P[NNRN1A] +0.188 * P[NRB23R] +0.188 * P[NRBB3R] +0.188 * P[NRDP3D] +0.218 * P[NURQ1U] +0.218 * P[NURQ2U] +0.218 * P[NURQ3U] +0.218 * P[NURQ4U] +0.207 * P[NWGG1W] +0.207 * P[NWGJ1J] +0.207 * P[NWGJ2S] +0.207 * P[NWGJ3W] +0.207 * P[NWGJ4W] +0.207 * P[NWGS1B] +0.148 * P[NWL21W] +0.148 * P[NWLA1W] -0.087 * P[NYS12A] + Z_unrepresented <= RHS(t),"Out = Bundey to Buronga (6F) 330kV line, avoid O/L Burrinjuck to Yass (970) on trip of Wagga to Lower Tumut (051) line, Feedback",Thermal,True,Z includes unsupported non-energy/region terms if present; not assumed zero
VNI-upper-20250114T1740,V>>N_NIL_65,V>>N_NIL_65|2024-11-15|1,0.826 * F_VIC_to_NSW +0.54 * P[NAL11C] +0.0792 * P[NBA21B] +0.0791 * P[NBB21B] +0.717 * P[NBK11B] +0.717 * P[NBKB3B] +0.717 * P[NBKW1S] +0.621 * P[NBL21L] +0.235 * P[NBLW8] +0.621 * P[NBSF1L] +0.621 * P[NBSF2S] +0.435 * P[NCLS1C] +0.432 * P[NDNH1H] +0.432 * P[NDNS1D] +0.473 * P[NFNS1F] +1 * P[NGUT8] +0.582 * P[NHUM] -0.172 * P[NLTS3] +0.172 * P[NLTS8] +0.174 * P[NMUR8] +0.404 * P[NNRN1A] +0.432 * P[NRB23R] +0.432 * P[NRBB3R] +0.432 * P[NRDP3D] +0.386 * P[NURQ1U] +0.386 * P[NURQ2U] +0.386 * P[NURQ3U] +0.386 * P[NURQ4U] -0.259 * P[NUTS8] +0.366 * P[NWGG1W] +0.366 * P[NWGJ1J] +0.366 * P[NWGJ2S] +0.366 * P[NWGJ3W] +0.366 * P[NWGJ4W] +0.366 * P[NWGS1B] +0.575 * P[NWL21W] +0.575 * P[NWLA1W] +0.0848 * P[NYS12A] -0.0916 * P[VHUM] -0.0873 * P[VKMT1K] -0.104 * P[VRCS1K] -0.104 * P[VRCS2Y] -0.0901 * P[VWES1B] -0.0901 * P[VWES2W] +0.104 * F[V-S-MNSP1] + Z_unrepresented <= RHS(t),"Out = Nil, avoid Murray to Upper Tumut(65) O/L on Nil trip; Feedback",Thermal,True,Z includes unsupported non-energy/region terms if present; not assumed zero
VNI-upper-20250114T1740,N::N_MNYS_2,N::N_MNYS_2|2024-12-20|1,0.979 * F_VIC_to_NSW +0.976 * P[NAL11C] +0.869 * P[NBA21B] +0.869 * P[NBB21B] +0.978 * P[NBK11B] +0.978 * P[NBKB3B] +0.978 * P[NBKW1S] +0.977 * P[NBL21L] +0.952 * P[NBLW8] +0.977 * P[NBSF1L] +0.977 * P[NBSF2S] +1 * P[NCKW1C] +0.975 * P[NCLS1C] +0.993 * P[NCLW1C] +0.986 * P[NCMA3B] +1 * P[NCW31C] +0.975 * P[NDNH1H] +0.975 * P[NDNS1D] +0.386 * P[NFBS1J] +0.974 * P[NFNS1F] +0.997 * P[NGUR1G] +0.997 * P[NGUR2G] +0.997 * P[NGUR3G] +0.982 * P[NGUT8] +0.977 * P[NHUM] -0.982 * P[NLTS3] +0.982 * P[NLTS8] +0.134 * P[NMLS1M] +0.0899 * P[NMOS1M] +0.973 * P[NNRN1A] +0.274 * P[NPG11P] +0.274 * P[NPG12G] +0.986 * P[NQBB3Q] +0.986 * P[NQBC3C] +0.975 * P[NRB23R] +0.975 * P[NRBB3R] +0.975 * P[NRDP3D] +0.988 * P[NRPK1R] +0.972 * P[NURQ1U] +0.972 * P[NURQ2U] +0.972 * P[NURQ3U] +0.972 * P[NURQ4U] +0.983 * P[NUTS8] +0.969 * P[NWGG1W] +0.969 * P[NWGJ1J] +0.969 * P[NWGJ2S] +0.969 * P[NWGJ3W] +0.969 * P[NWGJ4W] +0.969 * P[NWGS1B] +0.977 * P[NWL21W] +0.977 * P[NWLA1W] +0.0776 * P[NWLW1S] +0.932 * P[NYS12A] + Z_unrepresented <= RHS(t),"Out = Marulan-Yass (5), stability limit (Snowy-NSW) for critical fault on one 330kV line between Yass and Bannaby/Marulan",Transient Stability,True,Z includes unsupported non-energy/region terms if present; not assumed zero
VNI-upper-20250115T1345,N^^N_BDBU_X5_BESH,N^^N_BDBU_X5_BESH|2024-11-15|1,0.0961 * F_VIC_to_NSW +0.657 * P[NBK11B] +0.657 * P[NBKB3B] +0.657 * P[NBKW1S] +1 * P[NBL21L] +1 * P[NBSF1L] +1 * P[NBSF2S] -0.155 * P[NCLS1C] -0.161 * P[NDNH1H] -0.161 * P[NDNS1D] -0.0764 * P[NMUR8] -0.0991 * P[NNRN1A] -0.161 * P[NRB23R] -0.161 * P[NRBB3R] -0.161 * P[NRDP3D] +0.139 * P[VART1A] +0.166 * P[VBGT1B] +0.166 * P[VBGT4B] +0.148 * P[VCWL1C] +0.231 * P[VHOG1K] +0.261 * P[VKGB3G] +0.261 * P[VKGP1K] +0.261 * P[VKGS1G] +0.261 * P[VKGS2C] +0.445 * P[VKMT1K] +0.279 * P[VKOT1K] +0.278 * P[VMRT1M] +0.278 * P[VMRT2M] +0.535 * P[VRCS1K] +0.535 * P[VRCS2Y] +0.462 * P[VWES1B] +0.462 * P[VWES2W] -0.535 * F[V-S-MNSP1] + Z_unrepresented <= RHS(t),"Out = Bundey to Buronga (6F) 330kV line, limit power flow on line X5 from Balranald to Darlington Point (X5) to avoid voltage collapse at Balranald for contingency trip of Bendigo to Shepparton 220kV line in NW Victoria",Voltage Stability,True,Z includes unsupported non-energy/region terms if present; not assumed zero
VNI-upper-20250115T1345,N::N_MNYS_2,N::N_MNYS_2|2024-12-20|1,0.979 * F_VIC_to_NSW +0.976 * P[NAL11C] +0.869 * P[NBA21B] +0.869 * P[NBB21B] +0.978 * P[NBK11B] +0.978 * P[NBKB3B] +0.978 * P[NBKW1S] +0.977 * P[NBL21L] +0.952 * P[NBLW8] +0.977 * P[NBSF1L] +0.977 * P[NBSF2S] +1 * P[NCKW1C] +0.975 * P[NCLS1C] +0.993 * P[NCLW1C] +0.986 * P[NCMA3B] +1 * P[NCW31C] +0.975 * P[NDNH1H] +0.975 * P[NDNS1D] +0.386 * P[NFBS1J] +0.974 * P[NFNS1F] +0.997 * P[NGUR1G] +0.997 * P[NGUR2G] +0.997 * P[NGUR3G] +0.982 * P[NGUT8] +0.977 * P[NHUM] -0.982 * P[NLTS3] +0.982 * P[NLTS8] +0.134 * P[NMLS1M] +0.0899 * P[NMOS1M] +0.973 * P[NNRN1A] +0.274 * P[NPG11P] +0.274 * P[NPG12G] +0.986 * P[NQBB3Q] +0.986 * P[NQBC3C] +0.975 * P[NRB23R] +0.975 * P[NRBB3R] +0.975 * P[NRDP3D] +0.988 * P[NRPK1R] +0.972 * P[NURQ1U] +0.972 * P[NURQ2U] +0.972 * P[NURQ3U] +0.972 * P[NURQ4U] +0.983 * P[NUTS8] +0.969 * P[NWGG1W] +0.969 * P[NWGJ1J] +0.969 * P[NWGJ2S] +0.969 * P[NWGJ3W] +0.969 * P[NWGJ4W] +0.969 * P[NWGS1B] +0.977 * P[NWL21W] +0.977 * P[NWLA1W] +0.0776 * P[NWLW1S] +0.932 * P[NYS12A] + Z_unrepresented <= RHS(t),"Out = Marulan-Yass (5), stability limit (Snowy-NSW) for critical fault on one 330kV line between Yass and Bannaby/Marulan",Transient Stability,True,Z includes unsupported non-energy/region terms if present; not assumed zero
VNI-upper-20250115T1345,N::N_LTYS_2,N::N_LTYS_2|2024-11-19|1,0.982 * F_VIC_to_NSW +0.978 * P[NAL11C] +0.873 * P[NBA21B] +0.872 * P[NBB21B] +0.981 * P[NBK11B] +0.981 * P[NBKB3B] +0.981 * P[NBKW1S] +0.98 * P[NBL21L] +0.955 * P[NBLW8] +0.98 * P[NBSF1L] +0.98 * P[NBSF2S] +1 * P[NCKW1C] +1 * P[NCW31C] +0.978 * P[NCLS1C] +0.995 * P[NCLW1C] +0.989 * P[NCMA3B] +0.978 * P[NDNH1H] +0.978 * P[NDNS1D] +0.387 * P[NFBS1J] +0.977 * P[NFNS1F] +0.998 * P[NGUR1G] +0.998 * P[NGUR2G] +0.998 * P[NGUR3G] +0.984 * P[NGUT8] +0.979 * P[NHUM] -0.985 * P[NLTS3] +0.985 * P[NLTS8] +0.135 * P[NMLS1M] +0.0902 * P[NMOS1M] +0.976 * P[NNRN1A] +0.275 * P[NPG11P] +0.275 * P[NPG12G] +0.989 * P[NQBB3Q] +0.989 * P[NQBC3C] +0.977 * P[NRB23R] +0.977 * P[NRBB3R] +0.977 * P[NRDP3D] +0.991 * P[NRPK1R] +0.974 * P[NURQ1U] +0.974 * P[NURQ2U] +0.974 * P[NURQ3U] +0.974 * P[NURQ4U] +0.986 * P[NUTS8] +0.972 * P[NWGG1W] +0.972 * P[NWGJ1J] +0.972 * P[NWGJ2S] +0.972 * P[NWGJ3W] +0.972 * P[NWGJ4W] +0.972 * P[NWGS1B] +0.98 * P[NWL21W] +0.98 * P[NWLA1W] +0.0779 * P[NWLW1S] +0.936 * P[NYS12A] + Z_unrepresented <= RHS(t),"Out = Lower Tumut-Yass (03), stability limit (Snowy-NSW) for fault of various location between Yass-South Morang area",Transient Stability,True,Z includes unsupported non-energy/region terms if present; not assumed zero
VNI-upper-20250115T1345,V^^N_NIL_1,V^^N_NIL_1|2024-10-31|1,1 * F_VIC_to_NSW +0.55 * P[NAL11C] +0.563 * P[NBK11B] +0.563 * P[NBKB3B] +0.563 * P[NBKW1S] +0.563 * P[NBL21L] +0.563 * P[NBSF1L] +0.563 * P[NBSF2S] +0.55 * P[NCLS1C] +0.55 * P[NDNH1H] +0.55 * P[NDNS1D] +0.55 * P[NFBS1J] +0.55 * P[NFNS1F] -0.473 * P[NGUT8] +0.472 * P[NHUM] -0.227 * P[NLTS3] -0.473 * P[NMUR8] +0.472 * P[NURQ1U] +0.472 * P[NURQ2U] +0.472 * P[NURQ3U] +0.472 * P[NURQ4U] +0.55 * P[NWGG1W] +0.55 * P[NWGJ1J] +0.55 * P[NWGJ2S] +0.55 * P[NWGJ3W] +0.55 * P[NWGJ4W] +0.55 * P[NWGS1B] -0.473 * P[VDPS] -0.473 * P[VEPS1] -0.473 * P[VEPS2] +0.472 * P[VHUM] -0.187 * P[VKGB3G] -0.187 * P[VKGP1K] -0.187 * P[VKGS1G] -0.187 * P[VKGS2C] -0.187 * P[VKMT1K] -0.187 * P[VKOT1K] -0.187 * P[VWES1B] -0.473 * P[VMKP1] -0.187 * P[VRCS1K] -0.187 * P[VRCS2Y] -0.187 * P[VWES2W] -0.473 * P[VWKP1] -0.473 * P[VWKP2] +0.192 * F[V-S-MNSP1] + Z_unrepresented <= RHS(t),"Out = Nil, avoid voltage collapse around Murray for loss of all APD potlines",Voltage Stability,True,Z includes unsupported non-energy/region terms if present; not assumed zero
VNI-upper-20250115T1345,N^^N_BDBU_X5_BEKG,N^^N_BDBU_X5_BEKG|2024-11-15|1,0.0961 * F_VIC_to_NSW +0.657 * P[NBK11B] +0.657 * P[NBKB3B] +0.657 * P[NBKW1S] +1 * P[NBL21L] +1 * P[NBSF1L] +1 * P[NBSF2S] -0.155 * P[NCLS1C] -0.161 * P[NDNH1H] -0.161 * P[NDNS1D] -0.0764 * P[NMUR8] -0.0991 * P[NNRN1A] -0.161 * P[NRB23R] -0.161 * P[NRBB3R] -0.161 * P[NRDP3D] +0.139 * P[VART1A] +0.166 * P[VBGT1B] +0.166 * P[VBGT4B] +0.148 * P[VCWL1C] +0.231 * P[VHOG1K] +0.261 * P[VKGB3G] +0.261 * P[VKGP1K] +0.261 * P[VKGS1G] +0.261 * P[VKGS2C] +0.445 * P[VKMT1K] +0.279 * P[VKOT1K] +0.278 * P[VMRT1M] +0.278 * P[VMRT2M] +0.535 * P[VRCS1K] +0.535 * P[VRCS2Y] +0.462 * P[VWES1B] +0.462 * P[VWES2W] -0.535 * F[V-S-MNSP1] + Z_unrepresented <= RHS(t),"Out = Bundey to Buronga (6F) 330kV line, limit power flow on line X5 from Balranald to Darlington Point (X5) to avoid voltage collapse at Balranald for contingency trip of Bendigo to Kerang 220kV line and other nearby lines in NW Victoria",Voltage Stability,True,Z includes unsupported non-energy/region terms if present; not assumed zero
VNI-upper-20250115T1400,N::N_LTYS_2,N::N_LTYS_2|2024-11-19|1,0.982 * F_VIC_to_NSW +0.978 * P[NAL11C] +0.873 * P[NBA21B] +0.872 * P[NBB21B] +0.981 * P[NBK11B] +0.981 * P[NBKB3B] +0.981 * P[NBKW1S] +0.98 * P[NBL21L] +0.955 * P[NBLW8] +0.98 * P[NBSF1L] +0.98 * P[NBSF2S] +1 * P[NCKW1C] +1 * P[NCW31C] +0.978 * P[NCLS1C] +0.995 * P[NCLW1C] +0.989 * P[NCMA3B] +0.978 * P[NDNH1H] +0.978 * P[NDNS1D] +0.387 * P[NFBS1J] +0.977 * P[NFNS1F] +0.998 * P[NGUR1G] +0.998 * P[NGUR2G] +0.998 * P[NGUR3G] +0.984 * P[NGUT8] +0.979 * P[NHUM] -0.985 * P[NLTS3] +0.985 * P[NLTS8] +0.135 * P[NMLS1M] +0.0902 * P[NMOS1M] +0.976 * P[NNRN1A] +0.275 * P[NPG11P] +0.275 * P[NPG12G] +0.989 * P[NQBB3Q] +0.989 * P[NQBC3C] +0.977 * P[NRB23R] +0.977 * P[NRBB3R] +0.977 * P[NRDP3D] +0.991 * P[NRPK1R] +0.974 * P[NURQ1U] +0.974 * P[NURQ2U] +0.974 * P[NURQ3U] +0.974 * P[NURQ4U] +0.986 * P[NUTS8] +0.972 * P[NWGG1W] +0.972 * P[NWGJ1J] +0.972 * P[NWGJ2S] +0.972 * P[NWGJ3W] +0.972 * P[NWGJ4W] +0.972 * P[NWGS1B] +0.98 * P[NWL21W] +0.98 * P[NWLA1W] +0.0779 * P[NWLW1S] +0.936 * P[NYS12A] + Z_unrepresented <= RHS(t),"Out = Lower Tumut-Yass (03), stability limit (Snowy-NSW) for fault of various location between Yass-South Morang area",Transient Stability,True,Z includes unsupported non-energy/region terms if present; not assumed zero
VNI-upper-20250115T1400,N^^N_BDBU_X5_BESH,N^^N_BDBU_X5_BESH|2024-11-15|1,0.0961 * F_VIC_to_NSW +0.657 * P[NBK11B] +0.657 * P[NBKB3B] +0.657 * P[NBKW1S] +1 * P[NBL21L] +1 * P[NBSF1L] +1 * P[NBSF2S] -0.155 * P[NCLS1C] -0.161 * P[NDNH1H] -0.161 * P[NDNS1D] -0.0764 * P[NMUR8] -0.0991 * P[NNRN1A] -0.161 * P[NRB23R] -0.161 * P[NRBB3R] -0.161 * P[NRDP3D] +0.139 * P[VART1A] +0.166 * P[VBGT1B] +0.166 * P[VBGT4B] +0.148 * P[VCWL1C] +0.231 * P[VHOG1K] +0.261 * P[VKGB3G] +0.261 * P[VKGP1K] +0.261 * P[VKGS1G] +0.261 * P[VKGS2C] +0.445 * P[VKMT1K] +0.279 * P[VKOT1K] +0.278 * P[VMRT1M] +0.278 * P[VMRT2M] +0.535 * P[VRCS1K] +0.535 * P[VRCS2Y] +0.462 * P[VWES1B] +0.462 * P[VWES2W] -0.535 * F[V-S-MNSP1] + Z_unrepresented <= RHS(t),"Out = Bundey to Buronga (6F) 330kV line, limit power flow on line X5 from Balranald to Darlington Point (X5) to avoid voltage collapse at Balranald for contingency trip of Bendigo to Shepparton 220kV line in NW Victoria",Voltage Stability,True,Z includes unsupported non-energy/region terms if present; not assumed zero
VNI-upper-20250122T0705,N::N_CTYS_2,N::N_CTYS_2|2025-01-17|1,0.972 * F_VIC_to_NSW +0.969 * P[NAL11C] +0.863 * P[NBA21B] +0.862 * P[NBB21B] +0.971 * P[NBK11B] +0.971 * P[NBKB3B] +0.971 * P[NBKW1S] +0.97 * P[NBL21L] +0.945 * P[NBLW8] +0.97 * P[NBSF1L] +0.97 * P[NBSF2S] +0.993 * P[NCKW1C] +0.968 * P[NCLS1C] +1 * P[NCLW1C] +0.979 * P[NCMA3B] +0.993 * P[NCW31C] +0.968 * P[NDNH1H] +0.968 * P[NDNS1D] +0.383 * P[NFBS1J] +0.967 * P[NFNS1F] +0.99 * P[NGUR1G] +0.99 * P[NGUR2G] +0.99 * P[NGUR3G] +0.974 * P[NGUT8] +0.969 * P[NHUM] -0.975 * P[NLTS3] +0.975 * P[NLTS8] +0.133 * P[NMLS1M] +0.0893 * P[NMOS1M] +0.966 * P[NNRN1A] +0.272 * P[NPG11P] +0.272 * P[NPG12G] +0.979 * P[NQBB3Q] +0.978 * P[NQBC3C] +0.967 * P[NRB23R] +0.967 * P[NRBB3R] +0.967 * P[NRDP3D] +0.981 * P[NRPK1R] +0.964 * P[NURQ1U] +0.964 * P[NURQ2U] +0.964 * P[NURQ3U] +0.964 * P[NURQ4U] +0.976 * P[NUTS8] +0.962 * P[NWGG1W] +0.962 * P[NWGJ1J] +0.962 * P[NWGJ2S] +0.962 * P[NWGJ3W] +0.962 * P[NWGJ4W] +0.962 * P[NWGS1B] +0.97 * P[NWL21W] +0.97 * P[NWLA1W] +0.077 * P[NWLW1S] +0.925 * P[NYS12A] + Z_unrepresented <= RHS(t),"Out= Collector-Yass (3L), stability limit (Snowy-NSW) for critical fault on one 330 kV line between Yass and Bannaby/Marulan",Transient Stability,True,Z includes unsupported non-energy/region terms if present; not assumed zero
VNI-upper-20250122T0705,N>>BDBU_970_051,N>>BDBU_970_051|2024-11-15|1,0.0884 * F_VIC_to_NSW +0.164 * P[NAL11C] -0.0812 * P[NBA21B] -0.0811 * P[NBB21B] +0.123 * P[NBK11B] +0.123 * P[NBKB3B] +0.123 * P[NBKW1S] +0.144 * P[NBL21L] +1 * P[NBLW8] +0.144 * P[NBSF1L] +0.144 * P[NBSF2S] +0.188 * P[NCLS1C] +0.188 * P[NDNH1H] +0.188 * P[NDNS1D] +0.185 * P[NFNS1F] +0.151 * P[NHUM] +0.206 * P[NNRN1A] +0.188 * P[NRB23R] +0.188 * P[NRBB3R] +0.188 * P[NRDP3D] +0.218 * P[NURQ1U] +0.218 * P[NURQ2U] +0.218 * P[NURQ3U] +0.218 * P[NURQ4U] +0.207 * P[NWGG1W] +0.207 * P[NWGJ1J] +0.207 * P[NWGJ2S] +0.207 * P[NWGJ3W] +0.207 * P[NWGJ4W] +0.207 * P[NWGS1B] +0.148 * P[NWL21W] +0.148 * P[NWLA1W] -0.087 * P[NYS12A] + Z_unrepresented <= RHS(t),"Out = Bundey to Buronga (6F) 330kV line, avoid O/L Burrinjuck to Yass (970) on trip of Wagga to Lower Tumut (051) line, Feedback",Thermal,True,Z includes unsupported non-energy/region terms if present; not assumed zero
VNI-upper-20250204T1515,N>>NIL_970_051,N>>NIL_970_051|2024-11-15|1,0.0891 * F_VIC_to_NSW +0.163 * P[NAL11C] -0.0813 * P[NBA21B] -0.0813 * P[NBB21B] +0.115 * P[NBK11B] +0.115 * P[NBKB3B] +0.115 * P[NBKW1S] +0.138 * P[NBL21L] +1 * P[NBLW8] +0.138 * P[NBSF1L] +0.138 * P[NBSF2S] +0.187 * P[NCLS1C] +0.187 * P[NDNH1H] +0.187 * P[NDNS1D] +0.184 * P[NFNS1F] +0.151 * P[NHUM] +0.205 * P[NNRN1A] +0.187 * P[NRB23R] +0.187 * P[NRBB3R] +0.187 * P[NRDP3D] +0.218 * P[NURQ1U] +0.218 * P[NURQ2U] +0.218 * P[NURQ3U] +0.218 * P[NURQ4U] +0.207 * P[NWGG1W] +0.207 * P[NWGJ1J] +0.207 * P[NWGJ2S] +0.207 * P[NWGJ3W] +0.207 * P[NWGJ4W] +0.207 * P[NWGS1B] +0.148 * P[NWL21W] +0.148 * P[NWLA1W] -0.0872 * P[NYS12A] + Z_unrepresented <= RHS(t),"Out= NIL, avoid O/L Burrinjuck to Yass (970) on trip of Wagga to Lower Tumut (051) line, Feedback",Thermal,True,Z includes unsupported non-energy/region terms if present; not assumed zero
VNI-upper-20250204T1515,N^^N_NIL_X5_BESH,N^^N_NIL_X5_BESH|2024-11-13|1,0.12 * F_VIC_to_NSW +0.588 * P[NBK11B] +0.588 * P[NBKB3B] +0.588 * P[NBKW1S] +1 * P[NBL21L] +1 * P[NBSF1L] +1 * P[NBSF2S] -0.186 * P[NCLS1C] -0.194 * P[NDNH1H] -0.194 * P[NDNS1D] -0.0806 * P[NFNS1F] -0.0967 * P[NMUR8] -0.119 * P[NNRN1A] -0.194 * P[NRB23R] -0.194 * P[NRBB3R] -0.194 * P[NRDP3D] +0.12 * P[VART1A] +0.142 * P[VBGT1B] +0.142 * P[VBGT4B] +0.128 * P[VCWL1C] +0.195 * P[VHOG1K] -0.0885 * P[VHUM] +0.216 * P[VKGB3G] +0.216 * P[VKGP1K] +0.216 * P[VKGS1G] +0.216 * P[VKGS2C] +0.372 * P[VKMT1K] +0.235 * P[VMRT1M] +0.235 * P[VMRT2M] +0.446 * P[VRCS1K] +0.446 * P[VRCS2Y] +0.384 * P[VWES1B] +0.384 * P[VWES2W] -0.446 * F[V-S-MNSP1] + Z_unrepresented <= RHS(t),"Out= Nil, limit power flow on line X5 from Balranald to Darlington Point (X5) to avoid voltage collapse at Balranald for contingency trip of Bendigo to Shepparton 220kV line in NW Victoria",Voltage Stability,True,Z includes unsupported non-energy/region terms if present; not assumed zero
VNI-upper-20250204T1515,N::N_CTMN_2,N::N_CTMN_2|2025-01-22|1,0.979 * F_VIC_to_NSW +0.976 * P[NAL11C] +0.869 * P[NBA21B] +0.869 * P[NBB21B] +0.978 * P[NBK11B] +0.978 * P[NBKB3B] +0.978 * P[NBKW1S] +0.977 * P[NBL21L] +0.952 * P[NBLW8] +0.975 * P[NCLS1C] +0.977 * P[NBSF1L] +0.977 * P[NBSF2S] +1 * P[NCKW1C] +0.984 * P[NCLW1C] +0.986 * P[NCMA3B] +1 * P[NCW31C] +0.975 * P[NDNH1H] +0.975 * P[NDNS1D] +0.386 * P[NFBS1J] +0.974 * P[NFNS1F] +0.997 * P[NGUR1G] +0.997 * P[NGUR2G] +0.997 * P[NGUR3G] +0.982 * P[NGUT8] +0.977 * P[NHUM] -0.982 * P[NLTS3] +0.982 * P[NLTS8] +0.134 * P[NMLS1M] +0.0899 * P[NMOS1M] +0.973 * P[NNRN1A] +0.274 * P[NPG11P] +0.274 * P[NPG12G] +0.986 * P[NQBB3Q] +0.986 * P[NQBC3C] +0.975 * P[NRB23R] +0.975 * P[NRBB3R] +0.975 * P[NRDP3D] +0.988 * P[NRPK1R] +0.971 * P[NURQ1U] +0.971 * P[NURQ2U] +0.971 * P[NURQ3U] +0.971 * P[NURQ4U] +0.983 * P[NUTS8] +0.969 * P[NWGG1W] +0.969 * P[NWGJ1J] +0.969 * P[NWGJ2S] +0.969 * P[NWGJ3W] +0.969 * P[NWGJ4W] +0.969 * P[NWGS1B] +0.977 * P[NWL21W] +0.977 * P[NWLA1W] +0.0776 * P[NWLW1S] +0.932 * P[NYS12A] + Z_unrepresented <= RHS(t),"Out = Collector - Marulan (4), stability limit (Snowy-NSW) for critical fault on one 330kV line between Yass and Bannaby/Marulan",Transient Stability,True,Z includes unsupported non-energy/region terms if present; not assumed zero
VNI-upper-20250205T1630,N^^N_NIL_X5_BESH,N^^N_NIL_X5_BESH|2024-11-13|1,0.12 * F_VIC_to_NSW +0.588 * P[NBK11B] +0.588 * P[NBKB3B] +0.588 * P[NBKW1S] +1 * P[NBL21L] +1 * P[NBSF1L] +1 * P[NBSF2S] -0.186 * P[NCLS1C] -0.194 * P[NDNH1H] -0.194 * P[NDNS1D] -0.0806 * P[NFNS1F] -0.0967 * P[NMUR8] -0.119 * P[NNRN1A] -0.194 * P[NRB23R] -0.194 * P[NRBB3R] -0.194 * P[NRDP3D] +0.12 * P[VART1A] +0.142 * P[VBGT1B] +0.142 * P[VBGT4B] +0.128 * P[VCWL1C] +0.195 * P[VHOG1K] -0.0885 * P[VHUM] +0.216 * P[VKGB3G] +0.216 * P[VKGP1K] +0.216 * P[VKGS1G] +0.216 * P[VKGS2C] +0.372 * P[VKMT1K] +0.235 * P[VMRT1M] +0.235 * P[VMRT2M] +0.446 * P[VRCS1K] +0.446 * P[VRCS2Y] +0.384 * P[VWES1B] +0.384 * P[VWES2W] -0.446 * F[V-S-MNSP1] + Z_unrepresented <= RHS(t),"Out= Nil, limit power flow on line X5 from Balranald to Darlington Point (X5) to avoid voltage collapse at Balranald for contingency trip of Bendigo to Shepparton 220kV line in NW Victoria",Voltage Stability,True,Z includes unsupported non-energy/region terms if present; not assumed zero
VNI-upper-20250205T1630,N::N_CTMN_2,N::N_CTMN_2|2025-01-22|1,0.979 * F_VIC_to_NSW +0.976 * P[NAL11C] +0.869 * P[NBA21B] +0.869 * P[NBB21B] +0.978 * P[NBK11B] +0.978 * P[NBKB3B] +0.978 * P[NBKW1S] +0.977 * P[NBL21L] +0.952 * P[NBLW8] +0.975 * P[NCLS1C] +0.977 * P[NBSF1L] +0.977 * P[NBSF2S] +1 * P[NCKW1C] +0.984 * P[NCLW1C] +0.986 * P[NCMA3B] +1 * P[NCW31C] +0.975 * P[NDNH1H] +0.975 * P[NDNS1D] +0.386 * P[NFBS1J] +0.974 * P[NFNS1F] +0.997 * P[NGUR1G] +0.997 * P[NGUR2G] +0.997 * P[NGUR3G] +0.982 * P[NGUT8] +0.977 * P[NHUM] -0.982 * P[NLTS3] +0.982 * P[NLTS8] +0.134 * P[NMLS1M] +0.0899 * P[NMOS1M] +0.973 * P[NNRN1A] +0.274 * P[NPG11P] +0.274 * P[NPG12G] +0.986 * P[NQBB3Q] +0.986 * P[NQBC3C] +0.975 * P[NRB23R] +0.975 * P[NRBB3R] +0.975 * P[NRDP3D] +0.988 * P[NRPK1R] +0.971 * P[NURQ1U] +0.971 * P[NURQ2U] +0.971 * P[NURQ3U] +0.971 * P[NURQ4U] +0.983 * P[NUTS8] +0.969 * P[NWGG1W] +0.969 * P[NWGJ1J] +0.969 * P[NWGJ2S] +0.969 * P[NWGJ3W] +0.969 * P[NWGJ4W] +0.969 * P[NWGS1B] +0.977 * P[NWL21W] +0.977 * P[NWLA1W] +0.0776 * P[NWLW1S] +0.932 * P[NYS12A] + Z_unrepresented <= RHS(t),"Out = Collector - Marulan (4), stability limit (Snowy-NSW) for critical fault on one 330kV line between Yass and Bannaby/Marulan",Transient Stability,True,Z includes unsupported non-energy/region terms if present; not assumed zero
VNI-upper-20250205T1645,N::N_CTMN_2,N::N_CTMN_2|2025-01-22|1,0.979 * F_VIC_to_NSW +0.976 * P[NAL11C] +0.869 * P[NBA21B] +0.869 * P[NBB21B] +0.978 * P[NBK11B] +0.978 * P[NBKB3B] +0.978 * P[NBKW1S] +0.977 * P[NBL21L] +0.952 * P[NBLW8] +0.975 * P[NCLS1C] +0.977 * P[NBSF1L] +0.977 * P[NBSF2S] +1 * P[NCKW1C] +0.984 * P[NCLW1C] +0.986 * P[NCMA3B] +1 * P[NCW31C] +0.975 * P[NDNH1H] +0.975 * P[NDNS1D] +0.386 * P[NFBS1J] +0.974 * P[NFNS1F] +0.997 * P[NGUR1G] +0.997 * P[NGUR2G] +0.997 * P[NGUR3G] +0.982 * P[NGUT8] +0.977 * P[NHUM] -0.982 * P[NLTS3] +0.982 * P[NLTS8] +0.134 * P[NMLS1M] +0.0899 * P[NMOS1M] +0.973 * P[NNRN1A] +0.274 * P[NPG11P] +0.274 * P[NPG12G] +0.986 * P[NQBB3Q] +0.986 * P[NQBC3C] +0.975 * P[NRB23R] +0.975 * P[NRBB3R] +0.975 * P[NRDP3D] +0.988 * P[NRPK1R] +0.971 * P[NURQ1U] +0.971 * P[NURQ2U] +0.971 * P[NURQ3U] +0.971 * P[NURQ4U] +0.983 * P[NUTS8] +0.969 * P[NWGG1W] +0.969 * P[NWGJ1J] +0.969 * P[NWGJ2S] +0.969 * P[NWGJ3W] +0.969 * P[NWGJ4W] +0.969 * P[NWGS1B] +0.977 * P[NWL21W] +0.977 * P[NWLA1W] +0.0776 * P[NWLW1S] +0.932 * P[NYS12A] + Z_unrepresented <= RHS(t),"Out = Collector - Marulan (4), stability limit (Snowy-NSW) for critical fault on one 330kV line between Yass and Bannaby/Marulan",Transient Stability,True,Z includes unsupported non-energy/region terms if present; not assumed zero
VNI-upper-20250205T1655,N::N_CTMN_2,N::N_CTMN_2|2025-01-22|1,0.979 * F_VIC_to_NSW +0.976 * P[NAL11C] +0.869 * P[NBA21B] +0.869 * P[NBB21B] +0.978 * P[NBK11B] +0.978 * P[NBKB3B] +0.978 * P[NBKW1S] +0.977 * P[NBL21L] +0.952 * P[NBLW8] +0.975 * P[NCLS1C] +0.977 * P[NBSF1L] +0.977 * P[NBSF2S] +1 * P[NCKW1C] +0.984 * P[NCLW1C] +0.986 * P[NCMA3B] +1 * P[NCW31C] +0.975 * P[NDNH1H] +0.975 * P[NDNS1D] +0.386 * P[NFBS1J] +0.974 * P[NFNS1F] +0.997 * P[NGUR1G] +0.997 * P[NGUR2G] +0.997 * P[NGUR3G] +0.982 * P[NGUT8] +0.977 * P[NHUM] -0.982 * P[NLTS3] +0.982 * P[NLTS8] +0.134 * P[NMLS1M] +0.0899 * P[NMOS1M] +0.973 * P[NNRN1A] +0.274 * P[NPG11P] +0.274 * P[NPG12G] +0.986 * P[NQBB3Q] +0.986 * P[NQBC3C] +0.975 * P[NRB23R] +0.975 * P[NRBB3R] +0.975 * P[NRDP3D] +0.988 * P[NRPK1R] +0.971 * P[NURQ1U] +0.971 * P[NURQ2U] +0.971 * P[NURQ3U] +0.971 * P[NURQ4U] +0.983 * P[NUTS8] +0.969 * P[NWGG1W] +0.969 * P[NWGJ1J] +0.969 * P[NWGJ2S] +0.969 * P[NWGJ3W] +0.969 * P[NWGJ4W] +0.969 * P[NWGS1B] +0.977 * P[NWL21W] +0.977 * P[NWLA1W] +0.0776 * P[NWLW1S] +0.932 * P[NYS12A] + Z_unrepresented <= RHS(t),"Out = Collector - Marulan (4), stability limit (Snowy-NSW) for critical fault on one 330kV line between Yass and Bannaby/Marulan",Transient Stability,True,Z includes unsupported non-energy/region terms if present; not assumed zero
VNI-upper-20250207T1710,N>>17_39_11,N>>17_39_11|2024-10-30|2,0.988 * F_VIC_to_NSW +0.986 * P[NAL11C] +0.93 * P[NBA21B] +0.262 * P[NBAY1] +0.262 * P[NBAY2] +0.364 * P[NBAY3] +0.364 * P[NBAY4] +0.929 * P[NBB21B] +0.488 * P[NBES1B] +0.987 * P[NBK11B] +0.987 * P[NBKB3B] +0.987 * P[NBKW1S] +0.987 * P[NBL21L] +0.974 * P[NBLW8] +0.492 * P[NBOD1B] +0.987 * P[NBSF1L] +0.987 * P[NBSF2S] +0.479 * P[NCDS1C] +0.998 * P[NCKW1C] +0.0855 * P[NCLG1D] +0.0855 * P[NCLG2D] +0.0855 * P[NCLG3D] +0.0855 * P[NCLG4D] +0.985 * P[NCLS1C] +0.995 * P[NCLW1C] +0.991 * P[NCMA3B] +0.998 * P[NCW31C] +0.993 * P[NCWF2W] +0.985 * P[NDNH1H] +0.985 * P[NDNS1D] +0.999 * P[NDT13T] +0.999 * P[NDTB1T] +0.108 * P[NEPS1] +0.108 * P[NEPS2] +0.106 * P[NEPS3] +0.106 * P[NEPS4] +0.671 * P[NFBS1J] +0.985 * P[NFNS1F] +0.25 * P[NGNE1G] +0.997 * P[NGUR1G] +0.997 * P[NGUR2G] +0.997 * P[NGUR3G] +0.989 * P[NGUT8] +0.986 * P[NHUM] -0.99 * P[NLTS3] +0.99 * P[NLTS8] +0.535 * P[NMLS1M] +0.511 * P[NMOS1M] +1 * P[NMR22T] +0.247 * P[NMR41M] +0.475 * P[NMTP1] +0.475 * P[NMTP2] +0.244 * P[NMTZ1M] +0.0855 * P[NMWB1W] +0.124 * P[NNEE1H] +0.984 * P[NNRN1A] +0.491 * P[NONF1F] +0.611 * P[NPG11P] +0.611 * P[NPG12G] +0.991 * P[NQBB3Q] +0.991 * P[NQBC3C] +0.993 * P[NRPK1R] +0.985 * P[NRB23R] +0.985 * P[NRBB3R] +0.985 * P[NRDP3D] +0.246 * P[NSAP1S] +0.997 * P[NSHL] -0.997 * P[NSHP1] +0.477 * P[NSTB1S] +0.477 * P[NSTU1S] +0.984 * P[NURQ1U] +0.984 * P[NURQ2U] +0.984 * P[NURQ3U] +0.984 * P[NURQ4U] +0.247 * P[NURR1N] +0.247 * P[NURR2N] +0.99 * P[NUTS8] +0.0928 * P[NVPP5] +0.0928 * P[NVPP6] +0.983 * P[NWGG1W] +0.983 * P[NWGJ1J] +0.983 * P[NWGJ2S] +0.983 * P[NWGJ3W] +0.983 * P[NWGJ4W] +0.983 * P[NWGS1B] +0.987 * P[NWL21W] +0.494 * P[NWL82N] +0.987 * P[NWLA1W] +0.484 * P[NWLN1W] +0.494 * P[NWLS3N] +0.494 * P[NWLS4W] +0.507 * P[NWLW1S] +0.473 * P[NWOW1W] +0.244 * P[NWRK1W] +0.244 * P[NWRK2W] +0.963 * P[NYS12A] -0.241 * F[N-Q-MNSP1] -0.246 * F[NSW1-QLD1] + Z_unrepresented <= RHS(t),"Out= Avon-Macarthur (17) 330kV line or Kemps Creek-Macarthur (37) 330kV  line, avoid O/L Bannaby to Sydney West (39) 330kV line on trip of Dapto to Sydney South (11) 330kV line, Feedback",Thermal,True,Z includes unsupported non-energy/region terms if present; not assumed zero
VNI-upper-20250207T1710,N^^N_NIL_X5_BESH,N^^N_NIL_X5_BESH|2024-11-13|1,0.12 * F_VIC_to_NSW +0.588 * P[NBK11B] +0.588 * P[NBKB3B] +0.588 * P[NBKW1S] +1 * P[NBL21L] +1 * P[NBSF1L] +1 * P[NBSF2S] -0.186 * P[NCLS1C] -0.194 * P[NDNH1H] -0.194 * P[NDNS1D] -0.0806 * P[NFNS1F] -0.0967 * P[NMUR8] -0.119 * P[NNRN1A] -0.194 * P[NRB23R] -0.194 * P[NRBB3R] -0.194 * P[NRDP3D] +0.12 * P[VART1A] +0.142 * P[VBGT1B] +0.142 * P[VBGT4B] +0.128 * P[VCWL1C] +0.195 * P[VHOG1K] -0.0885 * P[VHUM] +0.216 * P[VKGB3G] +0.216 * P[VKGP1K] +0.216 * P[VKGS1G] +0.216 * P[VKGS2C] +0.372 * P[VKMT1K] +0.235 * P[VMRT1M] +0.235 * P[VMRT2M] +0.446 * P[VRCS1K] +0.446 * P[VRCS2Y] +0.384 * P[VWES1B] +0.384 * P[VWES2W] -0.446 * F[V-S-MNSP1] + Z_unrepresented <= RHS(t),"Out= Nil, limit power flow on line X5 from Balranald to Darlington Point (X5) to avoid voltage collapse at Balranald for contingency trip of Bendigo to Shepparton 220kV line in NW Victoria",Voltage Stability,True,Z includes unsupported non-energy/region terms if present; not assumed zero
VNI-upper-20250208T1435,N>>NIL_990_051,N>>NIL_990_051|2024-11-15|1,0.385 * F_VIC_to_NSW +0.706 * P[NAL11C] -0.351 * P[NBA21B] -0.351 * P[NBB21B] +0.498 * P[NBK11B] +0.498 * P[NBKB3B] +0.498 * P[NBKW1S] +0.598 * P[NBL21L] +0.301 * P[NBLW8] +0.598 * P[NBSF1L] +0.598 * P[NBSF2S] +0.806 * P[NCLS1C] +0.807 * P[NDNH1H] +0.807 * P[NDNS1D] -0.156 * P[NFBS1J] +0.795 * P[NFNS1F] +0.204 * P[NGUT8] +0.651 * P[NHUM] -0.111 * P[NLTS3] +0.111 * P[NLTS8] -0.181 * P[NMUR8] +0.886 * P[NNRN1A] -0.111 * P[NPG11P] -0.111 * P[NPG12G] +0.807 * P[NRB23R] +0.807 * P[NRBB3R] +0.807 * P[NRDP3D] +0.94 * P[NURQ1U] +0.94 * P[NURQ2U] +0.94 * P[NURQ3U] +0.94 * P[NURQ4U] +0.122 * P[NUTS8] +1 * P[NWGJ1J] +1 * P[NWGJ2S] +1 * P[NWGJ3W] +1 * P[NWGJ4W] +0.638 * P[NWL21W] +0.638 * P[NWLA1W] -0.377 * P[NYS12A] +0.0923 * P[VHUM] +0.0899 * P[VKMT1K] +0.108 * P[VRCS1K] +0.108 * P[VRCS2Y] +0.0928 * P[VWES1B] +0.0928 * P[VWES2W] -0.108 * F[V-S-MNSP1] + Z_unrepresented <= RHS(t),"Out= NIL, avoid O/L Wagga to Yass (990) on trip of Wagga to Lower Tumut (051) line, Feedback",Thermal,True,Z includes unsupported non-energy/region terms if present; not assumed zero
VNI-upper-20250208T1435,N^^N_NIL_X5_BESH,N^^N_NIL_X5_BESH|2024-11-13|1,0.12 * F_VIC_to_NSW +0.588 * P[NBK11B] +0.588 * P[NBKB3B] +0.588 * P[NBKW1S] +1 * P[NBL21L] +1 * P[NBSF1L] +1 * P[NBSF2S] -0.186 * P[NCLS1C] -0.194 * P[NDNH1H] -0.194 * P[NDNS1D] -0.0806 * P[NFNS1F] -0.0967 * P[NMUR8] -0.119 * P[NNRN1A] -0.194 * P[NRB23R] -0.194 * P[NRBB3R] -0.194 * P[NRDP3D] +0.12 * P[VART1A] +0.142 * P[VBGT1B] +0.142 * P[VBGT4B] +0.128 * P[VCWL1C] +0.195 * P[VHOG1K] -0.0885 * P[VHUM] +0.216 * P[VKGB3G] +0.216 * P[VKGP1K] +0.216 * P[VKGS1G] +0.216 * P[VKGS2C] +0.372 * P[VKMT1K] +0.235 * P[VMRT1M] +0.235 * P[VMRT2M] +0.446 * P[VRCS1K] +0.446 * P[VRCS2Y] +0.384 * P[VWES1B] +0.384 * P[VWES2W] -0.446 * F[V-S-MNSP1] + Z_unrepresented <= RHS(t),"Out= Nil, limit power flow on line X5 from Balranald to Darlington Point (X5) to avoid voltage collapse at Balranald for contingency trip of Bendigo to Shepparton 220kV line in NW Victoria",Voltage Stability,True,Z includes unsupported non-energy/region terms if present; not assumed zero
VNI-upper-20250208T1435,N::N_CTMN_2,N::N_CTMN_2|2025-01-22|1,0.979 * F_VIC_to_NSW +0.976 * P[NAL11C] +0.869 * P[NBA21B] +0.869 * P[NBB21B] +0.978 * P[NBK11B] +0.978 * P[NBKB3B] +0.978 * P[NBKW1S] +0.977 * P[NBL21L] +0.952 * P[NBLW8] +0.975 * P[NCLS1C] +0.977 * P[NBSF1L] +0.977 * P[NBSF2S] +1 * P[NCKW1C] +0.984 * P[NCLW1C] +0.986 * P[NCMA3B] +1 * P[NCW31C] +0.975 * P[NDNH1H] +0.975 * P[NDNS1D] +0.386 * P[NFBS1J] +0.974 * P[NFNS1F] +0.997 * P[NGUR1G] +0.997 * P[NGUR2G] +0.997 * P[NGUR3G] +0.982 * P[NGUT8] +0.977 * P[NHUM] -0.982 * P[NLTS3] +0.982 * P[NLTS8] +0.134 * P[NMLS1M] +0.0899 * P[NMOS1M] +0.973 * P[NNRN1A] +0.274 * P[NPG11P] +0.274 * P[NPG12G] +0.986 * P[NQBB3Q] +0.986 * P[NQBC3C] +0.975 * P[NRB23R] +0.975 * P[NRBB3R] +0.975 * P[NRDP3D] +0.988 * P[NRPK1R] +0.971 * P[NURQ1U] +0.971 * P[NURQ2U] +0.971 * P[NURQ3U] +0.971 * P[NURQ4U] +0.983 * P[NUTS8] +0.969 * P[NWGG1W] +0.969 * P[NWGJ1J] +0.969 * P[NWGJ2S] +0.969 * P[NWGJ3W] +0.969 * P[NWGJ4W] +0.969 * P[NWGS1B] +0.977 * P[NWL21W] +0.977 * P[NWLA1W] +0.0776 * P[NWLW1S] +0.932 * P[NYS12A] + Z_unrepresented <= RHS(t),"Out = Collector - Marulan (4), stability limit (Snowy-NSW) for critical fault on one 330kV line between Yass and Bannaby/Marulan",Transient Stability,True,Z includes unsupported non-energy/region terms if present; not assumed zero
VNI-upper-20250210T1205,N>>NIL_970_051,N>>NIL_970_051|2024-11-15|1,0.0891 * F_VIC_to_NSW +0.163 * P[NAL11C] -0.0813 * P[NBA21B] -0.0813 * P[NBB21B] +0.115 * P[NBK11B] +0.115 * P[NBKB3B] +0.115 * P[NBKW1S] +0.138 * P[NBL21L] +1 * P[NBLW8] +0.138 * P[NBSF1L] +0.138 * P[NBSF2S] +0.187 * P[NCLS1C] +0.187 * P[NDNH1H] +0.187 * P[NDNS1D] +0.184 * P[NFNS1F] +0.151 * P[NHUM] +0.205 * P[NNRN1A] +0.187 * P[NRB23R] +0.187 * P[NRBB3R] +0.187 * P[NRDP3D] +0.218 * P[NURQ1U] +0.218 * P[NURQ2U] +0.218 * P[NURQ3U] +0.218 * P[NURQ4U] +0.207 * P[NWGG1W] +0.207 * P[NWGJ1J] +0.207 * P[NWGJ2S] +0.207 * P[NWGJ3W] +0.207 * P[NWGJ4W] +0.207 * P[NWGS1B] +0.148 * P[NWL21W] +0.148 * P[NWLA1W] -0.0872 * P[NYS12A] + Z_unrepresented <= RHS(t),"Out= NIL, avoid O/L Burrinjuck to Yass (970) on trip of Wagga to Lower Tumut (051) line, Feedback",Thermal,True,Z includes unsupported non-energy/region terms if present; not assumed zero
VNI-upper-20250210T1205,N>>X-17+76_39_11,N>>X-17+76_39_11|2024-10-30|1,0.989 * F_VIC_to_NSW +0.988 * P[NAL11C] +0.938 * P[NBA21B] +0.281 * P[NBAY1] +0.281 * P[NBAY2] +0.392 * P[NBAY3] +0.392 * P[NBAY4] +0.938 * P[NBB21B] +0.551 * P[NBES1B] +0.988 * P[NBK11B] +0.988 * P[NBKB3B] +0.988 * P[NBKW1S] +0.988 * P[NBL21L] +0.977 * P[NBLW8] +0.552 * P[NBOD1B] +0.998 * P[NCKW1C] +0.988 * P[NBSF1L] +0.988 * P[NBSF2S] +0.549 * P[NCDS1C] +0.0836 * P[NCLG1D] +0.0836 * P[NCLG2D] +0.0836 * P[NCLG3D] +0.0836 * P[NCLG4D] +0.987 * P[NCLS1C] +0.995 * P[NCLW1C] +0.992 * P[NCMA3B] +0.998 * P[NCW31C] +0.994 * P[NCWF2W] +0.987 * P[NDNH1H] +0.987 * P[NDNS1D] +0.999 * P[NDT13T] +0.999 * P[NDTB1T] +0.106 * P[NEPS1] +0.106 * P[NEPS2] +0.095 * P[NEPS3] +0.095 * P[NEPS4] +0.711 * P[NFBS1J] +0.987 * P[NFNS1F] +0.267 * P[NGNE1G] +0.997 * P[NGUR1G] +0.997 * P[NGUR2G] +0.997 * P[NGUR3G] +0.99 * P[NGUT8] +0.988 * P[NHUM] -0.991 * P[NLTS3] +0.991 * P[NLTS8] +0.594 * P[NMLS1M] +0.574 * P[NMOS1M] +1 * P[NMR22T] +0.264 * P[NMR41M] +0.55 * P[NMTP1] +0.55 * P[NMTP2] +0.26 * P[NMTZ1M] +0.0836 * P[NMWB1W] +0.125 * P[NNEE1H] +0.986 * P[NNRN1A] +0.559 * P[NONF1F] +0.658 * P[NPG11P] +0.658 * P[NPG12G] +0.992 * P[NQBB3Q] +0.992 * P[NQBC3C] +0.987 * P[NRB23R] +0.987 * P[NRBB3R] +0.987 * P[NRDP3D] +0.994 * P[NRPK1R] +0.263 * P[NSAP1S] +0.998 * P[NSHL] -0.998 * P[NSHP1] +0.986 * P[NURQ1U] +0.986 * P[NURQ2U] +0.986 * P[NURQ3U] +0.986 * P[NURQ4U] +0.264 * P[NURR1N] +0.264 * P[NURR2N] +0.991 * P[NUTS8] +0.0911 * P[NVPP5] +0.0911 * P[NVPP6] +0.985 * P[NWGG1W] +0.985 * P[NWGJ1J] +0.985 * P[NWGJ2S] +0.985 * P[NWGJ3W] +0.985 * P[NWGJ4W] +0.985 * P[NWGS1B] +0.553 * P[NWL82N] +0.541 * P[NWLN1W] +0.553 * P[NWLS3N] +0.553 * P[NWLS4W] +0.565 * P[NWLW1S] +0.517 * P[NWOW1W] +0.261 * P[NWRK1W] +0.261 * P[NWRK2W] +0.968 * P[NYS12A] -0.257 * F[N-Q-MNSP1] -0.263 * F[NSW1-QLD1] + Z_unrepresented <= RHS(t),"Out = Avon to Macarthur (17) and Sydney South to Wallerawang (76), avoid O/L Bannaby to Sydney West (39) on trip of Dapto to Sydney South (11) line, Feedback",Thermal,True,Z includes unsupported non-energy/region terms if present; not assumed zero
VNI-upper-20250306T1535,N::N_LTYS_2,N::N_LTYS_2|2024-11-19|1,0.982 * F_VIC_to_NSW +0.978 * P[NAL11C] +0.873 * P[NBA21B] +0.872 * P[NBB21B] +0.981 * P[NBK11B] +0.981 * P[NBKB3B] +0.981 * P[NBKW1S] +0.98 * P[NBL21L] +0.955 * P[NBLW8] +0.98 * P[NBSF1L] +0.98 * P[NBSF2S] +1 * P[NCKW1C] +1 * P[NCW31C] +0.978 * P[NCLS1C] +0.995 * P[NCLW1C] +0.989 * P[NCMA3B] +0.978 * P[NDNH1H] +0.978 * P[NDNS1D] +0.387 * P[NFBS1J] +0.977 * P[NFNS1F] +0.998 * P[NGUR1G] +0.998 * P[NGUR2G] +0.998 * P[NGUR3G] +0.984 * P[NGUT8] +0.979 * P[NHUM] -0.985 * P[NLTS3] +0.985 * P[NLTS8] +0.135 * P[NMLS1M] +0.0902 * P[NMOS1M] +0.976 * P[NNRN1A] +0.275 * P[NPG11P] +0.275 * P[NPG12G] +0.989 * P[NQBB3Q] +0.989 * P[NQBC3C] +0.977 * P[NRB23R] +0.977 * P[NRBB3R] +0.977 * P[NRDP3D] +0.991 * P[NRPK1R] +0.974 * P[NURQ1U] +0.974 * P[NURQ2U] +0.974 * P[NURQ3U] +0.974 * P[NURQ4U] +0.986 * P[NUTS8] +0.972 * P[NWGG1W] +0.972 * P[NWGJ1J] +0.972 * P[NWGJ2S] +0.972 * P[NWGJ3W] +0.972 * P[NWGJ4W] +0.972 * P[NWGS1B] +0.98 * P[NWL21W] +0.98 * P[NWLA1W] +0.0779 * P[NWLW1S] +0.936 * P[NYS12A] + Z_unrepresented <= RHS(t),"Out = Lower Tumut-Yass (03), stability limit (Snowy-NSW) for fault of various location between Yass-South Morang area",Transient Stability,True,Z includes unsupported non-energy/region terms if present; not assumed zero
VNI-upper-20250306T1535,N>>NIL_YSTX_051,N>>NIL_YSTX_051|2024-10-31|1,0.146 * F_VIC_to_NSW +0.291 * P[NAL11C] +0.933 * P[NBA21B] +0.932 * P[NBB21B] +0.197 * P[NBK11B] +0.197 * P[NBKB3B] +0.197 * P[NBKW1S] +0.243 * P[NBL21L] +0.697 * P[NBLW8] +0.243 * P[NBSF1L] +0.243 * P[NBSF2S] +0.337 * P[NCLS1C] +0.337 * P[NDNH1H] +0.267 * P[NHUM] +0.337 * P[NDNS1D] +0.414 * P[NFBS1J] +0.332 * P[NFNS1F] +0.144 * P[NMLS1M] +0.0963 * P[NMOS1M] -0.0819 * P[NMUR8] +0.373 * P[NNRN1A] +0.294 * P[NPG11P] +0.294 * P[NPG12G] +0.337 * P[NRB23R] +0.337 * P[NRBB3R] +0.337 * P[NRDP3D] +0.398 * P[NURQ1U] +0.398 * P[NURQ2U] +0.398 * P[NURQ3U] +0.398 * P[NURQ4U] +0.432 * P[NWGG1W] +0.432 * P[NWGJ1J] +0.432 * P[NWGJ2S] +0.432 * P[NWGJ3W] +0.432 * P[NWGJ4W] +0.432 * P[NWGS1B] +0.261 * P[NWL21W] +0.261 * P[NWLA1W] +0.0831 * P[NWLW1S] +1 * P[NYS12A] + Z_unrepresented <= RHS(t),"Out = Nil, avoid O/L of either Yass 132/330kV on trip of Wagga to Lower Tumut (051) line, Feedback",Thermal,True,Z includes unsupported non-energy/region terms if present; not assumed zero
VNI-upper-20250315T1620,V::N_NIL_O2,V::N_NIL_O2|2024-10-31|1,1 * F_VIC_to_NSW +0.236 * P[NAL11C] +0.236 * P[NBK11B] +0.236 * P[NBKB3B] +0.236 * P[NBKW1S] +0.236 * P[NBL21L] +0.236 * P[NBSF1L] +0.236 * P[NBSF2S] +0.236 * P[NCLS1C] +0.236 * P[NDNH1H] +0.236 * P[NDNS1D] +0.236 * P[NFNS1F] -0.763 * P[NMUR8] -0.358 * P[VART1A] -0.358 * P[VBA23B] -0.358 * P[VBAW1Y] -0.358 * P[VBBT1B] -0.358 * P[VBBT2B] -0.358 * P[VBGT1B] -0.358 * P[VBGT4B] -0.358 * P[VCB33R] -0.358 * P[VCWL1C] -0.948 * P[VDPS] -0.358 * P[VELT1M] -0.358 * P[VELT2M] -0.358 * P[VELT3E] -0.358 * P[VGN21G] -0.358 * P[VGN61M] -0.358 * P[VGNS1G] -0.358 * P[VGNS2W] -0.358 * P[VGTW1M] -0.358 * P[VHOG1K] -0.358 * P[VHW23H] -0.358 * P[VKGB3G] -0.358 * P[VKGP1K] -0.358 * P[VKGS1G] -0.358 * P[VKGS2C] -0.358 * P[VKMT1K] -0.358 * P[VKOT1K] -0.948 * P[VMKP1] -0.358 * P[VMLB3V] -0.358 * P[VMRT1M] -0.358 * P[VMRT2M] -0.358 * P[VMWT12] -0.358 * P[VMWT9B] -0.358 * P[VRCS1K] -0.358 * P[VRCS2Y] -0.358 * P[VSHS1N] -0.358 * P[VSHS2G] -0.358 * P[VSHS2W] -0.358 * P[VSM71C] -0.358 * P[VTG21M] -0.358 * P[VTG61S] -0.358 * P[VTGT3A] -0.358 * P[VTR11H] -0.358 * P[VTR31R] -0.358 * P[VTRT1M] -0.358 * P[VWES1B] -0.358 * P[VWES2W] -0.948 * P[VWKP1] -0.948 * P[VWKP2] -0.311 * P[VYP22] -0.311 * P[VYP23] -0.311 * P[VYP24] -0.319 * F[T-V-MNSP1] +0.539 * F[V-S-MNSP1] +0.354 * F[V-SA] + Z_unrepresented <= RHS(t),"Out = NIL, prevent transient instability for fault and trip of a HWTS-SMTS 500 kV line, Other than VIC accelerates. Yallourn W G1 on 500kV.",Transient Stability,True,Z includes unsupported non-energy/region terms if present; not assumed zero
VNI-upper-20250315T1620,N::N_CTMN_2,N::N_CTMN_2|2025-01-22|1,0.979 * F_VIC_to_NSW +0.976 * P[NAL11C] +0.869 * P[NBA21B] +0.869 * P[NBB21B] +0.978 * P[NBK11B] +0.978 * P[NBKB3B] +0.978 * P[NBKW1S] +0.977 * P[NBL21L] +0.952 * P[NBLW8] +0.975 * P[NCLS1C] +0.977 * P[NBSF1L] +0.977 * P[NBSF2S] +1 * P[NCKW1C] +0.984 * P[NCLW1C] +0.986 * P[NCMA3B] +1 * P[NCW31C] +0.975 * P[NDNH1H] +0.975 * P[NDNS1D] +0.386 * P[NFBS1J] +0.974 * P[NFNS1F] +0.997 * P[NGUR1G] +0.997 * P[NGUR2G] +0.997 * P[NGUR3G] +0.982 * P[NGUT8] +0.977 * P[NHUM] -0.982 * P[NLTS3] +0.982 * P[NLTS8] +0.134 * P[NMLS1M] +0.0899 * P[NMOS1M] +0.973 * P[NNRN1A] +0.274 * P[NPG11P] +0.274 * P[NPG12G] +0.986 * P[NQBB3Q] +0.986 * P[NQBC3C] +0.975 * P[NRB23R] +0.975 * P[NRBB3R] +0.975 * P[NRDP3D] +0.988 * P[NRPK1R] +0.971 * P[NURQ1U] +0.971 * P[NURQ2U] +0.971 * P[NURQ3U] +0.971 * P[NURQ4U] +0.983 * P[NUTS8] +0.969 * P[NWGG1W] +0.969 * P[NWGJ1J] +0.969 * P[NWGJ2S] +0.969 * P[NWGJ3W] +0.969 * P[NWGJ4W] +0.969 * P[NWGS1B] +0.977 * P[NWL21W] +0.977 * P[NWLA1W] +0.0776 * P[NWLW1S] +0.932 * P[NYS12A] + Z_unrepresented <= RHS(t),"Out = Collector - Marulan (4), stability limit (Snowy-NSW) for critical fault on one 330kV line between Yass and Bannaby/Marulan",Transient Stability,True,Z includes unsupported non-energy/region terms if present; not assumed zero
VNI-upper-20250409T1635,N::N_4+07_2,N::N_4+07_2|2025-04-08|1,0.978 * F_VIC_to_NSW +0.974 * P[NAL11C] +0.869 * P[NBA21B] +0.868 * P[NBB21B] +0.977 * P[NBK11B] +0.977 * P[NBKB3B] +0.977 * P[NBKW1S] +0.976 * P[NBL21L] +0.951 * P[NBLW8] +0.976 * P[NBSF1L] +0.976 * P[NBSF2S] +1 * P[NCKW1C] +0.973 * P[NCLS1C] +0.984 * P[NCLW1C] +0.986 * P[NCMA3B] +1 * P[NCW31C] +0.992 * P[NCWF2W] +0.973 * P[NDNH1H] +0.973 * P[NDNS1D] +0.385 * P[NFBS1J] +0.973 * P[NFNS1F] +0.997 * P[NGUR1G] +0.997 * P[NGUR2G] +0.997 * P[NGUR3G] +0.98 * P[NGUT8] +0.975 * P[NHUM] -0.98 * P[NLTS3] +0.98 * P[NLTS8] +0.134 * P[NMLS1M] +0.0899 * P[NMOS1M] +0.971 * P[NNRN1A] +0.274 * P[NPG11P] +0.274 * P[NPG12G] +0.986 * P[NQBB3Q] +0.986 * P[NQBC3C] +0.973 * P[NRB23R] +0.973 * P[NRBB3R] +0.973 * P[NRDP3D] +0.988 * P[NRPK1R] +0.97 * P[NURQ1U] +0.97 * P[NURQ2U] +0.97 * P[NURQ3U] +0.97 * P[NURQ4U] +0.982 * P[NUTS8] +0.968 * P[NWGG1W] +0.968 * P[NWGJ1J] +0.968 * P[NWGJ2S] +0.968 * P[NWGJ3W] +0.968 * P[NWGJ4W] +0.968 * P[NWGS1B] +0.976 * P[NWL21W] +0.976 * P[NWLA1W] +0.0776 * P[NWLW1S] +0.932 * P[NYS12A] + Z_unrepresented <= RHS(t),"Out= Collector - Marulan (4) and Canberra - Lower Tumut (07) 330kV Lines, stability limit [SNOWY-NSW] for critical fault on one 330kV line between Yass and Bannaby/Marulan",Transient Stability,True,Z includes unsupported non-energy/region terms if present; not assumed zero
VNI-upper-20250409T1650,N::N_4+07_2,N::N_4+07_2|2025-04-08|1,0.978 * F_VIC_to_NSW +0.974 * P[NAL11C] +0.869 * P[NBA21B] +0.868 * P[NBB21B] +0.977 * P[NBK11B] +0.977 * P[NBKB3B] +0.977 * P[NBKW1S] +0.976 * P[NBL21L] +0.951 * P[NBLW8] +0.976 * P[NBSF1L] +0.976 * P[NBSF2S] +1 * P[NCKW1C] +0.973 * P[NCLS1C] +0.984 * P[NCLW1C] +0.986 * P[NCMA3B] +1 * P[NCW31C] +0.992 * P[NCWF2W] +0.973 * P[NDNH1H] +0.973 * P[NDNS1D] +0.385 * P[NFBS1J] +0.973 * P[NFNS1F] +0.997 * P[NGUR1G] +0.997 * P[NGUR2G] +0.997 * P[NGUR3G] +0.98 * P[NGUT8] +0.975 * P[NHUM] -0.98 * P[NLTS3] +0.98 * P[NLTS8] +0.134 * P[NMLS1M] +0.0899 * P[NMOS1M] +0.971 * P[NNRN1A] +0.274 * P[NPG11P] +0.274 * P[NPG12G] +0.986 * P[NQBB3Q] +0.986 * P[NQBC3C] +0.973 * P[NRB23R] +0.973 * P[NRBB3R] +0.973 * P[NRDP3D] +0.988 * P[NRPK1R] +0.97 * P[NURQ1U] +0.97 * P[NURQ2U] +0.97 * P[NURQ3U] +0.97 * P[NURQ4U] +0.982 * P[NUTS8] +0.968 * P[NWGG1W] +0.968 * P[NWGJ1J] +0.968 * P[NWGJ2S] +0.968 * P[NWGJ3W] +0.968 * P[NWGJ4W] +0.968 * P[NWGS1B] +0.976 * P[NWL21W] +0.976 * P[NWLA1W] +0.0776 * P[NWLW1S] +0.932 * P[NYS12A] + Z_unrepresented <= RHS(t),"Out= Collector - Marulan (4) and Canberra - Lower Tumut (07) 330kV Lines, stability limit [SNOWY-NSW] for critical fault on one 330kV line between Yass and Bannaby/Marulan",Transient Stability,True,Z includes unsupported non-energy/region terms if present; not assumed zero
VNI-upper-20250411T1705,N::N_CNLT_2,N::N_CNLT_2|2024-10-30|1,0.9819 * F_VIC_to_NSW +0.9783 * P[NAL11C] +0.8728 * P[NBA21B] +0.8721 * P[NBB21B] +0.9804 * P[NBK11B] +0.9804 * P[NBKB3B] +0.9804 * P[NBKW1S] +0.9796 * P[NBL21L] +0.9551 * P[NBLW8] +0.9796 * P[NBSF1L] +0.9796 * P[NBSF2S] +1 * P[NCKW1C] +0.9774 * P[NCLS1C] +0.9949 * P[NCLW1C] +0.9899 * P[NCMA3B] +1 * P[NCW31C] +0.9775 * P[NDNH1H] +0.9775 * P[NDNS1D] +0.3871 * P[NFBS1J] +0.977 * P[NFNS1F] +0.9978 * P[NGUR1G] +0.9978 * P[NGUR2G] +0.9978 * P[NGUR3G] +0.9842 * P[NGUT8] +0.9792 * P[NHUM] -0.9844 * P[NLTS3] +0.9755 * P[NNRN1A] +0.9844 * P[NLTS8] +0.1348 * P[NMLS1M] +0.09022 * P[NMOS1M] +0.2749 * P[NPG11P] +0.2749 * P[NPG12G] +0.9899 * P[NQBB3Q] +0.9897 * P[NQBC3C] +0.9772 * P[NRB23R] +0.9772 * P[NRBB3R] +0.9772 * P[NRDP3D] +0.9914 * P[NRPK1R] +0.9742 * P[NURQ1U] +0.9742 * P[NURQ2U] +0.9742 * P[NURQ3U] +0.9742 * P[NURQ4U] +0.9856 * P[NUTS8] +0.9721 * P[NWGG1W] +0.9721 * P[NWGJ1J] +0.9721 * P[NWGJ2S] +0.9721 * P[NWGJ3W] +0.9721 * P[NWGJ4W] +0.9721 * P[NWGS1B] +0.07786 * P[NWLW1S] +0.9357 * P[NYS12A] + Z_unrepresented <= RHS(t),"Out = Lower Tumut-Canberra (07), stability limit (Snowy-NSW) for fault of various location between Yass-South Morang area",Transient Stability,True,Z includes unsupported non-energy/region terms if present; not assumed zero
VNI-upper-20250513T1615,N::N_CTYS_2,N::N_CTYS_2|2025-01-17|1,0.972 * F_VIC_to_NSW +0.969 * P[NAL11C] +0.863 * P[NBA21B] +0.862 * P[NBB21B] +0.971 * P[NBK11B] +0.971 * P[NBKB3B] +0.971 * P[NBKW1S] +0.97 * P[NBL21L] +0.945 * P[NBLW8] +0.97 * P[NBSF1L] +0.97 * P[NBSF2S] +0.993 * P[NCKW1C] +0.968 * P[NCLS1C] +1 * P[NCLW1C] +0.979 * P[NCMA3B] +0.993 * P[NCW31C] +0.968 * P[NDNH1H] +0.968 * P[NDNS1D] +0.383 * P[NFBS1J] +0.967 * P[NFNS1F] +0.99 * P[NGUR1G] +0.99 * P[NGUR2G] +0.99 * P[NGUR3G] +0.974 * P[NGUT8] +0.969 * P[NHUM] -0.975 * P[NLTS3] +0.975 * P[NLTS8] +0.133 * P[NMLS1M] +0.0893 * P[NMOS1M] +0.966 * P[NNRN1A] +0.272 * P[NPG11P] +0.272 * P[NPG12G] +0.979 * P[NQBB3Q] +0.978 * P[NQBC3C] +0.967 * P[NRB23R] +0.967 * P[NRBB3R] +0.967 * P[NRDP3D] +0.981 * P[NRPK1R] +0.964 * P[NURQ1U] +0.964 * P[NURQ2U] +0.964 * P[NURQ3U] +0.964 * P[NURQ4U] +0.976 * P[NUTS8] +0.962 * P[NWGG1W] +0.962 * P[NWGJ1J] +0.962 * P[NWGJ2S] +0.962 * P[NWGJ3W] +0.962 * P[NWGJ4W] +0.962 * P[NWGS1B] +0.97 * P[NWL21W] +0.97 * P[NWLA1W] +0.077 * P[NWLW1S] +0.925 * P[NYS12A] + Z_unrepresented <= RHS(t),"Out= Collector-Yass (3L), stability limit (Snowy-NSW) for critical fault on one 330 kV line between Yass and Bannaby/Marulan",Transient Stability,True,Z includes unsupported non-energy/region terms if present; not assumed zero
VNI-upper-20250528T1630,N::N_CNLT_2,N::N_CNLT_2|2024-10-30|1,0.9819 * F_VIC_to_NSW +0.9783 * P[NAL11C] +0.8728 * P[NBA21B] +0.8721 * P[NBB21B] +0.9804 * P[NBK11B] +0.9804 * P[NBKB3B] +0.9804 * P[NBKW1S] +0.9796 * P[NBL21L] +0.9551 * P[NBLW8] +0.9796 * P[NBSF1L] +0.9796 * P[NBSF2S] +1 * P[NCKW1C] +0.9774 * P[NCLS1C] +0.9949 * P[NCLW1C] +0.9899 * P[NCMA3B] +1 * P[NCW31C] +0.9775 * P[NDNH1H] +0.9775 * P[NDNS1D] +0.3871 * P[NFBS1J] +0.977 * P[NFNS1F] +0.9978 * P[NGUR1G] +0.9978 * P[NGUR2G] +0.9978 * P[NGUR3G] +0.9842 * P[NGUT8] +0.9792 * P[NHUM] -0.9844 * P[NLTS3] +0.9755 * P[NNRN1A] +0.9844 * P[NLTS8] +0.1348 * P[NMLS1M] +0.09022 * P[NMOS1M] +0.2749 * P[NPG11P] +0.2749 * P[NPG12G] +0.9899 * P[NQBB3Q] +0.9897 * P[NQBC3C] +0.9772 * P[NRB23R] +0.9772 * P[NRBB3R] +0.9772 * P[NRDP3D] +0.9914 * P[NRPK1R] +0.9742 * P[NURQ1U] +0.9742 * P[NURQ2U] +0.9742 * P[NURQ3U] +0.9742 * P[NURQ4U] +0.9856 * P[NUTS8] +0.9721 * P[NWGG1W] +0.9721 * P[NWGJ1J] +0.9721 * P[NWGJ2S] +0.9721 * P[NWGJ3W] +0.9721 * P[NWGJ4W] +0.9721 * P[NWGS1B] +0.07786 * P[NWLW1S] +0.9357 * P[NYS12A] + Z_unrepresented <= RHS(t),"Out = Lower Tumut-Canberra (07), stability limit (Snowy-NSW) for fault of various location between Yass-South Morang area",Transient Stability,True,Z includes unsupported non-energy/region terms if present; not assumed zero
VNI-upper-20250615T0635,N>>NIL_33_34,N>>NIL_33_34|2024-12-19|1,0.0962 * F_VIC_to_NSW +0.097 * P[NAL11C] +0.114 * P[NBA21B] +0.539 * P[NBAY1] +0.539 * P[NBAY2] +0.436 * P[NBAY3] +0.436 * P[NBAY4] +0.114 * P[NBB21B] +0.226 * P[NBES1B] +0.0965 * P[NBK11B] +0.0965 * P[NBKB3B] +0.0965 * P[NBKW1S] +0.0967 * P[NBL21L] +0.102 * P[NBLW8] +0.234 * P[NBOD1B] +0.0967 * P[NBSF1L] +0.0967 * P[NBSF2S] +0.208 * P[NCDS1C] +0.109 * P[NCKW1C] -0.243 * P[NCLG1D] -0.243 * P[NCLG2D] -0.243 * P[NCLG3D] -0.243 * P[NCLG4D] +0.0972 * P[NCLS1C] +0.0995 * P[NCLW1C] +0.0926 * P[NCMA3B] +0.109 * P[NCW31C] +0.0797 * P[NCWF2W] +0.0972 * P[NDNH1H] +0.0972 * P[NDNS1D] -0.317 * P[NEPS1] -0.317 * P[NEPS2] -0.193 * P[NEPS3] -0.193 * P[NEPS4] +0.181 * P[NFBS1J] +0.0973 * P[NFNS1F] -1 * P[NGNE1G] +0.107 * P[NGUR1G] +0.107 * P[NGUR2G] +0.107 * P[NGUR3G] +0.0959 * P[NGUT8] +0.0969 * P[NHUM] -0.0959 * P[NLTS3] +0.0959 * P[NLTS8] +0.21 * P[NMLS1M] +0.214 * P[NMOS1M] +0.101 * P[NMR22T] -0.987 * P[NMR41M] +0.192 * P[NMTP1] +0.192 * P[NMTP2] -0.973 * P[NMTZ1M] -0.243 * P[NMWB1W] -0.401 * P[NNEE1H] +0.0976 * P[NNRN1A] +0.208 * P[NONF1F] +0.197 * P[NPG11P] +0.197 * P[NPG12G] +0.0926 * P[NQBB3Q] +0.0925 * P[NQBC3C] +0.0971 * P[NRB23R] +0.0971 * P[NRBB3R] +0.0971 * P[NRDP3D] +0.101 * P[NRPK1R] -0.985 * P[NSAP1S] +0.283 * P[NSTB1S] +0.283 * P[NSTU1S] +0.0979 * P[NURQ1U] +0.0979 * P[NURQ2U] +0.0979 * P[NURQ3U] +0.0979 * P[NURQ4U] -0.988 * P[NURR1N] -0.988 * P[NURR2N] +0.0957 * P[NUTS8] -0.268 * P[NVPP5] -0.268 * P[NVPP6] +0.0983 * P[NWGG1W] +0.0983 * P[NWGJ1J] +0.0983 * P[NWGJ2S] +0.0983 * P[NWGJ3W] +0.0983 * P[NWGJ4W] +0.0983 * P[NWGS1B] +0.0967 * P[NWL21W] +0.238 * P[NWL82N] +0.0967 * P[NWLA1W] +0.249 * P[NWLN1W] +0.238 * P[NWLS3N] +0.238 * P[NWLS4W] -0.975 * P[NWRK2W] +0.233 * P[NWLW1S] +0.306 * P[NWOW1W] -0.975 * P[NWRK1W] +0.106 * P[NYS12A] +0.96 * F[N-Q-MNSP1] +0.985 * F[NSW1-QLD1] + Z_unrepresented <= RHS(t),"Out= Nil, avoid Bayswater to Liddell (33 or 34) O/L on loss of other Bayswater to Liddell (34 or 33), Feedback",Thermal,True,Z includes unsupported non-energy/region terms if present; not assumed zero
VNI-upper-20250615T0635,V::N_NIL_V1,V::N_NIL_V1|2024-10-31|1,1 * F_VIC_to_NSW +0.117 * P[NAL11C] +0.117 * P[NBK11B] +0.117 * P[NBKB3B] +0.117 * P[NBKW1S] +0.117 * P[NBL21L] +0.117 * P[NBSF1L] +0.117 * P[NBSF2S] +0.117 * P[NCLS1C] +0.117 * P[NDNH1H] +0.117 * P[NDNS1D] +0.117 * P[NFNS1F] -0.786 * P[NMUR8] -0.432 * P[VART1A] -0.432 * P[VBA23B] -0.432 * P[VBAW1Y] -0.432 * P[VBBT1B] -0.432 * P[VBBT2B] -0.432 * P[VBGT1B] -0.432 * P[VBGT4B] -0.432 * P[VCB33R] -0.432 * P[VCWL1C] -0.896 * P[VDPS] -0.432 * P[VELT1M] -0.432 * P[VELT2M] -0.432 * P[VELT3E] -0.432 * P[VGN21G] -0.432 * P[VGN61M] -0.432 * P[VGNS1G] -0.432 * P[VGNS2W] -0.432 * P[VGTW1M] -0.432 * P[VHOG1K] -0.432 * P[VHW23H] -0.432 * P[VKGB3G] -0.432 * P[VKGP1K] -0.432 * P[VKGS1G] -0.432 * P[VKGS2C] -0.432 * P[VKMT1K] -0.432 * P[VKOT1K] -0.896 * P[VMKP1] -0.432 * P[VMLB3V] -0.432 * P[VMRT1M] -0.432 * P[VMRT2M] -0.432 * P[VMWT12] -0.432 * P[VMWT9B] -0.432 * P[VRCS1K] -0.432 * P[VRCS2Y] -0.432 * P[VSHS1N] -0.432 * P[VSHS2G] -0.432 * P[VSHS2W] -0.432 * P[VSM71C] -0.432 * P[VTG21M] -0.432 * P[VTG61S] -0.432 * P[VTGT3A] -0.432 * P[VTR11H] -0.432 * P[VTR31R] -0.432 * P[VTRT1M] -0.432 * P[VWES1B] -0.432 * P[VWES2W] -0.896 * P[VWKP1] -0.896 * P[VWKP2] -0.36 * P[VYP21] -0.36 * P[VYP22] -0.36 * P[VYP23] -0.36 * P[VYP24] -0.398 * F[T-V-MNSP1] +0.492 * F[V-S-MNSP1] +0.478 * F[V-SA] + Z_unrepresented <= RHS(t),"Out = NIL, prevent transient instability for fault and trip of a HWTS-SMTS 500 kV line, VIC accelerates. Yallourn W G1 on 220kV.",Transient Stability,True,Z includes unsupported non-energy/region terms if present; not assumed zero
VNI-upper-20250626T2005,V^^N_NIL_1,V^^N_NIL_1|2024-10-31|1,1 * F_VIC_to_NSW +0.55 * P[NAL11C] +0.563 * P[NBK11B] +0.563 * P[NBKB3B] +0.563 * P[NBKW1S] +0.563 * P[NBL21L] +0.563 * P[NBSF1L] +0.563 * P[NBSF2S] +0.55 * P[NCLS1C] +0.55 * P[NDNH1H] +0.55 * P[NDNS1D] +0.55 * P[NFBS1J] +0.55 * P[NFNS1F] -0.473 * P[NGUT8] +0.472 * P[NHUM] -0.227 * P[NLTS3] -0.473 * P[NMUR8] +0.472 * P[NURQ1U] +0.472 * P[NURQ2U] +0.472 * P[NURQ3U] +0.472 * P[NURQ4U] +0.55 * P[NWGG1W] +0.55 * P[NWGJ1J] +0.55 * P[NWGJ2S] +0.55 * P[NWGJ3W] +0.55 * P[NWGJ4W] +0.55 * P[NWGS1B] -0.473 * P[VDPS] -0.473 * P[VEPS1] -0.473 * P[VEPS2] +0.472 * P[VHUM] -0.187 * P[VKGB3G] -0.187 * P[VKGP1K] -0.187 * P[VKGS1G] -0.187 * P[VKGS2C] -0.187 * P[VKMT1K] -0.187 * P[VKOT1K] -0.187 * P[VWES1B] -0.473 * P[VMKP1] -0.187 * P[VRCS1K] -0.187 * P[VRCS2Y] -0.187 * P[VWES2W] -0.473 * P[VWKP1] -0.473 * P[VWKP2] +0.192 * F[V-S-MNSP1] + Z_unrepresented <= RHS(t),"Out = Nil, avoid voltage collapse around Murray for loss of all APD potlines",Voltage Stability,True,Z includes unsupported non-energy/region terms if present; not assumed zero
VNI-upper-20250626T2005,N^^N_NIL_1,N^^N_NIL_1|2024-10-30|1,0.9539 * F_VIC_to_NSW +0.8907 * P[NAL11C] +0.169 * P[NBA21B] +0.1688 * P[NBB21B] +0.9285 * P[NBK11B] +0.9285 * P[NBKB3B] +0.9285 * P[NBKW1S] +0.9137 * P[NBL21L] +0.5044 * P[NBLW8] +0.9137 * P[NBSF1L] +0.9137 * P[NBSF2S] +0.8773 * P[NCLS1C] +0.878 * P[NDNH1H] +0.878 * P[NDNS1D] +0.07504 * P[NFBS1J] +0.8683 * P[NFNS1F] +0.9826 * P[NGUT8] +0.9045 * P[NHUM] -0.9908 * P[NLTS3] +0.9908 * P[NLTS8] +0.8448 * P[NNRN1A] +0.8216 * P[NURQ1U] +0.8216 * P[NURQ2U] +0.8216 * P[NURQ3U] +0.8216 * P[NURQ4U] +1 * P[NUTS8] +0.7868 * P[NWGG1W] +0.7868 * P[NWGJ1J] +0.7868 * P[NWGJ2S] +0.7868 * P[NWGJ3W] +0.7868 * P[NWGJ4W] +0.7868 * P[NWGS1B] +0.1812 * P[NYS12A] + Z_unrepresented <= RHS(t),"Out= Nil, northerly flow on line 1,2,3 and 07 cut-set voltage stability limit, Feedback",Voltage Stability,True,Z includes unsupported non-energy/region terms if present; not assumed zero
VNI-upper-20250626T2005,V::N_NIL_V2,V::N_NIL_V2|2024-10-31|1,1 * F_VIC_to_NSW +0.117 * P[NAL11C] +0.117 * P[NBK11B] +0.117 * P[NBKB3B] +0.117 * P[NBKW1S] +0.117 * P[NBL21L] +0.117 * P[NBSF1L] +0.117 * P[NBSF2S] +0.117 * P[NCLS1C] +0.117 * P[NDNH1H] +0.117 * P[NDNS1D] +0.117 * P[NFNS1F] -0.786 * P[NMUR8] -0.432 * P[VART1A] -0.432 * P[VBA23B] -0.432 * P[VBAW1Y] -0.432 * P[VBBT1B] -0.432 * P[VBBT2B] -0.432 * P[VBGT1B] -0.432 * P[VBGT4B] -0.432 * P[VCB33R] -0.432 * P[VCWL1C] -0.896 * P[VDPS] -0.432 * P[VELT1M] -0.432 * P[VELT2M] -0.432 * P[VELT3E] -0.432 * P[VGN21G] -0.432 * P[VGN61M] -0.432 * P[VGNS1G] -0.432 * P[VGNS2W] -0.432 * P[VGTW1M] -0.432 * P[VHOG1K] -0.432 * P[VHW23H] -0.432 * P[VKGB3G] -0.432 * P[VKGP1K] -0.432 * P[VKGS1G] -0.432 * P[VKGS2C] -0.432 * P[VKMT1K] -0.432 * P[VKOT1K] -0.896 * P[VMKP1] -0.432 * P[VMLB3V] -0.432 * P[VMRT1M] -0.432 * P[VMRT2M] -0.432 * P[VMWT12] -0.432 * P[VMWT9B] -0.432 * P[VRCS1K] -0.432 * P[VRCS2Y] -0.432 * P[VSHS1N] -0.432 * P[VSHS2G] -0.432 * P[VSHS2W] -0.432 * P[VSM71C] -0.432 * P[VTG21M] -0.432 * P[VTG61S] -0.432 * P[VTGT3A] -0.432 * P[VTR11H] -0.432 * P[VTR31R] -0.432 * P[VTRT1M] -0.432 * P[VWES1B] -0.432 * P[VWES2W] -0.896 * P[VWKP1] -0.896 * P[VWKP2] -0.36 * P[VYP22] -0.36 * P[VYP23] -0.36 * P[VYP24] -0.398 * F[T-V-MNSP1] +0.492 * F[V-S-MNSP1] +0.478 * F[V-SA] + Z_unrepresented <= RHS(t),"Out = NIL, prevent transient instability for fault and trip of a HWTS-SMTS 500 kV line, VIC accelerates. Yallourn W G1 on 500kV.",Transient Stability,True,Z includes unsupported non-energy/region terms if present; not assumed zero
VNI-upper-20250716T1035,V::N_KMRC_O1,V::N_KMRC_O1|2024-10-31|1,1 * F_VIC_to_NSW +0.236 * P[NAL11C] +0.236 * P[NBK11B] +0.236 * P[NBKB3B] +0.236 * P[NBKW1S] +0.236 * P[NBL21L] +0.236 * P[NBSF1L] +0.236 * P[NBSF2S] +0.236 * P[NCLS1C] +0.236 * P[NDNH1H] +0.236 * P[NDNS1D] -0.358 * P[VBA23B] +0.236 * P[NFNS1F] -0.763 * P[NMUR8] -0.358 * P[VART1A] -0.358 * P[VBAW1Y] -0.358 * P[VBBT1B] -0.358 * P[VBBT2B] -0.358 * P[VBGT1B] -0.358 * P[VBGT4B] -0.358 * P[VCB33R] -0.358 * P[VCWL1C] -0.948 * P[VDPS] -0.358 * P[VELT1M] -0.358 * P[VELT2M] -0.358 * P[VELT3E] -0.358 * P[VGN21G] -0.358 * P[VGN61M] -0.358 * P[VGNS1G] -0.358 * P[VGNS2W] -0.358 * P[VGTW1M] -0.358 * P[VHOG1K] -0.358 * P[VHW23H] -0.358 * P[VKGB3G] -0.358 * P[VKGP1K] -0.358 * P[VKGS1G] -0.358 * P[VKGS2C] -0.358 * P[VKMT1K] -0.358 * P[VKOT1K] -0.948 * P[VMKP1] -0.358 * P[VMLB3V] -0.358 * P[VMRT1M] -0.358 * P[VMRT2M] -0.358 * P[VMWT12] -0.358 * P[VMWT9B] -0.358 * P[VRCS1K] -0.358 * P[VRCS2Y] -0.358 * P[VSHS1N] -0.358 * P[VSHS2G] -0.358 * P[VSHS2W] -0.358 * P[VSM71C] -0.358 * P[VTG21M] -0.358 * P[VTG61S] -0.358 * P[VTGT3A] -0.358 * P[VTR11H] -0.358 * P[VTR31R] -0.358 * P[VTRT1M] -0.358 * P[VWES1B] -0.358 * P[VWES2W] -0.948 * P[VWKP1] -0.948 * P[VWKP2] -0.311 * P[VYP21] -0.311 * P[VYP22] -0.311 * P[VYP23] -0.311 * P[VYP24] -0.319 * F[T-V-MNSP1] +0.539 * F[V-S-MNSP1] +0.354 * F[V-SA] + Z_unrepresented <= RHS(t),"Out = Kiamal to Red Cliffs 220kV line, prevent transient instability for fault and trip of a HWTS-SMTS 500 kV line, Other than VIC accelerates. Yallourn W G1 on 220kV.",Transient Stability,True,Z includes unsupported non-energy/region terms if present; not assumed zero
VNI-upper-20250716T1035,V::N_HORC_S1,V::N_HORC_S1|2024-10-31|1,1 * F_VIC_to_NSW -0.883 * P[NMUR8] -0.425 * P[VART1A] -0.266 * P[VAT21L] -0.266 * P[VAT22L] -0.425 * P[VBA23B] -0.425 * P[VBAW1Y] -0.425 * P[VBBT1B] -0.425 * P[VBBT2B] -0.425 * P[VBGT1B] -0.425 * P[VBGT4B] -0.425 * P[VCB33R] -0.425 * P[VCWL1C] -0.71 * P[VDPS] -0.425 * P[VELT1M] -0.425 * P[VELT2M] -0.425 * P[VELT3E] -0.425 * P[VGN21G] -0.425 * P[VGN61M] -0.425 * P[VGNS1G] -0.425 * P[VGNS2W] -0.425 * P[VGTW1M] -0.425 * P[VHOG1K] -0.425 * P[VHW23H] -0.425 * P[VKGB3G] -0.425 * P[VKGP1K] -0.425 * P[VKGS1G] -0.425 * P[VKGS2C] -0.425 * P[VKMT1K] -0.425 * P[VKOT1K] -0.71 * P[VMKP1] -0.425 * P[VMLB3V] -0.425 * P[VMWT9B] -0.425 * P[VMRT1M] -0.425 * P[VMRT2M] -0.425 * P[VMWT12] -0.266 * P[VNPS] -0.425 * P[VRCS1K] -0.425 * P[VRCS2Y] -0.425 * P[VSHS1N] -0.425 * P[VSHS2G] -0.425 * P[VSHS2W] -0.425 * P[VSM71C] -0.425 * P[VTG21M] -0.425 * P[VTG61S] -0.425 * P[VTGT3A] -0.425 * P[VTR11H] -0.425 * P[VTR31R] -0.425 * P[VTRT1M] -0.266 * P[VTTS1] -0.425 * P[VWES1B] -0.425 * P[VWES2W] -0.71 * P[VWKP1] -0.71 * P[VWKP2] -0.254 * P[VYP21] -0.254 * P[VYP22] -0.254 * P[VYP23] -0.254 * P[VYP24] -0.42 * F[T-V-MNSP1] +0.991 * F[V-S-MNSP1] +0.49 * F[V-SA] + Z_unrepresented <= RHS(t),"Out = Horsham to Red Cliffs 220kV line, prevent transient instability for fault and trip of a HWTS-SMTS 500 kV line, SA accelerates, Yallourn W G1 on 220 kV.",Transient Stability,True,Z includes unsupported non-energy/region terms if present; not assumed zero
VNI-upper-20250716T1035,V^^N_LTUT_1,V^^N_LTUT_1|2024-10-31|1,1 * F_VIC_to_NSW +0.55 * P[NAL11C] +0.563 * P[NBK11B] +0.563 * P[NBKB3B] +0.563 * P[NBKW1S] +0.563 * P[NBL21L] +0.563 * P[NBSF1L] +0.563 * P[NBSF2S] +0.55 * P[NCLS1C] +0.55 * P[NDNH1H] +0.55 * P[NDNS1D] +0.55 * P[NFBS1J] +0.55 * P[NFNS1F] -0.473 * P[NGUT8] +0.472 * P[NHUM] -0.227 * P[NLTS3] -0.473 * P[NMUR8] +0.472 * P[NURQ1U] +0.472 * P[NURQ2U] +0.472 * P[NURQ3U] +0.472 * P[NURQ4U] +0.55 * P[NWGG1W] +0.55 * P[NWGJ1J] +0.55 * P[NWGJ2S] +0.55 * P[NWGJ3W] +0.55 * P[NWGJ4W] +0.55 * P[NWGS1B] -0.473 * P[VDPS] -0.473 * P[VEPS1] -0.473 * P[VEPS2] +0.472 * P[VHUM] -0.187 * P[VKGS2C] -0.187 * P[VKGB3G] -0.187 * P[VKGP1K] -0.187 * P[VKGS1G] -0.187 * P[VKMT1K] -0.187 * P[VKOT1K] -0.473 * P[VMKP1] -0.187 * P[VRCS1K] -0.187 * P[VRCS2Y] -0.187 * P[VWES1B] -0.187 * P[VWES2W] -0.473 * P[VWKP1] -0.473 * P[VWKP2] +0.192 * F[V-S-MNSP1] + Z_unrepresented <= RHS(t),"Out = Lower to Upper Tumut (64) 330kV line, avoid voltage collapse around Murray for loss of all APD potlines",Voltage Stability,True,Z includes unsupported non-energy/region terms if present; not assumed zero
VNI-upper-20250728T2235,N>>NIL_33_34,N>>NIL_33_34|2024-12-19|1,0.0962 * F_VIC_to_NSW +0.097 * P[NAL11C] +0.114 * P[NBA21B] +0.539 * P[NBAY1] +0.539 * P[NBAY2] +0.436 * P[NBAY3] +0.436 * P[NBAY4] +0.114 * P[NBB21B] +0.226 * P[NBES1B] +0.0965 * P[NBK11B] +0.0965 * P[NBKB3B] +0.0965 * P[NBKW1S] +0.0967 * P[NBL21L] +0.102 * P[NBLW8] +0.234 * P[NBOD1B] +0.0967 * P[NBSF1L] +0.0967 * P[NBSF2S] +0.208 * P[NCDS1C] +0.109 * P[NCKW1C] -0.243 * P[NCLG1D] -0.243 * P[NCLG2D] -0.243 * P[NCLG3D] -0.243 * P[NCLG4D] +0.0972 * P[NCLS1C] +0.0995 * P[NCLW1C] +0.0926 * P[NCMA3B] +0.109 * P[NCW31C] +0.0797 * P[NCWF2W] +0.0972 * P[NDNH1H] +0.0972 * P[NDNS1D] -0.317 * P[NEPS1] -0.317 * P[NEPS2] -0.193 * P[NEPS3] -0.193 * P[NEPS4] +0.181 * P[NFBS1J] +0.0973 * P[NFNS1F] -1 * P[NGNE1G] +0.107 * P[NGUR1G] +0.107 * P[NGUR2G] +0.107 * P[NGUR3G] +0.0959 * P[NGUT8] +0.0969 * P[NHUM] -0.0959 * P[NLTS3] +0.0959 * P[NLTS8] +0.21 * P[NMLS1M] +0.214 * P[NMOS1M] +0.101 * P[NMR22T] -0.987 * P[NMR41M] +0.192 * P[NMTP1] +0.192 * P[NMTP2] -0.973 * P[NMTZ1M] -0.243 * P[NMWB1W] -0.401 * P[NNEE1H] +0.0976 * P[NNRN1A] +0.208 * P[NONF1F] +0.197 * P[NPG11P] +0.197 * P[NPG12G] +0.0926 * P[NQBB3Q] +0.0925 * P[NQBC3C] +0.0971 * P[NRB23R] +0.0971 * P[NRBB3R] +0.0971 * P[NRDP3D] +0.101 * P[NRPK1R] -0.985 * P[NSAP1S] +0.283 * P[NSTB1S] +0.283 * P[NSTU1S] +0.0979 * P[NURQ1U] +0.0979 * P[NURQ2U] +0.0979 * P[NURQ3U] +0.0979 * P[NURQ4U] -0.988 * P[NURR1N] -0.988 * P[NURR2N] +0.0957 * P[NUTS8] -0.268 * P[NVPP5] -0.268 * P[NVPP6] +0.0983 * P[NWGG1W] +0.0983 * P[NWGJ1J] +0.0983 * P[NWGJ2S] +0.0983 * P[NWGJ3W] +0.0983 * P[NWGJ4W] +0.0983 * P[NWGS1B] +0.0967 * P[NWL21W] +0.238 * P[NWL82N] +0.0967 * P[NWLA1W] +0.249 * P[NWLN1W] +0.238 * P[NWLS3N] +0.238 * P[NWLS4W] -0.975 * P[NWRK2W] +0.233 * P[NWLW1S] +0.306 * P[NWOW1W] -0.975 * P[NWRK1W] +0.106 * P[NYS12A] +0.96 * F[N-Q-MNSP1] +0.985 * F[NSW1-QLD1] + Z_unrepresented <= RHS(t),"Out= Nil, avoid Bayswater to Liddell (33 or 34) O/L on loss of other Bayswater to Liddell (34 or 33), Feedback",Thermal,True,Z includes unsupported non-energy/region terms if present; not assumed zero
VNI-upper-20250728T2235,V::N_NIL_V2,V::N_NIL_V2|2024-10-31|1,1 * F_VIC_to_NSW +0.117 * P[NAL11C] +0.117 * P[NBK11B] +0.117 * P[NBKB3B] +0.117 * P[NBKW1S] +0.117 * P[NBL21L] +0.117 * P[NBSF1L] +0.117 * P[NBSF2S] +0.117 * P[NCLS1C] +0.117 * P[NDNH1H] +0.117 * P[NDNS1D] +0.117 * P[NFNS1F] -0.786 * P[NMUR8] -0.432 * P[VART1A] -0.432 * P[VBA23B] -0.432 * P[VBAW1Y] -0.432 * P[VBBT1B] -0.432 * P[VBBT2B] -0.432 * P[VBGT1B] -0.432 * P[VBGT4B] -0.432 * P[VCB33R] -0.432 * P[VCWL1C] -0.896 * P[VDPS] -0.432 * P[VELT1M] -0.432 * P[VELT2M] -0.432 * P[VELT3E] -0.432 * P[VGN21G] -0.432 * P[VGN61M] -0.432 * P[VGNS1G] -0.432 * P[VGNS2W] -0.432 * P[VGTW1M] -0.432 * P[VHOG1K] -0.432 * P[VHW23H] -0.432 * P[VKGB3G] -0.432 * P[VKGP1K] -0.432 * P[VKGS1G] -0.432 * P[VKGS2C] -0.432 * P[VKMT1K] -0.432 * P[VKOT1K] -0.896 * P[VMKP1] -0.432 * P[VMLB3V] -0.432 * P[VMRT1M] -0.432 * P[VMRT2M] -0.432 * P[VMWT12] -0.432 * P[VMWT9B] -0.432 * P[VRCS1K] -0.432 * P[VRCS2Y] -0.432 * P[VSHS1N] -0.432 * P[VSHS2G] -0.432 * P[VSHS2W] -0.432 * P[VSM71C] -0.432 * P[VTG21M] -0.432 * P[VTG61S] -0.432 * P[VTGT3A] -0.432 * P[VTR11H] -0.432 * P[VTR31R] -0.432 * P[VTRT1M] -0.432 * P[VWES1B] -0.432 * P[VWES2W] -0.896 * P[VWKP1] -0.896 * P[VWKP2] -0.36 * P[VYP22] -0.36 * P[VYP23] -0.36 * P[VYP24] -0.398 * F[T-V-MNSP1] +0.492 * F[V-S-MNSP1] +0.478 * F[V-SA] + Z_unrepresented <= RHS(t),"Out = NIL, prevent transient instability for fault and trip of a HWTS-SMTS 500 kV line, VIC accelerates. Yallourn W G1 on 500kV.",Transient Stability,True,Z includes unsupported non-energy/region terms if present; not assumed zero
VNI-upper-20250829T0625,N>>18_998_61,N>>18_998_61|2024-12-03|1,0.112 * F_VIC_to_NSW +0.122 * P[NAL11C] +0.396 * P[NBA21B] +0.398 * P[NBB21B] -0.113 * P[NBES1B] +0.116 * P[NBK11B] +0.116 * P[NBKB3B] +0.116 * P[NBKW1S] +0.119 * P[NBL21L] +0.183 * P[NBLW8] -0.129 * P[NBOD1B] +0.119 * P[NBSF1L] +0.119 * P[NBSF2S] -0.0756 * P[NCDS1C] +0.0972 * P[NCKW1C] +0.124 * P[NCLS1C] +0.101 * P[NCMA3B] +0.0972 * P[NCW31C] +0.101 * P[NCWF2W] +0.124 * P[NDNH1H] +0.124 * P[NDNS1D] -1 * P[NFBS1J] +0.126 * P[NFNS1F] +0.0972 * P[NGUR1G] +0.0972 * P[NGUR2G] +0.0972 * P[NGUR3G] +0.108 * P[NGUT8] +0.12 * P[NHUM] -0.107 * P[NLTS3] +0.107 * P[NLTS8] -0.348 * P[NMLS1M] -0.233 * P[NMOS1M] +0.13 * P[NNRN1A] -0.143 * P[NONF1F] -0.71 * P[NPG11P] -0.71 * P[NPG12G] +0.101 * P[NQBB3Q] +0.101 * P[NQBC3C] +0.124 * P[NRB23R] +0.124 * P[NRBB3R] +0.124 * P[NRDP3D] +0.0972 * P[NRPK1R] +0.101 * P[NSHL] -0.101 * P[NSHP1] +0.133 * P[NURQ1U] +0.133 * P[NURQ2U] +0.133 * P[NURQ3U] +0.133 * P[NURQ4U] +0.105 * P[NUTS8] +0.139 * P[NWGG1W] +0.139 * P[NWGJ1J] +0.139 * P[NWGJ2S] +0.139 * P[NWGJ3W] +0.139 * P[NWGJ4W] +0.139 * P[NWGS1B] +0.119 * P[NWL21W] -0.138 * P[NWL82N] +0.119 * P[NWLA1W] -0.0829 * P[NWLN1W] -0.138 * P[NWLS3N] -0.138 * P[NWLS4W] -0.201 * P[NWLW1S] +0.234 * P[NYS12A] + Z_unrepresented <= RHS(t),"Out= Dapto-Kangaroo Valley(18), avoid O/L Cowra to Forbes (998) 132kV line on trip of Crookwell to Bannaby (61) 330kV line, Feedback",Thermal,True,Z includes unsupported non-energy/region terms if present; not assumed zero
VNI-upper-20250829T0625,#R033636_002_RAMP_V,#R033636_002_RAMP_V|2025-08-28|1,0.98 * F_VIC_to_NSW +0.976 * P[NAL11C] +0.871 * P[NBA21B] +0.87 * P[NBB21B] +0.979 * P[NBK11B] +0.979 * P[NBKB3B] +0.979 * P[NBKW1S] +0.978 * P[NBL21L] +0.953 * P[NBLW8] +0.978 * P[NBSF1L] +0.978 * P[NBSF2S] +1 * P[NCKW1C] +0.976 * P[NCLS1C] +0.994 * P[NCLW1C] +0.985 * P[NCMA3B] +1 * P[NCW31C] +0.985 * P[NCWF2W] +0.976 * P[NDNH1H] +0.976 * P[NDNS1D] +0.386 * P[NFBS1J] +0.975 * P[NFNS1F] +0.997 * P[NGUR1G] +0.997 * P[NGUR2G] +0.997 * P[NGUR3G] +0.982 * P[NGUT8] +0.977 * P[NHUM] -0.983 * P[NLTS3] +0.983 * P[NLTS8] +0.134 * P[NMLS1M] +0.0898 * P[NMOS1M] +0.974 * P[NNRN1A] +0.274 * P[NPG11P] +0.274 * P[NPG12G] +0.985 * P[NQBB3Q] +0.985 * P[NQBC3C] +0.975 * P[NRB23R] +0.975 * P[NRBB3R] +0.975 * P[NRDP3D] +0.99 * P[NRPK1R] +0.985 * P[NSHL] -0.985 * P[NSHP1] +0.972 * P[NURQ1U] +0.972 * P[NURQ2U] +0.972 * P[NURQ3U] +0.972 * P[NURQ4U] +0.983 * P[NUTS8] +0.97 * P[NWGG1W] +0.97 * P[NWGJ1J] +0.97 * P[NWGJ2S] +0.97 * P[NWGJ3W] +0.97 * P[NWGJ4W] +0.97 * P[NWGS1B] +0.978 * P[NWL21W] +0.978 * P[NWLA1W] +0.0774 * P[NWLW1S] +0.934 * P[NYS12A] + Z_unrepresented <= RHS(t),"Soft Ramping constraint for constraint N::N_DTKV_2, Effective Date: 03/12/2024, Version: 1",Transient Stability,True,Z includes unsupported non-energy/region terms if present; not assumed zero
VNI-upper-20250829T0625,N::N_DTKV_2,N::N_DTKV_2|2024-12-03|1,0.98 * F_VIC_to_NSW +0.976 * P[NAL11C] +0.871 * P[NBA21B] +0.87 * P[NBB21B] +0.979 * P[NBK11B] +0.979 * P[NBKB3B] +0.979 * P[NBKW1S] +0.978 * P[NBL21L] +0.953 * P[NBLW8] +0.978 * P[NBSF1L] +0.978 * P[NBSF2S] +1 * P[NCKW1C] +0.976 * P[NCLS1C] +0.994 * P[NCLW1C] +0.985 * P[NCMA3B] +1 * P[NCW31C] +0.985 * P[NCWF2W] +0.976 * P[NDNH1H] +0.976 * P[NDNS1D] +0.386 * P[NFBS1J] +0.975 * P[NFNS1F] +0.997 * P[NGUR1G] +0.997 * P[NGUR2G] +0.997 * P[NGUR3G] +0.982 * P[NGUT8] +0.977 * P[NHUM] -0.983 * P[NLTS3] +0.983 * P[NLTS8] +0.134 * P[NMLS1M] +0.0898 * P[NMOS1M] +0.974 * P[NNRN1A] +0.274 * P[NPG11P] +0.274 * P[NPG12G] +0.985 * P[NQBB3Q] +0.985 * P[NQBC3C] +0.975 * P[NRB23R] +0.975 * P[NRBB3R] +0.975 * P[NRDP3D] +0.99 * P[NRPK1R] +0.985 * P[NSHL] -0.985 * P[NSHP1] +0.972 * P[NURQ1U] +0.972 * P[NURQ2U] +0.972 * P[NURQ3U] +0.972 * P[NURQ4U] +0.983 * P[NUTS8] +0.97 * P[NWGG1W] +0.97 * P[NWGJ1J] +0.97 * P[NWGJ2S] +0.97 * P[NWGJ3W] +0.97 * P[NWGJ4W] +0.97 * P[NWGS1B] +0.978 * P[NWL21W] +0.978 * P[NWLA1W] +0.0774 * P[NWLW1S] +0.934 * P[NYS12A] + Z_unrepresented <= RHS(t),"Out = Dapto - Kangaroo Valley (18) 330kV line, transient stability limit (Snowy-NSW) for loss of one 330kV line between Yass and Bannaby/Marulan with  summated flow on 4+5+61 <=1500",Transient Stability,True,Z includes unsupported non-energy/region terms if present; not assumed zero
VNI-upper-20250829T0625,#R033636_002_RAMP_F,#R033636_002_RAMP_F|2025-08-28|1,0.98 * F_VIC_to_NSW +0.976 * P[NAL11C] +0.871 * P[NBA21B] +0.87 * P[NBB21B] +0.979 * P[NBK11B] +0.979 * P[NBKB3B] +0.979 * P[NBKW1S] +0.978 * P[NBL21L] +0.953 * P[NBLW8] +0.978 * P[NBSF1L] +0.978 * P[NBSF2S] +1 * P[NCKW1C] +0.976 * P[NCLS1C] +0.994 * P[NCLW1C] +0.985 * P[NCMA3B] +1 * P[NCW31C] +0.985 * P[NCWF2W] +0.976 * P[NDNH1H] +0.976 * P[NDNS1D] +0.386 * P[NFBS1J] +0.975 * P[NFNS1F] +0.997 * P[NGUR1G] +0.997 * P[NGUR2G] +0.997 * P[NGUR3G] +0.982 * P[NGUT8] +0.977 * P[NHUM] -0.983 * P[NLTS3] +0.983 * P[NLTS8] +0.134 * P[NMLS1M] +0.0898 * P[NMOS1M] +0.974 * P[NNRN1A] +0.274 * P[NPG11P] +0.274 * P[NPG12G] +0.985 * P[NQBB3Q] +0.985 * P[NQBC3C] +0.975 * P[NRB23R] +0.975 * P[NRBB3R] +0.975 * P[NRDP3D] +0.99 * P[NRPK1R] +0.985 * P[NSHL] -0.985 * P[NSHP1] +0.972 * P[NURQ1U] +0.972 * P[NURQ2U] +0.972 * P[NURQ3U] +0.972 * P[NURQ4U] +0.983 * P[NUTS8] +0.97 * P[NWGG1W] +0.97 * P[NWGJ1J] +0.97 * P[NWGJ2S] +0.97 * P[NWGJ3W] +0.97 * P[NWGJ4W] +0.97 * P[NWGS1B] +0.978 * P[NWL21W] +0.978 * P[NWLA1W] +0.0774 * P[NWLW1S] +0.934 * P[NYS12A] + Z_unrepresented <= RHS(t),"Hard Ramping constraint for constraint N::N_DTKV_2, Effective Date: 03/12/2024, Version: 1",Transient Stability,True,Z includes unsupported non-energy/region terms if present; not assumed zero
VNI-upper-20250829T0625,#R033636_021_RAMP_V,#R033636_021_RAMP_V|2025-08-28|1,1 * F_VIC_to_NSW +0.55 * P[NAL11C] +0.563 * P[NBK11B] +0.563 * P[NBKB3B] +0.563 * P[NBKW1S] +0.563 * P[NBL21L] +0.563 * P[NBSF1L] +0.563 * P[NBSF2S] +0.55 * P[NCLS1C] +0.55 * P[NDNH1H] +0.55 * P[NDNS1D] +0.55 * P[NFBS1J] +0.55 * P[NFNS1F] -0.473 * P[NGUT8] +0.472 * P[NHUM] -0.227 * P[NLTS3] -0.473 * P[NMUR8] +0.472 * P[NURQ1U] +0.472 * P[NURQ2U] +0.472 * P[NURQ3U] +0.472 * P[NURQ4U] +0.55 * P[NWGG1W] +0.55 * P[NWGJ1J] +0.55 * P[NWGJ2S] +0.55 * P[NWGJ3W] +0.55 * P[NWGJ4W] +0.55 * P[NWGS1B] -0.473 * P[VDPS] -0.473 * P[VEPS1] -0.473 * P[VEPS2] +0.472 * P[VHUM] -0.187 * P[VKGB3G] -0.187 * P[VKGP1K] -0.187 * P[VKGS1G] -0.187 * P[VKGS2C] -0.187 * P[VKMT1K] -0.187 * P[VKOT1K] -0.473 * P[VMKP1] -0.187 * P[VRCS1K] -0.187 * P[VRCS2Y] -0.187 * P[VWES1B] -0.187 * P[VWES2W] -0.473 * P[VWKP1] -0.473 * P[VWKP2] +0.192 * F[V-S-MNSP1] + Z_unrepresented <= RHS(t),"Soft Ramping constraint for constraint V^^N_DTKV_1, Effective Date: 31/10/2024, Version: 1",Voltage Stability,True,Z includes unsupported non-energy/region terms if present; not assumed zero
VNI-upper-20250914T1540,V^^N_NIL_1,V^^N_NIL_1|2024-10-31|1,1 * F_VIC_to_NSW +0.55 * P[NAL11C] +0.563 * P[NBK11B] +0.563 * P[NBKB3B] +0.563 * P[NBKW1S] +0.563 * P[NBL21L] +0.563 * P[NBSF1L] +0.563 * P[NBSF2S] +0.55 * P[NCLS1C] +0.55 * P[NDNH1H] +0.55 * P[NDNS1D] +0.55 * P[NFBS1J] +0.55 * P[NFNS1F] -0.473 * P[NGUT8] +0.472 * P[NHUM] -0.227 * P[NLTS3] -0.473 * P[NMUR8] +0.472 * P[NURQ1U] +0.472 * P[NURQ2U] +0.472 * P[NURQ3U] +0.472 * P[NURQ4U] +0.55 * P[NWGG1W] +0.55 * P[NWGJ1J] +0.55 * P[NWGJ2S] +0.55 * P[NWGJ3W] +0.55 * P[NWGJ4W] +0.55 * P[NWGS1B] -0.473 * P[VDPS] -0.473 * P[VEPS1] -0.473 * P[VEPS2] +0.472 * P[VHUM] -0.187 * P[VKGB3G] -0.187 * P[VKGP1K] -0.187 * P[VKGS1G] -0.187 * P[VKGS2C] -0.187 * P[VKMT1K] -0.187 * P[VKOT1K] -0.187 * P[VWES1B] -0.473 * P[VMKP1] -0.187 * P[VRCS1K] -0.187 * P[VRCS2Y] -0.187 * P[VWES2W] -0.473 * P[VWKP1] -0.473 * P[VWKP2] +0.192 * F[V-S-MNSP1] + Z_unrepresented <= RHS(t),"Out = Nil, avoid voltage collapse around Murray for loss of all APD potlines",Voltage Stability,True,Z includes unsupported non-energy/region terms if present; not assumed zero
VNI-upper-20250914T1540,N^^N_NIL_X5_BEKG,N^^N_NIL_X5_BEKG|2024-10-31|1,0.12 * F_VIC_to_NSW +0.588 * P[NBK11B] +0.588 * P[NBKB3B] +0.588 * P[NBKW1S] +1 * P[NBL21L] +1 * P[NBSF1L] +1 * P[NBSF2S] -0.186 * P[NCLS1C] -0.194 * P[NDNH1H] -0.194 * P[NDNS1D] -0.0806 * P[NFNS1F] -0.0967 * P[NMUR8] -0.119 * P[NNRN1A] -0.194 * P[NRB23R] -0.194 * P[NRBB3R] -0.194 * P[NRDP3D] +0.12 * P[VART1A] +0.142 * P[VBGT1B] +0.142 * P[VBGT4B] +0.128 * P[VCWL1C] +0.195 * P[VHOG1K] -0.0885 * P[VHUM] +0.216 * P[VKGB3G] +0.216 * P[VKGP1K] +0.216 * P[VKGS1G] +0.216 * P[VKGS2C] +0.372 * P[VKMT1K] +0.235 * P[VMRT1M] +0.235 * P[VMRT2M] +0.446 * P[VRCS1K] +0.446 * P[VRCS2Y] +0.384 * P[VWES1B] +0.384 * P[VWES2W] -0.446 * F[V-S-MNSP1] + Z_unrepresented <= RHS(t),"Out= Nil, limit power flow on line X5 from Balranald to Darlington Point (X5) to avoid voltage collapse at Balranald for contingency trip of Bendigo to Kerang 220kV line and other nearby lines in NW Victoria",Voltage Stability,True,Z includes unsupported non-energy/region terms if present; not assumed zero
VNI-upper-20250930T1325,N^^N_NIL_X5_BEKG,N^^N_NIL_X5_BEKG|2024-10-31|1,0.12 * F_VIC_to_NSW +0.588 * P[NBK11B] +0.588 * P[NBKB3B] +0.588 * P[NBKW1S] +1 * P[NBL21L] +1 * P[NBSF1L] +1 * P[NBSF2S] -0.186 * P[NCLS1C] -0.194 * P[NDNH1H] -0.194 * P[NDNS1D] -0.0806 * P[NFNS1F] -0.0967 * P[NMUR8] -0.119 * P[NNRN1A] -0.194 * P[NRB23R] -0.194 * P[NRBB3R] -0.194 * P[NRDP3D] +0.12 * P[VART1A] +0.142 * P[VBGT1B] +0.142 * P[VBGT4B] +0.128 * P[VCWL1C] +0.195 * P[VHOG1K] -0.0885 * P[VHUM] +0.216 * P[VKGB3G] +0.216 * P[VKGP1K] +0.216 * P[VKGS1G] +0.216 * P[VKGS2C] +0.372 * P[VKMT1K] +0.235 * P[VMRT1M] +0.235 * P[VMRT2M] +0.446 * P[VRCS1K] +0.446 * P[VRCS2Y] +0.384 * P[VWES1B] +0.384 * P[VWES2W] -0.446 * F[V-S-MNSP1] + Z_unrepresented <= RHS(t),"Out= Nil, limit power flow on line X5 from Balranald to Darlington Point (X5) to avoid voltage collapse at Balranald for contingency trip of Bendigo to Kerang 220kV line and other nearby lines in NW Victoria",Voltage Stability,True,Z includes unsupported non-energy/region terms if present; not assumed zero
VNI-upper-20250930T1325,N^^N_NIL_X5_BESH,N^^N_NIL_X5_BESH|2024-11-13|1,0.12 * F_VIC_to_NSW +0.588 * P[NBK11B] +0.588 * P[NBKB3B] +0.588 * P[NBKW1S] +1 * P[NBL21L] +1 * P[NBSF1L] +1 * P[NBSF2S] -0.186 * P[NCLS1C] -0.194 * P[NDNH1H] -0.194 * P[NDNS1D] -0.0806 * P[NFNS1F] -0.0967 * P[NMUR8] -0.119 * P[NNRN1A] -0.194 * P[NRB23R] -0.194 * P[NRBB3R] -0.194 * P[NRDP3D] +0.12 * P[VART1A] +0.142 * P[VBGT1B] +0.142 * P[VBGT4B] +0.128 * P[VCWL1C] +0.195 * P[VHOG1K] -0.0885 * P[VHUM] +0.216 * P[VKGB3G] +0.216 * P[VKGP1K] +0.216 * P[VKGS1G] +0.216 * P[VKGS2C] +0.372 * P[VKMT1K] +0.235 * P[VMRT1M] +0.235 * P[VMRT2M] +0.446 * P[VRCS1K] +0.446 * P[VRCS2Y] +0.384 * P[VWES1B] +0.384 * P[VWES2W] -0.446 * F[V-S-MNSP1] + Z_unrepresented <= RHS(t),"Out= Nil, limit power flow on line X5 from Balranald to Darlington Point (X5) to avoid voltage collapse at Balranald for contingency trip of Bendigo to Shepparton 220kV line in NW Victoria",Voltage Stability,True,Z includes unsupported non-energy/region terms if present; not assumed zero
VNI-upper-20250930T1325,V^^N_LTUT_1,V^^N_LTUT_1|2024-10-31|1,1 * F_VIC_to_NSW +0.55 * P[NAL11C] +0.563 * P[NBK11B] +0.563 * P[NBKB3B] +0.563 * P[NBKW1S] +0.563 * P[NBL21L] +0.563 * P[NBSF1L] +0.563 * P[NBSF2S] +0.55 * P[NCLS1C] +0.55 * P[NDNH1H] +0.55 * P[NDNS1D] +0.55 * P[NFBS1J] +0.55 * P[NFNS1F] -0.473 * P[NGUT8] +0.472 * P[NHUM] -0.227 * P[NLTS3] -0.473 * P[NMUR8] +0.472 * P[NURQ1U] +0.472 * P[NURQ2U] +0.472 * P[NURQ3U] +0.472 * P[NURQ4U] +0.55 * P[NWGG1W] +0.55 * P[NWGJ1J] +0.55 * P[NWGJ2S] +0.55 * P[NWGJ3W] +0.55 * P[NWGJ4W] +0.55 * P[NWGS1B] -0.473 * P[VDPS] -0.473 * P[VEPS1] -0.473 * P[VEPS2] +0.472 * P[VHUM] -0.187 * P[VKGS2C] -0.187 * P[VKGB3G] -0.187 * P[VKGP1K] -0.187 * P[VKGS1G] -0.187 * P[VKMT1K] -0.187 * P[VKOT1K] -0.473 * P[VMKP1] -0.187 * P[VRCS1K] -0.187 * P[VRCS2Y] -0.187 * P[VWES1B] -0.187 * P[VWES2W] -0.473 * P[VWKP1] -0.473 * P[VWKP2] +0.192 * F[V-S-MNSP1] + Z_unrepresented <= RHS(t),"Out = Lower to Upper Tumut (64) 330kV line, avoid voltage collapse around Murray for loss of all APD potlines",Voltage Stability,True,Z includes unsupported non-energy/region terms if present; not assumed zero
VNI-upper-20251010T1735,N>>16_8_18,N>>16_8_18|2024-11-20|1,0.937 * F_VIC_to_NSW +0.935 * P[NAL11C] +0.864 * P[NBA21B] +0.144 * P[NBAY1] +0.144 * P[NBAY2] +0.228 * P[NBAY3] +0.228 * P[NBAY4] +0.864 * P[NBB21B] +0.307 * P[NBES1B] +0.936 * P[NBK11B] +0.936 * P[NBKB3B] +0.936 * P[NBKW1S] +0.936 * P[NBL21L] +0.919 * P[NBLW8] +0.315 * P[NBOD1B] +0.936 * P[NBSF1L] +0.936 * P[NBSF2S] +0.289 * P[NCDS1C] +0.889 * P[NCKW1C] +0.934 * P[NCLS1C] +0.965 * P[NCLW1C] +0.941 * P[NCMA3B] +0.889 * P[NCW31C] +0.941 * P[NCWF2W] +0.934 * P[NDNH1H] +0.934 * P[NDNS1D] -0.894 * P[NDT13T] -0.894 * P[NDTB1T] -0.141 * P[NEPS3] -0.141 * P[NEPS4] +0.538 * P[NFBS1J] +0.934 * P[NFNS1F] +0.129 * P[NGNE1G] +0.899 * P[NGUR1G] +0.899 * P[NGUR2G] +0.899 * P[NGUR3G] +0.939 * P[NGUT8] +0.936 * P[NHUM] -0.939 * P[NLTS3] +0.939 * P[NLTS8] +0.366 * P[NMLS1M] +0.335 * P[NMOS1M] +1 * P[NMR22T] +0.126 * P[NMR41M] +0.277 * P[NMTP1] +0.277 * P[NMTP2] +0.122 * P[NMTZ1M] +0.933 * P[NNRN1A] +0.307 * P[NONF1F] +0.463 * P[NPG11P] +0.463 * P[NPG12G] +0.941 * P[NQBB3Q] +0.941 * P[NQBC3C] +0.934 * P[NRB23R] +0.934 * P[NRBB3R] +0.934 * P[NRDP3D] +0.929 * P[NRPK1R] +0.125 * P[NSAP1S] +0.941 * P[NSHL] -0.941 * P[NSHP1] +0.311 * P[NSTB1S] +0.311 * P[NSTU1S] +0.932 * P[NURQ1U] +0.932 * P[NURQ2U] +0.932 * P[NURQ3U] +0.932 * P[NURQ4U] +0.126 * P[NURR1N] +0.126 * P[NURR2N] +0.94 * P[NUTS8] +0.931 * P[NWGG1W] +0.931 * P[NWGJ1J] +0.931 * P[NWGJ2S] +0.931 * P[NWGJ3W] +0.931 * P[NWGJ4W] +0.931 * P[NWGS1B] +0.936 * P[NWL21W] +0.319 * P[NWL82N] +0.936 * P[NWLA1W] +0.309 * P[NWLN1W] +0.319 * P[NWLS3N] +0.319 * P[NWLS4W] +0.335 * P[NWLW1S] +0.313 * P[NWOW1W] +0.123 * P[NWRK1W] +0.123 * P[NWRK2W] +0.906 * P[NYS12A] -0.119 * F[N-Q-MNSP1] -0.125 * F[NSW1-QLD1] + Z_unrepresented <= RHS(t),"Out = Avon-Marulan (16), avoid O/L Marulan to Dapto (8) on trip of Kangaroo Valley to Dapto (18) line, Feedback",Thermal,True,Z includes unsupported non-energy/region terms if present; not assumed zero
VNI-upper-20251010T1735,N>>16_8_39,N>>16_8_39|2024-11-20|1,0.7 * F_VIC_to_NSW +0.704 * P[NAL11C] +0.715 * P[NBA21B] +0.192 * P[NBAY1] +0.192 * P[NBAY2] +0.282 * P[NBAY3] +0.282 * P[NBAY4] +0.714 * P[NBB21B] +0.371 * P[NBES1B] +0.701 * P[NBK11B] +0.701 * P[NBKB3B] +0.701 * P[NBKW1S] +0.702 * P[NBL21L] +0.724 * P[NBLW8] +0.376 * P[NBOD1B] +0.702 * P[NBSF1L] +0.702 * P[NBSF2S] +0.36 * P[NCDS1C] +0.864 * P[NCKW1C] +0.704 * P[NCLS1C] +0.865 * P[NCLW1C] +0.635 * P[NCMA3B] +0.864 * P[NCW31C] +0.353 * P[NCWF2W] +0.704 * P[NDNH1H] +0.704 * P[NDNS1D] -0.455 * P[NDT13T] -0.455 * P[NDTB1T] +0.514 * P[NFBS1J] +0.705 * P[NFNS1F] +0.178 * P[NGNE1G] +0.847 * P[NGUR1G] +0.847 * P[NGUR2G] +0.847 * P[NGUR3G] +0.699 * P[NGUT8] +0.703 * P[NHUM] -0.699 * P[NLTS3] +0.699 * P[NLTS8] +0.407 * P[NMLS1M] +0.388 * P[NMOS1M] +1 * P[NMR22T] +0.175 * P[NMR41M] +0.356 * P[NMTP1] +0.356 * P[NMTP2] +0.172 * P[NMTZ1M] +0.706 * P[NNRN1A] +0.37 * P[NONF1F] +0.467 * P[NPG11P] +0.467 * P[NPG12G] +0.634 * P[NQBB3Q] +0.634 * P[NQBC3C] +0.704 * P[NRB23R] +0.704 * P[NRBB3R] +0.704 * P[NRDP3D] +0.799 * P[NRPK1R] +0.175 * P[NSAP1S] -0.256 * P[NSHL] +0.256 * P[NSHP1] +0.374 * P[NSTB1S] +0.374 * P[NSTU1S] +0.707 * P[NURQ1U] +0.707 * P[NURQ2U] +0.707 * P[NURQ3U] +0.707 * P[NURQ4U] +0.175 * P[NURR1N] +0.175 * P[NURR2N] +0.698 * P[NUTS8] +0.709 * P[NWGG1W] +0.709 * P[NWGJ1J] +0.709 * P[NWGJ2S] +0.709 * P[NWGJ3W] +0.709 * P[NWGJ4W] +0.709 * P[NWGS1B] +0.702 * P[NWL21W] +0.379 * P[NWL82N] +0.702 * P[NWLA1W] +0.373 * P[NWLN1W] +0.379 * P[NWLS3N] +0.379 * P[NWLS4W] +0.389 * P[NWLW1S] +0.374 * P[NWOW1W] +0.172 * P[NWRK1W] +0.172 * P[NWRK2W] +0.741 * P[NYS12A] -0.169 * F[N-Q-MNSP1] -0.175 * F[NSW1-QLD1] + Z_unrepresented <= RHS(t),"Out = Avon-Marulan (16), avoid O/L Marulan to Dapto (8) on trip of Bannaby to Sydney West (39) line, Feedback",Thermal,True,Z includes unsupported non-energy/region terms if present; not assumed zero
VNI-upper-20251126T1040,N>>16_8_39,N>>16_8_39|2024-11-20|1,0.7 * F_VIC_to_NSW +0.704 * P[NAL11C] +0.715 * P[NBA21B] +0.192 * P[NBAY1] +0.192 * P[NBAY2] +0.282 * P[NBAY3] +0.282 * P[NBAY4] +0.714 * P[NBB21B] +0.371 * P[NBES1B] +0.701 * P[NBK11B] +0.701 * P[NBKB3B] +0.701 * P[NBKW1S] +0.702 * P[NBL21L] +0.724 * P[NBLW8] +0.376 * P[NBOD1B] +0.702 * P[NBSF1L] +0.702 * P[NBSF2S] +0.36 * P[NCDS1C] +0.864 * P[NCKW1C] +0.704 * P[NCLS1C] +0.865 * P[NCLW1C] +0.635 * P[NCMA3B] +0.864 * P[NCW31C] +0.353 * P[NCWF2W] +0.704 * P[NDNH1H] +0.704 * P[NDNS1D] -0.455 * P[NDT13T] -0.455 * P[NDTB1T] +0.514 * P[NFBS1J] +0.705 * P[NFNS1F] +0.178 * P[NGNE1G] +0.847 * P[NGUR1G] +0.847 * P[NGUR2G] +0.847 * P[NGUR3G] +0.699 * P[NGUT8] +0.703 * P[NHUM] -0.699 * P[NLTS3] +0.699 * P[NLTS8] +0.407 * P[NMLS1M] +0.388 * P[NMOS1M] +1 * P[NMR22T] +0.175 * P[NMR41M] +0.356 * P[NMTP1] +0.356 * P[NMTP2] +0.172 * P[NMTZ1M] +0.706 * P[NNRN1A] +0.37 * P[NONF1F] +0.467 * P[NPG11P] +0.467 * P[NPG12G] +0.634 * P[NQBB3Q] +0.634 * P[NQBC3C] +0.704 * P[NRB23R] +0.704 * P[NRBB3R] +0.704 * P[NRDP3D] +0.799 * P[NRPK1R] +0.175 * P[NSAP1S] -0.256 * P[NSHL] +0.256 * P[NSHP1] +0.374 * P[NSTB1S] +0.374 * P[NSTU1S] +0.707 * P[NURQ1U] +0.707 * P[NURQ2U] +0.707 * P[NURQ3U] +0.707 * P[NURQ4U] +0.175 * P[NURR1N] +0.175 * P[NURR2N] +0.698 * P[NUTS8] +0.709 * P[NWGG1W] +0.709 * P[NWGJ1J] +0.709 * P[NWGJ2S] +0.709 * P[NWGJ3W] +0.709 * P[NWGJ4W] +0.709 * P[NWGS1B] +0.702 * P[NWL21W] +0.379 * P[NWL82N] +0.702 * P[NWLA1W] +0.373 * P[NWLN1W] +0.379 * P[NWLS3N] +0.379 * P[NWLS4W] +0.389 * P[NWLW1S] +0.374 * P[NWOW1W] +0.172 * P[NWRK1W] +0.172 * P[NWRK2W] +0.741 * P[NYS12A] -0.169 * F[N-Q-MNSP1] -0.175 * F[NSW1-QLD1] + Z_unrepresented <= RHS(t),"Out = Avon-Marulan (16), avoid O/L Marulan to Dapto (8) on trip of Bannaby to Sydney West (39) line, Feedback",Thermal,True,Z includes unsupported non-energy/region terms if present; not assumed zero
VNI-upper-20251126T1040,V>>N_NIL_65_051,V>>N_NIL_65_051|2025-11-25|1,1 * F_VIC_to_NSW +0.998 * P[NAL11C] +0.998 * P[NBK11B] +0.998 * P[NBKB3B] +0.998 * P[NBKW1S] +0.998 * P[NBL21L] +0.998 * P[NBLW8] +0.998 * P[NBSF1L] +0.998 * P[NBSF2S] +0.998 * P[NCLS1C] +0.998 * P[NCRN1C] +0.998 * P[NDNH1H] +0.998 * P[NDNS1D] +0.998 * P[NFNS1F] +0.998 * P[NGUT8] +0.998 * P[NHUM] +0.998 * P[NJDA1G] +0.998 * P[NLMB1L] -0.162 * P[NLTS3] +0.162 * P[NLTS8] +0.998 * P[NNRN1A] +0.998 * P[NRB23R] +0.998 * P[NRBB3R] +0.998 * P[NRDP3D] +0.998 * P[NURQ1U] +0.998 * P[NURQ2U] +0.998 * P[NURQ3U] +0.998 * P[NURQ4U] -0.191 * P[NUTS8] +0.998 * P[NWGG1W] +0.998 * P[NWGJ1J] +0.998 * P[NWGJ2S] +0.998 * P[NWGJ3W] +0.998 * P[NWGJ4W] +0.998 * P[NWGS1B] +0.998 * P[NWL21W] +0.998 * P[NWLA1W] + Z_unrepresented <= RHS(t),"Out = NIL, avoid O/L Murray to Upper Tumut (65) on trip of Wagga to Lower Tumut (051) line, Feedback",Thermal,True,Z includes unsupported non-energy/region terms if present; not assumed zero
VNI-upper-20251126T1420,N>>NIL_33_34,N>>NIL_33_34|2024-12-19|1,0.0962 * F_VIC_to_NSW +0.097 * P[NAL11C] +0.114 * P[NBA21B] +0.539 * P[NBAY1] +0.539 * P[NBAY2] +0.436 * P[NBAY3] +0.436 * P[NBAY4] +0.114 * P[NBB21B] +0.226 * P[NBES1B] +0.0965 * P[NBK11B] +0.0965 * P[NBKB3B] +0.0965 * P[NBKW1S] +0.0967 * P[NBL21L] +0.102 * P[NBLW8] +0.234 * P[NBOD1B] +0.0967 * P[NBSF1L] +0.0967 * P[NBSF2S] +0.208 * P[NCDS1C] +0.109 * P[NCKW1C] -0.243 * P[NCLG1D] -0.243 * P[NCLG2D] -0.243 * P[NCLG3D] -0.243 * P[NCLG4D] +0.0972 * P[NCLS1C] +0.0995 * P[NCLW1C] +0.0926 * P[NCMA3B] +0.109 * P[NCW31C] +0.0797 * P[NCWF2W] +0.0972 * P[NDNH1H] +0.0972 * P[NDNS1D] -0.317 * P[NEPS1] -0.317 * P[NEPS2] -0.193 * P[NEPS3] -0.193 * P[NEPS4] +0.181 * P[NFBS1J] +0.0973 * P[NFNS1F] -1 * P[NGNE1G] +0.107 * P[NGUR1G] +0.107 * P[NGUR2G] +0.107 * P[NGUR3G] +0.0959 * P[NGUT8] +0.0969 * P[NHUM] -0.0959 * P[NLTS3] +0.0959 * P[NLTS8] +0.21 * P[NMLS1M] +0.214 * P[NMOS1M] +0.101 * P[NMR22T] -0.987 * P[NMR41M] +0.192 * P[NMTP1] +0.192 * P[NMTP2] -0.973 * P[NMTZ1M] -0.243 * P[NMWB1W] -0.401 * P[NNEE1H] +0.0976 * P[NNRN1A] +0.208 * P[NONF1F] +0.197 * P[NPG11P] +0.197 * P[NPG12G] +0.0926 * P[NQBB3Q] +0.0925 * P[NQBC3C] +0.0971 * P[NRB23R] +0.0971 * P[NRBB3R] +0.0971 * P[NRDP3D] +0.101 * P[NRPK1R] -0.985 * P[NSAP1S] +0.283 * P[NSTB1S] +0.283 * P[NSTU1S] +0.0979 * P[NURQ1U] +0.0979 * P[NURQ2U] +0.0979 * P[NURQ3U] +0.0979 * P[NURQ4U] -0.988 * P[NURR1N] -0.988 * P[NURR2N] +0.0957 * P[NUTS8] -0.268 * P[NVPP5] -0.268 * P[NVPP6] +0.0983 * P[NWGG1W] +0.0983 * P[NWGJ1J] +0.0983 * P[NWGJ2S] +0.0983 * P[NWGJ3W] +0.0983 * P[NWGJ4W] +0.0983 * P[NWGS1B] +0.0967 * P[NWL21W] +0.238 * P[NWL82N] +0.0967 * P[NWLA1W] +0.249 * P[NWLN1W] +0.238 * P[NWLS3N] +0.238 * P[NWLS4W] -0.975 * P[NWRK2W] +0.233 * P[NWLW1S] +0.306 * P[NWOW1W] -0.975 * P[NWRK1W] +0.106 * P[NYS12A] +0.96 * F[N-Q-MNSP1] +0.985 * F[NSW1-QLD1] + Z_unrepresented <= RHS(t),"Out= Nil, avoid Bayswater to Liddell (33 or 34) O/L on loss of other Bayswater to Liddell (34 or 33), Feedback",Thermal,True,Z includes unsupported non-energy/region terms if present; not assumed zero
VNI-upper-20251126T1420,N>>16_8_39,N>>16_8_39|2024-11-20|1,0.7 * F_VIC_to_NSW +0.704 * P[NAL11C] +0.715 * P[NBA21B] +0.192 * P[NBAY1] +0.192 * P[NBAY2] +0.282 * P[NBAY3] +0.282 * P[NBAY4] +0.714 * P[NBB21B] +0.371 * P[NBES1B] +0.701 * P[NBK11B] +0.701 * P[NBKB3B] +0.701 * P[NBKW1S] +0.702 * P[NBL21L] +0.724 * P[NBLW8] +0.376 * P[NBOD1B] +0.702 * P[NBSF1L] +0.702 * P[NBSF2S] +0.36 * P[NCDS1C] +0.864 * P[NCKW1C] +0.704 * P[NCLS1C] +0.865 * P[NCLW1C] +0.635 * P[NCMA3B] +0.864 * P[NCW31C] +0.353 * P[NCWF2W] +0.704 * P[NDNH1H] +0.704 * P[NDNS1D] -0.455 * P[NDT13T] -0.455 * P[NDTB1T] +0.514 * P[NFBS1J] +0.705 * P[NFNS1F] +0.178 * P[NGNE1G] +0.847 * P[NGUR1G] +0.847 * P[NGUR2G] +0.847 * P[NGUR3G] +0.699 * P[NGUT8] +0.703 * P[NHUM] -0.699 * P[NLTS3] +0.699 * P[NLTS8] +0.407 * P[NMLS1M] +0.388 * P[NMOS1M] +1 * P[NMR22T] +0.175 * P[NMR41M] +0.356 * P[NMTP1] +0.356 * P[NMTP2] +0.172 * P[NMTZ1M] +0.706 * P[NNRN1A] +0.37 * P[NONF1F] +0.467 * P[NPG11P] +0.467 * P[NPG12G] +0.634 * P[NQBB3Q] +0.634 * P[NQBC3C] +0.704 * P[NRB23R] +0.704 * P[NRBB3R] +0.704 * P[NRDP3D] +0.799 * P[NRPK1R] +0.175 * P[NSAP1S] -0.256 * P[NSHL] +0.256 * P[NSHP1] +0.374 * P[NSTB1S] +0.374 * P[NSTU1S] +0.707 * P[NURQ1U] +0.707 * P[NURQ2U] +0.707 * P[NURQ3U] +0.707 * P[NURQ4U] +0.175 * P[NURR1N] +0.175 * P[NURR2N] +0.698 * P[NUTS8] +0.709 * P[NWGG1W] +0.709 * P[NWGJ1J] +0.709 * P[NWGJ2S] +0.709 * P[NWGJ3W] +0.709 * P[NWGJ4W] +0.709 * P[NWGS1B] +0.702 * P[NWL21W] +0.379 * P[NWL82N] +0.702 * P[NWLA1W] +0.373 * P[NWLN1W] +0.379 * P[NWLS3N] +0.379 * P[NWLS4W] +0.389 * P[NWLW1S] +0.374 * P[NWOW1W] +0.172 * P[NWRK1W] +0.172 * P[NWRK2W] +0.741 * P[NYS12A] -0.169 * F[N-Q-MNSP1] -0.175 * F[NSW1-QLD1] + Z_unrepresented <= RHS(t),"Out = Avon-Marulan (16), avoid O/L Marulan to Dapto (8) on trip of Bannaby to Sydney West (39) line, Feedback",Thermal,True,Z includes unsupported non-energy/region terms if present; not assumed zero
VNI-upper-20251126T1420,N>>NIL_39,N>>NIL_39|2025-11-12|1,0.911 * F_VIC_to_NSW +0.316 * P[NBAY2] +0.911 * P[NAL11C] +0.884 * P[NBA21B] +0.316 * P[NBAY1] +0.422 * P[NBAY3] +0.422 * P[NBAY4] +0.883 * P[NBB21B] +0.563 * P[NBES1B] +0.911 * P[NBK11B] +0.911 * P[NBKB3B] +0.911 * P[NBKW1S] +0.911 * P[NBL21L] +0.91 * P[NBLW8] +0.564 * P[NBOD1B] +0.911 * P[NBSF1L] +0.911 * P[NBSF2S] +0.559 * P[NCDS1C] +1 * P[NCKW1C] +0.152 * P[NCLG1D] +0.152 * P[NCLG2D] +0.152 * P[NCLG3D] +0.152 * P[NCLG4D] +0.911 * P[NCLS1C] +0.944 * P[NCLW1C] +0.897 * P[NCMA3B] +0.911 * P[NCRN1C] +1 * P[NCW31C] +0.828 * P[NCWF2W] +0.911 * P[NDNH1H] +0.911 * P[NDNS1D] +0.632 * P[NDT13T] +0.632 * P[NDTB1T] +0.187 * P[NEPS1] +0.187 * P[NEPS2] +0.239 * P[NEPS3] +0.239 * P[NEPS4] +0.187 * P[NERB1E] +0.695 * P[NFBS1J] +0.911 * P[NFNS1F] +0.305 * P[NGNE1G] +0.987 * P[NGUR1G] +0.987 * P[NGUR2G] +0.987 * P[NGUR3G] +0.912 * P[NGUT8] +0.911 * P[NHUM] +0.911 * P[NJDA1G] +0.911 * P[NLMB1L] -0.912 * P[NLTS3] +0.912 * P[NLTS8] +0.598 * P[NMLS1M] +0.58 * P[NMOS1M] +0.961 * P[NMR22T] +0.303 * P[NMR41M] +0.56 * P[NMTP1] +0.56 * P[NMTP2] +0.3 * P[NMTZ1M] +0.152 * P[NMWB1W] +0.197 * P[NNCP1H] +0.197 * P[NNCP2H] +0.197 * P[NNEE1H] +0.911 * P[NNRN1A] +0.568 * P[NONF1F] +0.652 * P[NPG11P] +0.652 * P[NPG12G] +0.897 * P[NQBB3Q] +0.897 * P[NQBC3C] +0.911 * P[NRB23R] +0.911 * P[NRBB3R] +0.911 * P[NRDP3D] +0.949 * P[NRPK1R] +0.302 * P[NSAP1S] +0.68 * P[NSHL] -0.68 * P[NSHP1] +0.546 * P[NSTB1S] +0.546 * P[NSTU1S] +0.303 * P[NURB1N] +0.303 * P[NURB2N] +0.911 * P[NURQ1U] +0.911 * P[NURQ2U] +0.911 * P[NURQ3U] +0.911 * P[NURQ4U] +0.303 * P[NURR1N] +0.303 * P[NURR2N] +0.912 * P[NUTS8] +0.163 * P[NVPP5] +0.163 * P[NVPP6] +0.911 * P[NWGG1W] +0.911 * P[NWGJ1J] +0.911 * P[NWGJ2S] +0.911 * P[NWGJ3W] +0.911 * P[NWGJ4W] +0.911 * P[NWGS1B] +0.911 * P[NWL21W] +0.565 * P[NWL82N] +0.911 * P[NWLA1W] +0.556 * P[NWLN1W] +0.565 * P[NWLS3N] +0.565 * P[NWLS4W] +0.575 * P[NWLW1S] +0.539 * P[NWOW1W] +0.3 * P[NWRK1W] +0.3 * P[NWRK2W] +0.908 * P[NYS12A] -0.298 * F[N-Q-MNSP1] -0.302 * F[NSW1-QLD1] + Z_unrepresented <= RHS(t),"Out= Nil, avoid O/L Bannaby to Sydney West (39) 330kV line on trip of Nil, Feedback",Thermal,True,Z includes unsupported non-energy/region terms if present; not assumed zero
VNI-upper-20251205T1550,N>>16_8_39,N>>16_8_39|2025-12-02|1,0.7 * F_VIC_to_NSW +0.704 * P[NAL11C] +0.715 * P[NBA21B] +0.192 * P[NBAY1] +0.192 * P[NBAY2] +0.282 * P[NBAY3] +0.282 * P[NBAY4] +0.714 * P[NBB21B] +0.371 * P[NBES1B] +0.701 * P[NBK11B] +0.701 * P[NBKB3B] +0.701 * P[NBKW1S] +0.702 * P[NBL21L] +0.724 * P[NBLW8] +0.376 * P[NBOD1B] +0.702 * P[NBSF1L] +0.702 * P[NBSF2S] +0.36 * P[NCDS1C] +0.864 * P[NCKW1C] +0.704 * P[NCLS1C] +0.865 * P[NCLW1C] +0.635 * P[NCMA3B] +0.703 * P[NCRN1C] +0.864 * P[NCW31C] +0.353 * P[NCWF2W] +0.704 * P[NDNH1H] +0.704 * P[NDNS1D] -0.455 * P[NDT13T] -0.455 * P[NDTB1T] +0.514 * P[NFBS1J] +0.705 * P[NFNS1F] +0.178 * P[NGNE1G] +0.847 * P[NGUR1G] +0.847 * P[NGUR2G] +0.847 * P[NGUR3G] +0.699 * P[NGUT8] +0.703 * P[NHUM] +0.703 * P[NJDA1G] +0.184 * P[NLDB1L] +0.702 * P[NLMB1L] -0.699 * P[NLTS3] +0.699 * P[NLTS8] +0.407 * P[NMLS1M] +0.388 * P[NMOS1M] +1 * P[NMR22T] +0.175 * P[NMR41M] +0.356 * P[NMTP1] +0.356 * P[NMTP2] +0.172 * P[NMTZ1M] +0.706 * P[NNRN1A] +0.37 * P[NONF1F] +0.467 * P[NPG11P] +0.467 * P[NPG12G] +0.634 * P[NQBB3Q] +0.634 * P[NQBC3C] +0.704 * P[NRB23R] +0.704 * P[NRBB3R] +0.704 * P[NRDP3D] +0.799 * P[NRPK1R] +0.175 * P[NSAP1S] -0.256 * P[NSHL] +0.256 * P[NSHP1] +0.374 * P[NSTB1S] +0.374 * P[NSTU1S] +0.175 * P[NURB1N] +0.175 * P[NURB2N] +0.707 * P[NURQ1U] +0.707 * P[NURQ2U] +0.707 * P[NURQ3U] +0.698 * P[NUTS8] +0.707 * P[NURQ4U] +0.175 * P[NURR1N] +0.175 * P[NURR2N] +0.709 * P[NWGG1W] +0.709 * P[NWGJ1J] +0.709 * P[NWGJ2S] +0.709 * P[NWGJ3W] +0.709 * P[NWGJ4W] +0.709 * P[NWGS1B] +0.702 * P[NWL21W] +0.379 * P[NWL82N] +0.702 * P[NWLA1W] +0.373 * P[NWLN1W] +0.373 * P[NWLO1O] +0.379 * P[NWLS3N] +0.379 * P[NWLS4W] +0.389 * P[NWLW1S] +0.374 * P[NWOW1W] +0.172 * P[NWRK1W] +0.172 * P[NWRK2W] +0.741 * P[NYS12A] -0.169 * F[N-Q-MNSP1] -0.175 * F[NSW1-QLD1] + Z_unrepresented <= RHS(t),"Out = Avon-Marulan (16), avoid O/L Marulan to Dapto (8) on trip of Bannaby to Sydney West (39) line, Feedback",Thermal,True,Z includes unsupported non-energy/region terms if present; not assumed zero
VNI-upper-20260110T1505,N>>16_8_39,N>>16_8_39|2025-12-02|1,0.7 * F_VIC_to_NSW +0.704 * P[NAL11C] +0.715 * P[NBA21B] +0.192 * P[NBAY1] +0.192 * P[NBAY2] +0.282 * P[NBAY3] +0.282 * P[NBAY4] +0.714 * P[NBB21B] +0.371 * P[NBES1B] +0.701 * P[NBK11B] +0.701 * P[NBKB3B] +0.701 * P[NBKW1S] +0.702 * P[NBL21L] +0.724 * P[NBLW8] +0.376 * P[NBOD1B] +0.702 * P[NBSF1L] +0.702 * P[NBSF2S] +0.36 * P[NCDS1C] +0.864 * P[NCKW1C] +0.704 * P[NCLS1C] +0.865 * P[NCLW1C] +0.635 * P[NCMA3B] +0.703 * P[NCRN1C] +0.864 * P[NCW31C] +0.353 * P[NCWF2W] +0.704 * P[NDNH1H] +0.704 * P[NDNS1D] -0.455 * P[NDT13T] -0.455 * P[NDTB1T] +0.514 * P[NFBS1J] +0.705 * P[NFNS1F] +0.178 * P[NGNE1G] +0.847 * P[NGUR1G] +0.847 * P[NGUR2G] +0.847 * P[NGUR3G] +0.699 * P[NGUT8] +0.703 * P[NHUM] +0.703 * P[NJDA1G] +0.184 * P[NLDB1L] +0.702 * P[NLMB1L] -0.699 * P[NLTS3] +0.699 * P[NLTS8] +0.407 * P[NMLS1M] +0.388 * P[NMOS1M] +1 * P[NMR22T] +0.175 * P[NMR41M] +0.356 * P[NMTP1] +0.356 * P[NMTP2] +0.172 * P[NMTZ1M] +0.706 * P[NNRN1A] +0.37 * P[NONF1F] +0.467 * P[NPG11P] +0.467 * P[NPG12G] +0.634 * P[NQBB3Q] +0.634 * P[NQBC3C] +0.704 * P[NRB23R] +0.704 * P[NRBB3R] +0.704 * P[NRDP3D] +0.799 * P[NRPK1R] +0.175 * P[NSAP1S] -0.256 * P[NSHL] +0.256 * P[NSHP1] +0.374 * P[NSTB1S] +0.374 * P[NSTU1S] +0.175 * P[NURB1N] +0.175 * P[NURB2N] +0.707 * P[NURQ1U] +0.707 * P[NURQ2U] +0.707 * P[NURQ3U] +0.698 * P[NUTS8] +0.707 * P[NURQ4U] +0.175 * P[NURR1N] +0.175 * P[NURR2N] +0.709 * P[NWGG1W] +0.709 * P[NWGJ1J] +0.709 * P[NWGJ2S] +0.709 * P[NWGJ3W] +0.709 * P[NWGJ4W] +0.709 * P[NWGS1B] +0.702 * P[NWL21W] +0.379 * P[NWL82N] +0.702 * P[NWLA1W] +0.373 * P[NWLN1W] +0.373 * P[NWLO1O] +0.379 * P[NWLS3N] +0.379 * P[NWLS4W] +0.389 * P[NWLW1S] +0.374 * P[NWOW1W] +0.172 * P[NWRK1W] +0.172 * P[NWRK2W] +0.741 * P[NYS12A] -0.169 * F[N-Q-MNSP1] -0.175 * F[NSW1-QLD1] + Z_unrepresented <= RHS(t),"Out = Avon-Marulan (16), avoid O/L Marulan to Dapto (8) on trip of Bannaby to Sydney West (39) line, Feedback",Thermal,True,Z includes unsupported non-energy/region terms if present; not assumed zero
VNI-upper-20260112T0710,N^^N_NIL_WGLT,N^^N_NIL_WGLT|2025-12-08|4,0.376 * F_VIC_to_NSW +0.81 * P[NAL11C] +0.202 * P[NBA21B] +0.202 * P[NBB21B] +0.54 * P[NBK11B] +0.54 * P[NBKB3B] +0.54 * P[NBKW1S] +0.698 * P[NBL21L] +0.602 * P[NBLW8] +0.698 * P[NBSF1L] +0.698 * P[NBSF2S] +0.994 * P[NCLS1C] +0.812 * P[NCRN1C] +1 * P[NDNH1H] +1 * P[NDNS1D] +0.899 * P[NFNS1F] +0.756 * P[NHUM] +0.736 * P[NJDA1G] +0.698 * P[NLMB1L] -0.291 * P[NMUR8] +0.985 * P[NNRN1A] +1 * P[NRB23R] +1 * P[NRBB3R] +1 * P[NRDP3D] +0.972 * P[NURQ1U] +0.972 * P[NURQ2U] +0.972 * P[NURQ3U] +0.972 * P[NURQ4U] +0.939 * P[NWGG1W] +0.939 * P[NWGJ1J] +0.939 * P[NWGJ2S] +0.939 * P[NWGJ3W] +0.939 * P[NWGJ4W] +0.939 * P[NWGS1B] +0.793 * P[NWL21W] +0.793 * P[NWLA1W] +0.216 * P[NYS12A] +0.156 * P[VRCS1K] +0.156 * P[VRCS2Y] -0.156 * F[V-S-MNSP1] + Z_unrepresented <= RHS(t),"Out=Nil, limit Wagga to Lower Tumut (051) 330kV line flow to avoid voltage collapse post contingency trip of line 051, Feedback",Voltage Stability,True,Z includes unsupported non-energy/region terms if present; not assumed zero
VNI-upper-20260112T0710,V::N_SMSC_V2,V::N_SMSC_V2|2025-12-23|1,1 * F_VIC_to_NSW -0.786 * P[NMUR8] -0.432 * P[VART1A] -0.432 * P[VBA23B] -0.432 * P[VBAW1Y] -0.432 * P[VBBT1B] -0.432 * P[VBBT2B] -0.432 * P[VBGT1B] -0.432 * P[VBGT4B] -0.432 * P[VCB33R] -0.432 * P[VCWL1C] -0.896 * P[VDPS] -0.432 * P[VELT1M] -0.432 * P[VELT2M] -0.432 * P[VELT3E] -0.432 * P[VGN21G] -0.432 * P[VGN61M] -0.432 * P[VGNS1G] -0.432 * P[VGNS2W] -0.432 * P[VGTW1M] -0.432 * P[VHOG1K] -0.432 * P[VHW23H] -0.432 * P[VKGB3G] -0.432 * P[VKGP1K] -0.432 * P[VKGS1G] -0.432 * P[VKGS2C] -0.432 * P[VKMT1K] -0.432 * P[VMRT1M] -0.432 * P[VKOT1K] -0.896 * P[VMKP1] -0.432 * P[VMLB3V] -0.432 * P[VMRT2M] -0.432 * P[VMWT12] -0.432 * P[VMWT9B] -0.432 * P[VRCS1K] -0.432 * P[VRCS2Y] -0.432 * P[VSHS1N] -0.432 * P[VSHS2G] -0.432 * P[VSHS2W] -0.432 * P[VSHS3L] -0.432 * P[VSM71C] -0.432 * P[VTB21M] -0.432 * P[VTG21M] -0.432 * P[VTG31T] -0.432 * P[VTG61S] -0.432 * P[VTGT3A] -0.432 * P[VTR11H] -0.432 * P[VTR31R] -0.432 * P[VTRT1M] -0.432 * P[VWES1B] -0.432 * P[VWES2W] -0.896 * P[VWKP1] -0.896 * P[VWKP2] -0.36 * P[VYP22] -0.36 * P[VYP23] -0.36 * P[VYP24] -0.398 * F[T-V-MNSP1] +0.492 * F[V-S-MNSP1] +0.478 * F[V-SA] + Z_unrepresented <= RHS(t),"Out = One South Morang 330 kV series capacitor bank, prevent transient instability for fault and trip of a HWTS-SMTS 500 kV line, VIC accelerates. Yallourn W G1 on 500kV.",Transient Stability,True,Z includes unsupported non-energy/region terms if present; not assumed zero
VNI-upper-20260205T1340,N^^N_NIL_WGLT,N^^N_NIL_WGLT|2025-12-08|4,0.376 * F_VIC_to_NSW +0.81 * P[NAL11C] +0.202 * P[NBA21B] +0.202 * P[NBB21B] +0.54 * P[NBK11B] +0.54 * P[NBKB3B] +0.54 * P[NBKW1S] +0.698 * P[NBL21L] +0.602 * P[NBLW8] +0.698 * P[NBSF1L] +0.698 * P[NBSF2S] +0.994 * P[NCLS1C] +0.812 * P[NCRN1C] +1 * P[NDNH1H] +1 * P[NDNS1D] +0.899 * P[NFNS1F] +0.756 * P[NHUM] +0.736 * P[NJDA1G] +0.698 * P[NLMB1L] -0.291 * P[NMUR8] +0.985 * P[NNRN1A] +1 * P[NRB23R] +1 * P[NRBB3R] +1 * P[NRDP3D] +0.972 * P[NURQ1U] +0.972 * P[NURQ2U] +0.972 * P[NURQ3U] +0.972 * P[NURQ4U] +0.939 * P[NWGG1W] +0.939 * P[NWGJ1J] +0.939 * P[NWGJ2S] +0.939 * P[NWGJ3W] +0.939 * P[NWGJ4W] +0.939 * P[NWGS1B] +0.793 * P[NWL21W] +0.793 * P[NWLA1W] +0.216 * P[NYS12A] +0.156 * P[VRCS1K] +0.156 * P[VRCS2Y] -0.156 * F[V-S-MNSP1] + Z_unrepresented <= RHS(t),"Out=Nil, limit Wagga to Lower Tumut (051) 330kV line flow to avoid voltage collapse post contingency trip of line 051, Feedback",Voltage Stability,True,Z includes unsupported non-energy/region terms if present; not assumed zero
VNI-upper-20260205T1340,N>>16_8_39,N>>16_8_39|2025-12-02|1,0.7 * F_VIC_to_NSW +0.704 * P[NAL11C] +0.715 * P[NBA21B] +0.192 * P[NBAY1] +0.192 * P[NBAY2] +0.282 * P[NBAY3] +0.282 * P[NBAY4] +0.714 * P[NBB21B] +0.371 * P[NBES1B] +0.701 * P[NBK11B] +0.701 * P[NBKB3B] +0.701 * P[NBKW1S] +0.702 * P[NBL21L] +0.724 * P[NBLW8] +0.376 * P[NBOD1B] +0.702 * P[NBSF1L] +0.702 * P[NBSF2S] +0.36 * P[NCDS1C] +0.864 * P[NCKW1C] +0.704 * P[NCLS1C] +0.865 * P[NCLW1C] +0.635 * P[NCMA3B] +0.703 * P[NCRN1C] +0.864 * P[NCW31C] +0.353 * P[NCWF2W] +0.704 * P[NDNH1H] +0.704 * P[NDNS1D] -0.455 * P[NDT13T] -0.455 * P[NDTB1T] +0.514 * P[NFBS1J] +0.705 * P[NFNS1F] +0.178 * P[NGNE1G] +0.847 * P[NGUR1G] +0.847 * P[NGUR2G] +0.847 * P[NGUR3G] +0.699 * P[NGUT8] +0.703 * P[NHUM] +0.703 * P[NJDA1G] +0.184 * P[NLDB1L] +0.702 * P[NLMB1L] -0.699 * P[NLTS3] +0.699 * P[NLTS8] +0.407 * P[NMLS1M] +0.388 * P[NMOS1M] +1 * P[NMR22T] +0.175 * P[NMR41M] +0.356 * P[NMTP1] +0.356 * P[NMTP2] +0.172 * P[NMTZ1M] +0.706 * P[NNRN1A] +0.37 * P[NONF1F] +0.467 * P[NPG11P] +0.467 * P[NPG12G] +0.634 * P[NQBB3Q] +0.634 * P[NQBC3C] +0.704 * P[NRB23R] +0.704 * P[NRBB3R] +0.704 * P[NRDP3D] +0.799 * P[NRPK1R] +0.175 * P[NSAP1S] -0.256 * P[NSHL] +0.256 * P[NSHP1] +0.374 * P[NSTB1S] +0.374 * P[NSTU1S] +0.175 * P[NURB1N] +0.175 * P[NURB2N] +0.707 * P[NURQ1U] +0.707 * P[NURQ2U] +0.707 * P[NURQ3U] +0.698 * P[NUTS8] +0.707 * P[NURQ4U] +0.175 * P[NURR1N] +0.175 * P[NURR2N] +0.709 * P[NWGG1W] +0.709 * P[NWGJ1J] +0.709 * P[NWGJ2S] +0.709 * P[NWGJ3W] +0.709 * P[NWGJ4W] +0.709 * P[NWGS1B] +0.702 * P[NWL21W] +0.379 * P[NWL82N] +0.702 * P[NWLA1W] +0.373 * P[NWLN1W] +0.373 * P[NWLO1O] +0.379 * P[NWLS3N] +0.379 * P[NWLS4W] +0.389 * P[NWLW1S] +0.374 * P[NWOW1W] +0.172 * P[NWRK1W] +0.172 * P[NWRK2W] +0.741 * P[NYS12A] -0.169 * F[N-Q-MNSP1] -0.175 * F[NSW1-QLD1] + Z_unrepresented <= RHS(t),"Out = Avon-Marulan (16), avoid O/L Marulan to Dapto (8) on trip of Bannaby to Sydney West (39) line, Feedback",Thermal,True,Z includes unsupported non-energy/region terms if present; not assumed zero
VNI-upper-20260205T1415,N>>16_8_39,N>>16_8_39|2025-12-02|1,0.7 * F_VIC_to_NSW +0.704 * P[NAL11C] +0.715 * P[NBA21B] +0.192 * P[NBAY1] +0.192 * P[NBAY2] +0.282 * P[NBAY3] +0.282 * P[NBAY4] +0.714 * P[NBB21B] +0.371 * P[NBES1B] +0.701 * P[NBK11B] +0.701 * P[NBKB3B] +0.701 * P[NBKW1S] +0.702 * P[NBL21L] +0.724 * P[NBLW8] +0.376 * P[NBOD1B] +0.702 * P[NBSF1L] +0.702 * P[NBSF2S] +0.36 * P[NCDS1C] +0.864 * P[NCKW1C] +0.704 * P[NCLS1C] +0.865 * P[NCLW1C] +0.635 * P[NCMA3B] +0.703 * P[NCRN1C] +0.864 * P[NCW31C] +0.353 * P[NCWF2W] +0.704 * P[NDNH1H] +0.704 * P[NDNS1D] -0.455 * P[NDT13T] -0.455 * P[NDTB1T] +0.514 * P[NFBS1J] +0.705 * P[NFNS1F] +0.178 * P[NGNE1G] +0.847 * P[NGUR1G] +0.847 * P[NGUR2G] +0.847 * P[NGUR3G] +0.699 * P[NGUT8] +0.703 * P[NHUM] +0.703 * P[NJDA1G] +0.184 * P[NLDB1L] +0.702 * P[NLMB1L] -0.699 * P[NLTS3] +0.699 * P[NLTS8] +0.407 * P[NMLS1M] +0.388 * P[NMOS1M] +1 * P[NMR22T] +0.175 * P[NMR41M] +0.356 * P[NMTP1] +0.356 * P[NMTP2] +0.172 * P[NMTZ1M] +0.706 * P[NNRN1A] +0.37 * P[NONF1F] +0.467 * P[NPG11P] +0.467 * P[NPG12G] +0.634 * P[NQBB3Q] +0.634 * P[NQBC3C] +0.704 * P[NRB23R] +0.704 * P[NRBB3R] +0.704 * P[NRDP3D] +0.799 * P[NRPK1R] +0.175 * P[NSAP1S] -0.256 * P[NSHL] +0.256 * P[NSHP1] +0.374 * P[NSTB1S] +0.374 * P[NSTU1S] +0.175 * P[NURB1N] +0.175 * P[NURB2N] +0.707 * P[NURQ1U] +0.707 * P[NURQ2U] +0.707 * P[NURQ3U] +0.698 * P[NUTS8] +0.707 * P[NURQ4U] +0.175 * P[NURR1N] +0.175 * P[NURR2N] +0.709 * P[NWGG1W] +0.709 * P[NWGJ1J] +0.709 * P[NWGJ2S] +0.709 * P[NWGJ3W] +0.709 * P[NWGJ4W] +0.709 * P[NWGS1B] +0.702 * P[NWL21W] +0.379 * P[NWL82N] +0.702 * P[NWLA1W] +0.373 * P[NWLN1W] +0.373 * P[NWLO1O] +0.379 * P[NWLS3N] +0.379 * P[NWLS4W] +0.389 * P[NWLW1S] +0.374 * P[NWOW1W] +0.172 * P[NWRK1W] +0.172 * P[NWRK2W] +0.741 * P[NYS12A] -0.169 * F[N-Q-MNSP1] -0.175 * F[NSW1-QLD1] + Z_unrepresented <= RHS(t),"Out = Avon-Marulan (16), avoid O/L Marulan to Dapto (8) on trip of Bannaby to Sydney West (39) line, Feedback",Thermal,True,Z includes unsupported non-energy/region terms if present; not assumed zero
VNI-upper-20260206T1255,N^^N_NIL_WGLT,N^^N_NIL_WGLT|2025-12-08|4,0.376 * F_VIC_to_NSW +0.81 * P[NAL11C] +0.202 * P[NBA21B] +0.202 * P[NBB21B] +0.54 * P[NBK11B] +0.54 * P[NBKB3B] +0.54 * P[NBKW1S] +0.698 * P[NBL21L] +0.602 * P[NBLW8] +0.698 * P[NBSF1L] +0.698 * P[NBSF2S] +0.994 * P[NCLS1C] +0.812 * P[NCRN1C] +1 * P[NDNH1H] +1 * P[NDNS1D] +0.899 * P[NFNS1F] +0.756 * P[NHUM] +0.736 * P[NJDA1G] +0.698 * P[NLMB1L] -0.291 * P[NMUR8] +0.985 * P[NNRN1A] +1 * P[NRB23R] +1 * P[NRBB3R] +1 * P[NRDP3D] +0.972 * P[NURQ1U] +0.972 * P[NURQ2U] +0.972 * P[NURQ3U] +0.972 * P[NURQ4U] +0.939 * P[NWGG1W] +0.939 * P[NWGJ1J] +0.939 * P[NWGJ2S] +0.939 * P[NWGJ3W] +0.939 * P[NWGJ4W] +0.939 * P[NWGS1B] +0.793 * P[NWL21W] +0.793 * P[NWLA1W] +0.216 * P[NYS12A] +0.156 * P[VRCS1K] +0.156 * P[VRCS2Y] -0.156 * F[V-S-MNSP1] + Z_unrepresented <= RHS(t),"Out=Nil, limit Wagga to Lower Tumut (051) 330kV line flow to avoid voltage collapse post contingency trip of line 051, Feedback",Voltage Stability,True,Z includes unsupported non-energy/region terms if present; not assumed zero
VNI-upper-20260206T1255,N>>16_8_39,N>>16_8_39|2025-12-02|1,0.7 * F_VIC_to_NSW +0.704 * P[NAL11C] +0.715 * P[NBA21B] +0.192 * P[NBAY1] +0.192 * P[NBAY2] +0.282 * P[NBAY3] +0.282 * P[NBAY4] +0.714 * P[NBB21B] +0.371 * P[NBES1B] +0.701 * P[NBK11B] +0.701 * P[NBKB3B] +0.701 * P[NBKW1S] +0.702 * P[NBL21L] +0.724 * P[NBLW8] +0.376 * P[NBOD1B] +0.702 * P[NBSF1L] +0.702 * P[NBSF2S] +0.36 * P[NCDS1C] +0.864 * P[NCKW1C] +0.704 * P[NCLS1C] +0.865 * P[NCLW1C] +0.635 * P[NCMA3B] +0.703 * P[NCRN1C] +0.864 * P[NCW31C] +0.353 * P[NCWF2W] +0.704 * P[NDNH1H] +0.704 * P[NDNS1D] -0.455 * P[NDT13T] -0.455 * P[NDTB1T] +0.514 * P[NFBS1J] +0.705 * P[NFNS1F] +0.178 * P[NGNE1G] +0.847 * P[NGUR1G] +0.847 * P[NGUR2G] +0.847 * P[NGUR3G] +0.699 * P[NGUT8] +0.703 * P[NHUM] +0.703 * P[NJDA1G] +0.184 * P[NLDB1L] +0.702 * P[NLMB1L] -0.699 * P[NLTS3] +0.699 * P[NLTS8] +0.407 * P[NMLS1M] +0.388 * P[NMOS1M] +1 * P[NMR22T] +0.175 * P[NMR41M] +0.356 * P[NMTP1] +0.356 * P[NMTP2] +0.172 * P[NMTZ1M] +0.706 * P[NNRN1A] +0.37 * P[NONF1F] +0.467 * P[NPG11P] +0.467 * P[NPG12G] +0.634 * P[NQBB3Q] +0.634 * P[NQBC3C] +0.704 * P[NRB23R] +0.704 * P[NRBB3R] +0.704 * P[NRDP3D] +0.799 * P[NRPK1R] +0.175 * P[NSAP1S] -0.256 * P[NSHL] +0.256 * P[NSHP1] +0.374 * P[NSTB1S] +0.374 * P[NSTU1S] +0.175 * P[NURB1N] +0.175 * P[NURB2N] +0.707 * P[NURQ1U] +0.707 * P[NURQ2U] +0.707 * P[NURQ3U] +0.698 * P[NUTS8] +0.707 * P[NURQ4U] +0.175 * P[NURR1N] +0.175 * P[NURR2N] +0.709 * P[NWGG1W] +0.709 * P[NWGJ1J] +0.709 * P[NWGJ2S] +0.709 * P[NWGJ3W] +0.709 * P[NWGJ4W] +0.709 * P[NWGS1B] +0.702 * P[NWL21W] +0.379 * P[NWL82N] +0.702 * P[NWLA1W] +0.373 * P[NWLN1W] +0.373 * P[NWLO1O] +0.379 * P[NWLS3N] +0.379 * P[NWLS4W] +0.389 * P[NWLW1S] +0.374 * P[NWOW1W] +0.172 * P[NWRK1W] +0.172 * P[NWRK2W] +0.741 * P[NYS12A] -0.169 * F[N-Q-MNSP1] -0.175 * F[NSW1-QLD1] + Z_unrepresented <= RHS(t),"Out = Avon-Marulan (16), avoid O/L Marulan to Dapto (8) on trip of Bannaby to Sydney West (39) line, Feedback",Thermal,True,Z includes unsupported non-energy/region terms if present; not assumed zero
VNI-upper-20260304T1555,N^^N_NIL_WGLT,N^^N_NIL_WGLT|2025-12-08|4,0.376 * F_VIC_to_NSW +0.81 * P[NAL11C] +0.202 * P[NBA21B] +0.202 * P[NBB21B] +0.54 * P[NBK11B] +0.54 * P[NBKB3B] +0.54 * P[NBKW1S] +0.698 * P[NBL21L] +0.602 * P[NBLW8] +0.698 * P[NBSF1L] +0.698 * P[NBSF2S] +0.994 * P[NCLS1C] +0.812 * P[NCRN1C] +1 * P[NDNH1H] +1 * P[NDNS1D] +0.899 * P[NFNS1F] +0.756 * P[NHUM] +0.736 * P[NJDA1G] +0.698 * P[NLMB1L] -0.291 * P[NMUR8] +0.985 * P[NNRN1A] +1 * P[NRB23R] +1 * P[NRBB3R] +1 * P[NRDP3D] +0.972 * P[NURQ1U] +0.972 * P[NURQ2U] +0.972 * P[NURQ3U] +0.972 * P[NURQ4U] +0.939 * P[NWGG1W] +0.939 * P[NWGJ1J] +0.939 * P[NWGJ2S] +0.939 * P[NWGJ3W] +0.939 * P[NWGJ4W] +0.939 * P[NWGS1B] +0.793 * P[NWL21W] +0.793 * P[NWLA1W] +0.216 * P[NYS12A] +0.156 * P[VRCS1K] +0.156 * P[VRCS2Y] -0.156 * F[V-S-MNSP1] + Z_unrepresented <= RHS(t),"Out=Nil, limit Wagga to Lower Tumut (051) 330kV line flow to avoid voltage collapse post contingency trip of line 051, Feedback",Voltage Stability,True,Z includes unsupported non-energy/region terms if present; not assumed zero
VNI-upper-20260304T1555,N::N_SDUT_2,N::N_SDUT_2|2026-01-13|1,0.982 * F_VIC_to_NSW +0.979 * P[NAL11C] +0.873 * P[NBA21B] +0.872 * P[NBB21B] +0.981 * P[NBK11B] +0.981 * P[NBKB3B] +0.981 * P[NBKW1S] +0.98 * P[NBL21L] +0.955 * P[NBLW8] +0.98 * P[NBSF1L] +0.98 * P[NBSF2S] +1 * P[NCKW1C] +0.978 * P[NCLS1C] +0.995 * P[NCLW1C] +0.99 * P[NCMA3B] +0.98 * P[NCRN1C] +1 * P[NCW31C] +0.978 * P[NDNH1H] +0.978 * P[NDNS1D] +0.387 * P[NFBS1J] +0.977 * P[NFNS1F] +0.998 * P[NGUR1G] +0.998 * P[NGUR2G] +0.998 * P[NGUR3G] +0.984 * P[NGUT8] +0.98 * P[NHUM] +0.98 * P[NJDA1G] +0.98 * P[NLMB1L] -0.985 * P[NLTS3] +0.985 * P[NLTS8] +0.976 * P[NNRN1A] +0.275 * P[NPG11P] +0.275 * P[NPG12G] +0.99 * P[NQBB3Q] +0.99 * P[NQBC3C] +0.978 * P[NRB23R] +0.978 * P[NRBB3R] +0.978 * P[NRDP3D] +0.991 * P[NRPK1R] +0.975 * P[NURQ1U] +0.975 * P[NURQ2U] +0.975 * P[NURQ3U] +0.975 * P[NURQ4U] +0.985 * P[NUTS8] +0.973 * P[NWGG1W] +0.973 * P[NWGJ1J] +0.973 * P[NWGJ2S] +0.973 * P[NWGJ3W] +0.973 * P[NWGJ4W] +0.973 * P[NWGS1B] +0.98 * P[NWL21W] +0.98 * P[NWLA1W] +0.936 * P[NYS12A] + Z_unrepresented <= RHS(t),"Out = Upper Tumut-Stockdill (1) 330kV line, stability limit (Snowy-NSW) for fault of various location between Yass-South Morang area",Transient Stability,True,Z includes unsupported non-energy/region terms if present; not assumed zero
VNI-upper-20260406T1055,N^^N_NIL_WGLT,N^^N_NIL_WGLT|2026-03-06|2,0.376 * F_VIC_to_NSW +0.81 * P[NAL11C] +0.202 * P[NBA21B] +0.202 * P[NBB21B] +0.54 * P[NBK11B] +0.54 * P[NBKB3B] +0.54 * P[NBKW1S] +0.698 * P[NBL21L] +0.602 * P[NBLW8] +0.698 * P[NBSF1L] +0.698 * P[NBSF2S] +0.994 * P[NCLS1C] +0.812 * P[NCRN1C] +1 * P[NDNH1H] +1 * P[NDNS1D] +0.899 * P[NFNS1F] +0.756 * P[NHUM] +0.736 * P[NJDA1G] +0.698 * P[NLMB1L] -0.291 * P[NMUR8] +0.985 * P[NNRN1A] +1 * P[NRB23R] +1 * P[NRBB3R] +1 * P[NRDP3D] +0.972 * P[NURQ1U] +0.972 * P[NURQ2U] +0.972 * P[NURQ3U] +0.972 * P[NURQ4U] +0.939 * P[NWGG1W] +0.939 * P[NWGJ1J] +0.939 * P[NWGJ2S] +0.939 * P[NWGJ3W] +0.939 * P[NWGJ4W] +0.939 * P[NWGS1B] +0.793 * P[NWL21W] +0.793 * P[NWLA1W] +0.216 * P[NYS12A] +0.156 * P[VRCS1K] +0.156 * P[VRCS2Y] -0.156 * F[V-S-MNSP1] + Z_unrepresented <= RHS(t),"Out=Nil, limit Wagga to Lower Tumut (051) 330kV line flow to avoid voltage collapse post contingency trip of line 051, Feedback",Voltage Stability,True,Z includes unsupported non-energy/region terms if present; not assumed zero
VNI-upper-20260407T0925,N^^N_NIL_WGLT,N^^N_NIL_WGLT|2026-03-06|2,0.376 * F_VIC_to_NSW +0.81 * P[NAL11C] +0.202 * P[NBA21B] +0.202 * P[NBB21B] +0.54 * P[NBK11B] +0.54 * P[NBKB3B] +0.54 * P[NBKW1S] +0.698 * P[NBL21L] +0.602 * P[NBLW8] +0.698 * P[NBSF1L] +0.698 * P[NBSF2S] +0.994 * P[NCLS1C] +0.812 * P[NCRN1C] +1 * P[NDNH1H] +1 * P[NDNS1D] +0.899 * P[NFNS1F] +0.756 * P[NHUM] +0.736 * P[NJDA1G] +0.698 * P[NLMB1L] -0.291 * P[NMUR8] +0.985 * P[NNRN1A] +1 * P[NRB23R] +1 * P[NRBB3R] +1 * P[NRDP3D] +0.972 * P[NURQ1U] +0.972 * P[NURQ2U] +0.972 * P[NURQ3U] +0.972 * P[NURQ4U] +0.939 * P[NWGG1W] +0.939 * P[NWGJ1J] +0.939 * P[NWGJ2S] +0.939 * P[NWGJ3W] +0.939 * P[NWGJ4W] +0.939 * P[NWGS1B] +0.793 * P[NWL21W] +0.793 * P[NWLA1W] +0.216 * P[NYS12A] +0.156 * P[VRCS1K] +0.156 * P[VRCS2Y] -0.156 * F[V-S-MNSP1] + Z_unrepresented <= RHS(t),"Out=Nil, limit Wagga to Lower Tumut (051) 330kV line flow to avoid voltage collapse post contingency trip of line 051, Feedback",Voltage Stability,True,Z includes unsupported non-energy/region terms if present; not assumed zero
VNI-upper-20260504T0845,N^^N_NIL_WGLT,N^^N_NIL_WGLT|2026-03-06|2,0.376 * F_VIC_to_NSW +0.81 * P[NAL11C] +0.202 * P[NBA21B] +0.202 * P[NBB21B] +0.54 * P[NBK11B] +0.54 * P[NBKB3B] +0.54 * P[NBKW1S] +0.698 * P[NBL21L] +0.602 * P[NBLW8] +0.698 * P[NBSF1L] +0.698 * P[NBSF2S] +0.994 * P[NCLS1C] +0.812 * P[NCRN1C] +1 * P[NDNH1H] +1 * P[NDNS1D] +0.899 * P[NFNS1F] +0.756 * P[NHUM] +0.736 * P[NJDA1G] +0.698 * P[NLMB1L] -0.291 * P[NMUR8] +0.985 * P[NNRN1A] +1 * P[NRB23R] +1 * P[NRBB3R] +1 * P[NRDP3D] +0.972 * P[NURQ1U] +0.972 * P[NURQ2U] +0.972 * P[NURQ3U] +0.972 * P[NURQ4U] +0.939 * P[NWGG1W] +0.939 * P[NWGJ1J] +0.939 * P[NWGJ2S] +0.939 * P[NWGJ3W] +0.939 * P[NWGJ4W] +0.939 * P[NWGS1B] +0.793 * P[NWL21W] +0.793 * P[NWLA1W] +0.216 * P[NYS12A] +0.156 * P[VRCS1K] +0.156 * P[VRCS2Y] -0.156 * F[V-S-MNSP1] + Z_unrepresented <= RHS(t),"Out=Nil, limit Wagga to Lower Tumut (051) 330kV line flow to avoid voltage collapse post contingency trip of line 051, Feedback",Voltage Stability,True,Z includes unsupported non-energy/region terms if present; not assumed zero
VNI-upper-20260623T0905,NRM_VIC1_NSW1,NRM_VIC1_NSW1|2025-11-19|1,1 * F_VIC_to_NSW + Z_unrepresented <= RHS(t),Negative Residue Management constraint for VIC to NSW flow,Negative Residue,True,Z includes unsupported non-energy/region terms if present; not assumed zero
VNI-upper-20260623T0905,V^^N_CNCW_1,V^^N_CNCW_1|2026-02-04|1,0.249 * F_VIC_to_NSW -0.229 * P[NGUT8] +1 * P[NHUM] + Z_unrepresented <= RHS(t),"Out = Canberra-Capital (6) or Kangaroo Valley to Capital (3W), avoid voltage collapse around Murray for loss of all APD potlines",Voltage Stability,True,Z includes unsupported non-energy/region terms if present; not assumed zero
VNI-upper-20260714T1430,N^^N_NIL_WGLT,N^^N_NIL_WGLT|2026-07-04|1,0.376 * F_VIC_to_NSW +0.81 * P[NAL11C] +0.846 * P[NAL12M] +0.202 * P[NBA21B] +0.202 * P[NBB21B] +0.54 * P[NBK11B] +0.54 * P[NBKB3B] +0.54 * P[NBKW1S] +0.698 * P[NBL21L] +0.602 * P[NBLW8] +0.698 * P[NBSF1L] +0.698 * P[NBSF2S] +0.994 * P[NCLS1C] +0.812 * P[NCRN1C] +1 * P[NDNH1H] +1 * P[NDNS1D] +0.898 * P[NFNS1F] +0.756 * P[NHUM] +0.736 * P[NJDA1G] +0.698 * P[NLMB1L] -0.291 * P[NMUR8] +0.985 * P[NNRN1A] +1 * P[NRB23R] +1 * P[NRBB3R] +1 * P[NRDP3D] +0.972 * P[NURQ1U] +0.972 * P[NURQ2U] +0.972 * P[NURQ3U] +0.972 * P[NURQ4U] +0.939 * P[NWGG1W] +0.939 * P[NWGJ1J] +0.939 * P[NWGJ2S] +0.939 * P[NWGJ3W] +0.939 * P[NWGJ4W] +0.939 * P[NWGS1B] +0.793 * P[NWL21W] +0.793 * P[NWLA1W] +0.216 * P[NYS12A] +0.156 * P[VRCS1K] +0.156 * P[VRCS2Y] -0.156 * F[V-S-MNSP1] + Z_unrepresented <= RHS(t),"Out=Nil, limit Wagga to Lower Tumut (051) 330kV line flow to avoid voltage collapse post contingency trip of line 051, Feedback",Voltage Stability,True,Z includes unsupported non-energy/region terms if present; not assumed zero
VNI-upper-20260722T2335,V::N_NIL_V2,V::N_NIL_V2|2026-07-04|1,1 * F_VIC_to_NSW -0.786 * P[NMUR8] -0.432 * P[VART1A] -0.432 * P[VBA23B] -0.432 * P[VBAW1Y] -0.432 * P[VBBT1B] -0.432 * P[VBBT2B] -0.432 * P[VBGT1B] -0.432 * P[VBGT4B] -0.432 * P[VCB33R] -0.432 * P[VCWL1C] -0.896 * P[VDPS] -0.432 * P[VELT1M] -0.432 * P[VELT2M] -0.432 * P[VELT3E] -0.432 * P[VGN21G] -0.432 * P[VGN61M] -0.432 * P[VGNS1G] -0.432 * P[VGNS2W] -0.432 * P[VGTW1M] -0.432 * P[VHOG1K] -0.432 * P[VHW23H] -0.432 * P[VKGB3G] -0.432 * P[VKGP1K] -0.432 * P[VKGS1G] -0.432 * P[VKGS2C] -0.432 * P[VKMT1K] -0.432 * P[VKOT1K] -0.896 * P[VMKP1] -0.432 * P[VMLB3V] -0.432 * P[VMRT1M] -0.432 * P[VMRT2M] -0.432 * P[VMWT12] -0.432 * P[VMWT9B] -0.432 * P[VRCS1K] -0.432 * P[VRCS2Y] -0.432 * P[VSHS1N] -0.432 * P[VSHS2G] -0.432 * P[VSHS2W] -0.432 * P[VSHS3L] -0.432 * P[VSM71C] -0.432 * P[VTB21M] -0.432 * P[VTG21M] -0.432 * P[VTG31T] -0.432 * P[VTG61S] -0.432 * P[VTGT3A] -0.432 * P[VTR11H] -0.432 * P[VTR31R] -0.432 * P[VTRT1M] -0.432 * P[VWES1B] -0.432 * P[VWES2W] -0.896 * P[VWKP1] -0.36 * P[VYP22] -0.36 * P[VYP23] -0.36 * P[VYP24] -0.398 * F[T-V-MNSP1] +0.492 * F[V-S-MNSP1] +0.478 * F[V-SA] + Z_unrepresented <= RHS(t),"Out = NIL, prevent transient instability for fault and trip of a HWTS-SMTS 500 kV line, VIC accelerates. Yallourn W G1 on 500kV.",Transient Stability,True,Z includes unsupported non-energy/region terms if present; not assumed zero
VNI-upper-20260801T1320,N^^N_NIL_WGLT,N^^N_NIL_WGLT|2026-07-04|1,0.376 * F_VIC_to_NSW +0.81 * P[NAL11C] +0.846 * P[NAL12M] +0.202 * P[NBA21B] +0.202 * P[NBB21B] +0.54 * P[NBK11B] +0.54 * P[NBKB3B] +0.54 * P[NBKW1S] +0.698 * P[NBL21L] +0.602 * P[NBLW8] +0.698 * P[NBSF1L] +0.698 * P[NBSF2S] +0.994 * P[NCLS1C] +0.812 * P[NCRN1C] +1 * P[NDNH1H] +1 * P[NDNS1D] +0.898 * P[NFNS1F] +0.756 * P[NHUM] +0.736 * P[NJDA1G] +0.698 * P[NLMB1L] -0.291 * P[NMUR8] +0.985 * P[NNRN1A] +1 * P[NRB23R] +1 * P[NRBB3R] +1 * P[NRDP3D] +0.972 * P[NURQ1U] +0.972 * P[NURQ2U] +0.972 * P[NURQ3U] +0.972 * P[NURQ4U] +0.939 * P[NWGG1W] +0.939 * P[NWGJ1J] +0.939 * P[NWGJ2S] +0.939 * P[NWGJ3W] +0.939 * P[NWGJ4W] +0.939 * P[NWGS1B] +0.793 * P[NWL21W] +0.793 * P[NWLA1W] +0.216 * P[NYS12A] +0.156 * P[VRCS1K] +0.156 * P[VRCS2Y] -0.156 * F[V-S-MNSP1] + Z_unrepresented <= RHS(t),"Out=Nil, limit Wagga to Lower Tumut (051) 330kV line flow to avoid voltage collapse post contingency trip of line 051, Feedback",Voltage Stability,True,Z includes unsupported non-energy/region terms if present; not assumed zero
