time,REGIONID,coal_target_mw,coal_initial_mw,coal_available_mw,online_units_proxy,not_generating_units_proxy,unknown_units,observed_units,online_registered_mw_proxy,not_generating_registered_mw_proxy,capacity_covered_units,expected_units,missing_units,not_generating_is_not_verified_outage
2024-09-04 15:15:00,VIC1,2435.25,2458.72817,4471.0,9,1,0,10,4330.0,360.0,10,10,0,True
2024-09-04 15:20:00,VIC1,2436.375,2435.89685,4471.0,9,1,0,10,4330.0,360.0,10,10,0,True
2024-09-04 15:25:00,VIC1,2436.0,2458.66298,4471.0,9,1,0,10,4330.0,360.0,10,10,0,True
2024-09-04 15:30:00,VIC1,2484.8125,2419.8927400000002,4471.0,9,1,0,10,4330.0,360.0,10,10,0,True
2024-09-04 15:35:00,VIC1,2449.63141,2472.66171,4471.0,9,1,0,10,4330.0,360.0,10,10,0,True
2024-09-04 15:40:00,VIC1,2485.0,2431.7063399999997,4471.0,9,1,0,10,4330.0,360.0,10,10,0,True
2024-09-04 15:45:00,VIC1,2542.85658,2520.86615,4471.0,9,1,0,10,4330.0,360.0,10,10,0,True
2024-09-04 15:50:00,VIC1,2635.40625,2550.71044,4471.0,9,1,0,10,4330.0,360.0,10,10,0,True
2024-09-04 15:55:00,VIC1,2672.85505,2612.27786,4471.0,9,1,0,10,4330.0,360.0,10,10,0,True
2024-09-04 16:00:00,VIC1,2725.0,2649.6117,4471.0,9,1,0,10,4330.0,360.0,10,10,0,True
2024-09-04 16:05:00,VIC1,2805.0,2703.02344,4471.0,9,1,0,10,4330.0,360.0,10,10,0,True
2024-09-04 16:10:00,VIC1,2855.0,2757.78386,4471.0,9,1,0,10,4330.0,360.0,10,10,0,True
2024-09-04 16:15:00,VIC1,2916.0,2846.24018,4471.0,9,1,0,10,4330.0,360.0,10,10,0,True
2024-09-04 16:20:00,VIC1,2945.0,2887.06139,4471.0,9,1,0,10,4330.0,360.0,10,10,0,True
2024-09-04 16:25:00,VIC1,2975.0,2969.87281,4471.0,9,1,0,10,4330.0,360.0,10,10,0,True
2024-09-04 16:30:00,VIC1,3080.34375,2995.819,4471.0,9,1,0,10,4330.0,360.0,10,10,0,True
2024-09-04 16:35:00,VIC1,3218.0265,3061.46993,4471.0,9,1,0,10,4330.0,360.0,10,10,0,True
2024-09-04 16:40:00,VIC1,3311.43544,3227.37975,4471.0,9,1,0,10,4330.0,360.0,10,10,0,True
2024-09-04 16:45:00,VIC1,3331.05696,3252.77025,4471.0,9,1,0,10,4330.0,360.0,10,10,0,True
2024-09-04 16:50:00,VIC1,3389.44431,3296.12784,4471.0,9,1,0,10,4330.0,360.0,10,10,0,True
2024-09-04 16:55:00,VIC1,3442.6898,3363.84272,4471.0,9,1,0,10,4330.0,360.0,10,10,0,True
2024-09-04 17:00:00,VIC1,3477.57842,3402.73009,4471.0,9,1,0,10,4330.0,360.0,10,10,0,True
2024-09-04 17:05:00,VIC1,3599.31383,3488.21993,4471.0,9,1,0,10,4330.0,360.0,10,10,0,True
2024-09-04 17:10:00,VIC1,3677.82888,3566.92184,4471.0,9,1,0,10,4330.0,360.0,10,10,0,True
2024-09-04 17:15:00,VIC1,3837.15189,3645.45917,4471.0,9,1,0,10,4330.0,360.0,10,10,0,True
2024-09-04 17:20:00,VIC1,3932.16077,3813.2142400000002,4471.0,9,1,0,10,4330.0,360.0,10,10,0,True
2024-09-04 17:25:00,VIC1,3885.71832,3907.5588399999997,4471.0,9,1,0,10,4330.0,360.0,10,10,0,True
2024-09-04 17:30:00,VIC1,3851.26939,3865.83606,4471.0,9,1,0,10,4330.0,360.0,10,10,0,True
2024-09-04 17:35:00,VIC1,3856.06565,3860.31486,4471.0,9,1,0,10,4330.0,360.0,10,10,0,True
2024-09-04 17:40:00,VIC1,3877.35048,3790.68039,4471.0,9,1,0,10,4330.0,360.0,10,10,0,True
2024-09-04 17:45:00,VIC1,4003.00378,3881.43924,4471.0,9,1,0,10,4330.0,360.0,10,10,0,True
2024-09-04 17:50:00,VIC1,3947.26379,3986.76645,4471.0,9,1,0,10,4330.0,360.0,10,10,0,True
2024-09-04 17:55:00,VIC1,4032.00507,3925.37406,4471.0,9,1,0,10,4330.0,360.0,10,10,0,True
2024-09-04 18:00:00,VIC1,4012.17911,3984.09774,4471.0,9,1,0,10,4330.0,360.0,10,10,0,True
2024-09-04 18:05:00,VIC1,4040.79347,4019.0604599999997,4471.0,9,1,0,10,4330.0,360.0,10,10,0,True
2024-09-04 18:10:00,VIC1,3978.82153,3990.49432,4471.0,9,1,0,10,4330.0,360.0,10,10,0,True
2024-09-04 18:15:00,VIC1,3988.41898,3955.91138,4471.0,9,1,0,10,4330.0,360.0,10,10,0,True
2024-09-04 18:20:00,VIC1,3997.16962,3976.86899,4471.0,9,1,0,10,4330.0,360.0,10,10,0,True
2024-09-04 18:25:00,VIC1,4019.2457,4032.5845,4471.0,9,1,0,10,4330.0,360.0,10,10,0,True
2024-09-04 18:30:00,VIC1,4090.0,4033.09524,4471.0,9,1,0,10,4330.0,360.0,10,10,0,True
2024-09-04 18:35:00,VIC1,4010.0,4056.7149,4471.0,9,1,0,10,4330.0,360.0,10,10,0,True
2024-09-04 18:40:00,VIC1,4002.98032,4003.87088,4471.0,9,1,0,10,4330.0,360.0,10,10,0,True
2024-09-04 18:45:00,VIC1,3951.3069,4015.74493,4471.0,9,1,0,10,4330.0,360.0,10,10,0,True
2024-09-04 18:50:00,VIC1,3950.24622,3947.375,4471.0,9,1,0,10,4330.0,360.0,10,10,0,True
2024-09-04 18:55:00,VIC1,4010.0,3953.7826,4471.0,9,1,0,10,4330.0,360.0,10,10,0,True
2024-09-04 19:00:00,VIC1,3963.8334999999997,4018.47058,4471.0,9,1,0,10,4330.0,360.0,10,10,0,True
2024-09-04 19:05:00,VIC1,3974.6312,3942.21994,4471.0,9,1,0,10,4330.0,360.0,10,10,0,True
2024-09-04 19:10:00,VIC1,3985.71899,3987.27245,4471.0,9,1,0,10,4330.0,360.0,10,10,0,True
2024-09-04 19:15:00,VIC1,3907.98828,3988.94015,4471.0,9,1,0,10,4330.0,360.0,10,10,0,True
2024-09-06 07:55:00,VIC1,2709.625,2689.40476,4461.0,9,1,0,10,4330.0,360.0,10,10,0,True
2024-09-06 08:00:00,VIC1,2748.25,2695.20315,4461.0,9,1,0,10,4330.0,360.0,10,10,0,True
2024-09-06 08:05:00,VIC1,2705.71875,2792.5674,4461.0,9,1,0,10,4330.0,360.0,10,10,0,True
2024-09-06 08:10:00,VIC1,2658.375,2725.82121,4461.0,9,1,0,10,4330.0,360.0,10,10,0,True
2024-09-06 08:15:00,VIC1,2619.75,2703.71456,4461.0,9,1,0,10,4330.0,360.0,10,10,0,True
2024-09-06 08:20:00,VIC1,2520.375,2606.8787899999998,4461.0,9,1,0,10,4330.0,360.0,10,10,0,True
2024-09-06 08:25:00,VIC1,2441.78125,2538.60855,4461.0,9,1,0,10,4330.0,360.0,10,10,0,True
2024-09-06 08:30:00,VIC1,2392.96875,2530.46583,4461.0,9,1,0,10,4330.0,360.0,10,10,0,True
2024-09-06 08:35:00,VIC1,2299.7690000000002,2420.69051,4461.0,9,1,0,10,4330.0,360.0,10,10,0,True
2024-09-06 08:40:00,VIC1,2274.40506,2364.7155199999997,4461.0,9,1,0,10,4330.0,360.0,10,10,0,True
2024-09-06 08:45:00,VIC1,2265.87563,2301.1234,4461.0,9,1,0,10,4330.0,360.0,10,10,0,True
2024-09-06 08:50:00,VIC1,2265.125,2320.63702,4461.0,9,1,0,10,4330.0,360.0,10,10,0,True
2024-09-06 08:55:00,VIC1,2265.125,2319.92596,4461.0,9,1,0,10,4330.0,360.0,10,10,0,True
2024-09-06 09:00:00,VIC1,2265.0,2267.81993,4461.0,9,1,0,10,4330.0,360.0,10,10,0,True
2024-09-06 09:05:00,VIC1,2282.44519,2348.80189,4461.0,9,1,0,10,4330.0,360.0,10,10,0,True
2024-09-06 09:10:00,VIC1,2266.125,2290.63989,4461.0,9,1,0,10,4330.0,360.0,10,10,0,True
2024-09-06 09:15:00,VIC1,2265.5,2287.40061,4461.0,9,1,0,10,4330.0,360.0,10,10,0,True
2024-09-06 09:20:00,VIC1,2265.0,2261.2538,4461.0,9,1,0,10,4330.0,360.0,10,10,0,True
2024-09-06 09:25:00,VIC1,2265.0,2263.37974,4461.0,9,1,0,10,4330.0,360.0,10,10,0,True
2024-09-06 09:30:00,VIC1,2265.5,2265.53197,4465.0,9,1,0,10,4330.0,360.0,10,10,0,True
2024-09-06 09:35:00,VIC1,2265.125,2272.45316,4465.0,9,1,0,10,4330.0,360.0,10,10,0,True
2024-09-06 09:40:00,VIC1,2265.125,2260.76867,4465.0,9,1,0,10,4330.0,360.0,10,10,0,True
2024-09-06 09:45:00,VIC1,2265.5,2288.77469,4465.0,9,1,0,10,4330.0,360.0,10,10,0,True
2024-09-06 09:50:00,VIC1,2280.98656,2284.57501,4465.0,9,1,0,10,4330.0,360.0,10,10,0,True
2024-09-06 09:55:00,VIC1,2294.65855,2327.06992,4465.0,9,1,0,10,4330.0,360.0,10,10,0,True
2024-09-06 10:00:00,VIC1,2266.125,2274.53955,4465.0,9,1,0,10,4330.0,360.0,10,10,0,True
2024-09-06 10:05:00,VIC1,2298.125,2290.20125,4465.0,9,1,0,10,4330.0,360.0,10,10,0,True
2024-09-06 10:10:00,VIC1,2281.99139,2285.22217,4465.0,9,1,0,10,4330.0,360.0,10,10,0,True
2024-09-06 10:15:00,VIC1,2265.5,2286.93988,4465.0,9,1,0,10,4330.0,360.0,10,10,0,True
2024-09-06 10:20:00,VIC1,2265.0,2270.25666,4465.0,9,1,0,10,4330.0,360.0,10,10,0,True
2024-09-06 10:25:00,VIC1,2267.37545,2291.2449500000002,4465.0,9,1,0,10,4330.0,360.0,10,10,0,True
2024-09-06 10:30:00,VIC1,2265.125,2257.9997,4465.0,9,1,0,10,4330.0,360.0,10,10,0,True
2024-09-06 10:35:00,VIC1,2265.125,2287.62659,4465.0,9,1,0,10,4330.0,360.0,10,10,0,True
2024-09-06 10:40:00,VIC1,2289.125,2301.24781,4465.0,9,1,0,10,4330.0,360.0,10,10,0,True
2024-09-06 10:45:00,VIC1,2299.125,2277.8588600000003,4465.0,9,1,0,10,4330.0,360.0,10,10,0,True
2024-09-06 10:50:00,VIC1,2276.125,2290.61805,4465.0,9,1,0,10,4330.0,360.0,10,10,0,True
2024-09-06 10:55:00,VIC1,2265.125,2295.28545,4465.0,9,1,0,10,4330.0,360.0,10,10,0,True
2024-09-06 11:00:00,VIC1,2265.5,2282.3522199999998,4465.0,9,1,0,10,4330.0,360.0,10,10,0,True
2024-09-06 11:05:00,VIC1,2265.125,2258.21612,4465.0,9,1,0,10,4330.0,360.0,10,10,0,True
2024-09-06 11:10:00,VIC1,2265.125,2247.1810100000002,4465.0,9,1,0,10,4330.0,360.0,10,10,0,True
2024-09-06 11:15:00,VIC1,2265.5,2266.05855,4465.0,9,1,0,10,4330.0,360.0,10,10,0,True
2024-09-06 11:20:00,VIC1,2265.125,2271.81549,4465.0,9,1,0,10,4330.0,360.0,10,10,0,True
2024-09-06 11:25:00,VIC1,2265.5,2259.60093,4465.0,9,1,0,10,4330.0,360.0,10,10,0,True
2024-09-06 11:30:00,VIC1,2265.0,2271.32911,4465.0,9,1,0,10,4330.0,360.0,10,10,0,True
2024-09-06 11:35:00,VIC1,2285.125,2265.26836,4465.0,9,1,0,10,4330.0,360.0,10,10,0,True
2024-09-06 11:40:00,VIC1,2295.125,2271.25444,4465.0,9,1,0,10,4330.0,360.0,10,10,0,True
2024-09-06 11:45:00,VIC1,2276.0,2302.76834,4465.0,9,1,0,10,4330.0,360.0,10,10,0,True
2024-09-06 11:50:00,VIC1,2309.575,2305.76993,4465.0,9,1,0,10,4330.0,360.0,10,10,0,True
2024-09-06 11:55:00,VIC1,2321.125,2298.05062,4465.0,9,1,0,10,4330.0,360.0,10,10,0,True
2024-09-11 16:00:00,VIC1,3696.47068,3558.21201,4678.0,10,0,0,10,4690.0,0.0,10,10,0,True
2024-09-11 16:05:00,VIC1,3742.40183,3665.17692,4678.0,10,0,0,10,4690.0,0.0,10,10,0,True
2024-09-11 16:10:00,VIC1,3529.88861,3695.62944,4678.0,10,0,0,10,4690.0,0.0,10,10,0,True
2024-09-11 16:15:00,VIC1,3686.24661,3596.91772,4678.0,10,0,0,10,4690.0,0.0,10,10,0,True
2024-09-11 16:20:00,VIC1,3824.43039,3639.4712099999997,4678.0,10,0,0,10,4690.0,0.0,10,10,0,True
2024-09-11 16:25:00,VIC1,3880.71332,3814.40221,4678.0,10,0,0,10,4690.0,0.0,10,10,0,True
2024-09-11 16:30:00,VIC1,3891.14657,3812.29908,4678.0,10,0,0,10,4690.0,0.0,10,10,0,True
2024-09-11 16:35:00,VIC1,3836.48335,3855.09589,4678.0,10,0,0,10,4690.0,0.0,10,10,0,True
2024-09-11 16:40:00,VIC1,3776.93698,3795.33576,4678.0,10,0,0,10,4690.0,0.0,10,10,0,True
2024-09-11 16:45:00,VIC1,3575.5461999999998,3747.92818,4678.0,10,0,0,10,4690.0,0.0,10,10,0,True
2024-09-11 16:50:00,VIC1,3470.0,3570.88733,4678.0,10,0,0,10,4690.0,0.0,10,10,0,True
2024-09-11 16:55:00,VIC1,3539.79818,3493.22973,4678.0,10,0,0,10,4690.0,0.0,10,10,0,True
2024-09-11 17:00:00,VIC1,3592.49902,3585.20255,4678.0,10,0,0,10,4690.0,0.0,10,10,0,True
2024-09-11 17:05:00,VIC1,3545.07313,3569.49968,4678.0,10,0,0,10,4690.0,0.0,10,10,0,True
2024-09-11 17:10:00,VIC1,3608.07221,3549.85224,4678.0,10,0,0,10,4690.0,0.0,10,10,0,True
2024-09-11 17:15:00,VIC1,3765.54126,3676.49177,4678.0,10,0,0,10,4690.0,0.0,10,10,0,True
2024-09-11 17:20:00,VIC1,3899.6316500000003,3714.56268,4678.0,10,0,0,10,4690.0,0.0,10,10,0,True
2024-09-11 17:25:00,VIC1,3956.70154,3873.4519099999998,4678.0,10,0,0,10,4690.0,0.0,10,10,0,True
2024-09-11 17:30:00,VIC1,4009.51748,3948.2790999999997,4678.0,10,0,0,10,4690.0,0.0,10,10,0,True
2024-09-11 17:35:00,VIC1,4074.0848699999997,4003.48071,4678.0,10,0,0,10,4690.0,0.0,10,10,0,True
2024-09-11 17:40:00,VIC1,4084.90378,4036.39525,4678.0,10,0,0,10,4690.0,0.0,10,10,0,True
2024-09-11 17:45:00,VIC1,4259.27406,4064.68323,4678.0,10,0,0,10,4690.0,0.0,10,10,0,True
2024-09-11 17:50:00,VIC1,4350.0304,4212.50003,4678.0,10,0,0,10,4690.0,0.0,10,10,0,True
2024-09-11 17:55:00,VIC1,4381.79958,4352.49622,4678.0,10,0,0,10,4690.0,0.0,10,10,0,True
2024-09-11 18:00:00,VIC1,4556.16962,4366.81171,4678.0,10,0,0,10,4690.0,0.0,10,10,0,True
2024-09-11 18:05:00,VIC1,4652.0,4552.21456,4678.0,10,0,0,10,4690.0,0.0,10,10,0,True
2024-09-11 18:10:00,VIC1,4628.80572,4616.00347,4678.0,10,0,0,10,4690.0,0.0,10,10,0,True
2024-09-11 18:15:00,VIC1,4666.0,4628.15221,4678.0,10,0,0,10,4690.0,0.0,10,10,0,True
2024-09-11 18:20:00,VIC1,4666.0,4646.83036,4678.0,10,0,0,10,4690.0,0.0,10,10,0,True
2024-09-11 18:25:00,VIC1,4654.42191,4658.31867,4658.0,10,0,0,10,4690.0,0.0,10,10,0,True
2024-09-11 18:30:00,VIC1,4652.0,4645.47503,4658.0,10,0,0,10,4690.0,0.0,10,10,0,True
2024-09-11 18:35:00,VIC1,4652.0,4642.89495,4658.0,10,0,0,10,4690.0,0.0,10,10,0,True
2024-09-11 18:40:00,VIC1,4652.0,4615.69777,4658.0,10,0,0,10,4690.0,0.0,10,10,0,True
2024-09-11 18:45:00,VIC1,4652.0,4641.8953,4658.0,10,0,0,10,4690.0,0.0,10,10,0,True
2024-09-11 18:50:00,VIC1,4652.0,4657.59462,4658.0,10,0,0,10,4690.0,0.0,10,10,0,True
2024-09-11 18:55:00,VIC1,4652.0,4636.60946,4658.0,10,0,0,10,4690.0,0.0,10,10,0,True
2024-09-11 19:00:00,VIC1,4652.0,4629.59462,4658.0,10,0,0,10,4690.0,0.0,10,10,0,True
2024-09-11 19:05:00,VIC1,4652.0,4636.17974,4658.0,10,0,0,10,4690.0,0.0,10,10,0,True
2024-09-11 19:10:00,VIC1,4652.0,4606.560750000001,4658.0,10,0,0,10,4690.0,0.0,10,10,0,True
2024-09-11 19:15:00,VIC1,4639.80426,4643.0369900000005,4618.0,10,0,0,10,4690.0,0.0,10,10,0,True
2024-09-11 19:20:00,VIC1,4624.56329,4640.11073,4618.0,10,0,0,10,4690.0,0.0,10,10,0,True
2024-09-11 19:25:00,VIC1,4618.0,4616.13923,4618.0,10,0,0,10,4690.0,0.0,10,10,0,True
2024-09-11 19:30:00,VIC1,4618.0,4590.34368,4618.0,10,0,0,10,4690.0,0.0,10,10,0,True
2024-09-11 19:35:00,VIC1,4570.52786,4588.2228,4558.0,10,0,0,10,4690.0,0.0,10,10,0,True
2024-09-11 19:40:00,VIC1,4558.0,4547.58609,4558.0,10,0,0,10,4690.0,0.0,10,10,0,True
2024-09-11 19:45:00,VIC1,4558.0,4569.74713,4558.0,10,0,0,10,4690.0,0.0,10,10,0,True
2024-09-11 19:50:00,VIC1,4540.60632,4556.30979,4528.0,10,0,0,10,4690.0,0.0,10,10,0,True
2024-09-11 19:55:00,VIC1,4528.0,4538.23862,4528.0,10,0,0,10,4690.0,0.0,10,10,0,True
2024-09-11 20:00:00,VIC1,4528.0,4521.10222,4528.0,10,0,0,10,4690.0,0.0,10,10,0,True
2024-09-13 21:00:00,VIC1,4767.0,4751.87307,4767.0,10,0,0,10,4690.0,0.0,10,10,0,True
2024-09-13 21:05:00,VIC1,4767.0,4747.30982,4767.0,10,0,0,10,4690.0,0.0,10,10,0,True
2024-09-13 21:10:00,VIC1,4767.0,4767.35666,4767.0,10,0,0,10,4690.0,0.0,10,10,0,True
2024-09-13 21:15:00,VIC1,4761.0,4725.40855,4767.0,10,0,0,10,4690.0,0.0,10,10,0,True
2024-09-13 21:20:00,VIC1,4767.0,4761.65601,4767.0,10,0,0,10,4690.0,0.0,10,10,0,True
2024-09-13 21:25:00,VIC1,4767.0,4752.03762,4767.0,10,0,0,10,4690.0,0.0,10,10,0,True
2024-09-13 21:30:00,VIC1,4767.0,4766.9446100000005,4767.0,10,0,0,10,4690.0,0.0,10,10,0,True
2024-09-13 21:35:00,VIC1,4767.0,4764.65979,4767.0,10,0,0,10,4690.0,0.0,10,10,0,True
2024-09-13 21:40:00,VIC1,4767.0,4777.76552,4767.0,10,0,0,10,4690.0,0.0,10,10,0,True
2024-09-13 21:45:00,VIC1,4767.0,4761.08957,4767.0,10,0,0,10,4690.0,0.0,10,10,0,True
2024-09-13 21:50:00,VIC1,4764.0,4723.35886,4767.0,10,0,0,10,4690.0,0.0,10,10,0,True
2024-09-13 21:55:00,VIC1,4767.0,4775.138,4767.0,10,0,0,10,4690.0,0.0,10,10,0,True
2024-09-13 22:00:00,VIC1,4767.0,4758.40381,4767.0,10,0,0,10,4690.0,0.0,10,10,0,True
2024-09-13 22:05:00,VIC1,4767.0,4747.66233,4767.0,10,0,0,10,4690.0,0.0,10,10,0,True
2024-09-13 22:10:00,VIC1,4767.0,4789.66584,4767.0,10,0,0,10,4690.0,0.0,10,10,0,True
2024-09-13 22:15:00,VIC1,4767.0,4756.11642,4767.0,10,0,0,10,4690.0,0.0,10,10,0,True
2024-09-13 22:20:00,VIC1,4767.0,4765.61643,4767.0,10,0,0,10,4690.0,0.0,10,10,0,True
2024-09-13 22:25:00,VIC1,4767.0,4758.18768,4767.0,10,0,0,10,4690.0,0.0,10,10,0,True
2024-09-13 22:30:00,VIC1,4767.0,4743.30127,4767.0,10,0,0,10,4690.0,0.0,10,10,0,True
2024-09-13 22:35:00,VIC1,4767.0,4778.82532,4767.0,10,0,0,10,4690.0,0.0,10,10,0,True
2024-09-13 22:40:00,VIC1,4767.0,4743.63199,4767.0,10,0,0,10,4690.0,0.0,10,10,0,True
2024-09-13 22:45:00,VIC1,4767.0,4761.33386,4767.0,10,0,0,10,4690.0,0.0,10,10,0,True
2024-09-13 22:50:00,VIC1,4767.0,4749.93796,4767.0,10,0,0,10,4690.0,0.0,10,10,0,True
2024-09-13 22:55:00,VIC1,4767.0,4750.05473,4767.0,10,0,0,10,4690.0,0.0,10,10,0,True
2024-09-13 23:00:00,VIC1,4767.0,4756.33832,4767.0,10,0,0,10,4690.0,0.0,10,10,0,True
2024-09-13 23:05:00,VIC1,4767.0,4738.93261,4767.0,10,0,0,10,4690.0,0.0,10,10,0,True
2024-09-13 23:10:00,VIC1,4767.0,4776.46329,4767.0,10,0,0,10,4690.0,0.0,10,10,0,True
2024-09-13 23:15:00,VIC1,4767.0,4779.85504,4767.0,10,0,0,10,4690.0,0.0,10,10,0,True
2024-09-13 23:20:00,VIC1,4767.0,4740.18512,4767.0,10,0,0,10,4690.0,0.0,10,10,0,True
2024-09-13 23:25:00,VIC1,4716.53008,4719.26614,4767.0,10,0,0,10,4690.0,0.0,10,10,0,True
2024-09-13 23:30:00,VIC1,4755.0,4700.57214,4767.0,10,0,0,10,4690.0,0.0,10,10,0,True
2024-09-13 23:35:00,VIC1,4650.5216,4752.33447,4767.0,10,0,0,10,4690.0,0.0,10,10,0,True
2024-09-13 23:40:00,VIC1,4655.77117,4671.4209,4767.0,10,0,0,10,4690.0,0.0,10,10,0,True
2024-09-13 23:45:00,VIC1,4700.44196,4674.69809,4767.0,10,0,0,10,4690.0,0.0,10,10,0,True
2024-09-13 23:50:00,VIC1,4636.461740000001,4665.36929,4767.0,10,0,0,10,4690.0,0.0,10,10,0,True
2024-09-13 23:55:00,VIC1,4658.78383,4656.54367,4767.0,10,0,0,10,4690.0,0.0,10,10,0,True
2024-09-14 00:00:00,VIC1,4653.0243,4715.6731,4767.0,10,0,0,10,4690.0,0.0,10,10,0,True
2024-09-14 00:05:00,VIC1,4584.26324,4674.1965,4767.0,10,0,0,10,4690.0,0.0,10,10,0,True
2024-09-14 00:10:00,VIC1,4525.61529,4585.18512,4767.0,10,0,0,10,4690.0,0.0,10,10,0,True
2024-09-14 00:15:00,VIC1,4580.72761,4570.21426,4767.0,10,0,0,10,4690.0,0.0,10,10,0,True
2024-09-14 00:20:00,VIC1,4453.513010000001,4553.43738,4767.0,10,0,0,10,4690.0,0.0,10,10,0,True
2024-09-14 00:25:00,VIC1,4433.12111,4446.26357,4767.0,10,0,0,10,4690.0,0.0,10,10,0,True
2024-09-14 00:30:00,VIC1,4441.4857,4451.01706,4767.0,10,0,0,10,4690.0,0.0,10,10,0,True
2024-09-14 00:35:00,VIC1,4422.24475,4418.15475,4767.0,10,0,0,10,4690.0,0.0,10,10,0,True
2024-09-14 00:40:00,VIC1,4486.50534,4453.86456,4767.0,10,0,0,10,4690.0,0.0,10,10,0,True
2024-09-14 00:45:00,VIC1,4560.0,4516.76172,4767.0,10,0,0,10,4690.0,0.0,10,10,0,True
2024-09-14 00:50:00,VIC1,4480.438990000001,4534.61014,4767.0,10,0,0,10,4690.0,0.0,10,10,0,True
2024-09-14 00:55:00,VIC1,4550.0520400000005,4539.38641,4767.0,10,0,0,10,4690.0,0.0,10,10,0,True
2024-09-14 01:00:00,VIC1,4560.0,4532.20221,4767.0,10,0,0,10,4690.0,0.0,10,10,0,True
2024-09-17 21:25:00,VIC1,4348.0,4360.50887,4413.0,9,1,0,10,4310.0,380.0,10,10,0,True
2024-09-17 21:30:00,VIC1,4348.0,4362.1803500000005,4413.0,9,1,0,10,4310.0,380.0,10,10,0,True
2024-09-17 21:35:00,VIC1,4401.34375,4357.13162,4413.0,9,1,0,10,4310.0,380.0,10,10,0,True
2024-09-17 21:40:00,VIC1,4407.0,4403.86835,4413.0,9,1,0,10,4310.0,380.0,10,10,0,True
2024-09-17 21:45:00,VIC1,4410.0,4417.11679,4413.0,9,1,0,10,4310.0,380.0,10,10,0,True
2024-09-17 21:50:00,VIC1,4410.0,4386.6458999999995,4413.0,9,1,0,10,4310.0,380.0,10,10,0,True
2024-09-17 21:55:00,VIC1,4410.0,4389.62089,4413.0,9,1,0,10,4310.0,380.0,10,10,0,True
2024-09-17 22:00:00,VIC1,4413.0,4408.99527,4413.0,9,1,0,10,4310.0,380.0,10,10,0,True
2024-09-17 22:05:00,VIC1,4413.0,4402.30191,4413.0,9,1,0,10,4310.0,380.0,10,10,0,True
2024-09-17 22:10:00,VIC1,4381.0,4397.1727900000005,4373.0,9,1,0,10,4310.0,380.0,10,10,0,True
2024-09-17 22:15:00,VIC1,4373.0,4391.3959,4373.0,9,1,0,10,4310.0,380.0,10,10,0,True
2024-09-17 22:20:00,VIC1,4373.0,4351.54114,4373.0,9,1,0,10,4310.0,380.0,10,10,0,True
2024-09-17 22:25:00,VIC1,4373.0,4355.76675,4373.0,9,1,0,10,4310.0,380.0,10,10,0,True
2024-09-17 22:30:00,VIC1,4373.0,4375.24622,4373.0,9,1,0,10,4310.0,380.0,10,10,0,True
2024-09-17 22:35:00,VIC1,4318.0,4354.79208,4373.0,9,1,0,10,4310.0,380.0,10,10,0,True
2024-09-17 22:40:00,VIC1,4318.0,4330.97122,4373.0,9,1,0,10,4310.0,380.0,10,10,0,True
2024-09-17 22:45:00,VIC1,4318.0,4299.29334,4373.0,9,1,0,10,4310.0,380.0,10,10,0,True
2024-09-17 22:50:00,VIC1,4318.0,4315.60886,4373.0,9,1,0,10,4310.0,380.0,10,10,0,True
2024-09-17 22:55:00,VIC1,4318.0,4300.86584,4373.0,9,1,0,10,4310.0,380.0,10,10,0,True
2024-09-17 23:00:00,VIC1,4318.0,4323.77657,4373.0,9,1,0,10,4310.0,380.0,10,10,0,True
2024-09-17 23:05:00,VIC1,4303.0,4336.34683,4373.0,9,1,0,10,4310.0,380.0,10,10,0,True
2024-09-17 23:10:00,VIC1,4303.0,4299.67752,4373.0,9,1,0,10,4310.0,380.0,10,10,0,True
2024-09-17 23:15:00,VIC1,4303.0,4302.9619999999995,4373.0,9,1,0,10,4310.0,380.0,10,10,0,True
2024-09-17 23:20:00,VIC1,4303.0,4280.14114,4373.0,9,1,0,10,4310.0,380.0,10,10,0,True
2024-09-17 23:25:00,VIC1,4295.9834900000005,4285.50821,4373.0,9,1,0,10,4310.0,380.0,10,10,0,True
2024-09-17 23:30:00,VIC1,4303.0,4312.76233,4373.0,9,1,0,10,4310.0,380.0,10,10,0,True
2024-09-17 23:35:00,VIC1,4241.86008,4296.34082,4373.0,9,1,0,10,4310.0,380.0,10,10,0,True
2024-09-17 23:40:00,VIC1,4175.35603,4247.79965,4373.0,9,1,0,10,4310.0,380.0,10,10,0,True
2024-09-17 23:45:00,VIC1,4178.74882,4184.9345,4373.0,9,1,0,10,4310.0,380.0,10,10,0,True
2024-09-17 23:50:00,VIC1,4103.1998,4151.79369,4373.0,9,1,0,10,4310.0,380.0,10,10,0,True
2024-09-17 23:55:00,VIC1,4022.4299499999997,4087.43069,4373.0,9,1,0,10,4310.0,380.0,10,10,0,True
2024-09-18 00:00:00,VIC1,4007.37246,4002.7497,4373.0,9,1,0,10,4310.0,380.0,10,10,0,True
2024-09-18 00:05:00,VIC1,4042.04809,3990.83637,4373.0,9,1,0,10,4310.0,380.0,10,10,0,True
2024-09-18 00:10:00,VIC1,3888.67889,4074.27057,4373.0,9,1,0,10,4310.0,380.0,10,10,0,True
2024-09-18 00:15:00,VIC1,3864.40481,3909.24933,4373.0,9,1,0,10,4310.0,380.0,10,10,0,True
2024-09-18 00:20:00,VIC1,3992.70044,3874.8370400000003,4373.0,9,1,0,10,4310.0,380.0,10,10,0,True
2024-09-18 00:25:00,VIC1,3949.75556,3998.33988,4373.0,9,1,0,10,4310.0,380.0,10,10,0,True
2024-09-18 00:30:00,VIC1,3908.21133,3962.06012,4373.0,9,1,0,10,4310.0,380.0,10,10,0,True
2024-09-18 00:35:00,VIC1,3896.7988,3884.91705,4373.0,9,1,0,10,4310.0,380.0,10,10,0,True
2024-09-18 00:40:00,VIC1,3924.77911,3956.50064,4373.0,9,1,0,10,4310.0,380.0,10,10,0,True
2024-09-18 00:45:00,VIC1,3956.46525,3931.0161399999997,4373.0,9,1,0,10,4310.0,380.0,10,10,0,True
2024-09-18 00:50:00,VIC1,3964.66505,3979.2756,4373.0,9,1,0,10,4310.0,380.0,10,10,0,True
2024-09-18 00:55:00,VIC1,3986.86518,3951.17594,4373.0,9,1,0,10,4310.0,380.0,10,10,0,True
2024-09-18 01:00:00,VIC1,3807.3432199999997,3982.51739,4373.0,9,1,0,10,4310.0,380.0,10,10,0,True
2024-09-18 01:05:00,VIC1,3921.99188,3834.4930400000003,4373.0,9,1,0,10,4310.0,380.0,10,10,0,True
2024-09-18 01:10:00,VIC1,3888.1550500000003,3884.92312,4373.0,9,1,0,10,4310.0,380.0,10,10,0,True
2024-09-18 01:15:00,VIC1,3773.65142,3855.9136,4373.0,9,1,0,10,4310.0,380.0,10,10,0,True
2024-09-18 01:20:00,VIC1,3808.63917,3798.6731,4373.0,9,1,0,10,4310.0,380.0,10,10,0,True
2024-09-18 01:25:00,VIC1,3954.70408,3804.60221,4373.0,9,1,0,10,4310.0,380.0,10,10,0,True
2024-10-15 06:00:00,VIC1,2520.83923,2604.306,3325.0,7,3,0,10,3240.0,1450.0,10,10,0,True
2024-10-15 06:05:00,VIC1,2508.82225,2501.80634,3325.0,7,3,0,10,3240.0,1450.0,10,10,0,True
2024-10-15 06:10:00,VIC1,2500.80514,2572.90792,3325.0,7,3,0,10,3240.0,1450.0,10,10,0,True
2024-10-15 06:15:00,VIC1,2490.0,2522.0303599999997,3325.0,7,3,0,10,3240.0,1450.0,10,10,0,True
2024-10-15 06:20:00,VIC1,2490.0,2494.88134,3325.0,7,3,0,10,3240.0,1450.0,10,10,0,True
2024-10-15 06:25:00,VIC1,2490.0,2520.65506,3325.0,7,3,0,10,3240.0,1450.0,10,10,0,True
2024-10-15 06:30:00,VIC1,2552.53775,2536.60538,3325.0,7,3,0,10,3240.0,1450.0,10,10,0,True
2024-10-15 06:35:00,VIC1,2530.0,2574.67181,3325.0,7,3,0,10,3240.0,1450.0,10,10,0,True
2024-10-15 06:40:00,VIC1,2697.8143,2522.6657999999998,3325.0,7,3,0,10,3240.0,1450.0,10,10,0,True
2024-10-15 06:45:00,VIC1,2819.60056,2666.63199,3325.0,7,3,0,10,3240.0,1450.0,10,10,0,True
2024-10-15 06:50:00,VIC1,2881.9632300000003,2790.12534,3325.0,7,3,0,10,3240.0,1450.0,10,10,0,True
2024-10-15 06:55:00,VIC1,2955.69843,2880.7924199999998,3325.0,7,3,0,10,3240.0,1450.0,10,10,0,True
2024-10-15 07:00:00,VIC1,2987.0,2927.16962,3325.0,7,3,0,10,3240.0,1450.0,10,10,0,True
2024-10-15 07:05:00,VIC1,3006.0,2939.09622,3325.0,7,3,0,10,3240.0,1450.0,10,10,0,True
2024-10-15 07:10:00,VIC1,2786.27271,2953.18039,3325.0,7,3,0,10,3240.0,1450.0,10,10,0,True
2024-10-15 07:15:00,VIC1,2670.0235000000002,2815.74494,3325.0,7,3,0,10,3240.0,1450.0,10,10,0,True
2024-10-15 07:20:00,VIC1,2599.6860699999997,2677.77247,3325.0,7,3,0,10,3240.0,1450.0,10,10,0,True
2024-10-15 07:25:00,VIC1,2565.0,2626.44049,3351.0,7,3,0,10,3240.0,1450.0,10,10,0,True
2024-10-15 07:30:00,VIC1,2530.0,2559.30792,3351.0,7,3,0,10,3240.0,1450.0,10,10,0,True
2024-10-15 07:35:00,VIC1,2826.47089,2666.97089,3351.0,7,3,0,10,3240.0,1450.0,10,10,0,True
2024-10-15 07:40:00,VIC1,2759.66881,2722.21866,3351.0,7,3,0,10,3240.0,1450.0,10,10,0,True
2024-10-15 07:45:00,VIC1,2913.6032999999998,2813.9157999999998,3351.0,7,3,0,10,3240.0,1450.0,10,10,0,True
2024-10-15 07:50:00,VIC1,2720.45964,2874.82724,3351.0,7,3,0,10,3240.0,1450.0,10,10,0,True
2024-10-15 07:55:00,VIC1,2823.49932,2785.1870200000003,3351.0,7,3,0,10,3240.0,1450.0,10,10,0,True
2024-10-15 08:00:00,VIC1,2788.11705,2825.07629,3351.0,7,3,0,10,3240.0,1450.0,10,10,0,True
2024-10-15 08:05:00,VIC1,2684.87792,2813.89016,3351.0,7,3,0,10,3240.0,1450.0,10,10,0,True
2024-10-15 08:10:00,VIC1,2575.71453,2733.05695,3351.0,7,3,0,10,3240.0,1450.0,10,10,0,True
2024-10-15 08:15:00,VIC1,2495.94684,2597.67594,3351.0,7,3,0,10,3240.0,1450.0,10,10,0,True
2024-10-15 08:20:00,VIC1,2435.16708,2485.01645,3351.0,7,3,0,10,3240.0,1450.0,10,10,0,True
2024-10-15 08:25:00,VIC1,2313.27904,2436.89999,3351.0,7,3,0,10,3240.0,1450.0,10,10,0,True
2024-10-15 08:30:00,VIC1,2315.0,2395.5589,3351.0,7,3,0,10,3240.0,1450.0,10,10,0,True
2024-10-15 08:35:00,VIC1,2266.59271,2304.71771,3351.0,7,3,0,10,3240.0,1450.0,10,10,0,True
2024-10-15 08:40:00,VIC1,2284.96866,2295.09399,3351.0,7,3,0,10,3240.0,1450.0,10,10,0,True
2024-10-15 08:45:00,VIC1,2172.17541,2280.67183,3351.0,7,3,0,10,3240.0,1450.0,10,10,0,True
2024-10-15 08:50:00,VIC1,2062.85698,2198.55034,3351.0,7,3,0,10,3240.0,1450.0,10,10,0,True
2024-10-15 08:55:00,VIC1,1958.24646,2067.62248,3351.0,7,3,0,10,3240.0,1450.0,10,10,0,True
2024-10-15 09:00:00,VIC1,1922.5253699999998,1982.93605,3351.0,7,3,0,10,3240.0,1450.0,10,10,0,True
2024-10-15 09:05:00,VIC1,1901.5399400000001,1927.32626,3351.0,7,3,0,10,3240.0,1450.0,10,10,0,True
2024-10-15 09:10:00,VIC1,1890.0633699999998,1924.08513,3351.0,7,3,0,10,3240.0,1450.0,10,10,0,True
2024-10-15 09:15:00,VIC1,1880.0,1921.14999,3351.0,7,3,0,10,3240.0,1450.0,10,10,0,True
2024-10-15 09:20:00,VIC1,1880.0,1926.969,3351.0,7,3,0,10,3240.0,1450.0,10,10,0,True
2024-10-15 09:25:00,VIC1,1880.0,1869.0452599999999,3351.0,7,3,0,10,3240.0,1450.0,10,10,0,True
2024-10-15 09:30:00,VIC1,1822.0,1861.1319600000002,3351.0,7,3,0,10,3240.0,1450.0,10,10,0,True
2024-10-15 09:35:00,VIC1,1860.0,1843.8098,3351.0,7,3,0,10,3240.0,1450.0,10,10,0,True
2024-10-15 09:40:00,VIC1,1860.0,1902.59968,3351.0,7,3,0,10,3240.0,1450.0,10,10,0,True
2024-10-15 09:45:00,VIC1,1831.0,1911.6402,3351.0,7,3,0,10,3240.0,1450.0,10,10,0,True
2024-10-15 09:50:00,VIC1,1831.0,1838.48323,3351.0,7,3,0,10,3240.0,1450.0,10,10,0,True
2024-10-15 09:55:00,VIC1,1861.0,1809.7028500000001,3351.0,7,3,0,10,3240.0,1450.0,10,10,0,True
2024-10-15 10:00:00,VIC1,1861.0,1833.15917,3351.0,7,3,0,10,3240.0,1450.0,10,10,0,True
2024-10-15 10:05:00,VIC1,1861.0,1871.43385,3351.0,7,3,0,10,3240.0,1450.0,10,10,0,True
2024-10-15 10:10:00,VIC1,1908.5532699999999,1871.8623400000001,3351.0,7,3,0,10,3240.0,1450.0,10,10,0,True
2024-10-15 10:15:00,VIC1,1861.0,1892.2984099999999,3351.0,7,3,0,10,3240.0,1450.0,10,10,0,True
2024-10-15 10:20:00,VIC1,1861.0,1861.19588,3351.0,7,3,0,10,3240.0,1450.0,10,10,0,True
2024-10-15 10:25:00,VIC1,1861.0,1873.48576,3351.0,7,3,0,10,3240.0,1450.0,10,10,0,True
2024-10-15 10:30:00,VIC1,1862.75258,1853.1117100000001,3351.0,7,3,0,10,3240.0,1450.0,10,10,0,True
2024-10-15 10:35:00,VIC1,1861.0,1844.6579000000002,3351.0,7,3,0,10,3240.0,1450.0,10,10,0,True
2024-10-15 10:40:00,VIC1,1840.875,1883.78955,3351.0,7,3,0,10,3240.0,1450.0,10,10,0,True
2024-10-15 10:45:00,VIC1,1840.875,1859.50062,3351.0,7,3,0,10,3240.0,1450.0,10,10,0,True
2024-10-15 10:50:00,VIC1,1840.0,1827.97501,3351.0,7,3,0,10,3240.0,1450.0,10,10,0,True
2024-10-15 10:55:00,VIC1,1840.0,1864.77942,3351.0,7,3,0,10,3240.0,1450.0,10,10,0,True
2024-10-15 11:00:00,VIC1,1840.0,1817.6085699999999,3351.0,7,3,0,10,3240.0,1450.0,10,10,0,True
2024-10-15 12:00:00,VIC1,1863.9823099999999,1865.65695,3351.0,7,3,0,10,3240.0,1450.0,10,10,0,True
2024-10-15 12:05:00,VIC1,1967.8125,1858.94272,3351.0,7,3,0,10,3240.0,1450.0,10,10,0,True
2024-10-15 12:10:00,VIC1,2038.5,1970.10791,3351.0,7,3,0,10,3240.0,1450.0,10,10,0,True
2024-10-15 12:15:00,VIC1,2030.473,1962.78796,3351.0,7,3,0,10,3240.0,1450.0,10,10,0,True
2024-10-15 12:20:00,VIC1,2155.1875,2013.76583,3351.0,7,3,0,10,3240.0,1450.0,10,10,0,True
2024-10-15 12:25:00,VIC1,2084.375,2142.4354399999997,3351.0,7,3,0,10,3240.0,1450.0,10,10,0,True
2024-10-15 12:30:00,VIC1,2154.2005799999997,2087.2769,3351.0,7,3,0,10,3240.0,1450.0,10,10,0,True
2024-10-15 12:35:00,VIC1,2112.75887,2133.91551,3351.0,7,3,0,10,3240.0,1450.0,10,10,0,True
2024-10-15 12:40:00,VIC1,2052.86266,2187.45887,3351.0,7,3,0,10,3240.0,1450.0,10,10,0,True
2024-10-15 12:45:00,VIC1,2022.12025,2066.58639,3351.0,7,3,0,10,3240.0,1450.0,10,10,0,True
2024-10-15 12:50:00,VIC1,1935.0223799999999,1997.58923,3351.0,7,3,0,10,3240.0,1450.0,10,10,0,True
2024-10-15 12:55:00,VIC1,1937.29747,2019.88449,3351.0,7,3,0,10,3240.0,1450.0,10,10,0,True
2024-10-15 13:00:00,VIC1,2027.52278,2003.54968,3351.0,7,3,0,10,3240.0,1450.0,10,10,0,True
2024-10-15 13:05:00,VIC1,2026.3936800000001,2028.29305,3351.0,7,3,0,10,3240.0,1450.0,10,10,0,True
2024-10-15 13:10:00,VIC1,2026.3936800000001,2057.46393,3351.0,7,3,0,10,3240.0,1450.0,10,10,0,True
2024-10-15 13:15:00,VIC1,2028.08734,2103.73608,3351.0,7,3,0,10,3240.0,1450.0,10,10,0,True
2024-10-15 13:20:00,VIC1,2025.0,2016.3794400000002,3351.0,7,3,0,10,3240.0,1450.0,10,10,0,True
2024-10-15 13:25:00,VIC1,2025.0,2004.67469,3351.0,7,3,0,10,3240.0,1450.0,10,10,0,True
2024-10-15 13:30:00,VIC1,2025.0,2043.47342,3351.0,7,3,0,10,3240.0,1450.0,10,10,0,True
2024-10-15 13:35:00,VIC1,2025.0,2012.3025400000001,3351.0,7,3,0,10,3240.0,1450.0,10,10,0,True
2024-10-15 13:40:00,VIC1,2025.0,2014.42752,3351.0,7,3,0,10,3240.0,1450.0,10,10,0,True
2024-10-15 13:45:00,VIC1,2025.0,2040.99747,3351.0,7,3,0,10,3240.0,1450.0,10,10,0,True
2024-10-15 13:50:00,VIC1,2086.09931,2045.52469,3351.0,7,3,0,10,3240.0,1450.0,10,10,0,True
2024-10-15 13:55:00,VIC1,2247.125,2101.52626,3351.0,7,3,0,10,3240.0,1450.0,10,10,0,True
2024-10-15 14:00:00,VIC1,2388.42674,2223.48355,3351.0,7,3,0,10,3240.0,1450.0,10,10,0,True
2024-10-15 14:05:00,VIC1,2306.88007,2343.5269,3351.0,7,3,0,10,3240.0,1450.0,10,10,0,True
2024-10-15 14:10:00,VIC1,2252.34908,2305.50286,3351.0,7,3,0,10,3240.0,1450.0,10,10,0,True
2024-10-15 14:15:00,VIC1,2355.1043,2247.37056,3351.0,7,3,0,10,3240.0,1450.0,10,10,0,True
2024-10-15 14:20:00,VIC1,2192.40625,2333.82848,3351.0,7,3,0,10,3240.0,1450.0,10,10,0,True
2024-10-15 14:25:00,VIC1,2087.53125,2218.9797399999998,3351.0,7,3,0,10,3240.0,1450.0,10,10,0,True
2024-10-15 14:30:00,VIC1,2044.0,2109.68986,3351.0,7,3,0,10,3240.0,1450.0,10,10,0,True
2024-10-15 14:35:00,VIC1,2067.29963,2090.42058,3351.0,7,3,0,10,3240.0,1450.0,10,10,0,True
2024-10-15 14:40:00,VIC1,2025.0,2047.24335,3351.0,7,3,0,10,3240.0,1450.0,10,10,0,True
2024-10-15 14:45:00,VIC1,2025.0,2033.68797,3351.0,7,3,0,10,3240.0,1450.0,10,10,0,True
2024-10-15 14:50:00,VIC1,2155.54489,2046.72405,3351.0,7,3,0,10,3240.0,1450.0,10,10,0,True
2024-10-15 14:55:00,VIC1,2290.83814,2126.14557,3351.0,7,3,0,10,3240.0,1450.0,10,10,0,True
2024-10-15 15:00:00,VIC1,2461.56471,2281.87721,3351.0,7,3,0,10,3240.0,1450.0,10,10,0,True
2024-10-15 15:05:00,VIC1,2549.7605599999997,2429.1088600000003,3351.0,7,3,0,10,3240.0,1450.0,10,10,0,True
2024-10-15 15:10:00,VIC1,2418.11685,2523.96866,3351.0,7,3,0,10,3240.0,1450.0,10,10,0,True
2024-10-15 15:15:00,VIC1,2438.28023,2468.0927300000003,3351.0,7,3,0,10,3240.0,1450.0,10,10,0,True
2024-10-15 15:20:00,VIC1,2467.26329,2427.39462,3351.0,7,3,0,10,3240.0,1450.0,10,10,0,True
2024-10-15 15:25:00,VIC1,2485.53416,2418.18542,3351.0,7,3,0,10,3240.0,1450.0,10,10,0,True
2024-10-15 15:30:00,VIC1,2592.84108,2512.81488,3351.0,7,3,0,10,3240.0,1450.0,10,10,0,True
2024-10-15 15:35:00,VIC1,2614.46455,2546.08955,3351.0,7,3,0,10,3240.0,1450.0,10,10,0,True
2024-10-15 15:40:00,VIC1,2562.47485,2567.4421,3351.0,7,3,0,10,3240.0,1450.0,10,10,0,True
2024-10-15 15:45:00,VIC1,2632.34614,2571.73166,3351.0,7,3,0,10,3240.0,1450.0,10,10,0,True
2024-10-15 15:50:00,VIC1,2777.2566699999998,2620.48735,3351.0,7,3,0,10,3240.0,1450.0,10,10,0,True
2024-10-15 15:55:00,VIC1,2932.22926,2742.79176,3351.0,7,3,0,10,3240.0,1450.0,10,10,0,True
2024-10-15 16:00:00,VIC1,3098.46051,2917.61676,3351.0,7,3,0,10,3240.0,1450.0,10,10,0,True
2024-10-17 05:05:00,VIC1,3134.1942799999997,3187.6867199999997,3205.0,7,3,0,10,3240.0,1450.0,10,10,0,True
2024-10-17 05:10:00,VIC1,3098.1344799999997,3137.71677,3205.0,7,3,0,10,3240.0,1450.0,10,10,0,True
2024-10-17 05:15:00,VIC1,3092.8685,3097.75601,3205.0,7,3,0,10,3240.0,1450.0,10,10,0,True
2024-10-17 05:20:00,VIC1,3193.0,3096.91455,3205.0,7,3,0,10,3240.0,1450.0,10,10,0,True
2024-10-17 05:25:00,VIC1,3193.0,3165.2408299999997,3205.0,7,3,0,10,3240.0,1450.0,10,10,0,True
2024-10-17 05:30:00,VIC1,3196.0,3191.1734100000003,3205.0,7,3,0,10,3240.0,1450.0,10,10,0,True
2024-10-17 05:35:00,VIC1,3199.0,3187.16679,3205.0,7,3,0,10,3240.0,1450.0,10,10,0,True
2024-10-17 05:40:00,VIC1,3189.82112,3196.04429,3205.0,7,3,0,10,3240.0,1450.0,10,10,0,True
2024-10-17 05:45:00,VIC1,3198.0,3205.24937,3205.0,7,3,0,10,3240.0,1450.0,10,10,0,True
2024-10-17 05:50:00,VIC1,3039.4375,3178.0845,3205.0,7,3,0,10,3240.0,1450.0,10,10,0,True
2024-10-17 05:55:00,VIC1,3193.0,3079.29463,3205.0,7,3,0,10,3240.0,1450.0,10,10,0,True
2024-10-17 06:00:00,VIC1,3193.0,3167.86647,3205.0,7,3,0,10,3240.0,1450.0,10,10,0,True
2024-10-17 06:05:00,VIC1,3175.96709,3180.44716,3135.0,7,3,0,10,3240.0,1450.0,10,10,0,True
2024-10-17 06:10:00,VIC1,3183.88608,3173.57879,3135.0,7,3,0,10,3240.0,1450.0,10,10,0,True
2024-10-17 06:15:00,VIC1,3182.93417,3185.84525,3135.0,7,3,0,10,3240.0,1450.0,10,10,0,True
2024-10-17 06:20:00,VIC1,3181.80507,3190.78514,3135.0,7,3,0,10,3240.0,1450.0,10,10,0,True
2024-10-17 06:25:00,VIC1,3178.41772,3171.50283,3135.0,7,3,0,10,3240.0,1450.0,10,10,0,True
2024-10-17 06:30:00,VIC1,3179.82912,3172.3171,3135.0,7,3,0,10,3240.0,1450.0,10,10,0,True
2024-10-17 06:35:00,VIC1,3177.2886,3177.41961,2985.0,7,3,0,10,3240.0,1450.0,10,10,0,True
2024-10-17 06:40:00,VIC1,3017.0630499999997,3166.72592,2985.0,7,3,0,10,3240.0,1450.0,10,10,0,True
2024-10-17 06:45:00,VIC1,2841.00909,2987.97436,2985.0,7,3,0,10,3240.0,1450.0,10,10,0,True
2024-10-17 06:50:00,VIC1,2807.61646,2895.21866,2985.0,7,3,0,10,3240.0,1450.0,10,10,0,True
2024-10-17 06:55:00,VIC1,2775.2050600000002,2815.20726,2985.0,7,3,0,10,3240.0,1450.0,10,10,0,True
2024-10-17 07:00:00,VIC1,2672.01147,2823.93005,2985.0,7,3,0,10,3240.0,1450.0,10,10,0,True
2024-10-17 07:05:00,VIC1,2554.84707,2724.44082,2985.0,7,3,0,10,3240.0,1450.0,10,10,0,True
2024-10-17 07:10:00,VIC1,2353.15843,2506.17692,2985.0,7,3,0,10,3240.0,1450.0,10,10,0,True
2024-10-17 07:15:00,VIC1,2220.85569,2367.5079100000003,2985.0,7,3,0,10,3240.0,1450.0,10,10,0,True
2024-10-17 07:20:00,VIC1,2138.48743,2203.39115,2985.0,7,3,0,10,3240.0,1450.0,10,10,0,True
2024-10-17 07:25:00,VIC1,2053.29241,2120.79619,2985.0,7,3,0,10,3240.0,1450.0,10,10,0,True
2024-10-17 07:30:00,VIC1,1992.13425,2053.29114,2985.0,6,4,0,10,2860.0,1830.0,10,10,0,True
2024-10-17 07:35:00,VIC1,1944.38364,2002.53293,2985.0,6,4,0,10,2860.0,1830.0,10,10,0,True
2024-10-17 07:40:00,VIC1,1904.26982,1955.038,2985.0,6,4,0,10,2860.0,1830.0,10,10,0,True
2024-10-17 07:45:00,VIC1,1883.15288,1909.10504,2985.0,6,4,0,10,2860.0,1830.0,10,10,0,True
2024-10-17 07:50:00,VIC1,1869.0,1904.362,2985.0,6,4,0,10,2860.0,1830.0,10,10,0,True
2024-10-17 07:55:00,VIC1,1842.0,1849.95224,2985.0,6,4,0,10,2860.0,1830.0,10,10,0,True
2024-10-17 08:00:00,VIC1,1840.0,1842.12311,2985.0,6,4,0,10,2860.0,1830.0,10,10,0,True
2024-10-17 08:05:00,VIC1,1807.25333,1813.19083,2985.0,6,4,0,10,2860.0,1830.0,10,10,0,True
2024-10-17 08:10:00,VIC1,1803.65188,1865.02688,2985.0,6,4,0,10,2860.0,1830.0,10,10,0,True
2024-10-17 08:15:00,VIC1,1779.5446200000001,1824.6696200000001,2985.0,6,4,0,10,2860.0,1830.0,10,10,0,True
2024-10-17 08:20:00,VIC1,1766.44064,1822.00314,2985.0,6,4,0,10,2860.0,1830.0,10,10,0,True
2024-10-17 08:25:00,VIC1,1739.7632800000001,1749.0132800000001,2985.0,6,4,0,10,2860.0,1830.0,10,10,0,True
2024-10-17 08:30:00,VIC1,1738.13165,1786.52911,2985.0,6,4,0,10,2860.0,1830.0,10,10,0,True
2024-10-17 08:35:00,VIC1,1723.73544,1742.73639,2985.0,6,4,0,10,2860.0,1830.0,10,10,0,True
2024-10-17 08:40:00,VIC1,1832.17389,1768.81266,2985.0,6,4,0,10,2860.0,1830.0,10,10,0,True
2024-10-17 08:45:00,VIC1,1731.27004,1741.0544399999999,2985.0,6,4,0,10,2860.0,1830.0,10,10,0,True
2024-10-17 08:50:00,VIC1,1713.0088700000001,1724.38608,2985.0,6,4,0,10,2860.0,1830.0,10,10,0,True
2024-10-17 08:55:00,VIC1,1710.0,1725.67595,2985.0,6,4,0,10,2860.0,1830.0,10,10,0,True
2024-10-17 09:00:00,VIC1,1710.0,1668.94114,2985.0,6,4,0,10,2860.0,1830.0,10,10,0,True
2024-10-17 09:05:00,VIC1,1710.0,1697.12912,2989.0,6,4,0,10,2860.0,1830.0,10,10,0,True
2024-10-17 09:10:00,VIC1,1710.0,1716.18323,2989.0,6,4,0,10,2860.0,1830.0,10,10,0,True
2024-10-17 09:15:00,VIC1,1710.0,1714.3576,2989.0,6,4,0,10,2860.0,1830.0,10,10,0,True
2024-10-17 09:20:00,VIC1,1710.0,1698.33513,2989.0,6,4,0,10,2860.0,1830.0,10,10,0,True
2024-10-17 09:25:00,VIC1,1710.0,1705.3712,2989.0,6,4,0,10,2860.0,1830.0,10,10,0,True
2024-10-17 09:30:00,VIC1,1710.0,1696.61772,2989.0,6,4,0,10,2860.0,1830.0,10,10,0,True
2024-10-17 09:35:00,VIC1,1710.0,1703.09778,2989.0,6,4,0,10,2860.0,1830.0,10,10,0,True
2024-10-17 09:40:00,VIC1,1710.0,1715.0385999999999,2989.0,6,4,0,10,2860.0,1830.0,10,10,0,True
2024-10-17 09:45:00,VIC1,1710.0,1707.03102,2989.0,6,4,0,10,2860.0,1830.0,10,10,0,True
2024-10-17 09:50:00,VIC1,1710.0,1714.28639,2989.0,6,4,0,10,2860.0,1830.0,10,10,0,True
2024-10-17 09:55:00,VIC1,1710.0,1706.0576,2989.0,6,4,0,10,2860.0,1830.0,10,10,0,True
2024-10-17 10:00:00,VIC1,1710.0,1686.7193,2989.0,6,4,0,10,2860.0,1830.0,10,10,0,True
2024-10-17 10:05:00,VIC1,1710.0,1699.1541200000001,2989.0,6,4,0,10,2860.0,1830.0,10,10,0,True
2024-10-17 10:10:00,VIC1,1710.0,1724.80031,2989.0,6,4,0,10,2860.0,1830.0,10,10,0,True
2024-10-17 10:15:00,VIC1,1710.0,1689.64115,2989.0,6,4,0,10,2860.0,1830.0,10,10,0,True
2024-10-17 10:20:00,VIC1,1710.0,1703.7114000000001,2989.0,6,4,0,10,2860.0,1830.0,10,10,0,True
2024-10-17 10:25:00,VIC1,1710.0,1717.1955699999999,2989.0,6,4,0,10,2860.0,1830.0,10,10,0,True
2024-10-17 10:30:00,VIC1,1710.0,1710.03102,2989.0,6,4,0,10,2860.0,1830.0,10,10,0,True
2024-10-17 10:35:00,VIC1,1710.0,1709.49209,2989.0,6,4,0,10,2860.0,1830.0,10,10,0,True
2024-10-17 10:40:00,VIC1,1710.0,1703.33513,2989.0,6,4,0,10,2860.0,1830.0,10,10,0,True
2024-10-17 10:45:00,VIC1,1710.0,1698.64463,2989.0,6,4,0,10,2860.0,1830.0,10,10,0,True
2024-10-17 10:50:00,VIC1,1710.0,1682.76552,2989.0,6,4,0,10,2860.0,1830.0,10,10,0,True
2024-10-17 10:55:00,VIC1,1710.0,1727.56297,2989.0,6,4,0,10,2860.0,1830.0,10,10,0,True
2024-10-17 11:00:00,VIC1,1710.0,1710.10823,2989.0,6,4,0,10,2860.0,1830.0,10,10,0,True
2024-10-17 11:05:00,VIC1,1710.0,1676.63672,2989.0,6,4,0,10,2860.0,1830.0,10,10,0,True
2024-10-17 11:10:00,VIC1,1710.0,1728.85475,2989.0,6,4,0,10,2860.0,1830.0,10,10,0,True
2024-10-17 11:15:00,VIC1,1710.0,1718.68956,2989.0,6,4,0,10,2860.0,1830.0,10,10,0,True
2024-10-17 11:20:00,VIC1,1710.0,1723.4436799999999,2989.0,6,4,0,10,2860.0,1830.0,10,10,0,True
2024-10-17 12:30:00,VIC1,1710.0,1684.469,2989.0,6,4,0,10,2860.0,1830.0,10,10,0,True
2024-10-17 12:35:00,VIC1,1710.0,1677.7626500000001,2989.0,6,4,0,10,2860.0,1830.0,10,10,0,True
2024-10-17 12:40:00,VIC1,1710.0,1694.3642399999999,2989.0,6,4,0,10,2860.0,1830.0,10,10,0,True
2024-10-17 12:45:00,VIC1,1710.38578,1713.94461,2989.0,6,4,0,10,2860.0,1830.0,10,10,0,True
2024-10-17 12:50:00,VIC1,1710.0,1691.80602,2989.0,6,4,0,10,2860.0,1830.0,10,10,0,True
2024-10-17 12:55:00,VIC1,1710.0,1682.02437,2989.0,6,4,0,10,2860.0,1830.0,10,10,0,True
2024-10-17 13:00:00,VIC1,1710.0,1727.04304,2989.0,6,4,0,10,2860.0,1830.0,10,10,0,True
2024-10-17 13:05:00,VIC1,1780.0,1758.61931,2989.0,6,4,0,10,2860.0,1830.0,10,10,0,True
2024-10-17 13:10:00,VIC1,1811.0,1774.9348,2989.0,6,4,0,10,2860.0,1830.0,10,10,0,True
2024-10-17 13:15:00,VIC1,1869.858,1797.51425,2989.0,6,4,0,10,2860.0,1830.0,10,10,0,True
2024-10-17 13:20:00,VIC1,1937.2973,1864.8598,2989.0,6,4,0,10,2860.0,1830.0,10,10,0,True
2024-10-17 13:25:00,VIC1,1930.71942,1888.5845100000001,2989.0,6,4,0,10,2860.0,1830.0,10,10,0,True
2024-10-17 13:30:00,VIC1,1934.0,1896.72786,2989.0,6,4,0,10,2860.0,1830.0,10,10,0,True
2024-10-17 13:35:00,VIC1,1870.0,1919.27944,2989.0,6,4,0,10,2860.0,1830.0,10,10,0,True
2024-10-17 13:40:00,VIC1,1819.0,1843.05696,2989.0,6,4,0,10,2860.0,1830.0,10,10,0,True
2024-10-17 13:45:00,VIC1,1953.76323,1890.23198,2989.0,6,4,0,10,2860.0,1830.0,10,10,0,True
2024-10-17 13:50:00,VIC1,1995.64935,1931.27435,2989.0,6,4,0,10,2860.0,1830.0,10,10,0,True
2024-10-17 13:55:00,VIC1,2049.88732,1978.01232,2989.0,6,4,0,10,2860.0,1830.0,10,10,0,True
2024-10-17 14:00:00,VIC1,2093.4947700000002,2016.93227,2989.0,6,4,0,10,2860.0,1830.0,10,10,0,True
2024-10-17 14:05:00,VIC1,2162.83261,2093.58261,2989.0,6,4,0,10,2860.0,1830.0,10,10,0,True
2024-10-17 14:10:00,VIC1,2222.51377,2154.57627,2989.0,6,4,0,10,2860.0,1830.0,10,10,0,True
2024-10-17 14:15:00,VIC1,2298.71512,2238.55887,2989.0,6,4,0,10,2860.0,1830.0,10,10,0,True
2024-10-17 14:20:00,VIC1,2329.8031,2256.14685,2989.0,6,4,0,10,2860.0,1830.0,10,10,0,True
2024-10-17 14:25:00,VIC1,2347.10126,2268.0173999999997,2989.0,6,4,0,10,2860.0,1830.0,10,10,0,True
2024-10-17 14:30:00,VIC1,2392.63892,2367.96488,2989.0,6,4,0,10,2860.0,1830.0,10,10,0,True
2024-10-17 14:35:00,VIC1,2419.69485,2397.2363800000003,2989.0,6,4,0,10,2860.0,1830.0,10,10,0,True
2024-10-17 14:40:00,VIC1,2424.86963,2373.4297500000002,2989.0,6,4,0,10,2860.0,1830.0,10,10,0,True
2024-10-17 14:45:00,VIC1,2434.9379,2434.2338600000003,2989.0,6,4,0,10,2860.0,1830.0,10,10,0,True
2024-10-17 14:50:00,VIC1,2450.1819800000003,2440.49906,2989.0,6,4,0,10,2860.0,1830.0,10,10,0,True
2024-10-17 14:55:00,VIC1,2544.7537199999997,2409.7857599999998,2989.0,6,4,0,10,2860.0,1830.0,10,10,0,True
2024-10-17 15:00:00,VIC1,2640.25436,2510.1633,2989.0,6,4,0,10,2860.0,1830.0,10,10,0,True
2024-10-17 15:05:00,VIC1,2733.46875,2625.05917,2989.0,6,4,0,10,2860.0,1830.0,10,10,0,True
2024-10-17 15:10:00,VIC1,2779.0625,2676.4598100000003,2989.0,6,4,0,10,2860.0,1830.0,10,10,0,True
2024-10-17 15:15:00,VIC1,2855.34375,2761.69491,2989.0,6,4,0,10,2860.0,1830.0,10,10,0,True
2024-10-17 15:20:00,VIC1,2929.375,2848.3063,2989.0,6,4,0,10,2860.0,1830.0,10,10,0,True
2024-10-17 15:25:00,VIC1,2966.9375,2899.49527,2989.0,6,4,0,10,2860.0,1830.0,10,10,0,True
2024-10-17 15:30:00,VIC1,2977.0,2950.28577,2989.0,6,4,0,10,2860.0,1830.0,10,10,0,True
2024-10-17 15:35:00,VIC1,2983.0,2984.71234,2989.0,6,4,0,10,2860.0,1830.0,10,10,0,True
2024-10-17 15:40:00,VIC1,2983.0,2965.86771,2989.0,6,4,0,10,2860.0,1830.0,10,10,0,True
2024-10-17 15:45:00,VIC1,2980.0,2972.76358,2989.0,6,4,0,10,2860.0,1830.0,10,10,0,True
2024-10-17 15:50:00,VIC1,2977.0,2938.66996,2989.0,6,4,0,10,2860.0,1830.0,10,10,0,True
2024-10-17 15:55:00,VIC1,2977.0,2967.60632,2989.0,6,4,0,10,2860.0,1830.0,10,10,0,True
2024-10-17 16:00:00,VIC1,2977.0,2973.32943,2989.0,6,4,0,10,2860.0,1830.0,10,10,0,True
2024-10-17 16:05:00,VIC1,2977.0,2936.17688,2989.0,6,4,0,10,2860.0,1830.0,10,10,0,True
2024-10-17 16:10:00,VIC1,2977.0,2952.6579,2989.0,6,4,0,10,2860.0,1830.0,10,10,0,True
2024-10-17 16:15:00,VIC1,2977.0,2968.99683,2989.0,6,4,0,10,2860.0,1830.0,10,10,0,True
2024-10-17 16:20:00,VIC1,2977.0,2983.84713,2989.0,6,4,0,10,2860.0,1830.0,10,10,0,True
2024-10-17 16:25:00,VIC1,2977.0,2957.08352,2989.0,6,4,0,10,2860.0,1830.0,10,10,0,True
2024-10-17 16:30:00,VIC1,2977.0,2969.22977,2989.0,6,4,0,10,2860.0,1830.0,10,10,0,True
2024-10-22 12:55:00,VIC1,1960.0,1952.08543,3738.0,8,2,0,10,3750.0,940.0,10,10,0,True
2024-10-22 13:00:00,VIC1,1973.04051,1958.06456,3878.0,8,2,0,10,3750.0,940.0,10,10,0,True
2024-10-22 13:05:00,VIC1,1978.5544300000001,1953.38545,3878.0,8,2,0,10,3750.0,940.0,10,10,0,True
2024-10-22 13:10:00,VIC1,1990.0,2008.0702700000002,3878.0,8,2,0,10,3750.0,940.0,10,10,0,True
2024-10-22 13:15:00,VIC1,1990.0,1991.96235,3878.0,8,2,0,10,3750.0,940.0,10,10,0,True
2024-10-22 13:20:00,VIC1,1990.0,2026.3829,3878.0,8,2,0,10,3750.0,940.0,10,10,0,True
2024-10-22 13:25:00,VIC1,1990.0,2002.35412,3878.0,8,2,0,10,3750.0,940.0,10,10,0,True
2024-10-22 13:30:00,VIC1,1990.0,2016.87627,3878.0,8,2,0,10,3750.0,940.0,10,10,0,True
2024-10-22 13:35:00,VIC1,1990.0,1994.79335,3878.0,8,2,0,10,3750.0,940.0,10,10,0,True
2024-10-22 13:40:00,VIC1,1990.0,1999.9639200000001,3878.0,8,2,0,10,3750.0,940.0,10,10,0,True
2024-10-22 13:45:00,VIC1,1990.0,1977.44051,3878.0,8,2,0,10,3750.0,940.0,10,10,0,True
2024-10-22 13:50:00,VIC1,1990.0,2013.22659,3878.0,8,2,0,10,3750.0,940.0,10,10,0,True
2024-10-22 13:55:00,VIC1,1990.0,1985.11582,3878.0,8,2,0,10,3750.0,940.0,10,10,0,True
2024-10-22 14:00:00,VIC1,1990.0,2007.26615,3878.0,8,2,0,10,3750.0,940.0,10,10,0,True
2024-10-22 14:05:00,VIC1,1990.0,1988.33923,3878.0,8,2,0,10,3750.0,940.0,10,10,0,True
2024-10-22 14:10:00,VIC1,1990.0,1980.01141,3878.0,8,2,0,10,3750.0,940.0,10,10,0,True
2024-10-22 14:15:00,VIC1,2015.625,2010.50538,3878.0,8,2,0,10,3750.0,940.0,10,10,0,True
2024-10-22 14:20:00,VIC1,2041.5,2014.01297,3878.0,8,2,0,10,3750.0,940.0,10,10,0,True
2024-10-22 14:25:00,VIC1,2050.0,2048.04304,3878.0,8,2,0,10,3750.0,940.0,10,10,0,True
2024-10-22 14:30:00,VIC1,2050.0,2101.40413,3878.0,8,2,0,10,3750.0,940.0,10,10,0,True
2024-10-22 14:35:00,VIC1,2096.5,2043.14527,3878.0,8,2,0,10,3750.0,940.0,10,10,0,True
2024-10-22 14:40:00,VIC1,2055.125,2101.39463,3878.0,8,2,0,10,3750.0,940.0,10,10,0,True
2024-10-22 14:45:00,VIC1,2106.625,2073.3655,3878.0,8,2,0,10,3750.0,940.0,10,10,0,True
2024-10-22 14:50:00,VIC1,2178.46875,2185.9882900000002,3878.0,8,2,0,10,3750.0,940.0,10,10,0,True
2024-10-22 14:55:00,VIC1,2249.80648,2145.46994,3878.0,8,2,0,10,3750.0,940.0,10,10,0,True
2024-10-22 15:00:00,VIC1,2277.25,2217.64304,3878.0,8,2,0,10,3750.0,940.0,10,10,0,True
2024-10-22 15:05:00,VIC1,2393.92739,2282.61489,3878.0,8,2,0,10,3750.0,940.0,10,10,0,True
2024-10-22 15:10:00,VIC1,2525.00419,2372.16044,3878.0,8,2,0,10,3750.0,940.0,10,10,0,True
2024-10-22 15:15:00,VIC1,2558.75236,2453.7949200000003,3878.0,8,2,0,10,3750.0,940.0,10,10,0,True
2024-10-22 15:20:00,VIC1,2614.1178099999997,2556.17469,3878.0,8,2,0,10,3750.0,940.0,10,10,0,True
2024-10-22 15:25:00,VIC1,2716.74666,2621.05916,3878.0,8,2,0,10,3750.0,940.0,10,10,0,True
2024-10-22 15:30:00,VIC1,2804.53709,2704.36265,3878.0,8,2,0,10,3750.0,940.0,10,10,0,True
2024-10-22 15:35:00,VIC1,2896.6329100000003,2758.1329100000003,3878.0,8,2,0,10,3750.0,940.0,10,10,0,True
2024-10-22 15:40:00,VIC1,2997.4162,2883.57245,3878.0,8,2,0,10,3750.0,940.0,10,10,0,True
2024-10-22 15:45:00,VIC1,3034.5863600000002,2918.9613600000002,3878.0,8,2,0,10,3750.0,940.0,10,10,0,True
2024-10-22 15:50:00,VIC1,3079.8054,2962.46487,3878.0,8,2,0,10,3750.0,940.0,10,10,0,True
2024-10-22 15:55:00,VIC1,3214.25805,3101.44555,3878.0,8,2,0,10,3750.0,940.0,10,10,0,True
2024-10-22 16:00:00,VIC1,3291.32016,3178.41391,3878.0,8,2,0,10,3750.0,940.0,10,10,0,True
2024-10-22 16:05:00,VIC1,3342.83039,3230.20539,3878.0,8,2,0,10,3750.0,940.0,10,10,0,True
2024-10-22 16:10:00,VIC1,3399.95444,3281.32944,3878.0,8,2,0,10,3750.0,940.0,10,10,0,True
2024-10-22 16:15:00,VIC1,3482.70627,3379.9813599999998,3878.0,8,2,0,10,3750.0,940.0,10,10,0,True
2024-10-22 16:20:00,VIC1,3557.3367,3455.14935,3878.0,8,2,0,10,3750.0,940.0,10,10,0,True
2024-10-22 16:25:00,VIC1,3618.82651,3527.24463,3878.0,8,2,0,10,3750.0,940.0,10,10,0,True
2024-10-22 16:30:00,VIC1,3649.96796,3553.50726,3878.0,8,2,0,10,3750.0,940.0,10,10,0,True
2024-10-22 16:35:00,VIC1,3738.0,3656.7927,3878.0,8,2,0,10,3750.0,940.0,10,10,0,True
2024-10-22 16:40:00,VIC1,3778.0,3705.54333,3878.0,8,2,0,10,3750.0,940.0,10,10,0,True
2024-10-22 16:45:00,VIC1,3870.0,3822.8405199999997,3878.0,8,2,0,10,3750.0,940.0,10,10,0,True
2024-10-22 16:50:00,VIC1,3869.0,3862.0980799999998,3878.0,8,2,0,10,3750.0,940.0,10,10,0,True
2024-10-22 16:55:00,VIC1,3865.0,3875.69938,3868.0,8,2,0,10,3750.0,940.0,10,10,0,True
2024-10-26 13:00:00,VIC1,1910.0,1940.97818,3914.0,8,2,0,10,3770.0,920.0,10,10,0,True
2024-10-26 13:05:00,VIC1,1910.0,1925.83198,3914.0,8,2,0,10,3770.0,920.0,10,10,0,True
2024-10-26 13:10:00,VIC1,1910.0,1912.9481,3914.0,8,2,0,10,3770.0,920.0,10,10,0,True
2024-10-26 13:15:00,VIC1,1910.0,1933.4076,3914.0,8,2,0,10,3770.0,920.0,10,10,0,True
2024-10-26 13:20:00,VIC1,1910.0,1908.00855,3914.0,8,2,0,10,3770.0,920.0,10,10,0,True
2024-10-26 13:25:00,VIC1,1910.0,1910.40443,3914.0,8,2,0,10,3770.0,920.0,10,10,0,True
2024-10-26 13:30:00,VIC1,1910.0,1931.77755,3914.0,8,2,0,10,3770.0,920.0,10,10,0,True
2024-10-26 13:35:00,VIC1,1910.0,1930.31836,3914.0,8,2,0,10,3770.0,920.0,10,10,0,True
2024-10-26 13:40:00,VIC1,1910.0,1909.13418,3914.0,8,2,0,10,3770.0,920.0,10,10,0,True
2024-10-26 13:45:00,VIC1,1910.0,1918.1480999999999,3914.0,8,2,0,10,3770.0,920.0,10,10,0,True
2024-10-26 13:50:00,VIC1,1910.0,1915.3291199999999,3914.0,8,2,0,10,3770.0,920.0,10,10,0,True
2024-10-26 13:55:00,VIC1,1910.0,1939.14526,3914.0,8,2,0,10,3770.0,920.0,10,10,0,True
2024-10-26 14:00:00,VIC1,1910.0,1926.53166,3914.0,8,2,0,10,3770.0,920.0,10,10,0,True
2024-10-26 14:05:00,VIC1,1910.0,1918.20255,3914.0,8,2,0,10,3770.0,920.0,10,10,0,True
2024-10-26 14:10:00,VIC1,1910.0,1922.0525400000001,3914.0,8,2,0,10,3770.0,920.0,10,10,0,True
2024-10-26 14:15:00,VIC1,1910.0,1930.05822,3914.0,8,2,0,10,3770.0,920.0,10,10,0,True
2024-10-26 14:20:00,VIC1,1910.0,1932.37627,3914.0,8,2,0,10,3770.0,920.0,10,10,0,True
2024-10-26 14:25:00,VIC1,1910.0,1918.8462100000002,3914.0,8,2,0,10,3770.0,920.0,10,10,0,True
2024-10-26 14:30:00,VIC1,1910.0,1902.55159,3914.0,8,2,0,10,3770.0,920.0,10,10,0,True
2024-10-26 14:35:00,VIC1,1910.0,1914.93259,3914.0,8,2,0,10,3770.0,920.0,10,10,0,True
2024-10-26 14:40:00,VIC1,1910.0,1939.31677,3914.0,8,2,0,10,3770.0,920.0,10,10,0,True
2024-10-26 14:45:00,VIC1,1910.0,1932.1525299999998,3914.0,8,2,0,10,3770.0,920.0,10,10,0,True
2024-10-26 14:50:00,VIC1,1910.0,1915.8636099999999,3914.0,8,2,0,10,3770.0,920.0,10,10,0,True
2024-10-26 14:55:00,VIC1,1910.0,1908.60348,3914.0,8,2,0,10,3770.0,920.0,10,10,0,True
2024-10-26 15:00:00,VIC1,1910.0,1931.55948,3914.0,8,2,0,10,3770.0,920.0,10,10,0,True
2024-10-26 15:05:00,VIC1,1910.0,1917.40222,3914.0,8,2,0,10,3770.0,920.0,10,10,0,True
2024-10-26 15:10:00,VIC1,1910.0,1970.54398,3914.0,8,2,0,10,3770.0,920.0,10,10,0,True
2024-10-26 15:15:00,VIC1,1910.0,1961.9294300000001,3914.0,8,2,0,10,3770.0,920.0,10,10,0,True
2024-10-26 15:20:00,VIC1,1910.0,1910.35188,3914.0,8,2,0,10,3770.0,920.0,10,10,0,True
2024-10-26 15:25:00,VIC1,1910.0,1926.60823,3914.0,8,2,0,10,3770.0,920.0,10,10,0,True
2024-10-26 15:30:00,VIC1,1910.0,1942.15254,3914.0,8,2,0,10,3770.0,920.0,10,10,0,True
2024-10-26 15:35:00,VIC1,1910.0,1900.08195,3914.0,8,2,0,10,3770.0,920.0,10,10,0,True
2024-10-26 15:40:00,VIC1,1910.0,1925.40285,3914.0,8,2,0,10,3770.0,920.0,10,10,0,True
2024-10-26 15:45:00,VIC1,1910.0,1937.5439900000001,3914.0,8,2,0,10,3770.0,920.0,10,10,0,True
2024-10-26 15:50:00,VIC1,1910.0,1923.2126600000001,3914.0,8,2,0,10,3770.0,920.0,10,10,0,True
2024-10-26 15:55:00,VIC1,1910.0,1918.1180399999998,3914.0,8,2,0,10,3770.0,920.0,10,10,0,True
2024-10-26 16:00:00,VIC1,1910.0,1907.25317,3914.0,8,2,0,10,3770.0,920.0,10,10,0,True
2024-10-26 16:05:00,VIC1,2010.18836,1916.34461,3914.0,8,2,0,10,3770.0,920.0,10,10,0,True
2024-10-26 16:10:00,VIC1,2073.49352,1981.30602,3914.0,8,2,0,10,3770.0,920.0,10,10,0,True
2024-10-26 16:15:00,VIC1,2135.41322,2041.22058,3914.0,8,2,0,10,3770.0,920.0,10,10,0,True
2024-10-26 16:20:00,VIC1,2315.26234,2170.47753,3914.0,8,2,0,10,3770.0,920.0,10,10,0,True
2024-10-26 16:25:00,VIC1,2457.86489,2297.86489,3914.0,8,2,0,10,3770.0,920.0,10,10,0,True
2024-10-26 16:30:00,VIC1,2616.19398,2456.19398,3914.0,8,2,0,10,3770.0,920.0,10,10,0,True
2024-10-26 16:35:00,VIC1,2696.48163,2536.48163,3914.0,8,2,0,10,3770.0,920.0,10,10,0,True
2024-10-26 16:40:00,VIC1,2859.52112,2699.61487,3914.0,8,2,0,10,3770.0,920.0,10,10,0,True
2024-10-26 16:45:00,VIC1,3089.77247,2929.77247,3914.0,8,2,0,10,3770.0,920.0,10,10,0,True
2024-10-26 16:50:00,VIC1,3248.74368,3088.74368,3914.0,8,2,0,10,3770.0,920.0,10,10,0,True
2024-10-26 16:55:00,VIC1,3391.0184,3231.29965,3914.0,8,2,0,10,3770.0,920.0,10,10,0,True
2024-10-26 17:00:00,VIC1,3558.70236,3398.88986,3914.0,8,2,0,10,3770.0,920.0,10,10,0,True
2024-10-27 14:00:00,VIC1,1920.0,1933.0465199999999,3916.0,8,2,0,10,3770.0,920.0,10,10,0,True
2024-10-27 14:05:00,VIC1,1920.0,1921.63608,3916.0,8,2,0,10,3770.0,920.0,10,10,0,True
2024-10-27 14:10:00,VIC1,1920.0,1955.2807,3916.0,8,2,0,10,3770.0,920.0,10,10,0,True
2024-10-27 14:15:00,VIC1,1920.0,1949.3484,3916.0,8,2,0,10,3770.0,920.0,10,10,0,True
2024-10-27 14:20:00,VIC1,1920.0,1958.96804,3916.0,8,2,0,10,3770.0,920.0,10,10,0,True
2024-10-27 14:25:00,VIC1,1920.0,1915.57942,3916.0,8,2,0,10,3770.0,920.0,10,10,0,True
2024-10-27 14:30:00,VIC1,1920.0,1922.11266,3916.0,8,2,0,10,3770.0,920.0,10,10,0,True
2024-10-27 14:35:00,VIC1,1920.0,1931.73543,3916.0,8,2,0,10,3770.0,920.0,10,10,0,True
2024-10-27 14:40:00,VIC1,1920.0,1942.5307,3916.0,8,2,0,10,3770.0,920.0,10,10,0,True
2024-10-27 14:45:00,VIC1,1920.0,1929.48829,3916.0,8,2,0,10,3770.0,920.0,10,10,0,True
2024-10-27 14:50:00,VIC1,1920.0,1922.57215,3916.0,8,2,0,10,3770.0,920.0,10,10,0,True
2024-10-27 14:55:00,VIC1,1920.0,1914.03766,3916.0,8,2,0,10,3770.0,920.0,10,10,0,True
2024-10-27 15:00:00,VIC1,1920.0,1959.90001,3916.0,8,2,0,10,3770.0,920.0,10,10,0,True
2024-10-27 15:05:00,VIC1,1920.0,1915.93733,3916.0,8,2,0,10,3770.0,920.0,10,10,0,True
2024-10-27 15:10:00,VIC1,1920.0,1927.0364,3916.0,8,2,0,10,3770.0,920.0,10,10,0,True
2024-10-27 15:15:00,VIC1,1920.0,1920.4651800000001,3916.0,8,2,0,10,3770.0,920.0,10,10,0,True
2024-10-27 15:20:00,VIC1,1920.0,1963.15537,3916.0,8,2,0,10,3770.0,920.0,10,10,0,True
2024-10-27 15:25:00,VIC1,1920.0,1921.3882899999999,3916.0,8,2,0,10,3770.0,920.0,10,10,0,True
2024-10-27 15:30:00,VIC1,1920.0,1979.88007,3916.0,8,2,0,10,3770.0,920.0,10,10,0,True
2024-10-27 15:35:00,VIC1,1920.0,1929.87215,3916.0,8,2,0,10,3770.0,920.0,10,10,0,True
2024-10-27 15:40:00,VIC1,1920.0,1988.46203,3916.0,8,2,0,10,3770.0,920.0,10,10,0,True
2024-10-27 15:45:00,VIC1,1920.0,1935.67752,3916.0,8,2,0,10,3770.0,920.0,10,10,0,True
2024-10-27 15:50:00,VIC1,1920.0,1934.14239,3916.0,8,2,0,10,3770.0,920.0,10,10,0,True
2024-10-27 15:55:00,VIC1,1920.0,1950.06963,3916.0,8,2,0,10,3770.0,920.0,10,10,0,True
2024-10-27 16:00:00,VIC1,1925.11949,1925.64777,3916.0,8,2,0,10,3770.0,920.0,10,10,0,True
2024-10-27 16:05:00,VIC1,1979.02143,1948.99018,3916.0,8,2,0,10,3770.0,920.0,10,10,0,True
2024-10-27 16:10:00,VIC1,1988.6480000000001,1947.9917500000001,3916.0,8,2,0,10,3770.0,920.0,10,10,0,True
2024-10-27 16:15:00,VIC1,2023.93275,1996.58132,3916.0,8,2,0,10,3770.0,920.0,10,10,0,True
2024-10-27 16:20:00,VIC1,2032.30634,1991.02691,3916.0,8,2,0,10,3770.0,920.0,10,10,0,True
2024-10-27 16:25:00,VIC1,2050.0,2034.25443,3916.0,8,2,0,10,3770.0,920.0,10,10,0,True
2024-10-27 16:30:00,VIC1,2050.0,2059.39622,3916.0,8,2,0,10,3770.0,920.0,10,10,0,True
2024-10-27 16:35:00,VIC1,2101.25064,2077.87564,3916.0,8,2,0,10,3770.0,920.0,10,10,0,True
2024-10-27 16:40:00,VIC1,2115.67326,2083.36076,3916.0,8,2,0,10,3770.0,920.0,10,10,0,True
2024-10-27 16:45:00,VIC1,2140.0,2127.25601,3916.0,8,2,0,10,3770.0,920.0,10,10,0,True
2024-10-27 16:50:00,VIC1,2130.0,2178.54556,3826.0,8,2,0,10,3770.0,920.0,10,10,0,True
2024-10-27 16:55:00,VIC1,2130.0,2193.90506,3826.0,8,2,0,10,3770.0,920.0,10,10,0,True
2024-10-27 17:00:00,VIC1,2137.0,2198.9746999999998,3826.0,8,2,0,10,3770.0,920.0,10,10,0,True
2024-10-27 17:05:00,VIC1,2263.87786,2192.7842,3826.0,8,2,0,10,3770.0,920.0,10,10,0,True
2024-10-27 17:10:00,VIC1,2314.22082,2240.85794,3826.0,8,2,0,10,3770.0,920.0,10,10,0,True
2024-10-27 17:15:00,VIC1,2366.0,2349.73608,3826.0,8,2,0,10,3770.0,920.0,10,10,0,True
2024-10-27 17:20:00,VIC1,2392.625,2382.43732,3806.0,8,2,0,10,3770.0,920.0,10,10,0,True
2024-10-27 17:25:00,VIC1,2529.39716,2413.14716,3896.0,8,2,0,10,3770.0,920.0,10,10,0,True
2024-10-27 17:30:00,VIC1,2590.7887,2519.65888,3896.0,8,2,0,10,3770.0,920.0,10,10,0,True
2024-10-27 17:35:00,VIC1,2514.0,2562.45822,3896.0,8,2,0,10,3770.0,920.0,10,10,0,True
2024-10-27 17:40:00,VIC1,2537.375,2544.26678,3896.0,8,2,0,10,3770.0,920.0,10,10,0,True
2024-10-27 17:45:00,VIC1,2510.0,2512.9126499999998,3896.0,8,2,0,10,3770.0,920.0,10,10,0,True
2024-10-27 17:50:00,VIC1,2570.0,2485.52439,3896.0,8,2,0,10,3770.0,920.0,10,10,0,True
2024-10-27 17:55:00,VIC1,2570.0,2594.51898,3896.0,8,2,0,10,3770.0,920.0,10,10,0,True
2024-10-27 18:00:00,VIC1,2623.6571400000003,2572.0057,3896.0,8,2,0,10,3770.0,920.0,10,10,0,True
2024-11-05 13:00:00,VIC1,1670.0,1721.23038,3561.0,7,3,0,10,3390.0,1300.0,10,10,0,True
2024-11-05 13:05:00,VIC1,1670.0,1669.51583,3561.0,7,3,0,10,3390.0,1300.0,10,10,0,True
2024-11-05 13:10:00,VIC1,1670.0,1671.37122,3561.0,7,3,0,10,3390.0,1300.0,10,10,0,True
2024-11-05 13:15:00,VIC1,1670.0,1675.11646,3561.0,7,3,0,10,3390.0,1300.0,10,10,0,True
2024-11-05 13:20:00,VIC1,1702.31356,1687.27722,3561.0,7,3,0,10,3390.0,1300.0,10,10,0,True
2024-11-05 13:25:00,VIC1,1795.82564,1699.82564,3561.0,7,3,0,10,3390.0,1300.0,10,10,0,True
2024-11-05 13:30:00,VIC1,1690.75,1771.43355,3561.0,7,3,0,10,3390.0,1300.0,10,10,0,True
2024-11-05 13:35:00,VIC1,1760.1160399999999,1724.39843,3561.0,7,3,0,10,3390.0,1300.0,10,10,0,True
2024-11-05 13:40:00,VIC1,1677.0,1747.33925,3561.0,7,3,0,10,3390.0,1300.0,10,10,0,True
2024-11-05 13:45:00,VIC1,1674.66886,1687.74336,3561.0,7,3,0,10,3390.0,1300.0,10,10,0,True
2024-11-05 13:50:00,VIC1,1716.125,1674.65411,3561.0,7,3,0,10,3390.0,1300.0,10,10,0,True
2024-11-05 13:55:00,VIC1,1789.125,1742.7009600000001,3561.0,7,3,0,10,3390.0,1300.0,10,10,0,True
2024-11-05 14:00:00,VIC1,1758.0,1777.02278,3561.0,7,3,0,10,3390.0,1300.0,10,10,0,True
2024-11-05 14:05:00,VIC1,1760.0,1779.68228,3561.0,7,3,0,10,3390.0,1300.0,10,10,0,True
2024-11-05 14:10:00,VIC1,1755.0,1784.65253,3561.0,7,3,0,10,3390.0,1300.0,10,10,0,True
2024-11-05 14:15:00,VIC1,1755.0,1775.20856,3561.0,7,3,0,10,3390.0,1300.0,10,10,0,True
2024-11-05 14:20:00,VIC1,1755.0,1777.82026,3561.0,7,3,0,10,3390.0,1300.0,10,10,0,True
2024-11-05 14:25:00,VIC1,1755.0,1770.27089,3561.0,7,3,0,10,3390.0,1300.0,10,10,0,True
2024-11-05 14:30:00,VIC1,1755.0,1765.57691,3561.0,7,3,0,10,3390.0,1300.0,10,10,0,True
2024-11-05 14:35:00,VIC1,1785.0,1802.12311,3561.0,7,3,0,10,3390.0,1300.0,10,10,0,True
2024-11-05 14:40:00,VIC1,1868.625,1813.52626,3561.0,7,3,0,10,3390.0,1300.0,10,10,0,True
2024-11-05 14:45:00,VIC1,1890.46412,1860.01583,3561.0,7,3,0,10,3390.0,1300.0,10,10,0,True
2024-11-05 14:50:00,VIC1,1864.38417,1894.88417,3561.0,7,3,0,10,3390.0,1300.0,10,10,0,True
2024-11-05 14:55:00,VIC1,1895.4121300000002,1857.24368,3561.0,7,3,0,10,3390.0,1300.0,10,10,0,True
2024-11-05 15:00:00,VIC1,1968.60475,1901.97975,3561.0,7,3,0,10,3390.0,1300.0,10,10,0,True
2024-11-05 15:05:00,VIC1,2055.45072,1929.85697,3561.0,7,3,0,10,3390.0,1300.0,10,10,0,True
2024-11-05 15:10:00,VIC1,2082.57658,2007.6136000000001,3561.0,7,3,0,10,3390.0,1300.0,10,10,0,True
2024-11-05 15:15:00,VIC1,2176.0,2192.44683,3561.0,7,3,0,10,3390.0,1300.0,10,10,0,True
2024-11-05 15:20:00,VIC1,2160.0,2167.6835499999997,3561.0,7,3,0,10,3390.0,1300.0,10,10,0,True
2024-11-05 15:25:00,VIC1,2160.0,2173.53418,3561.0,7,3,0,10,3390.0,1300.0,10,10,0,True
2024-11-05 15:30:00,VIC1,2304.6752,2202.02594,3561.0,7,3,0,10,3390.0,1300.0,10,10,0,True
2024-11-05 15:35:00,VIC1,2433.28887,2342.36012,3561.0,7,3,0,10,3390.0,1300.0,10,10,0,True
2024-11-05 15:40:00,VIC1,2569.49686,2439.0265799999997,3561.0,7,3,0,10,3390.0,1300.0,10,10,0,True
2024-11-05 15:45:00,VIC1,2604.12188,2600.7607399999997,3561.0,7,3,0,10,3390.0,1300.0,10,10,0,True
2024-11-05 15:50:00,VIC1,2563.35051,2664.10696,3561.0,7,3,0,10,3390.0,1300.0,10,10,0,True
2024-11-05 15:55:00,VIC1,2518.0,2608.56519,3561.0,7,3,0,10,3390.0,1300.0,10,10,0,True
2024-11-05 16:00:00,VIC1,2445.53732,2563.06961,3561.0,7,3,0,10,3390.0,1300.0,10,10,0,True
2024-11-05 16:05:00,VIC1,2657.75095,2457.75095,3561.0,7,3,0,10,3390.0,1300.0,10,10,0,True
2024-11-05 16:10:00,VIC1,2772.6504,2594.02814,3561.0,7,3,0,10,3390.0,1300.0,10,10,0,True
2024-11-05 16:15:00,VIC1,2604.67261,2804.10031,3561.0,7,3,0,10,3390.0,1300.0,10,10,0,True
2024-11-05 16:20:00,VIC1,2568.72187,2704.89334,3561.0,7,3,0,10,3390.0,1300.0,10,10,0,True
2024-11-05 16:25:00,VIC1,2719.68511,2519.68511,3561.0,7,3,0,10,3390.0,1300.0,10,10,0,True
2024-11-05 16:30:00,VIC1,2948.95694,2777.58194,3561.0,7,3,0,10,3390.0,1300.0,10,10,0,True
2024-11-05 16:35:00,VIC1,2949.52911,2836.65411,3561.0,7,3,0,10,3390.0,1300.0,10,10,0,True
2024-11-05 16:40:00,VIC1,3031.28354,2930.03354,3561.0,7,3,0,10,3390.0,1300.0,10,10,0,True
2024-11-05 16:45:00,VIC1,3101.0620200000003,2997.1870200000003,3561.0,7,3,0,10,3390.0,1300.0,10,10,0,True
2024-11-05 16:50:00,VIC1,3186.0,3093.31867,3561.0,7,3,0,10,3390.0,1300.0,10,10,0,True
2024-11-05 16:55:00,VIC1,3253.0,3178.18387,3561.0,7,3,0,10,3390.0,1300.0,10,10,0,True
2024-11-05 17:00:00,VIC1,3308.0,3237.7234200000003,3561.0,7,3,0,10,3390.0,1300.0,10,10,0,True
2024-11-06 12:40:00,VIC1,1925.41393,1914.6689999999999,3754.0,8,2,0,10,3770.0,920.0,10,10,0,True
2024-11-06 12:45:00,VIC1,1931.9626600000001,1947.8383,3754.0,8,2,0,10,3770.0,920.0,10,10,0,True
2024-11-06 12:50:00,VIC1,1937.26962,1925.3974600000001,3754.0,8,2,0,10,3770.0,920.0,10,10,0,True
2024-11-06 12:55:00,VIC1,1943.72563,1957.2465200000001,3754.0,8,2,0,10,3770.0,920.0,10,10,0,True
2024-11-06 13:00:00,VIC1,1942.31424,1940.41391,3754.0,8,2,0,10,3770.0,920.0,10,10,0,True
2024-11-06 13:05:00,VIC1,1949.97215,1932.40158,3754.0,8,2,0,10,3770.0,920.0,10,10,0,True
2024-11-06 13:10:00,VIC1,1950.25443,1946.86867,3754.0,8,2,0,10,3770.0,920.0,10,10,0,True
2024-11-06 13:15:00,VIC1,1958.87183,1993.7965100000001,3754.0,8,2,0,10,3770.0,920.0,10,10,0,True
2024-11-06 13:20:00,VIC1,1966.87247,1974.5088700000001,3754.0,8,2,0,10,3770.0,920.0,10,10,0,True
2024-11-06 13:25:00,VIC1,1973.4576,1974.47469,3754.0,8,2,0,10,3770.0,920.0,10,10,0,True
2024-11-06 13:30:00,VIC1,1994.06804,1989.29683,3754.0,8,2,0,10,3770.0,920.0,10,10,0,True
2024-11-06 13:35:00,VIC1,2119.19843,2021.69843,3754.0,8,2,0,10,3770.0,920.0,10,10,0,True
2024-11-06 13:40:00,VIC1,2208.11937,2105.77562,3754.0,8,2,0,10,3770.0,920.0,10,10,0,True
2024-11-06 13:45:00,VIC1,2353.71043,2272.83543,3754.0,8,2,0,10,3770.0,920.0,10,10,0,True
2024-11-06 13:50:00,VIC1,2415.14808,2322.27308,3754.0,8,2,0,10,3770.0,920.0,10,10,0,True
2024-11-06 13:55:00,VIC1,2589.41662,2461.72912,3754.0,8,2,0,10,3770.0,920.0,10,10,0,True
2024-11-06 14:00:00,VIC1,2772.1519,2613.7769,3754.0,8,2,0,10,3770.0,920.0,10,10,0,True
2024-11-06 14:05:00,VIC1,2801.0912200000002,2645.8724700000002,3754.0,8,2,0,10,3770.0,920.0,10,10,0,True
2024-11-06 14:10:00,VIC1,2929.79756,2771.57881,3754.0,8,2,0,10,3770.0,920.0,10,10,0,True
2024-11-06 14:15:00,VIC1,2895.8442999999997,2929.2192999999997,3754.0,8,2,0,10,3770.0,920.0,10,10,0,True
2024-11-06 14:20:00,VIC1,2997.21818,2935.06867,3734.0,8,2,0,10,3770.0,920.0,10,10,0,True
2024-11-06 14:25:00,VIC1,3177.75,2984.85125,3734.0,8,2,0,10,3770.0,920.0,10,10,0,True
2024-11-06 14:30:00,VIC1,3001.0407999999998,3159.00634,3734.0,8,2,0,10,3770.0,920.0,10,10,0,True
2024-11-06 14:35:00,VIC1,2956.7660100000003,3063.78102,3734.0,8,2,0,10,3770.0,920.0,10,10,0,True
2024-11-06 14:40:00,VIC1,3102.25,2929.28798,3734.0,8,2,0,10,3770.0,920.0,10,10,0,True
2024-11-06 14:45:00,VIC1,2982.22365,3171.31804,3734.0,8,2,0,10,3770.0,920.0,10,10,0,True
2024-11-06 14:50:00,VIC1,2871.59551,3052.6835499999997,3724.0,8,2,0,10,3770.0,920.0,10,10,0,True
2024-11-06 14:55:00,VIC1,2868.95696,3048.58196,3864.0,8,2,0,10,3770.0,920.0,10,10,0,True
2024-11-06 15:00:00,VIC1,2782.53269,2895.67502,3864.0,8,2,0,10,3770.0,920.0,10,10,0,True
2024-11-06 15:05:00,VIC1,2810.7870199999998,2821.30063,3864.0,8,2,0,10,3770.0,920.0,10,10,0,True
2024-11-06 15:10:00,VIC1,2913.49468,2821.97626,3864.0,8,2,0,10,3770.0,920.0,10,10,0,True
2024-11-06 15:15:00,VIC1,3087.61108,2903.52627,3864.0,8,2,0,10,3770.0,920.0,10,10,0,True
2024-11-06 15:20:00,VIC1,3047.69647,3057.7705699999997,3864.0,8,2,0,10,3770.0,920.0,10,10,0,True
2024-11-06 15:25:00,VIC1,3114.79448,3066.33352,3864.0,8,2,0,10,3770.0,920.0,10,10,0,True
2024-11-06 15:30:00,VIC1,2986.31796,3127.69589,3864.0,8,2,0,10,3770.0,920.0,10,10,0,True
2024-11-06 15:35:00,VIC1,2916.7674,3019.42722,3864.0,8,2,0,10,3770.0,920.0,10,10,0,True
2024-11-06 15:40:00,VIC1,3032.76093,3015.04367,3864.0,8,2,0,10,3770.0,920.0,10,10,0,True
2024-11-06 15:45:00,VIC1,3197.17696,3068.24903,3864.0,8,2,0,10,3770.0,920.0,10,10,0,True
2024-11-06 15:50:00,VIC1,3040.14283,3161.95156,3864.0,8,2,0,10,3770.0,920.0,10,10,0,True
2024-11-06 15:55:00,VIC1,2883.03125,3000.5446500000003,3824.0,8,2,0,10,3770.0,920.0,10,10,0,True
2024-11-06 16:00:00,VIC1,2947.05832,2936.45569,3824.0,8,2,0,10,3770.0,920.0,10,10,0,True
2024-11-06 16:05:00,VIC1,3045.625,2886.62088,3824.0,8,2,0,10,3770.0,920.0,10,10,0,True
2024-11-06 16:10:00,VIC1,3012.5845799999997,3039.13702,3824.0,8,2,0,10,3770.0,920.0,10,10,0,True
2024-11-06 16:15:00,VIC1,3053.0,2970.91202,3824.0,8,2,0,10,3770.0,920.0,10,10,0,True
2024-11-06 16:20:00,VIC1,3054.04108,3074.26804,3824.0,8,2,0,10,3770.0,920.0,10,10,0,True
2024-11-06 16:25:00,VIC1,3109.46236,3163.37024,3824.0,8,2,0,10,3770.0,920.0,10,10,0,True
2024-11-06 16:30:00,VIC1,3169.0,3146.8914400000003,3824.0,8,2,0,10,3770.0,920.0,10,10,0,True
2024-11-06 16:35:00,VIC1,3260.56787,3260.55728,3844.0,8,2,0,10,3770.0,920.0,10,10,0,True
2024-11-06 16:40:00,VIC1,3297.57581,3321.99271,3844.0,8,2,0,10,3770.0,920.0,10,10,0,True
2024-11-08 13:00:00,VIC1,1640.0,1660.25,3554.0,7,3,0,10,3410.0,1280.0,10,10,0,True
2024-11-08 13:05:00,VIC1,1640.0,1661.59375,3554.0,7,3,0,10,3410.0,1280.0,10,10,0,True
2024-11-08 13:10:00,VIC1,1640.0,1655.8125,3554.0,7,3,0,10,3410.0,1280.0,10,10,0,True
2024-11-08 13:15:00,VIC1,1640.0,1645.28125,3554.0,7,3,0,10,3410.0,1280.0,10,10,0,True
2024-11-08 13:20:00,VIC1,1640.0,1638.09375,3554.0,7,3,0,10,3410.0,1280.0,10,10,0,True
2024-11-08 13:25:00,VIC1,1640.0,1645.84375,3554.0,7,3,0,10,3410.0,1280.0,10,10,0,True
2024-11-08 13:30:00,VIC1,1640.0,1645.9375,3554.0,7,3,0,10,3410.0,1280.0,10,10,0,True
2024-11-08 13:35:00,VIC1,1640.0,1639.375,3554.0,7,3,0,10,3410.0,1280.0,10,10,0,True
2024-11-08 13:40:00,VIC1,1640.0,1635.125,3554.0,7,3,0,10,3410.0,1280.0,10,10,0,True
2024-11-08 13:45:00,VIC1,1640.0,1645.21875,3554.0,7,3,0,10,3410.0,1280.0,10,10,0,True
2024-11-08 13:50:00,VIC1,1640.0,1669.25,3554.0,7,3,0,10,3410.0,1280.0,10,10,0,True
2024-11-08 13:55:00,VIC1,1640.0,1646.28125,3554.0,7,3,0,10,3410.0,1280.0,10,10,0,True
2024-11-08 14:00:00,VIC1,1645.0,1646.53125,3554.0,7,3,0,10,3410.0,1280.0,10,10,0,True
2024-11-08 14:05:00,VIC1,1645.0,1653.8125,3554.0,7,3,0,10,3410.0,1280.0,10,10,0,True
2024-11-08 14:10:00,VIC1,1645.0,1660.28125,3554.0,7,3,0,10,3410.0,1280.0,10,10,0,True
2024-11-08 14:15:00,VIC1,1645.0,1671.78125,3554.0,7,3,0,10,3410.0,1280.0,10,10,0,True
2024-11-08 14:20:00,VIC1,1645.0,1660.3125,3554.0,7,3,0,10,3410.0,1280.0,10,10,0,True
2024-11-08 14:25:00,VIC1,1645.0,1655.53125,3554.0,7,3,0,10,3410.0,1280.0,10,10,0,True
2024-11-08 14:30:00,VIC1,1645.0,1670.34375,3554.0,7,3,0,10,3410.0,1280.0,10,10,0,True
2024-11-08 14:35:00,VIC1,1650.0,1680.59375,3554.0,7,3,0,10,3410.0,1280.0,10,10,0,True
2024-11-08 14:40:00,VIC1,1650.0,1679.5,3554.0,7,3,0,10,3410.0,1280.0,10,10,0,True
2024-11-08 14:45:00,VIC1,1650.0,1660.0,3554.0,7,3,0,10,3410.0,1280.0,10,10,0,True
2024-11-08 14:50:00,VIC1,1650.0,1677.03125,3554.0,7,3,0,10,3410.0,1280.0,10,10,0,True
2024-11-08 14:55:00,VIC1,1650.0,1688.625,3554.0,7,3,0,10,3410.0,1280.0,10,10,0,True
2024-11-08 15:00:00,VIC1,1650.0,1684.4375,3554.0,7,3,0,10,3410.0,1280.0,10,10,0,True
2024-11-08 15:05:00,VIC1,1650.0,1647.03125,3554.0,7,3,0,10,3410.0,1280.0,10,10,0,True
2024-11-08 15:10:00,VIC1,1650.0,1656.75,3554.0,7,3,0,10,3410.0,1280.0,10,10,0,True
2024-11-08 15:15:00,VIC1,1660.0,1651.78125,3554.0,7,3,0,10,3410.0,1280.0,10,10,0,True
2024-11-08 15:20:00,VIC1,1660.0,1674.71875,3554.0,7,3,0,10,3410.0,1280.0,10,10,0,True
2024-11-08 15:25:00,VIC1,1660.0,1691.1875,3554.0,7,3,0,10,3410.0,1280.0,10,10,0,True
2024-11-08 15:30:00,VIC1,1660.0,1662.0625,3554.0,7,3,0,10,3410.0,1280.0,10,10,0,True
2024-11-08 15:35:00,VIC1,1660.0,1661.46875,3554.0,7,3,0,10,3410.0,1280.0,10,10,0,True
2024-11-08 15:40:00,VIC1,1660.0,1680.4375,3554.0,7,3,0,10,3410.0,1280.0,10,10,0,True
2024-11-08 15:45:00,VIC1,1660.0,1673.78125,3554.0,7,3,0,10,3410.0,1280.0,10,10,0,True
2024-11-08 15:50:00,VIC1,1660.0,1664.65625,3554.0,7,3,0,10,3410.0,1280.0,10,10,0,True
2024-11-08 15:55:00,VIC1,1660.0,1660.40625,3554.0,7,3,0,10,3410.0,1280.0,10,10,0,True
2024-11-08 16:00:00,VIC1,1660.0,1670.0,3554.0,7,3,0,10,3410.0,1280.0,10,10,0,True
2024-11-08 16:05:00,VIC1,1660.0,1666.125,3554.0,7,3,0,10,3410.0,1280.0,10,10,0,True
2024-11-08 16:10:00,VIC1,1660.0,1663.8125,3554.0,7,3,0,10,3410.0,1280.0,10,10,0,True
2024-11-08 16:15:00,VIC1,1660.0,1695.125,3554.0,7,3,0,10,3410.0,1280.0,10,10,0,True
2024-11-08 16:20:00,VIC1,1660.0,1660.09375,3554.0,7,3,0,10,3410.0,1280.0,10,10,0,True
2024-11-08 16:25:00,VIC1,1660.0,1691.46875,3554.0,7,3,0,10,3410.0,1280.0,10,10,0,True
2024-11-08 16:30:00,VIC1,1660.0,1702.3125,3554.0,7,3,0,10,3410.0,1280.0,10,10,0,True
2024-11-08 16:35:00,VIC1,1660.0,1693.6875,3554.0,7,3,0,10,3410.0,1280.0,10,10,0,True
2024-11-08 16:40:00,VIC1,1660.0,1696.90625,3554.0,7,3,0,10,3410.0,1280.0,10,10,0,True
2024-11-08 16:45:00,VIC1,1660.0,1671.28125,3554.0,7,3,0,10,3410.0,1280.0,10,10,0,True
2024-11-08 16:50:00,VIC1,1660.0,1707.46875,3554.0,7,3,0,10,3410.0,1280.0,10,10,0,True
2024-11-08 16:55:00,VIC1,1660.0,1709.34375,3554.0,7,3,0,10,3410.0,1280.0,10,10,0,True
2024-11-08 17:00:00,VIC1,1660.0,1691.625,3554.0,7,3,0,10,3410.0,1280.0,10,10,0,True
2024-11-20 13:00:00,VIC1,2245.0,2224.03125,4167.0,9,1,0,10,4130.0,560.0,10,10,0,True
2024-11-20 13:05:00,VIC1,2245.0,2256.53125,4167.0,9,1,0,10,4130.0,560.0,10,10,0,True
2024-11-20 13:10:00,VIC1,2245.0,2251.34375,4167.0,9,1,0,10,4130.0,560.0,10,10,0,True
2024-11-20 13:15:00,VIC1,2245.0,2275.0625,4167.0,9,1,0,10,4130.0,560.0,10,10,0,True
2024-11-20 13:20:00,VIC1,2245.0,2254.15625,4167.0,9,1,0,10,4130.0,560.0,10,10,0,True
2024-11-20 13:25:00,VIC1,2245.0,2252.09375,4167.0,9,1,0,10,4130.0,560.0,10,10,0,True
2024-11-20 13:30:00,VIC1,2245.0,2269.1875,4167.0,9,1,0,10,4130.0,560.0,10,10,0,True
2024-11-20 13:35:00,VIC1,2245.0,2232.03125,4167.0,9,1,0,10,4130.0,560.0,10,10,0,True
2024-11-20 13:40:00,VIC1,2245.0,2247.0625,4167.0,9,1,0,10,4130.0,560.0,10,10,0,True
2024-11-20 13:45:00,VIC1,2245.0,2240.5625,4167.0,9,1,0,10,4130.0,560.0,10,10,0,True
2024-11-20 13:50:00,VIC1,2245.0,2225.875,4167.0,9,1,0,10,4130.0,560.0,10,10,0,True
2024-11-20 13:55:00,VIC1,2245.0,2249.875,4167.0,9,1,0,10,4130.0,560.0,10,10,0,True
2024-11-20 14:00:00,VIC1,2245.0,2281.125,4167.0,9,1,0,10,4130.0,560.0,10,10,0,True
2024-11-20 14:05:00,VIC1,2245.0,2250.34375,4167.0,9,1,0,10,4130.0,560.0,10,10,0,True
2024-11-20 14:10:00,VIC1,2245.0,2268.34375,4167.0,9,1,0,10,4130.0,560.0,10,10,0,True
2024-11-20 14:15:00,VIC1,2245.0,2228.96875,4167.0,9,1,0,10,4130.0,560.0,10,10,0,True
2024-11-20 14:20:00,VIC1,2245.0,2234.3125,4167.0,9,1,0,10,4130.0,560.0,10,10,0,True
2024-11-20 14:25:00,VIC1,2245.0,2243.34375,4167.0,9,1,0,10,4130.0,560.0,10,10,0,True
2024-11-20 14:30:00,VIC1,2245.0,2271.4375,4167.0,9,1,0,10,4130.0,560.0,10,10,0,True
2024-11-20 14:35:00,VIC1,2245.0,2266.78125,4167.0,9,1,0,10,4130.0,560.0,10,10,0,True
2024-11-20 14:40:00,VIC1,2245.0,2264.125,4167.0,9,1,0,10,4130.0,560.0,10,10,0,True
2024-11-20 14:45:00,VIC1,2245.0,2235.25,4167.0,9,1,0,10,4130.0,560.0,10,10,0,True
2024-11-20 14:50:00,VIC1,2245.0,2241.0625,4167.0,9,1,0,10,4130.0,560.0,10,10,0,True
2024-11-20 14:55:00,VIC1,2245.0,2237.46875,4167.0,9,1,0,10,4130.0,560.0,10,10,0,True
2024-11-20 15:00:00,VIC1,2245.0,2261.375,4167.0,9,1,0,10,4130.0,560.0,10,10,0,True
2024-11-20 15:05:00,VIC1,2245.0,2275.15625,4167.0,9,1,0,10,4130.0,560.0,10,10,0,True
2024-11-20 15:10:00,VIC1,2245.0,2271.28125,4167.0,9,1,0,10,4130.0,560.0,10,10,0,True
2024-11-20 15:15:00,VIC1,2245.0,2222.4375,4167.0,9,1,0,10,4130.0,560.0,10,10,0,True
2024-11-20 15:20:00,VIC1,2245.0,2242.9375,4167.0,9,1,0,10,4130.0,560.0,10,10,0,True
2024-11-20 15:25:00,VIC1,2245.0,2243.1875,4167.0,9,1,0,10,4130.0,560.0,10,10,0,True
2024-11-20 15:30:00,VIC1,2245.0,2294.40625,4167.0,9,1,0,10,4130.0,560.0,10,10,0,True
2024-11-20 15:35:00,VIC1,2245.0,2247.34375,4167.0,9,1,0,10,4130.0,560.0,10,10,0,True
2024-11-20 15:40:00,VIC1,2245.0,2273.5,4167.0,9,1,0,10,4130.0,560.0,10,10,0,True
2024-11-20 15:45:00,VIC1,2245.0,2251.1875,4167.0,9,1,0,10,4130.0,560.0,10,10,0,True
2024-11-20 15:50:00,VIC1,2245.0,2245.9375,4167.0,9,1,0,10,4130.0,560.0,10,10,0,True
2024-11-20 15:55:00,VIC1,2245.0,2240.6875,4167.0,9,1,0,10,4130.0,560.0,10,10,0,True
2024-11-20 16:00:00,VIC1,2245.0,2243.90625,4167.0,9,1,0,10,4130.0,560.0,10,10,0,True
2024-11-20 16:05:00,VIC1,2293.0,2244.1875,4167.0,9,1,0,10,4130.0,560.0,10,10,0,True
2024-11-20 16:10:00,VIC1,2345.0,2347.09375,4167.0,9,1,0,10,4130.0,560.0,10,10,0,True
2024-11-20 16:15:00,VIC1,2373.0,2368.84375,4167.0,9,1,0,10,4130.0,560.0,10,10,0,True
2024-11-20 16:20:00,VIC1,2436.12748,2384.4375,4167.0,9,1,0,10,4130.0,560.0,10,10,0,True
2024-11-20 16:25:00,VIC1,2566.75,2436.34375,4167.0,9,1,0,10,4130.0,560.0,10,10,0,True
2024-11-20 16:30:00,VIC1,2709.125,2598.78125,4167.0,9,1,0,10,4130.0,560.0,10,10,0,True
2024-11-20 16:35:00,VIC1,2846.875,2685.625,4167.0,9,1,0,10,4130.0,560.0,10,10,0,True
2024-11-20 16:40:00,VIC1,2953.10954,2895.5,4167.0,9,1,0,10,4130.0,560.0,10,10,0,True
2024-11-20 16:45:00,VIC1,3110.0625,2980.15625,4167.0,9,1,0,10,4130.0,560.0,10,10,0,True
2024-11-20 16:50:00,VIC1,3182.75888,3123.46875,4167.0,9,1,0,10,4130.0,560.0,10,10,0,True
2024-11-20 16:55:00,VIC1,3262.28397,3176.25,4167.0,9,1,0,10,4130.0,560.0,10,10,0,True
2024-11-20 17:00:00,VIC1,3402.5896000000002,3283.375,4167.0,9,1,0,10,4130.0,560.0,10,10,0,True
2024-12-12 05:00:00,VIC1,3361.0,3351.4375,3361.0,7,3,0,10,3220.0,1470.0,10,10,0,True
2024-12-12 05:05:00,VIC1,3361.0,3364.09375,3361.0,7,3,0,10,3220.0,1470.0,10,10,0,True
2024-12-12 05:10:00,VIC1,3361.0,3360.03125,3361.0,7,3,0,10,3220.0,1470.0,10,10,0,True
2024-12-12 05:15:00,VIC1,3361.0,3380.40625,3361.0,7,3,0,10,3220.0,1470.0,10,10,0,True
2024-12-12 05:20:00,VIC1,3361.0,3349.1875,3361.0,7,3,0,10,3220.0,1470.0,10,10,0,True
2024-12-12 05:25:00,VIC1,3361.0,3370.5,3361.0,7,3,0,10,3220.0,1470.0,10,10,0,True
2024-12-12 05:30:00,VIC1,3349.0,3293.28125,3361.0,7,3,0,10,3220.0,1470.0,10,10,0,True
2024-12-12 05:35:00,VIC1,3349.0,3330.46875,3361.0,7,3,0,10,3220.0,1470.0,10,10,0,True
2024-12-12 05:40:00,VIC1,3355.0,3364.4375,3361.0,7,3,0,10,3220.0,1470.0,10,10,0,True
2024-12-12 05:45:00,VIC1,3358.0,3343.65625,3361.0,7,3,0,10,3220.0,1470.0,10,10,0,True
2024-12-12 05:50:00,VIC1,3355.0,3333.84375,3361.0,7,3,0,10,3220.0,1470.0,10,10,0,True
2024-12-12 05:55:00,VIC1,3355.0,3364.375,3361.0,7,3,0,10,3220.0,1470.0,10,10,0,True
2024-12-12 06:00:00,VIC1,3355.0,3344.9375,3361.0,7,3,0,10,3220.0,1470.0,10,10,0,True
2024-12-12 06:05:00,VIC1,3355.0,3335.96875,3361.0,7,3,0,10,3220.0,1470.0,10,10,0,True
2024-12-12 06:10:00,VIC1,3355.0,3345.875,3361.0,7,3,0,10,3220.0,1470.0,10,10,0,True
2024-12-12 06:15:00,VIC1,3358.0,3366.09375,3361.0,7,3,0,10,3220.0,1470.0,10,10,0,True
2024-12-12 06:20:00,VIC1,3361.0,3365.625,3361.0,7,3,0,10,3220.0,1470.0,10,10,0,True
2024-12-12 06:25:00,VIC1,3361.0,3356.0,3361.0,7,3,0,10,3220.0,1470.0,10,10,0,True
2024-12-12 06:30:00,VIC1,3361.0,3377.3125,3361.0,7,3,0,10,3220.0,1470.0,10,10,0,True
2024-12-12 06:35:00,VIC1,3361.0,3340.625,3361.0,7,3,0,10,3220.0,1470.0,10,10,0,True
2024-12-12 06:40:00,VIC1,3361.0,3355.1875,3361.0,7,3,0,10,3220.0,1470.0,10,10,0,True
2024-12-12 06:45:00,VIC1,3361.0,3376.59375,3361.0,7,3,0,10,3220.0,1470.0,10,10,0,True
2024-12-12 06:50:00,VIC1,3358.0,3342.625,3361.0,7,3,0,10,3220.0,1470.0,10,10,0,True
2024-12-12 06:55:00,VIC1,3355.0,3329.5625,3361.0,7,3,0,10,3220.0,1470.0,10,10,0,True
2024-12-12 07:00:00,VIC1,3355.0,3339.1875,3361.0,7,3,0,10,3220.0,1470.0,10,10,0,True
2024-12-12 07:05:00,VIC1,3355.0,3330.75,3361.0,7,3,0,10,3220.0,1470.0,10,10,0,True
2024-12-12 07:10:00,VIC1,3358.0,3359.4375,3361.0,7,3,0,10,3220.0,1470.0,10,10,0,True
2024-12-12 07:15:00,VIC1,3361.0,3363.21875,3361.0,7,3,0,10,3220.0,1470.0,10,10,0,True
2024-12-12 07:20:00,VIC1,3361.0,3344.0625,3361.0,7,3,0,10,3220.0,1470.0,10,10,0,True
2024-12-12 07:25:00,VIC1,3361.0,3366.5625,3361.0,7,3,0,10,3220.0,1470.0,10,10,0,True
2024-12-12 07:30:00,VIC1,3360.0,3348.40625,3363.0,7,3,0,10,3220.0,1470.0,10,10,0,True
2024-12-12 07:35:00,VIC1,3360.0,3347.25,3363.0,7,3,0,10,3220.0,1470.0,10,10,0,True
2024-12-12 07:40:00,VIC1,3360.0,3329.03125,3363.0,7,3,0,10,3220.0,1470.0,10,10,0,True
2024-12-12 07:45:00,VIC1,3360.0,3344.0625,3363.0,7,3,0,10,3220.0,1470.0,10,10,0,True
2024-12-12 07:50:00,VIC1,3360.0,3350.6875,3363.0,7,3,0,10,3220.0,1470.0,10,10,0,True
2024-12-12 07:55:00,VIC1,3360.0,3328.03125,3363.0,7,3,0,10,3220.0,1470.0,10,10,0,True
2024-12-12 08:00:00,VIC1,3360.0,3348.71875,3363.0,7,3,0,10,3220.0,1470.0,10,10,0,True
2024-12-12 08:05:00,VIC1,3360.0,3346.28125,3363.0,7,3,0,10,3220.0,1470.0,10,10,0,True
2024-12-12 08:10:00,VIC1,3363.0,3366.1875,3363.0,7,3,0,10,3220.0,1470.0,10,10,0,True
2024-12-12 08:15:00,VIC1,3363.0,3368.78125,3363.0,7,3,0,10,3220.0,1470.0,10,10,0,True
2024-12-12 08:20:00,VIC1,3363.0,3369.46875,3363.0,7,3,0,10,3220.0,1470.0,10,10,0,True
2024-12-12 08:25:00,VIC1,3363.0,3340.40625,3363.0,7,3,0,10,3220.0,1470.0,10,10,0,True
2024-12-12 08:30:00,VIC1,3363.0,3368.625,3363.0,7,3,0,10,3220.0,1470.0,10,10,0,True
2024-12-12 08:35:00,VIC1,3315.5625,3355.875,3363.0,7,3,0,10,3220.0,1470.0,10,10,0,True
2024-12-12 08:40:00,VIC1,3330.41579,3335.96875,3363.0,7,3,0,10,3220.0,1470.0,10,10,0,True
2024-12-12 08:45:00,VIC1,3285.15625,3316.71875,3363.0,7,3,0,10,3220.0,1470.0,10,10,0,True
2024-12-12 08:50:00,VIC1,3262.21875,3312.65625,3363.0,7,3,0,10,3220.0,1470.0,10,10,0,True
2024-12-12 08:55:00,VIC1,3227.6875,3269.375,3363.0,7,3,0,10,3220.0,1470.0,10,10,0,True
2024-12-12 09:00:00,VIC1,3123.14592,3231.96875,3363.0,7,3,0,10,3220.0,1470.0,10,10,0,True
2024-12-17 05:35:00,VIC1,3796.0,3770.5,3805.0,8,2,0,10,3750.0,940.0,10,10,0,True
2024-12-17 05:40:00,VIC1,3802.0,3801.5,3805.0,8,2,0,10,3750.0,940.0,10,10,0,True
2024-12-17 05:45:00,VIC1,3802.0,3785.0,3805.0,8,2,0,10,3750.0,940.0,10,10,0,True
2024-12-17 05:50:00,VIC1,3799.0,3777.78125,3805.0,8,2,0,10,3750.0,940.0,10,10,0,True
2024-12-17 05:55:00,VIC1,3793.0,3748.5625,3805.0,8,2,0,10,3750.0,940.0,10,10,0,True
2024-12-17 06:00:00,VIC1,3799.0,3748.15625,3805.0,8,2,0,10,3750.0,940.0,10,10,0,True
2024-12-17 06:05:00,VIC1,3820.0,3742.40625,3826.0,8,2,0,10,3750.0,940.0,10,10,0,True
2024-12-17 06:10:00,VIC1,3820.0,3807.75,3826.0,8,2,0,10,3750.0,940.0,10,10,0,True
2024-12-17 06:15:00,VIC1,3826.0,3765.65625,3826.0,8,2,0,10,3750.0,940.0,10,10,0,True
2024-12-17 06:20:00,VIC1,3826.0,3789.84375,3826.0,8,2,0,10,3750.0,940.0,10,10,0,True
2024-12-17 06:25:00,VIC1,3826.0,3781.71875,3826.0,8,2,0,10,3750.0,940.0,10,10,0,True
2024-12-17 06:30:00,VIC1,3826.0,3778.59375,3826.0,8,2,0,10,3750.0,940.0,10,10,0,True
2024-12-17 06:35:00,VIC1,3816.0,3796.90625,3816.0,8,2,0,10,3750.0,940.0,10,10,0,True
2024-12-17 06:40:00,VIC1,3816.0,3785.78125,3816.0,8,2,0,10,3750.0,940.0,10,10,0,True
2024-12-17 06:45:00,VIC1,3816.0,3778.8125,3816.0,8,2,0,10,3750.0,940.0,10,10,0,True
2024-12-17 06:50:00,VIC1,3802.74777,3807.15625,3816.0,8,2,0,10,3750.0,940.0,10,10,0,True
2024-12-17 06:55:00,VIC1,3585.21875,3799.125,3816.0,8,2,0,10,3750.0,940.0,10,10,0,True
2024-12-17 07:00:00,VIC1,3809.75,3623.75,3816.0,8,2,0,10,3750.0,940.0,10,10,0,True
2024-12-17 07:05:00,VIC1,3562.65625,3776.78125,3816.0,8,2,0,10,3750.0,940.0,10,10,0,True
2024-12-17 07:10:00,VIC1,3719.15085,3627.125,3816.0,8,2,0,10,3750.0,940.0,10,10,0,True
2024-12-17 07:15:00,VIC1,3555.9457,3663.53125,3816.0,8,2,0,10,3750.0,940.0,10,10,0,True
2024-12-17 07:20:00,VIC1,3385.59375,3586.34375,3816.0,8,2,0,10,3750.0,940.0,10,10,0,True
2024-12-17 07:25:00,VIC1,3219.71875,3410.125,3816.0,8,2,0,10,3750.0,940.0,10,10,0,True
2024-12-17 07:30:00,VIC1,3094.5625,3221.0625,3816.0,8,2,0,10,3750.0,940.0,10,10,0,True
2024-12-17 07:35:00,VIC1,3063.69218,3191.25,3816.0,8,2,0,10,3750.0,940.0,10,10,0,True
2024-12-17 07:40:00,VIC1,2950.3125,3041.8125,3816.0,8,2,0,10,3750.0,940.0,10,10,0,True
2024-12-17 07:45:00,VIC1,2865.375,2980.3125,3816.0,8,2,0,10,3750.0,940.0,10,10,0,True
2024-12-17 07:50:00,VIC1,2795.125,2928.4375,3816.0,8,2,0,10,3750.0,940.0,10,10,0,True
2024-12-17 07:55:00,VIC1,2656.65625,2756.78125,3816.0,8,2,0,10,3750.0,940.0,10,10,0,True
2024-12-17 08:00:00,VIC1,2591.0,2676.0625,3816.0,8,2,0,10,3750.0,940.0,10,10,0,True
2024-12-17 08:05:00,VIC1,2500.59375,2646.78125,3816.0,8,2,0,10,3750.0,940.0,10,10,0,True
2024-12-17 08:10:00,VIC1,2447.6875,2568.8125,3816.0,8,2,0,10,3750.0,940.0,10,10,0,True
2024-12-17 08:15:00,VIC1,2352.53125,2477.28125,3816.0,8,2,0,10,3750.0,940.0,10,10,0,True
2024-12-17 08:20:00,VIC1,2230.71875,2351.125,3816.0,8,2,0,10,3750.0,940.0,10,10,0,True
2024-12-17 08:25:00,VIC1,2132.5,2229.5,3816.0,8,2,0,10,3750.0,940.0,10,10,0,True
2024-12-17 08:30:00,VIC1,2072.375,2191.0,3816.0,8,2,0,10,3750.0,940.0,10,10,0,True
2024-12-17 08:35:00,VIC1,2011.125,2084.75,3816.0,8,2,0,10,3750.0,940.0,10,10,0,True
2024-12-17 08:40:00,VIC1,1974.0,2041.4375,3816.0,8,2,0,10,3750.0,940.0,10,10,0,True
2024-12-17 08:45:00,VIC1,1949.71875,2016.59375,3816.0,8,2,0,10,3750.0,940.0,10,10,0,True
2024-12-17 08:50:00,VIC1,1927.0,1959.25,3816.0,8,2,0,10,3750.0,940.0,10,10,0,True
2024-12-17 08:55:00,VIC1,1920.0,1923.9375,3816.0,8,2,0,10,3750.0,940.0,10,10,0,True
2024-12-17 09:00:00,VIC1,1908.34375,1947.25,3816.0,8,2,0,10,3750.0,940.0,10,10,0,True
2024-12-17 09:05:00,VIC1,1900.0,1924.96875,3816.0,8,2,0,10,3750.0,940.0,10,10,0,True
2024-12-17 09:10:00,VIC1,1900.0,1950.25,3816.0,8,2,0,10,3750.0,940.0,10,10,0,True
2024-12-17 09:15:00,VIC1,1900.0,1934.59375,3816.0,8,2,0,10,3750.0,940.0,10,10,0,True
2024-12-17 09:20:00,VIC1,1900.0,1942.46875,3816.0,8,2,0,10,3750.0,940.0,10,10,0,True
2024-12-17 09:25:00,VIC1,1880.0,1900.375,3816.0,8,2,0,10,3750.0,940.0,10,10,0,True
2024-12-17 09:30:00,VIC1,1880.0,1893.4375,3816.0,8,2,0,10,3750.0,940.0,10,10,0,True
2024-12-17 09:35:00,VIC1,1880.0,1916.78125,3816.0,8,2,0,10,3750.0,940.0,10,10,0,True
2024-12-18 20:00:00,VIC1,3350.0,3337.21875,3350.0,7,3,0,10,3220.0,1470.0,10,10,0,True
2024-12-18 20:05:00,VIC1,3370.0,3345.46875,3495.0,7,3,0,10,3220.0,1470.0,10,10,0,True
2024-12-18 20:10:00,VIC1,3479.0,3440.28125,3495.0,8,2,0,10,3750.0,940.0,10,10,0,True
2024-12-18 20:15:00,VIC1,3487.0,3446.46875,3495.0,8,2,0,10,3750.0,940.0,10,10,0,True
2024-12-18 20:20:00,VIC1,3495.0,3475.4375,3495.0,8,2,0,10,3750.0,940.0,10,10,0,True
2024-12-18 20:25:00,VIC1,3477.0,3481.84375,3475.0,8,2,0,10,3750.0,940.0,10,10,0,True
2024-12-18 20:30:00,VIC1,3559.0,3523.0625,3645.0,8,2,0,10,3750.0,940.0,10,10,0,True
2024-12-18 20:35:00,VIC1,3605.0,3557.46875,3645.0,8,2,0,10,3750.0,940.0,10,10,0,True
2024-12-18 20:40:00,VIC1,3629.0,3592.9375,3645.0,8,2,0,10,3750.0,940.0,10,10,0,True
2024-12-18 20:45:00,VIC1,3645.0,3620.625,3645.0,8,2,0,10,3750.0,940.0,10,10,0,True
2024-12-18 20:50:00,VIC1,3645.0,3653.75,3645.0,8,2,0,10,3750.0,940.0,10,10,0,True
2024-12-18 20:55:00,VIC1,3717.0,3671.9375,3875.0,8,2,0,10,3750.0,940.0,10,10,0,True
2024-12-18 21:00:00,VIC1,3730.0,3717.65625,3875.0,8,2,0,10,3750.0,940.0,10,10,0,True
2024-12-18 21:05:00,VIC1,3742.0,3697.75,3875.0,8,2,0,10,3750.0,940.0,10,10,0,True
2024-12-18 21:10:00,VIC1,3765.0,3751.40625,3875.0,8,2,0,10,3750.0,940.0,10,10,0,True
2024-12-18 21:15:00,VIC1,3782.0,3753.71875,3875.0,8,2,0,10,3750.0,940.0,10,10,0,True
2024-12-18 21:20:00,VIC1,3763.0,3725.125,3875.0,8,2,0,10,3750.0,940.0,10,10,0,True
2024-12-18 21:25:00,VIC1,3735.0,3743.59375,3735.0,8,2,0,10,3750.0,940.0,10,10,0,True
2024-12-18 21:30:00,VIC1,3735.0,3706.5,3735.0,8,2,0,10,3750.0,940.0,10,10,0,True
2024-12-18 21:35:00,VIC1,3735.0,3727.90625,3735.0,8,2,0,10,3750.0,940.0,10,10,0,True
2024-12-18 21:40:00,VIC1,3735.0,3731.9375,3735.0,8,2,0,10,3750.0,940.0,10,10,0,True
2024-12-18 21:45:00,VIC1,3735.0,3709.78125,3735.0,8,2,0,10,3750.0,940.0,10,10,0,True
2024-12-18 21:50:00,VIC1,3735.0,3713.6875,3735.0,8,2,0,10,3750.0,940.0,10,10,0,True
2024-12-18 21:55:00,VIC1,3735.0,3723.5625,3735.0,8,2,0,10,3750.0,940.0,10,10,0,True
2024-12-18 22:00:00,VIC1,3735.0,3725.21875,3735.0,8,2,0,10,3750.0,940.0,10,10,0,True
2024-12-18 22:05:00,VIC1,3762.0,3721.09375,3875.0,8,2,0,10,3750.0,940.0,10,10,0,True
2024-12-18 22:10:00,VIC1,3761.0,3736.78125,3875.0,8,2,0,10,3750.0,940.0,10,10,0,True
2024-12-18 22:15:00,VIC1,3735.0,3722.3125,3735.0,8,2,0,10,3750.0,940.0,10,10,0,True
2024-12-18 22:20:00,VIC1,3735.0,3742.5625,3735.0,8,2,0,10,3750.0,940.0,10,10,0,True
2024-12-18 22:25:00,VIC1,3735.0,3739.1875,3735.0,8,2,0,10,3750.0,940.0,10,10,0,True
2024-12-18 22:30:00,VIC1,3739.0,3766.78125,3735.0,9,1,0,10,4310.0,380.0,10,10,0,True
2024-12-18 22:35:00,VIC1,3853.0,3763.28125,4125.0,9,1,0,10,4310.0,380.0,10,10,0,True
2024-12-18 22:40:00,VIC1,3864.0,3818.46875,4125.0,9,1,0,10,4310.0,380.0,10,10,0,True
2024-12-18 22:45:00,VIC1,3873.0,3855.71875,3985.0,9,1,0,10,4310.0,380.0,10,10,0,True
2024-12-18 22:50:00,VIC1,3910.0,3853.0625,4125.0,9,1,0,10,4310.0,380.0,10,10,0,True
2024-12-18 22:55:00,VIC1,3886.0,3884.125,4000.0,9,1,0,10,4310.0,380.0,10,10,0,True
2024-12-18 23:00:00,VIC1,3932.0,3871.75,4125.0,9,1,0,10,4310.0,380.0,10,10,0,True
2024-12-18 23:05:00,VIC1,3997.0,3933.75,4125.0,9,1,0,10,4310.0,380.0,10,10,0,True
2024-12-18 23:10:00,VIC1,4046.0,4015.4375,4125.0,9,1,0,10,4310.0,380.0,10,10,0,True
2024-12-18 23:15:00,VIC1,4064.0,4000.125,4125.0,9,1,0,10,4310.0,380.0,10,10,0,True
2024-12-18 23:20:00,VIC1,4133.0,4079.03125,4155.0,9,1,0,10,4310.0,380.0,10,10,0,True
2024-12-18 23:25:00,VIC1,4155.0,4124.25,4155.0,9,1,0,10,4310.0,380.0,10,10,0,True
2024-12-18 23:30:00,VIC1,4155.0,4115.9375,4155.0,9,1,0,10,4310.0,380.0,10,10,0,True
2024-12-18 23:35:00,VIC1,4155.0,4145.71875,4155.0,9,1,0,10,4310.0,380.0,10,10,0,True
2024-12-18 23:40:00,VIC1,4155.0,4157.46875,4155.0,9,1,0,10,4310.0,380.0,10,10,0,True
2024-12-18 23:45:00,VIC1,4155.0,4137.1875,4155.0,9,1,0,10,4310.0,380.0,10,10,0,True
2024-12-18 23:50:00,VIC1,4155.0,4163.375,4155.0,9,1,0,10,4310.0,380.0,10,10,0,True
2024-12-18 23:55:00,VIC1,4155.0,4144.25,4155.0,9,1,0,10,4310.0,380.0,10,10,0,True
2024-12-19 00:00:00,VIC1,4155.0,4156.25,4155.0,9,1,0,10,4310.0,380.0,10,10,0,True
2024-12-19 05:00:00,VIC1,4125.0,4123.09375,4125.0,9,1,0,10,4310.0,380.0,10,10,0,True
2024-12-19 05:05:00,VIC1,4125.0,4108.78125,4125.0,9,1,0,10,4310.0,380.0,10,10,0,True
2024-12-19 05:10:00,VIC1,4125.0,4122.40625,4125.0,9,1,0,10,4310.0,380.0,10,10,0,True
2024-12-19 05:15:00,VIC1,4125.0,4152.3125,4125.0,9,1,0,10,4310.0,380.0,10,10,0,True
2024-12-19 05:20:00,VIC1,4145.0,4133.3125,4145.0,9,1,0,10,4310.0,380.0,10,10,0,True
2024-12-19 05:25:00,VIC1,4145.0,4139.9375,4145.0,9,1,0,10,4310.0,380.0,10,10,0,True
2024-12-19 05:30:00,VIC1,4142.0,4114.03125,4145.0,9,1,0,10,4310.0,380.0,10,10,0,True
2024-12-19 05:35:00,VIC1,4142.0,4123.59375,4145.0,9,1,0,10,4310.0,380.0,10,10,0,True
2024-12-19 05:40:00,VIC1,4139.0,4110.1875,4145.0,9,1,0,10,4310.0,380.0,10,10,0,True
2024-12-19 05:45:00,VIC1,4139.0,4104.90625,4145.0,9,1,0,10,4310.0,380.0,10,10,0,True
2024-12-19 05:50:00,VIC1,4139.0,4104.0,4145.0,9,1,0,10,4310.0,380.0,10,10,0,True
2024-12-19 05:55:00,VIC1,4133.0,4082.90625,4145.0,9,1,0,10,4310.0,380.0,10,10,0,True
2024-12-19 06:00:00,VIC1,4088.4668899999997,4097.03125,4145.0,9,1,0,10,4310.0,380.0,10,10,0,True
2024-12-19 06:05:00,VIC1,4136.0,4106.3125,4145.0,9,1,0,10,4310.0,380.0,10,10,0,True
2024-12-19 06:10:00,VIC1,4090.3242,4111.75,4145.0,9,1,0,10,4310.0,380.0,10,10,0,True
2024-12-19 06:15:00,VIC1,4075.78125,4126.65625,4145.0,9,1,0,10,4310.0,380.0,10,10,0,True
2024-12-19 06:20:00,VIC1,4134.6875,4111.1875,4145.0,9,1,0,10,4310.0,380.0,10,10,0,True
2024-12-19 06:25:00,VIC1,3994.40625,4104.84375,4145.0,9,1,0,10,4310.0,380.0,10,10,0,True
2024-12-19 06:30:00,VIC1,3892.70355,4019.9375,4145.0,9,1,0,10,4310.0,380.0,10,10,0,True
2024-12-19 06:35:00,VIC1,3689.6875,3905.875,4145.0,9,1,0,10,4310.0,380.0,10,10,0,True
2024-12-19 06:40:00,VIC1,3504.09375,3713.59375,4145.0,9,1,0,10,4310.0,380.0,10,10,0,True
2024-12-19 06:45:00,VIC1,3341.9375,3527.96875,4145.0,9,1,0,10,4310.0,380.0,10,10,0,True
2024-12-19 06:50:00,VIC1,3258.3125,3363.8125,4145.0,9,1,0,10,4310.0,380.0,10,10,0,True
2024-12-19 06:55:00,VIC1,3152.65625,3204.65625,4145.0,9,1,0,10,4310.0,380.0,10,10,0,True
2024-12-19 07:00:00,VIC1,3114.9375,3207.3125,4145.0,9,1,0,10,4310.0,380.0,10,10,0,True
2024-12-19 07:05:00,VIC1,2999.40625,3114.4375,4145.0,9,1,0,10,4310.0,380.0,10,10,0,True
2024-12-19 07:10:00,VIC1,2862.65625,3020.6875,4145.0,9,1,0,10,4310.0,380.0,10,10,0,True
2024-12-19 07:15:00,VIC1,2780.4375,2958.875,4145.0,9,1,0,10,4310.0,380.0,10,10,0,True
2024-12-19 07:20:00,VIC1,2717.0,2881.71875,4145.0,9,1,0,10,4310.0,380.0,10,10,0,True
2024-12-19 07:25:00,VIC1,2695.0,2763.8125,4145.0,9,1,0,10,4310.0,380.0,10,10,0,True
2024-12-19 07:30:00,VIC1,2675.0,2696.46875,4145.0,9,1,0,10,4310.0,380.0,10,10,0,True
2024-12-19 07:35:00,VIC1,2613.0,2695.09375,4145.0,9,1,0,10,4310.0,380.0,10,10,0,True
2024-12-19 07:40:00,VIC1,2580.0,2605.96875,4145.0,9,1,0,10,4310.0,380.0,10,10,0,True
2024-12-19 07:45:00,VIC1,2530.8125,2561.96875,3855.0,9,1,0,10,4310.0,380.0,10,10,0,True
2024-12-19 07:50:00,VIC1,2509.5,2528.03125,3855.0,9,1,0,10,4310.0,380.0,10,10,0,True
2024-12-19 07:55:00,VIC1,2427.3125,2490.3125,3855.0,9,1,0,10,4310.0,380.0,10,10,0,True
2024-12-19 08:00:00,VIC1,2432.1875,2447.34375,3855.0,9,1,0,10,4310.0,380.0,10,10,0,True
2024-12-19 08:05:00,VIC1,2350.5,2395.46875,3855.0,9,1,0,10,4310.0,380.0,10,10,0,True
2024-12-19 08:10:00,VIC1,2350.0,2347.78125,3855.0,9,1,0,10,4310.0,380.0,10,10,0,True
2024-12-19 08:15:00,VIC1,2350.0,2325.25,3855.0,9,1,0,10,4310.0,380.0,10,10,0,True
2024-12-19 08:20:00,VIC1,2350.0,2331.5625,3855.0,9,1,0,10,4310.0,380.0,10,10,0,True
2024-12-19 08:25:00,VIC1,2350.0,2309.625,3855.0,9,1,0,10,4310.0,380.0,10,10,0,True
2024-12-19 08:30:00,VIC1,2350.0,2344.65625,3855.0,9,1,0,10,4310.0,380.0,10,10,0,True
2024-12-19 08:35:00,VIC1,2295.375,2321.875,3855.0,9,1,0,10,4310.0,380.0,10,10,0,True
2024-12-19 08:40:00,VIC1,2290.0,2306.34375,3855.0,9,1,0,10,4310.0,380.0,10,10,0,True
2024-12-19 08:45:00,VIC1,2290.0,2277.4375,3855.0,9,1,0,10,4310.0,380.0,10,10,0,True
2024-12-19 08:50:00,VIC1,2290.0,2297.53125,3855.0,9,1,0,10,4310.0,380.0,10,10,0,True
2024-12-19 08:55:00,VIC1,2300.0,2289.125,3855.0,9,1,0,10,4310.0,380.0,10,10,0,True
2024-12-19 09:00:00,VIC1,2300.0,2301.4375,3855.0,9,1,0,10,4310.0,380.0,10,10,0,True
2024-12-20 04:35:00,VIC1,4208.09375,4199.46875,4227.0,9,1,0,10,4310.0,380.0,10,10,0,True
2024-12-20 04:40:00,VIC1,4221.78125,4217.03125,4227.0,9,1,0,10,4310.0,380.0,10,10,0,True
2024-12-20 04:45:00,VIC1,4227.0,4202.75,4227.0,9,1,0,10,4310.0,380.0,10,10,0,True
2024-12-20 04:50:00,VIC1,4227.0,4220.71875,4227.0,9,1,0,10,4310.0,380.0,10,10,0,True
2024-12-20 04:55:00,VIC1,4224.0,4187.4375,4227.0,9,1,0,10,4310.0,380.0,10,10,0,True
2024-12-20 05:00:00,VIC1,4224.0,4224.40625,4227.0,9,1,0,10,4310.0,380.0,10,10,0,True
2024-12-20 05:05:00,VIC1,4224.0,4219.9375,4227.0,9,1,0,10,4310.0,380.0,10,10,0,True
2024-12-20 05:10:00,VIC1,4224.0,4218.09375,4227.0,9,1,0,10,4310.0,380.0,10,10,0,True
2024-12-20 05:15:00,VIC1,4224.0,4211.0625,4227.0,9,1,0,10,4310.0,380.0,10,10,0,True
2024-12-20 05:20:00,VIC1,4224.0,4200.53125,4227.0,9,1,0,10,4310.0,380.0,10,10,0,True
2024-12-20 05:25:00,VIC1,4224.0,4201.375,4227.0,9,1,0,10,4310.0,380.0,10,10,0,True
2024-12-20 05:30:00,VIC1,4224.0,4207.46875,4227.0,9,1,0,10,4310.0,380.0,10,10,0,True
2024-12-20 05:35:00,VIC1,4224.0,4199.71875,4227.0,9,1,0,10,4310.0,380.0,10,10,0,True
2024-12-20 05:40:00,VIC1,4224.0,4202.65625,4227.0,9,1,0,10,4310.0,380.0,10,10,0,True
2024-12-20 05:45:00,VIC1,4221.0,4181.6875,4227.0,9,1,0,10,4310.0,380.0,10,10,0,True
2024-12-20 05:50:00,VIC1,4224.0,4224.6875,4227.0,9,1,0,10,4310.0,380.0,10,10,0,True
2024-12-20 05:55:00,VIC1,4214.0,4203.125,4217.0,9,1,0,10,4310.0,380.0,10,10,0,True
2024-12-20 06:00:00,VIC1,4100.01683,4187.21875,4217.0,9,1,0,10,4310.0,380.0,10,10,0,True
2024-12-20 06:05:00,VIC1,4051.4620999999997,4054.84375,4217.0,9,1,0,10,4310.0,380.0,10,10,0,True
2024-12-20 06:10:00,VIC1,4157.6875,4080.5625,4217.0,9,1,0,10,4310.0,380.0,10,10,0,True
2024-12-20 06:15:00,VIC1,3987.04143,4128.65625,4217.0,9,1,0,10,4310.0,380.0,10,10,0,True
2024-12-20 06:20:00,VIC1,3988.74604,4060.375,4217.0,9,1,0,10,4310.0,380.0,10,10,0,True
2024-12-20 06:25:00,VIC1,3815.0,3958.75,4217.0,9,1,0,10,4310.0,380.0,10,10,0,True
2024-12-20 06:30:00,VIC1,3677.03125,3832.34375,4217.0,9,1,0,10,4310.0,380.0,10,10,0,True
2024-12-20 06:35:00,VIC1,3598.8125,3714.21875,4217.0,9,1,0,10,4310.0,380.0,10,10,0,True
2024-12-20 06:40:00,VIC1,3517.78125,3635.46875,4217.0,9,1,0,10,4310.0,380.0,10,10,0,True
2024-12-20 06:45:00,VIC1,3410.15625,3502.09375,4217.0,9,1,0,10,4310.0,380.0,10,10,0,True
2024-12-20 06:50:00,VIC1,3302.71875,3400.40625,4217.0,9,1,0,10,4310.0,380.0,10,10,0,True
2024-12-20 06:55:00,VIC1,3249.0,3358.40625,4217.0,9,1,0,10,4310.0,380.0,10,10,0,True
2024-12-20 07:00:00,VIC1,3173.875,3306.90625,4217.0,9,1,0,10,4310.0,380.0,10,10,0,True
2024-12-20 07:05:00,VIC1,3018.21875,3177.78125,4217.0,9,1,0,10,4310.0,380.0,10,10,0,True
2024-12-20 07:10:00,VIC1,2993.33965,3114.3125,4217.0,9,1,0,10,4310.0,380.0,10,10,0,True
2024-12-20 07:15:00,VIC1,2893.09375,2999.46875,4217.0,9,1,0,10,4310.0,380.0,10,10,0,True
2024-12-20 07:20:00,VIC1,2794.15718,2930.90625,4217.0,9,1,0,10,4310.0,380.0,10,10,0,True
2024-12-20 07:25:00,VIC1,2777.5,2849.90625,4217.0,9,1,0,10,4310.0,380.0,10,10,0,True
2024-12-20 07:30:00,VIC1,2692.56362,2730.59375,4217.0,9,1,0,10,4310.0,380.0,10,10,0,True
2024-12-20 07:35:00,VIC1,2538.6875,2681.875,4217.0,9,1,0,10,4310.0,380.0,10,10,0,True
2024-12-20 07:40:00,VIC1,2476.96875,2562.46875,4217.0,9,1,0,10,4310.0,380.0,10,10,0,True
2024-12-20 07:45:00,VIC1,2457.34375,2497.46875,4217.0,9,1,0,10,4310.0,380.0,10,10,0,True
2024-12-20 07:50:00,VIC1,2441.40625,2469.28125,4217.0,9,1,0,10,4310.0,380.0,10,10,0,True
2024-12-20 07:55:00,VIC1,2432.96875,2462.34375,4217.0,9,1,0,10,4310.0,380.0,10,10,0,True
2024-12-20 08:00:00,VIC1,2430.0,2439.5625,4217.0,9,1,0,10,4310.0,380.0,10,10,0,True
2024-12-20 08:05:00,VIC1,2325.59375,2460.46875,4227.0,9,1,0,10,4310.0,380.0,10,10,0,True
2024-12-20 08:10:00,VIC1,2252.0,2350.09375,4227.0,9,1,0,10,4310.0,380.0,10,10,0,True
2024-12-20 08:15:00,VIC1,2250.0,2277.65625,4227.0,9,1,0,10,4310.0,380.0,10,10,0,True
2024-12-20 08:20:00,VIC1,2240.0,2270.28125,4227.0,9,1,0,10,4310.0,380.0,10,10,0,True
2024-12-20 08:25:00,VIC1,2240.0,2284.125,4227.0,9,1,0,10,4310.0,380.0,10,10,0,True
2024-12-20 08:30:00,VIC1,2250.0,2233.53125,4227.0,9,1,0,10,4310.0,380.0,10,10,0,True
2024-12-20 08:35:00,VIC1,2230.0,2261.40625,4157.0,9,1,0,10,4310.0,380.0,10,10,0,True
2024-12-20 14:15:00,VIC1,2415.08996,2421.3125,4157.0,9,1,0,10,4310.0,380.0,10,10,0,True
2024-12-20 14:20:00,VIC1,2426.95321,2448.15625,4157.0,9,1,0,10,4310.0,380.0,10,10,0,True
2024-12-20 14:25:00,VIC1,2507.73391,2410.625,4157.0,9,1,0,10,4310.0,380.0,10,10,0,True
2024-12-20 14:30:00,VIC1,2459.75,2509.09375,4157.0,9,1,0,10,4310.0,380.0,10,10,0,True
2024-12-20 14:35:00,VIC1,2633.84375,2470.03125,4157.0,9,1,0,10,4310.0,380.0,10,10,0,True
2024-12-20 14:40:00,VIC1,2760.0625,2625.375,4157.0,9,1,0,10,4310.0,380.0,10,10,0,True
2024-12-20 14:45:00,VIC1,2712.65625,2712.03125,4157.0,9,1,0,10,4310.0,380.0,10,10,0,True
2024-12-20 14:50:00,VIC1,2767.2082,2757.9375,4157.0,9,1,0,10,4310.0,380.0,10,10,0,True
2024-12-20 14:55:00,VIC1,2805.46667,2719.21875,4157.0,9,1,0,10,4310.0,380.0,10,10,0,True
2024-12-20 15:00:00,VIC1,2898.03679,2816.5,4157.0,9,1,0,10,4310.0,380.0,10,10,0,True
2024-12-20 15:05:00,VIC1,3038.47338,2895.28125,4157.0,9,1,0,10,4310.0,380.0,10,10,0,True
2024-12-20 15:10:00,VIC1,3062.20976,3017.09375,4157.0,9,1,0,10,4310.0,380.0,10,10,0,True
2024-12-20 15:15:00,VIC1,3048.91491,3078.375,4157.0,9,1,0,10,4310.0,380.0,10,10,0,True
2024-12-20 15:20:00,VIC1,3028.625,3085.125,4157.0,9,1,0,10,4310.0,380.0,10,10,0,True
2024-12-20 15:25:00,VIC1,2953.69534,2774.125,4157.0,8,2,0,10,3750.0,940.0,10,10,0,True
2024-12-20 15:30:00,VIC1,2984.97271,2892.5,3877.0,8,2,0,10,3750.0,940.0,10,10,0,True
2024-12-20 15:35:00,VIC1,3071.4661699999997,2975.40625,3877.0,8,2,0,10,3750.0,940.0,10,10,0,True
2024-12-20 15:40:00,VIC1,3102.78329,3070.4375,3877.0,8,2,0,10,3750.0,940.0,10,10,0,True
2024-12-20 15:45:00,VIC1,3085.7595,3153.90625,3877.0,8,2,0,10,3750.0,940.0,10,10,0,True
2024-12-20 15:50:00,VIC1,3076.95218,3076.3125,3877.0,8,2,0,10,3750.0,940.0,10,10,0,True
2024-12-20 15:55:00,VIC1,3147.2402,3083.625,3877.0,8,2,0,10,3750.0,940.0,10,10,0,True
2024-12-20 16:00:00,VIC1,3035.30124,3129.53125,3877.0,8,2,0,10,3750.0,940.0,10,10,0,True
2024-12-20 16:05:00,VIC1,3057.76379,3082.0625,3877.0,8,2,0,10,3750.0,940.0,10,10,0,True
2024-12-20 16:10:00,VIC1,2975.0,3062.125,3877.0,8,2,0,10,3750.0,940.0,10,10,0,True
2024-12-20 16:15:00,VIC1,2899.0,2940.0625,3877.0,8,2,0,10,3750.0,940.0,10,10,0,True
2024-12-20 16:20:00,VIC1,2894.0,2997.9375,3877.0,8,2,0,10,3750.0,940.0,10,10,0,True
2024-12-20 16:25:00,VIC1,2861.54896,2939.90625,3877.0,9,1,0,10,4310.0,380.0,10,10,0,True
2024-12-20 16:30:00,VIC1,2860.0,2881.28125,4027.0,9,1,0,10,4310.0,380.0,10,10,0,True
2024-12-20 16:35:00,VIC1,2941.03125,2923.75,4157.0,9,1,0,10,4310.0,380.0,10,10,0,True
2024-12-20 16:40:00,VIC1,2939.0,2947.53125,4157.0,9,1,0,10,4310.0,380.0,10,10,0,True
2024-12-20 16:45:00,VIC1,2915.0,3009.65625,4007.0,9,1,0,10,4310.0,380.0,10,10,0,True
2024-12-20 16:50:00,VIC1,2920.0,2990.84375,4027.0,9,1,0,10,4310.0,380.0,10,10,0,True
2024-12-20 16:55:00,VIC1,2955.0,3000.28125,4027.0,9,1,0,10,4310.0,380.0,10,10,0,True
2024-12-20 17:00:00,VIC1,3025.0,3018.28125,4157.0,9,1,0,10,4310.0,380.0,10,10,0,True
2024-12-20 17:05:00,VIC1,3034.0,3048.71875,4157.0,9,1,0,10,4310.0,380.0,10,10,0,True
2024-12-20 17:10:00,VIC1,3016.0,2984.40625,4157.0,9,1,0,10,4310.0,380.0,10,10,0,True
2024-12-20 17:15:00,VIC1,3012.0,3045.875,4157.0,9,1,0,10,4310.0,380.0,10,10,0,True
2024-12-20 17:20:00,VIC1,2999.0,3028.0625,4157.0,9,1,0,10,4310.0,380.0,10,10,0,True
2024-12-20 17:25:00,VIC1,2975.0,2976.125,4157.0,9,1,0,10,4310.0,380.0,10,10,0,True
2024-12-20 17:30:00,VIC1,2968.0,3012.65625,4157.0,9,1,0,10,4310.0,380.0,10,10,0,True
2024-12-20 17:35:00,VIC1,2960.0,3006.9375,4157.0,9,1,0,10,4310.0,380.0,10,10,0,True
2024-12-20 17:40:00,VIC1,2960.0,2996.0,4157.0,9,1,0,10,4310.0,380.0,10,10,0,True
2024-12-20 17:45:00,VIC1,3071.7902,3008.28125,4157.0,9,1,0,10,4310.0,380.0,10,10,0,True
2024-12-20 17:50:00,VIC1,3270.11472,3157.0,4157.0,9,1,0,10,4310.0,380.0,10,10,0,True
2024-12-20 17:55:00,VIC1,3422.96975,3232.125,4157.0,9,1,0,10,4310.0,380.0,10,10,0,True
2024-12-20 18:00:00,VIC1,3585.49925,3399.125,4157.0,9,1,0,10,4310.0,380.0,10,10,0,True
2024-12-20 18:05:00,VIC1,3571.84375,3535.09375,4157.0,9,1,0,10,4310.0,380.0,10,10,0,True
2024-12-20 18:10:00,VIC1,3761.15625,3560.21875,4157.0,9,1,0,10,4310.0,380.0,10,10,0,True
2024-12-20 18:15:00,VIC1,3849.34375,3721.3125,4157.0,9,1,0,10,4310.0,380.0,10,10,0,True
2024-12-25 14:00:00,VIC1,2035.0,2041.90625,3831.0,8,2,0,10,3950.0,740.0,10,10,0,True
2024-12-25 14:05:00,VIC1,2035.0,2030.3125,3831.0,8,2,0,10,3950.0,740.0,10,10,0,True
2024-12-25 14:10:00,VIC1,2035.0,2044.15625,3831.0,8,2,0,10,3950.0,740.0,10,10,0,True
2024-12-25 14:15:00,VIC1,2035.0,2050.875,3831.0,8,2,0,10,3950.0,740.0,10,10,0,True
2024-12-25 14:20:00,VIC1,2035.0,2035.34375,3831.0,8,2,0,10,3950.0,740.0,10,10,0,True
2024-12-25 14:25:00,VIC1,2035.0,2052.0625,3831.0,8,2,0,10,3950.0,740.0,10,10,0,True
2024-12-25 14:30:00,VIC1,2035.0,2031.8125,3831.0,8,2,0,10,3950.0,740.0,10,10,0,True
2024-12-25 14:35:00,VIC1,2035.0,2023.53125,3831.0,8,2,0,10,3950.0,740.0,10,10,0,True
2024-12-25 14:40:00,VIC1,2035.0,2021.0625,3831.0,8,2,0,10,3950.0,740.0,10,10,0,True
2024-12-25 14:45:00,VIC1,2035.0,2046.6875,3831.0,8,2,0,10,3950.0,740.0,10,10,0,True
2024-12-25 14:50:00,VIC1,2035.0,2032.625,3831.0,8,2,0,10,3950.0,740.0,10,10,0,True
2024-12-25 14:55:00,VIC1,2035.0,2013.9375,3831.0,8,2,0,10,3950.0,740.0,10,10,0,True
2024-12-25 15:00:00,VIC1,2035.0,2041.53125,3831.0,8,2,0,10,3950.0,740.0,10,10,0,True
2024-12-25 15:05:00,VIC1,2020.0,2026.15625,3831.0,8,2,0,10,3950.0,740.0,10,10,0,True
2024-12-25 15:10:00,VIC1,2020.0,2043.6875,3831.0,8,2,0,10,3950.0,740.0,10,10,0,True
2024-12-25 15:15:00,VIC1,2020.0,2026.6875,3831.0,8,2,0,10,3950.0,740.0,10,10,0,True
2024-12-25 15:20:00,VIC1,2020.0,2042.71875,3831.0,8,2,0,10,3950.0,740.0,10,10,0,True
2024-12-25 15:25:00,VIC1,2020.0,2033.25,3831.0,8,2,0,10,3950.0,740.0,10,10,0,True
2024-12-25 15:30:00,VIC1,2020.0,2056.84375,3831.0,8,2,0,10,3950.0,740.0,10,10,0,True
2024-12-25 15:35:00,VIC1,2020.0,2038.0625,3831.0,8,2,0,10,3950.0,740.0,10,10,0,True
2024-12-25 15:40:00,VIC1,2030.0,2050.8125,3831.0,8,2,0,10,3950.0,740.0,10,10,0,True
2024-12-25 15:45:00,VIC1,2030.0,2049.90625,3831.0,8,2,0,10,3950.0,740.0,10,10,0,True
2024-12-25 15:50:00,VIC1,2030.0,2077.375,3831.0,8,2,0,10,3950.0,740.0,10,10,0,True
2024-12-25 15:55:00,VIC1,2037.53061,2028.5625,3831.0,8,2,0,10,3950.0,740.0,10,10,0,True
2024-12-25 16:00:00,VIC1,2145.1875,2041.125,3831.0,8,2,0,10,3950.0,740.0,10,10,0,True
2024-12-25 16:05:00,VIC1,2153.9375,2140.125,3831.0,8,2,0,10,3950.0,740.0,10,10,0,True
2024-12-25 16:10:00,VIC1,2174.06039,2177.65625,3831.0,8,2,0,10,3950.0,740.0,10,10,0,True
2024-12-25 16:15:00,VIC1,2180.0,2202.9375,3831.0,8,2,0,10,3950.0,740.0,10,10,0,True
2024-12-25 16:20:00,VIC1,2180.0,2221.375,3831.0,8,2,0,10,3950.0,740.0,10,10,0,True
2024-12-25 16:25:00,VIC1,2342.07318,2280.46875,3831.0,8,2,0,10,3950.0,740.0,10,10,0,True
2024-12-25 16:30:00,VIC1,2514.125,2384.71875,3831.0,8,2,0,10,3950.0,740.0,10,10,0,True
2024-12-25 16:35:00,VIC1,2630.3125,2492.25,3831.0,8,2,0,10,3950.0,740.0,10,10,0,True
2024-12-25 16:40:00,VIC1,2763.75,2628.9375,3831.0,8,2,0,10,3950.0,740.0,10,10,0,True
2024-12-25 16:45:00,VIC1,2886.46875,2771.84375,3831.0,8,2,0,10,3950.0,740.0,10,10,0,True
2024-12-25 16:50:00,VIC1,2959.5625,2872.8125,3831.0,8,2,0,10,3950.0,740.0,10,10,0,True
2024-12-25 16:55:00,VIC1,3012.34375,2974.09375,3831.0,8,2,0,10,3950.0,740.0,10,10,0,True
2024-12-25 17:00:00,VIC1,3035.65625,2995.53125,3831.0,8,2,0,10,3950.0,740.0,10,10,0,True
2024-12-25 17:05:00,VIC1,2978.78125,3019.625,3831.0,8,2,0,10,3950.0,740.0,10,10,0,True
2024-12-25 17:10:00,VIC1,3137.9375,2974.15625,3831.0,8,2,0,10,3950.0,740.0,10,10,0,True
2024-12-25 17:15:00,VIC1,3188.21875,3136.4375,3831.0,8,2,0,10,3950.0,740.0,10,10,0,True
2024-12-25 17:20:00,VIC1,3274.84375,3195.4375,3831.0,8,2,0,10,3950.0,740.0,10,10,0,True
2024-12-25 17:25:00,VIC1,3322.25,3235.0,3831.0,8,2,0,10,3950.0,740.0,10,10,0,True
2024-12-25 17:30:00,VIC1,3393.28125,3307.65625,3831.0,8,2,0,10,3950.0,740.0,10,10,0,True
2024-12-25 17:35:00,VIC1,3476.75,3399.625,3831.0,8,2,0,10,3950.0,740.0,10,10,0,True
2024-12-25 17:40:00,VIC1,3527.40625,3448.90625,3831.0,8,2,0,10,3950.0,740.0,10,10,0,True
2024-12-25 17:45:00,VIC1,3581.53125,3514.40625,3813.0,8,2,0,10,3950.0,740.0,10,10,0,True
2024-12-25 17:50:00,VIC1,3631.0,3567.40625,3813.0,8,2,0,10,3950.0,740.0,10,10,0,True
2024-12-25 17:55:00,VIC1,3688.0,3645.40625,3813.0,8,2,0,10,3950.0,740.0,10,10,0,True
2024-12-25 18:00:00,VIC1,3727.0,3678.1875,3813.0,8,2,0,10,3950.0,740.0,10,10,0,True
2024-12-30 19:35:00,VIC1,3841.0,3841.40625,3841.0,8,2,0,10,3950.0,740.0,10,10,0,True
2024-12-30 19:40:00,VIC1,3841.0,3850.75,3841.0,8,2,0,10,3950.0,740.0,10,10,0,True
2024-12-30 19:45:00,VIC1,3841.0,3833.65625,3841.0,8,2,0,10,3950.0,740.0,10,10,0,True
2024-12-30 19:50:00,VIC1,3841.0,3832.59375,3841.0,8,2,0,10,3950.0,740.0,10,10,0,True
2024-12-30 19:55:00,VIC1,3841.0,3842.90625,3841.0,8,2,0,10,3950.0,740.0,10,10,0,True
2024-12-30 20:00:00,VIC1,3841.0,3840.96875,3841.0,8,2,0,10,3950.0,740.0,10,10,0,True
2024-12-30 20:05:00,VIC1,3841.0,3818.4375,3841.0,8,2,0,10,3950.0,740.0,10,10,0,True
2024-12-30 20:10:00,VIC1,3841.0,3831.4375,3841.0,8,2,0,10,3950.0,740.0,10,10,0,True
2024-12-30 20:15:00,VIC1,3841.0,3825.5625,3841.0,8,2,0,10,3950.0,740.0,10,10,0,True
2024-12-30 20:20:00,VIC1,3841.0,3838.0,3841.0,8,2,0,10,3950.0,740.0,10,10,0,True
2024-12-30 20:25:00,VIC1,3841.0,3825.03125,3841.0,8,2,0,10,3950.0,740.0,10,10,0,True
2024-12-30 20:30:00,VIC1,3841.0,3839.25,3841.0,8,2,0,10,3950.0,740.0,10,10,0,True
2024-12-30 20:35:00,VIC1,3841.0,3826.53125,3841.0,8,2,0,10,3950.0,740.0,10,10,0,True
2024-12-30 20:40:00,VIC1,3841.0,3834.59375,3841.0,8,2,0,10,3950.0,740.0,10,10,0,True
2024-12-30 20:45:00,VIC1,3838.0,3839.5625,3841.0,8,2,0,10,3950.0,740.0,10,10,0,True
2024-12-30 20:50:00,VIC1,3838.0,3821.65625,3841.0,8,2,0,10,3950.0,740.0,10,10,0,True
2024-12-30 20:55:00,VIC1,3838.0,3825.21875,3841.0,8,2,0,10,3950.0,740.0,10,10,0,True
2024-12-30 21:00:00,VIC1,3841.0,3837.375,3841.0,8,2,0,10,3950.0,740.0,10,10,0,True
2024-12-30 21:05:00,VIC1,3841.0,3827.3125,3841.0,8,2,0,10,3950.0,740.0,10,10,0,True
2024-12-30 21:10:00,VIC1,3838.0,3846.65625,3841.0,8,2,0,10,3950.0,740.0,10,10,0,True
2024-12-30 21:15:00,VIC1,3838.0,3839.15625,3841.0,8,2,0,10,3950.0,740.0,10,10,0,True
2024-12-30 21:20:00,VIC1,3841.0,3822.4375,3841.0,8,2,0,10,3950.0,740.0,10,10,0,True
2024-12-30 21:25:00,VIC1,3841.0,3845.71875,3841.0,8,2,0,10,3950.0,740.0,10,10,0,True
2024-12-30 21:30:00,VIC1,3841.0,3822.09375,3841.0,8,2,0,10,3950.0,740.0,10,10,0,True
2024-12-30 21:35:00,VIC1,3841.0,3841.46875,3841.0,8,2,0,10,3950.0,740.0,10,10,0,True
2024-12-30 21:40:00,VIC1,3841.0,3850.0,3841.0,8,2,0,10,3950.0,740.0,10,10,0,True
2024-12-30 21:45:00,VIC1,3841.0,3825.0,3841.0,8,2,0,10,3950.0,740.0,10,10,0,True
2024-12-30 21:50:00,VIC1,3841.0,3849.71875,3841.0,8,2,0,10,3950.0,740.0,10,10,0,True
2024-12-30 21:55:00,VIC1,3841.0,3830.28125,3841.0,8,2,0,10,3950.0,740.0,10,10,0,True
2024-12-30 22:00:00,VIC1,3841.0,3841.5625,3841.0,8,2,0,10,3950.0,740.0,10,10,0,True
2024-12-30 22:05:00,VIC1,3841.0,3831.4375,3841.0,8,2,0,10,3950.0,740.0,10,10,0,True
2024-12-30 22:10:00,VIC1,3841.0,3847.84375,3841.0,8,2,0,10,3950.0,740.0,10,10,0,True
2024-12-30 22:15:00,VIC1,3841.0,3848.75,3841.0,8,2,0,10,3950.0,740.0,10,10,0,True
2024-12-30 22:20:00,VIC1,3841.0,3844.3125,3841.0,8,2,0,10,3950.0,740.0,10,10,0,True
2024-12-30 22:25:00,VIC1,3841.0,3850.03125,3841.0,8,2,0,10,3950.0,740.0,10,10,0,True
2024-12-30 22:30:00,VIC1,3841.0,3847.125,3841.0,8,2,0,10,3950.0,740.0,10,10,0,True
2024-12-30 22:35:00,VIC1,3841.0,3822.125,3841.0,8,2,0,10,3950.0,740.0,10,10,0,True
2024-12-30 22:40:00,VIC1,3841.0,3853.84375,3841.0,8,2,0,10,3950.0,740.0,10,10,0,True
2024-12-30 22:45:00,VIC1,3841.0,3812.78125,3841.0,8,2,0,10,3950.0,740.0,10,10,0,True
2024-12-30 22:50:00,VIC1,3841.0,3846.9375,3841.0,8,2,0,10,3950.0,740.0,10,10,0,True
2024-12-30 22:55:00,VIC1,3841.0,3834.71875,3841.0,8,2,0,10,3950.0,740.0,10,10,0,True
2024-12-30 23:00:00,VIC1,3841.0,3846.125,3841.0,8,2,0,10,3950.0,740.0,10,10,0,True
2024-12-30 23:05:00,VIC1,3841.0,3817.59375,3841.0,8,2,0,10,3950.0,740.0,10,10,0,True
2024-12-30 23:10:00,VIC1,3841.0,3848.34375,3841.0,8,2,0,10,3950.0,740.0,10,10,0,True
2024-12-30 23:15:00,VIC1,3841.0,3826.5,3841.0,8,2,0,10,3950.0,740.0,10,10,0,True
2024-12-30 23:20:00,VIC1,3841.0,3844.8125,3841.0,8,2,0,10,3950.0,740.0,10,10,0,True
2024-12-30 23:25:00,VIC1,3841.0,3826.84375,3841.0,8,2,0,10,3950.0,740.0,10,10,0,True
2024-12-30 23:30:00,VIC1,3841.0,3835.96875,3841.0,8,2,0,10,3950.0,740.0,10,10,0,True
2024-12-30 23:35:00,VIC1,3841.0,3825.03125,3841.0,8,2,0,10,3950.0,740.0,10,10,0,True
2025-01-02 17:10:00,VIC1,2363.9375,2260.5625,3847.0,8,2,0,10,3950.0,740.0,10,10,0,True
2025-01-02 17:15:00,VIC1,2503.40625,2391.5,3847.0,8,2,0,10,3950.0,740.0,10,10,0,True
2025-01-02 17:20:00,VIC1,2518.03125,2445.03125,3847.0,8,2,0,10,3950.0,740.0,10,10,0,True
2025-01-02 17:25:00,VIC1,2598.5625,2514.90625,3847.0,8,2,0,10,3950.0,740.0,10,10,0,True
2025-01-02 17:30:00,VIC1,2610.0,2581.6875,3847.0,8,2,0,10,3950.0,740.0,10,10,0,True
2025-01-02 17:35:00,VIC1,2649.09375,2578.9375,3847.0,8,2,0,10,3950.0,740.0,10,10,0,True
2025-01-02 17:40:00,VIC1,2687.78125,2645.90625,3847.0,8,2,0,10,3950.0,740.0,10,10,0,True
2025-01-02 17:45:00,VIC1,2714.625,2711.875,3847.0,8,2,0,10,3950.0,740.0,10,10,0,True
2025-01-02 17:50:00,VIC1,2730.90625,2708.5,3847.0,8,2,0,10,3950.0,740.0,10,10,0,True
2025-01-02 17:55:00,VIC1,2750.59375,2735.6875,3847.0,8,2,0,10,3950.0,740.0,10,10,0,True
2025-01-02 18:00:00,VIC1,2769.5,2755.5,3847.0,8,2,0,10,3950.0,740.0,10,10,0,True
2025-01-02 18:05:00,VIC1,2789.09375,2798.59375,3847.0,8,2,0,10,3950.0,740.0,10,10,0,True
2025-01-02 18:10:00,VIC1,2797.53125,2780.78125,3847.0,8,2,0,10,3950.0,740.0,10,10,0,True
2025-01-02 18:15:00,VIC1,2813.31113,2786.8125,3847.0,8,2,0,10,3950.0,740.0,10,10,0,True
2025-01-02 18:20:00,VIC1,2962.26026,2797.625,3847.0,8,2,0,10,3950.0,740.0,10,10,0,True
2025-01-02 18:25:00,VIC1,2978.35534,2955.53125,3847.0,8,2,0,10,3950.0,740.0,10,10,0,True
2025-01-02 18:30:00,VIC1,2972.0523,2962.8125,3847.0,8,2,0,10,3950.0,740.0,10,10,0,True
2025-01-02 18:35:00,VIC1,3139.90625,2976.0,3847.0,8,2,0,10,3950.0,740.0,10,10,0,True
2025-01-02 18:40:00,VIC1,3293.25,3132.5625,3847.0,8,2,0,10,3950.0,740.0,10,10,0,True
2025-01-02 18:45:00,VIC1,3441.25,3278.375,3847.0,8,2,0,10,3950.0,740.0,10,10,0,True
2025-01-02 18:50:00,VIC1,3546.0,3419.28125,3847.0,8,2,0,10,3950.0,740.0,10,10,0,True
2025-01-02 18:55:00,VIC1,3603.0,3528.0,3847.0,8,2,0,10,3950.0,740.0,10,10,0,True
2025-01-02 19:00:00,VIC1,3653.0,3577.8125,3847.0,8,2,0,10,3950.0,740.0,10,10,0,True
2025-01-02 19:05:00,VIC1,3705.0,3629.1875,3847.0,8,2,0,10,3950.0,740.0,10,10,0,True
2025-01-02 19:10:00,VIC1,3752.0,3689.0625,3847.0,8,2,0,10,3950.0,740.0,10,10,0,True
2025-01-02 19:15:00,VIC1,3786.0,3743.03125,3847.0,8,2,0,10,3950.0,740.0,10,10,0,True
2025-01-02 19:20:00,VIC1,3803.25,3770.84375,3847.0,8,2,0,10,3950.0,740.0,10,10,0,True
2025-01-02 19:25:00,VIC1,3818.0,3777.1875,3847.0,8,2,0,10,3950.0,740.0,10,10,0,True
2025-01-02 19:30:00,VIC1,3840.0,3820.8125,3847.0,8,2,0,10,3950.0,740.0,10,10,0,True
2025-01-02 19:35:00,VIC1,3844.0,3820.5,3847.0,8,2,0,10,3950.0,740.0,10,10,0,True
2025-01-02 19:40:00,VIC1,3843.0,3824.4375,3843.0,8,2,0,10,3950.0,740.0,10,10,0,True
2025-01-02 19:45:00,VIC1,3843.0,3833.40625,3843.0,8,2,0,10,3950.0,740.0,10,10,0,True
2025-01-02 19:50:00,VIC1,3843.0,3824.78125,3843.0,8,2,0,10,3950.0,740.0,10,10,0,True
2025-01-02 19:55:00,VIC1,3843.0,3819.59375,3843.0,8,2,0,10,3950.0,740.0,10,10,0,True
2025-01-02 20:00:00,VIC1,3843.0,3806.71875,3843.0,8,2,0,10,3950.0,740.0,10,10,0,True
2025-01-02 20:05:00,VIC1,3843.0,3833.0625,3843.0,8,2,0,10,3950.0,740.0,10,10,0,True
2025-01-02 20:10:00,VIC1,3840.0,3841.59375,3843.0,8,2,0,10,3950.0,740.0,10,10,0,True
2025-01-02 20:15:00,VIC1,3840.0,3842.40625,3843.0,8,2,0,10,3950.0,740.0,10,10,0,True
2025-01-02 20:20:00,VIC1,3837.0,3808.84375,3843.0,8,2,0,10,3950.0,740.0,10,10,0,True
2025-01-02 20:25:00,VIC1,3837.0,3835.53125,3843.0,8,2,0,10,3950.0,740.0,10,10,0,True
2025-01-02 20:30:00,VIC1,3837.0,3842.375,3843.0,8,2,0,10,3950.0,740.0,10,10,0,True
2025-01-02 20:35:00,VIC1,3837.0,3825.4375,3843.0,8,2,0,10,3950.0,740.0,10,10,0,True
2025-01-02 20:40:00,VIC1,3837.0,3807.59375,3843.0,8,2,0,10,3950.0,740.0,10,10,0,True
2025-01-02 20:45:00,VIC1,3840.0,3847.5,3843.0,8,2,0,10,3950.0,740.0,10,10,0,True
2025-01-02 20:50:00,VIC1,3843.0,3840.90625,3843.0,8,2,0,10,3950.0,740.0,10,10,0,True
2025-01-02 20:55:00,VIC1,3843.0,3849.21875,3843.0,8,2,0,10,3950.0,740.0,10,10,0,True
2025-01-02 21:00:00,VIC1,3843.0,3844.5625,3843.0,8,2,0,10,3950.0,740.0,10,10,0,True
2025-01-02 21:05:00,VIC1,3843.0,3814.625,3843.0,8,2,0,10,3950.0,740.0,10,10,0,True
2025-01-02 21:10:00,VIC1,3843.0,3851.71875,3843.0,8,2,0,10,3950.0,740.0,10,10,0,True
2025-01-04 11:35:00,VIC1,2040.0,2063.59375,3797.0,8,2,0,10,3950.0,740.0,10,10,0,True
2025-01-04 11:40:00,VIC1,2040.0,2066.5,3797.0,8,2,0,10,3950.0,740.0,10,10,0,True
2025-01-04 11:45:00,VIC1,2040.0,2064.5625,3797.0,8,2,0,10,3950.0,740.0,10,10,0,True
2025-01-04 11:50:00,VIC1,2040.0,2032.53125,3797.0,8,2,0,10,3950.0,740.0,10,10,0,True
2025-01-04 11:55:00,VIC1,2040.0,2060.4375,3797.0,8,2,0,10,3950.0,740.0,10,10,0,True
2025-01-04 12:00:00,VIC1,2053.16092,2093.1875,3797.0,8,2,0,10,3950.0,740.0,10,10,0,True
2025-01-04 12:05:00,VIC1,2067.125,2066.71875,3797.0,8,2,0,10,3950.0,740.0,10,10,0,True
2025-01-04 12:10:00,VIC1,2138.375,2094.46875,3797.0,8,2,0,10,3950.0,740.0,10,10,0,True
2025-01-04 12:15:00,VIC1,2204.59375,2126.6875,3797.0,8,2,0,10,3950.0,740.0,10,10,0,True
2025-01-04 12:20:00,VIC1,2294.34375,2231.34375,3797.0,8,2,0,10,3950.0,740.0,10,10,0,True
2025-01-04 12:25:00,VIC1,2361.375,2280.46875,3797.0,8,2,0,10,3950.0,740.0,10,10,0,True
2025-01-04 12:30:00,VIC1,2368.1758,2370.96875,3797.0,8,2,0,10,3950.0,740.0,10,10,0,True
2025-01-04 12:35:00,VIC1,2399.5,2375.5,3797.0,8,2,0,10,3950.0,740.0,10,10,0,True
2025-01-04 12:40:00,VIC1,2408.55789,2403.75,3797.0,8,2,0,10,3950.0,740.0,10,10,0,True
2025-01-04 12:45:00,VIC1,2386.625,2414.8125,3797.0,8,2,0,10,3950.0,740.0,10,10,0,True
2025-01-04 12:50:00,VIC1,2444.9375,2403.53125,3797.0,8,2,0,10,3950.0,740.0,10,10,0,True
2025-01-04 12:55:00,VIC1,2506.125,2433.21875,3797.0,8,2,0,10,3950.0,740.0,10,10,0,True
2025-01-04 13:00:00,VIC1,2553.03125,2517.78125,3797.0,8,2,0,10,3950.0,740.0,10,10,0,True
2025-01-04 13:05:00,VIC1,2590.65625,2538.5,3797.0,8,2,0,10,3950.0,740.0,10,10,0,True
2025-01-04 13:10:00,VIC1,2646.5625,2627.9375,3797.0,8,2,0,10,3950.0,740.0,10,10,0,True
2025-01-04 13:15:00,VIC1,2716.90625,2615.78125,3797.0,8,2,0,10,3950.0,740.0,10,10,0,True
2025-01-04 13:20:00,VIC1,2841.0,2718.59375,3797.0,8,2,0,10,3950.0,740.0,10,10,0,True
2025-01-04 13:25:00,VIC1,2892.0,2810.875,3797.0,8,2,0,10,3950.0,740.0,10,10,0,True
2025-01-04 13:30:00,VIC1,2999.625,2912.09375,3797.0,8,2,0,10,3950.0,740.0,10,10,0,True
2025-01-04 13:35:00,VIC1,3050.78125,2985.65625,3797.0,8,2,0,10,3950.0,740.0,10,10,0,True
2025-01-04 13:40:00,VIC1,3198.875,3094.40625,3797.0,8,2,0,10,3950.0,740.0,10,10,0,True
2025-01-04 13:45:00,VIC1,3256.875,3154.40625,3797.0,8,2,0,10,3950.0,740.0,10,10,0,True
2025-01-04 13:50:00,VIC1,3322.875,3225.875,3788.0,8,2,0,10,3950.0,740.0,10,10,0,True
2025-01-04 13:55:00,VIC1,3437.03125,3353.0,3788.0,8,2,0,10,3950.0,740.0,10,10,0,True
2025-01-04 14:00:00,VIC1,3435.0,3381.875,3788.0,8,2,0,10,3950.0,740.0,10,10,0,True
2025-01-04 14:05:00,VIC1,3559.3690500000002,3473.75,3808.0,8,2,0,10,3950.0,740.0,10,10,0,True
2025-01-04 14:10:00,VIC1,3624.0,3576.65625,3808.0,8,2,0,10,3950.0,740.0,10,10,0,True
2025-01-04 14:15:00,VIC1,3685.0,3612.75,3808.0,8,2,0,10,3950.0,740.0,10,10,0,True
2025-01-04 14:20:00,VIC1,3724.0,3665.15625,3808.0,8,2,0,10,3950.0,740.0,10,10,0,True
2025-01-04 14:25:00,VIC1,3669.50126,3688.0625,3802.0,8,2,0,10,3950.0,740.0,10,10,0,True
2025-01-04 14:30:00,VIC1,3668.6837100000002,3664.375,3802.0,8,2,0,10,3950.0,740.0,10,10,0,True
2025-01-04 14:35:00,VIC1,3694.0,3706.84375,3802.0,8,2,0,10,3950.0,740.0,10,10,0,True
2025-01-04 14:40:00,VIC1,3710.0,3728.8125,3802.0,8,2,0,10,3950.0,740.0,10,10,0,True
2025-01-04 14:45:00,VIC1,3713.89463,3772.21875,3802.0,8,2,0,10,3950.0,740.0,10,10,0,True
2025-01-04 14:50:00,VIC1,3725.0,3680.8125,3802.0,8,2,0,10,3950.0,740.0,10,10,0,True
2025-01-04 14:55:00,VIC1,3729.05052,3741.0,3802.0,8,2,0,10,3950.0,740.0,10,10,0,True
2025-01-04 15:00:00,VIC1,3607.0637500000003,3749.5,3802.0,8,2,0,10,3950.0,740.0,10,10,0,True
2025-01-04 15:05:00,VIC1,3665.89242,3567.40625,3802.0,8,2,0,10,3950.0,740.0,10,10,0,True
2025-01-04 15:10:00,VIC1,3737.05831,3656.59375,3802.0,8,2,0,10,3950.0,740.0,10,10,0,True
2025-01-04 15:15:00,VIC1,3796.0,3776.3125,3802.0,8,2,0,10,3950.0,740.0,10,10,0,True
2025-01-04 15:20:00,VIC1,3796.0,3780.03125,3802.0,8,2,0,10,3950.0,740.0,10,10,0,True
2025-01-04 15:25:00,VIC1,3802.0,3797.8125,3802.0,8,2,0,10,3950.0,740.0,10,10,0,True
2025-01-04 15:30:00,VIC1,3802.0,3815.96875,3802.0,8,2,0,10,3950.0,740.0,10,10,0,True
2025-01-04 15:35:00,VIC1,3802.0,3800.0,3802.0,8,2,0,10,3950.0,740.0,10,10,0,True
2025-01-16 06:55:00,VIC1,3810.0,3787.75,4107.0,9,1,0,10,4310.0,380.0,10,10,0,True
2025-01-16 07:00:00,VIC1,3838.0,3823.96875,4107.0,9,1,0,10,4310.0,380.0,10,10,0,True
2025-01-16 07:05:00,VIC1,3866.0,3858.375,4107.0,9,1,0,10,4310.0,380.0,10,10,0,True
2025-01-16 07:10:00,VIC1,3882.0,3885.21875,3882.0,9,1,0,10,4310.0,380.0,10,10,0,True
2025-01-16 07:15:00,VIC1,3882.0,3861.59375,3882.0,9,1,0,10,4310.0,380.0,10,10,0,True
2025-01-16 07:20:00,VIC1,3900.34794,3882.625,3932.0,9,1,0,10,4310.0,380.0,10,10,0,True
2025-01-16 07:25:00,VIC1,3894.90625,3910.6875,3932.0,9,1,0,10,4310.0,380.0,10,10,0,True
2025-01-16 07:30:00,VIC1,3878.65625,3896.78125,3932.0,9,1,0,10,4310.0,380.0,10,10,0,True
2025-01-16 07:35:00,VIC1,3855.0,3856.65625,3932.0,9,1,0,10,4310.0,380.0,10,10,0,True
2025-01-16 07:40:00,VIC1,3825.0625,3839.125,3932.0,9,1,0,10,4310.0,380.0,10,10,0,True
2025-01-16 07:45:00,VIC1,3692.39411,3809.21875,3932.0,9,1,0,10,4310.0,380.0,10,10,0,True
2025-01-16 07:50:00,VIC1,3511.0625,3702.75,3932.0,9,1,0,10,4310.0,380.0,10,10,0,True
2025-01-16 07:55:00,VIC1,3380.53125,3563.4375,3932.0,9,1,0,10,4310.0,380.0,10,10,0,True
2025-01-16 08:00:00,VIC1,3229.28125,3415.3125,3932.0,9,1,0,10,4310.0,380.0,10,10,0,True
2025-01-16 08:05:00,VIC1,3145.59375,3276.40625,4117.0,9,1,0,10,4310.0,380.0,10,10,0,True
2025-01-16 08:10:00,VIC1,3156.5625,3237.15625,4117.0,9,1,0,10,4310.0,380.0,10,10,0,True
2025-01-16 08:15:00,VIC1,3050.46875,3149.125,4117.0,9,1,0,10,4310.0,380.0,10,10,0,True
2025-01-16 08:20:00,VIC1,3048.5625,3176.0625,4117.0,9,1,0,10,4310.0,380.0,10,10,0,True
2025-01-16 08:25:00,VIC1,2957.9375,3007.5625,4117.0,9,1,0,10,4310.0,380.0,10,10,0,True
2025-01-16 08:30:00,VIC1,2844.01,2952.125,4117.0,9,1,0,10,4310.0,380.0,10,10,0,True
2025-01-16 08:35:00,VIC1,2795.6875,2852.6875,4137.0,9,1,0,10,4310.0,380.0,10,10,0,True
2025-01-16 08:40:00,VIC1,2730.9375,2830.9375,4137.0,9,1,0,10,4310.0,380.0,10,10,0,True
2025-01-16 08:45:00,VIC1,2649.5,2730.46875,4137.0,9,1,0,10,4310.0,380.0,10,10,0,True
2025-01-16 08:50:00,VIC1,2616.875,2736.21875,4137.0,9,1,0,10,4310.0,380.0,10,10,0,True
2025-01-16 08:55:00,VIC1,2589.0,2598.3125,4137.0,9,1,0,10,4310.0,380.0,10,10,0,True
2025-01-16 09:00:00,VIC1,2565.375,2609.84375,4137.0,9,1,0,10,4310.0,380.0,10,10,0,True
2025-01-16 09:05:00,VIC1,2509.25,2612.40625,4137.0,9,1,0,10,4310.0,380.0,10,10,0,True
2025-01-16 09:10:00,VIC1,2468.0,2523.34375,4137.0,9,1,0,10,4310.0,380.0,10,10,0,True
2025-01-16 09:15:00,VIC1,2440.0,2478.9375,4137.0,9,1,0,10,4310.0,380.0,10,10,0,True
2025-01-16 09:20:00,VIC1,2442.0,2491.53125,4137.0,9,1,0,10,4310.0,380.0,10,10,0,True
2025-01-16 09:25:00,VIC1,2442.0,2495.09375,4137.0,9,1,0,10,4310.0,380.0,10,10,0,True
2025-01-16 09:30:00,VIC1,2440.0,2429.90625,4137.0,9,1,0,10,4310.0,380.0,10,10,0,True
2025-01-16 09:35:00,VIC1,2388.59375,2431.125,4137.0,9,1,0,10,4310.0,380.0,10,10,0,True
2025-01-16 09:40:00,VIC1,2347.34375,2390.46875,4137.0,9,1,0,10,4310.0,380.0,10,10,0,True
2025-01-16 09:45:00,VIC1,2310.0,2352.25,4137.0,9,1,0,10,4310.0,380.0,10,10,0,True
2025-01-16 09:50:00,VIC1,2310.0,2305.75,4137.0,9,1,0,10,4310.0,380.0,10,10,0,True
2025-01-16 09:55:00,VIC1,2310.0,2309.34375,4137.0,9,1,0,10,4310.0,380.0,10,10,0,True
2025-01-16 10:00:00,VIC1,2310.0,2316.0625,4137.0,9,1,0,10,4310.0,380.0,10,10,0,True
2025-01-16 10:05:00,VIC1,2310.0,2385.03125,4137.0,9,1,0,10,4310.0,380.0,10,10,0,True
2025-01-16 10:10:00,VIC1,2310.0,2312.25,4137.0,9,1,0,10,4310.0,380.0,10,10,0,True
2025-01-16 10:15:00,VIC1,2310.0,2322.875,4137.0,9,1,0,10,4310.0,380.0,10,10,0,True
2025-01-16 10:20:00,VIC1,2310.0,2324.78125,4137.0,9,1,0,10,4310.0,380.0,10,10,0,True
2025-01-16 10:25:00,VIC1,2310.0,2333.1875,4137.0,9,1,0,10,4310.0,380.0,10,10,0,True
2025-01-16 10:30:00,VIC1,2310.0,2309.46875,4137.0,9,1,0,10,4310.0,380.0,10,10,0,True
2025-01-16 10:35:00,VIC1,2310.0,2338.8125,4137.0,9,1,0,10,4310.0,380.0,10,10,0,True
2025-01-16 10:40:00,VIC1,2288.5,2364.28125,4137.0,9,1,0,10,4310.0,380.0,10,10,0,True
2025-01-16 10:45:00,VIC1,2240.0,2289.125,4137.0,9,1,0,10,4310.0,380.0,10,10,0,True
2025-01-16 10:50:00,VIC1,2240.0,2280.90625,4137.0,9,1,0,10,4310.0,380.0,10,10,0,True
2025-01-16 10:55:00,VIC1,2240.125,2277.4375,4137.0,9,1,0,10,4310.0,380.0,10,10,0,True
2025-01-16 17:00:00,VIC1,2340.0,2372.0625,4162.0,9,1,0,10,4310.0,380.0,10,10,0,True
2025-01-16 17:05:00,VIC1,2340.0,2335.46875,4162.0,9,1,0,10,4310.0,380.0,10,10,0,True
2025-01-16 17:10:00,VIC1,2340.0,2316.46875,4162.0,9,1,0,10,4310.0,380.0,10,10,0,True
2025-01-16 17:15:00,VIC1,2340.0,2315.84375,4162.0,9,1,0,10,4310.0,380.0,10,10,0,True
2025-01-16 17:20:00,VIC1,2340.0,2309.625,4162.0,9,1,0,10,4310.0,380.0,10,10,0,True
2025-01-16 17:25:00,VIC1,2340.0,2346.0,4162.0,9,1,0,10,4310.0,380.0,10,10,0,True
2025-01-16 17:30:00,VIC1,2340.0,2324.90625,4162.0,9,1,0,10,4310.0,380.0,10,10,0,True
2025-01-16 17:35:00,VIC1,2340.0,2319.0625,4162.0,9,1,0,10,4310.0,380.0,10,10,0,True
2025-01-16 17:40:00,VIC1,2340.0,2330.4375,4162.0,9,1,0,10,4310.0,380.0,10,10,0,True
2025-01-16 17:45:00,VIC1,2340.0,2385.125,4162.0,9,1,0,10,4310.0,380.0,10,10,0,True
2025-01-16 17:50:00,VIC1,2340.125,2361.625,4162.0,9,1,0,10,4310.0,380.0,10,10,0,True
2025-01-16 17:55:00,VIC1,2361.34692,2318.75,4162.0,9,1,0,10,4310.0,380.0,10,10,0,True
2025-01-16 18:00:00,VIC1,2555.9942300000002,2363.03125,4162.0,9,1,0,10,4310.0,380.0,10,10,0,True
2025-01-16 18:05:00,VIC1,2751.5625,2540.28125,4162.0,9,1,0,10,4310.0,380.0,10,10,0,True
2025-01-16 18:10:00,VIC1,2926.28125,2710.0,4162.0,9,1,0,10,4310.0,380.0,10,10,0,True
2025-01-16 18:15:00,VIC1,3093.0625,2867.84375,4162.0,9,1,0,10,4310.0,380.0,10,10,0,True
2025-01-16 18:20:00,VIC1,3248.25,3043.375,4162.0,9,1,0,10,4310.0,380.0,10,10,0,True
2025-01-16 18:25:00,VIC1,3428.6875,3224.5625,4162.0,9,1,0,10,4310.0,380.0,10,10,0,True
2025-01-16 18:30:00,VIC1,3571.25,3380.09375,4162.0,9,1,0,10,4310.0,380.0,10,10,0,True
2025-01-16 18:35:00,VIC1,3657.46875,3520.53125,4162.0,9,1,0,10,4310.0,380.0,10,10,0,True
2025-01-16 18:40:00,VIC1,3691.0,3580.625,4162.0,9,1,0,10,4310.0,380.0,10,10,0,True
2025-01-16 18:45:00,VIC1,3728.03125,3650.25,3932.0,9,1,0,10,4310.0,380.0,10,10,0,True
2025-01-16 18:50:00,VIC1,3775.5,3700.46875,3932.0,9,1,0,10,4310.0,380.0,10,10,0,True
2025-01-16 18:55:00,VIC1,3812.03125,3733.25,3932.0,9,1,0,10,4310.0,380.0,10,10,0,True
2025-01-16 19:00:00,VIC1,3853.1875,3831.40625,3932.0,9,1,0,10,4310.0,380.0,10,10,0,True
2025-01-16 19:05:00,VIC1,3860.34375,3805.1875,3932.0,9,1,0,10,4310.0,380.0,10,10,0,True
2025-01-16 19:10:00,VIC1,3924.25,3885.625,4032.0,9,1,0,10,4310.0,380.0,10,10,0,True
2025-01-16 19:15:00,VIC1,3939.0625,3877.4375,4032.0,9,1,0,10,4310.0,380.0,10,10,0,True
2025-01-16 19:20:00,VIC1,3982.125,3943.0,4032.0,9,1,0,10,4310.0,380.0,10,10,0,True
2025-01-16 19:25:00,VIC1,4003.40625,3945.15625,4032.0,9,1,0,10,4310.0,380.0,10,10,0,True
2025-01-16 19:30:00,VIC1,4023.9375,3997.1875,4032.0,9,1,0,10,4310.0,380.0,10,10,0,True
2025-01-16 19:35:00,VIC1,4022.0,4007.03125,4022.0,9,1,0,10,4310.0,380.0,10,10,0,True
2025-01-16 19:40:00,VIC1,4020.0,4007.15625,4020.0,9,1,0,10,4310.0,380.0,10,10,0,True
2025-01-16 19:45:00,VIC1,4020.0,4034.75,4020.0,9,1,0,10,4310.0,380.0,10,10,0,True
2025-01-16 19:50:00,VIC1,4020.0,4022.25,4020.0,9,1,0,10,4310.0,380.0,10,10,0,True
2025-01-16 19:55:00,VIC1,4025.0,4009.90625,4025.0,9,1,0,10,4310.0,380.0,10,10,0,True
2025-01-16 20:00:00,VIC1,4022.0,4014.21875,4025.0,9,1,0,10,4310.0,380.0,10,10,0,True
2025-01-16 20:05:00,VIC1,4022.0,4021.15625,4025.0,9,1,0,10,4310.0,380.0,10,10,0,True
2025-01-16 20:10:00,VIC1,4019.0,3986.78125,4025.0,9,1,0,10,4310.0,380.0,10,10,0,True
2025-01-16 20:15:00,VIC1,4019.0,4028.78125,4025.0,9,1,0,10,4310.0,380.0,10,10,0,True
2025-01-16 20:20:00,VIC1,4019.0,4002.46875,4025.0,9,1,0,10,4310.0,380.0,10,10,0,True
2025-01-16 20:25:00,VIC1,4019.0,3989.34375,4025.0,9,1,0,10,4310.0,380.0,10,10,0,True
2025-01-16 20:30:00,VIC1,4019.0,4004.90625,4025.0,9,1,0,10,4310.0,380.0,10,10,0,True
2025-01-16 20:35:00,VIC1,4019.0,4000.5625,4155.0,9,1,0,10,4310.0,380.0,10,10,0,True
2025-01-16 20:40:00,VIC1,4019.0,3982.59375,4155.0,9,1,0,10,4310.0,380.0,10,10,0,True
2025-01-16 20:45:00,VIC1,3968.0,3966.65625,4075.0,9,1,0,10,4310.0,380.0,10,10,0,True
2025-01-16 20:50:00,VIC1,3989.0,3958.3125,4075.0,9,1,0,10,4310.0,380.0,10,10,0,True
2025-01-16 20:55:00,VIC1,4001.0,3960.1875,4075.0,9,1,0,10,4310.0,380.0,10,10,0,True
2025-01-16 21:00:00,VIC1,3993.0,3970.5625,4075.0,9,1,0,10,4310.0,380.0,10,10,0,True
2025-01-26 12:00:00,VIC1,2110.0,2110.15625,4422.0,9,1,0,10,4310.0,380.0,10,10,0,True
2025-01-26 12:05:00,VIC1,2110.0,2116.96875,4422.0,9,1,0,10,4310.0,380.0,10,10,0,True
2025-01-26 12:10:00,VIC1,2110.0,2152.40625,4422.0,9,1,0,10,4310.0,380.0,10,10,0,True
2025-01-26 12:15:00,VIC1,2110.0,2115.21875,4422.0,9,1,0,10,4310.0,380.0,10,10,0,True
2025-01-26 12:20:00,VIC1,2110.0,2125.15625,4422.0,9,1,0,10,4310.0,380.0,10,10,0,True
2025-01-26 12:25:00,VIC1,2110.0,2140.71875,4422.0,9,1,0,10,4310.0,380.0,10,10,0,True
2025-01-26 12:30:00,VIC1,2110.0,2120.78125,4422.0,9,1,0,10,4310.0,380.0,10,10,0,True
2025-01-26 12:35:00,VIC1,2110.0,2133.46875,4422.0,9,1,0,10,4310.0,380.0,10,10,0,True
2025-01-26 12:40:00,VIC1,2110.0,2132.875,4422.0,9,1,0,10,4310.0,380.0,10,10,0,True
2025-01-26 12:45:00,VIC1,2110.0,2126.84375,4422.0,9,1,0,10,4310.0,380.0,10,10,0,True
2025-01-26 12:50:00,VIC1,2110.0,2132.34375,4422.0,9,1,0,10,4310.0,380.0,10,10,0,True
2025-01-26 12:55:00,VIC1,2110.0,2112.8125,4422.0,9,1,0,10,4310.0,380.0,10,10,0,True
2025-01-26 13:00:00,VIC1,2110.0,2135.40625,4422.0,9,1,0,10,4310.0,380.0,10,10,0,True
2025-01-26 13:05:00,VIC1,2110.0,2117.78125,4422.0,9,1,0,10,4310.0,380.0,10,10,0,True
2025-01-26 13:10:00,VIC1,2110.0,2106.9375,4422.0,9,1,0,10,4310.0,380.0,10,10,0,True
2025-01-26 13:15:00,VIC1,2110.0,2145.0,4422.0,9,1,0,10,4310.0,380.0,10,10,0,True
2025-01-26 13:20:00,VIC1,2110.0,2114.03125,4422.0,9,1,0,10,4310.0,380.0,10,10,0,True
2025-01-26 13:25:00,VIC1,2110.0,2109.71875,4422.0,9,1,0,10,4310.0,380.0,10,10,0,True
2025-01-26 13:30:00,VIC1,2110.0,2141.09375,4422.0,9,1,0,10,4310.0,380.0,10,10,0,True
2025-01-26 13:35:00,VIC1,2110.0,2121.3125,4422.0,9,1,0,10,4310.0,380.0,10,10,0,True
2025-01-26 13:40:00,VIC1,2110.0,2133.78125,4422.0,9,1,0,10,4310.0,380.0,10,10,0,True
2025-01-26 13:45:00,VIC1,2110.0,2126.25,4422.0,9,1,0,10,4310.0,380.0,10,10,0,True
2025-01-26 13:50:00,VIC1,2110.0,2113.1875,4422.0,9,1,0,10,4310.0,380.0,10,10,0,True
2025-01-26 13:55:00,VIC1,2110.0,2112.625,4422.0,9,1,0,10,4310.0,380.0,10,10,0,True
2025-01-26 14:00:00,VIC1,2110.0,2115.75,4422.0,9,1,0,10,4310.0,380.0,10,10,0,True
2025-01-26 14:05:00,VIC1,2110.0,2116.84375,4422.0,9,1,0,10,4310.0,380.0,10,10,0,True
2025-01-26 14:10:00,VIC1,2110.0,2108.03125,4422.0,9,1,0,10,4310.0,380.0,10,10,0,True
2025-01-26 14:15:00,VIC1,2110.0,2164.4375,4422.0,9,1,0,10,4310.0,380.0,10,10,0,True
2025-01-26 14:20:00,VIC1,2110.0,2142.28125,4422.0,9,1,0,10,4310.0,380.0,10,10,0,True
2025-01-26 14:25:00,VIC1,2110.0,2117.4375,4422.0,9,1,0,10,4310.0,380.0,10,10,0,True
2025-01-26 14:30:00,VIC1,2110.0,2110.0,4422.0,9,1,0,10,4310.0,380.0,10,10,0,True
2025-01-26 14:35:00,VIC1,2110.0,2129.4375,4422.0,9,1,0,10,4310.0,380.0,10,10,0,True
2025-01-26 14:40:00,VIC1,2110.0,2111.71875,4422.0,9,1,0,10,4310.0,380.0,10,10,0,True
2025-01-26 14:45:00,VIC1,2110.0,2119.0625,4422.0,9,1,0,10,4310.0,380.0,10,10,0,True
2025-01-26 14:50:00,VIC1,2110.0,2111.59375,4422.0,9,1,0,10,4310.0,380.0,10,10,0,True
2025-01-26 14:55:00,VIC1,2110.0,2112.53125,4422.0,9,1,0,10,4310.0,380.0,10,10,0,True
2025-01-26 15:00:00,VIC1,2110.0,2110.875,4422.0,9,1,0,10,4310.0,380.0,10,10,0,True
2025-01-26 15:05:00,VIC1,2191.25,2106.25,4422.0,9,1,0,10,4310.0,380.0,10,10,0,True
2025-01-26 15:10:00,VIC1,2232.71875,2149.96875,4422.0,9,1,0,10,4310.0,380.0,10,10,0,True
2025-01-26 15:15:00,VIC1,2294.375,2259.0,4422.0,9,1,0,10,4310.0,380.0,10,10,0,True
2025-01-26 15:20:00,VIC1,2298.59375,2258.46875,4422.0,9,1,0,10,4310.0,380.0,10,10,0,True
2025-01-26 15:25:00,VIC1,2310.96875,2331.84375,4422.0,9,1,0,10,4310.0,380.0,10,10,0,True
2025-01-26 15:30:00,VIC1,2315.75,2303.125,4422.0,9,1,0,10,4310.0,380.0,10,10,0,True
2025-01-26 15:35:00,VIC1,2320.25,2291.875,4422.0,9,1,0,10,4310.0,380.0,10,10,0,True
2025-01-26 15:40:00,VIC1,2330.09375,2291.71875,4422.0,9,1,0,10,4310.0,380.0,10,10,0,True
2025-01-26 15:45:00,VIC1,2340.0,2327.46875,4422.0,9,1,0,10,4310.0,380.0,10,10,0,True
2025-01-26 15:50:00,VIC1,2340.0,2338.25,4422.0,9,1,0,10,4310.0,380.0,10,10,0,True
2025-01-26 15:55:00,VIC1,2340.0,2360.375,4422.0,9,1,0,10,4310.0,380.0,10,10,0,True
2025-01-26 16:00:00,VIC1,2340.0,2321.34375,4422.0,9,1,0,10,4310.0,380.0,10,10,0,True
2025-01-31 05:00:00,VIC1,4342.0,4336.90625,4345.0,9,1,0,10,4310.0,380.0,10,10,0,True
2025-01-31 05:05:00,VIC1,4342.0,4329.40625,4345.0,9,1,0,10,4310.0,380.0,10,10,0,True
2025-01-31 05:10:00,VIC1,4342.0,4328.1875,4345.0,9,1,0,10,4310.0,380.0,10,10,0,True
2025-01-31 05:15:00,VIC1,4345.0,4337.28125,4345.0,9,1,0,10,4310.0,380.0,10,10,0,True
2025-01-31 05:20:00,VIC1,4345.0,4365.40625,4345.0,9,1,0,10,4310.0,380.0,10,10,0,True
2025-01-31 05:25:00,VIC1,4345.0,4357.78125,4345.0,9,1,0,10,4310.0,380.0,10,10,0,True
2025-01-31 05:30:00,VIC1,4345.0,4343.84375,4345.0,9,1,0,10,4310.0,380.0,10,10,0,True
2025-01-31 05:35:00,VIC1,4345.0,4333.75,4345.0,9,1,0,10,4310.0,380.0,10,10,0,True
2025-01-31 05:40:00,VIC1,4345.0,4344.90625,4345.0,9,1,0,10,4310.0,380.0,10,10,0,True
2025-01-31 05:45:00,VIC1,4345.0,4338.3125,4345.0,9,1,0,10,4310.0,380.0,10,10,0,True
2025-01-31 05:50:00,VIC1,4345.0,4320.125,4345.0,9,1,0,10,4310.0,380.0,10,10,0,True
2025-01-31 05:55:00,VIC1,4345.0,4320.5,4345.0,9,1,0,10,4310.0,380.0,10,10,0,True
2025-01-31 06:00:00,VIC1,4345.0,4317.375,4345.0,9,1,0,10,4310.0,380.0,10,10,0,True
2025-01-31 06:05:00,VIC1,4335.0,4330.78125,4345.0,9,1,0,10,4310.0,380.0,10,10,0,True
2025-01-31 06:10:00,VIC1,4335.0,4324.1875,4345.0,9,1,0,10,4310.0,380.0,10,10,0,True
2025-01-31 06:15:00,VIC1,4335.0,4354.5,4345.0,9,1,0,10,4310.0,380.0,10,10,0,True
2025-01-31 06:20:00,VIC1,4335.0,4306.03125,4345.0,9,1,0,10,4310.0,380.0,10,10,0,True
2025-01-31 06:25:00,VIC1,4335.0,4319.28125,4345.0,9,1,0,10,4310.0,380.0,10,10,0,True
2025-01-31 06:30:00,VIC1,4335.0,4339.09375,4345.0,9,1,0,10,4310.0,380.0,10,10,0,True
2025-01-31 06:35:00,VIC1,4305.0,4306.84375,4345.0,9,1,0,10,4310.0,380.0,10,10,0,True
2025-01-31 06:40:00,VIC1,4288.0,4315.90625,4345.0,9,1,0,10,4310.0,380.0,10,10,0,True
2025-01-31 06:45:00,VIC1,4260.0,4272.0625,4345.0,9,1,0,10,4310.0,380.0,10,10,0,True
2025-01-31 06:50:00,VIC1,4252.0,4223.9375,4345.0,9,1,0,10,4310.0,380.0,10,10,0,True
2025-01-31 06:55:00,VIC1,4255.0,4241.59375,4345.0,9,1,0,10,4310.0,380.0,10,10,0,True
2025-01-31 07:00:00,VIC1,4255.0,4255.34375,4345.0,9,1,0,10,4310.0,380.0,10,10,0,True
2025-01-31 07:05:00,VIC1,4234.0,4273.375,4175.0,9,1,0,10,4310.0,380.0,10,10,0,True
2025-01-31 07:10:00,VIC1,4207.0,4228.65625,4175.0,9,1,0,10,4310.0,380.0,10,10,0,True
2025-01-31 07:15:00,VIC1,4185.0,4208.4375,4175.0,9,1,0,10,4310.0,380.0,10,10,0,True
2025-01-31 07:20:00,VIC1,4169.0,4160.1875,4175.0,9,1,0,10,4310.0,380.0,10,10,0,True
2025-01-31 07:25:00,VIC1,4169.0,4120.8125,4175.0,9,1,0,10,4310.0,380.0,10,10,0,True
2025-01-31 07:30:00,VIC1,4150.0,4133.1875,4150.0,9,1,0,10,4310.0,380.0,10,10,0,True
2025-01-31 07:35:00,VIC1,4121.71875,4162.46875,4150.0,9,1,0,10,4310.0,380.0,10,10,0,True
2025-01-31 07:40:00,VIC1,4120.3125,4099.5625,4150.0,9,1,0,10,4310.0,380.0,10,10,0,True
2025-01-31 07:45:00,VIC1,4140.1875,4085.0625,4150.0,9,1,0,10,4310.0,380.0,10,10,0,True
2025-01-31 07:50:00,VIC1,4150.0,4136.625,4150.0,9,1,0,10,4310.0,380.0,10,10,0,True
2025-01-31 07:55:00,VIC1,4086.73624,4093.15625,4146.0,9,1,0,10,4310.0,380.0,10,10,0,True
2025-01-31 08:00:00,VIC1,4083.88971,4069.96875,4146.0,9,1,0,10,4310.0,380.0,10,10,0,True
2025-01-31 08:05:00,VIC1,3941.6875,4104.09375,4146.0,9,1,0,10,4310.0,380.0,10,10,0,True
2025-01-31 08:10:00,VIC1,3809.03125,3964.5625,4146.0,9,1,0,10,4310.0,380.0,10,10,0,True
2025-01-31 08:15:00,VIC1,3686.0625,3834.3125,4146.0,9,1,0,10,4310.0,380.0,10,10,0,True
2025-01-31 08:20:00,VIC1,3610.21875,3721.0,4146.0,9,1,0,10,4310.0,380.0,10,10,0,True
2025-01-31 08:25:00,VIC1,3487.5625,3638.0625,4146.0,9,1,0,10,4310.0,380.0,10,10,0,True
2025-01-31 08:30:00,VIC1,3418.125,3547.375,4146.0,9,1,0,10,4310.0,380.0,10,10,0,True
2025-01-31 08:35:00,VIC1,3262.35709,3457.1875,4316.0,9,1,0,10,4310.0,380.0,10,10,0,True
2025-01-31 08:40:00,VIC1,3128.34375,3302.875,4316.0,9,1,0,10,4310.0,380.0,10,10,0,True
2025-01-31 08:45:00,VIC1,2937.125,3159.59375,4316.0,9,1,0,10,4310.0,380.0,10,10,0,True
2025-01-31 08:50:00,VIC1,2894.3051100000002,2969.78125,4316.0,9,1,0,10,4310.0,380.0,10,10,0,True
2025-01-31 08:55:00,VIC1,2848.29083,2898.46875,4316.0,9,1,0,10,4310.0,380.0,10,10,0,True
2025-01-31 09:00:00,VIC1,2778.21176,2912.46875,4316.0,9,1,0,10,4310.0,380.0,10,10,0,True
2025-02-01 15:20:00,VIC1,4007.82141,3893.03125,4261.0,9,1,0,10,4310.0,380.0,10,10,0,True
2025-02-01 15:25:00,VIC1,3931.11898,3990.9375,4261.0,9,1,0,10,4310.0,380.0,10,10,0,True
2025-02-01 15:30:00,VIC1,3953.40625,3963.28125,4261.0,9,1,0,10,4310.0,380.0,10,10,0,True
2025-02-01 15:35:00,VIC1,4095.0625,3975.4375,4261.0,9,1,0,10,4310.0,380.0,10,10,0,True
2025-02-01 15:40:00,VIC1,4172.84375,4057.71875,4261.0,9,1,0,10,4310.0,380.0,10,10,0,True
2025-02-01 15:45:00,VIC1,4184.59375,4159.09375,4251.0,9,1,0,10,4310.0,380.0,10,10,0,True
2025-02-01 15:50:00,VIC1,4210.84375,4181.71875,4251.0,9,1,0,10,4310.0,380.0,10,10,0,True
2025-02-01 15:55:00,VIC1,4221.0,4188.09375,4251.0,9,1,0,10,4310.0,380.0,10,10,0,True
2025-02-01 16:00:00,VIC1,4248.0,4233.53125,4251.0,9,1,0,10,4310.0,380.0,10,10,0,True
2025-02-01 16:05:00,VIC1,4248.0,4262.75,4411.0,9,1,0,10,4310.0,380.0,10,10,0,True
2025-02-01 16:10:00,VIC1,4282.0,4269.6875,4411.0,9,1,0,10,4310.0,380.0,10,10,0,True
2025-02-01 16:15:00,VIC1,4307.0,4292.96875,4411.0,9,1,0,10,4310.0,380.0,10,10,0,True
2025-02-01 16:20:00,VIC1,4304.0,4236.3125,4411.0,9,1,0,10,4310.0,380.0,10,10,0,True
2025-02-01 16:25:00,VIC1,4336.0,4308.0625,4411.0,9,1,0,10,4310.0,380.0,10,10,0,True
2025-02-01 16:30:00,VIC1,4367.0,4360.78125,4411.0,9,1,0,10,4310.0,380.0,10,10,0,True
2025-02-01 16:35:00,VIC1,4383.0,4379.28125,4401.0,9,1,0,10,4310.0,380.0,10,10,0,True
2025-02-01 16:40:00,VIC1,4401.0,4390.875,4401.0,9,1,0,10,4310.0,380.0,10,10,0,True
2025-02-01 16:45:00,VIC1,4381.0,4396.3125,4381.0,9,1,0,10,4310.0,380.0,10,10,0,True
2025-02-01 16:50:00,VIC1,4381.0,4403.5,4381.0,9,1,0,10,4310.0,380.0,10,10,0,True
2025-02-01 16:55:00,VIC1,4381.0,4354.3125,4381.0,9,1,0,10,4310.0,380.0,10,10,0,True
2025-02-01 17:00:00,VIC1,4376.0,4361.375,4376.0,9,1,0,10,4310.0,380.0,10,10,0,True
2025-02-01 17:05:00,VIC1,4376.0,4361.78125,4376.0,9,1,0,10,4310.0,380.0,10,10,0,True
2025-02-01 17:10:00,VIC1,4376.0,4378.6875,4376.0,9,1,0,10,4310.0,380.0,10,10,0,True
2025-02-01 17:15:00,VIC1,4370.0,4334.59375,4376.0,9,1,0,10,4310.0,380.0,10,10,0,True
2025-02-01 17:20:00,VIC1,4364.0,4329.84375,4376.0,9,1,0,10,4310.0,380.0,10,10,0,True
2025-02-01 17:25:00,VIC1,4364.0,4328.09375,4376.0,9,1,0,10,4310.0,380.0,10,10,0,True
2025-02-01 17:30:00,VIC1,4364.0,4306.84375,4376.0,9,1,0,10,4310.0,380.0,10,10,0,True
2025-02-01 17:35:00,VIC1,4354.0,4318.375,4376.0,9,1,0,10,4310.0,380.0,10,10,0,True
2025-02-01 17:40:00,VIC1,4313.0,4330.59375,4316.0,9,1,0,10,4310.0,380.0,10,10,0,True
2025-02-01 17:45:00,VIC1,4276.0,4299.5625,4276.0,9,1,0,10,4310.0,380.0,10,10,0,True
2025-02-01 17:50:00,VIC1,4276.0,4274.4375,4276.0,9,1,0,10,4310.0,380.0,10,10,0,True
2025-02-01 17:55:00,VIC1,4276.0,4290.71875,4276.0,9,1,0,10,4310.0,380.0,10,10,0,True
2025-02-01 18:00:00,VIC1,4276.0,4317.875,4276.0,9,1,0,10,4310.0,380.0,10,10,0,True
2025-02-01 18:05:00,VIC1,4301.0,4273.59375,4336.0,9,1,0,10,4310.0,380.0,10,10,0,True
2025-02-01 18:10:00,VIC1,4304.0,4287.3125,4336.0,9,1,0,10,4310.0,380.0,10,10,0,True
2025-02-01 18:15:00,VIC1,4302.0,4278.59375,4336.0,9,1,0,10,4310.0,380.0,10,10,0,True
2025-02-01 18:20:00,VIC1,4300.0,4280.8125,4336.0,9,1,0,10,4310.0,380.0,10,10,0,True
2025-02-01 18:25:00,VIC1,4307.0,4264.40625,4336.0,9,1,0,10,4310.0,380.0,10,10,0,True
2025-02-01 18:30:00,VIC1,4334.0,4308.5,4336.0,9,1,0,10,4310.0,380.0,10,10,0,True
2025-02-01 18:35:00,VIC1,4338.0,4294.40625,4356.0,9,1,0,10,4310.0,380.0,10,10,0,True
2025-02-01 18:40:00,VIC1,4353.0,4317.21875,4356.0,9,1,0,10,4310.0,380.0,10,10,0,True
2025-02-01 18:45:00,VIC1,4344.0,4281.46875,4353.0,9,1,0,10,4310.0,380.0,10,10,0,True
2025-02-01 18:50:00,VIC1,4344.0,4327.875,4353.0,9,1,0,10,4310.0,380.0,10,10,0,True
2025-02-01 18:55:00,VIC1,4347.0,4343.625,4353.0,9,1,0,10,4310.0,380.0,10,10,0,True
2025-02-01 19:00:00,VIC1,4347.0,4331.25,4353.0,9,1,0,10,4310.0,380.0,10,10,0,True
2025-02-01 19:05:00,VIC1,4347.0,4327.96875,4353.0,9,1,0,10,4310.0,380.0,10,10,0,True
2025-02-01 19:10:00,VIC1,4347.0,4324.15625,4353.0,9,1,0,10,4310.0,380.0,10,10,0,True
2025-02-01 19:15:00,VIC1,4347.0,4327.03125,4353.0,9,1,0,10,4310.0,380.0,10,10,0,True
2025-02-01 19:20:00,VIC1,4347.0,4337.0,4353.0,9,1,0,10,4310.0,380.0,10,10,0,True
2025-02-01 19:25:00,VIC1,4347.0,4327.21875,4353.0,9,1,0,10,4310.0,380.0,10,10,0,True
2025-02-01 19:30:00,VIC1,4347.0,4328.15625,4353.0,9,1,0,10,4310.0,380.0,10,10,0,True
2025-02-01 19:35:00,VIC1,4347.0,4333.46875,4353.0,9,1,0,10,4310.0,380.0,10,10,0,True
2025-02-01 19:40:00,VIC1,4347.0,4320.40625,4353.0,9,1,0,10,4310.0,380.0,10,10,0,True
2025-02-01 19:45:00,VIC1,4347.0,4344.25,4353.0,9,1,0,10,4310.0,380.0,10,10,0,True
2025-02-01 19:50:00,VIC1,4347.0,4323.5625,4353.0,9,1,0,10,4310.0,380.0,10,10,0,True
2025-02-01 19:55:00,VIC1,4347.0,4323.46875,4353.0,9,1,0,10,4310.0,380.0,10,10,0,True
2025-02-01 20:00:00,VIC1,4347.0,4333.65625,4353.0,9,1,0,10,4310.0,380.0,10,10,0,True
2025-02-01 20:05:00,VIC1,4347.0,4342.5,4353.0,9,1,0,10,4310.0,380.0,10,10,0,True
2025-02-01 20:10:00,VIC1,4347.0,4349.0625,4353.0,9,1,0,10,4310.0,380.0,10,10,0,True
2025-02-05 05:35:00,VIC1,4404.0,4386.75,4404.0,9,1,0,10,4310.0,380.0,10,10,0,True
2025-02-05 05:40:00,VIC1,4404.0,4404.625,4404.0,9,1,0,10,4310.0,380.0,10,10,0,True
2025-02-05 05:45:00,VIC1,4404.0,4392.46875,4404.0,9,1,0,10,4310.0,380.0,10,10,0,True
2025-02-05 05:50:00,VIC1,4404.0,4366.1875,4404.0,9,1,0,10,4310.0,380.0,10,10,0,True
2025-02-05 05:55:00,VIC1,4404.0,4376.1875,4404.0,9,1,0,10,4310.0,380.0,10,10,0,True
2025-02-05 06:00:00,VIC1,4401.0,4349.625,4404.0,9,1,0,10,4310.0,380.0,10,10,0,True
2025-02-05 06:05:00,VIC1,4404.0,4381.5,4404.0,9,1,0,10,4310.0,380.0,10,10,0,True
2025-02-05 06:10:00,VIC1,4404.0,4423.59375,4404.0,9,1,0,10,4310.0,380.0,10,10,0,True
2025-02-05 06:15:00,VIC1,4394.0,4399.65625,4394.0,9,1,0,10,4310.0,380.0,10,10,0,True
2025-02-05 06:20:00,VIC1,4394.0,4403.4375,4394.0,9,1,0,10,4310.0,380.0,10,10,0,True
2025-02-05 06:25:00,VIC1,4394.0,4403.21875,4394.0,9,1,0,10,4310.0,380.0,10,10,0,True
2025-02-05 06:30:00,VIC1,4394.0,4404.46875,4394.0,9,1,0,10,4310.0,380.0,10,10,0,True
2025-02-05 06:35:00,VIC1,4394.0,4398.03125,4394.0,9,1,0,10,4310.0,380.0,10,10,0,True
2025-02-05 06:40:00,VIC1,4381.25,4417.125,4334.0,9,1,0,10,4310.0,380.0,10,10,0,True
2025-02-05 06:45:00,VIC1,4259.73431,4382.40625,4334.0,9,1,0,10,4310.0,380.0,10,10,0,True
2025-02-05 06:50:00,VIC1,4159.1167399999995,4250.3125,4334.0,9,1,0,10,4310.0,380.0,10,10,0,True
2025-02-05 06:55:00,VIC1,4014.8638499999997,4155.8125,4334.0,9,1,0,10,4310.0,380.0,10,10,0,True
2025-02-05 07:00:00,VIC1,3962.34298,4028.1875,4334.0,9,1,0,10,4310.0,380.0,10,10,0,True
2025-02-05 07:05:00,VIC1,3840.4597599999997,3958.0,4254.0,9,1,0,10,4310.0,380.0,10,10,0,True
2025-02-05 07:10:00,VIC1,3716.30843,3871.9375,4254.0,9,1,0,10,4310.0,380.0,10,10,0,True
2025-02-05 07:15:00,VIC1,3608.3125,3730.8125,4254.0,9,1,0,10,4310.0,380.0,10,10,0,True
2025-02-05 07:20:00,VIC1,3508.28125,3591.28125,4254.0,9,1,0,10,4310.0,380.0,10,10,0,True
2025-02-05 07:25:00,VIC1,3425.5,3527.875,4254.0,9,1,0,10,4310.0,380.0,10,10,0,True
2025-02-05 07:30:00,VIC1,3301.65625,3377.28125,4254.0,9,1,0,10,4310.0,380.0,10,10,0,True
2025-02-05 07:35:00,VIC1,3140.375,3287.375,4040.0,9,1,0,10,4310.0,380.0,10,10,0,True
2025-02-05 07:40:00,VIC1,3084.65625,3177.03125,4040.0,9,1,0,10,4310.0,380.0,10,10,0,True
2025-02-05 07:45:00,VIC1,3019.125,3131.5,4040.0,9,1,0,10,4310.0,380.0,10,10,0,True
2025-02-05 07:50:00,VIC1,2955.0625,3028.3125,4040.0,9,1,0,10,4310.0,380.0,10,10,0,True
2025-02-05 07:55:00,VIC1,2919.4375,2966.1875,4040.0,9,1,0,10,4310.0,380.0,10,10,0,True
2025-02-05 08:00:00,VIC1,2826.1009,2934.375,4040.0,9,1,0,10,4310.0,380.0,10,10,0,True
2025-02-05 08:05:00,VIC1,2805.70068,2835.0,4040.0,9,1,0,10,4310.0,380.0,10,10,0,True
2025-02-05 08:10:00,VIC1,2787.78125,2847.15625,4040.0,9,1,0,10,4310.0,380.0,10,10,0,True
2025-02-05 08:15:00,VIC1,2696.21922,2759.1875,4040.0,9,1,0,10,4310.0,380.0,10,10,0,True
2025-02-05 08:20:00,VIC1,2665.1589,2752.5,4040.0,9,1,0,10,4310.0,380.0,10,10,0,True
2025-02-05 08:25:00,VIC1,2615.59375,2669.84375,4040.0,9,1,0,10,4310.0,380.0,10,10,0,True
2025-02-05 08:30:00,VIC1,2585.65625,2625.40625,4040.0,9,1,0,10,4310.0,380.0,10,10,0,True
2025-02-05 08:35:00,VIC1,2550.1875,2567.9375,4040.0,9,1,0,10,4310.0,380.0,10,10,0,True
2025-02-05 08:40:00,VIC1,2429.96875,2549.3125,4040.0,9,1,0,10,4310.0,380.0,10,10,0,True
2025-02-05 08:45:00,VIC1,2408.6875,2447.9375,4040.0,9,1,0,10,4310.0,380.0,10,10,0,True
2025-02-05 08:50:00,VIC1,2334.875,2406.125,4040.0,9,1,0,10,4310.0,380.0,10,10,0,True
2025-02-05 08:55:00,VIC1,2315.09375,2364.46875,4040.0,9,1,0,10,4310.0,380.0,10,10,0,True
2025-02-05 09:00:00,VIC1,2271.625,2305.75,4040.0,9,1,0,10,4310.0,380.0,10,10,0,True
2025-02-05 09:05:00,VIC1,2198.96875,2271.84375,4040.0,9,1,0,10,4310.0,380.0,10,10,0,True
2025-02-05 09:10:00,VIC1,2200.0,2202.0,4040.0,8,2,0,10,3930.0,760.0,10,10,0,True
2025-02-05 09:15:00,VIC1,2200.0,2210.875,4040.0,8,2,0,10,3930.0,760.0,10,10,0,True
2025-02-05 09:20:00,VIC1,2200.0,2207.125,4040.0,8,2,0,10,3930.0,760.0,10,10,0,True
2025-02-05 09:25:00,VIC1,2192.0,2227.625,4040.0,8,2,0,10,3930.0,760.0,10,10,0,True
2025-02-05 09:30:00,VIC1,2180.0,2190.75,4040.0,8,2,0,10,3930.0,760.0,10,10,0,True
2025-02-05 09:35:00,VIC1,2180.0,2177.75,4040.0,8,2,0,10,3930.0,760.0,10,10,0,True
2025-02-05 17:00:00,VIC1,3271.8125,3089.96875,4040.0,8,2,0,10,3930.0,760.0,10,10,0,True
2025-02-05 17:05:00,VIC1,3288.0882,3273.21875,4040.0,8,2,0,10,3930.0,760.0,10,10,0,True
2025-02-05 17:10:00,VIC1,3287.58236,3238.34375,4040.0,8,2,0,10,3930.0,760.0,10,10,0,True
2025-02-05 17:15:00,VIC1,3205.0,3300.1875,4040.0,8,2,0,10,3930.0,760.0,10,10,0,True
2025-02-05 17:20:00,VIC1,3279.65333,3290.84375,4040.0,8,2,0,10,3930.0,760.0,10,10,0,True
2025-02-05 17:25:00,VIC1,3364.66906,3297.21875,4040.0,8,2,0,10,3930.0,760.0,10,10,0,True
2025-02-05 17:30:00,VIC1,3432.67048,3391.21875,4040.0,8,2,0,10,3930.0,760.0,10,10,0,True
2025-02-05 17:35:00,VIC1,3234.90625,3418.34375,4040.0,8,2,0,10,3930.0,760.0,10,10,0,True
2025-02-05 17:40:00,VIC1,3161.0,3254.1875,4040.0,8,2,0,10,3930.0,760.0,10,10,0,True
2025-02-05 17:45:00,VIC1,3069.0,3155.71875,4040.0,8,2,0,10,3930.0,760.0,10,10,0,True
2025-02-05 17:50:00,VIC1,3181.45309,3099.59375,4040.0,8,2,0,10,3930.0,760.0,10,10,0,True
2025-02-05 17:55:00,VIC1,3353.5625,3165.96875,4040.0,8,2,0,10,3930.0,760.0,10,10,0,True
2025-02-05 18:00:00,VIC1,3534.8125,3349.75,4040.0,8,2,0,10,3930.0,760.0,10,10,0,True
2025-02-05 18:05:00,VIC1,3657.0,3512.84375,4040.0,8,2,0,10,3930.0,760.0,10,10,0,True
2025-02-05 18:10:00,VIC1,3708.0,3609.46875,4040.0,8,2,0,10,3930.0,760.0,10,10,0,True
2025-02-05 18:15:00,VIC1,3799.0,3708.46875,4040.0,8,2,0,10,3930.0,760.0,10,10,0,True
2025-02-05 18:20:00,VIC1,3866.0,3774.96875,4040.0,8,2,0,10,3930.0,760.0,10,10,0,True
2025-02-05 18:25:00,VIC1,3928.0,3852.21875,4040.0,8,2,0,10,3930.0,760.0,10,10,0,True
2025-02-05 18:30:00,VIC1,3966.0,3913.46875,4040.0,8,2,0,10,3930.0,760.0,10,10,0,True
2025-02-05 18:35:00,VIC1,3971.0,3934.3125,4040.0,8,2,0,10,3930.0,760.0,10,10,0,True
2025-02-05 18:40:00,VIC1,3981.0,3958.46875,4040.0,8,2,0,10,3930.0,760.0,10,10,0,True
2025-02-05 18:45:00,VIC1,3981.0,3952.09375,4035.0,8,2,0,10,3930.0,760.0,10,10,0,True
2025-02-05 18:50:00,VIC1,3996.0,3970.5625,4035.0,8,2,0,10,3930.0,760.0,10,10,0,True
2025-02-05 18:55:00,VIC1,4003.0,3978.34375,4032.0,8,2,0,10,3930.0,760.0,10,10,0,True
2025-02-05 19:00:00,VIC1,4017.0,3987.46875,4032.0,8,2,0,10,3930.0,760.0,10,10,0,True
2025-02-05 19:05:00,VIC1,4029.0,4002.46875,4032.0,8,2,0,10,3930.0,760.0,10,10,0,True
2025-02-05 19:10:00,VIC1,4029.0,3997.71875,4032.0,8,2,0,10,3930.0,760.0,10,10,0,True
2025-02-05 19:15:00,VIC1,4032.0,4004.1875,4032.0,8,2,0,10,3930.0,760.0,10,10,0,True
2025-02-05 19:20:00,VIC1,4032.0,4012.3125,4032.0,8,2,0,10,3930.0,760.0,10,10,0,True
2025-02-05 19:25:00,VIC1,4029.0,3990.4375,4032.0,8,2,0,10,3930.0,760.0,10,10,0,True
2025-02-05 19:30:00,VIC1,4032.0,4009.6875,4032.0,8,2,0,10,3930.0,760.0,10,10,0,True
2025-02-05 19:35:00,VIC1,4032.0,3983.09375,4032.0,8,2,0,10,3930.0,760.0,10,10,0,True
2025-02-05 19:40:00,VIC1,4032.0,4012.46875,4032.0,8,2,0,10,3930.0,760.0,10,10,0,True
2025-02-05 19:45:00,VIC1,4022.0,4012.09375,4032.0,8,2,0,10,3930.0,760.0,10,10,0,True
2025-02-05 19:50:00,VIC1,4032.0,4017.34375,4032.0,8,2,0,10,3930.0,760.0,10,10,0,True
2025-02-05 19:55:00,VIC1,4032.0,4013.59375,4032.0,8,2,0,10,3930.0,760.0,10,10,0,True
2025-02-05 20:00:00,VIC1,4032.0,4017.21875,4032.0,8,2,0,10,3930.0,760.0,10,10,0,True
2025-02-05 20:05:00,VIC1,4032.0,4006.125,4032.0,8,2,0,10,3930.0,760.0,10,10,0,True
2025-02-05 20:10:00,VIC1,4032.0,4033.875,4032.0,8,2,0,10,3930.0,760.0,10,10,0,True
2025-02-05 20:15:00,VIC1,4032.0,4020.875,4032.0,8,2,0,10,3930.0,760.0,10,10,0,True
2025-02-05 20:20:00,VIC1,4032.0,4032.84375,4032.0,8,2,0,10,3930.0,760.0,10,10,0,True
2025-02-05 20:25:00,VIC1,4032.0,4009.59375,4032.0,8,2,0,10,3930.0,760.0,10,10,0,True
2025-02-05 20:30:00,VIC1,4032.0,4017.84375,4032.0,8,2,0,10,3930.0,760.0,10,10,0,True
2025-02-05 20:35:00,VIC1,4032.0,4033.21875,4032.0,8,2,0,10,3930.0,760.0,10,10,0,True
2025-02-05 20:40:00,VIC1,4032.0,4016.25,4032.0,8,2,0,10,3930.0,760.0,10,10,0,True
2025-02-05 20:45:00,VIC1,4032.0,4035.75,4032.0,8,2,0,10,3930.0,760.0,10,10,0,True
2025-02-05 20:50:00,VIC1,4032.0,4026.125,4032.0,8,2,0,10,3930.0,760.0,10,10,0,True
2025-02-05 20:55:00,VIC1,4032.0,4012.375,4032.0,8,2,0,10,3930.0,760.0,10,10,0,True
2025-02-05 21:00:00,VIC1,4032.0,4011.125,4032.0,8,2,0,10,3930.0,760.0,10,10,0,True
2025-02-07 16:25:00,VIC1,2933.1875,2753.125,4026.0,8,2,0,10,3930.0,760.0,10,10,0,True
2025-02-07 16:30:00,VIC1,2902.8125,2911.625,4026.0,8,2,0,10,3930.0,760.0,10,10,0,True
2025-02-07 16:35:00,VIC1,2802.03048,2909.625,4026.0,8,2,0,10,3930.0,760.0,10,10,0,True
2025-02-07 16:40:00,VIC1,3031.96875,2844.75,4026.0,8,2,0,10,3930.0,760.0,10,10,0,True
2025-02-07 16:45:00,VIC1,2773.0,2955.84375,4026.0,8,2,0,10,3930.0,760.0,10,10,0,True
2025-02-07 16:50:00,VIC1,2719.0,2835.0,4026.0,8,2,0,10,3930.0,760.0,10,10,0,True
2025-02-07 16:55:00,VIC1,2629.0,2714.21875,4026.0,8,2,0,10,3930.0,760.0,10,10,0,True
2025-02-07 17:00:00,VIC1,2879.53125,2699.125,4026.0,8,2,0,10,3930.0,760.0,10,10,0,True
2025-02-07 17:05:00,VIC1,2851.85975,2785.5,4026.0,8,2,0,10,3930.0,760.0,10,10,0,True
2025-02-07 17:10:00,VIC1,2675.3125,2835.125,4026.0,8,2,0,10,3930.0,760.0,10,10,0,True
2025-02-07 17:15:00,VIC1,2603.25,2720.125,4026.0,8,2,0,10,3930.0,760.0,10,10,0,True
2025-02-07 17:20:00,VIC1,2520.0,2606.875,4026.0,8,2,0,10,3930.0,760.0,10,10,0,True
2025-02-07 17:25:00,VIC1,2520.0,2548.875,4026.0,8,2,0,10,3930.0,760.0,10,10,0,True
2025-02-07 17:30:00,VIC1,2580.0,2619.5,4026.0,8,2,0,10,3930.0,760.0,10,10,0,True
2025-02-07 17:35:00,VIC1,2650.95302,2594.21875,4026.0,8,2,0,10,3930.0,760.0,10,10,0,True
2025-02-07 17:40:00,VIC1,2700.0,2654.09375,4026.0,8,2,0,10,3930.0,760.0,10,10,0,True
2025-02-07 17:45:00,VIC1,2700.0,2716.25,4026.0,8,2,0,10,3930.0,760.0,10,10,0,True
2025-02-07 17:50:00,VIC1,2700.0,2768.875,4026.0,8,2,0,10,3930.0,760.0,10,10,0,True
2025-02-07 17:55:00,VIC1,2780.0,2753.59375,4026.0,8,2,0,10,3930.0,760.0,10,10,0,True
2025-02-07 18:00:00,VIC1,2806.45167,2844.375,4026.0,8,2,0,10,3930.0,760.0,10,10,0,True
2025-02-07 18:05:00,VIC1,2995.7266799999998,2933.0,4026.0,8,2,0,10,3930.0,760.0,10,10,0,True
2025-02-07 18:10:00,VIC1,3137.8125,2996.25,4026.0,8,2,0,10,3930.0,760.0,10,10,0,True
2025-02-07 18:15:00,VIC1,3075.81556,3138.5,4026.0,8,2,0,10,3930.0,760.0,10,10,0,True
2025-02-07 18:20:00,VIC1,3297.6875,3110.625,4026.0,8,2,0,10,3930.0,760.0,10,10,0,True
2025-02-07 18:25:00,VIC1,3358.0,3223.5,4026.0,8,2,0,10,3930.0,760.0,10,10,0,True
2025-02-07 18:30:00,VIC1,3460.0,3372.25,4026.0,8,2,0,10,3930.0,760.0,10,10,0,True
2025-02-07 18:35:00,VIC1,3506.0,3419.125,4026.0,8,2,0,10,3930.0,760.0,10,10,0,True
2025-02-07 18:40:00,VIC1,3612.0,3525.46875,4026.0,8,2,0,10,3930.0,760.0,10,10,0,True
2025-02-07 18:45:00,VIC1,3669.0,3582.59375,4026.0,8,2,0,10,3930.0,760.0,10,10,0,True
2025-02-07 18:50:00,VIC1,3743.0,3650.125,4038.0,8,2,0,10,3930.0,760.0,10,10,0,True
2025-02-07 18:55:00,VIC1,3833.0,3744.625,4038.0,8,2,0,10,3930.0,760.0,10,10,0,True
2025-02-07 19:00:00,VIC1,3899.0,3808.0,4038.0,8,2,0,10,3930.0,760.0,10,10,0,True
2025-02-07 19:05:00,VIC1,3965.0,3874.71875,4038.0,8,2,0,10,3930.0,760.0,10,10,0,True
2025-02-07 19:10:00,VIC1,3986.0,3927.375,4038.0,8,2,0,10,3930.0,760.0,10,10,0,True
2025-02-07 19:15:00,VIC1,3988.0,3935.09375,4038.0,8,2,0,10,3930.0,760.0,10,10,0,True
2025-02-07 19:20:00,VIC1,4004.0,3972.5,4038.0,8,2,0,10,3930.0,760.0,10,10,0,True
2025-02-07 19:25:00,VIC1,4009.0,3960.5,4038.0,8,2,0,10,3930.0,760.0,10,10,0,True
2025-02-07 19:30:00,VIC1,4020.0,3976.375,4038.0,8,2,0,10,3930.0,760.0,10,10,0,True
2025-02-07 19:35:00,VIC1,4032.0,4001.375,4038.0,8,2,0,10,3930.0,760.0,10,10,0,True
2025-02-07 19:40:00,VIC1,4038.0,4026.0,4038.0,8,2,0,10,3930.0,760.0,10,10,0,True
2025-02-07 19:45:00,VIC1,4038.0,4036.5,4038.0,8,2,0,10,3930.0,760.0,10,10,0,True
2025-02-07 19:50:00,VIC1,4038.0,4030.75,4038.0,8,2,0,10,3930.0,760.0,10,10,0,True
2025-02-07 19:55:00,VIC1,4038.0,4028.84375,4038.0,8,2,0,10,3930.0,760.0,10,10,0,True
2025-02-07 20:00:00,VIC1,4038.0,4004.84375,4038.0,8,2,0,10,3930.0,760.0,10,10,0,True
2025-02-07 20:05:00,VIC1,4038.0,4014.375,4038.0,8,2,0,10,3930.0,760.0,10,10,0,True
2025-02-07 20:10:00,VIC1,4038.0,4019.96875,4038.0,8,2,0,10,3930.0,760.0,10,10,0,True
2025-02-07 20:15:00,VIC1,4038.0,4037.46875,4038.0,8,2,0,10,3930.0,760.0,10,10,0,True
2025-02-07 20:20:00,VIC1,4038.0,4018.09375,4038.0,8,2,0,10,3930.0,760.0,10,10,0,True
2025-02-07 20:25:00,VIC1,4038.0,4026.46875,4038.0,8,2,0,10,3930.0,760.0,10,10,0,True
2025-02-09 16:00:00,VIC1,1830.0,1856.5,3500.0,7,3,0,10,3370.0,1320.0,10,10,0,True
2025-02-09 16:05:00,VIC1,1830.0,1828.75,3500.0,7,3,0,10,3370.0,1320.0,10,10,0,True
2025-02-09 16:10:00,VIC1,1830.0,1842.375,3500.0,7,3,0,10,3370.0,1320.0,10,10,0,True
2025-02-09 16:15:00,VIC1,1830.0,1844.25,3500.0,7,3,0,10,3370.0,1320.0,10,10,0,True
2025-02-09 16:20:00,VIC1,1830.0,1825.625,3500.0,7,3,0,10,3370.0,1320.0,10,10,0,True
2025-02-09 16:25:00,VIC1,1830.0,1825.5,3500.0,7,3,0,10,3370.0,1320.0,10,10,0,True
2025-02-09 16:30:00,VIC1,1830.0,1823.125,3500.0,7,3,0,10,3370.0,1320.0,10,10,0,True
2025-02-09 16:35:00,VIC1,1830.0,1863.75,3500.0,7,3,0,10,3370.0,1320.0,10,10,0,True
2025-02-09 16:40:00,VIC1,1830.0,1854.5,3500.0,7,3,0,10,3370.0,1320.0,10,10,0,True
2025-02-09 16:45:00,VIC1,1830.0,1841.25,3500.0,7,3,0,10,3370.0,1320.0,10,10,0,True
2025-02-09 16:50:00,VIC1,1830.0,1849.5,3500.0,7,3,0,10,3370.0,1320.0,10,10,0,True
2025-02-09 16:55:00,VIC1,1830.0,1893.5,3500.0,7,3,0,10,3370.0,1320.0,10,10,0,True
2025-02-09 17:00:00,VIC1,1830.0,1816.75,3500.0,7,3,0,10,3370.0,1320.0,10,10,0,True
2025-02-09 17:05:00,VIC1,1830.0,1834.0,3500.0,7,3,0,10,3370.0,1320.0,10,10,0,True
2025-02-09 17:10:00,VIC1,1830.0,1826.0,3500.0,7,3,0,10,3370.0,1320.0,10,10,0,True
2025-02-09 17:15:00,VIC1,1830.0,1833.25,3500.0,7,3,0,10,3370.0,1320.0,10,10,0,True
2025-02-09 17:20:00,VIC1,1830.0,1824.75,3500.0,7,3,0,10,3370.0,1320.0,10,10,0,True
2025-02-09 17:25:00,VIC1,1830.0,1847.875,3500.0,7,3,0,10,3370.0,1320.0,10,10,0,True
2025-02-09 17:30:00,VIC1,1830.0,1878.125,3500.0,7,3,0,10,3370.0,1320.0,10,10,0,True
2025-02-09 17:35:00,VIC1,1937.78125,1822.125,3500.0,7,3,0,10,3370.0,1320.0,10,10,0,True
2025-02-09 17:40:00,VIC1,2039.0625,1926.0,3500.0,7,3,0,10,3370.0,1320.0,10,10,0,True
2025-02-09 17:45:00,VIC1,2096.28125,2037.75,3500.0,7,3,0,10,3370.0,1320.0,10,10,0,True
2025-02-09 17:50:00,VIC1,2126.0,2074.875,3500.0,7,3,0,10,3370.0,1320.0,10,10,0,True
2025-02-09 17:55:00,VIC1,2135.65625,2104.125,3500.0,7,3,0,10,3370.0,1320.0,10,10,0,True
2025-02-09 18:00:00,VIC1,2145.25,2134.5,3500.0,7,3,0,10,3370.0,1320.0,10,10,0,True
2025-02-09 18:05:00,VIC1,2204.09375,2123.875,3500.0,7,3,0,10,3370.0,1320.0,10,10,0,True
2025-02-09 18:10:00,VIC1,2253.84375,2192.0,3500.0,7,3,0,10,3370.0,1320.0,10,10,0,True
2025-02-09 18:15:00,VIC1,2305.0,2252.625,3500.0,7,3,0,10,3370.0,1320.0,10,10,0,True
2025-02-09 18:20:00,VIC1,2373.02104,2302.5,3500.0,7,3,0,10,3370.0,1320.0,10,10,0,True
2025-02-09 18:25:00,VIC1,2400.0,2358.625,3500.0,7,3,0,10,3370.0,1320.0,10,10,0,True
2025-02-09 18:30:00,VIC1,2400.0,2396.75,3500.0,7,3,0,10,3370.0,1320.0,10,10,0,True
2025-02-09 18:35:00,VIC1,2400.0,2395.625,3500.0,7,3,0,10,3370.0,1320.0,10,10,0,True
2025-02-09 18:40:00,VIC1,2400.0,2394.5,3500.0,7,3,0,10,3370.0,1320.0,10,10,0,True
2025-02-09 18:45:00,VIC1,2400.0,2406.125,3500.0,7,3,0,10,3370.0,1320.0,10,10,0,True
2025-02-09 18:50:00,VIC1,2400.0,2397.25,3500.0,7,3,0,10,3370.0,1320.0,10,10,0,True
2025-02-09 18:55:00,VIC1,2400.0,2423.5,3500.0,7,3,0,10,3370.0,1320.0,10,10,0,True
2025-02-09 19:00:00,VIC1,2456.04611,2414.875,3500.0,7,3,0,10,3370.0,1320.0,10,10,0,True
2025-02-09 19:05:00,VIC1,2400.0,2445.875,3500.0,7,3,0,10,3370.0,1320.0,10,10,0,True
2025-02-09 19:10:00,VIC1,2514.33918,2410.875,3500.0,7,3,0,10,3370.0,1320.0,10,10,0,True
2025-02-09 19:15:00,VIC1,2459.8001,2515.875,3500.0,7,3,0,10,3370.0,1320.0,10,10,0,True
2025-02-09 19:20:00,VIC1,2400.0,2447.875,3500.0,7,3,0,10,3370.0,1320.0,10,10,0,True
2025-02-09 19:25:00,VIC1,2428.6108400000003,2400.5,3500.0,7,3,0,10,3370.0,1320.0,10,10,0,True
2025-02-09 19:30:00,VIC1,2400.0,2460.125,3500.0,7,3,0,10,3370.0,1320.0,10,10,0,True
2025-02-09 19:35:00,VIC1,2512.90514,2419.0,3500.0,7,3,0,10,3370.0,1320.0,10,10,0,True
2025-02-09 19:40:00,VIC1,2400.0,2483.125,3500.0,7,3,0,10,3370.0,1320.0,10,10,0,True
2025-02-09 19:45:00,VIC1,2400.0,2403.625,3500.0,7,3,0,10,3370.0,1320.0,10,10,0,True
2025-02-09 19:50:00,VIC1,2400.0,2413.0,3500.0,7,3,0,10,3370.0,1320.0,10,10,0,True
2025-02-09 19:55:00,VIC1,2498.52562,2421.75,3500.0,7,3,0,10,3370.0,1320.0,10,10,0,True
2025-02-09 20:00:00,VIC1,2432.33124,2489.75,3500.0,7,3,0,10,3370.0,1320.0,10,10,0,True
2025-02-22 15:35:00,VIC1,3791.375,3735.46875,3835.0,8,2,0,10,3770.0,920.0,10,10,0,True
2025-02-22 15:40:00,VIC1,3829.0,3757.4375,3845.0,8,2,0,10,3770.0,920.0,10,10,0,True
2025-02-22 15:45:00,VIC1,3829.0,3848.03125,3845.0,8,2,0,10,3770.0,920.0,10,10,0,True
2025-02-22 15:50:00,VIC1,3822.0,3850.09375,3835.0,8,2,0,10,3770.0,920.0,10,10,0,True
2025-02-22 15:55:00,VIC1,3822.0,3839.5625,3835.0,8,2,0,10,3770.0,920.0,10,10,0,True
2025-02-22 16:00:00,VIC1,3822.0,3792.96875,3835.0,8,2,0,10,3770.0,920.0,10,10,0,True
2025-02-22 16:05:00,VIC1,3829.0,3835.96875,3835.0,8,2,0,10,3770.0,920.0,10,10,0,True
2025-02-22 16:10:00,VIC1,3806.0,3841.1875,3805.0,8,2,0,10,3770.0,920.0,10,10,0,True
2025-02-22 16:15:00,VIC1,3782.0,3825.21875,3785.0,8,2,0,10,3770.0,920.0,10,10,0,True
2025-02-22 16:20:00,VIC1,3782.0,3768.53125,3785.0,8,2,0,10,3770.0,920.0,10,10,0,True
2025-02-22 16:25:00,VIC1,3733.0,3770.59375,3735.0,8,2,0,10,3770.0,920.0,10,10,0,True
2025-02-22 16:30:00,VIC1,3732.0,3722.4375,3735.0,8,2,0,10,3770.0,920.0,10,10,0,True
2025-02-22 16:35:00,VIC1,3737.0,3747.125,3765.0,8,2,0,10,3770.0,920.0,10,10,0,True
2025-02-22 16:40:00,VIC1,3762.0,3795.96875,3765.0,8,2,0,10,3770.0,920.0,10,10,0,True
2025-02-22 16:45:00,VIC1,3663.53125,3777.84375,3765.0,8,2,0,10,3770.0,920.0,10,10,0,True
2025-02-22 16:50:00,VIC1,3585.375,3696.375,3765.0,8,2,0,10,3770.0,920.0,10,10,0,True
2025-02-22 16:55:00,VIC1,3497.03125,3600.78125,3765.0,8,2,0,10,3770.0,920.0,10,10,0,True
2025-02-22 17:00:00,VIC1,3428.25,3568.375,3765.0,8,2,0,10,3770.0,920.0,10,10,0,True
2025-02-22 17:05:00,VIC1,3551.125,3426.0,3815.0,8,2,0,10,3770.0,920.0,10,10,0,True
2025-02-22 17:10:00,VIC1,3651.96875,3523.0,3815.0,8,2,0,10,3770.0,920.0,10,10,0,True
2025-02-22 17:15:00,VIC1,3585.0,3664.4375,3815.0,8,2,0,10,3770.0,920.0,10,10,0,True
2025-02-22 17:20:00,VIC1,3679.7898800000003,3624.375,3815.0,8,2,0,10,3770.0,920.0,10,10,0,True
2025-02-22 17:25:00,VIC1,3761.81206,3714.28125,3815.0,8,2,0,10,3770.0,920.0,10,10,0,True
2025-02-22 17:30:00,VIC1,3682.40625,3805.71875,3815.0,8,2,0,10,3770.0,920.0,10,10,0,True
2025-02-22 17:35:00,VIC1,3788.5,3689.375,3815.0,8,2,0,10,3770.0,920.0,10,10,0,True
2025-02-22 17:40:00,VIC1,3803.0,3778.59375,3815.0,8,2,0,10,3770.0,920.0,10,10,0,True
2025-02-22 17:45:00,VIC1,3815.0,3830.15625,3815.0,8,2,0,10,3770.0,920.0,10,10,0,True
2025-02-22 17:50:00,VIC1,3815.0,3810.75,3815.0,8,2,0,10,3770.0,920.0,10,10,0,True
2025-02-22 17:55:00,VIC1,3815.0,3808.71875,3815.0,8,2,0,10,3770.0,920.0,10,10,0,True
2025-02-22 18:00:00,VIC1,3815.0,3829.84375,3815.0,8,2,0,10,3770.0,920.0,10,10,0,True
2025-02-22 18:05:00,VIC1,3815.0,3828.15625,3815.0,8,2,0,10,3770.0,920.0,10,10,0,True
2025-02-22 18:10:00,VIC1,3815.0,3800.28125,3815.0,8,2,0,10,3770.0,920.0,10,10,0,True
2025-02-22 18:15:00,VIC1,3815.0,3833.46875,3815.0,8,2,0,10,3770.0,920.0,10,10,0,True
2025-02-22 18:20:00,VIC1,3714.125,3809.875,3815.0,8,2,0,10,3770.0,920.0,10,10,0,True
2025-02-22 18:25:00,VIC1,3718.61924,3744.40625,3815.0,8,2,0,10,3770.0,920.0,10,10,0,True
2025-02-22 18:30:00,VIC1,3803.0,3752.625,3815.0,8,2,0,10,3770.0,920.0,10,10,0,True
2025-02-22 18:35:00,VIC1,3806.0,3791.96875,3815.0,8,2,0,10,3770.0,920.0,10,10,0,True
2025-02-22 18:40:00,VIC1,3822.0,3816.1875,3825.0,8,2,0,10,3770.0,920.0,10,10,0,True
2025-02-22 18:45:00,VIC1,3825.0,3827.0625,3825.0,8,2,0,10,3770.0,920.0,10,10,0,True
2025-02-22 18:50:00,VIC1,3825.0,3821.375,3825.0,8,2,0,10,3770.0,920.0,10,10,0,True
2025-02-22 18:55:00,VIC1,3825.0,3825.71875,3825.0,8,2,0,10,3770.0,920.0,10,10,0,True
2025-02-22 19:00:00,VIC1,3825.0,3815.84375,3825.0,8,2,0,10,3770.0,920.0,10,10,0,True
2025-02-22 19:05:00,VIC1,3825.0,3799.34375,3825.0,8,2,0,10,3770.0,920.0,10,10,0,True
2025-02-22 19:10:00,VIC1,3825.0,3801.875,3825.0,8,2,0,10,3770.0,920.0,10,10,0,True
2025-02-22 19:15:00,VIC1,3825.0,3812.78125,3825.0,8,2,0,10,3770.0,920.0,10,10,0,True
2025-02-22 19:20:00,VIC1,3822.0,3795.4375,3825.0,8,2,0,10,3770.0,920.0,10,10,0,True
2025-02-22 19:25:00,VIC1,3822.0,3820.0625,3825.0,8,2,0,10,3770.0,920.0,10,10,0,True
2025-02-22 19:30:00,VIC1,3832.0,3817.9375,3835.0,8,2,0,10,3770.0,920.0,10,10,0,True
2025-02-22 19:35:00,VIC1,3829.0,3803.875,3835.0,8,2,0,10,3770.0,920.0,10,10,0,True
2025-02-23 16:00:00,VIC1,2496.25,2491.6875,4112.0,9,1,0,10,4130.0,560.0,10,10,0,True
2025-02-23 16:05:00,VIC1,2514.5,2495.59375,4232.0,9,1,0,10,4130.0,560.0,10,10,0,True
2025-02-23 16:10:00,VIC1,2540.0,2558.3125,4232.0,9,1,0,10,4130.0,560.0,10,10,0,True
2025-02-23 16:15:00,VIC1,2540.0,2565.6875,4232.0,9,1,0,10,4130.0,560.0,10,10,0,True
2025-02-23 16:20:00,VIC1,2540.0,2607.65625,4232.0,9,1,0,10,4130.0,560.0,10,10,0,True
2025-02-23 16:25:00,VIC1,2540.0,2551.40625,4232.0,9,1,0,10,4130.0,560.0,10,10,0,True
2025-02-23 16:30:00,VIC1,2540.0,2563.21875,4232.0,9,1,0,10,4130.0,560.0,10,10,0,True
2025-02-23 16:35:00,VIC1,2540.0,2636.21875,4232.0,9,1,0,10,4130.0,560.0,10,10,0,True
2025-02-23 16:40:00,VIC1,2542.6875,2643.875,4232.0,9,1,0,10,4130.0,560.0,10,10,0,True
2025-02-23 16:45:00,VIC1,2540.0,2563.53125,4232.0,9,1,0,10,4130.0,560.0,10,10,0,True
2025-02-23 16:50:00,VIC1,2540.0,2473.40625,4232.0,9,1,0,10,4130.0,560.0,10,10,0,True
2025-02-23 16:55:00,VIC1,2540.0,2510.03125,4232.0,9,1,0,10,4130.0,560.0,10,10,0,True
2025-02-23 17:00:00,VIC1,2540.0,2549.90625,4232.0,9,1,0,10,4130.0,560.0,10,10,0,True
2025-02-23 17:05:00,VIC1,2600.0,2546.4375,4232.0,9,1,0,10,4130.0,560.0,10,10,0,True
2025-02-23 17:10:00,VIC1,2600.0,2547.09375,4232.0,9,1,0,10,4130.0,560.0,10,10,0,True
2025-02-23 17:15:00,VIC1,2633.43428,2612.3125,4232.0,9,1,0,10,4130.0,560.0,10,10,0,True
2025-02-23 17:20:00,VIC1,2641.7057999999997,2599.3125,4232.0,9,1,0,10,4130.0,560.0,10,10,0,True
2025-02-23 17:25:00,VIC1,2720.0,2657.40625,4232.0,9,1,0,10,4130.0,560.0,10,10,0,True
2025-02-23 17:30:00,VIC1,2720.0,2704.09375,4232.0,9,1,0,10,4130.0,560.0,10,10,0,True
2025-02-23 17:35:00,VIC1,2782.625,2740.875,4232.0,9,1,0,10,4130.0,560.0,10,10,0,True
2025-02-23 17:40:00,VIC1,2907.9375,2815.78125,4232.0,9,1,0,10,4130.0,560.0,10,10,0,True
2025-02-23 17:45:00,VIC1,3119.969,2922.28125,4232.0,9,1,0,10,4130.0,560.0,10,10,0,True
2025-02-23 17:50:00,VIC1,3191.75,3046.5,4232.0,9,1,0,10,4130.0,560.0,10,10,0,True
2025-02-23 17:55:00,VIC1,3369.25,3231.21875,4232.0,9,1,0,10,4130.0,560.0,10,10,0,True
2025-02-23 18:00:00,VIC1,3485.0,3357.40625,4232.0,9,1,0,10,4130.0,560.0,10,10,0,True
2025-02-23 18:05:00,VIC1,3543.0,3453.40625,4232.0,9,1,0,10,4130.0,560.0,10,10,0,True
2025-02-23 18:10:00,VIC1,3538.66474,3533.75,4232.0,9,1,0,10,4130.0,560.0,10,10,0,True
2025-02-23 18:15:00,VIC1,3644.0,3498.9375,4232.0,9,1,0,10,4130.0,560.0,10,10,0,True
2025-02-23 18:20:00,VIC1,3705.0,3632.75,4232.0,9,1,0,10,4130.0,560.0,10,10,0,True
2025-02-23 18:25:00,VIC1,3756.0,3680.0625,4232.0,9,1,0,10,4130.0,560.0,10,10,0,True
2025-02-23 18:30:00,VIC1,3872.40625,3738.625,4232.0,9,1,0,10,4130.0,560.0,10,10,0,True
2025-02-23 18:35:00,VIC1,3955.34375,3835.9375,4205.0,9,1,0,10,4130.0,560.0,10,10,0,True
2025-02-23 18:40:00,VIC1,4040.1875,3922.28125,4200.0,9,1,0,10,4130.0,560.0,10,10,0,True
2025-02-23 18:45:00,VIC1,4116.53125,4012.78125,4200.0,9,1,0,10,4130.0,560.0,10,10,0,True
2025-02-23 18:50:00,VIC1,4132.0,4067.9375,4200.0,9,1,0,10,4130.0,560.0,10,10,0,True
2025-02-23 18:55:00,VIC1,4122.0,4109.03125,4125.0,9,1,0,10,4130.0,560.0,10,10,0,True
2025-02-23 19:00:00,VIC1,4122.0,4115.0,4125.0,9,1,0,10,4130.0,560.0,10,10,0,True
2025-02-23 19:05:00,VIC1,4122.0,4112.25,4125.0,9,1,0,10,4130.0,560.0,10,10,0,True
2025-02-23 19:10:00,VIC1,4119.0,4104.9375,4125.0,9,1,0,10,4130.0,560.0,10,10,0,True
2025-02-23 19:15:00,VIC1,4099.0,4088.96875,4105.0,9,1,0,10,4130.0,560.0,10,10,0,True
2025-02-23 19:20:00,VIC1,4089.0,4098.8125,4095.0,9,1,0,10,4130.0,560.0,10,10,0,True
2025-02-23 19:25:00,VIC1,4089.0,4096.09375,4095.0,9,1,0,10,4130.0,560.0,10,10,0,True
2025-02-23 19:30:00,VIC1,4095.0,4095.3125,4095.0,9,1,0,10,4130.0,560.0,10,10,0,True
2025-02-23 19:35:00,VIC1,4100.0,4081.125,4106.0,9,1,0,10,4130.0,560.0,10,10,0,True
2025-02-23 19:40:00,VIC1,4100.0,4094.375,4106.0,9,1,0,10,4130.0,560.0,10,10,0,True
2025-02-23 19:45:00,VIC1,4100.0,4092.4375,4106.0,9,1,0,10,4130.0,560.0,10,10,0,True
2025-02-23 19:50:00,VIC1,4103.0,4096.53125,4106.0,9,1,0,10,4130.0,560.0,10,10,0,True
2025-02-23 19:55:00,VIC1,4103.0,4086.5625,4106.0,9,1,0,10,4130.0,560.0,10,10,0,True
2025-02-23 20:00:00,VIC1,4110.0,4073.3125,4116.0,9,1,0,10,4130.0,560.0,10,10,0,True
2025-02-25 06:00:00,VIC1,3565.0,3565.09375,3565.0,8,2,0,10,3770.0,920.0,10,10,0,True
2025-02-25 06:05:00,VIC1,3565.0,3541.125,3565.0,8,2,0,10,3770.0,920.0,10,10,0,True
2025-02-25 06:10:00,VIC1,3565.0,3579.4375,3565.0,8,2,0,10,3770.0,920.0,10,10,0,True
2025-02-25 06:15:00,VIC1,3565.0,3563.84375,3565.0,8,2,0,10,3770.0,920.0,10,10,0,True
2025-02-25 06:20:00,VIC1,3565.0,3545.9375,3565.0,8,2,0,10,3770.0,920.0,10,10,0,True
2025-02-25 06:25:00,VIC1,3565.0,3548.0625,3565.0,8,2,0,10,3770.0,920.0,10,10,0,True
2025-02-25 06:30:00,VIC1,3565.0,3559.59375,3565.0,8,2,0,10,3770.0,920.0,10,10,0,True
2025-02-25 06:35:00,VIC1,3565.0,3574.875,3565.0,8,2,0,10,3770.0,920.0,10,10,0,True
2025-02-25 06:40:00,VIC1,3565.0,3571.0625,3565.0,8,2,0,10,3770.0,920.0,10,10,0,True
2025-02-25 06:45:00,VIC1,3565.0,3544.53125,3565.0,8,2,0,10,3770.0,920.0,10,10,0,True
2025-02-25 06:50:00,VIC1,3565.0,3541.4375,3565.0,8,2,0,10,3770.0,920.0,10,10,0,True
2025-02-25 06:55:00,VIC1,3565.0,3556.8125,3565.0,8,2,0,10,3770.0,920.0,10,10,0,True
2025-02-25 07:00:00,VIC1,3565.0,3541.25,3565.0,8,2,0,10,3770.0,920.0,10,10,0,True
2025-02-25 07:05:00,VIC1,3565.0,3544.1875,3565.0,8,2,0,10,3770.0,920.0,10,10,0,True
2025-02-25 07:10:00,VIC1,3562.0,3532.59375,3565.0,8,2,0,10,3770.0,920.0,10,10,0,True
2025-02-25 07:15:00,VIC1,3565.0,3558.46875,3565.0,8,2,0,10,3770.0,920.0,10,10,0,True
2025-02-25 07:20:00,VIC1,3560.0,3577.53125,3560.0,8,2,0,10,3770.0,920.0,10,10,0,True
2025-02-25 07:25:00,VIC1,3560.0,3548.1875,3560.0,8,2,0,10,3770.0,920.0,10,10,0,True
2025-02-25 07:30:00,VIC1,3560.0,3569.03125,3560.0,8,2,0,10,3770.0,920.0,10,10,0,True
2025-02-25 07:35:00,VIC1,3560.0,3555.09375,3560.0,8,2,0,10,3770.0,920.0,10,10,0,True
2025-02-25 07:40:00,VIC1,3560.0,3565.875,3560.0,8,2,0,10,3770.0,920.0,10,10,0,True
2025-02-25 07:45:00,VIC1,3560.0,3537.84375,3560.0,8,2,0,10,3770.0,920.0,10,10,0,True
2025-02-25 07:50:00,VIC1,3560.0,3559.15625,3560.0,8,2,0,10,3770.0,920.0,10,10,0,True
2025-02-25 07:55:00,VIC1,3557.0,3531.625,3560.0,8,2,0,10,3770.0,920.0,10,10,0,True
2025-02-25 08:00:00,VIC1,3553.0,3559.5625,3553.0,8,2,0,10,3770.0,920.0,10,10,0,True
2025-02-25 08:05:00,VIC1,3553.0,3554.125,3553.0,8,2,0,10,3770.0,920.0,10,10,0,True
2025-02-25 08:10:00,VIC1,3553.0,3553.34375,3553.0,8,2,0,10,3770.0,920.0,10,10,0,True
2025-02-25 08:15:00,VIC1,3479.16881,3530.34375,3553.0,8,2,0,10,3770.0,920.0,10,10,0,True
2025-02-25 08:20:00,VIC1,3515.96875,3500.46875,3553.0,8,2,0,10,3770.0,920.0,10,10,0,True
2025-02-25 08:25:00,VIC1,3501.34375,3533.09375,3553.0,8,2,0,10,3770.0,920.0,10,10,0,True
2025-02-25 08:30:00,VIC1,3475.46875,3496.96875,3553.0,8,2,0,10,3770.0,920.0,10,10,0,True
2025-02-25 08:35:00,VIC1,3464.69814,3486.65625,3553.0,8,2,0,10,3770.0,920.0,10,10,0,True
2025-02-25 08:40:00,VIC1,3441.15625,3465.90625,3553.0,8,2,0,10,3770.0,920.0,10,10,0,True
2025-02-25 08:45:00,VIC1,3425.3125,3454.6875,3553.0,8,2,0,10,3770.0,920.0,10,10,0,True
2025-02-25 08:50:00,VIC1,3403.9375,3417.90625,3553.0,8,2,0,10,3770.0,920.0,10,10,0,True
2025-02-25 08:55:00,VIC1,3334.00944,3382.6875,3553.0,8,2,0,10,3770.0,920.0,10,10,0,True
2025-02-25 09:00:00,VIC1,3397.0,3358.78125,3553.0,8,2,0,10,3770.0,920.0,10,10,0,True
2025-02-25 09:05:00,VIC1,3358.0,3393.4375,3553.0,8,2,0,10,3770.0,920.0,10,10,0,True
2025-02-25 09:10:00,VIC1,3397.0,3378.71875,3553.0,8,2,0,10,3770.0,920.0,10,10,0,True
2025-02-25 09:15:00,VIC1,3380.0,3385.125,3553.0,8,2,0,10,3770.0,920.0,10,10,0,True
2025-02-25 09:20:00,VIC1,3374.0,3379.0625,3553.0,8,2,0,10,3770.0,920.0,10,10,0,True
2025-02-25 09:25:00,VIC1,3387.0,3368.4375,3553.0,8,2,0,10,3770.0,920.0,10,10,0,True
2025-02-25 09:30:00,VIC1,3334.63629,3370.09375,3553.0,8,2,0,10,3770.0,920.0,10,10,0,True
2025-02-25 09:35:00,VIC1,3305.0,3320.34375,3553.0,8,2,0,10,3770.0,920.0,10,10,0,True
2025-02-25 09:40:00,VIC1,3397.0,3338.40625,3553.0,8,2,0,10,3770.0,920.0,10,10,0,True
2025-02-25 09:45:00,VIC1,3273.25,3347.5,3553.0,8,2,0,10,3770.0,920.0,10,10,0,True
2025-02-25 09:50:00,VIC1,3254.53331,3299.15625,3553.0,8,2,0,10,3770.0,920.0,10,10,0,True
2025-02-25 09:55:00,VIC1,3134.3617,3226.6875,3553.0,8,2,0,10,3770.0,920.0,10,10,0,True
2025-02-25 10:00:00,VIC1,3148.1375900000003,3137.46875,3553.0,8,2,0,10,3770.0,920.0,10,10,0,True
2025-03-04 05:30:00,VIC1,4458.0,4463.375,4663.0,10,0,0,10,4690.0,0.0,10,10,0,True
2025-03-04 05:35:00,VIC1,4486.0,4455.0,4663.0,10,0,0,10,4690.0,0.0,10,10,0,True
2025-03-04 05:40:00,VIC1,4500.25,4480.96875,4663.0,10,0,0,10,4690.0,0.0,10,10,0,True
2025-03-04 05:45:00,VIC1,4522.53125,4460.40625,4663.0,10,0,0,10,4690.0,0.0,10,10,0,True
2025-03-04 05:50:00,VIC1,4531.25,4498.6875,4663.0,10,0,0,10,4690.0,0.0,10,10,0,True
2025-03-04 05:55:00,VIC1,4548.0,4522.40625,4663.0,10,0,0,10,4690.0,0.0,10,10,0,True
2025-03-04 06:00:00,VIC1,4545.0,4504.65625,4663.0,10,0,0,10,4690.0,0.0,10,10,0,True
2025-03-04 06:05:00,VIC1,4545.0,4527.875,4663.0,10,0,0,10,4690.0,0.0,10,10,0,True
2025-03-04 06:10:00,VIC1,4548.0,4559.15625,4663.0,10,0,0,10,4690.0,0.0,10,10,0,True
2025-03-04 06:15:00,VIC1,4548.0,4535.40625,4663.0,10,0,0,10,4690.0,0.0,10,10,0,True
2025-03-04 06:20:00,VIC1,4547.0,4520.84375,4662.0,10,0,0,10,4690.0,0.0,10,10,0,True
2025-03-04 06:25:00,VIC1,4547.0,4521.5,4662.0,10,0,0,10,4690.0,0.0,10,10,0,True
2025-03-04 06:30:00,VIC1,4547.0,4520.28125,4662.0,10,0,0,10,4690.0,0.0,10,10,0,True
2025-03-04 06:35:00,VIC1,4530.0625,4508.6875,4662.0,10,0,0,10,4690.0,0.0,10,10,0,True
2025-03-04 06:40:00,VIC1,4518.53125,4516.3125,4662.0,10,0,0,10,4690.0,0.0,10,10,0,True
2025-03-04 06:45:00,VIC1,4512.34375,4500.5,4662.0,10,0,0,10,4690.0,0.0,10,10,0,True
2025-03-04 06:50:00,VIC1,4507.0,4499.0625,4662.0,10,0,0,10,4690.0,0.0,10,10,0,True
2025-03-04 06:55:00,VIC1,4504.0,4460.1875,4662.0,10,0,0,10,4690.0,0.0,10,10,0,True
2025-03-04 07:00:00,VIC1,4501.0,4460.28125,4662.0,10,0,0,10,4690.0,0.0,10,10,0,True
2025-03-04 07:05:00,VIC1,4474.25,4507.0625,4662.0,10,0,0,10,4690.0,0.0,10,10,0,True
2025-03-04 07:10:00,VIC1,4458.75,4478.28125,4662.0,10,0,0,10,4690.0,0.0,10,10,0,True
2025-03-04 07:15:00,VIC1,4365.746,4434.0625,4662.0,10,0,0,10,4690.0,0.0,10,10,0,True
2025-03-04 07:20:00,VIC1,4288.7507000000005,4337.71875,4662.0,10,0,0,10,4690.0,0.0,10,10,0,True
2025-03-04 07:25:00,VIC1,4115.5,4296.96875,4662.0,10,0,0,10,4690.0,0.0,10,10,0,True
2025-03-04 07:30:00,VIC1,3996.25,4112.375,4662.0,10,0,0,10,4690.0,0.0,10,10,0,True
2025-03-04 07:35:00,VIC1,3844.125,3992.375,4662.0,10,0,0,10,4690.0,0.0,10,10,0,True
2025-03-04 07:40:00,VIC1,3763.71875,3906.21875,4662.0,10,0,0,10,4690.0,0.0,10,10,0,True
2025-03-04 07:45:00,VIC1,3789.6029200000003,3823.65625,4662.0,10,0,0,10,4690.0,0.0,10,10,0,True
2025-03-04 07:50:00,VIC1,3577.53125,3801.03125,4662.0,10,0,0,10,4690.0,0.0,10,10,0,True
2025-03-04 07:55:00,VIC1,3517.28125,3674.65625,4662.0,10,0,0,10,4690.0,0.0,10,10,0,True
2025-03-04 08:00:00,VIC1,3496.5,3577.0,4662.0,10,0,0,10,4690.0,0.0,10,10,0,True
2025-03-04 08:05:00,VIC1,3404.40625,3553.40625,4662.0,10,0,0,10,4690.0,0.0,10,10,0,True
2025-03-04 08:10:00,VIC1,3452.67249,3518.15625,4662.0,10,0,0,10,4690.0,0.0,10,10,0,True
2025-03-04 08:15:00,VIC1,3265.14302,3451.28125,4662.0,10,0,0,10,4690.0,0.0,10,10,0,True
2025-03-04 08:20:00,VIC1,3190.46875,3291.71875,4662.0,10,0,0,10,4690.0,0.0,10,10,0,True
2025-03-04 08:25:00,VIC1,3023.0,3234.78125,4662.0,10,0,0,10,4690.0,0.0,10,10,0,True
2025-03-04 08:30:00,VIC1,2965.0,3062.5625,4662.0,10,0,0,10,4690.0,0.0,10,10,0,True
2025-03-04 08:35:00,VIC1,2893.0,2993.9375,4662.0,10,0,0,10,4690.0,0.0,10,10,0,True
2025-03-04 08:40:00,VIC1,2795.0,2888.875,4662.0,10,0,0,10,4690.0,0.0,10,10,0,True
2025-03-04 08:45:00,VIC1,2867.75,2790.90625,4662.0,10,0,0,10,4690.0,0.0,10,10,0,True
2025-03-04 08:50:00,VIC1,2931.64412,2868.90625,4662.0,10,0,0,10,4690.0,0.0,10,10,0,True
2025-03-04 08:55:00,VIC1,2801.5,2942.4375,4662.0,10,0,0,10,4690.0,0.0,10,10,0,True
2025-03-04 09:00:00,VIC1,2840.0,2862.1875,4662.0,10,0,0,10,4690.0,0.0,10,10,0,True
2025-03-04 09:05:00,VIC1,2748.78125,2876.46875,4662.0,10,0,0,10,4690.0,0.0,10,10,0,True
2025-03-04 09:10:00,VIC1,2684.5,2803.9375,4662.0,10,0,0,10,4690.0,0.0,10,10,0,True
2025-03-04 09:15:00,VIC1,2606.125,2754.5,4662.0,10,0,0,10,4690.0,0.0,10,10,0,True
2025-03-04 09:20:00,VIC1,2580.0,2605.28125,4662.0,10,0,0,10,4690.0,0.0,10,10,0,True
2025-03-04 09:25:00,VIC1,2580.0,2576.46875,4662.0,10,0,0,10,4690.0,0.0,10,10,0,True
2025-03-04 09:30:00,VIC1,2580.0,2589.03125,4662.0,10,0,0,10,4690.0,0.0,10,10,0,True
2025-03-04 09:35:00,VIC1,2580.0,2626.0,4662.0,10,0,0,10,4690.0,0.0,10,10,0,True
2025-03-04 09:40:00,VIC1,2580.0,2607.84375,4662.0,10,0,0,10,4690.0,0.0,10,10,0,True
2025-03-04 09:45:00,VIC1,2580.0,2585.65625,4662.0,10,0,0,10,4690.0,0.0,10,10,0,True
2025-03-04 09:50:00,VIC1,2580.0,2544.0,4662.0,10,0,0,10,4690.0,0.0,10,10,0,True
2025-03-04 09:55:00,VIC1,2580.0,2584.65625,4662.0,10,0,0,10,4690.0,0.0,10,10,0,True
2025-03-04 10:00:00,VIC1,2548.875,2559.0,4662.0,10,0,0,10,4690.0,0.0,10,10,0,True
2025-03-04 10:05:00,VIC1,2513.625,2542.53125,4662.0,10,0,0,10,4690.0,0.0,10,10,0,True
2025-03-04 10:10:00,VIC1,2505.75,2508.40625,4662.0,10,0,0,10,4690.0,0.0,10,10,0,True
2025-03-04 10:15:00,VIC1,2476.75,2482.53125,4662.0,10,0,0,10,4690.0,0.0,10,10,0,True
2025-03-04 10:20:00,VIC1,2470.5,2492.9375,4662.0,10,0,0,10,4690.0,0.0,10,10,0,True
2025-03-04 10:25:00,VIC1,2460.0,2491.84375,4662.0,10,0,0,10,4690.0,0.0,10,10,0,True
2025-03-04 10:30:00,VIC1,2460.0,2495.21875,4662.0,10,0,0,10,4690.0,0.0,10,10,0,True
2025-03-04 10:35:00,VIC1,2460.0,2459.1875,4662.0,10,0,0,10,4690.0,0.0,10,10,0,True
2025-03-04 10:40:00,VIC1,2460.0,2502.5,4662.0,10,0,0,10,4690.0,0.0,10,10,0,True
2025-03-04 10:45:00,VIC1,2460.0,2459.40625,4662.0,10,0,0,10,4690.0,0.0,10,10,0,True
2025-03-04 10:50:00,VIC1,2460.0,2451.3125,4662.0,10,0,0,10,4690.0,0.0,10,10,0,True
2025-03-04 10:55:00,VIC1,2460.0,2456.28125,4662.0,10,0,0,10,4690.0,0.0,10,10,0,True
2025-03-04 11:00:00,VIC1,2460.0,2476.84375,4662.0,10,0,0,10,4690.0,0.0,10,10,0,True
2025-03-04 11:05:00,VIC1,2460.0,2455.8125,4672.0,10,0,0,10,4690.0,0.0,10,10,0,True
2025-03-04 11:10:00,VIC1,2460.0,2446.21875,4672.0,10,0,0,10,4690.0,0.0,10,10,0,True
2025-03-04 11:15:00,VIC1,2460.0,2451.4375,4672.0,10,0,0,10,4690.0,0.0,10,10,0,True
2025-03-04 11:20:00,VIC1,2460.0,2493.46875,4672.0,10,0,0,10,4690.0,0.0,10,10,0,True
2025-03-04 11:25:00,VIC1,2460.0,2494.0625,4672.0,10,0,0,10,4690.0,0.0,10,10,0,True
2025-03-04 11:30:00,VIC1,2460.0,2493.03125,4672.0,10,0,0,10,4690.0,0.0,10,10,0,True
2025-03-04 11:35:00,VIC1,2460.0,2503.21875,4672.0,10,0,0,10,4690.0,0.0,10,10,0,True
2025-03-04 11:40:00,VIC1,2460.0,2452.65625,4672.0,10,0,0,10,4690.0,0.0,10,10,0,True
2025-03-04 11:45:00,VIC1,2460.0,2447.1875,4672.0,10,0,0,10,4690.0,0.0,10,10,0,True
2025-03-04 11:50:00,VIC1,2460.0,2477.65625,4672.0,10,0,0,10,4690.0,0.0,10,10,0,True
2025-03-04 11:55:00,VIC1,2460.0,2483.15625,4672.0,10,0,0,10,4690.0,0.0,10,10,0,True
2025-03-04 12:00:00,VIC1,2506.57791,2500.75,4672.0,10,0,0,10,4690.0,0.0,10,10,0,True
2025-03-17 08:20:00,VIC1,3803.5254800000002,3780.8125,4213.0,9,1,0,10,4130.0,560.0,10,10,0,True
2025-03-17 08:25:00,VIC1,3852.0,3840.96875,4213.0,9,1,0,10,4130.0,560.0,10,10,0,True
2025-03-17 08:30:00,VIC1,3825.0,3889.0,4213.0,9,1,0,10,4130.0,560.0,10,10,0,True
2025-03-17 08:35:00,VIC1,3768.0,3797.1875,4213.0,9,1,0,10,4130.0,560.0,10,10,0,True
2025-03-17 08:40:00,VIC1,3620.6300499999998,3790.9375,4213.0,9,1,0,10,4130.0,560.0,10,10,0,True
2025-03-17 08:45:00,VIC1,3703.0,3680.09375,4213.0,9,1,0,10,4130.0,560.0,10,10,0,True
2025-03-17 08:50:00,VIC1,3525.25,3690.5,4213.0,9,1,0,10,4130.0,560.0,10,10,0,True
2025-03-17 08:55:00,VIC1,3574.0,3553.09375,4213.0,9,1,0,10,4130.0,560.0,10,10,0,True
2025-03-17 09:00:00,VIC1,3412.1427000000003,3533.09375,4213.0,9,1,0,10,4130.0,560.0,10,10,0,True
2025-03-17 09:05:00,VIC1,3423.0,3418.09375,4213.0,9,1,0,10,4130.0,560.0,10,10,0,True
2025-03-17 09:10:00,VIC1,3217.4375,3447.4375,4213.0,9,1,0,10,4130.0,560.0,10,10,0,True
2025-03-17 09:15:00,VIC1,3292.0,3240.4375,4213.0,9,1,0,10,4130.0,560.0,10,10,0,True
2025-03-17 09:20:00,VIC1,3041.40625,3260.40625,4213.0,9,1,0,10,4130.0,560.0,10,10,0,True
2025-03-17 09:25:00,VIC1,3018.51127,3117.46875,4213.0,9,1,0,10,4130.0,560.0,10,10,0,True
2025-03-17 09:30:00,VIC1,2877.34375,3069.1875,4213.0,9,1,0,10,4130.0,560.0,10,10,0,True
2025-03-17 09:35:00,VIC1,2744.89381,2904.84375,4213.0,9,1,0,10,4130.0,560.0,10,10,0,True
2025-03-17 09:40:00,VIC1,2582.6875,2754.4375,4213.0,9,1,0,10,4130.0,560.0,10,10,0,True
2025-03-17 09:45:00,VIC1,2601.65625,2626.53125,4213.0,9,1,0,10,4130.0,560.0,10,10,0,True
2025-03-17 09:50:00,VIC1,2456.4375,2631.1875,4213.0,9,1,0,10,4130.0,560.0,10,10,0,True
2025-03-17 09:55:00,VIC1,2337.0,2516.25,4213.0,9,1,0,10,4130.0,560.0,10,10,0,True
2025-03-17 10:00:00,VIC1,2317.59375,2362.8125,4213.0,9,1,0,10,4130.0,560.0,10,10,0,True
2025-03-17 10:05:00,VIC1,2291.0,2328.125,4213.0,9,1,0,10,4130.0,560.0,10,10,0,True
2025-03-17 10:10:00,VIC1,2323.76618,2377.0625,4213.0,9,1,0,10,4130.0,560.0,10,10,0,True
2025-03-17 10:15:00,VIC1,2290.0,2311.40625,4213.0,9,1,0,10,4130.0,560.0,10,10,0,True
2025-03-17 10:20:00,VIC1,2290.0,2297.34375,4213.0,9,1,0,10,4130.0,560.0,10,10,0,True
2025-03-17 10:25:00,VIC1,2290.0,2283.90625,4213.0,9,1,0,10,4130.0,560.0,10,10,0,True
2025-03-17 10:30:00,VIC1,2290.0,2283.6875,4213.0,9,1,0,10,4130.0,560.0,10,10,0,True
2025-03-17 10:35:00,VIC1,2290.0,2285.25,4213.0,9,1,0,10,4130.0,560.0,10,10,0,True
2025-03-17 10:40:00,VIC1,2290.0,2279.78125,4213.0,9,1,0,10,4130.0,560.0,10,10,0,True
2025-03-17 10:45:00,VIC1,2278.75,2311.59375,4213.0,9,1,0,10,4130.0,560.0,10,10,0,True
2025-03-17 10:50:00,VIC1,2267.0,2274.3125,4213.0,9,1,0,10,4130.0,560.0,10,10,0,True
2025-03-17 10:55:00,VIC1,2259.09375,2289.09375,4213.0,9,1,0,10,4130.0,560.0,10,10,0,True
2025-03-17 11:00:00,VIC1,2251.59375,2259.59375,4213.0,9,1,0,10,4130.0,560.0,10,10,0,True
2025-03-17 11:05:00,VIC1,2254.5,2295.1875,4213.0,9,1,0,10,4130.0,560.0,10,10,0,True
2025-03-17 11:10:00,VIC1,2250.0,2256.34375,4213.0,9,1,0,10,4130.0,560.0,10,10,0,True
2025-03-17 11:15:00,VIC1,2240.0,2239.28125,4213.0,9,1,0,10,4130.0,560.0,10,10,0,True
2025-03-17 11:20:00,VIC1,2246.67991,2272.1875,4213.0,9,1,0,10,4130.0,560.0,10,10,0,True
2025-03-17 11:25:00,VIC1,2240.0,2243.03125,4213.0,9,1,0,10,4130.0,560.0,10,10,0,True
2025-03-17 11:30:00,VIC1,2240.0,2231.78125,4213.0,9,1,0,10,4130.0,560.0,10,10,0,True
2025-03-17 11:35:00,VIC1,2240.0,2261.59375,4213.0,9,1,0,10,4130.0,560.0,10,10,0,True
2025-03-17 11:40:00,VIC1,2220.0,2252.90625,4213.0,9,1,0,10,4130.0,560.0,10,10,0,True
2025-03-17 11:45:00,VIC1,2230.0,2231.4375,4213.0,9,1,0,10,4130.0,560.0,10,10,0,True
2025-03-17 11:50:00,VIC1,2220.0,2230.40625,4213.0,9,1,0,10,4130.0,560.0,10,10,0,True
2025-03-17 11:55:00,VIC1,2195.375,2230.90625,4213.0,9,1,0,10,4130.0,560.0,10,10,0,True
2025-03-17 12:00:00,VIC1,2170.0,2214.5,4213.0,9,1,0,10,4130.0,560.0,10,10,0,True
2025-03-17 12:05:00,VIC1,2170.0,2160.0625,4213.0,9,1,0,10,4130.0,560.0,10,10,0,True
2025-03-17 12:10:00,VIC1,2170.0,2197.03125,4213.0,9,1,0,10,4130.0,560.0,10,10,0,True
2025-03-17 12:15:00,VIC1,2170.0,2160.0625,4213.0,9,1,0,10,4130.0,560.0,10,10,0,True
2025-03-17 12:20:00,VIC1,2170.0,2196.125,4213.0,9,1,0,10,4130.0,560.0,10,10,0,True
2025-03-26 17:00:00,VIC1,3491.3125,3380.3125,3910.0,8,2,0,10,3770.0,920.0,10,10,0,True
2025-03-26 17:05:00,VIC1,3552.375,3450.125,3910.0,8,2,0,10,3770.0,920.0,10,10,0,True
2025-03-26 17:10:00,VIC1,3620.03125,3521.15625,3910.0,8,2,0,10,3770.0,920.0,10,10,0,True
2025-03-26 17:15:00,VIC1,3701.9375,3607.6875,3910.0,8,2,0,10,3770.0,920.0,10,10,0,True
2025-03-26 17:20:00,VIC1,3767.1875,3692.9375,3910.0,8,2,0,10,3770.0,920.0,10,10,0,True
2025-03-26 17:25:00,VIC1,3812.0,3764.125,3910.0,8,2,0,10,3770.0,920.0,10,10,0,True
2025-03-26 17:30:00,VIC1,3842.30294,3800.40625,3910.0,8,2,0,10,3770.0,920.0,10,10,0,True
2025-03-26 17:35:00,VIC1,3899.0,3826.34375,3910.0,8,2,0,10,3770.0,920.0,10,10,0,True
2025-03-26 17:40:00,VIC1,3910.0,3901.34375,3910.0,8,2,0,10,3770.0,920.0,10,10,0,True
2025-03-26 17:45:00,VIC1,3910.0,3912.4375,3910.0,8,2,0,10,3770.0,920.0,10,10,0,True
2025-03-26 17:50:00,VIC1,3910.0,3909.15625,3910.0,8,2,0,10,3770.0,920.0,10,10,0,True
2025-03-26 17:55:00,VIC1,3910.0,3921.0625,3910.0,8,2,0,10,3770.0,920.0,10,10,0,True
2025-03-26 18:00:00,VIC1,3900.0,3909.6875,3900.0,8,2,0,10,3770.0,920.0,10,10,0,True
2025-03-26 18:05:00,VIC1,3894.0,3869.34375,3900.0,8,2,0,10,3770.0,920.0,10,10,0,True
2025-03-26 18:10:00,VIC1,3894.0,3876.84375,3900.0,8,2,0,10,3770.0,920.0,10,10,0,True
2025-03-26 18:15:00,VIC1,3891.0,3871.8125,3900.0,8,2,0,10,3770.0,920.0,10,10,0,True
2025-03-26 18:20:00,VIC1,3894.0,3882.8125,3900.0,8,2,0,10,3770.0,920.0,10,10,0,True
2025-03-26 18:25:00,VIC1,3894.0,3895.84375,3900.0,8,2,0,10,3770.0,920.0,10,10,0,True
2025-03-26 18:30:00,VIC1,3894.0,3865.25,3900.0,8,2,0,10,3770.0,920.0,10,10,0,True
2025-03-26 18:35:00,VIC1,3891.0,3880.90625,3894.0,8,2,0,10,3770.0,920.0,10,10,0,True
2025-03-26 18:40:00,VIC1,3894.0,3882.21875,3894.0,8,2,0,10,3770.0,920.0,10,10,0,True
2025-03-26 18:45:00,VIC1,3894.0,3875.125,3894.0,8,2,0,10,3770.0,920.0,10,10,0,True
2025-03-26 18:50:00,VIC1,3894.0,3904.53125,3894.0,8,2,0,10,3770.0,920.0,10,10,0,True
2025-03-26 18:55:00,VIC1,3894.0,3866.96875,3894.0,8,2,0,10,3770.0,920.0,10,10,0,True
2025-03-26 19:00:00,VIC1,3894.0,3901.21875,3894.0,8,2,0,10,3770.0,920.0,10,10,0,True
2025-03-26 19:05:00,VIC1,3894.0,3895.0625,3894.0,8,2,0,10,3770.0,920.0,10,10,0,True
2025-03-26 19:10:00,VIC1,3894.0,3875.3125,3894.0,8,2,0,10,3770.0,920.0,10,10,0,True
2025-03-26 19:15:00,VIC1,3894.0,3878.28125,3894.0,8,2,0,10,3770.0,920.0,10,10,0,True
2025-03-26 19:20:00,VIC1,3894.0,3899.4375,3894.0,8,2,0,10,3770.0,920.0,10,10,0,True
2025-03-26 19:25:00,VIC1,3894.0,3880.6875,3894.0,8,2,0,10,3770.0,920.0,10,10,0,True
2025-03-26 19:30:00,VIC1,3894.0,3881.875,3894.0,8,2,0,10,3770.0,920.0,10,10,0,True
2025-03-26 19:35:00,VIC1,3884.0,3885.34375,3894.0,8,2,0,10,3770.0,920.0,10,10,0,True
2025-03-26 19:40:00,VIC1,3884.0,3885.59375,3894.0,8,2,0,10,3770.0,920.0,10,10,0,True
2025-03-26 19:45:00,VIC1,3889.0,3896.59375,3899.0,8,2,0,10,3770.0,920.0,10,10,0,True
2025-03-26 19:50:00,VIC1,3889.0,3877.625,3899.0,8,2,0,10,3770.0,920.0,10,10,0,True
2025-03-26 19:55:00,VIC1,3889.0,3886.65625,3899.0,8,2,0,10,3770.0,920.0,10,10,0,True
2025-03-26 20:00:00,VIC1,3889.0,3909.625,3899.0,8,2,0,10,3770.0,920.0,10,10,0,True
2025-03-26 20:05:00,VIC1,3825.0,3897.03125,3899.0,8,2,0,10,3770.0,920.0,10,10,0,True
2025-03-26 20:10:00,VIC1,3775.0,3857.59375,3899.0,8,2,0,10,3770.0,920.0,10,10,0,True
2025-03-26 20:15:00,VIC1,3744.0,3778.96875,3899.0,8,2,0,10,3770.0,920.0,10,10,0,True
2025-03-26 20:20:00,VIC1,3744.0,3775.5,3899.0,8,2,0,10,3770.0,920.0,10,10,0,True
2025-03-26 20:25:00,VIC1,3744.0,3746.375,3899.0,8,2,0,10,3770.0,920.0,10,10,0,True
2025-03-26 20:30:00,VIC1,3744.0,3745.0,3899.0,8,2,0,10,3770.0,920.0,10,10,0,True
2025-03-26 20:35:00,VIC1,3828.0,3761.53125,3899.0,8,2,0,10,3770.0,920.0,10,10,0,True
2025-03-26 20:40:00,VIC1,3875.0,3802.59375,3899.0,8,2,0,10,3770.0,920.0,10,10,0,True
2025-03-26 20:45:00,VIC1,3899.0,3864.1875,3899.0,8,2,0,10,3770.0,920.0,10,10,0,True
2025-03-26 20:50:00,VIC1,3899.0,3889.25,3899.0,8,2,0,10,3770.0,920.0,10,10,0,True
2025-03-26 20:55:00,VIC1,3899.0,3884.875,3899.0,8,2,0,10,3770.0,920.0,10,10,0,True
2025-03-26 21:00:00,VIC1,3899.0,3909.65625,3899.0,8,2,0,10,3770.0,920.0,10,10,0,True
2025-03-27 06:00:00,VIC1,3899.0,3888.5625,3899.0,8,2,0,10,3770.0,920.0,10,10,0,True
2025-03-27 06:05:00,VIC1,3899.0,3909.59375,3899.0,8,2,0,10,3770.0,920.0,10,10,0,True
2025-03-27 06:10:00,VIC1,3899.0,3909.625,3899.0,8,2,0,10,3770.0,920.0,10,10,0,True
2025-03-27 06:15:00,VIC1,3899.0,3898.96875,3899.0,8,2,0,10,3770.0,920.0,10,10,0,True
2025-03-27 06:20:00,VIC1,3899.0,3884.90625,3899.0,8,2,0,10,3770.0,920.0,10,10,0,True
2025-03-27 06:25:00,VIC1,3899.0,3893.65625,3899.0,8,2,0,10,3770.0,920.0,10,10,0,True
2025-03-27 06:30:00,VIC1,3899.0,3909.28125,3899.0,8,2,0,10,3770.0,920.0,10,10,0,True
2025-03-27 06:35:00,VIC1,3899.0,3882.375,3899.0,8,2,0,10,3770.0,920.0,10,10,0,True
2025-03-27 06:40:00,VIC1,3899.0,3898.78125,3899.0,8,2,0,10,3770.0,920.0,10,10,0,True
2025-03-27 06:45:00,VIC1,3899.0,3882.90625,3899.0,8,2,0,10,3770.0,920.0,10,10,0,True
2025-03-27 06:50:00,VIC1,3898.0,3882.1875,3907.0,8,2,0,10,3770.0,920.0,10,10,0,True
2025-03-27 06:55:00,VIC1,3898.0,3881.28125,3907.0,8,2,0,10,3770.0,920.0,10,10,0,True
2025-03-27 07:00:00,VIC1,3901.0,3888.71875,3907.0,8,2,0,10,3770.0,920.0,10,10,0,True
2025-03-27 07:05:00,VIC1,3898.0,3869.03125,3907.0,8,2,0,10,3770.0,920.0,10,10,0,True
2025-03-27 07:10:00,VIC1,3901.0,3895.875,3907.0,8,2,0,10,3770.0,920.0,10,10,0,True
2025-03-27 07:15:00,VIC1,3901.0,3898.625,3907.0,8,2,0,10,3770.0,920.0,10,10,0,True
2025-03-27 07:20:00,VIC1,3901.0,3908.375,3907.0,8,2,0,10,3770.0,920.0,10,10,0,True
2025-03-27 07:25:00,VIC1,3904.0,3906.75,3907.0,8,2,0,10,3770.0,920.0,10,10,0,True
2025-03-27 07:30:00,VIC1,3904.0,3885.5625,3907.0,8,2,0,10,3770.0,920.0,10,10,0,True
2025-03-27 07:35:00,VIC1,3904.0,3879.71875,3907.0,8,2,0,10,3770.0,920.0,10,10,0,True
2025-03-27 07:40:00,VIC1,3904.0,3891.5,3907.0,8,2,0,10,3770.0,920.0,10,10,0,True
2025-03-27 07:45:00,VIC1,3901.0,3882.90625,3907.0,8,2,0,10,3770.0,920.0,10,10,0,True
2025-03-27 07:50:00,VIC1,3901.0,3888.75,3907.0,8,2,0,10,3770.0,920.0,10,10,0,True
2025-03-27 07:55:00,VIC1,3901.0,3870.1875,3907.0,8,2,0,10,3770.0,920.0,10,10,0,True
2025-03-27 08:00:00,VIC1,3904.0,3871.5,3907.0,8,2,0,10,3770.0,920.0,10,10,0,True
2025-03-27 08:05:00,VIC1,3904.0,3874.53125,3907.0,8,2,0,10,3770.0,920.0,10,10,0,True
2025-03-27 08:10:00,VIC1,3904.0,3902.53125,3907.0,8,2,0,10,3770.0,920.0,10,10,0,True
2025-03-27 08:15:00,VIC1,3787.2642800000003,3897.90625,3907.0,8,2,0,10,3770.0,920.0,10,10,0,True
2025-03-27 08:20:00,VIC1,3901.0,3839.25,3907.0,8,2,0,10,3770.0,920.0,10,10,0,True
2025-03-27 08:25:00,VIC1,3746.69627,3873.625,3907.0,8,2,0,10,3770.0,920.0,10,10,0,True
2025-03-27 08:30:00,VIC1,3747.45648,3808.15625,3907.0,8,2,0,10,3770.0,920.0,10,10,0,True
2025-03-27 08:35:00,VIC1,3673.19443,3776.90625,3907.0,8,2,0,10,3770.0,920.0,10,10,0,True
2025-03-27 08:40:00,VIC1,3604.08123,3697.46875,3907.0,8,2,0,10,3770.0,920.0,10,10,0,True
2025-03-27 08:45:00,VIC1,3436.10253,3605.0,3907.0,8,2,0,10,3770.0,920.0,10,10,0,True
2025-03-27 08:50:00,VIC1,3228.0,3427.71875,3907.0,8,2,0,10,3770.0,920.0,10,10,0,True
2025-03-27 08:55:00,VIC1,3114.40625,3269.40625,3907.0,8,2,0,10,3770.0,920.0,10,10,0,True
2025-03-27 09:00:00,VIC1,3031.0,3106.0,3907.0,8,2,0,10,3770.0,920.0,10,10,0,True
2025-03-27 09:05:00,VIC1,2830.5,3044.78125,3907.0,8,2,0,10,3770.0,920.0,10,10,0,True
2025-03-27 09:10:00,VIC1,2674.88899,2869.65625,3907.0,8,2,0,10,3770.0,920.0,10,10,0,True
2025-03-27 09:15:00,VIC1,2605.48233,2714.90625,3907.0,8,2,0,10,3770.0,920.0,10,10,0,True
2025-03-27 09:20:00,VIC1,2716.20392,2647.53125,3907.0,8,2,0,10,3770.0,920.0,10,10,0,True
2025-03-27 09:25:00,VIC1,2697.06757,2741.84375,3907.0,8,2,0,10,3770.0,920.0,10,10,0,True
2025-03-27 09:30:00,VIC1,2609.20833,2697.28125,3907.0,8,2,0,10,3770.0,920.0,10,10,0,True
2025-03-27 09:35:00,VIC1,2550.78125,2669.5625,3907.0,8,2,0,10,3770.0,920.0,10,10,0,True
2025-03-27 09:40:00,VIC1,2478.1875,2627.34375,3907.0,8,2,0,10,3770.0,920.0,10,10,0,True
2025-03-27 09:45:00,VIC1,2379.875,2508.40625,3907.0,8,2,0,10,3770.0,920.0,10,10,0,True
2025-03-27 09:50:00,VIC1,2321.32571,2394.65625,3907.0,8,2,0,10,3770.0,920.0,10,10,0,True
2025-03-27 09:55:00,VIC1,2224.03125,2341.03125,3907.0,8,2,0,10,3770.0,920.0,10,10,0,True
2025-03-27 10:00:00,VIC1,2146.65625,2231.875,3907.0,8,2,0,10,3770.0,920.0,10,10,0,True
2025-03-31 17:10:00,VIC1,2351.4375,2471.3125,3427.0,7,3,0,10,3390.0,1300.0,10,10,0,True
2025-03-31 17:15:00,VIC1,2388.34375,2369.84375,3427.0,7,3,0,10,3390.0,1300.0,10,10,0,True
2025-03-31 17:20:00,VIC1,2425.0,2405.3125,3427.0,7,3,0,10,3390.0,1300.0,10,10,0,True
2025-03-31 17:25:00,VIC1,2505.0,2484.09375,3427.0,7,3,0,10,3390.0,1300.0,10,10,0,True
2025-03-31 17:30:00,VIC1,2672.28125,2517.5625,3412.0,7,3,0,10,3390.0,1300.0,10,10,0,True
2025-03-31 17:35:00,VIC1,2789.90625,2621.0625,3412.0,7,3,0,10,3390.0,1300.0,10,10,0,True
2025-03-31 17:40:00,VIC1,2944.0,2828.21875,3412.0,7,3,0,10,3390.0,1300.0,10,10,0,True
2025-03-31 17:45:00,VIC1,2972.0,2896.8125,3412.0,7,3,0,10,3390.0,1300.0,10,10,0,True
2025-03-31 17:50:00,VIC1,3060.0,2990.78125,3412.0,7,3,0,10,3390.0,1300.0,10,10,0,True
2025-03-31 17:55:00,VIC1,3087.0,3014.28125,3412.0,7,3,0,10,3390.0,1300.0,10,10,0,True
2025-03-31 18:00:00,VIC1,3154.0,3081.375,3412.0,7,3,0,10,3390.0,1300.0,10,10,0,True
2025-03-31 18:05:00,VIC1,3217.0,3149.96875,3412.0,7,3,0,10,3390.0,1300.0,10,10,0,True
2025-03-31 18:10:00,VIC1,3258.0,3175.5,3412.0,7,3,0,10,3390.0,1300.0,10,10,0,True
2025-03-31 18:15:00,VIC1,3303.0,3242.96875,3412.0,7,3,0,10,3390.0,1300.0,10,10,0,True
2025-03-31 18:20:00,VIC1,3355.0,3306.0625,3412.0,7,3,0,10,3390.0,1300.0,10,10,0,True
2025-03-31 18:25:00,VIC1,3382.0,3323.4375,3412.0,7,3,0,10,3390.0,1300.0,10,10,0,True
2025-03-31 18:30:00,VIC1,3412.0,3377.90625,3412.0,7,3,0,10,3390.0,1300.0,10,10,0,True
2025-03-31 18:35:00,VIC1,3427.0,3384.96875,3427.0,7,3,0,10,3390.0,1300.0,10,10,0,True
2025-03-31 18:40:00,VIC1,3228.71875,3390.46875,3427.0,7,3,0,10,3390.0,1300.0,10,10,0,True
2025-03-31 18:45:00,VIC1,3407.9134,3262.125,3427.0,7,3,0,10,3390.0,1300.0,10,10,0,True
2025-03-31 18:50:00,VIC1,3427.0,3392.375,3427.0,7,3,0,10,3390.0,1300.0,10,10,0,True
2025-03-31 18:55:00,VIC1,3427.0,3402.5,3427.0,7,3,0,10,3390.0,1300.0,10,10,0,True
2025-03-31 19:00:00,VIC1,3427.0,3393.84375,3427.0,7,3,0,10,3390.0,1300.0,10,10,0,True
2025-03-31 19:05:00,VIC1,3427.0,3427.375,3427.0,7,3,0,10,3390.0,1300.0,10,10,0,True
2025-03-31 19:10:00,VIC1,3427.0,3403.4375,3427.0,7,3,0,10,3390.0,1300.0,10,10,0,True
2025-03-31 19:15:00,VIC1,3421.0,3404.53125,3421.0,7,3,0,10,3390.0,1300.0,10,10,0,True
2025-03-31 19:20:00,VIC1,3417.0,3386.75,3417.0,7,3,0,10,3390.0,1300.0,10,10,0,True
2025-03-31 19:25:00,VIC1,3417.0,3384.1875,3417.0,7,3,0,10,3390.0,1300.0,10,10,0,True
2025-03-31 19:30:00,VIC1,3417.0,3410.5625,3417.0,7,3,0,10,3390.0,1300.0,10,10,0,True
2025-03-31 19:35:00,VIC1,3417.0,3379.46875,3417.0,7,3,0,10,3390.0,1300.0,10,10,0,True
2025-03-31 19:40:00,VIC1,3417.0,3400.25,3417.0,7,3,0,10,3390.0,1300.0,10,10,0,True
2025-03-31 19:45:00,VIC1,3417.0,3395.65625,3417.0,7,3,0,10,3390.0,1300.0,10,10,0,True
2025-03-31 19:50:00,VIC1,3417.0,3422.1875,3417.0,7,3,0,10,3390.0,1300.0,10,10,0,True
2025-03-31 19:55:00,VIC1,3417.0,3370.40625,3417.0,7,3,0,10,3390.0,1300.0,10,10,0,True
2025-03-31 20:00:00,VIC1,3417.0,3410.90625,3417.0,7,3,0,10,3390.0,1300.0,10,10,0,True
2025-03-31 20:05:00,VIC1,3417.0,3387.90625,3417.0,7,3,0,10,3390.0,1300.0,10,10,0,True
2025-03-31 20:10:00,VIC1,3417.0,3397.34375,3417.0,7,3,0,10,3390.0,1300.0,10,10,0,True
2025-03-31 20:15:00,VIC1,3417.0,3411.5,3417.0,7,3,0,10,3390.0,1300.0,10,10,0,True
2025-03-31 20:20:00,VIC1,3417.0,3388.15625,3417.0,7,3,0,10,3390.0,1300.0,10,10,0,True
2025-03-31 20:25:00,VIC1,3417.0,3403.375,3417.0,7,3,0,10,3390.0,1300.0,10,10,0,True
2025-03-31 20:30:00,VIC1,3417.0,3397.96875,3417.0,7,3,0,10,3390.0,1300.0,10,10,0,True
2025-03-31 20:35:00,VIC1,3417.0,3399.625,3417.0,7,3,0,10,3390.0,1300.0,10,10,0,True
2025-03-31 20:40:00,VIC1,3417.0,3405.65625,3417.0,7,3,0,10,3390.0,1300.0,10,10,0,True
2025-03-31 20:45:00,VIC1,3372.4781599999997,3379.28125,3417.0,7,3,0,10,3390.0,1300.0,10,10,0,True
2025-03-31 20:50:00,VIC1,3361.11141,3350.5625,3417.0,7,3,0,10,3390.0,1300.0,10,10,0,True
2025-03-31 20:55:00,VIC1,3380.09991,3330.125,3417.0,7,3,0,10,3390.0,1300.0,10,10,0,True
2025-03-31 21:00:00,VIC1,3380.37629,3373.125,3417.0,7,3,0,10,3390.0,1300.0,10,10,0,True
2025-03-31 21:05:00,VIC1,3214.8031300000002,3318.40625,3417.0,7,3,0,10,3390.0,1300.0,10,10,0,True
2025-03-31 21:10:00,VIC1,3172.19085,3225.5,3417.0,7,3,0,10,3390.0,1300.0,10,10,0,True
2025-04-12 11:00:00,VIC1,2370.0,2357.53125,4148.0,9,1,0,10,4130.0,560.0,10,10,0,True
2025-04-12 11:05:00,VIC1,2370.0,2355.34375,4148.0,9,1,0,10,4130.0,560.0,10,10,0,True
2025-04-12 11:10:00,VIC1,2390.0,2401.21875,4148.0,9,1,0,10,4130.0,560.0,10,10,0,True
2025-04-12 11:15:00,VIC1,2370.0,2403.8125,4148.0,9,1,0,10,4130.0,560.0,10,10,0,True
2025-04-12 11:20:00,VIC1,2370.0,2345.21875,4148.0,9,1,0,10,4130.0,560.0,10,10,0,True
2025-04-12 11:25:00,VIC1,2370.0,2380.15625,4148.0,9,1,0,10,4130.0,560.0,10,10,0,True
2025-04-12 11:30:00,VIC1,2370.0,2373.1875,4148.0,9,1,0,10,4130.0,560.0,10,10,0,True
2025-04-12 11:35:00,VIC1,2320.75,2377.375,4148.0,9,1,0,10,4130.0,560.0,10,10,0,True
2025-04-12 11:40:00,VIC1,2276.0625,2322.78125,4148.0,9,1,0,10,4130.0,560.0,10,10,0,True
2025-04-12 11:45:00,VIC1,2290.0,2309.25,4148.0,9,1,0,10,4130.0,560.0,10,10,0,True
2025-04-12 11:50:00,VIC1,2290.0,2356.25,4148.0,9,1,0,10,4130.0,560.0,10,10,0,True
2025-04-12 11:55:00,VIC1,2270.0,2309.5,4148.0,9,1,0,10,4130.0,560.0,10,10,0,True
2025-04-12 12:00:00,VIC1,2270.0,2253.40625,4148.0,9,1,0,10,4130.0,560.0,10,10,0,True
2025-04-12 12:05:00,VIC1,2270.0,2278.5625,4148.0,9,1,0,10,4130.0,560.0,10,10,0,True
2025-04-12 12:10:00,VIC1,2270.0,2266.3125,4148.0,9,1,0,10,4130.0,560.0,10,10,0,True
2025-04-12 12:15:00,VIC1,2270.0,2262.59375,4148.0,9,1,0,10,4130.0,560.0,10,10,0,True
2025-04-12 12:20:00,VIC1,2310.0,2305.125,4148.0,9,1,0,10,4130.0,560.0,10,10,0,True
2025-04-12 12:25:00,VIC1,2270.0,2294.34375,4148.0,9,1,0,10,4130.0,560.0,10,10,0,True
2025-04-12 12:30:00,VIC1,2270.0,2302.5625,4148.0,9,1,0,10,4130.0,560.0,10,10,0,True
2025-04-12 12:35:00,VIC1,2270.0,2250.90625,4148.0,9,1,0,10,4130.0,560.0,10,10,0,True
2025-04-12 12:40:00,VIC1,2290.0,2275.71875,4148.0,9,1,0,10,4130.0,560.0,10,10,0,True
2025-04-12 12:45:00,VIC1,2290.0,2323.8125,4148.0,9,1,0,10,4130.0,560.0,10,10,0,True
2025-04-12 12:50:00,VIC1,2270.0,2282.875,4148.0,9,1,0,10,4130.0,560.0,10,10,0,True
2025-04-12 12:55:00,VIC1,2277.28627,2320.03125,4148.0,9,1,0,10,4130.0,560.0,10,10,0,True
2025-04-12 13:00:00,VIC1,2270.0,2261.03125,4148.0,9,1,0,10,4130.0,560.0,10,10,0,True
2025-04-12 13:05:00,VIC1,2270.48765,2260.6875,4148.0,9,1,0,10,4130.0,560.0,10,10,0,True
2025-04-12 13:10:00,VIC1,2270.0,2322.09375,4148.0,9,1,0,10,4130.0,560.0,10,10,0,True
2025-04-12 13:15:00,VIC1,2270.0,2290.84375,4148.0,9,1,0,10,4130.0,560.0,10,10,0,True
2025-04-12 13:20:00,VIC1,2275.72073,2338.96875,4148.0,9,1,0,10,4130.0,560.0,10,10,0,True
2025-04-12 13:25:00,VIC1,2327.375,2317.125,4148.0,9,1,0,10,4130.0,560.0,10,10,0,True
2025-04-12 13:30:00,VIC1,2374.375,2404.09375,4148.0,9,1,0,10,4130.0,560.0,10,10,0,True
2025-04-12 13:35:00,VIC1,2412.375,2427.875,4148.0,9,1,0,10,4130.0,560.0,10,10,0,True
2025-04-12 13:40:00,VIC1,2457.0625,2346.53125,4148.0,9,1,0,10,4130.0,560.0,10,10,0,True
2025-04-12 13:45:00,VIC1,2556.0625,2437.15625,3773.0,9,1,0,10,4130.0,560.0,10,10,0,True
2025-04-12 13:50:00,VIC1,2665.40625,2574.875,3773.0,9,1,0,10,4130.0,560.0,10,10,0,True
2025-04-12 13:55:00,VIC1,2748.90625,2653.90625,3773.0,9,1,0,10,4130.0,560.0,10,10,0,True
2025-04-12 14:00:00,VIC1,2767.28125,2692.5,3773.0,9,1,0,10,4130.0,560.0,10,10,0,True
2025-04-12 14:05:00,VIC1,2853.125,2780.96875,3773.0,9,1,0,10,4130.0,560.0,10,10,0,True
2025-04-12 14:10:00,VIC1,2877.03125,2787.1875,3773.0,9,1,0,10,4130.0,560.0,10,10,0,True
2025-04-12 14:15:00,VIC1,2868.73096,2824.5625,3773.0,9,1,0,10,4130.0,560.0,10,10,0,True
2025-04-12 14:20:00,VIC1,2934.1875,2863.84375,3773.0,9,1,0,10,4130.0,560.0,10,10,0,True
2025-04-12 14:25:00,VIC1,2971.3125,2919.53125,3773.0,9,1,0,10,4130.0,560.0,10,10,0,True
2025-04-12 14:30:00,VIC1,2958.40625,2917.71875,3773.0,9,1,0,10,4130.0,560.0,10,10,0,True
2025-04-12 14:35:00,VIC1,2992.0,3010.375,3773.0,8,2,0,10,3750.0,940.0,10,10,0,True
2025-04-12 14:40:00,VIC1,3006.0,2995.40625,3773.0,8,2,0,10,3750.0,940.0,10,10,0,True
2025-04-12 14:45:00,VIC1,3094.3125,3114.6875,3773.0,8,2,0,10,3750.0,940.0,10,10,0,True
2025-04-12 14:50:00,VIC1,3093.18451,3180.375,3773.0,8,2,0,10,3750.0,940.0,10,10,0,True
2025-04-12 14:55:00,VIC1,3152.625,3238.84375,3773.0,8,2,0,10,3750.0,940.0,10,10,0,True
2025-04-12 15:00:00,VIC1,3152.78125,3239.625,3773.0,8,2,0,10,3750.0,940.0,10,10,0,True
2025-04-14 07:40:00,VIC1,4755.0,4667.65625,4781.0,10,0,0,10,4690.0,0.0,10,10,0,True
2025-04-14 07:45:00,VIC1,4752.0,4758.0625,4781.0,10,0,0,10,4690.0,0.0,10,10,0,True
2025-04-14 07:50:00,VIC1,4743.7532599999995,4749.65625,4781.0,10,0,0,10,4690.0,0.0,10,10,0,True
2025-04-14 07:55:00,VIC1,4630.02978,4729.78125,4783.0,10,0,0,10,4690.0,0.0,10,10,0,True
2025-04-14 08:00:00,VIC1,4771.0,4662.25,4783.0,10,0,0,10,4690.0,0.0,10,10,0,True
2025-04-14 08:05:00,VIC1,4774.0,4751.625,4783.0,10,0,0,10,4690.0,0.0,10,10,0,True
2025-04-14 08:10:00,VIC1,4674.6439,4754.3125,4783.0,10,0,0,10,4690.0,0.0,10,10,0,True
2025-04-14 08:15:00,VIC1,4535.53125,4718.28125,4783.0,10,0,0,10,4690.0,0.0,10,10,0,True
2025-04-14 08:20:00,VIC1,4589.58089,4596.90625,4783.0,10,0,0,10,4690.0,0.0,10,10,0,True
2025-04-14 08:25:00,VIC1,4719.12716,4611.84375,4783.0,10,0,0,10,4690.0,0.0,10,10,0,True
2025-04-14 08:30:00,VIC1,4481.15373,4733.125,4783.0,10,0,0,10,4690.0,0.0,10,10,0,True
2025-04-14 08:35:00,VIC1,4492.0,4581.375,4783.0,10,0,0,10,4690.0,0.0,10,10,0,True
2025-04-14 08:40:00,VIC1,4446.3125,4522.3125,4783.0,10,0,0,10,4690.0,0.0,10,10,0,True
2025-04-14 08:45:00,VIC1,4365.51104,4444.34375,4783.0,10,0,0,10,4690.0,0.0,10,10,0,True
2025-04-14 08:50:00,VIC1,4228.0012,4352.53125,4783.0,10,0,0,10,4690.0,0.0,10,10,0,True
2025-04-14 08:55:00,VIC1,4334.0,4263.75,4783.0,10,0,0,10,4690.0,0.0,10,10,0,True
2025-04-14 09:00:00,VIC1,4206.0,4302.625,4783.0,10,0,0,10,4690.0,0.0,10,10,0,True
2025-04-14 09:05:00,VIC1,4100.02783,4237.21875,4783.0,10,0,0,10,4690.0,0.0,10,10,0,True
2025-04-14 09:10:00,VIC1,4066.56558,4140.59375,4783.0,10,0,0,10,4690.0,0.0,10,10,0,True
2025-04-14 09:15:00,VIC1,4050.85695,4099.8125,4783.0,10,0,0,10,4690.0,0.0,10,10,0,True
2025-04-14 09:20:00,VIC1,3926.77327,4070.875,4783.0,10,0,0,10,4690.0,0.0,10,10,0,True
2025-04-14 09:25:00,VIC1,3824.30491,3966.78125,4783.0,10,0,0,10,4690.0,0.0,10,10,0,True
2025-04-14 09:30:00,VIC1,3789.24732,3841.15625,4783.0,10,0,0,10,4690.0,0.0,10,10,0,True
2025-04-14 09:35:00,VIC1,3651.0,3823.46875,4783.0,10,0,0,10,4690.0,0.0,10,10,0,True
2025-04-14 09:40:00,VIC1,3779.0,3707.40625,4783.0,10,0,0,10,4690.0,0.0,10,10,0,True
2025-04-14 09:45:00,VIC1,3814.57631,3764.9375,4783.0,10,0,0,10,4690.0,0.0,10,10,0,True
2025-04-14 09:50:00,VIC1,3914.83966,3857.59375,4783.0,10,0,0,10,4690.0,0.0,10,10,0,True
2025-04-14 09:55:00,VIC1,3997.0,3906.625,4783.0,10,0,0,10,4690.0,0.0,10,10,0,True
2025-04-14 10:00:00,VIC1,3893.0,3989.3125,4783.0,10,0,0,10,4690.0,0.0,10,10,0,True
2025-04-14 10:05:00,VIC1,3764.5806199999997,3889.75,4783.0,10,0,0,10,4690.0,0.0,10,10,0,True
2025-04-14 10:10:00,VIC1,3731.00508,3803.65625,4783.0,10,0,0,10,4690.0,0.0,10,10,0,True
2025-04-14 10:15:00,VIC1,3655.48487,3701.40625,4783.0,10,0,0,10,4690.0,0.0,10,10,0,True
2025-04-14 10:20:00,VIC1,3552.0,3639.34375,4783.0,10,0,0,10,4690.0,0.0,10,10,0,True
2025-04-14 10:25:00,VIC1,3503.0,3606.59375,4783.0,10,0,0,10,4690.0,0.0,10,10,0,True
2025-04-14 10:30:00,VIC1,3506.15625,3503.875,4783.0,10,0,0,10,4690.0,0.0,10,10,0,True
2025-04-14 10:35:00,VIC1,3325.0,3470.8125,4783.0,10,0,0,10,4690.0,0.0,10,10,0,True
2025-04-14 10:40:00,VIC1,3266.0,3356.21875,4783.0,10,0,0,10,4690.0,0.0,10,10,0,True
2025-04-14 10:45:00,VIC1,3389.0,3291.375,4783.0,10,0,0,10,4690.0,0.0,10,10,0,True
2025-04-14 10:50:00,VIC1,3376.60409,3324.5625,4783.0,10,0,0,10,4690.0,0.0,10,10,0,True
2025-04-14 10:55:00,VIC1,3411.9375,3423.8125,4783.0,10,0,0,10,4690.0,0.0,10,10,0,True
2025-04-14 11:00:00,VIC1,3196.0,3367.59375,4783.0,10,0,0,10,4690.0,0.0,10,10,0,True
2025-04-14 11:05:00,VIC1,3237.18819,3182.53125,4783.0,10,0,0,10,4690.0,0.0,10,10,0,True
2025-04-14 11:10:00,VIC1,3157.0,3257.4375,4783.0,10,0,0,10,4690.0,0.0,10,10,0,True
2025-04-14 11:15:00,VIC1,3274.0,3184.28125,4783.0,10,0,0,10,4690.0,0.0,10,10,0,True
2025-04-14 11:20:00,VIC1,3123.0,3217.5625,4783.0,10,0,0,10,4690.0,0.0,10,10,0,True
2025-04-14 11:25:00,VIC1,3055.0,3130.28125,4783.0,10,0,0,10,4690.0,0.0,10,10,0,True
2025-04-14 11:30:00,VIC1,2984.0,3077.375,4783.0,10,0,0,10,4690.0,0.0,10,10,0,True
2025-04-14 11:35:00,VIC1,3114.0,3049.40625,4783.0,10,0,0,10,4690.0,0.0,10,10,0,True
2025-04-14 11:40:00,VIC1,3155.0,3067.0,4783.0,10,0,0,10,4690.0,0.0,10,10,0,True
2025-04-16 06:00:00,VIC1,4698.0,4679.03125,4707.0,10,0,0,10,4690.0,0.0,10,10,0,True
2025-04-16 06:05:00,VIC1,4701.0,4686.0,4707.0,10,0,0,10,4690.0,0.0,10,10,0,True
2025-04-16 06:10:00,VIC1,4707.0,4734.75,4707.0,10,0,0,10,4690.0,0.0,10,10,0,True
2025-04-16 06:15:00,VIC1,4707.0,4704.8125,4707.0,10,0,0,10,4690.0,0.0,10,10,0,True
2025-04-16 06:20:00,VIC1,4707.0,4700.0625,4707.0,10,0,0,10,4690.0,0.0,10,10,0,True
2025-04-16 06:25:00,VIC1,4707.0,4697.28125,4707.0,10,0,0,10,4690.0,0.0,10,10,0,True
2025-04-16 06:30:00,VIC1,4707.0,4682.125,4707.0,10,0,0,10,4690.0,0.0,10,10,0,True
2025-04-16 06:35:00,VIC1,4707.0,4697.65625,4707.0,10,0,0,10,4690.0,0.0,10,10,0,True
2025-04-16 06:40:00,VIC1,4681.32324,4686.65625,4707.0,10,0,0,10,4690.0,0.0,10,10,0,True
2025-04-16 06:45:00,VIC1,4626.9704600000005,4669.96875,4707.0,10,0,0,10,4690.0,0.0,10,10,0,True
2025-04-16 06:50:00,VIC1,4625.0,4594.21875,4712.0,10,0,0,10,4690.0,0.0,10,10,0,True
2025-04-16 06:55:00,VIC1,4575.53806,4592.34375,4712.0,10,0,0,10,4690.0,0.0,10,10,0,True
2025-04-16 07:00:00,VIC1,4654.56762,4535.96875,4712.0,10,0,0,10,4690.0,0.0,10,10,0,True
2025-04-16 07:05:00,VIC1,4680.58891,4680.53125,4712.0,10,0,0,10,4690.0,0.0,10,10,0,True
2025-04-16 07:10:00,VIC1,4700.0,4695.40625,4712.0,10,0,0,10,4690.0,0.0,10,10,0,True
2025-04-16 07:15:00,VIC1,4601.78125,4707.25,4712.0,10,0,0,10,4690.0,0.0,10,10,0,True
2025-04-16 07:20:00,VIC1,4625.0,4609.125,4712.0,10,0,0,10,4690.0,0.0,10,10,0,True
2025-04-16 07:25:00,VIC1,4528.4375,4642.84375,4712.0,10,0,0,10,4690.0,0.0,10,10,0,True
2025-04-16 07:30:00,VIC1,4625.0,4560.34375,4712.0,10,0,0,10,4690.0,0.0,10,10,0,True
2025-04-16 07:35:00,VIC1,4630.0,4633.03125,4717.0,10,0,0,10,4690.0,0.0,10,10,0,True
2025-04-16 07:40:00,VIC1,4615.99096,4655.40625,4717.0,10,0,0,10,4690.0,0.0,10,10,0,True
2025-04-16 07:45:00,VIC1,4630.0,4630.4375,4717.0,10,0,0,10,4690.0,0.0,10,10,0,True
2025-04-16 07:50:00,VIC1,4542.56308,4606.96875,4717.0,10,0,0,10,4690.0,0.0,10,10,0,True
2025-04-16 07:55:00,VIC1,4630.0,4554.09375,4717.0,10,0,0,10,4690.0,0.0,10,10,0,True
2025-04-16 08:00:00,VIC1,4572.61946,4666.96875,4717.0,10,0,0,10,4690.0,0.0,10,10,0,True
2025-04-16 08:05:00,VIC1,4635.0,4581.0625,4722.0,10,0,0,10,4690.0,0.0,10,10,0,True
2025-04-16 08:10:00,VIC1,4625.80515,4643.34375,4722.0,10,0,0,10,4690.0,0.0,10,10,0,True
2025-04-16 08:15:00,VIC1,4635.0,4575.53125,4722.0,10,0,0,10,4690.0,0.0,10,10,0,True
2025-04-16 08:20:00,VIC1,4454.90625,4655.46875,4722.0,10,0,0,10,4690.0,0.0,10,10,0,True
2025-04-16 08:25:00,VIC1,4343.15668,4489.8125,4723.0,10,0,0,10,4690.0,0.0,10,10,0,True
2025-04-16 08:30:00,VIC1,4510.16448,4366.46875,4723.0,10,0,0,10,4690.0,0.0,10,10,0,True
2025-04-16 08:35:00,VIC1,4542.0,4475.5625,4723.0,10,0,0,10,4690.0,0.0,10,10,0,True
2025-04-16 08:40:00,VIC1,4335.34376,4274.53125,4383.0,10,0,0,10,4690.0,0.0,10,10,0,True
2025-04-16 08:45:00,VIC1,4198.22825,4299.25,4383.0,9,1,0,10,4330.0,360.0,10,10,0,True
2025-04-16 08:50:00,VIC1,4223.08931,4193.125,4383.0,9,1,0,10,4330.0,360.0,10,10,0,True
2025-04-16 08:55:00,VIC1,4167.65625,4182.1875,4383.0,9,1,0,10,4330.0,360.0,10,10,0,True
2025-04-16 09:00:00,VIC1,4142.65625,4151.03125,4383.0,9,1,0,10,4330.0,360.0,10,10,0,True
2025-04-16 09:05:00,VIC1,4197.94142,4172.125,4383.0,9,1,0,10,4330.0,360.0,10,10,0,True
2025-04-16 09:10:00,VIC1,4132.78125,4205.3125,4383.0,9,1,0,10,4330.0,360.0,10,10,0,True
2025-04-16 09:15:00,VIC1,4200.375,4208.375,4383.0,9,1,0,10,4330.0,360.0,10,10,0,True
2025-04-16 09:20:00,VIC1,4219.78125,4233.15625,4383.0,9,1,0,10,4330.0,360.0,10,10,0,True
2025-04-16 09:25:00,VIC1,4227.65625,4245.9375,4383.0,9,1,0,10,4330.0,360.0,10,10,0,True
2025-04-16 09:30:00,VIC1,4205.30158,4267.3125,4383.0,9,1,0,10,4330.0,360.0,10,10,0,True
2025-04-16 09:35:00,VIC1,4088.5969,4171.9375,4383.0,9,1,0,10,4330.0,360.0,10,10,0,True
2025-04-16 09:40:00,VIC1,4170.28125,4108.375,4383.0,9,1,0,10,4330.0,360.0,10,10,0,True
2025-04-16 09:45:00,VIC1,4219.53593,4159.65625,4383.0,9,1,0,10,4330.0,360.0,10,10,0,True
2025-04-16 09:50:00,VIC1,4153.8125,4227.3125,4383.0,9,1,0,10,4330.0,360.0,10,10,0,True
2025-04-16 09:55:00,VIC1,4263.0,4180.9375,4383.0,9,1,0,10,4330.0,360.0,10,10,0,True
2025-04-16 10:00:00,VIC1,4270.0,4230.25,4383.0,9,1,0,10,4330.0,360.0,10,10,0,True
2025-04-24 06:25:00,VIC1,4381.0,4389.90625,4381.0,9,1,0,10,4330.0,360.0,10,10,0,True
2025-04-24 06:30:00,VIC1,4381.0,4394.90625,4381.0,9,1,0,10,4330.0,360.0,10,10,0,True
2025-04-24 06:35:00,VIC1,4381.0,4394.5625,4381.0,9,1,0,10,4330.0,360.0,10,10,0,True
2025-04-24 06:40:00,VIC1,4381.0,4361.40625,4381.0,9,1,0,10,4330.0,360.0,10,10,0,True
2025-04-24 06:45:00,VIC1,4381.0,4371.625,4381.0,9,1,0,10,4330.0,360.0,10,10,0,True
2025-04-24 06:50:00,VIC1,4381.0,4379.125,4381.0,9,1,0,10,4330.0,360.0,10,10,0,True
2025-04-24 06:55:00,VIC1,4381.0,4369.625,4381.0,9,1,0,10,4330.0,360.0,10,10,0,True
2025-04-24 07:00:00,VIC1,4381.0,4376.5625,4381.0,9,1,0,10,4330.0,360.0,10,10,0,True
2025-04-24 07:05:00,VIC1,4332.6231,4374.28125,4381.0,9,1,0,10,4330.0,360.0,10,10,0,True
2025-04-24 07:10:00,VIC1,4286.0,4347.84375,4381.0,9,1,0,10,4330.0,360.0,10,10,0,True
2025-04-24 07:15:00,VIC1,4286.0,4265.5625,4381.0,9,1,0,10,4330.0,360.0,10,10,0,True
2025-04-24 07:20:00,VIC1,4286.0,4267.5625,4381.0,9,1,0,10,4330.0,360.0,10,10,0,True
2025-04-24 07:25:00,VIC1,4286.0,4283.15625,4381.0,9,1,0,10,4330.0,360.0,10,10,0,True
2025-04-24 07:30:00,VIC1,4286.0,4259.25,4381.0,9,1,0,10,4330.0,360.0,10,10,0,True
2025-04-24 07:35:00,VIC1,4252.76487,4251.09375,4381.0,9,1,0,10,4330.0,360.0,10,10,0,True
2025-04-24 07:40:00,VIC1,4241.22308,4253.21875,4381.0,9,1,0,10,4330.0,360.0,10,10,0,True
2025-04-24 07:45:00,VIC1,4083.02567,4172.1875,4381.0,9,1,0,10,4330.0,360.0,10,10,0,True
2025-04-24 07:50:00,VIC1,3971.9010900000003,4065.09375,4381.0,9,1,0,10,4330.0,360.0,10,10,0,True
2025-04-24 07:55:00,VIC1,3752.48945,3977.09375,4381.0,9,1,0,10,4330.0,360.0,10,10,0,True
2025-04-24 08:00:00,VIC1,3998.6875,3862.53125,4381.0,9,1,0,10,4330.0,360.0,10,10,0,True
2025-04-24 08:05:00,VIC1,3972.0,3889.75,4381.0,9,1,0,10,4330.0,360.0,10,10,0,True
2025-04-24 08:10:00,VIC1,4089.6875,4063.96875,4381.0,9,1,0,10,4330.0,360.0,10,10,0,True
2025-04-24 08:15:00,VIC1,4080.125,4084.5625,4381.0,9,1,0,10,4330.0,360.0,10,10,0,True
2025-04-24 08:20:00,VIC1,4070.0,3982.40625,4381.0,9,1,0,10,4330.0,360.0,10,10,0,True
2025-04-24 08:25:00,VIC1,3947.02858,4051.59375,4377.0,9,1,0,10,4330.0,360.0,10,10,0,True
2025-04-24 08:30:00,VIC1,3847.8125,4060.0,4377.0,9,1,0,10,4330.0,360.0,10,10,0,True
2025-04-24 08:35:00,VIC1,3897.8262999999997,3881.5625,4377.0,9,1,0,10,4330.0,360.0,10,10,0,True
2025-04-24 08:40:00,VIC1,3667.46875,3906.6875,4377.0,9,1,0,10,4330.0,360.0,10,10,0,True
2025-04-24 08:45:00,VIC1,3547.65625,3772.78125,4377.0,9,1,0,10,4330.0,360.0,10,10,0,True
2025-04-24 08:50:00,VIC1,3603.0625,3644.0,4377.0,9,1,0,10,4330.0,360.0,10,10,0,True
2025-04-24 08:55:00,VIC1,3548.70387,3616.6875,4377.0,9,1,0,10,4330.0,360.0,10,10,0,True
2025-04-24 09:00:00,VIC1,3459.03125,3640.03125,4377.0,9,1,0,10,4330.0,360.0,10,10,0,True
2025-04-24 09:05:00,VIC1,3357.6875,3533.34375,4377.0,9,1,0,10,4330.0,360.0,10,10,0,True
2025-04-24 09:10:00,VIC1,3225.43169,3411.0,4377.0,9,1,0,10,4330.0,360.0,10,10,0,True
2025-04-24 09:15:00,VIC1,3005.03125,3243.84375,4377.0,9,1,0,10,4330.0,360.0,10,10,0,True
2025-04-24 09:20:00,VIC1,3136.125,3164.25,4377.0,9,1,0,10,4330.0,360.0,10,10,0,True
2025-04-24 09:25:00,VIC1,3047.125,3146.5,4377.0,9,1,0,10,4330.0,360.0,10,10,0,True
2025-04-24 09:30:00,VIC1,2919.75,3075.6875,4377.0,9,1,0,10,4330.0,360.0,10,10,0,True
2025-04-24 09:35:00,VIC1,2931.125,3096.71875,4377.0,9,1,0,10,4330.0,360.0,10,10,0,True
2025-04-24 09:40:00,VIC1,2859.125,2910.25,4377.0,9,1,0,10,4330.0,360.0,10,10,0,True
2025-04-24 09:45:00,VIC1,2706.90625,2901.1875,4377.0,9,1,0,10,4330.0,360.0,10,10,0,True
2025-04-24 09:50:00,VIC1,2775.0,2756.65625,4377.0,9,1,0,10,4330.0,360.0,10,10,0,True
2025-04-24 09:55:00,VIC1,2765.0,2770.09375,4377.0,9,1,0,10,4330.0,360.0,10,10,0,True
2025-04-24 10:00:00,VIC1,2673.59489,2772.3125,4377.0,9,1,0,10,4330.0,360.0,10,10,0,True
2025-04-24 10:05:00,VIC1,2607.20138,2654.0,4377.0,9,1,0,10,4330.0,360.0,10,10,0,True
2025-04-24 10:10:00,VIC1,2631.36074,2632.65625,4377.0,9,1,0,10,4330.0,360.0,10,10,0,True
2025-04-24 10:15:00,VIC1,2596.0,2614.09375,4377.0,9,1,0,10,4330.0,360.0,10,10,0,True
2025-04-24 10:20:00,VIC1,2506.03125,2609.34375,4377.0,9,1,0,10,4330.0,360.0,10,10,0,True
2025-04-24 10:25:00,VIC1,2440.34375,2541.40625,4377.0,9,1,0,10,4330.0,360.0,10,10,0,True
2025-04-26 12:50:00,VIC1,3580.0,3674.09375,4295.0,9,1,0,10,4330.0,360.0,10,10,0,True
2025-04-26 12:55:00,VIC1,3561.20572,3632.375,4295.0,9,1,0,10,4330.0,360.0,10,10,0,True
2025-04-26 13:00:00,VIC1,3633.0,3596.625,4295.0,9,1,0,10,4330.0,360.0,10,10,0,True
2025-04-26 13:05:00,VIC1,3610.65625,3624.21875,4295.0,9,1,0,10,4330.0,360.0,10,10,0,True
2025-04-26 13:10:00,VIC1,3657.0,3595.6875,4295.0,9,1,0,10,4330.0,360.0,10,10,0,True
2025-04-26 13:15:00,VIC1,3675.0,3679.625,4295.0,9,1,0,10,4330.0,360.0,10,10,0,True
2025-04-26 13:20:00,VIC1,3780.34375,3712.875,4295.0,9,1,0,10,4330.0,360.0,10,10,0,True
2025-04-26 13:25:00,VIC1,3813.0,3781.125,4295.0,9,1,0,10,4330.0,360.0,10,10,0,True
2025-04-26 13:30:00,VIC1,3825.0,3853.4375,4295.0,9,1,0,10,4330.0,360.0,10,10,0,True
2025-04-26 13:35:00,VIC1,3880.0,3789.25,4295.0,9,1,0,10,4330.0,360.0,10,10,0,True
2025-04-26 13:40:00,VIC1,3887.0,3861.75,4295.0,9,1,0,10,4330.0,360.0,10,10,0,True
2025-04-26 13:45:00,VIC1,3887.0,3884.25,4295.0,9,1,0,10,4330.0,360.0,10,10,0,True
2025-04-26 13:50:00,VIC1,3890.0,3909.59375,4295.0,9,1,0,10,4330.0,360.0,10,10,0,True
2025-04-26 13:55:00,VIC1,3890.0,3870.9375,4295.0,9,1,0,10,4330.0,360.0,10,10,0,True
2025-04-26 14:00:00,VIC1,3905.0,3880.15625,4295.0,9,1,0,10,4330.0,360.0,10,10,0,True
2025-04-26 14:05:00,VIC1,3968.65625,3871.96875,4295.0,9,1,0,10,4330.0,360.0,10,10,0,True
2025-04-26 14:10:00,VIC1,4029.8125,3957.1875,4255.0,9,1,0,10,4330.0,360.0,10,10,0,True
2025-04-26 14:15:00,VIC1,4046.59375,3964.0625,4255.0,9,1,0,10,4330.0,360.0,10,10,0,True
2025-04-26 14:20:00,VIC1,4068.90625,3993.03125,4255.0,9,1,0,10,4330.0,360.0,10,10,0,True
2025-04-26 14:25:00,VIC1,4096.21875,4031.34375,4255.0,9,1,0,10,4330.0,360.0,10,10,0,True
2025-04-26 14:30:00,VIC1,4106.4375,4034.4375,4255.0,9,1,0,10,4330.0,360.0,10,10,0,True
2025-04-26 14:35:00,VIC1,4160.4375,4054.3125,4255.0,9,1,0,10,4330.0,360.0,10,10,0,True
2025-04-26 14:40:00,VIC1,4204.90625,4180.6875,4255.0,9,1,0,10,4330.0,360.0,10,10,0,True
2025-04-26 14:45:00,VIC1,4218.875,4236.03125,4255.0,9,1,0,10,4330.0,360.0,10,10,0,True
2025-04-26 14:50:00,VIC1,4225.90625,4193.21875,4255.0,9,1,0,10,4330.0,360.0,10,10,0,True
2025-04-26 14:55:00,VIC1,4235.0,4229.65625,4255.0,9,1,0,10,4330.0,360.0,10,10,0,True
2025-04-26 15:00:00,VIC1,4220.83535,4246.40625,4255.0,9,1,0,10,4330.0,360.0,10,10,0,True
2025-04-26 15:05:00,VIC1,4255.0,4209.40625,4255.0,9,1,0,10,4330.0,360.0,10,10,0,True
2025-04-26 15:10:00,VIC1,4255.0,4283.40625,4255.0,9,1,0,10,4330.0,360.0,10,10,0,True
2025-04-26 15:15:00,VIC1,4255.0,4269.84375,4255.0,9,1,0,10,4330.0,360.0,10,10,0,True
2025-04-26 15:20:00,VIC1,4255.0,4243.5625,4255.0,9,1,0,10,4330.0,360.0,10,10,0,True
2025-04-26 15:25:00,VIC1,4255.0,4242.09375,4255.0,9,1,0,10,4330.0,360.0,10,10,0,True
2025-04-26 15:30:00,VIC1,4255.0,4253.65625,4255.0,9,1,0,10,4330.0,360.0,10,10,0,True
2025-04-26 15:35:00,VIC1,4252.0,4230.6875,4255.0,9,1,0,10,4330.0,360.0,10,10,0,True
2025-04-26 15:40:00,VIC1,4249.0,4214.625,4255.0,9,1,0,10,4330.0,360.0,10,10,0,True
2025-04-26 15:45:00,VIC1,4255.0,4282.0,4255.0,9,1,0,10,4330.0,360.0,10,10,0,True
2025-04-26 15:50:00,VIC1,4255.0,4267.4375,4255.0,9,1,0,10,4330.0,360.0,10,10,0,True
2025-04-26 15:55:00,VIC1,4256.0,4235.6875,4259.0,9,1,0,10,4330.0,360.0,10,10,0,True
2025-04-26 16:00:00,VIC1,4259.0,4268.96875,4259.0,9,1,0,10,4330.0,360.0,10,10,0,True
2025-04-26 16:05:00,VIC1,4281.0,4246.40625,4299.0,9,1,0,10,4330.0,360.0,10,10,0,True
2025-04-26 16:10:00,VIC1,4299.0,4264.125,4299.0,9,1,0,10,4330.0,360.0,10,10,0,True
2025-04-26 16:15:00,VIC1,4269.47005,4257.8125,4279.0,9,1,0,10,4330.0,360.0,10,10,0,True
2025-04-26 16:20:00,VIC1,4276.0,4289.84375,4279.0,9,1,0,10,4330.0,360.0,10,10,0,True
2025-04-26 16:25:00,VIC1,4279.0,4299.84375,4279.0,9,1,0,10,4330.0,360.0,10,10,0,True
2025-04-26 16:30:00,VIC1,4279.0,4277.625,4279.0,9,1,0,10,4330.0,360.0,10,10,0,True
2025-04-26 16:35:00,VIC1,4279.0,4292.4375,4279.0,9,1,0,10,4330.0,360.0,10,10,0,True
2025-04-26 16:40:00,VIC1,4279.0,4300.5,4279.0,9,1,0,10,4330.0,360.0,10,10,0,True
2025-04-26 16:45:00,VIC1,4279.0,4265.15625,4279.0,9,1,0,10,4330.0,360.0,10,10,0,True
2025-04-26 16:50:00,VIC1,4279.0,4290.84375,4279.0,9,1,0,10,4330.0,360.0,10,10,0,True
2025-04-29 08:00:00,VIC1,4484.37115,4500.0625,4695.0,10,0,0,10,4690.0,0.0,10,10,0,True
2025-04-29 08:05:00,VIC1,4474.87313,4473.5,4695.0,10,0,0,10,4690.0,0.0,10,10,0,True
2025-04-29 08:10:00,VIC1,4578.72454,4494.5,4695.0,10,0,0,10,4690.0,0.0,10,10,0,True
2025-04-29 08:15:00,VIC1,4575.5587,4581.3125,4695.0,10,0,0,10,4690.0,0.0,10,10,0,True
2025-04-29 08:20:00,VIC1,4512.01804,4558.875,4695.0,10,0,0,10,4690.0,0.0,10,10,0,True
2025-04-29 08:25:00,VIC1,4537.50288,4526.5625,4695.0,10,0,0,10,4690.0,0.0,10,10,0,True
2025-04-29 08:30:00,VIC1,4522.70302,4539.96875,4695.0,10,0,0,10,4690.0,0.0,10,10,0,True
2025-04-29 08:35:00,VIC1,4577.64062,4498.75,4695.0,10,0,0,10,4690.0,0.0,10,10,0,True
2025-04-29 08:40:00,VIC1,4554.43364,4597.625,4695.0,10,0,0,10,4690.0,0.0,10,10,0,True
2025-04-29 08:45:00,VIC1,4557.16926,4560.8125,4695.0,10,0,0,10,4690.0,0.0,10,10,0,True
2025-04-29 08:50:00,VIC1,4490.86724,4548.96875,4695.0,10,0,0,10,4690.0,0.0,10,10,0,True
2025-04-29 08:55:00,VIC1,4405.67082,4516.21875,4695.0,10,0,0,10,4690.0,0.0,10,10,0,True
2025-04-29 09:00:00,VIC1,4355.28964,4471.28125,4695.0,10,0,0,10,4690.0,0.0,10,10,0,True
2025-04-29 09:05:00,VIC1,4223.0,4384.03125,4695.0,10,0,0,10,4690.0,0.0,10,10,0,True
2025-04-29 09:10:00,VIC1,4310.0,4303.0,4695.0,10,0,0,10,4690.0,0.0,10,10,0,True
2025-04-29 09:15:00,VIC1,4310.0,4321.3125,4695.0,10,0,0,10,4690.0,0.0,10,10,0,True
2025-04-29 09:20:00,VIC1,4048.5079,4278.28125,4695.0,10,0,0,10,4690.0,0.0,10,10,0,True
2025-04-29 09:25:00,VIC1,4190.0,4150.0625,4695.0,10,0,0,10,4690.0,0.0,10,10,0,True
2025-04-29 09:30:00,VIC1,4006.05426,4155.28125,4695.0,10,0,0,10,4690.0,0.0,10,10,0,True
2025-04-29 09:35:00,VIC1,3892.125,4025.03125,4695.0,10,0,0,10,4690.0,0.0,10,10,0,True
2025-04-29 09:40:00,VIC1,3816.625,3904.65625,4695.0,10,0,0,10,4690.0,0.0,10,10,0,True
2025-04-29 09:45:00,VIC1,3579.21875,3833.46875,4695.0,10,0,0,10,4690.0,0.0,10,10,0,True
2025-04-29 09:50:00,VIC1,3460.4375,3634.46875,4695.0,10,0,0,10,4690.0,0.0,10,10,0,True
2025-04-29 09:55:00,VIC1,3499.8180899999998,3502.71875,4695.0,10,0,0,10,4690.0,0.0,10,10,0,True
2025-04-29 10:00:00,VIC1,3343.65625,3476.5625,4695.0,10,0,0,10,4690.0,0.0,10,10,0,True
2025-04-29 10:05:00,VIC1,3153.65625,3390.03125,4695.0,10,0,0,10,4690.0,0.0,10,10,0,True
2025-04-29 10:10:00,VIC1,3156.83745,3276.5,4695.0,10,0,0,10,4690.0,0.0,10,10,0,True
2025-04-29 10:15:00,VIC1,3212.5625,3164.5625,4695.0,10,0,0,10,4690.0,0.0,10,10,0,True
2025-04-29 10:20:00,VIC1,3062.09375,3211.25,4695.0,10,0,0,10,4690.0,0.0,10,10,0,True
2025-04-29 10:25:00,VIC1,3145.88343,3208.5,4695.0,10,0,0,10,4690.0,0.0,10,10,0,True
2025-04-29 10:30:00,VIC1,2926.0,3116.84375,4695.0,10,0,0,10,4690.0,0.0,10,10,0,True
2025-04-29 10:35:00,VIC1,2971.0,2963.9375,4695.0,10,0,0,10,4690.0,0.0,10,10,0,True
2025-04-29 10:40:00,VIC1,3092.0,2987.375,4695.0,10,0,0,10,4690.0,0.0,10,10,0,True
2025-04-29 10:45:00,VIC1,3161.0,3089.25,4695.0,10,0,0,10,4690.0,0.0,10,10,0,True
2025-04-29 10:50:00,VIC1,2977.26606,3113.28125,4695.0,10,0,0,10,4690.0,0.0,10,10,0,True
2025-04-29 10:55:00,VIC1,3004.0,3052.90625,4695.0,10,0,0,10,4690.0,0.0,10,10,0,True
2025-04-29 11:00:00,VIC1,2940.0,2987.3125,4695.0,10,0,0,10,4690.0,0.0,10,10,0,True
2025-04-29 11:05:00,VIC1,2951.76131,2952.03125,4695.0,10,0,0,10,4690.0,0.0,10,10,0,True
2025-04-29 11:10:00,VIC1,2983.75,2986.9375,4695.0,10,0,0,10,4690.0,0.0,10,10,0,True
2025-04-29 11:15:00,VIC1,2822.3125,2951.4375,4695.0,10,0,0,10,4690.0,0.0,10,10,0,True
2025-04-29 11:20:00,VIC1,2701.71875,2833.15625,4695.0,10,0,0,10,4690.0,0.0,10,10,0,True
2025-04-29 11:25:00,VIC1,2740.0,2740.5625,4695.0,10,0,0,10,4690.0,0.0,10,10,0,True
2025-04-29 11:30:00,VIC1,2700.0,2718.34375,4695.0,10,0,0,10,4690.0,0.0,10,10,0,True
2025-04-29 11:35:00,VIC1,2700.0,2671.65625,4695.0,10,0,0,10,4690.0,0.0,10,10,0,True
2025-04-29 11:40:00,VIC1,2821.0,2763.625,4695.0,10,0,0,10,4690.0,0.0,10,10,0,True
2025-04-29 11:45:00,VIC1,2724.48631,2799.78125,4695.0,10,0,0,10,4690.0,0.0,10,10,0,True
2025-04-29 11:50:00,VIC1,2700.0,2733.9375,4695.0,10,0,0,10,4690.0,0.0,10,10,0,True
2025-04-29 11:55:00,VIC1,2758.5251,2724.0625,4695.0,10,0,0,10,4690.0,0.0,10,10,0,True
2025-04-29 12:00:00,VIC1,2764.62076,2790.9375,4695.0,10,0,0,10,4690.0,0.0,10,10,0,True
2025-05-05 09:00:00,VIC1,2404.0,2423.0625,4261.0,9,1,0,10,4310.0,380.0,10,10,0,True
2025-05-05 09:05:00,VIC1,2388.0,2430.5,4261.0,9,1,0,10,4310.0,380.0,10,10,0,True
2025-05-05 09:10:00,VIC1,2377.0,2452.125,4261.0,9,1,0,10,4310.0,380.0,10,10,0,True
2025-05-05 09:15:00,VIC1,2359.0,2409.09375,4261.0,9,1,0,10,4310.0,380.0,10,10,0,True
2025-05-05 09:20:00,VIC1,2341.0,2426.6875,4261.0,9,1,0,10,4310.0,380.0,10,10,0,True
2025-05-05 09:25:00,VIC1,2331.25,2330.96875,4261.0,9,1,0,10,4310.0,380.0,10,10,0,True
2025-05-05 09:30:00,VIC1,2331.625,2325.96875,4261.0,9,1,0,10,4310.0,380.0,10,10,0,True
2025-05-05 09:35:00,VIC1,2287.75,2360.5625,4371.0,9,1,0,10,4310.0,380.0,10,10,0,True
2025-05-05 09:40:00,VIC1,2270.0,2322.15625,4371.0,9,1,0,10,4310.0,380.0,10,10,0,True
2025-05-05 09:45:00,VIC1,2270.0,2260.375,4371.0,9,1,0,10,4310.0,380.0,10,10,0,True
2025-05-05 09:50:00,VIC1,2270.0,2293.1875,4371.0,9,1,0,10,4310.0,380.0,10,10,0,True
2025-05-05 09:55:00,VIC1,2246.75,2277.6875,4371.0,9,1,0,10,4310.0,380.0,10,10,0,True
2025-05-05 10:00:00,VIC1,2223.5,2234.9375,4371.0,9,1,0,10,4310.0,380.0,10,10,0,True
2025-05-05 10:05:00,VIC1,2200.0,2217.875,4371.0,9,1,0,10,4310.0,380.0,10,10,0,True
2025-05-05 10:10:00,VIC1,2200.0,2260.125,4371.0,9,1,0,10,4310.0,380.0,10,10,0,True
2025-05-05 10:15:00,VIC1,2200.0,2176.0,4371.0,9,1,0,10,4310.0,380.0,10,10,0,True
2025-05-05 10:20:00,VIC1,2200.0,2221.28125,4371.0,9,1,0,10,4310.0,380.0,10,10,0,True
2025-05-05 10:25:00,VIC1,2200.0,2211.0625,4371.0,9,1,0,10,4310.0,380.0,10,10,0,True
2025-05-05 10:30:00,VIC1,2190.0,2249.0,4371.0,9,1,0,10,4310.0,380.0,10,10,0,True
2025-05-05 10:35:00,VIC1,2190.0,2181.78125,4371.0,9,1,0,10,4310.0,380.0,10,10,0,True
2025-05-05 10:40:00,VIC1,2190.0,2249.59375,4211.0,9,1,0,10,4310.0,380.0,10,10,0,True
2025-05-05 10:45:00,VIC1,2190.0,2183.75,4211.0,9,1,0,10,4310.0,380.0,10,10,0,True
2025-05-05 10:50:00,VIC1,2190.0,2190.6875,4211.0,9,1,0,10,4310.0,380.0,10,10,0,True
2025-05-05 10:55:00,VIC1,2190.0,2190.53125,4211.0,9,1,0,10,4310.0,380.0,10,10,0,True
2025-05-05 11:00:00,VIC1,2190.0,2212.59375,4211.0,9,1,0,10,4310.0,380.0,10,10,0,True
2025-05-05 11:05:00,VIC1,2190.0,2197.3125,4211.0,9,1,0,10,4310.0,380.0,10,10,0,True
2025-05-05 11:10:00,VIC1,2190.0,2208.0625,4211.0,9,1,0,10,4310.0,380.0,10,10,0,True
2025-05-05 11:15:00,VIC1,2190.0,2189.0,4211.0,9,1,0,10,4310.0,380.0,10,10,0,True
2025-05-05 11:20:00,VIC1,2190.0,2198.15625,4211.0,9,1,0,10,4310.0,380.0,10,10,0,True
2025-05-05 11:25:00,VIC1,2190.0,2201.96875,4211.0,9,1,0,10,4310.0,380.0,10,10,0,True
2025-05-05 11:30:00,VIC1,2190.0,2192.46875,4211.0,9,1,0,10,4310.0,380.0,10,10,0,True
2025-05-05 11:35:00,VIC1,2190.0,2239.5,4211.0,9,1,0,10,4310.0,380.0,10,10,0,True
2025-05-05 11:40:00,VIC1,2190.0,2189.09375,4211.0,9,1,0,10,4310.0,380.0,10,10,0,True
2025-05-05 11:45:00,VIC1,2190.0,2180.71875,4211.0,9,1,0,10,4310.0,380.0,10,10,0,True
2025-05-05 11:50:00,VIC1,2190.0,2211.9375,4211.0,9,1,0,10,4310.0,380.0,10,10,0,True
2025-05-05 11:55:00,VIC1,2190.0,2177.4375,4211.0,9,1,0,10,4310.0,380.0,10,10,0,True
2025-05-05 12:00:00,VIC1,2200.0,2169.625,4211.0,9,1,0,10,4310.0,380.0,10,10,0,True
2025-05-05 12:05:00,VIC1,2190.0,2196.28125,4211.0,9,1,0,10,4310.0,380.0,10,10,0,True
2025-05-05 12:10:00,VIC1,2232.0,2213.1875,4471.0,9,1,0,10,4310.0,380.0,10,10,0,True
2025-05-05 12:15:00,VIC1,2200.0,2273.09375,4471.0,9,1,0,10,4310.0,380.0,10,10,0,True
2025-05-05 12:20:00,VIC1,2200.0,2195.65625,4471.0,9,1,0,10,4310.0,380.0,10,10,0,True
2025-05-05 12:25:00,VIC1,2200.0,2190.34375,4471.0,9,1,0,10,4310.0,380.0,10,10,0,True
2025-05-05 12:30:00,VIC1,2200.0,2225.90625,4471.0,9,1,0,10,4310.0,380.0,10,10,0,True
2025-05-05 12:35:00,VIC1,2200.0,2186.4375,4471.0,9,1,0,10,4310.0,380.0,10,10,0,True
2025-05-05 12:40:00,VIC1,2189.0,2165.8125,4471.0,9,1,0,10,4310.0,380.0,10,10,0,True
2025-05-05 12:45:00,VIC1,2180.0,2171.78125,4471.0,9,1,0,10,4310.0,380.0,10,10,0,True
2025-05-05 12:50:00,VIC1,2181.0,2159.71875,4471.0,9,1,0,10,4310.0,380.0,10,10,0,True
2025-05-05 12:55:00,VIC1,2150.0,2169.71875,4471.0,9,1,0,10,4310.0,380.0,10,10,0,True
2025-05-05 13:00:00,VIC1,2150.0,2148.9375,4471.0,9,1,0,10,4310.0,380.0,10,10,0,True
2025-05-09 12:00:00,VIC1,3568.4004800000002,3610.0,4045.0,8,2,0,10,3950.0,740.0,10,10,0,True
2025-05-09 12:05:00,VIC1,3578.76022,3594.59375,4045.0,8,2,0,10,3950.0,740.0,10,10,0,True
2025-05-09 12:10:00,VIC1,3656.0,3671.28125,4045.0,8,2,0,10,3950.0,740.0,10,10,0,True
2025-05-09 12:15:00,VIC1,3656.0,3733.625,4045.0,8,2,0,10,3950.0,740.0,10,10,0,True
2025-05-09 12:20:00,VIC1,3619.59871,3715.28125,4045.0,8,2,0,10,3950.0,740.0,10,10,0,True
2025-05-09 12:25:00,VIC1,3656.0,3657.375,4045.0,8,2,0,10,3950.0,740.0,10,10,0,True
2025-05-09 12:30:00,VIC1,3656.0,3671.03125,4045.0,8,2,0,10,3950.0,740.0,10,10,0,True
2025-05-09 12:35:00,VIC1,3631.0,3678.84375,4045.0,8,2,0,10,3950.0,740.0,10,10,0,True
2025-05-09 12:40:00,VIC1,3657.83874,3767.6875,4045.0,8,2,0,10,3950.0,740.0,10,10,0,True
2025-05-09 12:45:00,VIC1,3636.0,3712.28125,4045.0,8,2,0,10,3950.0,740.0,10,10,0,True
2025-05-09 12:50:00,VIC1,3681.0,3671.5,4045.0,8,2,0,10,3950.0,740.0,10,10,0,True
2025-05-09 12:55:00,VIC1,3681.0,3725.0625,4045.0,8,2,0,10,3950.0,740.0,10,10,0,True
2025-05-09 13:00:00,VIC1,3681.0,3663.03125,4045.0,8,2,0,10,3950.0,740.0,10,10,0,True
2025-05-09 13:05:00,VIC1,3661.0,3734.25,4045.0,8,2,0,10,3950.0,740.0,10,10,0,True
2025-05-09 13:10:00,VIC1,3661.0,3681.21875,4045.0,8,2,0,10,3950.0,740.0,10,10,0,True
2025-05-09 13:15:00,VIC1,3661.0,3669.3125,4045.0,8,2,0,10,3950.0,740.0,10,10,0,True
2025-05-09 13:20:00,VIC1,3663.0,3772.1875,4045.0,8,2,0,10,3950.0,740.0,10,10,0,True
2025-05-09 13:25:00,VIC1,3661.0,3628.09375,4045.0,8,2,0,10,3950.0,740.0,10,10,0,True
2025-05-09 13:30:00,VIC1,3661.0,3666.65625,4045.0,8,2,0,10,3950.0,740.0,10,10,0,True
2025-05-09 13:35:00,VIC1,3681.0,3739.4375,4045.0,8,2,0,10,3950.0,740.0,10,10,0,True
2025-05-09 13:40:00,VIC1,3681.0,3600.8125,4045.0,8,2,0,10,3950.0,740.0,10,10,0,True
2025-05-09 13:45:00,VIC1,3681.0,3761.8125,4045.0,8,2,0,10,3950.0,740.0,10,10,0,True
2025-05-09 13:50:00,VIC1,3682.0,3775.40625,4045.0,8,2,0,10,3950.0,740.0,10,10,0,True
2025-05-09 13:55:00,VIC1,3731.0,3683.84375,4045.0,8,2,0,10,3950.0,740.0,10,10,0,True
2025-05-09 14:00:00,VIC1,3731.0,3768.65625,4045.0,8,2,0,10,3950.0,740.0,10,10,0,True
2025-05-09 14:05:00,VIC1,3785.0,3686.9375,4045.0,8,2,0,10,3950.0,740.0,10,10,0,True
2025-05-09 14:10:00,VIC1,3863.0,3815.15625,4045.0,8,2,0,10,3950.0,740.0,10,10,0,True
2025-05-09 14:15:00,VIC1,3872.0,3893.34375,4045.0,8,2,0,10,3950.0,740.0,10,10,0,True
2025-05-09 14:20:00,VIC1,3875.0,3884.90625,4045.0,8,2,0,10,3950.0,740.0,10,10,0,True
2025-05-09 14:25:00,VIC1,3875.0,3870.09375,4045.0,8,2,0,10,3950.0,740.0,10,10,0,True
2025-05-09 14:30:00,VIC1,3875.0,3852.59375,4045.0,8,2,0,10,3950.0,740.0,10,10,0,True
2025-05-09 14:35:00,VIC1,3875.0,3859.84375,4045.0,8,2,0,10,3950.0,740.0,10,10,0,True
2025-05-09 14:40:00,VIC1,3875.0,3881.25,4045.0,8,2,0,10,3950.0,740.0,10,10,0,True
2025-05-09 14:45:00,VIC1,3875.0,3881.90625,4045.0,8,2,0,10,3950.0,740.0,10,10,0,True
2025-05-09 14:50:00,VIC1,3875.0,3868.34375,4045.0,8,2,0,10,3950.0,740.0,10,10,0,True
2025-05-09 14:55:00,VIC1,3875.0,3857.625,4045.0,8,2,0,10,3950.0,740.0,10,10,0,True
2025-05-09 15:00:00,VIC1,3875.0,3903.53125,4045.0,8,2,0,10,3950.0,740.0,10,10,0,True
2025-05-09 15:05:00,VIC1,3936.0,3872.125,4045.0,8,2,0,10,3950.0,740.0,10,10,0,True
2025-05-09 15:10:00,VIC1,3973.0,3947.0625,4045.0,8,2,0,10,3950.0,740.0,10,10,0,True
2025-05-09 15:15:00,VIC1,3975.0,3989.78125,4045.0,8,2,0,10,3950.0,740.0,10,10,0,True
2025-05-09 15:20:00,VIC1,3975.0,3978.09375,4045.0,8,2,0,10,3950.0,740.0,10,10,0,True
2025-05-09 15:25:00,VIC1,3975.0,4011.28125,4045.0,8,2,0,10,3950.0,740.0,10,10,0,True
2025-05-09 15:30:00,VIC1,3988.0,4010.625,4065.0,8,2,0,10,3950.0,740.0,10,10,0,True
2025-05-09 15:35:00,VIC1,4065.0,4039.75,4065.0,8,2,0,10,3950.0,740.0,10,10,0,True
2025-05-09 15:40:00,VIC1,4065.0,4069.90625,4065.0,8,2,0,10,3950.0,740.0,10,10,0,True
2025-05-09 15:45:00,VIC1,4053.0,4080.6875,4045.0,8,2,0,10,3950.0,740.0,10,10,0,True
2025-05-09 15:50:00,VIC1,4045.0,4028.28125,4045.0,8,2,0,10,3950.0,740.0,10,10,0,True
2025-05-09 15:55:00,VIC1,4045.0,4056.78125,4045.0,8,2,0,10,3950.0,740.0,10,10,0,True
2025-05-09 16:00:00,VIC1,4045.0,4053.8125,4045.0,8,2,0,10,3950.0,740.0,10,10,0,True
2025-05-13 11:50:00,VIC1,4175.51983,4210.71875,4454.0,9,1,0,10,4310.0,380.0,10,10,0,True
2025-05-13 11:55:00,VIC1,4192.5625,4164.9375,4454.0,9,1,0,10,4310.0,380.0,10,10,0,True
2025-05-13 12:00:00,VIC1,4138.9659,4170.15625,4454.0,9,1,0,10,4310.0,380.0,10,10,0,True
2025-05-13 12:05:00,VIC1,3994.02447,4136.6875,4454.0,9,1,0,10,4310.0,380.0,10,10,0,True
2025-05-13 12:10:00,VIC1,3957.6315,4030.28125,4454.0,9,1,0,10,4310.0,380.0,10,10,0,True
2025-05-13 12:15:00,VIC1,3973.38647,3956.4375,4454.0,9,1,0,10,4310.0,380.0,10,10,0,True
2025-05-13 12:20:00,VIC1,4065.7245199999998,4011.8125,4454.0,9,1,0,10,4310.0,380.0,10,10,0,True
2025-05-13 12:25:00,VIC1,4045.0,4039.78125,4454.0,9,1,0,10,4310.0,380.0,10,10,0,True
2025-05-13 12:30:00,VIC1,3980.53827,4085.375,4454.0,9,1,0,10,4310.0,380.0,10,10,0,True
2025-05-13 12:35:00,VIC1,3920.6315,3967.125,4454.0,9,1,0,10,4310.0,380.0,10,10,0,True
2025-05-13 12:40:00,VIC1,3925.35583,3917.34375,4454.0,9,1,0,10,4310.0,380.0,10,10,0,True
2025-05-13 12:45:00,VIC1,3982.85651,3940.25,4454.0,9,1,0,10,4310.0,380.0,10,10,0,True
2025-05-13 12:50:00,VIC1,4088.01309,4088.28125,4454.0,9,1,0,10,4310.0,380.0,10,10,0,True
2025-05-13 12:55:00,VIC1,3952.1964399999997,4089.6875,4454.0,9,1,0,10,4310.0,380.0,10,10,0,True
2025-05-13 13:00:00,VIC1,3838.65915,3943.65625,4454.0,9,1,0,10,4310.0,380.0,10,10,0,True
2025-05-13 13:05:00,VIC1,3933.0,3840.5,4454.0,9,1,0,10,4310.0,380.0,10,10,0,True
2025-05-13 13:10:00,VIC1,3955.0,3955.90625,4454.0,9,1,0,10,4310.0,380.0,10,10,0,True
2025-05-13 13:15:00,VIC1,3909.0,3997.9375,4454.0,9,1,0,10,4310.0,380.0,10,10,0,True
2025-05-13 13:20:00,VIC1,3853.0,3951.90625,4454.0,9,1,0,10,4310.0,380.0,10,10,0,True
2025-05-13 13:25:00,VIC1,3898.0,3846.5625,4454.0,9,1,0,10,4310.0,380.0,10,10,0,True
2025-05-13 13:30:00,VIC1,3860.85091,3910.15625,4454.0,9,1,0,10,4310.0,380.0,10,10,0,True
2025-05-13 13:35:00,VIC1,3871.98372,3861.8125,4454.0,9,1,0,10,4310.0,380.0,10,10,0,True
2025-05-13 13:40:00,VIC1,3920.0,3919.25,4454.0,9,1,0,10,4310.0,380.0,10,10,0,True
2025-05-13 13:45:00,VIC1,3803.5935600000003,3946.9375,4454.0,9,1,0,10,4310.0,380.0,10,10,0,True
2025-05-13 13:50:00,VIC1,3603.78125,3802.28125,4454.0,9,1,0,10,4310.0,380.0,10,10,0,True
2025-05-13 13:55:00,VIC1,3530.9375,3721.875,4454.0,9,1,0,10,4310.0,380.0,10,10,0,True
2025-05-13 14:00:00,VIC1,3394.05114,3514.625,4454.0,9,1,0,10,4310.0,380.0,10,10,0,True
2025-05-13 14:05:00,VIC1,3294.702,3400.25,4454.0,9,1,0,10,4310.0,380.0,10,10,0,True
2025-05-13 14:10:00,VIC1,3250.0,3346.5625,4454.0,9,1,0,10,4310.0,380.0,10,10,0,True
2025-05-13 14:15:00,VIC1,3176.0,3269.8125,4454.0,9,1,0,10,4310.0,380.0,10,10,0,True
2025-05-13 14:20:00,VIC1,3142.0,3222.15625,4454.0,9,1,0,10,4310.0,380.0,10,10,0,True
2025-05-13 14:25:00,VIC1,3050.4375,3243.03125,4454.0,9,1,0,10,4310.0,380.0,10,10,0,True
2025-05-13 14:30:00,VIC1,3014.0,3089.71875,4454.0,9,1,0,10,4310.0,380.0,10,10,0,True
2025-05-13 14:35:00,VIC1,2945.0,2971.875,4454.0,9,1,0,10,4310.0,380.0,10,10,0,True
2025-05-13 14:40:00,VIC1,2966.0,2911.3125,4454.0,9,1,0,10,4310.0,380.0,10,10,0,True
2025-05-13 14:45:00,VIC1,2972.65592,2982.28125,4454.0,9,1,0,10,4310.0,380.0,10,10,0,True
2025-05-13 14:50:00,VIC1,2970.0,2967.46875,4454.0,9,1,0,10,4310.0,380.0,10,10,0,True
2025-05-13 14:55:00,VIC1,3117.0,2981.90625,4454.0,9,1,0,10,4310.0,380.0,10,10,0,True
2025-05-13 15:00:00,VIC1,3126.98372,3098.75,4454.0,9,1,0,10,4310.0,380.0,10,10,0,True
2025-05-13 15:05:00,VIC1,3101.53914,3151.65625,4454.0,9,1,0,10,4310.0,380.0,10,10,0,True
2025-05-13 15:10:00,VIC1,3293.83786,3152.9375,4454.0,9,1,0,10,4310.0,380.0,10,10,0,True
2025-05-13 15:15:00,VIC1,3476.0,3296.4375,4454.0,9,1,0,10,4310.0,380.0,10,10,0,True
2025-05-13 15:20:00,VIC1,3643.53125,3499.75,4454.0,9,1,0,10,4310.0,380.0,10,10,0,True
2025-05-13 15:25:00,VIC1,3805.0625,3707.53125,4454.0,9,1,0,10,4310.0,380.0,10,10,0,True
2025-05-13 15:30:00,VIC1,3872.59375,3754.1875,4454.0,9,1,0,10,4310.0,380.0,10,10,0,True
2025-05-13 15:35:00,VIC1,4075.125,3889.5,4454.0,9,1,0,10,4310.0,380.0,10,10,0,True
2025-05-13 15:40:00,VIC1,4123.0,4010.84375,4454.0,9,1,0,10,4310.0,380.0,10,10,0,True
2025-05-13 15:45:00,VIC1,4246.46875,4133.84375,4454.0,9,1,0,10,4310.0,380.0,10,10,0,True
2025-05-13 15:50:00,VIC1,4333.40625,4235.15625,4454.0,9,1,0,10,4310.0,380.0,10,10,0,True
2025-05-27 10:25:00,VIC1,3049.0,3130.59375,4346.0,9,1,0,10,4310.0,380.0,10,10,0,True
2025-05-27 10:30:00,VIC1,2937.0,3026.0,4346.0,9,1,0,10,4310.0,380.0,10,10,0,True
2025-05-27 10:35:00,VIC1,2893.0,3012.25,4346.0,9,1,0,10,4310.0,380.0,10,10,0,True
2025-05-27 10:40:00,VIC1,2802.0,2920.53125,4406.0,9,1,0,10,4310.0,380.0,10,10,0,True
2025-05-27 10:45:00,VIC1,2678.0,2789.6875,4406.0,9,1,0,10,4310.0,380.0,10,10,0,True
2025-05-27 10:50:00,VIC1,2625.0,2679.6875,4406.0,9,1,0,10,4310.0,380.0,10,10,0,True
2025-05-27 10:55:00,VIC1,2537.4375,2617.09375,4406.0,9,1,0,10,4310.0,380.0,10,10,0,True
2025-05-27 11:00:00,VIC1,2503.84375,2564.375,4406.0,9,1,0,10,4310.0,380.0,10,10,0,True
2025-05-27 11:05:00,VIC1,2451.6875,2492.71875,4406.0,9,1,0,10,4310.0,380.0,10,10,0,True
2025-05-27 11:10:00,VIC1,2454.34375,2535.875,4406.0,9,1,0,10,4310.0,380.0,10,10,0,True
2025-05-27 11:15:00,VIC1,2422.0,2519.90625,4406.0,9,1,0,10,4310.0,380.0,10,10,0,True
2025-05-27 11:20:00,VIC1,2380.21875,2441.75,4406.0,9,1,0,10,4310.0,380.0,10,10,0,True
2025-05-27 11:25:00,VIC1,2346.3125,2408.0,4406.0,9,1,0,10,4310.0,380.0,10,10,0,True
2025-05-27 11:30:00,VIC1,2334.59375,2418.34375,4406.0,9,1,0,10,4310.0,380.0,10,10,0,True
2025-05-27 11:35:00,VIC1,2275.0,2357.28125,4406.0,9,1,0,10,4310.0,380.0,10,10,0,True
2025-05-27 11:40:00,VIC1,2275.0,2363.1875,4406.0,9,1,0,10,4310.0,380.0,10,10,0,True
2025-05-27 11:45:00,VIC1,2275.0,2302.1875,4406.0,9,1,0,10,4310.0,380.0,10,10,0,True
2025-05-27 11:50:00,VIC1,2295.0,2294.28125,4406.0,9,1,0,10,4310.0,380.0,10,10,0,True
2025-05-27 11:55:00,VIC1,2293.0,2273.9375,4406.0,9,1,0,10,4310.0,380.0,10,10,0,True
2025-05-27 12:00:00,VIC1,2276.0,2304.625,4406.0,9,1,0,10,4310.0,380.0,10,10,0,True
2025-05-27 12:05:00,VIC1,2256.0,2369.5,4406.0,9,1,0,10,4310.0,380.0,10,10,0,True
2025-05-27 12:10:00,VIC1,2255.0,2333.1875,4406.0,9,1,0,10,4310.0,380.0,10,10,0,True
2025-05-27 12:15:00,VIC1,2275.0,2316.375,4406.0,9,1,0,10,4310.0,380.0,10,10,0,True
2025-05-27 12:20:00,VIC1,2336.0,2338.5,4406.0,9,1,0,10,4310.0,380.0,10,10,0,True
2025-05-27 12:25:00,VIC1,2283.0,2406.375,4406.0,9,1,0,10,4310.0,380.0,10,10,0,True
2025-05-27 12:30:00,VIC1,2341.0,2367.40625,4406.0,9,1,0,10,4310.0,380.0,10,10,0,True
2025-05-27 12:35:00,VIC1,2401.09375,2309.65625,4406.0,9,1,0,10,4310.0,380.0,10,10,0,True
2025-05-27 12:40:00,VIC1,2465.125,2381.96875,4406.0,9,1,0,10,4310.0,380.0,10,10,0,True
2025-05-27 12:45:00,VIC1,2527.4375,2486.1875,4406.0,9,1,0,10,4310.0,380.0,10,10,0,True
2025-05-27 12:50:00,VIC1,2620.5,2470.84375,4406.0,9,1,0,10,4310.0,380.0,10,10,0,True
2025-05-27 12:55:00,VIC1,2714.25,2584.9375,4406.0,9,1,0,10,4310.0,380.0,10,10,0,True
2025-05-27 13:00:00,VIC1,2797.71875,2730.0625,4406.0,9,1,0,10,4310.0,380.0,10,10,0,True
2025-05-27 13:05:00,VIC1,2846.0,2743.46875,4406.0,9,1,0,10,4310.0,380.0,10,10,0,True
2025-05-27 13:10:00,VIC1,2973.1875,2839.09375,4406.0,9,1,0,10,4310.0,380.0,10,10,0,True
2025-05-27 13:15:00,VIC1,3037.25,2912.90625,4406.0,9,1,0,10,4310.0,380.0,10,10,0,True
2025-05-27 13:20:00,VIC1,3090.0,3087.84375,4406.0,9,1,0,10,4310.0,380.0,10,10,0,True
2025-05-27 13:25:00,VIC1,3027.0,3071.65625,4406.0,9,1,0,10,4310.0,380.0,10,10,0,True
2025-05-27 13:30:00,VIC1,3140.75,3121.6875,4406.0,9,1,0,10,4310.0,380.0,10,10,0,True
2025-05-27 13:35:00,VIC1,3043.84375,3224.4375,4406.0,9,1,0,10,4310.0,380.0,10,10,0,True
2025-05-27 13:40:00,VIC1,3082.0,3084.71875,4406.0,9,1,0,10,4310.0,380.0,10,10,0,True
2025-05-27 13:45:00,VIC1,3111.0,3078.21875,4326.0,9,1,0,10,4310.0,380.0,10,10,0,True
2025-05-27 13:50:00,VIC1,3125.0,3132.375,4326.0,9,1,0,10,4310.0,380.0,10,10,0,True
2025-05-27 13:55:00,VIC1,3152.0,3172.4375,4326.0,9,1,0,10,4310.0,380.0,10,10,0,True
2025-05-27 14:00:00,VIC1,3214.29316,3248.75,4326.0,9,1,0,10,4310.0,380.0,10,10,0,True
2025-05-27 14:05:00,VIC1,3243.75,3226.59375,4326.0,9,1,0,10,4310.0,380.0,10,10,0,True
2025-05-27 14:10:00,VIC1,3251.5,3238.6875,4326.0,9,1,0,10,4310.0,380.0,10,10,0,True
2025-05-27 14:15:00,VIC1,3209.56478,3276.625,4326.0,9,1,0,10,4310.0,380.0,10,10,0,True
2025-05-27 14:20:00,VIC1,3177.1988499999998,3207.71875,4326.0,9,1,0,10,4310.0,380.0,10,10,0,True
2025-05-27 14:25:00,VIC1,3134.0,3180.96875,4326.0,9,1,0,10,4310.0,380.0,10,10,0,True
2025-06-03 04:00:00,VIC1,4032.0,4011.8125,4038.0,8,2,0,10,3950.0,740.0,10,10,0,True
2025-06-03 04:05:00,VIC1,4035.0,4045.03125,4038.0,8,2,0,10,3950.0,740.0,10,10,0,True
2025-06-03 04:10:00,VIC1,4038.0,4053.09375,4038.0,8,2,0,10,3950.0,740.0,10,10,0,True
2025-06-03 04:15:00,VIC1,4038.0,4023.09375,4038.0,8,2,0,10,3950.0,740.0,10,10,0,True
2025-06-03 04:20:00,VIC1,4038.0,4027.78125,4038.0,8,2,0,10,3950.0,740.0,10,10,0,True
2025-06-03 04:25:00,VIC1,4038.0,4018.03125,4038.0,8,2,0,10,3950.0,740.0,10,10,0,True
2025-06-03 04:30:00,VIC1,4038.0,4022.5,4038.0,8,2,0,10,3950.0,740.0,10,10,0,True
2025-06-03 04:35:00,VIC1,4035.0,4005.46875,4038.0,8,2,0,10,3950.0,740.0,10,10,0,True
2025-06-03 04:40:00,VIC1,4035.0,4022.8125,4038.0,8,2,0,10,3950.0,740.0,10,10,0,True
2025-06-03 04:45:00,VIC1,4035.0,4024.75,4038.0,8,2,0,10,3950.0,740.0,10,10,0,True
2025-06-03 04:50:00,VIC1,4035.0,4012.90625,4038.0,8,2,0,10,3950.0,740.0,10,10,0,True
2025-06-03 04:55:00,VIC1,4035.0,3999.3125,4038.0,8,2,0,10,3950.0,740.0,10,10,0,True
2025-06-03 05:00:00,VIC1,4035.0,4026.71875,4038.0,8,2,0,10,3950.0,740.0,10,10,0,True
2025-06-03 05:05:00,VIC1,4035.0,4013.4375,4038.0,8,2,0,10,3950.0,740.0,10,10,0,True
2025-06-03 05:10:00,VIC1,4038.0,4047.25,4038.0,8,2,0,10,3950.0,740.0,10,10,0,True
2025-06-03 05:15:00,VIC1,4038.0,4046.6875,4038.0,8,2,0,10,3950.0,740.0,10,10,0,True
2025-06-03 05:20:00,VIC1,4038.0,4054.6875,4038.0,8,2,0,10,3950.0,740.0,10,10,0,True
2025-06-03 05:25:00,VIC1,4038.0,4058.0,4038.0,8,2,0,10,3950.0,740.0,10,10,0,True
2025-06-03 05:30:00,VIC1,4038.0,4030.75,4038.0,8,2,0,10,3950.0,740.0,10,10,0,True
2025-06-03 05:35:00,VIC1,4038.0,4032.21875,4038.0,8,2,0,10,3950.0,740.0,10,10,0,True
2025-06-03 05:40:00,VIC1,4038.0,4057.6875,4038.0,8,2,0,10,3950.0,740.0,10,10,0,True
2025-06-03 05:45:00,VIC1,4038.0,4060.53125,4038.0,8,2,0,10,3950.0,740.0,10,10,0,True
2025-06-03 05:50:00,VIC1,4038.0,4028.90625,4038.0,8,2,0,10,3950.0,740.0,10,10,0,True
2025-06-03 05:55:00,VIC1,4038.0,4027.46875,4038.0,8,2,0,10,3950.0,740.0,10,10,0,True
2025-06-03 06:00:00,VIC1,4038.0,4053.4375,4038.0,8,2,0,10,3950.0,740.0,10,10,0,True
2025-06-03 06:05:00,VIC1,4038.0,4063.21875,4038.0,8,2,0,10,3950.0,740.0,10,10,0,True
2025-06-03 06:10:00,VIC1,4038.0,4063.375,4038.0,8,2,0,10,3950.0,740.0,10,10,0,True
2025-06-03 06:15:00,VIC1,4038.0,4010.46875,4038.0,8,2,0,10,3950.0,740.0,10,10,0,True
2025-06-03 06:20:00,VIC1,4038.0,4049.40625,4038.0,8,2,0,10,3950.0,740.0,10,10,0,True
2025-06-03 06:25:00,VIC1,4038.0,4055.28125,4038.0,8,2,0,10,3950.0,740.0,10,10,0,True
2025-06-03 06:30:00,VIC1,4038.0,4042.6875,4038.0,8,2,0,10,3950.0,740.0,10,10,0,True
2025-06-03 06:35:00,VIC1,4038.0,4043.03125,4038.0,8,2,0,10,3950.0,740.0,10,10,0,True
2025-06-03 06:40:00,VIC1,4038.0,4039.8125,4038.0,8,2,0,10,3950.0,740.0,10,10,0,True
2025-06-03 06:45:00,VIC1,4038.0,4016.0625,4038.0,8,2,0,10,3950.0,740.0,10,10,0,True
2025-06-03 06:50:00,VIC1,4038.0,4047.71875,4038.0,8,2,0,10,3950.0,740.0,10,10,0,True
2025-06-03 06:55:00,VIC1,4038.0,4021.40625,4038.0,8,2,0,10,3950.0,740.0,10,10,0,True
2025-06-03 07:00:00,VIC1,4032.0,3992.53125,4038.0,8,2,0,10,3950.0,740.0,10,10,0,True
2025-06-03 07:05:00,VIC1,4038.0,4047.96875,4038.0,8,2,0,10,3950.0,740.0,10,10,0,True
2025-06-03 07:10:00,VIC1,4038.0,4019.1875,4038.0,8,2,0,10,3950.0,740.0,10,10,0,True
2025-06-03 07:15:00,VIC1,4038.0,4041.03125,4038.0,8,2,0,10,3950.0,740.0,10,10,0,True
2025-06-03 07:20:00,VIC1,4035.0,4006.6875,4038.0,8,2,0,10,3950.0,740.0,10,10,0,True
2025-06-03 07:25:00,VIC1,4035.0,4022.28125,4038.0,8,2,0,10,3950.0,740.0,10,10,0,True
2025-06-03 07:30:00,VIC1,4035.0,4025.0625,4038.0,8,2,0,10,3950.0,740.0,10,10,0,True
2025-06-03 07:35:00,VIC1,4032.0,4004.78125,4038.0,8,2,0,10,3950.0,740.0,10,10,0,True
2025-06-03 07:40:00,VIC1,4038.0,4030.84375,4038.0,8,2,0,10,3950.0,740.0,10,10,0,True
2025-06-03 07:45:00,VIC1,4038.0,4037.59375,4038.0,8,2,0,10,3950.0,740.0,10,10,0,True
2025-06-03 07:50:00,VIC1,4038.0,4025.3125,4038.0,8,2,0,10,3950.0,740.0,10,10,0,True
2025-06-03 07:55:00,VIC1,4038.0,4016.34375,4038.0,8,2,0,10,3950.0,740.0,10,10,0,True
2025-06-03 08:00:00,VIC1,4038.0,4017.8125,4038.0,8,2,0,10,3950.0,740.0,10,10,0,True
2025-06-04 22:15:00,VIC1,4042.0,4044.40625,4042.0,8,2,0,10,3950.0,740.0,10,10,0,True
2025-06-04 22:20:00,VIC1,4042.0,4034.75,4042.0,8,2,0,10,3950.0,740.0,10,10,0,True
2025-06-04 22:25:00,VIC1,4042.0,4019.84375,4042.0,8,2,0,10,3950.0,740.0,10,10,0,True
2025-06-04 22:30:00,VIC1,4042.0,4028.9375,4042.0,8,2,0,10,3950.0,740.0,10,10,0,True
2025-06-04 22:35:00,VIC1,4040.0,3999.28125,4042.0,8,2,0,10,3950.0,740.0,10,10,0,True
2025-06-04 22:40:00,VIC1,4040.0,4024.3125,4042.0,8,2,0,10,3950.0,740.0,10,10,0,True
2025-06-04 22:45:00,VIC1,4042.0,4042.59375,4042.0,8,2,0,10,3950.0,740.0,10,10,0,True
2025-06-04 22:50:00,VIC1,4042.0,4038.03125,4042.0,8,2,0,10,3950.0,740.0,10,10,0,True
2025-06-04 22:55:00,VIC1,4042.0,4029.1875,4042.0,8,2,0,10,3950.0,740.0,10,10,0,True
2025-06-04 23:00:00,VIC1,4042.0,4028.4375,4042.0,8,2,0,10,3950.0,740.0,10,10,0,True
2025-06-04 23:05:00,VIC1,4042.0,4052.96875,4042.0,8,2,0,10,3950.0,740.0,10,10,0,True
2025-06-04 23:10:00,VIC1,4042.0,4059.3125,4042.0,8,2,0,10,3950.0,740.0,10,10,0,True
2025-06-04 23:15:00,VIC1,4042.0,4055.9375,4042.0,8,2,0,10,3950.0,740.0,10,10,0,True
2025-06-04 23:20:00,VIC1,4042.0,4035.6875,4042.0,8,2,0,10,3950.0,740.0,10,10,0,True
2025-06-04 23:25:00,VIC1,4042.0,4036.09375,4042.0,8,2,0,10,3950.0,740.0,10,10,0,True
2025-06-04 23:30:00,VIC1,4042.0,4056.5,4042.0,8,2,0,10,3950.0,740.0,10,10,0,True
2025-06-04 23:35:00,VIC1,4042.0,4036.25,4042.0,8,2,0,10,3950.0,740.0,10,10,0,True
2025-06-04 23:40:00,VIC1,4042.0,4048.3125,4042.0,8,2,0,10,3950.0,740.0,10,10,0,True
2025-06-04 23:45:00,VIC1,4042.0,4056.5,4042.0,8,2,0,10,3950.0,740.0,10,10,0,True
2025-06-04 23:50:00,VIC1,4042.0,4048.375,4042.0,8,2,0,10,3950.0,740.0,10,10,0,True
2025-06-04 23:55:00,VIC1,4042.0,4053.46875,4042.0,8,2,0,10,3950.0,740.0,10,10,0,True
2025-06-05 00:00:00,VIC1,4042.0,4052.4375,4042.0,8,2,0,10,3950.0,740.0,10,10,0,True
2025-06-05 00:05:00,VIC1,4040.0,4026.5625,4042.0,8,2,0,10,3950.0,740.0,10,10,0,True
2025-06-05 00:10:00,VIC1,4042.0,4060.59375,4042.0,8,2,0,10,3950.0,740.0,10,10,0,True
2025-06-05 00:15:00,VIC1,4042.0,4055.15625,4042.0,8,2,0,10,3950.0,740.0,10,10,0,True
2025-06-05 00:20:00,VIC1,4042.0,4056.53125,4042.0,8,2,0,10,3950.0,740.0,10,10,0,True
2025-06-05 00:25:00,VIC1,4042.0,4037.34375,4042.0,8,2,0,10,3950.0,740.0,10,10,0,True
2025-06-05 00:30:00,VIC1,4042.0,4045.9375,4042.0,8,2,0,10,3950.0,740.0,10,10,0,True
2025-06-05 00:35:00,VIC1,4042.0,4057.78125,4042.0,8,2,0,10,3950.0,740.0,10,10,0,True
2025-06-05 00:40:00,VIC1,4042.0,4050.875,4042.0,8,2,0,10,3950.0,740.0,10,10,0,True
2025-06-05 00:45:00,VIC1,4042.0,4049.21875,4042.0,8,2,0,10,3950.0,740.0,10,10,0,True
2025-06-05 00:50:00,VIC1,4042.0,4049.5625,4042.0,8,2,0,10,3950.0,740.0,10,10,0,True
2025-06-05 00:55:00,VIC1,4042.0,4036.71875,4042.0,8,2,0,10,3950.0,740.0,10,10,0,True
2025-06-05 01:00:00,VIC1,4042.0,4040.40625,4042.0,8,2,0,10,3950.0,740.0,10,10,0,True
2025-06-05 01:05:00,VIC1,4042.0,4025.96875,4042.0,8,2,0,10,3950.0,740.0,10,10,0,True
2025-06-05 01:10:00,VIC1,4042.0,4041.71875,4042.0,8,2,0,10,3950.0,740.0,10,10,0,True
2025-06-05 01:15:00,VIC1,4042.0,4038.125,4042.0,8,2,0,10,3950.0,740.0,10,10,0,True
2025-06-05 01:20:00,VIC1,4042.0,4053.15625,4042.0,8,2,0,10,3950.0,740.0,10,10,0,True
2025-06-05 01:25:00,VIC1,4042.0,4024.125,4042.0,8,2,0,10,3950.0,740.0,10,10,0,True
2025-06-05 01:30:00,VIC1,4042.0,4037.34375,4042.0,8,2,0,10,3950.0,740.0,10,10,0,True
2025-06-05 01:35:00,VIC1,4042.0,4047.6875,4042.0,8,2,0,10,3950.0,740.0,10,10,0,True
2025-06-05 01:40:00,VIC1,4042.0,4049.4375,4042.0,8,2,0,10,3950.0,740.0,10,10,0,True
2025-06-05 01:45:00,VIC1,4040.0,4018.1875,4042.0,8,2,0,10,3950.0,740.0,10,10,0,True
2025-06-05 01:50:00,VIC1,4042.0,4055.5625,4042.0,8,2,0,10,3950.0,740.0,10,10,0,True
2025-06-05 01:55:00,VIC1,4042.0,4058.3125,4042.0,8,2,0,10,3950.0,740.0,10,10,0,True
2025-06-05 02:00:00,VIC1,4042.0,4033.78125,4042.0,8,2,0,10,3950.0,740.0,10,10,0,True
2025-06-05 02:05:00,VIC1,4042.0,4039.1875,4042.0,8,2,0,10,3950.0,740.0,10,10,0,True
2025-06-05 02:10:00,VIC1,4042.0,4053.5,4042.0,8,2,0,10,3950.0,740.0,10,10,0,True
2025-06-05 02:15:00,VIC1,4042.0,4046.53125,4042.0,8,2,0,10,3950.0,740.0,10,10,0,True
2025-06-12 16:30:00,VIC1,3438.0,3444.59375,3438.0,7,3,0,10,3370.0,1320.0,10,10,0,True
2025-06-12 16:35:00,VIC1,3438.0,3443.0,3438.0,7,3,0,10,3370.0,1320.0,10,10,0,True
2025-06-12 16:40:00,VIC1,3438.0,3439.875,3438.0,7,3,0,10,3370.0,1320.0,10,10,0,True
2025-06-12 16:45:00,VIC1,3438.0,3432.375,3438.0,7,3,0,10,3370.0,1320.0,10,10,0,True
2025-06-12 16:50:00,VIC1,3438.0,3430.96875,3438.0,7,3,0,10,3370.0,1320.0,10,10,0,True
2025-06-12 16:55:00,VIC1,3443.0,3443.375,3443.0,7,3,0,10,3370.0,1320.0,10,10,0,True
2025-06-12 17:00:00,VIC1,3443.0,3426.375,3443.0,7,3,0,10,3370.0,1320.0,10,10,0,True
2025-06-12 17:05:00,VIC1,3341.4375,3424.875,3443.0,7,3,0,10,3370.0,1320.0,10,10,0,True
2025-06-12 17:10:00,VIC1,3281.21875,3377.5,3443.0,7,3,0,10,3370.0,1320.0,10,10,0,True
2025-06-12 17:15:00,VIC1,3217.09375,3309.625,3443.0,7,3,0,10,3370.0,1320.0,10,10,0,True
2025-06-12 17:20:00,VIC1,3175.0,3236.5,3443.0,7,3,0,10,3370.0,1320.0,10,10,0,True
2025-06-12 17:25:00,VIC1,3175.0,3183.0,3443.0,7,3,0,10,3370.0,1320.0,10,10,0,True
2025-06-12 17:30:00,VIC1,3175.0,3209.0,3443.0,7,3,0,10,3370.0,1320.0,10,10,0,True
2025-06-12 17:35:00,VIC1,3175.0,3229.0,3443.0,7,3,0,10,3370.0,1320.0,10,10,0,True
2025-06-12 17:40:00,VIC1,3175.0,3240.59375,3443.0,7,3,0,10,3370.0,1320.0,10,10,0,True
2025-06-12 17:45:00,VIC1,3175.0,3205.125,3443.0,7,3,0,10,3370.0,1320.0,10,10,0,True
2025-06-12 17:50:00,VIC1,3175.0,3211.875,3443.0,7,3,0,10,3370.0,1320.0,10,10,0,True
2025-06-12 17:55:00,VIC1,3175.0,3212.0,3463.0,7,3,0,10,3370.0,1320.0,10,10,0,True
2025-06-12 18:00:00,VIC1,3195.0,3174.0,3463.0,7,3,0,10,3370.0,1320.0,10,10,0,True
2025-06-12 18:05:00,VIC1,3195.0,3186.5,3463.0,7,3,0,10,3370.0,1320.0,10,10,0,True
2025-06-12 18:10:00,VIC1,3195.0,3202.0,3463.0,7,3,0,10,3370.0,1320.0,10,10,0,True
2025-06-12 18:15:00,VIC1,3195.0,3228.59375,3463.0,7,3,0,10,3370.0,1320.0,10,10,0,True
2025-06-12 18:20:00,VIC1,3195.0,3235.75,3463.0,7,3,0,10,3370.0,1320.0,10,10,0,True
2025-06-12 18:25:00,VIC1,3145.0,3159.375,3463.0,7,3,0,10,3370.0,1320.0,10,10,0,True
2025-06-12 18:30:00,VIC1,3195.0,3204.375,3463.0,7,3,0,10,3370.0,1320.0,10,10,0,True
2025-06-12 18:35:00,VIC1,3095.0,3175.75,3463.0,7,3,0,10,3370.0,1320.0,10,10,0,True
2025-06-12 18:40:00,VIC1,3157.46533,3140.875,3463.0,7,3,0,10,3370.0,1320.0,10,10,0,True
2025-06-12 18:45:00,VIC1,3153.81731,3186.25,3463.0,7,3,0,10,3370.0,1320.0,10,10,0,True
2025-06-12 18:50:00,VIC1,3195.0,3217.375,3463.0,7,3,0,10,3370.0,1320.0,10,10,0,True
2025-06-12 18:55:00,VIC1,3195.0,3230.34375,3463.0,7,3,0,10,3370.0,1320.0,10,10,0,True
2025-06-12 19:00:00,VIC1,3195.0,3227.46875,3463.0,7,3,0,10,3370.0,1320.0,10,10,0,True
2025-06-12 19:05:00,VIC1,3331.875,3221.59375,3463.0,7,3,0,10,3370.0,1320.0,10,10,0,True
2025-06-12 19:10:00,VIC1,3406.34375,3311.21875,3463.0,7,3,0,10,3370.0,1320.0,10,10,0,True
2025-06-12 19:15:00,VIC1,3459.0,3399.71875,3463.0,7,3,0,10,3370.0,1320.0,10,10,0,True
2025-06-12 19:20:00,VIC1,3463.0,3467.625,3463.0,7,3,0,10,3370.0,1320.0,10,10,0,True
2025-06-12 19:25:00,VIC1,3463.0,3483.5,3463.0,7,3,0,10,3370.0,1320.0,10,10,0,True
2025-06-12 19:30:00,VIC1,3463.0,3459.25,3463.0,7,3,0,10,3370.0,1320.0,10,10,0,True
2025-06-12 19:35:00,VIC1,3463.0,3471.375,3463.0,7,3,0,10,3370.0,1320.0,10,10,0,True
2025-06-12 19:40:00,VIC1,3463.0,3461.125,3463.0,7,3,0,10,3370.0,1320.0,10,10,0,True
2025-06-12 19:45:00,VIC1,3461.0,3459.375,3463.0,7,3,0,10,3370.0,1320.0,10,10,0,True
2025-06-12 19:50:00,VIC1,3463.0,3460.09375,3463.0,7,3,0,10,3370.0,1320.0,10,10,0,True
2025-06-12 19:55:00,VIC1,3463.0,3465.125,3463.0,7,3,0,10,3370.0,1320.0,10,10,0,True
2025-06-12 20:00:00,VIC1,3461.0,3457.75,3463.0,7,3,0,10,3370.0,1320.0,10,10,0,True
2025-06-12 20:05:00,VIC1,3471.0,3452.09375,3523.0,7,3,0,10,3370.0,1320.0,10,10,0,True
2025-06-12 20:10:00,VIC1,3461.0,3473.625,3463.0,7,3,0,10,3370.0,1320.0,10,10,0,True
2025-06-12 20:15:00,VIC1,3463.0,3470.21875,3463.0,7,3,0,10,3370.0,1320.0,10,10,0,True
2025-06-12 20:20:00,VIC1,3463.0,3474.75,3463.0,7,3,0,10,3370.0,1320.0,10,10,0,True
2025-06-12 20:25:00,VIC1,3463.0,3456.625,3463.0,7,3,0,10,3370.0,1320.0,10,10,0,True
2025-06-12 20:30:00,VIC1,3492.0,3469.25,3523.0,7,3,0,10,3370.0,1320.0,10,10,0,True
2025-06-12 20:35:00,VIC1,3511.0,3488.46875,3523.0,7,3,0,10,3370.0,1320.0,10,10,0,True
2025-06-12 20:40:00,VIC1,3521.0,3484.375,3523.0,7,3,0,10,3370.0,1320.0,10,10,0,True
2025-06-12 20:45:00,VIC1,3521.0,3525.46875,3523.0,7,3,0,10,3370.0,1320.0,10,10,0,True
2025-06-12 20:50:00,VIC1,3519.0,3525.5,3523.0,7,3,0,10,3370.0,1320.0,10,10,0,True
2025-06-12 20:55:00,VIC1,3520.0,3525.625,3520.0,7,3,0,10,3370.0,1320.0,10,10,0,True
2025-06-12 21:00:00,VIC1,3520.0,3529.375,3520.0,7,3,0,10,3370.0,1320.0,10,10,0,True
2025-06-12 21:05:00,VIC1,3520.0,3536.25,3520.0,7,3,0,10,3370.0,1320.0,10,10,0,True
2025-06-12 21:10:00,VIC1,3520.0,3512.25,3520.0,7,3,0,10,3370.0,1320.0,10,10,0,True
2025-06-12 21:15:00,VIC1,3520.0,3530.625,3520.0,7,3,0,10,3370.0,1320.0,10,10,0,True
2025-06-12 21:20:00,VIC1,3520.0,3532.25,3520.0,7,3,0,10,3370.0,1320.0,10,10,0,True
2025-06-12 21:25:00,VIC1,3520.0,3540.125,3520.0,7,3,0,10,3370.0,1320.0,10,10,0,True
2025-06-12 21:30:00,VIC1,3516.0,3481.375,3520.0,7,3,0,10,3370.0,1320.0,10,10,0,True
2025-06-12 21:35:00,VIC1,3520.0,3536.125,3520.0,7,3,0,10,3370.0,1320.0,10,10,0,True
2025-06-12 21:40:00,VIC1,3520.0,3507.0,3520.0,7,3,0,10,3370.0,1320.0,10,10,0,True
2025-06-12 21:45:00,VIC1,3520.0,3521.75,3520.0,7,3,0,10,3370.0,1320.0,10,10,0,True
2025-06-12 21:50:00,VIC1,3520.0,3506.375,3520.0,7,3,0,10,3370.0,1320.0,10,10,0,True
2025-06-12 21:55:00,VIC1,3520.0,3518.84375,3520.0,7,3,0,10,3370.0,1320.0,10,10,0,True
2025-06-14 17:10:00,VIC1,4038.0,4024.75,4038.0,8,2,0,10,3930.0,760.0,10,10,0,True
2025-06-14 17:15:00,VIC1,4038.0,4023.75,4038.0,8,2,0,10,3930.0,760.0,10,10,0,True
2025-06-14 17:20:00,VIC1,4038.0,4023.0,4038.0,8,2,0,10,3930.0,760.0,10,10,0,True
2025-06-14 17:25:00,VIC1,4038.0,4024.5,4038.0,8,2,0,10,3930.0,760.0,10,10,0,True
2025-06-14 17:30:00,VIC1,4038.0,4032.5,4038.0,8,2,0,10,3930.0,760.0,10,10,0,True
2025-06-14 17:35:00,VIC1,4038.0,4032.59375,4038.0,8,2,0,10,3930.0,760.0,10,10,0,True
2025-06-14 17:40:00,VIC1,4032.0,4053.09375,4032.0,8,2,0,10,3930.0,760.0,10,10,0,True
2025-06-14 17:45:00,VIC1,4032.0,4041.84375,4032.0,8,2,0,10,3930.0,760.0,10,10,0,True
2025-06-14 17:50:00,VIC1,4032.0,4016.09375,4032.0,8,2,0,10,3930.0,760.0,10,10,0,True
2025-06-14 17:55:00,VIC1,4032.0,4049.09375,4032.0,8,2,0,10,3930.0,760.0,10,10,0,True
2025-06-14 18:00:00,VIC1,4032.0,4041.125,4032.0,8,2,0,10,3930.0,760.0,10,10,0,True
2025-06-14 18:05:00,VIC1,4032.0,4011.125,4032.0,8,2,0,10,3930.0,760.0,10,10,0,True
2025-06-14 18:10:00,VIC1,4032.0,4029.375,4052.0,8,2,0,10,3930.0,760.0,10,10,0,True
2025-06-14 18:15:00,VIC1,4052.0,4020.46875,4052.0,8,2,0,10,3930.0,760.0,10,10,0,True
2025-06-14 18:20:00,VIC1,4052.0,4036.4375,4052.0,8,2,0,10,3930.0,760.0,10,10,0,True
2025-06-14 18:25:00,VIC1,4052.0,4022.5,4052.0,8,2,0,10,3930.0,760.0,10,10,0,True
2025-06-14 18:30:00,VIC1,4052.0,4067.84375,4052.0,8,2,0,10,3930.0,760.0,10,10,0,True
2025-06-14 18:35:00,VIC1,4052.0,4054.375,4052.0,8,2,0,10,3930.0,760.0,10,10,0,True
2025-06-14 18:40:00,VIC1,4052.0,4063.875,4052.0,8,2,0,10,3930.0,760.0,10,10,0,True
2025-06-14 18:45:00,VIC1,4052.0,4055.25,4052.0,8,2,0,10,3930.0,760.0,10,10,0,True
2025-06-14 18:50:00,VIC1,4052.0,4039.125,4052.0,8,2,0,10,3930.0,760.0,10,10,0,True
2025-06-14 18:55:00,VIC1,4052.0,4048.625,4052.0,8,2,0,10,3930.0,760.0,10,10,0,True
2025-06-14 19:00:00,VIC1,4050.0,4029.21875,4052.0,8,2,0,10,3930.0,760.0,10,10,0,True
2025-06-14 19:05:00,VIC1,4050.0,4034.25,4052.0,8,2,0,10,3930.0,760.0,10,10,0,True
2025-06-14 19:10:00,VIC1,4050.0,4031.375,4052.0,8,2,0,10,3930.0,760.0,10,10,0,True
2025-06-14 19:15:00,VIC1,4050.0,4045.0,4052.0,8,2,0,10,3930.0,760.0,10,10,0,True
2025-06-14 19:20:00,VIC1,4050.0,4046.5,4052.0,8,2,0,10,3930.0,760.0,10,10,0,True
2025-06-14 19:25:00,VIC1,4050.0,4042.0,4052.0,8,2,0,10,3930.0,760.0,10,10,0,True
2025-06-14 19:30:00,VIC1,4050.0,4046.5,4052.0,8,2,0,10,3930.0,760.0,10,10,0,True
2025-06-14 19:35:00,VIC1,4050.0,4035.75,4052.0,8,2,0,10,3930.0,760.0,10,10,0,True
2025-06-14 19:40:00,VIC1,4052.0,4059.875,4052.0,8,2,0,10,3930.0,760.0,10,10,0,True
2025-06-14 19:45:00,VIC1,4054.0,4047.125,4056.0,8,2,0,10,3930.0,760.0,10,10,0,True
2025-06-14 19:50:00,VIC1,4052.0,4042.125,4056.0,8,2,0,10,3930.0,760.0,10,10,0,True
2025-06-14 19:55:00,VIC1,4054.0,4059.21875,4056.0,8,2,0,10,3930.0,760.0,10,10,0,True
2025-06-14 20:00:00,VIC1,4054.0,4049.125,4056.0,8,2,0,10,3930.0,760.0,10,10,0,True
2025-06-14 20:05:00,VIC1,4056.0,4040.375,4056.0,8,2,0,10,3930.0,760.0,10,10,0,True
2025-06-14 20:10:00,VIC1,4056.0,4061.125,4056.0,8,2,0,10,3930.0,760.0,10,10,0,True
2025-06-14 20:15:00,VIC1,4054.0,4040.25,4056.0,8,2,0,10,3930.0,760.0,10,10,0,True
2025-06-14 20:20:00,VIC1,4054.0,4043.25,4056.0,8,2,0,10,3930.0,760.0,10,10,0,True
2025-06-14 20:25:00,VIC1,4054.0,4041.125,4056.0,8,2,0,10,3930.0,760.0,10,10,0,True
2025-06-14 20:30:00,VIC1,4054.0,4031.875,4056.0,8,2,0,10,3930.0,760.0,10,10,0,True
2025-06-14 20:35:00,VIC1,4056.0,4041.5,4056.0,8,2,0,10,3930.0,760.0,10,10,0,True
2025-06-14 20:40:00,VIC1,4056.0,4053.875,4056.0,8,2,0,10,3930.0,760.0,10,10,0,True
2025-06-14 20:45:00,VIC1,4056.0,4040.5,4056.0,8,2,0,10,3930.0,760.0,10,10,0,True
2025-06-14 20:50:00,VIC1,4056.0,4050.25,4056.0,8,2,0,10,3930.0,760.0,10,10,0,True
2025-06-14 20:55:00,VIC1,4056.0,4067.0,4056.0,8,2,0,10,3930.0,760.0,10,10,0,True
2025-06-14 21:00:00,VIC1,4056.0,4047.5,4056.0,8,2,0,10,3930.0,760.0,10,10,0,True
2025-06-14 21:05:00,VIC1,4056.0,4044.625,4056.0,8,2,0,10,3930.0,760.0,10,10,0,True
2025-06-14 21:10:00,VIC1,4056.0,4039.375,4056.0,8,2,0,10,3930.0,760.0,10,10,0,True
2025-06-18 16:35:00,VIC1,3736.0,3731.21875,3736.0,7,3,0,10,3570.0,1120.0,10,10,0,True
2025-06-18 16:40:00,VIC1,3736.0,3739.46875,3736.0,7,3,0,10,3570.0,1120.0,10,10,0,True
2025-06-18 16:45:00,VIC1,3736.0,3724.34375,3736.0,7,3,0,10,3570.0,1120.0,10,10,0,True
2025-06-18 16:50:00,VIC1,3736.0,3737.96875,3736.0,7,3,0,10,3570.0,1120.0,10,10,0,True
2025-06-18 16:55:00,VIC1,3736.0,3731.59375,3736.0,7,3,0,10,3570.0,1120.0,10,10,0,True
2025-06-18 17:00:00,VIC1,3736.0,3733.34375,3736.0,7,3,0,10,3570.0,1120.0,10,10,0,True
2025-06-18 17:05:00,VIC1,3634.78125,3713.59375,3736.0,7,3,0,10,3570.0,1120.0,10,10,0,True
2025-06-18 17:10:00,VIC1,3553.03125,3632.09375,3736.0,7,3,0,10,3570.0,1120.0,10,10,0,True
2025-06-18 17:15:00,VIC1,3499.40625,3600.46875,3736.0,7,3,0,10,3570.0,1120.0,10,10,0,True
2025-06-18 17:20:00,VIC1,3415.3125,3498.59375,3736.0,7,3,0,10,3570.0,1120.0,10,10,0,True
2025-06-18 17:25:00,VIC1,3370.0,3467.96875,3736.0,7,3,0,10,3570.0,1120.0,10,10,0,True
2025-06-18 17:30:00,VIC1,3370.0,3395.46875,3736.0,7,3,0,10,3570.0,1120.0,10,10,0,True
2025-06-18 17:35:00,VIC1,3370.0,3389.71875,3736.0,7,3,0,10,3570.0,1120.0,10,10,0,True
2025-06-18 17:40:00,VIC1,3370.0,3398.46875,3736.0,7,3,0,10,3570.0,1120.0,10,10,0,True
2025-06-18 17:45:00,VIC1,3370.0,3373.46875,3736.0,7,3,0,10,3570.0,1120.0,10,10,0,True
2025-06-18 17:50:00,VIC1,3370.0,3401.46875,3736.0,7,3,0,10,3570.0,1120.0,10,10,0,True
2025-06-18 17:55:00,VIC1,3370.0,3400.71875,3736.0,7,3,0,10,3570.0,1120.0,10,10,0,True
2025-06-18 18:00:00,VIC1,3370.0,3396.4375,3736.0,7,3,0,10,3570.0,1120.0,10,10,0,True
2025-06-18 18:05:00,VIC1,3370.0,3377.0625,3736.0,7,3,0,10,3570.0,1120.0,10,10,0,True
2025-06-18 18:10:00,VIC1,3370.0,3374.8125,3736.0,7,3,0,10,3570.0,1120.0,10,10,0,True
2025-06-18 18:15:00,VIC1,3370.0,3411.96875,3736.0,7,3,0,10,3570.0,1120.0,10,10,0,True
2025-06-18 18:20:00,VIC1,3370.0,3387.71875,3736.0,7,3,0,10,3570.0,1120.0,10,10,0,True
2025-06-18 18:25:00,VIC1,3370.0,3405.59375,3736.0,7,3,0,10,3570.0,1120.0,10,10,0,True
2025-06-18 18:30:00,VIC1,3370.0,3392.71875,3736.0,7,3,0,10,3570.0,1120.0,10,10,0,True
2025-06-18 18:35:00,VIC1,3370.0,3408.96875,3736.0,7,3,0,10,3570.0,1120.0,10,10,0,True
2025-06-18 18:40:00,VIC1,3370.0,3405.46875,3736.0,7,3,0,10,3570.0,1120.0,10,10,0,True
2025-06-18 18:45:00,VIC1,3370.0,3392.8125,3736.0,7,3,0,10,3570.0,1120.0,10,10,0,True
2025-06-18 18:50:00,VIC1,3370.0,3384.3125,3736.0,7,3,0,10,3570.0,1120.0,10,10,0,True
2025-06-18 18:55:00,VIC1,3370.0,3412.21875,3736.0,7,3,0,10,3570.0,1120.0,10,10,0,True
2025-06-18 19:00:00,VIC1,3370.0,3381.34375,3736.0,7,3,0,10,3570.0,1120.0,10,10,0,True
2025-06-18 19:05:00,VIC1,3497.96875,3384.59375,3736.0,7,3,0,10,3570.0,1120.0,10,10,0,True
2025-06-18 19:10:00,VIC1,3569.0625,3470.84375,3736.0,7,3,0,10,3570.0,1120.0,10,10,0,True
2025-06-18 19:15:00,VIC1,3664.90625,3566.09375,3736.0,7,3,0,10,3570.0,1120.0,10,10,0,True
2025-06-18 19:20:00,VIC1,3730.59375,3651.21875,3736.0,7,3,0,10,3570.0,1120.0,10,10,0,True
2025-06-18 19:25:00,VIC1,3732.0,3715.34375,3736.0,7,3,0,10,3570.0,1120.0,10,10,0,True
2025-06-18 19:30:00,VIC1,3736.0,3731.0625,3736.0,7,3,0,10,3570.0,1120.0,10,10,0,True
2025-06-18 19:35:00,VIC1,3736.0,3725.59375,3736.0,7,3,0,10,3570.0,1120.0,10,10,0,True
2025-06-18 19:40:00,VIC1,3736.0,3740.8125,3736.0,7,3,0,10,3570.0,1120.0,10,10,0,True
2025-06-18 19:45:00,VIC1,3736.0,3720.9375,3736.0,7,3,0,10,3570.0,1120.0,10,10,0,True
2025-06-18 19:50:00,VIC1,3736.0,3731.46875,3736.0,7,3,0,10,3570.0,1120.0,10,10,0,True
2025-06-18 19:55:00,VIC1,3736.0,3717.59375,3736.0,7,3,0,10,3570.0,1120.0,10,10,0,True
2025-06-18 20:00:00,VIC1,3736.0,3727.59375,3736.0,7,3,0,10,3570.0,1120.0,10,10,0,True
2025-06-18 20:05:00,VIC1,3736.0,3721.21875,3736.0,7,3,0,10,3570.0,1120.0,10,10,0,True
2025-06-18 20:10:00,VIC1,3736.0,3720.6875,3736.0,7,3,0,10,3570.0,1120.0,10,10,0,True
2025-06-18 20:15:00,VIC1,3736.0,3729.34375,3736.0,7,3,0,10,3570.0,1120.0,10,10,0,True
2025-06-18 20:20:00,VIC1,3736.0,3749.09375,3736.0,7,3,0,10,3570.0,1120.0,10,10,0,True
2025-06-18 20:25:00,VIC1,3736.0,3723.46875,3736.0,7,3,0,10,3570.0,1120.0,10,10,0,True
2025-06-18 20:30:00,VIC1,3736.0,3728.09375,3736.0,7,3,0,10,3570.0,1120.0,10,10,0,True
2025-06-18 20:35:00,VIC1,3736.0,3744.34375,3736.0,7,3,0,10,3570.0,1120.0,10,10,0,True
2025-06-19 03:30:00,VIC1,3736.0,3720.6875,3736.0,7,3,0,10,3570.0,1120.0,10,10,0,True
2025-06-19 03:35:00,VIC1,3736.0,3717.0625,3736.0,7,3,0,10,3570.0,1120.0,10,10,0,True
2025-06-19 03:40:00,VIC1,3736.0,3738.96875,3736.0,7,3,0,10,3570.0,1120.0,10,10,0,True
2025-06-19 03:45:00,VIC1,3736.0,3715.96875,3736.0,7,3,0,10,3570.0,1120.0,10,10,0,True
2025-06-19 03:50:00,VIC1,3736.0,3715.09375,3736.0,7,3,0,10,3570.0,1120.0,10,10,0,True
2025-06-19 03:55:00,VIC1,3736.0,3732.84375,3736.0,7,3,0,10,3570.0,1120.0,10,10,0,True
2025-06-19 04:00:00,VIC1,3736.0,3718.96875,3736.0,7,3,0,10,3570.0,1120.0,10,10,0,True
2025-06-19 04:05:00,VIC1,3736.0,3721.34375,3736.0,7,3,0,10,3570.0,1120.0,10,10,0,True
2025-06-19 04:10:00,VIC1,3736.0,3749.59375,3736.0,7,3,0,10,3570.0,1120.0,10,10,0,True
2025-06-19 04:15:00,VIC1,3736.0,3715.96875,3736.0,7,3,0,10,3570.0,1120.0,10,10,0,True
2025-06-19 04:20:00,VIC1,3736.0,3724.3125,3736.0,7,3,0,10,3570.0,1120.0,10,10,0,True
2025-06-19 04:25:00,VIC1,3736.0,3723.9375,3736.0,7,3,0,10,3570.0,1120.0,10,10,0,True
2025-06-19 04:30:00,VIC1,3736.0,3745.6875,3736.0,7,3,0,10,3570.0,1120.0,10,10,0,True
2025-06-19 04:35:00,VIC1,3736.0,3726.3125,3736.0,7,3,0,10,3570.0,1120.0,10,10,0,True
2025-06-19 04:40:00,VIC1,3736.0,3746.6875,3736.0,7,3,0,10,3570.0,1120.0,10,10,0,True
2025-06-19 04:45:00,VIC1,3736.0,3727.3125,3736.0,7,3,0,10,3570.0,1120.0,10,10,0,True
2025-06-19 04:50:00,VIC1,3734.0,3707.1875,3736.0,7,3,0,10,3570.0,1120.0,10,10,0,True
2025-06-19 04:55:00,VIC1,3734.0,3718.0625,3736.0,7,3,0,10,3570.0,1120.0,10,10,0,True
2025-06-19 05:00:00,VIC1,3734.0,3705.1875,3736.0,7,3,0,10,3570.0,1120.0,10,10,0,True
2025-06-19 05:05:00,VIC1,3734.0,3741.34375,3736.0,7,3,0,10,3570.0,1120.0,10,10,0,True
2025-06-19 05:10:00,VIC1,3736.0,3749.8125,3736.0,7,3,0,10,3570.0,1120.0,10,10,0,True
2025-06-19 05:15:00,VIC1,3736.0,3726.9375,3736.0,7,3,0,10,3570.0,1120.0,10,10,0,True
2025-06-19 05:20:00,VIC1,3736.0,3730.1875,3736.0,7,3,0,10,3570.0,1120.0,10,10,0,True
2025-06-19 05:25:00,VIC1,3736.0,3744.5625,3736.0,7,3,0,10,3570.0,1120.0,10,10,0,True
2025-06-19 05:30:00,VIC1,3736.0,3737.96875,3736.0,7,3,0,10,3570.0,1120.0,10,10,0,True
2025-06-19 05:35:00,VIC1,3736.0,3745.84375,3736.0,7,3,0,10,3570.0,1120.0,10,10,0,True
2025-06-19 05:40:00,VIC1,3736.0,3741.96875,3736.0,7,3,0,10,3570.0,1120.0,10,10,0,True
2025-06-19 05:45:00,VIC1,3736.0,3720.6875,3736.0,7,3,0,10,3570.0,1120.0,10,10,0,True
2025-06-19 05:50:00,VIC1,3736.0,3728.0625,3736.0,7,3,0,10,3570.0,1120.0,10,10,0,True
2025-06-19 05:55:00,VIC1,3736.0,3728.8125,3736.0,7,3,0,10,3570.0,1120.0,10,10,0,True
2025-06-19 06:00:00,VIC1,3734.0,3706.6875,3736.0,7,3,0,10,3570.0,1120.0,10,10,0,True
2025-06-19 06:05:00,VIC1,3736.0,3740.6875,3736.0,7,3,0,10,3570.0,1120.0,10,10,0,True
2025-06-19 06:10:00,VIC1,3736.0,3749.9375,3736.0,7,3,0,10,3570.0,1120.0,10,10,0,True
2025-06-19 06:15:00,VIC1,3736.0,3745.4375,3736.0,7,3,0,10,3570.0,1120.0,10,10,0,True
2025-06-19 06:20:00,VIC1,3736.0,3717.5625,3736.0,7,3,0,10,3570.0,1120.0,10,10,0,True
2025-06-19 06:25:00,VIC1,3736.0,3729.0625,3736.0,7,3,0,10,3570.0,1120.0,10,10,0,True
2025-06-19 06:30:00,VIC1,3734.0,3714.21875,3736.0,7,3,0,10,3570.0,1120.0,10,10,0,True
2025-06-19 06:35:00,VIC1,3734.0,3712.21875,3736.0,7,3,0,10,3570.0,1120.0,10,10,0,True
2025-06-19 06:40:00,VIC1,3734.0,3722.4375,3736.0,7,3,0,10,3570.0,1120.0,10,10,0,True
2025-06-19 06:45:00,VIC1,3734.0,3722.84375,3736.0,7,3,0,10,3570.0,1120.0,10,10,0,True
2025-06-19 06:50:00,VIC1,3734.0,3708.3125,3736.0,7,3,0,10,3570.0,1120.0,10,10,0,True
2025-06-19 06:55:00,VIC1,3734.0,3724.0625,3736.0,7,3,0,10,3570.0,1120.0,10,10,0,True
2025-06-19 07:00:00,VIC1,3734.0,3723.9375,3736.0,7,3,0,10,3570.0,1120.0,10,10,0,True
2025-06-19 07:05:00,VIC1,3736.0,3741.0625,3736.0,7,3,0,10,3570.0,1120.0,10,10,0,True
2025-06-19 07:10:00,VIC1,3736.0,3730.4375,3736.0,7,3,0,10,3570.0,1120.0,10,10,0,True
2025-06-19 07:15:00,VIC1,3736.0,3757.6875,3736.0,7,3,0,10,3570.0,1120.0,10,10,0,True
2025-06-19 07:20:00,VIC1,3736.0,3733.3125,3736.0,7,3,0,10,3570.0,1120.0,10,10,0,True
2025-06-19 07:25:00,VIC1,3732.0,3696.84375,3736.0,7,3,0,10,3570.0,1120.0,10,10,0,True
2025-06-19 07:30:00,VIC1,3734.0,3716.09375,3736.0,7,3,0,10,3570.0,1120.0,10,10,0,True
2025-06-24 22:00:00,VIC1,3880.68793,3909.96875,4426.0,9,1,0,10,4310.0,380.0,10,10,0,True
2025-06-24 22:05:00,VIC1,3701.25,3859.0,4426.0,9,1,0,10,4310.0,380.0,10,10,0,True
2025-06-24 22:10:00,VIC1,3716.69158,3775.53125,4426.0,9,1,0,10,4310.0,380.0,10,10,0,True
2025-06-24 22:15:00,VIC1,3563.5625,3713.53125,4426.0,9,1,0,10,4310.0,380.0,10,10,0,True
2025-06-24 22:20:00,VIC1,3457.125,3596.21875,4426.0,9,1,0,10,4310.0,380.0,10,10,0,True
2025-06-24 22:25:00,VIC1,3478.17753,3494.28125,4426.0,9,1,0,10,4310.0,380.0,10,10,0,True
2025-06-24 22:30:00,VIC1,3382.09192,3435.0,4426.0,9,1,0,10,4310.0,380.0,10,10,0,True
2025-06-24 22:35:00,VIC1,3367.25763,3410.6875,4426.0,9,1,0,10,4310.0,380.0,10,10,0,True
2025-06-24 22:40:00,VIC1,3244.0,3349.53125,4426.0,9,1,0,10,4310.0,380.0,10,10,0,True
2025-06-24 22:45:00,VIC1,3177.1579,3267.15625,4426.0,9,1,0,10,4310.0,380.0,10,10,0,True
2025-06-24 22:50:00,VIC1,3231.0685,3179.75,4426.0,9,1,0,10,4310.0,380.0,10,10,0,True
2025-06-24 22:55:00,VIC1,3165.63226,3204.96875,4426.0,9,1,0,10,4310.0,380.0,10,10,0,True
2025-06-24 23:00:00,VIC1,3248.0,3148.46875,4426.0,9,1,0,10,4310.0,380.0,10,10,0,True
2025-06-24 23:05:00,VIC1,3223.59461,3222.125,4426.0,9,1,0,10,4310.0,380.0,10,10,0,True
2025-06-24 23:10:00,VIC1,3331.31574,3246.03125,4426.0,9,1,0,10,4310.0,380.0,10,10,0,True
2025-06-24 23:15:00,VIC1,3376.0,3275.21875,4426.0,9,1,0,10,4310.0,380.0,10,10,0,True
2025-06-24 23:20:00,VIC1,3240.0,3331.3125,4426.0,9,1,0,10,4310.0,380.0,10,10,0,True
2025-06-24 23:25:00,VIC1,3313.1434,3282.34375,4426.0,9,1,0,10,4310.0,380.0,10,10,0,True
2025-06-24 23:30:00,VIC1,3178.117,3271.65625,4426.0,9,1,0,10,4310.0,380.0,10,10,0,True
2025-06-24 23:35:00,VIC1,3111.0,3221.15625,4426.0,9,1,0,10,4310.0,380.0,10,10,0,True
2025-06-24 23:40:00,VIC1,3096.48197,3117.0,4426.0,9,1,0,10,4310.0,380.0,10,10,0,True
2025-06-24 23:45:00,VIC1,3086.24859,3085.71875,4426.0,9,1,0,10,4310.0,380.0,10,10,0,True
2025-06-24 23:50:00,VIC1,3033.50967,3099.75,4426.0,9,1,0,10,4310.0,380.0,10,10,0,True
2025-06-24 23:55:00,VIC1,3024.65625,2992.0,4426.0,9,1,0,10,4310.0,380.0,10,10,0,True
2025-06-25 00:00:00,VIC1,3030.0,3011.125,4426.0,9,1,0,10,4310.0,380.0,10,10,0,True
2025-06-25 00:05:00,VIC1,2986.625,3005.78125,4426.0,9,1,0,10,4310.0,380.0,10,10,0,True
2025-06-25 00:10:00,VIC1,2980.0,2983.75,4426.0,9,1,0,10,4310.0,380.0,10,10,0,True
2025-06-25 00:15:00,VIC1,2980.0,2973.78125,4426.0,9,1,0,10,4310.0,380.0,10,10,0,True
2025-06-25 00:20:00,VIC1,2997.28723,3009.65625,4426.0,9,1,0,10,4310.0,380.0,10,10,0,True
2025-06-25 00:25:00,VIC1,3167.9375,3023.03125,4426.0,9,1,0,10,4310.0,380.0,10,10,0,True
2025-06-25 00:30:00,VIC1,3053.67776,3115.40625,4426.0,9,1,0,10,4310.0,380.0,10,10,0,True
2025-06-25 00:35:00,VIC1,3092.11103,3096.65625,4426.0,9,1,0,10,4310.0,380.0,10,10,0,True
2025-06-25 00:40:00,VIC1,3060.0,3096.6875,4426.0,9,1,0,10,4310.0,380.0,10,10,0,True
2025-06-25 00:45:00,VIC1,3119.65974,3062.46875,4426.0,9,1,0,10,4310.0,380.0,10,10,0,True
2025-06-25 00:50:00,VIC1,3151.09921,3106.5625,4426.0,9,1,0,10,4310.0,380.0,10,10,0,True
2025-06-25 00:55:00,VIC1,3068.38334,3171.78125,4426.0,9,1,0,10,4310.0,380.0,10,10,0,True
2025-06-25 01:00:00,VIC1,3112.4779,3113.46875,4426.0,9,1,0,10,4310.0,380.0,10,10,0,True
2025-06-25 01:05:00,VIC1,3089.13081,3087.5625,4426.0,9,1,0,10,4310.0,380.0,10,10,0,True
2025-06-25 01:10:00,VIC1,3211.0,3143.5625,4426.0,9,1,0,10,4310.0,380.0,10,10,0,True
2025-06-25 01:15:00,VIC1,3015.65625,3130.625,4426.0,9,1,0,10,4310.0,380.0,10,10,0,True
2025-06-25 01:20:00,VIC1,3073.48266,3051.21875,4426.0,9,1,0,10,4310.0,380.0,10,10,0,True
2025-06-25 01:25:00,VIC1,3161.5682500000003,3069.75,4426.0,9,1,0,10,4310.0,380.0,10,10,0,True
2025-06-25 01:30:00,VIC1,3048.38024,3147.0,4426.0,9,1,0,10,4310.0,380.0,10,10,0,True
2025-06-25 01:35:00,VIC1,3009.4375,3055.28125,4426.0,9,1,0,10,4310.0,380.0,10,10,0,True
2025-06-25 01:40:00,VIC1,3085.14882,3013.71875,4426.0,9,1,0,10,4310.0,380.0,10,10,0,True
2025-06-25 01:45:00,VIC1,3200.0,3107.75,4426.0,9,1,0,10,4310.0,380.0,10,10,0,True
2025-06-25 01:50:00,VIC1,3166.14777,3174.25,4426.0,9,1,0,10,4310.0,380.0,10,10,0,True
2025-06-25 01:55:00,VIC1,3049.97225,3154.5,4426.0,9,1,0,10,4310.0,380.0,10,10,0,True
2025-06-25 02:00:00,VIC1,3003.59375,3018.34375,4426.0,9,1,0,10,4310.0,380.0,10,10,0,True
2025-06-26 18:45:00,VIC1,3824.0,3817.625,3960.0,8,2,0,10,3780.0,910.0,10,10,0,True
2025-06-26 18:50:00,VIC1,3824.0,3831.625,3960.0,8,2,0,10,3780.0,910.0,10,10,0,True
2025-06-26 18:55:00,VIC1,3824.0,3826.125,3960.0,8,2,0,10,3780.0,910.0,10,10,0,True
2025-06-26 19:00:00,VIC1,3824.0,3856.25,3960.0,8,2,0,10,3780.0,910.0,10,10,0,True
2025-06-26 19:05:00,VIC1,3885.25,3843.96875,3960.0,8,2,0,10,3780.0,910.0,10,10,0,True
2025-06-26 19:10:00,VIC1,3924.25,3877.4375,3960.0,8,2,0,10,3780.0,910.0,10,10,0,True
2025-06-26 19:15:00,VIC1,3958.0,3926.375,3960.0,8,2,0,10,3780.0,910.0,10,10,0,True
2025-06-26 19:20:00,VIC1,3960.0,3958.15625,3960.0,8,2,0,10,3780.0,910.0,10,10,0,True
2025-06-26 19:25:00,VIC1,3960.0,3964.53125,3960.0,8,2,0,10,3780.0,910.0,10,10,0,True
2025-06-26 19:30:00,VIC1,3960.0,3965.15625,3960.0,8,2,0,10,3780.0,910.0,10,10,0,True
2025-06-26 19:35:00,VIC1,3960.0,3955.0,3960.0,8,2,0,10,3780.0,910.0,10,10,0,True
2025-06-26 19:40:00,VIC1,3960.0,3956.3125,3960.0,8,2,0,10,3780.0,910.0,10,10,0,True
2025-06-26 19:45:00,VIC1,3960.0,3967.21875,3960.0,8,2,0,10,3780.0,910.0,10,10,0,True
2025-06-26 19:50:00,VIC1,3960.0,3974.90625,3960.0,8,2,0,10,3780.0,910.0,10,10,0,True
2025-06-26 19:55:00,VIC1,3958.0,3957.90625,3960.0,8,2,0,10,3780.0,910.0,10,10,0,True
2025-06-26 20:00:00,VIC1,3958.0,3951.59375,3960.0,8,2,0,10,3780.0,910.0,10,10,0,True
2025-06-26 20:05:00,VIC1,3958.0,3944.65625,3958.0,8,2,0,10,3780.0,910.0,10,10,0,True
2025-06-26 20:10:00,VIC1,3958.0,3968.625,3958.0,8,2,0,10,3780.0,910.0,10,10,0,True
2025-06-26 20:15:00,VIC1,3958.0,3959.34375,3958.0,8,2,0,10,3780.0,910.0,10,10,0,True
2025-06-26 20:20:00,VIC1,3958.0,3942.5625,3958.0,8,2,0,10,3780.0,910.0,10,10,0,True
2025-06-26 20:25:00,VIC1,3958.0,3951.75,3958.0,8,2,0,10,3780.0,910.0,10,10,0,True
2025-06-26 20:30:00,VIC1,3958.0,3957.6875,3958.0,8,2,0,10,3780.0,910.0,10,10,0,True
2025-06-26 20:35:00,VIC1,3958.0,3965.25,3958.0,8,2,0,10,3780.0,910.0,10,10,0,True
2025-06-26 20:40:00,VIC1,3958.0,3945.21875,3958.0,8,2,0,10,3780.0,910.0,10,10,0,True
2025-06-26 20:45:00,VIC1,3958.0,3973.1875,3958.0,8,2,0,10,3780.0,910.0,10,10,0,True
2025-06-26 20:50:00,VIC1,3958.0,3976.75,3958.0,8,2,0,10,3780.0,910.0,10,10,0,True
2025-06-26 20:55:00,VIC1,3958.0,3961.53125,3958.0,8,2,0,10,3780.0,910.0,10,10,0,True
2025-06-26 21:00:00,VIC1,3958.0,3957.625,3958.0,8,2,0,10,3780.0,910.0,10,10,0,True
2025-06-26 21:05:00,VIC1,3958.0,3951.59375,3958.0,8,2,0,10,3780.0,910.0,10,10,0,True
2025-06-26 21:10:00,VIC1,3958.0,3976.96875,3958.0,8,2,0,10,3780.0,910.0,10,10,0,True
2025-06-26 21:15:00,VIC1,3958.0,3945.53125,3958.0,8,2,0,10,3780.0,910.0,10,10,0,True
2025-06-26 21:20:00,VIC1,3958.0,3959.71875,3958.0,8,2,0,10,3780.0,910.0,10,10,0,True
2025-06-26 21:25:00,VIC1,3958.0,3946.96875,3958.0,8,2,0,10,3780.0,910.0,10,10,0,True
2025-06-26 21:30:00,VIC1,3958.0,3958.34375,3958.0,8,2,0,10,3780.0,910.0,10,10,0,True
2025-06-26 21:35:00,VIC1,3958.0,3966.28125,3958.0,8,2,0,10,3780.0,910.0,10,10,0,True
2025-06-26 21:40:00,VIC1,3953.0,3942.375,3955.0,8,2,0,10,3780.0,910.0,10,10,0,True
2025-06-26 21:45:00,VIC1,3953.0,3943.6875,3955.0,8,2,0,10,3780.0,910.0,10,10,0,True
2025-06-26 21:50:00,VIC1,3953.0,3939.125,3955.0,8,2,0,10,3780.0,910.0,10,10,0,True
2025-06-26 21:55:00,VIC1,3955.0,3937.8125,3955.0,8,2,0,10,3780.0,910.0,10,10,0,True
2025-06-26 22:00:00,VIC1,3955.0,3935.71875,3955.0,8,2,0,10,3780.0,910.0,10,10,0,True
2025-06-26 22:05:00,VIC1,3955.0,3933.125,3955.0,8,2,0,10,3780.0,910.0,10,10,0,True
2025-06-26 22:10:00,VIC1,3955.0,3967.5625,3955.0,8,2,0,10,3780.0,910.0,10,10,0,True
2025-06-26 22:15:00,VIC1,3955.0,3949.03125,3955.0,8,2,0,10,3780.0,910.0,10,10,0,True
2025-06-26 22:20:00,VIC1,3955.0,3942.46875,3955.0,8,2,0,10,3780.0,910.0,10,10,0,True
2025-06-26 22:25:00,VIC1,3955.0,3935.75,3955.0,8,2,0,10,3780.0,910.0,10,10,0,True
2025-06-26 22:30:00,VIC1,3955.0,3943.78125,3955.0,8,2,0,10,3780.0,910.0,10,10,0,True
2025-06-26 22:35:00,VIC1,3955.0,3935.03125,3955.0,8,2,0,10,3780.0,910.0,10,10,0,True
2025-06-26 22:40:00,VIC1,3955.0,3950.34375,3955.0,8,2,0,10,3780.0,910.0,10,10,0,True
2025-06-26 22:45:00,VIC1,3955.0,3946.65625,3955.0,8,2,0,10,3780.0,910.0,10,10,0,True
2025-06-27 15:40:00,VIC1,3948.0,3946.9375,3948.0,8,2,0,10,3780.0,910.0,10,10,0,True
2025-06-27 15:45:00,VIC1,3948.0,3961.09375,3948.0,8,2,0,10,3780.0,910.0,10,10,0,True
2025-06-27 15:50:00,VIC1,3948.0,3917.125,3948.0,8,2,0,10,3780.0,910.0,10,10,0,True
2025-06-27 15:55:00,VIC1,3948.0,3939.46875,3948.0,8,2,0,10,3780.0,910.0,10,10,0,True
2025-06-27 16:00:00,VIC1,3948.0,3956.9375,3948.0,8,2,0,10,3780.0,910.0,10,10,0,True
2025-06-27 16:05:00,VIC1,3951.0,3905.875,3953.0,8,2,0,10,3780.0,910.0,10,10,0,True
2025-06-27 16:10:00,VIC1,3953.0,3964.09375,3953.0,8,2,0,10,3780.0,910.0,10,10,0,True
2025-06-27 16:15:00,VIC1,3953.0,3963.25,3953.0,8,2,0,10,3780.0,910.0,10,10,0,True
2025-06-27 16:20:00,VIC1,3953.0,3951.78125,3953.0,8,2,0,10,3780.0,910.0,10,10,0,True
2025-06-27 16:25:00,VIC1,3953.0,3965.25,3953.0,8,2,0,10,3780.0,910.0,10,10,0,True
2025-06-27 16:30:00,VIC1,3951.0,3922.75,3953.0,8,2,0,10,3780.0,910.0,10,10,0,True
2025-06-27 16:35:00,VIC1,3953.0,3940.3125,3953.0,8,2,0,10,3780.0,910.0,10,10,0,True
2025-06-27 16:40:00,VIC1,3900.3125,3904.8125,3897.0,8,2,0,10,3780.0,910.0,10,10,0,True
2025-06-27 16:45:00,VIC1,3935.9375,3923.78125,3953.0,8,2,0,10,3780.0,910.0,10,10,0,True
2025-06-27 16:50:00,VIC1,3953.0,3929.1875,3953.0,8,2,0,10,3780.0,910.0,10,10,0,True
2025-06-27 16:55:00,VIC1,3953.0,3927.65625,3953.0,8,2,0,10,3780.0,910.0,10,10,0,True
2025-06-27 17:00:00,VIC1,3953.0,3927.625,3953.0,8,2,0,10,3780.0,910.0,10,10,0,True
2025-06-27 17:05:00,VIC1,3852.46875,3929.90625,3953.0,8,2,0,10,3780.0,910.0,10,10,0,True
2025-06-27 17:10:00,VIC1,3774.75,3876.4375,3953.0,8,2,0,10,3780.0,910.0,10,10,0,True
2025-06-27 17:15:00,VIC1,3681.09375,3772.53125,3953.0,8,2,0,10,3780.0,910.0,10,10,0,True
2025-06-27 17:20:00,VIC1,3608.625,3718.28125,3953.0,8,2,0,10,3780.0,910.0,10,10,0,True
2025-06-27 17:25:00,VIC1,3591.0,3609.59375,3953.0,8,2,0,10,3780.0,910.0,10,10,0,True
2025-06-27 17:30:00,VIC1,3616.0,3617.71875,4103.0,8,2,0,10,3780.0,910.0,10,10,0,True
2025-06-27 17:35:00,VIC1,3622.0,3602.84375,4103.0,9,1,0,10,4310.0,380.0,10,10,0,True
2025-06-27 17:40:00,VIC1,3717.0,3729.0625,4103.0,9,1,0,10,4310.0,380.0,10,10,0,True
2025-06-27 17:45:00,VIC1,3726.0,3720.1875,4103.0,9,1,0,10,4310.0,380.0,10,10,0,True
2025-06-27 17:50:00,VIC1,3726.0,3709.9375,4103.0,9,1,0,10,4310.0,380.0,10,10,0,True
2025-06-27 17:55:00,VIC1,3726.0,3656.3125,4103.0,9,1,0,10,4310.0,380.0,10,10,0,True
2025-06-27 18:00:00,VIC1,3696.0,3747.5,4058.0,9,1,0,10,4310.0,380.0,10,10,0,True
2025-06-27 18:05:00,VIC1,3721.0,3720.1875,4083.0,9,1,0,10,4310.0,380.0,10,10,0,True
2025-06-27 18:10:00,VIC1,3746.0,3760.78125,4108.0,9,1,0,10,4310.0,380.0,10,10,0,True
2025-06-27 18:15:00,VIC1,3796.0,3767.25,4158.0,9,1,0,10,4310.0,380.0,10,10,0,True
2025-06-27 18:20:00,VIC1,3821.0,3813.0625,4183.0,9,1,0,10,4310.0,380.0,10,10,0,True
2025-06-27 18:25:00,VIC1,3821.0,3814.6875,4183.0,9,1,0,10,4310.0,380.0,10,10,0,True
2025-06-27 18:30:00,VIC1,3841.0,3850.34375,4203.0,9,1,0,10,4310.0,380.0,10,10,0,True
2025-06-27 18:35:00,VIC1,3978.84375,3837.15625,4403.0,9,1,0,10,4310.0,380.0,10,10,0,True
2025-06-27 18:40:00,VIC1,4095.09375,3976.1875,4403.0,9,1,0,10,4310.0,380.0,10,10,0,True
2025-06-27 18:45:00,VIC1,4210.1875,4092.375,4403.0,9,1,0,10,4310.0,380.0,10,10,0,True
2025-06-27 18:50:00,VIC1,4312.75,4208.71875,4403.0,9,1,0,10,4310.0,380.0,10,10,0,True
2025-06-27 18:55:00,VIC1,4337.0,4310.40625,4403.0,9,1,0,10,4310.0,380.0,10,10,0,True
2025-06-27 19:00:00,VIC1,4361.0,4333.0625,4403.0,9,1,0,10,4310.0,380.0,10,10,0,True
2025-06-27 19:05:00,VIC1,4377.0,4351.09375,4483.0,9,1,0,10,4310.0,380.0,10,10,0,True
2025-06-27 19:10:00,VIC1,4353.0,4353.21875,4353.0,9,1,0,10,4310.0,380.0,10,10,0,True
2025-06-27 19:15:00,VIC1,4353.0,4355.78125,4353.0,9,1,0,10,4310.0,380.0,10,10,0,True
2025-06-27 19:20:00,VIC1,4353.0,4359.59375,4353.0,9,1,0,10,4310.0,380.0,10,10,0,True
2025-06-27 19:25:00,VIC1,4353.0,4354.1875,4383.0,9,1,0,10,4310.0,380.0,10,10,0,True
2025-06-27 19:30:00,VIC1,4379.0,4357.59375,4383.0,9,1,0,10,4310.0,380.0,10,10,0,True
2025-06-27 19:35:00,VIC1,4383.0,4354.15625,4383.0,9,1,0,10,4310.0,380.0,10,10,0,True
2025-06-27 19:40:00,VIC1,4383.0,4368.5,4383.0,9,1,0,10,4310.0,380.0,10,10,0,True
2025-06-28 11:15:00,VIC1,4478.0,4443.75,4478.0,9,1,0,10,4310.0,380.0,10,10,0,True
2025-06-28 11:20:00,VIC1,4477.75,4449.21875,4478.0,9,1,0,10,4310.0,380.0,10,10,0,True
2025-06-28 11:25:00,VIC1,4478.0,4490.53125,4478.0,9,1,0,10,4310.0,380.0,10,10,0,True
2025-06-28 11:30:00,VIC1,4478.0,4456.84375,4478.0,9,1,0,10,4310.0,380.0,10,10,0,True
2025-06-28 11:35:00,VIC1,4478.0,4477.40625,4478.0,9,1,0,10,4310.0,380.0,10,10,0,True
2025-06-28 11:40:00,VIC1,4473.0,4488.625,4473.0,9,1,0,10,4310.0,380.0,10,10,0,True
2025-06-28 11:45:00,VIC1,4473.0,4498.90625,4473.0,9,1,0,10,4310.0,380.0,10,10,0,True
2025-06-28 11:50:00,VIC1,4473.0,4465.78125,4473.0,9,1,0,10,4310.0,380.0,10,10,0,True
2025-06-28 11:55:00,VIC1,4473.0,4445.09375,4473.0,9,1,0,10,4310.0,380.0,10,10,0,True
2025-06-28 12:00:00,VIC1,4473.0,4458.5,4473.0,9,1,0,10,4310.0,380.0,10,10,0,True
2025-06-28 12:05:00,VIC1,4478.0,4483.09375,4478.0,9,1,0,10,4310.0,380.0,10,10,0,True
2025-06-28 12:10:00,VIC1,4478.0,4489.90625,4478.0,9,1,0,10,4310.0,380.0,10,10,0,True
2025-06-28 12:15:00,VIC1,4478.0,4464.84375,4478.0,9,1,0,10,4310.0,380.0,10,10,0,True
2025-06-28 12:20:00,VIC1,4478.0,4498.53125,4478.0,9,1,0,10,4310.0,380.0,10,10,0,True
2025-06-28 12:25:00,VIC1,4473.0,4467.03125,4473.0,9,1,0,10,4310.0,380.0,10,10,0,True
2025-06-28 12:30:00,VIC1,4473.0,4477.09375,4473.0,9,1,0,10,4310.0,380.0,10,10,0,True
2025-06-28 12:35:00,VIC1,4473.0,4449.4375,4473.0,9,1,0,10,4310.0,380.0,10,10,0,True
2025-06-28 12:40:00,VIC1,4473.0,4474.75,4473.0,9,1,0,10,4310.0,380.0,10,10,0,True
2025-06-28 12:45:00,VIC1,4473.0,4467.53125,4473.0,9,1,0,10,4310.0,380.0,10,10,0,True
2025-06-28 12:50:00,VIC1,4473.0,4479.59375,4473.0,9,1,0,10,4310.0,380.0,10,10,0,True
2025-06-28 12:55:00,VIC1,4473.0,4483.28125,4473.0,9,1,0,10,4310.0,380.0,10,10,0,True
2025-06-28 13:00:00,VIC1,4473.0,4495.15625,4473.0,9,1,0,10,4310.0,380.0,10,10,0,True
2025-06-28 13:05:00,VIC1,4473.0,4474.21875,4473.0,9,1,0,10,4310.0,380.0,10,10,0,True
2025-06-28 13:10:00,VIC1,4473.0,4492.875,4473.0,9,1,0,10,4310.0,380.0,10,10,0,True
2025-06-28 13:15:00,VIC1,4451.0,4465.90625,4473.0,9,1,0,10,4310.0,380.0,10,10,0,True
2025-06-28 13:20:00,VIC1,4469.0,4426.65625,4473.0,9,1,0,10,4310.0,380.0,10,10,0,True
2025-06-28 13:25:00,VIC1,4471.0,4460.65625,4473.0,9,1,0,10,4310.0,380.0,10,10,0,True
2025-06-28 13:30:00,VIC1,4471.0,4476.65625,4473.0,9,1,0,10,4310.0,380.0,10,10,0,True
2025-06-28 13:35:00,VIC1,4456.0,4453.1875,4348.0,9,1,0,10,4310.0,380.0,10,10,0,True
2025-06-28 13:40:00,VIC1,4450.5,4424.5625,4348.0,9,1,0,10,4310.0,380.0,10,10,0,True
2025-06-28 13:45:00,VIC1,4439.75,4426.53125,4348.0,9,1,0,10,4310.0,380.0,10,10,0,True
2025-06-28 13:50:00,VIC1,4432.0,4467.1875,4348.0,9,1,0,10,4310.0,380.0,10,10,0,True
2025-06-28 13:55:00,VIC1,4421.5,4452.28125,4348.0,9,1,0,10,4310.0,380.0,10,10,0,True
2025-06-28 14:00:00,VIC1,4411.25,4418.5,4348.0,9,1,0,10,4310.0,380.0,10,10,0,True
2025-06-28 14:05:00,VIC1,4403.5,4421.15625,4348.0,9,1,0,10,4310.0,380.0,10,10,0,True
2025-06-28 14:10:00,VIC1,4395.5,4412.875,4348.0,9,1,0,10,4310.0,380.0,10,10,0,True
2025-06-28 14:15:00,VIC1,4364.0,4389.0,4348.0,9,1,0,10,4310.0,380.0,10,10,0,True
2025-06-28 14:20:00,VIC1,4352.5,4375.125,4348.0,9,1,0,10,4310.0,380.0,10,10,0,True
2025-06-28 14:25:00,VIC1,4345.0,4334.0625,4348.0,9,1,0,10,4310.0,380.0,10,10,0,True
2025-06-28 14:30:00,VIC1,4334.75,4342.9375,4348.0,9,1,0,10,4310.0,380.0,10,10,0,True
2025-06-28 14:35:00,VIC1,4327.5,4311.6875,4348.0,9,1,0,10,4310.0,380.0,10,10,0,True
2025-06-28 14:40:00,VIC1,4326.0,4324.75,4348.0,9,1,0,10,4310.0,380.0,10,10,0,True
2025-06-28 14:45:00,VIC1,4326.0,4348.40625,4348.0,9,1,0,10,4310.0,380.0,10,10,0,True
2025-06-28 14:50:00,VIC1,4326.0,4346.71875,4348.0,9,1,0,10,4310.0,380.0,10,10,0,True
2025-06-28 14:55:00,VIC1,4326.0,4347.84375,4348.0,9,1,0,10,4310.0,380.0,10,10,0,True
2025-06-28 15:00:00,VIC1,4346.0,4339.25,4348.0,9,1,0,10,4310.0,380.0,10,10,0,True
2025-06-28 15:05:00,VIC1,4365.25,4368.28125,4473.0,9,1,0,10,4310.0,380.0,10,10,0,True
2025-06-28 15:10:00,VIC1,4368.15625,4354.28125,4473.0,9,1,0,10,4310.0,380.0,10,10,0,True
2025-06-28 15:15:00,VIC1,4379.5,4376.6875,4473.0,9,1,0,10,4310.0,380.0,10,10,0,True
2025-06-29 12:00:00,VIC1,4483.0,4496.40625,4483.0,9,1,0,10,4310.0,380.0,10,10,0,True
2025-06-29 12:05:00,VIC1,4479.0,4434.21875,4483.0,9,1,0,10,4310.0,380.0,10,10,0,True
2025-06-29 12:10:00,VIC1,4483.0,4495.15625,4483.0,9,1,0,10,4310.0,380.0,10,10,0,True
2025-06-29 12:15:00,VIC1,4481.0,4454.03125,4483.0,9,1,0,10,4310.0,380.0,10,10,0,True
2025-06-29 12:20:00,VIC1,4479.0,4434.8125,4483.0,9,1,0,10,4310.0,380.0,10,10,0,True
2025-06-29 12:25:00,VIC1,4481.0,4475.90625,4483.0,9,1,0,10,4310.0,380.0,10,10,0,True
2025-06-29 12:30:00,VIC1,4483.0,4469.15625,4483.0,9,1,0,10,4310.0,380.0,10,10,0,True
2025-06-29 12:35:00,VIC1,4481.0,4445.375,4483.0,9,1,0,10,4310.0,380.0,10,10,0,True
2025-06-29 12:40:00,VIC1,4483.0,4481.46875,4483.0,9,1,0,10,4310.0,380.0,10,10,0,True
2025-06-29 12:45:00,VIC1,4481.0,4443.25,4483.0,9,1,0,10,4310.0,380.0,10,10,0,True
2025-06-29 12:50:00,VIC1,4479.0,4421.9375,4483.0,9,1,0,10,4310.0,380.0,10,10,0,True
2025-06-29 12:55:00,VIC1,4483.0,4500.6875,4483.0,9,1,0,10,4310.0,380.0,10,10,0,True
2025-06-29 13:00:00,VIC1,4483.0,4497.6875,4483.0,9,1,0,10,4310.0,380.0,10,10,0,True
2025-06-29 13:05:00,VIC1,4434.5,4499.40625,4483.0,9,1,0,10,4310.0,380.0,10,10,0,True
2025-06-29 13:10:00,VIC1,4401.0,4465.84375,4483.0,9,1,0,10,4310.0,380.0,10,10,0,True
2025-06-29 13:15:00,VIC1,4399.0,4366.40625,4483.0,9,1,0,10,4310.0,380.0,10,10,0,True
2025-06-29 13:20:00,VIC1,4401.0,4398.90625,4483.0,9,1,0,10,4310.0,380.0,10,10,0,True
2025-06-29 13:25:00,VIC1,4401.0,4364.78125,4483.0,9,1,0,10,4310.0,380.0,10,10,0,True
2025-06-29 13:30:00,VIC1,4401.0,4382.15625,4483.0,9,1,0,10,4310.0,380.0,10,10,0,True
2025-06-29 13:35:00,VIC1,4401.0,4425.0625,4483.0,9,1,0,10,4310.0,380.0,10,10,0,True
2025-06-29 13:40:00,VIC1,4401.0,4363.78125,4483.0,9,1,0,10,4310.0,380.0,10,10,0,True
2025-06-29 13:45:00,VIC1,4401.0,4380.875,4483.0,9,1,0,10,4310.0,380.0,10,10,0,True
2025-06-29 13:50:00,VIC1,4356.1875,4406.84375,4483.0,9,1,0,10,4310.0,380.0,10,10,0,True
2025-06-29 13:55:00,VIC1,4352.375,4376.46875,4483.0,9,1,0,10,4310.0,380.0,10,10,0,True
2025-06-29 14:00:00,VIC1,4400.125,4326.03125,4483.0,9,1,0,10,4310.0,380.0,10,10,0,True
2025-06-29 14:05:00,VIC1,4401.0,4366.0,4483.0,9,1,0,10,4310.0,380.0,10,10,0,True
2025-06-29 14:10:00,VIC1,4401.0,4382.78125,4483.0,9,1,0,10,4310.0,380.0,10,10,0,True
2025-06-29 14:15:00,VIC1,4403.0,4427.71875,4483.0,9,1,0,10,4310.0,380.0,10,10,0,True
2025-06-29 14:20:00,VIC1,4403.0,4431.90625,4483.0,9,1,0,10,4310.0,380.0,10,10,0,True
2025-06-29 14:25:00,VIC1,4403.0,4374.03125,4483.0,9,1,0,10,4310.0,380.0,10,10,0,True
2025-06-29 14:30:00,VIC1,4403.0,4428.65625,4483.0,9,1,0,10,4310.0,380.0,10,10,0,True
2025-06-29 14:35:00,VIC1,4449.0625,4372.84375,4483.0,9,1,0,10,4310.0,380.0,10,10,0,True
2025-06-29 14:40:00,VIC1,4455.71875,4410.4375,4483.0,9,1,0,10,4310.0,380.0,10,10,0,True
2025-06-29 14:45:00,VIC1,4479.0,4407.9375,4483.0,9,1,0,10,4310.0,380.0,10,10,0,True
2025-06-29 14:50:00,VIC1,4481.0,4493.125,4483.0,9,1,0,10,4310.0,380.0,10,10,0,True
2025-06-29 14:55:00,VIC1,4483.0,4470.375,4483.0,9,1,0,10,4310.0,380.0,10,10,0,True
2025-06-29 15:00:00,VIC1,4483.0,4498.15625,4483.0,9,1,0,10,4310.0,380.0,10,10,0,True
2025-06-29 15:05:00,VIC1,4483.0,4460.90625,4483.0,9,1,0,10,4310.0,380.0,10,10,0,True
2025-06-29 15:10:00,VIC1,4483.0,4501.21875,4483.0,9,1,0,10,4310.0,380.0,10,10,0,True
2025-06-29 15:15:00,VIC1,4483.0,4504.53125,4483.0,9,1,0,10,4310.0,380.0,10,10,0,True
2025-06-29 15:20:00,VIC1,4483.0,4480.9375,4483.0,9,1,0,10,4310.0,380.0,10,10,0,True
2025-06-29 15:25:00,VIC1,4483.0,4493.21875,4483.0,9,1,0,10,4310.0,380.0,10,10,0,True
2025-06-29 15:30:00,VIC1,4483.0,4505.875,4483.0,9,1,0,10,4310.0,380.0,10,10,0,True
2025-06-29 15:35:00,VIC1,4483.0,4471.375,4483.0,9,1,0,10,4310.0,380.0,10,10,0,True
2025-06-29 15:40:00,VIC1,4483.0,4498.3125,4483.0,9,1,0,10,4310.0,380.0,10,10,0,True
2025-06-29 15:45:00,VIC1,4483.0,4504.875,4483.0,9,1,0,10,4310.0,380.0,10,10,0,True
2025-06-29 15:50:00,VIC1,4483.0,4470.09375,4483.0,9,1,0,10,4310.0,380.0,10,10,0,True
2025-06-29 15:55:00,VIC1,4481.0,4460.46875,4483.0,9,1,0,10,4310.0,380.0,10,10,0,True
2025-06-29 16:00:00,VIC1,4481.0,4460.625,4483.0,9,1,0,10,4310.0,380.0,10,10,0,True
2025-07-06 20:45:00,VIC1,4483.0,4472.1875,4483.0,9,1,0,10,4310.0,380.0,10,10,0,True
2025-07-06 20:50:00,VIC1,4483.0,4470.8125,4483.0,9,1,0,10,4310.0,380.0,10,10,0,True
2025-07-06 20:55:00,VIC1,4483.0,4453.15625,4483.0,9,1,0,10,4310.0,380.0,10,10,0,True
2025-07-06 21:00:00,VIC1,4481.0,4490.1875,4481.0,9,1,0,10,4310.0,380.0,10,10,0,True
2025-07-06 21:05:00,VIC1,4479.0,4465.9375,4479.0,9,1,0,10,4310.0,380.0,10,10,0,True
2025-07-06 21:10:00,VIC1,4479.0,4480.84375,4479.0,9,1,0,10,4310.0,380.0,10,10,0,True
2025-07-06 21:15:00,VIC1,4477.0,4463.78125,4479.0,9,1,0,10,4310.0,380.0,10,10,0,True
2025-07-06 21:20:00,VIC1,4477.0,4470.65625,4479.0,9,1,0,10,4310.0,380.0,10,10,0,True
2025-07-06 21:25:00,VIC1,4477.0,4462.0,4479.0,9,1,0,10,4310.0,380.0,10,10,0,True
2025-07-06 21:30:00,VIC1,4479.0,4472.5625,4479.0,9,1,0,10,4310.0,380.0,10,10,0,True
2025-07-06 21:35:00,VIC1,4479.0,4473.1875,4479.0,9,1,0,10,4310.0,380.0,10,10,0,True
2025-07-06 21:40:00,VIC1,4479.0,4456.5,4479.0,9,1,0,10,4310.0,380.0,10,10,0,True
2025-07-06 21:45:00,VIC1,4479.0,4450.5625,4479.0,9,1,0,10,4310.0,380.0,10,10,0,True
2025-07-06 21:50:00,VIC1,4479.0,4454.0625,4479.0,9,1,0,10,4310.0,380.0,10,10,0,True
2025-07-06 21:55:00,VIC1,4479.0,4464.34375,4479.0,9,1,0,10,4310.0,380.0,10,10,0,True
2025-07-06 22:00:00,VIC1,4479.0,4497.5,4479.0,9,1,0,10,4310.0,380.0,10,10,0,True
2025-07-06 22:05:00,VIC1,4479.0,4464.15625,4479.0,9,1,0,10,4310.0,380.0,10,10,0,True
2025-07-06 22:10:00,VIC1,4479.0,4462.96875,4479.0,9,1,0,10,4310.0,380.0,10,10,0,True
2025-07-06 22:15:00,VIC1,4479.0,4496.59375,4479.0,9,1,0,10,4310.0,380.0,10,10,0,True
2025-07-06 22:20:00,VIC1,4479.0,4464.0,4479.0,9,1,0,10,4310.0,380.0,10,10,0,True
2025-07-06 22:25:00,VIC1,4479.0,4487.53125,4479.0,9,1,0,10,4310.0,380.0,10,10,0,True
2025-07-06 22:30:00,VIC1,4479.0,4461.71875,4479.0,9,1,0,10,4310.0,380.0,10,10,0,True
2025-07-06 22:35:00,VIC1,4479.0,4473.9375,4479.0,9,1,0,10,4310.0,380.0,10,10,0,True
2025-07-06 22:40:00,VIC1,4479.0,4493.0625,4479.0,9,1,0,10,4310.0,380.0,10,10,0,True
2025-07-06 22:45:00,VIC1,4479.0,4480.6875,4479.0,9,1,0,10,4310.0,380.0,10,10,0,True
2025-07-06 22:50:00,VIC1,4479.0,4497.96875,4479.0,9,1,0,10,4310.0,380.0,10,10,0,True
2025-07-06 22:55:00,VIC1,4479.0,4475.96875,4479.0,9,1,0,10,4310.0,380.0,10,10,0,True
2025-07-06 23:00:00,VIC1,4479.0,4501.34375,4479.0,9,1,0,10,4310.0,380.0,10,10,0,True
2025-07-06 23:05:00,VIC1,4479.0,4482.875,4479.0,9,1,0,10,4310.0,380.0,10,10,0,True
2025-07-06 23:10:00,VIC1,4479.0,4501.5625,4479.0,9,1,0,10,4310.0,380.0,10,10,0,True
2025-07-06 23:15:00,VIC1,4479.0,4460.4375,4479.0,9,1,0,10,4310.0,380.0,10,10,0,True
2025-07-06 23:20:00,VIC1,4479.0,4474.90625,4479.0,9,1,0,10,4310.0,380.0,10,10,0,True
2025-07-06 23:25:00,VIC1,4479.0,4477.78125,4479.0,9,1,0,10,4310.0,380.0,10,10,0,True
2025-07-06 23:30:00,VIC1,4479.0,4498.84375,4479.0,9,1,0,10,4310.0,380.0,10,10,0,True
2025-07-06 23:35:00,VIC1,4479.0,4495.28125,4479.0,9,1,0,10,4310.0,380.0,10,10,0,True
2025-07-06 23:40:00,VIC1,4479.0,4477.15625,4479.0,9,1,0,10,4310.0,380.0,10,10,0,True
2025-07-06 23:45:00,VIC1,4479.0,4485.0625,4479.0,9,1,0,10,4310.0,380.0,10,10,0,True
2025-07-06 23:50:00,VIC1,4479.0,4483.46875,4479.0,9,1,0,10,4310.0,380.0,10,10,0,True
2025-07-06 23:55:00,VIC1,4479.0,4476.75,4479.0,9,1,0,10,4310.0,380.0,10,10,0,True
2025-07-07 00:00:00,VIC1,4479.0,4485.5625,4479.0,9,1,0,10,4310.0,380.0,10,10,0,True
2025-07-07 00:05:00,VIC1,4479.0,4495.1875,4479.0,9,1,0,10,4310.0,380.0,10,10,0,True
2025-07-07 00:10:00,VIC1,4479.0,4497.21875,4479.0,9,1,0,10,4310.0,380.0,10,10,0,True
2025-07-07 00:15:00,VIC1,4479.0,4463.90625,4479.0,9,1,0,10,4310.0,380.0,10,10,0,True
2025-07-07 00:20:00,VIC1,4479.0,4490.5,4479.0,9,1,0,10,4310.0,380.0,10,10,0,True
2025-07-07 00:25:00,VIC1,4479.0,4483.71875,4479.0,9,1,0,10,4310.0,380.0,10,10,0,True
2025-07-07 00:30:00,VIC1,4479.0,4486.71875,4479.0,9,1,0,10,4310.0,380.0,10,10,0,True
2025-07-07 00:35:00,VIC1,4479.0,4460.75,4479.0,9,1,0,10,4310.0,380.0,10,10,0,True
2025-07-07 00:40:00,VIC1,4479.0,4498.625,4479.0,9,1,0,10,4310.0,380.0,10,10,0,True
2025-07-07 00:45:00,VIC1,4479.0,4466.0,4479.0,9,1,0,10,4310.0,380.0,10,10,0,True
2025-07-19 12:00:00,VIC1,2345.0,2332.9375,4468.0,9,1,0,10,4330.0,360.0,10,10,0,True
2025-07-19 12:05:00,VIC1,2349.375,2372.59375,4468.0,9,1,0,10,4330.0,360.0,10,10,0,True
2025-07-19 12:10:00,VIC1,2345.0,2324.65625,4468.0,9,1,0,10,4330.0,360.0,10,10,0,True
2025-07-19 12:15:00,VIC1,2345.0,2328.375,4468.0,9,1,0,10,4330.0,360.0,10,10,0,True
2025-07-19 12:20:00,VIC1,2345.0,2342.71875,4468.0,9,1,0,10,4330.0,360.0,10,10,0,True
2025-07-19 12:25:00,VIC1,2346.375,2355.03125,4468.0,9,1,0,10,4330.0,360.0,10,10,0,True
2025-07-19 12:30:00,VIC1,2345.0,2321.3125,4468.0,9,1,0,10,4330.0,360.0,10,10,0,True
2025-07-19 12:35:00,VIC1,2345.0,2333.1875,4468.0,9,1,0,10,4330.0,360.0,10,10,0,True
2025-07-19 12:40:00,VIC1,2345.625,2377.65625,4468.0,9,1,0,10,4330.0,360.0,10,10,0,True
2025-07-19 12:45:00,VIC1,2346.0,2381.875,4468.0,9,1,0,10,4330.0,360.0,10,10,0,True
2025-07-19 12:50:00,VIC1,2346.75,2345.40625,4468.0,9,1,0,10,4330.0,360.0,10,10,0,True
2025-07-19 12:55:00,VIC1,2346.375,2379.46875,4468.0,9,1,0,10,4330.0,360.0,10,10,0,True
2025-07-19 13:00:00,VIC1,2345.0,2335.0,4468.0,9,1,0,10,4330.0,360.0,10,10,0,True
2025-07-19 13:05:00,VIC1,2346.75,2375.875,4468.0,9,1,0,10,4330.0,360.0,10,10,0,True
2025-07-19 13:10:00,VIC1,2346.375,2360.03125,4468.0,9,1,0,10,4330.0,360.0,10,10,0,True
2025-07-19 13:15:00,VIC1,2346.0,2357.8125,4468.0,9,1,0,10,4330.0,360.0,10,10,0,True
2025-07-19 13:20:00,VIC1,2346.75,2376.0,4468.0,9,1,0,10,4330.0,360.0,10,10,0,True
2025-07-19 13:25:00,VIC1,2354.375,2359.71875,4468.0,9,1,0,10,4330.0,360.0,10,10,0,True
2025-07-19 13:30:00,VIC1,2346.0,2363.09375,4468.0,9,1,0,10,4330.0,360.0,10,10,0,True
2025-07-19 13:35:00,VIC1,2345.625,2360.875,4468.0,9,1,0,10,4330.0,360.0,10,10,0,True
2025-07-19 13:40:00,VIC1,2346.75,2373.78125,4468.0,9,1,0,10,4330.0,360.0,10,10,0,True
2025-07-19 13:45:00,VIC1,2346.375,2352.90625,4468.0,9,1,0,10,4330.0,360.0,10,10,0,True
2025-07-19 13:50:00,VIC1,2346.75,2385.78125,4468.0,9,1,0,10,4330.0,360.0,10,10,0,True
2025-07-19 13:55:00,VIC1,2345.0,2338.3125,4468.0,9,1,0,10,4330.0,360.0,10,10,0,True
2025-07-19 14:00:00,VIC1,2346.0,2352.5625,4468.0,9,1,0,10,4330.0,360.0,10,10,0,True
2025-07-19 14:05:00,VIC1,2346.75,2372.4375,4468.0,9,1,0,10,4330.0,360.0,10,10,0,True
2025-07-19 14:10:00,VIC1,2346.75,2393.8125,4468.0,9,1,0,10,4330.0,360.0,10,10,0,True
2025-07-19 14:15:00,VIC1,2345.0,2308.875,4468.0,9,1,0,10,4330.0,360.0,10,10,0,True
2025-07-19 14:20:00,VIC1,2346.0,2405.875,4468.0,9,1,0,10,4330.0,360.0,10,10,0,True
2025-07-19 14:25:00,VIC1,2347.125,2364.78125,4468.0,9,1,0,10,4330.0,360.0,10,10,0,True
2025-07-19 14:30:00,VIC1,2346.375,2439.0,4468.0,9,1,0,10,4330.0,360.0,10,10,0,True
2025-07-19 14:35:00,VIC1,2345.0,2326.125,4468.0,9,1,0,10,4330.0,360.0,10,10,0,True
2025-07-19 14:40:00,VIC1,2346.0,2385.375,4468.0,9,1,0,10,4330.0,360.0,10,10,0,True
2025-07-19 14:45:00,VIC1,2346.75,2382.5625,4468.0,9,1,0,10,4330.0,360.0,10,10,0,True
2025-07-19 14:50:00,VIC1,2346.75,2383.375,4468.0,9,1,0,10,4330.0,360.0,10,10,0,True
2025-07-19 14:55:00,VIC1,2346.0,2424.53125,4468.0,9,1,0,10,4330.0,360.0,10,10,0,True
2025-07-19 15:00:00,VIC1,2349.625,2375.21875,4468.0,9,1,0,10,4330.0,360.0,10,10,0,True
2025-07-19 15:05:00,VIC1,2389.6875,2345.28125,4468.0,9,1,0,10,4330.0,360.0,10,10,0,True
2025-07-19 15:10:00,VIC1,2418.59375,2367.6875,4468.0,9,1,0,10,4330.0,360.0,10,10,0,True
2025-07-19 15:15:00,VIC1,2451.84375,2422.09375,4468.0,9,1,0,10,4330.0,360.0,10,10,0,True
2025-07-19 15:20:00,VIC1,2610.53125,2450.9375,4468.0,9,1,0,10,4330.0,360.0,10,10,0,True
2025-07-19 15:25:00,VIC1,2724.375,2592.875,4468.0,9,1,0,10,4330.0,360.0,10,10,0,True
2025-07-19 15:30:00,VIC1,2792.3125,2718.5625,4468.0,9,1,0,10,4330.0,360.0,10,10,0,True
2025-07-19 15:35:00,VIC1,2950.28125,2815.625,4468.0,9,1,0,10,4330.0,360.0,10,10,0,True
2025-07-19 15:40:00,VIC1,3035.25,2931.25,4468.0,9,1,0,10,4330.0,360.0,10,10,0,True
2025-07-19 15:45:00,VIC1,3292.5625,3057.875,4468.0,9,1,0,10,4330.0,360.0,10,10,0,True
2025-07-19 15:50:00,VIC1,3259.0625,3223.15625,4468.0,9,1,0,10,4330.0,360.0,10,10,0,True
2025-07-19 15:55:00,VIC1,3391.8125,3333.5625,4468.0,9,1,0,10,4330.0,360.0,10,10,0,True
2025-07-19 16:00:00,VIC1,3615.21875,3392.46875,4468.0,9,1,0,10,4330.0,360.0,10,10,0,True
2025-07-20 13:00:00,VIC1,2880.0,2916.375,4522.0,9,1,0,10,4330.0,360.0,10,10,0,True
2025-07-20 13:05:00,VIC1,2880.0,2864.75,4522.0,9,1,0,10,4330.0,360.0,10,10,0,True
2025-07-20 13:10:00,VIC1,2880.0,2869.21875,4522.0,9,1,0,10,4330.0,360.0,10,10,0,True
2025-07-20 13:15:00,VIC1,2899.6227,2897.375,4522.0,9,1,0,10,4330.0,360.0,10,10,0,True
2025-07-20 13:20:00,VIC1,2880.0,2909.4375,4522.0,9,1,0,10,4330.0,360.0,10,10,0,True
2025-07-20 13:25:00,VIC1,2880.0,2929.71875,4522.0,9,1,0,10,4330.0,360.0,10,10,0,True
2025-07-20 13:30:00,VIC1,2880.0,2865.65625,4522.0,9,1,0,10,4330.0,360.0,10,10,0,True
2025-07-20 13:35:00,VIC1,2906.71296,2886.0,4522.0,9,1,0,10,4330.0,360.0,10,10,0,True
2025-07-20 13:40:00,VIC1,2976.33446,2926.375,4522.0,9,1,0,10,4330.0,360.0,10,10,0,True
2025-07-20 13:45:00,VIC1,3156.58543,3045.34375,4522.0,9,1,0,10,4330.0,360.0,10,10,0,True
2025-07-20 13:50:00,VIC1,3040.0,3094.09375,4522.0,9,1,0,10,4330.0,360.0,10,10,0,True
2025-07-20 13:55:00,VIC1,3117.53129,3070.0,4522.0,9,1,0,10,4330.0,360.0,10,10,0,True
2025-07-20 14:00:00,VIC1,3148.86596,3119.71875,4522.0,9,1,0,10,4330.0,360.0,10,10,0,True
2025-07-20 14:05:00,VIC1,3114.32248,3134.4375,4522.0,9,1,0,10,4330.0,360.0,10,10,0,True
2025-07-20 14:10:00,VIC1,3012.31438,3090.59375,4522.0,9,1,0,10,4330.0,360.0,10,10,0,True
2025-07-20 14:15:00,VIC1,3127.0,3021.84375,4522.0,9,1,0,10,4330.0,360.0,10,10,0,True
2025-07-20 14:20:00,VIC1,3080.6643400000003,3094.03125,4522.0,9,1,0,10,4330.0,360.0,10,10,0,True
2025-07-20 14:25:00,VIC1,3191.1955,3092.1875,4522.0,9,1,0,10,4330.0,360.0,10,10,0,True
2025-07-20 14:30:00,VIC1,3262.6513800000002,3158.65625,4522.0,9,1,0,10,4330.0,360.0,10,10,0,True
2025-07-20 14:35:00,VIC1,3342.84375,3246.3125,4522.0,9,1,0,10,4330.0,360.0,10,10,0,True
2025-07-20 14:40:00,VIC1,3382.40116,3359.40625,4522.0,9,1,0,10,4330.0,360.0,10,10,0,True
2025-07-20 14:45:00,VIC1,3509.75,3401.125,4522.0,9,1,0,10,4330.0,360.0,10,10,0,True
2025-07-20 14:50:00,VIC1,3749.03125,3516.1875,4522.0,9,1,0,10,4330.0,360.0,10,10,0,True
2025-07-20 14:55:00,VIC1,3804.5991599999998,3667.4375,4522.0,9,1,0,10,4330.0,360.0,10,10,0,True
2025-07-20 15:00:00,VIC1,3964.6999,3844.8125,4522.0,9,1,0,10,4330.0,360.0,10,10,0,True
2025-07-20 15:05:00,VIC1,3868.56787,3935.28125,4522.0,9,1,0,10,4330.0,360.0,10,10,0,True
2025-07-20 15:10:00,VIC1,4120.09375,3912.71875,4522.0,9,1,0,10,4330.0,360.0,10,10,0,True
2025-07-20 15:15:00,VIC1,4202.96875,4054.84375,4522.0,9,1,0,10,4330.0,360.0,10,10,0,True
2025-07-20 15:20:00,VIC1,4297.83059,4194.78125,4522.0,9,1,0,10,4330.0,360.0,10,10,0,True
2025-07-20 15:25:00,VIC1,4371.5625,4255.8125,4522.0,9,1,0,10,4330.0,360.0,10,10,0,True
2025-07-20 15:30:00,VIC1,4469.0,4395.78125,4522.0,9,1,0,10,4330.0,360.0,10,10,0,True
2025-07-20 15:35:00,VIC1,4493.0,4478.75,4522.0,9,1,0,10,4330.0,360.0,10,10,0,True
2025-07-20 15:40:00,VIC1,4501.0,4518.03125,4522.0,9,1,0,10,4330.0,360.0,10,10,0,True
2025-07-20 15:45:00,VIC1,4501.0,4481.1875,4522.0,9,1,0,10,4330.0,360.0,10,10,0,True
2025-07-20 15:50:00,VIC1,4501.0,4512.5625,4522.0,9,1,0,10,4330.0,360.0,10,10,0,True
2025-07-20 15:55:00,VIC1,4501.0,4514.78125,4522.0,9,1,0,10,4330.0,360.0,10,10,0,True
2025-07-20 16:00:00,VIC1,4522.0,4540.46875,4522.0,9,1,0,10,4330.0,360.0,10,10,0,True
2025-07-20 16:05:00,VIC1,4495.0,4526.71875,4516.0,9,1,0,10,4330.0,360.0,10,10,0,True
2025-07-20 16:10:00,VIC1,4495.0,4463.9375,4516.0,9,1,0,10,4330.0,360.0,10,10,0,True
2025-07-20 16:15:00,VIC1,4516.0,4531.625,4516.0,9,1,0,10,4330.0,360.0,10,10,0,True
2025-07-20 16:20:00,VIC1,4516.0,4536.0625,4516.0,9,1,0,10,4330.0,360.0,10,10,0,True
2025-07-20 16:25:00,VIC1,4516.0,4503.25,4516.0,9,1,0,10,4330.0,360.0,10,10,0,True
2025-07-20 16:30:00,VIC1,4516.0,4504.8125,4516.0,9,1,0,10,4330.0,360.0,10,10,0,True
2025-07-20 16:35:00,VIC1,4514.0,4504.09375,4514.0,9,1,0,10,4330.0,360.0,10,10,0,True
2025-07-20 16:40:00,VIC1,4514.0,4501.90625,4514.0,9,1,0,10,4330.0,360.0,10,10,0,True
2025-07-20 16:45:00,VIC1,4514.0,4507.375,4514.0,9,1,0,10,4330.0,360.0,10,10,0,True
2025-07-20 16:50:00,VIC1,4514.0,4516.75,4514.0,9,1,0,10,4330.0,360.0,10,10,0,True
2025-07-20 16:55:00,VIC1,4514.0,4512.40625,4514.0,9,1,0,10,4330.0,360.0,10,10,0,True
2025-07-20 17:00:00,VIC1,4514.0,4496.46875,4514.0,9,1,0,10,4330.0,360.0,10,10,0,True
2025-07-26 21:00:00,VIC1,4819.0,4835.59375,4819.0,10,0,0,10,4690.0,0.0,10,10,0,True
2025-07-26 21:05:00,VIC1,4817.0,4794.15625,4819.0,10,0,0,10,4690.0,0.0,10,10,0,True
2025-07-26 21:10:00,VIC1,4815.0,4802.5,4815.0,10,0,0,10,4690.0,0.0,10,10,0,True
2025-07-26 21:15:00,VIC1,4815.0,4814.625,4815.0,10,0,0,10,4690.0,0.0,10,10,0,True
2025-07-26 21:20:00,VIC1,4815.0,4814.1875,4815.0,10,0,0,10,4690.0,0.0,10,10,0,True
2025-07-26 21:25:00,VIC1,4815.0,4816.25,4815.0,10,0,0,10,4690.0,0.0,10,10,0,True
2025-07-26 21:30:00,VIC1,4815.0,4805.0625,4815.0,10,0,0,10,4690.0,0.0,10,10,0,True
2025-07-26 21:35:00,VIC1,4815.0,4813.34375,4815.0,10,0,0,10,4690.0,0.0,10,10,0,True
2025-07-26 21:40:00,VIC1,4815.0,4825.25,4815.0,10,0,0,10,4690.0,0.0,10,10,0,True
2025-07-26 21:45:00,VIC1,4815.0,4815.0625,4815.0,10,0,0,10,4690.0,0.0,10,10,0,True
2025-07-26 21:50:00,VIC1,4815.0,4808.03125,4815.0,10,0,0,10,4690.0,0.0,10,10,0,True
2025-07-26 21:55:00,VIC1,4815.0,4799.8125,4815.0,10,0,0,10,4690.0,0.0,10,10,0,True
2025-07-26 22:00:00,VIC1,4815.0,4799.6875,4815.0,10,0,0,10,4690.0,0.0,10,10,0,True
2025-07-26 22:05:00,VIC1,4815.0,4782.125,4815.0,10,0,0,10,4690.0,0.0,10,10,0,True
2025-07-26 22:10:00,VIC1,4815.0,4826.875,4815.0,10,0,0,10,4690.0,0.0,10,10,0,True
2025-07-26 22:15:00,VIC1,4815.0,4804.875,4815.0,10,0,0,10,4690.0,0.0,10,10,0,True
2025-07-26 22:20:00,VIC1,4815.0,4790.09375,4815.0,10,0,0,10,4690.0,0.0,10,10,0,True
2025-07-26 22:25:00,VIC1,4815.0,4797.59375,4815.0,10,0,0,10,4690.0,0.0,10,10,0,True
2025-07-26 22:30:00,VIC1,4815.0,4830.5625,4815.0,10,0,0,10,4690.0,0.0,10,10,0,True
2025-07-26 22:35:00,VIC1,4815.0,4795.875,4815.0,10,0,0,10,4690.0,0.0,10,10,0,True
2025-07-26 22:40:00,VIC1,4815.0,4798.34375,4815.0,10,0,0,10,4690.0,0.0,10,10,0,True
2025-07-26 22:45:00,VIC1,4815.0,4771.84375,4815.0,10,0,0,10,4690.0,0.0,10,10,0,True
2025-07-26 22:50:00,VIC1,4815.0,4814.15625,4815.0,10,0,0,10,4690.0,0.0,10,10,0,True
2025-07-26 22:55:00,VIC1,4815.0,4802.84375,4815.0,10,0,0,10,4690.0,0.0,10,10,0,True
2025-07-26 23:00:00,VIC1,4815.0,4786.40625,4815.0,10,0,0,10,4690.0,0.0,10,10,0,True
2025-07-26 23:05:00,VIC1,4815.0,4826.25,4815.0,10,0,0,10,4690.0,0.0,10,10,0,True
2025-07-26 23:10:00,VIC1,4815.0,4815.625,4815.0,10,0,0,10,4690.0,0.0,10,10,0,True
2025-07-26 23:15:00,VIC1,4815.0,4824.53125,4815.0,10,0,0,10,4690.0,0.0,10,10,0,True
2025-07-26 23:20:00,VIC1,4815.0,4790.0,4815.0,10,0,0,10,4690.0,0.0,10,10,0,True
2025-07-26 23:25:00,VIC1,4815.0,4799.5625,4815.0,10,0,0,10,4690.0,0.0,10,10,0,True
2025-07-26 23:30:00,VIC1,4815.0,4826.8125,4815.0,10,0,0,10,4690.0,0.0,10,10,0,True
2025-07-26 23:35:00,VIC1,4815.0,4814.875,4815.0,10,0,0,10,4690.0,0.0,10,10,0,True
2025-07-26 23:40:00,VIC1,4815.0,4820.15625,4815.0,10,0,0,10,4690.0,0.0,10,10,0,True
2025-07-26 23:45:00,VIC1,4815.0,4809.875,4815.0,10,0,0,10,4690.0,0.0,10,10,0,True
2025-07-26 23:50:00,VIC1,4815.0,4785.59375,4815.0,10,0,0,10,4690.0,0.0,10,10,0,True
2025-07-26 23:55:00,VIC1,4815.0,4799.78125,4815.0,10,0,0,10,4690.0,0.0,10,10,0,True
2025-07-27 00:00:00,VIC1,4815.0,4818.0,4815.0,10,0,0,10,4690.0,0.0,10,10,0,True
2025-07-27 00:05:00,VIC1,4815.0,4777.65625,4815.0,10,0,0,10,4690.0,0.0,10,10,0,True
2025-07-27 00:10:00,VIC1,4815.0,4827.84375,4815.0,10,0,0,10,4690.0,0.0,10,10,0,True
2025-07-27 00:15:00,VIC1,4815.0,4814.1875,4815.0,10,0,0,10,4690.0,0.0,10,10,0,True
2025-07-27 00:20:00,VIC1,4815.0,4828.25,4815.0,10,0,0,10,4690.0,0.0,10,10,0,True
2025-07-27 00:25:00,VIC1,4815.0,4843.03125,4815.0,10,0,0,10,4690.0,0.0,10,10,0,True
2025-07-27 00:30:00,VIC1,4815.0,4812.5625,4815.0,10,0,0,10,4690.0,0.0,10,10,0,True
2025-07-27 00:35:00,VIC1,4815.0,4794.875,4815.0,10,0,0,10,4690.0,0.0,10,10,0,True
2025-07-27 00:40:00,VIC1,4815.0,4824.0625,4815.0,10,0,0,10,4690.0,0.0,10,10,0,True
2025-07-27 00:45:00,VIC1,4815.0,4807.5,4815.0,10,0,0,10,4690.0,0.0,10,10,0,True
2025-07-27 00:50:00,VIC1,4815.0,4814.9375,4815.0,10,0,0,10,4690.0,0.0,10,10,0,True
2025-07-27 00:55:00,VIC1,4815.0,4834.96875,4815.0,10,0,0,10,4690.0,0.0,10,10,0,True
2025-07-27 01:00:00,VIC1,4815.0,4818.375,4815.0,10,0,0,10,4690.0,0.0,10,10,0,True
2025-08-01 08:00:00,VIC1,4856.0,4830.84375,4856.0,10,0,0,10,4690.0,0.0,10,10,0,True
2025-08-01 08:05:00,VIC1,4856.0,4863.90625,4856.0,10,0,0,10,4690.0,0.0,10,10,0,True
2025-08-01 08:10:00,VIC1,4856.0,4860.28125,4856.0,10,0,0,10,4690.0,0.0,10,10,0,True
2025-08-01 08:15:00,VIC1,4856.0,4862.46875,4856.0,10,0,0,10,4690.0,0.0,10,10,0,True
2025-08-01 08:20:00,VIC1,4856.0,4835.59375,4856.0,10,0,0,10,4690.0,0.0,10,10,0,True
2025-08-01 08:25:00,VIC1,4856.0,4839.71875,4856.0,10,0,0,10,4690.0,0.0,10,10,0,True
2025-08-01 08:30:00,VIC1,4856.0,4859.03125,4856.0,10,0,0,10,4690.0,0.0,10,10,0,True
2025-08-01 08:35:00,VIC1,4856.0,4866.125,4856.0,10,0,0,10,4690.0,0.0,10,10,0,True
2025-08-01 08:40:00,VIC1,4856.0,4868.21875,4856.0,10,0,0,10,4690.0,0.0,10,10,0,True
2025-08-01 08:45:00,VIC1,4856.0,4869.53125,4856.0,10,0,0,10,4690.0,0.0,10,10,0,True
2025-08-01 08:50:00,VIC1,4856.0,4829.96875,4856.0,10,0,0,10,4690.0,0.0,10,10,0,True
2025-08-01 08:55:00,VIC1,4856.0,4840.03125,4856.0,10,0,0,10,4690.0,0.0,10,10,0,True
2025-08-01 09:00:00,VIC1,4856.0,4843.4375,4856.0,10,0,0,10,4690.0,0.0,10,10,0,True
2025-08-01 09:05:00,VIC1,4856.0,4821.90625,4856.0,10,0,0,10,4690.0,0.0,10,10,0,True
2025-08-01 09:10:00,VIC1,4856.0,4824.875,4856.0,10,0,0,10,4690.0,0.0,10,10,0,True
2025-08-01 09:15:00,VIC1,4858.0,4821.1875,4862.0,10,0,0,10,4690.0,0.0,10,10,0,True
2025-08-01 09:20:00,VIC1,4858.0,4831.84375,4862.0,10,0,0,10,4690.0,0.0,10,10,0,True
2025-08-01 09:25:00,VIC1,4858.0,4841.0,4862.0,10,0,0,10,4690.0,0.0,10,10,0,True
2025-08-01 09:30:00,VIC1,4862.0,4843.4375,4862.0,10,0,0,10,4690.0,0.0,10,10,0,True
2025-08-01 09:35:00,VIC1,4862.0,4871.875,4862.0,10,0,0,10,4690.0,0.0,10,10,0,True
2025-08-01 09:40:00,VIC1,4862.0,4860.71875,4862.0,10,0,0,10,4690.0,0.0,10,10,0,True
2025-08-01 09:45:00,VIC1,4862.0,4863.46875,4862.0,10,0,0,10,4690.0,0.0,10,10,0,True
2025-08-01 09:50:00,VIC1,4862.0,4839.34375,4862.0,10,0,0,10,4690.0,0.0,10,10,0,True
2025-08-01 09:55:00,VIC1,4862.0,4855.6875,4862.0,10,0,0,10,4690.0,0.0,10,10,0,True
2025-08-01 10:00:00,VIC1,4862.0,4863.28125,4862.0,10,0,0,10,4690.0,0.0,10,10,0,True
2025-08-01 10:05:00,VIC1,4862.0,4852.46875,4862.0,10,0,0,10,4690.0,0.0,10,10,0,True
2025-08-01 10:10:00,VIC1,4862.0,4878.03125,4862.0,10,0,0,10,4690.0,0.0,10,10,0,True
2025-08-01 10:15:00,VIC1,4862.0,4832.03125,4862.0,10,0,0,10,4690.0,0.0,10,10,0,True
2025-08-01 10:20:00,VIC1,4862.0,4842.125,4862.0,10,0,0,10,4690.0,0.0,10,10,0,True
2025-08-01 10:25:00,VIC1,4862.0,4832.0,4862.0,10,0,0,10,4690.0,0.0,10,10,0,True
2025-08-01 10:30:00,VIC1,4862.0,4828.21875,4862.0,10,0,0,10,4690.0,0.0,10,10,0,True
2025-08-01 10:35:00,VIC1,4862.0,4827.0625,4862.0,10,0,0,10,4690.0,0.0,10,10,0,True
2025-08-01 10:40:00,VIC1,4862.0,4836.3125,4862.0,10,0,0,10,4690.0,0.0,10,10,0,True
2025-08-01 10:45:00,VIC1,4766.0,4824.9375,4862.0,10,0,0,10,4690.0,0.0,10,10,0,True
2025-08-01 10:50:00,VIC1,4776.7279,4762.8125,4862.0,10,0,0,10,4690.0,0.0,10,10,0,True
2025-08-01 10:55:00,VIC1,4771.6669,4858.1875,4862.0,10,0,0,10,4690.0,0.0,10,10,0,True
2025-08-01 11:00:00,VIC1,4862.0,4780.9375,4862.0,10,0,0,10,4690.0,0.0,10,10,0,True
2025-08-01 11:05:00,VIC1,4860.0,4866.53125,4862.0,10,0,0,10,4690.0,0.0,10,10,0,True
2025-08-01 11:10:00,VIC1,4862.0,4881.4375,4862.0,10,0,0,10,4690.0,0.0,10,10,0,True
2025-08-01 11:15:00,VIC1,4766.0,4817.71875,4862.0,10,0,0,10,4690.0,0.0,10,10,0,True
2025-08-01 11:20:00,VIC1,4766.0,4735.09375,4862.0,10,0,0,10,4690.0,0.0,10,10,0,True
2025-08-01 11:25:00,VIC1,4766.0,4734.875,4862.0,10,0,0,10,4690.0,0.0,10,10,0,True
2025-08-01 11:30:00,VIC1,4766.0,4771.90625,4862.0,10,0,0,10,4690.0,0.0,10,10,0,True
2025-08-01 11:35:00,VIC1,4766.0,4797.15625,4862.0,10,0,0,10,4690.0,0.0,10,10,0,True
2025-08-01 11:40:00,VIC1,4766.0,4764.6875,4862.0,10,0,0,10,4690.0,0.0,10,10,0,True
2025-08-01 11:45:00,VIC1,4766.0,4771.125,4862.0,10,0,0,10,4690.0,0.0,10,10,0,True
2025-08-01 11:50:00,VIC1,4766.0,4802.71875,4862.0,10,0,0,10,4690.0,0.0,10,10,0,True
2025-08-01 11:55:00,VIC1,4766.0,4753.59375,4862.0,10,0,0,10,4690.0,0.0,10,10,0,True
2025-08-01 12:00:00,VIC1,4766.0,4733.90625,4862.0,10,0,0,10,4690.0,0.0,10,10,0,True
2025-08-12 08:10:00,VIC1,3951.0,3932.8125,3951.0,8,2,0,10,3770.0,920.0,10,10,0,True
2025-08-12 08:15:00,VIC1,3949.0,3944.96875,3951.0,8,2,0,10,3770.0,920.0,10,10,0,True
2025-08-12 08:20:00,VIC1,3947.0,3905.46875,3951.0,8,2,0,10,3770.0,920.0,10,10,0,True
2025-08-12 08:25:00,VIC1,3947.0,3921.21875,3951.0,8,2,0,10,3770.0,920.0,10,10,0,True
2025-08-12 08:30:00,VIC1,3947.0,3931.21875,3951.0,8,2,0,10,3770.0,920.0,10,10,0,True
2025-08-12 08:35:00,VIC1,3951.0,3912.125,3951.0,8,2,0,10,3770.0,920.0,10,10,0,True
2025-08-12 08:40:00,VIC1,3951.0,3920.90625,3951.0,8,2,0,10,3770.0,920.0,10,10,0,True
2025-08-12 08:45:00,VIC1,3956.0,3906.9375,3956.0,8,2,0,10,3770.0,920.0,10,10,0,True
2025-08-12 08:50:00,VIC1,3956.0,3946.84375,3956.0,8,2,0,10,3770.0,920.0,10,10,0,True
2025-08-12 08:55:00,VIC1,3956.0,3927.28125,3956.0,8,2,0,10,3770.0,920.0,10,10,0,True
2025-08-12 09:00:00,VIC1,3956.0,3948.84375,3956.0,8,2,0,10,3770.0,920.0,10,10,0,True
2025-08-12 09:05:00,VIC1,3956.0,3938.09375,3956.0,8,2,0,10,3770.0,920.0,10,10,0,True
2025-08-12 09:10:00,VIC1,3956.0,3945.59375,3956.0,8,2,0,10,3770.0,920.0,10,10,0,True
2025-08-12 09:15:00,VIC1,3956.0,3936.9375,3956.0,8,2,0,10,3770.0,920.0,10,10,0,True
2025-08-12 09:20:00,VIC1,3956.0,3943.96875,3956.0,8,2,0,10,3770.0,920.0,10,10,0,True
2025-08-12 09:25:00,VIC1,3956.0,3933.25,3956.0,8,2,0,10,3770.0,920.0,10,10,0,True
2025-08-12 09:30:00,VIC1,3856.125,3937.21875,3956.0,8,2,0,10,3770.0,920.0,10,10,0,True
2025-08-12 09:35:00,VIC1,3956.0,3869.5625,3956.0,8,2,0,10,3770.0,920.0,10,10,0,True
2025-08-12 09:40:00,VIC1,3956.0,3926.21875,3956.0,8,2,0,10,3770.0,920.0,10,10,0,True
2025-08-12 09:45:00,VIC1,3956.0,3964.8125,3956.0,8,2,0,10,3770.0,920.0,10,10,0,True
2025-08-12 09:50:00,VIC1,3898.02266,3941.90625,3956.0,8,2,0,10,3770.0,920.0,10,10,0,True
2025-08-12 09:55:00,VIC1,3856.0,3851.40625,3954.0,8,2,0,10,3770.0,920.0,10,10,0,True
2025-08-12 10:00:00,VIC1,3856.0,3829.59375,3954.0,8,2,0,10,3770.0,920.0,10,10,0,True
2025-08-12 10:05:00,VIC1,3902.78125,3835.875,3954.0,8,2,0,10,3770.0,920.0,10,10,0,True
2025-08-12 10:10:00,VIC1,3856.0,3917.5,3954.0,8,2,0,10,3770.0,920.0,10,10,0,True
2025-08-12 10:15:00,VIC1,3856.0,3851.125,3954.0,8,2,0,10,3770.0,920.0,10,10,0,True
2025-08-12 10:20:00,VIC1,3950.0,3886.125,3954.0,8,2,0,10,3770.0,920.0,10,10,0,True
2025-08-12 10:25:00,VIC1,3894.8073999999997,3945.28125,3954.0,8,2,0,10,3770.0,920.0,10,10,0,True
2025-08-12 10:30:00,VIC1,3950.0,3932.21875,3954.0,8,2,0,10,3770.0,920.0,10,10,0,True
2025-08-12 10:35:00,VIC1,3856.0,3922.1875,3954.0,8,2,0,10,3770.0,920.0,10,10,0,True
2025-08-12 10:40:00,VIC1,3856.0,3893.46875,3954.0,8,2,0,10,3770.0,920.0,10,10,0,True
2025-08-12 10:45:00,VIC1,3856.0,3884.03125,3954.0,8,2,0,10,3770.0,920.0,10,10,0,True
2025-08-12 10:50:00,VIC1,3856.0,3830.6875,3954.0,8,2,0,10,3770.0,920.0,10,10,0,True
2025-08-12 10:55:00,VIC1,3856.0,3895.1875,3954.0,8,2,0,10,3770.0,920.0,10,10,0,True
2025-08-12 11:00:00,VIC1,3856.0,3863.40625,3954.0,8,2,0,10,3770.0,920.0,10,10,0,True
2025-08-12 11:05:00,VIC1,3856.0,3813.4375,3954.0,8,2,0,10,3770.0,920.0,10,10,0,True
2025-08-12 11:10:00,VIC1,3856.0,3941.84375,3954.0,8,2,0,10,3770.0,920.0,10,10,0,True
2025-08-12 11:15:00,VIC1,3856.0,3803.09375,3954.0,8,2,0,10,3770.0,920.0,10,10,0,True
2025-08-12 11:20:00,VIC1,3856.0,3828.4375,3954.0,8,2,0,10,3770.0,920.0,10,10,0,True
2025-08-12 11:25:00,VIC1,3856.0,3877.6875,3954.0,8,2,0,10,3770.0,920.0,10,10,0,True
2025-08-12 11:30:00,VIC1,3840.32886,3831.4375,3954.0,8,2,0,10,3770.0,920.0,10,10,0,True
2025-08-12 11:35:00,VIC1,3856.0,3849.0,3954.0,8,2,0,10,3770.0,920.0,10,10,0,True
2025-08-12 11:40:00,VIC1,3796.0,3849.53125,3954.0,8,2,0,10,3770.0,920.0,10,10,0,True
2025-08-12 11:45:00,VIC1,3796.0,3779.40625,3954.0,8,2,0,10,3770.0,920.0,10,10,0,True
2025-08-12 11:50:00,VIC1,3796.0,3823.78125,3954.0,8,2,0,10,3770.0,920.0,10,10,0,True
2025-08-12 11:55:00,VIC1,3796.0,3751.71875,3954.0,8,2,0,10,3770.0,920.0,10,10,0,True
2025-08-12 12:00:00,VIC1,3796.0,3814.8125,3954.0,8,2,0,10,3770.0,920.0,10,10,0,True
2025-08-12 12:05:00,VIC1,3796.0,3778.84375,3954.0,8,2,0,10,3770.0,920.0,10,10,0,True
2025-08-12 12:10:00,VIC1,3796.0,3827.875,3954.0,8,2,0,10,3770.0,920.0,10,10,0,True
2025-08-31 07:30:00,VIC1,3904.45464,3927.96875,4062.0,8,2,0,10,3950.0,740.0,10,10,0,True
2025-08-31 07:35:00,VIC1,3735.99382,3879.28125,4062.0,8,2,0,10,3950.0,740.0,10,10,0,True
2025-08-31 07:40:00,VIC1,3758.82471,3729.5625,4062.0,8,2,0,10,3950.0,740.0,10,10,0,True
2025-08-31 07:45:00,VIC1,3863.0,3746.5625,4062.0,8,2,0,10,3950.0,740.0,10,10,0,True
2025-08-31 07:50:00,VIC1,3797.80759,3825.75,4068.0,8,2,0,10,3950.0,740.0,10,10,0,True
2025-08-31 07:55:00,VIC1,3668.6891,3775.40625,4068.0,8,2,0,10,3950.0,740.0,10,10,0,True
2025-08-31 08:00:00,VIC1,3666.67275,3668.75,4068.0,8,2,0,10,3950.0,740.0,10,10,0,True
2025-08-31 08:05:00,VIC1,3747.03103,3679.625,4068.0,8,2,0,10,3950.0,740.0,10,10,0,True
2025-08-31 08:10:00,VIC1,3818.0,3729.65625,4068.0,8,2,0,10,3950.0,740.0,10,10,0,True
2025-08-31 08:15:00,VIC1,3741.41556,3812.375,4068.0,8,2,0,10,3950.0,740.0,10,10,0,True
2025-08-31 08:20:00,VIC1,3712.09983,3747.65625,4068.0,8,2,0,10,3950.0,740.0,10,10,0,True
2025-08-31 08:25:00,VIC1,3650.35574,3719.90625,4068.0,8,2,0,10,3950.0,740.0,10,10,0,True
2025-08-31 08:30:00,VIC1,3445.0,3629.8125,4068.0,8,2,0,10,3950.0,740.0,10,10,0,True
2025-08-31 08:35:00,VIC1,3674.8125,3531.0625,4068.0,8,2,0,10,3950.0,740.0,10,10,0,True
2025-08-31 08:40:00,VIC1,3643.6538,3629.71875,4068.0,8,2,0,10,3950.0,740.0,10,10,0,True
2025-08-31 08:45:00,VIC1,3496.8163,3642.53125,4068.0,8,2,0,10,3950.0,740.0,10,10,0,True
2025-08-31 08:50:00,VIC1,3459.86161,3471.3125,4068.0,8,2,0,10,3950.0,740.0,10,10,0,True
2025-08-31 08:55:00,VIC1,3420.7422699999997,3513.90625,4068.0,8,2,0,10,3950.0,740.0,10,10,0,True
2025-08-31 09:00:00,VIC1,3388.2083900000002,3416.375,4068.0,8,2,0,10,3950.0,740.0,10,10,0,True
2025-08-31 09:05:00,VIC1,3460.0977,3351.0625,4068.0,8,2,0,10,3950.0,740.0,10,10,0,True
2025-08-31 09:10:00,VIC1,3609.53125,3496.90625,4068.0,8,2,0,10,3950.0,740.0,10,10,0,True
2025-08-31 09:15:00,VIC1,3469.6875,3548.8125,4068.0,8,2,0,10,3950.0,740.0,10,10,0,True
2025-08-31 09:20:00,VIC1,3397.5625,3495.78125,4068.0,8,2,0,10,3950.0,740.0,10,10,0,True
2025-08-31 09:25:00,VIC1,3290.09375,3389.125,4068.0,8,2,0,10,3950.0,740.0,10,10,0,True
2025-08-31 09:30:00,VIC1,3138.80736,3297.375,4068.0,8,2,0,10,3950.0,740.0,10,10,0,True
2025-08-31 09:35:00,VIC1,3012.09059,3128.03125,4068.0,8,2,0,10,3950.0,740.0,10,10,0,True
2025-08-31 09:40:00,VIC1,2967.25,3025.96875,4068.0,8,2,0,10,3950.0,740.0,10,10,0,True
2025-08-31 09:45:00,VIC1,2986.0625,3000.4375,4068.0,8,2,0,10,3950.0,740.0,10,10,0,True
2025-08-31 09:50:00,VIC1,2859.875,2967.625,4068.0,8,2,0,10,3950.0,740.0,10,10,0,True
2025-08-31 09:55:00,VIC1,2804.125,2899.625,4068.0,8,2,0,10,3950.0,740.0,10,10,0,True
2025-08-31 10:00:00,VIC1,2736.0,2802.15625,4068.0,8,2,0,10,3950.0,740.0,10,10,0,True
2025-08-31 10:05:00,VIC1,2601.5625,2720.875,4068.0,8,2,0,10,3950.0,740.0,10,10,0,True
2025-08-31 10:10:00,VIC1,2612.48692,2632.71875,4068.0,8,2,0,10,3950.0,740.0,10,10,0,True
2025-08-31 10:15:00,VIC1,2563.2499,2636.625,4068.0,8,2,0,10,3950.0,740.0,10,10,0,True
2025-08-31 10:20:00,VIC1,2502.96875,2580.875,4068.0,8,2,0,10,3950.0,740.0,10,10,0,True
2025-08-31 10:25:00,VIC1,2497.55319,2506.5,4068.0,8,2,0,10,3950.0,740.0,10,10,0,True
2025-08-31 10:30:00,VIC1,2436.1875,2493.875,4068.0,8,2,0,10,3950.0,740.0,10,10,0,True
2025-08-31 10:35:00,VIC1,2553.0,2478.875,4068.0,8,2,0,10,3950.0,740.0,10,10,0,True
2025-08-31 10:40:00,VIC1,2460.83054,2546.0625,4068.0,8,2,0,10,3950.0,740.0,10,10,0,True
2025-08-31 10:45:00,VIC1,2404.0,2458.03125,4068.0,8,2,0,10,3950.0,740.0,10,10,0,True
2025-08-31 10:50:00,VIC1,2326.5,2380.59375,4068.0,8,2,0,10,3950.0,740.0,10,10,0,True
2025-08-31 10:55:00,VIC1,2327.71875,2352.15625,4068.0,8,2,0,10,3950.0,740.0,10,10,0,True
2025-08-31 11:00:00,VIC1,2329.0625,2372.4375,4068.0,8,2,0,10,3950.0,740.0,10,10,0,True
2025-08-31 11:05:00,VIC1,2320.0,2326.1875,4068.0,8,2,0,10,3950.0,740.0,10,10,0,True
2025-08-31 11:10:00,VIC1,2367.0045099999998,2350.4375,4068.0,8,2,0,10,3950.0,740.0,10,10,0,True
2025-08-31 11:15:00,VIC1,2320.0,2357.15625,4068.0,8,2,0,10,3950.0,740.0,10,10,0,True
2025-08-31 11:20:00,VIC1,2320.0,2328.03125,4068.0,8,2,0,10,3950.0,740.0,10,10,0,True
2025-08-31 11:25:00,VIC1,2320.0,2324.03125,4068.0,8,2,0,10,3950.0,740.0,10,10,0,True
2025-08-31 11:30:00,VIC1,2320.0,2297.9375,4068.0,8,2,0,10,3950.0,740.0,10,10,0,True
2025-09-05 06:15:00,VIC1,3537.25,3573.875,3528.0,7,3,0,10,3590.0,1100.0,10,10,0,True
2025-09-05 06:20:00,VIC1,3528.0,3559.0,3528.0,7,3,0,10,3590.0,1100.0,10,10,0,True
2025-09-05 06:25:00,VIC1,3528.75,3518.75,3528.0,7,3,0,10,3590.0,1100.0,10,10,0,True
2025-09-05 06:30:00,VIC1,3530.25,3524.03125,3528.0,7,3,0,10,3590.0,1100.0,10,10,0,True
2025-09-05 06:35:00,VIC1,3528.0,3527.4375,3528.0,7,3,0,10,3590.0,1100.0,10,10,0,True
2025-09-05 06:40:00,VIC1,3518.75,3547.3125,3518.0,7,3,0,10,3590.0,1100.0,10,10,0,True
2025-09-05 06:45:00,VIC1,3510.5,3528.375,3508.0,7,3,0,10,3590.0,1100.0,10,10,0,True
2025-09-05 06:50:00,VIC1,3502.40625,3524.875,3498.0,7,3,0,10,3590.0,1100.0,10,10,0,True
2025-09-05 06:55:00,VIC1,3493.78125,3517.6875,3488.0,7,3,0,10,3590.0,1100.0,10,10,0,True
2025-09-05 07:00:00,VIC1,3485.0,3496.8125,3478.0,7,3,0,10,3590.0,1100.0,10,10,0,True
2025-09-05 07:05:00,VIC1,3476.84375,3488.1875,3468.0,7,3,0,10,3590.0,1100.0,10,10,0,True
2025-09-05 07:10:00,VIC1,3467.53125,3493.0625,3458.0,7,3,0,10,3590.0,1100.0,10,10,0,True
2025-09-05 07:15:00,VIC1,3459.5,3494.8125,3448.0,7,3,0,10,3590.0,1100.0,10,10,0,True
2025-09-05 07:20:00,VIC1,3451.25,3474.1875,3438.0,7,3,0,10,3590.0,1100.0,10,10,0,True
2025-09-05 07:25:00,VIC1,3442.625,3443.0,3428.0,7,3,0,10,3590.0,1100.0,10,10,0,True
2025-09-05 07:30:00,VIC1,3434.375,3455.0,3418.0,7,3,0,10,3590.0,1100.0,10,10,0,True
2025-09-05 07:35:00,VIC1,3425.90625,3414.125,3408.0,7,3,0,10,3590.0,1100.0,10,10,0,True
2025-09-05 07:40:00,VIC1,3417.5,3419.8125,3398.0,7,3,0,10,3590.0,1100.0,10,10,0,True
2025-09-05 07:45:00,VIC1,3408.5,3396.6875,3388.0,7,3,0,10,3590.0,1100.0,10,10,0,True
2025-09-05 07:50:00,VIC1,3400.625,3393.84375,3378.0,7,3,0,10,3590.0,1100.0,10,10,0,True
2025-09-05 07:55:00,VIC1,3392.3125,3388.96875,3368.0,7,3,0,10,3590.0,1100.0,10,10,0,True
2025-09-05 08:00:00,VIC1,3383.375,3414.15625,3358.0,7,3,0,10,3590.0,1100.0,10,10,0,True
2025-09-05 08:05:00,VIC1,3374.75,3334.90625,3348.0,7,3,0,10,3590.0,1100.0,10,10,0,True
2025-09-05 08:10:00,VIC1,3366.8125,3365.125,3338.0,7,3,0,10,3590.0,1100.0,10,10,0,True
2025-09-05 08:15:00,VIC1,3358.03125,3388.21875,3328.0,7,3,0,10,3590.0,1100.0,10,10,0,True
2025-09-05 08:20:00,VIC1,3350.0,3373.28125,3318.0,7,3,0,10,3590.0,1100.0,10,10,0,True
2025-09-05 08:25:00,VIC1,3340.25,3342.96875,3308.0,7,3,0,10,3590.0,1100.0,10,10,0,True
2025-09-05 08:30:00,VIC1,3337.0,3325.375,3303.0,7,3,0,10,3590.0,1100.0,10,10,0,True
2025-09-05 08:35:00,VIC1,3260.25399,3325.59375,3298.0,7,3,0,10,3590.0,1100.0,10,10,0,True
2025-09-05 08:40:00,VIC1,3298.29887,3250.15625,3293.0,7,3,0,10,3590.0,1100.0,10,10,0,True
2025-09-05 08:45:00,VIC1,3124.03125,3279.90625,3288.0,7,3,0,10,3590.0,1100.0,10,10,0,True
2025-09-05 08:50:00,VIC1,3180.79802,3197.40625,3283.0,7,3,0,10,3590.0,1100.0,10,10,0,True
2025-09-05 08:55:00,VIC1,3278.83046,3183.34375,3278.0,7,3,0,10,3590.0,1100.0,10,10,0,True
2025-09-05 09:00:00,VIC1,3139.34519,3235.21875,3273.0,7,3,0,10,3590.0,1100.0,10,10,0,True
2025-09-05 09:05:00,VIC1,3266.56786,3211.0625,3268.0,7,3,0,10,3590.0,1100.0,10,10,0,True
2025-09-05 09:10:00,VIC1,3305.4375,3266.56786,3267.0,7,3,0,10,3590.0,1100.0,10,10,0,True
2025-09-05 09:15:00,VIC1,3302.78125,3272.40625,3262.0,7,3,0,10,3590.0,1100.0,10,10,0,True
2025-09-05 09:20:00,VIC1,3301.78125,3309.46875,3257.0,7,3,0,10,3590.0,1100.0,10,10,0,True
2025-09-05 09:25:00,VIC1,3300.21875,3302.125,3252.0,7,3,0,10,3590.0,1100.0,10,10,0,True
2025-09-05 09:30:00,VIC1,3296.53125,3290.9375,3247.0,7,3,0,10,3590.0,1100.0,10,10,0,True
2025-09-05 09:35:00,VIC1,3153.46875,3276.625,3242.0,7,3,0,10,3590.0,1100.0,10,10,0,True
2025-09-05 09:40:00,VIC1,3112.14675,3162.71875,3237.0,7,3,0,10,3590.0,1100.0,10,10,0,True
2025-09-05 09:45:00,VIC1,3063.4375,3111.6875,3232.0,7,3,0,10,3590.0,1100.0,10,10,0,True
2025-09-05 09:50:00,VIC1,3008.06041,3071.6875,3227.0,7,3,0,10,3590.0,1100.0,10,10,0,True
2025-09-05 09:55:00,VIC1,2951.75,3031.65625,3222.0,7,3,0,10,3590.0,1100.0,10,10,0,True
2025-09-05 10:00:00,VIC1,2880.125,2934.34375,3217.0,7,3,0,10,3590.0,1100.0,10,10,0,True
2025-09-05 10:05:00,VIC1,2763.12328,2890.0625,3242.0,7,3,0,10,3590.0,1100.0,10,10,0,True
2025-09-05 10:10:00,VIC1,2678.5786399999997,2748.0625,3237.0,7,3,0,10,3590.0,1100.0,10,10,0,True
2025-09-05 10:15:00,VIC1,2669.0,2724.71875,3282.0,7,3,0,10,3590.0,1100.0,10,10,0,True
2025-09-09 08:00:00,VIC1,3000.0,2962.40625,3000.0,6,4,0,10,3090.0,1600.0,10,10,0,True
2025-09-09 08:05:00,VIC1,3000.0,2973.125,3000.0,6,4,0,10,3090.0,1600.0,10,10,0,True
2025-09-09 08:10:00,VIC1,3029.0,3022.8125,3030.0,6,4,0,10,3090.0,1600.0,10,10,0,True
2025-09-09 08:15:00,VIC1,3030.0,3013.3125,3030.0,6,4,0,10,3090.0,1600.0,10,10,0,True
2025-09-09 08:20:00,VIC1,3030.0,3042.53125,3030.0,6,4,0,10,3090.0,1600.0,10,10,0,True
2025-09-09 08:25:00,VIC1,3030.0,2995.6875,3030.0,6,4,0,10,3090.0,1600.0,10,10,0,True
2025-09-09 08:30:00,VIC1,3030.0,2993.21875,3030.0,6,4,0,10,3090.0,1600.0,10,10,0,True
2025-09-09 08:35:00,VIC1,3030.0,2988.625,3030.0,6,4,0,10,3090.0,1600.0,10,10,0,True
2025-09-09 08:40:00,VIC1,3030.0,3016.15625,3030.0,6,4,0,10,3090.0,1600.0,10,10,0,True
2025-09-09 08:45:00,VIC1,3032.0,3014.125,3032.0,6,4,0,10,3090.0,1600.0,10,10,0,True
2025-09-09 08:50:00,VIC1,3032.0,3042.1875,3032.0,6,4,0,10,3090.0,1600.0,10,10,0,True
2025-09-09 08:55:00,VIC1,3032.0,3016.09375,3032.0,6,4,0,10,3090.0,1600.0,10,10,0,True
2025-09-09 09:00:00,VIC1,3030.0,2994.65625,3032.0,6,4,0,10,3090.0,1600.0,10,10,0,True
2025-09-09 09:05:00,VIC1,3030.0,2990.15625,3032.0,6,4,0,10,3090.0,1600.0,10,10,0,True
2025-09-09 09:10:00,VIC1,3030.0,2998.6875,3032.0,6,4,0,10,3090.0,1600.0,10,10,0,True
2025-09-09 09:15:00,VIC1,3025.3508,2982.53125,3032.0,6,4,0,10,3090.0,1600.0,10,10,0,True
2025-09-09 09:20:00,VIC1,3030.0,2981.75,3032.0,6,4,0,10,3090.0,1600.0,10,10,0,True
2025-09-09 09:25:00,VIC1,2894.0,2974.09375,3032.0,6,4,0,10,3090.0,1600.0,10,10,0,True
2025-09-09 09:30:00,VIC1,2938.35014,2910.28125,3032.0,6,4,0,10,3090.0,1600.0,10,10,0,True
2025-09-09 09:35:00,VIC1,2995.07506,2937.03125,3032.0,6,4,0,10,3090.0,1600.0,10,10,0,True
2025-09-09 09:40:00,VIC1,3032.0,2984.53125,3032.0,6,4,0,10,3090.0,1600.0,10,10,0,True
2025-09-09 09:45:00,VIC1,3032.0,3034.0625,3032.0,6,4,0,10,3090.0,1600.0,10,10,0,True
2025-09-09 09:50:00,VIC1,3032.0,3045.28125,3032.0,6,4,0,10,3090.0,1600.0,10,10,0,True
2025-09-09 09:55:00,VIC1,3032.0,3034.03125,3032.0,6,4,0,10,3090.0,1600.0,10,10,0,True
2025-09-09 10:00:00,VIC1,3032.0,3032.0625,3032.0,6,4,0,10,3090.0,1600.0,10,10,0,True
2025-09-09 10:05:00,VIC1,3032.0,3049.75,3032.0,6,4,0,10,3090.0,1600.0,10,10,0,True
2025-09-09 10:10:00,VIC1,3032.0,3061.15625,3032.0,6,4,0,10,3090.0,1600.0,10,10,0,True
2025-09-09 10:15:00,VIC1,3032.0,3049.9375,3032.0,6,4,0,10,3090.0,1600.0,10,10,0,True
2025-09-09 10:20:00,VIC1,3032.0,3029.71875,3032.0,6,4,0,10,3090.0,1600.0,10,10,0,True
2025-09-09 10:25:00,VIC1,3032.0,3053.125,3032.0,6,4,0,10,3090.0,1600.0,10,10,0,True
2025-09-09 10:30:00,VIC1,3032.0,3017.1875,3032.0,6,4,0,10,3090.0,1600.0,10,10,0,True
2025-09-09 10:35:00,VIC1,2952.0,3001.4375,3032.0,6,4,0,10,3090.0,1600.0,10,10,0,True
2025-09-09 10:40:00,VIC1,2952.0,2925.75,3032.0,6,4,0,10,3090.0,1600.0,10,10,0,True
2025-09-09 10:45:00,VIC1,2956.0,2895.96875,3032.0,6,4,0,10,3090.0,1600.0,10,10,0,True
2025-09-09 10:50:00,VIC1,3032.0,2967.90625,3032.0,6,4,0,10,3090.0,1600.0,10,10,0,True
2025-09-09 10:55:00,VIC1,3032.0,3048.78125,3032.0,6,4,0,10,3090.0,1600.0,10,10,0,True
2025-09-09 11:00:00,VIC1,3032.0,3055.5625,3032.0,6,4,0,10,3090.0,1600.0,10,10,0,True
2025-09-09 11:05:00,VIC1,3032.0,3048.0,3032.0,6,4,0,10,3090.0,1600.0,10,10,0,True
2025-09-09 11:10:00,VIC1,3032.0,3053.1875,3032.0,6,4,0,10,3090.0,1600.0,10,10,0,True
2025-09-09 11:15:00,VIC1,3032.0,2998.4375,3032.0,6,4,0,10,3090.0,1600.0,10,10,0,True
2025-09-09 11:20:00,VIC1,3032.0,3035.1875,3032.0,6,4,0,10,3090.0,1600.0,10,10,0,True
2025-09-09 11:25:00,VIC1,3032.0,3048.65625,3032.0,6,4,0,10,3090.0,1600.0,10,10,0,True
2025-09-09 11:30:00,VIC1,3032.0,3042.125,3032.0,6,4,0,10,3090.0,1600.0,10,10,0,True
2025-09-09 11:35:00,VIC1,3030.0,2996.8125,3032.0,6,4,0,10,3090.0,1600.0,10,10,0,True
2025-09-09 11:40:00,VIC1,3030.0,2955.25,3032.0,6,4,0,10,3090.0,1600.0,10,10,0,True
2025-09-09 11:45:00,VIC1,3030.0,3003.5625,3032.0,6,4,0,10,3090.0,1600.0,10,10,0,True
2025-09-09 11:50:00,VIC1,3030.0,3004.8125,3032.0,6,4,0,10,3090.0,1600.0,10,10,0,True
2025-09-09 11:55:00,VIC1,3032.0,3044.96875,3032.0,6,4,0,10,3090.0,1600.0,10,10,0,True
2025-09-09 12:00:00,VIC1,3032.0,3039.5,3032.0,6,4,0,10,3090.0,1600.0,10,10,0,True
2025-09-10 06:00:00,VIC1,3032.0,2988.71875,3032.0,6,4,0,10,3090.0,1600.0,10,10,0,True
2025-09-10 06:05:00,VIC1,3032.0,3032.75,3032.0,6,4,0,10,3090.0,1600.0,10,10,0,True
2025-09-10 06:10:00,VIC1,3032.0,3040.9375,3032.0,6,4,0,10,3090.0,1600.0,10,10,0,True
2025-09-10 06:15:00,VIC1,3032.0,3052.03125,3032.0,6,4,0,10,3090.0,1600.0,10,10,0,True
2025-09-10 06:20:00,VIC1,3032.0,3043.4375,3032.0,6,4,0,10,3090.0,1600.0,10,10,0,True
2025-09-10 06:25:00,VIC1,3032.0,3059.03125,3032.0,6,4,0,10,3090.0,1600.0,10,10,0,True
2025-09-10 06:30:00,VIC1,3032.0,3033.53125,3032.0,6,4,0,10,3090.0,1600.0,10,10,0,True
2025-09-10 06:35:00,VIC1,3032.0,3050.09375,3032.0,6,4,0,10,3090.0,1600.0,10,10,0,True
2025-09-10 06:40:00,VIC1,3032.0,3046.5625,3032.0,6,4,0,10,3090.0,1600.0,10,10,0,True
2025-09-10 06:45:00,VIC1,3032.0,3038.9375,3032.0,6,4,0,10,3090.0,1600.0,10,10,0,True
2025-09-10 06:50:00,VIC1,3032.0,3005.53125,3032.0,6,4,0,10,3090.0,1600.0,10,10,0,True
2025-09-10 06:55:00,VIC1,3032.0,3039.0625,3032.0,6,4,0,10,3090.0,1600.0,10,10,0,True
2025-09-10 07:00:00,VIC1,3032.0,3014.78125,3032.0,6,4,0,10,3090.0,1600.0,10,10,0,True
2025-09-10 07:05:00,VIC1,3032.0,3013.125,3032.0,6,4,0,10,3090.0,1600.0,10,10,0,True
2025-09-10 07:10:00,VIC1,3032.0,3013.65625,3032.0,6,4,0,10,3090.0,1600.0,10,10,0,True
2025-09-10 07:15:00,VIC1,3032.0,3056.78125,3032.0,6,4,0,10,3090.0,1600.0,10,10,0,True
2025-09-10 07:20:00,VIC1,3032.0,3055.78125,3032.0,6,4,0,10,3090.0,1600.0,10,10,0,True
2025-09-10 07:25:00,VIC1,3032.0,3021.375,3032.0,6,4,0,10,3090.0,1600.0,10,10,0,True
2025-09-10 07:30:00,VIC1,3032.0,3049.96875,3032.0,6,4,0,10,3090.0,1600.0,10,10,0,True
2025-09-10 07:35:00,VIC1,3032.0,3028.6875,3032.0,6,4,0,10,3090.0,1600.0,10,10,0,True
2025-09-10 07:40:00,VIC1,3032.0,3045.65625,3032.0,6,4,0,10,3090.0,1600.0,10,10,0,True
2025-09-10 07:45:00,VIC1,3032.0,3031.28125,3032.0,6,4,0,10,3090.0,1600.0,10,10,0,True
2025-09-10 07:50:00,VIC1,3032.0,3021.8125,3032.0,6,4,0,10,3090.0,1600.0,10,10,0,True
2025-09-10 07:55:00,VIC1,3032.0,3018.65625,3032.0,6,4,0,10,3090.0,1600.0,10,10,0,True
2025-09-10 08:00:00,VIC1,3032.0,3015.65625,3032.0,6,4,0,10,3090.0,1600.0,10,10,0,True
2025-09-10 08:05:00,VIC1,3032.0,3010.1875,3032.0,6,4,0,10,3090.0,1600.0,10,10,0,True
2025-09-10 08:10:00,VIC1,3032.0,3036.96875,3032.0,6,4,0,10,3090.0,1600.0,10,10,0,True
2025-09-10 08:15:00,VIC1,3032.0,3046.21875,3032.0,6,4,0,10,3090.0,1600.0,10,10,0,True
2025-09-10 08:20:00,VIC1,3032.0,3013.8125,3032.0,6,4,0,10,3090.0,1600.0,10,10,0,True
2025-09-10 08:25:00,VIC1,3032.0,3011.3125,3032.0,6,4,0,10,3090.0,1600.0,10,10,0,True
2025-09-10 08:30:00,VIC1,3032.0,3007.03125,3032.0,6,4,0,10,3090.0,1600.0,10,10,0,True
2025-09-10 08:35:00,VIC1,3032.0,3008.59375,3032.0,6,4,0,10,3090.0,1600.0,10,10,0,True
2025-09-10 08:40:00,VIC1,3032.0,3051.28125,3032.0,6,4,0,10,3090.0,1600.0,10,10,0,True
2025-09-10 08:45:00,VIC1,3032.0,3024.875,3032.0,6,4,0,10,3090.0,1600.0,10,10,0,True
2025-09-10 08:50:00,VIC1,3032.0,3042.0625,3032.0,6,4,0,10,3090.0,1600.0,10,10,0,True
2025-09-10 08:55:00,VIC1,3032.0,3038.46875,3032.0,6,4,0,10,3090.0,1600.0,10,10,0,True
2025-09-10 09:00:00,VIC1,3032.0,3054.9375,3032.0,6,4,0,10,3090.0,1600.0,10,10,0,True
2025-09-10 09:05:00,VIC1,3032.0,3018.03125,3032.0,6,4,0,10,3090.0,1600.0,10,10,0,True
2025-09-10 09:10:00,VIC1,3032.0,3019.28125,3032.0,6,4,0,10,3090.0,1600.0,10,10,0,True
2025-09-10 09:15:00,VIC1,3032.0,3045.28125,3032.0,6,4,0,10,3090.0,1600.0,10,10,0,True
2025-09-10 09:20:00,VIC1,3032.0,3021.53125,3032.0,6,4,0,10,3090.0,1600.0,10,10,0,True
2025-09-10 09:25:00,VIC1,3032.0,3047.625,3032.0,6,4,0,10,3090.0,1600.0,10,10,0,True
2025-09-10 09:30:00,VIC1,3032.0,3044.65625,3032.0,6,4,0,10,3090.0,1600.0,10,10,0,True
2025-09-10 09:35:00,VIC1,3030.0,2990.9375,3032.0,6,4,0,10,3090.0,1600.0,10,10,0,True
2025-09-10 09:40:00,VIC1,3030.0,2993.84375,3032.0,6,4,0,10,3090.0,1600.0,10,10,0,True
2025-09-10 09:45:00,VIC1,3030.0,3008.84375,3032.0,6,4,0,10,3090.0,1600.0,10,10,0,True
2025-09-10 09:50:00,VIC1,3030.0,2991.59375,3032.0,6,4,0,10,3090.0,1600.0,10,10,0,True
2025-09-10 09:55:00,VIC1,3032.0,3003.90625,3032.0,6,4,0,10,3090.0,1600.0,10,10,0,True
2025-09-10 10:00:00,VIC1,3032.0,2995.21875,3032.0,6,4,0,10,3090.0,1600.0,10,10,0,True
2025-09-18 07:20:00,VIC1,3519.0,3518.5,3519.0,7,3,0,10,3590.0,1100.0,10,10,0,True
2025-09-18 07:25:00,VIC1,3519.0,3510.25,3519.0,7,3,0,10,3590.0,1100.0,10,10,0,True
2025-09-18 07:30:00,VIC1,3519.0,3533.65625,3519.0,7,3,0,10,3590.0,1100.0,10,10,0,True
2025-09-18 07:35:00,VIC1,3517.0,3500.46875,3519.0,7,3,0,10,3590.0,1100.0,10,10,0,True
2025-09-18 07:40:00,VIC1,3517.0,3496.71875,3519.0,7,3,0,10,3590.0,1100.0,10,10,0,True
2025-09-18 07:45:00,VIC1,3466.803,3513.78125,3519.0,7,3,0,10,3590.0,1100.0,10,10,0,True
2025-09-18 07:50:00,VIC1,3354.7727400000003,3428.65625,3519.0,7,3,0,10,3590.0,1100.0,10,10,0,True
2025-09-18 07:55:00,VIC1,3277.7693,3333.90625,3519.0,7,3,0,10,3590.0,1100.0,10,10,0,True
2025-09-18 08:00:00,VIC1,3190.2167600000002,3269.40625,3519.0,7,3,0,10,3590.0,1100.0,10,10,0,True
2025-09-18 08:05:00,VIC1,3335.0,3177.9375,3519.0,7,3,0,10,3590.0,1100.0,10,10,0,True
2025-09-18 08:10:00,VIC1,3395.0,3330.65625,3519.0,7,3,0,10,3590.0,1100.0,10,10,0,True
2025-09-18 08:15:00,VIC1,3176.81259,3339.9375,3519.0,7,3,0,10,3590.0,1100.0,10,10,0,True
2025-09-18 08:20:00,VIC1,3060.84385,3210.0,3519.0,7,3,0,10,3590.0,1100.0,10,10,0,True
2025-09-18 08:25:00,VIC1,2883.78125,3055.8125,3519.0,7,3,0,10,3590.0,1100.0,10,10,0,True
2025-09-18 08:30:00,VIC1,2801.875,2897.15625,3519.0,7,3,0,10,3590.0,1100.0,10,10,0,True
2025-09-18 08:35:00,VIC1,2735.5,2795.75,3519.0,7,3,0,10,3590.0,1100.0,10,10,0,True
2025-09-18 08:40:00,VIC1,2651.125,2719.65625,3519.0,7,3,0,10,3590.0,1100.0,10,10,0,True
2025-09-18 08:45:00,VIC1,2563.375,2643.46875,3519.0,7,3,0,10,3590.0,1100.0,10,10,0,True
2025-09-18 08:50:00,VIC1,2532.0,2563.09375,3519.0,7,3,0,10,3590.0,1100.0,10,10,0,True
2025-09-18 08:55:00,VIC1,2485.78125,2564.71875,3519.0,7,3,0,10,3590.0,1100.0,10,10,0,True
2025-09-18 09:00:00,VIC1,2432.0,2449.75,3519.0,7,3,0,10,3590.0,1100.0,10,10,0,True
2025-09-18 09:05:00,VIC1,2392.21865,2425.34375,3519.0,7,3,0,10,3590.0,1100.0,10,10,0,True
2025-09-18 09:10:00,VIC1,2395.53116,2379.9375,3519.0,7,3,0,10,3590.0,1100.0,10,10,0,True
2025-09-18 09:15:00,VIC1,2386.375,2370.78125,3519.0,7,3,0,10,3590.0,1100.0,10,10,0,True
2025-09-18 09:20:00,VIC1,2320.0,2351.375,3519.0,7,3,0,10,3590.0,1100.0,10,10,0,True
2025-09-18 09:25:00,VIC1,2320.0,2302.59375,3519.0,7,3,0,10,3590.0,1100.0,10,10,0,True
2025-09-18 09:30:00,VIC1,2320.0,2302.3125,3519.0,7,3,0,10,3590.0,1100.0,10,10,0,True
2025-09-18 09:35:00,VIC1,2227.0,2285.65625,3519.0,7,3,0,10,3590.0,1100.0,10,10,0,True
2025-09-18 09:40:00,VIC1,2208.0,2261.96875,3519.0,7,3,0,10,3590.0,1100.0,10,10,0,True
2025-09-18 09:45:00,VIC1,2190.0,2154.28125,3549.0,7,3,0,10,3590.0,1100.0,10,10,0,True
2025-09-18 09:50:00,VIC1,2212.0,2193.75,3549.0,7,3,0,10,3590.0,1100.0,10,10,0,True
2025-09-18 09:55:00,VIC1,2220.0,2221.96875,3549.0,7,3,0,10,3590.0,1100.0,10,10,0,True
2025-09-18 10:00:00,VIC1,2220.0,2182.9375,3549.0,7,3,0,10,3590.0,1100.0,10,10,0,True
2025-09-18 10:05:00,VIC1,2220.0,2228.84375,3549.0,7,3,0,10,3590.0,1100.0,10,10,0,True
2025-09-18 10:10:00,VIC1,2220.0,2255.8125,3549.0,7,3,0,10,3590.0,1100.0,10,10,0,True
2025-09-18 10:15:00,VIC1,2220.0,2256.84375,3549.0,7,3,0,10,3590.0,1100.0,10,10,0,True
2025-09-18 10:20:00,VIC1,2220.0,2200.9375,3549.0,7,3,0,10,3590.0,1100.0,10,10,0,True
2025-09-18 10:25:00,VIC1,2220.0,2238.625,3549.0,7,3,0,10,3590.0,1100.0,10,10,0,True
2025-09-18 10:30:00,VIC1,2220.0,2198.59375,3549.0,7,3,0,10,3590.0,1100.0,10,10,0,True
2025-09-18 10:35:00,VIC1,2220.0,2212.4375,3549.0,7,3,0,10,3590.0,1100.0,10,10,0,True
2025-09-18 10:40:00,VIC1,2220.0,2294.53125,3549.0,7,3,0,10,3590.0,1100.0,10,10,0,True
2025-09-18 10:45:00,VIC1,2220.0,2198.75,3549.0,7,3,0,10,3590.0,1100.0,10,10,0,True
2025-09-18 10:50:00,VIC1,2220.0,2193.84375,3549.0,7,3,0,10,3590.0,1100.0,10,10,0,True
2025-09-18 10:55:00,VIC1,2194.0,2214.78125,3519.0,7,3,0,10,3590.0,1100.0,10,10,0,True
2025-09-18 11:00:00,VIC1,2173.0,2194.53125,3519.0,7,3,0,10,3590.0,1100.0,10,10,0,True
2025-09-18 11:05:00,VIC1,2123.375,2188.15625,3739.0,7,3,0,10,3590.0,1100.0,10,10,0,True
2025-09-18 11:10:00,VIC1,2090.90625,2164.78125,3739.0,7,3,0,10,3590.0,1100.0,10,10,0,True
2025-09-18 11:15:00,VIC1,2070.0,2083.40625,3519.0,7,3,0,10,3590.0,1100.0,10,10,0,True
2025-09-18 11:20:00,VIC1,2070.0,2065.96875,3519.0,7,3,0,10,3590.0,1100.0,10,10,0,True
2025-09-18 11:25:00,VIC1,2070.0,2108.4375,3519.0,7,3,0,10,3590.0,1100.0,10,10,0,True
2025-09-18 11:30:00,VIC1,2070.0,2084.0625,3519.0,7,3,0,10,3590.0,1100.0,10,10,0,True
2025-09-18 11:35:00,VIC1,2070.0,2082.78125,3519.0,7,3,0,10,3590.0,1100.0,10,10,0,True
2025-09-18 11:40:00,VIC1,2070.0,2087.59375,3519.0,7,3,0,10,3590.0,1100.0,10,10,0,True
2025-09-18 11:45:00,VIC1,2070.0,2064.28125,3519.0,7,3,0,10,3590.0,1100.0,10,10,0,True
2025-09-18 11:50:00,VIC1,2070.0,2082.03125,3519.0,7,3,0,10,3590.0,1100.0,10,10,0,True
2025-09-18 11:55:00,VIC1,2070.0,2070.40625,3519.0,7,3,0,10,3590.0,1100.0,10,10,0,True
2025-09-18 12:00:00,VIC1,2070.0,2097.40625,3519.0,7,3,0,10,3590.0,1100.0,10,10,0,True
2025-09-18 12:05:00,VIC1,2070.0,2060.65625,3519.0,7,3,0,10,3590.0,1100.0,10,10,0,True
2025-09-18 12:10:00,VIC1,2070.0,2097.78125,3519.0,7,3,0,10,3590.0,1100.0,10,10,0,True
2025-09-18 12:15:00,VIC1,2070.0,2072.90625,3519.0,7,3,0,10,3590.0,1100.0,10,10,0,True
2025-09-18 12:20:00,VIC1,2070.0,2081.84375,3519.0,7,3,0,10,3590.0,1100.0,10,10,0,True
2025-09-18 12:25:00,VIC1,2070.0,2099.0,3519.0,7,3,0,10,3590.0,1100.0,10,10,0,True
2025-09-18 12:30:00,VIC1,2070.0,2063.6875,3519.0,7,3,0,10,3590.0,1100.0,10,10,0,True
2025-09-18 12:35:00,VIC1,2070.0,2099.40625,3519.0,7,3,0,10,3590.0,1100.0,10,10,0,True
2025-09-18 12:40:00,VIC1,2070.0,2067.21875,3519.0,7,3,0,10,3590.0,1100.0,10,10,0,True
2025-09-18 12:45:00,VIC1,2070.0,2085.8125,3519.0,7,3,0,10,3590.0,1100.0,10,10,0,True
2025-09-18 12:50:00,VIC1,2070.0,2078.53125,3519.0,7,3,0,10,3590.0,1100.0,10,10,0,True
2025-09-18 12:55:00,VIC1,2070.0,2128.25,3519.0,7,3,0,10,3590.0,1100.0,10,10,0,True
2025-09-18 13:00:00,VIC1,2070.0,2068.0625,3519.0,7,3,0,10,3590.0,1100.0,10,10,0,True
2025-09-29 08:55:00,VIC1,2300.0,2331.6875,3936.0,8,2,0,10,3800.0,890.0,10,10,0,True
2025-09-29 09:00:00,VIC1,2300.0,2303.3125,3936.0,8,2,0,10,3800.0,890.0,10,10,0,True
2025-09-29 09:05:00,VIC1,2300.0,2333.28125,3936.0,8,2,0,10,3800.0,890.0,10,10,0,True
2025-09-29 09:10:00,VIC1,2300.0,2304.3125,3936.0,8,2,0,10,3800.0,890.0,10,10,0,True
2025-09-29 09:15:00,VIC1,2300.0,2292.09375,3936.0,8,2,0,10,3800.0,890.0,10,10,0,True
2025-09-29 09:20:00,VIC1,2300.0,2286.40625,3936.0,8,2,0,10,3800.0,890.0,10,10,0,True
2025-09-29 09:25:00,VIC1,2300.0,2309.96875,3936.0,8,2,0,10,3800.0,890.0,10,10,0,True
2025-09-29 09:30:00,VIC1,2250.25,2293.0625,3936.0,8,2,0,10,3800.0,890.0,10,10,0,True
2025-09-29 09:35:00,VIC1,2230.5,2249.4375,3936.0,8,2,0,10,3800.0,890.0,10,10,0,True
2025-09-29 09:40:00,VIC1,2230.0,2243.03125,3936.0,8,2,0,10,3800.0,890.0,10,10,0,True
2025-09-29 09:45:00,VIC1,2230.0,2245.21875,3936.0,8,2,0,10,3800.0,890.0,10,10,0,True
2025-09-29 09:50:00,VIC1,2230.0,2288.5625,3936.0,8,2,0,10,3800.0,890.0,10,10,0,True
2025-09-29 09:55:00,VIC1,2230.0,2220.75,3936.0,8,2,0,10,3800.0,890.0,10,10,0,True
2025-09-29 10:00:00,VIC1,2230.0,2225.9375,3936.0,8,2,0,10,3800.0,890.0,10,10,0,True
2025-09-29 10:05:00,VIC1,2230.0,2246.90625,3936.0,8,2,0,10,3800.0,890.0,10,10,0,True
2025-09-29 10:10:00,VIC1,2230.0,2250.59375,3936.0,8,2,0,10,3800.0,890.0,10,10,0,True
2025-09-29 10:15:00,VIC1,2230.0,2283.09375,3936.0,8,2,0,10,3800.0,890.0,10,10,0,True
2025-09-29 10:20:00,VIC1,2230.0,2244.5625,3936.0,8,2,0,10,3800.0,890.0,10,10,0,True
2025-09-29 10:25:00,VIC1,2230.0,2240.0,3936.0,8,2,0,10,3800.0,890.0,10,10,0,True
2025-09-29 10:30:00,VIC1,2230.0,2220.09375,3936.0,8,2,0,10,3800.0,890.0,10,10,0,True
2025-09-29 10:35:00,VIC1,2230.0,2219.28125,3936.0,8,2,0,10,3800.0,890.0,10,10,0,True
2025-09-29 10:40:00,VIC1,2230.0,2312.59375,3936.0,8,2,0,10,3800.0,890.0,10,10,0,True
2025-09-29 10:45:00,VIC1,2230.0,2227.71875,3936.0,8,2,0,10,3800.0,890.0,10,10,0,True
2025-09-29 10:50:00,VIC1,2230.0,2221.8125,3936.0,8,2,0,10,3800.0,890.0,10,10,0,True
2025-09-29 10:55:00,VIC1,2230.0,2242.71875,3936.0,8,2,0,10,3800.0,890.0,10,10,0,True
2025-09-29 11:00:00,VIC1,2230.0,2239.25,3936.0,8,2,0,10,3800.0,890.0,10,10,0,True
2025-09-29 11:05:00,VIC1,2183.03125,2247.6875,3936.0,8,2,0,10,3800.0,890.0,10,10,0,True
2025-09-29 11:10:00,VIC1,2148.15625,2171.84375,3936.0,8,2,0,10,3800.0,890.0,10,10,0,True
2025-09-29 11:15:00,VIC1,2130.0,2156.625,3936.0,8,2,0,10,3800.0,890.0,10,10,0,True
2025-09-29 11:20:00,VIC1,2130.0,2135.15625,3936.0,8,2,0,10,3800.0,890.0,10,10,0,True
2025-09-29 11:25:00,VIC1,2130.0,2156.9375,3936.0,8,2,0,10,3800.0,890.0,10,10,0,True
2025-09-29 11:30:00,VIC1,2130.0,2158.71875,3936.0,8,2,0,10,3800.0,890.0,10,10,0,True
2025-09-29 11:35:00,VIC1,2130.0,2133.0625,3936.0,8,2,0,10,3800.0,890.0,10,10,0,True
2025-09-29 11:40:00,VIC1,2130.0,2169.6875,3936.0,8,2,0,10,3800.0,890.0,10,10,0,True
2025-09-29 11:45:00,VIC1,2130.0,2127.59375,3936.0,8,2,0,10,3800.0,890.0,10,10,0,True
2025-09-29 11:50:00,VIC1,2130.0,2143.78125,3936.0,8,2,0,10,3800.0,890.0,10,10,0,True
2025-09-29 11:55:00,VIC1,2130.0,2167.34375,3936.0,8,2,0,10,3800.0,890.0,10,10,0,True
2025-09-29 12:00:00,VIC1,2130.0,2127.125,3936.0,8,2,0,10,3800.0,890.0,10,10,0,True
2025-09-29 12:05:00,VIC1,2130.0,2134.46875,3936.0,8,2,0,10,3800.0,890.0,10,10,0,True
2025-09-29 12:10:00,VIC1,2130.0,2122.84375,3936.0,8,2,0,10,3800.0,890.0,10,10,0,True
2025-09-29 12:15:00,VIC1,2130.0,2135.3125,3936.0,8,2,0,10,3800.0,890.0,10,10,0,True
2025-09-29 12:20:00,VIC1,2130.0,2119.78125,3936.0,8,2,0,10,3800.0,890.0,10,10,0,True
2025-09-29 12:25:00,VIC1,2130.0,2118.15625,3936.0,8,2,0,10,3800.0,890.0,10,10,0,True
2025-09-29 12:30:00,VIC1,2130.0,2122.96875,3936.0,8,2,0,10,3800.0,890.0,10,10,0,True
2025-09-29 12:35:00,VIC1,2130.0,2160.0625,3936.0,8,2,0,10,3800.0,890.0,10,10,0,True
2025-09-29 12:40:00,VIC1,2130.0,2121.09375,3936.0,8,2,0,10,3800.0,890.0,10,10,0,True
2025-09-29 12:45:00,VIC1,2130.0,2105.90625,3936.0,8,2,0,10,3800.0,890.0,10,10,0,True
2025-09-29 12:50:00,VIC1,2130.0,2124.625,3936.0,8,2,0,10,3800.0,890.0,10,10,0,True
2025-09-29 12:55:00,VIC1,2130.0,2148.1875,3936.0,8,2,0,10,3800.0,890.0,10,10,0,True
2025-10-14 08:00:00,VIC1,3058.0,3144.46875,3338.0,7,3,0,10,3300.0,1390.0,10,10,0,True
2025-10-14 08:05:00,VIC1,2988.0,3065.5,3338.0,7,3,0,10,3300.0,1390.0,10,10,0,True
2025-10-14 08:10:00,VIC1,2946.0,3030.5,3338.0,7,3,0,10,3300.0,1390.0,10,10,0,True
2025-10-14 08:15:00,VIC1,2876.0,2959.6875,3338.0,7,3,0,10,3300.0,1390.0,10,10,0,True
2025-10-14 08:20:00,VIC1,2814.0,2907.90625,3338.0,7,3,0,10,3300.0,1390.0,10,10,0,True
2025-10-14 08:25:00,VIC1,2734.0,2801.96875,3338.0,7,3,0,10,3300.0,1390.0,10,10,0,True
2025-10-14 08:30:00,VIC1,2663.0,2732.3125,3338.0,7,3,0,10,3300.0,1390.0,10,10,0,True
2025-10-14 08:35:00,VIC1,2589.0,2667.75,3338.0,7,3,0,10,3300.0,1390.0,10,10,0,True
2025-10-14 08:40:00,VIC1,2513.0,2594.5625,3338.0,7,3,0,10,3300.0,1390.0,10,10,0,True
2025-10-14 08:45:00,VIC1,2438.0,2510.1875,3338.0,7,3,0,10,3300.0,1390.0,10,10,0,True
2025-10-14 08:50:00,VIC1,2359.0,2434.28125,3338.0,7,3,0,10,3300.0,1390.0,10,10,0,True
2025-10-14 08:55:00,VIC1,2324.0,2345.375,3338.0,7,3,0,10,3300.0,1390.0,10,10,0,True
2025-10-14 09:00:00,VIC1,2321.0,2340.40625,3338.0,7,3,0,10,3300.0,1390.0,10,10,0,True
2025-10-14 09:05:00,VIC1,2274.75,2305.75,3338.0,7,3,0,10,3300.0,1390.0,10,10,0,True
2025-10-14 09:10:00,VIC1,2259.5625,2281.4375,3338.0,7,3,0,10,3300.0,1390.0,10,10,0,True
2025-10-14 09:15:00,VIC1,2238.75,2261.5,3338.0,7,3,0,10,3300.0,1390.0,10,10,0,True
2025-10-14 09:20:00,VIC1,2215.125,2234.375,3338.0,7,3,0,10,3300.0,1390.0,10,10,0,True
2025-10-14 09:25:00,VIC1,2201.0625,2240.5625,3338.0,7,3,0,10,3300.0,1390.0,10,10,0,True
2025-10-14 09:30:00,VIC1,2171.15625,2203.15625,3338.0,7,3,0,10,3300.0,1390.0,10,10,0,True
2025-10-14 09:35:00,VIC1,2162.53125,2197.78125,3338.0,7,3,0,10,3300.0,1390.0,10,10,0,True
2025-10-14 09:40:00,VIC1,2160.0,2198.3125,3338.0,7,3,0,10,3300.0,1390.0,10,10,0,True
2025-10-14 09:45:00,VIC1,2160.0,2180.78125,3338.0,7,3,0,10,3300.0,1390.0,10,10,0,True
2025-10-14 09:50:00,VIC1,2160.0,2158.6875,3338.0,7,3,0,10,3300.0,1390.0,10,10,0,True
2025-10-14 09:55:00,VIC1,2160.0,2201.1875,3338.0,7,3,0,10,3300.0,1390.0,10,10,0,True
2025-10-14 10:00:00,VIC1,2130.0,2135.0625,3338.0,7,3,0,10,3300.0,1390.0,10,10,0,True
2025-10-14 10:05:00,VIC1,2160.0,2131.34375,3338.0,7,3,0,10,3300.0,1390.0,10,10,0,True
2025-10-14 10:10:00,VIC1,2160.0,2153.84375,3338.0,7,3,0,10,3300.0,1390.0,10,10,0,True
2025-10-14 10:15:00,VIC1,2106.78125,2153.09375,3338.0,7,3,0,10,3300.0,1390.0,10,10,0,True
2025-10-14 10:20:00,VIC1,2067.03125,2107.21875,3338.0,7,3,0,10,3300.0,1390.0,10,10,0,True
2025-10-14 10:25:00,VIC1,2100.0,2069.375,3338.0,7,3,0,10,3300.0,1390.0,10,10,0,True
2025-10-14 10:30:00,VIC1,2050.0,2076.21875,3338.0,7,3,0,10,3300.0,1390.0,10,10,0,True
2025-10-14 10:35:00,VIC1,2050.0,2056.5,3338.0,7,3,0,10,3300.0,1390.0,10,10,0,True
2025-10-14 10:40:00,VIC1,2042.6264,2044.75,3338.0,7,3,0,10,3300.0,1390.0,10,10,0,True
2025-10-14 10:45:00,VIC1,2050.0,2046.3125,3338.0,7,3,0,10,3300.0,1390.0,10,10,0,True
2025-10-14 10:50:00,VIC1,2050.0,2066.21875,3338.0,7,3,0,10,3300.0,1390.0,10,10,0,True
2025-10-14 10:55:00,VIC1,2050.0,2073.65625,3338.0,7,3,0,10,3300.0,1390.0,10,10,0,True
2025-10-14 11:00:00,VIC1,2020.0,2060.5625,3338.0,7,3,0,10,3300.0,1390.0,10,10,0,True
2025-10-14 11:05:00,VIC1,2050.0,2002.71875,3338.0,7,3,0,10,3300.0,1390.0,10,10,0,True
2025-10-14 11:10:00,VIC1,2034.6027,2068.03125,3338.0,7,3,0,10,3300.0,1390.0,10,10,0,True
2025-10-14 11:15:00,VIC1,2006.21875,2049.59375,3338.0,7,3,0,10,3300.0,1390.0,10,10,0,True
2025-10-14 11:20:00,VIC1,2000.0,1988.9375,3338.0,7,3,0,10,3300.0,1390.0,10,10,0,True
2025-10-14 11:25:00,VIC1,2000.0,2011.40625,3338.0,7,3,0,10,3300.0,1390.0,10,10,0,True
2025-10-14 11:30:00,VIC1,2000.0,1990.8125,3338.0,7,3,0,10,3300.0,1390.0,10,10,0,True
2025-10-14 11:35:00,VIC1,2021.0,2012.875,3078.0,7,3,0,10,3300.0,1390.0,10,10,0,True
2025-10-14 11:40:00,VIC1,2029.0,2020.0,3078.0,7,3,0,10,3300.0,1390.0,10,10,0,True
2025-10-14 11:45:00,VIC1,2093.0,2048.21875,3078.0,7,3,0,10,3300.0,1390.0,10,10,0,True
2025-10-14 11:50:00,VIC1,2104.0,2043.71875,3078.0,7,3,0,10,3300.0,1390.0,10,10,0,True
2025-10-14 11:55:00,VIC1,2132.0,2131.625,3078.0,7,3,0,10,3300.0,1390.0,10,10,0,True
2025-10-14 12:00:00,VIC1,2141.0,2144.59375,3078.0,7,3,0,10,3300.0,1390.0,10,10,0,True
2025-10-17 07:40:00,VIC1,2669.86645,2729.21875,2708.0,6,4,0,10,2740.0,1950.0,10,10,0,True
2025-10-17 07:45:00,VIC1,2576.75,2615.9375,2713.0,6,4,0,10,2740.0,1950.0,10,10,0,True
2025-10-17 07:50:00,VIC1,2536.40625,2609.75,2713.0,6,4,0,10,2740.0,1950.0,10,10,0,True
2025-10-17 07:55:00,VIC1,2509.0,2520.34375,2713.0,6,4,0,10,2740.0,1950.0,10,10,0,True
2025-10-17 08:00:00,VIC1,2495.0,2482.375,2734.0,6,4,0,10,2740.0,1950.0,10,10,0,True
2025-10-17 08:05:00,VIC1,2464.875,2491.75,2734.0,6,4,0,10,2740.0,1950.0,10,10,0,True
2025-10-17 08:10:00,VIC1,2435.6875,2468.96875,2734.0,6,4,0,10,2740.0,1950.0,10,10,0,True
2025-10-17 08:15:00,VIC1,2400.875,2442.84375,2734.0,6,4,0,10,2740.0,1950.0,10,10,0,True
2025-10-17 08:20:00,VIC1,2373.15625,2421.40625,2734.0,6,4,0,10,2740.0,1950.0,10,10,0,True
2025-10-17 08:25:00,VIC1,2353.5,2423.65625,2734.0,6,4,0,10,2740.0,1950.0,10,10,0,True
2025-10-17 08:30:00,VIC1,2328.8125,2380.78125,2734.0,6,4,0,10,2740.0,1950.0,10,10,0,True
2025-10-17 08:35:00,VIC1,2303.0,2334.34375,2734.0,6,4,0,10,2740.0,1950.0,10,10,0,True
2025-10-17 08:40:00,VIC1,2277.0,2300.15625,2734.0,6,4,0,10,2740.0,1950.0,10,10,0,True
2025-10-17 08:45:00,VIC1,2266.0,2320.3125,2734.0,6,4,0,10,2740.0,1950.0,10,10,0,True
2025-10-17 08:50:00,VIC1,2209.4375,2270.0625,2734.0,6,4,0,10,2740.0,1950.0,10,10,0,True
2025-10-17 08:55:00,VIC1,2187.125,2255.75,2734.0,6,4,0,10,2740.0,1950.0,10,10,0,True
2025-10-17 09:00:00,VIC1,2176.0,2205.3125,2734.0,6,4,0,10,2740.0,1950.0,10,10,0,True
2025-10-17 09:05:00,VIC1,2179.49258,2182.34375,2734.0,6,4,0,10,2740.0,1950.0,10,10,0,True
2025-10-17 09:10:00,VIC1,2155.34375,2204.0625,2734.0,6,4,0,10,2740.0,1950.0,10,10,0,True
2025-10-17 09:15:00,VIC1,2143.53125,2145.375,2734.0,6,4,0,10,2740.0,1950.0,10,10,0,True
2025-10-17 09:20:00,VIC1,2148.53125,2142.09375,2768.0,6,4,0,10,2740.0,1950.0,10,10,0,True
2025-10-17 09:25:00,VIC1,2121.96875,2167.03125,2768.0,6,4,0,10,2740.0,1950.0,10,10,0,True
2025-10-17 09:30:00,VIC1,2094.375,2149.4375,2768.0,6,4,0,10,2740.0,1950.0,10,10,0,True
2025-10-17 09:35:00,VIC1,2058.25,2089.3125,2768.0,6,4,0,10,2740.0,1950.0,10,10,0,True
2025-10-17 09:40:00,VIC1,2023.5625,2069.25,2768.0,6,4,0,10,2740.0,1950.0,10,10,0,True
2025-10-17 09:45:00,VIC1,2008.0,2059.5,2768.0,6,4,0,10,2740.0,1950.0,10,10,0,True
2025-10-17 09:50:00,VIC1,1990.0,2027.78125,2768.0,6,4,0,10,2740.0,1950.0,10,10,0,True
2025-10-17 09:55:00,VIC1,1963.0,1993.40625,2768.0,6,4,0,10,2740.0,1950.0,10,10,0,True
2025-10-17 10:00:00,VIC1,1945.0,1970.875,2768.0,6,4,0,10,2740.0,1950.0,10,10,0,True
2025-10-17 10:05:00,VIC1,1926.0,1968.4375,2768.0,6,4,0,10,2740.0,1950.0,10,10,0,True
2025-10-17 10:10:00,VIC1,1945.90625,2033.625,2768.0,6,4,0,10,2740.0,1950.0,10,10,0,True
2025-10-17 10:15:00,VIC1,1905.0,1921.5625,2768.0,6,4,0,10,2740.0,1950.0,10,10,0,True
2025-10-17 10:20:00,VIC1,1887.0,1925.125,2768.0,6,4,0,10,2740.0,1950.0,10,10,0,True
2025-10-17 10:25:00,VIC1,1870.0,1886.90625,2768.0,6,4,0,10,2740.0,1950.0,10,10,0,True
2025-10-17 10:30:00,VIC1,1870.0,1872.78125,2768.0,6,4,0,10,2740.0,1950.0,10,10,0,True
2025-10-17 10:35:00,VIC1,1870.0,1893.0625,2768.0,6,4,0,10,2740.0,1950.0,10,10,0,True
2025-10-17 10:40:00,VIC1,1870.0,1886.65625,2768.0,6,4,0,10,2740.0,1950.0,10,10,0,True
2025-10-17 10:45:00,VIC1,1870.0,1882.21875,2768.0,6,4,0,10,2740.0,1950.0,10,10,0,True
2025-10-17 10:50:00,VIC1,1870.0,1862.375,2768.0,6,4,0,10,2740.0,1950.0,10,10,0,True
2025-10-17 10:55:00,VIC1,1870.0,1882.96875,2768.0,6,4,0,10,2740.0,1950.0,10,10,0,True
2025-10-17 11:00:00,VIC1,1870.0,1882.5625,2768.0,6,4,0,10,2740.0,1950.0,10,10,0,True
2025-10-17 11:05:00,VIC1,1819.9375,1862.28125,2768.0,6,4,0,10,2740.0,1950.0,10,10,0,True
2025-10-17 11:10:00,VIC1,1870.0,1865.65625,2768.0,6,4,0,10,2740.0,1950.0,10,10,0,True
2025-10-17 11:15:00,VIC1,1870.0,1871.71875,2768.0,6,4,0,10,2740.0,1950.0,10,10,0,True
2025-10-17 11:20:00,VIC1,1870.0,1857.15625,2768.0,6,4,0,10,2740.0,1950.0,10,10,0,True
2025-10-17 11:25:00,VIC1,1870.0,1865.75,2768.0,6,4,0,10,2740.0,1950.0,10,10,0,True
2025-10-17 11:30:00,VIC1,1870.0,1858.9375,2768.0,6,4,0,10,2740.0,1950.0,10,10,0,True
2025-10-17 11:35:00,VIC1,1870.0,1915.0625,2768.0,6,4,0,10,2740.0,1950.0,10,10,0,True
2025-10-17 11:40:00,VIC1,1870.0,1886.6875,2768.0,6,4,0,10,2740.0,1950.0,10,10,0,True
2025-10-25 10:30:00,VIC1,2261.65625,2281.78125,3356.0,7,3,0,10,3300.0,1390.0,10,10,0,True
2025-10-25 10:35:00,VIC1,2247.3125,2251.3125,3356.0,7,3,0,10,3300.0,1390.0,10,10,0,True
2025-10-25 10:40:00,VIC1,2242.25,2275.0625,3356.0,7,3,0,10,3300.0,1390.0,10,10,0,True
2025-10-25 10:45:00,VIC1,2209.00296,2243.53125,3356.0,7,3,0,10,3300.0,1390.0,10,10,0,True
2025-10-25 10:50:00,VIC1,2240.0,2244.71875,3356.0,7,3,0,10,3300.0,1390.0,10,10,0,True
2025-10-25 10:55:00,VIC1,2240.0,2237.84375,3356.0,7,3,0,10,3300.0,1390.0,10,10,0,True
2025-10-25 11:00:00,VIC1,2240.0,2270.46875,3356.0,7,3,0,10,3300.0,1390.0,10,10,0,True
2025-10-25 11:05:00,VIC1,2240.0,2257.34375,3356.0,7,3,0,10,3300.0,1390.0,10,10,0,True
2025-10-25 11:10:00,VIC1,2305.125,2267.625,3356.0,7,3,0,10,3300.0,1390.0,10,10,0,True
2025-10-25 11:15:00,VIC1,2280.0,2267.0,3356.0,7,3,0,10,3300.0,1390.0,10,10,0,True
2025-10-25 11:20:00,VIC1,2308.0,2302.09375,3356.0,7,3,0,10,3300.0,1390.0,10,10,0,True
2025-10-25 11:25:00,VIC1,2323.0,2313.4375,3356.0,7,3,0,10,3300.0,1390.0,10,10,0,True
2025-10-25 11:30:00,VIC1,2347.0,2335.46875,3356.0,7,3,0,10,3300.0,1390.0,10,10,0,True
2025-10-25 11:35:00,VIC1,2369.0,2370.28125,3356.0,7,3,0,10,3300.0,1390.0,10,10,0,True
2025-10-25 11:40:00,VIC1,2390.0,2375.125,3356.0,7,3,0,10,3300.0,1390.0,10,10,0,True
2025-10-25 11:45:00,VIC1,2414.0,2407.53125,3356.0,7,3,0,10,3300.0,1390.0,10,10,0,True
2025-10-25 11:50:00,VIC1,2436.0,2420.1875,3356.0,7,3,0,10,3300.0,1390.0,10,10,0,True
2025-10-25 11:55:00,VIC1,2450.0,2469.28125,3356.0,7,3,0,10,3300.0,1390.0,10,10,0,True
2025-10-25 12:00:00,VIC1,2450.0,2452.46875,3356.0,7,3,0,10,3300.0,1390.0,10,10,0,True
2025-10-25 12:05:00,VIC1,2450.0,2446.5625,3356.0,7,3,0,10,3300.0,1390.0,10,10,0,True
2025-10-25 12:10:00,VIC1,2450.0,2441.625,3356.0,7,3,0,10,3300.0,1390.0,10,10,0,True
2025-10-25 12:15:00,VIC1,2450.0,2453.78125,3356.0,7,3,0,10,3300.0,1390.0,10,10,0,True
2025-10-25 12:20:00,VIC1,2450.0,2460.96875,3356.0,7,3,0,10,3300.0,1390.0,10,10,0,True
2025-10-25 12:25:00,VIC1,2450.0,2469.09375,3356.0,7,3,0,10,3300.0,1390.0,10,10,0,True
2025-10-25 12:30:00,VIC1,2450.0,2452.6875,3356.0,7,3,0,10,3300.0,1390.0,10,10,0,True
2025-10-25 12:35:00,VIC1,2450.0,2442.59375,3356.0,7,3,0,10,3300.0,1390.0,10,10,0,True
2025-10-25 12:40:00,VIC1,2450.0,2448.3125,3356.0,7,3,0,10,3300.0,1390.0,10,10,0,True
2025-10-25 12:45:00,VIC1,2450.0,2463.3125,3356.0,7,3,0,10,3300.0,1390.0,10,10,0,True
2025-10-25 12:50:00,VIC1,2450.0,2432.71875,3356.0,7,3,0,10,3300.0,1390.0,10,10,0,True
2025-10-25 12:55:00,VIC1,2450.0,2440.71875,3356.0,7,3,0,10,3300.0,1390.0,10,10,0,True
2025-10-25 13:00:00,VIC1,2450.0,2452.78125,3356.0,7,3,0,10,3300.0,1390.0,10,10,0,True
2025-10-25 13:05:00,VIC1,2450.0,2429.78125,3356.0,7,3,0,10,3300.0,1390.0,10,10,0,True
2025-10-25 13:10:00,VIC1,2450.0,2468.8125,3356.0,7,3,0,10,3300.0,1390.0,10,10,0,True
2025-10-25 13:15:00,VIC1,2450.0,2493.71875,3356.0,7,3,0,10,3300.0,1390.0,10,10,0,True
2025-10-25 13:20:00,VIC1,2450.0,2485.9375,3356.0,7,3,0,10,3300.0,1390.0,10,10,0,True
2025-10-25 13:25:00,VIC1,2514.0,2456.9375,3356.0,7,3,0,10,3300.0,1390.0,10,10,0,True
2025-10-25 13:30:00,VIC1,2532.0,2498.25,3356.0,7,3,0,10,3300.0,1390.0,10,10,0,True
2025-10-25 13:35:00,VIC1,2612.0,2570.5625,3356.0,7,3,0,10,3300.0,1390.0,10,10,0,True
2025-10-25 13:40:00,VIC1,2635.0,2596.09375,3356.0,7,3,0,10,3300.0,1390.0,10,10,0,True
2025-10-25 13:45:00,VIC1,2654.0,2623.59375,3356.0,7,3,0,10,3300.0,1390.0,10,10,0,True
2025-10-25 13:50:00,VIC1,2677.0,2642.25,3356.0,7,3,0,10,3300.0,1390.0,10,10,0,True
2025-10-25 13:55:00,VIC1,2694.0,2657.6875,3356.0,7,3,0,10,3300.0,1390.0,10,10,0,True
2025-10-25 14:00:00,VIC1,2734.0,2693.9375,3356.0,7,3,0,10,3300.0,1390.0,10,10,0,True
2025-10-25 14:05:00,VIC1,2781.0,2734.03125,3356.0,7,3,0,10,3300.0,1390.0,10,10,0,True
2025-10-25 14:10:00,VIC1,2826.0,2789.4375,3356.0,7,3,0,10,3300.0,1390.0,10,10,0,True
2025-10-25 14:15:00,VIC1,2876.0,2841.03125,3356.0,7,3,0,10,3300.0,1390.0,10,10,0,True
2025-10-25 14:20:00,VIC1,2917.0,2875.1875,3356.0,7,3,0,10,3300.0,1390.0,10,10,0,True
2025-10-25 14:25:00,VIC1,2974.0,2935.09375,3356.0,7,3,0,10,3300.0,1390.0,10,10,0,True
2025-10-25 14:30:00,VIC1,3038.84375,2958.09375,3356.0,7,3,0,10,3300.0,1390.0,10,10,0,True
2025-11-03 03:30:00,VIC1,3908.0,3919.5625,3918.0,8,2,0,10,3800.0,890.0,10,10,0,True
2025-11-03 03:35:00,VIC1,3908.0,3923.59375,3918.0,8,2,0,10,3800.0,890.0,10,10,0,True
2025-11-03 03:40:00,VIC1,3908.0,3930.4375,3918.0,8,2,0,10,3800.0,890.0,10,10,0,True
2025-11-03 03:45:00,VIC1,3908.0,3883.59375,3918.0,8,2,0,10,3800.0,890.0,10,10,0,True
2025-11-03 03:50:00,VIC1,3908.0,3886.53125,3918.0,8,2,0,10,3800.0,890.0,10,10,0,True
2025-11-03 03:55:00,VIC1,3908.0,3895.6875,3918.0,8,2,0,10,3800.0,890.0,10,10,0,True
2025-11-03 04:00:00,VIC1,3908.0,3898.40625,3918.0,8,2,0,10,3800.0,890.0,10,10,0,True
2025-11-03 04:05:00,VIC1,3908.0,3916.21875,3918.0,8,2,0,10,3800.0,890.0,10,10,0,True
2025-11-03 04:10:00,VIC1,3908.0,3900.53125,3918.0,8,2,0,10,3800.0,890.0,10,10,0,True
2025-11-03 04:15:00,VIC1,3908.0,3880.03125,3918.0,8,2,0,10,3800.0,890.0,10,10,0,True
2025-11-03 04:20:00,VIC1,3908.0,3880.125,3918.0,8,2,0,10,3800.0,890.0,10,10,0,True
2025-11-03 04:25:00,VIC1,3875.15236,3890.5625,3918.0,8,2,0,10,3800.0,890.0,10,10,0,True
2025-11-03 04:30:00,VIC1,3908.0,3858.40625,3918.0,8,2,0,10,3800.0,890.0,10,10,0,True
2025-11-03 04:35:00,VIC1,3908.0,3879.65625,3918.0,8,2,0,10,3800.0,890.0,10,10,0,True
2025-11-03 04:40:00,VIC1,3908.0,3927.71875,3918.0,8,2,0,10,3800.0,890.0,10,10,0,True
2025-11-03 04:45:00,VIC1,3908.0,3902.75,3918.0,8,2,0,10,3800.0,890.0,10,10,0,True
2025-11-03 04:50:00,VIC1,3908.0,3920.6875,3918.0,8,2,0,10,3800.0,890.0,10,10,0,True
2025-11-03 04:55:00,VIC1,3908.0,3895.3125,3918.0,8,2,0,10,3800.0,890.0,10,10,0,True
2025-11-03 05:00:00,VIC1,3908.0,3918.5,3918.0,8,2,0,10,3800.0,890.0,10,10,0,True
2025-11-03 05:05:00,VIC1,3908.0,3908.34375,3918.0,8,2,0,10,3800.0,890.0,10,10,0,True
2025-11-03 05:10:00,VIC1,3908.0,3933.875,3918.0,8,2,0,10,3800.0,890.0,10,10,0,True
2025-11-03 05:15:00,VIC1,3908.0,3910.90625,3918.0,8,2,0,10,3800.0,890.0,10,10,0,True
2025-11-03 05:20:00,VIC1,3908.0,3865.15625,3918.0,8,2,0,10,3800.0,890.0,10,10,0,True
2025-11-03 05:25:00,VIC1,3908.0,3922.46875,3918.0,8,2,0,10,3800.0,890.0,10,10,0,True
2025-11-03 05:30:00,VIC1,3908.0,3886.9375,3918.0,8,2,0,10,3800.0,890.0,10,10,0,True
2025-11-03 05:35:00,VIC1,3908.0,3905.875,3918.0,8,2,0,10,3800.0,890.0,10,10,0,True
2025-11-03 05:40:00,VIC1,3908.0,3902.0625,3918.0,8,2,0,10,3800.0,890.0,10,10,0,True
2025-11-03 05:45:00,VIC1,3908.0,3874.4375,3918.0,8,2,0,10,3800.0,890.0,10,10,0,True
2025-11-03 05:50:00,VIC1,3908.0,3888.3125,3918.0,8,2,0,10,3800.0,890.0,10,10,0,True
2025-11-03 05:55:00,VIC1,3908.0,3904.0625,3918.0,8,2,0,10,3800.0,890.0,10,10,0,True
2025-11-03 06:00:00,VIC1,3842.33628,3885.03125,3918.0,8,2,0,10,3800.0,890.0,10,10,0,True
2025-11-03 06:05:00,VIC1,3869.20918,3835.4375,3918.0,8,2,0,10,3800.0,890.0,10,10,0,True
2025-11-03 06:10:00,VIC1,3908.0,3901.0625,3918.0,8,2,0,10,3800.0,890.0,10,10,0,True
2025-11-03 06:15:00,VIC1,3908.0,3900.5625,3918.0,8,2,0,10,3800.0,890.0,10,10,0,True
2025-11-03 06:20:00,VIC1,3908.0,3891.1875,3918.0,8,2,0,10,3800.0,890.0,10,10,0,True
2025-11-03 06:25:00,VIC1,3884.9999,3892.3125,3918.0,8,2,0,10,3800.0,890.0,10,10,0,True
2025-11-03 06:30:00,VIC1,3908.0,3872.9375,3918.0,8,2,0,10,3800.0,890.0,10,10,0,True
2025-11-03 06:35:00,VIC1,3908.0,3882.5,3918.0,8,2,0,10,3800.0,890.0,10,10,0,True
2025-11-03 06:40:00,VIC1,3908.0,3936.53125,3918.0,8,2,0,10,3800.0,890.0,10,10,0,True
2025-11-03 06:45:00,VIC1,3908.0,3875.1875,3918.0,8,2,0,10,3800.0,890.0,10,10,0,True
2025-11-03 06:50:00,VIC1,3908.0,3928.1875,3918.0,8,2,0,10,3800.0,890.0,10,10,0,True
2025-11-03 06:55:00,VIC1,3908.0,3917.5,3918.0,8,2,0,10,3800.0,890.0,10,10,0,True
2025-11-03 07:00:00,VIC1,3908.0,3912.0625,3918.0,8,2,0,10,3800.0,890.0,10,10,0,True
2025-11-03 07:05:00,VIC1,3908.0,3914.96875,3918.0,8,2,0,10,3800.0,890.0,10,10,0,True
2025-11-03 07:10:00,VIC1,3908.0,3925.375,3918.0,8,2,0,10,3800.0,890.0,10,10,0,True
2025-11-03 07:15:00,VIC1,3908.0,3901.1875,3918.0,8,2,0,10,3800.0,890.0,10,10,0,True
2025-11-03 07:20:00,VIC1,3908.0,3913.96875,3918.0,8,2,0,10,3800.0,890.0,10,10,0,True
2025-11-03 07:25:00,VIC1,3908.0,3912.4375,3918.0,8,2,0,10,3800.0,890.0,10,10,0,True
2025-11-03 07:30:00,VIC1,3908.0,3884.09375,3918.0,8,2,0,10,3800.0,890.0,10,10,0,True
2025-11-05 03:30:00,VIC1,2610.0,2637.40625,3928.0,8,2,0,10,3800.0,890.0,10,10,0,True
2025-11-05 03:35:00,VIC1,2610.0,2583.6875,3928.0,8,2,0,10,3800.0,890.0,10,10,0,True
2025-11-05 03:40:00,VIC1,2610.0,2626.75,3928.0,8,2,0,10,3800.0,890.0,10,10,0,True
2025-11-05 03:45:00,VIC1,2610.0,2639.40625,3928.0,8,2,0,10,3800.0,890.0,10,10,0,True
2025-11-05 03:50:00,VIC1,2610.0,2586.125,3928.0,8,2,0,10,3800.0,890.0,10,10,0,True
2025-11-05 03:55:00,VIC1,2610.0,2620.34375,3928.0,8,2,0,10,3800.0,890.0,10,10,0,True
2025-11-05 04:00:00,VIC1,2610.0,2588.625,3928.0,8,2,0,10,3800.0,890.0,10,10,0,True
2025-11-05 04:05:00,VIC1,2610.0,2611.84375,3928.0,8,2,0,10,3800.0,890.0,10,10,0,True
2025-11-05 04:10:00,VIC1,2610.0,2622.40625,3928.0,8,2,0,10,3800.0,890.0,10,10,0,True
2025-11-05 04:15:00,VIC1,2610.0,2606.25,3928.0,8,2,0,10,3800.0,890.0,10,10,0,True
2025-11-05 04:20:00,VIC1,2610.0,2632.0,3928.0,8,2,0,10,3800.0,890.0,10,10,0,True
2025-11-05 04:25:00,VIC1,2610.0,2638.3125,3928.0,8,2,0,10,3800.0,890.0,10,10,0,True
2025-11-05 04:30:00,VIC1,2610.0,2588.75,3928.0,8,2,0,10,3800.0,890.0,10,10,0,True
2025-11-05 04:35:00,VIC1,2610.0,2616.46875,3928.0,8,2,0,10,3800.0,890.0,10,10,0,True
2025-11-05 04:40:00,VIC1,2754.4361799999997,2650.15625,3928.0,8,2,0,10,3800.0,890.0,10,10,0,True
2025-11-05 04:45:00,VIC1,2710.4204799999998,2705.75,3928.0,8,2,0,10,3800.0,890.0,10,10,0,True
2025-11-05 04:50:00,VIC1,2755.51644,2720.71875,3928.0,8,2,0,10,3800.0,890.0,10,10,0,True
2025-11-05 04:55:00,VIC1,2962.71875,2794.53125,3928.0,8,2,0,10,3800.0,890.0,10,10,0,True
2025-11-05 05:00:00,VIC1,3098.78125,2922.125,3928.0,8,2,0,10,3800.0,890.0,10,10,0,True
2025-11-05 05:05:00,VIC1,3243.0,3089.9375,3928.0,8,2,0,10,3800.0,890.0,10,10,0,True
2025-11-05 05:10:00,VIC1,3325.0,3262.90625,3928.0,8,2,0,10,3800.0,890.0,10,10,0,True
2025-11-05 05:15:00,VIC1,3381.0,3302.625,3928.0,8,2,0,10,3800.0,890.0,10,10,0,True
2025-11-05 05:20:00,VIC1,3441.0,3371.15625,3928.0,8,2,0,10,3800.0,890.0,10,10,0,True
2025-11-05 05:25:00,VIC1,3500.0,3427.0625,3928.0,8,2,0,10,3800.0,890.0,10,10,0,True
2025-11-05 05:30:00,VIC1,3465.88822,3437.625,3928.0,8,2,0,10,3800.0,890.0,10,10,0,True
2025-11-05 05:35:00,VIC1,3303.52056,3465.34375,3928.0,8,2,0,10,3800.0,890.0,10,10,0,True
2025-11-05 05:40:00,VIC1,3385.26302,3316.53125,3928.0,8,2,0,10,3800.0,890.0,10,10,0,True
2025-11-05 05:45:00,VIC1,3409.92166,3375.0625,3928.0,8,2,0,10,3800.0,890.0,10,10,0,True
2025-11-05 05:50:00,VIC1,3426.39152,3369.4375,3928.0,8,2,0,10,3800.0,890.0,10,10,0,True
2025-11-05 05:55:00,VIC1,3411.1098,3396.96875,3928.0,8,2,0,10,3800.0,890.0,10,10,0,True
2025-11-05 06:00:00,VIC1,3344.0,3377.0625,3928.0,8,2,0,10,3800.0,890.0,10,10,0,True
2025-11-05 06:05:00,VIC1,3459.43952,3332.25,3928.0,8,2,0,10,3800.0,890.0,10,10,0,True
2025-11-05 06:10:00,VIC1,3585.4835000000003,3412.375,3928.0,8,2,0,10,3800.0,890.0,10,10,0,True
2025-11-05 06:15:00,VIC1,3504.3602,3545.96875,3928.0,8,2,0,10,3800.0,890.0,10,10,0,True
2025-11-05 06:20:00,VIC1,3383.0,3507.34375,3928.0,8,2,0,10,3800.0,890.0,10,10,0,True
2025-11-05 06:25:00,VIC1,3343.0,3420.34375,3928.0,8,2,0,10,3800.0,890.0,10,10,0,True
2025-11-05 06:30:00,VIC1,3167.03125,3326.6875,3928.0,8,2,0,10,3800.0,890.0,10,10,0,True
2025-11-05 06:35:00,VIC1,3080.0,3197.53125,3928.0,8,2,0,10,3800.0,890.0,10,10,0,True
2025-11-05 06:40:00,VIC1,3024.0,3097.46875,3928.0,8,2,0,10,3800.0,890.0,10,10,0,True
2025-11-05 06:45:00,VIC1,2970.0,3051.375,3928.0,8,2,0,10,3800.0,890.0,10,10,0,True
2025-11-05 06:50:00,VIC1,3084.04579,2983.71875,3928.0,8,2,0,10,3800.0,890.0,10,10,0,True
2025-11-05 06:55:00,VIC1,2921.59375,3048.15625,3928.0,8,2,0,10,3800.0,890.0,10,10,0,True
2025-11-05 07:00:00,VIC1,3048.30145,2921.0625,3928.0,8,2,0,10,3800.0,890.0,10,10,0,True
2025-11-05 07:05:00,VIC1,2954.29286,3037.4375,3928.0,8,2,0,10,3800.0,890.0,10,10,0,True
2025-11-05 07:10:00,VIC1,2819.79344,2947.0625,3928.0,8,2,0,10,3800.0,890.0,10,10,0,True
2025-11-05 07:15:00,VIC1,2690.53125,2835.0,3928.0,8,2,0,10,3800.0,890.0,10,10,0,True
2025-11-05 07:20:00,VIC1,2598.0,2674.1875,3928.0,8,2,0,10,3800.0,890.0,10,10,0,True
2025-11-05 07:25:00,VIC1,2540.0,2585.09375,3928.0,8,2,0,10,3800.0,890.0,10,10,0,True
2025-11-05 07:30:00,VIC1,2540.0,2502.21875,3928.0,8,2,0,10,3800.0,890.0,10,10,0,True
2025-11-06 02:00:00,VIC1,3858.0,3865.46875,3868.0,8,2,0,10,3800.0,890.0,10,10,0,True
2025-11-06 02:05:00,VIC1,3868.0,3867.78125,3878.0,8,2,0,10,3800.0,890.0,10,10,0,True
2025-11-06 02:10:00,VIC1,3868.0,3867.28125,3878.0,8,2,0,10,3800.0,890.0,10,10,0,True
2025-11-06 02:15:00,VIC1,3868.0,3870.40625,3878.0,8,2,0,10,3800.0,890.0,10,10,0,True
2025-11-06 02:20:00,VIC1,3868.0,3842.3125,3878.0,8,2,0,10,3800.0,890.0,10,10,0,True
2025-11-06 02:25:00,VIC1,3868.0,3846.875,3878.0,8,2,0,10,3800.0,890.0,10,10,0,True
2025-11-06 02:30:00,VIC1,3868.0,3865.5,3878.0,8,2,0,10,3800.0,890.0,10,10,0,True
2025-11-06 02:35:00,VIC1,3868.0,3859.71875,3878.0,8,2,0,10,3800.0,890.0,10,10,0,True
2025-11-06 02:40:00,VIC1,3878.0,3863.28125,3888.0,8,2,0,10,3800.0,890.0,10,10,0,True
2025-11-06 02:45:00,VIC1,3878.0,3886.6875,3888.0,8,2,0,10,3800.0,890.0,10,10,0,True
2025-11-06 02:50:00,VIC1,3878.0,3868.4375,3888.0,8,2,0,10,3800.0,890.0,10,10,0,True
2025-11-06 02:55:00,VIC1,3878.0,3886.75,3888.0,8,2,0,10,3800.0,890.0,10,10,0,True
2025-11-06 03:00:00,VIC1,3878.0,3883.25,3888.0,8,2,0,10,3800.0,890.0,10,10,0,True
2025-11-06 03:05:00,VIC1,3878.0,3865.875,3888.0,8,2,0,10,3800.0,890.0,10,10,0,True
2025-11-06 03:10:00,VIC1,3878.0,3863.59375,3888.0,8,2,0,10,3800.0,890.0,10,10,0,True
2025-11-06 03:15:00,VIC1,3878.0,3890.59375,3888.0,8,2,0,10,3800.0,890.0,10,10,0,True
2025-11-06 03:20:00,VIC1,3878.0,3852.90625,3888.0,8,2,0,10,3800.0,890.0,10,10,0,True
2025-11-06 03:25:00,VIC1,3878.0,3853.1875,3888.0,8,2,0,10,3800.0,890.0,10,10,0,True
2025-11-06 03:30:00,VIC1,3878.0,3863.71875,3888.0,8,2,0,10,3800.0,890.0,10,10,0,True
2025-11-06 03:35:00,VIC1,3888.0,3879.59375,3898.0,8,2,0,10,3800.0,890.0,10,10,0,True
2025-11-06 03:40:00,VIC1,3888.0,3871.25,3898.0,8,2,0,10,3800.0,890.0,10,10,0,True
2025-11-06 03:45:00,VIC1,3888.0,3876.15625,3898.0,8,2,0,10,3800.0,890.0,10,10,0,True
2025-11-06 03:50:00,VIC1,3888.0,3870.53125,3898.0,8,2,0,10,3800.0,890.0,10,10,0,True
2025-11-06 03:55:00,VIC1,3888.0,3897.78125,3898.0,8,2,0,10,3800.0,890.0,10,10,0,True
2025-11-06 04:00:00,VIC1,3888.0,3867.625,3898.0,8,2,0,10,3800.0,890.0,10,10,0,True
2025-11-06 04:05:00,VIC1,3884.0,3869.3125,3898.0,8,2,0,10,3800.0,890.0,10,10,0,True
2025-11-06 04:10:00,VIC1,3884.0,3897.21875,3898.0,8,2,0,10,3800.0,890.0,10,10,0,True
2025-11-06 04:15:00,VIC1,3884.0,3886.375,3898.0,8,2,0,10,3800.0,890.0,10,10,0,True
2025-11-06 04:20:00,VIC1,3884.0,3872.6875,3898.0,8,2,0,10,3800.0,890.0,10,10,0,True
2025-11-06 04:25:00,VIC1,3884.0,3895.90625,3898.0,8,2,0,10,3800.0,890.0,10,10,0,True
2025-11-06 04:30:00,VIC1,3884.0,3858.625,3898.0,8,2,0,10,3800.0,890.0,10,10,0,True
2025-11-06 04:35:00,VIC1,3884.0,3877.21875,3898.0,8,2,0,10,3800.0,890.0,10,10,0,True
2025-11-06 04:40:00,VIC1,3884.0,3887.78125,3898.0,8,2,0,10,3800.0,890.0,10,10,0,True
2025-11-06 04:45:00,VIC1,3884.0,3897.09375,3898.0,8,2,0,10,3800.0,890.0,10,10,0,True
2025-11-06 04:50:00,VIC1,3884.0,3867.96875,3898.0,8,2,0,10,3800.0,890.0,10,10,0,True
2025-11-06 04:55:00,VIC1,3884.0,3870.25,3898.0,8,2,0,10,3800.0,890.0,10,10,0,True
2025-11-06 05:00:00,VIC1,3884.0,3865.375,3898.0,8,2,0,10,3800.0,890.0,10,10,0,True
2025-11-06 05:05:00,VIC1,3884.0,3872.375,3898.0,8,2,0,10,3800.0,890.0,10,10,0,True
2025-11-06 05:10:00,VIC1,3884.0,3874.375,3898.0,8,2,0,10,3800.0,890.0,10,10,0,True
2025-11-06 05:15:00,VIC1,3884.0,3893.5,3898.0,8,2,0,10,3800.0,890.0,10,10,0,True
2025-11-06 05:20:00,VIC1,3884.0,3859.03125,3898.0,8,2,0,10,3800.0,890.0,10,10,0,True
2025-11-06 05:25:00,VIC1,3884.0,3862.46875,3898.0,8,2,0,10,3800.0,890.0,10,10,0,True
2025-11-06 05:30:00,VIC1,3884.0,3870.3125,3898.0,8,2,0,10,3800.0,890.0,10,10,0,True
2025-11-06 05:35:00,VIC1,3884.0,3867.09375,3898.0,8,2,0,10,3800.0,890.0,10,10,0,True
2025-11-06 05:40:00,VIC1,3884.0,3864.46875,3898.0,8,2,0,10,3800.0,890.0,10,10,0,True
2025-11-06 05:45:00,VIC1,3882.0,3846.96875,3898.0,8,2,0,10,3800.0,890.0,10,10,0,True
2025-11-06 05:50:00,VIC1,3882.0,3862.0625,3898.0,8,2,0,10,3800.0,890.0,10,10,0,True
2025-11-06 05:55:00,VIC1,3882.0,3843.3125,3898.0,8,2,0,10,3800.0,890.0,10,10,0,True
2025-11-06 06:00:00,VIC1,3882.0,3837.375,3898.0,8,2,0,10,3800.0,890.0,10,10,0,True
2025-11-12 02:00:00,VIC1,3459.58513,3454.9375,3896.0,8,2,0,10,3800.0,890.0,10,10,0,True
2025-11-12 02:05:00,VIC1,3424.8732999999997,3440.75,3936.0,8,2,0,10,3800.0,890.0,10,10,0,True
2025-11-12 02:10:00,VIC1,3488.83489,3438.5,3936.0,8,2,0,10,3800.0,890.0,10,10,0,True
2025-11-12 02:15:00,VIC1,3439.438,3448.21875,3936.0,8,2,0,10,3800.0,890.0,10,10,0,True
2025-11-12 02:20:00,VIC1,3454.57786,3421.3125,3936.0,8,2,0,10,3800.0,890.0,10,10,0,True
2025-11-12 02:25:00,VIC1,3441.35218,3439.1875,3936.0,8,2,0,10,3800.0,890.0,10,10,0,True
2025-11-12 02:30:00,VIC1,3351.65344,3409.28125,3936.0,8,2,0,10,3800.0,890.0,10,10,0,True
2025-11-12 02:35:00,VIC1,3366.32788,3390.53125,3936.0,8,2,0,10,3800.0,890.0,10,10,0,True
2025-11-12 02:40:00,VIC1,3381.08293,3369.28125,3936.0,8,2,0,10,3800.0,890.0,10,10,0,True
2025-11-12 02:45:00,VIC1,3458.52346,3408.59375,3936.0,8,2,0,10,3800.0,890.0,10,10,0,True
2025-11-12 02:50:00,VIC1,3358.14836,3427.84375,3936.0,8,2,0,10,3800.0,890.0,10,10,0,True
2025-11-12 02:55:00,VIC1,3386.9254300000002,3373.65625,3936.0,8,2,0,10,3800.0,890.0,10,10,0,True
2025-11-12 03:00:00,VIC1,3332.79682,3372.28125,3936.0,8,2,0,10,3800.0,890.0,10,10,0,True
2025-11-12 03:05:00,VIC1,3526.65625,3351.75,3936.0,8,2,0,10,3800.0,890.0,10,10,0,True
2025-11-12 03:10:00,VIC1,3544.80198,3497.6875,3936.0,8,2,0,10,3800.0,890.0,10,10,0,True
2025-11-12 03:15:00,VIC1,3561.76712,3557.21875,3936.0,8,2,0,10,3800.0,890.0,10,10,0,True
2025-11-12 03:20:00,VIC1,3511.01047,3540.0625,3936.0,8,2,0,10,3800.0,890.0,10,10,0,True
2025-11-12 03:25:00,VIC1,3531.06883,3496.5,3936.0,8,2,0,10,3800.0,890.0,10,10,0,True
2025-11-12 03:30:00,VIC1,3449.4142,3535.65625,3936.0,8,2,0,10,3800.0,890.0,10,10,0,True
2025-11-12 03:35:00,VIC1,3481.2706,3453.25,3936.0,8,2,0,10,3800.0,890.0,10,10,0,True
2025-11-12 03:40:00,VIC1,3488.90056,3496.3125,3936.0,8,2,0,10,3800.0,890.0,10,10,0,True
2025-11-12 03:45:00,VIC1,3490.85455,3459.03125,3936.0,8,2,0,10,3800.0,890.0,10,10,0,True
2025-11-12 03:50:00,VIC1,3491.24509,3473.5625,3936.0,8,2,0,10,3800.0,890.0,10,10,0,True
2025-11-12 03:55:00,VIC1,3433.0513300000002,3494.65625,3936.0,8,2,0,10,3800.0,890.0,10,10,0,True
2025-11-12 04:00:00,VIC1,3564.5303599999997,3415.78125,3936.0,8,2,0,10,3800.0,890.0,10,10,0,True
2025-11-12 04:05:00,VIC1,3577.6097600000003,3524.5625,3936.0,8,2,0,10,3800.0,890.0,10,10,0,True
2025-11-12 04:10:00,VIC1,3667.5726,3624.25,3936.0,8,2,0,10,3800.0,890.0,10,10,0,True
2025-11-12 04:15:00,VIC1,3756.71304,3622.5625,3936.0,8,2,0,10,3800.0,890.0,10,10,0,True
2025-11-12 04:20:00,VIC1,3748.9412,3749.34375,3936.0,8,2,0,10,3800.0,890.0,10,10,0,True
2025-11-12 04:25:00,VIC1,3828.36449,3739.25,3936.0,8,2,0,10,3800.0,890.0,10,10,0,True
2025-11-12 04:30:00,VIC1,3610.71875,3777.6875,3936.0,8,2,0,10,3800.0,890.0,10,10,0,True
2025-11-12 04:35:00,VIC1,3503.8125,3668.28125,3936.0,8,2,0,10,3800.0,890.0,10,10,0,True
2025-11-12 04:40:00,VIC1,3390.46875,3529.3125,3936.0,8,2,0,10,3800.0,890.0,10,10,0,True
2025-11-12 04:45:00,VIC1,3301.0,3389.96875,3906.0,8,2,0,10,3800.0,890.0,10,10,0,True
2025-11-12 04:50:00,VIC1,3239.0,3310.28125,3906.0,8,2,0,10,3800.0,890.0,10,10,0,True
2025-11-12 04:55:00,VIC1,3161.0,3233.375,3906.0,8,2,0,10,3800.0,890.0,10,10,0,True
2025-11-12 05:00:00,VIC1,3099.0,3179.71875,3906.0,8,2,0,10,3800.0,890.0,10,10,0,True
2025-11-12 05:05:00,VIC1,3289.28125,3117.1875,3906.0,8,2,0,10,3800.0,890.0,10,10,0,True
2025-11-12 05:10:00,VIC1,3443.4375,3278.90625,3906.0,8,2,0,10,3800.0,890.0,10,10,0,True
2025-11-12 05:15:00,VIC1,3586.84375,3407.90625,3906.0,8,2,0,10,3800.0,890.0,10,10,0,True
2025-11-12 05:20:00,VIC1,3673.0,3556.6875,3906.0,8,2,0,10,3800.0,890.0,10,10,0,True
2025-11-12 05:25:00,VIC1,3748.0,3671.6875,3906.0,8,2,0,10,3800.0,890.0,10,10,0,True
2025-11-12 05:30:00,VIC1,3776.0,3716.3125,3906.0,8,2,0,10,3800.0,890.0,10,10,0,True
2025-11-12 05:35:00,VIC1,3675.84603,3760.78125,3906.0,8,2,0,10,3800.0,890.0,10,10,0,True
2025-11-12 05:40:00,VIC1,3615.96022,3702.28125,3906.0,8,2,0,10,3800.0,890.0,10,10,0,True
2025-11-12 05:45:00,VIC1,3481.5,3605.28125,3906.0,8,2,0,10,3800.0,890.0,10,10,0,True
2025-11-12 05:50:00,VIC1,3344.46875,3486.125,3906.0,8,2,0,10,3800.0,890.0,10,10,0,True
2025-11-12 05:55:00,VIC1,3311.23179,3347.375,3906.0,8,2,0,10,3800.0,890.0,10,10,0,True
2025-11-12 06:00:00,VIC1,3244.99982,3288.28125,3906.0,8,2,0,10,3800.0,890.0,10,10,0,True
2025-11-12 06:05:00,VIC1,3182.79665,3238.0625,3906.0,8,2,0,10,3800.0,890.0,10,10,0,True
2025-11-12 06:10:00,VIC1,3241.56397,3200.8125,3906.0,8,2,0,10,3800.0,890.0,10,10,0,True
2025-11-12 06:15:00,VIC1,3209.59492,3215.53125,3906.0,8,2,0,10,3800.0,890.0,10,10,0,True
2025-11-12 06:20:00,VIC1,3215.05264,3185.28125,3906.0,8,2,0,10,3800.0,890.0,10,10,0,True
2025-11-12 06:25:00,VIC1,3140.0,3190.34375,3906.0,8,2,0,10,3800.0,890.0,10,10,0,True
2025-11-12 06:30:00,VIC1,3006.3125,3110.90625,3906.0,8,2,0,10,3800.0,890.0,10,10,0,True
2025-11-12 06:35:00,VIC1,2927.0,2998.78125,3906.0,8,2,0,10,3800.0,890.0,10,10,0,True
2025-11-12 06:40:00,VIC1,2886.0,2967.6875,3906.0,8,2,0,10,3800.0,890.0,10,10,0,True
2025-11-12 06:45:00,VIC1,2817.05571,2869.5,3906.0,8,2,0,10,3800.0,890.0,10,10,0,True
2025-11-12 06:50:00,VIC1,2765.625,2790.5,3906.0,8,2,0,10,3800.0,890.0,10,10,0,True
2025-11-12 06:55:00,VIC1,2745.09375,2775.84375,3906.0,8,2,0,10,3800.0,890.0,10,10,0,True
2025-11-12 07:00:00,VIC1,2721.75,2716.625,3906.0,8,2,0,10,3800.0,890.0,10,10,0,True
2025-11-12 07:05:00,VIC1,2700.9375,2678.6875,3906.0,8,2,0,10,3800.0,890.0,10,10,0,True
2025-11-12 07:10:00,VIC1,2682.375,2715.375,3906.0,8,2,0,10,3800.0,890.0,10,10,0,True
2025-11-12 07:15:00,VIC1,2670.0,2667.625,3906.0,8,2,0,10,3800.0,890.0,10,10,0,True
2025-11-12 07:20:00,VIC1,2670.0,2667.71875,3906.0,8,2,0,10,3800.0,890.0,10,10,0,True
2025-11-12 07:25:00,VIC1,2670.0,2664.875,3906.0,8,2,0,10,3800.0,890.0,10,10,0,True
2025-11-12 07:30:00,VIC1,2670.0,2678.15625,3906.0,8,2,0,10,3800.0,890.0,10,10,0,True
2025-11-12 07:35:00,VIC1,2670.0,2662.46875,3906.0,8,2,0,10,3800.0,890.0,10,10,0,True
2025-11-12 07:40:00,VIC1,2670.0,2653.34375,3906.0,8,2,0,10,3800.0,890.0,10,10,0,True
2025-11-12 07:45:00,VIC1,2670.0,2650.125,3906.0,8,2,0,10,3800.0,890.0,10,10,0,True
2025-11-12 07:50:00,VIC1,2670.0,2624.96875,3906.0,8,2,0,10,3800.0,890.0,10,10,0,True
2025-11-12 07:55:00,VIC1,2670.0,2652.5,3906.0,8,2,0,10,3800.0,890.0,10,10,0,True
2025-11-12 08:00:00,VIC1,2561.3125,2645.4375,3906.0,8,2,0,10,3800.0,890.0,10,10,0,True
2025-11-12 08:05:00,VIC1,2603.0,2590.1875,3906.0,8,2,0,10,3800.0,890.0,10,10,0,True
2025-11-12 08:10:00,VIC1,2581.0,2626.71875,3906.0,8,2,0,10,3800.0,890.0,10,10,0,True
2025-11-12 08:15:00,VIC1,2530.0,2556.15625,3906.0,8,2,0,10,3800.0,890.0,10,10,0,True
2025-11-12 08:20:00,VIC1,2412.0625,2518.53125,3906.0,8,2,0,10,3800.0,890.0,10,10,0,True
2025-11-12 08:25:00,VIC1,2402.02685,2426.6875,3906.0,8,2,0,10,3800.0,890.0,10,10,0,True
2025-11-12 08:30:00,VIC1,2415.6616400000003,2388.84375,3906.0,8,2,0,10,3800.0,890.0,10,10,0,True
2025-11-12 08:35:00,VIC1,2420.0,2410.21875,3936.0,8,2,0,10,3800.0,890.0,10,10,0,True
2025-11-12 10:00:00,VIC1,2180.0,2190.875,3944.0,8,2,0,10,3800.0,890.0,10,10,0,True
2025-11-12 10:05:00,VIC1,2180.0,2177.0,3944.0,8,2,0,10,3800.0,890.0,10,10,0,True
2025-11-12 10:10:00,VIC1,2181.0,2254.5,3944.0,8,2,0,10,3800.0,890.0,10,10,0,True
2025-11-12 10:15:00,VIC1,2180.0,2171.96875,3944.0,8,2,0,10,3800.0,890.0,10,10,0,True
2025-11-12 10:20:00,VIC1,2180.0,2181.78125,3944.0,8,2,0,10,3800.0,890.0,10,10,0,True
2025-11-12 10:25:00,VIC1,2180.0,2177.25,3944.0,8,2,0,10,3800.0,890.0,10,10,0,True
2025-11-12 10:30:00,VIC1,2180.0,2176.9375,3944.0,8,2,0,10,3800.0,890.0,10,10,0,True
2025-11-12 10:35:00,VIC1,2180.0,2164.5,3944.0,8,2,0,10,3800.0,890.0,10,10,0,True
2025-11-12 10:40:00,VIC1,2180.0,2203.9375,3944.0,8,2,0,10,3800.0,890.0,10,10,0,True
2025-11-12 10:45:00,VIC1,2180.0,2179.75,3944.0,8,2,0,10,3800.0,890.0,10,10,0,True
2025-11-12 10:50:00,VIC1,2180.0,2177.375,3944.0,8,2,0,10,3800.0,890.0,10,10,0,True
2025-11-12 10:55:00,VIC1,2180.0,2183.375,3944.0,8,2,0,10,3800.0,890.0,10,10,0,True
2025-11-12 11:00:00,VIC1,2180.0,2200.59375,3944.0,8,2,0,10,3800.0,890.0,10,10,0,True
2025-11-12 11:05:00,VIC1,2180.0,2196.96875,3944.0,8,2,0,10,3800.0,890.0,10,10,0,True
2025-11-12 11:10:00,VIC1,2180.0,2206.15625,3944.0,8,2,0,10,3800.0,890.0,10,10,0,True
2025-11-12 11:15:00,VIC1,2180.0,2173.75,3944.0,8,2,0,10,3800.0,890.0,10,10,0,True
2025-11-12 11:20:00,VIC1,2180.0,2185.125,3944.0,8,2,0,10,3800.0,890.0,10,10,0,True
2025-11-12 11:25:00,VIC1,2180.0,2197.90625,3944.0,8,2,0,10,3800.0,890.0,10,10,0,True
2025-11-12 11:30:00,VIC1,2180.0,2200.1875,3944.0,8,2,0,10,3800.0,890.0,10,10,0,True
2025-11-12 11:35:00,VIC1,2180.0,2169.71875,3944.0,8,2,0,10,3800.0,890.0,10,10,0,True
2025-11-12 11:40:00,VIC1,2180.0,2181.53125,3944.0,8,2,0,10,3800.0,890.0,10,10,0,True
2025-11-12 11:45:00,VIC1,2180.0,2186.03125,3944.0,8,2,0,10,3800.0,890.0,10,10,0,True
2025-11-12 11:50:00,VIC1,2180.0,2180.9375,3944.0,8,2,0,10,3800.0,890.0,10,10,0,True
2025-11-12 11:55:00,VIC1,2180.0,2175.0625,3944.0,8,2,0,10,3800.0,890.0,10,10,0,True
2025-11-12 12:00:00,VIC1,2180.0,2199.65625,3944.0,8,2,0,10,3800.0,890.0,10,10,0,True
2025-11-12 12:05:00,VIC1,2180.0,2186.53125,3944.0,8,2,0,10,3800.0,890.0,10,10,0,True
2025-11-12 12:10:00,VIC1,2180.0,2200.8125,3944.0,8,2,0,10,3800.0,890.0,10,10,0,True
2025-11-12 12:15:00,VIC1,2180.0,2186.53125,3944.0,8,2,0,10,3800.0,890.0,10,10,0,True
2025-11-12 12:20:00,VIC1,2180.0,2186.90625,3944.0,8,2,0,10,3800.0,890.0,10,10,0,True
2025-11-12 12:25:00,VIC1,2180.0,2179.59375,3944.0,8,2,0,10,3800.0,890.0,10,10,0,True
2025-11-12 12:30:00,VIC1,2180.0,2184.09375,3944.0,8,2,0,10,3800.0,890.0,10,10,0,True
2025-11-12 12:35:00,VIC1,2180.0,2174.6875,3944.0,8,2,0,10,3800.0,890.0,10,10,0,True
2025-11-12 12:40:00,VIC1,2180.0,2191.3125,3944.0,8,2,0,10,3800.0,890.0,10,10,0,True
2025-11-12 12:45:00,VIC1,2180.0,2191.21875,3944.0,8,2,0,10,3800.0,890.0,10,10,0,True
2025-11-12 12:50:00,VIC1,2180.0,2173.625,3944.0,8,2,0,10,3800.0,890.0,10,10,0,True
2025-11-12 12:55:00,VIC1,2180.0,2166.125,3944.0,8,2,0,10,3800.0,890.0,10,10,0,True
2025-11-12 13:00:00,VIC1,2180.0,2173.6875,3944.0,8,2,0,10,3800.0,890.0,10,10,0,True
2025-11-12 13:05:00,VIC1,2180.0,2179.90625,3944.0,8,2,0,10,3800.0,890.0,10,10,0,True
2025-11-12 13:10:00,VIC1,2180.0,2175.40625,3944.0,8,2,0,10,3800.0,890.0,10,10,0,True
2025-11-12 13:15:00,VIC1,2180.0,2189.75,3944.0,8,2,0,10,3800.0,890.0,10,10,0,True
2025-11-12 13:20:00,VIC1,2180.0,2192.59375,3944.0,8,2,0,10,3800.0,890.0,10,10,0,True
2025-11-12 13:25:00,VIC1,2180.0,2173.78125,3944.0,8,2,0,10,3800.0,890.0,10,10,0,True
2025-11-12 13:30:00,VIC1,2180.0,2175.59375,3944.0,8,2,0,10,3800.0,890.0,10,10,0,True
2025-11-12 13:35:00,VIC1,2180.0,2171.375,3944.0,8,2,0,10,3800.0,890.0,10,10,0,True
2025-11-12 13:40:00,VIC1,2180.0,2177.5,3944.0,8,2,0,10,3800.0,890.0,10,10,0,True
2025-11-12 13:45:00,VIC1,2180.0,2176.21875,3944.0,8,2,0,10,3800.0,890.0,10,10,0,True
2025-11-12 13:50:00,VIC1,2180.0,2179.96875,3944.0,8,2,0,10,3800.0,890.0,10,10,0,True
2025-11-12 13:55:00,VIC1,2180.0,2171.65625,3944.0,8,2,0,10,3800.0,890.0,10,10,0,True
2025-11-12 14:00:00,VIC1,2180.0,2176.5,3944.0,8,2,0,10,3800.0,890.0,10,10,0,True
2025-11-18 05:00:00,VIC1,3832.0,3815.34375,3855.0,8,2,0,10,3800.0,890.0,10,10,0,True
2025-11-18 05:05:00,VIC1,3834.0,3833.25,3855.0,8,2,0,10,3800.0,890.0,10,10,0,True
2025-11-18 05:10:00,VIC1,3832.0,3843.5625,3855.0,8,2,0,10,3800.0,890.0,10,10,0,True
2025-11-18 05:15:00,VIC1,3832.0,3844.90625,3855.0,8,2,0,10,3800.0,890.0,10,10,0,True
2025-11-18 05:20:00,VIC1,3832.0,3814.0,3855.0,8,2,0,10,3800.0,890.0,10,10,0,True
2025-11-18 05:25:00,VIC1,3832.0,3820.0,3855.0,8,2,0,10,3800.0,890.0,10,10,0,True
2025-11-18 05:30:00,VIC1,3834.0,3809.59375,3855.0,8,2,0,10,3800.0,890.0,10,10,0,True
2025-11-18 05:35:00,VIC1,3834.0,3811.84375,3855.0,8,2,0,10,3800.0,890.0,10,10,0,True
2025-11-18 05:40:00,VIC1,3834.0,3796.75,3855.0,8,2,0,10,3800.0,890.0,10,10,0,True
2025-11-18 05:45:00,VIC1,3834.0,3838.15625,3855.0,8,2,0,10,3800.0,890.0,10,10,0,True
2025-11-18 05:50:00,VIC1,3834.0,3820.96875,3855.0,8,2,0,10,3800.0,890.0,10,10,0,True
2025-11-18 05:55:00,VIC1,3834.0,3818.90625,3855.0,8,2,0,10,3800.0,890.0,10,10,0,True
2025-11-18 06:00:00,VIC1,3834.0,3821.28125,3855.0,8,2,0,10,3800.0,890.0,10,10,0,True
2025-11-18 06:05:00,VIC1,3687.58408,3819.8125,3855.0,8,2,0,10,3800.0,890.0,10,10,0,True
2025-11-18 06:10:00,VIC1,3834.0,3687.6875,3855.0,8,2,0,10,3800.0,890.0,10,10,0,True
2025-11-18 06:15:00,VIC1,3770.1879200000003,3787.25,3855.0,8,2,0,10,3800.0,890.0,10,10,0,True
2025-11-18 06:20:00,VIC1,3745.1769999999997,3730.4375,3855.0,8,2,0,10,3800.0,890.0,10,10,0,True
2025-11-18 06:25:00,VIC1,3780.5280199999997,3710.71875,3855.0,8,2,0,10,3800.0,890.0,10,10,0,True
2025-11-18 06:30:00,VIC1,3635.68862,3733.0,3855.0,8,2,0,10,3800.0,890.0,10,10,0,True
2025-11-18 06:35:00,VIC1,3560.6424899999997,3672.84375,3855.0,8,2,0,10,3800.0,890.0,10,10,0,True
2025-11-18 06:40:00,VIC1,3536.14626,3569.25,3855.0,8,2,0,10,3800.0,890.0,10,10,0,True
2025-11-18 06:45:00,VIC1,3507.15358,3551.78125,3855.0,8,2,0,10,3800.0,890.0,10,10,0,True
2025-11-18 06:50:00,VIC1,3605.875,3513.65625,3855.0,8,2,0,10,3800.0,890.0,10,10,0,True
2025-11-18 06:55:00,VIC1,3449.48454,3566.8125,3855.0,8,2,0,10,3800.0,890.0,10,10,0,True
2025-11-18 07:00:00,VIC1,3307.39284,3442.53125,3855.0,8,2,0,10,3800.0,890.0,10,10,0,True
2025-11-18 07:05:00,VIC1,3144.59375,3318.21875,3855.0,8,2,0,10,3800.0,890.0,10,10,0,True
2025-11-18 07:10:00,VIC1,3032.875,3138.25,3855.0,8,2,0,10,3800.0,890.0,10,10,0,True
2025-11-18 07:15:00,VIC1,2955.71875,3040.59375,3855.0,8,2,0,10,3800.0,890.0,10,10,0,True
2025-11-18 07:20:00,VIC1,2859.8125,2947.1875,3855.0,8,2,0,10,3800.0,890.0,10,10,0,True
2025-11-18 07:25:00,VIC1,2778.5,2870.25,3855.0,8,2,0,10,3800.0,890.0,10,10,0,True
2025-11-18 07:30:00,VIC1,2693.71875,2801.84375,3855.0,8,2,0,10,3800.0,890.0,10,10,0,True
2025-11-18 07:35:00,VIC1,2628.21875,2724.875,3855.0,8,2,0,10,3800.0,890.0,10,10,0,True
2025-11-18 07:40:00,VIC1,2562.0,2649.71875,3855.0,8,2,0,10,3800.0,890.0,10,10,0,True
2025-11-18 07:45:00,VIC1,2544.85506,2594.3125,3855.0,8,2,0,10,3800.0,890.0,10,10,0,True
2025-11-18 07:50:00,VIC1,2465.0001,2569.15625,3855.0,8,2,0,10,3800.0,890.0,10,10,0,True
2025-11-18 07:55:00,VIC1,2524.0,2495.28125,3855.0,8,2,0,10,3800.0,890.0,10,10,0,True
2025-11-18 08:00:00,VIC1,2410.0,2521.09375,3855.0,8,2,0,10,3800.0,890.0,10,10,0,True
2025-11-18 08:05:00,VIC1,2410.0,2458.46875,3855.0,8,2,0,10,3800.0,890.0,10,10,0,True
2025-11-18 08:10:00,VIC1,2410.0,2402.40625,3855.0,8,2,0,10,3800.0,890.0,10,10,0,True
2025-11-18 08:15:00,VIC1,2448.4546,2448.21875,3855.0,8,2,0,10,3800.0,890.0,10,10,0,True
2025-11-18 08:20:00,VIC1,2410.0,2453.09375,3855.0,8,2,0,10,3800.0,890.0,10,10,0,True
2025-11-18 08:25:00,VIC1,2410.0,2406.5625,3855.0,8,2,0,10,3800.0,890.0,10,10,0,True
2025-11-18 08:30:00,VIC1,2410.0,2365.5,3855.0,8,2,0,10,3800.0,890.0,10,10,0,True
2025-11-18 08:35:00,VIC1,2428.0,2443.5625,3855.0,8,2,0,10,3800.0,890.0,10,10,0,True
2025-11-18 08:40:00,VIC1,2350.0,2414.46875,3855.0,8,2,0,10,3800.0,890.0,10,10,0,True
2025-11-18 08:45:00,VIC1,2302.5625,2312.8125,3855.0,8,2,0,10,3800.0,890.0,10,10,0,True
2025-11-18 08:50:00,VIC1,2320.0,2302.59375,3855.0,8,2,0,10,3800.0,890.0,10,10,0,True
2025-11-18 08:55:00,VIC1,2320.0,2371.53125,3855.0,8,2,0,10,3800.0,890.0,10,10,0,True
2025-11-18 09:00:00,VIC1,2320.0,2308.3125,3855.0,8,2,0,10,3800.0,890.0,10,10,0,True
2025-11-20 11:15:00,VIC1,2210.0,2238.8125,3899.0,8,2,0,10,3800.0,890.0,10,10,0,True
2025-11-20 11:20:00,VIC1,2210.0,2229.4375,3899.0,8,2,0,10,3800.0,890.0,10,10,0,True
2025-11-20 11:25:00,VIC1,2210.0,2260.65625,3899.0,8,2,0,10,3800.0,890.0,10,10,0,True
2025-11-20 11:30:00,VIC1,2210.0,2194.96875,3899.0,8,2,0,10,3800.0,890.0,10,10,0,True
2025-11-20 11:35:00,VIC1,2210.0,2219.90625,3899.0,8,2,0,10,3800.0,890.0,10,10,0,True
2025-11-20 11:40:00,VIC1,2210.0,2262.1875,3899.0,8,2,0,10,3800.0,890.0,10,10,0,True
2025-11-20 11:45:00,VIC1,2210.0,2245.25,3899.0,8,2,0,10,3800.0,890.0,10,10,0,True
2025-11-20 11:50:00,VIC1,2210.0,2209.53125,3899.0,8,2,0,10,3800.0,890.0,10,10,0,True
2025-11-20 11:55:00,VIC1,2210.0,2255.8125,3899.0,8,2,0,10,3800.0,890.0,10,10,0,True
2025-11-20 12:00:00,VIC1,2210.0,2247.21875,3899.0,8,2,0,10,3800.0,890.0,10,10,0,True
2025-11-20 12:05:00,VIC1,2210.0,2230.9375,3899.0,8,2,0,10,3800.0,890.0,10,10,0,True
2025-11-20 12:10:00,VIC1,2210.0,2249.5,3899.0,8,2,0,10,3800.0,890.0,10,10,0,True
2025-11-20 12:15:00,VIC1,2210.0,2198.625,3899.0,8,2,0,10,3800.0,890.0,10,10,0,True
2025-11-20 12:20:00,VIC1,2210.0,2193.0,3899.0,8,2,0,10,3800.0,890.0,10,10,0,True
2025-11-20 12:25:00,VIC1,2210.0,2199.75,3899.0,8,2,0,10,3800.0,890.0,10,10,0,True
2025-11-20 12:30:00,VIC1,2220.0,2204.5,3899.0,8,2,0,10,3800.0,890.0,10,10,0,True
2025-11-20 12:35:00,VIC1,2220.0,2207.75,3635.0,8,2,0,10,3800.0,890.0,10,10,0,True
2025-11-20 12:40:00,VIC1,2220.0,2210.5,3635.0,8,2,0,10,3800.0,890.0,10,10,0,True
2025-11-20 12:45:00,VIC1,2220.0,2221.09375,3635.0,8,2,0,10,3800.0,890.0,10,10,0,True
2025-11-20 12:50:00,VIC1,2220.0,2243.3125,3635.0,8,2,0,10,3800.0,890.0,10,10,0,True
2025-11-20 12:55:00,VIC1,2220.0,2217.15625,3635.0,8,2,0,10,3800.0,890.0,10,10,0,True
2025-11-20 13:00:00,VIC1,2220.0,2213.1875,3635.0,8,2,0,10,3800.0,890.0,10,10,0,True
2025-11-20 13:05:00,VIC1,2220.0,2206.28125,3635.0,8,2,0,10,3800.0,890.0,10,10,0,True
2025-11-20 13:10:00,VIC1,2220.0,2215.78125,3635.0,8,2,0,10,3800.0,890.0,10,10,0,True
2025-11-20 13:15:00,VIC1,2220.0,2229.65625,3635.0,8,2,0,10,3800.0,890.0,10,10,0,True
2025-11-20 13:20:00,VIC1,2220.0,2252.0625,3635.0,8,2,0,10,3800.0,890.0,10,10,0,True
2025-11-20 13:25:00,VIC1,2220.0,2234.0,3879.0,8,2,0,10,3800.0,890.0,10,10,0,True
2025-11-20 13:30:00,VIC1,2220.0,2209.5625,3879.0,8,2,0,10,3800.0,890.0,10,10,0,True
2025-11-20 13:35:00,VIC1,2210.0,2206.0625,3879.0,8,2,0,10,3800.0,890.0,10,10,0,True
2025-11-20 13:40:00,VIC1,2210.0,2235.34375,3879.0,8,2,0,10,3800.0,890.0,10,10,0,True
2025-11-20 13:45:00,VIC1,2210.0,2203.5625,3879.0,8,2,0,10,3800.0,890.0,10,10,0,True
2025-11-20 13:50:00,VIC1,2210.0,2241.0625,3879.0,8,2,0,10,3800.0,890.0,10,10,0,True
2025-11-20 13:55:00,VIC1,2210.0,2215.1875,3879.0,8,2,0,10,3800.0,890.0,10,10,0,True
2025-11-20 14:00:00,VIC1,2210.0,2202.53125,3879.0,8,2,0,10,3800.0,890.0,10,10,0,True
2025-11-20 14:05:00,VIC1,2210.0,2208.15625,3879.0,8,2,0,10,3800.0,890.0,10,10,0,True
2025-11-20 14:10:00,VIC1,2210.0,2237.15625,3879.0,8,2,0,10,3800.0,890.0,10,10,0,True
2025-11-20 14:15:00,VIC1,2210.0,2192.84375,3879.0,8,2,0,10,3800.0,890.0,10,10,0,True
2025-11-20 14:20:00,VIC1,2210.0,2197.6875,3879.0,8,2,0,10,3800.0,890.0,10,10,0,True
2025-11-20 14:25:00,VIC1,2210.0,2184.34375,3879.0,8,2,0,10,3800.0,890.0,10,10,0,True
2025-11-20 14:30:00,VIC1,2210.0,2199.6875,3879.0,8,2,0,10,3800.0,890.0,10,10,0,True
2025-11-20 14:35:00,VIC1,2210.0,2204.125,3879.0,8,2,0,10,3800.0,890.0,10,10,0,True
2025-11-20 14:40:00,VIC1,2210.0,2219.09375,3899.0,8,2,0,10,3800.0,890.0,10,10,0,True
2025-11-20 14:45:00,VIC1,2210.0,2187.4375,3899.0,8,2,0,10,3800.0,890.0,10,10,0,True
2025-11-20 14:50:00,VIC1,2210.0,2235.34375,3899.0,8,2,0,10,3800.0,890.0,10,10,0,True
2025-11-20 14:55:00,VIC1,2210.0,2200.875,3899.0,8,2,0,10,3800.0,890.0,10,10,0,True
2025-11-20 15:00:00,VIC1,2210.0,2221.53125,3899.0,8,2,0,10,3800.0,890.0,10,10,0,True
2025-11-20 15:05:00,VIC1,2210.0,2203.4375,3899.0,8,2,0,10,3800.0,890.0,10,10,0,True
2025-11-20 15:10:00,VIC1,2210.0,2232.5,3899.0,8,2,0,10,3800.0,890.0,10,10,0,True
2025-11-20 15:15:00,VIC1,2210.0,2246.09375,3899.0,8,2,0,10,3800.0,890.0,10,10,0,True
2025-12-02 10:00:00,VIC1,2170.0,2111.125,3518.0,7,3,0,10,3420.0,1270.0,10,10,0,True
2025-12-02 10:05:00,VIC1,2170.0,2172.875,3518.0,7,3,0,10,3420.0,1270.0,10,10,0,True
2025-12-02 10:10:00,VIC1,2170.0,2181.34375,3518.0,7,3,0,10,3420.0,1270.0,10,10,0,True
2025-12-02 10:15:00,VIC1,2170.0,2208.5,3518.0,7,3,0,10,3420.0,1270.0,10,10,0,True
2025-12-02 10:20:00,VIC1,2117.1875,2141.25,3518.0,7,3,0,10,3420.0,1270.0,10,10,0,True
2025-12-02 10:25:00,VIC1,2110.0,2153.6875,3518.0,7,3,0,10,3420.0,1270.0,10,10,0,True
2025-12-02 10:30:00,VIC1,2110.0,2105.3125,3518.0,7,3,0,10,3420.0,1270.0,10,10,0,True
2025-12-02 10:35:00,VIC1,2052.3125,2079.46875,3518.0,7,3,0,10,3420.0,1270.0,10,10,0,True
2025-12-02 10:40:00,VIC1,2050.0,2070.09375,3518.0,7,3,0,10,3420.0,1270.0,10,10,0,True
2025-12-02 10:45:00,VIC1,2050.0,2075.875,3518.0,7,3,0,10,3420.0,1270.0,10,10,0,True
2025-12-02 10:50:00,VIC1,2050.0,2054.1875,3518.0,7,3,0,10,3420.0,1270.0,10,10,0,True
2025-12-02 10:55:00,VIC1,2050.0,2077.90625,3518.0,7,3,0,10,3420.0,1270.0,10,10,0,True
2025-12-02 11:00:00,VIC1,2050.0,2030.3125,3518.0,7,3,0,10,3420.0,1270.0,10,10,0,True
2025-12-02 11:05:00,VIC1,2050.0,2061.8125,3518.0,7,3,0,10,3420.0,1270.0,10,10,0,True
2025-12-02 11:10:00,VIC1,2050.0,2038.15625,3518.0,7,3,0,10,3420.0,1270.0,10,10,0,True
2025-12-02 11:15:00,VIC1,2050.0,2042.1875,3518.0,7,3,0,10,3420.0,1270.0,10,10,0,True
2025-12-02 11:20:00,VIC1,2050.0,2062.09375,3518.0,7,3,0,10,3420.0,1270.0,10,10,0,True
2025-12-02 11:25:00,VIC1,2030.0,2078.46875,3518.0,7,3,0,10,3420.0,1270.0,10,10,0,True
2025-12-02 11:30:00,VIC1,2030.0,2007.8125,3518.0,7,3,0,10,3420.0,1270.0,10,10,0,True
2025-12-02 11:35:00,VIC1,2030.0,2052.09375,3518.0,7,3,0,10,3420.0,1270.0,10,10,0,True
2025-12-02 11:40:00,VIC1,2030.0,2052.09375,3518.0,7,3,0,10,3420.0,1270.0,10,10,0,True
2025-12-02 11:45:00,VIC1,2030.0,2022.65625,3518.0,7,3,0,10,3420.0,1270.0,10,10,0,True
2025-12-02 11:50:00,VIC1,2030.0,2054.9375,3518.0,7,3,0,10,3420.0,1270.0,10,10,0,True
2025-12-02 11:55:00,VIC1,2030.0,2024.1875,3518.0,7,3,0,10,3420.0,1270.0,10,10,0,True
2025-12-02 12:00:00,VIC1,2010.0,2057.78125,3518.0,7,3,0,10,3420.0,1270.0,10,10,0,True
2025-12-02 12:05:00,VIC1,2010.0,2005.4375,3518.0,7,3,0,10,3420.0,1270.0,10,10,0,True
2025-12-02 12:10:00,VIC1,2010.0,2041.46875,3518.0,7,3,0,10,3420.0,1270.0,10,10,0,True
2025-12-02 12:15:00,VIC1,2010.0,2007.59375,3518.0,7,3,0,10,3420.0,1270.0,10,10,0,True
2025-12-02 12:20:00,VIC1,2010.0,2034.84375,3518.0,7,3,0,10,3420.0,1270.0,10,10,0,True
2025-12-02 12:25:00,VIC1,2010.0,2027.03125,3518.0,7,3,0,10,3420.0,1270.0,10,10,0,True
2025-12-02 12:30:00,VIC1,2010.0,2021.625,3518.0,7,3,0,10,3420.0,1270.0,10,10,0,True
2025-12-02 12:35:00,VIC1,2010.0,2024.84375,3518.0,7,3,0,10,3420.0,1270.0,10,10,0,True
2025-12-02 12:40:00,VIC1,2010.0,1989.1875,3518.0,7,3,0,10,3420.0,1270.0,10,10,0,True
2025-12-02 12:45:00,VIC1,2010.0,1981.25,3518.0,7,3,0,10,3420.0,1270.0,10,10,0,True
2025-12-02 12:50:00,VIC1,2010.0,2010.59375,3518.0,7,3,0,10,3420.0,1270.0,10,10,0,True
2025-12-02 12:55:00,VIC1,2010.0,1987.9375,3518.0,7,3,0,10,3420.0,1270.0,10,10,0,True
2025-12-02 13:00:00,VIC1,2010.0,1989.84375,3518.0,7,3,0,10,3420.0,1270.0,10,10,0,True
2025-12-02 13:05:00,VIC1,2010.0,2019.71875,3518.0,7,3,0,10,3420.0,1270.0,10,10,0,True
2025-12-02 13:10:00,VIC1,2010.0,1995.9375,3518.0,7,3,0,10,3420.0,1270.0,10,10,0,True
2025-12-02 13:15:00,VIC1,2010.0,1999.8125,3518.0,7,3,0,10,3420.0,1270.0,10,10,0,True
2025-12-02 13:20:00,VIC1,2010.0,2008.75,3518.0,7,3,0,10,3420.0,1270.0,10,10,0,True
2025-12-02 13:25:00,VIC1,2010.0,2027.25,3518.0,7,3,0,10,3420.0,1270.0,10,10,0,True
2025-12-02 13:30:00,VIC1,2010.0,2000.9375,3518.0,7,3,0,10,3420.0,1270.0,10,10,0,True
2025-12-02 13:35:00,VIC1,2010.0,1999.0625,3518.0,7,3,0,10,3420.0,1270.0,10,10,0,True
2025-12-02 13:40:00,VIC1,2010.0,2027.96875,3518.0,7,3,0,10,3420.0,1270.0,10,10,0,True
2025-12-02 13:45:00,VIC1,2010.0,2010.125,3518.0,7,3,0,10,3420.0,1270.0,10,10,0,True
2025-12-02 13:50:00,VIC1,2010.0,2033.59375,3518.0,7,3,0,10,3420.0,1270.0,10,10,0,True
2025-12-02 13:55:00,VIC1,2010.0,1994.15625,3518.0,7,3,0,10,3420.0,1270.0,10,10,0,True
2025-12-02 14:00:00,VIC1,2010.0,2034.5625,3518.0,7,3,0,10,3420.0,1270.0,10,10,0,True
2025-12-13 14:10:00,VIC1,2540.20906,2452.8125,2968.0,6,4,0,10,2920.0,1770.0,10,10,0,True
2025-12-13 14:15:00,VIC1,2565.85502,2553.125,2968.0,6,4,0,10,2920.0,1770.0,10,10,0,True
2025-12-13 14:20:00,VIC1,2511.0001,2566.1875,2968.0,6,4,0,10,2920.0,1770.0,10,10,0,True
2025-12-13 14:25:00,VIC1,2527.52304,2487.34375,2968.0,6,4,0,10,2920.0,1770.0,10,10,0,True
2025-12-13 14:30:00,VIC1,2619.46875,2524.3125,2968.0,6,4,0,10,2920.0,1770.0,10,10,0,True
2025-12-13 14:35:00,VIC1,2720.40625,2625.46875,2968.0,6,4,0,10,2920.0,1770.0,10,10,0,True
2025-12-13 14:40:00,VIC1,2698.78125,2708.0,2968.0,6,4,0,10,2920.0,1770.0,10,10,0,True
2025-12-13 14:45:00,VIC1,2840.09375,2746.8125,2968.0,6,4,0,10,2920.0,1770.0,10,10,0,True
2025-12-13 14:50:00,VIC1,2922.09375,2870.4375,2968.0,6,4,0,10,2920.0,1770.0,10,10,0,True
2025-12-13 14:55:00,VIC1,2953.0,2903.84375,2968.0,6,4,0,10,2920.0,1770.0,10,10,0,True
2025-12-13 15:00:00,VIC1,2956.0,2965.46875,2968.0,6,4,0,10,2920.0,1770.0,10,10,0,True
2025-12-13 15:05:00,VIC1,2956.0,2944.625,2968.0,6,4,0,10,2920.0,1770.0,10,10,0,True
2025-12-13 15:10:00,VIC1,2958.0,2974.4375,2968.0,6,4,0,10,2920.0,1770.0,10,10,0,True
2025-12-13 15:15:00,VIC1,2956.0,2937.15625,2968.0,6,4,0,10,2920.0,1770.0,10,10,0,True
2025-12-13 15:20:00,VIC1,2956.0,2963.71875,2968.0,6,4,0,10,2920.0,1770.0,10,10,0,True
2025-12-13 15:25:00,VIC1,2956.0,2935.53125,2968.0,6,4,0,10,2920.0,1770.0,10,10,0,True
2025-12-13 15:30:00,VIC1,2958.0,2950.59375,2968.0,6,4,0,10,2920.0,1770.0,10,10,0,True
2025-12-13 15:35:00,VIC1,2958.0,2940.84375,2968.0,6,4,0,10,2920.0,1770.0,10,10,0,True
2025-12-13 15:40:00,VIC1,2958.0,2920.8125,2968.0,6,4,0,10,2920.0,1770.0,10,10,0,True
2025-12-13 15:45:00,VIC1,2958.0,2938.9375,2968.0,6,4,0,10,2920.0,1770.0,10,10,0,True
2025-12-13 15:50:00,VIC1,2958.0,2939.21875,2968.0,6,4,0,10,2920.0,1770.0,10,10,0,True
2025-12-13 15:55:00,VIC1,2958.0,2970.875,2968.0,6,4,0,10,2920.0,1770.0,10,10,0,True
2025-12-13 16:00:00,VIC1,2958.0,2919.28125,2968.0,6,4,0,10,2920.0,1770.0,10,10,0,True
2025-12-13 16:05:00,VIC1,2958.0,2915.15625,2968.0,6,4,0,10,2920.0,1770.0,10,10,0,True
2025-12-13 16:10:00,VIC1,2958.0,2928.78125,2968.0,6,4,0,10,2920.0,1770.0,10,10,0,True
2025-12-13 16:15:00,VIC1,2943.1175,2946.0,2968.0,6,4,0,10,2920.0,1770.0,10,10,0,True
2025-12-13 16:20:00,VIC1,2892.3125,2950.1875,2968.0,6,4,0,10,2920.0,1770.0,10,10,0,True
2025-12-13 16:25:00,VIC1,2857.21875,2918.5,2968.0,6,4,0,10,2920.0,1770.0,10,10,0,True
2025-12-13 16:30:00,VIC1,2892.74664,2843.15625,2968.0,6,4,0,10,2920.0,1770.0,10,10,0,True
2025-12-13 16:35:00,VIC1,2804.0,2864.03125,2968.0,6,4,0,10,2920.0,1770.0,10,10,0,True
2025-12-13 16:40:00,VIC1,2706.90834,2816.40625,2968.0,6,4,0,10,2920.0,1770.0,10,10,0,True
2025-12-13 16:45:00,VIC1,2615.0,2702.75,2968.0,6,4,0,10,2920.0,1770.0,10,10,0,True
2025-12-13 16:50:00,VIC1,2537.0,2597.96875,2968.0,6,4,0,10,2920.0,1770.0,10,10,0,True
2025-12-13 16:55:00,VIC1,2510.0,2545.15625,2968.0,6,4,0,10,2920.0,1770.0,10,10,0,True
2025-12-13 17:00:00,VIC1,2510.0,2542.15625,2968.0,6,4,0,10,2920.0,1770.0,10,10,0,True
2025-12-13 17:05:00,VIC1,2575.0,2491.625,2968.0,6,4,0,10,2920.0,1770.0,10,10,0,True
2025-12-13 17:10:00,VIC1,2658.0,2583.40625,2968.0,6,4,0,10,2920.0,1770.0,10,10,0,True
2025-12-13 17:15:00,VIC1,2730.0,2662.71875,2968.0,6,4,0,10,2920.0,1770.0,10,10,0,True
2025-12-13 17:20:00,VIC1,2743.8125,2715.59375,2968.0,6,4,0,10,2920.0,1770.0,10,10,0,True
2025-12-13 17:25:00,VIC1,2840.0,2781.0625,2968.0,6,4,0,10,2920.0,1770.0,10,10,0,True
2025-12-13 17:30:00,VIC1,2840.0,2816.9375,2968.0,6,4,0,10,2920.0,1770.0,10,10,0,True
2025-12-13 17:35:00,VIC1,2840.0,2846.9375,2968.0,6,4,0,10,2920.0,1770.0,10,10,0,True
2025-12-13 17:40:00,VIC1,2840.0,2854.9375,2968.0,6,4,0,10,2920.0,1770.0,10,10,0,True
2025-12-13 17:45:00,VIC1,2840.0,2836.875,2968.0,6,4,0,10,2920.0,1770.0,10,10,0,True
2025-12-13 17:50:00,VIC1,2840.0,2864.40625,2968.0,6,4,0,10,2920.0,1770.0,10,10,0,True
2025-12-13 17:55:00,VIC1,2840.0,2818.9375,2968.0,6,4,0,10,2920.0,1770.0,10,10,0,True
2025-12-13 18:00:00,VIC1,2840.0,2834.3125,2968.0,6,4,0,10,2920.0,1770.0,10,10,0,True
2025-12-13 18:05:00,VIC1,2900.0,2870.75,2968.0,6,4,0,10,2920.0,1770.0,10,10,0,True
2025-12-13 18:10:00,VIC1,2900.0,2905.0,2968.0,6,4,0,10,2920.0,1770.0,10,10,0,True
2025-12-17 11:30:00,VIC1,2517.51906,2579.15625,3546.0,7,3,0,10,3420.0,1270.0,10,10,0,True
2025-12-17 11:35:00,VIC1,2599.87821,2568.28125,3546.0,7,3,0,10,3420.0,1270.0,10,10,0,True
2025-12-17 11:40:00,VIC1,2774.53125,2604.125,3546.0,7,3,0,10,3420.0,1270.0,10,10,0,True
2025-12-17 11:45:00,VIC1,2730.0,2736.59375,3546.0,7,3,0,10,3420.0,1270.0,10,10,0,True
2025-12-17 11:50:00,VIC1,2805.0,2751.65625,3546.0,7,3,0,10,3420.0,1270.0,10,10,0,True
2025-12-17 11:55:00,VIC1,2835.0,2850.46875,3546.0,7,3,0,10,3420.0,1270.0,10,10,0,True
2025-12-17 12:00:00,VIC1,2835.0,2847.375,3546.0,7,3,0,10,3420.0,1270.0,10,10,0,True
2025-12-17 12:05:00,VIC1,2895.0,2862.78125,3546.0,7,3,0,10,3420.0,1270.0,10,10,0,True
2025-12-17 12:10:00,VIC1,2895.0,2903.71875,3546.0,7,3,0,10,3420.0,1270.0,10,10,0,True
2025-12-17 12:15:00,VIC1,2890.76895,2861.75,3546.0,7,3,0,10,3420.0,1270.0,10,10,0,True
2025-12-17 12:20:00,VIC1,2895.0,2885.59375,3546.0,7,3,0,10,3420.0,1270.0,10,10,0,True
2025-12-17 12:25:00,VIC1,2895.0,2868.8125,3546.0,7,3,0,10,3420.0,1270.0,10,10,0,True
2025-12-17 12:30:00,VIC1,2988.94814,2889.71875,3546.0,7,3,0,10,3420.0,1270.0,10,10,0,True
2025-12-17 12:35:00,VIC1,2880.0,2971.65625,3546.0,7,3,0,10,3420.0,1270.0,10,10,0,True
2025-12-17 12:40:00,VIC1,2880.0,2884.46875,3546.0,7,3,0,10,3420.0,1270.0,10,10,0,True
2025-12-17 12:45:00,VIC1,2880.0,2894.0,3546.0,7,3,0,10,3420.0,1270.0,10,10,0,True
2025-12-17 12:50:00,VIC1,2880.0,2856.125,3546.0,7,3,0,10,3420.0,1270.0,10,10,0,True
2025-12-17 12:55:00,VIC1,3053.0,2879.1875,3546.0,7,3,0,10,3420.0,1270.0,10,10,0,True
2025-12-17 13:00:00,VIC1,3150.0249400000002,3006.59375,3546.0,7,3,0,10,3420.0,1270.0,10,10,0,True
2025-12-17 13:05:00,VIC1,2977.375,3151.21875,3546.0,7,3,0,10,3420.0,1270.0,10,10,0,True
2025-12-17 13:10:00,VIC1,3072.74808,3000.8125,3546.0,7,3,0,10,3420.0,1270.0,10,10,0,True
2025-12-17 13:15:00,VIC1,3236.25,3076.90625,3546.0,7,3,0,10,3420.0,1270.0,10,10,0,True
2025-12-17 13:20:00,VIC1,3058.375,3200.96875,3546.0,7,3,0,10,3420.0,1270.0,10,10,0,True
2025-12-17 13:25:00,VIC1,3256.59375,3119.09375,3546.0,7,3,0,10,3420.0,1270.0,10,10,0,True
2025-12-17 13:30:00,VIC1,3246.8670199999997,3185.84375,3546.0,7,3,0,10,3420.0,1270.0,10,10,0,True
2025-12-17 13:35:00,VIC1,3348.7956999999997,3276.1875,3546.0,7,3,0,10,3420.0,1270.0,10,10,0,True
2025-12-17 13:40:00,VIC1,3410.0,3346.125,3546.0,7,3,0,10,3420.0,1270.0,10,10,0,True
2025-12-17 13:45:00,VIC1,3436.0,3412.03125,3546.0,7,3,0,10,3420.0,1270.0,10,10,0,True
2025-12-17 13:50:00,VIC1,3436.0,3430.125,3546.0,7,3,0,10,3420.0,1270.0,10,10,0,True
2025-12-17 13:55:00,VIC1,3464.0,3423.28125,3546.0,7,3,0,10,3420.0,1270.0,10,10,0,True
2025-12-17 14:00:00,VIC1,3466.0,3462.625,3546.0,7,3,0,10,3420.0,1270.0,10,10,0,True
2025-12-17 14:05:00,VIC1,3464.0,3462.03125,3546.0,7,3,0,10,3420.0,1270.0,10,10,0,True
2025-12-17 14:10:00,VIC1,3464.0,3450.9375,3546.0,7,3,0,10,3420.0,1270.0,10,10,0,True
2025-12-17 14:15:00,VIC1,3464.0,3436.875,3546.0,7,3,0,10,3420.0,1270.0,10,10,0,True
2025-12-17 14:20:00,VIC1,3466.0,3435.03125,3546.0,7,3,0,10,3420.0,1270.0,10,10,0,True
2025-12-17 14:25:00,VIC1,3454.0,3435.4375,3534.0,7,3,0,10,3420.0,1270.0,10,10,0,True
2025-12-17 14:30:00,VIC1,3454.0,3466.125,3534.0,7,3,0,10,3420.0,1270.0,10,10,0,True
2025-12-17 14:35:00,VIC1,3467.6875,3455.9375,3534.0,7,3,0,10,3420.0,1270.0,10,10,0,True
2025-12-17 14:40:00,VIC1,3476.125,3473.25,3534.0,7,3,0,10,3420.0,1270.0,10,10,0,True
2025-12-17 14:45:00,VIC1,3486.53125,3479.03125,3534.0,7,3,0,10,3420.0,1270.0,10,10,0,True
2025-12-17 14:50:00,VIC1,3497.78125,3496.15625,3534.0,7,3,0,10,3420.0,1270.0,10,10,0,True
2025-12-17 14:55:00,VIC1,3506.78125,3500.15625,3534.0,7,3,0,10,3420.0,1270.0,10,10,0,True
2025-12-17 15:00:00,VIC1,3515.21875,3467.59375,3534.0,7,3,0,10,3420.0,1270.0,10,10,0,True
2025-12-17 15:05:00,VIC1,3524.0,3499.5,3534.0,7,3,0,10,3420.0,1270.0,10,10,0,True
2025-12-17 15:10:00,VIC1,3524.0,3519.75,3534.0,7,3,0,10,3420.0,1270.0,10,10,0,True
2025-12-17 15:15:00,VIC1,3524.0,3535.3125,3534.0,7,3,0,10,3420.0,1270.0,10,10,0,True
2025-12-17 15:20:00,VIC1,3524.0,3514.6875,3534.0,7,3,0,10,3420.0,1270.0,10,10,0,True
2025-12-17 15:25:00,VIC1,3524.0,3530.3125,3534.0,7,3,0,10,3420.0,1270.0,10,10,0,True
2025-12-17 15:30:00,VIC1,3524.0,3528.5,3534.0,7,3,0,10,3420.0,1270.0,10,10,0,True
2025-12-20 15:00:00,VIC1,2659.0,2736.46875,3539.0,7,3,0,10,3420.0,1270.0,10,10,0,True
2025-12-20 15:05:00,VIC1,2624.30236,2708.6875,3539.0,7,3,0,10,3420.0,1270.0,10,10,0,True
2025-12-20 15:10:00,VIC1,2627.0,2684.90625,3539.0,7,3,0,10,3420.0,1270.0,10,10,0,True
2025-12-20 15:15:00,VIC1,2568.0,2642.75,3539.0,7,3,0,10,3420.0,1270.0,10,10,0,True
2025-12-20 15:20:00,VIC1,2577.0,2639.59375,3539.0,7,3,0,10,3420.0,1270.0,10,10,0,True
2025-12-20 15:25:00,VIC1,2514.0,2591.65625,3539.0,7,3,0,10,3420.0,1270.0,10,10,0,True
2025-12-20 15:30:00,VIC1,2495.0,2568.1875,3539.0,7,3,0,10,3420.0,1270.0,10,10,0,True
2025-12-20 15:35:00,VIC1,2500.0,2551.03125,3539.0,7,3,0,10,3420.0,1270.0,10,10,0,True
2025-12-20 15:40:00,VIC1,2574.0,2572.3125,3539.0,7,3,0,10,3420.0,1270.0,10,10,0,True
2025-12-20 15:45:00,VIC1,2508.28125,2651.09375,3539.0,7,3,0,10,3420.0,1270.0,10,10,0,True
2025-12-20 15:50:00,VIC1,2489.28154,2588.59375,3539.0,7,3,0,10,3420.0,1270.0,10,10,0,True
2025-12-20 15:55:00,VIC1,2468.0,2539.5,3539.0,7,3,0,10,3420.0,1270.0,10,10,0,True
2025-12-20 16:00:00,VIC1,2668.3125,2528.25,3539.0,7,3,0,10,3420.0,1270.0,10,10,0,True
2025-12-20 16:05:00,VIC1,2554.73126,2659.46875,3539.0,7,3,0,10,3420.0,1270.0,10,10,0,True
2025-12-20 16:10:00,VIC1,2599.8125,2546.78125,3539.0,7,3,0,10,3420.0,1270.0,10,10,0,True
2025-12-20 16:15:00,VIC1,2551.50442,2587.03125,3539.0,7,3,0,10,3420.0,1270.0,10,10,0,True
2025-12-20 16:20:00,VIC1,2590.04406,2582.84375,3539.0,7,3,0,10,3420.0,1270.0,10,10,0,True
2025-12-20 16:25:00,VIC1,2564.09185,2634.0,3539.0,7,3,0,10,3420.0,1270.0,10,10,0,True
2025-12-20 16:30:00,VIC1,2642.92324,2586.65625,3539.0,7,3,0,10,3420.0,1270.0,10,10,0,True
2025-12-20 16:35:00,VIC1,2654.71875,2667.96875,3539.0,7,3,0,10,3420.0,1270.0,10,10,0,True
2025-12-20 16:40:00,VIC1,2758.0,2708.5,3539.0,7,3,0,10,3420.0,1270.0,10,10,0,True
2025-12-20 16:45:00,VIC1,2743.0,2789.78125,3539.0,7,3,0,10,3420.0,1270.0,10,10,0,True
2025-12-20 16:50:00,VIC1,2904.3125,2784.53125,3539.0,7,3,0,10,3420.0,1270.0,10,10,0,True
2025-12-20 16:55:00,VIC1,2844.42629,2974.25,3539.0,7,3,0,10,3420.0,1270.0,10,10,0,True
2025-12-20 17:00:00,VIC1,2986.31846,2948.40625,3539.0,7,3,0,10,3420.0,1270.0,10,10,0,True
2025-12-20 17:05:00,VIC1,2896.21068,2928.28125,3539.0,7,3,0,10,3420.0,1270.0,10,10,0,True
2025-12-20 17:10:00,VIC1,3061.0625,2926.09375,3539.0,7,3,0,10,3420.0,1270.0,10,10,0,True
2025-12-20 17:15:00,VIC1,3127.0,3073.0,3539.0,7,3,0,10,3420.0,1270.0,10,10,0,True
2025-12-20 17:20:00,VIC1,3171.45056,3177.1875,3539.0,7,3,0,10,3420.0,1270.0,10,10,0,True
2025-12-20 17:25:00,VIC1,3256.0,3180.6875,3539.0,7,3,0,10,3420.0,1270.0,10,10,0,True
2025-12-20 17:30:00,VIC1,3306.0,3261.15625,3539.0,7,3,0,10,3420.0,1270.0,10,10,0,True
2025-12-20 17:35:00,VIC1,3379.0,3299.875,3539.0,7,3,0,10,3420.0,1270.0,10,10,0,True
2025-12-20 17:40:00,VIC1,3447.0,3372.84375,3539.0,7,3,0,10,3420.0,1270.0,10,10,0,True
2025-12-20 17:45:00,VIC1,3532.0,3497.34375,3539.0,7,3,0,10,3420.0,1270.0,10,10,0,True
2025-12-20 17:50:00,VIC1,3532.0,3508.375,3539.0,7,3,0,10,3420.0,1270.0,10,10,0,True
2025-12-20 17:55:00,VIC1,3532.0,3547.71875,3539.0,7,3,0,10,3420.0,1270.0,10,10,0,True
2025-12-20 18:00:00,VIC1,3532.0,3557.625,3539.0,7,3,0,10,3420.0,1270.0,10,10,0,True
2025-12-20 18:05:00,VIC1,3532.0,3525.46875,3539.0,7,3,0,10,3420.0,1270.0,10,10,0,True
2025-12-20 18:10:00,VIC1,3398.90625,3540.65625,3539.0,7,3,0,10,3420.0,1270.0,10,10,0,True
2025-12-20 18:15:00,VIC1,3532.0,3413.125,3539.0,7,3,0,10,3420.0,1270.0,10,10,0,True
2025-12-20 18:20:00,VIC1,3532.0,3555.3125,3539.0,7,3,0,10,3420.0,1270.0,10,10,0,True
2025-12-20 18:25:00,VIC1,3532.0,3511.90625,3539.0,7,3,0,10,3420.0,1270.0,10,10,0,True
2025-12-20 18:30:00,VIC1,3532.0,3503.1875,3539.0,7,3,0,10,3420.0,1270.0,10,10,0,True
2025-12-20 18:35:00,VIC1,3532.0,3534.71875,3539.0,7,3,0,10,3420.0,1270.0,10,10,0,True
2025-12-20 18:40:00,VIC1,3532.0,3505.96875,3539.0,7,3,0,10,3420.0,1270.0,10,10,0,True
2025-12-20 18:45:00,VIC1,3532.0,3523.53125,3539.0,7,3,0,10,3420.0,1270.0,10,10,0,True
2025-12-20 18:50:00,VIC1,3532.0,3510.25,3539.0,7,3,0,10,3420.0,1270.0,10,10,0,True
2025-12-20 18:55:00,VIC1,3532.0,3531.78125,3539.0,7,3,0,10,3420.0,1270.0,10,10,0,True
2025-12-20 19:00:00,VIC1,3532.0,3497.4375,3539.0,7,3,0,10,3420.0,1270.0,10,10,0,True
2025-12-28 20:45:00,VIC1,3902.0,3888.0625,3907.0,8,2,0,10,3800.0,890.0,10,10,0,True
2025-12-28 20:50:00,VIC1,3902.0,3890.78125,3907.0,8,2,0,10,3800.0,890.0,10,10,0,True
2025-12-28 20:55:00,VIC1,3902.0,3904.71875,3907.0,8,2,0,10,3800.0,890.0,10,10,0,True
2025-12-28 21:00:00,VIC1,3902.0,3899.28125,3907.0,8,2,0,10,3800.0,890.0,10,10,0,True
2025-12-28 21:05:00,VIC1,3900.0,3854.34375,3907.0,8,2,0,10,3800.0,890.0,10,10,0,True
2025-12-28 21:10:00,VIC1,3902.0,3905.625,3907.0,8,2,0,10,3800.0,890.0,10,10,0,True
2025-12-28 21:15:00,VIC1,3902.0,3905.4375,3907.0,8,2,0,10,3800.0,890.0,10,10,0,True
2025-12-28 21:20:00,VIC1,3902.0,3911.9375,3907.0,8,2,0,10,3800.0,890.0,10,10,0,True
2025-12-28 21:25:00,VIC1,3902.0,3896.1875,3907.0,8,2,0,10,3800.0,890.0,10,10,0,True
2025-12-28 21:30:00,VIC1,3902.0,3882.8125,3907.0,8,2,0,10,3800.0,890.0,10,10,0,True
2025-12-28 21:35:00,VIC1,3902.0,3902.375,3907.0,8,2,0,10,3800.0,890.0,10,10,0,True
2025-12-28 21:40:00,VIC1,3902.0,3912.84375,3907.0,8,2,0,10,3800.0,890.0,10,10,0,True
2025-12-28 21:45:00,VIC1,3902.0,3887.875,3907.0,8,2,0,10,3800.0,890.0,10,10,0,True
2025-12-28 21:50:00,VIC1,3902.0,3897.4375,3907.0,8,2,0,10,3800.0,890.0,10,10,0,True
2025-12-28 21:55:00,VIC1,3902.0,3898.21875,3907.0,8,2,0,10,3800.0,890.0,10,10,0,True
2025-12-28 22:00:00,VIC1,3902.0,3911.28125,3907.0,8,2,0,10,3800.0,890.0,10,10,0,True
2025-12-28 22:05:00,VIC1,3902.0,3887.4375,3907.0,8,2,0,10,3800.0,890.0,10,10,0,True
2025-12-28 22:10:00,VIC1,3902.0,3904.03125,3907.0,8,2,0,10,3800.0,890.0,10,10,0,True
2025-12-28 22:15:00,VIC1,3902.0,3908.9375,3907.0,8,2,0,10,3800.0,890.0,10,10,0,True
2025-12-28 22:20:00,VIC1,3902.0,3902.5,3907.0,8,2,0,10,3800.0,890.0,10,10,0,True
2025-12-28 22:25:00,VIC1,3902.0,3909.71875,3907.0,8,2,0,10,3800.0,890.0,10,10,0,True
2025-12-28 22:30:00,VIC1,3902.0,3908.65625,3907.0,8,2,0,10,3800.0,890.0,10,10,0,True
2025-12-28 22:35:00,VIC1,3902.0,3883.875,3907.0,8,2,0,10,3800.0,890.0,10,10,0,True
2025-12-28 22:40:00,VIC1,3902.0,3881.09375,3907.0,8,2,0,10,3800.0,890.0,10,10,0,True
2025-12-28 22:45:00,VIC1,3902.0,3887.5,3907.0,8,2,0,10,3800.0,890.0,10,10,0,True
2025-12-28 22:50:00,VIC1,3902.0,3898.15625,3907.0,8,2,0,10,3800.0,890.0,10,10,0,True
2025-12-28 22:55:00,VIC1,3902.0,3905.25,3907.0,8,2,0,10,3800.0,890.0,10,10,0,True
2025-12-28 23:00:00,VIC1,3902.0,3873.59375,3907.0,8,2,0,10,3800.0,890.0,10,10,0,True
2025-12-28 23:05:00,VIC1,3902.0,3890.34375,3907.0,8,2,0,10,3800.0,890.0,10,10,0,True
2025-12-28 23:10:00,VIC1,3902.0,3898.40625,3907.0,8,2,0,10,3800.0,890.0,10,10,0,True
2025-12-28 23:15:00,VIC1,3902.0,3886.46875,3907.0,8,2,0,10,3800.0,890.0,10,10,0,True
2025-12-28 23:20:00,VIC1,3902.0,3881.75,3907.0,8,2,0,10,3800.0,890.0,10,10,0,True
2025-12-28 23:25:00,VIC1,3902.0,3886.5,3907.0,8,2,0,10,3800.0,890.0,10,10,0,True
2025-12-28 23:30:00,VIC1,3902.0,3896.90625,3907.0,8,2,0,10,3800.0,890.0,10,10,0,True
2025-12-28 23:35:00,VIC1,3902.0,3892.1875,3907.0,8,2,0,10,3800.0,890.0,10,10,0,True
2025-12-28 23:40:00,VIC1,3897.1877400000003,3908.375,3907.0,8,2,0,10,3800.0,890.0,10,10,0,True
2025-12-28 23:45:00,VIC1,3902.0,3889.96875,3907.0,8,2,0,10,3800.0,890.0,10,10,0,True
2025-12-28 23:50:00,VIC1,3814.71359,3892.28125,3917.0,8,2,0,10,3800.0,890.0,10,10,0,True
2025-12-28 23:55:00,VIC1,3899.4436800000003,3815.6875,3917.0,8,2,0,10,3800.0,890.0,10,10,0,True
2025-12-29 00:00:00,VIC1,3823.5984,3885.34375,3917.0,8,2,0,10,3800.0,890.0,10,10,0,True
2025-12-29 00:05:00,VIC1,3766.1910399999997,3825.15625,3917.0,8,2,0,10,3800.0,890.0,10,10,0,True
2025-12-29 00:10:00,VIC1,3862.26244,3785.4375,3917.0,8,2,0,10,3800.0,890.0,10,10,0,True
2025-12-29 00:15:00,VIC1,3795.15899,3863.125,3917.0,8,2,0,10,3800.0,890.0,10,10,0,True
2025-12-29 00:20:00,VIC1,3771.28727,3791.28125,3917.0,8,2,0,10,3800.0,890.0,10,10,0,True
2025-12-29 00:25:00,VIC1,3742.0998499999996,3769.3125,3917.0,8,2,0,10,3800.0,890.0,10,10,0,True
2025-12-29 00:30:00,VIC1,3730.33886,3744.5625,3917.0,8,2,0,10,3800.0,890.0,10,10,0,True
2025-12-29 00:35:00,VIC1,3732.06545,3720.3125,3917.0,8,2,0,10,3800.0,890.0,10,10,0,True
2025-12-29 00:40:00,VIC1,3730.9166,3738.53125,3917.0,8,2,0,10,3800.0,890.0,10,10,0,True
2025-12-29 00:45:00,VIC1,3659.0,3725.625,3917.0,8,2,0,10,3800.0,890.0,10,10,0,True
2026-01-10 13:00:00,VIC1,2085.0,2095.375,3942.0,8,2,0,10,3950.0,740.0,10,10,0,True
2026-01-10 13:05:00,VIC1,2085.0,2079.9375,3942.0,8,2,0,10,3950.0,740.0,10,10,0,True
2026-01-10 13:10:00,VIC1,2085.0,2094.40625,3942.0,8,2,0,10,3950.0,740.0,10,10,0,True
2026-01-10 13:15:00,VIC1,2085.0,2101.75,3942.0,8,2,0,10,3950.0,740.0,10,10,0,True
2026-01-10 13:20:00,VIC1,2085.0,2084.375,3942.0,8,2,0,10,3950.0,740.0,10,10,0,True
2026-01-10 13:25:00,VIC1,2085.0,2096.75,3942.0,8,2,0,10,3950.0,740.0,10,10,0,True
2026-01-10 13:30:00,VIC1,2085.0,2093.21875,3942.0,8,2,0,10,3950.0,740.0,10,10,0,True
2026-01-10 13:35:00,VIC1,2085.0,2084.1875,3942.0,8,2,0,10,3950.0,740.0,10,10,0,True
2026-01-10 13:40:00,VIC1,2085.0,2090.78125,3942.0,8,2,0,10,3950.0,740.0,10,10,0,True
2026-01-10 13:45:00,VIC1,2085.0,2103.875,3942.0,8,2,0,10,3950.0,740.0,10,10,0,True
2026-01-10 13:50:00,VIC1,2085.0,2106.59375,3942.0,8,2,0,10,3950.0,740.0,10,10,0,True
2026-01-10 13:55:00,VIC1,2085.0,2090.9375,3942.0,8,2,0,10,3950.0,740.0,10,10,0,True
2026-01-10 14:00:00,VIC1,2085.0,2099.75,3942.0,8,2,0,10,3950.0,740.0,10,10,0,True
2026-01-10 14:05:00,VIC1,2085.0,2091.3125,3942.0,8,2,0,10,3950.0,740.0,10,10,0,True
2026-01-10 14:10:00,VIC1,2085.0,2076.84375,3942.0,8,2,0,10,3950.0,740.0,10,10,0,True
2026-01-10 14:15:00,VIC1,2085.0,2082.5625,3942.0,8,2,0,10,3950.0,740.0,10,10,0,True
2026-01-10 14:20:00,VIC1,2085.0,2084.6875,3942.0,8,2,0,10,3950.0,740.0,10,10,0,True
2026-01-10 14:25:00,VIC1,2085.0,2100.78125,3942.0,8,2,0,10,3950.0,740.0,10,10,0,True
2026-01-10 14:30:00,VIC1,2085.0,2125.6875,3942.0,8,2,0,10,3950.0,740.0,10,10,0,True
2026-01-10 14:35:00,VIC1,2085.0,2092.46875,3942.0,8,2,0,10,3950.0,740.0,10,10,0,True
2026-01-10 14:40:00,VIC1,2085.0,2083.96875,3942.0,8,2,0,10,3950.0,740.0,10,10,0,True
2026-01-10 14:45:00,VIC1,2085.0,2099.84375,3942.0,8,2,0,10,3950.0,740.0,10,10,0,True
2026-01-10 14:50:00,VIC1,2085.0,2087.40625,3942.0,8,2,0,10,3950.0,740.0,10,10,0,True
2026-01-10 14:55:00,VIC1,2085.0,2124.46875,3942.0,8,2,0,10,3950.0,740.0,10,10,0,True
2026-01-10 15:00:00,VIC1,2085.0,2089.75,3942.0,8,2,0,10,3950.0,740.0,10,10,0,True
2026-01-10 15:05:00,VIC1,2085.0,2098.53125,3942.0,8,2,0,10,3950.0,740.0,10,10,0,True
2026-01-10 15:10:00,VIC1,2085.0,2148.9375,3942.0,8,2,0,10,3950.0,740.0,10,10,0,True
2026-01-10 15:15:00,VIC1,2085.0,2089.90625,3942.0,8,2,0,10,3950.0,740.0,10,10,0,True
2026-01-10 15:20:00,VIC1,2085.0,2090.84375,3942.0,8,2,0,10,3950.0,740.0,10,10,0,True
2026-01-10 15:25:00,VIC1,2085.0,2117.21875,3942.0,8,2,0,10,3950.0,740.0,10,10,0,True
2026-01-10 15:30:00,VIC1,2085.0,2083.75,3942.0,8,2,0,10,3950.0,740.0,10,10,0,True
2026-01-10 15:35:00,VIC1,2085.0,2102.25,3942.0,8,2,0,10,3950.0,740.0,10,10,0,True
2026-01-10 15:40:00,VIC1,2085.0,2077.46875,3942.0,8,2,0,10,3950.0,740.0,10,10,0,True
2026-01-10 15:45:00,VIC1,2085.0,2081.34375,3942.0,8,2,0,10,3950.0,740.0,10,10,0,True
2026-01-10 15:50:00,VIC1,2085.0,2079.8125,3942.0,8,2,0,10,3950.0,740.0,10,10,0,True
2026-01-10 15:55:00,VIC1,2085.0,2084.125,3942.0,8,2,0,10,3950.0,740.0,10,10,0,True
2026-01-10 16:00:00,VIC1,2085.0,2085.65625,3942.0,8,2,0,10,3950.0,740.0,10,10,0,True
2026-01-10 16:05:00,VIC1,2085.0,2089.5625,3942.0,8,2,0,10,3950.0,740.0,10,10,0,True
2026-01-10 16:10:00,VIC1,2085.0,2083.46875,3942.0,8,2,0,10,3950.0,740.0,10,10,0,True
2026-01-10 16:15:00,VIC1,2085.0,2082.09375,3942.0,8,2,0,10,3950.0,740.0,10,10,0,True
2026-01-10 16:20:00,VIC1,2085.0,2075.3125,3942.0,8,2,0,10,3950.0,740.0,10,10,0,True
2026-01-10 16:25:00,VIC1,2085.0,2081.125,3942.0,8,2,0,10,3950.0,740.0,10,10,0,True
2026-01-10 16:30:00,VIC1,2085.0,2111.59375,3942.0,8,2,0,10,3950.0,740.0,10,10,0,True
2026-01-10 16:35:00,VIC1,2085.0,2104.46875,3942.0,8,2,0,10,3950.0,740.0,10,10,0,True
2026-01-10 16:40:00,VIC1,2085.0,2094.09375,3942.0,8,2,0,10,3950.0,740.0,10,10,0,True
2026-01-10 16:45:00,VIC1,2085.0,2083.03125,3942.0,8,2,0,10,3950.0,740.0,10,10,0,True
2026-01-10 16:50:00,VIC1,2085.0,2089.5,3942.0,8,2,0,10,3950.0,740.0,10,10,0,True
2026-01-10 16:55:00,VIC1,2085.0,2084.78125,3942.0,8,2,0,10,3950.0,740.0,10,10,0,True
2026-01-10 17:00:00,VIC1,2085.0,2084.0625,3942.0,8,2,0,10,3950.0,740.0,10,10,0,True
2026-01-19 13:05:00,VIC1,2608.5512,2658.96875,3916.0,8,2,0,10,3800.0,890.0,10,10,0,True
2026-01-19 13:10:00,VIC1,2651.51292,2599.125,3916.0,8,2,0,10,3800.0,890.0,10,10,0,True
2026-01-19 13:15:00,VIC1,2788.81362,2678.09375,3916.0,8,2,0,10,3800.0,890.0,10,10,0,True
2026-01-19 13:20:00,VIC1,2935.5625,2787.28125,3916.0,8,2,0,10,3800.0,890.0,10,10,0,True
2026-01-19 13:25:00,VIC1,3038.71875,2920.15625,3916.0,8,2,0,10,3800.0,890.0,10,10,0,True
2026-01-19 13:30:00,VIC1,3067.2758,3012.5,3916.0,8,2,0,10,3800.0,890.0,10,10,0,True
2026-01-19 13:35:00,VIC1,3221.54664,3100.1875,3916.0,8,2,0,10,3800.0,890.0,10,10,0,True
2026-01-19 13:40:00,VIC1,3274.8125,3200.15625,3916.0,8,2,0,10,3800.0,890.0,10,10,0,True
2026-01-19 13:45:00,VIC1,3276.0,3290.53125,3916.0,8,2,0,10,3800.0,890.0,10,10,0,True
2026-01-19 13:50:00,VIC1,3280.0,3246.34375,3916.0,8,2,0,10,3800.0,890.0,10,10,0,True
2026-01-19 13:55:00,VIC1,3280.0,3248.0,3916.0,8,2,0,10,3800.0,890.0,10,10,0,True
2026-01-19 14:00:00,VIC1,3280.0,3269.4375,3916.0,8,2,0,10,3800.0,890.0,10,10,0,True
2026-01-19 14:05:00,VIC1,3279.0,3338.9375,3916.0,8,2,0,10,3800.0,890.0,10,10,0,True
2026-01-19 14:10:00,VIC1,3266.0,3311.59375,3916.0,8,2,0,10,3800.0,890.0,10,10,0,True
2026-01-19 14:15:00,VIC1,3265.0,3278.25,3916.0,8,2,0,10,3800.0,890.0,10,10,0,True
2026-01-19 14:20:00,VIC1,3265.0,3283.21875,3916.0,8,2,0,10,3800.0,890.0,10,10,0,True
2026-01-19 14:25:00,VIC1,3261.0,3213.03125,3916.0,8,2,0,10,3800.0,890.0,10,10,0,True
2026-01-19 14:30:00,VIC1,3263.0,3272.3125,3916.0,8,2,0,10,3800.0,890.0,10,10,0,True
2026-01-19 14:35:00,VIC1,3142.75394,3230.875,3916.0,8,2,0,10,3800.0,890.0,10,10,0,True
2026-01-19 14:40:00,VIC1,3297.96875,3143.46875,3916.0,8,2,0,10,3800.0,890.0,10,10,0,True
2026-01-19 14:45:00,VIC1,3147.5625,3256.125,3916.0,8,2,0,10,3800.0,890.0,10,10,0,True
2026-01-19 14:50:00,VIC1,3096.8125,3127.8125,3916.0,8,2,0,10,3800.0,890.0,10,10,0,True
2026-01-19 14:55:00,VIC1,3182.5133800000003,3107.6875,3916.0,8,2,0,10,3800.0,890.0,10,10,0,True
2026-01-19 15:00:00,VIC1,3284.71951,3146.21875,3916.0,8,2,0,10,3800.0,890.0,10,10,0,True
2026-01-19 15:05:00,VIC1,3320.34375,3229.0625,3916.0,8,2,0,10,3800.0,890.0,10,10,0,True
2026-01-19 15:10:00,VIC1,3387.0,3326.15625,3916.0,8,2,0,10,3800.0,890.0,10,10,0,True
2026-01-19 15:15:00,VIC1,3407.0,3341.75,3916.0,8,2,0,10,3800.0,890.0,10,10,0,True
2026-01-19 15:20:00,VIC1,3455.0,3407.1875,3916.0,8,2,0,10,3800.0,890.0,10,10,0,True
2026-01-19 15:25:00,VIC1,3488.0,3434.15625,3916.0,8,2,0,10,3800.0,890.0,10,10,0,True
2026-01-19 15:30:00,VIC1,3368.8341,3496.71875,3890.0,8,2,0,10,3800.0,890.0,10,10,0,True
2026-01-19 15:35:00,VIC1,3360.34586,3373.21875,3890.0,8,2,0,10,3800.0,890.0,10,10,0,True
2026-01-19 15:40:00,VIC1,3318.7295999999997,3378.375,3890.0,8,2,0,10,3800.0,890.0,10,10,0,True
2026-01-19 15:45:00,VIC1,3341.0,3376.75,3890.0,8,2,0,10,3800.0,890.0,10,10,0,True
2026-01-19 15:50:00,VIC1,3343.19228,3427.03125,3890.0,8,2,0,10,3800.0,890.0,10,10,0,True
2026-01-19 15:55:00,VIC1,3221.88735,3287.40625,3890.0,8,2,0,10,3800.0,890.0,10,10,0,True
2026-01-19 16:00:00,VIC1,3216.54837,3156.03125,3890.0,8,2,0,10,3800.0,890.0,10,10,0,True
2026-01-19 16:05:00,VIC1,3228.90625,3274.0,3890.0,8,2,0,10,3800.0,890.0,10,10,0,True
2026-01-19 16:10:00,VIC1,3300.0,3253.0,3890.0,8,2,0,10,3800.0,890.0,10,10,0,True
2026-01-19 16:15:00,VIC1,3319.35002,3326.1875,3890.0,8,2,0,10,3800.0,890.0,10,10,0,True
2026-01-19 16:20:00,VIC1,3213.5798999999997,3253.59375,3890.0,8,2,0,10,3800.0,890.0,10,10,0,True
2026-01-19 16:25:00,VIC1,3180.0,3205.375,3890.0,8,2,0,10,3800.0,890.0,10,10,0,True
2026-01-19 16:30:00,VIC1,3298.375,3227.15625,3890.0,8,2,0,10,3800.0,890.0,10,10,0,True
2026-01-19 16:35:00,VIC1,3275.90625,3297.65625,3890.0,8,2,0,10,3800.0,890.0,10,10,0,True
2026-01-19 16:40:00,VIC1,3325.0,3275.09375,3895.0,8,2,0,10,3800.0,890.0,10,10,0,True
2026-01-19 16:45:00,VIC1,3420.0,3385.625,3895.0,8,2,0,10,3800.0,890.0,10,10,0,True
2026-01-19 16:50:00,VIC1,3501.29092,3423.5,3895.0,8,2,0,10,3800.0,890.0,10,10,0,True
2026-01-19 16:55:00,VIC1,3517.0,3443.5,3895.0,8,2,0,10,3800.0,890.0,10,10,0,True
2026-01-19 17:00:00,VIC1,3660.84375,3482.3125,3895.0,8,2,0,10,3800.0,890.0,10,10,0,True
2026-01-19 17:05:00,VIC1,3622.0,3613.375,3895.0,8,2,0,10,3800.0,890.0,10,10,0,True
2026-01-20 14:00:00,VIC1,2560.0,2583.9375,4423.0,9,1,0,10,4330.0,360.0,10,10,0,True
2026-01-20 14:05:00,VIC1,2560.0,2588.6875,4423.0,9,1,0,10,4330.0,360.0,10,10,0,True
2026-01-20 14:10:00,VIC1,2560.0,2561.8125,4423.0,9,1,0,10,4330.0,360.0,10,10,0,True
2026-01-20 14:15:00,VIC1,2560.0,2541.125,4423.0,9,1,0,10,4330.0,360.0,10,10,0,True
2026-01-20 14:20:00,VIC1,2560.0,2539.53125,4423.0,9,1,0,10,4330.0,360.0,10,10,0,True
2026-01-20 14:25:00,VIC1,2560.0,2561.5625,4423.0,9,1,0,10,4330.0,360.0,10,10,0,True
2026-01-20 14:30:00,VIC1,2560.0,2689.78125,4423.0,9,1,0,10,4330.0,360.0,10,10,0,True
2026-01-20 14:35:00,VIC1,2560.0,2528.25,4423.0,9,1,0,10,4330.0,360.0,10,10,0,True
2026-01-20 14:40:00,VIC1,2560.0,2545.0,4423.0,9,1,0,10,4330.0,360.0,10,10,0,True
2026-01-20 14:45:00,VIC1,2560.0,2561.3125,4423.0,9,1,0,10,4330.0,360.0,10,10,0,True
2026-01-20 14:50:00,VIC1,2560.0,2606.4375,4423.0,9,1,0,10,4330.0,360.0,10,10,0,True
2026-01-20 14:55:00,VIC1,2560.0,2581.46875,4423.0,9,1,0,10,4330.0,360.0,10,10,0,True
2026-01-20 15:00:00,VIC1,2560.0,2594.21875,4423.0,9,1,0,10,4330.0,360.0,10,10,0,True
2026-01-20 15:05:00,VIC1,2624.9375,2599.0,4423.0,9,1,0,10,4330.0,360.0,10,10,0,True
2026-01-20 15:10:00,VIC1,2600.0,2655.875,4423.0,9,1,0,10,4330.0,360.0,10,10,0,True
2026-01-20 15:15:00,VIC1,2560.0,2600.625,4423.0,9,1,0,10,4330.0,360.0,10,10,0,True
2026-01-20 15:20:00,VIC1,2651.42332,2615.96875,4423.0,9,1,0,10,4330.0,360.0,10,10,0,True
2026-01-20 15:25:00,VIC1,2738.10596,2675.8125,4423.0,9,1,0,10,4330.0,360.0,10,10,0,True
2026-01-20 15:30:00,VIC1,2765.34056,2796.78125,4423.0,9,1,0,10,4330.0,360.0,10,10,0,True
2026-01-20 15:35:00,VIC1,2841.04536,2771.875,4423.0,9,1,0,10,4330.0,360.0,10,10,0,True
2026-01-20 15:40:00,VIC1,2913.0747,2822.09375,4423.0,9,1,0,10,4330.0,360.0,10,10,0,True
2026-01-20 15:45:00,VIC1,2966.2622,2901.65625,4423.0,9,1,0,10,4330.0,360.0,10,10,0,True
2026-01-20 15:50:00,VIC1,3000.0,2951.53125,4423.0,9,1,0,10,4330.0,360.0,10,10,0,True
2026-01-20 15:55:00,VIC1,3000.0,2964.3125,4423.0,9,1,0,10,4330.0,360.0,10,10,0,True
2026-01-20 16:00:00,VIC1,3000.0,2976.6875,4423.0,9,1,0,10,4330.0,360.0,10,10,0,True
2026-01-20 16:05:00,VIC1,3064.0,2984.90625,4423.0,9,1,0,10,4330.0,360.0,10,10,0,True
2026-01-20 16:10:00,VIC1,3066.0,3074.8125,4423.0,9,1,0,10,4330.0,360.0,10,10,0,True
2026-01-20 16:15:00,VIC1,3066.0,3065.40625,4423.0,9,1,0,10,4330.0,360.0,10,10,0,True
2026-01-20 16:20:00,VIC1,3066.0,3066.59375,4423.0,9,1,0,10,4330.0,360.0,10,10,0,True
2026-01-20 16:25:00,VIC1,3062.0,3087.6875,4419.0,9,1,0,10,4330.0,360.0,10,10,0,True
2026-01-20 16:30:00,VIC1,3062.0,3053.625,4419.0,9,1,0,10,4330.0,360.0,10,10,0,True
2026-01-20 16:35:00,VIC1,3127.0,3092.3125,4419.0,9,1,0,10,4330.0,360.0,10,10,0,True
2026-01-20 16:40:00,VIC1,3169.0,3134.53125,4419.0,9,1,0,10,4330.0,360.0,10,10,0,True
2026-01-20 16:45:00,VIC1,3182.0,3125.78125,4419.0,9,1,0,10,4330.0,360.0,10,10,0,True
2026-01-20 16:50:00,VIC1,3256.3125,3164.4375,4419.0,9,1,0,10,4330.0,360.0,10,10,0,True
2026-01-20 16:55:00,VIC1,3312.8125,3225.4375,4419.0,9,1,0,10,4330.0,360.0,10,10,0,True
2026-01-20 17:00:00,VIC1,3380.15625,3292.90625,4419.0,9,1,0,10,4330.0,360.0,10,10,0,True
2026-01-20 17:05:00,VIC1,3489.53125,3380.15625,4419.0,9,1,0,10,4330.0,360.0,10,10,0,True
2026-01-20 17:10:00,VIC1,3544.71875,3425.34375,4419.0,9,1,0,10,4330.0,360.0,10,10,0,True
2026-01-20 17:15:00,VIC1,3630.09375,3514.96875,4419.0,9,1,0,10,4330.0,360.0,10,10,0,True
2026-01-20 17:20:00,VIC1,3691.5625,3580.625,4419.0,9,1,0,10,4330.0,360.0,10,10,0,True
2026-01-20 17:25:00,VIC1,3798.0,3711.90625,4419.0,9,1,0,10,4330.0,360.0,10,10,0,True
2026-01-20 17:30:00,VIC1,3864.0,3784.09375,4419.0,9,1,0,10,4330.0,360.0,10,10,0,True
2026-01-20 17:35:00,VIC1,3940.0,3847.28125,4419.0,9,1,0,10,4330.0,360.0,10,10,0,True
2026-01-20 17:40:00,VIC1,4005.0,3907.34375,4419.0,9,1,0,10,4330.0,360.0,10,10,0,True
2026-01-20 17:45:00,VIC1,4080.0,3983.65625,4419.0,9,1,0,10,4330.0,360.0,10,10,0,True
2026-01-20 17:50:00,VIC1,4146.0,4046.5,4419.0,9,1,0,10,4330.0,360.0,10,10,0,True
2026-01-20 17:55:00,VIC1,4210.0,4116.96875,4419.0,9,1,0,10,4330.0,360.0,10,10,0,True
2026-01-20 18:00:00,VIC1,4242.0,4158.53125,4419.0,9,1,0,10,4330.0,360.0,10,10,0,True
2026-01-26 18:20:00,VIC1,4431.0,4439.96875,4431.0,9,1,0,10,4330.0,360.0,10,10,0,True
2026-01-26 18:25:00,VIC1,4431.0,4459.21875,4431.0,9,1,0,10,4330.0,360.0,10,10,0,True
2026-01-26 18:30:00,VIC1,4431.0,4428.71875,4431.0,9,1,0,10,4330.0,360.0,10,10,0,True
2026-01-26 18:35:00,VIC1,4431.0,4435.21875,4431.0,9,1,0,10,4330.0,360.0,10,10,0,True
2026-01-26 18:40:00,VIC1,4431.0,4403.34375,4431.0,9,1,0,10,4330.0,360.0,10,10,0,True
2026-01-26 18:45:00,VIC1,4431.0,4421.46875,4431.0,9,1,0,10,4330.0,360.0,10,10,0,True
2026-01-26 18:50:00,VIC1,4431.0,4414.78125,4431.0,9,1,0,10,4330.0,360.0,10,10,0,True
2026-01-26 18:55:00,VIC1,4431.0,4440.03125,4431.0,9,1,0,10,4330.0,360.0,10,10,0,True
2026-01-26 19:00:00,VIC1,4431.0,4419.84375,4431.0,9,1,0,10,4330.0,360.0,10,10,0,True
2026-01-26 19:05:00,VIC1,4429.0,4425.59375,4431.0,9,1,0,10,4330.0,360.0,10,10,0,True
2026-01-26 19:10:00,VIC1,4431.0,4390.75,4431.0,9,1,0,10,4330.0,360.0,10,10,0,True
2026-01-26 19:15:00,VIC1,4431.0,4418.90625,4431.0,9,1,0,10,4330.0,360.0,10,10,0,True
2026-01-26 19:20:00,VIC1,4431.0,4410.625,4431.0,9,1,0,10,4330.0,360.0,10,10,0,True
2026-01-26 19:25:00,VIC1,4431.0,4397.84375,4431.0,9,1,0,10,4330.0,360.0,10,10,0,True
2026-01-26 19:30:00,VIC1,4431.0,4416.71875,4431.0,9,1,0,10,4330.0,360.0,10,10,0,True
2026-01-26 19:35:00,VIC1,4431.0,4387.125,4431.0,9,1,0,10,4330.0,360.0,10,10,0,True
2026-01-26 19:40:00,VIC1,4431.0,4423.65625,4431.0,9,1,0,10,4330.0,360.0,10,10,0,True
2026-01-26 19:45:00,VIC1,4431.0,4396.9375,4431.0,9,1,0,10,4330.0,360.0,10,10,0,True
2026-01-26 19:50:00,VIC1,4431.0,4430.90625,4431.0,9,1,0,10,4330.0,360.0,10,10,0,True
2026-01-26 19:55:00,VIC1,4431.0,4388.375,4431.0,9,1,0,10,4330.0,360.0,10,10,0,True
2026-01-26 20:00:00,VIC1,4431.0,4436.125,4431.0,9,1,0,10,4330.0,360.0,10,10,0,True
2026-01-26 20:05:00,VIC1,4431.0,4377.78125,4431.0,9,1,0,10,4330.0,360.0,10,10,0,True
2026-01-26 20:10:00,VIC1,4431.0,4411.09375,4431.0,9,1,0,10,4330.0,360.0,10,10,0,True
2026-01-26 20:15:00,VIC1,4431.0,4414.5625,4431.0,9,1,0,10,4330.0,360.0,10,10,0,True
2026-01-26 20:20:00,VIC1,4431.0,4416.5,4431.0,9,1,0,10,4330.0,360.0,10,10,0,True
2026-01-26 20:25:00,VIC1,4431.0,4431.53125,4431.0,9,1,0,10,4330.0,360.0,10,10,0,True
2026-01-26 20:30:00,VIC1,4431.0,4411.8125,4431.0,9,1,0,10,4330.0,360.0,10,10,0,True
2026-01-26 20:35:00,VIC1,4431.0,4432.53125,4431.0,9,1,0,10,4330.0,360.0,10,10,0,True
2026-01-26 20:40:00,VIC1,4431.0,4441.40625,4431.0,9,1,0,10,4330.0,360.0,10,10,0,True
2026-01-26 20:45:00,VIC1,4431.0,4449.28125,4431.0,9,1,0,10,4330.0,360.0,10,10,0,True
2026-01-26 20:50:00,VIC1,4431.0,4413.8125,4431.0,9,1,0,10,4330.0,360.0,10,10,0,True
2026-01-26 20:55:00,VIC1,4431.0,4407.46875,4431.0,9,1,0,10,4330.0,360.0,10,10,0,True
2026-01-26 21:00:00,VIC1,4431.0,4407.125,4431.0,9,1,0,10,4330.0,360.0,10,10,0,True
2026-01-26 21:05:00,VIC1,4431.0,4431.4375,4431.0,9,1,0,10,4330.0,360.0,10,10,0,True
2026-01-26 21:10:00,VIC1,4431.0,4413.03125,4431.0,9,1,0,10,4330.0,360.0,10,10,0,True
2026-01-26 21:15:00,VIC1,4431.0,4423.21875,4431.0,9,1,0,10,4330.0,360.0,10,10,0,True
2026-01-26 21:20:00,VIC1,4431.0,4408.21875,4431.0,9,1,0,10,4330.0,360.0,10,10,0,True
2026-01-26 21:25:00,VIC1,4431.0,4420.0,4431.0,9,1,0,10,4330.0,360.0,10,10,0,True
2026-01-26 21:30:00,VIC1,4431.0,4415.6875,4431.0,9,1,0,10,4330.0,360.0,10,10,0,True
2026-01-26 21:35:00,VIC1,4431.0,4401.15625,4431.0,9,1,0,10,4330.0,360.0,10,10,0,True
2026-01-26 21:40:00,VIC1,4431.0,4420.09375,4431.0,9,1,0,10,4330.0,360.0,10,10,0,True
2026-01-26 21:45:00,VIC1,4431.0,4417.0625,4431.0,9,1,0,10,4330.0,360.0,10,10,0,True
2026-01-26 21:50:00,VIC1,4431.0,4432.84375,4431.0,9,1,0,10,4330.0,360.0,10,10,0,True
2026-01-26 21:55:00,VIC1,4431.0,4446.4375,4431.0,9,1,0,10,4330.0,360.0,10,10,0,True
2026-01-26 22:00:00,VIC1,4431.0,4419.96875,4431.0,9,1,0,10,4330.0,360.0,10,10,0,True
2026-01-26 22:05:00,VIC1,4431.0,4397.875,4431.0,9,1,0,10,4330.0,360.0,10,10,0,True
2026-01-26 22:10:00,VIC1,4431.0,4399.5,4431.0,9,1,0,10,4330.0,360.0,10,10,0,True
2026-01-26 22:15:00,VIC1,4431.0,4405.625,4431.0,9,1,0,10,4330.0,360.0,10,10,0,True
2026-01-26 22:20:00,VIC1,4431.0,4413.28125,4431.0,9,1,0,10,4330.0,360.0,10,10,0,True
2026-01-26 22:25:00,VIC1,4431.0,4423.8125,4431.0,9,1,0,10,4330.0,360.0,10,10,0,True
2026-01-26 22:30:00,VIC1,4431.0,4441.78125,4431.0,9,1,0,10,4330.0,360.0,10,10,0,True
2026-01-26 22:35:00,VIC1,4431.0,4427.0,4431.0,9,1,0,10,4330.0,360.0,10,10,0,True
2026-01-26 22:40:00,VIC1,4431.0,4419.40625,4431.0,9,1,0,10,4330.0,360.0,10,10,0,True
2026-01-26 22:45:00,VIC1,4431.0,4439.46875,4431.0,9,1,0,10,4330.0,360.0,10,10,0,True
2026-01-26 22:50:00,VIC1,4431.0,4429.375,4431.0,9,1,0,10,4330.0,360.0,10,10,0,True
2026-01-26 22:55:00,VIC1,4431.0,4419.71875,4431.0,9,1,0,10,4330.0,360.0,10,10,0,True
2026-01-26 23:00:00,VIC1,4431.0,4403.1875,4431.0,9,1,0,10,4330.0,360.0,10,10,0,True
2026-01-26 23:05:00,VIC1,4436.0,4406.09375,4436.0,9,1,0,10,4330.0,360.0,10,10,0,True
2026-01-26 23:10:00,VIC1,4436.0,4446.125,4436.0,9,1,0,10,4330.0,360.0,10,10,0,True
2026-01-26 23:15:00,VIC1,4436.0,4416.9375,4436.0,9,1,0,10,4330.0,360.0,10,10,0,True
2026-01-26 23:20:00,VIC1,4436.0,4416.3125,4436.0,9,1,0,10,4330.0,360.0,10,10,0,True
2026-01-26 23:25:00,VIC1,4436.0,4394.5,4436.0,9,1,0,10,4330.0,360.0,10,10,0,True
2026-01-26 23:30:00,VIC1,4436.0,4410.0,4436.0,9,1,0,10,4330.0,360.0,10,10,0,True
2026-01-26 23:35:00,VIC1,4436.0,4418.65625,4436.0,9,1,0,10,4330.0,360.0,10,10,0,True
2026-01-31 13:45:00,VIC1,4080.0,4072.5,4080.0,8,2,0,10,3970.0,720.0,10,10,0,True
2026-01-31 13:50:00,VIC1,4071.0,4094.03125,4071.0,8,2,0,10,3970.0,720.0,10,10,0,True
2026-01-31 13:55:00,VIC1,4071.0,4089.65625,4071.0,8,2,0,10,3970.0,720.0,10,10,0,True
2026-01-31 14:00:00,VIC1,4069.0,4066.0625,4071.0,8,2,0,10,3970.0,720.0,10,10,0,True
2026-01-31 14:05:00,VIC1,4069.0,4038.90625,4071.0,8,2,0,10,3970.0,720.0,10,10,0,True
2026-01-31 14:10:00,VIC1,4071.0,4058.84375,4071.0,8,2,0,10,3970.0,720.0,10,10,0,True
2026-01-31 14:15:00,VIC1,4071.0,4031.65625,4071.0,8,2,0,10,3970.0,720.0,10,10,0,True
2026-01-31 14:20:00,VIC1,4071.0,4050.84375,4071.0,8,2,0,10,3970.0,720.0,10,10,0,True
2026-01-31 14:25:00,VIC1,4071.0,4052.71875,4071.0,8,2,0,10,3970.0,720.0,10,10,0,True
2026-01-31 14:30:00,VIC1,4071.0,4040.96875,4071.0,8,2,0,10,3970.0,720.0,10,10,0,True
2026-01-31 14:35:00,VIC1,4071.0,4044.125,4071.0,8,2,0,10,3970.0,720.0,10,10,0,True
2026-01-31 14:40:00,VIC1,4071.0,4077.34375,4071.0,8,2,0,10,3970.0,720.0,10,10,0,True
2026-01-31 14:45:00,VIC1,3970.0,4062.625,4071.0,8,2,0,10,3970.0,720.0,10,10,0,True
2026-01-31 14:50:00,VIC1,4071.0,3980.09375,4071.0,8,2,0,10,3970.0,720.0,10,10,0,True
2026-01-31 14:55:00,VIC1,4071.0,4085.59375,4071.0,8,2,0,10,3970.0,720.0,10,10,0,True
2026-01-31 15:00:00,VIC1,4047.20774,4090.1875,4071.0,8,2,0,10,3970.0,720.0,10,10,0,True
2026-01-31 15:05:00,VIC1,4071.0,4052.90625,4071.0,8,2,0,10,3970.0,720.0,10,10,0,True
2026-01-31 15:10:00,VIC1,4042.31876,4092.25,4071.0,8,2,0,10,3970.0,720.0,10,10,0,True
2026-01-31 15:15:00,VIC1,3970.0,4045.875,4071.0,8,2,0,10,3970.0,720.0,10,10,0,True
2026-01-31 15:20:00,VIC1,4070.5,3991.65625,4071.0,8,2,0,10,3970.0,720.0,10,10,0,True
2026-01-31 15:25:00,VIC1,4061.0,4070.03125,4061.0,8,2,0,10,3970.0,720.0,10,10,0,True
2026-01-31 15:30:00,VIC1,4061.0,4056.875,4061.0,8,2,0,10,3970.0,720.0,10,10,0,True
2026-01-31 15:35:00,VIC1,3833.0,4006.28125,4061.0,8,2,0,10,3970.0,720.0,10,10,0,True
2026-01-31 15:40:00,VIC1,3950.7817400000004,3917.09375,4061.0,8,2,0,10,3970.0,720.0,10,10,0,True
2026-01-31 15:45:00,VIC1,4061.0,3988.28125,4061.0,8,2,0,10,3970.0,720.0,10,10,0,True
2026-01-31 15:50:00,VIC1,3947.56115,4050.875,4061.0,8,2,0,10,3970.0,720.0,10,10,0,True
2026-01-31 15:55:00,VIC1,3884.0,4006.75,4061.0,8,2,0,10,3970.0,720.0,10,10,0,True
2026-01-31 16:00:00,VIC1,3742.585,3919.84375,4061.0,8,2,0,10,3970.0,720.0,10,10,0,True
2026-01-31 16:05:00,VIC1,3629.0,3762.4375,4061.0,8,2,0,10,3970.0,720.0,10,10,0,True
2026-01-31 16:10:00,VIC1,3702.625,3735.3125,4061.0,8,2,0,10,3970.0,720.0,10,10,0,True
2026-01-31 16:15:00,VIC1,3747.5928,3677.28125,4061.0,8,2,0,10,3970.0,720.0,10,10,0,True
2026-01-31 16:20:00,VIC1,3677.148,3752.0,4061.0,8,2,0,10,3970.0,720.0,10,10,0,True
2026-01-31 16:25:00,VIC1,3682.21026,3725.96875,4061.0,8,2,0,10,3970.0,720.0,10,10,0,True
2026-01-31 16:30:00,VIC1,3758.53476,3660.1875,4061.0,8,2,0,10,3970.0,720.0,10,10,0,True
2026-01-31 16:35:00,VIC1,3839.92624,3816.3125,4066.0,8,2,0,10,3970.0,720.0,10,10,0,True
2026-01-31 16:40:00,VIC1,3774.0,3887.34375,4066.0,8,2,0,10,3970.0,720.0,10,10,0,True
2026-01-31 16:45:00,VIC1,3996.0,3831.90625,4066.0,8,2,0,10,3970.0,720.0,10,10,0,True
2026-01-31 16:50:00,VIC1,4032.0,3933.125,4066.0,8,2,0,10,3970.0,720.0,10,10,0,True
2026-01-31 16:55:00,VIC1,4020.13374,3960.0625,4066.0,8,2,0,10,3970.0,720.0,10,10,0,True
2026-01-31 17:00:00,VIC1,3846.0,4000.59375,4066.0,8,2,0,10,3970.0,720.0,10,10,0,True
2026-01-31 17:05:00,VIC1,3940.19419,3899.25,4066.0,8,2,0,10,3970.0,720.0,10,10,0,True
2026-01-31 17:10:00,VIC1,4062.0,3944.75,4066.0,8,2,0,10,3970.0,720.0,10,10,0,True
2026-01-31 17:15:00,VIC1,4062.0,4022.03125,4066.0,8,2,0,10,3970.0,720.0,10,10,0,True
2026-01-31 17:20:00,VIC1,4064.0,4036.40625,4066.0,8,2,0,10,3970.0,720.0,10,10,0,True
2026-01-31 17:25:00,VIC1,4003.73826,4085.71875,4066.0,8,2,0,10,3970.0,720.0,10,10,0,True
2026-01-31 17:30:00,VIC1,3965.0,4035.0,4066.0,8,2,0,10,3970.0,720.0,10,10,0,True
2026-01-31 17:35:00,VIC1,4060.5,3975.46875,4066.0,8,2,0,10,3970.0,720.0,10,10,0,True
2026-01-31 17:40:00,VIC1,4062.0,4058.78125,4066.0,8,2,0,10,3970.0,720.0,10,10,0,True
2026-01-31 17:45:00,VIC1,4066.0,4030.03125,4066.0,8,2,0,10,3970.0,720.0,10,10,0,True
2026-02-01 16:15:00,VIC1,1920.0,1902.59375,3568.0,7,3,0,10,3440.0,1250.0,10,10,0,True
2026-02-01 16:20:00,VIC1,1920.0,1947.75,3568.0,7,3,0,10,3440.0,1250.0,10,10,0,True
2026-02-01 16:25:00,VIC1,1920.0,1924.84375,3568.0,7,3,0,10,3440.0,1250.0,10,10,0,True
2026-02-01 16:30:00,VIC1,1920.0,1927.84375,3568.0,7,3,0,10,3440.0,1250.0,10,10,0,True
2026-02-01 16:35:00,VIC1,1936.75,2002.75,3568.0,7,3,0,10,3440.0,1250.0,10,10,0,True
2026-02-01 16:40:00,VIC1,1961.875,2046.90625,3568.0,7,3,0,10,3440.0,1250.0,10,10,0,True
2026-02-01 16:45:00,VIC1,1951.75,1961.40625,3568.0,7,3,0,10,3440.0,1250.0,10,10,0,True
2026-02-01 16:50:00,VIC1,1928.125,1965.15625,3568.0,7,3,0,10,3440.0,1250.0,10,10,0,True
2026-02-01 16:55:00,VIC1,1990.0,2004.34375,3568.0,7,3,0,10,3440.0,1250.0,10,10,0,True
2026-02-01 17:00:00,VIC1,1990.0,1987.40625,3568.0,7,3,0,10,3440.0,1250.0,10,10,0,True
2026-02-01 17:05:00,VIC1,2046.0,1958.46875,3568.0,7,3,0,10,3440.0,1250.0,10,10,0,True
2026-02-01 17:10:00,VIC1,2114.0,2051.3125,3568.0,7,3,0,10,3440.0,1250.0,10,10,0,True
2026-02-01 17:15:00,VIC1,2159.3532999999998,2148.21875,3568.0,7,3,0,10,3440.0,1250.0,10,10,0,True
2026-02-01 17:20:00,VIC1,2279.75,2241.65625,3568.0,7,3,0,10,3440.0,1250.0,10,10,0,True
2026-02-01 17:25:00,VIC1,2280.0,2288.5625,3568.0,7,3,0,10,3440.0,1250.0,10,10,0,True
2026-02-01 17:30:00,VIC1,2280.0,2261.09375,3568.0,7,3,0,10,3440.0,1250.0,10,10,0,True
2026-02-01 17:35:00,VIC1,2280.0,2300.0,3568.0,7,3,0,10,3440.0,1250.0,10,10,0,True
2026-02-01 17:40:00,VIC1,2280.0,2304.71875,3568.0,7,3,0,10,3440.0,1250.0,10,10,0,True
2026-02-01 17:45:00,VIC1,2280.0,2234.5,3568.0,7,3,0,10,3440.0,1250.0,10,10,0,True
2026-02-01 17:50:00,VIC1,2280.0,2260.0625,3568.0,7,3,0,10,3440.0,1250.0,10,10,0,True
2026-02-01 17:55:00,VIC1,2280.0,2284.34375,3568.0,7,3,0,10,3440.0,1250.0,10,10,0,True
2026-02-01 18:00:00,VIC1,2280.0,2259.28125,3568.0,7,3,0,10,3440.0,1250.0,10,10,0,True
2026-02-01 18:05:00,VIC1,2280.50612,2279.46875,3568.0,7,3,0,10,3440.0,1250.0,10,10,0,True
2026-02-01 18:10:00,VIC1,2280.0,2282.625,3568.0,7,3,0,10,3440.0,1250.0,10,10,0,True
2026-02-01 18:15:00,VIC1,2378.40625,2270.5,3568.0,7,3,0,10,3440.0,1250.0,10,10,0,True
2026-02-01 18:20:00,VIC1,2360.10242,2372.4375,3568.0,7,3,0,10,3440.0,1250.0,10,10,0,True
2026-02-01 18:25:00,VIC1,2400.0,2348.78125,3568.0,7,3,0,10,3440.0,1250.0,10,10,0,True
2026-02-01 18:30:00,VIC1,2400.0,2390.84375,3568.0,7,3,0,10,3440.0,1250.0,10,10,0,True
2026-02-01 18:35:00,VIC1,2364.37092,2402.0625,3568.0,7,3,0,10,3440.0,1250.0,10,10,0,True
2026-02-01 18:40:00,VIC1,2400.0,2380.4375,3568.0,7,3,0,10,3440.0,1250.0,10,10,0,True
2026-02-01 18:45:00,VIC1,2400.0,2419.6875,3568.0,7,3,0,10,3440.0,1250.0,10,10,0,True
2026-02-01 18:50:00,VIC1,2400.0,2373.46875,3568.0,7,3,0,10,3440.0,1250.0,10,10,0,True
2026-02-01 18:55:00,VIC1,2400.0,2393.8125,3571.0,7,3,0,10,3440.0,1250.0,10,10,0,True
2026-02-01 19:00:00,VIC1,2400.0,2411.6875,3571.0,7,3,0,10,3440.0,1250.0,10,10,0,True
2026-02-01 19:05:00,VIC1,2400.0,2378.4375,3571.0,7,3,0,10,3440.0,1250.0,10,10,0,True
2026-02-01 19:10:00,VIC1,2400.0,2406.59375,3571.0,7,3,0,10,3440.0,1250.0,10,10,0,True
2026-02-01 19:15:00,VIC1,2400.0,2415.9375,3571.0,7,3,0,10,3440.0,1250.0,10,10,0,True
2026-02-01 19:20:00,VIC1,2400.0,2376.53125,3571.0,7,3,0,10,3440.0,1250.0,10,10,0,True
2026-02-01 19:25:00,VIC1,2400.0,2387.09375,3571.0,7,3,0,10,3440.0,1250.0,10,10,0,True
2026-02-01 19:30:00,VIC1,2400.0,2378.8125,3571.0,7,3,0,10,3440.0,1250.0,10,10,0,True
2026-02-01 19:35:00,VIC1,2400.0,2392.59375,3571.0,7,3,0,10,3440.0,1250.0,10,10,0,True
2026-02-01 19:40:00,VIC1,2400.0,2386.1875,3571.0,7,3,0,10,3440.0,1250.0,10,10,0,True
2026-02-01 19:45:00,VIC1,2400.0,2381.875,3571.0,7,3,0,10,3440.0,1250.0,10,10,0,True
2026-02-01 19:50:00,VIC1,2400.0,2399.625,3571.0,7,3,0,10,3440.0,1250.0,10,10,0,True
2026-02-01 19:55:00,VIC1,2400.0,2400.9375,3571.0,7,3,0,10,3440.0,1250.0,10,10,0,True
2026-02-01 20:00:00,VIC1,2400.0,2381.375,3571.0,7,3,0,10,3440.0,1250.0,10,10,0,True
2026-02-01 20:05:00,VIC1,2400.0,2394.125,3571.0,7,3,0,10,3440.0,1250.0,10,10,0,True
2026-02-01 20:10:00,VIC1,2434.75778,2392.625,3571.0,7,3,0,10,3440.0,1250.0,10,10,0,True
2026-02-01 20:15:00,VIC1,2400.0,2414.71875,3571.0,7,3,0,10,3440.0,1250.0,10,10,0,True
2026-02-02 11:00:00,VIC1,1830.0,1826.28125,3580.0,7,3,0,10,3440.0,1250.0,10,10,0,True
2026-02-02 11:05:00,VIC1,1830.0,1810.78125,3580.0,7,3,0,10,3440.0,1250.0,10,10,0,True
2026-02-02 11:10:00,VIC1,1830.0,1846.09375,3580.0,7,3,0,10,3440.0,1250.0,10,10,0,True
2026-02-02 11:15:00,VIC1,1830.0,1814.0625,3580.0,7,3,0,10,3440.0,1250.0,10,10,0,True
2026-02-02 11:20:00,VIC1,1830.0,1839.875,3580.0,7,3,0,10,3440.0,1250.0,10,10,0,True
2026-02-02 11:25:00,VIC1,1830.0,1830.75,3580.0,7,3,0,10,3440.0,1250.0,10,10,0,True
2026-02-02 11:30:00,VIC1,1830.0,1805.28125,3580.0,7,3,0,10,3440.0,1250.0,10,10,0,True
2026-02-02 11:35:00,VIC1,1830.0,1849.4375,3580.0,7,3,0,10,3440.0,1250.0,10,10,0,True
2026-02-02 11:40:00,VIC1,1830.0,1823.3125,3580.0,7,3,0,10,3440.0,1250.0,10,10,0,True
2026-02-02 11:45:00,VIC1,1830.0,1846.6875,3580.0,7,3,0,10,3440.0,1250.0,10,10,0,True
2026-02-02 11:50:00,VIC1,1830.0,1798.5,3580.0,7,3,0,10,3440.0,1250.0,10,10,0,True
2026-02-02 11:55:00,VIC1,1830.0,1841.90625,3580.0,7,3,0,10,3440.0,1250.0,10,10,0,True
2026-02-02 12:00:00,VIC1,1830.0,1816.71875,3580.0,7,3,0,10,3440.0,1250.0,10,10,0,True
2026-02-02 12:05:00,VIC1,1830.0,1833.8125,3580.0,7,3,0,10,3440.0,1250.0,10,10,0,True
2026-02-02 12:10:00,VIC1,1830.0,1822.15625,3580.0,7,3,0,10,3440.0,1250.0,10,10,0,True
2026-02-02 12:15:00,VIC1,1830.0,1826.78125,3580.0,7,3,0,10,3440.0,1250.0,10,10,0,True
2026-02-02 12:20:00,VIC1,1830.0,1834.03125,3580.0,7,3,0,10,3440.0,1250.0,10,10,0,True
2026-02-02 12:25:00,VIC1,1830.0,1841.125,3580.0,7,3,0,10,3440.0,1250.0,10,10,0,True
2026-02-02 12:30:00,VIC1,1830.0,1817.21875,3580.0,7,3,0,10,3440.0,1250.0,10,10,0,True
2026-02-02 12:35:00,VIC1,1830.0,1815.5625,3580.0,7,3,0,10,3440.0,1250.0,10,10,0,True
2026-02-02 12:40:00,VIC1,1830.0,1832.78125,3580.0,7,3,0,10,3440.0,1250.0,10,10,0,True
2026-02-02 12:45:00,VIC1,1830.0,1817.21875,3580.0,7,3,0,10,3440.0,1250.0,10,10,0,True
2026-02-02 12:50:00,VIC1,1830.0,1800.125,3580.0,7,3,0,10,3440.0,1250.0,10,10,0,True
2026-02-02 12:55:00,VIC1,1830.0,1823.96875,3580.0,7,3,0,10,3440.0,1250.0,10,10,0,True
2026-02-02 13:00:00,VIC1,1830.0,1829.1875,3580.0,7,3,0,10,3440.0,1250.0,10,10,0,True
2026-02-02 13:05:00,VIC1,1830.0,1852.1875,3580.0,7,3,0,10,3440.0,1250.0,10,10,0,True
2026-02-02 13:10:00,VIC1,1830.0,1882.84375,3580.0,7,3,0,10,3440.0,1250.0,10,10,0,True
2026-02-02 13:15:00,VIC1,1830.0,1807.75,3580.0,7,3,0,10,3440.0,1250.0,10,10,0,True
2026-02-02 13:20:00,VIC1,1830.0,1835.0,3580.0,7,3,0,10,3440.0,1250.0,10,10,0,True
2026-02-02 13:25:00,VIC1,1830.0,1818.375,3580.0,7,3,0,10,3440.0,1250.0,10,10,0,True
2026-02-02 13:30:00,VIC1,1830.0,1857.59375,3580.0,7,3,0,10,3440.0,1250.0,10,10,0,True
2026-02-02 13:35:00,VIC1,1830.0,1801.21875,3580.0,7,3,0,10,3440.0,1250.0,10,10,0,True
2026-02-02 13:40:00,VIC1,1830.0,1825.46875,3580.0,7,3,0,10,3440.0,1250.0,10,10,0,True
2026-02-02 13:45:00,VIC1,1830.0,1870.5625,3580.0,7,3,0,10,3440.0,1250.0,10,10,0,True
2026-02-02 13:50:00,VIC1,1830.0,1868.0625,3580.0,7,3,0,10,3440.0,1250.0,10,10,0,True
2026-02-02 13:55:00,VIC1,1830.0,1848.0625,3580.0,7,3,0,10,3440.0,1250.0,10,10,0,True
2026-02-02 14:00:00,VIC1,1830.0,1845.90625,3580.0,7,3,0,10,3440.0,1250.0,10,10,0,True
2026-02-02 14:05:00,VIC1,1830.0,1840.09375,3580.0,7,3,0,10,3440.0,1250.0,10,10,0,True
2026-02-02 14:10:00,VIC1,1830.0,1856.3125,3580.0,7,3,0,10,3440.0,1250.0,10,10,0,True
2026-02-02 14:15:00,VIC1,1830.0,1807.03125,3580.0,7,3,0,10,3440.0,1250.0,10,10,0,True
2026-02-02 14:20:00,VIC1,1830.0,1814.9375,3580.0,7,3,0,10,3440.0,1250.0,10,10,0,True
2026-02-02 14:25:00,VIC1,1830.0,1840.6875,3580.0,7,3,0,10,3440.0,1250.0,10,10,0,True
2026-02-02 14:30:00,VIC1,1830.0,1814.59375,3580.0,7,3,0,10,3440.0,1250.0,10,10,0,True
2026-02-02 14:35:00,VIC1,1830.0,1856.03125,3580.0,7,3,0,10,3440.0,1250.0,10,10,0,True
2026-02-02 14:40:00,VIC1,1830.0,1837.46875,3580.0,7,3,0,10,3440.0,1250.0,10,10,0,True
2026-02-02 14:45:00,VIC1,1830.0,1812.28125,3580.0,7,3,0,10,3440.0,1250.0,10,10,0,True
2026-02-02 14:50:00,VIC1,1830.0,1818.03125,3580.0,7,3,0,10,3440.0,1250.0,10,10,0,True
2026-02-02 14:55:00,VIC1,1830.0,1846.40625,3580.0,7,3,0,10,3440.0,1250.0,10,10,0,True
2026-02-02 15:00:00,VIC1,1830.0,1820.9375,3580.0,7,3,0,10,3440.0,1250.0,10,10,0,True
2026-02-03 06:00:00,VIC1,3589.0,3563.71875,3589.0,7,3,0,10,3440.0,1250.0,10,10,0,True
2026-02-03 06:05:00,VIC1,3589.0,3593.1875,3589.0,7,3,0,10,3440.0,1250.0,10,10,0,True
2026-02-03 06:10:00,VIC1,3589.0,3602.5625,3589.0,7,3,0,10,3440.0,1250.0,10,10,0,True
2026-02-03 06:15:00,VIC1,3589.0,3603.21875,3589.0,7,3,0,10,3440.0,1250.0,10,10,0,True
2026-02-03 06:20:00,VIC1,3589.0,3589.75,3589.0,7,3,0,10,3440.0,1250.0,10,10,0,True
2026-02-03 06:25:00,VIC1,3589.0,3569.65625,3589.0,7,3,0,10,3440.0,1250.0,10,10,0,True
2026-02-03 06:30:00,VIC1,3589.0,3586.09375,3589.0,7,3,0,10,3440.0,1250.0,10,10,0,True
2026-02-03 06:35:00,VIC1,3589.0,3564.96875,3589.0,7,3,0,10,3440.0,1250.0,10,10,0,True
2026-02-03 06:40:00,VIC1,3589.0,3571.21875,3589.0,7,3,0,10,3440.0,1250.0,10,10,0,True
2026-02-03 06:45:00,VIC1,3589.0,3581.96875,3589.0,7,3,0,10,3440.0,1250.0,10,10,0,True
2026-02-03 06:50:00,VIC1,3552.94064,3578.1875,3589.0,7,3,0,10,3440.0,1250.0,10,10,0,True
2026-02-03 06:55:00,VIC1,3540.6750199999997,3555.28125,3589.0,7,3,0,10,3440.0,1250.0,10,10,0,True
2026-02-03 07:00:00,VIC1,3470.0,3514.84375,3589.0,7,3,0,10,3440.0,1250.0,10,10,0,True
2026-02-03 07:05:00,VIC1,3426.8520399999998,3433.09375,3589.0,7,3,0,10,3440.0,1250.0,10,10,0,True
2026-02-03 07:10:00,VIC1,3413.17126,3450.21875,3589.0,7,3,0,10,3440.0,1250.0,10,10,0,True
2026-02-03 07:15:00,VIC1,3347.0,3424.3125,3589.0,7,3,0,10,3440.0,1250.0,10,10,0,True
2026-02-03 07:20:00,VIC1,3369.1973,3361.5,3589.0,7,3,0,10,3440.0,1250.0,10,10,0,True
2026-02-03 07:25:00,VIC1,3190.59375,3330.5625,3589.0,7,3,0,10,3440.0,1250.0,10,10,0,True
2026-02-03 07:30:00,VIC1,3199.8674,3248.5625,3589.0,7,3,0,10,3440.0,1250.0,10,10,0,True
2026-02-03 07:35:00,VIC1,3087.29154,3209.8125,3589.0,7,3,0,10,3440.0,1250.0,10,10,0,True
2026-02-03 07:40:00,VIC1,3049.86082,3099.9375,3589.0,7,3,0,10,3440.0,1250.0,10,10,0,True
2026-02-03 07:45:00,VIC1,2921.75,3077.25,3589.0,7,3,0,10,3440.0,1250.0,10,10,0,True
2026-02-03 07:50:00,VIC1,2930.78913,2949.65625,3589.0,7,3,0,10,3440.0,1250.0,10,10,0,True
2026-02-03 07:55:00,VIC1,2756.375,2902.875,3589.0,7,3,0,10,3440.0,1250.0,10,10,0,True
2026-02-03 08:00:00,VIC1,2642.71875,2814.40625,3589.0,7,3,0,10,3440.0,1250.0,10,10,0,True
2026-02-03 08:05:00,VIC1,2510.625,2691.46875,3589.0,7,3,0,10,3440.0,1250.0,10,10,0,True
2026-02-03 08:10:00,VIC1,2368.125,2515.375,3589.0,7,3,0,10,3440.0,1250.0,10,10,0,True
2026-02-03 08:15:00,VIC1,2351.0,2473.6875,3589.0,7,3,0,10,3440.0,1250.0,10,10,0,True
2026-02-03 08:20:00,VIC1,2322.0,2380.9375,3589.0,7,3,0,10,3440.0,1250.0,10,10,0,True
2026-02-03 08:25:00,VIC1,2307.0,2314.90625,3589.0,7,3,0,10,3440.0,1250.0,10,10,0,True
2026-02-03 08:30:00,VIC1,2300.0,2333.03125,3589.0,7,3,0,10,3440.0,1250.0,10,10,0,True
2026-02-03 08:35:00,VIC1,2185.65625,2311.875,3589.0,7,3,0,10,3440.0,1250.0,10,10,0,True
2026-02-03 08:40:00,VIC1,2147.0,2246.375,3589.0,7,3,0,10,3440.0,1250.0,10,10,0,True
2026-02-03 08:45:00,VIC1,2130.0,2155.375,3589.0,7,3,0,10,3440.0,1250.0,10,10,0,True
2026-02-03 08:50:00,VIC1,2119.0,2143.28125,3589.0,7,3,0,10,3440.0,1250.0,10,10,0,True
2026-02-03 08:55:00,VIC1,2113.0,2138.28125,3589.0,7,3,0,10,3440.0,1250.0,10,10,0,True
2026-02-03 09:00:00,VIC1,2092.0,2097.96875,3589.0,7,3,0,10,3440.0,1250.0,10,10,0,True
2026-02-03 09:05:00,VIC1,2074.0,2086.09375,3589.0,7,3,0,10,3440.0,1250.0,10,10,0,True
2026-02-03 09:10:00,VIC1,2067.0,2104.53125,3589.0,7,3,0,10,3440.0,1250.0,10,10,0,True
2026-02-03 09:15:00,VIC1,2016.0,2017.8125,3589.0,7,3,0,10,3440.0,1250.0,10,10,0,True
2026-02-03 09:20:00,VIC1,1978.0,1981.53125,3589.0,7,3,0,10,3440.0,1250.0,10,10,0,True
2026-02-03 09:25:00,VIC1,1982.0,1993.8125,3589.0,7,3,0,10,3440.0,1250.0,10,10,0,True
2026-02-03 09:30:00,VIC1,1950.0,1941.28125,3589.0,7,3,0,10,3440.0,1250.0,10,10,0,True
2026-02-03 09:35:00,VIC1,1930.0,1964.1875,3589.0,7,3,0,10,3440.0,1250.0,10,10,0,True
2026-02-03 09:40:00,VIC1,1911.0,1919.3125,3589.0,7,3,0,10,3440.0,1250.0,10,10,0,True
2026-02-03 09:45:00,VIC1,1891.0,1893.65625,3589.0,7,3,0,10,3440.0,1250.0,10,10,0,True
2026-02-03 09:50:00,VIC1,1870.0,1875.5,3589.0,7,3,0,10,3440.0,1250.0,10,10,0,True
2026-02-03 09:55:00,VIC1,1851.0,1860.4375,3589.0,7,3,0,10,3440.0,1250.0,10,10,0,True
2026-02-03 10:00:00,VIC1,1850.0,1831.25,3589.0,7,3,0,10,3440.0,1250.0,10,10,0,True
2026-02-07 03:30:00,VIC1,3582.0,3570.3125,3582.0,7,3,0,10,3440.0,1250.0,10,10,0,True
2026-02-07 03:35:00,VIC1,3582.0,3569.6875,3582.0,7,3,0,10,3440.0,1250.0,10,10,0,True
2026-02-07 03:40:00,VIC1,3582.0,3570.59375,3582.0,7,3,0,10,3440.0,1250.0,10,10,0,True
2026-02-07 03:45:00,VIC1,3582.0,3582.34375,3582.0,7,3,0,10,3440.0,1250.0,10,10,0,True
2026-02-07 03:50:00,VIC1,3582.0,3565.5625,3582.0,7,3,0,10,3440.0,1250.0,10,10,0,True
2026-02-07 03:55:00,VIC1,3582.0,3589.28125,3582.0,7,3,0,10,3440.0,1250.0,10,10,0,True
2026-02-07 04:00:00,VIC1,3582.0,3576.21875,3582.0,7,3,0,10,3440.0,1250.0,10,10,0,True
2026-02-07 04:05:00,VIC1,3582.0,3575.0625,3582.0,7,3,0,10,3440.0,1250.0,10,10,0,True
2026-02-07 04:10:00,VIC1,3582.0,3561.65625,3582.0,7,3,0,10,3440.0,1250.0,10,10,0,True
2026-02-07 04:15:00,VIC1,3582.0,3560.28125,3582.0,7,3,0,10,3440.0,1250.0,10,10,0,True
2026-02-07 04:20:00,VIC1,3582.0,3572.125,3582.0,7,3,0,10,3440.0,1250.0,10,10,0,True
2026-02-07 04:25:00,VIC1,3582.0,3571.8125,3582.0,7,3,0,10,3440.0,1250.0,10,10,0,True
2026-02-07 04:30:00,VIC1,3582.0,3558.71875,3582.0,7,3,0,10,3440.0,1250.0,10,10,0,True
2026-02-07 04:35:00,VIC1,3582.0,3558.65625,3582.0,7,3,0,10,3440.0,1250.0,10,10,0,True
2026-02-07 04:40:00,VIC1,3582.0,3572.0,3582.0,7,3,0,10,3440.0,1250.0,10,10,0,True
2026-02-07 04:45:00,VIC1,3582.0,3576.1875,3582.0,7,3,0,10,3440.0,1250.0,10,10,0,True
2026-02-07 04:50:00,VIC1,3582.0,3571.15625,3582.0,7,3,0,10,3440.0,1250.0,10,10,0,True
2026-02-07 04:55:00,VIC1,3582.0,3578.59375,3582.0,7,3,0,10,3440.0,1250.0,10,10,0,True
2026-02-07 05:00:00,VIC1,3582.0,3569.375,3582.0,7,3,0,10,3440.0,1250.0,10,10,0,True
2026-02-07 05:05:00,VIC1,3582.0,3590.46875,3582.0,7,3,0,10,3440.0,1250.0,10,10,0,True
2026-02-07 05:10:00,VIC1,3582.0,3591.8125,3582.0,7,3,0,10,3440.0,1250.0,10,10,0,True
2026-02-07 05:15:00,VIC1,3582.0,3561.90625,3582.0,7,3,0,10,3440.0,1250.0,10,10,0,True
2026-02-07 05:20:00,VIC1,3582.0,3591.09375,3582.0,7,3,0,10,3440.0,1250.0,10,10,0,True
2026-02-07 05:25:00,VIC1,3582.0,3577.375,3582.0,7,3,0,10,3440.0,1250.0,10,10,0,True
2026-02-07 05:30:00,VIC1,3582.0,3560.15625,3582.0,7,3,0,10,3440.0,1250.0,10,10,0,True
2026-02-07 05:35:00,VIC1,3582.0,3582.125,3582.0,7,3,0,10,3440.0,1250.0,10,10,0,True
2026-02-07 05:40:00,VIC1,3582.0,3593.75,3582.0,7,3,0,10,3440.0,1250.0,10,10,0,True
2026-02-07 05:45:00,VIC1,3582.0,3564.8125,3582.0,7,3,0,10,3440.0,1250.0,10,10,0,True
2026-02-07 05:50:00,VIC1,3582.0,3562.9375,3582.0,7,3,0,10,3440.0,1250.0,10,10,0,True
2026-02-07 05:55:00,VIC1,3582.0,3582.84375,3582.0,7,3,0,10,3440.0,1250.0,10,10,0,True
2026-02-07 06:00:00,VIC1,3582.0,3587.84375,3582.0,7,3,0,10,3440.0,1250.0,10,10,0,True
2026-02-07 06:05:00,VIC1,3582.0,3576.21875,3582.0,7,3,0,10,3440.0,1250.0,10,10,0,True
2026-02-07 06:10:00,VIC1,3582.0,3584.40625,3582.0,7,3,0,10,3440.0,1250.0,10,10,0,True
2026-02-07 06:15:00,VIC1,3582.0,3588.75,3582.0,7,3,0,10,3440.0,1250.0,10,10,0,True
2026-02-07 06:20:00,VIC1,3582.0,3562.25,3582.0,7,3,0,10,3440.0,1250.0,10,10,0,True
2026-02-07 06:25:00,VIC1,3582.0,3584.15625,3582.0,7,3,0,10,3440.0,1250.0,10,10,0,True
2026-02-07 06:30:00,VIC1,3582.0,3581.0,3582.0,7,3,0,10,3440.0,1250.0,10,10,0,True
2026-02-07 06:35:00,VIC1,3582.0,3551.59375,3582.0,7,3,0,10,3440.0,1250.0,10,10,0,True
2026-02-07 06:40:00,VIC1,3582.0,3573.96875,3582.0,7,3,0,10,3440.0,1250.0,10,10,0,True
2026-02-07 06:45:00,VIC1,3582.0,3580.09375,3582.0,7,3,0,10,3440.0,1250.0,10,10,0,True
2026-02-07 06:50:00,VIC1,3582.0,3576.8125,3582.0,7,3,0,10,3440.0,1250.0,10,10,0,True
2026-02-07 06:55:00,VIC1,3582.0,3586.84375,3582.0,7,3,0,10,3440.0,1250.0,10,10,0,True
2026-02-07 07:00:00,VIC1,3582.0,3578.15625,3582.0,7,3,0,10,3440.0,1250.0,10,10,0,True
2026-02-07 07:05:00,VIC1,3555.0,3558.28125,3582.0,7,3,0,10,3440.0,1250.0,10,10,0,True
2026-02-07 07:10:00,VIC1,3532.0,3529.03125,3582.0,7,3,0,10,3440.0,1250.0,10,10,0,True
2026-02-07 07:15:00,VIC1,3520.0,3547.8125,3582.0,7,3,0,10,3440.0,1250.0,10,10,0,True
2026-02-07 07:20:00,VIC1,3517.0,3522.40625,3582.0,7,3,0,10,3440.0,1250.0,10,10,0,True
2026-02-07 07:25:00,VIC1,3492.5168400000002,3516.78125,3582.0,7,3,0,10,3440.0,1250.0,10,10,0,True
2026-02-07 07:30:00,VIC1,3487.20833,3485.875,3582.0,7,3,0,10,3440.0,1250.0,10,10,0,True
2026-02-18 06:00:00,VIC1,4289.0,4298.0,4334.0,9,1,0,10,4330.0,360.0,10,10,0,True
2026-02-18 06:05:00,VIC1,4334.0,4320.34375,4334.0,9,1,0,10,4330.0,360.0,10,10,0,True
2026-02-18 06:10:00,VIC1,4334.0,4348.8125,4334.0,9,1,0,10,4330.0,360.0,10,10,0,True
2026-02-18 06:15:00,VIC1,4332.0,4343.96875,4332.0,9,1,0,10,4330.0,360.0,10,10,0,True
2026-02-18 06:20:00,VIC1,4334.0,4321.1875,4334.0,9,1,0,10,4330.0,360.0,10,10,0,True
2026-02-18 06:25:00,VIC1,4334.0,4336.125,4334.0,9,1,0,10,4330.0,360.0,10,10,0,True
2026-02-18 06:30:00,VIC1,4334.0,4316.34375,4334.0,9,1,0,10,4330.0,360.0,10,10,0,True
2026-02-18 06:35:00,VIC1,4319.0,4331.3125,4334.0,9,1,0,10,4330.0,360.0,10,10,0,True
2026-02-18 06:40:00,VIC1,4308.0,4321.65625,4334.0,9,1,0,10,4330.0,360.0,10,10,0,True
2026-02-18 06:45:00,VIC1,4304.0,4325.0,4334.0,9,1,0,10,4330.0,360.0,10,10,0,True
2026-02-18 06:50:00,VIC1,4304.0,4311.15625,4334.0,9,1,0,10,4330.0,360.0,10,10,0,True
2026-02-18 06:55:00,VIC1,4268.15201,4285.15625,4334.0,9,1,0,10,4330.0,360.0,10,10,0,True
2026-02-18 07:00:00,VIC1,4098.0,4258.96875,4340.0,9,1,0,10,4330.0,360.0,10,10,0,True
2026-02-18 07:05:00,VIC1,4147.43904,4157.25,4340.0,9,1,0,10,4330.0,360.0,10,10,0,True
2026-02-18 07:10:00,VIC1,4136.0,4172.9375,4340.0,9,1,0,10,4330.0,360.0,10,10,0,True
2026-02-18 07:15:00,VIC1,3971.71875,4125.09375,4340.0,9,1,0,10,4330.0,360.0,10,10,0,True
2026-02-18 07:20:00,VIC1,4027.0,3995.5,4340.0,9,1,0,10,4330.0,360.0,10,10,0,True
2026-02-18 07:25:00,VIC1,3863.15625,3997.625,4340.0,9,1,0,10,4330.0,360.0,10,10,0,True
2026-02-18 07:30:00,VIC1,3726.71875,3868.4375,4340.0,9,1,0,10,4330.0,360.0,10,10,0,True
2026-02-18 07:35:00,VIC1,3772.40625,3806.90625,4340.0,9,1,0,10,4330.0,360.0,10,10,0,True
2026-02-18 07:40:00,VIC1,3650.13814,3751.4375,4340.0,9,1,0,10,4330.0,360.0,10,10,0,True
2026-02-18 07:45:00,VIC1,3610.89984,3663.5,4340.0,9,1,0,10,4330.0,360.0,10,10,0,True
2026-02-18 07:50:00,VIC1,3456.78125,3636.78125,4340.0,9,1,0,10,4330.0,360.0,10,10,0,True
2026-02-18 07:55:00,VIC1,3362.78125,3464.4375,4340.0,9,1,0,10,4330.0,360.0,10,10,0,True
2026-02-18 08:00:00,VIC1,3343.59375,3414.40625,4340.0,9,1,0,10,4330.0,360.0,10,10,0,True
2026-02-18 08:05:00,VIC1,3222.2500099999997,3354.875,4380.0,9,1,0,10,4330.0,360.0,10,10,0,True
2026-02-18 08:10:00,VIC1,3305.96875,3333.40625,4380.0,9,1,0,10,4330.0,360.0,10,10,0,True
2026-02-18 08:15:00,VIC1,3192.0,3236.125,4340.0,9,1,0,10,4330.0,360.0,10,10,0,True
2026-02-18 08:20:00,VIC1,3039.4375,3191.6875,4340.0,9,1,0,10,4330.0,360.0,10,10,0,True
2026-02-18 08:25:00,VIC1,3060.0,3036.5,4340.0,9,1,0,10,4330.0,360.0,10,10,0,True
2026-02-18 08:30:00,VIC1,2946.84375,3107.34375,4340.0,9,1,0,10,4330.0,360.0,10,10,0,True
2026-02-18 08:35:00,VIC1,2898.375,2923.71875,4340.0,9,1,0,10,4330.0,360.0,10,10,0,True
2026-02-18 08:40:00,VIC1,2809.28125,2946.78125,4340.0,9,1,0,10,4330.0,360.0,10,10,0,True
2026-02-18 08:45:00,VIC1,2729.5,2893.375,4340.0,9,1,0,10,4330.0,360.0,10,10,0,True
2026-02-18 08:50:00,VIC1,2642.0,2719.4375,4340.0,9,1,0,10,4330.0,360.0,10,10,0,True
2026-02-18 08:55:00,VIC1,2636.0,2679.28125,4340.0,9,1,0,10,4330.0,360.0,10,10,0,True
2026-02-18 09:00:00,VIC1,2635.0,2706.21875,4340.0,9,1,0,10,4330.0,360.0,10,10,0,True
2026-02-18 09:05:00,VIC1,2632.0,2640.8125,4340.0,9,1,0,10,4330.0,360.0,10,10,0,True
2026-02-18 09:10:00,VIC1,2633.0,2674.46875,4340.0,9,1,0,10,4330.0,360.0,10,10,0,True
2026-02-18 09:15:00,VIC1,2628.0,2643.15625,4340.0,9,1,0,10,4330.0,360.0,10,10,0,True
2026-02-18 09:20:00,VIC1,2622.0,2614.875,4340.0,9,1,0,10,4330.0,360.0,10,10,0,True
2026-02-18 09:25:00,VIC1,2621.0,2651.625,4340.0,9,1,0,10,4330.0,360.0,10,10,0,True
2026-02-18 09:30:00,VIC1,2617.0,2626.8125,4340.0,9,1,0,10,4330.0,360.0,10,10,0,True
2026-02-18 09:35:00,VIC1,2623.0,2699.46875,4340.0,9,1,0,10,4330.0,360.0,10,10,0,True
2026-02-18 09:40:00,VIC1,2606.0,2575.28125,4340.0,9,1,0,10,4330.0,360.0,10,10,0,True
2026-02-18 09:45:00,VIC1,2613.0,2624.78125,4340.0,9,1,0,10,4330.0,360.0,10,10,0,True
2026-02-18 09:50:00,VIC1,2612.0,2649.59375,4340.0,9,1,0,10,4330.0,360.0,10,10,0,True
2026-02-18 09:55:00,VIC1,2603.0,2594.03125,4340.0,9,1,0,10,4330.0,360.0,10,10,0,True
2026-02-18 10:00:00,VIC1,2604.0,2622.90625,4340.0,9,1,0,10,4330.0,360.0,10,10,0,True
2026-02-26 12:55:00,VIC1,2430.0,2512.46875,3839.0,8,2,0,10,3770.0,920.0,10,10,0,True
2026-02-26 13:00:00,VIC1,2430.0,2474.84375,3839.0,8,2,0,10,3770.0,920.0,10,10,0,True
2026-02-26 13:05:00,VIC1,2430.0,2512.28125,3839.0,8,2,0,10,3770.0,920.0,10,10,0,True
2026-02-26 13:10:00,VIC1,2430.0,2467.90625,3839.0,8,2,0,10,3770.0,920.0,10,10,0,True
2026-02-26 13:15:00,VIC1,2430.0,2470.375,3839.0,8,2,0,10,3770.0,920.0,10,10,0,True
2026-02-26 13:20:00,VIC1,2430.0,2449.0625,3839.0,8,2,0,10,3770.0,920.0,10,10,0,True
2026-02-26 13:25:00,VIC1,2430.0,2471.0,3839.0,8,2,0,10,3770.0,920.0,10,10,0,True
2026-02-26 13:30:00,VIC1,2364.625,2484.84375,3839.0,8,2,0,10,3770.0,920.0,10,10,0,True
2026-02-26 13:35:00,VIC1,2308.375,2400.03125,3839.0,8,2,0,10,3770.0,920.0,10,10,0,True
2026-02-26 13:40:00,VIC1,2290.0,2327.65625,3839.0,8,2,0,10,3770.0,920.0,10,10,0,True
2026-02-26 13:45:00,VIC1,2290.0,2304.90625,3839.0,8,2,0,10,3770.0,920.0,10,10,0,True
2026-02-26 13:50:00,VIC1,2290.0,2308.4375,3839.0,8,2,0,10,3770.0,920.0,10,10,0,True
2026-02-26 13:55:00,VIC1,2290.0,2271.46875,3839.0,8,2,0,10,3770.0,920.0,10,10,0,True
2026-02-26 14:00:00,VIC1,2290.0,2282.9375,3839.0,8,2,0,10,3770.0,920.0,10,10,0,True
2026-02-26 14:05:00,VIC1,2328.0,2297.5,3839.0,8,2,0,10,3770.0,920.0,10,10,0,True
2026-02-26 14:10:00,VIC1,2351.0,2318.1875,3839.0,8,2,0,10,3770.0,920.0,10,10,0,True
2026-02-26 14:15:00,VIC1,2382.0,2356.03125,3839.0,8,2,0,10,3770.0,920.0,10,10,0,True
2026-02-26 14:20:00,VIC1,2390.0,2355.0625,3839.0,8,2,0,10,3770.0,920.0,10,10,0,True
2026-02-26 14:25:00,VIC1,2390.0,2407.125,3839.0,8,2,0,10,3770.0,920.0,10,10,0,True
2026-02-26 14:30:00,VIC1,2390.0,2411.1875,3839.0,8,2,0,10,3770.0,920.0,10,10,0,True
2026-02-26 14:35:00,VIC1,2390.0,2417.1875,3839.0,8,2,0,10,3770.0,920.0,10,10,0,True
2026-02-26 14:40:00,VIC1,2390.0,2384.78125,3839.0,8,2,0,10,3770.0,920.0,10,10,0,True
2026-02-26 14:45:00,VIC1,2390.0,2378.96875,3839.0,8,2,0,10,3770.0,920.0,10,10,0,True
2026-02-26 14:50:00,VIC1,2390.0,2401.6875,3839.0,8,2,0,10,3770.0,920.0,10,10,0,True
2026-02-26 14:55:00,VIC1,2390.0,2360.90625,3839.0,8,2,0,10,3770.0,920.0,10,10,0,True
2026-02-26 15:00:00,VIC1,2390.0,2424.03125,3839.0,8,2,0,10,3770.0,920.0,10,10,0,True
2026-02-26 15:05:00,VIC1,2390.0,2388.6875,3839.0,8,2,0,10,3770.0,920.0,10,10,0,True
2026-02-26 15:10:00,VIC1,2390.0,2363.40625,3839.0,8,2,0,10,3770.0,920.0,10,10,0,True
2026-02-26 15:15:00,VIC1,2390.0,2415.96875,3839.0,8,2,0,10,3770.0,920.0,10,10,0,True
2026-02-26 15:20:00,VIC1,2390.0,2407.0,3839.0,8,2,0,10,3770.0,920.0,10,10,0,True
2026-02-26 15:25:00,VIC1,2390.0,2388.5,3839.0,8,2,0,10,3770.0,920.0,10,10,0,True
2026-02-26 15:30:00,VIC1,2390.0,2407.0,3839.0,8,2,0,10,3770.0,920.0,10,10,0,True
2026-02-26 15:35:00,VIC1,2411.0,2422.28125,3839.0,8,2,0,10,3770.0,920.0,10,10,0,True
2026-02-26 15:40:00,VIC1,2413.0,2391.46875,3839.0,8,2,0,10,3770.0,920.0,10,10,0,True
2026-02-26 15:45:00,VIC1,2422.0,2385.28125,3839.0,8,2,0,10,3770.0,920.0,10,10,0,True
2026-02-26 15:50:00,VIC1,2485.35974,2434.53125,3839.0,8,2,0,10,3770.0,920.0,10,10,0,True
2026-02-26 15:55:00,VIC1,2435.0,2416.21875,3839.0,8,2,0,10,3770.0,920.0,10,10,0,True
2026-02-26 16:00:00,VIC1,2445.0,2413.625,3839.0,8,2,0,10,3770.0,920.0,10,10,0,True
2026-02-26 16:05:00,VIC1,2590.5,2435.90625,3839.0,8,2,0,10,3770.0,920.0,10,10,0,True
2026-02-26 16:10:00,VIC1,2653.9375,2539.0625,3839.0,8,2,0,10,3770.0,920.0,10,10,0,True
2026-02-26 16:15:00,VIC1,2673.3125,2539.8125,3839.0,8,2,0,10,3770.0,920.0,10,10,0,True
2026-02-26 16:20:00,VIC1,2705.65625,2659.78125,3839.0,8,2,0,10,3770.0,920.0,10,10,0,True
2026-02-26 16:25:00,VIC1,2889.90625,2705.65625,3839.0,8,2,0,10,3770.0,920.0,10,10,0,True
2026-02-26 16:30:00,VIC1,3068.5,2889.90625,3839.0,8,2,0,10,3770.0,920.0,10,10,0,True
2026-02-26 16:35:00,VIC1,3230.78125,3068.5,3839.0,8,2,0,10,3770.0,920.0,10,10,0,True
2026-02-26 16:40:00,VIC1,3005.84375,2819.15625,3839.0,8,2,0,10,3770.0,920.0,10,10,0,True
2026-02-26 16:45:00,VIC1,3143.40625,2961.90625,3839.0,8,2,0,10,3770.0,920.0,10,10,0,True
2026-02-26 16:50:00,VIC1,3225.57775,3122.03125,3839.0,8,2,0,10,3770.0,920.0,10,10,0,True
2026-02-26 16:55:00,VIC1,3359.67098,3281.875,3839.0,8,2,0,10,3770.0,920.0,10,10,0,True
2026-02-28 10:55:00,VIC1,2860.0,2869.84375,3823.0,8,2,0,10,3770.0,920.0,10,10,0,True
2026-02-28 11:00:00,VIC1,2860.0,2854.0,3823.0,8,2,0,10,3770.0,920.0,10,10,0,True
2026-02-28 11:05:00,VIC1,2898.0,2832.4375,3823.0,8,2,0,10,3770.0,920.0,10,10,0,True
2026-02-28 11:10:00,VIC1,2860.0,2885.09375,3823.0,8,2,0,10,3770.0,920.0,10,10,0,True
2026-02-28 11:15:00,VIC1,2905.0,2853.625,3823.0,8,2,0,10,3770.0,920.0,10,10,0,True
2026-02-28 11:20:00,VIC1,2992.1722,2878.1875,3823.0,8,2,0,10,3770.0,920.0,10,10,0,True
2026-02-28 11:25:00,VIC1,3036.0,2967.25,3823.0,8,2,0,10,3770.0,920.0,10,10,0,True
2026-02-28 11:30:00,VIC1,3181.59375,3032.03125,3823.0,8,2,0,10,3770.0,920.0,10,10,0,True
2026-02-28 11:35:00,VIC1,3267.0,3168.6875,3823.0,8,2,0,10,3770.0,920.0,10,10,0,True
2026-02-28 11:40:00,VIC1,3160.44851,3288.46875,3823.0,8,2,0,10,3770.0,920.0,10,10,0,True
2026-02-28 11:45:00,VIC1,3158.8970600000002,3170.8125,3823.0,8,2,0,10,3770.0,920.0,10,10,0,True
2026-02-28 11:50:00,VIC1,3097.0,3128.1875,3823.0,8,2,0,10,3770.0,920.0,10,10,0,True
2026-02-28 11:55:00,VIC1,3125.1539000000002,3106.1875,3823.0,8,2,0,10,3770.0,920.0,10,10,0,True
2026-02-28 12:00:00,VIC1,3152.60334,3122.375,3823.0,8,2,0,10,3770.0,920.0,10,10,0,True
2026-02-28 12:05:00,VIC1,3232.88162,3150.875,3823.0,8,2,0,10,3770.0,920.0,10,10,0,True
2026-02-28 12:10:00,VIC1,3270.45818,3237.71875,3823.0,8,2,0,10,3770.0,920.0,10,10,0,True
2026-02-28 12:15:00,VIC1,3363.13356,3235.34375,3823.0,8,2,0,10,3770.0,920.0,10,10,0,True
2026-02-28 12:20:00,VIC1,3251.91014,3375.65625,3823.0,8,2,0,10,3770.0,920.0,10,10,0,True
2026-02-28 12:25:00,VIC1,3219.81408,3231.90625,3823.0,8,2,0,10,3770.0,920.0,10,10,0,True
2026-02-28 12:30:00,VIC1,3312.93094,3204.5625,3823.0,8,2,0,10,3770.0,920.0,10,10,0,True
2026-02-28 12:35:00,VIC1,3194.0,3291.75,3823.0,8,2,0,10,3770.0,920.0,10,10,0,True
2026-02-28 12:40:00,VIC1,3269.4044,3217.34375,3823.0,8,2,0,10,3770.0,920.0,10,10,0,True
2026-02-28 12:45:00,VIC1,3257.12412,3244.8125,3823.0,8,2,0,10,3770.0,920.0,10,10,0,True
2026-02-28 12:50:00,VIC1,3221.0,3281.0,3823.0,8,2,0,10,3770.0,920.0,10,10,0,True
2026-02-28 12:55:00,VIC1,3368.40625,3206.09375,3823.0,8,2,0,10,3770.0,920.0,10,10,0,True
2026-02-28 13:00:00,VIC1,3431.0,3350.15625,3823.0,8,2,0,10,3770.0,920.0,10,10,0,True
2026-02-28 13:05:00,VIC1,3418.53132,3399.625,3823.0,8,2,0,10,3770.0,920.0,10,10,0,True
2026-02-28 13:10:00,VIC1,3509.0,3414.15625,3823.0,8,2,0,10,3770.0,920.0,10,10,0,True
2026-02-28 13:15:00,VIC1,3547.0,3499.0,3823.0,8,2,0,10,3770.0,920.0,10,10,0,True
2026-02-28 13:20:00,VIC1,3518.2787200000002,3516.625,3823.0,8,2,0,10,3770.0,920.0,10,10,0,True
2026-02-28 13:25:00,VIC1,3511.4671,3537.1875,3823.0,8,2,0,10,3770.0,920.0,10,10,0,True
2026-02-28 13:30:00,VIC1,3620.5969800000003,3508.4375,3783.0,8,2,0,10,3770.0,920.0,10,10,0,True
2026-02-28 13:35:00,VIC1,3604.9165599999997,3623.25,3783.0,8,2,0,10,3770.0,920.0,10,10,0,True
2026-02-28 13:40:00,VIC1,3605.1032,3583.71875,3783.0,8,2,0,10,3770.0,920.0,10,10,0,True
2026-02-28 13:45:00,VIC1,3648.0,3610.09375,3783.0,8,2,0,10,3770.0,920.0,10,10,0,True
2026-02-28 13:50:00,VIC1,3648.0,3642.3125,3783.0,8,2,0,10,3770.0,920.0,10,10,0,True
2026-02-28 13:55:00,VIC1,3648.0,3633.84375,3783.0,8,2,0,10,3770.0,920.0,10,10,0,True
2026-02-28 14:00:00,VIC1,3648.0,3661.1875,3783.0,8,2,0,10,3770.0,920.0,10,10,0,True
2026-02-28 14:05:00,VIC1,3648.0,3645.25,3783.0,8,2,0,10,3770.0,920.0,10,10,0,True
2026-02-28 14:10:00,VIC1,3648.0,3603.21875,3783.0,8,2,0,10,3770.0,920.0,10,10,0,True
2026-02-28 14:15:00,VIC1,3648.0,3637.96875,3783.0,8,2,0,10,3770.0,920.0,10,10,0,True
2026-02-28 14:20:00,VIC1,3648.0,3654.4375,3783.0,8,2,0,10,3770.0,920.0,10,10,0,True
2026-02-28 14:25:00,VIC1,3678.1875,3631.3125,3783.0,8,2,0,10,3770.0,920.0,10,10,0,True
2026-02-28 14:30:00,VIC1,3700.40625,3671.78125,3783.0,8,2,0,10,3770.0,920.0,10,10,0,True
2026-02-28 14:35:00,VIC1,3716.71875,3669.96875,3783.0,8,2,0,10,3770.0,920.0,10,10,0,True
2026-02-28 14:40:00,VIC1,3732.75,3686.5,3783.0,8,2,0,10,3770.0,920.0,10,10,0,True
2026-02-28 14:45:00,VIC1,3750.78125,3714.78125,3783.0,8,2,0,10,3770.0,920.0,10,10,0,True
2026-02-28 14:50:00,VIC1,3758.9375,3722.3125,3783.0,8,2,0,10,3770.0,920.0,10,10,0,True
2026-02-28 14:55:00,VIC1,3763.0,3709.625,3783.0,8,2,0,10,3770.0,920.0,10,10,0,True
2026-02-28 17:00:00,VIC1,3768.0,3784.0625,3788.0,8,2,0,10,3770.0,920.0,10,10,0,True
2026-02-28 17:05:00,VIC1,3768.0,3779.40625,3788.0,8,2,0,10,3770.0,920.0,10,10,0,True
2026-02-28 17:10:00,VIC1,3768.0,3745.09375,3788.0,8,2,0,10,3770.0,920.0,10,10,0,True
2026-02-28 17:15:00,VIC1,3768.0,3755.09375,3788.0,8,2,0,10,3770.0,920.0,10,10,0,True
2026-02-28 17:20:00,VIC1,3768.0,3768.3125,3788.0,8,2,0,10,3770.0,920.0,10,10,0,True
2026-02-28 17:25:00,VIC1,3768.0,3764.4375,3788.0,8,2,0,10,3770.0,920.0,10,10,0,True
2026-02-28 17:30:00,VIC1,3768.0,3783.5,3788.0,8,2,0,10,3770.0,920.0,10,10,0,True
2026-02-28 17:35:00,VIC1,3768.0,3771.25,3788.0,8,2,0,10,3770.0,920.0,10,10,0,True
2026-02-28 17:40:00,VIC1,3748.0,3733.3125,3768.0,8,2,0,10,3770.0,920.0,10,10,0,True
2026-02-28 17:45:00,VIC1,3748.0,3763.34375,3768.0,8,2,0,10,3770.0,920.0,10,10,0,True
2026-02-28 17:50:00,VIC1,3748.0,3733.5,3768.0,8,2,0,10,3770.0,920.0,10,10,0,True
2026-02-28 17:55:00,VIC1,3748.0,3751.84375,3768.0,8,2,0,10,3770.0,920.0,10,10,0,True
2026-02-28 18:00:00,VIC1,3743.0,3765.46875,3763.0,8,2,0,10,3770.0,920.0,10,10,0,True
2026-02-28 18:05:00,VIC1,3743.0,3748.25,3763.0,8,2,0,10,3770.0,920.0,10,10,0,True
2026-02-28 18:10:00,VIC1,3743.0,3735.75,3763.0,8,2,0,10,3770.0,920.0,10,10,0,True
2026-02-28 18:15:00,VIC1,3743.0,3750.40625,3763.0,8,2,0,10,3770.0,920.0,10,10,0,True
2026-02-28 18:20:00,VIC1,3743.0,3753.625,3763.0,8,2,0,10,3770.0,920.0,10,10,0,True
2026-02-28 18:25:00,VIC1,3743.0,3721.65625,3763.0,8,2,0,10,3770.0,920.0,10,10,0,True
2026-02-28 18:30:00,VIC1,3743.0,3754.5625,3763.0,8,2,0,10,3770.0,920.0,10,10,0,True
2026-02-28 18:35:00,VIC1,3743.0,3741.09375,3763.0,8,2,0,10,3770.0,920.0,10,10,0,True
2026-02-28 18:40:00,VIC1,3743.0,3718.65625,3763.0,8,2,0,10,3770.0,920.0,10,10,0,True
2026-02-28 18:45:00,VIC1,3743.0,3757.75,3763.0,8,2,0,10,3770.0,920.0,10,10,0,True
2026-02-28 18:50:00,VIC1,3743.0,3734.5,3763.0,8,2,0,10,3770.0,920.0,10,10,0,True
2026-02-28 18:55:00,VIC1,3743.0,3730.09375,3763.0,8,2,0,10,3770.0,920.0,10,10,0,True
2026-02-28 19:00:00,VIC1,3743.0,3748.125,3763.0,8,2,0,10,3770.0,920.0,10,10,0,True
2026-02-28 19:05:00,VIC1,3743.0,3731.28125,3763.0,8,2,0,10,3770.0,920.0,10,10,0,True
2026-02-28 19:10:00,VIC1,3743.0,3730.96875,3763.0,8,2,0,10,3770.0,920.0,10,10,0,True
2026-02-28 19:15:00,VIC1,3743.0,3724.4375,3763.0,8,2,0,10,3770.0,920.0,10,10,0,True
2026-02-28 19:20:00,VIC1,3743.0,3734.46875,3763.0,8,2,0,10,3770.0,920.0,10,10,0,True
2026-02-28 19:25:00,VIC1,3743.0,3747.21875,3763.0,8,2,0,10,3770.0,920.0,10,10,0,True
2026-02-28 19:30:00,VIC1,3811.0,3826.9375,3813.0,9,1,0,10,4330.0,360.0,10,10,0,True
2026-02-28 19:35:00,VIC1,3877.0,3839.25,3913.0,9,1,0,10,4330.0,360.0,10,10,0,True
2026-02-28 19:40:00,VIC1,3851.0,3856.5,3871.0,9,1,0,10,4330.0,360.0,10,10,0,True
2026-02-28 19:45:00,VIC1,3851.0,3844.875,3871.0,9,1,0,10,4330.0,360.0,10,10,0,True
2026-02-28 19:50:00,VIC1,3892.0,3869.625,3913.0,9,1,0,10,4330.0,360.0,10,10,0,True
2026-02-28 19:55:00,VIC1,3893.0,3875.5,3913.0,9,1,0,10,4330.0,360.0,10,10,0,True
2026-02-28 20:00:00,VIC1,3893.0,3898.75,3913.0,9,1,0,10,4330.0,360.0,10,10,0,True
2026-02-28 20:05:00,VIC1,3922.0,3912.78125,4063.0,9,1,0,10,4330.0,360.0,10,10,0,True
2026-02-28 20:10:00,VIC1,3933.0,3895.03125,4063.0,9,1,0,10,4330.0,360.0,10,10,0,True
2026-02-28 20:15:00,VIC1,3944.0,3928.59375,4063.0,9,1,0,10,4330.0,360.0,10,10,0,True
2026-02-28 20:20:00,VIC1,3954.0,3939.40625,4063.0,9,1,0,10,4330.0,360.0,10,10,0,True
2026-02-28 20:25:00,VIC1,3962.0,3947.5625,4063.0,9,1,0,10,4330.0,360.0,10,10,0,True
2026-02-28 20:30:00,VIC1,3953.0,3953.0,3973.0,9,1,0,10,4330.0,360.0,10,10,0,True
2026-02-28 20:35:00,VIC1,3953.0,3935.8125,3973.0,9,1,0,10,4330.0,360.0,10,10,0,True
2026-02-28 20:40:00,VIC1,3999.0,3992.3125,4063.0,9,1,0,10,4330.0,360.0,10,10,0,True
2026-02-28 20:45:00,VIC1,4020.0,4006.0,4063.0,9,1,0,10,4330.0,360.0,10,10,0,True
2026-02-28 20:50:00,VIC1,4032.0,4008.8125,4063.0,9,1,0,10,4330.0,360.0,10,10,0,True
2026-02-28 20:55:00,VIC1,4039.0,4007.0,4063.0,9,1,0,10,4330.0,360.0,10,10,0,True
2026-02-28 21:00:00,VIC1,4008.0,3982.53125,4028.0,9,1,0,10,4330.0,360.0,10,10,0,True
2026-03-04 12:00:00,VIC1,3935.0,3928.34375,4683.0,10,0,0,10,4690.0,0.0,10,10,0,True
2026-03-04 12:05:00,VIC1,3890.0,3937.03125,4663.0,10,0,0,10,4690.0,0.0,10,10,0,True
2026-03-04 12:10:00,VIC1,3880.0,3934.0,4663.0,10,0,0,10,4690.0,0.0,10,10,0,True
2026-03-04 12:15:00,VIC1,3891.59514,3966.65625,4663.0,10,0,0,10,4690.0,0.0,10,10,0,True
2026-03-04 12:20:00,VIC1,3920.59354,3925.25,4663.0,10,0,0,10,4690.0,0.0,10,10,0,True
2026-03-04 12:25:00,VIC1,4066.4195099999997,3998.1875,4663.0,10,0,0,10,4690.0,0.0,10,10,0,True
2026-03-04 12:30:00,VIC1,3963.0,4058.53125,4663.0,10,0,0,10,4690.0,0.0,10,10,0,True
2026-03-04 12:35:00,VIC1,3974.0,4011.78125,4663.0,10,0,0,10,4690.0,0.0,10,10,0,True
2026-03-04 12:40:00,VIC1,3994.89809,4057.5,4663.0,10,0,0,10,4690.0,0.0,10,10,0,True
2026-03-04 12:45:00,VIC1,4067.0,4090.0625,4663.0,10,0,0,10,4690.0,0.0,10,10,0,True
2026-03-04 12:50:00,VIC1,3867.90625,4049.96875,4663.0,10,0,0,10,4690.0,0.0,10,10,0,True
2026-03-04 12:55:00,VIC1,3899.0,3912.875,4663.0,10,0,0,10,4690.0,0.0,10,10,0,True
2026-03-04 13:00:00,VIC1,3899.0,3940.65625,4663.0,10,0,0,10,4690.0,0.0,10,10,0,True
2026-03-04 13:05:00,VIC1,3936.0,3990.84375,4663.0,10,0,0,10,4690.0,0.0,10,10,0,True
2026-03-04 13:10:00,VIC1,3972.45627,3934.40625,4663.0,10,0,0,10,4690.0,0.0,10,10,0,True
2026-03-04 13:15:00,VIC1,3917.0,4009.71875,4663.0,10,0,0,10,4690.0,0.0,10,10,0,True
2026-03-04 13:20:00,VIC1,3919.0,3997.03125,4663.0,10,0,0,10,4690.0,0.0,10,10,0,True
2026-03-04 13:25:00,VIC1,3929.42994,3972.96875,4663.0,10,0,0,10,4690.0,0.0,10,10,0,True
2026-03-04 13:30:00,VIC1,3880.46443,3913.84375,4663.0,10,0,0,10,4690.0,0.0,10,10,0,True
2026-03-04 13:35:00,VIC1,3742.65625,3915.8125,4663.0,10,0,0,10,4690.0,0.0,10,10,0,True
2026-03-04 13:40:00,VIC1,3774.0,3870.1875,4663.0,10,0,0,10,4690.0,0.0,10,10,0,True
2026-03-04 13:45:00,VIC1,3768.0,3809.4375,4663.0,10,0,0,10,4690.0,0.0,10,10,0,True
2026-03-04 13:50:00,VIC1,3778.8845,3849.65625,4663.0,10,0,0,10,4690.0,0.0,10,10,0,True
2026-03-04 13:55:00,VIC1,3742.3433800000003,3827.1875,4663.0,10,0,0,10,4690.0,0.0,10,10,0,True
2026-03-04 14:00:00,VIC1,3546.90625,3726.0,4663.0,10,0,0,10,4690.0,0.0,10,10,0,True
2026-03-04 14:05:00,VIC1,3599.0,3625.53125,4663.0,10,0,0,10,4690.0,0.0,10,10,0,True
2026-03-04 14:10:00,VIC1,3556.0,3639.3125,4663.0,10,0,0,10,4690.0,0.0,10,10,0,True
2026-03-04 14:15:00,VIC1,3440.9375,3556.5625,4663.0,10,0,0,10,4690.0,0.0,10,10,0,True
2026-03-04 14:20:00,VIC1,3423.0,3526.34375,4663.0,10,0,0,10,4690.0,0.0,10,10,0,True
2026-03-04 14:25:00,VIC1,3416.0,3466.25,4663.0,10,0,0,10,4690.0,0.0,10,10,0,True
2026-03-04 14:30:00,VIC1,3410.0,3434.21875,4663.0,10,0,0,10,4690.0,0.0,10,10,0,True
2026-03-04 14:35:00,VIC1,3412.0,3471.375,4663.0,10,0,0,10,4690.0,0.0,10,10,0,True
2026-03-04 14:40:00,VIC1,3408.0,3467.78125,4663.0,10,0,0,10,4690.0,0.0,10,10,0,True
2026-03-04 14:45:00,VIC1,3393.0,3448.1875,4663.0,10,0,0,10,4690.0,0.0,10,10,0,True
2026-03-04 14:50:00,VIC1,3390.0,3400.0,4403.0,10,0,0,10,4690.0,0.0,10,10,0,True
2026-03-04 14:55:00,VIC1,3390.0,3403.875,4403.0,10,0,0,10,4690.0,0.0,10,10,0,True
2026-03-04 15:00:00,VIC1,3390.0,3358.65625,4403.0,10,0,0,10,4690.0,0.0,10,10,0,True
2026-03-04 15:05:00,VIC1,3390.0,3433.25,4483.0,10,0,0,10,4690.0,0.0,10,10,0,True
2026-03-04 15:10:00,VIC1,3390.0,3428.53125,4483.0,10,0,0,10,4690.0,0.0,10,10,0,True
2026-03-04 15:15:00,VIC1,3390.0,3410.0,4483.0,10,0,0,10,4690.0,0.0,10,10,0,True
2026-03-04 15:20:00,VIC1,3394.0,3472.96875,4483.0,10,0,0,10,4690.0,0.0,10,10,0,True
2026-03-04 15:25:00,VIC1,3390.0,3407.84375,4483.0,10,0,0,10,4690.0,0.0,10,10,0,True
2026-03-04 15:30:00,VIC1,3396.0,3478.625,4483.0,10,0,0,10,4690.0,0.0,10,10,0,True
2026-03-04 15:35:00,VIC1,3390.0,3410.625,4483.0,10,0,0,10,4690.0,0.0,10,10,0,True
2026-03-04 15:40:00,VIC1,3390.0,3373.40625,4483.0,10,0,0,10,4690.0,0.0,10,10,0,True
2026-03-04 15:45:00,VIC1,3390.0,3385.6875,4483.0,10,0,0,10,4690.0,0.0,10,10,0,True
2026-03-04 15:50:00,VIC1,3424.0,3500.03125,4533.0,10,0,0,10,4690.0,0.0,10,10,0,True
2026-03-04 15:55:00,VIC1,3371.65625,3481.5,4533.0,10,0,0,10,4690.0,0.0,10,10,0,True
2026-03-04 16:00:00,VIC1,3341.5,3464.84375,4533.0,10,0,0,10,4690.0,0.0,10,10,0,True
2026-03-10 13:05:00,VIC1,3351.0,3316.9375,4348.0,9,1,0,10,4310.0,380.0,10,10,0,True
2026-03-10 13:10:00,VIC1,3373.0,3317.15625,4348.0,9,1,0,10,4310.0,380.0,10,10,0,True
2026-03-10 13:15:00,VIC1,3401.0,3348.0,4348.0,9,1,0,10,4310.0,380.0,10,10,0,True
2026-03-10 13:20:00,VIC1,3466.0,3431.21875,4348.0,9,1,0,10,4310.0,380.0,10,10,0,True
2026-03-10 13:25:00,VIC1,3503.0,3456.125,4348.0,9,1,0,10,4310.0,380.0,10,10,0,True
2026-03-10 13:30:00,VIC1,3538.0,3484.15625,4348.0,9,1,0,10,4310.0,380.0,10,10,0,True
2026-03-10 13:35:00,VIC1,3596.0,3502.3125,4348.0,9,1,0,10,4310.0,380.0,10,10,0,True
2026-03-10 13:40:00,VIC1,3654.0,3571.0,4348.0,9,1,0,10,4310.0,380.0,10,10,0,True
2026-03-10 13:45:00,VIC1,3708.0,3610.15625,4348.0,9,1,0,10,4310.0,380.0,10,10,0,True
2026-03-10 13:50:00,VIC1,3678.0,3688.1875,4348.0,9,1,0,10,4310.0,380.0,10,10,0,True
2026-03-10 13:55:00,VIC1,3675.0,3623.9375,4348.0,9,1,0,10,4310.0,380.0,10,10,0,True
2026-03-10 14:00:00,VIC1,3677.0,3650.78125,4348.0,9,1,0,10,4310.0,380.0,10,10,0,True
2026-03-10 14:05:00,VIC1,3702.0,3645.25,4348.0,9,1,0,10,4310.0,380.0,10,10,0,True
2026-03-10 14:10:00,VIC1,3751.0,3650.65625,4348.0,9,1,0,10,4310.0,380.0,10,10,0,True
2026-03-10 14:15:00,VIC1,3777.53467,3730.8125,4348.0,9,1,0,10,4310.0,380.0,10,10,0,True
2026-03-10 14:20:00,VIC1,3842.0,3759.0,4348.0,9,1,0,10,4310.0,380.0,10,10,0,True
2026-03-10 14:25:00,VIC1,3832.0,3746.9375,4348.0,9,1,0,10,4310.0,380.0,10,10,0,True
2026-03-10 14:30:00,VIC1,3832.0,3744.65625,4348.0,9,1,0,10,4310.0,380.0,10,10,0,True
2026-03-10 14:35:00,VIC1,3819.50123,3740.28125,4348.0,9,1,0,10,4310.0,380.0,10,10,0,True
2026-03-10 14:40:00,VIC1,3899.375,3809.375,4348.0,9,1,0,10,4310.0,380.0,10,10,0,True
2026-03-10 14:45:00,VIC1,3926.84375,3866.21875,4348.0,9,1,0,10,4310.0,380.0,10,10,0,True
2026-03-10 14:50:00,VIC1,3931.59375,3874.84375,4348.0,9,1,0,10,4310.0,380.0,10,10,0,True
2026-03-10 14:55:00,VIC1,3940.90625,3893.90625,4348.0,9,1,0,10,4310.0,380.0,10,10,0,True
2026-03-10 15:00:00,VIC1,3953.21875,3941.09375,4348.0,9,1,0,10,4310.0,380.0,10,10,0,True
2026-03-10 15:05:00,VIC1,4066.0,3986.6875,4348.0,9,1,0,10,4310.0,380.0,10,10,0,True
2026-03-10 15:10:00,VIC1,4095.25113,4069.96875,4348.0,9,1,0,10,4310.0,380.0,10,10,0,True
2026-03-10 15:15:00,VIC1,4087.0,4051.21875,4328.0,9,1,0,10,4310.0,380.0,10,10,0,True
2026-03-10 15:20:00,VIC1,4093.0,4087.78125,4328.0,9,1,0,10,4310.0,380.0,10,10,0,True
2026-03-10 15:25:00,VIC1,4074.0,4050.625,4308.0,9,1,0,10,4310.0,380.0,10,10,0,True
2026-03-10 15:30:00,VIC1,4067.0,4048.09375,4308.0,9,1,0,10,4310.0,380.0,10,10,0,True
2026-03-10 15:35:00,VIC1,4078.0,4039.25,4308.0,9,1,0,10,4310.0,380.0,10,10,0,True
2026-03-10 15:40:00,VIC1,4071.0,4034.9375,4303.0,9,1,0,10,4310.0,380.0,10,10,0,True
2026-03-10 15:45:00,VIC1,4077.0,4087.75,4303.0,9,1,0,10,4310.0,380.0,10,10,0,True
2026-03-10 15:50:00,VIC1,4081.0,4079.875,4303.0,9,1,0,10,4310.0,380.0,10,10,0,True
2026-03-10 15:55:00,VIC1,4086.0,4091.15625,4303.0,9,1,0,10,4310.0,380.0,10,10,0,True
2026-03-10 16:00:00,VIC1,4087.0,4060.8125,4303.0,9,1,0,10,4310.0,380.0,10,10,0,True
2026-03-10 16:05:00,VIC1,4092.0,4081.5625,4303.0,9,1,0,10,4310.0,380.0,10,10,0,True
2026-03-10 16:10:00,VIC1,4105.0,4081.0625,4313.0,9,1,0,10,4310.0,380.0,10,10,0,True
2026-03-10 16:15:00,VIC1,4123.0,4121.59375,4313.0,9,1,0,10,4310.0,380.0,10,10,0,True
2026-03-10 16:20:00,VIC1,4157.0,4105.78125,4333.0,9,1,0,10,4310.0,380.0,10,10,0,True
2026-03-10 16:25:00,VIC1,4172.0,4146.875,4333.0,9,1,0,10,4310.0,380.0,10,10,0,True
2026-03-10 16:30:00,VIC1,4188.0,4178.78125,4333.0,9,1,0,10,4310.0,380.0,10,10,0,True
2026-03-10 16:35:00,VIC1,4215.0,4183.375,4343.0,9,1,0,10,4310.0,380.0,10,10,0,True
2026-03-10 16:40:00,VIC1,4233.0,4233.09375,4343.0,9,1,0,10,4310.0,380.0,10,10,0,True
2026-03-10 16:45:00,VIC1,4250.0,4241.3125,4343.0,9,1,0,10,4310.0,380.0,10,10,0,True
2026-03-10 16:50:00,VIC1,4269.0,4264.5,4343.0,9,1,0,10,4310.0,380.0,10,10,0,True
2026-03-10 16:55:00,VIC1,4289.0,4297.71875,4343.0,9,1,0,10,4310.0,380.0,10,10,0,True
2026-03-10 17:00:00,VIC1,4303.0,4268.59375,4343.0,9,1,0,10,4310.0,380.0,10,10,0,True
2026-03-10 17:05:00,VIC1,4308.0,4271.78125,4343.0,9,1,0,10,4310.0,380.0,10,10,0,True
2026-03-11 03:00:00,VIC1,3111.0,3132.5,4165.0,9,1,0,10,4310.0,380.0,10,10,0,True
2026-03-11 03:05:00,VIC1,3097.0,3122.9375,4165.0,9,1,0,10,4310.0,380.0,10,10,0,True
2026-03-11 03:10:00,VIC1,3090.0,3085.59375,4165.0,9,1,0,10,4310.0,380.0,10,10,0,True
2026-03-11 03:15:00,VIC1,3090.0,3077.59375,4165.0,9,1,0,10,4310.0,380.0,10,10,0,True
2026-03-11 03:20:00,VIC1,3059.32598,3090.5625,4165.0,9,1,0,10,4310.0,380.0,10,10,0,True
2026-03-11 03:25:00,VIC1,3090.0,3036.75,4165.0,9,1,0,10,4310.0,380.0,10,10,0,True
2026-03-11 03:30:00,VIC1,3090.0,3092.21875,4165.0,9,1,0,10,4310.0,380.0,10,10,0,True
2026-03-11 03:35:00,VIC1,3090.0,3089.6875,4165.0,9,1,0,10,4310.0,380.0,10,10,0,True
2026-03-11 03:40:00,VIC1,3090.0,3117.5625,4165.0,9,1,0,10,4310.0,380.0,10,10,0,True
2026-03-11 03:45:00,VIC1,3090.0,3069.4375,4165.0,9,1,0,10,4310.0,380.0,10,10,0,True
2026-03-11 03:50:00,VIC1,3090.0,3080.375,4165.0,9,1,0,10,4310.0,380.0,10,10,0,True
2026-03-11 03:55:00,VIC1,3090.0,3101.6875,4165.0,9,1,0,10,4310.0,380.0,10,10,0,True
2026-03-11 04:00:00,VIC1,3090.0,3085.875,4165.0,9,1,0,10,4310.0,380.0,10,10,0,True
2026-03-11 04:05:00,VIC1,3090.0,3103.1875,4165.0,9,1,0,10,4310.0,380.0,10,10,0,True
2026-03-11 04:10:00,VIC1,3090.0,3092.1875,4165.0,9,1,0,10,4310.0,380.0,10,10,0,True
2026-03-11 04:15:00,VIC1,3090.0,3092.875,4165.0,9,1,0,10,4310.0,380.0,10,10,0,True
2026-03-11 04:20:00,VIC1,3090.0,3102.84375,4165.0,9,1,0,10,4310.0,380.0,10,10,0,True
2026-03-11 04:25:00,VIC1,3090.0,3079.9375,4165.0,9,1,0,10,4310.0,380.0,10,10,0,True
2026-03-11 04:30:00,VIC1,3090.0,3076.46875,4165.0,9,1,0,10,4310.0,380.0,10,10,0,True
2026-03-11 04:35:00,VIC1,3069.27976,3090.4375,4165.0,9,1,0,10,4310.0,380.0,10,10,0,True
2026-03-11 04:40:00,VIC1,3090.0,3052.9375,4165.0,9,1,0,10,4310.0,380.0,10,10,0,True
2026-03-11 04:45:00,VIC1,3090.0,3074.0,4165.0,9,1,0,10,4310.0,380.0,10,10,0,True
2026-03-11 04:50:00,VIC1,3090.0,3072.71875,4165.0,9,1,0,10,4310.0,380.0,10,10,0,True
2026-03-11 04:55:00,VIC1,3090.0,3101.6875,4165.0,9,1,0,10,4310.0,380.0,10,10,0,True
2026-03-11 05:00:00,VIC1,3090.0,3092.28125,4165.0,9,1,0,10,4310.0,380.0,10,10,0,True
2026-03-11 05:05:00,VIC1,3090.0,3108.3125,4165.0,9,1,0,10,4310.0,380.0,10,10,0,True
2026-03-11 05:10:00,VIC1,3090.0,3117.0,4165.0,9,1,0,10,4310.0,380.0,10,10,0,True
2026-03-11 05:15:00,VIC1,3090.0,3103.96875,4165.0,9,1,0,10,4310.0,380.0,10,10,0,True
2026-03-11 05:20:00,VIC1,3090.0,3072.5625,4165.0,9,1,0,10,4310.0,380.0,10,10,0,True
2026-03-11 05:25:00,VIC1,3090.0,3075.65625,4165.0,9,1,0,10,4310.0,380.0,10,10,0,True
2026-03-11 05:30:00,VIC1,3090.0,3064.3125,4165.0,9,1,0,10,4310.0,380.0,10,10,0,True
2026-03-11 05:35:00,VIC1,3090.0,3065.65625,4165.0,9,1,0,10,4310.0,380.0,10,10,0,True
2026-03-11 05:40:00,VIC1,3001.78125,3065.75,4165.0,9,1,0,10,4310.0,380.0,10,10,0,True
2026-03-11 05:45:00,VIC1,3090.0,3016.71875,4165.0,9,1,0,10,4310.0,380.0,10,10,0,True
2026-03-11 05:50:00,VIC1,3025.60396,3097.71875,4165.0,9,1,0,10,4310.0,380.0,10,10,0,True
2026-03-11 05:55:00,VIC1,3034.22348,2991.5625,4165.0,9,1,0,10,4310.0,380.0,10,10,0,True
2026-03-11 06:00:00,VIC1,3090.0,3030.75,4165.0,9,1,0,10,4310.0,380.0,10,10,0,True
2026-03-11 06:05:00,VIC1,3090.0,3101.75,4165.0,9,1,0,10,4310.0,380.0,10,10,0,True
2026-03-11 06:10:00,VIC1,3090.0,3092.21875,4177.0,9,1,0,10,4310.0,380.0,10,10,0,True
2026-03-11 06:15:00,VIC1,3090.0,3102.65625,4177.0,9,1,0,10,4310.0,380.0,10,10,0,True
2026-03-11 06:20:00,VIC1,3090.0,3092.03125,4177.0,9,1,0,10,4310.0,380.0,10,10,0,True
2026-03-11 06:25:00,VIC1,3090.0,3125.96875,4177.0,9,1,0,10,4310.0,380.0,10,10,0,True
2026-03-11 06:30:00,VIC1,3090.0,3068.4375,4177.0,9,1,0,10,4310.0,380.0,10,10,0,True
2026-03-11 06:35:00,VIC1,3090.0,3109.15625,4177.0,9,1,0,10,4310.0,380.0,10,10,0,True
2026-03-11 06:40:00,VIC1,3090.0,3065.1875,4177.0,9,1,0,10,4310.0,380.0,10,10,0,True
2026-03-11 06:45:00,VIC1,3090.0,3095.28125,4177.0,9,1,0,10,4310.0,380.0,10,10,0,True
2026-03-11 06:50:00,VIC1,3090.0,3101.8125,4177.0,9,1,0,10,4310.0,380.0,10,10,0,True
2026-03-11 06:55:00,VIC1,3090.0,3100.5625,4177.0,9,1,0,10,4310.0,380.0,10,10,0,True
2026-03-11 07:00:00,VIC1,3090.0,3070.90625,4177.0,9,1,0,10,4310.0,380.0,10,10,0,True
2026-03-13 04:10:00,VIC1,3275.1027400000003,3190.0,4403.0,9,1,0,10,4310.0,380.0,10,10,0,True
2026-03-13 04:15:00,VIC1,3290.61266,3267.875,4403.0,9,1,0,10,4310.0,380.0,10,10,0,True
2026-03-13 04:20:00,VIC1,3196.7059,3259.9375,4403.0,9,1,0,10,4310.0,380.0,10,10,0,True
2026-03-13 04:25:00,VIC1,3226.86406,3196.03125,4403.0,9,1,0,10,4310.0,380.0,10,10,0,True
2026-03-13 04:30:00,VIC1,3382.5865,3243.28125,4403.0,9,1,0,10,4310.0,380.0,10,10,0,True
2026-03-13 04:35:00,VIC1,3340.9893,3364.625,4403.0,9,1,0,10,4310.0,380.0,10,10,0,True
2026-03-13 04:40:00,VIC1,3323.86686,3338.03125,4403.0,9,1,0,10,4310.0,380.0,10,10,0,True
2026-03-13 04:45:00,VIC1,3457.09375,3316.65625,4403.0,9,1,0,10,4310.0,380.0,10,10,0,True
2026-03-13 04:50:00,VIC1,3538.3125,3436.625,4403.0,9,1,0,10,4310.0,380.0,10,10,0,True
2026-03-13 04:55:00,VIC1,3533.6215,3516.3125,4403.0,9,1,0,10,4310.0,380.0,10,10,0,True
2026-03-13 05:00:00,VIC1,3560.0,3544.9375,4403.0,9,1,0,10,4310.0,380.0,10,10,0,True
2026-03-13 05:05:00,VIC1,3708.375,3541.4375,4403.0,9,1,0,10,4310.0,380.0,10,10,0,True
2026-03-13 05:10:00,VIC1,3658.37962,3681.0,4398.0,9,1,0,10,4310.0,380.0,10,10,0,True
2026-03-13 05:15:00,VIC1,3801.21875,3646.0,4398.0,9,1,0,10,4310.0,380.0,10,10,0,True
2026-03-13 05:20:00,VIC1,3851.1267,3748.53125,4398.0,9,1,0,10,4310.0,380.0,10,10,0,True
2026-03-13 05:25:00,VIC1,3662.75,3824.5625,4398.0,9,1,0,10,4310.0,380.0,10,10,0,True
2026-03-13 05:30:00,VIC1,3567.53125,3699.46875,4398.0,9,1,0,10,4310.0,380.0,10,10,0,True
2026-03-13 05:35:00,VIC1,3644.0,3573.5,4398.0,9,1,0,10,4310.0,380.0,10,10,0,True
2026-03-13 05:40:00,VIC1,3577.4195,3643.53125,4398.0,9,1,0,10,4310.0,380.0,10,10,0,True
2026-03-13 05:45:00,VIC1,3510.65625,3552.90625,4398.0,9,1,0,10,4310.0,380.0,10,10,0,True
2026-03-13 05:50:00,VIC1,3505.03125,3534.8125,4398.0,9,1,0,10,4310.0,380.0,10,10,0,True
2026-03-13 05:55:00,VIC1,3575.125,3556.34375,4398.0,9,1,0,10,4310.0,380.0,10,10,0,True
2026-03-13 06:00:00,VIC1,3735.71875,3570.84375,4398.0,9,1,0,10,4310.0,380.0,10,10,0,True
2026-03-13 06:05:00,VIC1,3862.3125,3695.96875,4398.0,9,1,0,10,4310.0,380.0,10,10,0,True
2026-03-13 06:10:00,VIC1,3815.0,3865.4375,4398.0,9,1,0,10,4310.0,380.0,10,10,0,True
2026-03-13 06:15:00,VIC1,3929.61357,3821.4375,4398.0,9,1,0,10,4310.0,380.0,10,10,0,True
2026-03-13 06:20:00,VIC1,3784.65276,3907.4375,4408.0,9,1,0,10,4310.0,380.0,10,10,0,True
2026-03-13 06:25:00,VIC1,3957.34375,3790.71875,4408.0,9,1,0,10,4310.0,380.0,10,10,0,True
2026-03-13 06:30:00,VIC1,3958.08421,3910.1875,4408.0,9,1,0,10,4310.0,380.0,10,10,0,True
2026-03-13 06:35:00,VIC1,4012.61112,3953.625,4408.0,9,1,0,10,4310.0,380.0,10,10,0,True
2026-03-13 06:40:00,VIC1,3998.81316,4029.875,4328.0,9,1,0,10,4310.0,380.0,10,10,0,True
2026-03-13 06:45:00,VIC1,4051.55023,4017.90625,4328.0,9,1,0,10,4310.0,380.0,10,10,0,True
2026-03-13 06:50:00,VIC1,3960.875,4069.3125,4328.0,9,1,0,10,4310.0,380.0,10,10,0,True
2026-03-13 06:55:00,VIC1,3973.5032,3958.71875,4328.0,9,1,0,10,4310.0,380.0,10,10,0,True
2026-03-13 07:00:00,VIC1,3812.8125,3952.1875,4328.0,9,1,0,10,4310.0,380.0,10,10,0,True
2026-03-13 07:05:00,VIC1,3732.125,3866.0,4328.0,9,1,0,10,4310.0,380.0,10,10,0,True
2026-03-13 07:10:00,VIC1,3678.0,3763.875,4328.0,9,1,0,10,4310.0,380.0,10,10,0,True
2026-03-13 07:15:00,VIC1,3638.0,3716.8125,4328.0,9,1,0,10,4310.0,380.0,10,10,0,True
2026-03-13 07:20:00,VIC1,3612.0,3669.875,4328.0,9,1,0,10,4310.0,380.0,10,10,0,True
2026-03-13 07:25:00,VIC1,3604.0,3633.5625,4328.0,9,1,0,10,4310.0,380.0,10,10,0,True
2026-03-13 07:30:00,VIC1,3578.0,3592.78125,4328.0,9,1,0,10,4310.0,380.0,10,10,0,True
2026-03-13 07:35:00,VIC1,3642.5,3600.125,4328.0,9,1,0,10,4310.0,380.0,10,10,0,True
2026-03-13 07:40:00,VIC1,3631.0,3633.375,4328.0,9,1,0,10,4310.0,380.0,10,10,0,True
2026-03-13 07:45:00,VIC1,3498.53125,3628.0,4328.0,9,1,0,10,4310.0,380.0,10,10,0,True
2026-03-13 07:50:00,VIC1,3414.53125,3539.90625,4328.0,9,1,0,10,4310.0,380.0,10,10,0,True
2026-03-13 07:55:00,VIC1,3406.7618,3435.96875,4328.0,9,1,0,10,4310.0,380.0,10,10,0,True
2026-03-13 08:00:00,VIC1,3288.53125,3418.625,4328.0,9,1,0,10,4310.0,380.0,10,10,0,True
2026-03-13 08:05:00,VIC1,3321.03764,3330.40625,4328.0,9,1,0,10,4310.0,380.0,10,10,0,True
2026-03-13 08:10:00,VIC1,3383.90625,3370.90625,4328.0,9,1,0,10,4310.0,380.0,10,10,0,True
2026-04-03 15:20:00,VIC1,2420.0,2395.5,4418.0,9,1,0,10,4330.0,360.0,10,10,0,True
2026-04-03 15:25:00,VIC1,2420.0,2414.0,4418.0,9,1,0,10,4330.0,360.0,10,10,0,True
2026-04-03 15:30:00,VIC1,2420.0,2408.125,4418.0,9,1,0,10,4330.0,360.0,10,10,0,True
2026-04-03 15:35:00,VIC1,2502.21875,2382.125,4418.0,9,1,0,10,4330.0,360.0,10,10,0,True
2026-04-03 15:40:00,VIC1,2556.0,2465.4375,4418.0,9,1,0,10,4330.0,360.0,10,10,0,True
2026-04-03 15:45:00,VIC1,2586.0,2531.6875,4418.0,9,1,0,10,4330.0,360.0,10,10,0,True
2026-04-03 15:50:00,VIC1,2620.0,2574.9375,4418.0,9,1,0,10,4330.0,360.0,10,10,0,True
2026-04-03 15:55:00,VIC1,2671.0,2625.375,4418.0,9,1,0,10,4330.0,360.0,10,10,0,True
2026-04-03 16:00:00,VIC1,2690.0,2683.59375,4418.0,9,1,0,10,4330.0,360.0,10,10,0,True
2026-04-03 16:05:00,VIC1,2801.5625,2670.53125,4418.0,9,1,0,10,4330.0,360.0,10,10,0,True
2026-04-03 16:10:00,VIC1,2893.0,2775.28125,4418.0,9,1,0,10,4330.0,360.0,10,10,0,True
2026-04-03 16:15:00,VIC1,2920.0,2898.875,4418.0,9,1,0,10,4330.0,360.0,10,10,0,True
2026-04-03 16:20:00,VIC1,2961.53119,2874.28125,4418.0,9,1,0,10,4330.0,360.0,10,10,0,True
2026-04-03 16:25:00,VIC1,2920.0,2968.4375,4418.0,9,1,0,10,4330.0,360.0,10,10,0,True
2026-04-03 16:30:00,VIC1,3022.34375,2942.125,4418.0,9,1,0,10,4330.0,360.0,10,10,0,True
2026-04-03 16:35:00,VIC1,3202.3125,3036.4375,4418.0,9,1,0,10,4330.0,360.0,10,10,0,True
2026-04-03 16:40:00,VIC1,3309.0,3167.25,4418.0,9,1,0,10,4330.0,360.0,10,10,0,True
2026-04-03 16:45:00,VIC1,3261.6875,3273.28125,4418.0,9,1,0,10,4330.0,360.0,10,10,0,True
2026-04-03 16:50:00,VIC1,3434.0,3277.875,4418.0,9,1,0,10,4330.0,360.0,10,10,0,True
2026-04-03 16:55:00,VIC1,3460.0,3423.3125,4418.0,9,1,0,10,4330.0,360.0,10,10,0,True
2026-04-03 17:00:00,VIC1,3546.09375,3522.15625,4418.0,9,1,0,10,4330.0,360.0,10,10,0,True
2026-04-03 17:05:00,VIC1,3688.0,3556.40625,4418.0,9,1,0,10,4330.0,360.0,10,10,0,True
2026-04-03 17:10:00,VIC1,3749.26735,3634.1875,4418.0,9,1,0,10,4330.0,360.0,10,10,0,True
2026-04-03 17:15:00,VIC1,3783.0,3738.125,4418.0,9,1,0,10,4330.0,360.0,10,10,0,True
2026-04-03 17:20:00,VIC1,3849.0,3775.375,4418.0,9,1,0,10,4330.0,360.0,10,10,0,True
2026-04-03 17:25:00,VIC1,4026.96875,3865.53125,4418.0,9,1,0,10,4330.0,360.0,10,10,0,True
2026-04-03 17:30:00,VIC1,3930.0,3983.09375,4418.0,9,1,0,10,4330.0,360.0,10,10,0,True
2026-04-03 17:35:00,VIC1,3938.0,3921.3125,4418.0,9,1,0,10,4330.0,360.0,10,10,0,True
2026-04-03 17:40:00,VIC1,4032.94119,3960.21875,4418.0,9,1,0,10,4330.0,360.0,10,10,0,True
2026-04-03 17:45:00,VIC1,4048.72726,4034.71875,4418.0,9,1,0,10,4330.0,360.0,10,10,0,True
2026-04-03 17:50:00,VIC1,3972.65625,4027.0,4418.0,9,1,0,10,4330.0,360.0,10,10,0,True
2026-04-03 17:55:00,VIC1,4083.03125,3961.53125,4418.0,9,1,0,10,4330.0,360.0,10,10,0,True
2026-04-03 18:00:00,VIC1,3980.15625,4048.625,4418.0,9,1,0,10,4330.0,360.0,10,10,0,True
2026-04-03 18:05:00,VIC1,3980.0,3971.21875,4418.0,9,1,0,10,4330.0,360.0,10,10,0,True
2026-04-03 18:10:00,VIC1,3980.0,3989.75,4418.0,9,1,0,10,4330.0,360.0,10,10,0,True
2026-04-03 18:15:00,VIC1,3980.0,3961.21875,4418.0,9,1,0,10,4330.0,360.0,10,10,0,True
2026-04-03 18:20:00,VIC1,3980.0,3960.21875,4418.0,9,1,0,10,4330.0,360.0,10,10,0,True
2026-04-03 18:25:00,VIC1,3980.0,3938.40625,4418.0,9,1,0,10,4330.0,360.0,10,10,0,True
2026-04-03 18:30:00,VIC1,3980.0,3976.15625,4413.0,9,1,0,10,4330.0,360.0,10,10,0,True
2026-04-03 18:35:00,VIC1,3980.0,3960.0,4413.0,9,1,0,10,4330.0,360.0,10,10,0,True
2026-04-03 18:40:00,VIC1,3980.0,3947.125,4413.0,9,1,0,10,4330.0,360.0,10,10,0,True
2026-04-03 18:45:00,VIC1,3980.0,3958.25,4413.0,9,1,0,10,4330.0,360.0,10,10,0,True
2026-04-03 18:50:00,VIC1,3980.0,3978.875,4413.0,9,1,0,10,4330.0,360.0,10,10,0,True
2026-04-03 18:55:00,VIC1,3980.0,3945.65625,4413.0,9,1,0,10,4330.0,360.0,10,10,0,True
2026-04-03 19:00:00,VIC1,3980.0,3974.5625,4413.0,9,1,0,10,4330.0,360.0,10,10,0,True
2026-04-03 19:05:00,VIC1,3980.0,3963.28125,4413.0,9,1,0,10,4330.0,360.0,10,10,0,True
2026-04-03 19:10:00,VIC1,3883.90645,3964.6875,4413.0,9,1,0,10,4330.0,360.0,10,10,0,True
2026-04-03 19:15:00,VIC1,3980.0,3879.78125,4413.0,9,1,0,10,4330.0,360.0,10,10,0,True
2026-04-03 19:20:00,VIC1,3958.09888,3968.46875,4413.0,9,1,0,10,4330.0,360.0,10,10,0,True
2026-04-09 12:05:00,VIC1,2600.0,2637.3125,4430.0,9,1,0,10,4310.0,380.0,10,10,0,True
2026-04-09 12:10:00,VIC1,2602.0,2665.03125,4430.0,9,1,0,10,4310.0,380.0,10,10,0,True
2026-04-09 12:15:00,VIC1,2600.0,2616.9375,4430.0,9,1,0,10,4310.0,380.0,10,10,0,True
2026-04-09 12:20:00,VIC1,2600.0,2621.90625,4430.0,9,1,0,10,4310.0,380.0,10,10,0,True
2026-04-09 12:25:00,VIC1,2600.0,2599.0,4430.0,9,1,0,10,4310.0,380.0,10,10,0,True
2026-04-09 12:30:00,VIC1,2600.0,2590.84375,4430.0,9,1,0,10,4310.0,380.0,10,10,0,True
2026-04-09 12:35:00,VIC1,2600.0,2619.75,4430.0,9,1,0,10,4310.0,380.0,10,10,0,True
2026-04-09 12:40:00,VIC1,2570.90625,2633.1875,4430.0,9,1,0,10,4310.0,380.0,10,10,0,True
2026-04-09 12:45:00,VIC1,2550.0,2571.3125,4430.0,9,1,0,10,4310.0,380.0,10,10,0,True
2026-04-09 12:50:00,VIC1,2550.0,2556.0625,4430.0,9,1,0,10,4310.0,380.0,10,10,0,True
2026-04-09 12:55:00,VIC1,2550.0,2565.15625,4430.0,9,1,0,10,4310.0,380.0,10,10,0,True
2026-04-09 13:00:00,VIC1,2550.0,2577.09375,4430.0,9,1,0,10,4310.0,380.0,10,10,0,True
2026-04-09 13:05:00,VIC1,2550.0,2553.6875,4430.0,9,1,0,10,4310.0,380.0,10,10,0,True
2026-04-09 13:10:00,VIC1,2550.0,2554.625,4430.0,9,1,0,10,4310.0,380.0,10,10,0,True
2026-04-09 13:15:00,VIC1,2550.0,2553.875,4430.0,9,1,0,10,4310.0,380.0,10,10,0,True
2026-04-09 13:20:00,VIC1,2550.0,2570.84375,4430.0,9,1,0,10,4310.0,380.0,10,10,0,True
2026-04-09 13:25:00,VIC1,2550.0,2643.46875,4430.0,9,1,0,10,4310.0,380.0,10,10,0,True
2026-04-09 13:30:00,VIC1,2550.0,2567.28125,4430.0,9,1,0,10,4310.0,380.0,10,10,0,True
2026-04-09 13:35:00,VIC1,2550.0,2551.03125,4430.0,9,1,0,10,4310.0,380.0,10,10,0,True
2026-04-09 13:40:00,VIC1,2550.0,2573.375,4430.0,9,1,0,10,4310.0,380.0,10,10,0,True
2026-04-09 13:45:00,VIC1,2550.0,2606.21875,4430.0,9,1,0,10,4310.0,380.0,10,10,0,True
2026-04-09 13:50:00,VIC1,2550.0,2553.90625,4430.0,9,1,0,10,4310.0,380.0,10,10,0,True
2026-04-09 13:55:00,VIC1,2550.0,2608.28125,4430.0,9,1,0,10,4310.0,380.0,10,10,0,True
2026-04-09 14:00:00,VIC1,2562.0,2678.78125,4430.0,9,1,0,10,4310.0,380.0,10,10,0,True
2026-04-09 14:05:00,VIC1,2561.0,2635.15625,4430.0,9,1,0,10,4310.0,380.0,10,10,0,True
2026-04-09 14:10:00,VIC1,2557.0,2591.03125,4430.0,9,1,0,10,4310.0,380.0,10,10,0,True
2026-04-09 14:15:00,VIC1,2550.0,2561.125,4430.0,9,1,0,10,4310.0,380.0,10,10,0,True
2026-04-09 14:20:00,VIC1,2550.0,2579.78125,4430.0,9,1,0,10,4310.0,380.0,10,10,0,True
2026-04-09 14:25:00,VIC1,2550.0,2564.6875,4430.0,9,1,0,10,4310.0,380.0,10,10,0,True
2026-04-09 14:30:00,VIC1,2550.0,2550.90625,4430.0,9,1,0,10,4310.0,380.0,10,10,0,True
2026-04-09 14:35:00,VIC1,2550.0,2573.65625,4430.0,9,1,0,10,4310.0,380.0,10,10,0,True
2026-04-09 14:40:00,VIC1,2550.0,2568.21875,4430.0,9,1,0,10,4310.0,380.0,10,10,0,True
2026-04-09 14:45:00,VIC1,2550.0,2651.9375,4430.0,9,1,0,10,4310.0,380.0,10,10,0,True
2026-04-09 14:50:00,VIC1,2555.90625,2649.28125,4430.0,9,1,0,10,4310.0,380.0,10,10,0,True
2026-04-09 14:55:00,VIC1,2550.0,2658.59375,4430.0,9,1,0,10,4310.0,380.0,10,10,0,True
2026-04-09 15:00:00,VIC1,2550.0,2634.5,4430.0,9,1,0,10,4310.0,380.0,10,10,0,True
2026-04-09 15:05:00,VIC1,2603.25,2577.09375,4430.0,9,1,0,10,4310.0,380.0,10,10,0,True
2026-04-09 15:10:00,VIC1,2664.34375,2619.3125,4430.0,9,1,0,10,4310.0,380.0,10,10,0,True
2026-04-09 15:15:00,VIC1,2696.0,2685.40625,4430.0,9,1,0,10,4310.0,380.0,10,10,0,True
2026-04-09 15:20:00,VIC1,2770.0,2750.09375,4430.0,9,1,0,10,4310.0,380.0,10,10,0,True
2026-04-09 15:25:00,VIC1,2775.53125,2828.71875,4430.0,9,1,0,10,4310.0,380.0,10,10,0,True
2026-04-09 15:30:00,VIC1,2769.65625,2790.96875,4430.0,9,1,0,10,4310.0,380.0,10,10,0,True
2026-04-09 15:35:00,VIC1,2787.46875,2824.5625,4430.0,9,1,0,10,4310.0,380.0,10,10,0,True
2026-04-09 15:40:00,VIC1,2776.77921,2796.9375,4430.0,9,1,0,10,4310.0,380.0,10,10,0,True
2026-04-09 15:45:00,VIC1,2790.0,2787.1875,4430.0,9,1,0,10,4310.0,380.0,10,10,0,True
2026-04-09 15:50:00,VIC1,2798.0,2817.15625,4430.0,9,1,0,10,4310.0,380.0,10,10,0,True
2026-04-09 15:55:00,VIC1,2805.0,2831.59375,4430.0,9,1,0,10,4310.0,380.0,10,10,0,True
2026-04-09 16:00:00,VIC1,2810.0,2842.59375,4430.0,9,1,0,10,4310.0,380.0,10,10,0,True
2026-04-09 16:05:00,VIC1,2810.0,2864.1875,4430.0,9,1,0,10,4310.0,380.0,10,10,0,True
2026-04-10 11:35:00,VIC1,2360.0,2395.875,4430.0,9,1,0,10,4310.0,380.0,10,10,0,True
2026-04-10 11:40:00,VIC1,2360.0,2396.6875,4430.0,9,1,0,10,4310.0,380.0,10,10,0,True
2026-04-10 11:45:00,VIC1,2360.0,2370.59375,4430.0,9,1,0,10,4310.0,380.0,10,10,0,True
2026-04-10 11:50:00,VIC1,2360.0,2373.1875,4430.0,9,1,0,10,4310.0,380.0,10,10,0,True
2026-04-10 11:55:00,VIC1,2360.0,2377.8125,4430.0,9,1,0,10,4310.0,380.0,10,10,0,True
2026-04-10 12:00:00,VIC1,2360.0,2342.875,4430.0,9,1,0,10,4310.0,380.0,10,10,0,True
2026-04-10 12:05:00,VIC1,2360.0,2346.34375,4430.0,9,1,0,10,4310.0,380.0,10,10,0,True
2026-04-10 12:10:00,VIC1,2360.0,2359.15625,4430.0,9,1,0,10,4310.0,380.0,10,10,0,True
2026-04-10 12:15:00,VIC1,2360.0,2361.4375,4430.0,9,1,0,10,4310.0,380.0,10,10,0,True
2026-04-10 12:20:00,VIC1,2360.0,2356.375,4430.0,9,1,0,10,4310.0,380.0,10,10,0,True
2026-04-10 12:25:00,VIC1,2360.0,2353.96875,4430.0,9,1,0,10,4310.0,380.0,10,10,0,True
2026-04-10 12:30:00,VIC1,2360.0,2374.25,4430.0,9,1,0,10,4310.0,380.0,10,10,0,True
2026-04-10 12:35:00,VIC1,2360.0,2352.21875,4430.0,9,1,0,10,4310.0,380.0,10,10,0,True
2026-04-10 12:40:00,VIC1,2360.0,2387.40625,4430.0,9,1,0,10,4310.0,380.0,10,10,0,True
2026-04-10 12:45:00,VIC1,2360.0,2355.6875,4430.0,9,1,0,10,4310.0,380.0,10,10,0,True
2026-04-10 12:50:00,VIC1,2360.0,2368.96875,4430.0,9,1,0,10,4310.0,380.0,10,10,0,True
2026-04-10 12:55:00,VIC1,2360.0,2380.125,4430.0,9,1,0,10,4310.0,380.0,10,10,0,True
2026-04-10 13:00:00,VIC1,2360.0,2400.25,4430.0,9,1,0,10,4310.0,380.0,10,10,0,True
2026-04-10 13:05:00,VIC1,2360.0,2387.625,4430.0,9,1,0,10,4310.0,380.0,10,10,0,True
2026-04-10 13:10:00,VIC1,2360.0,2383.0625,4430.0,9,1,0,10,4310.0,380.0,10,10,0,True
2026-04-10 13:15:00,VIC1,2360.0,2348.625,4430.0,9,1,0,10,4310.0,380.0,10,10,0,True
2026-04-10 13:20:00,VIC1,2360.0,2355.28125,4430.0,9,1,0,10,4310.0,380.0,10,10,0,True
2026-04-10 13:25:00,VIC1,2360.0,2356.59375,4430.0,9,1,0,10,4310.0,380.0,10,10,0,True
2026-04-10 13:30:00,VIC1,2360.0,2345.4375,4430.0,9,1,0,10,4310.0,380.0,10,10,0,True
2026-04-10 13:35:00,VIC1,2360.0,2388.78125,4430.0,9,1,0,10,4310.0,380.0,10,10,0,True
2026-04-10 13:40:00,VIC1,2360.0,2371.15625,4430.0,9,1,0,10,4310.0,380.0,10,10,0,True
2026-04-10 13:45:00,VIC1,2360.0,2355.46875,4430.0,9,1,0,10,4310.0,380.0,10,10,0,True
2026-04-10 13:50:00,VIC1,2360.0,2350.15625,4430.0,9,1,0,10,4310.0,380.0,10,10,0,True
2026-04-10 13:55:00,VIC1,2360.0,2353.875,4430.0,9,1,0,10,4310.0,380.0,10,10,0,True
2026-04-10 14:00:00,VIC1,2360.0,2384.09375,4430.0,9,1,0,10,4310.0,380.0,10,10,0,True
2026-04-10 14:05:00,VIC1,2360.0,2384.09375,4430.0,9,1,0,10,4310.0,380.0,10,10,0,True
2026-04-10 14:10:00,VIC1,2360.0,2400.34375,4430.0,9,1,0,10,4310.0,380.0,10,10,0,True
2026-04-10 14:15:00,VIC1,2360.0,2400.15625,4430.0,9,1,0,10,4310.0,380.0,10,10,0,True
2026-04-10 14:20:00,VIC1,2360.0,2351.65625,4430.0,9,1,0,10,4310.0,380.0,10,10,0,True
2026-04-10 14:25:00,VIC1,2360.0,2385.84375,4430.0,9,1,0,10,4310.0,380.0,10,10,0,True
2026-04-10 14:30:00,VIC1,2360.0,2361.8125,4430.0,9,1,0,10,4310.0,380.0,10,10,0,True
2026-04-10 14:35:00,VIC1,2360.0,2340.59375,4430.0,9,1,0,10,4310.0,380.0,10,10,0,True
2026-04-10 14:40:00,VIC1,2360.0,2416.4375,4430.0,9,1,0,10,4310.0,380.0,10,10,0,True
2026-04-10 14:45:00,VIC1,2360.0,2408.75,4430.0,9,1,0,10,4310.0,380.0,10,10,0,True
2026-04-10 14:50:00,VIC1,2360.0,2391.1875,4430.0,9,1,0,10,4310.0,380.0,10,10,0,True
2026-04-10 14:55:00,VIC1,2361.0,2436.96875,4430.0,9,1,0,10,4310.0,380.0,10,10,0,True
2026-04-10 15:00:00,VIC1,2360.0,2353.8125,4430.0,9,1,0,10,4310.0,380.0,10,10,0,True
2026-04-10 15:05:00,VIC1,2360.0,2360.0,4430.0,9,1,0,10,4310.0,380.0,10,10,0,True
2026-04-10 15:10:00,VIC1,2360.0,2351.59375,4430.0,9,1,0,10,4310.0,380.0,10,10,0,True
2026-04-10 15:15:00,VIC1,2360.0,2373.9375,4430.0,9,1,0,10,4310.0,380.0,10,10,0,True
2026-04-10 15:20:00,VIC1,2360.0,2357.8125,4430.0,9,1,0,10,4310.0,380.0,10,10,0,True
2026-04-10 15:25:00,VIC1,2360.0,2355.5625,4430.0,9,1,0,10,4310.0,380.0,10,10,0,True
2026-04-10 15:30:00,VIC1,2360.0,2355.875,4430.0,9,1,0,10,4310.0,380.0,10,10,0,True
2026-04-10 15:35:00,VIC1,2360.0,2361.6875,4430.0,9,1,0,10,4310.0,380.0,10,10,0,True
2026-04-10 15:40:00,VIC1,2360.0,2373.46875,4430.0,9,1,0,10,4310.0,380.0,10,10,0,True
2026-04-10 15:45:00,VIC1,2360.0,2385.875,4430.0,9,1,0,10,4310.0,380.0,10,10,0,True
2026-04-10 15:50:00,VIC1,2360.0,2401.4375,4430.0,9,1,0,10,4310.0,380.0,10,10,0,True
2026-04-10 15:55:00,VIC1,2360.0,2386.53125,4430.0,9,1,0,10,4310.0,380.0,10,10,0,True
2026-04-10 16:00:00,VIC1,2360.0,2337.53125,4430.0,9,1,0,10,4310.0,380.0,10,10,0,True
2026-04-10 16:05:00,VIC1,2360.0,2364.625,4430.0,9,1,0,10,4310.0,380.0,10,10,0,True
2026-04-10 16:10:00,VIC1,2360.0,2346.03125,4430.0,9,1,0,10,4310.0,380.0,10,10,0,True
2026-04-10 16:15:00,VIC1,2360.0,2341.0625,4430.0,9,1,0,10,4310.0,380.0,10,10,0,True
2026-04-10 16:20:00,VIC1,2360.0,2341.9375,4430.0,9,1,0,10,4310.0,380.0,10,10,0,True
2026-04-10 16:25:00,VIC1,2360.0,2388.84375,4430.0,9,1,0,10,4310.0,380.0,10,10,0,True
2026-04-10 16:30:00,VIC1,2360.0,2389.28125,4430.0,9,1,0,10,4310.0,380.0,10,10,0,True
2026-04-10 16:35:00,VIC1,2360.0,2397.90625,4430.0,9,1,0,10,4310.0,380.0,10,10,0,True
2026-04-10 16:40:00,VIC1,2360.0,2385.03125,4430.0,9,1,0,10,4310.0,380.0,10,10,0,True
2026-04-10 16:45:00,VIC1,2360.0,2414.34375,4430.0,9,1,0,10,4310.0,380.0,10,10,0,True
2026-04-10 16:50:00,VIC1,2360.0,2397.5,4430.0,9,1,0,10,4310.0,380.0,10,10,0,True
2026-04-10 16:55:00,VIC1,2360.0,2369.15625,4430.0,9,1,0,10,4310.0,380.0,10,10,0,True
2026-04-10 17:00:00,VIC1,2360.0,2353.15625,4430.0,9,1,0,10,4310.0,380.0,10,10,0,True
2026-04-13 12:00:00,VIC1,3426.6784900000002,3334.96875,4394.0,9,1,0,10,4310.0,380.0,10,10,0,True
2026-04-13 12:05:00,VIC1,3290.0,3385.0,4394.0,9,1,0,10,4310.0,380.0,10,10,0,True
2026-04-13 12:10:00,VIC1,3384.55848,3365.875,4394.0,9,1,0,10,4310.0,380.0,10,10,0,True
2026-04-13 12:15:00,VIC1,3490.0,3399.28125,4394.0,9,1,0,10,4310.0,380.0,10,10,0,True
2026-04-13 12:20:00,VIC1,3484.3896999999997,3481.5625,4394.0,9,1,0,10,4310.0,380.0,10,10,0,True
2026-04-13 12:25:00,VIC1,3483.05326,3470.6875,4394.0,9,1,0,10,4310.0,380.0,10,10,0,True
2026-04-13 12:30:00,VIC1,3425.9953,3472.3125,4394.0,9,1,0,10,4310.0,380.0,10,10,0,True
2026-04-13 12:35:00,VIC1,3413.2673,3433.3125,4394.0,9,1,0,10,4310.0,380.0,10,10,0,True
2026-04-13 12:40:00,VIC1,3339.37874,3407.03125,4394.0,9,1,0,10,4310.0,380.0,10,10,0,True
2026-04-13 12:45:00,VIC1,3446.0,3344.59375,4394.0,9,1,0,10,4310.0,380.0,10,10,0,True
2026-04-13 12:50:00,VIC1,3446.38544,3397.0625,4394.0,9,1,0,10,4310.0,380.0,10,10,0,True
2026-04-13 12:55:00,VIC1,3353.125,3384.5,4394.0,9,1,0,10,4310.0,380.0,10,10,0,True
2026-04-13 13:00:00,VIC1,3211.0,3327.75,4394.0,9,1,0,10,4310.0,380.0,10,10,0,True
2026-04-13 13:05:00,VIC1,3154.0,3172.78125,4394.0,9,1,0,10,4310.0,380.0,10,10,0,True
2026-04-13 13:10:00,VIC1,3311.89052,3198.5,4394.0,9,1,0,10,4310.0,380.0,10,10,0,True
2026-04-13 13:15:00,VIC1,3289.33156,3281.875,4394.0,9,1,0,10,4310.0,380.0,10,10,0,True
2026-04-13 13:20:00,VIC1,3175.0,3231.71875,4394.0,9,1,0,10,4310.0,380.0,10,10,0,True
2026-04-13 13:25:00,VIC1,3084.42302,3165.5625,4394.0,9,1,0,10,4310.0,380.0,10,10,0,True
2026-04-13 13:30:00,VIC1,3012.0,3053.6875,4394.0,9,1,0,10,4310.0,380.0,10,10,0,True
2026-04-13 13:35:00,VIC1,3023.8627,3025.03125,4394.0,9,1,0,10,4310.0,380.0,10,10,0,True
2026-04-13 13:40:00,VIC1,2903.0,2979.0625,4394.0,9,1,0,10,4310.0,380.0,10,10,0,True
2026-04-13 13:45:00,VIC1,2846.0,2853.71875,4394.0,9,1,0,10,4310.0,380.0,10,10,0,True
2026-04-13 13:50:00,VIC1,2827.0,2861.0625,4394.0,9,1,0,10,4310.0,380.0,10,10,0,True
2026-04-13 13:55:00,VIC1,2788.0,2794.8125,4394.0,9,1,0,10,4310.0,380.0,10,10,0,True
2026-04-13 14:00:00,VIC1,2762.0,2760.9375,4394.0,9,1,0,10,4310.0,380.0,10,10,0,True
2026-04-13 14:05:00,VIC1,2810.91522,2792.03125,4454.0,9,1,0,10,4310.0,380.0,10,10,0,True
2026-04-13 14:10:00,VIC1,2778.6848,2793.78125,4454.0,9,1,0,10,4310.0,380.0,10,10,0,True
2026-04-13 14:15:00,VIC1,2903.21875,2788.21875,4454.0,9,1,0,10,4310.0,380.0,10,10,0,True
2026-04-13 14:20:00,VIC1,2819.0,2921.34375,4454.0,9,1,0,10,4310.0,380.0,10,10,0,True
2026-04-13 14:25:00,VIC1,2919.74846,2824.5,4454.0,9,1,0,10,4310.0,380.0,10,10,0,True
2026-04-13 14:30:00,VIC1,2943.74544,2905.15625,4454.0,9,1,0,10,4310.0,380.0,10,10,0,True
2026-04-13 14:35:00,VIC1,2864.0,2941.625,4454.0,9,1,0,10,4310.0,380.0,10,10,0,True
2026-04-13 14:40:00,VIC1,2763.0,2877.75,4454.0,9,1,0,10,4310.0,380.0,10,10,0,True
2026-04-13 14:45:00,VIC1,2810.0,2793.4375,4454.0,9,1,0,10,4310.0,380.0,10,10,0,True
2026-04-13 14:50:00,VIC1,2750.0,2831.03125,4454.0,9,1,0,10,4310.0,380.0,10,10,0,True
2026-04-13 14:55:00,VIC1,2810.0,2793.90625,4454.0,9,1,0,10,4310.0,380.0,10,10,0,True
2026-04-13 15:00:00,VIC1,2815.89275,2840.21875,4454.0,9,1,0,10,4310.0,380.0,10,10,0,True
2026-04-13 15:05:00,VIC1,2915.59375,2844.4375,4454.0,9,1,0,10,4310.0,380.0,10,10,0,True
2026-04-13 15:10:00,VIC1,2982.0625,2918.28125,4394.0,9,1,0,10,4310.0,380.0,10,10,0,True
2026-04-13 15:15:00,VIC1,3019.5625,2923.0,4394.0,9,1,0,10,4310.0,380.0,10,10,0,True
2026-04-13 15:20:00,VIC1,3019.8125,3015.625,4394.0,9,1,0,10,4310.0,380.0,10,10,0,True
2026-04-13 15:25:00,VIC1,3031.6875,2952.40625,4394.0,9,1,0,10,4310.0,380.0,10,10,0,True
2026-04-13 15:30:00,VIC1,3053.8125,3069.4375,4394.0,9,1,0,10,4310.0,380.0,10,10,0,True
2026-04-13 15:35:00,VIC1,3110.3125,3023.40625,4394.0,9,1,0,10,4310.0,380.0,10,10,0,True
2026-04-13 15:40:00,VIC1,3198.625,3130.46875,4394.0,9,1,0,10,4310.0,380.0,10,10,0,True
2026-04-13 15:45:00,VIC1,3304.65849,3218.3125,4394.0,9,1,0,10,4310.0,380.0,10,10,0,True
2026-04-13 15:50:00,VIC1,3459.625,3300.03125,4394.0,9,1,0,10,4310.0,380.0,10,10,0,True
2026-04-13 15:55:00,VIC1,3544.875,3368.75,4394.0,9,1,0,10,4310.0,380.0,10,10,0,True
2026-04-13 16:00:00,VIC1,3673.875,3519.15625,4394.0,9,1,0,10,4310.0,380.0,10,10,0,True
2026-04-16 14:00:00,VIC1,2520.0,2535.5625,4412.0,9,1,0,10,4310.0,380.0,10,10,0,True
2026-04-16 14:05:00,VIC1,2520.0,2563.5,4412.0,9,1,0,10,4310.0,380.0,10,10,0,True
2026-04-16 14:10:00,VIC1,2520.0,2511.0,4412.0,9,1,0,10,4310.0,380.0,10,10,0,True
2026-04-16 14:15:00,VIC1,2520.0,2518.40625,4412.0,9,1,0,10,4310.0,380.0,10,10,0,True
2026-04-16 14:20:00,VIC1,2520.0,2539.28125,4412.0,9,1,0,10,4310.0,380.0,10,10,0,True
2026-04-16 14:25:00,VIC1,2520.0,2517.4375,4412.0,9,1,0,10,4310.0,380.0,10,10,0,True
2026-04-16 14:30:00,VIC1,2520.0,2525.78125,4412.0,9,1,0,10,4310.0,380.0,10,10,0,True
2026-04-16 14:35:00,VIC1,2520.0,2525.84375,4412.0,9,1,0,10,4310.0,380.0,10,10,0,True
2026-04-16 14:40:00,VIC1,2520.0,2539.03125,4412.0,9,1,0,10,4310.0,380.0,10,10,0,True
2026-04-16 14:45:00,VIC1,2520.0,2512.5625,4412.0,9,1,0,10,4310.0,380.0,10,10,0,True
2026-04-16 14:50:00,VIC1,2520.0,2525.9375,4412.0,9,1,0,10,4310.0,380.0,10,10,0,True
2026-04-16 14:55:00,VIC1,2520.0,2530.71875,4412.0,9,1,0,10,4310.0,380.0,10,10,0,True
2026-04-16 15:00:00,VIC1,2520.0,2532.1875,4412.0,9,1,0,10,4310.0,380.0,10,10,0,True
2026-04-16 15:05:00,VIC1,2520.0,2529.6875,4412.0,9,1,0,10,4310.0,380.0,10,10,0,True
2026-04-16 15:10:00,VIC1,2520.0,2526.90625,4412.0,9,1,0,10,4310.0,380.0,10,10,0,True
2026-04-16 15:15:00,VIC1,2520.0,2537.4375,4412.0,9,1,0,10,4310.0,380.0,10,10,0,True
2026-04-16 15:20:00,VIC1,2520.0,2549.875,4412.0,9,1,0,10,4310.0,380.0,10,10,0,True
2026-04-16 15:25:00,VIC1,2520.0,2515.9375,4412.0,9,1,0,10,4310.0,380.0,10,10,0,True
2026-04-16 15:30:00,VIC1,2520.0,2519.78125,4412.0,9,1,0,10,4310.0,380.0,10,10,0,True
2026-04-16 15:35:00,VIC1,2596.0,2544.03125,4412.0,9,1,0,10,4310.0,380.0,10,10,0,True
2026-04-16 15:40:00,VIC1,2658.0,2606.03125,4412.0,9,1,0,10,4310.0,380.0,10,10,0,True
2026-04-16 15:45:00,VIC1,2702.0,2664.9375,4412.0,9,1,0,10,4310.0,380.0,10,10,0,True
2026-04-16 15:50:00,VIC1,2713.0,2695.34375,4412.0,9,1,0,10,4310.0,380.0,10,10,0,True
2026-04-16 15:55:00,VIC1,2720.0,2703.34375,4412.0,9,1,0,10,4310.0,380.0,10,10,0,True
2026-04-16 16:00:00,VIC1,2720.0,2693.65625,4412.0,9,1,0,10,4310.0,380.0,10,10,0,True
2026-04-16 16:05:00,VIC1,2825.96875,2691.0625,4412.0,9,1,0,10,4310.0,380.0,10,10,0,True
2026-04-16 16:10:00,VIC1,2854.0,2794.28125,4412.0,9,1,0,10,4310.0,380.0,10,10,0,True
2026-04-16 16:15:00,VIC1,2865.0,2879.53125,4412.0,9,1,0,10,4310.0,380.0,10,10,0,True
2026-04-16 16:20:00,VIC1,2871.0,2861.15625,4412.0,9,1,0,10,4310.0,380.0,10,10,0,True
2026-04-16 16:25:00,VIC1,2881.0,2921.5625,4412.0,9,1,0,10,4310.0,380.0,10,10,0,True
2026-04-16 16:30:00,VIC1,2986.0,2979.15625,4412.0,9,1,0,10,4310.0,380.0,10,10,0,True
2026-04-16 16:35:00,VIC1,2953.37934,2962.875,4412.0,9,1,0,10,4310.0,380.0,10,10,0,True
2026-04-16 16:40:00,VIC1,3041.3186,2981.09375,4412.0,9,1,0,10,4310.0,380.0,10,10,0,True
2026-04-16 16:45:00,VIC1,3105.67025,3031.25,4412.0,9,1,0,10,4310.0,380.0,10,10,0,True
2026-04-16 16:50:00,VIC1,3196.75,3082.125,4412.0,9,1,0,10,4310.0,380.0,10,10,0,True
2026-04-16 16:55:00,VIC1,3271.10281,3220.875,4412.0,9,1,0,10,4310.0,380.0,10,10,0,True
2026-04-16 17:00:00,VIC1,3377.52931,3264.65625,4412.0,9,1,0,10,4310.0,380.0,10,10,0,True
2026-04-16 17:05:00,VIC1,3489.55294,3359.4375,4412.0,9,1,0,10,4310.0,380.0,10,10,0,True
2026-04-16 17:10:00,VIC1,3612.5625,3458.9375,4412.0,9,1,0,10,4310.0,380.0,10,10,0,True
2026-04-16 17:15:00,VIC1,3638.34375,3584.09375,4412.0,9,1,0,10,4310.0,380.0,10,10,0,True
2026-04-16 17:20:00,VIC1,3763.98341,3639.625,4412.0,9,1,0,10,4310.0,380.0,10,10,0,True
2026-04-16 17:25:00,VIC1,3932.375,3768.71875,4412.0,9,1,0,10,4310.0,380.0,10,10,0,True
2026-04-16 17:30:00,VIC1,4032.88074,3917.5,4412.0,9,1,0,10,4310.0,380.0,10,10,0,True
2026-04-16 17:35:00,VIC1,4147.0,3999.65625,4412.0,9,1,0,10,4310.0,380.0,10,10,0,True
2026-04-16 17:40:00,VIC1,4105.85435,4137.6875,4412.0,9,1,0,10,4310.0,380.0,10,10,0,True
2026-04-16 17:45:00,VIC1,4055.0,4099.46875,4412.0,9,1,0,10,4310.0,380.0,10,10,0,True
2026-04-16 17:50:00,VIC1,4086.20028,4084.34375,4412.0,9,1,0,10,4310.0,380.0,10,10,0,True
2026-04-16 17:55:00,VIC1,4206.25849,4104.0,4412.0,9,1,0,10,4310.0,380.0,10,10,0,True
2026-04-16 18:00:00,VIC1,4276.28675,4202.8125,4412.0,9,1,0,10,4310.0,380.0,10,10,0,True
2026-05-08 12:00:00,VIC1,2680.0,2700.625,4110.0,9,1,0,10,4130.0,560.0,10,10,0,True
2026-05-08 12:05:00,VIC1,2680.0,2696.78125,4110.0,9,1,0,10,4130.0,560.0,10,10,0,True
2026-05-08 12:10:00,VIC1,2680.0,2700.875,4110.0,9,1,0,10,4130.0,560.0,10,10,0,True
2026-05-08 12:15:00,VIC1,2680.0,2684.9375,4110.0,9,1,0,10,4130.0,560.0,10,10,0,True
2026-05-08 12:20:00,VIC1,2680.0,2681.0,4110.0,9,1,0,10,4130.0,560.0,10,10,0,True
2026-05-08 12:25:00,VIC1,2680.0,2675.5,4110.0,9,1,0,10,4130.0,560.0,10,10,0,True
2026-05-08 12:30:00,VIC1,2680.0,2681.0625,4110.0,9,1,0,10,4130.0,560.0,10,10,0,True
2026-05-08 12:35:00,VIC1,2680.0,2664.59375,4110.0,9,1,0,10,4130.0,560.0,10,10,0,True
2026-05-08 12:40:00,VIC1,2680.0,2657.78125,4110.0,9,1,0,10,4130.0,560.0,10,10,0,True
2026-05-08 12:45:00,VIC1,2680.0,2634.3125,4110.0,9,1,0,10,4130.0,560.0,10,10,0,True
2026-05-08 12:50:00,VIC1,2680.0,2710.75,4110.0,9,1,0,10,4130.0,560.0,10,10,0,True
2026-05-08 12:55:00,VIC1,2680.0,2704.59375,4110.0,9,1,0,10,4130.0,560.0,10,10,0,True
2026-05-08 13:00:00,VIC1,2680.0,2635.4375,4110.0,9,1,0,10,4130.0,560.0,10,10,0,True
2026-05-08 13:05:00,VIC1,2680.0,2642.375,4160.0,9,1,0,10,4130.0,560.0,10,10,0,True
2026-05-08 13:10:00,VIC1,2680.0,2716.71875,4160.0,9,1,0,10,4130.0,560.0,10,10,0,True
2026-05-08 13:15:00,VIC1,2680.0,2648.21875,4160.0,9,1,0,10,4130.0,560.0,10,10,0,True
2026-05-08 13:20:00,VIC1,2680.0,2657.21875,4160.0,9,1,0,10,4130.0,560.0,10,10,0,True
2026-05-08 13:25:00,VIC1,2680.0,2666.90625,4160.0,9,1,0,10,4130.0,560.0,10,10,0,True
2026-05-08 13:30:00,VIC1,2680.0,2667.96875,4160.0,9,1,0,10,4130.0,560.0,10,10,0,True
2026-05-08 13:35:00,VIC1,2680.0,2675.96875,4160.0,9,1,0,10,4130.0,560.0,10,10,0,True
2026-05-08 13:40:00,VIC1,2680.0,2672.15625,4160.0,9,1,0,10,4130.0,560.0,10,10,0,True
2026-05-08 13:45:00,VIC1,2680.0,2670.9375,4160.0,9,1,0,10,4130.0,560.0,10,10,0,True
2026-05-08 13:50:00,VIC1,2680.0,2695.8125,4160.0,9,1,0,10,4130.0,560.0,10,10,0,True
2026-05-08 13:55:00,VIC1,2680.0,2696.0625,4160.0,9,1,0,10,4130.0,560.0,10,10,0,True
2026-05-08 14:00:00,VIC1,2680.0,2659.1875,4160.0,9,1,0,10,4130.0,560.0,10,10,0,True
2026-05-08 14:05:00,VIC1,2696.0,2658.90625,4160.0,9,1,0,10,4130.0,560.0,10,10,0,True
2026-05-08 14:10:00,VIC1,2705.0,2675.53125,4160.0,9,1,0,10,4130.0,560.0,10,10,0,True
2026-05-08 14:15:00,VIC1,2718.0,2688.625,4160.0,9,1,0,10,4130.0,560.0,10,10,0,True
2026-05-08 14:20:00,VIC1,2730.0,2713.5625,4160.0,9,1,0,10,4130.0,560.0,10,10,0,True
2026-05-08 14:25:00,VIC1,2730.0,2714.28125,4160.0,9,1,0,10,4130.0,560.0,10,10,0,True
2026-05-08 14:30:00,VIC1,2730.0,2685.3125,4160.0,9,1,0,10,4130.0,560.0,10,10,0,True
2026-05-08 14:35:00,VIC1,2730.0,2712.3125,4160.0,9,1,0,10,4130.0,560.0,10,10,0,True
2026-05-08 14:40:00,VIC1,2730.0,2747.65625,4160.0,9,1,0,10,4130.0,560.0,10,10,0,True
2026-05-08 14:45:00,VIC1,2730.0,2735.125,4160.0,9,1,0,10,4130.0,560.0,10,10,0,True
2026-05-08 14:50:00,VIC1,2730.0,2706.84375,4160.0,9,1,0,10,4130.0,560.0,10,10,0,True
2026-05-08 14:55:00,VIC1,2730.0,2705.5625,4160.0,9,1,0,10,4130.0,560.0,10,10,0,True
2026-05-08 15:00:00,VIC1,2730.0,2752.625,4160.0,9,1,0,10,4130.0,560.0,10,10,0,True
2026-05-08 15:05:00,VIC1,2799.0,2749.6875,4168.0,9,1,0,10,4130.0,560.0,10,10,0,True
2026-05-08 15:10:00,VIC1,2852.0,2794.59375,4168.0,9,1,0,10,4130.0,560.0,10,10,0,True
2026-05-08 15:15:00,VIC1,2884.0,2786.90625,4168.0,9,1,0,10,4130.0,560.0,10,10,0,True
2026-05-08 15:20:00,VIC1,2922.0,2852.5,4168.0,9,1,0,10,4130.0,560.0,10,10,0,True
2026-05-08 15:25:00,VIC1,2952.0,2999.40625,4168.0,9,1,0,10,4130.0,560.0,10,10,0,True
2026-05-08 15:30:00,VIC1,2955.0,2908.59375,4168.0,9,1,0,10,4130.0,560.0,10,10,0,True
2026-05-08 15:35:00,VIC1,3005.0,2934.65625,4168.0,9,1,0,10,4130.0,560.0,10,10,0,True
2026-05-08 15:40:00,VIC1,3066.0,3049.1875,4168.0,9,1,0,10,4130.0,560.0,10,10,0,True
2026-05-08 15:45:00,VIC1,3128.0,3100.4375,4168.0,9,1,0,10,4130.0,560.0,10,10,0,True
2026-05-08 15:50:00,VIC1,3271.96875,3095.5625,4168.0,9,1,0,10,4130.0,560.0,10,10,0,True
2026-05-08 15:55:00,VIC1,3376.96762,3224.5625,4168.0,9,1,0,10,4130.0,560.0,10,10,0,True
2026-05-08 16:00:00,VIC1,3516.1875,3406.625,4168.0,9,1,0,10,4130.0,560.0,10,10,0,True
2026-05-13 05:30:00,VIC1,4161.0,4156.1875,4191.0,9,1,0,10,4130.0,560.0,10,10,0,True
2026-05-13 05:35:00,VIC1,4161.0,4167.8125,4191.0,9,1,0,10,4130.0,560.0,10,10,0,True
2026-05-13 05:40:00,VIC1,4161.0,4146.9375,4191.0,9,1,0,10,4130.0,560.0,10,10,0,True
2026-05-13 05:45:00,VIC1,4161.0,4155.28125,4191.0,9,1,0,10,4130.0,560.0,10,10,0,True
2026-05-13 05:50:00,VIC1,4161.0,4149.78125,4191.0,9,1,0,10,4130.0,560.0,10,10,0,True
2026-05-13 05:55:00,VIC1,4161.0,4142.34375,4191.0,9,1,0,10,4130.0,560.0,10,10,0,True
2026-05-13 06:00:00,VIC1,4161.0,4142.96875,4191.0,9,1,0,10,4130.0,560.0,10,10,0,True
2026-05-13 06:05:00,VIC1,4161.0,4170.6875,4191.0,9,1,0,10,4130.0,560.0,10,10,0,True
2026-05-13 06:10:00,VIC1,4161.0,4159.84375,4191.0,9,1,0,10,4130.0,560.0,10,10,0,True
2026-05-13 06:15:00,VIC1,4161.0,4165.125,4191.0,9,1,0,10,4130.0,560.0,10,10,0,True
2026-05-13 06:20:00,VIC1,4161.0,4146.3125,4191.0,9,1,0,10,4130.0,560.0,10,10,0,True
2026-05-13 06:25:00,VIC1,4161.0,4149.84375,4191.0,9,1,0,10,4130.0,560.0,10,10,0,True
2026-05-13 06:30:00,VIC1,4141.0,4143.65625,4171.0,9,1,0,10,4130.0,560.0,10,10,0,True
2026-05-13 06:35:00,VIC1,4141.0,4148.90625,4171.0,9,1,0,10,4130.0,560.0,10,10,0,True
2026-05-13 06:40:00,VIC1,4141.0,4156.15625,4171.0,9,1,0,10,4130.0,560.0,10,10,0,True
2026-05-13 06:45:00,VIC1,4141.0,4139.21875,4171.0,9,1,0,10,4130.0,560.0,10,10,0,True
2026-05-13 06:50:00,VIC1,4141.0,4131.125,4171.0,9,1,0,10,4130.0,560.0,10,10,0,True
2026-05-13 06:55:00,VIC1,4141.0,4128.78125,4171.0,9,1,0,10,4130.0,560.0,10,10,0,True
2026-05-13 07:00:00,VIC1,4141.0,4135.8125,4171.0,9,1,0,10,4130.0,560.0,10,10,0,True
2026-05-13 07:05:00,VIC1,4141.0,4147.8125,4171.0,9,1,0,10,4130.0,560.0,10,10,0,True
2026-05-13 07:10:00,VIC1,4141.0,4143.46875,4171.0,9,1,0,10,4130.0,560.0,10,10,0,True
2026-05-13 07:15:00,VIC1,4141.0,4140.8125,4171.0,9,1,0,10,4130.0,560.0,10,10,0,True
2026-05-13 07:20:00,VIC1,4141.0,4139.6875,4171.0,9,1,0,10,4130.0,560.0,10,10,0,True
2026-05-13 07:25:00,VIC1,4141.0,4132.34375,4171.0,9,1,0,10,4130.0,560.0,10,10,0,True
2026-05-13 07:30:00,VIC1,4141.0,4144.84375,4171.0,9,1,0,10,4130.0,560.0,10,10,0,True
2026-05-13 07:35:00,VIC1,4141.0,4140.84375,4171.0,9,1,0,10,4130.0,560.0,10,10,0,True
2026-05-13 07:40:00,VIC1,4141.0,4145.375,4171.0,9,1,0,10,4130.0,560.0,10,10,0,True
2026-05-13 07:45:00,VIC1,4141.0,4115.875,4171.0,9,1,0,10,4130.0,560.0,10,10,0,True
2026-05-13 07:50:00,VIC1,4141.0,4124.21875,4171.0,9,1,0,10,4130.0,560.0,10,10,0,True
2026-05-13 07:55:00,VIC1,4141.0,4123.9375,4171.0,9,1,0,10,4130.0,560.0,10,10,0,True
2026-05-13 08:00:00,VIC1,4141.0,4129.5625,4171.0,9,1,0,10,4130.0,560.0,10,10,0,True
2026-05-13 08:05:00,VIC1,4139.0,4118.46875,4171.0,9,1,0,10,4130.0,560.0,10,10,0,True
2026-05-13 08:10:00,VIC1,4141.0,4127.53125,4171.0,9,1,0,10,4130.0,560.0,10,10,0,True
2026-05-13 08:15:00,VIC1,4141.0,4132.09375,4171.0,9,1,0,10,4130.0,560.0,10,10,0,True
2026-05-13 08:20:00,VIC1,4141.0,4142.90625,4171.0,9,1,0,10,4130.0,560.0,10,10,0,True
2026-05-13 08:25:00,VIC1,4141.0,4120.5625,4171.0,9,1,0,10,4130.0,560.0,10,10,0,True
2026-05-13 08:30:00,VIC1,4141.0,4120.71875,4171.0,9,1,0,10,4130.0,560.0,10,10,0,True
2026-05-13 08:35:00,VIC1,4141.0,4121.21875,4171.0,9,1,0,10,4130.0,560.0,10,10,0,True
2026-05-13 08:40:00,VIC1,4141.0,4140.15625,4171.0,9,1,0,10,4130.0,560.0,10,10,0,True
2026-05-13 08:45:00,VIC1,4141.0,4149.25,4171.0,9,1,0,10,4130.0,560.0,10,10,0,True
2026-05-13 08:50:00,VIC1,4141.0,4118.625,4171.0,9,1,0,10,4130.0,560.0,10,10,0,True
2026-05-13 08:55:00,VIC1,4141.0,4149.46875,4171.0,9,1,0,10,4130.0,560.0,10,10,0,True
2026-05-13 09:00:00,VIC1,4141.0,4155.1875,4171.0,9,1,0,10,4130.0,560.0,10,10,0,True
2026-05-13 09:05:00,VIC1,4110.71875,4127.21875,4217.0,9,1,0,10,4130.0,560.0,10,10,0,True
2026-05-13 09:10:00,VIC1,4095.53125,4131.15625,4217.0,9,1,0,10,4130.0,560.0,10,10,0,True
2026-05-13 09:15:00,VIC1,4079.5,4120.0,4217.0,9,1,0,10,4130.0,560.0,10,10,0,True
2026-05-13 09:20:00,VIC1,4057.5625,4084.1875,4217.0,9,1,0,10,4130.0,560.0,10,10,0,True
2026-05-13 09:25:00,VIC1,4039.5625,4080.1875,4217.0,9,1,0,10,4130.0,560.0,10,10,0,True
2026-05-13 09:30:00,VIC1,4024.09375,4042.90625,4217.0,9,1,0,10,4130.0,560.0,10,10,0,True
2026-05-13 12:00:00,VIC1,4021.0,4005.71875,4217.0,9,1,0,10,4130.0,560.0,10,10,0,True
2026-05-13 12:05:00,VIC1,4021.0,3996.53125,4217.0,9,1,0,10,4130.0,560.0,10,10,0,True
2026-05-13 12:10:00,VIC1,4021.0,4025.46875,4217.0,9,1,0,10,4130.0,560.0,10,10,0,True
2026-05-13 12:15:00,VIC1,4021.0,4016.96875,4217.0,9,1,0,10,4130.0,560.0,10,10,0,True
2026-05-13 12:20:00,VIC1,4021.0,3994.59375,4217.0,9,1,0,10,4130.0,560.0,10,10,0,True
2026-05-13 12:25:00,VIC1,4021.0,4064.5,4217.0,9,1,0,10,4130.0,560.0,10,10,0,True
2026-05-13 12:30:00,VIC1,4021.0,3991.96875,4217.0,9,1,0,10,4130.0,560.0,10,10,0,True
2026-05-13 12:35:00,VIC1,4021.0,4003.40625,4217.0,9,1,0,10,4130.0,560.0,10,10,0,True
2026-05-13 12:40:00,VIC1,4021.0,4002.8125,4217.0,9,1,0,10,4130.0,560.0,10,10,0,True
2026-05-13 12:45:00,VIC1,4007.43772,4007.84375,4217.0,9,1,0,10,4130.0,560.0,10,10,0,True
2026-05-13 12:50:00,VIC1,4021.0,4023.6875,4217.0,9,1,0,10,4130.0,560.0,10,10,0,True
2026-05-13 12:55:00,VIC1,4021.0,4027.0625,4217.0,9,1,0,10,4130.0,560.0,10,10,0,True
2026-05-13 13:00:00,VIC1,4021.0,4027.09375,4217.0,9,1,0,10,4130.0,560.0,10,10,0,True
2026-05-13 13:05:00,VIC1,4021.0,4011.4375,4217.0,9,1,0,10,4130.0,560.0,10,10,0,True
2026-05-13 13:10:00,VIC1,4021.0,4035.25,4217.0,9,1,0,10,4130.0,560.0,10,10,0,True
2026-05-13 13:15:00,VIC1,4021.0,4031.34375,4217.0,9,1,0,10,4130.0,560.0,10,10,0,True
2026-05-13 13:20:00,VIC1,4021.0,4028.09375,4217.0,9,1,0,10,4130.0,560.0,10,10,0,True
2026-05-13 13:25:00,VIC1,4021.0,4000.34375,4217.0,9,1,0,10,4130.0,560.0,10,10,0,True
2026-05-13 13:30:00,VIC1,4021.0,4021.4375,4217.0,9,1,0,10,4130.0,560.0,10,10,0,True
2026-05-13 13:35:00,VIC1,4021.0,4029.84375,4217.0,9,1,0,10,4130.0,560.0,10,10,0,True
2026-05-13 13:40:00,VIC1,4021.0,3998.875,4217.0,9,1,0,10,4130.0,560.0,10,10,0,True
2026-05-13 13:45:00,VIC1,4021.0,4001.5,4217.0,9,1,0,10,4130.0,560.0,10,10,0,True
2026-05-13 13:50:00,VIC1,4021.0,4049.96875,4217.0,9,1,0,10,4130.0,560.0,10,10,0,True
2026-05-13 13:55:00,VIC1,4021.0,4055.28125,4217.0,9,1,0,10,4130.0,560.0,10,10,0,True
2026-05-13 14:00:00,VIC1,4021.0,4034.65625,4217.0,9,1,0,10,4130.0,560.0,10,10,0,True
2026-05-13 14:05:00,VIC1,4021.0,3997.375,4217.0,9,1,0,10,4130.0,560.0,10,10,0,True
2026-05-13 14:10:00,VIC1,4021.0,4008.53125,4217.0,9,1,0,10,4130.0,560.0,10,10,0,True
2026-05-13 14:15:00,VIC1,4021.0,4035.78125,4217.0,9,1,0,10,4130.0,560.0,10,10,0,True
2026-05-13 14:20:00,VIC1,4021.0,3994.375,4217.0,9,1,0,10,4130.0,560.0,10,10,0,True
2026-05-13 14:25:00,VIC1,4021.0,4008.40625,4217.0,9,1,0,10,4130.0,560.0,10,10,0,True
2026-05-13 14:30:00,VIC1,4021.0,4030.59375,4217.0,9,1,0,10,4130.0,560.0,10,10,0,True
2026-05-13 14:35:00,VIC1,4021.0,4028.96875,4217.0,9,1,0,10,4130.0,560.0,10,10,0,True
2026-05-13 14:40:00,VIC1,4021.0,4028.71875,4217.0,9,1,0,10,4130.0,560.0,10,10,0,True
2026-05-13 14:45:00,VIC1,4021.0,4038.28125,4217.0,9,1,0,10,4130.0,560.0,10,10,0,True
2026-05-13 14:50:00,VIC1,4021.0,4007.6875,4217.0,9,1,0,10,4130.0,560.0,10,10,0,True
2026-05-13 14:55:00,VIC1,4021.0,3997.3125,4217.0,9,1,0,10,4130.0,560.0,10,10,0,True
2026-05-13 15:00:00,VIC1,4021.0,4006.625,4217.0,9,1,0,10,4130.0,560.0,10,10,0,True
2026-05-13 15:05:00,VIC1,4021.0,3982.09375,4217.0,9,1,0,10,4130.0,560.0,10,10,0,True
2026-05-13 15:10:00,VIC1,4021.0,4009.625,4217.0,9,1,0,10,4130.0,560.0,10,10,0,True
2026-05-13 15:15:00,VIC1,4021.0,4001.84375,4217.0,9,1,0,10,4130.0,560.0,10,10,0,True
2026-05-13 15:20:00,VIC1,4021.0,3977.25,4217.0,9,1,0,10,4130.0,560.0,10,10,0,True
2026-05-13 15:25:00,VIC1,4021.0,4041.40625,4217.0,9,1,0,10,4130.0,560.0,10,10,0,True
2026-05-13 15:30:00,VIC1,4021.0,4049.40625,4217.0,9,1,0,10,4130.0,560.0,10,10,0,True
2026-05-13 15:35:00,VIC1,4055.40625,4035.15625,4217.0,9,1,0,10,4130.0,560.0,10,10,0,True
2026-05-13 15:40:00,VIC1,4071.4375,4034.6875,4217.0,9,1,0,10,4130.0,560.0,10,10,0,True
2026-05-13 15:45:00,VIC1,4093.65625,4053.78125,4217.0,9,1,0,10,4130.0,560.0,10,10,0,True
2026-05-13 15:50:00,VIC1,4111.09375,4072.71875,4217.0,9,1,0,10,4130.0,560.0,10,10,0,True
2026-05-13 15:55:00,VIC1,4132.75,4075.625,4217.0,9,1,0,10,4130.0,560.0,10,10,0,True
2026-05-13 16:00:00,VIC1,4152.71875,4081.96875,4217.0,9,1,0,10,4130.0,560.0,10,10,0,True
2026-05-19 12:20:00,VIC1,4106.0,4129.78125,4310.0,9,1,0,10,4330.0,360.0,10,10,0,True
2026-05-19 12:25:00,VIC1,4114.51676,4085.96875,4310.0,9,1,0,10,4330.0,360.0,10,10,0,True
2026-05-19 12:30:00,VIC1,4080.0,4089.75,4160.0,9,1,0,10,4330.0,360.0,10,10,0,True
2026-05-19 12:35:00,VIC1,4090.0,4103.625,4160.0,9,1,0,10,4330.0,360.0,10,10,0,True
2026-05-19 12:40:00,VIC1,4168.0,4148.0625,4420.0,9,1,0,10,4330.0,360.0,10,10,0,True
2026-05-19 12:45:00,VIC1,4100.0,4120.15625,4420.0,9,1,0,10,4330.0,360.0,10,10,0,True
2026-05-19 12:50:00,VIC1,4087.0,4071.03125,4420.0,9,1,0,10,4330.0,360.0,10,10,0,True
2026-05-19 12:55:00,VIC1,4040.0,4044.8125,4180.0,9,1,0,10,4330.0,360.0,10,10,0,True
2026-05-19 13:00:00,VIC1,4040.0,4055.125,4180.0,9,1,0,10,4330.0,360.0,10,10,0,True
2026-05-19 13:05:00,VIC1,4085.0,4074.125,4420.0,9,1,0,10,4330.0,360.0,10,10,0,True
2026-05-19 13:10:00,VIC1,4043.0,4058.875,4195.0,9,1,0,10,4330.0,360.0,10,10,0,True
2026-05-19 13:15:00,VIC1,4043.0,4058.59375,4195.0,9,1,0,10,4330.0,360.0,10,10,0,True
2026-05-19 13:20:00,VIC1,3938.95304,4062.125,4420.0,9,1,0,10,4330.0,360.0,10,10,0,True
2026-05-19 13:25:00,VIC1,4104.0,3949.78125,4420.0,9,1,0,10,4330.0,360.0,10,10,0,True
2026-05-19 13:30:00,VIC1,3870.6875,4024.25,4420.0,9,1,0,10,4330.0,360.0,10,10,0,True
2026-05-19 13:35:00,VIC1,3780.125,3940.0625,4420.0,9,1,0,10,4330.0,360.0,10,10,0,True
2026-05-19 13:40:00,VIC1,3931.2627700000003,3806.5,4420.0,9,1,0,10,4330.0,360.0,10,10,0,True
2026-05-19 13:45:00,VIC1,3746.53125,3871.75,4420.0,9,1,0,10,4330.0,360.0,10,10,0,True
2026-05-19 13:50:00,VIC1,3653.90724,3758.0,4420.0,9,1,0,10,4330.0,360.0,10,10,0,True
2026-05-19 13:55:00,VIC1,3705.3448399999997,3636.75,4420.0,9,1,0,10,4330.0,360.0,10,10,0,True
2026-05-19 14:00:00,VIC1,3666.0,3730.625,4420.0,9,1,0,10,4330.0,360.0,10,10,0,True
2026-05-19 14:05:00,VIC1,3665.0,3700.15625,4420.0,9,1,0,10,4330.0,360.0,10,10,0,True
2026-05-19 14:10:00,VIC1,3612.33228,3619.3125,4420.0,9,1,0,10,4330.0,360.0,10,10,0,True
2026-05-19 14:15:00,VIC1,3599.72984,3612.875,4420.0,9,1,0,10,4330.0,360.0,10,10,0,True
2026-05-19 14:20:00,VIC1,3624.0,3653.3125,4420.0,9,1,0,10,4330.0,360.0,10,10,0,True
2026-05-19 14:25:00,VIC1,3714.4375,3579.1875,4420.0,9,1,0,10,4330.0,360.0,10,10,0,True
2026-05-19 14:30:00,VIC1,3622.0,3670.9375,4420.0,9,1,0,10,4330.0,360.0,10,10,0,True
2026-05-19 14:35:00,VIC1,3636.0,3582.875,4420.0,9,1,0,10,4330.0,360.0,10,10,0,True
2026-05-19 14:40:00,VIC1,3621.0,3629.375,4420.0,9,1,0,10,4330.0,360.0,10,10,0,True
2026-05-19 14:45:00,VIC1,3643.0,3646.25,4420.0,9,1,0,10,4330.0,360.0,10,10,0,True
2026-05-19 14:50:00,VIC1,3624.0,3621.03125,4420.0,9,1,0,10,4330.0,360.0,10,10,0,True
2026-05-19 14:55:00,VIC1,3662.0,3664.0,4420.0,9,1,0,10,4330.0,360.0,10,10,0,True
2026-05-19 15:00:00,VIC1,3681.0,3741.96875,4420.0,9,1,0,10,4330.0,360.0,10,10,0,True
2026-05-19 15:05:00,VIC1,3697.0,3685.78125,4420.0,9,1,0,10,4330.0,360.0,10,10,0,True
2026-05-19 15:10:00,VIC1,3627.40625,3649.21875,4420.0,9,1,0,10,4330.0,360.0,10,10,0,True
2026-05-19 15:15:00,VIC1,3544.5625,3604.1875,4420.0,9,1,0,10,4330.0,360.0,10,10,0,True
2026-05-19 15:20:00,VIC1,3686.3125,3614.71875,4420.0,9,1,0,10,4330.0,360.0,10,10,0,True
2026-05-19 15:25:00,VIC1,3687.8125,3611.0625,4420.0,9,1,0,10,4330.0,360.0,10,10,0,True
2026-05-19 15:30:00,VIC1,3754.1875,3743.90625,4370.0,9,1,0,10,4330.0,360.0,10,10,0,True
2026-05-19 15:35:00,VIC1,3751.09912,3735.96875,4370.0,9,1,0,10,4330.0,360.0,10,10,0,True
2026-05-19 15:40:00,VIC1,3753.0,3727.4375,4370.0,9,1,0,10,4330.0,360.0,10,10,0,True
2026-05-19 15:45:00,VIC1,3753.0,3840.4375,4370.0,9,1,0,10,4330.0,360.0,10,10,0,True
2026-05-19 15:50:00,VIC1,3753.0,3734.25,4370.0,9,1,0,10,4330.0,360.0,10,10,0,True
2026-05-19 15:55:00,VIC1,3753.0,3721.25,4370.0,9,1,0,10,4330.0,360.0,10,10,0,True
2026-05-19 16:00:00,VIC1,3753.0,3718.53125,4370.0,9,1,0,10,4330.0,360.0,10,10,0,True
2026-05-19 16:05:00,VIC1,3659.90625,3749.375,4370.0,9,1,0,10,4330.0,360.0,10,10,0,True
2026-05-19 16:10:00,VIC1,3680.249,3731.0625,4370.0,9,1,0,10,4330.0,360.0,10,10,0,True
2026-05-19 16:15:00,VIC1,3937.9375,3808.875,4370.0,9,1,0,10,4330.0,360.0,10,10,0,True
2026-05-19 16:20:00,VIC1,3995.8125,3832.875,4370.0,9,1,0,10,4330.0,360.0,10,10,0,True
2026-05-19 16:25:00,VIC1,4077.71875,3962.90625,4370.0,9,1,0,10,4330.0,360.0,10,10,0,True
2026-05-19 16:30:00,VIC1,4144.40625,4070.125,4370.0,9,1,0,10,4330.0,360.0,10,10,0,True
2026-05-19 16:35:00,VIC1,4173.0,4103.0,4370.0,9,1,0,10,4330.0,360.0,10,10,0,True
2026-05-19 16:40:00,VIC1,4193.0,4147.15625,4370.0,9,1,0,10,4330.0,360.0,10,10,0,True
2026-05-19 16:45:00,VIC1,4212.0,4171.375,4370.0,9,1,0,10,4330.0,360.0,10,10,0,True
2026-05-19 16:50:00,VIC1,4230.0,4188.0,4370.0,9,1,0,10,4330.0,360.0,10,10,0,True
2026-05-19 16:55:00,VIC1,4280.0,4231.0,4370.0,9,1,0,10,4330.0,360.0,10,10,0,True
2026-05-19 17:00:00,VIC1,4311.0,4259.03125,4370.0,9,1,0,10,4330.0,360.0,10,10,0,True
2026-05-19 17:05:00,VIC1,4350.0,4304.96875,4420.0,9,1,0,10,4330.0,360.0,10,10,0,True
2026-05-19 17:10:00,VIC1,4373.0,4306.96875,4420.0,9,1,0,10,4330.0,360.0,10,10,0,True
2026-05-19 17:15:00,VIC1,4406.0,4347.5625,4420.0,9,1,0,10,4330.0,360.0,10,10,0,True
2026-05-26 06:00:00,VIC1,4566.0,4545.1875,4581.0,10,0,0,10,4690.0,0.0,10,10,0,True
2026-05-26 06:05:00,VIC1,4566.0,4541.0,4581.0,10,0,0,10,4690.0,0.0,10,10,0,True
2026-05-26 06:10:00,VIC1,4566.0,4598.40625,4581.0,10,0,0,10,4690.0,0.0,10,10,0,True
2026-05-26 06:15:00,VIC1,4566.0,4582.40625,4581.0,10,0,0,10,4690.0,0.0,10,10,0,True
2026-05-26 06:20:00,VIC1,4566.0,4568.3125,4581.0,10,0,0,10,4690.0,0.0,10,10,0,True
2026-05-26 06:25:00,VIC1,4566.0,4536.03125,4581.0,10,0,0,10,4690.0,0.0,10,10,0,True
2026-05-26 06:30:00,VIC1,4566.0,4566.25,4581.0,10,0,0,10,4690.0,0.0,10,10,0,True
2026-05-26 06:35:00,VIC1,4566.0,4563.96875,4581.0,10,0,0,10,4690.0,0.0,10,10,0,True
2026-05-26 06:40:00,VIC1,4566.0,4576.1875,4581.0,10,0,0,10,4690.0,0.0,10,10,0,True
2026-05-26 06:45:00,VIC1,4566.0,4533.25,4581.0,10,0,0,10,4690.0,0.0,10,10,0,True
2026-05-26 06:50:00,VIC1,4564.0,4535.65625,4579.0,10,0,0,10,4690.0,0.0,10,10,0,True
2026-05-26 06:55:00,VIC1,4564.0,4564.78125,4579.0,10,0,0,10,4690.0,0.0,10,10,0,True
2026-05-26 07:00:00,VIC1,4564.0,4556.78125,4579.0,10,0,0,10,4690.0,0.0,10,10,0,True
2026-05-26 07:05:00,VIC1,4564.0,4553.21875,4579.0,10,0,0,10,4690.0,0.0,10,10,0,True
2026-05-26 07:10:00,VIC1,4564.0,4580.6875,4579.0,10,0,0,10,4690.0,0.0,10,10,0,True
2026-05-26 07:15:00,VIC1,4564.0,4558.625,4579.0,10,0,0,10,4690.0,0.0,10,10,0,True
2026-05-26 07:20:00,VIC1,4564.0,4558.75,4579.0,10,0,0,10,4690.0,0.0,10,10,0,True
2026-05-26 07:25:00,VIC1,4564.0,4585.5625,4579.0,10,0,0,10,4690.0,0.0,10,10,0,True
2026-05-26 07:30:00,VIC1,4564.0,4560.6875,4579.0,10,0,0,10,4690.0,0.0,10,10,0,True
2026-05-26 07:35:00,VIC1,4564.0,4541.59375,4579.0,10,0,0,10,4690.0,0.0,10,10,0,True
2026-05-26 07:40:00,VIC1,4564.0,4546.71875,4579.0,10,0,0,10,4690.0,0.0,10,10,0,True
2026-05-26 07:45:00,VIC1,4564.0,4547.28125,4579.0,10,0,0,10,4690.0,0.0,10,10,0,True
2026-05-26 07:50:00,VIC1,4564.0,4511.6875,4579.0,10,0,0,10,4690.0,0.0,10,10,0,True
2026-05-26 07:55:00,VIC1,4564.0,4583.78125,4579.0,10,0,0,10,4690.0,0.0,10,10,0,True
2026-05-26 08:00:00,VIC1,4564.0,4543.59375,4579.0,10,0,0,10,4690.0,0.0,10,10,0,True
2026-05-26 08:05:00,VIC1,4579.0,4551.1875,4609.0,10,0,0,10,4690.0,0.0,10,10,0,True
2026-05-26 08:10:00,VIC1,4584.0,4583.59375,4609.0,10,0,0,10,4690.0,0.0,10,10,0,True
2026-05-26 08:15:00,VIC1,4564.0,4550.5,4579.0,10,0,0,10,4690.0,0.0,10,10,0,True
2026-05-26 08:20:00,VIC1,4564.0,4598.40625,4579.0,10,0,0,10,4690.0,0.0,10,10,0,True
2026-05-26 08:25:00,VIC1,4560.0,4536.46875,4577.0,10,0,0,10,4690.0,0.0,10,10,0,True
2026-05-26 08:30:00,VIC1,4560.0,4546.25,4577.0,10,0,0,10,4690.0,0.0,10,10,0,True
2026-05-26 08:35:00,VIC1,4560.0,4516.875,4577.0,10,0,0,10,4690.0,0.0,10,10,0,True
2026-05-26 08:40:00,VIC1,4562.0,4587.34375,4577.0,10,0,0,10,4690.0,0.0,10,10,0,True
2026-05-26 08:45:00,VIC1,4562.0,4540.59375,4577.0,10,0,0,10,4690.0,0.0,10,10,0,True
2026-05-26 08:50:00,VIC1,4497.0,4550.40625,4217.0,10,0,0,10,4690.0,0.0,10,10,0,True
2026-05-26 08:55:00,VIC1,4457.0,4518.25,4217.0,10,0,0,10,4690.0,0.0,10,10,0,True
2026-05-26 09:00:00,VIC1,4412.0,4463.6875,4217.0,10,0,0,10,4690.0,0.0,10,10,0,True
2026-05-26 09:05:00,VIC1,4353.0,4392.75,4217.0,10,0,0,10,4690.0,0.0,10,10,0,True
2026-05-26 09:10:00,VIC1,4303.0,4346.8125,4217.0,10,0,0,10,4690.0,0.0,10,10,0,True
2026-05-26 09:15:00,VIC1,4258.0,4302.25,4217.0,10,0,0,10,4690.0,0.0,10,10,0,True
2026-05-26 09:20:00,VIC1,4266.0,4280.15625,4267.0,10,0,0,10,4690.0,0.0,10,10,0,True
2026-05-26 09:25:00,VIC1,4250.0,4243.8125,4267.0,10,0,0,10,4690.0,0.0,10,10,0,True
2026-05-26 09:30:00,VIC1,4250.0,4243.59375,4267.0,10,0,0,10,4690.0,0.0,10,10,0,True
2026-05-26 09:35:00,VIC1,4252.0,4243.71875,4267.0,10,0,0,10,4690.0,0.0,10,10,0,True
2026-05-26 09:40:00,VIC1,4252.0,4235.34375,4267.0,10,0,0,10,4690.0,0.0,10,10,0,True
2026-05-26 09:45:00,VIC1,4252.0,4240.5625,4267.0,10,0,0,10,4690.0,0.0,10,10,0,True
2026-05-26 09:50:00,VIC1,4252.0,4239.90625,4267.0,10,0,0,10,4690.0,0.0,10,10,0,True
2026-05-26 09:55:00,VIC1,4252.0,4227.28125,4267.0,10,0,0,10,4690.0,0.0,10,10,0,True
2026-05-26 10:00:00,VIC1,4252.0,4234.4375,4267.0,10,0,0,10,4690.0,0.0,10,10,0,True
2026-06-01 03:50:00,VIC1,4357.0,4368.34375,4402.0,9,1,0,10,4310.0,380.0,10,10,0,True
2026-06-01 03:55:00,VIC1,4357.0,4356.0,4402.0,9,1,0,10,4310.0,380.0,10,10,0,True
2026-06-01 04:00:00,VIC1,4357.0,4359.78125,4402.0,9,1,0,10,4310.0,380.0,10,10,0,True
2026-06-01 04:05:00,VIC1,4312.0,4338.90625,4402.0,9,1,0,10,4310.0,380.0,10,10,0,True
2026-06-01 04:10:00,VIC1,4312.0,4306.15625,4402.0,9,1,0,10,4310.0,380.0,10,10,0,True
2026-06-01 04:15:00,VIC1,4312.0,4327.46875,4402.0,9,1,0,10,4310.0,380.0,10,10,0,True
2026-06-01 04:20:00,VIC1,4312.0,4309.3125,4402.0,9,1,0,10,4310.0,380.0,10,10,0,True
2026-06-01 04:25:00,VIC1,4312.0,4298.1875,4402.0,9,1,0,10,4310.0,380.0,10,10,0,True
2026-06-01 04:30:00,VIC1,4312.0,4320.375,4402.0,9,1,0,10,4310.0,380.0,10,10,0,True
2026-06-01 04:35:00,VIC1,4312.0,4305.3125,4402.0,9,1,0,10,4310.0,380.0,10,10,0,True
2026-06-01 04:40:00,VIC1,4250.91019,4287.40625,4402.0,9,1,0,10,4310.0,380.0,10,10,0,True
2026-06-01 04:45:00,VIC1,4305.30712,4258.8125,4402.0,9,1,0,10,4310.0,380.0,10,10,0,True
2026-06-01 04:50:00,VIC1,4312.0,4299.53125,4402.0,9,1,0,10,4310.0,380.0,10,10,0,True
2026-06-01 04:55:00,VIC1,4312.0,4327.0625,4402.0,9,1,0,10,4310.0,380.0,10,10,0,True
2026-06-01 05:00:00,VIC1,4312.0,4313.75,4402.0,9,1,0,10,4310.0,380.0,10,10,0,True
2026-06-01 05:05:00,VIC1,4342.0,4304.375,4402.0,9,1,0,10,4310.0,380.0,10,10,0,True
2026-06-01 05:10:00,VIC1,4342.0,4351.34375,4402.0,9,1,0,10,4310.0,380.0,10,10,0,True
2026-06-01 05:15:00,VIC1,4342.0,4357.5625,4402.0,9,1,0,10,4310.0,380.0,10,10,0,True
2026-06-01 05:20:00,VIC1,4342.0,4325.9375,4402.0,9,1,0,10,4310.0,380.0,10,10,0,True
2026-06-01 05:25:00,VIC1,4342.0,4311.84375,4402.0,9,1,0,10,4310.0,380.0,10,10,0,True
2026-06-01 05:30:00,VIC1,4342.0,4329.03125,4402.0,9,1,0,10,4310.0,380.0,10,10,0,True
2026-06-01 05:35:00,VIC1,4387.0,4320.875,4402.0,9,1,0,10,4310.0,380.0,10,10,0,True
2026-06-01 05:40:00,VIC1,4387.0,4379.46875,4402.0,9,1,0,10,4310.0,380.0,10,10,0,True
2026-06-01 05:45:00,VIC1,4387.0,4363.0,4402.0,9,1,0,10,4310.0,380.0,10,10,0,True
2026-06-01 05:50:00,VIC1,4387.0,4347.34375,4402.0,9,1,0,10,4310.0,380.0,10,10,0,True
2026-06-01 05:55:00,VIC1,4387.0,4373.65625,4402.0,9,1,0,10,4310.0,380.0,10,10,0,True
2026-06-01 06:00:00,VIC1,4387.0,4394.5,4402.0,9,1,0,10,4310.0,380.0,10,10,0,True
2026-06-01 06:05:00,VIC1,4387.0,4404.4375,4402.0,9,1,0,10,4310.0,380.0,10,10,0,True
2026-06-01 06:10:00,VIC1,4387.0,4405.6875,4402.0,9,1,0,10,4310.0,380.0,10,10,0,True
2026-06-01 06:15:00,VIC1,4387.0,4381.53125,4402.0,9,1,0,10,4310.0,380.0,10,10,0,True
2026-06-01 06:20:00,VIC1,4387.0,4378.15625,4402.0,9,1,0,10,4310.0,380.0,10,10,0,True
2026-06-01 06:25:00,VIC1,4387.0,4384.84375,4402.0,9,1,0,10,4310.0,380.0,10,10,0,True
2026-06-01 06:30:00,VIC1,4387.0,4368.5,4402.0,9,1,0,10,4310.0,380.0,10,10,0,True
2026-06-01 06:35:00,VIC1,4387.0,4393.5625,4402.0,9,1,0,10,4310.0,380.0,10,10,0,True
2026-06-01 06:40:00,VIC1,4387.0,4385.96875,4402.0,9,1,0,10,4310.0,380.0,10,10,0,True
2026-06-01 06:45:00,VIC1,4387.0,4369.96875,4402.0,9,1,0,10,4310.0,380.0,10,10,0,True
2026-06-01 06:50:00,VIC1,4387.0,4372.75,4402.0,9,1,0,10,4310.0,380.0,10,10,0,True
2026-06-01 06:55:00,VIC1,4371.0,4366.125,4352.0,9,1,0,10,4310.0,380.0,10,10,0,True
2026-06-01 07:00:00,VIC1,4355.0,4336.4375,4352.0,9,1,0,10,4310.0,380.0,10,10,0,True
2026-06-01 07:05:00,VIC1,4343.0,4342.90625,4352.0,9,1,0,10,4310.0,380.0,10,10,0,True
2026-06-01 07:10:00,VIC1,4337.0,4351.5,4352.0,9,1,0,10,4310.0,380.0,10,10,0,True
2026-06-01 07:15:00,VIC1,4337.0,4358.25,4352.0,9,1,0,10,4310.0,380.0,10,10,0,True
2026-06-01 07:20:00,VIC1,4337.0,4370.9375,4352.0,9,1,0,10,4310.0,380.0,10,10,0,True
2026-06-01 07:25:00,VIC1,4337.0,4302.71875,4352.0,9,1,0,10,4310.0,380.0,10,10,0,True
2026-06-01 07:30:00,VIC1,4337.0,4309.375,4352.0,9,1,0,10,4310.0,380.0,10,10,0,True
2026-06-01 07:35:00,VIC1,4337.0,4342.5,4352.0,9,1,0,10,4310.0,380.0,10,10,0,True
2026-06-01 07:40:00,VIC1,4337.0,4350.53125,4352.0,9,1,0,10,4310.0,380.0,10,10,0,True
2026-06-01 07:45:00,VIC1,4337.0,4313.09375,4352.0,9,1,0,10,4310.0,380.0,10,10,0,True
2026-06-01 07:50:00,VIC1,4337.0,4314.125,4352.0,9,1,0,10,4310.0,380.0,10,10,0,True
2026-06-04 14:40:00,VIC1,4061.0625,4179.8125,4328.0,9,1,0,10,4330.0,360.0,10,10,0,True
2026-06-04 14:45:00,VIC1,3993.53125,4126.96875,4328.0,9,1,0,10,4330.0,360.0,10,10,0,True
2026-06-04 14:50:00,VIC1,3903.40715,4021.0,4328.0,9,1,0,10,4330.0,360.0,10,10,0,True
2026-06-04 14:55:00,VIC1,3844.59375,3904.1875,4328.0,9,1,0,10,4330.0,360.0,10,10,0,True
2026-06-04 15:00:00,VIC1,3765.6875,3879.9375,4328.0,9,1,0,10,4330.0,360.0,10,10,0,True
2026-06-04 15:05:00,VIC1,3899.30815,3793.0625,4328.0,9,1,0,10,4330.0,360.0,10,10,0,True
2026-06-04 15:10:00,VIC1,4049.78125,3896.21875,4328.0,9,1,0,10,4330.0,360.0,10,10,0,True
2026-06-04 15:15:00,VIC1,4038.52965,4047.71875,4328.0,9,1,0,10,4330.0,360.0,10,10,0,True
2026-06-04 15:20:00,VIC1,4037.67988,4055.65625,4328.0,9,1,0,10,4330.0,360.0,10,10,0,True
2026-06-04 15:25:00,VIC1,4090.63646,4016.125,4328.0,9,1,0,10,4330.0,360.0,10,10,0,True
2026-06-04 15:30:00,VIC1,4158.0,4074.5625,4328.0,9,1,0,10,4330.0,360.0,10,10,0,True
2026-06-04 15:35:00,VIC1,4109.96875,4172.15625,4328.0,9,1,0,10,4330.0,360.0,10,10,0,True
2026-06-04 15:40:00,VIC1,4052.03125,4080.75,4328.0,9,1,0,10,4330.0,360.0,10,10,0,True
2026-06-04 15:45:00,VIC1,4011.75,4048.71875,4328.0,9,1,0,10,4330.0,360.0,10,10,0,True
2026-06-04 15:50:00,VIC1,4126.65625,4044.65625,4328.0,9,1,0,10,4330.0,360.0,10,10,0,True
2026-06-04 15:55:00,VIC1,4188.7133,4128.3125,4328.0,9,1,0,10,4330.0,360.0,10,10,0,True
2026-06-04 16:00:00,VIC1,4155.6012200000005,4199.15625,4328.0,9,1,0,10,4330.0,360.0,10,10,0,True
2026-06-04 16:05:00,VIC1,4248.75,4143.3125,4328.0,9,1,0,10,4330.0,360.0,10,10,0,True
2026-06-04 16:10:00,VIC1,4307.0,4261.59375,4328.0,9,1,0,10,4330.0,360.0,10,10,0,True
2026-06-04 16:15:00,VIC1,4328.0,4322.125,4328.0,9,1,0,10,4330.0,360.0,10,10,0,True
2026-06-04 16:20:00,VIC1,4328.0,4327.1875,4328.0,9,1,0,10,4330.0,360.0,10,10,0,True
2026-06-04 16:25:00,VIC1,4328.0,4343.78125,4328.0,9,1,0,10,4330.0,360.0,10,10,0,True
2026-06-04 16:30:00,VIC1,4328.0,4341.40625,4328.0,9,1,0,10,4330.0,360.0,10,10,0,True
2026-06-04 16:35:00,VIC1,4328.0,4322.96875,4328.0,9,1,0,10,4330.0,360.0,10,10,0,True
2026-06-04 16:40:00,VIC1,4328.0,4324.34375,4328.0,9,1,0,10,4330.0,360.0,10,10,0,True
2026-06-04 16:45:00,VIC1,4328.0,4325.125,4328.0,9,1,0,10,4330.0,360.0,10,10,0,True
2026-06-04 16:50:00,VIC1,4328.0,4319.34375,4328.0,9,1,0,10,4330.0,360.0,10,10,0,True
2026-06-04 16:55:00,VIC1,4328.0,4331.59375,4328.0,9,1,0,10,4330.0,360.0,10,10,0,True
2026-06-04 17:00:00,VIC1,4328.0,4319.71875,4368.0,9,1,0,10,4330.0,360.0,10,10,0,True
2026-06-04 17:05:00,VIC1,4362.0,4323.96875,4368.0,9,1,0,10,4330.0,360.0,10,10,0,True
2026-06-04 17:10:00,VIC1,4368.0,4334.46875,4368.0,9,1,0,10,4330.0,360.0,10,10,0,True
2026-06-04 17:15:00,VIC1,4368.0,4349.40625,4368.0,9,1,0,10,4330.0,360.0,10,10,0,True
2026-06-04 17:20:00,VIC1,4368.0,4364.71875,4368.0,9,1,0,10,4330.0,360.0,10,10,0,True
2026-06-04 17:25:00,VIC1,4368.0,4372.3125,4368.0,9,1,0,10,4330.0,360.0,10,10,0,True
2026-06-04 17:30:00,VIC1,4368.0,4353.25,4368.0,9,1,0,10,4330.0,360.0,10,10,0,True
2026-06-04 17:35:00,VIC1,4391.0,4377.46875,4398.0,9,1,0,10,4330.0,360.0,10,10,0,True
2026-06-04 17:40:00,VIC1,4398.0,4404.71875,4398.0,9,1,0,10,4330.0,360.0,10,10,0,True
2026-06-04 17:45:00,VIC1,4398.0,4377.6875,4398.0,9,1,0,10,4330.0,360.0,10,10,0,True
2026-06-04 17:50:00,VIC1,4398.0,4407.34375,4398.0,9,1,0,10,4330.0,360.0,10,10,0,True
2026-06-04 17:55:00,VIC1,4398.0,4374.96875,4398.0,9,1,0,10,4330.0,360.0,10,10,0,True
2026-06-04 18:00:00,VIC1,4398.0,4370.5,4398.0,9,1,0,10,4330.0,360.0,10,10,0,True
2026-06-04 18:05:00,VIC1,4398.0,4407.875,4398.0,9,1,0,10,4330.0,360.0,10,10,0,True
2026-06-04 18:10:00,VIC1,4398.0,4379.3125,4398.0,9,1,0,10,4330.0,360.0,10,10,0,True
2026-06-04 18:15:00,VIC1,4398.0,4390.28125,4398.0,9,1,0,10,4330.0,360.0,10,10,0,True
2026-06-04 18:20:00,VIC1,4398.0,4397.84375,4398.0,9,1,0,10,4330.0,360.0,10,10,0,True
2026-06-04 18:25:00,VIC1,4398.0,4406.5,4398.0,9,1,0,10,4330.0,360.0,10,10,0,True
2026-06-04 18:30:00,VIC1,4398.0,4376.5,4398.0,9,1,0,10,4330.0,360.0,10,10,0,True
2026-06-04 18:35:00,VIC1,4398.0,4380.5625,4398.0,9,1,0,10,4330.0,360.0,10,10,0,True
2026-06-04 18:40:00,VIC1,4398.0,4377.53125,4398.0,9,1,0,10,4330.0,360.0,10,10,0,True
2026-06-09 02:00:00,VIC1,3259.85324,3213.71875,4769.0,10,0,0,10,4690.0,0.0,10,10,0,True
2026-06-09 02:05:00,VIC1,3276.24928,3256.25,4769.0,10,0,0,10,4690.0,0.0,10,10,0,True
2026-06-09 02:10:00,VIC1,3220.0,3286.65625,4769.0,10,0,0,10,4690.0,0.0,10,10,0,True
2026-06-09 02:15:00,VIC1,3220.0,3235.625,4769.0,10,0,0,10,4690.0,0.0,10,10,0,True
2026-06-09 02:20:00,VIC1,3280.41964,3239.75,4769.0,10,0,0,10,4690.0,0.0,10,10,0,True
2026-06-09 02:25:00,VIC1,3228.6157,3277.0,4769.0,10,0,0,10,4690.0,0.0,10,10,0,True
2026-06-09 02:30:00,VIC1,3220.0,3221.75,4769.0,10,0,0,10,4690.0,0.0,10,10,0,True
2026-06-09 02:35:00,VIC1,3300.0,3210.8125,4769.0,10,0,0,10,4690.0,0.0,10,10,0,True
2026-06-09 02:40:00,VIC1,3300.0,3319.09375,4769.0,10,0,0,10,4690.0,0.0,10,10,0,True
2026-06-09 02:45:00,VIC1,3300.0,3313.15625,4769.0,10,0,0,10,4690.0,0.0,10,10,0,True
2026-06-09 02:50:00,VIC1,3314.85934,3301.5625,4769.0,10,0,0,10,4690.0,0.0,10,10,0,True
2026-06-09 02:55:00,VIC1,3300.0,3291.5,4769.0,10,0,0,10,4690.0,0.0,10,10,0,True
2026-06-09 03:00:00,VIC1,3300.0,3305.15625,4769.0,10,0,0,10,4690.0,0.0,10,10,0,True
2026-06-09 03:05:00,VIC1,3300.0,3303.28125,4769.0,10,0,0,10,4690.0,0.0,10,10,0,True
2026-06-09 03:10:00,VIC1,3300.0,3312.8125,4769.0,10,0,0,10,4690.0,0.0,10,10,0,True
2026-06-09 03:15:00,VIC1,3220.0,3279.03125,4769.0,10,0,0,10,4690.0,0.0,10,10,0,True
2026-06-09 03:20:00,VIC1,3224.79086,3219.0625,4769.0,10,0,0,10,4690.0,0.0,10,10,0,True
2026-06-09 03:25:00,VIC1,3220.0,3214.0,4769.0,10,0,0,10,4690.0,0.0,10,10,0,True
2026-06-09 03:30:00,VIC1,3300.0,3238.71875,4769.0,10,0,0,10,4690.0,0.0,10,10,0,True
2026-06-09 03:35:00,VIC1,3223.75418,3274.71875,4769.0,10,0,0,10,4690.0,0.0,10,10,0,True
2026-06-09 03:40:00,VIC1,3300.0,3205.5625,4769.0,10,0,0,10,4690.0,0.0,10,10,0,True
2026-06-09 03:45:00,VIC1,3220.0,3305.71875,4769.0,10,0,0,10,4690.0,0.0,10,10,0,True
2026-06-09 03:50:00,VIC1,3300.0,3196.0,4769.0,10,0,0,10,4690.0,0.0,10,10,0,True
2026-06-09 03:55:00,VIC1,3300.0,3270.71875,4769.0,10,0,0,10,4690.0,0.0,10,10,0,True
2026-06-09 04:00:00,VIC1,3220.0,3282.5,4769.0,10,0,0,10,4690.0,0.0,10,10,0,True
2026-06-09 04:05:00,VIC1,3300.0,3227.15625,4769.0,10,0,0,10,4690.0,0.0,10,10,0,True
2026-06-09 04:10:00,VIC1,3300.0,3323.59375,4769.0,10,0,0,10,4690.0,0.0,10,10,0,True
2026-06-09 04:15:00,VIC1,3220.0,3256.71875,4769.0,10,0,0,10,4690.0,0.0,10,10,0,True
2026-06-09 04:20:00,VIC1,3220.0,3234.5625,4769.0,10,0,0,10,4690.0,0.0,10,10,0,True
2026-06-09 04:25:00,VIC1,3220.0,3196.34375,4769.0,10,0,0,10,4690.0,0.0,10,10,0,True
2026-06-09 04:30:00,VIC1,3220.0,3232.28125,4769.0,10,0,0,10,4690.0,0.0,10,10,0,True
2026-06-09 04:35:00,VIC1,3220.0,3195.34375,4769.0,10,0,0,10,4690.0,0.0,10,10,0,True
2026-06-09 04:40:00,VIC1,3220.0,3194.71875,4769.0,10,0,0,10,4690.0,0.0,10,10,0,True
2026-06-09 04:45:00,VIC1,3220.0,3238.59375,4769.0,10,0,0,10,4690.0,0.0,10,10,0,True
2026-06-09 04:50:00,VIC1,3220.0,3200.65625,4769.0,10,0,0,10,4690.0,0.0,10,10,0,True
2026-06-09 04:55:00,VIC1,3220.0,3199.8125,4769.0,10,0,0,10,4690.0,0.0,10,10,0,True
2026-06-09 05:00:00,VIC1,3220.0,3220.0625,4769.0,10,0,0,10,4690.0,0.0,10,10,0,True
2026-06-09 05:05:00,VIC1,3220.0,3238.3125,4769.0,10,0,0,10,4690.0,0.0,10,10,0,True
2026-06-09 05:10:00,VIC1,3220.0,3247.21875,4769.0,10,0,0,10,4690.0,0.0,10,10,0,True
2026-06-09 05:15:00,VIC1,3220.0,3199.65625,4769.0,10,0,0,10,4690.0,0.0,10,10,0,True
2026-06-09 05:20:00,VIC1,3220.0,3226.46875,4769.0,10,0,0,10,4690.0,0.0,10,10,0,True
2026-06-09 05:25:00,VIC1,3220.0,3198.0,4769.0,10,0,0,10,4690.0,0.0,10,10,0,True
2026-06-09 05:30:00,VIC1,3220.0,3203.59375,4769.0,10,0,0,10,4690.0,0.0,10,10,0,True
2026-06-09 05:35:00,VIC1,3220.0,3231.0625,4769.0,10,0,0,10,4690.0,0.0,10,10,0,True
2026-06-09 05:40:00,VIC1,3220.0,3240.90625,4769.0,10,0,0,10,4690.0,0.0,10,10,0,True
2026-06-09 05:45:00,VIC1,3220.0,3202.6875,4769.0,10,0,0,10,4690.0,0.0,10,10,0,True
2026-06-09 05:50:00,VIC1,3220.0,3240.84375,4769.0,10,0,0,10,4690.0,0.0,10,10,0,True
2026-06-09 05:55:00,VIC1,3268.75772,3247.5625,4769.0,10,0,0,10,4690.0,0.0,10,10,0,True
2026-06-09 06:00:00,VIC1,3320.2075,3297.6875,4769.0,10,0,0,10,4690.0,0.0,10,10,0,True
2026-06-17 15:00:00,VIC1,4451.0,4454.53125,4581.0,10,0,0,10,4690.0,0.0,10,10,0,True
2026-06-17 15:05:00,VIC1,4451.0,4458.1875,4581.0,10,0,0,10,4690.0,0.0,10,10,0,True
2026-06-17 15:10:00,VIC1,4411.0,4399.90625,4581.0,10,0,0,10,4690.0,0.0,10,10,0,True
2026-06-17 15:15:00,VIC1,4450.0,4390.8125,4581.0,10,0,0,10,4690.0,0.0,10,10,0,True
2026-06-17 15:20:00,VIC1,4451.0,4432.84375,4581.0,10,0,0,10,4690.0,0.0,10,10,0,True
2026-06-17 15:25:00,VIC1,4451.0,4453.75,4581.0,10,0,0,10,4690.0,0.0,10,10,0,True
2026-06-17 15:30:00,VIC1,4451.0,4422.8125,4581.0,10,0,0,10,4690.0,0.0,10,10,0,True
2026-06-17 15:35:00,VIC1,4451.0,4414.46875,4581.0,10,0,0,10,4690.0,0.0,10,10,0,True
2026-06-17 15:40:00,VIC1,4451.0,4451.84375,4581.0,10,0,0,10,4690.0,0.0,10,10,0,True
2026-06-17 15:45:00,VIC1,4451.0,4449.78125,4581.0,10,0,0,10,4690.0,0.0,10,10,0,True
2026-06-17 15:50:00,VIC1,4451.0,4439.03125,4581.0,10,0,0,10,4690.0,0.0,10,10,0,True
2026-06-17 15:55:00,VIC1,4451.0,4413.0,4581.0,10,0,0,10,4690.0,0.0,10,10,0,True
2026-06-17 16:00:00,VIC1,4451.0,4438.3125,4581.0,10,0,0,10,4690.0,0.0,10,10,0,True
2026-06-17 16:05:00,VIC1,4451.0,4455.1875,4581.0,10,0,0,10,4690.0,0.0,10,10,0,True
2026-06-17 16:10:00,VIC1,4430.9892,4446.4375,4581.0,10,0,0,10,4690.0,0.0,10,10,0,True
2026-06-17 16:15:00,VIC1,4451.0,4460.34375,4581.0,10,0,0,10,4690.0,0.0,10,10,0,True
2026-06-17 16:20:00,VIC1,4406.0,4448.84375,4581.0,10,0,0,10,4690.0,0.0,10,10,0,True
2026-06-17 16:25:00,VIC1,4302.9587599999995,4397.15625,4581.0,10,0,0,10,4690.0,0.0,10,10,0,True
2026-06-17 16:30:00,VIC1,4255.34826,4305.78125,4581.0,10,0,0,10,4690.0,0.0,10,10,0,True
2026-06-17 16:35:00,VIC1,4384.0,4238.6875,4581.0,10,0,0,10,4690.0,0.0,10,10,0,True
2026-06-17 16:40:00,VIC1,4350.6141800000005,4369.0,4581.0,10,0,0,10,4690.0,0.0,10,10,0,True
2026-06-17 16:45:00,VIC1,4323.7233400000005,4326.75,4581.0,10,0,0,10,4690.0,0.0,10,10,0,True
2026-06-17 16:50:00,VIC1,4391.0,4324.65625,4581.0,10,0,0,10,4690.0,0.0,10,10,0,True
2026-06-17 16:55:00,VIC1,4445.0,4359.59375,4581.0,10,0,0,10,4690.0,0.0,10,10,0,True
2026-06-17 17:00:00,VIC1,4451.0,4421.21875,4581.0,10,0,0,10,4690.0,0.0,10,10,0,True
2026-06-17 17:05:00,VIC1,4441.0,4427.53125,4581.0,10,0,0,10,4690.0,0.0,10,10,0,True
2026-06-17 17:10:00,VIC1,4429.1063,4400.4375,4581.0,10,0,0,10,4690.0,0.0,10,10,0,True
2026-06-17 17:15:00,VIC1,4377.78216,4409.71875,4581.0,10,0,0,10,4690.0,0.0,10,10,0,True
2026-06-17 17:20:00,VIC1,4451.0,4365.375,4581.0,10,0,0,10,4690.0,0.0,10,10,0,True
2026-06-17 17:25:00,VIC1,4422.52056,4466.40625,4581.0,10,0,0,10,4690.0,0.0,10,10,0,True
2026-06-17 17:30:00,VIC1,4423.25958,4426.5625,4581.0,10,0,0,10,4690.0,0.0,10,10,0,True
2026-06-17 17:35:00,VIC1,4342.37162,4425.21875,4581.0,10,0,0,10,4690.0,0.0,10,10,0,True
2026-06-17 17:40:00,VIC1,4353.78046,4351.46875,4581.0,10,0,0,10,4690.0,0.0,10,10,0,True
2026-06-17 17:45:00,VIC1,4209.21602,4352.9375,4581.0,10,0,0,10,4690.0,0.0,10,10,0,True
2026-06-17 17:50:00,VIC1,4396.625,4225.875,4581.0,10,0,0,10,4690.0,0.0,10,10,0,True
2026-06-17 17:55:00,VIC1,4443.37421,4347.03125,4581.0,10,0,0,10,4690.0,0.0,10,10,0,True
2026-06-17 18:00:00,VIC1,4375.9279,4457.65625,4581.0,10,0,0,10,4690.0,0.0,10,10,0,True
2026-06-17 18:05:00,VIC1,4451.0,4391.25,4581.0,10,0,0,10,4690.0,0.0,10,10,0,True
2026-06-17 18:10:00,VIC1,4397.07166,4431.03125,4581.0,10,0,0,10,4690.0,0.0,10,10,0,True
2026-06-17 18:15:00,VIC1,4407.06826,4397.21875,4581.0,10,0,0,10,4690.0,0.0,10,10,0,True
2026-06-17 18:20:00,VIC1,4429.88344,4399.5,4581.0,10,0,0,10,4690.0,0.0,10,10,0,True
2026-06-17 18:25:00,VIC1,4451.0,4428.34375,4581.0,10,0,0,10,4690.0,0.0,10,10,0,True
2026-06-17 18:30:00,VIC1,4451.0,4451.78125,4581.0,10,0,0,10,4690.0,0.0,10,10,0,True
2026-06-17 18:35:00,VIC1,4451.0,4449.125,4581.0,10,0,0,10,4690.0,0.0,10,10,0,True
2026-06-17 18:40:00,VIC1,4451.0,4419.75,4581.0,10,0,0,10,4690.0,0.0,10,10,0,True
2026-06-17 18:45:00,VIC1,4399.2877,4447.0,4581.0,10,0,0,10,4690.0,0.0,10,10,0,True
2026-06-17 18:50:00,VIC1,4451.0,4402.1875,4691.0,10,0,0,10,4690.0,0.0,10,10,0,True
2026-06-17 18:55:00,VIC1,4478.0,4450.1875,4691.0,10,0,0,10,4690.0,0.0,10,10,0,True
2026-06-17 19:00:00,VIC1,4451.0,4448.78125,4691.0,10,0,0,10,4690.0,0.0,10,10,0,True
2026-06-21 17:55:00,VIC1,4286.0,4291.5,4286.0,9,1,0,10,4310.0,380.0,10,10,0,True
2026-06-21 18:00:00,VIC1,4286.0,4260.625,4286.0,9,1,0,10,4310.0,380.0,10,10,0,True
2026-06-21 18:05:00,VIC1,4286.0,4260.90625,4286.0,9,1,0,10,4310.0,380.0,10,10,0,True
2026-06-21 18:10:00,VIC1,4286.0,4280.59375,4286.0,9,1,0,10,4310.0,380.0,10,10,0,True
2026-06-21 18:15:00,VIC1,4286.0,4262.9375,4286.0,9,1,0,10,4310.0,380.0,10,10,0,True
2026-06-21 18:20:00,VIC1,4286.0,4281.5625,4286.0,9,1,0,10,4310.0,380.0,10,10,0,True
2026-06-21 18:25:00,VIC1,4286.0,4289.65625,4286.0,9,1,0,10,4310.0,380.0,10,10,0,True
2026-06-21 18:30:00,VIC1,4286.0,4264.5,4286.0,9,1,0,10,4310.0,380.0,10,10,0,True
2026-06-21 18:35:00,VIC1,4286.0,4281.46875,4286.0,9,1,0,10,4310.0,380.0,10,10,0,True
2026-06-21 18:40:00,VIC1,4286.0,4279.15625,4286.0,9,1,0,10,4310.0,380.0,10,10,0,True
2026-06-21 18:45:00,VIC1,4286.0,4274.78125,4286.0,9,1,0,10,4310.0,380.0,10,10,0,True
2026-06-21 18:50:00,VIC1,4286.0,4296.8125,4286.0,9,1,0,10,4310.0,380.0,10,10,0,True
2026-06-21 18:55:00,VIC1,4256.0,4259.9375,4256.0,9,1,0,10,4310.0,380.0,10,10,0,True
2026-06-21 19:00:00,VIC1,4256.0,4265.8125,4256.0,9,1,0,10,4310.0,380.0,10,10,0,True
2026-06-21 19:05:00,VIC1,4254.0,4248.75,4256.0,9,1,0,10,4310.0,380.0,10,10,0,True
2026-06-21 19:10:00,VIC1,4256.0,4266.875,4256.0,9,1,0,10,4310.0,380.0,10,10,0,True
2026-06-21 19:15:00,VIC1,4256.0,4268.34375,4256.0,9,1,0,10,4310.0,380.0,10,10,0,True
2026-06-21 19:20:00,VIC1,4256.0,4240.46875,4256.0,9,1,0,10,4310.0,380.0,10,10,0,True
2026-06-21 19:25:00,VIC1,4254.0,4249.59375,4254.0,9,1,0,10,4310.0,380.0,10,10,0,True
2026-06-21 19:30:00,VIC1,4254.0,4240.65625,4254.0,9,1,0,10,4310.0,380.0,10,10,0,True
2026-06-21 19:35:00,VIC1,4254.0,4265.875,4254.0,9,1,0,10,4310.0,380.0,10,10,0,True
2026-06-21 19:40:00,VIC1,4254.0,4246.625,4254.0,9,1,0,10,4310.0,380.0,10,10,0,True
2026-06-21 19:45:00,VIC1,4254.0,4234.5625,4254.0,9,1,0,10,4310.0,380.0,10,10,0,True
2026-06-21 19:50:00,VIC1,4254.0,4240.3125,4254.0,9,1,0,10,4310.0,380.0,10,10,0,True
2026-06-21 19:55:00,VIC1,4254.0,4229.40625,4254.0,9,1,0,10,4310.0,380.0,10,10,0,True
2026-06-21 20:00:00,VIC1,4254.0,4260.1875,4254.0,9,1,0,10,4310.0,380.0,10,10,0,True
2026-06-21 20:05:00,VIC1,4276.0,4240.0625,4284.0,9,1,0,10,4310.0,380.0,10,10,0,True
2026-06-21 20:10:00,VIC1,4284.0,4273.71875,4284.0,9,1,0,10,4310.0,380.0,10,10,0,True
2026-06-21 20:15:00,VIC1,4284.0,4281.0625,4284.0,9,1,0,10,4310.0,380.0,10,10,0,True
2026-06-21 20:20:00,VIC1,4284.0,4284.71875,4284.0,9,1,0,10,4310.0,380.0,10,10,0,True
2026-06-21 20:25:00,VIC1,4284.0,4289.09375,4284.0,9,1,0,10,4310.0,380.0,10,10,0,True
2026-06-21 20:30:00,VIC1,4284.0,4268.375,4284.0,9,1,0,10,4310.0,380.0,10,10,0,True
2026-06-21 20:35:00,VIC1,4284.0,4280.75,4284.0,9,1,0,10,4310.0,380.0,10,10,0,True
2026-06-21 20:40:00,VIC1,4284.0,4294.09375,4284.0,9,1,0,10,4310.0,380.0,10,10,0,True
2026-06-21 20:45:00,VIC1,4284.0,4294.0625,4284.0,9,1,0,10,4310.0,380.0,10,10,0,True
2026-06-21 20:50:00,VIC1,4284.0,4258.3125,4284.0,9,1,0,10,4310.0,380.0,10,10,0,True
2026-06-21 20:55:00,VIC1,4284.0,4290.03125,4284.0,9,1,0,10,4310.0,380.0,10,10,0,True
2026-06-21 21:00:00,VIC1,4284.0,4275.5,4284.0,9,1,0,10,4310.0,380.0,10,10,0,True
2026-06-21 21:05:00,VIC1,4284.0,4254.34375,4284.0,9,1,0,10,4310.0,380.0,10,10,0,True
2026-06-21 21:10:00,VIC1,4284.0,4291.3125,4284.0,9,1,0,10,4310.0,380.0,10,10,0,True
2026-06-21 21:15:00,VIC1,4284.0,4281.0625,4284.0,9,1,0,10,4310.0,380.0,10,10,0,True
2026-06-21 21:20:00,VIC1,4284.0,4269.9375,4284.0,9,1,0,10,4310.0,380.0,10,10,0,True
2026-06-21 21:25:00,VIC1,4284.0,4282.3125,4284.0,9,1,0,10,4310.0,380.0,10,10,0,True
2026-06-21 21:30:00,VIC1,4284.0,4277.0625,4284.0,9,1,0,10,4310.0,380.0,10,10,0,True
2026-06-21 21:35:00,VIC1,4284.0,4285.5,4284.0,9,1,0,10,4310.0,380.0,10,10,0,True
2026-06-21 21:40:00,VIC1,4284.0,4285.65625,4284.0,9,1,0,10,4310.0,380.0,10,10,0,True
2026-06-21 21:45:00,VIC1,4284.0,4271.59375,4284.0,9,1,0,10,4310.0,380.0,10,10,0,True
2026-06-21 21:50:00,VIC1,4286.0,4277.5625,4286.0,9,1,0,10,4310.0,380.0,10,10,0,True
2026-06-21 21:55:00,VIC1,4286.0,4272.15625,4286.0,9,1,0,10,4310.0,380.0,10,10,0,True
2026-06-21 22:00:00,VIC1,4286.0,4284.90625,4286.0,9,1,0,10,4310.0,380.0,10,10,0,True
2026-06-21 22:05:00,VIC1,4286.0,4268.1875,4286.0,9,1,0,10,4310.0,380.0,10,10,0,True
2026-06-21 22:10:00,VIC1,4286.0,4275.5625,4286.0,9,1,0,10,4310.0,380.0,10,10,0,True
2026-06-22 04:30:00,VIC1,4316.0,4311.53125,4316.0,9,1,0,10,4310.0,380.0,10,10,0,True
2026-06-22 04:35:00,VIC1,4316.0,4305.09375,4316.0,9,1,0,10,4310.0,380.0,10,10,0,True
2026-06-22 04:40:00,VIC1,4316.0,4315.3125,4316.0,9,1,0,10,4310.0,380.0,10,10,0,True
2026-06-22 04:45:00,VIC1,4316.0,4297.125,4316.0,9,1,0,10,4310.0,380.0,10,10,0,True
2026-06-22 04:50:00,VIC1,4316.0,4301.59375,4316.0,9,1,0,10,4310.0,380.0,10,10,0,True
2026-06-22 04:55:00,VIC1,4316.0,4313.1875,4316.0,9,1,0,10,4310.0,380.0,10,10,0,True
2026-06-22 05:00:00,VIC1,4316.0,4306.375,4316.0,9,1,0,10,4310.0,380.0,10,10,0,True
2026-06-22 05:05:00,VIC1,4316.0,4314.53125,4316.0,9,1,0,10,4310.0,380.0,10,10,0,True
2026-06-22 05:10:00,VIC1,4316.0,4329.65625,4316.0,9,1,0,10,4310.0,380.0,10,10,0,True
2026-06-22 05:15:00,VIC1,4316.0,4327.3125,4316.0,9,1,0,10,4310.0,380.0,10,10,0,True
2026-06-22 05:20:00,VIC1,4316.0,4295.28125,4316.0,9,1,0,10,4310.0,380.0,10,10,0,True
2026-06-22 05:25:00,VIC1,4316.0,4307.4375,4316.0,9,1,0,10,4310.0,380.0,10,10,0,True
2026-06-22 05:30:00,VIC1,4316.0,4312.0625,4316.0,9,1,0,10,4310.0,380.0,10,10,0,True
2026-06-22 05:35:00,VIC1,4316.0,4296.96875,4316.0,9,1,0,10,4310.0,380.0,10,10,0,True
2026-06-22 05:40:00,VIC1,4316.0,4331.59375,4316.0,9,1,0,10,4310.0,380.0,10,10,0,True
2026-06-22 05:45:00,VIC1,4316.0,4302.1875,4316.0,9,1,0,10,4310.0,380.0,10,10,0,True
2026-06-22 05:50:00,VIC1,4316.0,4295.5,4316.0,9,1,0,10,4310.0,380.0,10,10,0,True
2026-06-22 05:55:00,VIC1,4316.0,4286.375,4316.0,9,1,0,10,4310.0,380.0,10,10,0,True
2026-06-22 06:00:00,VIC1,4316.0,4321.59375,4316.0,9,1,0,10,4310.0,380.0,10,10,0,True
2026-06-22 06:05:00,VIC1,4316.0,4300.3125,4316.0,9,1,0,10,4310.0,380.0,10,10,0,True
2026-06-22 06:10:00,VIC1,4316.0,4339.6875,4316.0,9,1,0,10,4310.0,380.0,10,10,0,True
2026-06-22 06:15:00,VIC1,4316.0,4316.40625,4316.0,9,1,0,10,4310.0,380.0,10,10,0,True
2026-06-22 06:20:00,VIC1,4316.0,4285.75,4316.0,9,1,0,10,4310.0,380.0,10,10,0,True
2026-06-22 06:25:00,VIC1,4316.0,4312.15625,4316.0,9,1,0,10,4310.0,380.0,10,10,0,True
2026-06-22 06:30:00,VIC1,4316.0,4302.5,4316.0,9,1,0,10,4310.0,380.0,10,10,0,True
2026-06-22 06:35:00,VIC1,4316.0,4311.5625,4316.0,9,1,0,10,4310.0,380.0,10,10,0,True
2026-06-22 06:40:00,VIC1,4316.0,4323.90625,4316.0,9,1,0,10,4310.0,380.0,10,10,0,True
2026-06-22 06:45:00,VIC1,4316.0,4291.40625,4316.0,9,1,0,10,4310.0,380.0,10,10,0,True
2026-06-22 06:50:00,VIC1,4316.0,4310.90625,4316.0,9,1,0,10,4310.0,380.0,10,10,0,True
2026-06-22 06:55:00,VIC1,4316.0,4310.4375,4316.0,9,1,0,10,4310.0,380.0,10,10,0,True
2026-06-22 07:00:00,VIC1,4316.0,4295.125,4316.0,9,1,0,10,4310.0,380.0,10,10,0,True
2026-06-22 07:05:00,VIC1,4316.0,4315.21875,4316.0,9,1,0,10,4310.0,380.0,10,10,0,True
2026-06-22 07:10:00,VIC1,4316.0,4289.4375,4316.0,9,1,0,10,4310.0,380.0,10,10,0,True
2026-06-22 07:15:00,VIC1,4316.0,4325.53125,4316.0,9,1,0,10,4310.0,380.0,10,10,0,True
2026-06-22 07:20:00,VIC1,4316.0,4319.53125,4316.0,9,1,0,10,4310.0,380.0,10,10,0,True
2026-06-22 07:25:00,VIC1,4316.0,4312.6875,4316.0,9,1,0,10,4310.0,380.0,10,10,0,True
2026-06-22 07:30:00,VIC1,4316.0,4304.5625,4316.0,9,1,0,10,4310.0,380.0,10,10,0,True
2026-06-22 07:35:00,VIC1,4316.0,4292.8125,4316.0,9,1,0,10,4310.0,380.0,10,10,0,True
2026-06-22 07:40:00,VIC1,4316.0,4266.4375,4316.0,9,1,0,10,4310.0,380.0,10,10,0,True
2026-06-22 07:45:00,VIC1,4316.0,4319.5625,4316.0,9,1,0,10,4310.0,380.0,10,10,0,True
2026-06-22 07:50:00,VIC1,4314.0,4318.53125,4316.0,9,1,0,10,4310.0,380.0,10,10,0,True
2026-06-22 07:55:00,VIC1,4314.0,4317.59375,4316.0,9,1,0,10,4310.0,380.0,10,10,0,True
2026-06-22 08:00:00,VIC1,4316.0,4317.5,4316.0,9,1,0,10,4310.0,380.0,10,10,0,True
2026-06-22 08:05:00,VIC1,4316.0,4310.96875,4316.0,9,1,0,10,4310.0,380.0,10,10,0,True
2026-06-22 08:10:00,VIC1,4316.0,4296.75,4316.0,9,1,0,10,4310.0,380.0,10,10,0,True
2026-06-22 08:15:00,VIC1,4316.0,4321.25,4316.0,9,1,0,10,4310.0,380.0,10,10,0,True
2026-06-22 08:20:00,VIC1,4316.0,4336.09375,4316.0,9,1,0,10,4310.0,380.0,10,10,0,True
2026-06-22 08:25:00,VIC1,4316.0,4305.25,4316.0,9,1,0,10,4310.0,380.0,10,10,0,True
2026-06-22 08:30:00,VIC1,4316.0,4290.8125,4316.0,9,1,0,10,4310.0,380.0,10,10,0,True
2026-06-22 08:35:00,VIC1,4316.0,4322.21875,4316.0,9,1,0,10,4310.0,380.0,10,10,0,True
2026-06-22 08:40:00,VIC1,4316.0,4305.71875,4316.0,9,1,0,10,4310.0,380.0,10,10,0,True
2026-06-22 08:45:00,VIC1,4316.0,4316.1875,4316.0,9,1,0,10,4310.0,380.0,10,10,0,True
2026-06-22 08:50:00,VIC1,4316.0,4281.375,4316.0,9,1,0,10,4310.0,380.0,10,10,0,True
2026-06-22 08:55:00,VIC1,4316.0,4291.625,4316.0,9,1,0,10,4310.0,380.0,10,10,0,True
2026-06-22 09:00:00,VIC1,4316.0,4292.46875,4316.0,9,1,0,10,4310.0,380.0,10,10,0,True
2026-06-22 09:05:00,VIC1,4316.0,4301.09375,4316.0,9,1,0,10,4310.0,380.0,10,10,0,True
2026-06-22 09:10:00,VIC1,4316.0,4326.125,4316.0,9,1,0,10,4310.0,380.0,10,10,0,True
2026-06-22 09:15:00,VIC1,4316.0,4337.0625,4316.0,9,1,0,10,4310.0,380.0,10,10,0,True
2026-06-22 09:20:00,VIC1,4316.0,4295.375,4316.0,9,1,0,10,4310.0,380.0,10,10,0,True
2026-06-24 05:00:00,VIC1,4185.0,4179.53125,4185.0,9,1,0,10,4310.0,380.0,10,10,0,True
2026-06-24 05:05:00,VIC1,4185.0,4186.6875,4185.0,9,1,0,10,4310.0,380.0,10,10,0,True
2026-06-24 05:10:00,VIC1,4185.0,4204.59375,4185.0,9,1,0,10,4310.0,380.0,10,10,0,True
2026-06-24 05:15:00,VIC1,4185.0,4198.9375,4185.0,9,1,0,10,4310.0,380.0,10,10,0,True
2026-06-24 05:20:00,VIC1,4185.0,4164.59375,4185.0,9,1,0,10,4310.0,380.0,10,10,0,True
2026-06-24 05:25:00,VIC1,4185.0,4187.375,4185.0,9,1,0,10,4310.0,380.0,10,10,0,True
2026-06-24 05:30:00,VIC1,4190.0,4175.28125,4190.0,9,1,0,10,4310.0,380.0,10,10,0,True
2026-06-24 05:35:00,VIC1,4190.0,4175.5,4190.0,9,1,0,10,4310.0,380.0,10,10,0,True
2026-06-24 05:40:00,VIC1,4190.0,4199.6875,4190.0,9,1,0,10,4310.0,380.0,10,10,0,True
2026-06-24 05:45:00,VIC1,4190.0,4191.0625,4190.0,9,1,0,10,4310.0,380.0,10,10,0,True
2026-06-24 05:50:00,VIC1,4190.0,4177.5625,4190.0,9,1,0,10,4310.0,380.0,10,10,0,True
2026-06-24 05:55:00,VIC1,4190.0,4171.09375,4190.0,9,1,0,10,4310.0,380.0,10,10,0,True
2026-06-24 06:00:00,VIC1,4190.0,4175.25,4190.0,9,1,0,10,4310.0,380.0,10,10,0,True
2026-06-24 06:05:00,VIC1,4196.375,4213.1875,4190.0,10,0,0,10,4690.0,0.0,10,10,0,True
2026-06-24 06:10:00,VIC1,4197.21875,4222.46875,4190.0,10,0,0,10,4690.0,0.0,10,10,0,True
2026-06-24 06:15:00,VIC1,4197.5,4211.65625,4190.0,10,0,0,10,4690.0,0.0,10,10,0,True
2026-06-24 06:20:00,VIC1,4217.5,4222.65625,4410.0,10,0,0,10,4690.0,0.0,10,10,0,True
2026-06-24 06:25:00,VIC1,4217.5,4213.0625,4410.0,10,0,0,10,4690.0,0.0,10,10,0,True
2026-06-24 06:30:00,VIC1,4224.53125,4201.25,4410.0,10,0,0,10,4690.0,0.0,10,10,0,True
2026-06-24 06:35:00,VIC1,4226.5,4223.0,4410.0,10,0,0,10,4690.0,0.0,10,10,0,True
2026-06-24 06:40:00,VIC1,4208.40625,4190.21875,4410.0,10,0,0,10,4690.0,0.0,10,10,0,True
2026-06-24 06:45:00,VIC1,4134.03125,4144.28125,4230.0,10,0,0,10,4690.0,0.0,10,10,0,True
2026-06-24 06:50:00,VIC1,4086.25,4085.1875,4230.0,10,0,0,10,4690.0,0.0,10,10,0,True
2026-06-24 06:55:00,VIC1,4060.8125,4078.125,4180.0,10,0,0,10,4690.0,0.0,10,10,0,True
2026-06-24 07:00:00,VIC1,4048.25,4033.625,4180.0,10,0,0,10,4690.0,0.0,10,10,0,True
2026-06-24 07:05:00,VIC1,4057.3125,4025.40625,4175.0,10,0,0,10,4690.0,0.0,10,10,0,True
2026-06-24 07:10:00,VIC1,4071.65625,4046.0625,4175.0,10,0,0,10,4690.0,0.0,10,10,0,True
2026-06-24 07:15:00,VIC1,4081.78125,4081.1875,4175.0,10,0,0,10,4690.0,0.0,10,10,0,True
2026-06-24 07:20:00,VIC1,4060.8125,4063.0625,4165.0,10,0,0,10,4690.0,0.0,10,10,0,True
2026-06-24 07:25:00,VIC1,4057.15625,4022.125,4165.0,10,0,0,10,4690.0,0.0,10,10,0,True
2026-06-24 07:30:00,VIC1,4059.6875,4028.90625,4165.0,10,0,0,10,4690.0,0.0,10,10,0,True
2026-06-24 07:35:00,VIC1,4062.5,4055.53125,4165.0,10,0,0,10,4690.0,0.0,10,10,0,True
2026-06-24 07:40:00,VIC1,4067.5625,4070.625,4165.0,10,0,0,10,4690.0,0.0,10,10,0,True
2026-06-24 07:45:00,VIC1,4067.84375,4047.71875,4165.0,10,0,0,10,4690.0,0.0,10,10,0,True
2026-06-24 07:50:00,VIC1,4051.25,4024.84375,4165.0,10,0,0,10,4690.0,0.0,10,10,0,True
2026-06-24 07:55:00,VIC1,4063.0625,4053.3125,4165.0,10,0,0,10,4690.0,0.0,10,10,0,True
2026-06-24 08:00:00,VIC1,4060.0,4036.625,4060.0,10,0,0,10,4690.0,0.0,10,10,0,True
2026-06-24 08:05:00,VIC1,4062.0,4079.53125,4095.0,10,0,0,10,4690.0,0.0,10,10,0,True
2026-06-24 08:10:00,VIC1,4089.0,4086.3125,4095.0,10,0,0,10,4690.0,0.0,10,10,0,True
2026-06-24 08:15:00,VIC1,4094.125,4090.5,4095.0,10,0,0,10,4690.0,0.0,10,10,0,True
2026-06-24 08:20:00,VIC1,4095.0,4102.5,4095.0,10,0,0,10,4690.0,0.0,10,10,0,True
2026-06-24 08:25:00,VIC1,4092.4375,4072.59375,4095.0,10,0,0,10,4690.0,0.0,10,10,0,True
2026-06-24 08:30:00,VIC1,4094.96875,4080.34375,4095.0,10,0,0,10,4690.0,0.0,10,10,0,True
2026-06-24 08:35:00,VIC1,4095.0,4090.34375,4095.0,10,0,0,10,4690.0,0.0,10,10,0,True
2026-06-24 08:40:00,VIC1,4095.0,4100.34375,4095.0,10,0,0,10,4690.0,0.0,10,10,0,True
2026-06-24 08:45:00,VIC1,4095.0,4099.4375,4095.0,10,0,0,10,4690.0,0.0,10,10,0,True
2026-06-24 08:50:00,VIC1,4101.84375,4100.15625,4095.0,10,0,0,10,4690.0,0.0,10,10,0,True
2026-06-24 08:55:00,VIC1,4108.03125,4116.21875,4095.0,10,0,0,10,4690.0,0.0,10,10,0,True
2026-06-24 09:00:00,VIC1,4102.96875,4094.96875,4095.0,10,0,0,10,4690.0,0.0,10,10,0,True
2026-07-01 05:00:00,VIC1,2770.0,2758.1875,3690.0,8,2,0,10,3780.0,910.0,10,10,0,True
2026-07-01 05:05:00,VIC1,2770.0,2752.625,3690.0,8,2,0,10,3780.0,910.0,10,10,0,True
2026-07-01 05:10:00,VIC1,2770.0,2793.96875,3690.0,8,2,0,10,3780.0,910.0,10,10,0,True
2026-07-01 05:15:00,VIC1,2770.0,2795.0625,3690.0,8,2,0,10,3780.0,910.0,10,10,0,True
2026-07-01 05:20:00,VIC1,2835.89111,2789.5625,3690.0,8,2,0,10,3780.0,910.0,10,10,0,True
2026-07-01 05:25:00,VIC1,2865.0,2818.34375,3690.0,8,2,0,10,3780.0,910.0,10,10,0,True
2026-07-01 05:30:00,VIC1,2845.57657,2846.78125,3690.0,8,2,0,10,3780.0,910.0,10,10,0,True
2026-07-01 05:35:00,VIC1,2794.0,2839.53125,3690.0,8,2,0,10,3780.0,910.0,10,10,0,True
2026-07-01 05:40:00,VIC1,2770.0,2816.40625,3690.0,8,2,0,10,3780.0,910.0,10,10,0,True
2026-07-01 05:45:00,VIC1,2770.0,2762.6875,3690.0,8,2,0,10,3780.0,910.0,10,10,0,True
2026-07-01 05:50:00,VIC1,2770.0,2745.59375,3690.0,8,2,0,10,3780.0,910.0,10,10,0,True
2026-07-01 05:55:00,VIC1,2770.0,2758.375,3690.0,8,2,0,10,3780.0,910.0,10,10,0,True
2026-07-01 06:00:00,VIC1,2820.5,2782.21875,3690.0,8,2,0,10,3780.0,910.0,10,10,0,True
2026-07-01 06:05:00,VIC1,2885.0,2822.25,3690.0,8,2,0,10,3780.0,910.0,10,10,0,True
2026-07-01 06:10:00,VIC1,3002.51996,2912.59375,3690.0,8,2,0,10,3780.0,910.0,10,10,0,True
2026-07-01 06:15:00,VIC1,2988.41996,2986.71875,3690.0,8,2,0,10,3780.0,910.0,10,10,0,True
2026-07-01 06:20:00,VIC1,2982.89,2970.125,3690.0,8,2,0,10,3780.0,910.0,10,10,0,True
2026-07-01 06:25:00,VIC1,2974.38715,2969.90625,3645.0,8,2,0,10,3780.0,910.0,10,10,0,True
2026-07-01 06:30:00,VIC1,2827.89661,2961.53125,3645.0,8,2,0,10,3780.0,910.0,10,10,0,True
2026-07-01 06:35:00,VIC1,2754.17682,2831.78125,3645.0,8,2,0,10,3780.0,910.0,10,10,0,True
2026-07-01 06:40:00,VIC1,2752.37228,2765.90625,3645.0,8,2,0,10,3780.0,910.0,10,10,0,True
2026-07-01 06:45:00,VIC1,2802.08358,2744.46875,3645.0,8,2,0,10,3780.0,910.0,10,10,0,True
2026-07-01 06:50:00,VIC1,2887.5615,2800.125,3645.0,8,2,0,10,3780.0,910.0,10,10,0,True
2026-07-01 06:55:00,VIC1,2955.4503999999997,2873.0625,3685.0,8,2,0,10,3780.0,910.0,10,10,0,True
2026-07-01 07:00:00,VIC1,3071.0,2946.8125,3685.0,8,2,0,10,3780.0,910.0,10,10,0,True
2026-07-01 07:05:00,VIC1,3129.0,3036.90625,3685.0,8,2,0,10,3780.0,910.0,10,10,0,True
2026-07-01 07:10:00,VIC1,3142.0,3080.875,3655.0,8,2,0,10,3780.0,910.0,10,10,0,True
2026-07-01 07:15:00,VIC1,3204.0,3136.90625,3655.0,8,2,0,10,3780.0,910.0,10,10,0,True
2026-07-01 07:20:00,VIC1,3261.0,3196.09375,3655.0,8,2,0,10,3780.0,910.0,10,10,0,True
2026-07-01 07:25:00,VIC1,3297.0,3230.65625,3655.0,8,2,0,10,3780.0,910.0,10,10,0,True
2026-07-01 07:30:00,VIC1,3342.0,3261.25,3665.0,8,2,0,10,3780.0,910.0,10,10,0,True
2026-07-01 07:35:00,VIC1,3381.0,3315.8125,3665.0,8,2,0,10,3780.0,910.0,10,10,0,True
2026-07-01 07:40:00,VIC1,3400.0,3347.625,3675.0,8,2,0,10,3780.0,910.0,10,10,0,True
2026-07-01 07:45:00,VIC1,3460.0,3407.875,3685.0,8,2,0,10,3780.0,910.0,10,10,0,True
2026-07-01 07:50:00,VIC1,3408.68036,3456.6875,3695.0,8,2,0,10,3780.0,910.0,10,10,0,True
2026-07-01 07:55:00,VIC1,3502.0,3394.84375,3695.0,8,2,0,10,3780.0,910.0,10,10,0,True
2026-07-01 08:00:00,VIC1,3524.0,3469.3125,3695.0,8,2,0,10,3780.0,910.0,10,10,0,True
2026-07-01 08:05:00,VIC1,3550.0,3496.9375,3765.0,8,2,0,10,3780.0,910.0,10,10,0,True
2026-07-01 08:10:00,VIC1,3524.601,3537.5,3775.0,8,2,0,10,3780.0,910.0,10,10,0,True
2026-07-01 08:15:00,VIC1,3496.94853,3542.75,3775.0,8,2,0,10,3780.0,910.0,10,10,0,True
2026-07-01 08:20:00,VIC1,3518.2409,3479.4375,3804.0,8,2,0,10,3780.0,910.0,10,10,0,True
2026-07-01 08:25:00,VIC1,3515.37912,3500.71875,3804.0,8,2,0,10,3780.0,910.0,10,10,0,True
2026-07-01 08:30:00,VIC1,3509.53538,3519.28125,3814.0,8,2,0,10,3780.0,910.0,10,10,0,True
2026-07-01 08:35:00,VIC1,3358.40634,3505.71875,3814.0,8,2,0,10,3780.0,910.0,10,10,0,True
2026-07-01 08:40:00,VIC1,3425.49722,3374.46875,3814.0,8,2,0,10,3780.0,910.0,10,10,0,True
2026-07-01 08:45:00,VIC1,3573.0,3441.53125,3814.0,8,2,0,10,3780.0,910.0,10,10,0,True
2026-07-01 08:50:00,VIC1,3596.0,3541.90625,3814.0,8,2,0,10,3780.0,910.0,10,10,0,True
2026-07-01 08:55:00,VIC1,3609.1889499999997,3598.65625,3814.0,8,2,0,10,3780.0,910.0,10,10,0,True
2026-07-01 09:00:00,VIC1,3446.65625,3615.4375,3824.0,8,2,0,10,3780.0,910.0,10,10,0,True
2026-07-06 15:00:00,VIC1,4687.0,4676.25,4697.0,10,0,0,10,4690.0,0.0,10,10,0,True
2026-07-06 15:05:00,VIC1,4687.0,4663.625,4697.0,10,0,0,10,4690.0,0.0,10,10,0,True
2026-07-06 15:10:00,VIC1,4687.0,4675.125,4697.0,10,0,0,10,4690.0,0.0,10,10,0,True
2026-07-06 15:15:00,VIC1,4687.0,4687.90625,4697.0,10,0,0,10,4690.0,0.0,10,10,0,True
2026-07-06 15:20:00,VIC1,4687.0,4676.53125,4697.0,10,0,0,10,4690.0,0.0,10,10,0,True
2026-07-06 15:25:00,VIC1,4687.0,4704.40625,4697.0,10,0,0,10,4690.0,0.0,10,10,0,True
2026-07-06 15:30:00,VIC1,4687.0,4672.59375,4697.0,10,0,0,10,4690.0,0.0,10,10,0,True
2026-07-06 15:35:00,VIC1,4702.84375,4693.84375,4733.0,10,0,0,10,4690.0,0.0,10,10,0,True
2026-07-06 15:40:00,VIC1,4707.0,4712.0625,4733.0,10,0,0,10,4690.0,0.0,10,10,0,True
2026-07-06 15:45:00,VIC1,4707.0,4716.1875,4733.0,10,0,0,10,4690.0,0.0,10,10,0,True
2026-07-06 15:50:00,VIC1,4707.0,4678.125,4733.0,10,0,0,10,4690.0,0.0,10,10,0,True
2026-07-06 15:55:00,VIC1,4707.0,4688.40625,4733.0,10,0,0,10,4690.0,0.0,10,10,0,True
2026-07-06 16:00:00,VIC1,4707.0,4691.65625,4733.0,10,0,0,10,4690.0,0.0,10,10,0,True
2026-07-06 16:05:00,VIC1,4707.0,4672.0,4733.0,10,0,0,10,4690.0,0.0,10,10,0,True
2026-07-06 16:10:00,VIC1,4707.0,4669.34375,4733.0,10,0,0,10,4690.0,0.0,10,10,0,True
2026-07-06 16:15:00,VIC1,4707.0,4711.375,4733.0,10,0,0,10,4690.0,0.0,10,10,0,True
2026-07-06 16:20:00,VIC1,4707.0,4702.21875,4733.0,10,0,0,10,4690.0,0.0,10,10,0,True
2026-07-06 16:25:00,VIC1,4707.0,4687.53125,4733.0,10,0,0,10,4690.0,0.0,10,10,0,True
2026-07-06 16:30:00,VIC1,4707.0,4696.5,4733.0,10,0,0,10,4690.0,0.0,10,10,0,True
2026-07-06 16:35:00,VIC1,4707.0,4715.65625,4733.0,10,0,0,10,4690.0,0.0,10,10,0,True
2026-07-06 16:40:00,VIC1,4707.0,4703.40625,4733.0,10,0,0,10,4690.0,0.0,10,10,0,True
2026-07-06 16:45:00,VIC1,4707.0,4688.9375,4733.0,10,0,0,10,4690.0,0.0,10,10,0,True
2026-07-06 16:50:00,VIC1,4707.0,4711.28125,4733.0,10,0,0,10,4690.0,0.0,10,10,0,True
2026-07-06 16:55:00,VIC1,4707.0,4688.84375,4733.0,10,0,0,10,4690.0,0.0,10,10,0,True
2026-07-06 17:00:00,VIC1,4707.0,4695.28125,4733.0,10,0,0,10,4690.0,0.0,10,10,0,True
2026-07-06 17:05:00,VIC1,4707.0,4712.8125,4733.0,10,0,0,10,4690.0,0.0,10,10,0,True
2026-07-06 17:10:00,VIC1,4707.0,4676.03125,4733.0,10,0,0,10,4690.0,0.0,10,10,0,True
2026-07-06 17:15:00,VIC1,4707.0,4706.5,4733.0,10,0,0,10,4690.0,0.0,10,10,0,True
2026-07-06 17:20:00,VIC1,4707.0,4694.25,4733.0,10,0,0,10,4690.0,0.0,10,10,0,True
2026-07-06 17:25:00,VIC1,4707.0,4715.96875,4733.0,10,0,0,10,4690.0,0.0,10,10,0,True
2026-07-06 17:30:00,VIC1,4707.0,4698.625,4733.0,10,0,0,10,4690.0,0.0,10,10,0,True
2026-07-06 17:35:00,VIC1,4707.0,4699.5625,4733.0,10,0,0,10,4690.0,0.0,10,10,0,True
2026-07-06 17:40:00,VIC1,4707.0,4714.21875,4733.0,10,0,0,10,4690.0,0.0,10,10,0,True
2026-07-06 17:45:00,VIC1,4707.0,4707.8125,4733.0,10,0,0,10,4690.0,0.0,10,10,0,True
2026-07-06 17:50:00,VIC1,4707.0,4698.09375,4733.0,10,0,0,10,4690.0,0.0,10,10,0,True
2026-07-06 17:55:00,VIC1,4707.0,4688.84375,4733.0,10,0,0,10,4690.0,0.0,10,10,0,True
2026-07-06 18:00:00,VIC1,4707.0,4694.40625,4733.0,10,0,0,10,4690.0,0.0,10,10,0,True
2026-07-06 18:05:00,VIC1,4707.0,4696.46875,4733.0,10,0,0,10,4690.0,0.0,10,10,0,True
2026-07-06 18:10:00,VIC1,4707.0,4681.1875,4733.0,10,0,0,10,4690.0,0.0,10,10,0,True
2026-07-06 18:15:00,VIC1,4707.0,4681.8125,4733.0,10,0,0,10,4690.0,0.0,10,10,0,True
2026-07-06 18:20:00,VIC1,4707.0,4686.65625,4733.0,10,0,0,10,4690.0,0.0,10,10,0,True
2026-07-06 18:25:00,VIC1,4707.0,4701.8125,4733.0,10,0,0,10,4690.0,0.0,10,10,0,True
2026-07-06 18:30:00,VIC1,4707.0,4716.15625,4733.0,10,0,0,10,4690.0,0.0,10,10,0,True
2026-07-06 18:35:00,VIC1,4707.0,4717.28125,4733.0,10,0,0,10,4690.0,0.0,10,10,0,True
2026-07-06 18:40:00,VIC1,4707.0,4701.90625,4733.0,10,0,0,10,4690.0,0.0,10,10,0,True
2026-07-06 18:45:00,VIC1,4707.0,4717.84375,4733.0,10,0,0,10,4690.0,0.0,10,10,0,True
2026-07-06 18:50:00,VIC1,4707.0,4702.53125,4733.0,10,0,0,10,4690.0,0.0,10,10,0,True
2026-07-06 18:55:00,VIC1,4707.0,4701.46875,4733.0,10,0,0,10,4690.0,0.0,10,10,0,True
2026-07-06 19:00:00,VIC1,4707.0,4696.46875,4733.0,10,0,0,10,4690.0,0.0,10,10,0,True
2026-07-13 05:20:00,VIC1,3388.0,3307.25,4642.0,10,0,0,10,4690.0,0.0,10,10,0,True
2026-07-13 05:25:00,VIC1,3450.0,3364.0625,4642.0,10,0,0,10,4690.0,0.0,10,10,0,True
2026-07-13 05:30:00,VIC1,3500.0,3423.3125,4642.0,10,0,0,10,4690.0,0.0,10,10,0,True
2026-07-13 05:35:00,VIC1,3596.0,3494.9375,4642.0,10,0,0,10,4690.0,0.0,10,10,0,True
2026-07-13 05:40:00,VIC1,3620.0,3553.09375,4642.0,10,0,0,10,4690.0,0.0,10,10,0,True
2026-07-13 05:45:00,VIC1,3667.0,3612.3125,4642.0,10,0,0,10,4690.0,0.0,10,10,0,True
2026-07-13 05:50:00,VIC1,3727.0,3667.40625,4642.0,10,0,0,10,4690.0,0.0,10,10,0,True
2026-07-13 05:55:00,VIC1,3758.0,3695.03125,4642.0,10,0,0,10,4690.0,0.0,10,10,0,True
2026-07-13 06:00:00,VIC1,3832.0,3738.34375,4642.0,10,0,0,10,4690.0,0.0,10,10,0,True
2026-07-13 06:05:00,VIC1,3925.46875,3813.59375,4642.0,10,0,0,10,4690.0,0.0,10,10,0,True
2026-07-13 06:10:00,VIC1,3939.0,3931.84375,4642.0,10,0,0,10,4690.0,0.0,10,10,0,True
2026-07-13 06:15:00,VIC1,3985.0,3950.71875,4642.0,10,0,0,10,4690.0,0.0,10,10,0,True
2026-07-13 06:20:00,VIC1,4008.0892400000002,3988.59375,4642.0,10,0,0,10,4690.0,0.0,10,10,0,True
2026-07-13 06:25:00,VIC1,4070.0,3991.90625,4642.0,10,0,0,10,4690.0,0.0,10,10,0,True
2026-07-13 06:30:00,VIC1,4070.0,4041.75,4642.0,10,0,0,10,4690.0,0.0,10,10,0,True
2026-07-13 06:35:00,VIC1,4070.0,4052.0625,4642.0,10,0,0,10,4690.0,0.0,10,10,0,True
2026-07-13 06:40:00,VIC1,4070.0,4056.625,4642.0,10,0,0,10,4690.0,0.0,10,10,0,True
2026-07-13 06:45:00,VIC1,4054.0,4062.625,4602.0,10,0,0,10,4690.0,0.0,10,10,0,True
2026-07-13 06:50:00,VIC1,4039.0,4049.1875,4602.0,10,0,0,10,4690.0,0.0,10,10,0,True
2026-07-13 06:55:00,VIC1,3974.24376,4029.21875,4602.0,10,0,0,10,4690.0,0.0,10,10,0,True
2026-07-13 07:00:00,VIC1,4073.90625,3982.5625,4602.0,10,0,0,10,4690.0,0.0,10,10,0,True
2026-07-13 07:05:00,VIC1,4161.0,4081.1875,4602.0,10,0,0,10,4690.0,0.0,10,10,0,True
2026-07-13 07:10:00,VIC1,4254.0,4163.46875,4602.0,10,0,0,10,4690.0,0.0,10,10,0,True
2026-07-13 07:15:00,VIC1,4344.4375,4261.3125,4602.0,10,0,0,10,4690.0,0.0,10,10,0,True
2026-07-13 07:20:00,VIC1,4385.0,4301.8125,4602.0,10,0,0,10,4690.0,0.0,10,10,0,True
2026-07-13 07:25:00,VIC1,4304.0,4364.25,4602.0,10,0,0,10,4690.0,0.0,10,10,0,True
2026-07-13 07:30:00,VIC1,4384.0,4315.0,4602.0,10,0,0,10,4690.0,0.0,10,10,0,True
2026-07-13 07:35:00,VIC1,4385.0,4343.09375,4602.0,10,0,0,10,4690.0,0.0,10,10,0,True
2026-07-13 07:40:00,VIC1,4275.78125,4348.75,4602.0,10,0,0,10,4690.0,0.0,10,10,0,True
2026-07-13 07:45:00,VIC1,4385.0,4299.71875,4602.0,10,0,0,10,4690.0,0.0,10,10,0,True
2026-07-13 07:50:00,VIC1,4385.0,4377.59375,4602.0,10,0,0,10,4690.0,0.0,10,10,0,True
2026-07-13 07:55:00,VIC1,4385.0,4377.90625,4602.0,10,0,0,10,4690.0,0.0,10,10,0,True
2026-07-13 08:00:00,VIC1,4385.0,4366.78125,4602.0,10,0,0,10,4690.0,0.0,10,10,0,True
2026-07-13 08:05:00,VIC1,4385.0,4366.59375,4602.0,10,0,0,10,4690.0,0.0,10,10,0,True
2026-07-13 08:10:00,VIC1,4324.0,4391.9375,4602.0,10,0,0,10,4690.0,0.0,10,10,0,True
2026-07-13 08:15:00,VIC1,4387.0,4366.375,4602.0,10,0,0,10,4690.0,0.0,10,10,0,True
2026-07-13 08:20:00,VIC1,4389.64418,4365.53125,4602.0,10,0,0,10,4690.0,0.0,10,10,0,True
2026-07-13 08:25:00,VIC1,4385.0,4399.25,4602.0,10,0,0,10,4690.0,0.0,10,10,0,True
2026-07-13 08:30:00,VIC1,4385.0,4440.71875,4602.0,10,0,0,10,4690.0,0.0,10,10,0,True
2026-07-13 08:35:00,VIC1,4235.3125,4400.90625,4602.0,10,0,0,10,4690.0,0.0,10,10,0,True
2026-07-13 08:40:00,VIC1,4385.0,4250.71875,4602.0,10,0,0,10,4690.0,0.0,10,10,0,True
2026-07-13 08:45:00,VIC1,4385.0,4347.59375,4602.0,10,0,0,10,4690.0,0.0,10,10,0,True
2026-07-13 08:50:00,VIC1,4385.0,4383.5625,4602.0,10,0,0,10,4690.0,0.0,10,10,0,True
2026-07-13 08:55:00,VIC1,4287.01979,4414.6875,4602.0,10,0,0,10,4690.0,0.0,10,10,0,True
2026-07-13 09:00:00,VIC1,4385.0,4336.78125,4602.0,10,0,0,10,4690.0,0.0,10,10,0,True
2026-07-13 09:05:00,VIC1,4331.0985,4350.34375,4602.0,10,0,0,10,4690.0,0.0,10,10,0,True
2026-07-13 09:10:00,VIC1,4385.0,4334.46875,4602.0,10,0,0,10,4690.0,0.0,10,10,0,True
2026-07-13 09:15:00,VIC1,4288.75224,4407.21875,4602.0,10,0,0,10,4690.0,0.0,10,10,0,True
2026-07-13 09:20:00,VIC1,4385.0,4275.34375,4602.0,10,0,0,10,4690.0,0.0,10,10,0,True
2026-07-22 10:00:00,VIC1,4274.9195899999995,4282.28125,4765.0,10,0,0,10,4690.0,0.0,10,10,0,True
2026-07-22 10:05:00,VIC1,4414.0,4278.5625,4765.0,10,0,0,10,4690.0,0.0,10,10,0,True
2026-07-22 10:10:00,VIC1,4482.0,4438.625,4765.0,10,0,0,10,4690.0,0.0,10,10,0,True
2026-07-22 10:15:00,VIC1,4508.0,4442.28125,4765.0,10,0,0,10,4690.0,0.0,10,10,0,True
2026-07-22 10:20:00,VIC1,4558.0,4517.5,4765.0,10,0,0,10,4690.0,0.0,10,10,0,True
2026-07-22 10:25:00,VIC1,4575.0,4564.09375,4765.0,10,0,0,10,4690.0,0.0,10,10,0,True
2026-07-22 10:30:00,VIC1,4406.03125,4555.6875,4765.0,10,0,0,10,4690.0,0.0,10,10,0,True
2026-07-22 10:35:00,VIC1,4575.0,4464.03125,4765.0,10,0,0,10,4690.0,0.0,10,10,0,True
2026-07-22 10:40:00,VIC1,4575.0,4554.78125,4765.0,10,0,0,10,4690.0,0.0,10,10,0,True
2026-07-22 10:45:00,VIC1,4437.38562,4527.25,4765.0,10,0,0,10,4690.0,0.0,10,10,0,True
2026-07-22 10:50:00,VIC1,4278.3125,4427.9375,4765.0,10,0,0,10,4690.0,0.0,10,10,0,True
2026-07-22 10:55:00,VIC1,4278.73787,4341.46875,4765.0,10,0,0,10,4690.0,0.0,10,10,0,True
2026-07-22 11:00:00,VIC1,4198.4981800000005,4258.53125,4765.0,10,0,0,10,4690.0,0.0,10,10,0,True
2026-07-22 11:05:00,VIC1,4162.86396,4207.53125,4765.0,10,0,0,10,4690.0,0.0,10,10,0,True
2026-07-22 11:10:00,VIC1,4285.1353,4238.84375,4765.0,10,0,0,10,4690.0,0.0,10,10,0,True
2026-07-22 11:15:00,VIC1,4233.22843,4247.5,4765.0,10,0,0,10,4690.0,0.0,10,10,0,True
2026-07-22 11:20:00,VIC1,4197.34711,4199.1875,4765.0,10,0,0,10,4690.0,0.0,10,10,0,True
2026-07-22 11:25:00,VIC1,4214.87404,4228.0625,4765.0,10,0,0,10,4690.0,0.0,10,10,0,True
2026-07-22 11:30:00,VIC1,4162.1893199999995,4179.15625,4765.0,10,0,0,10,4690.0,0.0,10,10,0,True
2026-07-22 11:35:00,VIC1,4144.25599,4142.875,4765.0,10,0,0,10,4690.0,0.0,10,10,0,True
2026-07-22 11:40:00,VIC1,4171.74546,4144.65625,4765.0,10,0,0,10,4690.0,0.0,10,10,0,True
2026-07-22 11:45:00,VIC1,4134.51997,4120.28125,4765.0,10,0,0,10,4690.0,0.0,10,10,0,True
2026-07-22 11:50:00,VIC1,4028.3023,4107.59375,4765.0,10,0,0,10,4690.0,0.0,10,10,0,True
2026-07-22 11:55:00,VIC1,4096.08933,4037.09375,4765.0,10,0,0,10,4690.0,0.0,10,10,0,True
2026-07-22 12:00:00,VIC1,4157.55062,4118.4375,4765.0,10,0,0,10,4690.0,0.0,10,10,0,True
2026-07-22 12:05:00,VIC1,4134.64616,4155.1875,4765.0,10,0,0,10,4690.0,0.0,10,10,0,True
2026-07-22 12:10:00,VIC1,3958.375,4126.9375,4765.0,10,0,0,10,4690.0,0.0,10,10,0,True
2026-07-22 12:15:00,VIC1,4041.90178,4037.90625,4765.0,10,0,0,10,4690.0,0.0,10,10,0,True
2026-07-22 12:20:00,VIC1,4166.34375,4084.65625,4765.0,10,0,0,10,4690.0,0.0,10,10,0,True
2026-07-22 12:25:00,VIC1,4220.59375,4178.03125,4765.0,10,0,0,10,4690.0,0.0,10,10,0,True
2026-07-22 12:30:00,VIC1,4073.78125,4220.8125,4765.0,10,0,0,10,4690.0,0.0,10,10,0,True
2026-07-22 12:35:00,VIC1,4090.41044,4087.125,4765.0,10,0,0,10,4690.0,0.0,10,10,0,True
2026-07-22 12:40:00,VIC1,4048.22942,4080.40625,4765.0,10,0,0,10,4690.0,0.0,10,10,0,True
2026-07-22 12:45:00,VIC1,3954.0,4021.5,4765.0,10,0,0,10,4690.0,0.0,10,10,0,True
2026-07-22 12:50:00,VIC1,3892.0,4017.40625,4765.0,10,0,0,10,4690.0,0.0,10,10,0,True
2026-07-22 12:55:00,VIC1,3842.0,3935.71875,4765.0,10,0,0,10,4690.0,0.0,10,10,0,True
2026-07-22 13:00:00,VIC1,3783.0,3833.625,4765.0,10,0,0,10,4690.0,0.0,10,10,0,True
2026-07-22 13:05:00,VIC1,3721.0,3768.375,4765.0,10,0,0,10,4690.0,0.0,10,10,0,True
2026-07-22 13:10:00,VIC1,3574.0,3710.96875,4765.0,10,0,0,10,4690.0,0.0,10,10,0,True
2026-07-22 13:15:00,VIC1,3505.125,3589.6875,4765.0,10,0,0,10,4690.0,0.0,10,10,0,True
2026-07-22 13:20:00,VIC1,3429.0,3530.875,4765.0,10,0,0,10,4690.0,0.0,10,10,0,True
2026-07-22 13:25:00,VIC1,3374.0,3435.65625,4765.0,10,0,0,10,4690.0,0.0,10,10,0,True
2026-07-22 13:30:00,VIC1,3311.0,3375.46875,4765.0,10,0,0,10,4690.0,0.0,10,10,0,True
2026-07-22 13:35:00,VIC1,3249.0,3305.96875,4765.0,10,0,0,10,4690.0,0.0,10,10,0,True
2026-07-22 13:40:00,VIC1,3231.0,3302.21875,4765.0,10,0,0,10,4690.0,0.0,10,10,0,True
2026-07-22 13:45:00,VIC1,3201.0,3238.28125,4765.0,10,0,0,10,4690.0,0.0,10,10,0,True
2026-07-22 13:50:00,VIC1,3183.0,3212.4375,4765.0,10,0,0,10,4690.0,0.0,10,10,0,True
2026-07-22 13:55:00,VIC1,3168.0,3166.25,4765.0,10,0,0,10,4690.0,0.0,10,10,0,True
2026-07-22 14:00:00,VIC1,3157.0,3163.375,4765.0,10,0,0,10,4690.0,0.0,10,10,0,True
2026-07-23 14:10:00,VIC1,3176.0,3232.96875,4175.0,9,1,0,10,4130.0,560.0,10,10,0,True
2026-07-23 14:15:00,VIC1,3150.0,3178.03125,4175.0,9,1,0,10,4130.0,560.0,10,10,0,True
2026-07-23 14:20:00,VIC1,3124.0,3151.40625,4175.0,9,1,0,10,4130.0,560.0,10,10,0,True
2026-07-23 14:25:00,VIC1,3149.0,3124.0,4175.0,9,1,0,10,4130.0,560.0,10,10,0,True
2026-07-23 14:30:00,VIC1,3116.0,3127.71875,4175.0,9,1,0,10,4130.0,560.0,10,10,0,True
2026-07-23 14:35:00,VIC1,3110.0,3176.0625,4175.0,9,1,0,10,4130.0,560.0,10,10,0,True
2026-07-23 14:40:00,VIC1,3110.0,3147.21875,4175.0,9,1,0,10,4130.0,560.0,10,10,0,True
2026-07-23 14:45:00,VIC1,3110.0,3101.5,4175.0,9,1,0,10,4130.0,560.0,10,10,0,True
2026-07-23 14:50:00,VIC1,3110.0,3079.84375,4175.0,9,1,0,10,4130.0,560.0,10,10,0,True
2026-07-23 14:55:00,VIC1,3110.0,3098.84375,4175.0,9,1,0,10,4130.0,560.0,10,10,0,True
2026-07-23 15:00:00,VIC1,3110.0,3087.5625,4175.0,9,1,0,10,4130.0,560.0,10,10,0,True
2026-07-23 15:05:00,VIC1,3110.0,3101.46875,4175.0,9,1,0,10,4130.0,560.0,10,10,0,True
2026-07-23 15:10:00,VIC1,3110.0,3090.65625,4175.0,9,1,0,10,4130.0,560.0,10,10,0,True
2026-07-23 15:15:00,VIC1,3110.0,3124.5,4175.0,9,1,0,10,4130.0,560.0,10,10,0,True
2026-07-23 15:20:00,VIC1,3110.0,3183.6875,4175.0,9,1,0,10,4130.0,560.0,10,10,0,True
2026-07-23 15:25:00,VIC1,3132.32381,3122.8125,4175.0,9,1,0,10,4130.0,560.0,10,10,0,True
2026-07-23 15:30:00,VIC1,3110.0,3140.375,4175.0,9,1,0,10,4130.0,560.0,10,10,0,True
2026-07-23 15:35:00,VIC1,3173.0,3136.59375,4175.0,9,1,0,10,4130.0,560.0,10,10,0,True
2026-07-23 15:40:00,VIC1,3157.0,3186.59375,4175.0,9,1,0,10,4130.0,560.0,10,10,0,True
2026-07-23 15:45:00,VIC1,3190.0,3228.875,4175.0,9,1,0,10,4130.0,560.0,10,10,0,True
2026-07-23 15:50:00,VIC1,3220.0,3169.9375,4095.0,9,1,0,10,4130.0,560.0,10,10,0,True
2026-07-23 15:55:00,VIC1,3385.79625,3241.5625,4095.0,9,1,0,10,4130.0,560.0,10,10,0,True
2026-07-23 16:00:00,VIC1,3489.9375,3327.75,4095.0,9,1,0,10,4130.0,560.0,10,10,0,True
2026-07-23 16:05:00,VIC1,3432.47997,3445.875,4095.0,9,1,0,10,4130.0,560.0,10,10,0,True
2026-07-23 16:10:00,VIC1,3481.59375,3471.71875,4095.0,9,1,0,10,4130.0,560.0,10,10,0,True
2026-07-23 16:15:00,VIC1,3531.1875,3560.71875,4175.0,9,1,0,10,4130.0,560.0,10,10,0,True
2026-07-23 16:20:00,VIC1,3695.3125,3529.25,4175.0,9,1,0,10,4130.0,560.0,10,10,0,True
2026-07-23 16:25:00,VIC1,3731.71875,3635.75,4175.0,9,1,0,10,4130.0,560.0,10,10,0,True
2026-07-23 16:30:00,VIC1,3878.00551,3726.0,4175.0,9,1,0,10,4130.0,560.0,10,10,0,True
2026-07-23 16:35:00,VIC1,3968.34375,3873.4375,4325.0,9,1,0,10,4130.0,560.0,10,10,0,True
2026-07-23 16:40:00,VIC1,3952.5,3951.875,3765.0,9,1,0,10,4130.0,560.0,10,10,0,True
2026-07-23 16:45:00,VIC1,3936.0625,3906.65625,3765.0,9,1,0,10,4130.0,560.0,10,10,0,True
2026-07-23 16:50:00,VIC1,3970.75,3951.40625,3765.0,10,0,0,10,4690.0,0.0,10,10,0,True
2026-07-23 16:55:00,VIC1,4031.0,3960.3125,4325.0,10,0,0,10,4690.0,0.0,10,10,0,True
2026-07-23 17:00:00,VIC1,4085.125,4004.9375,4325.0,10,0,0,10,4690.0,0.0,10,10,0,True
2026-07-23 17:05:00,VIC1,4134.0,4059.84375,4525.0,10,0,0,10,4690.0,0.0,10,10,0,True
2026-07-23 17:10:00,VIC1,4175.0,4095.96875,4525.0,10,0,0,10,4690.0,0.0,10,10,0,True
2026-07-23 17:15:00,VIC1,4222.0,4162.0625,4525.0,10,0,0,10,4690.0,0.0,10,10,0,True
2026-07-23 17:20:00,VIC1,4264.0,4202.71875,4525.0,10,0,0,10,4690.0,0.0,10,10,0,True
2026-07-23 17:25:00,VIC1,4306.0,4237.15625,4525.0,10,0,0,10,4690.0,0.0,10,10,0,True
2026-07-23 17:30:00,VIC1,4355.0,4299.0625,4525.0,10,0,0,10,4690.0,0.0,10,10,0,True
2026-07-23 17:35:00,VIC1,4406.0,4357.5,4625.0,10,0,0,10,4690.0,0.0,10,10,0,True
2026-07-23 17:40:00,VIC1,4446.0,4388.65625,4625.0,10,0,0,10,4690.0,0.0,10,10,0,True
2026-07-23 17:45:00,VIC1,4505.0,4458.84375,4625.0,10,0,0,10,4690.0,0.0,10,10,0,True
2026-07-23 17:50:00,VIC1,4517.0,4462.5,4625.0,10,0,0,10,4690.0,0.0,10,10,0,True
2026-07-23 17:55:00,VIC1,4536.0,4515.96875,4625.0,10,0,0,10,4690.0,0.0,10,10,0,True
2026-07-23 18:00:00,VIC1,4540.0,4500.53125,4625.0,10,0,0,10,4690.0,0.0,10,10,0,True
2026-07-23 18:05:00,VIC1,4541.0,4509.4375,4735.0,10,0,0,10,4690.0,0.0,10,10,0,True
2026-07-23 18:10:00,VIC1,4515.0,4495.28125,4525.0,10,0,0,10,4690.0,0.0,10,10,0,True
2026-07-28 09:10:00,VIC1,4360.27078,4355.15625,4624.0,10,0,0,10,4690.0,0.0,10,10,0,True
2026-07-28 09:15:00,VIC1,4202.4375,4325.375,4624.0,10,0,0,10,4690.0,0.0,10,10,0,True
2026-07-28 09:20:00,VIC1,4299.0,4210.25,4594.0,10,0,0,10,4690.0,0.0,10,10,0,True
2026-07-28 09:25:00,VIC1,4254.0,4283.84375,4594.0,10,0,0,10,4690.0,0.0,10,10,0,True
2026-07-28 09:30:00,VIC1,4269.0,4245.71875,4594.0,10,0,0,10,4690.0,0.0,10,10,0,True
2026-07-28 09:35:00,VIC1,4171.0,4258.25,4594.0,10,0,0,10,4690.0,0.0,10,10,0,True
2026-07-28 09:40:00,VIC1,4106.0,4202.0,4594.0,10,0,0,10,4690.0,0.0,10,10,0,True
2026-07-28 09:45:00,VIC1,4001.0,4084.21875,4594.0,10,0,0,10,4690.0,0.0,10,10,0,True
2026-07-28 09:50:00,VIC1,3944.0,4051.40625,4594.0,10,0,0,10,4690.0,0.0,10,10,0,True
2026-07-28 09:55:00,VIC1,3888.0,3986.46875,4594.0,10,0,0,10,4690.0,0.0,10,10,0,True
2026-07-28 10:00:00,VIC1,3785.0,3858.78125,4594.0,10,0,0,10,4690.0,0.0,10,10,0,True
2026-07-28 10:05:00,VIC1,3710.0,3801.0,4594.0,10,0,0,10,4690.0,0.0,10,10,0,True
2026-07-28 10:10:00,VIC1,3689.0,3787.71875,4484.0,10,0,0,10,4690.0,0.0,10,10,0,True
2026-07-28 10:15:00,VIC1,3638.0,3689.625,4484.0,10,0,0,10,4690.0,0.0,10,10,0,True
2026-07-28 10:20:00,VIC1,3633.0,3638.53125,4484.0,10,0,0,10,4690.0,0.0,10,10,0,True
2026-07-28 10:25:00,VIC1,3625.0,3644.5,4484.0,10,0,0,10,4690.0,0.0,10,10,0,True
2026-07-28 10:30:00,VIC1,3640.0,3648.09375,4484.0,10,0,0,10,4690.0,0.0,10,10,0,True
2026-07-28 10:35:00,VIC1,3552.8125,3645.625,4484.0,10,0,0,10,4690.0,0.0,10,10,0,True
2026-07-28 10:40:00,VIC1,3467.53125,3575.5625,4484.0,10,0,0,10,4690.0,0.0,10,10,0,True
2026-07-28 10:45:00,VIC1,3369.34375,3434.9375,4484.0,10,0,0,10,4690.0,0.0,10,10,0,True
2026-07-28 10:50:00,VIC1,3330.0,3355.875,4474.0,10,0,0,10,4690.0,0.0,10,10,0,True
2026-07-28 10:55:00,VIC1,3313.77662,3353.1875,4474.0,10,0,0,10,4690.0,0.0,10,10,0,True
2026-07-28 11:00:00,VIC1,3257.0818600000002,3317.59375,4474.0,10,0,0,10,4690.0,0.0,10,10,0,True
2026-07-28 11:05:00,VIC1,3194.0,3248.90625,4584.0,10,0,0,10,4690.0,0.0,10,10,0,True
2026-07-28 11:10:00,VIC1,3144.0,3224.8125,4584.0,10,0,0,10,4690.0,0.0,10,10,0,True
2026-07-28 11:15:00,VIC1,3131.0,3150.59375,4584.0,10,0,0,10,4690.0,0.0,10,10,0,True
2026-07-28 11:20:00,VIC1,3115.0,3137.375,4584.0,10,0,0,10,4690.0,0.0,10,10,0,True
2026-07-28 11:25:00,VIC1,3099.0,3093.75,4584.0,10,0,0,10,4690.0,0.0,10,10,0,True
2026-07-28 11:30:00,VIC1,3088.0,3093.25,4584.0,10,0,0,10,4690.0,0.0,10,10,0,True
2026-07-28 11:35:00,VIC1,3071.0,3071.21875,4584.0,10,0,0,10,4690.0,0.0,10,10,0,True
2026-07-28 11:40:00,VIC1,3066.0,3112.84375,4584.0,10,0,0,10,4690.0,0.0,10,10,0,True
2026-07-28 11:45:00,VIC1,3051.0,3061.9375,4584.0,10,0,0,10,4690.0,0.0,10,10,0,True
2026-07-28 11:50:00,VIC1,3050.0,3028.28125,4584.0,10,0,0,10,4690.0,0.0,10,10,0,True
2026-07-28 11:55:00,VIC1,3050.0,3034.75,4584.0,10,0,0,10,4690.0,0.0,10,10,0,True
2026-07-28 12:00:00,VIC1,3050.0,3046.5625,4584.0,10,0,0,10,4690.0,0.0,10,10,0,True
2026-07-28 12:05:00,VIC1,3050.0,3036.59375,4584.0,10,0,0,10,4690.0,0.0,10,10,0,True
2026-07-28 12:10:00,VIC1,3050.0,3051.09375,4584.0,10,0,0,10,4690.0,0.0,10,10,0,True
2026-07-28 12:15:00,VIC1,3050.0,3047.0625,4584.0,10,0,0,10,4690.0,0.0,10,10,0,True
2026-07-28 12:20:00,VIC1,3050.0,3044.96875,4584.0,10,0,0,10,4690.0,0.0,10,10,0,True
2026-07-28 12:25:00,VIC1,3050.0,3044.5,4584.0,10,0,0,10,4690.0,0.0,10,10,0,True
2026-07-28 12:30:00,VIC1,3050.0,3035.1875,4584.0,10,0,0,10,4690.0,0.0,10,10,0,True
2026-07-28 12:35:00,VIC1,3050.0,3034.90625,4584.0,10,0,0,10,4690.0,0.0,10,10,0,True
2026-07-28 12:40:00,VIC1,3050.0,3019.5625,4584.0,10,0,0,10,4690.0,0.0,10,10,0,True
2026-07-28 12:45:00,VIC1,3050.0,3027.84375,4694.0,10,0,0,10,4690.0,0.0,10,10,0,True
2026-07-28 12:50:00,VIC1,3050.0,3076.59375,4694.0,10,0,0,10,4690.0,0.0,10,10,0,True
2026-07-28 12:55:00,VIC1,3050.0,3072.6875,4694.0,10,0,0,10,4690.0,0.0,10,10,0,True
2026-07-28 13:00:00,VIC1,3050.0,3067.28125,4694.0,10,0,0,10,4690.0,0.0,10,10,0,True
2026-07-28 13:05:00,VIC1,3050.0,3032.53125,4694.0,10,0,0,10,4690.0,0.0,10,10,0,True
2026-07-28 13:10:00,VIC1,3050.0,3042.375,4694.0,10,0,0,10,4690.0,0.0,10,10,0,True
2026-08-02 07:00:00,VIC1,3250.0,3261.75,4796.0,10,0,0,10,4690.0,0.0,10,10,0,True
2026-08-02 07:05:00,VIC1,3250.0,3257.21875,4796.0,10,0,0,10,4690.0,0.0,10,10,0,True
2026-08-02 07:10:00,VIC1,3250.0,3270.40625,4796.0,10,0,0,10,4690.0,0.0,10,10,0,True
2026-08-02 07:15:00,VIC1,3250.0,3242.34375,4796.0,10,0,0,10,4690.0,0.0,10,10,0,True
2026-08-02 07:20:00,VIC1,3250.0,3253.59375,4796.0,10,0,0,10,4690.0,0.0,10,10,0,True
2026-08-02 07:25:00,VIC1,3250.0,3292.59375,4796.0,10,0,0,10,4690.0,0.0,10,10,0,True
2026-08-02 07:30:00,VIC1,3269.35044,3248.5625,4796.0,10,0,0,10,4690.0,0.0,10,10,0,True
2026-08-02 07:35:00,VIC1,3317.34724,3250.9375,4626.0,10,0,0,10,4690.0,0.0,10,10,0,True
2026-08-02 07:40:00,VIC1,3351.0,3302.25,4626.0,10,0,0,10,4690.0,0.0,10,10,0,True
2026-08-02 07:45:00,VIC1,3462.90625,3340.9375,4626.0,10,0,0,10,4690.0,0.0,10,10,0,True
2026-08-02 07:50:00,VIC1,3426.83052,3428.5,4626.0,10,0,0,10,4690.0,0.0,10,10,0,True
2026-08-02 07:55:00,VIC1,3380.0,3426.125,4626.0,10,0,0,10,4690.0,0.0,10,10,0,True
2026-08-02 08:00:00,VIC1,3380.0,3365.46875,4626.0,10,0,0,10,4690.0,0.0,10,10,0,True
2026-08-02 08:05:00,VIC1,3380.0,3448.28125,4626.0,10,0,0,10,4690.0,0.0,10,10,0,True
2026-08-02 08:10:00,VIC1,3338.34375,3420.5625,4626.0,10,0,0,10,4690.0,0.0,10,10,0,True
2026-08-02 08:15:00,VIC1,3379.61608,3392.875,4626.0,10,0,0,10,4690.0,0.0,10,10,0,True
2026-08-02 08:20:00,VIC1,3301.4375,3381.625,4626.0,10,0,0,10,4690.0,0.0,10,10,0,True
2026-08-02 08:25:00,VIC1,3300.0,3302.3125,4626.0,10,0,0,10,4690.0,0.0,10,10,0,True
2026-08-02 08:30:00,VIC1,3300.0,3331.65625,4626.0,10,0,0,10,4690.0,0.0,10,10,0,True
2026-08-02 08:35:00,VIC1,3244.20537,3317.1875,4656.0,10,0,0,10,4690.0,0.0,10,10,0,True
2026-08-02 08:40:00,VIC1,3222.0,3251.3125,4656.0,10,0,0,10,4690.0,0.0,10,10,0,True
2026-08-02 08:45:00,VIC1,3225.0,3272.6875,4656.0,10,0,0,10,4690.0,0.0,10,10,0,True
2026-08-02 08:50:00,VIC1,3220.0,3215.0,4656.0,10,0,0,10,4690.0,0.0,10,10,0,True
2026-08-02 08:55:00,VIC1,3220.0,3241.375,4656.0,10,0,0,10,4690.0,0.0,10,10,0,True
2026-08-02 09:00:00,VIC1,3220.0,3207.15625,4656.0,10,0,0,10,4690.0,0.0,10,10,0,True
2026-08-02 09:05:00,VIC1,3220.0,3226.21875,4656.0,10,0,0,10,4690.0,0.0,10,10,0,True
2026-08-02 09:10:00,VIC1,3220.0,3233.4375,4656.0,10,0,0,10,4690.0,0.0,10,10,0,True
2026-08-02 09:15:00,VIC1,3209.36656,3225.375,4656.0,10,0,0,10,4690.0,0.0,10,10,0,True
2026-08-02 09:20:00,VIC1,3220.0,3182.625,4656.0,10,0,0,10,4690.0,0.0,10,10,0,True
2026-08-02 09:25:00,VIC1,3220.0,3271.3125,4656.0,10,0,0,10,4690.0,0.0,10,10,0,True
2026-08-02 09:30:00,VIC1,3212.35518,3215.40625,4656.0,10,0,0,10,4690.0,0.0,10,10,0,True
2026-08-02 09:35:00,VIC1,3204.0,3210.4375,4796.0,10,0,0,10,4690.0,0.0,10,10,0,True
2026-08-02 09:40:00,VIC1,3188.0,3190.03125,4796.0,10,0,0,10,4690.0,0.0,10,10,0,True
2026-08-02 09:45:00,VIC1,3174.0,3176.6875,4796.0,10,0,0,10,4690.0,0.0,10,10,0,True
2026-08-02 09:50:00,VIC1,3170.0,3168.84375,4796.0,10,0,0,10,4690.0,0.0,10,10,0,True
2026-08-02 09:55:00,VIC1,3170.0,3186.1875,4796.0,10,0,0,10,4690.0,0.0,10,10,0,True
2026-08-02 10:00:00,VIC1,3170.0,3140.15625,4796.0,10,0,0,10,4690.0,0.0,10,10,0,True
2026-08-02 10:05:00,VIC1,3170.0,3138.34375,4796.0,10,0,0,10,4690.0,0.0,10,10,0,True
2026-08-02 10:10:00,VIC1,3170.0,3222.09375,4796.0,10,0,0,10,4690.0,0.0,10,10,0,True
2026-08-02 10:15:00,VIC1,3170.0,3129.25,4796.0,10,0,0,10,4690.0,0.0,10,10,0,True
2026-08-02 10:20:00,VIC1,3170.0,3187.78125,4796.0,10,0,0,10,4690.0,0.0,10,10,0,True
2026-08-02 10:25:00,VIC1,3170.0,3198.0625,4796.0,10,0,0,10,4690.0,0.0,10,10,0,True
2026-08-02 10:30:00,VIC1,3170.0,3146.53125,4796.0,10,0,0,10,4690.0,0.0,10,10,0,True
2026-08-02 10:35:00,VIC1,3191.0,3150.1875,4626.0,10,0,0,10,4690.0,0.0,10,10,0,True
2026-08-02 10:40:00,VIC1,3207.0,3159.9375,4626.0,10,0,0,10,4690.0,0.0,10,10,0,True
2026-08-02 10:45:00,VIC1,3220.0,3198.375,4626.0,10,0,0,10,4690.0,0.0,10,10,0,True
2026-08-02 10:50:00,VIC1,3220.0,3185.5625,4626.0,10,0,0,10,4690.0,0.0,10,10,0,True
2026-08-02 10:55:00,VIC1,3220.0,3179.28125,4626.0,10,0,0,10,4690.0,0.0,10,10,0,True
2026-08-02 11:00:00,VIC1,3140.0,3201.46875,4626.0,10,0,0,10,4690.0,0.0,10,10,0,True
2026-08-03 07:00:00,VIC1,4165.90856,4133.75,4776.0,10,0,0,10,4690.0,0.0,10,10,0,True
2026-08-03 07:05:00,VIC1,4149.23216,4165.40625,4776.0,10,0,0,10,4690.0,0.0,10,10,0,True
2026-08-03 07:10:00,VIC1,4212.19978,4140.1875,4776.0,10,0,0,10,4690.0,0.0,10,10,0,True
2026-08-03 07:15:00,VIC1,4311.0,4205.09375,4776.0,10,0,0,10,4690.0,0.0,10,10,0,True
2026-08-03 07:20:00,VIC1,4372.0,4298.0625,4776.0,10,0,0,10,4690.0,0.0,10,10,0,True
2026-08-03 07:25:00,VIC1,4384.0,4303.375,4776.0,10,0,0,10,4690.0,0.0,10,10,0,True
2026-08-03 07:30:00,VIC1,4416.0,4340.3125,4776.0,10,0,0,10,4690.0,0.0,10,10,0,True
2026-08-03 07:35:00,VIC1,4444.0,4393.5625,4776.0,10,0,0,10,4690.0,0.0,10,10,0,True
2026-08-03 07:40:00,VIC1,4455.0,4421.375,4776.0,10,0,0,10,4690.0,0.0,10,10,0,True
2026-08-03 07:45:00,VIC1,4491.0,4470.90625,4776.0,10,0,0,10,4690.0,0.0,10,10,0,True
2026-08-03 07:50:00,VIC1,4513.0,4478.15625,4776.0,10,0,0,10,4690.0,0.0,10,10,0,True
2026-08-03 07:55:00,VIC1,4539.0,4513.96875,4776.0,10,0,0,10,4690.0,0.0,10,10,0,True
2026-08-03 08:00:00,VIC1,4548.35655,4514.125,4776.0,10,0,0,10,4690.0,0.0,10,10,0,True
2026-08-03 08:05:00,VIC1,4530.59184,4549.5,4776.0,10,0,0,10,4690.0,0.0,10,10,0,True
2026-08-03 08:10:00,VIC1,4585.61615,4524.34375,4776.0,10,0,0,10,4690.0,0.0,10,10,0,True
2026-08-03 08:15:00,VIC1,4409.59375,4571.71875,4776.0,10,0,0,10,4690.0,0.0,10,10,0,True
2026-08-03 08:20:00,VIC1,4303.9696,4423.21875,4776.0,10,0,0,10,4690.0,0.0,10,10,0,True
2026-08-03 08:25:00,VIC1,4159.1637200000005,4310.875,4776.0,10,0,0,10,4690.0,0.0,10,10,0,True
2026-08-03 08:30:00,VIC1,4032.67224,4161.21875,4776.0,10,0,0,10,4690.0,0.0,10,10,0,True
2026-08-03 08:35:00,VIC1,4014.0692,4033.40625,4776.0,10,0,0,10,4690.0,0.0,10,10,0,True
2026-08-03 08:40:00,VIC1,3876.05561,4040.96875,4776.0,10,0,0,10,4690.0,0.0,10,10,0,True
2026-08-03 08:45:00,VIC1,3812.0,3897.40625,4776.0,10,0,0,10,4690.0,0.0,10,10,0,True
2026-08-03 08:50:00,VIC1,3722.0,3805.53125,4776.0,10,0,0,10,4690.0,0.0,10,10,0,True
2026-08-03 08:55:00,VIC1,3667.0,3762.4375,4776.0,10,0,0,10,4690.0,0.0,10,10,0,True
2026-08-03 09:00:00,VIC1,3576.0,3690.8125,4746.0,10,0,0,10,4690.0,0.0,10,10,0,True
2026-08-03 09:05:00,VIC1,3502.0,3593.6875,4746.0,10,0,0,10,4690.0,0.0,10,10,0,True
2026-08-03 09:10:00,VIC1,3476.35678,3493.59375,4746.0,10,0,0,10,4690.0,0.0,10,10,0,True
2026-08-03 09:15:00,VIC1,3459.0,3472.15625,4746.0,10,0,0,10,4690.0,0.0,10,10,0,True
2026-08-03 09:20:00,VIC1,3434.0,3446.53125,4736.0,10,0,0,10,4690.0,0.0,10,10,0,True
2026-08-03 09:25:00,VIC1,3418.0,3417.4375,4736.0,10,0,0,10,4690.0,0.0,10,10,0,True
2026-08-03 09:30:00,VIC1,3399.0,3388.625,4736.0,10,0,0,10,4690.0,0.0,10,10,0,True
2026-08-03 09:35:00,VIC1,3271.59375,3407.65625,4736.0,10,0,0,10,4690.0,0.0,10,10,0,True
2026-08-03 09:40:00,VIC1,3190.625,3316.375,4736.0,10,0,0,10,4690.0,0.0,10,10,0,True
2026-08-03 09:45:00,VIC1,3153.0,3168.46875,4736.0,10,0,0,10,4690.0,0.0,10,10,0,True
2026-08-03 09:50:00,VIC1,3165.0,3165.53125,4736.0,10,0,0,10,4690.0,0.0,10,10,0,True
2026-08-03 09:55:00,VIC1,3175.0,3191.78125,4736.0,10,0,0,10,4690.0,0.0,10,10,0,True
2026-08-03 10:00:00,VIC1,3175.0,3158.3125,4736.0,10,0,0,10,4690.0,0.0,10,10,0,True
2026-08-03 10:05:00,VIC1,3175.0,3116.59375,4736.0,10,0,0,10,4690.0,0.0,10,10,0,True
2026-08-03 10:10:00,VIC1,3175.0,3193.71875,4736.0,10,0,0,10,4690.0,0.0,10,10,0,True
2026-08-03 10:15:00,VIC1,3175.0,3156.875,4736.0,10,0,0,10,4690.0,0.0,10,10,0,True
2026-08-03 10:20:00,VIC1,3175.0,3167.5625,4736.0,10,0,0,10,4690.0,0.0,10,10,0,True
2026-08-03 10:25:00,VIC1,3175.0,3166.78125,4736.0,10,0,0,10,4690.0,0.0,10,10,0,True
2026-08-03 10:30:00,VIC1,3175.0,3152.5,4736.0,10,0,0,10,4690.0,0.0,10,10,0,True
2026-08-03 10:35:00,VIC1,3175.0,3136.4375,4736.0,10,0,0,10,4690.0,0.0,10,10,0,True
2026-08-03 10:40:00,VIC1,3175.0,3172.125,4736.0,10,0,0,10,4690.0,0.0,10,10,0,True
2026-08-03 10:45:00,VIC1,3154.0,3158.9375,4736.0,10,0,0,10,4690.0,0.0,10,10,0,True
2026-08-03 10:50:00,VIC1,3145.0,3157.25,4736.0,10,0,0,10,4690.0,0.0,10,10,0,True
2026-08-03 10:55:00,VIC1,3136.0,3182.125,4736.0,10,0,0,10,4690.0,0.0,10,10,0,True
2026-08-03 11:00:00,VIC1,3117.0,3119.9375,4736.0,10,0,0,10,4690.0,0.0,10,10,0,True
2026-08-17 09:05:00,VIC1,4625.0,4606.4375,4656.0,10,0,0,10,4690.0,0.0,10,10,0,True
2026-08-17 09:10:00,VIC1,4625.0,4663.71875,4656.0,10,0,0,10,4690.0,0.0,10,10,0,True
2026-08-17 09:15:00,VIC1,4625.0,4605.96875,4656.0,10,0,0,10,4690.0,0.0,10,10,0,True
2026-08-17 09:20:00,VIC1,4625.0,4607.46875,4656.0,10,0,0,10,4690.0,0.0,10,10,0,True
2026-08-17 09:25:00,VIC1,4625.0,4610.625,4656.0,10,0,0,10,4690.0,0.0,10,10,0,True
2026-08-17 09:30:00,VIC1,4633.0,4643.125,4666.0,10,0,0,10,4690.0,0.0,10,10,0,True
2026-08-17 09:35:00,VIC1,4633.0,4618.65625,4666.0,10,0,0,10,4690.0,0.0,10,10,0,True
2026-08-17 09:40:00,VIC1,4633.0,4627.40625,4666.0,10,0,0,10,4690.0,0.0,10,10,0,True
2026-08-17 09:45:00,VIC1,4633.0,4640.21875,4666.0,10,0,0,10,4690.0,0.0,10,10,0,True
2026-08-17 09:50:00,VIC1,4635.0,4659.8125,4666.0,10,0,0,10,4690.0,0.0,10,10,0,True
2026-08-17 09:55:00,VIC1,4633.0,4612.03125,4666.0,10,0,0,10,4690.0,0.0,10,10,0,True
2026-08-17 10:00:00,VIC1,4633.0,4622.65625,4666.0,10,0,0,10,4690.0,0.0,10,10,0,True
2026-08-17 10:05:00,VIC1,4633.0,4650.15625,4666.0,10,0,0,10,4690.0,0.0,10,10,0,True
2026-08-17 10:10:00,VIC1,4633.0,4642.53125,4666.0,10,0,0,10,4690.0,0.0,10,10,0,True
2026-08-17 10:15:00,VIC1,4633.0,4618.78125,4666.0,10,0,0,10,4690.0,0.0,10,10,0,True
2026-08-17 10:20:00,VIC1,4633.0,4639.8125,4666.0,10,0,0,10,4690.0,0.0,10,10,0,True
2026-08-17 10:25:00,VIC1,4635.0,4672.84375,4666.0,10,0,0,10,4690.0,0.0,10,10,0,True
2026-08-17 10:30:00,VIC1,4635.0,4628.125,4666.0,10,0,0,10,4690.0,0.0,10,10,0,True
2026-08-17 10:35:00,VIC1,4606.21875,4618.34375,4666.0,10,0,0,10,4690.0,0.0,10,10,0,True
2026-08-17 10:40:00,VIC1,4591.59375,4631.84375,4666.0,10,0,0,10,4690.0,0.0,10,10,0,True
2026-08-17 10:45:00,VIC1,4481.30979,4615.15625,4676.0,10,0,0,10,4690.0,0.0,10,10,0,True
2026-08-17 10:50:00,VIC1,4439.24967,4496.59375,4676.0,10,0,0,10,4690.0,0.0,10,10,0,True
2026-08-17 10:55:00,VIC1,4443.70863,4456.34375,4676.0,10,0,0,10,4690.0,0.0,10,10,0,True
2026-08-17 11:00:00,VIC1,4244.09375,4443.3125,4676.0,10,0,0,10,4690.0,0.0,10,10,0,True
2026-08-17 11:05:00,VIC1,4296.41608,4284.4375,4676.0,10,0,0,10,4690.0,0.0,10,10,0,True
2026-08-17 11:10:00,VIC1,4451.34375,4354.71875,4676.0,10,0,0,10,4690.0,0.0,10,10,0,True
2026-08-17 11:15:00,VIC1,4500.6875,4393.875,4676.0,10,0,0,10,4690.0,0.0,10,10,0,True
2026-08-17 11:20:00,VIC1,4495.0,4487.0,4676.0,10,0,0,10,4690.0,0.0,10,10,0,True
2026-08-17 11:25:00,VIC1,4437.38908,4528.21875,4676.0,10,0,0,10,4690.0,0.0,10,10,0,True
2026-08-17 11:30:00,VIC1,4400.0,4408.78125,4676.0,10,0,0,10,4690.0,0.0,10,10,0,True
2026-08-17 11:35:00,VIC1,4475.0,4477.5625,4676.0,10,0,0,10,4690.0,0.0,10,10,0,True
2026-08-17 11:40:00,VIC1,4462.64418,4503.53125,4676.0,10,0,0,10,4690.0,0.0,10,10,0,True
2026-08-17 11:45:00,VIC1,4291.71875,4442.25,4676.0,10,0,0,10,4690.0,0.0,10,10,0,True
2026-08-17 11:50:00,VIC1,4322.12735,4292.1875,4676.0,10,0,0,10,4690.0,0.0,10,10,0,True
2026-08-17 11:55:00,VIC1,4475.0,4420.9375,4676.0,10,0,0,10,4690.0,0.0,10,10,0,True
2026-08-17 12:00:00,VIC1,4475.0,4440.40625,4676.0,10,0,0,10,4690.0,0.0,10,10,0,True
2026-08-17 12:05:00,VIC1,4424.0,4518.71875,4566.0,10,0,0,10,4690.0,0.0,10,10,0,True
2026-08-17 12:10:00,VIC1,4406.0,4476.71875,4566.0,10,0,0,10,4690.0,0.0,10,10,0,True
2026-08-17 12:15:00,VIC1,4376.0,4373.71875,4566.0,10,0,0,10,4690.0,0.0,10,10,0,True
2026-08-17 12:20:00,VIC1,4361.0,4390.5625,4566.0,10,0,0,10,4690.0,0.0,10,10,0,True
2026-08-17 12:25:00,VIC1,4307.45776,4381.90625,4576.0,10,0,0,10,4690.0,0.0,10,10,0,True
2026-08-17 12:30:00,VIC1,4343.0,4292.9375,4576.0,10,0,0,10,4690.0,0.0,10,10,0,True
2026-08-17 12:35:00,VIC1,4335.0,4315.90625,4576.0,10,0,0,10,4690.0,0.0,10,10,0,True
2026-08-17 12:40:00,VIC1,4283.73192,4316.78125,4576.0,10,0,0,10,4690.0,0.0,10,10,0,True
2026-08-17 12:45:00,VIC1,4315.0,4354.84375,4516.0,10,0,0,10,4690.0,0.0,10,10,0,True
2026-08-17 12:50:00,VIC1,4315.0,4296.40625,4546.0,10,0,0,10,4690.0,0.0,10,10,0,True
2026-08-17 12:55:00,VIC1,4345.0,4283.09375,4546.0,10,0,0,10,4690.0,0.0,10,10,0,True
2026-08-17 13:00:00,VIC1,4315.0,4333.65625,4546.0,10,0,0,10,4690.0,0.0,10,10,0,True
2026-08-17 13:05:00,VIC1,4335.0,4330.40625,4546.0,10,0,0,10,4690.0,0.0,10,10,0,True
2026-08-18 14:55:00,VIC1,2876.0,2839.15625,4604.0,10,0,0,10,4690.0,0.0,10,10,0,True
2026-08-18 15:00:00,VIC1,2860.0,2897.28125,4604.0,10,0,0,10,4690.0,0.0,10,10,0,True
2026-08-18 15:05:00,VIC1,2860.0,2890.84375,4604.0,10,0,0,10,4690.0,0.0,10,10,0,True
2026-08-18 15:10:00,VIC1,2860.0,2852.0,4604.0,10,0,0,10,4690.0,0.0,10,10,0,True
2026-08-18 15:15:00,VIC1,2860.0,2835.09375,4604.0,10,0,0,10,4690.0,0.0,10,10,0,True
2026-08-18 15:20:00,VIC1,2860.0,2858.71875,4604.0,10,0,0,10,4690.0,0.0,10,10,0,True
2026-08-18 15:25:00,VIC1,2860.0,2900.875,4604.0,10,0,0,10,4690.0,0.0,10,10,0,True
2026-08-18 15:30:00,VIC1,2860.0,2868.28125,4604.0,10,0,0,10,4690.0,0.0,10,10,0,True
2026-08-18 15:35:00,VIC1,2908.15625,2848.03125,4604.0,10,0,0,10,4690.0,0.0,10,10,0,True
2026-08-18 15:40:00,VIC1,2930.0,2881.21875,4604.0,10,0,0,10,4690.0,0.0,10,10,0,True
2026-08-18 15:45:00,VIC1,2930.0,2929.65625,4604.0,10,0,0,10,4690.0,0.0,10,10,0,True
2026-08-18 15:50:00,VIC1,2970.0,2911.3125,4604.0,10,0,0,10,4690.0,0.0,10,10,0,True
2026-08-18 15:55:00,VIC1,3086.65625,2977.0625,4604.0,10,0,0,10,4690.0,0.0,10,10,0,True
2026-08-18 16:00:00,VIC1,3220.46875,3047.875,4604.0,10,0,0,10,4690.0,0.0,10,10,0,True
2026-08-18 16:05:00,VIC1,3232.40994,3178.6875,4604.0,10,0,0,10,4690.0,0.0,10,10,0,True
2026-08-18 16:10:00,VIC1,3400.28125,3223.34375,4604.0,10,0,0,10,4690.0,0.0,10,10,0,True
2026-08-18 16:15:00,VIC1,3551.125,3349.46875,4604.0,10,0,0,10,4690.0,0.0,10,10,0,True
2026-08-18 16:20:00,VIC1,3717.875,3520.53125,4604.0,10,0,0,10,4690.0,0.0,10,10,0,True
2026-08-18 16:25:00,VIC1,3546.60412,3681.8125,4604.0,10,0,0,10,4690.0,0.0,10,10,0,True
2026-08-18 16:30:00,VIC1,3602.0,3621.75,4724.0,10,0,0,10,4690.0,0.0,10,10,0,True
2026-08-18 16:35:00,VIC1,3695.33774,3644.8125,4724.0,10,0,0,10,4690.0,0.0,10,10,0,True
2026-08-18 16:40:00,VIC1,3901.75,3701.78125,4724.0,10,0,0,10,4690.0,0.0,10,10,0,True
2026-08-18 16:45:00,VIC1,4036.0,3874.3125,4724.0,10,0,0,10,4690.0,0.0,10,10,0,True
2026-08-18 16:50:00,VIC1,4128.0,4001.65625,4724.0,10,0,0,10,4690.0,0.0,10,10,0,True
2026-08-18 16:55:00,VIC1,4203.0,4123.21875,4724.0,10,0,0,10,4690.0,0.0,10,10,0,True
2026-08-18 17:00:00,VIC1,4279.0,4211.96875,4724.0,10,0,0,10,4690.0,0.0,10,10,0,True
2026-08-18 17:05:00,VIC1,4338.0,4268.21875,4724.0,10,0,0,10,4690.0,0.0,10,10,0,True
2026-08-18 17:10:00,VIC1,4384.0,4289.78125,4724.0,10,0,0,10,4690.0,0.0,10,10,0,True
2026-08-18 17:15:00,VIC1,4413.23133,4360.9375,4718.0,10,0,0,10,4690.0,0.0,10,10,0,True
2026-08-18 17:20:00,VIC1,4427.0,4388.96875,4718.0,10,0,0,10,4690.0,0.0,10,10,0,True
2026-08-18 17:25:00,VIC1,4402.60039,4409.84375,4758.0,10,0,0,10,4690.0,0.0,10,10,0,True
2026-08-18 17:30:00,VIC1,4442.0,4379.65625,4758.0,10,0,0,10,4690.0,0.0,10,10,0,True
2026-08-18 17:35:00,VIC1,4362.60632,4410.90625,4758.0,10,0,0,10,4690.0,0.0,10,10,0,True
2026-08-18 17:40:00,VIC1,4322.0,4343.4375,4758.0,10,0,0,10,4690.0,0.0,10,10,0,True
2026-08-18 17:45:00,VIC1,4322.0,4303.3125,4758.0,10,0,0,10,4690.0,0.0,10,10,0,True
2026-08-18 17:50:00,VIC1,4322.0,4331.59375,4758.0,10,0,0,10,4690.0,0.0,10,10,0,True
2026-08-18 17:55:00,VIC1,4322.0,4296.71875,4758.0,10,0,0,10,4690.0,0.0,10,10,0,True
2026-08-18 18:00:00,VIC1,4325.94902,4294.4375,4758.0,10,0,0,10,4690.0,0.0,10,10,0,True
2026-08-18 18:05:00,VIC1,4381.0,4291.40625,4758.0,10,0,0,10,4690.0,0.0,10,10,0,True
2026-08-18 18:10:00,VIC1,4408.57833,4350.65625,4758.0,10,0,0,10,4690.0,0.0,10,10,0,True
2026-08-18 18:15:00,VIC1,4377.49138,4402.96875,4758.0,10,0,0,10,4690.0,0.0,10,10,0,True
2026-08-18 18:20:00,VIC1,4427.0,4349.4375,4758.0,10,0,0,10,4690.0,0.0,10,10,0,True
2026-08-18 18:25:00,VIC1,4285.99446,4401.9375,4758.0,10,0,0,10,4690.0,0.0,10,10,0,True
2026-08-18 18:30:00,VIC1,4427.0,4278.28125,4758.0,10,0,0,10,4690.0,0.0,10,10,0,True
2026-08-18 18:35:00,VIC1,4427.0,4401.1875,4758.0,10,0,0,10,4690.0,0.0,10,10,0,True
2026-08-18 18:40:00,VIC1,4348.13568,4399.75,4758.0,10,0,0,10,4690.0,0.0,10,10,0,True
2026-08-18 18:45:00,VIC1,4240.19501,4330.84375,4758.0,10,0,0,10,4690.0,0.0,10,10,0,True
2026-08-18 18:50:00,VIC1,4301.6573,4276.21875,4758.0,10,0,0,10,4690.0,0.0,10,10,0,True
2026-08-18 18:55:00,VIC1,4318.82276,4290.6875,4758.0,10,0,0,10,4690.0,0.0,10,10,0,True
2026-08-21 09:00:00,VIC1,4609.0,4566.78125,4774.0,10,0,0,10,4690.0,0.0,10,10,0,True
2026-08-21 09:05:00,VIC1,4609.0,4583.78125,4774.0,10,0,0,10,4690.0,0.0,10,10,0,True
2026-08-21 09:10:00,VIC1,4609.0,4615.75,4774.0,10,0,0,10,4690.0,0.0,10,10,0,True
2026-08-21 09:15:00,VIC1,4609.0,4584.0,4774.0,10,0,0,10,4690.0,0.0,10,10,0,True
2026-08-21 09:20:00,VIC1,4609.0,4583.34375,4774.0,10,0,0,10,4690.0,0.0,10,10,0,True
2026-08-21 09:25:00,VIC1,4609.0,4606.1875,4774.0,10,0,0,10,4690.0,0.0,10,10,0,True
2026-08-21 09:30:00,VIC1,4589.0,4570.03125,4754.0,10,0,0,10,4690.0,0.0,10,10,0,True
2026-08-21 09:35:00,VIC1,4559.0,4589.25,4754.0,10,0,0,10,4690.0,0.0,10,10,0,True
2026-08-21 09:40:00,VIC1,4559.0,4561.75,4754.0,10,0,0,10,4690.0,0.0,10,10,0,True
2026-08-21 09:45:00,VIC1,4559.0,4554.625,4754.0,10,0,0,10,4690.0,0.0,10,10,0,True
2026-08-21 09:50:00,VIC1,4559.0,4547.53125,4754.0,10,0,0,10,4690.0,0.0,10,10,0,True
2026-08-21 09:55:00,VIC1,4564.0,4578.34375,4774.0,10,0,0,10,4690.0,0.0,10,10,0,True
2026-08-21 10:00:00,VIC1,4564.0,4595.625,4774.0,10,0,0,10,4690.0,0.0,10,10,0,True
2026-08-21 10:05:00,VIC1,4534.0,4575.1875,4774.0,10,0,0,10,4690.0,0.0,10,10,0,True
2026-08-21 10:10:00,VIC1,4472.0,4550.59375,4774.0,10,0,0,10,4690.0,0.0,10,10,0,True
2026-08-21 10:15:00,VIC1,4388.0,4437.5625,4774.0,10,0,0,10,4690.0,0.0,10,10,0,True
2026-08-21 10:20:00,VIC1,4484.0,4408.5625,4774.0,10,0,0,10,4690.0,0.0,10,10,0,True
2026-08-21 10:25:00,VIC1,4534.0,4485.9375,4774.0,10,0,0,10,4690.0,0.0,10,10,0,True
2026-08-21 10:30:00,VIC1,4447.0,4508.5,4774.0,10,0,0,10,4690.0,0.0,10,10,0,True
2026-08-21 10:35:00,VIC1,4359.0,4451.625,4774.0,10,0,0,10,4690.0,0.0,10,10,0,True
2026-08-21 10:40:00,VIC1,4329.0,4332.09375,4764.0,10,0,0,10,4690.0,0.0,10,10,0,True
2026-08-21 10:45:00,VIC1,4309.0,4315.375,4764.0,10,0,0,10,4690.0,0.0,10,10,0,True
2026-08-21 10:50:00,VIC1,4319.47584,4325.96875,4764.0,10,0,0,10,4690.0,0.0,10,10,0,True
2026-08-21 10:55:00,VIC1,4282.0,4331.65625,4764.0,10,0,0,10,4690.0,0.0,10,10,0,True
2026-08-21 11:00:00,VIC1,4271.0,4247.46875,4764.0,10,0,0,10,4690.0,0.0,10,10,0,True
2026-08-21 11:05:00,VIC1,4299.0,4225.65625,4764.0,10,0,0,10,4690.0,0.0,10,10,0,True
2026-08-21 11:10:00,VIC1,4311.0,4339.6875,4764.0,10,0,0,10,4690.0,0.0,10,10,0,True
2026-08-21 11:15:00,VIC1,4363.0,4329.9375,4764.0,10,0,0,10,4690.0,0.0,10,10,0,True
2026-08-21 11:20:00,VIC1,4324.16906,4323.15625,4764.0,10,0,0,10,4690.0,0.0,10,10,0,True
2026-08-21 11:25:00,VIC1,4306.0,4316.15625,4764.0,10,0,0,10,4690.0,0.0,10,10,0,True
2026-08-21 11:30:00,VIC1,4276.0,4265.03125,4634.0,10,0,0,10,4690.0,0.0,10,10,0,True
2026-08-21 11:35:00,VIC1,4290.03125,4281.375,4634.0,10,0,0,10,4690.0,0.0,10,10,0,True
2026-08-21 11:40:00,VIC1,4283.0,4331.5,4634.0,10,0,0,10,4690.0,0.0,10,10,0,True
2026-08-21 11:45:00,VIC1,4265.0,4305.34375,4634.0,10,0,0,10,4690.0,0.0,10,10,0,True
2026-08-21 11:50:00,VIC1,4249.0,4224.15625,4634.0,10,0,0,10,4690.0,0.0,10,10,0,True
2026-08-21 11:55:00,VIC1,4306.0,4253.875,4634.0,10,0,0,10,4690.0,0.0,10,10,0,True
2026-08-21 12:00:00,VIC1,4352.0,4311.0,4634.0,10,0,0,10,4690.0,0.0,10,10,0,True
2026-08-21 12:05:00,VIC1,4386.0,4322.5,4634.0,10,0,0,10,4690.0,0.0,10,10,0,True
2026-08-21 12:10:00,VIC1,4443.0,4405.28125,4634.0,10,0,0,10,4690.0,0.0,10,10,0,True
2026-08-21 12:15:00,VIC1,4469.0,4415.0,4634.0,10,0,0,10,4690.0,0.0,10,10,0,True
2026-08-21 12:20:00,VIC1,4469.0,4446.0625,4634.0,10,0,0,10,4690.0,0.0,10,10,0,True
2026-08-21 12:25:00,VIC1,4479.0,4457.59375,4764.0,10,0,0,10,4690.0,0.0,10,10,0,True
2026-08-21 12:30:00,VIC1,4488.0,4450.0,4764.0,10,0,0,10,4690.0,0.0,10,10,0,True
2026-08-21 12:35:00,VIC1,4422.62486,4465.1875,4764.0,10,0,0,10,4690.0,0.0,10,10,0,True
2026-08-21 12:40:00,VIC1,4364.0,4428.125,4764.0,10,0,0,10,4690.0,0.0,10,10,0,True
2026-08-21 12:45:00,VIC1,4337.0,4410.46875,4764.0,10,0,0,10,4690.0,0.0,10,10,0,True
2026-08-21 12:50:00,VIC1,4422.0,4362.40625,4764.0,10,0,0,10,4690.0,0.0,10,10,0,True
2026-08-21 12:55:00,VIC1,4366.79022,4404.6875,4764.0,10,0,0,10,4690.0,0.0,10,10,0,True
2026-08-21 13:00:00,VIC1,4348.80546,4354.28125,4764.0,10,0,0,10,4690.0,0.0,10,10,0,True
2026-08-24 15:00:00,VIC1,4200.0,4176.9375,4405.0,9,1,0,10,4310.0,380.0,10,10,0,True
2026-08-24 15:05:00,VIC1,4196.38912,4220.96875,4405.0,9,1,0,10,4310.0,380.0,10,10,0,True
2026-08-24 15:10:00,VIC1,4200.0,4194.625,4405.0,9,1,0,10,4310.0,380.0,10,10,0,True
2026-08-24 15:15:00,VIC1,4200.0,4177.09375,4405.0,9,1,0,10,4310.0,380.0,10,10,0,True
2026-08-24 15:20:00,VIC1,4216.21875,4220.09375,4405.0,9,1,0,10,4310.0,380.0,10,10,0,True
2026-08-24 15:25:00,VIC1,4220.15625,4164.90625,4405.0,9,1,0,10,4310.0,380.0,10,10,0,True
2026-08-24 15:30:00,VIC1,4203.78838,4185.59375,4405.0,9,1,0,10,4310.0,380.0,10,10,0,True
2026-08-24 15:35:00,VIC1,4238.4375,4190.6875,4405.0,9,1,0,10,4310.0,380.0,10,10,0,True
2026-08-24 15:40:00,VIC1,4249.6875,4223.6875,4405.0,9,1,0,10,4310.0,380.0,10,10,0,True
2026-08-24 15:45:00,VIC1,4259.25,4212.125,4405.0,9,1,0,10,4310.0,380.0,10,10,0,True
2026-08-24 15:50:00,VIC1,4270.0,4265.5,4405.0,9,1,0,10,4310.0,380.0,10,10,0,True
2026-08-24 15:55:00,VIC1,4270.0,4277.59375,4405.0,9,1,0,10,4310.0,380.0,10,10,0,True
2026-08-24 16:00:00,VIC1,4270.0,4294.5,4405.0,9,1,0,10,4310.0,380.0,10,10,0,True
2026-08-24 16:05:00,VIC1,4270.0,4245.78125,4405.0,9,1,0,10,4310.0,380.0,10,10,0,True
2026-08-24 16:10:00,VIC1,4270.0,4289.84375,4405.0,9,1,0,10,4310.0,380.0,10,10,0,True
2026-08-24 16:15:00,VIC1,4270.0,4253.65625,4405.0,9,1,0,10,4310.0,380.0,10,10,0,True
2026-08-24 16:20:00,VIC1,4270.0,4286.46875,4405.0,9,1,0,10,4310.0,380.0,10,10,0,True
2026-08-24 16:25:00,VIC1,4270.0,4243.6875,4405.0,9,1,0,10,4310.0,380.0,10,10,0,True
2026-08-24 16:30:00,VIC1,4270.0,4254.0625,4405.0,9,1,0,10,4310.0,380.0,10,10,0,True
2026-08-24 16:35:00,VIC1,4270.0,4273.03125,4405.0,9,1,0,10,4310.0,380.0,10,10,0,True
2026-08-24 16:40:00,VIC1,4270.0,4288.03125,4405.0,9,1,0,10,4310.0,380.0,10,10,0,True
2026-08-24 16:45:00,VIC1,4270.0,4242.40625,4405.0,9,1,0,10,4310.0,380.0,10,10,0,True
2026-08-24 16:50:00,VIC1,4270.0,4256.65625,4405.0,9,1,0,10,4310.0,380.0,10,10,0,True
2026-08-24 16:55:00,VIC1,4270.0,4252.25,4405.0,9,1,0,10,4310.0,380.0,10,10,0,True
2026-08-24 17:00:00,VIC1,4270.0,4276.59375,4405.0,9,1,0,10,4310.0,380.0,10,10,0,True
2026-08-24 17:05:00,VIC1,4270.0,4228.0625,4405.0,9,1,0,10,4310.0,380.0,10,10,0,True
2026-08-24 17:10:00,VIC1,4270.0,4228.875,4405.0,9,1,0,10,4310.0,380.0,10,10,0,True
2026-08-24 17:15:00,VIC1,4270.0,4285.9375,4405.0,9,1,0,10,4310.0,380.0,10,10,0,True
2026-08-24 17:20:00,VIC1,4270.0,4276.9375,4405.0,9,1,0,10,4310.0,380.0,10,10,0,True
2026-08-24 17:25:00,VIC1,4270.0,4248.8125,4405.0,9,1,0,10,4310.0,380.0,10,10,0,True
2026-08-24 17:30:00,VIC1,4270.0,4235.84375,4405.0,9,1,0,10,4310.0,380.0,10,10,0,True
2026-08-24 17:35:00,VIC1,4270.0,4259.875,4405.0,9,1,0,10,4310.0,380.0,10,10,0,True
2026-08-24 17:40:00,VIC1,4270.0,4245.125,4405.0,9,1,0,10,4310.0,380.0,10,10,0,True
2026-08-24 17:45:00,VIC1,4270.0,4284.96875,4405.0,9,1,0,10,4310.0,380.0,10,10,0,True
2026-08-24 17:50:00,VIC1,4270.0,4253.0625,4405.0,9,1,0,10,4310.0,380.0,10,10,0,True
2026-08-24 17:55:00,VIC1,4270.0,4250.6875,4405.0,9,1,0,10,4310.0,380.0,10,10,0,True
2026-08-24 18:00:00,VIC1,4270.0,4248.9375,4405.0,9,1,0,10,4310.0,380.0,10,10,0,True
2026-08-24 18:05:00,VIC1,4270.0,4254.0625,4405.0,9,1,0,10,4310.0,380.0,10,10,0,True
2026-08-24 18:10:00,VIC1,4270.0,4253.1875,4405.0,9,1,0,10,4310.0,380.0,10,10,0,True
2026-08-24 18:15:00,VIC1,4270.0,4255.34375,4405.0,9,1,0,10,4310.0,380.0,10,10,0,True
2026-08-24 18:20:00,VIC1,4270.0,4248.25,4405.0,9,1,0,10,4310.0,380.0,10,10,0,True
2026-08-24 18:25:00,VIC1,4270.0,4253.46875,4405.0,9,1,0,10,4310.0,380.0,10,10,0,True
2026-08-24 18:30:00,VIC1,4270.0,4247.96875,4405.0,9,1,0,10,4310.0,380.0,10,10,0,True
2026-08-24 18:35:00,VIC1,4270.0,4249.25,4405.0,9,1,0,10,4310.0,380.0,10,10,0,True
2026-08-24 18:40:00,VIC1,4270.0,4243.6875,4405.0,9,1,0,10,4310.0,380.0,10,10,0,True
2026-08-24 18:45:00,VIC1,4270.0,4246.8125,4405.0,9,1,0,10,4310.0,380.0,10,10,0,True
2026-08-24 18:50:00,VIC1,4270.0,4289.3125,4405.0,9,1,0,10,4310.0,380.0,10,10,0,True
2026-08-24 18:55:00,VIC1,4270.0,4243.40625,4405.0,9,1,0,10,4310.0,380.0,10,10,0,True
2026-08-24 19:00:00,VIC1,4270.0,4256.4375,4405.0,9,1,0,10,4310.0,380.0,10,10,0,True
2026-08-26 06:50:00,VIC1,4279.0,4247.5625,4304.0,9,1,0,10,4310.0,380.0,10,10,0,True
2026-08-26 06:55:00,VIC1,4279.0,4258.78125,4304.0,9,1,0,10,4310.0,380.0,10,10,0,True
2026-08-26 07:00:00,VIC1,4259.0,4263.375,4284.0,9,1,0,10,4310.0,380.0,10,10,0,True
2026-08-26 07:05:00,VIC1,4230.0,4239.5625,4254.0,9,1,0,10,4310.0,380.0,10,10,0,True
2026-08-26 07:10:00,VIC1,4229.0,4213.96875,4254.0,9,1,0,10,4310.0,380.0,10,10,0,True
2026-08-26 07:15:00,VIC1,4229.0,4210.71875,4254.0,9,1,0,10,4310.0,380.0,10,10,0,True
2026-08-26 07:20:00,VIC1,4229.0,4237.0,4254.0,9,1,0,10,4310.0,380.0,10,10,0,True
2026-08-26 07:25:00,VIC1,4258.0,4239.375,4284.0,9,1,0,10,4310.0,380.0,10,10,0,True
2026-08-26 07:30:00,VIC1,4259.0,4239.125,4284.0,9,1,0,10,4310.0,380.0,10,10,0,True
2026-08-26 07:35:00,VIC1,4259.0,4230.1875,4284.0,9,1,0,10,4310.0,380.0,10,10,0,True
2026-08-26 07:40:00,VIC1,4261.0,4283.34375,4286.0,9,1,0,10,4310.0,380.0,10,10,0,True
2026-08-26 07:45:00,VIC1,4261.0,4288.71875,4286.0,9,1,0,10,4310.0,380.0,10,10,0,True
2026-08-26 07:50:00,VIC1,4259.0,4242.40625,4306.0,9,1,0,10,4310.0,380.0,10,10,0,True
2026-08-26 07:55:00,VIC1,4280.0,4219.03125,4306.0,9,1,0,10,4310.0,380.0,10,10,0,True
2026-08-26 08:00:00,VIC1,4281.0,4242.59375,4306.0,9,1,0,10,4310.0,380.0,10,10,0,True
2026-08-26 08:05:00,VIC1,4281.0,4252.3125,4306.0,9,1,0,10,4310.0,380.0,10,10,0,True
2026-08-26 08:10:00,VIC1,4281.0,4291.375,4306.0,9,1,0,10,4310.0,380.0,10,10,0,True
2026-08-26 08:15:00,VIC1,4281.0,4267.1875,4306.0,9,1,0,10,4310.0,380.0,10,10,0,True
2026-08-26 08:20:00,VIC1,4281.0,4286.1875,4306.0,9,1,0,10,4310.0,380.0,10,10,0,True
2026-08-26 08:25:00,VIC1,4260.0,4300.1875,4276.0,9,1,0,10,4310.0,380.0,10,10,0,True
2026-08-26 08:30:00,VIC1,4251.0,4267.34375,4276.0,9,1,0,10,4310.0,380.0,10,10,0,True
2026-08-26 08:35:00,VIC1,4251.0,4253.46875,4276.0,9,1,0,10,4310.0,380.0,10,10,0,True
2026-08-26 08:40:00,VIC1,4251.0,4248.78125,4276.0,9,1,0,10,4310.0,380.0,10,10,0,True
2026-08-26 08:45:00,VIC1,4251.0,4244.125,4276.0,9,1,0,10,4310.0,380.0,10,10,0,True
2026-08-26 08:50:00,VIC1,4251.0,4271.5,4276.0,9,1,0,10,4310.0,380.0,10,10,0,True
2026-08-26 08:55:00,VIC1,4251.0,4273.96875,4276.0,9,1,0,10,4310.0,380.0,10,10,0,True
2026-08-26 09:00:00,VIC1,4251.0,4268.78125,4276.0,9,1,0,10,4310.0,380.0,10,10,0,True
2026-08-26 09:05:00,VIC1,4251.0,4262.875,4276.0,9,1,0,10,4310.0,380.0,10,10,0,True
2026-08-26 09:10:00,VIC1,4251.0,4273.0,4276.0,9,1,0,10,4310.0,380.0,10,10,0,True
2026-08-26 09:15:00,VIC1,4251.0,4265.0,4276.0,9,1,0,10,4310.0,380.0,10,10,0,True
2026-08-26 09:20:00,VIC1,4251.0,4249.40625,4276.0,9,1,0,10,4310.0,380.0,10,10,0,True
2026-08-26 09:25:00,VIC1,4251.0,4249.6875,4276.0,9,1,0,10,4310.0,380.0,10,10,0,True
2026-08-26 09:30:00,VIC1,4251.0,4237.0,4276.0,9,1,0,10,4310.0,380.0,10,10,0,True
2026-08-26 09:35:00,VIC1,4251.0,4231.15625,4276.0,9,1,0,10,4310.0,380.0,10,10,0,True
2026-08-26 09:40:00,VIC1,4251.0,4230.125,4276.0,9,1,0,10,4310.0,380.0,10,10,0,True
2026-08-26 09:45:00,VIC1,4251.0,4245.90625,4276.0,9,1,0,10,4310.0,380.0,10,10,0,True
2026-08-26 09:50:00,VIC1,4251.0,4278.0,4276.0,9,1,0,10,4310.0,380.0,10,10,0,True
2026-08-26 09:55:00,VIC1,4251.0,4248.4375,4276.0,9,1,0,10,4310.0,380.0,10,10,0,True
2026-08-26 10:00:00,VIC1,4251.0,4237.90625,4276.0,9,1,0,10,4310.0,380.0,10,10,0,True
2026-08-26 10:05:00,VIC1,4237.25,4252.125,4276.0,9,1,0,10,4310.0,380.0,10,10,0,True
2026-08-26 10:10:00,VIC1,4226.625,4283.875,4276.0,9,1,0,10,4310.0,380.0,10,10,0,True
2026-08-26 10:15:00,VIC1,4215.9375,4250.1875,4276.0,9,1,0,10,4310.0,380.0,10,10,0,True
2026-08-26 10:20:00,VIC1,4204.6875,4209.5625,4276.0,9,1,0,10,4310.0,380.0,10,10,0,True
2026-08-26 10:25:00,VIC1,4197.65625,4192.28125,4276.0,9,1,0,10,4310.0,380.0,10,10,0,True
2026-08-26 10:30:00,VIC1,4192.53125,4205.40625,4276.0,9,1,0,10,4310.0,380.0,10,10,0,True
2026-08-26 10:35:00,VIC1,4182.6875,4220.1875,4276.0,9,1,0,10,4310.0,380.0,10,10,0,True
2026-08-26 10:40:00,VIC1,4181.0,4164.4375,4276.0,9,1,0,10,4310.0,380.0,10,10,0,True
2026-08-26 10:45:00,VIC1,4181.0,4208.78125,4276.0,9,1,0,10,4310.0,380.0,10,10,0,True
2026-08-26 10:50:00,VIC1,4181.0,4169.6875,4276.0,9,1,0,10,4310.0,380.0,10,10,0,True
