event_id,constraint,version_key,equation,description,limit_type,exact_version,Z_note
VSA-lower-20240917T2325,V>>SMF2_SMF1_NIL_R2,V>>SMF2_SMF1_NIL_R2|2024-09-11|1,-0.761 * F_V_SA +0.859 * P[NBK11B] +0.859 * P[NBKB3B] +0.859 * P[NBKW1S] +0.612 * P[NBL21L] +0.612 * P[NBSF1L] +0.612 * P[NBSF2S] +0.113 * P[NCLS1C] +0.117 * P[NDNH1H] +0.117 * P[NDNS1D] -0.996 * P[NMUR8] +0.0724 * P[NNRN1A] +0.117 * P[NRB23R] +0.117 * P[NRBB1R] -0.117 * P[NRBB2R] +0.117 * P[NRBB3R] +0.117 * P[NRDP3D] +0.436 * P[VART1A] +0.547 * P[VAT21L] +0.547 * P[VAT22L] +0.529 * P[VBA23B] +0.528 * P[VBAW1Y] +0.56 * P[VBBT1B] +0.56 * P[VBBT2B] +0.401 * P[VBGT1B] +0.401 * P[VBGT2B] -0.401 * P[VBGT3B] +0.401 * P[VBGT4B] +0.425 * P[VCB33R] +0.424 * P[VCWL1C] -0.712 * P[VDPS] +0.576 * P[VELT1M] +0.576 * P[VELT2M] +0.576 * P[VELT3E] -0.217 * P[VEPS1] -0.217 * P[VEPS2] -0.728 * P[VGN21G] -0.728 * P[VGNS1G] -0.728 * P[VGNS2W] +0.761 * P[VGPT1G] +0.761 * P[VGPT2G] +0.761 * P[VGPT3G] +0.621 * P[VGTW1M] +0.761 * P[VHGT1S] +0.316 * P[VHOG1K] -1 * P[VHUM] +0.752 * P[VHW23H] +0.752 * P[VJLGA1] +0.752 * P[VJLGA2] +0.752 * P[VJLGA3] +0.752 * P[VJLGA4] +0.752 * P[VJLGB1] +0.752 * P[VJLGB2] +0.752 * P[VJLGB3] +0.135 * P[VKMT1K] +0.752 * P[VLYP010] +0.752 * P[VLYP011] +0.752 * P[VLYP012] +0.752 * P[VLYP07] +0.752 * P[VLYP08] +0.752 * P[VLYP09] +0.752 * P[VLYP1] +0.752 * P[VLYP2] +0.752 * P[VLYP3] +0.752 * P[VLYP4] +0.752 * P[VLYP5] +0.752 * P[VLYP6] +0.761 * P[VM051D] +0.761 * P[VM052D] +0.761 * P[VM053D] +0.761 * P[VM0P1O] +0.761 * P[VM0P2O] -0.712 * P[VMKP1] +0.656 * P[VMLB1V] -0.656 * P[VMLB2V] +0.656 * P[VMLB3V] +0.253 * P[VMRT1M] +0.253 * P[VMRT2M] +0.752 * P[VMWT12] +0.752 * P[VMWT2] +0.752 * P[VMWT3] +0.752 * P[VMWT9B] +0.266 * P[VNPS] -0.0841 * P[VRCS1K] -0.0841 * P[VRCS2Y] -0.625 * P[VSHS1N] -0.625 * P[VSHS2G] -0.625 * P[VSHS2W] -0.236 * P[VSM71C] +0.589 * P[VTG21M] +0.589 * P[VTG61S] +0.589 * P[VTGT3A] +0.761 * P[VTR11H] +0.761 * P[VTR31R] +0.761 * P[VTRT1M] -0.236 * P[VTTS1] -0.712 * P[VWKP1] -0.712 * P[VWKP2] +0.279 * P[VYP21] +0.279 * P[VYP22] +0.279 * P[VYP23] +0.279 * P[VYP24] +0.752 * F[T-V-MNSP1] +0.0841 * F[V-S-MNSP1] +0.983 * F[VIC1-NSW1] + Z_unrepresented <= RHS(t),"Out = South Morang 500/330kV F2 transformer, avoid pre-contingent O/L of the remaining South Morang F1 500/330kV transformer, radial mode, YWPS unit 1 on 220kV,  feedback",Thermal,True,Z includes unsupported non-energy/region terms if present; not assumed zero
VSA-lower-20240917T2325,V>>SMF2_SMF1_NIL_R5,V>>SMF2_SMF1_NIL_R5|2024-09-11|1,-0.761 * F_V_SA +0.859 * P[NBKB3B] +0.859 * P[NBK11B] +0.859 * P[NBKW1S] +0.612 * P[NBL21L] +0.612 * P[NBSF1L] +0.612 * P[NBSF2S] +0.113 * P[NCLS1C] +0.117 * P[NDNH1H] +0.117 * P[NDNS1D] -0.996 * P[NMUR8] +0.0724 * P[NNRN1A] +0.117 * P[NRB23R] +0.117 * P[NRBB1R] -0.117 * P[NRBB2R] +0.117 * P[NRBB3R] +0.117 * P[NRDP3D] +0.436 * P[VART1A] +0.547 * P[VAT21L] +0.547 * P[VAT22L] +0.529 * P[VBA23B] +0.528 * P[VBAW1Y] +0.56 * P[VBBT1B] +0.56 * P[VBBT2B] +0.401 * P[VBGT1B] +0.401 * P[VBGT2B] -0.401 * P[VBGT3B] +0.401 * P[VBGT4B] +0.425 * P[VCB33R] +0.424 * P[VCWL1C] -0.712 * P[VDPS] +0.576 * P[VELT1M] +0.576 * P[VELT2M] +0.576 * P[VELT3E] -0.217 * P[VEPS1] -0.217 * P[VEPS2] -0.728 * P[VGN21G] -0.728 * P[VGNS1G] -0.728 * P[VGNS2W] +0.761 * P[VGPT1G] +0.761 * P[VGPT2G] +0.761 * P[VGPT3G] +0.621 * P[VGTW1M] +0.761 * P[VHGT1S] +0.316 * P[VHOG1K] -1 * P[VHUM] +0.752 * P[VHW23H] +0.752 * P[VJLGA1] +0.752 * P[VJLGA2] +0.752 * P[VJLGA3] +0.752 * P[VJLGA4] +0.752 * P[VJLGB1] +0.752 * P[VJLGB2] +0.752 * P[VJLGB3] +0.135 * P[VKMT1K] +0.752 * P[VLYP010] +0.752 * P[VLYP011] +0.752 * P[VLYP012] +0.752 * P[VLYP07] +0.752 * P[VLYP08] +0.752 * P[VLYP09] +0.752 * P[VLYP1] +0.752 * P[VLYP2] +0.752 * P[VLYP3] +0.752 * P[VLYP4] +0.752 * P[VLYP5] +0.752 * P[VLYP6] +0.761 * P[VM051D] +0.761 * P[VM052D] +0.761 * P[VM053D] +0.761 * P[VM0P1O] +0.761 * P[VM0P2O] -0.712 * P[VMKP1] +0.656 * P[VMLB1V] -0.656 * P[VMLB2V] +0.656 * P[VMLB3V] +0.253 * P[VMRT1M] +0.253 * P[VMRT2M] +0.752 * P[VMWT12] +0.752 * P[VMWT2] +0.752 * P[VMWT3] +0.752 * P[VMWT9B] +0.266 * P[VNPS] -0.0841 * P[VRCS1K] -0.0841 * P[VRCS2Y] -0.625 * P[VSHS1N] -0.625 * P[VSHS2G] -0.625 * P[VSHS2W] -0.236 * P[VSM71C] +0.589 * P[VTG21M] +0.589 * P[VTG61S] +0.589 * P[VTGT3A] +0.761 * P[VTR11H] +0.761 * P[VTR31R] +0.761 * P[VTRT1M] -0.236 * P[VTTS1] -0.712 * P[VWKP1] -0.712 * P[VWKP2] +0.752 * P[VYP21] +0.279 * P[VYP22] +0.279 * P[VYP23] +0.279 * P[VYP24] +0.752 * F[T-V-MNSP1] +0.0841 * F[V-S-MNSP1] +0.983 * F[VIC1-NSW1] + Z_unrepresented <= RHS(t),"Out = South Morang 500/330kV F2 transformer, avoid pre-contingent O/L of the remaining South Morang F1 500/330kV transformer, radial mode, YWPS unit 1 on 500kV,  feedback",Thermal,True,Z includes unsupported non-energy/region terms if present; not assumed zero
VSA-lower-20241017T0705,V>>NIL_ELML_BAML2,V>>NIL_ELML_BAML2|2024-10-03|1,-0.0806 * F_V_SA +0.249 * P[NBK11B] +0.249 * P[NBKB3B] +0.249 * P[NBKW1S] +0.177 * P[NBL21L] +0.177 * P[NBSF1L] +0.177 * P[NBSF2S] +0.626 * P[VART1A] +0.646 * P[VBA23B] +0.645 * P[VBAW1Y] +0.605 * P[VBGT4B] +0.538 * P[VBBT1B] +0.538 * P[VBBT2B] +0.605 * P[VBGT1B] +0.619 * P[VCWL1C] +1 * P[VELT1M] +1 * P[VELT2M] +1 * P[VELT3E] +0.126 * P[VGN21G] +0.123 * P[VGNS1G] +0.123 * P[VGNS2W] +0.143 * P[VGTW1M] +0.554 * P[VHOG1K] +0.395 * P[VKGB3G] +0.395 * P[VKGS1G] +0.395 * P[VKGS2C] +0.452 * P[VKMT1K] +0.519 * P[VMRT1M] +0.519 * P[VMRT2M] +0.326 * P[VRCS1K] +0.326 * P[VRCS2Y] +0.169 * P[VSHS1N] +0.169 * P[VSHS2G] +0.169 * P[VSHS2W] +0.378 * P[VTG21M] +0.355 * P[VTG61S] +0.355 * P[VTGT3A] +0.345 * P[VWES1B] +0.345 * P[VWES2W] -0.326 * F[V-S-MNSP1] + Z_unrepresented <= RHS(t),"Out= Nil, avoid O/L Elaine to Moorabool 220kV line on trip of Ballarat to Moorabool No.2 220kV line, Feedback",Thermal,True,Z includes unsupported non-energy/region terms if present; not assumed zero
VSA-lower-20241017T0705,V^^V_NIL_KGTS,V^^V_NIL_KGTS|2024-10-10|1,-0.215 * F_V_SA +0.682 * P[NBK11B] +0.682 * P[NBKB3B] +0.682 * P[NBKW1S] +0.485 * P[NBL21L] +0.485 * P[NBSF1L] +0.485 * P[NBSF2S] +0.0881 * P[NCLS1C] +0.0915 * P[NDNH1H] +0.0915 * P[NDNS1D] +0.0915 * P[NRB23R] +0.0915 * P[NRBB1R] -0.0915 * P[NRBB2R] +0.0915 * P[NRBB3R] +0.0915 * P[NRDP3D] +0.096 * P[VART1A] +0.14 * P[VBGT1B] +0.14 * P[VBGT4B] +0.111 * P[VCWL1C] -0.076 * P[VGN21G] -0.0735 * P[VGNS1G] -0.0735 * P[VGNS2W] +0.243 * P[VHOG1K] -0.883 * P[VKGB3G] -0.883 * P[VKGS1G] -0.883 * P[VKGS2C] +0.467 * P[VKMT1K] +0.322 * P[VMRT1M] +0.322 * P[VMRT2M] +0.736 * P[VRCS1K] +0.736 * P[VRCS2Y] -0.117 * P[VSHS1N] -0.117 * P[VSHS2G] -0.117 * P[VSHS2W] +1 * P[VWES1B] +1 * P[VWES2W] -0.736 * F[V-S-MNSP1] + Z_unrepresented <= RHS(t),"Out= Nil, avoid voltage collapse for loss of Horsham - Murra Warra - Kiamal 220kV line. Murraylink VFRB disabled. Swamp if Murraylink VFRB enabled.",Voltage Stability,True,Z includes unsupported non-energy/region terms if present; not assumed zero
VSA-lower-20241017T0705,V^^V_BDBU_SWVIC,V^^V_BDBU_SWVIC|2024-09-25|1,-1 * F_V_SA +1 * P[VHGT1S] +1 * P[VM051D] +1 * P[VM052D] +1 * P[VM053D] +1 * P[VM0P1O] +1 * P[VM0P2O] +1 * P[VTR11H] +1 * P[VTR31R] +1 * P[VTRT1M] + Z_unrepresented <= RHS(t),"Out = Bundey to Buronga (6F) 330kV line, manage flow towards Moorabool across Haunted Gully to Cressy and Mortlake to Cressy 500kV lines to avoid voltage instability for the loss of Haunted Gully to Cressy 500kV line and both APD potlines ",Voltage Stability,True,Z includes unsupported non-energy/region terms if present; not assumed zero
VSA-lower-20241017T0920,V>>NIL_ELML_BAML2,V>>NIL_ELML_BAML2|2024-10-03|1,-0.0806 * F_V_SA +0.249 * P[NBK11B] +0.249 * P[NBKB3B] +0.249 * P[NBKW1S] +0.177 * P[NBL21L] +0.177 * P[NBSF1L] +0.177 * P[NBSF2S] +0.626 * P[VART1A] +0.646 * P[VBA23B] +0.645 * P[VBAW1Y] +0.605 * P[VBGT4B] +0.538 * P[VBBT1B] +0.538 * P[VBBT2B] +0.605 * P[VBGT1B] +0.619 * P[VCWL1C] +1 * P[VELT1M] +1 * P[VELT2M] +1 * P[VELT3E] +0.126 * P[VGN21G] +0.123 * P[VGNS1G] +0.123 * P[VGNS2W] +0.143 * P[VGTW1M] +0.554 * P[VHOG1K] +0.395 * P[VKGB3G] +0.395 * P[VKGS1G] +0.395 * P[VKGS2C] +0.452 * P[VKMT1K] +0.519 * P[VMRT1M] +0.519 * P[VMRT2M] +0.326 * P[VRCS1K] +0.326 * P[VRCS2Y] +0.169 * P[VSHS1N] +0.169 * P[VSHS2G] +0.169 * P[VSHS2W] +0.378 * P[VTG21M] +0.355 * P[VTG61S] +0.355 * P[VTGT3A] +0.345 * P[VWES1B] +0.345 * P[VWES2W] -0.326 * F[V-S-MNSP1] + Z_unrepresented <= RHS(t),"Out= Nil, avoid O/L Elaine to Moorabool 220kV line on trip of Ballarat to Moorabool No.2 220kV line, Feedback",Thermal,True,Z includes unsupported non-energy/region terms if present; not assumed zero
VSA-lower-20241017T0920,V^^V_NIL_KGTS,V^^V_NIL_KGTS|2024-10-10|1,-0.215 * F_V_SA +0.682 * P[NBK11B] +0.682 * P[NBKB3B] +0.682 * P[NBKW1S] +0.485 * P[NBL21L] +0.485 * P[NBSF1L] +0.485 * P[NBSF2S] +0.0881 * P[NCLS1C] +0.0915 * P[NDNH1H] +0.0915 * P[NDNS1D] +0.0915 * P[NRB23R] +0.0915 * P[NRBB1R] -0.0915 * P[NRBB2R] +0.0915 * P[NRBB3R] +0.0915 * P[NRDP3D] +0.096 * P[VART1A] +0.14 * P[VBGT1B] +0.14 * P[VBGT4B] +0.111 * P[VCWL1C] -0.076 * P[VGN21G] -0.0735 * P[VGNS1G] -0.0735 * P[VGNS2W] +0.243 * P[VHOG1K] -0.883 * P[VKGB3G] -0.883 * P[VKGS1G] -0.883 * P[VKGS2C] +0.467 * P[VKMT1K] +0.322 * P[VMRT1M] +0.322 * P[VMRT2M] +0.736 * P[VRCS1K] +0.736 * P[VRCS2Y] -0.117 * P[VSHS1N] -0.117 * P[VSHS2G] -0.117 * P[VSHS2W] +1 * P[VWES1B] +1 * P[VWES2W] -0.736 * F[V-S-MNSP1] + Z_unrepresented <= RHS(t),"Out= Nil, avoid voltage collapse for loss of Horsham - Murra Warra - Kiamal 220kV line. Murraylink VFRB disabled. Swamp if Murraylink VFRB enabled.",Voltage Stability,True,Z includes unsupported non-energy/region terms if present; not assumed zero
VSA-lower-20241017T0920,V^^V_BDBU_SWVIC,V^^V_BDBU_SWVIC|2024-09-25|1,-1 * F_V_SA +1 * P[VHGT1S] +1 * P[VM051D] +1 * P[VM052D] +1 * P[VM053D] +1 * P[VM0P1O] +1 * P[VM0P2O] +1 * P[VTR11H] +1 * P[VTR31R] +1 * P[VTRT1M] + Z_unrepresented <= RHS(t),"Out = Bundey to Buronga (6F) 330kV line, manage flow towards Moorabool across Haunted Gully to Cressy and Mortlake to Cressy 500kV lines to avoid voltage instability for the loss of Haunted Gully to Cressy 500kV line and both APD potlines ",Voltage Stability,True,Z includes unsupported non-energy/region terms if present; not assumed zero
VSA-lower-20241105T1500,S:V_550_HY_TEST,S:V_550_HY_TEST|2022-10-20|1,unknown IC factor * F_V_SA + Z_unrepresented nan RHS(t),,,False,Z includes unsupported non-energy/region terms if present; not assumed zero
VSA-lower-20241105T1500,V^^V_NIL_KGTS,V^^V_NIL_KGTS|2024-10-31|1,-0.215 * F_V_SA +0.682 * P[NBK11B] +0.682 * P[NBKB3B] +0.682 * P[NBKW1S] +0.485 * P[NBL21L] +0.485 * P[NBSF1L] +0.485 * P[NBSF2S] +0.0881 * P[NCLS1C] +0.0915 * P[NDNH1H] +0.0915 * P[NDNS1D] +0.0915 * P[NRB23R] +0.0915 * P[NRBB3R] +0.0915 * P[NRDP3D] +0.096 * P[VART1A] +0.14 * P[VBGT1B] +0.14 * P[VBGT4B] +0.111 * P[VCWL1C] -0.076 * P[VGN21G] -0.0735 * P[VGN61M] -0.0735 * P[VGNS1G] -0.0735 * P[VGNS2W] +0.243 * P[VHOG1K] -0.883 * P[VKGB3G] -0.883 * P[VKGP1K] -0.883 * P[VKGS1G] -0.883 * P[VKGS2C] +0.467 * P[VKMT1K] +0.322 * P[VMRT1M] +0.322 * P[VMRT2M] +0.736 * P[VRCS1K] +0.736 * P[VRCS2Y] -0.117 * P[VSHS1N] -0.117 * P[VSHS2G] -0.117 * P[VSHS2W] +1 * P[VWES1B] +1 * P[VWES2W] -0.736 * F[V-S-MNSP1] + Z_unrepresented <= RHS(t),"Out= Nil, avoid voltage collapse for loss of Horsham - Murra Warra - Kiamal 220kV line. Murraylink VFRB disabled. Swamp if Murraylink VFRB enabled.",Voltage Stability,True,Z includes unsupported non-energy/region terms if present; not assumed zero
VSA-lower-20241105T1500,S>>BDBU_TUTB_TUTB_1,S>>BDBU_TUTB_TUTB_1|2024-10-11|3,-1 * F_V_SA -0.986 * P[SLBB1L] +0.986 * P[SLBB2L] -0.986 * P[SLBB3L] -0.311 * P[SMA21M] -0.295 * P[SMA31M] -0.363 * P[SMAE1M] -0.987 * P[SMAY1] -0.986 * P[SMAY2] -0.986 * P[SMAY3W] -0.397 * P[SMH21M] -0.959 * P[SPEW1] -0.959 * P[SPEW2] -0.987 * P[SSGA1] -0.987 * P[SSNN1] -0.739 * P[STBB1T] -0.739 * P[STBB2T] +0.739 * P[STBB3T] -0.739 * P[STBB4T] -0.739 * P[STBS1T] + Z_unrepresented <= RHS(t),"Out= Bundey to Buronga 330kV, avoid O/L Tungkillo-Tailem Bend 275kV line 1 or 2 on trip of parallel Tungkillo-Tailem Bend 275 kV line 2 or 1, Feedback",Thermal,True,Z includes unsupported non-energy/region terms if present; not assumed zero
VSA-lower-20241220T0635,S:V_550_HY_TEST,S:V_550_HY_TEST|2022-10-20|1,unknown IC factor * F_V_SA + Z_unrepresented nan RHS(t),,,False,Z includes unsupported non-energy/region terms if present; not assumed zero
VSA-lower-20241220T0635,V^^V_NIL_KGTS,V^^V_NIL_KGTS|2024-10-31|1,-0.215 * F_V_SA +0.682 * P[NBK11B] +0.682 * P[NBKB3B] +0.682 * P[NBKW1S] +0.485 * P[NBL21L] +0.485 * P[NBSF1L] +0.485 * P[NBSF2S] +0.0881 * P[NCLS1C] +0.0915 * P[NDNH1H] +0.0915 * P[NDNS1D] +0.0915 * P[NRB23R] +0.0915 * P[NRBB3R] +0.0915 * P[NRDP3D] +0.096 * P[VART1A] +0.14 * P[VBGT1B] +0.14 * P[VBGT4B] +0.111 * P[VCWL1C] -0.076 * P[VGN21G] -0.0735 * P[VGN61M] -0.0735 * P[VGNS1G] -0.0735 * P[VGNS2W] +0.243 * P[VHOG1K] -0.883 * P[VKGB3G] -0.883 * P[VKGP1K] -0.883 * P[VKGS1G] -0.883 * P[VKGS2C] +0.467 * P[VKMT1K] +0.322 * P[VMRT1M] +0.322 * P[VMRT2M] +0.736 * P[VRCS1K] +0.736 * P[VRCS2Y] -0.117 * P[VSHS1N] -0.117 * P[VSHS2G] -0.117 * P[VSHS2W] +1 * P[VWES1B] +1 * P[VWES2W] -0.736 * F[V-S-MNSP1] + Z_unrepresented <= RHS(t),"Out= Nil, avoid voltage collapse for loss of Horsham - Murra Warra - Kiamal 220kV line. Murraylink VFRB disabled. Swamp if Murraylink VFRB enabled.",Voltage Stability,True,Z includes unsupported non-energy/region terms if present; not assumed zero
VSA-lower-20241220T0635,S>>BDBU_TUTB_TUTB_1,S>>BDBU_TUTB_TUTB_1|2024-12-05|1,-1 * F_V_SA -0.986 * P[SLBB3L] -0.311 * P[SMA21M] -0.295 * P[SMA31M] -0.363 * P[SMAE1M] -0.987 * P[SMAY1] -0.986 * P[SMAY2] -0.986 * P[SMAY3W] -0.397 * P[SMH21M] -0.959 * P[SPEW1] -0.959 * P[SPEW2] -0.987 * P[SSGA1] -0.987 * P[SSNN1] -0.739 * P[STBB1T] -0.739 * P[STBB4T] -0.739 * P[STBS1T] + Z_unrepresented <= RHS(t),"Out= Bundey to Buronga 330kV, avoid O/L Tungkillo-Tailem Bend 275kV line 1 or 2 on trip of parallel Tungkillo-Tailem Bend 275 kV line 2 or 1, Feedback",Thermal,True,Z includes unsupported non-energy/region terms if present; not assumed zero
VSA-lower-20241230T2135,S:V_550_HY_TEST,S:V_550_HY_TEST|2022-10-20|1,unknown IC factor * F_V_SA + Z_unrepresented nan RHS(t),,,False,Z includes unsupported non-energy/region terms if present; not assumed zero
VSA-lower-20241230T2135,V>>NIL_WBBA_RCWEKG,V>>NIL_WBBA_RCWEKG|2024-11-08|1,-0.117 * F_V_SA +0.367 * P[NBK11B] +0.367 * P[NBKB3B] +0.367 * P[NBKW1S] +0.261 * P[NBL21L] +0.261 * P[NBSF1L] +0.261 * P[NBSF2S] +1 * P[VART1A] +0.951 * P[VBGT1B] +0.951 * P[VBGT4B] +0.983 * P[VCWL1C] +0.77 * P[VHOG1K] +0.642 * P[VKMT1K] +0.765 * P[VMRT1M] +0.765 * P[VMRT2M] +0.414 * P[VRCS1K] +0.414 * P[VRCS2Y] -0.413 * F[V-S-MNSP1] + Z_unrepresented <= RHS(t),"Out = Nil, avoid O/L Waubra to Ballarat 220kV line on trip of Red Cliffs to Wemen to Kerang 220kV line (this trips off Bannerton and Wemen solar farms), Feedback",Thermal,True,Z includes unsupported non-energy/region terms if present; not assumed zero
VSA-lower-20250116T0855,V>>NIL_WBBA_BESH,V>>NIL_WBBA_BESH|2024-12-03|1,-0.0838 * F_V_SA +0.263 * P[NBK11B] +0.263 * P[NBKB3B] +0.263 * P[NBKW1S] +0.187 * P[NBL21L] +0.187 * P[NBSF1L] +0.187 * P[NBSF2S] +1 * P[VART1A] +0.943 * P[VBGT1B] +0.943 * P[VBGT4B] +0.98 * P[VCWL1C] +0.742 * P[VHOG1K] +0.138 * P[VKGB3G] +0.138 * P[VKGP1K] +0.138 * P[VKGS1G] +0.138 * P[VKGS2C] +0.575 * P[VKMT1K] +0.148 * P[VKOT1K] +0.724 * P[VMRT1M] +0.256 * P[VWES1B] +0.724 * P[VMRT2M] +0.299 * P[VRCS1K] +0.299 * P[VRCS2Y] +0.256 * P[VWES2W] -0.299 * F[V-S-MNSP1] + Z_unrepresented <= RHS(t),"Out= Nil, avoid O/L Waubra to Ballarat 220kV line on trip of Bendigo to Shepparton 220kV line, Feedback",Thermal,True,Z includes unsupported non-energy/region terms if present; not assumed zero
VSA-lower-20250116T0855,S:V_550_HY_TEST,S:V_550_HY_TEST|2022-10-20|1,unknown IC factor * F_V_SA + Z_unrepresented nan RHS(t),,,False,Z includes unsupported non-energy/region terms if present; not assumed zero
VSA-lower-20250205T0735,V>>NIL_WBBA_KGBE,V>>NIL_WBBA_KGBE|2024-11-08|1,-0.117 * F_V_SA +0.367 * P[NBK11B] +0.367 * P[NBKB3B] +0.367 * P[NBKW1S] +0.261 * P[NBL21L] +0.261 * P[NBSF1L] +0.261 * P[NBSF2S] +1 * P[VART1A] +0.951 * P[VBGT1B] +0.951 * P[VBGT4B] +0.983 * P[VCWL1C] +0.77 * P[VHOG1K] +0.414 * P[VKGB3G] +0.414 * P[VKGP1K] +0.414 * P[VKGS1G] +0.414 * P[VKGS2C] +0.642 * P[VKMT1K] +0.765 * P[VMRT1M] +0.765 * P[VMRT2M] +0.414 * P[VRCS1K] +0.414 * P[VRCS2Y] +0.413 * P[VWES1B] +0.413 * P[VWES2W] -0.413 * F[V-S-MNSP1] + Z_unrepresented <= RHS(t),"Out= Nil, avoid O/L Waubra to Ballarat 220kV line on trip of Kerang to Bendigo 220kV line, Feedback",Thermal,True,Z includes unsupported non-energy/region terms if present; not assumed zero
VSA-lower-20250205T0735,V^^V_NIL_SWVIC,V^^V_NIL_SWVIC|2025-01-29|1,-0.784 * F_V_SA +0.225 * P[NBK11B] +0.225 * P[NBKB3B] +0.225 * P[NBKW1S] +0.16 * P[NBL21L] +0.16 * P[NBSF1L] +0.16 * P[NBSF2S] +1 * P[VHGT1S] +0.0969 * P[VHOG1K] +0.121 * P[VKGB3G] +0.121 * P[VKGP1K] +0.121 * P[VKGS1G] +0.121 * P[VKGS2C] +0.161 * P[VKMT1K] +0.993 * P[VM051D] +0.993 * P[VM052D] +0.993 * P[VM053D] +0.993 * P[VM0P1O] +0.993 * P[VM0P2O] +0.12 * P[VMRT1M] +0.12 * P[VMRT2M] +0.239 * P[VRCS1K] +0.239 * P[VRCS2Y] +0.987 * P[VTR11H] +0.987 * P[VTR31R] +0.987 * P[VTRT1M] +0.208 * P[VWES1B] +0.208 * P[VWES2W] -0.239 * F[V-S-MNSP1] + Z_unrepresented <= RHS(t),"Out = Nil, manage flow towards Moorabool across Haunted Gully to Cressy and Mortlake to Cressy 500kV lines to avoid voltage instability for the loss of Haunted Gully to Cressy 500kV line and both APD potlines",Voltage Stability,True,Z includes unsupported non-energy/region terms if present; not assumed zero
VSA-lower-20250205T0735,V^^V_NIL_KGTS,V^^V_NIL_KGTS|2025-01-29|1,-0.215 * F_V_SA +0.682 * P[NBK11B] +0.682 * P[NBKB3B] +0.682 * P[NBKW1S] +0.485 * P[NBL21L] +0.485 * P[NBSF1L] +0.485 * P[NBSF2S] +0.0881 * P[NCLS1C] +0.0915 * P[NDNH1H] +0.0915 * P[NDNS1D] +0.0915 * P[NRB23R] +0.0915 * P[NRBB3R] +0.0915 * P[NRDP3D] +0.096 * P[VART1A] +0.14 * P[VBGT1B] +0.14 * P[VBGT4B] +0.111 * P[VCWL1C] -0.076 * P[VGN21G] -0.0735 * P[VGN61M] -0.0735 * P[VGNS1G] -0.0735 * P[VGNS2W] +0.243 * P[VHOG1K] -0.883 * P[VKGB3G] -0.883 * P[VKGP1K] -0.883 * P[VKGS1G] -0.883 * P[VKGS2C] +0.467 * P[VKMT1K] +0.322 * P[VMRT1M] +0.322 * P[VMRT2M] +0.736 * P[VRCS1K] +0.736 * P[VRCS2Y] -0.117 * P[VSHS1N] -0.117 * P[VSHS2G] -0.117 * P[VSHS2W] +1 * P[VWES1B] +1 * P[VWES2W] -0.736 * F[V-S-MNSP1] + Z_unrepresented <= RHS(t),"Out= Nil, avoid voltage collapse for loss of Horsham - Murra Warra - Kiamal 220kV line. Murraylink VFRB disabled. Swamp if Murraylink VFRB enabled.",Voltage Stability,True,Z includes unsupported non-energy/region terms if present; not assumed zero
VSA-lower-20250205T0735,S:V_600_HY_TEST,S:V_600_HY_TEST|2024-03-01|1,unknown IC factor * F_V_SA + Z_unrepresented nan RHS(t),,,False,Z includes unsupported non-energy/region terms if present; not assumed zero
VSA-lower-20250222T1735,V>>NIL_MLGT_MLGT_R2,V>>NIL_MLGT_MLGT_R2|2024-10-31|1,-0.376 * F_V_SA +0.406 * P[NBK11B] +0.406 * P[NBKB3B] +0.406 * P[NBKW1S] +0.289 * P[NBL21L] +0.289 * P[NBSF1L] +0.289 * P[NBSF2S] +0.158 * P[NMUR8] +0.85 * P[VART1A] -0.563 * P[VAT21L] -0.563 * P[VAT22L] +0.829 * P[VBA23B] +0.827 * P[VBAW1Y] +0.873 * P[VBBT1B] +0.873 * P[VBBT2B] +0.832 * P[VBGT1B] +0.832 * P[VBGT4B] +0.844 * P[VCWL1C] +0.144 * P[VDPS] +0.934 * P[VELT1M] +0.934 * P[VELT2M] +0.934 * P[VELT3E] +0.23 * P[VGN21G] +0.226 * P[VGN61M] +0.226 * P[VGNS1G] +0.226 * P[VGNS2W] +0.376 * P[VGPT1G] +0.376 * P[VGPT2G] +0.376 * P[VGPT3G] -0.733 * P[VGTW1M] +0.376 * P[VHGT1S] +0.784 * P[VHOG1K] +0.155 * P[VHUM] +0.101 * P[VHW23H] +0.101 * P[VJLGA1] +0.101 * P[VJLGA2] +0.101 * P[VJLGA3] +0.101 * P[VJLGA4] +0.101 * P[VJLGB1] +0.101 * P[VJLGB2] +0.101 * P[VJLGB3] +0.609 * P[VKGB3G] +0.609 * P[VKGP1K] +0.609 * P[VKGS1G] +0.609 * P[VKGS2C] +0.698 * P[VKMT1K] +0.101 * P[VLYP010] +0.101 * P[VLYP011] +0.101 * P[VLYP012] +0.101 * P[VLYP07] +0.101 * P[VLYP08] +0.101 * P[VLYP09] +0.101 * P[VLYP1] +0.101 * P[VLYP2] +0.101 * P[VLYP3] +0.101 * P[VLYP4] +0.101 * P[VLYP5] +0.101 * P[VLYP6] +0.376 * P[VM051D] +0.376 * P[VM052D] +0.376 * P[VM053D] +0.376 * P[VM0P1O] +0.376 * P[VM0P2O] +0.144 * P[VMKP1] +1 * P[VMLB3V] +0.756 * P[VMRT1M] +0.756 * P[VMRT2M] +0.101 * P[VMW61L] +0.101 * P[VMWT12] +0.101 * P[VMWT2] +0.101 * P[VMWT3] +0.101 * P[VMWT9B] -0.186 * P[VNPS] +0.59 * P[VRCS1K] +0.59 * P[VRCS2Y] +0.285 * P[VSHS1N] +0.285 * P[VSHS2G] +0.285 * P[VSHS2W] +0.841 * P[VTG21M] +0.688 * P[VTG61S] +0.688 * P[VTGT3A] +0.376 * P[VTR11H] +0.376 * P[VTR31R] +0.376 * P[VTRT1M] +0.595 * P[VWES1B] +0.595 * P[VWES2W] +0.144 * P[VWKP1] +0.144 * P[VWKP2] +0.101 * F[T-V-MNSP1] -0.59 * F[V-S-MNSP1] -0.165 * F[VIC1-NSW1] + Z_unrepresented <= RHS(t),"Out = NIL, avoid O/L Moorabool to Geelong #1 or #2 on trip of other Moorabool to Geelong line, Yallourn W Unit 1 in 220 kV mode, Feedback",Thermal,True,Z includes unsupported non-energy/region terms if present; not assumed zero
VSA-lower-20250304T0730,I_6F_SN_150,I_6F_SN_150|2025-02-14|1,-1 * F_V_SA +0.151 * P[SBEL1A] +0.151 * P[SBEL2P] +0.114 * P[SBEM1B] +0.114 * P[SBEM2B] +0.0847 * P[SCGW1P] +0.114 * P[SCRK] +0.102 * P[SDAN3D] +0.114 * P[SDAP1P] +0.114 * P[SDAP2P] +0.155 * P[SHDW1H] +0.155 * P[SHDW2H] +0.155 * P[SHDW3H] +0.17 * P[SHPS1] +0.17 * P[SHPS2W] -0.515 * P[SLBB3L] +0.114 * P[SLGW1L] +0.114 * P[SLGW4L] +0.114 * P[SLGW5L] -0.515 * P[SMAY1] -0.515 * P[SMAY2] -0.515 * P[SMAY3W] -0.0727 * P[SMH21M] +0.186 * P[SMOK1H] +0.106 * P[SMPS] +0.155 * P[SMTL3H] +0.114 * P[SMTM1] +0.169 * P[SMW11M] +0.169 * P[SMW21M] +0.169 * P[SMW31M] +0.156 * P[SMW41M] +0.0952 * P[SNWF1T] -0.473 * P[SPEW1] -0.473 * P[SPEW2] +0.114 * P[SPL31P] +0.114 * P[SPLN1] +0.201 * P[SRAB1G] +0.201 * P[SROB1G] -0.515 * P[SSGA1] -0.515 * P[SSNN1] +0.102 * P[SSYP1] -0.139 * P[STBB1T] -0.139 * P[STBB4T] -0.139 * P[STBS1T] +0.155 * P[SWGL1W] +0.123 * P[SWLE] +0.169 * F[V-S-MNSP1] + Z_unrepresented <= RHS(t),Discretionary limit of 150 MW on Bundey to Buronga (6F) 330 kV Line (SA to NSW),Discretionary,True,Z includes unsupported non-energy/region terms if present; not assumed zero
VSA-lower-20250304T0730,V^^V_NIL_KGTS,V^^V_NIL_KGTS|2025-02-26|1,-0.237 * F_V_SA +0.675 * P[NBK11B] +0.675 * P[NBKB3B] +0.675 * P[NBKW1S] +0.48 * P[NBL21L] +0.48 * P[NBSF1L] +0.48 * P[NBSF2S] +0.0873 * P[NCLS1C] +0.0906 * P[NDNH1H] +0.0906 * P[NDNS1D] +0.0906 * P[NRB23R] +0.0906 * P[NRBB3R] +0.0906 * P[NRDP3D] +0.0932 * P[VART1A] +0.137 * P[VBGT1B] +0.137 * P[VBGT4B] +0.108 * P[VCWL1C] -0.0791 * P[VGN21G] -0.0765 * P[VGN61M] -0.0765 * P[VGNS1G] -0.0765 * P[VGNS2W] +0.24 * P[VHOG1K] -0.907 * P[VKGB3G] -0.907 * P[VKGP1K] -0.907 * P[VKGS1G] -0.907 * P[VKGS2C] +0.585 * P[VKMT1K] -0.972 * P[VKOT1K] +0.318 * P[VMRT1M] +0.318 * P[VMRT2M] +0.729 * P[VRCS1K] +0.729 * P[VRCS2Y] -0.121 * P[VSHS1N] -0.121 * P[VSHS2G] -0.121 * P[VSHS2W] +1 * P[VWES1B] +1 * P[VWES2W] -0.729 * F[V-S-MNSP1] + Z_unrepresented <= RHS(t),"Out= Nil, avoid voltage collapse for loss of Horsham - Murra Warra - Kiamal 220kV line. Murraylink VFRB disabled. Swamp if Murraylink VFRB enabled.",Voltage Stability,True,Z includes unsupported non-energy/region terms if present; not assumed zero
VSA-lower-20250414T0940,V^^V_NIL_KGTS,V^^V_NIL_KGTS|2025-03-31|1,-0.237 * F_V_SA +0.675 * P[NBK11B] +0.675 * P[NBKB3B] +0.675 * P[NBKW1S] +0.48 * P[NBL21L] +0.48 * P[NBSF1L] +0.48 * P[NBSF2S] +0.0906 * P[NRB23R] +0.0873 * P[NCLS1C] +0.0906 * P[NDNH1H] +0.0906 * P[NDNS1D] +0.0906 * P[NRBB3R] +0.0906 * P[NRDP3D] +0.0932 * P[VART1A] +0.137 * P[VBGT1B] +0.137 * P[VBGT4B] +0.108 * P[VCWL1C] -0.0791 * P[VGN21G] -0.0765 * P[VGN61M] -0.0765 * P[VGNS1G] -0.0765 * P[VGNS2W] +0.24 * P[VHOG1K] -0.907 * P[VKGB3G] -0.907 * P[VKGP1K] -0.907 * P[VKGS1G] -0.907 * P[VKGS2C] +0.585 * P[VKMT1K] -0.972 * P[VKOT1K] +0.318 * P[VMRT1M] +0.318 * P[VMRT2M] +0.729 * P[VRCS1K] +0.729 * P[VRCS2Y] -0.121 * P[VSHS1N] -0.121 * P[VSHS2G] -0.121 * P[VSHS2W] +1 * P[VWES1B] +1 * P[VWES2W] -0.729 * F[V-S-MNSP1] + Z_unrepresented <= RHS(t),"Out= Nil, avoid voltage collapse for loss of Horsham - Murra Warra - Kiamal 220kV line. Murraylink VFRB disabled. Swamp if Murraylink VFRB enabled.",Voltage Stability,True,Z includes unsupported non-energy/region terms if present; not assumed zero
VSA-lower-20250424T0825,V>>NIL_ELML_BAML2,V>>NIL_ELML_BAML2|2025-02-24|1,-0.0893 * F_V_SA +0.241 * P[NBK11B] +0.241 * P[NBKB3B] +0.241 * P[NBKW1S] +0.171 * P[NBL21L] +0.171 * P[NBSF1L] +0.171 * P[NBSF2S] +0.624 * P[VART1A] +0.646 * P[VBA23B] +0.645 * P[VBAW1Y] +0.538 * P[VBBT1B] +0.538 * P[VBBT2B] +0.603 * P[VBGT1B] +0.603 * P[VBGT4B] +0.617 * P[VCWL1C] +1 * P[VELT1M] +1 * P[VELT2M] +1 * P[VELT3E] +0.125 * P[VGN21G] +0.122 * P[VGN61M] +0.122 * P[VGNS1G] +0.122 * P[VGNS2W] +0.143 * P[VGTW1M] +0.551 * P[VHOG1K] +0.391 * P[VKGB3G] +0.391 * P[VKGP1K] +0.391 * P[VKGS1G] +0.391 * P[VKGS2C] +0.386 * P[VKMT1K] +0.386 * P[VKOT1K] +0.515 * P[VMRT1M] +0.515 * P[VMRT2M] +0.168 * P[VSHS2G] +0.317 * P[VRCS1K] +0.317 * P[VRCS2Y] +0.168 * P[VSHS1N] +0.168 * P[VSHS2W] +0.378 * P[VTG21M] +0.355 * P[VTG61S] +0.355 * P[VTGT3A] +0.337 * P[VWES1B] +0.337 * P[VWES2W] -0.317 * F[V-S-MNSP1] + Z_unrepresented <= RHS(t),"Out= Nil, avoid O/L Elaine to Moorabool 220kV line on trip of Ballarat to Moorabool No.2 220kV line, Feedback",Thermal,True,Z includes unsupported non-energy/region terms if present; not assumed zero
VSA-lower-20250513T1350,I_6F_SN_150,I_6F_SN_150|2025-02-14|1,-1 * F_V_SA +0.151 * P[SBEL1A] +0.151 * P[SBEL2P] +0.114 * P[SBEM1B] +0.114 * P[SBEM2B] +0.0847 * P[SCGW1P] +0.114 * P[SCRK] +0.102 * P[SDAN3D] +0.114 * P[SDAP1P] +0.114 * P[SDAP2P] +0.155 * P[SHDW1H] +0.155 * P[SHDW2H] +0.155 * P[SHDW3H] +0.17 * P[SHPS1] +0.17 * P[SHPS2W] -0.515 * P[SLBB3L] +0.114 * P[SLGW1L] +0.114 * P[SLGW4L] +0.114 * P[SLGW5L] -0.515 * P[SMAY1] -0.515 * P[SMAY2] -0.515 * P[SMAY3W] -0.0727 * P[SMH21M] +0.186 * P[SMOK1H] +0.106 * P[SMPS] +0.155 * P[SMTL3H] +0.114 * P[SMTM1] +0.169 * P[SMW11M] +0.169 * P[SMW21M] +0.169 * P[SMW31M] +0.156 * P[SMW41M] +0.0952 * P[SNWF1T] -0.473 * P[SPEW1] -0.473 * P[SPEW2] +0.114 * P[SPL31P] +0.114 * P[SPLN1] +0.201 * P[SRAB1G] +0.201 * P[SROB1G] -0.515 * P[SSGA1] -0.515 * P[SSNN1] +0.102 * P[SSYP1] -0.139 * P[STBB1T] -0.139 * P[STBB4T] -0.139 * P[STBS1T] +0.155 * P[SWGL1W] +0.123 * P[SWLE] +0.169 * F[V-S-MNSP1] + Z_unrepresented <= RHS(t),Discretionary limit of 150 MW on Bundey to Buronga (6F) 330 kV Line (SA to NSW),Discretionary,True,Z includes unsupported non-energy/region terms if present; not assumed zero
VSA-lower-20250513T1350,V^^V_NIL_KGTS,V^^V_NIL_KGTS|2025-03-31|1,-0.237 * F_V_SA +0.675 * P[NBK11B] +0.675 * P[NBKB3B] +0.675 * P[NBKW1S] +0.48 * P[NBL21L] +0.48 * P[NBSF1L] +0.48 * P[NBSF2S] +0.0906 * P[NRB23R] +0.0873 * P[NCLS1C] +0.0906 * P[NDNH1H] +0.0906 * P[NDNS1D] +0.0906 * P[NRBB3R] +0.0906 * P[NRDP3D] +0.0932 * P[VART1A] +0.137 * P[VBGT1B] +0.137 * P[VBGT4B] +0.108 * P[VCWL1C] -0.0791 * P[VGN21G] -0.0765 * P[VGN61M] -0.0765 * P[VGNS1G] -0.0765 * P[VGNS2W] +0.24 * P[VHOG1K] -0.907 * P[VKGB3G] -0.907 * P[VKGP1K] -0.907 * P[VKGS1G] -0.907 * P[VKGS2C] +0.585 * P[VKMT1K] -0.972 * P[VKOT1K] +0.318 * P[VMRT1M] +0.318 * P[VMRT2M] +0.729 * P[VRCS1K] +0.729 * P[VRCS2Y] -0.121 * P[VSHS1N] -0.121 * P[VSHS2G] -0.121 * P[VSHS2W] +1 * P[VWES1B] +1 * P[VWES2W] -0.729 * F[V-S-MNSP1] + Z_unrepresented <= RHS(t),"Out= Nil, avoid voltage collapse for loss of Horsham - Murra Warra - Kiamal 220kV line. Murraylink VFRB disabled. Swamp if Murraylink VFRB enabled.",Voltage Stability,True,Z includes unsupported non-energy/region terms if present; not assumed zero
VSA-lower-20250619T0530,I_6F_SN_150,I_6F_SN_150|2025-05-22|1,-1 * F_V_SA +0.151 * P[SBEL1A] +0.151 * P[SBEL2P] +0.114 * P[SBEM1B] +0.114 * P[SBEM2B] +0.0847 * P[SCGW1P] +0.114 * P[SCRK] +0.102 * P[SDAN3D] +0.114 * P[SDAP1P] +0.114 * P[SDAP2P] +0.155 * P[SHDW1H] +0.155 * P[SHDW2H] +0.155 * P[SHDW3H] +0.17 * P[SHPS1] +0.17 * P[SHPS2W] -0.515 * P[SLBB3L] +0.114 * P[SLGW1L] +0.114 * P[SLGW4L] +0.114 * P[SLGW5L] -0.515 * P[SMAY1] -0.515 * P[SMAY2] -0.515 * P[SMAY3W] -0.0727 * P[SMH21M] +0.186 * P[SMOK1H] +0.106 * P[SMPS] +0.155 * P[SMTL3H] +0.114 * P[SMTM1] +0.169 * P[SMW11M] +0.169 * P[SMW21M] +0.169 * P[SMW31M] +0.156 * P[SMW41M] +0.0952 * P[SNWF1T] -0.473 * P[SPEW1] -0.473 * P[SPEW2] +0.114 * P[SPL31P] +0.114 * P[SPLN1] +0.201 * P[SRAB1G] +0.201 * P[SROB1G] -0.515 * P[SSGA1] -0.515 * P[SSNN1] +0.102 * P[SSYP1] -0.139 * P[STBB1T] -0.139 * P[STBB4T] -0.139 * P[STBS1T] +0.155 * P[SWGL1W] +0.123 * P[SWLE] +0.169 * F[V-S-MNSP1] + Z_unrepresented <= RHS(t),Discretionary limit of 150 MW on Bundey to Buronga (6F) 330 kV Line (SA to NSW),Discretionary,True,Z includes unsupported non-energy/region terms if present; not assumed zero
VSA-lower-20250619T0530,#R033052_021_RAMP_F,#R033052_021_RAMP_F|2025-06-18|1,-1 * F_V_SA +1 * P[VHGT1S] +1 * P[VGPT1G] +1 * P[VGPT2G] +1 * P[VGPT3G] +1 * P[VM051D] +1 * P[VM052D] +1 * P[VM053D] +1 * P[VM0P1O] +1 * P[VM0P2O] +1 * P[VTR11H] +1 * P[VTR31R] +1 * P[VTRT1M] + Z_unrepresented <= RHS(t),"Hard Ramping constraint for constraint V_WEST_MLTS_NETT_600, Effective Date: 01/08/2024, Version: 1",Discretionary,True,Z includes unsupported non-energy/region terms if present; not assumed zero
VSA-lower-20250628T1315,I_6F_SN_150,I_6F_SN_150|2025-05-22|1,-1 * F_V_SA +0.151 * P[SBEL1A] +0.151 * P[SBEL2P] +0.114 * P[SBEM1B] +0.114 * P[SBEM2B] +0.0847 * P[SCGW1P] +0.114 * P[SCRK] +0.102 * P[SDAN3D] +0.114 * P[SDAP1P] +0.114 * P[SDAP2P] +0.155 * P[SHDW1H] +0.155 * P[SHDW2H] +0.155 * P[SHDW3H] +0.17 * P[SHPS1] +0.17 * P[SHPS2W] -0.515 * P[SLBB3L] +0.114 * P[SLGW1L] +0.114 * P[SLGW4L] +0.114 * P[SLGW5L] -0.515 * P[SMAY1] -0.515 * P[SMAY2] -0.515 * P[SMAY3W] -0.0727 * P[SMH21M] +0.186 * P[SMOK1H] +0.106 * P[SMPS] +0.155 * P[SMTL3H] +0.114 * P[SMTM1] +0.169 * P[SMW11M] +0.169 * P[SMW21M] +0.169 * P[SMW31M] +0.156 * P[SMW41M] +0.0952 * P[SNWF1T] -0.473 * P[SPEW1] -0.473 * P[SPEW2] +0.114 * P[SPL31P] +0.114 * P[SPLN1] +0.201 * P[SRAB1G] +0.201 * P[SROB1G] -0.515 * P[SSGA1] -0.515 * P[SSNN1] +0.102 * P[SSYP1] -0.139 * P[STBB1T] -0.139 * P[STBB4T] -0.139 * P[STBS1T] +0.155 * P[SWGL1W] +0.123 * P[SWLE] +0.169 * F[V-S-MNSP1] + Z_unrepresented <= RHS(t),Discretionary limit of 150 MW on Bundey to Buronga (6F) 330 kV Line (SA to NSW),Discretionary,True,Z includes unsupported non-energy/region terms if present; not assumed zero
VSA-lower-20250628T1315,S::V_SEVC1_TBSE,S::V_SEVC1_TBSE|2025-03-06|1,-1 * F_V_SA -0.6 * P[SLBB3L] -0.96 * P[SMAY1] -0.34 * P[SMAY2] -0.34 * P[SMAY3W] -0.75 * P[SPEW1] -0.75 * P[SPEW2] -1.94 * P[SSGA1] -0.64 * P[SSNN1] -0.15 * P[STBB1T] -0.15 * P[STBB4T] -0.15 * P[STBS1T] + Z_unrepresented <= RHS(t),Out= South East one SVC(NOTE: with both Black Range series capacitors I/S);  SA  to VIC Transient Stability limit for loss of other Tailembend-South East 275kV lines.,Transient Stability,True,Z includes unsupported non-energy/region terms if present; not assumed zero
VSA-lower-20250706T2245,F_S++SETB_L5,F_S++SETB_L5|2024-12-03|1,1 * F_V_SA +1 * P[SLBB3L] +1 * P[SMAY1] +1 * P[SMAY2] +1 * P[SMAY3W] +1 * P[SPEW1] +1 * P[SPEW2] +1 * P[SSGA1] +1 * P[SSNN1] + Z_unrepresented >= RHS(t),"Out = South East to Tailem Bend 275 kV line, SA Islanded for loss of parallel line, SA Lower 5 min Requirement for risk of islanding",FCAS,True,Z includes unsupported non-energy/region terms if present; not assumed zero
VSA-lower-20250706T2245,S:V_550_HY_TEST,S:V_550_HY_TEST|2022-10-20|1,unknown IC factor * F_V_SA + Z_unrepresented nan RHS(t),,,False,Z includes unsupported non-energy/region terms if present; not assumed zero
VSA-lower-20250706T2245,#R033187_001_RAMP_F,#R033187_001_RAMP_F|2025-07-06|1,-1 * F_V_SA -0.6 * P[SLBB3L] -0.9 * P[SMAY1] -0.94 * P[SMAY2] -0.94 * P[SMAY3W] -1.11 * P[SPEW1] -1.11 * P[SPEW2] -1.66 * P[SSGA1] -0.89 * P[SSNN1] -0.15 * P[STBB1T] -0.15 * P[STBB4T] -0.15 * P[STBS1T] + Z_unrepresented <= RHS(t),"Hard Ramping constraint for constraint S::V_BDBU+TBSE1_01, Effective Date: 25/06/2025, Version: 1",Transient Stability,True,Z includes unsupported non-energy/region terms if present; not assumed zero
VSA-lower-20250706T2245,F_S++SETB_L6,F_S++SETB_L6|2024-10-08|1,1 * F_V_SA +1 * P[SLBB3L] +1 * P[SMAY1] +1 * P[SMAY2] +1 * P[SMAY3W] +1 * P[SPEW1] +1 * P[SPEW2] +1 * P[SSGA1] +1 * P[SSNN1] + Z_unrepresented >= RHS(t),"Out = South East to Tailem Bend 275 kV line, SA Islanded for loss of parallel line, SA Lower 6 sec Requirement for risk of islanding",FCAS,True,Z includes unsupported non-energy/region terms if present; not assumed zero
VSA-lower-20250831T0930,V^^V_NIL_KGTS,V^^V_NIL_KGTS|2025-03-31|1,-0.237 * F_V_SA +0.675 * P[NBK11B] +0.675 * P[NBKB3B] +0.675 * P[NBKW1S] +0.48 * P[NBL21L] +0.48 * P[NBSF1L] +0.48 * P[NBSF2S] +0.0906 * P[NRB23R] +0.0873 * P[NCLS1C] +0.0906 * P[NDNH1H] +0.0906 * P[NDNS1D] +0.0906 * P[NRBB3R] +0.0906 * P[NRDP3D] +0.0932 * P[VART1A] +0.137 * P[VBGT1B] +0.137 * P[VBGT4B] +0.108 * P[VCWL1C] -0.0791 * P[VGN21G] -0.0765 * P[VGN61M] -0.0765 * P[VGNS1G] -0.0765 * P[VGNS2W] +0.24 * P[VHOG1K] -0.907 * P[VKGB3G] -0.907 * P[VKGP1K] -0.907 * P[VKGS1G] -0.907 * P[VKGS2C] +0.585 * P[VKMT1K] -0.972 * P[VKOT1K] +0.318 * P[VMRT1M] +0.318 * P[VMRT2M] +0.729 * P[VRCS1K] +0.729 * P[VRCS2Y] -0.121 * P[VSHS1N] -0.121 * P[VSHS2G] -0.121 * P[VSHS2W] +1 * P[VWES1B] +1 * P[VWES2W] -0.729 * F[V-S-MNSP1] + Z_unrepresented <= RHS(t),"Out= Nil, avoid voltage collapse for loss of Horsham - Murra Warra - Kiamal 220kV line. Murraylink VFRB disabled. Swamp if Murraylink VFRB enabled.",Voltage Stability,True,Z includes unsupported non-energy/region terms if present; not assumed zero
VSA-lower-20250929T1055,V^^V_NIL_KGTS,V^^V_NIL_KGTS|2025-03-31|1,-0.237 * F_V_SA +0.675 * P[NBK11B] +0.675 * P[NBKB3B] +0.675 * P[NBKW1S] +0.48 * P[NBL21L] +0.48 * P[NBSF1L] +0.48 * P[NBSF2S] +0.0906 * P[NRB23R] +0.0873 * P[NCLS1C] +0.0906 * P[NDNH1H] +0.0906 * P[NDNS1D] +0.0906 * P[NRBB3R] +0.0906 * P[NRDP3D] +0.0932 * P[VART1A] +0.137 * P[VBGT1B] +0.137 * P[VBGT4B] +0.108 * P[VCWL1C] -0.0791 * P[VGN21G] -0.0765 * P[VGN61M] -0.0765 * P[VGNS1G] -0.0765 * P[VGNS2W] +0.24 * P[VHOG1K] -0.907 * P[VKGB3G] -0.907 * P[VKGP1K] -0.907 * P[VKGS1G] -0.907 * P[VKGS2C] +0.585 * P[VKMT1K] -0.972 * P[VKOT1K] +0.318 * P[VMRT1M] +0.318 * P[VMRT2M] +0.729 * P[VRCS1K] +0.729 * P[VRCS2Y] -0.121 * P[VSHS1N] -0.121 * P[VSHS2G] -0.121 * P[VSHS2W] +1 * P[VWES1B] +1 * P[VWES2W] -0.729 * F[V-S-MNSP1] + Z_unrepresented <= RHS(t),"Out= Nil, avoid voltage collapse for loss of Horsham - Murra Warra - Kiamal 220kV line. Murraylink VFRB disabled. Swamp if Murraylink VFRB enabled.",Voltage Stability,True,Z includes unsupported non-energy/region terms if present; not assumed zero
VSA-lower-20250929T1055,S::V_NIL_TBSE_1,S::V_NIL_TBSE_1|2024-12-05|1,-1 * F_V_SA -0.6 * P[SLBB3L] -0.81 * P[SMAY1] -0.72 * P[SMAY2] -0.72 * P[SMAY3W] -1.11 * P[SPEW1] -1.11 * P[SPEW2] -1.74 * P[SSGA1] -0.78 * P[SSNN1] -0.15 * P[STBB1T] -0.15 * P[STBB4T] -0.15 * P[STBS1T] + Z_unrepresented <= RHS(t),Out = Nil(Both Black Range series capacitors I/S);  SA  to VIC Transient Stability limit for loss of one of the Tailembend-South East 275kV lines (Both South East Capacitors (61 and 62) Available).,Transient Stability,True,Z includes unsupported non-energy/region terms if present; not assumed zero
VSA-lower-20251017T0940,V^^V_NIL_KGTS,V^^V_NIL_KGTS|2025-03-31|1,-0.237 * F_V_SA +0.675 * P[NBK11B] +0.675 * P[NBKB3B] +0.675 * P[NBKW1S] +0.48 * P[NBL21L] +0.48 * P[NBSF1L] +0.48 * P[NBSF2S] +0.0906 * P[NRB23R] +0.0873 * P[NCLS1C] +0.0906 * P[NDNH1H] +0.0906 * P[NDNS1D] +0.0906 * P[NRBB3R] +0.0906 * P[NRDP3D] +0.0932 * P[VART1A] +0.137 * P[VBGT1B] +0.137 * P[VBGT4B] +0.108 * P[VCWL1C] -0.0791 * P[VGN21G] -0.0765 * P[VGN61M] -0.0765 * P[VGNS1G] -0.0765 * P[VGNS2W] +0.24 * P[VHOG1K] -0.907 * P[VKGB3G] -0.907 * P[VKGP1K] -0.907 * P[VKGS1G] -0.907 * P[VKGS2C] +0.585 * P[VKMT1K] -0.972 * P[VKOT1K] +0.318 * P[VMRT1M] +0.318 * P[VMRT2M] +0.729 * P[VRCS1K] +0.729 * P[VRCS2Y] -0.121 * P[VSHS1N] -0.121 * P[VSHS2G] -0.121 * P[VSHS2W] +1 * P[VWES1B] +1 * P[VWES2W] -0.729 * F[V-S-MNSP1] + Z_unrepresented <= RHS(t),"Out= Nil, avoid voltage collapse for loss of Horsham - Murra Warra - Kiamal 220kV line. Murraylink VFRB disabled. Swamp if Murraylink VFRB enabled.",Voltage Stability,True,Z includes unsupported non-energy/region terms if present; not assumed zero
VSA-lower-20251105T0530,I_6F_SN_150,I_6F_SN_150|2025-05-22|1,-1 * F_V_SA +0.151 * P[SBEL1A] +0.151 * P[SBEL2P] +0.114 * P[SBEM1B] +0.114 * P[SBEM2B] +0.0847 * P[SCGW1P] +0.114 * P[SCRK] +0.102 * P[SDAN3D] +0.114 * P[SDAP1P] +0.114 * P[SDAP2P] +0.155 * P[SHDW1H] +0.155 * P[SHDW2H] +0.155 * P[SHDW3H] +0.17 * P[SHPS1] +0.17 * P[SHPS2W] -0.515 * P[SLBB3L] +0.114 * P[SLGW1L] +0.114 * P[SLGW4L] +0.114 * P[SLGW5L] -0.515 * P[SMAY1] -0.515 * P[SMAY2] -0.515 * P[SMAY3W] -0.0727 * P[SMH21M] +0.186 * P[SMOK1H] +0.106 * P[SMPS] +0.155 * P[SMTL3H] +0.114 * P[SMTM1] +0.169 * P[SMW11M] +0.169 * P[SMW21M] +0.169 * P[SMW31M] +0.156 * P[SMW41M] +0.0952 * P[SNWF1T] -0.473 * P[SPEW1] -0.473 * P[SPEW2] +0.114 * P[SPL31P] +0.114 * P[SPLN1] +0.201 * P[SRAB1G] +0.201 * P[SROB1G] -0.515 * P[SSGA1] -0.515 * P[SSNN1] +0.102 * P[SSYP1] -0.139 * P[STBB1T] -0.139 * P[STBB4T] -0.139 * P[STBS1T] +0.155 * P[SWGL1W] +0.123 * P[SWLE] +0.169 * F[V-S-MNSP1] + Z_unrepresented <= RHS(t),Discretionary limit of 150 MW on Bundey to Buronga (6F) 330 kV Line (SA to NSW),Discretionary,True,Z includes unsupported non-energy/region terms if present; not assumed zero
VSA-lower-20251105T0530,#R034244_004_RAMP_V,#R034244_004_RAMP_V|2025-11-05|1,-0.466 * F_V_SA +0.712 * P[NBL21L] +1 * P[NBK11B] +1 * P[NBKB3B] +1 * P[NBKW1S] +0.712 * P[NBSF1L] +0.712 * P[NBSF2S] +0.131 * P[NCLS1C] +0.136 * P[NDNH1H] +0.136 * P[NDNS1D] +0.712 * P[NLMB1L] -0.877 * P[NMUR8] +0.0839 * P[NNRN1A] +0.136 * P[NRB23R] +0.136 * P[NRBB3R] +0.136 * P[NRDP3D] +0.444 * P[VART1A] +0.493 * P[VAT21L] +0.493 * P[VAT22L] +0.496 * P[VBA23B] +0.496 * P[VBAW1Y] +0.519 * P[VBBT1B] +0.519 * P[VBBT2B] +0.423 * P[VBGT1B] +0.423 * P[VBGT4B] +0.382 * P[VCB33R] +0.162 * P[VCPT1C] +0.437 * P[VCWL1C] -0.627 * P[VDPS] +0.532 * P[VELT1M] +0.532 * P[VELT2M] +0.532 * P[VELT3E] -0.189 * P[VEPS1] -0.189 * P[VEPS2] -0.607 * P[VGET1G] -0.634 * P[VGN21G] -0.634 * P[VGN61M] -0.634 * P[VGNS1G] -0.634 * P[VGNS2W] +0.674 * P[VGPT1G] +0.674 * P[VGPT2G] +0.674 * P[VGPT3G] +0.566 * P[VGTW1M] +0.669 * P[VHGT1S] +0.375 * P[VHOG1K] -0.882 * P[VHUM] +0.676 * P[VHW23H] +0.676 * P[VJLGA1] +0.676 * P[VJLGA2] +0.676 * P[VJLGA3] +0.676 * P[VJLGA4] +0.676 * P[VJLGB1] +0.676 * P[VJLGB2] +0.676 * P[VJLGB3] +0.084 * P[VKGB3G] +0.084 * P[VKGP1K] +0.084 * P[VKGS1G] +0.084 * P[VKGS2C] +0.212 * P[VKMT1K] +0.0878 * P[VKOT1K] +0.676 * P[VLYP010] +0.676 * P[VLYP011] +0.676 * P[VLYP012] +0.676 * P[VLYP07] +0.676 * P[VLYP08] +0.676 * P[VLYP09] +0.676 * P[VLYP1] +0.676 * P[VLYP2] +0.676 * P[VLYP3] +0.676 * P[VLYP4] +0.676 * P[VLYP5] +0.676 * P[VLYP6] +0.663 * P[VM051D] +0.663 * P[VM052D] +0.663 * P[VM053D] +0.663 * P[VM0P1O] +0.663 * P[VM0P2O] -0.627 * P[VMKP1] +0.594 * P[VMLB3V] +0.338 * P[VMRT1M] +0.338 * P[VMRT2M] +0.676 * P[VMW61L] +0.676 * P[VMWT12] +0.676 * P[VMWT2] +0.676 * P[VMWT3] +0.676 * P[VMWT9B] +0.24 * P[VNPS] +0.717 * P[VPR21M] +0.717 * P[VPR31M] +0.717 * P[VPRT1M] +0.144 * P[VRCS1K] +0.144 * P[VRCS2Y] -0.537 * P[VSHS1N] -0.537 * P[VSHS2G] -0.537 * P[VSHS2W] -0.212 * P[VSM71C] +0.539 * P[VTG21M] +0.542 * P[VTG61S] +0.542 * P[VTGT3A] +0.658 * P[VTR11H] +0.128 * P[VWES1B] +0.658 * P[VTR31R] +0.658 * P[VTRT1M] -0.212 * P[VTTS1] +0.128 * P[VWES2W] -0.627 * P[VWKP1] -0.627 * P[VWKP2] +0.676 * P[VYP21] +0.251 * P[VYP22] +0.251 * P[VYP23] +0.251 * P[VYP24] +0.676 * F[T-V-MNSP1] -0.144 * F[V-S-MNSP1] +0.862 * F[VIC1-NSW1] + Z_unrepresented <= RHS(t),"Soft Ramping constraint for constraint V>>SMF2_SMF1_NIL_R5, Effective Date: 23/10/2025, Version: 1",Thermal,True,Z includes unsupported non-energy/region terms if present; not assumed zero
VSA-lower-20251112T0635,#R034318_014_RAMP_F,#R034318_014_RAMP_F|2025-11-11|1,-1 * F_V_SA + Z_unrepresented <= RHS(t),"Hard Ramping constraint for constraint S:V_ARDM, Effective Date: 07/08/2018, Version: 1",Oscillatory Stability,True,Z includes unsupported non-energy/region terms if present; not assumed zero
VSA-lower-20251112T0635,V^^V_NIL_KGTS,V^^V_NIL_KGTS|2025-10-20|1,-0.27 * F_V_SA +0.653 * P[NBK11B] +0.653 * P[NBKB3B] +0.653 * P[NBKW1S] +0.465 * P[NBL21L] +0.465 * P[NBSF1L] +0.465 * P[NBSF2S] +0.0845 * P[NCLS1C] +0.0877 * P[NDNH1H] +0.0877 * P[NDNS1D] +0.465 * P[NLMB1L] +0.0877 * P[NRB23R] +0.0877 * P[NRBB3R] +0.0877 * P[NRDP3D] +0.0871 * P[VART1A] +0.129 * P[VBGT1B] +0.129 * P[VBGT4B] +0.669 * P[VCPT1C] +0.102 * P[VCWL1C] -0.0957 * P[VGET1G] -0.083 * P[VGN21G] -0.0804 * P[VGN61M] -0.0804 * P[VGNS1G] -0.0804 * P[VGNS2W] +0.23 * P[VHOG1K] -0.933 * P[VKGB3G] -0.933 * P[VKGP1K] -0.933 * P[VKGS1G] -0.933 * P[VKGS2C] +0.566 * P[VKMT1K] -1 * P[VKOT1K] +0.306 * P[VMRT1M] +0.306 * P[VMRT2M] +0.706 * P[VRCS1K] +0.706 * P[VRCS2Y] -0.126 * P[VSHS1N] -0.126 * P[VSHS2G] -0.126 * P[VSHS2W] +0.984 * P[VWES1B] +0.984 * P[VWES2W] -0.706 * F[V-S-MNSP1] + Z_unrepresented <= RHS(t),"Out= Nil, avoid voltage collapse for loss of Horsham - Murra Warra - Kiamal 220kV line. Murraylink VFRB disabled. Swamp if Murraylink VFRB enabled.",Voltage Stability,True,Z includes unsupported non-energy/region terms if present; not assumed zero
VSA-lower-20251120T1315,SV_550_TEST,SV_550_TEST|2025-05-22|1,-1 * F_V_SA +0.158 * P[SLBB3L] +0.158 * P[SMAY1] +0.158 * P[SMAY2] +0.158 * P[SMAY3W] +0.145 * P[SPEW1] +0.145 * P[SPEW2] +0.158 * P[SSGA1] +0.158 * P[SSNN1] + Z_unrepresented <= RHS(t),"Out = Nil, SA to Vic on Heywood limit of 550 MW, limit for testing of Heywood interconnection upgrade",Other,True,Z includes unsupported non-energy/region terms if present; not assumed zero
VSA-lower-20251120T1315,V^^V_NIL_KGTS,V^^V_NIL_KGTS|2025-10-20|1,-0.27 * F_V_SA +0.653 * P[NBK11B] +0.653 * P[NBKB3B] +0.653 * P[NBKW1S] +0.465 * P[NBL21L] +0.465 * P[NBSF1L] +0.465 * P[NBSF2S] +0.0845 * P[NCLS1C] +0.0877 * P[NDNH1H] +0.0877 * P[NDNS1D] +0.465 * P[NLMB1L] +0.0877 * P[NRB23R] +0.0877 * P[NRBB3R] +0.0877 * P[NRDP3D] +0.0871 * P[VART1A] +0.129 * P[VBGT1B] +0.129 * P[VBGT4B] +0.669 * P[VCPT1C] +0.102 * P[VCWL1C] -0.0957 * P[VGET1G] -0.083 * P[VGN21G] -0.0804 * P[VGN61M] -0.0804 * P[VGNS1G] -0.0804 * P[VGNS2W] +0.23 * P[VHOG1K] -0.933 * P[VKGB3G] -0.933 * P[VKGP1K] -0.933 * P[VKGS1G] -0.933 * P[VKGS2C] +0.566 * P[VKMT1K] -1 * P[VKOT1K] +0.306 * P[VMRT1M] +0.306 * P[VMRT2M] +0.706 * P[VRCS1K] +0.706 * P[VRCS2Y] -0.126 * P[VSHS1N] -0.126 * P[VSHS2G] -0.126 * P[VSHS2W] +0.984 * P[VWES1B] +0.984 * P[VWES2W] -0.706 * F[V-S-MNSP1] + Z_unrepresented <= RHS(t),"Out= Nil, avoid voltage collapse for loss of Horsham - Murra Warra - Kiamal 220kV line. Murraylink VFRB disabled. Swamp if Murraylink VFRB enabled.",Voltage Stability,True,Z includes unsupported non-energy/region terms if present; not assumed zero
VSA-lower-20251217T1330,I_6F_SN_150,I_6F_SN_150|2025-05-22|1,-1 * F_V_SA +0.151 * P[SBEL1A] +0.151 * P[SBEL2P] +0.114 * P[SBEM1B] +0.114 * P[SBEM2B] +0.0847 * P[SCGW1P] +0.114 * P[SCRK] +0.102 * P[SDAN3D] +0.114 * P[SDAP1P] +0.114 * P[SDAP2P] +0.155 * P[SHDW1H] +0.155 * P[SHDW2H] +0.155 * P[SHDW3H] +0.17 * P[SHPS1] +0.17 * P[SHPS2W] -0.515 * P[SLBB3L] +0.114 * P[SLGW1L] +0.114 * P[SLGW4L] +0.114 * P[SLGW5L] -0.515 * P[SMAY1] -0.515 * P[SMAY2] -0.515 * P[SMAY3W] -0.0727 * P[SMH21M] +0.186 * P[SMOK1H] +0.106 * P[SMPS] +0.155 * P[SMTL3H] +0.114 * P[SMTM1] +0.169 * P[SMW11M] +0.169 * P[SMW21M] +0.169 * P[SMW31M] +0.156 * P[SMW41M] +0.0952 * P[SNWF1T] -0.473 * P[SPEW1] -0.473 * P[SPEW2] +0.114 * P[SPL31P] +0.114 * P[SPLN1] +0.201 * P[SRAB1G] +0.201 * P[SROB1G] -0.515 * P[SSGA1] -0.515 * P[SSNN1] +0.102 * P[SSYP1] -0.139 * P[STBB1T] -0.139 * P[STBB4T] -0.139 * P[STBS1T] +0.155 * P[SWGL1W] +0.123 * P[SWLE] +0.169 * F[V-S-MNSP1] + Z_unrepresented <= RHS(t),Discretionary limit of 150 MW on Bundey to Buronga (6F) 330 kV Line (SA to NSW),Discretionary,True,Z includes unsupported non-energy/region terms if present; not assumed zero
VSA-lower-20251217T1330,V^^V_NIL_KGTS,V^^V_NIL_KGTS|2025-12-09|1,-0.27 * F_V_SA +0.465 * P[NBL21L] +0.653 * P[NBK11B] +0.653 * P[NBKB3B] +0.653 * P[NBKW1S] +0.465 * P[NBSF1L] +0.465 * P[NBSF2S] +0.465 * P[NLMB1L] +0.669 * P[VCPT1C] +0.23 * P[VHOG1K] -0.933 * P[VKGB3G] -0.933 * P[VKGP1K] -0.933 * P[VKGS1G] -0.933 * P[VKGS2C] +0.566 * P[VKMT1K] -1 * P[VKOT1K] +0.306 * P[VMRT1M] +0.306 * P[VMRT2M] +0.706 * P[VRCS1K] +0.706 * P[VRCS2Y] +0.984 * P[VWES1B] +0.984 * P[VWES2W] -0.706 * F[V-S-MNSP1] + Z_unrepresented <= RHS(t),"Out= Nil, avoid voltage collapse for loss of Horsham - Murra Warra - Kiamal 220kV line. Murraylink VFRB disabled. Swamp if Murraylink VFRB enabled.",Voltage Stability,True,Z includes unsupported non-energy/region terms if present; not assumed zero
VSA-lower-20260119T1505,V^^V_NIL_KGTS,V^^V_NIL_KGTS|2025-12-09|1,-0.27 * F_V_SA +0.465 * P[NBL21L] +0.653 * P[NBK11B] +0.653 * P[NBKB3B] +0.653 * P[NBKW1S] +0.465 * P[NBSF1L] +0.465 * P[NBSF2S] +0.465 * P[NLMB1L] +0.669 * P[VCPT1C] +0.23 * P[VHOG1K] -0.933 * P[VKGB3G] -0.933 * P[VKGP1K] -0.933 * P[VKGS1G] -0.933 * P[VKGS2C] +0.566 * P[VKMT1K] -1 * P[VKOT1K] +0.306 * P[VMRT1M] +0.306 * P[VMRT2M] +0.706 * P[VRCS1K] +0.706 * P[VRCS2Y] +0.984 * P[VWES1B] +0.984 * P[VWES2W] -0.706 * F[V-S-MNSP1] + Z_unrepresented <= RHS(t),"Out= Nil, avoid voltage collapse for loss of Horsham - Murra Warra - Kiamal 220kV line. Murraylink VFRB disabled. Swamp if Murraylink VFRB enabled.",Voltage Stability,True,Z includes unsupported non-energy/region terms if present; not assumed zero
VSA-lower-20260218T0800,S_V_HEYWOOD_OFGS,S_V_HEYWOOD_OFGS|2025-12-15|1,-1 * F_V_SA + Z_unrepresented <= RHS(t),"Out= Nil, Limit SA to VIC total flow when SA Over Frequency Generator Shedding (OFGS) may be insufficient to contain SA frequency for double-circuit loss of Heywood IC and subsequent inter-trip of PEC-1.",Other,True,Z includes unsupported non-energy/region terms if present; not assumed zero
VSA-lower-20260218T0800,V^^V_NIL_KGTS,V^^V_NIL_KGTS|2026-02-09|1,-0.27 * F_V_SA +0.653 * P[NBK11B] +0.653 * P[NBKB3B] +0.653 * P[NBKW1S] +0.465 * P[NBL21L] +0.465 * P[NBSF1L] +0.465 * P[NBSF2S] +0.465 * P[NLMB1L] +0.669 * P[VCPT1C] +0.23 * P[VHOG1K] -0.933 * P[VKGB3G] -0.933 * P[VKGP1K] -0.933 * P[VKGS1G] -0.933 * P[VKGS2C] +0.566 * P[VKMT1K] -1 * P[VKOT1K] +0.306 * P[VMRT1M] +0.306 * P[VMRT2M] +0.706 * P[VRCS1K] +0.706 * P[VRCS2Y] +0.984 * P[VWES1B] +0.984 * P[VWES2W] -0.706 * F[V-S-MNSP1] + Z_unrepresented <= RHS(t),"Out= Nil, avoid voltage collapse for loss of Horsham - Murra Warra - Kiamal 220kV line. Murraylink VFRB disabled. Swamp if Murraylink VFRB enabled.",Voltage Stability,True,Z includes unsupported non-energy/region terms if present; not assumed zero
VSA-lower-20260228T1255,I_6F_SN_150,I_6F_SN_150|2026-02-27|1,-1 * F_V_SA +0.151 * P[SBEL1A] +0.151 * P[SBEL2P] +0.155 * P[SHDW1H] +0.155 * P[SHDW2H] +0.155 * P[SHDW3H] +0.17 * P[SHPS1] +0.17 * P[SHPS2W] -0.515 * P[SLBB3L] -0.515 * P[SMAY1] -0.515 * P[SMAY2] -0.515 * P[SMAY3W] +0.186 * P[SMOK1H] +0.155 * P[SMTL3H] +0.169 * P[SMW11M] +0.169 * P[SMW21M] +0.169 * P[SMW31M] +0.156 * P[SMW41M] -0.473 * P[SPEW1] -0.473 * P[SPEW2] +0.201 * P[SRAB1G] +0.201 * P[SROB1G] -0.515 * P[SSGA1] -0.515 * P[SSNN1] +0.155 * P[SWGL1W] +0.169 * F[V-S-MNSP1] + Z_unrepresented <= RHS(t),Discretionary limit of 150 MW on Bundey to Buronga (6F) 330 kV Line (SA to NSW),Discretionary,True,Z includes unsupported non-energy/region terms if present; not assumed zero
VSA-lower-20260228T1255,V^^V_NIL_KGTS,V^^V_NIL_KGTS|2026-02-09|1,-0.27 * F_V_SA +0.653 * P[NBK11B] +0.653 * P[NBKB3B] +0.653 * P[NBKW1S] +0.465 * P[NBL21L] +0.465 * P[NBSF1L] +0.465 * P[NBSF2S] +0.465 * P[NLMB1L] +0.669 * P[VCPT1C] +0.23 * P[VHOG1K] -0.933 * P[VKGB3G] -0.933 * P[VKGP1K] -0.933 * P[VKGS1G] -0.933 * P[VKGS2C] +0.566 * P[VKMT1K] -1 * P[VKOT1K] +0.306 * P[VMRT1M] +0.306 * P[VMRT2M] +0.706 * P[VRCS1K] +0.706 * P[VRCS2Y] +0.984 * P[VWES1B] +0.984 * P[VWES2W] -0.706 * F[V-S-MNSP1] + Z_unrepresented <= RHS(t),"Out= Nil, avoid voltage collapse for loss of Horsham - Murra Warra - Kiamal 220kV line. Murraylink VFRB disabled. Swamp if Murraylink VFRB enabled.",Voltage Stability,True,Z includes unsupported non-energy/region terms if present; not assumed zero
VSA-lower-20260310T1505,V^^V_NIL_KGTS,V^^V_NIL_KGTS|2026-02-09|1,-0.27 * F_V_SA +0.653 * P[NBK11B] +0.653 * P[NBKB3B] +0.653 * P[NBKW1S] +0.465 * P[NBL21L] +0.465 * P[NBSF1L] +0.465 * P[NBSF2S] +0.465 * P[NLMB1L] +0.669 * P[VCPT1C] +0.23 * P[VHOG1K] -0.933 * P[VKGB3G] -0.933 * P[VKGP1K] -0.933 * P[VKGS1G] -0.933 * P[VKGS2C] +0.566 * P[VKMT1K] -1 * P[VKOT1K] +0.306 * P[VMRT1M] +0.306 * P[VMRT2M] +0.706 * P[VRCS1K] +0.706 * P[VRCS2Y] +0.984 * P[VWES1B] +0.984 * P[VWES2W] -0.706 * F[V-S-MNSP1] + Z_unrepresented <= RHS(t),"Out= Nil, avoid voltage collapse for loss of Horsham - Murra Warra - Kiamal 220kV line. Murraylink VFRB disabled. Swamp if Murraylink VFRB enabled.",Voltage Stability,True,Z includes unsupported non-energy/region terms if present; not assumed zero
VSA-lower-20260410T1335,S_V_HEYWOOD_OFGS,S_V_HEYWOOD_OFGS|2025-12-15|1,-1 * F_V_SA + Z_unrepresented <= RHS(t),"Out= Nil, Limit SA to VIC total flow when SA Over Frequency Generator Shedding (OFGS) may be insufficient to contain SA frequency for double-circuit loss of Heywood IC and subsequent inter-trip of PEC-1.",Other,True,Z includes unsupported non-energy/region terms if present; not assumed zero
VSA-lower-20260410T1335,V^^V_NIL_KGTS,V^^V_NIL_KGTS|2026-02-09|1,-0.27 * F_V_SA +0.653 * P[NBK11B] +0.653 * P[NBKB3B] +0.653 * P[NBKW1S] +0.465 * P[NBL21L] +0.465 * P[NBSF1L] +0.465 * P[NBSF2S] +0.465 * P[NLMB1L] +0.669 * P[VCPT1C] +0.23 * P[VHOG1K] -0.933 * P[VKGB3G] -0.933 * P[VKGP1K] -0.933 * P[VKGS1G] -0.933 * P[VKGS2C] +0.566 * P[VKMT1K] -1 * P[VKOT1K] +0.306 * P[VMRT1M] +0.306 * P[VMRT2M] +0.706 * P[VRCS1K] +0.706 * P[VRCS2Y] +0.984 * P[VWES1B] +0.984 * P[VWES2W] -0.706 * F[V-S-MNSP1] + Z_unrepresented <= RHS(t),"Out= Nil, avoid voltage collapse for loss of Horsham - Murra Warra - Kiamal 220kV line. Murraylink VFRB disabled. Swamp if Murraylink VFRB enabled.",Voltage Stability,True,Z includes unsupported non-energy/region terms if present; not assumed zero
VSA-lower-20260513T0730,#R035695_002_RAMP_F,#R035695_002_RAMP_F|2026-05-13|1,1 * F_V_SA +1 * P[SLBB3L] +1 * P[SMAY1] +1 * P[SMAY2] +1 * P[SMAY3W] +1 * P[SPEW1] +1 * P[SPEW2] +1 * P[SSGA1] +1 * P[SSNN1] + Z_unrepresented >= RHS(t),"Hard Ramping constraint for constraint F_S++SETB_L6, Effective Date: 08/10/2024, Version: 1",FCAS,True,Z includes unsupported non-energy/region terms if present; not assumed zero
VSA-lower-20260513T0730,S:V_550_HY_TEST,S:V_550_HY_TEST|2022-10-20|1,unknown IC factor * F_V_SA + Z_unrepresented nan RHS(t),,,False,Z includes unsupported non-energy/region terms if present; not assumed zero
VSA-lower-20260519T1420,S_V_HEYWOOD_OFGS,S_V_HEYWOOD_OFGS|2025-12-15|1,-1 * F_V_SA + Z_unrepresented <= RHS(t),"Out= Nil, Limit SA to VIC total flow when SA Over Frequency Generator Shedding (OFGS) may be insufficient to contain SA frequency for double-circuit loss of Heywood IC and subsequent inter-trip of PEC-1.",Other,True,Z includes unsupported non-energy/region terms if present; not assumed zero
VSA-lower-20260519T1420,I_6F_SN_150,I_6F_SN_150|2026-02-27|1,-1 * F_V_SA +0.151 * P[SBEL1A] +0.151 * P[SBEL2P] +0.155 * P[SHDW1H] +0.155 * P[SHDW2H] +0.155 * P[SHDW3H] +0.17 * P[SHPS1] +0.17 * P[SHPS2W] -0.515 * P[SLBB3L] -0.515 * P[SMAY1] -0.515 * P[SMAY2] -0.515 * P[SMAY3W] +0.186 * P[SMOK1H] +0.155 * P[SMTL3H] +0.169 * P[SMW11M] +0.169 * P[SMW21M] +0.169 * P[SMW31M] +0.156 * P[SMW41M] -0.473 * P[SPEW1] -0.473 * P[SPEW2] +0.201 * P[SRAB1G] +0.201 * P[SROB1G] -0.515 * P[SSGA1] -0.515 * P[SSNN1] +0.155 * P[SWGL1W] +0.169 * F[V-S-MNSP1] + Z_unrepresented <= RHS(t),Discretionary limit of 150 MW on Bundey to Buronga (6F) 330 kV Line (SA to NSW),Discretionary,True,Z includes unsupported non-energy/region terms if present; not assumed zero
VSA-lower-20260519T1420,V^^V_NIL_KGTS,V^^V_NIL_KGTS|2026-02-09|1,-0.27 * F_V_SA +0.653 * P[NBK11B] +0.653 * P[NBKB3B] +0.653 * P[NBKW1S] +0.465 * P[NBL21L] +0.465 * P[NBSF1L] +0.465 * P[NBSF2S] +0.465 * P[NLMB1L] +0.669 * P[VCPT1C] +0.23 * P[VHOG1K] -0.933 * P[VKGB3G] -0.933 * P[VKGP1K] -0.933 * P[VKGS1G] -0.933 * P[VKGS2C] +0.566 * P[VKMT1K] -1 * P[VKOT1K] +0.306 * P[VMRT1M] +0.306 * P[VMRT2M] +0.706 * P[VRCS1K] +0.706 * P[VRCS2Y] +0.984 * P[VWES1B] +0.984 * P[VWES2W] -0.706 * F[V-S-MNSP1] + Z_unrepresented <= RHS(t),"Out= Nil, avoid voltage collapse for loss of Horsham - Murra Warra - Kiamal 220kV line. Murraylink VFRB disabled. Swamp if Murraylink VFRB enabled.",Voltage Stability,True,Z includes unsupported non-energy/region terms if present; not assumed zero
VSA-lower-20260604T1640,V>>NIL_MLGT_MLGT,V>>NIL_MLGT_MLGT|2026-05-28|1,-0.433 * F_V_SA +0.358 * P[NBK11B] +0.358 * P[NBKB3B] +0.358 * P[NBKW1S] +0.255 * P[NBL21L] +0.255 * P[NBSF1L] +0.255 * P[NBSF2S] +0.255 * P[NLMB1L] +0.153 * P[NMUR8] +0.837 * P[VART1A] -0.564 * P[VAT21L] -0.564 * P[VAT22L] +0.824 * P[VBA23B] +0.822 * P[VBAW1Y] +0.869 * P[VBBT1B] +0.869 * P[VBBT2B] +0.815 * P[VBGT1B] +0.815 * P[VBGT4B] +0.548 * P[VCPT1C] +0.829 * P[VCWL1C] +0.932 * P[VELT1M] +0.932 * P[VELT2M] +0.932 * P[VELT3E] +0.24 * P[VGET1G] +0.224 * P[VGN21G] +0.22 * P[VGN61M] +0.22 * P[VGNS1G] +0.22 * P[VGNS2W] +0.38 * P[VGP21G] +0.38 * P[VGP22G] +0.38 * P[VGPT1G] +0.38 * P[VGPT2G] +0.38 * P[VGPT3G] -0.735 * P[VGTW1M] +0.381 * P[VHGT1S] +0.76 * P[VHOG1K] +0.151 * P[VHUM] +0.578 * P[VKGB3G] +0.578 * P[VKGP1K] +0.578 * P[VKGS1G] +0.578 * P[VKGS2C] +0.598 * P[VKMT1K] +0.575 * P[VKOT1K] +0.382 * P[VM041M] +0.382 * P[VM051D] +0.382 * P[VM052D] +0.382 * P[VM053D] +0.382 * P[VM0P1O] +0.382 * P[VM0P2O] +1 * P[VMLB3V] +0.726 * P[VMRT1M] +0.726 * P[VMRT2M] -0.186 * P[VNPS] +0.268 * P[VPLT1P] +0.155 * P[VPR21M] +0.155 * P[VPR31M] +0.155 * P[VPRT1M] +0.529 * P[VRCS1K] +0.529 * P[VRCS2Y] +0.278 * P[VSHS1N] +0.278 * P[VSHS2G] +0.278 * P[VSHS2W] +0.278 * P[VSHS3L] +0.838 * P[VTG21M] +0.838 * P[VTG31T] +0.685 * P[VTG61S] +0.685 * P[VTGT3A] +0.384 * P[VTR11H] +0.384 * P[VTR31R] +0.384 * P[VTRT1M] +0.542 * P[VWES1B] +0.542 * P[VWES2W] -0.529 * F[V-S-MNSP1] -0.159 * F[VIC1-NSW1] + Z_unrepresented <= RHS(t),"Out = NIL, avoid O/L Moorabool to Geelong #1 or #2 on trip of other Moorabool to Geelong line, Feedback",Thermal,True,Z includes unsupported non-energy/region terms if present; not assumed zero
VSA-lower-20260604T1640,V>>NIL_MLGT_MLGT,V>>NIL_MLGT_MLGT|2026-06-04|1,-0.433 * F_V_SA +0.358 * P[NBKB3B] +0.358 * P[NBK11B] +0.358 * P[NBKW1S] +0.255 * P[NBL21L] +0.255 * P[NBSF1L] +0.255 * P[NBSF2S] +0.255 * P[NLMB1L] +0.153 * P[NMUR8] +0.837 * P[VART1A] -0.564 * P[VAT21L] -0.564 * P[VAT22L] +0.824 * P[VBA23B] +0.822 * P[VBAW1Y] +0.869 * P[VBBT1B] +0.869 * P[VBBT2B] +0.815 * P[VBGT1B] +0.815 * P[VBGT4B] +0.548 * P[VCPT1C] +0.829 * P[VCWL1C] +0.932 * P[VELT1M] +0.932 * P[VELT2M] +0.932 * P[VELT3E] +0.24 * P[VGET1G] +0.224 * P[VGN21G] +0.22 * P[VGN61M] +0.22 * P[VGNS1G] +0.22 * P[VGNS2W] +0.38 * P[VGP21G] +0.38 * P[VGP22G] +0.38 * P[VGPT1G] +0.38 * P[VGPT2G] +0.38 * P[VGPT3G] -0.735 * P[VGTW1M] +0.381 * P[VHGT1S] +0.76 * P[VHOG1K] +0.151 * P[VHUM] +0.578 * P[VKGB3G] +0.578 * P[VKGP1K] +0.578 * P[VKGS1G] +0.578 * P[VKGS2C] +0.598 * P[VKMT1K] +0.575 * P[VKOT1K] +0.382 * P[VM041M] +0.382 * P[VM051D] +0.382 * P[VM052D] +0.382 * P[VM053D] +0.382 * P[VM0P1O] +0.382 * P[VM0P2O] +1 * P[VMLB3V] +0.726 * P[VMRT1M] +0.726 * P[VMRT2M] -0.186 * P[VNPS] +0.268 * P[VPLT1P] +0.155 * P[VPR21M] +0.155 * P[VPR31M] +0.155 * P[VPRT1M] +0.529 * P[VRCS1K] +0.529 * P[VRCS2Y] +0.278 * P[VSHS1N] +0.278 * P[VSHS2G] +0.278 * P[VSHS2W] +0.278 * P[VSHS3L] +0.838 * P[VTG21M] +0.838 * P[VTG31T] +0.685 * P[VTG61S] +0.685 * P[VTGT3A] +0.384 * P[VTR11H] +0.384 * P[VTR31R] +0.384 * P[VTRT1M] +0.542 * P[VWES1B] +0.542 * P[VWES2W] -0.529 * F[V-S-MNSP1] -0.159 * F[VIC1-NSW1] + Z_unrepresented <= RHS(t),"Out = NIL, avoid O/L Moorabool to Geelong #1 or #2 on trip of other Moorabool to Geelong line, Feedback",Thermal,True,Z includes unsupported non-energy/region terms if present; not assumed zero
VSA-lower-20260713T0720,V>>NIL_SMTX_SMTX_R5,V>>NIL_SMTX_SMTX_R5|2026-07-04|1,-0.466 * F_V_SA +1 * P[NBK11B] +1 * P[NBKB3B] +1 * P[NBKW1S] +0.712 * P[NBL21L] +0.712 * P[NBSF1L] +0.712 * P[NBSF2S] +0.712 * P[NLMB1L] -0.877 * P[NMUR8] +0.444 * P[VART1A] +0.493 * P[VAT21L] +0.493 * P[VAT22L] +0.496 * P[VBA23B] +0.496 * P[VBAW1Y] +0.519 * P[VBBT1B] +0.519 * P[VBBT2B] +0.423 * P[VBGT1B] +0.423 * P[VBGT4B] +0.382 * P[VCB33R] +0.162 * P[VCPT1C] +0.436 * P[VCWL1C] -0.627 * P[VDPS] +0.532 * P[VELT1M] +0.532 * P[VELT2M] +0.532 * P[VELT3E] -0.189 * P[VEPS1] -0.189 * P[VEPS2] -0.607 * P[VGET1G] -0.634 * P[VGN21G] -0.634 * P[VGN61M] -0.634 * P[VGNS1G] -0.634 * P[VGNS2W] +0.674 * P[VGP21G] +0.674 * P[VGP22G] +0.674 * P[VGPT1G] +0.674 * P[VGPT2G] +0.674 * P[VGPT3G] +0.566 * P[VGTW1M] +0.669 * P[VHGT1S] +0.374 * P[VHOG1K] -0.882 * P[VHUM] +0.676 * P[VHW23H] +0.676 * P[VJL21W] +0.676 * P[VJLGA1] +0.676 * P[VJLGA2] +0.676 * P[VJLGA3] +0.676 * P[VJLGA4] +0.676 * P[VJLGB1] +0.676 * P[VJLGB2] +0.676 * P[VJLGB3] +0.212 * P[VKMT1K] +0.676 * P[VLYP010] +0.676 * P[VLYP011] +0.676 * P[VLYP012] +0.676 * P[VLYP07] +0.676 * P[VLYP08] +0.676 * P[VLYP09] +0.676 * P[VLYP4] +0.676 * P[VLYP1] +0.676 * P[VLYP2] +0.676 * P[VLYP3] +0.676 * P[VLYP5] +0.676 * P[VLYP6] +0.663 * P[VM041M] +0.663 * P[VM051D] +0.663 * P[VM052D] +0.663 * P[VM053D] +0.663 * P[VM0P1O] +0.663 * P[VM0P2O] -0.627 * P[VMKP1] +0.593 * P[VMLB3V] +0.338 * P[VMRT1M] +0.338 * P[VMRT2M] +0.676 * P[VMW61L] +0.676 * P[VMWT12] +0.676 * P[VMWT2] +0.676 * P[VMWT3] +0.676 * P[VMWT9B] +0.24 * P[VNPS] -0.556 * P[VPLT1P] +0.717 * P[VPR21M] +0.717 * P[VPR31M] +0.717 * P[VPRT1M] -0.537 * P[VSHS1N] -0.537 * P[VSHS2G] -0.537 * P[VSHS2W] -0.537 * P[VSHS3L] -0.212 * P[VSM71C] +0.382 * P[VTB21M] +0.539 * P[VTG21M] +0.539 * P[VTG31T] +0.542 * P[VTG61S] +0.542 * P[VTGT3A] +0.658 * P[VTR11H] +0.658 * P[VTR31R] +0.658 * P[VTRT1M] -0.212 * P[VTTS1] -0.627 * P[VWKP1] +0.676 * P[VYP21] +0.251 * P[VYP22] +0.251 * P[VYP23] +0.251 * P[VYP24] +0.676 * F[T-V-MNSP1] +0.862 * F[VIC1-NSW1] + Z_unrepresented <= RHS(t),"Out= Nil, avoid O/L the remaining South Morang 500/330kV F transformer on trip of one South Morang 500/330kV F transformer, radial mode, Yallourn W1 on 500kV mode, Feedback",Thermal,True,Z includes unsupported non-energy/region terms if present; not assumed zero
VSA-lower-20260713T0720,V>>NIL_MLGT_MLGT,V>>NIL_MLGT_MLGT|2026-07-04|1,-0.433 * F_V_SA +0.358 * P[NBK11B] +0.358 * P[NBKB3B] +0.358 * P[NBKW1S] +0.255 * P[NBL21L] +0.255 * P[NBSF1L] +0.255 * P[NBSF2S] +0.255 * P[NLMB1L] +0.153 * P[NMUR8] +0.837 * P[VART1A] -0.564 * P[VAT21L] -0.564 * P[VAT22L] +0.824 * P[VBA23B] +0.822 * P[VBAW1Y] +0.869 * P[VBBT1B] +0.869 * P[VBBT2B] +0.815 * P[VBGT1B] +0.815 * P[VBGT4B] +0.548 * P[VCPT1C] +0.829 * P[VCWL1C] +0.932 * P[VELT1M] +0.932 * P[VELT2M] +0.932 * P[VELT3E] +0.24 * P[VGET1G] +0.224 * P[VGN21G] +0.22 * P[VGN61M] +0.22 * P[VGNS1G] +0.22 * P[VGNS2W] +0.38 * P[VGP21G] +0.38 * P[VGP22G] +0.38 * P[VGPT1G] +0.38 * P[VGPT2G] +0.38 * P[VGPT3G] -0.735 * P[VGTW1M] +0.381 * P[VHGT1S] +0.76 * P[VHOG1K] +0.151 * P[VHUM] +0.578 * P[VKGB3G] +0.578 * P[VKGP1K] +0.578 * P[VKGS1G] +0.578 * P[VKGS2C] +0.598 * P[VKMT1K] +0.575 * P[VKOT1K] +0.382 * P[VM041M] +0.382 * P[VM051D] +0.382 * P[VM052D] +0.382 * P[VM053D] +0.382 * P[VM0P1O] +0.382 * P[VM0P2O] +1 * P[VMLB3V] +0.726 * P[VMRT1M] +0.726 * P[VMRT2M] -0.186 * P[VNPS] +0.268 * P[VPLT1P] +0.155 * P[VPR21M] +0.155 * P[VPR31M] +0.155 * P[VPRT1M] +0.529 * P[VRCS1K] +0.529 * P[VRCS2Y] +0.278 * P[VSHS1N] +0.278 * P[VSHS2G] +0.278 * P[VSHS2W] +0.278 * P[VSHS3L] +0.838 * P[VTG21M] +0.838 * P[VTG31T] +0.685 * P[VTG61S] +0.685 * P[VTGT3A] +0.384 * P[VTR11H] +0.384 * P[VTR31R] +0.384 * P[VTRT1M] +0.542 * P[VWES1B] +0.542 * P[VWES2W] -0.529 * F[V-S-MNSP1] -0.159 * F[VIC1-NSW1] + Z_unrepresented <= RHS(t),"Out = NIL, avoid O/L Moorabool to Geelong #1 or #2 on trip of other Moorabool to Geelong line, Feedback",Thermal,True,Z includes unsupported non-energy/region terms if present; not assumed zero
VSA-lower-20260728T1110,S_V_HEYWOOD_OFGS,S_V_HEYWOOD_OFGS|2025-12-15|1,-1 * F_V_SA + Z_unrepresented <= RHS(t),"Out= Nil, Limit SA to VIC total flow when SA Over Frequency Generator Shedding (OFGS) may be insufficient to contain SA frequency for double-circuit loss of Heywood IC and subsequent inter-trip of PEC-1.",Other,True,Z includes unsupported non-energy/region terms if present; not assumed zero
VSA-lower-20260728T1110,V^^V_NIL_KGTS,V^^V_NIL_KGTS|2026-07-04|1,-0.27 * F_V_SA +0.653 * P[NBK11B] +0.653 * P[NBKB3B] +0.653 * P[NBKW1S] +0.465 * P[NBL21L] +0.465 * P[NBSF1L] +0.465 * P[NBSF2S] +0.465 * P[NLMB1L] +0.669 * P[VCPT1C] +0.23 * P[VHOG1K] -0.933 * P[VKGB3G] -0.933 * P[VKGP1K] -0.933 * P[VKGS1G] -0.933 * P[VKGS2C] +0.566 * P[VKMT1K] -1 * P[VKOT1K] +0.306 * P[VMRT1M] +0.306 * P[VMRT2M] +0.706 * P[VRCS1K] +0.706 * P[VRCS2Y] +0.984 * P[VWES1B] +0.984 * P[VWES2W] -0.706 * F[V-S-MNSP1] + Z_unrepresented <= RHS(t),"Out= Nil, avoid voltage collapse for loss of Horsham - Murra Warra - Kiamal 220kV line. Murraylink VFRB disabled. Swamp if Murraylink VFRB enabled.",Voltage Stability,True,Z includes unsupported non-energy/region terms if present; not assumed zero
VSA-lower-20260728T1110,CA_SYDS_597A8B26_2,CA_SYDS_597A8B26_2|2026-07-28|1,-0.1688 * F_V_SA +0.3408 * P[NBK11B] +0.3408 * P[NBKB3B] +0.3408 * P[NBKW1S] +0.2418 * P[NBL21L] +0.2418 * P[NBSF1L] +0.2418 * P[NBSF2S] +0.2418 * P[NLMB1L] +0.9352 * P[VART1A] +1 * P[VBA23B] +0.9992 * P[VBAW1Y] +0.8098 * P[VBBT1B] +0.8098 * P[VBBT2B] +0.9011 * P[VBGT1B] +0.9011 * P[VBGT4B] +0.9221 * P[VCWL1C] +0.215 * P[VGET1G] +0.196 * P[VGN21G] +0.1931 * P[VGN61M] +0.1931 * P[VGNS1G] +0.1931 * P[VGNS2W] +0.2391 * P[VGTW1M] +0.8203 * P[VHOG1K] +0.5871 * P[VKGB3G] +0.5871 * P[VKGP1K] +0.5871 * P[VKGS1G] +0.5871 * P[VKGS2C] +0.5732 * P[VKMT1K] +0.4672 * P[VRCS2Y] +0.5793 * P[VKOT1K] +0.7683 * P[VMRT2M] +0.4672 * P[VRCS1K] +0.2616 * P[VSHS1N] +0.2616 * P[VSHS2G] +0.2616 * P[VSHS2W] +0.5681 * P[VTG21M] +0.5427 * P[VTG61S] +0.5427 * P[VTGT3A] +0.4993 * P[VWES1B] +0.4993 * P[VWES2W] -0.4672 * F[V-S-MNSP1] + Z_unrepresented <= RHS(t),"Constraint Automation, O/L BATS_MLTS1_220:LML1:I:220@BATS@VIC for CTG LVDX on trip of ELTS-MLTS 220KV LINE.  Generated by STNET[NORCR2] Host NORREGEEMP7(EMPSYD)",Thermal,True,Z includes unsupported non-energy/region terms if present; not assumed zero
VSA-lower-20260817T1105,V^^V_NIL_KGTS,V^^V_NIL_KGTS|2026-07-04|1,-0.27 * F_V_SA +0.653 * P[NBK11B] +0.653 * P[NBKB3B] +0.653 * P[NBKW1S] +0.465 * P[NBL21L] +0.465 * P[NBSF1L] +0.465 * P[NBSF2S] +0.465 * P[NLMB1L] +0.669 * P[VCPT1C] +0.23 * P[VHOG1K] -0.933 * P[VKGB3G] -0.933 * P[VKGP1K] -0.933 * P[VKGS1G] -0.933 * P[VKGS2C] +0.566 * P[VKMT1K] -1 * P[VKOT1K] +0.306 * P[VMRT1M] +0.306 * P[VMRT2M] +0.706 * P[VRCS1K] +0.706 * P[VRCS2Y] +0.984 * P[VWES1B] +0.984 * P[VWES2W] -0.706 * F[V-S-MNSP1] + Z_unrepresented <= RHS(t),"Out= Nil, avoid voltage collapse for loss of Horsham - Murra Warra - Kiamal 220kV line. Murraylink VFRB disabled. Swamp if Murraylink VFRB enabled.",Voltage Stability,True,Z includes unsupported non-energy/region terms if present; not assumed zero
VSA-lower-20260826T0850,S_V_HEYWOOD_OFGS,S_V_HEYWOOD_OFGS|2025-12-15|1,-1 * F_V_SA + Z_unrepresented <= RHS(t),"Out= Nil, Limit SA to VIC total flow when SA Over Frequency Generator Shedding (OFGS) may be insufficient to contain SA frequency for double-circuit loss of Heywood IC and subsequent inter-trip of PEC-1.",Other,True,Z includes unsupported non-energy/region terms if present; not assumed zero
VSA-lower-20260826T0850,V^^V_NIL_KGTS,V^^V_NIL_KGTS|2026-07-04|1,-0.27 * F_V_SA +0.653 * P[NBK11B] +0.653 * P[NBKB3B] +0.653 * P[NBKW1S] +0.465 * P[NBL21L] +0.465 * P[NBSF1L] +0.465 * P[NBSF2S] +0.465 * P[NLMB1L] +0.669 * P[VCPT1C] +0.23 * P[VHOG1K] -0.933 * P[VKGB3G] -0.933 * P[VKGP1K] -0.933 * P[VKGS1G] -0.933 * P[VKGS2C] +0.566 * P[VKMT1K] -1 * P[VKOT1K] +0.306 * P[VMRT1M] +0.306 * P[VMRT2M] +0.706 * P[VRCS1K] +0.706 * P[VRCS2Y] +0.984 * P[VWES1B] +0.984 * P[VWES2W] -0.706 * F[V-S-MNSP1] + Z_unrepresented <= RHS(t),"Out= Nil, avoid voltage collapse for loss of Horsham - Murra Warra - Kiamal 220kV line. Murraylink VFRB disabled. Swamp if Murraylink VFRB enabled.",Voltage Stability,True,Z includes unsupported non-energy/region terms if present; not assumed zero
VSA-upper-20240904T1715,V_S_NIL_ROCOF,V_S_NIL_ROCOF|2024-09-03|1,1 * F_V_SA + Z_unrepresented <= RHS(t),"Out = NIL, limit VIC to SA Heywood interconnection flow to prevent Rate of Change of Frequency exceeding 2 Hz/sec in SA immediately following loss of Heywood interconnector. Heywood limit increased by 24 MW when Dalrymple BESS is charging.",ROC Frequency,True,Z includes unsupported non-energy/region terms if present; not assumed zero
VSA-upper-20240904T1715,V::N_NIL_O1,V::N_NIL_O1|2024-07-10|1,unknown IC factor * F_V_SA + Z_unrepresented nan RHS(t),,,False,Z includes unsupported non-energy/region terms if present; not assumed zero
VSA-upper-20240904T1715,V::N_NIL_O1,V::N_NIL_O1|2024-09-04|1,0.354 * F_V_SA +0.236 * P[NAL11C] +0.236 * P[NBK11B] +0.236 * P[NBKB3B] +0.236 * P[NBKW1S] +0.236 * P[NBL21L] +0.236 * P[NBSF1L] +0.236 * P[NBSF2S] +0.236 * P[NCLS1C] +0.236 * P[NDNH1H] +0.236 * P[NDNS1D] +0.236 * P[NFNS1F] -0.763 * P[NMUR8] -0.358 * P[VART1A] -0.358 * P[VBA21B] +0.358 * P[VBA22B] -0.358 * P[VBA23B] -0.358 * P[VBAW1Y] -0.358 * P[VBBT1B] -0.358 * P[VBBT2B] -0.358 * P[VBGT1B] -0.358 * P[VBGT2B] +0.358 * P[VBGT3B] -0.358 * P[VBGT4B] -0.358 * P[VCB33R] -0.358 * P[VELT2M] -0.358 * P[VCWL1C] -0.948 * P[VDPS] -0.358 * P[VELT1M] -0.358 * P[VELT3E] -0.358 * P[VGN21G] -0.358 * P[VGNS1G] -0.358 * P[VGNS2W] -0.358 * P[VGTW1M] -0.358 * P[VHOG1K] -0.358 * P[VHW21H] +0.358 * P[VHW22H] -0.358 * P[VHW23H] -0.358 * P[VKGB1G] +0.358 * P[VKGB2G] -0.358 * P[VKGB3G] -0.358 * P[VKGS1G] -0.358 * P[VKGS2C] -0.358 * P[VKMT1K] -0.948 * P[VMKP1] -0.358 * P[VMLB1V] +0.358 * P[VMLB2V] -0.358 * P[VMLB3V] -0.358 * P[VMRT1M] -0.358 * P[VMRT2M] -0.358 * P[VMWT10] +0.358 * P[VMWT11] -0.358 * P[VMWT12] -0.358 * P[VMWT9B] -0.358 * P[VRCS1K] -0.358 * P[VRCS2Y] -0.358 * P[VSHS1N] -0.358 * P[VSHS2G] -0.358 * P[VSHS2W] -0.358 * P[VSM71C] -0.358 * P[VTG21M] -0.358 * P[VTG61S] -0.358 * P[VTGT3A] -0.358 * P[VTR11H] -0.358 * P[VTR31R] -0.358 * P[VTRT1M] -0.358 * P[VWES1B] -0.358 * P[VWES2W] -0.948 * P[VWKP1] -0.948 * P[VWKP2] -0.311 * P[VYP21] -0.311 * P[VYP22] -0.311 * P[VYP23] -0.311 * P[VYP24] -0.319 * F[T-V-MNSP1] +0.539 * F[V-S-MNSP1] +1 * F[VIC1-NSW1] + Z_unrepresented <= RHS(t),"Out = NIL, prevent transient instability for fault and trip of a HWTS-SMTS 500 kV line, Other than VIC accelerates. Yallourn W G1 on 220kV.",Transient Stability,True,Z includes unsupported non-energy/region terms if present; not assumed zero
VSA-upper-20240904T1715,V::N_NIL_V1,V::N_NIL_V1|2024-07-10|1,unknown IC factor * F_V_SA + Z_unrepresented nan RHS(t),,,False,Z includes unsupported non-energy/region terms if present; not assumed zero
VSA-upper-20240904T1715,V::N_NIL_V1,V::N_NIL_V1|2024-09-04|1,0.478 * F_V_SA +0.117 * P[NAL11C] +0.117 * P[NBK11B] +0.117 * P[NBKB3B] +0.117 * P[NBKW1S] +0.117 * P[NBL21L] +0.117 * P[NBSF1L] +0.117 * P[NBSF2S] +0.117 * P[NCLS1C] +0.117 * P[NDNH1H] +0.117 * P[NDNS1D] +0.117 * P[NFNS1F] -0.786 * P[NMUR8] -0.432 * P[VART1A] -0.432 * P[VBA21B] +0.432 * P[VBA22B] -0.432 * P[VBA23B] -0.432 * P[VBAW1Y] -0.432 * P[VBBT1B] -0.432 * P[VBBT2B] -0.432 * P[VBGT1B] -0.432 * P[VBGT2B] +0.432 * P[VBGT3B] -0.432 * P[VBGT4B] -0.432 * P[VCB33R] -0.432 * P[VCWL1C] -0.896 * P[VDPS] -0.432 * P[VELT1M] -0.432 * P[VELT2M] -0.432 * P[VELT3E] -0.432 * P[VGN21G] -0.432 * P[VGNS1G] -0.432 * P[VGNS2W] -0.432 * P[VGTW1M] -0.432 * P[VHOG1K] -0.432 * P[VHW21H] +0.432 * P[VHW22H] -0.432 * P[VHW23H] -0.432 * P[VKGB1G] +0.432 * P[VKGB2G] -0.432 * P[VKGB3G] -0.432 * P[VKGS1G] -0.432 * P[VKGS2C] -0.432 * P[VKMT1K] -0.896 * P[VMKP1] -0.432 * P[VMLB1V] +0.432 * P[VMLB2V] -0.432 * P[VMLB3V] -0.432 * P[VMRT1M] -0.432 * P[VMRT2M] -0.432 * P[VMWT10] +0.432 * P[VMWT11] -0.432 * P[VMWT12] -0.432 * P[VMWT9B] -0.432 * P[VRCS1K] -0.432 * P[VRCS2Y] -0.432 * P[VSHS1N] -0.432 * P[VSHS2G] -0.432 * P[VSHS2W] -0.432 * P[VSM71C] -0.432 * P[VTG21M] -0.432 * P[VTG61S] -0.432 * P[VTGT3A] -0.432 * P[VTR11H] -0.432 * P[VTR31R] -0.432 * P[VTRT1M] -0.432 * P[VWES1B] -0.432 * P[VWES2W] -0.896 * P[VWKP1] -0.896 * P[VWKP2] -0.36 * P[VYP21] -0.36 * P[VYP22] -0.36 * P[VYP23] -0.36 * P[VYP24] -0.398 * F[T-V-MNSP1] +0.492 * F[V-S-MNSP1] +1 * F[VIC1-NSW1] + Z_unrepresented <= RHS(t),"Out = NIL, prevent transient instability for fault and trip of a HWTS-SMTS 500 kV line, VIC accelerates. Yallourn W G1 on 220kV.",Transient Stability,True,Z includes unsupported non-energy/region terms if present; not assumed zero
VSA-upper-20241017T1430,S>>NIL_RBTU_RBTU,S>>NIL_RBTU_RBTU|2024-10-04|1,0.212 * F_V_SA +0.755 * P[SBEL1A] +0.755 * P[SBEL2P] +0.573 * P[SBEM1B] +0.573 * P[SBEM2B] +0.244 * P[SBLWS1] +0.244 * P[SBLWS2] +0.244 * P[SBYW1B] +0.429 * P[SCGW1P] +0.573 * P[SCRK] +0.518 * P[SDAN3D] +0.573 * P[SDAP1P] +0.573 * P[SDAP2P] +0.205 * P[SDRN1] +0.771 * P[SHDW1H] +0.771 * P[SHDW2H] +0.771 * P[SHDW3H] +0.845 * P[SHPS1] +0.845 * P[SHPS2W] +0.0864 * P[SLBB1L] -0.0864 * P[SLBB2L] +0.0864 * P[SLBB3L] +0.573 * P[SLGW1L] +0.573 * P[SLGW2L] -0.573 * P[SLGW3L] +0.573 * P[SLGW4L] +0.0865 * P[SMAY1] +0.0864 * P[SMAY2] +0.0864 * P[SMAY3W] +0.925 * P[SMOK1H] +0.543 * P[SMPS] +0.771 * P[SMTL3H] +0.573 * P[SMTM1] +0.847 * P[SMW11M] +0.847 * P[SMW21M] +0.847 * P[SMW31M] +0.783 * P[SMW41M] +0.483 * P[SNWF1T] +0.0778 * P[SPEW1] +0.0778 * P[SPEW2] +0.573 * P[SPL31P] +0.573 * P[SPLN1] +1 * P[SRAB1G] +1 * P[SROB1G] +0.0865 * P[SSGA1] +0.0865 * P[SSNN1] +0.518 * P[SSYP1] +0.775 * P[SWGL1W] +0.624 * P[SWLE] +0.847 * F[V-S-MNSP1] + Z_unrepresented <= RHS(t),"Out= NIL, avoid O/L Robertstown-Tungkillo 275kV line 1 or 2 on trip of parallel Robertstown-Tungkillo 275kV line 2 or 1, Feedback",Thermal,True,Z includes unsupported non-energy/region terms if present; not assumed zero
VSA-upper-20241017T1430,V_S_HEYWOOD_UFLS,V_S_HEYWOOD_UFLS|2024-10-08|1,1 * F_V_SA + Z_unrepresented <= RHS(t),"Out= Nil, Limit Heywood flows when SA under frequency load shedding (UFLS) is insufficient (i.e. when UFLS blocks in SA <1000 MW) to manage for double-circuit loss of Heywood IC. Note: Constraint is swamped if UFLS blocks >= 1000 MW.",Other,True,Z includes unsupported non-energy/region terms if present; not assumed zero
VSA-upper-20241026T1500,V_S_HEYWOOD_UFLS,V_S_HEYWOOD_UFLS|2024-10-08|1,1 * F_V_SA + Z_unrepresented <= RHS(t),"Out= Nil, Limit Heywood flows when SA under frequency load shedding (UFLS) is insufficient (i.e. when UFLS blocks in SA <1000 MW) to manage for double-circuit loss of Heywood IC. Note: Constraint is swamped if UFLS blocks >= 1000 MW.",Other,True,Z includes unsupported non-energy/region terms if present; not assumed zero
VSA-upper-20241106T1440,V>>NIL_ARTSTL_ARCW,V>>NIL_ARTSTL_ARCW|2024-11-04|1,0.079 * F_V_SA -0.246 * P[NBK11B] -0.246 * P[NBKB3B] -0.246 * P[NBKW1S] -0.175 * P[NBL21L] -0.175 * P[NBSF1L] -0.175 * P[NBSF2S] +0.168 * P[VBA23B] +0.171 * P[VBAW1Y] -0.753 * P[VBGT4B] -1 * P[VHOG1K] -0.123 * P[VKGS2C] -0.123 * P[VKGB3G] -0.123 * P[VKGP1K] -0.123 * P[VKGS1G] -0.548 * P[VKMT1K] -0.283 * P[VRCS1K] -0.283 * P[VRCS2Y] -0.24 * P[VWES1B] -0.24 * P[VWES2W] +0.283 * F[V-S-MNSP1] + Z_unrepresented <= RHS(t),"Out = Nil, avoid O/L Ararat to Stawell 66kV line for loss of the Ararat to Crowlands 220kV line, swamped if BATS-HOTS 66 kV tie opened, or with BGR tie splitting scheme in service, Feedback",Thermal,True,Z includes unsupported non-energy/region terms if present; not assumed zero
VSA-upper-20241106T1440,I_6F_NS_000,I_6F_NS_000|2024-11-06|1,1 * F_V_SA +0.937 * P[NBK11B] +0.937 * P[NBKB3B] +0.937 * P[NBKW1S] +0.666 * P[NBL21L] +0.666 * P[NBSF1L] +0.666 * P[NBSF2S] +0.122 * P[NCLS1C] +0.127 * P[NDNH1H] +0.127 * P[NDNS1D] +0.0961 * P[NMUR8] +0.0778 * P[NNRN1A] +0.127 * P[NRB23R] +0.127 * P[NRBB3R] +0.127 * P[NRDP3D] +0.232 * P[VART1A] +0.0856 * P[VBA23B] +0.0858 * P[VBAW1Y] +0.285 * P[VBGT1B] +0.285 * P[VBGT4B] +0.251 * P[VCWL1C] +0.1 * P[VGN61M] +0.1 * P[VGNS1G] -0.0793 * P[VHGT1S] +0.41 * P[VHOG1K] +0.0907 * P[VHUM] +0.506 * P[VKGB3G] +0.506 * P[VKGP1K] +0.506 * P[VKGS1G] +0.506 * P[VKGS2C] +0.826 * P[VKMT1K] +0.538 * P[VKOT1K] -0.108 * P[VM051D] -0.108 * P[VM052D] -0.108 * P[VM053D] -0.108 * P[VM0P1O] -0.108 * P[VM0P2O] +0.503 * P[VMRT1M] +0.503 * P[VMRT2M] +1 * P[VRCS1K] +1 * P[VRCS2Y] +0.123 * P[VSHS1N] -0.13 * P[VTRT1M] +0.868 * P[VWES1B] +0.868 * P[VWES2W] -1 * F[V-S-MNSP1] -0.112 * F[VIC1-NSW1] + Z_unrepresented <= RHS(t),Discretionary limit of 0 MW on Buronga to Bundey (6F) 330 kV Line (NSW to SA),Discretionary,True,Z includes unsupported non-energy/region terms if present; not assumed zero
VSA-upper-20241217T0735,V_S_NIL_ROCOF,V_S_NIL_ROCOF|2024-09-03|1,1 * F_V_SA + Z_unrepresented <= RHS(t),"Out = NIL, limit VIC to SA Heywood interconnection flow to prevent Rate of Change of Frequency exceeding 2 Hz/sec in SA immediately following loss of Heywood interconnector. Heywood limit increased by 24 MW when Dalrymple BESS is charging.",ROC Frequency,True,Z includes unsupported non-energy/region terms if present; not assumed zero
VSA-upper-20241217T0735,V::N_NIL_O2,V::N_NIL_O2|2024-10-31|1,0.354 * F_V_SA +0.236 * P[NAL11C] +0.236 * P[NBK11B] +0.236 * P[NBKB3B] +0.236 * P[NBKW1S] +0.236 * P[NBL21L] +0.236 * P[NBSF1L] +0.236 * P[NBSF2S] +0.236 * P[NCLS1C] +0.236 * P[NDNH1H] +0.236 * P[NDNS1D] +0.236 * P[NFNS1F] -0.763 * P[NMUR8] -0.358 * P[VART1A] -0.358 * P[VBA23B] -0.358 * P[VBAW1Y] -0.358 * P[VBBT1B] -0.358 * P[VBBT2B] -0.358 * P[VBGT1B] -0.358 * P[VBGT4B] -0.358 * P[VCB33R] -0.358 * P[VCWL1C] -0.948 * P[VDPS] -0.358 * P[VELT1M] -0.358 * P[VELT2M] -0.358 * P[VELT3E] -0.358 * P[VGN21G] -0.358 * P[VGN61M] -0.358 * P[VGNS1G] -0.358 * P[VGNS2W] -0.358 * P[VGTW1M] -0.358 * P[VHOG1K] -0.358 * P[VHW23H] -0.358 * P[VKGB3G] -0.358 * P[VKGP1K] -0.358 * P[VKGS1G] -0.358 * P[VKGS2C] -0.358 * P[VKMT1K] -0.358 * P[VKOT1K] -0.948 * P[VMKP1] -0.358 * P[VMLB3V] -0.358 * P[VMRT1M] -0.358 * P[VMRT2M] -0.358 * P[VMWT12] -0.358 * P[VMWT9B] -0.358 * P[VRCS1K] -0.358 * P[VRCS2Y] -0.358 * P[VSHS1N] -0.358 * P[VSHS2G] -0.358 * P[VSHS2W] -0.358 * P[VSM71C] -0.358 * P[VTG21M] -0.358 * P[VTG61S] -0.358 * P[VTGT3A] -0.358 * P[VTR11H] -0.358 * P[VTR31R] -0.358 * P[VTRT1M] -0.358 * P[VWES1B] -0.358 * P[VWES2W] -0.948 * P[VWKP1] -0.948 * P[VWKP2] -0.311 * P[VYP22] -0.311 * P[VYP23] -0.311 * P[VYP24] -0.319 * F[T-V-MNSP1] +0.539 * F[V-S-MNSP1] +1 * F[VIC1-NSW1] + Z_unrepresented <= RHS(t),"Out = NIL, prevent transient instability for fault and trip of a HWTS-SMTS 500 kV line, Other than VIC accelerates. Yallourn W G1 on 500kV.",Transient Stability,True,Z includes unsupported non-energy/region terms if present; not assumed zero
VSA-upper-20241220T1615,S>>NIL_RBTU_RBTU,S>>NIL_RBTU_RBTU|2024-12-05|1,0.212 * F_V_SA +0.755 * P[SBEL1A] +0.755 * P[SBEL2P] +0.573 * P[SBEM1B] +0.573 * P[SBEM2B] +0.244 * P[SBLWS1] +0.244 * P[SBLWS2] +0.244 * P[SBYW1B] +0.429 * P[SCGW1P] +0.573 * P[SCRK] +0.518 * P[SDAN3D] +0.573 * P[SDAP1P] +0.573 * P[SDAP2P] +0.205 * P[SDRN1] +0.771 * P[SHDW1H] +0.771 * P[SHDW2H] +0.771 * P[SHDW3H] +0.845 * P[SHPS1] +0.845 * P[SHPS2W] +0.0864 * P[SLBB3L] +0.573 * P[SLGW1L] +0.573 * P[SLGW4L] +0.573 * P[SLGW5L] +0.0865 * P[SMAY1] +0.0864 * P[SMAY2] +0.0864 * P[SMAY3W] +0.925 * P[SMOK1H] +0.543 * P[SMPS] +0.771 * P[SMTL3H] +0.573 * P[SMTM1] +0.847 * P[SMW11M] +0.847 * P[SMW21M] +0.847 * P[SMW31M] +0.783 * P[SMW41M] +0.483 * P[SNWF1T] +0.0778 * P[SPEW1] +0.0778 * P[SPEW2] +0.573 * P[SPL31P] +0.573 * P[SPLN1] +1 * P[SRAB1G] +1 * P[SROB1G] +0.0865 * P[SSGA1] +0.0865 * P[SSNN1] +0.518 * P[SSYP1] +0.775 * P[SWGL1W] +0.624 * P[SWLE] +0.847 * F[V-S-MNSP1] + Z_unrepresented <= RHS(t),"Out= NIL, avoid O/L Robertstown-Tungkillo 275kV line 1 or 2 on trip of parallel Robertstown-Tungkillo 275kV line 2 or 1, Feedback",Thermal,True,Z includes unsupported non-energy/region terms if present; not assumed zero
VSA-upper-20241220T1615,V::S_BDBU_MAXG_1,V::S_BDBU_MAXG_1|2024-12-05|1,1 * F_V_SA +0.6 * P[SLBB3L] +0.38 * P[SMAY1] +0.75 * P[SMAY2] +0.75 * P[SMAY3W] +0.17 * P[SPEW1] +0.17 * P[SPEW2] +0.52 * P[SSGA1] +1.3 * P[SSNN1] +0.14 * P[STBB1T] +0.14 * P[STBB4T] +0.14 * P[STBS1T] + Z_unrepresented <= RHS(t),Out = Bundey to Buronga 330kV(Both Black Range series capacitors I/S); Vic to SA Transient Stability limit for loss of the largest generation block in SA (Both  South East Capacitor Available).,Transient Stability,True,Z includes unsupported non-energy/region terms if present; not assumed zero
VSA-upper-20250102T1910,V:S_600_HY_TEST,V:S_600_HY_TEST|2022-10-20|1,unknown IC factor * F_V_SA + Z_unrepresented nan RHS(t),,,False,Z includes unsupported non-energy/region terms if present; not assumed zero
VSA-upper-20250102T1910,V::N_NIL_O1,V::N_NIL_O1|2024-10-31|1,0.354 * F_V_SA +0.236 * P[NAL11C] +0.236 * P[NBK11B] +0.236 * P[NBKB3B] +0.236 * P[NBKW1S] +0.236 * P[NBL21L] +0.236 * P[NBSF1L] +0.236 * P[NBSF2S] +0.236 * P[NCLS1C] +0.236 * P[NDNH1H] +0.236 * P[NDNS1D] +0.236 * P[NFNS1F] -0.763 * P[NMUR8] -0.358 * P[VART1A] -0.358 * P[VBA23B] -0.358 * P[VBAW1Y] -0.358 * P[VBBT1B] -0.358 * P[VBBT2B] -0.358 * P[VBGT1B] -0.358 * P[VBGT4B] -0.358 * P[VCB33R] -0.358 * P[VCWL1C] -0.948 * P[VDPS] -0.358 * P[VELT1M] -0.358 * P[VELT2M] -0.358 * P[VELT3E] -0.358 * P[VGN21G] -0.358 * P[VGN61M] -0.358 * P[VGNS1G] -0.358 * P[VGNS2W] -0.358 * P[VGTW1M] -0.358 * P[VHOG1K] -0.358 * P[VHW23H] -0.358 * P[VKGB3G] -0.358 * P[VKGP1K] -0.358 * P[VKGS1G] -0.358 * P[VKGS2C] -0.358 * P[VKMT1K] -0.358 * P[VKOT1K] -0.948 * P[VMKP1] -0.358 * P[VMLB3V] -0.358 * P[VMRT1M] -0.358 * P[VMRT2M] -0.358 * P[VMWT12] -0.358 * P[VMWT9B] -0.358 * P[VRCS1K] -0.358 * P[VRCS2Y] -0.358 * P[VSHS1N] -0.358 * P[VSHS2G] -0.358 * P[VSHS2W] -0.358 * P[VSM71C] -0.358 * P[VTG21M] -0.358 * P[VTG61S] -0.358 * P[VTGT3A] -0.358 * P[VTR11H] -0.358 * P[VTR31R] -0.358 * P[VTRT1M] -0.358 * P[VWES1B] -0.358 * P[VWES2W] -0.948 * P[VWKP1] -0.948 * P[VWKP2] -0.311 * P[VYP21] -0.311 * P[VYP22] -0.311 * P[VYP23] -0.311 * P[VYP24] -0.319 * F[T-V-MNSP1] +0.539 * F[V-S-MNSP1] +1 * F[VIC1-NSW1] + Z_unrepresented <= RHS(t),"Out = NIL, prevent transient instability for fault and trip of a HWTS-SMTS 500 kV line, Other than VIC accelerates. Yallourn W G1 on 220kV.",Transient Stability,True,Z includes unsupported non-energy/region terms if present; not assumed zero
VSA-upper-20250104T1335,S>>BDBU_TBTU_TBTU_1,S>>BDBU_TBTU_TBTU_1|2024-12-05|1,1 * F_V_SA +0.986 * P[SLBB3L] +0.311 * P[SMA21M] +0.295 * P[SMA31M] +0.363 * P[SMAE1M] +0.987 * P[SMAY1] +0.986 * P[SMAY2] +0.986 * P[SMAY3W] +0.397 * P[SMH21M] +0.959 * P[SPEW1] +0.959 * P[SPEW2] +0.987 * P[SSGA1] +0.987 * P[SSNN1] +0.739 * P[STBB1T] +0.739 * P[STBB4T] +0.739 * P[STBS1T] + Z_unrepresented <= RHS(t),"Out= Bundey to Buronga 330kV, avoid O/L Tailem Bend-Tungkillo 275kV line 1 or 2 on trip of parallel Tailem Bend-Tungkillo 275 kV line 2 or 1, Feedback",Thermal,True,Z includes unsupported non-energy/region terms if present; not assumed zero
VSA-upper-20250104T1335,S>>BDBU_TBTX4_TBMO_1,S>>BDBU_TBTX4_TBMO_1|2024-12-05|1,0.0745 * F_V_SA +0.119 * P[SLBB3L] -0.0902 * P[SMA21M] -0.0857 * P[SMA31M] -0.105 * P[SMAE1M] +0.12 * P[SMAY1] +0.119 * P[SMAY2] +0.119 * P[SMAY3W] -0.115 * P[SMH21M] +0.219 * P[SPEW1] +0.219 * P[SPEW2] +0.12 * P[SSGA1] +0.12 * P[SSNN1] +1 * P[STBB1T] +1 * P[STBB4T] +1 * P[STBS1T] + Z_unrepresented <= RHS(t),"Out= Bundey to Buronga (6F) 330kV line, avoid O/L Tailem Bend to Mobilong #1 132kV line on trip of Tailem Bend 275/132kV #4 transformer, Feedback",Thermal,True,Z includes unsupported non-energy/region terms if present; not assumed zero
VSA-upper-20250104T1335,V::S_BDBU_MAXG_1,V::S_BDBU_MAXG_1|2024-12-05|1,1 * F_V_SA +0.6 * P[SLBB3L] +0.38 * P[SMAY1] +0.75 * P[SMAY2] +0.75 * P[SMAY3W] +0.17 * P[SPEW1] +0.17 * P[SPEW2] +0.52 * P[SSGA1] +1.3 * P[SSNN1] +0.14 * P[STBB1T] +0.14 * P[STBB4T] +0.14 * P[STBS1T] + Z_unrepresented <= RHS(t),Out = Bundey to Buronga 330kV(Both Black Range series capacitors I/S); Vic to SA Transient Stability limit for loss of the largest generation block in SA (Both  South East Capacitor Available).,Transient Stability,True,Z includes unsupported non-energy/region terms if present; not assumed zero
VSA-upper-20250201T1720,I_6F_NS_150,I_6F_NS_150|2025-01-30|1,1 * F_V_SA +0.937 * P[NBK11B] +0.937 * P[NBKB3B] +0.937 * P[NBKW1S] +0.666 * P[NBL21L] +0.666 * P[NBSF1L] +0.666 * P[NBSF2S] +0.122 * P[NCLS1C] +0.127 * P[NDNH1H] +0.127 * P[NDNS1D] +0.0961 * P[NMUR8] +0.0778 * P[NNRN1A] +0.127 * P[NRB23R] +0.127 * P[NRBB3R] +0.127 * P[NRDP3D] +0.232 * P[VART1A] +0.0856 * P[VBA23B] +0.0858 * P[VBAW1Y] +0.285 * P[VBGT1B] +0.285 * P[VBGT4B] -0.0793 * P[VHGT1S] +0.251 * P[VCWL1C] +0.1 * P[VGN61M] +0.1 * P[VGNS1G] +0.41 * P[VHOG1K] +0.0907 * P[VHUM] +0.506 * P[VKGB3G] +0.506 * P[VKGP1K] +0.506 * P[VKGS1G] +0.506 * P[VKGS2C] +0.826 * P[VKMT1K] +0.538 * P[VKOT1K] -0.108 * P[VM051D] -0.108 * P[VM052D] -0.108 * P[VM053D] -0.108 * P[VM0P1O] -0.108 * P[VM0P2O] +0.503 * P[VMRT1M] +0.503 * P[VMRT2M] +1 * P[VRCS1K] +1 * P[VRCS2Y] +0.123 * P[VSHS1N] -0.13 * P[VTRT1M] +0.868 * P[VWES1B] +0.868 * P[VWES2W] -1 * F[V-S-MNSP1] -0.112 * F[VIC1-NSW1] + Z_unrepresented <= RHS(t),Discretionary limit of 150 MW on Buronga to Bundey (6F) 330 kV Line (NSW to SA),Discretionary,True,Z includes unsupported non-energy/region terms if present; not assumed zero
VSA-upper-20250201T1720,NRM_VIC1_SA1,NRM_VIC1_SA1|2020-09-23|1,unknown IC factor * F_V_SA + Z_unrepresented nan RHS(t),,,False,Z includes unsupported non-energy/region terms if present; not assumed zero
VSA-upper-20250201T1810,NRM_VIC1_SA1,NRM_VIC1_SA1|2020-09-23|1,unknown IC factor * F_V_SA + Z_unrepresented nan RHS(t),,,False,Z includes unsupported non-energy/region terms if present; not assumed zero
VSA-upper-20250207T1825,S>>NIL_BWMP_WTTP,S>>NIL_BWMP_WTTP|2024-12-05|1,0.0903 * F_V_SA +0.323 * P[SBEL1A] +0.323 * P[SBEL2P] +0.344 * P[SBEM1B] +0.344 * P[SBEM2B] +0.417 * P[SBLWS1] +0.417 * P[SBLWS2] +0.417 * P[SBYW1B] +0.553 * P[SCGW1P] +0.344 * P[SCRK] +0.879 * P[SDAN3D] +0.344 * P[SDAP1P] +0.344 * P[SDAP2P] -0.792 * P[SDRN1] +0.321 * P[SHDW1H] +0.321 * P[SHDW2H] +0.321 * P[SHDW3H] +0.313 * P[SHPS1] +0.313 * P[SHPS2W] +0.344 * P[SLGW1L] +0.344 * P[SLGW4L] +0.344 * P[SLGW5L] -0.223 * P[SMA21M] -0.238 * P[SMA31M] -0.169 * P[SMAE1M] -0.0945 * P[SMH21M] +0.304 * P[SMOK1H] +1 * P[SMPS] +0.321 * P[SMTL3H] +0.344 * P[SMTM1] +0.614 * P[SMW11M] +0.614 * P[SMW21M] +0.614 * P[SMW31M] +0.746 * P[SMW41M] +0.731 * P[SNWF1T] +0.344 * P[SPL31P] +0.344 * P[SPLN1] +0.295 * P[SRAB1G] +0.295 * P[SROB1G] +0.879 * P[SSYP1] +0.321 * P[SWGL1W] +0.614 * F[V-S-MNSP1] + Z_unrepresented <= RHS(t),"Out= Nil, avoid O/L Waterloo - Templers 132kV on trip of Blyth West- Munno Para 275kV line, Feedback",Thermal,True,Z includes unsupported non-energy/region terms if present; not assumed zero
VSA-upper-20250317T1020,V_S_HEYWOOD_UFLS,V_S_HEYWOOD_UFLS|2024-10-08|1,1 * F_V_SA + Z_unrepresented <= RHS(t),"Out= Nil, Limit Heywood flows when SA under frequency load shedding (UFLS) is insufficient (i.e. when UFLS blocks in SA <1000 MW) to manage for double-circuit loss of Heywood IC. Note: Constraint is swamped if UFLS blocks >= 1000 MW.",Other,True,Z includes unsupported non-energy/region terms if present; not assumed zero
VSA-upper-20250317T1020,NRM_VIC1_SA1,NRM_VIC1_SA1|2020-09-23|1,unknown IC factor * F_V_SA + Z_unrepresented nan RHS(t),,,False,Z includes unsupported non-energy/region terms if present; not assumed zero
VSA-upper-20250331T1910,V::N_NIL_V2,V::N_NIL_V2|2024-10-31|1,0.478 * F_V_SA +0.117 * P[NAL11C] +0.117 * P[NBK11B] +0.117 * P[NBKB3B] +0.117 * P[NBKW1S] +0.117 * P[NBL21L] +0.117 * P[NBSF1L] +0.117 * P[NBSF2S] +0.117 * P[NCLS1C] +0.117 * P[NDNH1H] +0.117 * P[NDNS1D] +0.117 * P[NFNS1F] -0.786 * P[NMUR8] -0.432 * P[VART1A] -0.432 * P[VBA23B] -0.432 * P[VBAW1Y] -0.432 * P[VBBT1B] -0.432 * P[VBBT2B] -0.432 * P[VBGT1B] -0.432 * P[VBGT4B] -0.432 * P[VCB33R] -0.432 * P[VCWL1C] -0.896 * P[VDPS] -0.432 * P[VELT1M] -0.432 * P[VELT2M] -0.432 * P[VELT3E] -0.432 * P[VGN21G] -0.432 * P[VGN61M] -0.432 * P[VGNS1G] -0.432 * P[VGNS2W] -0.432 * P[VGTW1M] -0.432 * P[VHOG1K] -0.432 * P[VHW23H] -0.432 * P[VKGB3G] -0.432 * P[VKGP1K] -0.432 * P[VKGS1G] -0.432 * P[VKGS2C] -0.432 * P[VKMT1K] -0.432 * P[VKOT1K] -0.896 * P[VMKP1] -0.432 * P[VMLB3V] -0.432 * P[VMRT1M] -0.432 * P[VMRT2M] -0.432 * P[VMWT12] -0.432 * P[VMWT9B] -0.432 * P[VRCS1K] -0.432 * P[VRCS2Y] -0.432 * P[VSHS1N] -0.432 * P[VSHS2G] -0.432 * P[VSHS2W] -0.432 * P[VSM71C] -0.432 * P[VTG21M] -0.432 * P[VTG61S] -0.432 * P[VTGT3A] -0.432 * P[VTR11H] -0.432 * P[VTR31R] -0.432 * P[VTRT1M] -0.432 * P[VWES1B] -0.432 * P[VWES2W] -0.896 * P[VWKP1] -0.896 * P[VWKP2] -0.36 * P[VYP22] -0.36 * P[VYP23] -0.36 * P[VYP24] -0.398 * F[T-V-MNSP1] +0.492 * F[V-S-MNSP1] +1 * F[VIC1-NSW1] + Z_unrepresented <= RHS(t),"Out = NIL, prevent transient instability for fault and trip of a HWTS-SMTS 500 kV line, VIC accelerates. Yallourn W G1 on 500kV.",Transient Stability,True,Z includes unsupported non-energy/region terms if present; not assumed zero
VSA-upper-20250331T1910,V::N_NIL_O2,V::N_NIL_O2|2024-10-31|1,0.354 * F_V_SA +0.236 * P[NAL11C] +0.236 * P[NBK11B] +0.236 * P[NBKB3B] +0.236 * P[NBKW1S] +0.236 * P[NBL21L] +0.236 * P[NBSF1L] +0.236 * P[NBSF2S] +0.236 * P[NCLS1C] +0.236 * P[NDNH1H] +0.236 * P[NDNS1D] +0.236 * P[NFNS1F] -0.763 * P[NMUR8] -0.358 * P[VART1A] -0.358 * P[VBA23B] -0.358 * P[VBAW1Y] -0.358 * P[VBBT1B] -0.358 * P[VBBT2B] -0.358 * P[VBGT1B] -0.358 * P[VBGT4B] -0.358 * P[VCB33R] -0.358 * P[VCWL1C] -0.948 * P[VDPS] -0.358 * P[VELT1M] -0.358 * P[VELT2M] -0.358 * P[VELT3E] -0.358 * P[VGN21G] -0.358 * P[VGN61M] -0.358 * P[VGNS1G] -0.358 * P[VGNS2W] -0.358 * P[VGTW1M] -0.358 * P[VHOG1K] -0.358 * P[VHW23H] -0.358 * P[VKGB3G] -0.358 * P[VKGP1K] -0.358 * P[VKGS1G] -0.358 * P[VKGS2C] -0.358 * P[VKMT1K] -0.358 * P[VKOT1K] -0.948 * P[VMKP1] -0.358 * P[VMLB3V] -0.358 * P[VMRT1M] -0.358 * P[VMRT2M] -0.358 * P[VMWT12] -0.358 * P[VMWT9B] -0.358 * P[VRCS1K] -0.358 * P[VRCS2Y] -0.358 * P[VSHS1N] -0.358 * P[VSHS2G] -0.358 * P[VSHS2W] -0.358 * P[VSM71C] -0.358 * P[VTG21M] -0.358 * P[VTG61S] -0.358 * P[VTGT3A] -0.358 * P[VTR11H] -0.358 * P[VTR31R] -0.358 * P[VTRT1M] -0.358 * P[VWES1B] -0.358 * P[VWES2W] -0.948 * P[VWKP1] -0.948 * P[VWKP2] -0.311 * P[VYP22] -0.311 * P[VYP23] -0.311 * P[VYP24] -0.319 * F[T-V-MNSP1] +0.539 * F[V-S-MNSP1] +1 * F[VIC1-NSW1] + Z_unrepresented <= RHS(t),"Out = NIL, prevent transient instability for fault and trip of a HWTS-SMTS 500 kV line, Other than VIC accelerates. Yallourn W G1 on 500kV.",Transient Stability,True,Z includes unsupported non-energy/region terms if present; not assumed zero
VSA-upper-20250426T1450,V_S_HEYWOOD_UFLS,V_S_HEYWOOD_UFLS|2024-10-08|1,1 * F_V_SA + Z_unrepresented <= RHS(t),"Out= Nil, Limit Heywood flows when SA under frequency load shedding (UFLS) is insufficient (i.e. when UFLS blocks in SA <1000 MW) to manage for double-circuit loss of Heywood IC. Note: Constraint is swamped if UFLS blocks >= 1000 MW.",Other,True,Z includes unsupported non-energy/region terms if present; not assumed zero
VSA-upper-20250426T1450,V::N_NIL_O1,V::N_NIL_O1|2024-10-31|1,0.354 * F_V_SA +0.236 * P[NAL11C] +0.236 * P[NBK11B] +0.236 * P[NBKB3B] +0.236 * P[NBKW1S] +0.236 * P[NBL21L] +0.236 * P[NBSF1L] +0.236 * P[NBSF2S] +0.236 * P[NCLS1C] +0.236 * P[NDNH1H] +0.236 * P[NDNS1D] +0.236 * P[NFNS1F] -0.763 * P[NMUR8] -0.358 * P[VART1A] -0.358 * P[VBA23B] -0.358 * P[VBAW1Y] -0.358 * P[VBBT1B] -0.358 * P[VBBT2B] -0.358 * P[VBGT1B] -0.358 * P[VBGT4B] -0.358 * P[VCB33R] -0.358 * P[VCWL1C] -0.948 * P[VDPS] -0.358 * P[VELT1M] -0.358 * P[VELT2M] -0.358 * P[VELT3E] -0.358 * P[VGN21G] -0.358 * P[VGN61M] -0.358 * P[VGNS1G] -0.358 * P[VGNS2W] -0.358 * P[VGTW1M] -0.358 * P[VHOG1K] -0.358 * P[VHW23H] -0.358 * P[VKGB3G] -0.358 * P[VKGP1K] -0.358 * P[VKGS1G] -0.358 * P[VKGS2C] -0.358 * P[VKMT1K] -0.358 * P[VKOT1K] -0.948 * P[VMKP1] -0.358 * P[VMLB3V] -0.358 * P[VMRT1M] -0.358 * P[VMRT2M] -0.358 * P[VMWT12] -0.358 * P[VMWT9B] -0.358 * P[VRCS1K] -0.358 * P[VRCS2Y] -0.358 * P[VSHS1N] -0.358 * P[VSHS2G] -0.358 * P[VSHS2W] -0.358 * P[VSM71C] -0.358 * P[VTG21M] -0.358 * P[VTG61S] -0.358 * P[VTGT3A] -0.358 * P[VTR11H] -0.358 * P[VTR31R] -0.358 * P[VTRT1M] -0.358 * P[VWES1B] -0.358 * P[VWES2W] -0.948 * P[VWKP1] -0.948 * P[VWKP2] -0.311 * P[VYP21] -0.311 * P[VYP22] -0.311 * P[VYP23] -0.311 * P[VYP24] -0.319 * F[T-V-MNSP1] +0.539 * F[V-S-MNSP1] +1 * F[VIC1-NSW1] + Z_unrepresented <= RHS(t),"Out = NIL, prevent transient instability for fault and trip of a HWTS-SMTS 500 kV line, Other than VIC accelerates. Yallourn W G1 on 220kV.",Transient Stability,True,Z includes unsupported non-energy/region terms if present; not assumed zero
VSA-upper-20250426T1450,V::N_NIL_V1,V::N_NIL_V1|2024-10-31|1,0.478 * F_V_SA +0.117 * P[NAL11C] +0.117 * P[NBK11B] +0.117 * P[NBKB3B] +0.117 * P[NBKW1S] +0.117 * P[NBL21L] +0.117 * P[NBSF1L] +0.117 * P[NBSF2S] +0.117 * P[NCLS1C] +0.117 * P[NDNH1H] +0.117 * P[NDNS1D] +0.117 * P[NFNS1F] -0.786 * P[NMUR8] -0.432 * P[VART1A] -0.432 * P[VBA23B] -0.432 * P[VBAW1Y] -0.432 * P[VBBT1B] -0.432 * P[VBBT2B] -0.432 * P[VBGT1B] -0.432 * P[VBGT4B] -0.432 * P[VCB33R] -0.432 * P[VCWL1C] -0.896 * P[VDPS] -0.432 * P[VELT1M] -0.432 * P[VELT2M] -0.432 * P[VELT3E] -0.432 * P[VGN21G] -0.432 * P[VGN61M] -0.432 * P[VGNS1G] -0.432 * P[VGNS2W] -0.432 * P[VGTW1M] -0.432 * P[VHOG1K] -0.432 * P[VHW23H] -0.432 * P[VKGB3G] -0.432 * P[VKGP1K] -0.432 * P[VKGS1G] -0.432 * P[VKGS2C] -0.432 * P[VKMT1K] -0.432 * P[VKOT1K] -0.896 * P[VMKP1] -0.432 * P[VMLB3V] -0.432 * P[VMRT1M] -0.432 * P[VMRT2M] -0.432 * P[VMWT12] -0.432 * P[VMWT9B] -0.432 * P[VRCS1K] -0.432 * P[VRCS2Y] -0.432 * P[VSHS1N] -0.432 * P[VSHS2G] -0.432 * P[VSHS2W] -0.432 * P[VSM71C] -0.432 * P[VTG21M] -0.432 * P[VTG61S] -0.432 * P[VTGT3A] -0.432 * P[VTR11H] -0.432 * P[VTR31R] -0.432 * P[VTRT1M] -0.432 * P[VWES1B] -0.432 * P[VWES2W] -0.896 * P[VWKP1] -0.896 * P[VWKP2] -0.36 * P[VYP21] -0.36 * P[VYP22] -0.36 * P[VYP23] -0.36 * P[VYP24] -0.398 * F[T-V-MNSP1] +0.492 * F[V-S-MNSP1] +1 * F[VIC1-NSW1] + Z_unrepresented <= RHS(t),"Out = NIL, prevent transient instability for fault and trip of a HWTS-SMTS 500 kV line, VIC accelerates. Yallourn W G1 on 220kV.",Transient Stability,True,Z includes unsupported non-energy/region terms if present; not assumed zero
VSA-upper-20250527T1225,S>>NIL_RBTU_WEWT,S>>NIL_RBTU_WEWT|2025-05-22|1,0.0789 * F_V_SA +0.137 * P[SBEL1A] +0.137 * P[SBEL2P] -0.25 * P[SCGW1P] -0.493 * P[SDAN3D] -0.222 * P[SDRN1] +0.145 * P[SHDW1H] +0.145 * P[SHDW2H] +0.145 * P[SHDW3H] +0.184 * P[SHPS1] +0.184 * P[SHPS2W] +0.227 * P[SMOK1H] -0.62 * P[SMPS] +0.145 * P[SMTL3H] +0.566 * P[SMW11M] +0.566 * P[SMW21M] +0.566 * P[SMW31M] +0.69 * P[SMW41M] -0.361 * P[SNWF1T] +0.267 * P[SRAB1G] +0.267 * P[SROB1G] -0.493 * P[SSYP1] +0.147 * P[SWGL1W] +1 * P[SWLE] +0.566 * F[V-S-MNSP1] + Z_unrepresented <= RHS(t),"Out= Nil, avoid O/L Waterloo East-Waterloo 132kV line on trip of one Robertstown-Tungkillo 275kV line, Feedback",Thermal,True,Z includes unsupported non-energy/region terms if present; not assumed zero
VSA-upper-20250527T1225,S>>WERB_RBTU_RBTU,S>>WERB_RBTU_RBTU|2025-04-22|1,0.264 * F_V_SA +0.726 * P[SBEL1A] +0.726 * P[SBEL2P] +0.521 * P[SBEM1B] +0.521 * P[SBEM2B] +0.205 * P[SBLWS1] +0.205 * P[SBLWS2] +0.205 * P[SBYW1B] +0.265 * P[SCGW1P] +0.521 * P[SCRK] +0.234 * P[SDAN3D] +0.521 * P[SDAP1P] +0.521 * P[SDAP2P] +0.0803 * P[SDRN1] +0.743 * P[SHDW1H] +0.743 * P[SHDW2H] +0.743 * P[SHDW3H] +0.826 * P[SHPS1] +0.826 * P[SHPS2W] +0.119 * P[SLBB3L] +0.521 * P[SLGW1L] +0.521 * P[SLGW4L] +0.521 * P[SLGW5L] +0.12 * P[SMAY1] +0.119 * P[SMAY2] +0.119 * P[SMAY3W] +0.916 * P[SMOK1H] +0.198 * P[SMPS] +0.743 * P[SMTL3H] +0.521 * P[SMTM1] +1 * P[SMW11M] +1 * P[SMW21M] +1 * P[SMW31M] +1 * P[SMW41M] +0.262 * P[SNWF1T] +0.108 * P[SPEW1] +0.108 * P[SPEW2] +0.521 * P[SPL31P] +0.521 * P[SPLN1] +1 * P[SRAB1G] +1 * P[SROB1G] +0.12 * P[SSGA1] +0.12 * P[SSNN1] +0.234 * P[SSYP1] +0.0744 * P[STET1T] +0.748 * P[SWGL1W] +0.18 * P[SWLE] +1 * F[V-S-MNSP1] + Z_unrepresented <= RHS(t),"Out= Robertstown -MWP4 -Waterloo East O/S(offloads MWP4 SF), avoid O/L Robertstown to Tungkillo # 1 or 2 275kV line on trip of the other Robertstown to Tungkillo 275kV line, Feedback",Thermal,True,Z includes unsupported non-energy/region terms if present; not assumed zero
VSA-upper-20250605T0015,S>>NIL_BWMP_RBTU,S>>NIL_BWMP_RBTU|2025-05-29|1,0.264 * F_V_SA +0.834 * P[SBEL1A] +0.834 * P[SBEL2P] +0.71 * P[SBEM1B] +0.677 * P[SBYW1B] +0.71 * P[SBEM2B] +0.677 * P[SBLWS1] +0.677 * P[SBLWS2] +0.558 * P[SCGW1P] +0.71 * P[SCRK] +0.629 * P[SDAN3D] +0.71 * P[SDAP1P] +0.71 * P[SDAP2P] +0.226 * P[SDRN1] +0.845 * P[SHDW1H] +0.845 * P[SHDW2H] +0.845 * P[SHDW3H] +0.895 * P[SHPS1] +0.895 * P[SHPS2W] +0.119 * P[SLBB3L] +0.71 * P[SLGW1L] +0.71 * P[SLGW4L] +0.71 * P[SLGW5L] +0.12 * P[SMAY1] +0.119 * P[SMAY2] +0.119 * P[SMAY3W] +0.949 * P[SMOK1H] +0.605 * P[SMPS] +0.845 * P[SMTL3H] +0.71 * P[SMTM1] +0.865 * P[SMW11M] +0.865 * P[SMW21M] +0.865 * P[SMW31M] +0.809 * P[SMW41M] +0.626 * P[SNWF1T] +0.109 * P[SPEW1] +0.109 * P[SPEW2] +0.71 * P[SPL31P] +0.71 * P[SPLN1] +1 * P[SRAB1G] +1 * P[SROB1G] +0.12 * P[SSGA1] +0.12 * P[SSNN1] +0.629 * P[SSYP1] +0.185 * P[STET1T] +0.847 * P[SWGL1W] +0.668 * P[SWLE] +0.865 * F[V-S-MNSP1] + Z_unrepresented <= RHS(t),"Out= NIL, avoid O/L Robertstown-Tungkillo 275kV line 1 or 2 on trip of Blyth West-Munno Para 275kV line, Feedback",Thermal,True,Z includes unsupported non-energy/region terms if present; not assumed zero
VSA-upper-20250612T1830,S>>NIL_BWMP_RBTU,S>>NIL_BWMP_RBTU|2025-05-29|1,0.264 * F_V_SA +0.834 * P[SBEL1A] +0.834 * P[SBEL2P] +0.71 * P[SBEM1B] +0.677 * P[SBYW1B] +0.71 * P[SBEM2B] +0.677 * P[SBLWS1] +0.677 * P[SBLWS2] +0.558 * P[SCGW1P] +0.71 * P[SCRK] +0.629 * P[SDAN3D] +0.71 * P[SDAP1P] +0.71 * P[SDAP2P] +0.226 * P[SDRN1] +0.845 * P[SHDW1H] +0.845 * P[SHDW2H] +0.845 * P[SHDW3H] +0.895 * P[SHPS1] +0.895 * P[SHPS2W] +0.119 * P[SLBB3L] +0.71 * P[SLGW1L] +0.71 * P[SLGW4L] +0.71 * P[SLGW5L] +0.12 * P[SMAY1] +0.119 * P[SMAY2] +0.119 * P[SMAY3W] +0.949 * P[SMOK1H] +0.605 * P[SMPS] +0.845 * P[SMTL3H] +0.71 * P[SMTM1] +0.865 * P[SMW11M] +0.865 * P[SMW21M] +0.865 * P[SMW31M] +0.809 * P[SMW41M] +0.626 * P[SNWF1T] +0.109 * P[SPEW1] +0.109 * P[SPEW2] +0.71 * P[SPL31P] +0.71 * P[SPLN1] +1 * P[SRAB1G] +1 * P[SROB1G] +0.12 * P[SSGA1] +0.12 * P[SSNN1] +0.629 * P[SSYP1] +0.185 * P[STET1T] +0.847 * P[SWGL1W] +0.668 * P[SWLE] +0.865 * F[V-S-MNSP1] + Z_unrepresented <= RHS(t),"Out= NIL, avoid O/L Robertstown-Tungkillo 275kV line 1 or 2 on trip of Blyth West-Munno Para 275kV line, Feedback",Thermal,True,Z includes unsupported non-energy/region terms if present; not assumed zero
VSA-upper-20250612T1830,I_6F_NS_150,I_6F_NS_150|2025-05-30|2,0.979 * F_V_SA +0.671 * P[NBL21L] +0.943 * P[NBK11B] +0.943 * P[NBKB3B] +0.943 * P[NBKW1S] +0.671 * P[NBSF1L] +0.671 * P[NBSF2S] +0.122 * P[NCLS1C] +0.126 * P[NDNS1D] +0.0902 * P[NMUR8] +0.126 * P[NRBB3R] +0.228 * P[VART1A] +0.0872 * P[VBA23B] +0.0874 * P[VBAW1Y] +0.281 * P[VBGT1B] +0.281 * P[VBGT4B] +0.247 * P[VCWL1C] +0.098 * P[VGN21G] +0.0963 * P[VGN61M] +0.0963 * P[VGNS1G] +0.0963 * P[VGNS2W] -0.0767 * P[VHGT1S] +0.406 * P[VHOG1K] +0.0847 * P[VHUM] +0.506 * P[VKGB3G] +0.506 * P[VKGP1K] +0.506 * P[VKGS1G] +0.506 * P[VKGS2C] +0.825 * P[VKMT1K] +0.538 * P[VKOT1K] -0.105 * P[VM051D] -0.105 * P[VM052D] -0.105 * P[VM053D] -0.105 * P[VM0P1O] -0.105 * P[VM0P2O] +0.501 * P[VMRT1M] +0.501 * P[VMRT2M] +1 * P[VRCS1K] +1 * P[VRCS2Y] +0.119 * P[VSHS1N] +0.119 * P[VSHS2G] +0.119 * P[VSHS2W] -0.128 * P[VTR11H] -0.128 * P[VTR31R] -0.128 * P[VTRT1M] +0.868 * P[VWES1B] +0.868 * P[VWES2W] -1 * F[V-S-MNSP1] -0.106 * F[VIC1-NSW1] + Z_unrepresented <= RHS(t),Discretionary limit of 150 MW on Buronga to Bundey (6F) 330 kV Line (NSW to SA),Other,True,Z includes unsupported non-energy/region terms if present; not assumed zero
VSA-upper-20250614T1910,S>>NIL_BWMP_RBTU,S>>NIL_BWMP_RBTU|2025-05-29|1,0.264 * F_V_SA +0.834 * P[SBEL1A] +0.834 * P[SBEL2P] +0.71 * P[SBEM1B] +0.677 * P[SBYW1B] +0.71 * P[SBEM2B] +0.677 * P[SBLWS1] +0.677 * P[SBLWS2] +0.558 * P[SCGW1P] +0.71 * P[SCRK] +0.629 * P[SDAN3D] +0.71 * P[SDAP1P] +0.71 * P[SDAP2P] +0.226 * P[SDRN1] +0.845 * P[SHDW1H] +0.845 * P[SHDW2H] +0.845 * P[SHDW3H] +0.895 * P[SHPS1] +0.895 * P[SHPS2W] +0.119 * P[SLBB3L] +0.71 * P[SLGW1L] +0.71 * P[SLGW4L] +0.71 * P[SLGW5L] +0.12 * P[SMAY1] +0.119 * P[SMAY2] +0.119 * P[SMAY3W] +0.949 * P[SMOK1H] +0.605 * P[SMPS] +0.845 * P[SMTL3H] +0.71 * P[SMTM1] +0.865 * P[SMW11M] +0.865 * P[SMW21M] +0.865 * P[SMW31M] +0.809 * P[SMW41M] +0.626 * P[SNWF1T] +0.109 * P[SPEW1] +0.109 * P[SPEW2] +0.71 * P[SPL31P] +0.71 * P[SPLN1] +1 * P[SRAB1G] +1 * P[SROB1G] +0.12 * P[SSGA1] +0.12 * P[SSNN1] +0.629 * P[SSYP1] +0.185 * P[STET1T] +0.847 * P[SWGL1W] +0.668 * P[SWLE] +0.865 * F[V-S-MNSP1] + Z_unrepresented <= RHS(t),"Out= NIL, avoid O/L Robertstown-Tungkillo 275kV line 1 or 2 on trip of Blyth West-Munno Para 275kV line, Feedback",Thermal,True,Z includes unsupported non-energy/region terms if present; not assumed zero
VSA-upper-20250614T1910,V::S_NIL_TBSE_1,V::S_NIL_TBSE_1|2025-03-06|1,1 * F_V_SA +0.91 * P[SLBB3L] +0.84 * P[SMAY1] +1.01 * P[SMAY2] +1.01 * P[SMAY3W] +0.33 * P[SPEW1] +0.33 * P[SPEW2] +1.38 * P[SSGA1] +0.14 * P[STBS1T] +0.96 * P[SSNN1] +0.14 * P[STBB1T] +0.14 * P[STBB4T] + Z_unrepresented <= RHS(t),Out = Nil(Both Black Range series capacitors I/S).; Vic to SA Transient Stability limit for loss of one of the Tailembend-South East 275kV lines (Both South East Capacitors (61 and 62) Available).,Transient Stability,True,Z includes unsupported non-energy/region terms if present; not assumed zero
VSA-upper-20250618T1835,S>>NIL_BWMP_RBTU,S>>NIL_BWMP_RBTU|2025-05-29|1,0.264 * F_V_SA +0.834 * P[SBEL1A] +0.834 * P[SBEL2P] +0.71 * P[SBEM1B] +0.677 * P[SBYW1B] +0.71 * P[SBEM2B] +0.677 * P[SBLWS1] +0.677 * P[SBLWS2] +0.558 * P[SCGW1P] +0.71 * P[SCRK] +0.629 * P[SDAN3D] +0.71 * P[SDAP1P] +0.71 * P[SDAP2P] +0.226 * P[SDRN1] +0.845 * P[SHDW1H] +0.845 * P[SHDW2H] +0.845 * P[SHDW3H] +0.895 * P[SHPS1] +0.895 * P[SHPS2W] +0.119 * P[SLBB3L] +0.71 * P[SLGW1L] +0.71 * P[SLGW4L] +0.71 * P[SLGW5L] +0.12 * P[SMAY1] +0.119 * P[SMAY2] +0.119 * P[SMAY3W] +0.949 * P[SMOK1H] +0.605 * P[SMPS] +0.845 * P[SMTL3H] +0.71 * P[SMTM1] +0.865 * P[SMW11M] +0.865 * P[SMW21M] +0.865 * P[SMW31M] +0.809 * P[SMW41M] +0.626 * P[SNWF1T] +0.109 * P[SPEW1] +0.109 * P[SPEW2] +0.71 * P[SPL31P] +0.71 * P[SPLN1] +1 * P[SRAB1G] +1 * P[SROB1G] +0.12 * P[SSGA1] +0.12 * P[SSNN1] +0.629 * P[SSYP1] +0.185 * P[STET1T] +0.847 * P[SWGL1W] +0.668 * P[SWLE] +0.865 * F[V-S-MNSP1] + Z_unrepresented <= RHS(t),"Out= NIL, avoid O/L Robertstown-Tungkillo 275kV line 1 or 2 on trip of Blyth West-Munno Para 275kV line, Feedback",Thermal,True,Z includes unsupported non-energy/region terms if present; not assumed zero
VSA-upper-20250627T1740,S>>NIL_BWMP_RBTU,S>>NIL_BWMP_RBTU|2025-05-29|1,0.264 * F_V_SA +0.834 * P[SBEL1A] +0.834 * P[SBEL2P] +0.71 * P[SBEM1B] +0.677 * P[SBYW1B] +0.71 * P[SBEM2B] +0.677 * P[SBLWS1] +0.677 * P[SBLWS2] +0.558 * P[SCGW1P] +0.71 * P[SCRK] +0.629 * P[SDAN3D] +0.71 * P[SDAP1P] +0.71 * P[SDAP2P] +0.226 * P[SDRN1] +0.845 * P[SHDW1H] +0.845 * P[SHDW2H] +0.845 * P[SHDW3H] +0.895 * P[SHPS1] +0.895 * P[SHPS2W] +0.119 * P[SLBB3L] +0.71 * P[SLGW1L] +0.71 * P[SLGW4L] +0.71 * P[SLGW5L] +0.12 * P[SMAY1] +0.119 * P[SMAY2] +0.119 * P[SMAY3W] +0.949 * P[SMOK1H] +0.605 * P[SMPS] +0.845 * P[SMTL3H] +0.71 * P[SMTM1] +0.865 * P[SMW11M] +0.865 * P[SMW21M] +0.865 * P[SMW31M] +0.809 * P[SMW41M] +0.626 * P[SNWF1T] +0.109 * P[SPEW1] +0.109 * P[SPEW2] +0.71 * P[SPL31P] +0.71 * P[SPLN1] +1 * P[SRAB1G] +1 * P[SROB1G] +0.12 * P[SSGA1] +0.12 * P[SSNN1] +0.629 * P[SSYP1] +0.185 * P[STET1T] +0.847 * P[SWGL1W] +0.668 * P[SWLE] +0.865 * F[V-S-MNSP1] + Z_unrepresented <= RHS(t),"Out= NIL, avoid O/L Robertstown-Tungkillo 275kV line 1 or 2 on trip of Blyth West-Munno Para 275kV line, Feedback",Thermal,True,Z includes unsupported non-energy/region terms if present; not assumed zero
VSA-upper-20250719T1400,V::S_TBCB94_35_SETB,V::S_TBCB94_35_SETB|2025-06-04|1,1 * F_V_SA +0.91 * P[SLBB3L] +0.93 * P[SMAY1] +0.91 * P[SMAY2] +0.91 * P[SMAY3W] +0.39 * P[SPEW1] +0.39 * P[SPEW2] +1.52 * P[SSGA1] +0.87 * P[SSNN1] +0.14 * P[STBB1T] +0.14 * P[STBB4T] +0.14 * P[STBS1T] + Z_unrepresented <= RHS(t),Out= Tailem Bend 275kV CB6594  OR CB6596 O/S (Both Black Range series caps I/S); Vic to SA Transient Stability limit for loss of one South East - Tailem Bend 275 kV line.,Transient Stability,True,Z includes unsupported non-energy/region terms if present; not assumed zero
VSA-upper-20250719T1400,S>>NIL_RBTU_RBTU,S>>NIL_RBTU_RBTU|2025-05-29|1,0.255 * F_V_SA +0.755 * P[SBEL1A] +0.755 * P[SBEL2P] +0.573 * P[SBEM1B] +0.573 * P[SBEM2B] +0.244 * P[SBLWS1] +0.244 * P[SBLWS2] +0.244 * P[SBYW1B] +0.429 * P[SCGW1P] +0.573 * P[SCRK] +0.518 * P[SDAN3D] +0.573 * P[SDAP1P] +0.573 * P[SDAP2P] +0.205 * P[SDRN1] +0.771 * P[SHDW1H] +0.771 * P[SHDW2H] +0.109 * P[SLBB3L] +0.771 * P[SHDW3H] +0.845 * P[SHPS1] +0.845 * P[SHPS2W] +0.573 * P[SLGW1L] +0.573 * P[SLGW4L] +0.573 * P[SLGW5L] +0.109 * P[SMAY1] +0.109 * P[SMAY2] +0.109 * P[SMAY3W] +0.925 * P[SMOK1H] +0.543 * P[SMPS] +0.771 * P[SMTL3H] +0.573 * P[SMTM1] +0.847 * P[SMW11M] +0.847 * P[SMW21M] +0.847 * P[SMW31M] +0.783 * P[SMW41M] +0.483 * P[SNWF1T] +0.0981 * P[SPEW1] +0.0981 * P[SPEW2] +0.573 * P[SPL31P] +0.573 * P[SPLN1] +1 * P[SRAB1G] +1 * P[SROB1G] +0.109 * P[SSGA1] +0.109 * P[SSNN1] +0.518 * P[SSYP1] +0.165 * P[STET1T] +0.775 * P[SWGL1W] +0.624 * P[SWLE] +0.847 * F[V-S-MNSP1] + Z_unrepresented <= RHS(t),"Out= NIL, avoid O/L Robertstown-Tungkillo 275kV line 1 or 2 on trip of parallel Robertstown-Tungkillo 275kV line 2 or 1, Feedback",Thermal,True,Z includes unsupported non-energy/region terms if present; not assumed zero
VSA-upper-20250719T1400,I_6F_NS_150,I_6F_NS_150|2025-05-30|2,0.979 * F_V_SA +0.671 * P[NBL21L] +0.943 * P[NBK11B] +0.943 * P[NBKB3B] +0.943 * P[NBKW1S] +0.671 * P[NBSF1L] +0.671 * P[NBSF2S] +0.122 * P[NCLS1C] +0.126 * P[NDNS1D] +0.0902 * P[NMUR8] +0.126 * P[NRBB3R] +0.228 * P[VART1A] +0.0872 * P[VBA23B] +0.0874 * P[VBAW1Y] +0.281 * P[VBGT1B] +0.281 * P[VBGT4B] +0.247 * P[VCWL1C] +0.098 * P[VGN21G] +0.0963 * P[VGN61M] +0.0963 * P[VGNS1G] +0.0963 * P[VGNS2W] -0.0767 * P[VHGT1S] +0.406 * P[VHOG1K] +0.0847 * P[VHUM] +0.506 * P[VKGB3G] +0.506 * P[VKGP1K] +0.506 * P[VKGS1G] +0.506 * P[VKGS2C] +0.825 * P[VKMT1K] +0.538 * P[VKOT1K] -0.105 * P[VM051D] -0.105 * P[VM052D] -0.105 * P[VM053D] -0.105 * P[VM0P1O] -0.105 * P[VM0P2O] +0.501 * P[VMRT1M] +0.501 * P[VMRT2M] +1 * P[VRCS1K] +1 * P[VRCS2Y] +0.119 * P[VSHS1N] +0.119 * P[VSHS2G] +0.119 * P[VSHS2W] -0.128 * P[VTR11H] -0.128 * P[VTR31R] -0.128 * P[VTRT1M] +0.868 * P[VWES1B] +0.868 * P[VWES2W] -1 * F[V-S-MNSP1] -0.106 * F[VIC1-NSW1] + Z_unrepresented <= RHS(t),Discretionary limit of 150 MW on Buronga to Bundey (6F) 330 kV Line (NSW to SA),Other,True,Z includes unsupported non-energy/region terms if present; not assumed zero
VSA-upper-20250812T1010,V^S_HYCP,V^S_HYCP|2019-09-20|1,unknown IC factor * F_V_SA + Z_unrepresented nan RHS(t),,,False,Z includes unsupported non-energy/region terms if present; not assumed zero
VSA-upper-20250812T1010,I_6F_NS_150,I_6F_NS_150|2025-05-30|2,0.979 * F_V_SA +0.671 * P[NBL21L] +0.943 * P[NBK11B] +0.943 * P[NBKB3B] +0.943 * P[NBKW1S] +0.671 * P[NBSF1L] +0.671 * P[NBSF2S] +0.122 * P[NCLS1C] +0.126 * P[NDNS1D] +0.0902 * P[NMUR8] +0.126 * P[NRBB3R] +0.228 * P[VART1A] +0.0872 * P[VBA23B] +0.0874 * P[VBAW1Y] +0.281 * P[VBGT1B] +0.281 * P[VBGT4B] +0.247 * P[VCWL1C] +0.098 * P[VGN21G] +0.0963 * P[VGN61M] +0.0963 * P[VGNS1G] +0.0963 * P[VGNS2W] -0.0767 * P[VHGT1S] +0.406 * P[VHOG1K] +0.0847 * P[VHUM] +0.506 * P[VKGB3G] +0.506 * P[VKGP1K] +0.506 * P[VKGS1G] +0.506 * P[VKGS2C] +0.825 * P[VKMT1K] +0.538 * P[VKOT1K] -0.105 * P[VM051D] -0.105 * P[VM052D] -0.105 * P[VM053D] -0.105 * P[VM0P1O] -0.105 * P[VM0P2O] +0.501 * P[VMRT1M] +0.501 * P[VMRT2M] +1 * P[VRCS1K] +1 * P[VRCS2Y] +0.119 * P[VSHS1N] +0.119 * P[VSHS2G] +0.119 * P[VSHS2W] -0.128 * P[VTR11H] -0.128 * P[VTR31R] -0.128 * P[VTRT1M] +0.868 * P[VWES1B] +0.868 * P[VWES2W] -1 * F[V-S-MNSP1] -0.106 * F[VIC1-NSW1] + Z_unrepresented <= RHS(t),Discretionary limit of 150 MW on Buronga to Bundey (6F) 330 kV Line (NSW to SA),Other,True,Z includes unsupported non-energy/region terms if present; not assumed zero
VSA-upper-20250905T0815,I_6F_NS_150,I_6F_NS_150|2025-05-30|2,0.979 * F_V_SA +0.671 * P[NBL21L] +0.943 * P[NBK11B] +0.943 * P[NBKB3B] +0.943 * P[NBKW1S] +0.671 * P[NBSF1L] +0.671 * P[NBSF2S] +0.122 * P[NCLS1C] +0.126 * P[NDNS1D] +0.0902 * P[NMUR8] +0.126 * P[NRBB3R] +0.228 * P[VART1A] +0.0872 * P[VBA23B] +0.0874 * P[VBAW1Y] +0.281 * P[VBGT1B] +0.281 * P[VBGT4B] +0.247 * P[VCWL1C] +0.098 * P[VGN21G] +0.0963 * P[VGN61M] +0.0963 * P[VGNS1G] +0.0963 * P[VGNS2W] -0.0767 * P[VHGT1S] +0.406 * P[VHOG1K] +0.0847 * P[VHUM] +0.506 * P[VKGB3G] +0.506 * P[VKGP1K] +0.506 * P[VKGS1G] +0.506 * P[VKGS2C] +0.825 * P[VKMT1K] +0.538 * P[VKOT1K] -0.105 * P[VM051D] -0.105 * P[VM052D] -0.105 * P[VM053D] -0.105 * P[VM0P1O] -0.105 * P[VM0P2O] +0.501 * P[VMRT1M] +0.501 * P[VMRT2M] +1 * P[VRCS1K] +1 * P[VRCS2Y] +0.119 * P[VSHS1N] +0.119 * P[VSHS2G] +0.119 * P[VSHS2W] -0.128 * P[VTR11H] -0.128 * P[VTR31R] -0.128 * P[VTRT1M] +0.868 * P[VWES1B] +0.868 * P[VWES2W] -1 * F[V-S-MNSP1] -0.106 * F[VIC1-NSW1] + Z_unrepresented <= RHS(t),Discretionary limit of 150 MW on Buronga to Bundey (6F) 330 kV Line (NSW to SA),Other,True,Z includes unsupported non-energy/region terms if present; not assumed zero
VSA-upper-20250905T0815,S>>WERB_RBTU_RBTU,S>>WERB_RBTU_RBTU|2025-04-22|1,0.264 * F_V_SA +0.726 * P[SBEL1A] +0.726 * P[SBEL2P] +0.521 * P[SBEM1B] +0.521 * P[SBEM2B] +0.205 * P[SBLWS1] +0.205 * P[SBLWS2] +0.205 * P[SBYW1B] +0.265 * P[SCGW1P] +0.521 * P[SCRK] +0.234 * P[SDAN3D] +0.521 * P[SDAP1P] +0.521 * P[SDAP2P] +0.0803 * P[SDRN1] +0.743 * P[SHDW1H] +0.743 * P[SHDW2H] +0.743 * P[SHDW3H] +0.826 * P[SHPS1] +0.826 * P[SHPS2W] +0.119 * P[SLBB3L] +0.521 * P[SLGW1L] +0.521 * P[SLGW4L] +0.521 * P[SLGW5L] +0.12 * P[SMAY1] +0.119 * P[SMAY2] +0.119 * P[SMAY3W] +0.916 * P[SMOK1H] +0.198 * P[SMPS] +0.743 * P[SMTL3H] +0.521 * P[SMTM1] +1 * P[SMW11M] +1 * P[SMW21M] +1 * P[SMW31M] +1 * P[SMW41M] +0.262 * P[SNWF1T] +0.108 * P[SPEW1] +0.108 * P[SPEW2] +0.521 * P[SPL31P] +0.521 * P[SPLN1] +1 * P[SRAB1G] +1 * P[SROB1G] +0.12 * P[SSGA1] +0.12 * P[SSNN1] +0.234 * P[SSYP1] +0.0744 * P[STET1T] +0.748 * P[SWGL1W] +0.18 * P[SWLE] +1 * F[V-S-MNSP1] + Z_unrepresented <= RHS(t),"Out= Robertstown -MWP4 -Waterloo East O/S(offloads MWP4 SF), avoid O/L Robertstown to Tungkillo # 1 or 2 275kV line on trip of the other Robertstown to Tungkillo 275kV line, Feedback",Thermal,True,Z includes unsupported non-energy/region terms if present; not assumed zero
VSA-upper-20250918T0920,V_S_HEYWOOD_UFLS,V_S_HEYWOOD_UFLS|2024-10-08|1,1 * F_V_SA + Z_unrepresented <= RHS(t),"Out= Nil, Limit Heywood flows when SA under frequency load shedding (UFLS) is insufficient (i.e. when UFLS blocks in SA <1000 MW) to manage for double-circuit loss of Heywood IC. Note: Constraint is swamped if UFLS blocks >= 1000 MW.",Other,True,Z includes unsupported non-energy/region terms if present; not assumed zero
VSA-upper-20250918T0920,V::N_JNWG_S1,V::N_JNWG_S1|2024-10-31|1,0.49 * F_V_SA -0.883 * P[NMUR8] -0.425 * P[VART1A] -0.266 * P[VAT21L] -0.266 * P[VAT22L] -0.425 * P[VBA23B] -0.425 * P[VBAW1Y] -0.425 * P[VBBT1B] -0.425 * P[VBBT2B] -0.425 * P[VBGT1B] -0.425 * P[VBGT4B] -0.425 * P[VCB33R] -0.425 * P[VCWL1C] -0.71 * P[VDPS] -0.425 * P[VELT1M] -0.425 * P[VELT2M] -0.425 * P[VGNS1G] -0.425 * P[VELT3E] -0.425 * P[VGN21G] -0.425 * P[VGN61M] -0.425 * P[VGNS2W] -0.425 * P[VGTW1M] -0.425 * P[VHOG1K] -0.425 * P[VHW23H] -0.425 * P[VKGB3G] -0.425 * P[VKGP1K] -0.425 * P[VKGS1G] -0.425 * P[VKGS2C] -0.425 * P[VKMT1K] -0.425 * P[VKOT1K] -0.71 * P[VMKP1] -0.425 * P[VMLB3V] -0.425 * P[VMRT1M] -0.425 * P[VMRT2M] -0.425 * P[VMWT12] -0.425 * P[VMWT9B] -0.266 * P[VNPS] -0.425 * P[VRCS1K] -0.425 * P[VRCS2Y] -0.425 * P[VSHS1N] -0.425 * P[VSHS2G] -0.425 * P[VSHS2W] -0.425 * P[VSM71C] -0.425 * P[VTG21M] -0.425 * P[VTG61S] -0.425 * P[VTGT3A] -0.425 * P[VTR11H] -0.425 * P[VTR31R] -0.425 * P[VTRT1M] -0.266 * P[VTTS1] -0.425 * P[VWES1B] -0.425 * P[VWES2W] -0.71 * P[VWKP1] -0.71 * P[VWKP2] -0.254 * P[VYP21] -0.254 * P[VYP22] -0.254 * P[VYP23] -0.254 * P[VYP24] -0.42 * F[T-V-MNSP1] +0.991 * F[V-S-MNSP1] +1 * F[VIC1-NSW1] + Z_unrepresented <= RHS(t),"Out = Jindera to Wagga 330kV line, prevent transient instability for fault and trip of a HWTS-SMTS 500 kV line, SA accelerates, Yallourn W G1 on 220 kV.",Transient Stability,True,Z includes unsupported non-energy/region terms if present; not assumed zero
VSA-upper-20250918T0920,I_6F_NS_150,I_6F_NS_150|2025-05-30|2,0.979 * F_V_SA +0.671 * P[NBL21L] +0.943 * P[NBK11B] +0.943 * P[NBKB3B] +0.943 * P[NBKW1S] +0.671 * P[NBSF1L] +0.671 * P[NBSF2S] +0.122 * P[NCLS1C] +0.126 * P[NDNS1D] +0.0902 * P[NMUR8] +0.126 * P[NRBB3R] +0.228 * P[VART1A] +0.0872 * P[VBA23B] +0.0874 * P[VBAW1Y] +0.281 * P[VBGT1B] +0.281 * P[VBGT4B] +0.247 * P[VCWL1C] +0.098 * P[VGN21G] +0.0963 * P[VGN61M] +0.0963 * P[VGNS1G] +0.0963 * P[VGNS2W] -0.0767 * P[VHGT1S] +0.406 * P[VHOG1K] +0.0847 * P[VHUM] +0.506 * P[VKGB3G] +0.506 * P[VKGP1K] +0.506 * P[VKGS1G] +0.506 * P[VKGS2C] +0.825 * P[VKMT1K] +0.538 * P[VKOT1K] -0.105 * P[VM051D] -0.105 * P[VM052D] -0.105 * P[VM053D] -0.105 * P[VM0P1O] -0.105 * P[VM0P2O] +0.501 * P[VMRT1M] +0.501 * P[VMRT2M] +1 * P[VRCS1K] +1 * P[VRCS2Y] +0.119 * P[VSHS1N] +0.119 * P[VSHS2G] +0.119 * P[VSHS2W] -0.128 * P[VTR11H] -0.128 * P[VTR31R] -0.128 * P[VTRT1M] +0.868 * P[VWES1B] +0.868 * P[VWES2W] -1 * F[V-S-MNSP1] -0.106 * F[VIC1-NSW1] + Z_unrepresented <= RHS(t),Discretionary limit of 150 MW on Buronga to Bundey (6F) 330 kV Line (NSW to SA),Other,True,Z includes unsupported non-energy/region terms if present; not assumed zero
VSA-upper-20250918T0920,V::N_JNWG_V1,V::N_JNWG_V1|2024-10-31|1,0.281 * F_V_SA -0.748 * P[NMUR8] -0.313 * P[VART1A] -0.311 * P[VAT21L] -0.311 * P[VAT22L] -0.313 * P[VBA23B] -0.313 * P[VBAW1Y] -0.313 * P[VBBT1B] -0.313 * P[VBBT2B] -0.313 * P[VBGT1B] -0.313 * P[VBGT4B] -0.313 * P[VCB33R] -0.313 * P[VCWL1C] -1 * P[VDPS] -0.313 * P[VELT1M] -0.313 * P[VELT2M] -0.313 * P[VELT3E] -0.313 * P[VGN21G] -0.313 * P[VGN61M] -0.313 * P[VGNS1G] -0.313 * P[VGNS2W] -0.313 * P[VGTW1M] -0.313 * P[VHOG1K] -0.313 * P[VHW23H] -0.313 * P[VKGB3G] -0.313 * P[VKGP1K] -0.313 * P[VKGS1G] -0.313 * P[VKGS2C] -0.313 * P[VKMT1K] -0.313 * P[VKOT1K] -1 * P[VMKP1] -0.313 * P[VMLB3V] -0.313 * P[VMRT1M] -0.313 * P[VMRT2M] -0.313 * P[VMWT12] -0.313 * P[VMWT9B] -0.311 * P[VNPS] -0.313 * P[VRCS1K] -0.313 * P[VRCS2Y] -0.313 * P[VSHS1N] -0.313 * P[VSHS2G] -0.313 * P[VSHS2W] -0.313 * P[VSM71C] -0.313 * P[VTG21M] -0.313 * P[VTG61S] -0.313 * P[VTGT3A] -0.313 * P[VTR11H] -0.313 * P[VTR31R] -0.313 * P[VTRT1M] -0.311 * P[VTTS1] -0.313 * P[VWES1B] -0.313 * P[VWES2W] -1 * P[VWKP1] -1 * P[VWKP2] -0.162 * P[VYP21] -0.162 * P[VYP22] -0.162 * P[VYP23] -0.162 * P[VYP24] -0.357 * F[T-V-MNSP1] +0.933 * F[V-S-MNSP1] +0.954 * F[VIC1-NSW1] + Z_unrepresented <= RHS(t),"Out = Jindera to Wagga 330kV line, prevent transient instability for fault and trip of a HWTS-SMTS 500 kV line, VIC accelerates, Yallourn W G1 on 220 kV.",Transient Stability,True,Z includes unsupported non-energy/region terms if present; not assumed zero
VSA-upper-20251025T1230,S>>NIL_BWMP_WTTP,S>>NIL_BWMP_WTTP|2025-10-23|1,0.105 * F_V_SA +0.321 * P[SBEL1A] +0.321 * P[SBEL2P] +0.342 * P[SBEM1B] +0.342 * P[SBEM2B] +0.415 * P[SBLWS1] +0.415 * P[SBLWS2] +0.415 * P[SBUA1B] +0.415 * P[SBYW1B] +0.552 * P[SCGW1P] +0.342 * P[SCRK] +0.878 * P[SDAN3D] +0.342 * P[SDAP1P] +0.342 * P[SDAP2P] -0.794 * P[SDRN1] +0.319 * P[SHDW1H] +0.319 * P[SHDW2H] +0.319 * P[SHDW3H] +0.311 * P[SHPS1] +0.311 * P[SHPS2W] +0.342 * P[SLGW1L] +0.342 * P[SLGW4L] +0.342 * P[SLGW5L] -0.222 * P[SMA21M] -0.238 * P[SMA31M] -0.168 * P[SMAB1M] -0.168 * P[SMAE1M] -0.0936 * P[SMH21M] +0.301 * P[SMOK1H] +1 * P[SMPS] +0.319 * P[SMTL3H] +0.342 * P[SMTM1] +0.613 * P[SMW11M] +0.613 * P[SMW21M] +0.613 * P[SMW31M] +0.745 * P[SMW41M] +0.731 * P[SNWF1T] +0.342 * P[SPL31P] +0.342 * P[SPLN1] +0.293 * P[SRAB1G] +0.293 * P[SROB1G] +0.878 * P[SSYP1] -0.516 * P[STET1T] +0.319 * P[SWGL1W] +0.613 * F[V-S-MNSP1] + Z_unrepresented <= RHS(t),"Out= Nil, avoid O/L Waterloo - Templers 132kV on trip of Blyth West- Munno Para 275kV line, Feedback",Thermal,True,Z includes unsupported non-energy/region terms if present; not assumed zero
VSA-upper-20251025T1230,S>>NIL_BRTW_WTTP,S>>NIL_BRTW_WTTP|2025-10-23|1,0.107 * F_V_SA +0.342 * P[SBEL1A] +0.342 * P[SBEL2P] +0.378 * P[SBEM1B] +0.378 * P[SBEM2B] +0.199 * P[SBLWS1] +0.199 * P[SBLWS2] +0.347 * P[SBUA1B] +0.199 * P[SBYW1B] +0.63 * P[SCGW1P] +0.378 * P[SCRK] +0.853 * P[SDAN3D] +0.378 * P[SDAP1P] +0.378 * P[SDAP2P] -0.746 * P[SDRN1] +0.339 * P[SHDW1H] +0.339 * P[SHDW2H] +0.339 * P[SHDW3H] +0.325 * P[SHPS1] +0.325 * P[SHPS2W] +0.378 * P[SLGW1L] +0.378 * P[SLGW4L] +0.378 * P[SLGW5L] -0.201 * P[SMA21M] -0.216 * P[SMA31M] -0.151 * P[SMAB1M] -0.151 * P[SMAE1M] -0.0827 * P[SMH21M] +0.309 * P[SMOK1H] +1 * P[SMPS] +0.339 * P[SMTL3H] +0.378 * P[SMTM1] +0.598 * P[SMW11M] +0.598 * P[SMW21M] +0.598 * P[SMW31M] +0.724 * P[SMW41M] +0.715 * P[SNWF1T] +0.378 * P[SPL31P] +0.378 * P[SPLN1] +0.295 * P[SRAB1G] +0.295 * P[SROB1G] +0.853 * P[SSYP1] -0.512 * P[STET1T] +0.339 * P[SWGL1W] +0.598 * F[V-S-MNSP1] + Z_unrepresented <= RHS(t),"Out= Nil, avoid O/L Waterloo - Templers 132kV on trip of Brinkworth - Templers West 275kV line, Feedback",Thermal,True,Z includes unsupported non-energy/region terms if present; not assumed zero
VSA-upper-20251025T1230,S>>NIL_RBTU_RBTU,S>>NIL_RBTU_RBTU|2025-10-23|1,0.271 * F_V_SA +0.755 * P[SBEL1A] +0.755 * P[SBEL2P] +0.573 * P[SBEM1B] +0.573 * P[SBEM2B] +0.244 * P[SBLWS1] +0.244 * P[SBLWS2] +0.417 * P[SBUA1B] +0.244 * P[SBYW1B] +0.429 * P[SCGW1P] +0.573 * P[SCRK] +0.518 * P[SDAN3D] +0.573 * P[SDAP1P] +0.573 * P[SDAP2P] +0.205 * P[SDRN1] +0.771 * P[SHDW1H] +0.771 * P[SHDW2H] +0.771 * P[SHDW3H] +0.845 * P[SHPS1] +0.845 * P[SHPS2W] +0.117 * P[SLBB3L] +0.573 * P[SLGW1L] +0.573 * P[SLGW4L] +0.573 * P[SLGW5L] +0.117 * P[SMAY1] +0.117 * P[SMAY2] +0.117 * P[SMAY3W] +0.925 * P[SMOK1H] +0.543 * P[SMPS] +0.771 * P[SMTL3H] +0.573 * P[SMTM1] +0.847 * P[SMW11M] +0.847 * P[SMW21M] +0.106 * P[SPEW1] +0.847 * P[SMW31M] +0.783 * P[SMW41M] +0.483 * P[SNWF1T] +0.106 * P[SPEW2] +0.573 * P[SPL31P] +0.573 * P[SPLN1] +1 * P[SRAB1G] +1 * P[SROB1G] +0.117 * P[SSGA1] +0.117 * P[SSNN1] +0.518 * P[SSYP1] +0.165 * P[STET1T] +0.775 * P[SWGL1W] +0.624 * P[SWLE] +0.847 * F[V-S-MNSP1] + Z_unrepresented <= RHS(t),"Out= NIL, avoid O/L Robertstown-Tungkillo 275kV line 1 or 2 on trip of parallel Robertstown-Tungkillo 275kV line 2 or 1, Feedback",Thermal,True,Z includes unsupported non-energy/region terms if present; not assumed zero
VSA-upper-20251103T0530,V^S_HYCP,V^S_HYCP|2019-09-20|1,unknown IC factor * F_V_SA + Z_unrepresented nan RHS(t),,,False,Z includes unsupported non-energy/region terms if present; not assumed zero
VSA-upper-20251103T0530,V::N_NIL_O2,V::N_NIL_O2|2024-10-31|1,0.354 * F_V_SA +0.236 * P[NAL11C] +0.236 * P[NBK11B] +0.236 * P[NBKB3B] +0.236 * P[NBKW1S] +0.236 * P[NBL21L] +0.236 * P[NBSF1L] +0.236 * P[NBSF2S] +0.236 * P[NCLS1C] +0.236 * P[NDNH1H] +0.236 * P[NDNS1D] +0.236 * P[NFNS1F] -0.763 * P[NMUR8] -0.358 * P[VART1A] -0.358 * P[VBA23B] -0.358 * P[VBAW1Y] -0.358 * P[VBBT1B] -0.358 * P[VBBT2B] -0.358 * P[VBGT1B] -0.358 * P[VBGT4B] -0.358 * P[VCB33R] -0.358 * P[VCWL1C] -0.948 * P[VDPS] -0.358 * P[VELT1M] -0.358 * P[VELT2M] -0.358 * P[VELT3E] -0.358 * P[VGN21G] -0.358 * P[VGN61M] -0.358 * P[VGNS1G] -0.358 * P[VGNS2W] -0.358 * P[VGTW1M] -0.358 * P[VHOG1K] -0.358 * P[VHW23H] -0.358 * P[VKGB3G] -0.358 * P[VKGP1K] -0.358 * P[VKGS1G] -0.358 * P[VKGS2C] -0.358 * P[VKMT1K] -0.358 * P[VKOT1K] -0.948 * P[VMKP1] -0.358 * P[VMLB3V] -0.358 * P[VMRT1M] -0.358 * P[VMRT2M] -0.358 * P[VMWT12] -0.358 * P[VMWT9B] -0.358 * P[VRCS1K] -0.358 * P[VRCS2Y] -0.358 * P[VSHS1N] -0.358 * P[VSHS2G] -0.358 * P[VSHS2W] -0.358 * P[VSM71C] -0.358 * P[VTG21M] -0.358 * P[VTG61S] -0.358 * P[VTGT3A] -0.358 * P[VTR11H] -0.358 * P[VTR31R] -0.358 * P[VTRT1M] -0.358 * P[VWES1B] -0.358 * P[VWES2W] -0.948 * P[VWKP1] -0.948 * P[VWKP2] -0.311 * P[VYP22] -0.311 * P[VYP23] -0.311 * P[VYP24] -0.319 * F[T-V-MNSP1] +0.539 * F[V-S-MNSP1] +1 * F[VIC1-NSW1] + Z_unrepresented <= RHS(t),"Out = NIL, prevent transient instability for fault and trip of a HWTS-SMTS 500 kV line, Other than VIC accelerates. Yallourn W G1 on 500kV.",Transient Stability,True,Z includes unsupported non-energy/region terms if present; not assumed zero
VSA-upper-20251103T0530,V::N_NIL_V2,V::N_NIL_V2|2024-10-31|1,0.478 * F_V_SA +0.117 * P[NAL11C] +0.117 * P[NBK11B] +0.117 * P[NBKB3B] +0.117 * P[NBKW1S] +0.117 * P[NBL21L] +0.117 * P[NBSF1L] +0.117 * P[NBSF2S] +0.117 * P[NCLS1C] +0.117 * P[NDNH1H] +0.117 * P[NDNS1D] +0.117 * P[NFNS1F] -0.786 * P[NMUR8] -0.432 * P[VART1A] -0.432 * P[VBA23B] -0.432 * P[VBAW1Y] -0.432 * P[VBBT1B] -0.432 * P[VBBT2B] -0.432 * P[VBGT1B] -0.432 * P[VBGT4B] -0.432 * P[VCB33R] -0.432 * P[VCWL1C] -0.896 * P[VDPS] -0.432 * P[VELT1M] -0.432 * P[VELT2M] -0.432 * P[VELT3E] -0.432 * P[VGN21G] -0.432 * P[VGN61M] -0.432 * P[VGNS1G] -0.432 * P[VGNS2W] -0.432 * P[VGTW1M] -0.432 * P[VHOG1K] -0.432 * P[VHW23H] -0.432 * P[VKGB3G] -0.432 * P[VKGP1K] -0.432 * P[VKGS1G] -0.432 * P[VKGS2C] -0.432 * P[VKMT1K] -0.432 * P[VKOT1K] -0.896 * P[VMKP1] -0.432 * P[VMLB3V] -0.432 * P[VMRT1M] -0.432 * P[VMRT2M] -0.432 * P[VMWT12] -0.432 * P[VMWT9B] -0.432 * P[VRCS1K] -0.432 * P[VRCS2Y] -0.432 * P[VSHS1N] -0.432 * P[VSHS2G] -0.432 * P[VSHS2W] -0.432 * P[VSM71C] -0.432 * P[VTG21M] -0.432 * P[VTG61S] -0.432 * P[VTGT3A] -0.432 * P[VTR11H] -0.432 * P[VTR31R] -0.432 * P[VTRT1M] -0.432 * P[VWES1B] -0.432 * P[VWES2W] -0.896 * P[VWKP1] -0.896 * P[VWKP2] -0.36 * P[VYP22] -0.36 * P[VYP23] -0.36 * P[VYP24] -0.398 * F[T-V-MNSP1] +0.492 * F[V-S-MNSP1] +1 * F[VIC1-NSW1] + Z_unrepresented <= RHS(t),"Out = NIL, prevent transient instability for fault and trip of a HWTS-SMTS 500 kV line, VIC accelerates. Yallourn W G1 on 500kV.",Transient Stability,True,Z includes unsupported non-energy/region terms if present; not assumed zero
VSA-upper-20251213T1610,V::N_NIL_V2,V::N_NIL_V2|2025-12-09|1,0.478 * F_V_SA -0.786 * P[NMUR8] -0.432 * P[VART1A] -0.432 * P[VBA23B] -0.432 * P[VBAW1Y] -0.432 * P[VBBT1B] -0.432 * P[VBBT2B] -0.432 * P[VBGT1B] -0.432 * P[VBGT4B] -0.432 * P[VCB33R] -0.432 * P[VCWL1C] -0.896 * P[VDPS] -0.432 * P[VELT1M] -0.432 * P[VELT2M] -0.432 * P[VELT3E] -0.432 * P[VGN21G] -0.432 * P[VGN61M] -0.432 * P[VGNS1G] -0.432 * P[VGNS2W] -0.432 * P[VGTW1M] -0.432 * P[VHOG1K] -0.432 * P[VHW23H] -0.432 * P[VKGB3G] -0.432 * P[VKGP1K] -0.432 * P[VKGS1G] -0.432 * P[VKGS2C] -0.432 * P[VKMT1K] -0.432 * P[VKOT1K] -0.896 * P[VMKP1] -0.432 * P[VMLB3V] -0.432 * P[VMRT1M] -0.432 * P[VMRT2M] -0.432 * P[VMWT12] -0.432 * P[VMWT9B] -0.432 * P[VRCS1K] -0.432 * P[VRCS2Y] -0.432 * P[VSHS1N] -0.432 * P[VSHS2G] -0.432 * P[VSHS2W] -0.432 * P[VSHS3L] -0.432 * P[VSM71C] -0.432 * P[VTB21M] -0.432 * P[VTG21M] -0.432 * P[VTG31T] -0.432 * P[VTG61S] -0.432 * P[VTGT3A] -0.432 * P[VTR11H] -0.432 * P[VTR31R] -0.432 * P[VTRT1M] -0.432 * P[VWES1B] -0.432 * P[VWES2W] -0.896 * P[VWKP1] -0.896 * P[VWKP2] -0.36 * P[VYP22] -0.36 * P[VYP23] -0.36 * P[VYP24] -0.398 * F[T-V-MNSP1] +0.492 * F[V-S-MNSP1] +1 * F[VIC1-NSW1] + Z_unrepresented <= RHS(t),"Out = NIL, prevent transient instability for fault and trip of a HWTS-SMTS 500 kV line, VIC accelerates. Yallourn W G1 on 500kV.",Transient Stability,True,Z includes unsupported non-energy/region terms if present; not assumed zero
VSA-upper-20251213T1610,I_6F_NS_150,I_6F_NS_150|2025-05-30|2,0.979 * F_V_SA +0.671 * P[NBL21L] +0.943 * P[NBK11B] +0.943 * P[NBKB3B] +0.943 * P[NBKW1S] +0.671 * P[NBSF1L] +0.671 * P[NBSF2S] +0.122 * P[NCLS1C] +0.126 * P[NDNS1D] +0.0902 * P[NMUR8] +0.126 * P[NRBB3R] +0.228 * P[VART1A] +0.0872 * P[VBA23B] +0.0874 * P[VBAW1Y] +0.281 * P[VBGT1B] +0.281 * P[VBGT4B] +0.247 * P[VCWL1C] +0.098 * P[VGN21G] +0.0963 * P[VGN61M] +0.0963 * P[VGNS1G] +0.0963 * P[VGNS2W] -0.0767 * P[VHGT1S] +0.406 * P[VHOG1K] +0.0847 * P[VHUM] +0.506 * P[VKGB3G] +0.506 * P[VKGP1K] +0.506 * P[VKGS1G] +0.506 * P[VKGS2C] +0.825 * P[VKMT1K] +0.538 * P[VKOT1K] -0.105 * P[VM051D] -0.105 * P[VM052D] -0.105 * P[VM053D] -0.105 * P[VM0P1O] -0.105 * P[VM0P2O] +0.501 * P[VMRT1M] +0.501 * P[VMRT2M] +1 * P[VRCS1K] +1 * P[VRCS2Y] +0.119 * P[VSHS1N] +0.119 * P[VSHS2G] +0.119 * P[VSHS2W] -0.128 * P[VTR11H] -0.128 * P[VTR31R] -0.128 * P[VTRT1M] +0.868 * P[VWES1B] +0.868 * P[VWES2W] -1 * F[V-S-MNSP1] -0.106 * F[VIC1-NSW1] + Z_unrepresented <= RHS(t),Discretionary limit of 150 MW on Buronga to Bundey (6F) 330 kV Line (NSW to SA),Other,True,Z includes unsupported non-energy/region terms if present; not assumed zero
VSA-upper-20260131T1545,V::N_SMSC_V1,V::N_SMSC_V1|2025-12-23|1,0.478 * F_V_SA -0.786 * P[NMUR8] -0.432 * P[VART1A] -0.432 * P[VBA23B] -0.432 * P[VBAW1Y] -0.432 * P[VBBT1B] -0.432 * P[VBBT2B] -0.432 * P[VBGT1B] -0.432 * P[VBGT4B] -0.432 * P[VCB33R] -0.432 * P[VCWL1C] -0.896 * P[VDPS] -0.432 * P[VELT1M] -0.432 * P[VELT2M] -0.432 * P[VELT3E] -0.432 * P[VGN21G] -0.432 * P[VGN61M] -0.432 * P[VGNS1G] -0.432 * P[VGNS2W] -0.432 * P[VGTW1M] -0.432 * P[VHOG1K] -0.432 * P[VHW23H] -0.432 * P[VKGB3G] -0.432 * P[VKGP1K] -0.432 * P[VKGS1G] -0.432 * P[VKGS2C] -0.432 * P[VKMT1K] -0.432 * P[VKOT1K] -0.896 * P[VMKP1] -0.432 * P[VMLB3V] -0.432 * P[VMRT1M] -0.432 * P[VMRT2M] -0.432 * P[VMWT12] -0.432 * P[VMWT9B] -0.432 * P[VRCS1K] -0.432 * P[VRCS2Y] -0.432 * P[VSHS1N] -0.432 * P[VSHS2G] -0.432 * P[VSHS2W] -0.432 * P[VSHS3L] -0.432 * P[VSM71C] -0.432 * P[VTB21M] -0.432 * P[VTG21M] -0.432 * P[VTG31T] -0.432 * P[VTG61S] -0.432 * P[VTGT3A] -0.432 * P[VTR11H] -0.432 * P[VTR31R] -0.432 * P[VTRT1M] -0.432 * P[VWES1B] -0.432 * P[VWES2W] -0.896 * P[VWKP1] -0.896 * P[VWKP2] -0.36 * P[VYP21] -0.36 * P[VYP22] -0.36 * P[VYP23] -0.36 * P[VYP24] -0.398 * F[T-V-MNSP1] +0.492 * F[V-S-MNSP1] +1 * F[VIC1-NSW1] + Z_unrepresented <= RHS(t),"Out = One South Morang 330 kV series capacitor bank, prevent transient instability for fault and trip of a HWTS-SMTS 500 kV line, VIC accelerates. Yallourn W G1 on 220kV.",Transient Stability,True,Z includes unsupported non-energy/region terms if present; not assumed zero
VSA-upper-20260131T1545,S>>NIL_RBTU_RBTU,S>>NIL_RBTU_RBTU|2026-01-12|1,0.271 * F_V_SA +0.755 * P[SBEL1A] +0.755 * P[SBEL2P] +0.573 * P[SBEM1B] +0.573 * P[SBEM2B] +0.244 * P[SBLWS1] +0.244 * P[SBLWS2] +0.417 * P[SBUA1B] +0.244 * P[SBYW1B] +0.429 * P[SCGB1C] +0.429 * P[SCGW1P] +0.573 * P[SCRK] +0.518 * P[SDAN3D] +0.573 * P[SDAP1P] +0.573 * P[SDAP2P] +0.771 * P[SHDW3H] +0.205 * P[SDRN1] +0.771 * P[SHDW1H] +0.771 * P[SHDW2H] +0.845 * P[SHPS1] +0.845 * P[SHPS2W] +0.573 * P[SLGW1L] +0.573 * P[SLGW4L] +0.573 * P[SLGW5L] +0.925 * P[SMOK1H] +0.543 * P[SMPS] +0.771 * P[SMTL3H] +0.573 * P[SMTM1] +0.847 * P[SMW11M] +0.847 * P[SMW21M] +0.847 * P[SMW31M] +0.783 * P[SMW41M] +0.483 * P[SNWF1T] +0.573 * P[SPL31P] +0.573 * P[SPLN1] +1 * P[SRAB1G] +1 * P[SROB1G] +0.518 * P[SSYP1] +0.165 * P[STET1T] +0.775 * P[SWGL1W] +0.624 * P[SWLE] +0.847 * F[V-S-MNSP1] + Z_unrepresented <= RHS(t),"Out= NIL, avoid O/L Robertstown-Tungkillo 275kV line 1 or 2 on trip of parallel Robertstown-Tungkillo 275kV line 2 or 1, Feedback",Thermal,True,Z includes unsupported non-energy/region terms if present; not assumed zero
VSA-upper-20260131T1545,I_6F_NS_150,I_6F_NS_150|2026-01-29|1,0.999 * F_V_SA +0.936 * P[NBK11B] +0.936 * P[NBKB3B] +0.936 * P[NBKW1S] +0.666 * P[NBL21L] +0.666 * P[NBSF1L] +0.666 * P[NBSF2S] +0.666 * P[NLMB1L] +0.232 * P[VART1A] +0.285 * P[VBGT1B] +0.285 * P[VBGT4B] +0.251 * P[VCWL1C] +0.41 * P[VHOG1K] +0.506 * P[VKGB3G] +0.506 * P[VKGP1K] +0.506 * P[VKGS1G] +0.506 * P[VKGS2C] +0.826 * P[VKMT1K] +0.538 * P[VKOT1K] +0.503 * P[VMRT1M] +0.503 * P[VMRT2M] +1 * P[VRCS1K] +1 * P[VRCS2Y] +0.868 * P[VWES1B] +0.868 * P[VWES2W] -1 * F[V-S-MNSP1] + Z_unrepresented <= RHS(t),Discretionary limit of 150 MW on Buronga to Bundey (6F) 330 kV Line (NSW to SA),Discretionary,True,Z includes unsupported non-energy/region terms if present; not assumed zero
VSA-upper-20260131T1545,V::N_SMSC_O1,V::N_SMSC_O1|2025-12-09|1,0.354 * F_V_SA +0.236 * P[NAL11C] +0.236 * P[NBK11B] +0.236 * P[NBKB3B] +0.236 * P[NBKW1S] +0.236 * P[NBL21L] +0.236 * P[NBSF1L] +0.236 * P[NBSF2S] +0.236 * P[NCLS1C] +0.236 * P[NDNH1H] +0.236 * P[NDNS1D] +0.236 * P[NFNS1F] -0.763 * P[NMUR8] -0.358 * P[VART1A] -0.358 * P[VBA23B] -0.358 * P[VBAW1Y] -0.358 * P[VBBT1B] -0.358 * P[VBBT2B] -0.358 * P[VBGT1B] -0.358 * P[VBGT4B] -0.358 * P[VCB33R] -0.358 * P[VCWL1C] -0.948 * P[VDPS] -0.358 * P[VELT1M] -0.358 * P[VELT2M] -0.358 * P[VELT3E] -0.358 * P[VGN21G] -0.358 * P[VGN61M] -0.358 * P[VHOG1K] -0.358 * P[VGNS1G] -0.358 * P[VGNS2W] -0.358 * P[VGTW1M] -0.358 * P[VHW23H] -0.358 * P[VKGB3G] -0.358 * P[VKGP1K] -0.358 * P[VKGS1G] -0.358 * P[VKGS2C] -0.358 * P[VKMT1K] -0.358 * P[VKOT1K] -0.948 * P[VMKP1] -0.358 * P[VMLB3V] -0.358 * P[VMRT1M] -0.358 * P[VMRT2M] -0.358 * P[VMWT12] -0.358 * P[VMWT9B] -0.358 * P[VRCS1K] -0.358 * P[VRCS2Y] -0.358 * P[VSHS1N] -0.358 * P[VSHS2G] -0.358 * P[VSHS2W] -0.358 * P[VSHS3L] -0.358 * P[VSM71C] -0.358 * P[VTB21M] -0.358 * P[VTG21M] -0.358 * P[VTG31T] -0.358 * P[VTG61S] -0.358 * P[VTGT3A] -0.358 * P[VTR11H] -0.358 * P[VTR31R] -0.358 * P[VTRT1M] -0.358 * P[VWES1B] -0.358 * P[VWES2W] -0.948 * P[VWKP1] -0.948 * P[VWKP2] -0.311 * P[VYP21] -0.311 * P[VYP22] -0.311 * P[VYP23] -0.311 * P[VYP24] -0.319 * F[T-V-MNSP1] +0.539 * F[V-S-MNSP1] +1 * F[VIC1-NSW1] + Z_unrepresented <= RHS(t),"Out = One South Morang 330 kV series capacitor bank, prevent transient instability for fault and trip of a HWTS-SMTS 500 kV line, Other than VIC accelerates. Yallourn W G1 on 220kV.",Transient Stability,True,Z includes unsupported non-energy/region terms if present; not assumed zero
VSA-upper-20260201T1815,V_S_NIL_ROCOF,V_S_NIL_ROCOF|2024-09-03|1,1 * F_V_SA + Z_unrepresented <= RHS(t),"Out = NIL, limit VIC to SA Heywood interconnection flow to prevent Rate of Change of Frequency exceeding 2 Hz/sec in SA immediately following loss of Heywood interconnector. Heywood limit increased by 24 MW when Dalrymple BESS is charging.",ROC Frequency,True,Z includes unsupported non-energy/region terms if present; not assumed zero
VSA-upper-20260201T1815,V::N_SMSC_O1,V::N_SMSC_O1|2025-12-09|1,0.354 * F_V_SA +0.236 * P[NAL11C] +0.236 * P[NBK11B] +0.236 * P[NBKB3B] +0.236 * P[NBKW1S] +0.236 * P[NBL21L] +0.236 * P[NBSF1L] +0.236 * P[NBSF2S] +0.236 * P[NCLS1C] +0.236 * P[NDNH1H] +0.236 * P[NDNS1D] +0.236 * P[NFNS1F] -0.763 * P[NMUR8] -0.358 * P[VART1A] -0.358 * P[VBA23B] -0.358 * P[VBAW1Y] -0.358 * P[VBBT1B] -0.358 * P[VBBT2B] -0.358 * P[VBGT1B] -0.358 * P[VBGT4B] -0.358 * P[VCB33R] -0.358 * P[VCWL1C] -0.948 * P[VDPS] -0.358 * P[VELT1M] -0.358 * P[VELT2M] -0.358 * P[VELT3E] -0.358 * P[VGN21G] -0.358 * P[VGN61M] -0.358 * P[VHOG1K] -0.358 * P[VGNS1G] -0.358 * P[VGNS2W] -0.358 * P[VGTW1M] -0.358 * P[VHW23H] -0.358 * P[VKGB3G] -0.358 * P[VKGP1K] -0.358 * P[VKGS1G] -0.358 * P[VKGS2C] -0.358 * P[VKMT1K] -0.358 * P[VKOT1K] -0.948 * P[VMKP1] -0.358 * P[VMLB3V] -0.358 * P[VMRT1M] -0.358 * P[VMRT2M] -0.358 * P[VMWT12] -0.358 * P[VMWT9B] -0.358 * P[VRCS1K] -0.358 * P[VRCS2Y] -0.358 * P[VSHS1N] -0.358 * P[VSHS2G] -0.358 * P[VSHS2W] -0.358 * P[VSHS3L] -0.358 * P[VSM71C] -0.358 * P[VTB21M] -0.358 * P[VTG21M] -0.358 * P[VTG31T] -0.358 * P[VTG61S] -0.358 * P[VTGT3A] -0.358 * P[VTR11H] -0.358 * P[VTR31R] -0.358 * P[VTRT1M] -0.358 * P[VWES1B] -0.358 * P[VWES2W] -0.948 * P[VWKP1] -0.948 * P[VWKP2] -0.311 * P[VYP21] -0.311 * P[VYP22] -0.311 * P[VYP23] -0.311 * P[VYP24] -0.319 * F[T-V-MNSP1] +0.539 * F[V-S-MNSP1] +1 * F[VIC1-NSW1] + Z_unrepresented <= RHS(t),"Out = One South Morang 330 kV series capacitor bank, prevent transient instability for fault and trip of a HWTS-SMTS 500 kV line, Other than VIC accelerates. Yallourn W G1 on 220kV.",Transient Stability,True,Z includes unsupported non-energy/region terms if present; not assumed zero
VSA-upper-20260226T1455,I_6F_NS_150,I_6F_NS_150|2026-02-09|1,0.999 * F_V_SA +0.936 * P[NBK11B] +0.936 * P[NBKB3B] +0.936 * P[NBKW1S] +0.666 * P[NBL21L] +0.666 * P[NBSF1L] +0.666 * P[NBSF2S] +0.666 * P[NLMB1L] +0.232 * P[VART1A] +0.285 * P[VBGT1B] +0.285 * P[VBGT4B] +0.251 * P[VCWL1C] +0.41 * P[VHOG1K] +0.506 * P[VKGB3G] +0.506 * P[VKGP1K] +0.506 * P[VKGS1G] +0.506 * P[VKGS2C] +0.826 * P[VKMT1K] +0.538 * P[VKOT1K] +1 * P[VRCS2Y] +0.503 * P[VMRT1M] +0.503 * P[VMRT2M] +1 * P[VRCS1K] +0.868 * P[VWES1B] +0.868 * P[VWES2W] -1 * F[V-S-MNSP1] + Z_unrepresented <= RHS(t),Discretionary limit of 150 MW on Buronga to Bundey (6F) 330 kV Line (NSW to SA),Discretionary,True,Z includes unsupported non-energy/region terms if present; not assumed zero
VSA-upper-20260226T1455,V::S_NIL_MAXG_1,V::S_NIL_MAXG_1|2025-12-08|1,1 * F_V_SA +0.6 * P[SLBB3L] +0.38 * P[SMAY1] +0.75 * P[SMAY2] +0.75 * P[SMAY3W] +0.52 * P[SSGA1] +1.3 * P[SSNN1] + Z_unrepresented <= RHS(t),Out = Nil(Both Black Range series capacitors I/S); Vic to SA Transient Stability limit for loss of the largest generation block in SA (Both  South East Capacitor Available).,Transient Stability,True,Z includes unsupported non-energy/region terms if present; not assumed zero
VSA-upper-20260313T0610,V::N_NIL_V2,V::N_NIL_V2|2025-12-09|1,0.478 * F_V_SA -0.786 * P[NMUR8] -0.432 * P[VART1A] -0.432 * P[VBA23B] -0.432 * P[VBAW1Y] -0.432 * P[VBBT1B] -0.432 * P[VBBT2B] -0.432 * P[VBGT1B] -0.432 * P[VBGT4B] -0.432 * P[VCB33R] -0.432 * P[VCWL1C] -0.896 * P[VDPS] -0.432 * P[VELT1M] -0.432 * P[VELT2M] -0.432 * P[VELT3E] -0.432 * P[VGN21G] -0.432 * P[VGN61M] -0.432 * P[VGNS1G] -0.432 * P[VGNS2W] -0.432 * P[VGTW1M] -0.432 * P[VHOG1K] -0.432 * P[VHW23H] -0.432 * P[VKGB3G] -0.432 * P[VKGP1K] -0.432 * P[VKGS1G] -0.432 * P[VKGS2C] -0.432 * P[VKMT1K] -0.432 * P[VKOT1K] -0.896 * P[VMKP1] -0.432 * P[VMLB3V] -0.432 * P[VMRT1M] -0.432 * P[VMRT2M] -0.432 * P[VMWT12] -0.432 * P[VMWT9B] -0.432 * P[VRCS1K] -0.432 * P[VRCS2Y] -0.432 * P[VSHS1N] -0.432 * P[VSHS2G] -0.432 * P[VSHS2W] -0.432 * P[VSHS3L] -0.432 * P[VSM71C] -0.432 * P[VTB21M] -0.432 * P[VTG21M] -0.432 * P[VTG31T] -0.432 * P[VTG61S] -0.432 * P[VTGT3A] -0.432 * P[VTR11H] -0.432 * P[VTR31R] -0.432 * P[VTRT1M] -0.432 * P[VWES1B] -0.432 * P[VWES2W] -0.896 * P[VWKP1] -0.896 * P[VWKP2] -0.36 * P[VYP22] -0.36 * P[VYP23] -0.36 * P[VYP24] -0.398 * F[T-V-MNSP1] +0.492 * F[V-S-MNSP1] +1 * F[VIC1-NSW1] + Z_unrepresented <= RHS(t),"Out = NIL, prevent transient instability for fault and trip of a HWTS-SMTS 500 kV line, VIC accelerates. Yallourn W G1 on 500kV.",Transient Stability,True,Z includes unsupported non-energy/region terms if present; not assumed zero
VSA-upper-20260403T1720,V::N_NIL_O2,V::N_NIL_O2|2025-12-09|1,0.354 * F_V_SA +0.236 * P[NAL11C] +0.236 * P[NBK11B] +0.236 * P[NBKB3B] +0.236 * P[NBKW1S] +0.236 * P[NBL21L] +0.236 * P[NBSF1L] +0.236 * P[NBSF2S] +0.236 * P[NCLS1C] +0.236 * P[NDNH1H] +0.236 * P[NDNS1D] +0.236 * P[NFNS1F] -0.763 * P[NMUR8] -0.358 * P[VART1A] -0.358 * P[VBA23B] -0.358 * P[VBAW1Y] -0.358 * P[VBBT1B] -0.358 * P[VBBT2B] -0.358 * P[VBGT1B] -0.358 * P[VBGT4B] -0.358 * P[VCB33R] -0.358 * P[VCWL1C] -0.948 * P[VDPS] -0.358 * P[VELT1M] -0.358 * P[VELT2M] -0.358 * P[VELT3E] -0.358 * P[VGN21G] -0.358 * P[VGN61M] -0.358 * P[VGNS1G] -0.358 * P[VGNS2W] -0.358 * P[VGTW1M] -0.358 * P[VHOG1K] -0.358 * P[VHW23H] -0.358 * P[VKGB3G] -0.358 * P[VKGP1K] -0.358 * P[VKGS1G] -0.358 * P[VKGS2C] -0.358 * P[VKMT1K] -0.358 * P[VKOT1K] -0.948 * P[VMKP1] -0.358 * P[VMLB3V] -0.358 * P[VMRT1M] -0.358 * P[VMRT2M] -0.358 * P[VMWT12] -0.358 * P[VMWT9B] -0.358 * P[VRCS1K] -0.358 * P[VRCS2Y] -0.358 * P[VSHS1N] -0.358 * P[VSHS2G] -0.358 * P[VSHS2W] -0.358 * P[VSHS3L] -0.358 * P[VSM71C] -0.358 * P[VTB21M] -0.358 * P[VTG21M] -0.358 * P[VTG31T] -0.358 * P[VTG61S] -0.358 * P[VTGT3A] -0.358 * P[VTR11H] -0.358 * P[VTR31R] -0.358 * P[VTRT1M] -0.358 * P[VWES1B] -0.358 * P[VWES2W] -0.948 * P[VWKP1] -0.948 * P[VWKP2] -0.311 * P[VYP22] -0.311 * P[VYP23] -0.311 * P[VYP24] -0.319 * F[T-V-MNSP1] +0.539 * F[V-S-MNSP1] +1 * F[VIC1-NSW1] + Z_unrepresented <= RHS(t),"Out = NIL, prevent transient instability for fault and trip of a HWTS-SMTS 500 kV line, Other than VIC accelerates. Yallourn W G1 on 500kV.",Transient Stability,True,Z includes unsupported non-energy/region terms if present; not assumed zero
VSA-upper-20260403T1720,V_S_HEYWOOD_UFLS,V_S_HEYWOOD_UFLS|2024-10-08|1,1 * F_V_SA + Z_unrepresented <= RHS(t),"Out= Nil, Limit Heywood flows when SA under frequency load shedding (UFLS) is insufficient (i.e. when UFLS blocks in SA <1000 MW) to manage for double-circuit loss of Heywood IC. Note: Constraint is swamped if UFLS blocks >= 1000 MW.",Other,True,Z includes unsupported non-energy/region terms if present; not assumed zero
VSA-upper-20260409T1405,V^^S_TBCP1_MAXG,V^^S_TBCP1_MAXG|2025-12-02|1,1 * F_V_SA +0.74 * P[SLBB3L] +0.65 * P[SMAY1] +0.79 * P[SMAY2] +0.79 * P[SMAY3W] +0.52 * P[SPEW1] +0.52 * P[SPEW2] +1.24 * P[SSGA1] +0.74 * P[SSNN1] + Z_unrepresented <= RHS(t),Out= Tailem Bend 275kV Cap Bank (Both Black Range series Caps I/S); Vic to SA Long Term Voltage Stability limit for loss of the largest generation block in SA ,Voltage Stability,True,Z includes unsupported non-energy/region terms if present; not assumed zero
VSA-upper-20260409T1405,VS_600_TEST,VS_600_TEST|2026-03-13|1,1 * F_V_SA -0.376 * P[NBK11B] -0.376 * P[NBKB3B] -0.376 * P[NBKW1S] -0.268 * P[NBL21L] -0.268 * P[NBSF1L] -0.268 * P[NBSF2S] -0.268 * P[NLMB1L] -0.381 * P[VCPT1C] -0.162 * P[VHOG1K] -0.202 * P[VKGB3G] -0.202 * P[VKGP1K] -0.202 * P[VKGS1G] -0.202 * P[VKGS2C] -0.33 * P[VKMT1K] -0.215 * P[VKOT1K] -0.2 * P[VMRT1M] -0.2 * P[VMRT2M] -0.399 * P[VRCS1K] -0.399 * P[VRCS2Y] -0.347 * P[VWES1B] -0.347 * P[VWES2W] +0.399 * F[V-S-MNSP1] + Z_unrepresented <= RHS(t),"Out = Nil, Vic to SA on Heywood limit of 600 MW, limit for testing of Heywood interconnection upgrade",Other,True,Z includes unsupported non-energy/region terms if present; not assumed zero
VSA-upper-20260409T1405,S>>NIL_RBTU_RBTU,S>>NIL_RBTU_RBTU|2026-01-12|1,0.271 * F_V_SA +0.755 * P[SBEL1A] +0.755 * P[SBEL2P] +0.573 * P[SBEM1B] +0.573 * P[SBEM2B] +0.244 * P[SBLWS1] +0.244 * P[SBLWS2] +0.417 * P[SBUA1B] +0.244 * P[SBYW1B] +0.429 * P[SCGB1C] +0.429 * P[SCGW1P] +0.573 * P[SCRK] +0.518 * P[SDAN3D] +0.573 * P[SDAP1P] +0.573 * P[SDAP2P] +0.771 * P[SHDW3H] +0.205 * P[SDRN1] +0.771 * P[SHDW1H] +0.771 * P[SHDW2H] +0.845 * P[SHPS1] +0.845 * P[SHPS2W] +0.573 * P[SLGW1L] +0.573 * P[SLGW4L] +0.573 * P[SLGW5L] +0.925 * P[SMOK1H] +0.543 * P[SMPS] +0.771 * P[SMTL3H] +0.573 * P[SMTM1] +0.847 * P[SMW11M] +0.847 * P[SMW21M] +0.847 * P[SMW31M] +0.783 * P[SMW41M] +0.483 * P[SNWF1T] +0.573 * P[SPL31P] +0.573 * P[SPLN1] +1 * P[SRAB1G] +1 * P[SROB1G] +0.518 * P[SSYP1] +0.165 * P[STET1T] +0.775 * P[SWGL1W] +0.624 * P[SWLE] +0.847 * F[V-S-MNSP1] + Z_unrepresented <= RHS(t),"Out= NIL, avoid O/L Robertstown-Tungkillo 275kV line 1 or 2 on trip of parallel Robertstown-Tungkillo 275kV line 2 or 1, Feedback",Thermal,True,Z includes unsupported non-energy/region terms if present; not assumed zero
VSA-upper-20260409T1405,I_6F_NS_150,I_6F_NS_150|2026-02-27|1,0.999 * F_V_SA +0.936 * P[NBK11B] +0.936 * P[NBKB3B] +0.936 * P[NBKW1S] +0.666 * P[NBL21L] +0.666 * P[NBSF1L] +0.666 * P[NBSF2S] +0.666 * P[NLMB1L] +0.232 * P[VART1A] +0.285 * P[VBGT1B] +0.285 * P[VBGT4B] +0.251 * P[VCWL1C] +0.41 * P[VHOG1K] +0.506 * P[VKGB3G] +0.506 * P[VKGP1K] +0.506 * P[VKGS1G] +0.506 * P[VKGS2C] +0.826 * P[VKMT1K] +0.538 * P[VKOT1K] +0.503 * P[VMRT1M] +0.503 * P[VMRT2M] +1 * P[VRCS1K] +1 * P[VRCS2Y] +0.868 * P[VWES1B] +0.868 * P[VWES2W] -1 * F[V-S-MNSP1] + Z_unrepresented <= RHS(t),Discretionary limit of 150 MW on Buronga to Bundey (6F) 330 kV Line (NSW to SA),Discretionary,True,Z includes unsupported non-energy/region terms if present; not assumed zero
VSA-upper-20260519T1515,V_S_HEYWOOD_UFLS,V_S_HEYWOOD_UFLS|2024-10-08|1,1 * F_V_SA + Z_unrepresented <= RHS(t),"Out= Nil, Limit Heywood flows when SA under frequency load shedding (UFLS) is insufficient (i.e. when UFLS blocks in SA <1000 MW) to manage for double-circuit loss of Heywood IC. Note: Constraint is swamped if UFLS blocks >= 1000 MW.",Other,True,Z includes unsupported non-energy/region terms if present; not assumed zero
VSA-upper-20260519T1515,S>>X_BRMN_RBTU_04,S>>X_BRMN_RBTU_04|2026-02-11|1,0.151 * F_V_SA +0.404 * P[SBEL1A] +0.404 * P[SBEL2P] +0.309 * P[SBEM1B] +0.309 * P[SBEM2B] +0.242 * P[SCGB1C] +0.242 * P[SCGW1P] +0.309 * P[SCRK] +0.689 * P[SDAN3D] +0.309 * P[SDAP1P] +0.309 * P[SDAP2P] -0.343 * P[SDRN1] +0.412 * P[SHDW1H] +0.412 * P[SHDW2H] +0.412 * P[SHDW3H] +0.451 * P[SHPS1] +0.451 * P[SHPS2W] +0.309 * P[SLGW1L] +0.309 * P[SLGW4L] +0.309 * P[SLGW5L] +0.492 * P[SMOK1H] +1 * P[SMPS] +0.412 * P[SMTL3H] +0.309 * P[SMTM1] +0.705 * P[SMW11M] +0.705 * P[SMW21M] +0.705 * P[SMW31M] +0.776 * P[SMW41M] +0.524 * P[SNWF1T] +0.309 * P[SPL31P] +0.309 * P[SPLN1] +0.531 * P[SRAB1G] +0.531 * P[SROB1G] +0.689 * P[SSYP1] -0.22 * P[STET1T] +0.414 * P[SWGL1W] +0.705 * F[V-S-MNSP1] + Z_unrepresented <= RHS(t),"Out= Brinkworth - Mintaro (or any line section between Brinkworth and Mintaro) 132kV line + Robertstown-Tungkillo 275kV line 1 or 2, avoid O/L Waterloo-Templers 132kV line on trip of Robertstown-Tungkillo 275kV line, Feedback",Thermal,True,Z includes unsupported non-energy/region terms if present; not assumed zero
VSA-upper-20260601T0550,V::N_KGRC_V1,V::N_KGRC_V1|2025-12-20|1,0.478 * F_V_SA -0.786 * P[NMUR8] -0.432 * P[VART1A] -0.432 * P[VBA23B] -0.432 * P[VBAW1Y] -0.432 * P[VBBT1B] -0.432 * P[VBBT2B] -0.432 * P[VBGT1B] -0.432 * P[VBGT4B] -0.432 * P[VCB33R] -0.432 * P[VCWL1C] -0.896 * P[VDPS] -0.432 * P[VELT1M] -0.432 * P[VELT2M] -0.432 * P[VELT3E] -0.432 * P[VGN21G] -0.432 * P[VGN61M] -0.432 * P[VGNS1G] -0.432 * P[VGNS2W] -0.432 * P[VGTW1M] -0.432 * P[VHOG1K] -0.432 * P[VHW23H] -0.432 * P[VKGB3G] -0.432 * P[VKGP1K] -0.432 * P[VKGS1G] -0.432 * P[VKGS2C] -0.432 * P[VKMT1K] -0.432 * P[VKOT1K] -0.896 * P[VMKP1] -0.432 * P[VMLB3V] -0.432 * P[VMRT1M] -0.432 * P[VMRT2M] -0.432 * P[VMWT12] -0.432 * P[VMWT9B] -0.432 * P[VRCS1K] -0.432 * P[VRCS2Y] -0.432 * P[VSHS1N] -0.432 * P[VSHS2G] -0.432 * P[VSHS2W] -0.432 * P[VSHS3L] -0.432 * P[VSM71C] -0.432 * P[VTB21M] -0.432 * P[VTG21M] -0.432 * P[VTG31T] -0.432 * P[VTG61S] -0.432 * P[VTGT3A] -0.432 * P[VTR11H] -0.432 * P[VTR31R] -0.432 * P[VTRT1M] -0.432 * P[VWES1B] -0.432 * P[VWES2W] -0.896 * P[VWKP1] -0.896 * P[VWKP2] -0.36 * P[VYP21] -0.36 * P[VYP22] -0.36 * P[VYP23] -0.36 * P[VYP24] -0.398 * F[T-V-MNSP1] +0.492 * F[V-S-MNSP1] +1 * F[VIC1-NSW1] + Z_unrepresented <= RHS(t),"Out = Kerang to Red Cliffs 220kV line (or any section in between), prevent transient instability for fault and trip of a HWTS-SMTS 500 kV line, VIC accelerates. Yallourn W G1 on 220kV.",Transient Stability,True,Z includes unsupported non-energy/region terms if present; not assumed zero
VSA-upper-20260621T1955,CA_SYDS_594882A3_1,CA_SYDS_594882A3_1|2026-06-20|1,0.1689 * F_V_SA -0.5318 * P[NBK11B] -0.5318 * P[NBKB3B] -0.5318 * P[NBKW1S] +1 * P[NBL21L] +1 * P[NBSF1L] +1 * P[NBSF2S] +0.1775 * P[NCLS1C] +0.1843 * P[NDNH1H] +0.1843 * P[NDNS1D] +1 * P[NLMB1L] +0.1843 * P[NRB23R] +0.1843 * P[NRBB3R] +0.1843 * P[NRDP3D] -0.1672 * P[VHOG1K] -0.1791 * P[VKGB3G] -0.3203 * P[VKMT1K] -0.1791 * P[VKGP1K] -0.1791 * P[VKGS1G] -0.1791 * P[VKGS2C] -0.1926 * P[VKOT1K] -0.1991 * P[VMRT1M] -0.1991 * P[VMRT2M] -0.388 * P[VRCS1K] -0.388 * P[VRCS2Y] -0.3321 * P[VWES1B] -0.3321 * P[VWES2W] +0.388 * F[V-S-MNSP1] + Z_unrepresented <= RHS(t),"Constraint Automation, O/L X3:LX3:I:220@BALRANLD@NSW for Nil Trip Base Case.  Generated by STNET[NORCR1] Host NORREGEEMP8(EMPSYD)",Thermal,True,Z includes unsupported non-energy/region terms if present; not assumed zero
VSA-upper-20260621T2010,CA_SYDS_594882A3_1,CA_SYDS_594882A3_1|2026-06-20|1,0.1689 * F_V_SA -0.5318 * P[NBK11B] -0.5318 * P[NBKB3B] -0.5318 * P[NBKW1S] +1 * P[NBL21L] +1 * P[NBSF1L] +1 * P[NBSF2S] +0.1775 * P[NCLS1C] +0.1843 * P[NDNH1H] +0.1843 * P[NDNS1D] +1 * P[NLMB1L] +0.1843 * P[NRB23R] +0.1843 * P[NRBB3R] +0.1843 * P[NRDP3D] -0.1672 * P[VHOG1K] -0.1791 * P[VKGB3G] -0.3203 * P[VKMT1K] -0.1791 * P[VKGP1K] -0.1791 * P[VKGS1G] -0.1791 * P[VKGS2C] -0.1926 * P[VKOT1K] -0.1991 * P[VMRT1M] -0.1991 * P[VMRT2M] -0.388 * P[VRCS1K] -0.388 * P[VRCS2Y] -0.3321 * P[VWES1B] -0.3321 * P[VWES2W] +0.388 * F[V-S-MNSP1] + Z_unrepresented <= RHS(t),"Constraint Automation, O/L X3:LX3:I:220@BALRANLD@NSW for Nil Trip Base Case.  Generated by STNET[NORCR1] Host NORREGEEMP8(EMPSYD)",Thermal,True,Z includes unsupported non-energy/region terms if present; not assumed zero
VSA-upper-20260622T0630,CA_SYDS_594882A3_1,CA_SYDS_594882A3_1|2026-06-20|1,0.1689 * F_V_SA -0.5318 * P[NBK11B] -0.5318 * P[NBKB3B] -0.5318 * P[NBKW1S] +1 * P[NBL21L] +1 * P[NBSF1L] +1 * P[NBSF2S] +0.1775 * P[NCLS1C] +0.1843 * P[NDNH1H] +0.1843 * P[NDNS1D] +1 * P[NLMB1L] +0.1843 * P[NRB23R] +0.1843 * P[NRBB3R] +0.1843 * P[NRDP3D] -0.1672 * P[VHOG1K] -0.1791 * P[VKGB3G] -0.3203 * P[VKMT1K] -0.1791 * P[VKGP1K] -0.1791 * P[VKGS1G] -0.1791 * P[VKGS2C] -0.1926 * P[VKOT1K] -0.1991 * P[VMRT1M] -0.1991 * P[VMRT2M] -0.388 * P[VRCS1K] -0.388 * P[VRCS2Y] -0.3321 * P[VWES1B] -0.3321 * P[VWES2W] +0.388 * F[V-S-MNSP1] + Z_unrepresented <= RHS(t),"Constraint Automation, O/L X3:LX3:I:220@BALRANLD@NSW for Nil Trip Base Case.  Generated by STNET[NORCR1] Host NORREGEEMP8(EMPSYD)",Thermal,True,Z includes unsupported non-energy/region terms if present; not assumed zero
VSA-upper-20260622T0720,CA_SYDS_594882A3_1,CA_SYDS_594882A3_1|2026-06-20|1,0.1689 * F_V_SA -0.5318 * P[NBK11B] -0.5318 * P[NBKB3B] -0.5318 * P[NBKW1S] +1 * P[NBL21L] +1 * P[NBSF1L] +1 * P[NBSF2S] +0.1775 * P[NCLS1C] +0.1843 * P[NDNH1H] +0.1843 * P[NDNS1D] +1 * P[NLMB1L] +0.1843 * P[NRB23R] +0.1843 * P[NRBB3R] +0.1843 * P[NRDP3D] -0.1672 * P[VHOG1K] -0.1791 * P[VKGB3G] -0.3203 * P[VKMT1K] -0.1791 * P[VKGP1K] -0.1791 * P[VKGS1G] -0.1791 * P[VKGS2C] -0.1926 * P[VKOT1K] -0.1991 * P[VMRT1M] -0.1991 * P[VMRT2M] -0.388 * P[VRCS1K] -0.388 * P[VRCS2Y] -0.3321 * P[VWES1B] -0.3321 * P[VWES2W] +0.388 * F[V-S-MNSP1] + Z_unrepresented <= RHS(t),"Constraint Automation, O/L X3:LX3:I:220@BALRANLD@NSW for Nil Trip Base Case.  Generated by STNET[NORCR1] Host NORREGEEMP8(EMPSYD)",Thermal,True,Z includes unsupported non-energy/region terms if present; not assumed zero
VSA-upper-20260723T1610,I_6F_NS_150,I_6F_NS_150|2026-07-04|1,0.999 * F_V_SA +0.936 * P[NBK11B] +0.936 * P[NBKB3B] +0.936 * P[NBKW1S] +0.666 * P[NBL21L] +0.666 * P[NBSF1L] +0.666 * P[NBSF2S] +0.666 * P[NLMB1L] +0.232 * P[VART1A] +0.285 * P[VBGT1B] +0.285 * P[VBGT4B] +0.251 * P[VCWL1C] +0.41 * P[VHOG1K] +0.506 * P[VKGB3G] +0.506 * P[VKGP1K] +0.506 * P[VKGS1G] +0.506 * P[VKGS2C] +0.826 * P[VKMT1K] +0.538 * P[VKOT1K] +0.503 * P[VMRT1M] +0.503 * P[VMRT2M] +1 * P[VRCS1K] +1 * P[VRCS2Y] +0.868 * P[VWES1B] +0.868 * P[VWES2W] -1 * F[V-S-MNSP1] + Z_unrepresented <= RHS(t),Discretionary limit of 150 MW on Buronga to Bundey (6F) 330 kV Line (NSW to SA),Discretionary,True,Z includes unsupported non-energy/region terms if present; not assumed zero
VSA-upper-20260723T1610,V::S_SEVC1_SETB,V::S_SEVC1_SETB|2025-12-02|2,1 * F_V_SA +0.91 * P[SLBB3L] +0.84 * P[SMAY1] +1.01 * P[SMAY2] +1.01 * P[SMAY3W] +0.33 * P[SPEW1] +0.33 * P[SPEW2] +1.38 * P[SSGA1] +0.96 * P[SSNN1] + Z_unrepresented <= RHS(t),Out= South East one SVC (Both Black Range series caps I/S); Vic to SA Transient Stability limit for the loss of one South East-Tailem Bend 275kV line.,Transient Stability,True,Z includes unsupported non-energy/region terms if present; not assumed zero
VSA-upper-20260723T1610,V::N_NIL_V2,V::N_NIL_V2|2026-07-04|1,0.478 * F_V_SA -0.786 * P[NMUR8] -0.432 * P[VART1A] -0.432 * P[VBA23B] -0.432 * P[VBAW1Y] -0.432 * P[VBBT1B] -0.432 * P[VBBT2B] -0.432 * P[VBGT1B] -0.432 * P[VBGT4B] -0.432 * P[VCB33R] -0.432 * P[VCWL1C] -0.896 * P[VDPS] -0.432 * P[VELT1M] -0.432 * P[VELT2M] -0.432 * P[VELT3E] -0.432 * P[VGN21G] -0.432 * P[VGN61M] -0.432 * P[VGNS1G] -0.432 * P[VGNS2W] -0.432 * P[VGTW1M] -0.432 * P[VHOG1K] -0.432 * P[VHW23H] -0.432 * P[VKGB3G] -0.432 * P[VKGP1K] -0.432 * P[VKGS1G] -0.432 * P[VKGS2C] -0.432 * P[VKMT1K] -0.432 * P[VKOT1K] -0.896 * P[VMKP1] -0.432 * P[VMLB3V] -0.432 * P[VMRT1M] -0.432 * P[VMRT2M] -0.432 * P[VMWT12] -0.432 * P[VMWT9B] -0.432 * P[VRCS1K] -0.432 * P[VRCS2Y] -0.432 * P[VSHS1N] -0.432 * P[VSHS2G] -0.432 * P[VSHS2W] -0.432 * P[VSHS3L] -0.432 * P[VSM71C] -0.432 * P[VTB21M] -0.432 * P[VTG21M] -0.432 * P[VTG31T] -0.432 * P[VTG61S] -0.432 * P[VTGT3A] -0.432 * P[VTR11H] -0.432 * P[VTR31R] -0.432 * P[VTRT1M] -0.432 * P[VWES1B] -0.432 * P[VWES2W] -0.896 * P[VWKP1] -0.36 * P[VYP22] -0.36 * P[VYP23] -0.36 * P[VYP24] -0.398 * F[T-V-MNSP1] +0.492 * F[V-S-MNSP1] +1 * F[VIC1-NSW1] + Z_unrepresented <= RHS(t),"Out = NIL, prevent transient instability for fault and trip of a HWTS-SMTS 500 kV line, VIC accelerates. Yallourn W G1 on 500kV.",Transient Stability,True,Z includes unsupported non-energy/region terms if present; not assumed zero
VSA-upper-20260802T0900,V_S_HEYWOOD_UFLS,V_S_HEYWOOD_UFLS|2024-10-08|1,1 * F_V_SA + Z_unrepresented <= RHS(t),"Out= Nil, Limit Heywood flows when SA under frequency load shedding (UFLS) is insufficient (i.e. when UFLS blocks in SA <1000 MW) to manage for double-circuit loss of Heywood IC. Note: Constraint is swamped if UFLS blocks >= 1000 MW.",Other,True,Z includes unsupported non-energy/region terms if present; not assumed zero
VSA-upper-20260802T0900,I_6F_NS_150,I_6F_NS_150|2026-07-04|1,0.999 * F_V_SA +0.936 * P[NBK11B] +0.936 * P[NBKB3B] +0.936 * P[NBKW1S] +0.666 * P[NBL21L] +0.666 * P[NBSF1L] +0.666 * P[NBSF2S] +0.666 * P[NLMB1L] +0.232 * P[VART1A] +0.285 * P[VBGT1B] +0.285 * P[VBGT4B] +0.251 * P[VCWL1C] +0.41 * P[VHOG1K] +0.506 * P[VKGB3G] +0.506 * P[VKGP1K] +0.506 * P[VKGS1G] +0.506 * P[VKGS2C] +0.826 * P[VKMT1K] +0.538 * P[VKOT1K] +0.503 * P[VMRT1M] +0.503 * P[VMRT2M] +1 * P[VRCS1K] +1 * P[VRCS2Y] +0.868 * P[VWES1B] +0.868 * P[VWES2W] -1 * F[V-S-MNSP1] + Z_unrepresented <= RHS(t),Discretionary limit of 150 MW on Buronga to Bundey (6F) 330 kV Line (NSW to SA),Discretionary,True,Z includes unsupported non-energy/region terms if present; not assumed zero
VSA-upper-20260818T1655,I_6F_NS_150,I_6F_NS_150|2026-07-04|1,0.999 * F_V_SA +0.936 * P[NBK11B] +0.936 * P[NBKB3B] +0.936 * P[NBKW1S] +0.666 * P[NBL21L] +0.666 * P[NBSF1L] +0.666 * P[NBSF2S] +0.666 * P[NLMB1L] +0.232 * P[VART1A] +0.285 * P[VBGT1B] +0.285 * P[VBGT4B] +0.251 * P[VCWL1C] +0.41 * P[VHOG1K] +0.506 * P[VKGB3G] +0.506 * P[VKGP1K] +0.506 * P[VKGS1G] +0.506 * P[VKGS2C] +0.826 * P[VKMT1K] +0.538 * P[VKOT1K] +0.503 * P[VMRT1M] +0.503 * P[VMRT2M] +1 * P[VRCS1K] +1 * P[VRCS2Y] +0.868 * P[VWES1B] +0.868 * P[VWES2W] -1 * F[V-S-MNSP1] + Z_unrepresented <= RHS(t),Discretionary limit of 150 MW on Buronga to Bundey (6F) 330 kV Line (NSW to SA),Discretionary,True,Z includes unsupported non-energy/region terms if present; not assumed zero
VSA-upper-20260818T1655,V::N_NIL_V1,V::N_NIL_V1|2026-07-04|1,0.478 * F_V_SA -0.786 * P[NMUR8] -0.432 * P[VART1A] -0.432 * P[VBA23B] -0.432 * P[VBAW1Y] -0.432 * P[VBBT1B] -0.432 * P[VBBT2B] -0.432 * P[VBGT1B] -0.432 * P[VBGT4B] -0.432 * P[VCB33R] -0.432 * P[VCWL1C] -0.896 * P[VDPS] -0.432 * P[VELT1M] -0.432 * P[VELT2M] -0.432 * P[VELT3E] -0.432 * P[VGN21G] -0.432 * P[VGN61M] -0.432 * P[VGNS1G] -0.432 * P[VGNS2W] -0.432 * P[VGTW1M] -0.432 * P[VHOG1K] -0.432 * P[VHW23H] -0.432 * P[VKGB3G] -0.432 * P[VKGP1K] -0.432 * P[VKGS1G] -0.432 * P[VKGS2C] -0.432 * P[VKMT1K] -0.432 * P[VKOT1K] -0.896 * P[VMKP1] -0.432 * P[VMLB3V] -0.432 * P[VMRT1M] -0.432 * P[VMRT2M] -0.432 * P[VMWT12] -0.432 * P[VMWT9B] -0.432 * P[VRCS1K] -0.432 * P[VRCS2Y] -0.432 * P[VSHS1N] -0.432 * P[VSHS2G] -0.432 * P[VSHS2W] -0.432 * P[VSHS3L] -0.432 * P[VSM71C] -0.432 * P[VTB21M] -0.432 * P[VTG21M] -0.432 * P[VTG31T] -0.432 * P[VTG61S] -0.432 * P[VTGT3A] -0.432 * P[VTR11H] -0.432 * P[VTR31R] -0.432 * P[VTRT1M] -0.432 * P[VWES1B] -0.432 * P[VWES2W] -0.896 * P[VWKP1] -0.36 * P[VYP21] -0.36 * P[VYP22] -0.36 * P[VYP23] -0.36 * P[VYP24] -0.398 * F[T-V-MNSP1] +0.492 * F[V-S-MNSP1] +1 * F[VIC1-NSW1] + Z_unrepresented <= RHS(t),"Out = NIL, prevent transient instability for fault and trip of a HWTS-SMTS 500 kV line, VIC accelerates. Yallourn W G1 on 220kV.",Transient Stability,True,Z includes unsupported non-energy/region terms if present; not assumed zero
